page,region,label,taux_pauvrete,vulnerabilite,severite,inegalite,idh,ids
16,OUED ED DAHAB-LAGOUIRA,Aousserd Zoug,13.28,17.68,1.46,38.93,0.622,0.966
16,OUED ED DAHAB-LAGOUIRA,Aousserd Tichla,11.35,16.22,1.47,35.99,0.667,0.964
16,OUED ED DAHAB-LAGOUIRA,Oued-Ed-Dahab Mijik,9.73,12.03,0.99,37.19,0.675,1.0
16,OUED ED DAHAB-LAGOUIRA,Aousserd Aghouinite,8.0,10.66,1.01,25.37,0.698,1.0
16,OUED ED DAHAB-LAGOUIRA,Aousserd Aousserd,5.73,7.98,0.63,45.22,0.588,0.773
16,OUED ED DAHAB-LAGOUIRA,Oued-Ed-Dahab Bir Anzarane,3.9,6.21,0.41,38.1,0.713,0.938
16,OUED ED DAHAB-LAGOUIRA,Oued-Ed-Dahab Dakhla (M),3.07,5.19,0.37,44.19,0.743,
16,OUED ED DAHAB-LAGOUIRA,Oued-Ed-Dahab Gleibat El Foula,2.39,4.42,0.29,30.19,0.724,0.949
16,OUED ED DAHAB-LAGOUIRA,Oued-Ed-Dahab Oum Dreyga,1.5,4.03,0.12,33.06,0.647,0.967
16,OUED ED DAHAB-LAGOUIRA,Aousserd Lagouira (M),0.95,1.65,0.08,35.73,0.74,
16,OUED ED DAHAB-LAGOUIRA,Aousserd Bir Gandouz,0.09,0.24,0.01,35.37,0.794,0.322
16,OUED ED DAHAB-LAGOUIRA,Oued-Ed-Dahab Imlili,0.04,0.26,0.0,33.82,0.772,0.352
16,OUED ED DAHAB-LAGOUIRA,Oued-Ed-Dahab El Argoub,0.03,0.21,0.0,35.48,0.814,0.493
16,OUED ED DAHAB-LAGOUIRA,"Notation : Dans ce tableau et les tableaux suivants, le signe - indique que la commune urbaine ou celui-ci étant, par définition, spécifique au monde rural. communaux de de la Laayoune Tah",42.96,27.06,6.26,33.07,0.552,0.168
16,OUED ED DAHAB-LAGOUIRA,Laayoune Akhfennir,15.09,18.04,1.76,41.18,0.635,0.534
16,OUED ED DAHAB-LAGOUIRA,Laayoune Tarfaya (M),8.1,11.53,1.08,43.13,0.676,
16,OUED ED DAHAB-LAGOUIRA,Laayoune Boukraa,7.58,11.12,0.79,42.14,0.684,0.902
16,OUED ED DAHAB-LAGOUIRA,Laayoune Laayoune (M),6.29,9.17,0.84,42.03,0.712,
16,OUED ED DAHAB-LAGOUIRA,Boujdour Boujdour (M),6.08,9.56,0.8,42.11,0.687,
16,OUED ED DAHAB-LAGOUIRA,Laayoune Daoura,5.28,8.94,0.5,37.11,0.598,0.432
16,OUED ED DAHAB-LAGOUIRA,Laayoune Dcheira,4.74,7.8,0.47,39.92,0.64,0.855
16,OUED ED DAHAB-LAGOUIRA,Laayoune El Hagounia,3.66,6.15,0.4,42.83,0.765,0.992
16,OUED ED DAHAB-LAGOUIRA,Laayoune El Marsa (M),3.1,4.26,0.42,50.03,0.798,
16,OUED ED DAHAB-LAGOUIRA,Laayoune Foum El Oued,1.62,3.57,0.11,38.48,0.738,0.521
16,OUED ED DAHAB-LAGOUIRA,Boujdour Gueltat Zemmour,0.3,0.45,0.0,25.45,0.434,0.467
16,OUED ED DAHAB-LAGOUIRA,Boujdour Jraifia,0.0,0.26,0.0,33.52,0.578,0.354
16,OUED ED DAHAB-LAGOUIRA,Boujdour Lamssid,0.0,0.0,0.0,30.63,0.628,0.362
17,GUELMIM -ES SEMARA,Tan-Tan Ben Khlil,44.62,25.22,6.48,26.59,0.463,0.061
17,GUELMIM -ES SEMARA,Tata Allougoum,40.31,24.1,6.03,36.78,0.502,0.586
17,GUELMIM -ES SEMARA,Guelmim Echatea El Abied,38.5,26.69,5.26,33.03,0.469,0.035
17,GUELMIM -ES SEMARA,Tata Tlite,38.09,26.32,5.49,34.72,0.507,0.483
17,GUELMIM -ES SEMARA,Tata Akka (M),38.03,22.76,6.46,41.17,0.632,
17,GUELMIM -ES SEMARA,Tata Akka Ighane,36.33,25.17,5.4,38.52,0.512,0.779
17,GUELMIM -ES SEMARA,Tan-Tan Msied,35.44,22.74,5.42,37.94,0.488,0.463
17,GUELMIM -ES SEMARA,Tata Kasbat Sidi Abdellah Ben M.,34.31,27.2,4.72,35.63,0.54,0.432
17,GUELMIM -ES SEMARA,Guelmim Taghjijt,31.05,23.52,4.28,41.51,0.517,0.605
17,GUELMIM -ES SEMARA,Tata Ait Ouabelli,27.7,24.04,3.61,39.25,0.608,0.707
17,GUELMIM -ES SEMARA,Guelmim Ait Boufoulen,27.56,25.82,3.63,33.7,0.523,0.27
17,GUELMIM -ES SEMARA,Tata Tissint,27.4,25.42,3.63,38.23,0.542,0.738
17,GUELMIM -ES SEMARA,Guelmim Aday,23.54,22.02,3.07,43.77,0.632,0.786
17,GUELMIM -ES SEMARA,Tan-Tan Abteh,23.39,20.8,3.11,42.72,0.397,0.467
17,GUELMIM -ES SEMARA,Guelmim Rass Oumlil,23.12,25.89,2.66,40.5,0.566,0.215
17,GUELMIM -ES SEMARA,Guelmim Tiglit,22.36,23.21,2.6,30.0,0.374,0.029
17,GUELMIM -ES SEMARA,Tata Tamanarte,22.27,21.92,2.84,42.54,0.528,0.649
17,GUELMIM -ES SEMARA,Tata Tagmout,22.13,23.31,2.78,41.02,0.559,0.642
17,GUELMIM -ES SEMARA,Tata Tata (M),21.83,19.99,3.27,44.14,0.668,
17,GUELMIM -ES SEMARA,Tata Tizaghte,20.64,22.4,2.51,40.41,0.582,0.452
17,GUELMIM -ES SEMARA,Tata Ibn Yacoub,19.04,20.85,2.39,37.94,0.496,0.426
17,GUELMIM -ES SEMARA,Tata Issafen,18.62,19.66,2.28,44.33,0.59,0.5
17,GUELMIM -ES SEMARA,Guelmim Ifrane Atlas Saghir,18.56,20.57,2.29,42.07,0.622,0.842
17,GUELMIM -ES SEMARA,Tata Oum El Guerdane,18.04,21.34,2.25,36.82,0.592,0.581
17,GUELMIM -ES SEMARA,Guelmim Tagante,17.71,20.08,2.12,39.86,0.607,0.861
17,GUELMIM -ES SEMARA,Guelmim Taghjijt (AC),17.46,19.07,2.45,39.19,0.636,
17,GUELMIM -ES SEMARA,Guelmim Amtdi,17.18,19.57,2.06,39.67,0.564,0.603
17,GUELMIM -ES SEMARA,Tata Tizounine,17.05,22.62,2.08,36.09,0.606,0.874
17,GUELMIM -ES SEMARA,Guelmim Aferkat,16.9,20.07,1.97,36.24,0.508,0.388
17,GUELMIM -ES SEMARA,Tata Foum Zguid (M),16.74,18.18,2.47,39.55,0.611,
17,GUELMIM -ES SEMARA,Tan-Tan Tilemzoun,16.09,19.87,1.84,38.54,0.46,0.475
17,GUELMIM -ES SEMARA,Assa-Zag Aouint Lahna,16.02,17.22,2.15,45.29,0.602,0.328
17,GUELMIM -ES SEMARA,Tata Fam El Hisn (M),15.95,19.26,2.17,40.32,0.62,
17,GUELMIM -ES SEMARA,Tata Aguinane,13.82,18.21,1.6,42.21,0.616,0.493
17,GUELMIM -ES SEMARA,Guelmim Timoulay,12.56,16.28,1.41,42.77,0.614,0.786
17,GUELMIM -ES SEMARA,Es-Semara Jdiriya,11.56,13.95,1.32,39.5,0.656,0.81
17,GUELMIM -ES SEMARA,Tata Tigzmerte,10.83,14.86,1.16,39.55,0.638,0.682
17,GUELMIM -ES SEMARA,Guelmim Bouizakarne (M),9.95,12.97,1.36,42.05,0.711,
17,GUELMIM -ES SEMARA,Tata Adis,8.67,13.4,0.92,37.48,0.647,0.907
17,GUELMIM -ES SEMARA,Tan-Tan Tan Tan (M),7.65,11.12,1.03,41.76,0.693,
17,GUELMIM -ES SEMARA,Guelmim Guelmim (M),7.32,10.27,0.98,41.62,0.686,
18,GUELMIM -ES SEMARA,Assa-Zag Assa (M),7.23,10.93,0.93,40.75,0.687,
18,GUELMIM -ES SEMARA,Assa-Zag Touizgui,7.13,8.36,0.76,27.25,0.553,0.928
18,GUELMIM -ES SEMARA,Guelmim Targa Wassay,7.12,13.34,0.71,35.47,0.614,0.624
18,GUELMIM -ES SEMARA,Tan-Tan Chbika,6.8,12.36,0.69,38.89,0.471,0.258
18,GUELMIM -ES SEMARA,Assa-Zag Labouirat,6.76,8.45,0.89,24.81,0.545,0.652
18,GUELMIM -ES SEMARA,Guelmim Fask,6.42,10.07,0.62,41.29,0.656,0.796
18,GUELMIM -ES SEMARA,Guelmim Labyar,5.44,7.41,0.53,39.4,0.684,0.762
18,GUELMIM -ES SEMARA,Assa-Zag Zag (M),5.11,8.34,0.67,37.98,0.729,
18,GUELMIM -ES SEMARA,Es-Semara Haouza,4.85,8.23,0.45,39.58,0.635,0.924
18,GUELMIM -ES SEMARA,Es-Semara Es-semara (M),4.59,7.42,0.58,41.24,0.719,
18,GUELMIM -ES SEMARA,Guelmim Asrir,4.58,8.2,0.43,42.46,0.678,0.686
18,GUELMIM -ES SEMARA,Guelmim Abaynou,4.41,7.77,0.43,41.23,0.656,0.763
18,GUELMIM -ES SEMARA,Assa-Zag Aouint Yghomane,4.38,7.94,0.39,44.16,0.651,0.331
18,GUELMIM -ES SEMARA,Es-Semara Sidi Ahmed Laaroussi,4.04,7.12,0.36,45.54,0.473,0.82
18,GUELMIM -ES SEMARA,Es-Semara Tifariti,3.75,5.48,0.38,46.13,0.751,0.962
18,GUELMIM -ES SEMARA,Guelmim Taliouine Assaka,1.22,2.47,0.08,40.75,0.725,0.935
18,GUELMIM -ES SEMARA,Assa-Zag Al Mahbass,0.97,1.94,0.03,30.1,0.787,0.547
18,GUELMIM -ES SEMARA,Tan-Tan El Ouatia (M),0.5,0.89,0.05,36.67,0.871,
18,GUELMIM -ES SEMARA,Guelmim Laqsabi Tagoust,0.25,0.57,0.02,41.07,0.749,0.741
18,GUELMIM -ES SEMARA,Es-Semara Amgala,0.04,0.1,0.0,35.59,0.826,0.7
19,SOUS-MASSA-DAR,Vulné- de la Zagora Bleida,60.26,21.42,10.87,34.14,0.418,0.322
19,SOUS-MASSA-DAR,Zagora Errouha,54.07,25.24,8.72,32.42,0.468,0.338
19,SOUS-MASSA-DAR,Taroudannt Sidi Ahmed Ou Abdallah,51.23,24.46,8.07,39.87,0.482,0.214
19,SOUS-MASSA-DAR,Ouarzazate Ikniouen,49.99,25.38,7.81,35.2,0.487,0.202
19,SOUS-MASSA-DAR,Taroudannt Tafraouten,48.57,24.48,7.76,37.82,0.477,0.161
19,SOUS-MASSA-DAR,Ouarzazate Imider,47.23,23.99,7.87,37.84,0.523,0.696
19,SOUS-MASSA-DAR,Taroudannt Nihit,47.18,23.25,7.84,40.65,0.545,0.445
19,SOUS-MASSA-DAR,Ouarzazate Imi N'Oulaoune,46.64,26.19,6.93,35.61,0.424,0.283
19,SOUS-MASSA-DAR,Zagora N'Kob,46.24,24.28,7.31,38.39,0.492,0.596
19,SOUS-MASSA-DAR,Zagora Bouzeroual,45.39,27.76,6.58,33.3,0.489,0.527
19,SOUS-MASSA-DAR,Chtouka- Ait Baha Tassegdelt,44.66,25.6,6.86,36.1,0.426,0.307
19,SOUS-MASSA-DAR,Zagora Ternata,44.55,27.8,6.48,34.11,0.532,0.749
19,SOUS-MASSA-DAR,Taroudannt Imilmaiss,44.24,26.47,6.45,35.52,0.362,0.178
19,SOUS-MASSA-DAR,Zagora Ait Ouallal,44.22,26.35,6.64,36.76,0.495,0.616
19,SOUS-MASSA-DAR,Taroudannt Toughmart,43.94,25.2,6.59,38.58,0.492,0.154
19,SOUS-MASSA-DAR,Ouarzazate Ouaklim,43.77,25.35,6.73,37.3,0.47,0.548
19,SOUS-MASSA-DAR,Zagora Taghbalte,41.17,27.51,5.96,34.43,0.507,0.619
19,SOUS-MASSA-DAR,Taroudannt El Faid,40.81,26.57,5.77,35.68,0.484,0.252
19,SOUS-MASSA-DAR,Zagora Fezouata,40.64,27.46,5.85,33.33,0.523,0.702
19,SOUS-MASSA-DAR,Taroudannt Ida Ou Gailal,40.53,27.07,5.65,35.66,0.49,0.133
19,SOUS-MASSA-DAR,Taroudannt Taliouine (M),40.32,20.86,7.86,44.48,0.575,
19,SOUS-MASSA-DAR,Zagora Bni Zoli,40.01,29.32,5.36,33.71,0.521,0.562
19,SOUS-MASSA-DAR,Taroudannt Assads,39.98,26.66,5.87,35.71,0.505,0.295
19,SOUS-MASSA-DAR,Tiznit Tioughza,39.79,25.43,6.01,38.56,0.5,0.444
19,SOUS-MASSA-DAR,Zagora Tinzouline,39.69,28.59,5.52,34.25,0.517,0.763
19,SOUS-MASSA-DAR,Zagora Ktaoua,39.63,27.82,5.68,35.07,0.548,0.584
19,SOUS-MASSA-DAR,Tiznit Tighirt,39.61,25.17,5.88,38.22,0.535,0.533
19,SOUS-MASSA-DAR,Taroudannt Toumliline,39.53,24.75,5.66,43.2,0.449,0.095
19,SOUS-MASSA-DAR,Taroudannt Azrar,39.49,27.22,5.54,34.37,0.386,0.258
19,SOUS-MASSA-DAR,Taroudannt Bigoudine,39.29,25.75,5.83,38.06,0.473,0.324
19,SOUS-MASSA-DAR,Taroudannt Talmakante,39.08,26.1,5.59,37.4,0.437,0.185
19,SOUS-MASSA-DAR,Taroudannt Oualqadi,38.94,25.78,5.68,40.76,0.435,0.317
19,SOUS-MASSA-DAR,Zagora Afra,38.82,27.72,5.55,35.28,0.489,0.702
19,SOUS-MASSA-DAR,Tiznit Boutrouch,38.66,25.54,5.69,38.93,0.529,0.301
19,SOUS-MASSA-DAR,Taroudannt Talgjount,38.39,27.0,5.52,36.2,0.532,0.186
19,SOUS-MASSA-DAR,Taroudannt Tamaloukte,38.2,25.95,5.46,37.62,0.554,0.454
19,SOUS-MASSA-DAR,Taroudannt Ait Makhlouf,38.16,27.07,5.27,37.81,0.508,0.353
19,SOUS-MASSA-DAR,Tiznit Mesti,38.05,26.75,5.52,39.96,0.553,0.376
19,SOUS-MASSA-DAR,Tiznit Imi N'Fast,38.04,26.28,5.43,36.03,0.522,0.215
19,SOUS-MASSA-DAR,Zagora Tamegroute,38.04,28.39,5.23,35.1,0.503,0.706
19,SOUS-MASSA-DAR,Tiznit Sidi M'Bark,37.93,25.91,5.52,38.4,0.493,0.193
19,SOUS-MASSA-DAR,Taroudannt Sidi Ouaaziz,37.83,27.64,5.22,35.48,0.527,0.421
19,SOUS-MASSA-DAR,Zagora Tamezmoute,37.76,28.05,5.29,36.45,0.53,0.779
20,SOUS-MASSA-DAR,Vulné- de la Taroudannt Adar,37.41,25.79,5.37,39.98,0.502,0.324
20,SOUS-MASSA-DAR,Tiznit Tnine Amellou,37.21,25.85,5.44,37.63,0.546,0.33
20,SOUS-MASSA-DAR,Taroudannt Tizi N'Test,36.9,27.29,5.02,35.31,0.417,0.112
20,SOUS-MASSA-DAR,Taroudannt Tisrasse,36.44,27.08,5.05,35.25,0.475,0.301
20,SOUS-MASSA-DAR,Ouarzazate Ghassate,36.41,26.44,5.13,36.51,0.491,0.529
20,SOUS-MASSA-DAR,Taroudannt Toubkal,36.34,26.9,4.98,36.15,0.414,0.303
20,SOUS-MASSA-DAR,Taroudannt Ouzioua,36.31,26.15,5.24,38.58,0.482,0.44
20,SOUS-MASSA-DAR,Taroudannt Sidi Abdellah Ou Said,36.03,27.96,4.95,34.66,0.424,0.15
20,SOUS-MASSA-DAR,Taroudannt Ouneine,35.88,27.65,4.94,36.11,0.501,0.321
20,SOUS-MASSA-DAR,Taroudannt Toufelaazt,35.68,26.94,4.99,37.95,0.545,0.154
20,SOUS-MASSA-DAR,Taroudannt Tizgzaouine,35.07,26.05,4.94,36.72,0.512,0.286
20,SOUS-MASSA-DAR,Zagora Mezguita,35.03,28.19,4.76,35.32,0.558,0.687
20,SOUS-MASSA-DAR,Zagora Tansifte,34.8,24.95,4.96,38.91,0.553,0.749
20,SOUS-MASSA-DAR,Taroudannt Sidi Boaal,34.73,25.97,4.93,38.01,0.474,0.413
20,SOUS-MASSA-DAR,Taroudannt Agadir Melloul,34.59,26.21,4.65,38.75,0.463,0.398
20,SOUS-MASSA-DAR,Ouarzazate Ighil N'Oumgoun,34.34,28.72,4.49,35.43,0.435,0.203
20,SOUS-MASSA-DAR,Taroudannt Tigouga,34.22,27.95,4.44,34.23,0.441,0.071
20,SOUS-MASSA-DAR,Tiznit Tangarfa,33.61,26.15,4.67,37.85,0.568,0.174
20,SOUS-MASSA-DAR,Tiznit Arbaa Ait Ahmed,33.4,25.44,4.62,40.36,0.554,0.243
20,SOUS-MASSA-DAR,Taroudannt Taouyalte,33.25,27.86,4.3,35.69,0.482,0.355
20,SOUS-MASSA-DAR,Taroudannt Iguidi,33.21,27.56,4.39,35.56,0.527,0.219
20,SOUS-MASSA-DAR,Taroudannt Arazane,33.02,26.69,4.55,36.48,0.509,0.628
20,SOUS-MASSA-DAR,Taroudannt Tisfane,32.89,25.64,4.42,40.53,0.47,0.263
20,SOUS-MASSA-DAR,Zagora M'Hamid El Ghizlane,32.78,26.25,4.62,37.96,0.501,0.873
20,SOUS-MASSA-DAR,Taroudannt Argana,32.76,25.75,4.46,39.75,0.523,0.223
20,SOUS-MASSA-DAR,Taroudannt Assaki,32.63,27.09,4.33,37.3,0.541,0.4
20,SOUS-MASSA-DAR,Tiznit Anzi,32.37,26.12,4.42,39.86,0.551,0.561
20,SOUS-MASSA-DAR,Ouarzazate Tilmi,31.82,26.3,4.18,38.49,0.49,0.445
20,SOUS-MASSA-DAR,Ouarzazate Ait Sedrate Jbel EL Soufl,31.78,26.95,4.43,37.19,0.472,0.837
20,SOUS-MASSA-DAR,Taroudannt Sidi Hsaine,31.68,26.02,4.28,36.93,0.499,0.492
20,SOUS-MASSA-DAR,Tiznit Sidi Bouabdelli,31.29,25.57,4.25,37.14,0.526,0.288
20,SOUS-MASSA-DAR,Taroudannt Amalou,31.28,26.02,4.09,38.59,0.482,0.133
20,SOUS-MASSA-DAR,Ouarzazate Ait El Farsi,31.12,25.13,4.31,38.29,0.552,0.501
20,SOUS-MASSA-DAR,Taroudannt Ida Ougoummad,31.06,26.2,4.16,37.68,0.596,0.496
20,SOUS-MASSA-DAR,Chtouka- Ait Baha Ait Ouadrim,31.0,25.63,4.08,39.08,0.493,0.283
20,SOUS-MASSA-DAR,Taroudannt Eddir,30.97,27.46,3.95,34.88,0.503,0.25
20,SOUS-MASSA-DAR,Taroudannt Imoulass,30.87,25.92,4.06,38.97,0.499,0.203
20,SOUS-MASSA-DAR,Ouarzazate Tidli,30.76,26.13,4.01,37.51,0.478,0.47
20,SOUS-MASSA-DAR,Zagora Tazarine,30.49,25.37,4.04,39.87,0.582,0.688
20,SOUS-MASSA-DAR,Taroudannt Imaouen,30.38,25.71,4.05,39.34,0.474,0.232
20,SOUS-MASSA-DAR,Chtouka- Ait Baha Sidi Abdallah El Bouchoua,30.32,25.75,4.05,40.66,0.415,0.295
20,SOUS-MASSA-DAR,Zagora Ait Boudaoud,30.3,25.75,4.12,35.06,0.562,0.77
21,SOUS-MASSA-DAR,Vulné- de la Ouarzazate Taghzoute N'Ait Atta,30.29,26.05,4.12,40.46,0.555,0.604
21,SOUS-MASSA-DAR,Taroudannt Sidi Mzal,30.26,25.97,4.09,40.18,0.503,0.444
21,SOUS-MASSA-DAR,Ouarzazate Ait Sedrate Jbel El Oulia,29.99,26.3,4.02,35.56,0.493,0.766
21,SOUS-MASSA-DAR,Tiznit Tarsouat,29.89,23.8,4.19,44.62,0.584,0.565
21,SOUS-MASSA-DAR,Agadir-Ida Ou Tanan Aqesri,29.84,26.38,4.04,37.16,0.516,0.432
21,SOUS-MASSA-DAR,Taroudannt Tabia,29.72,25.52,3.95,39.28,0.556,0.141
21,SOUS-MASSA-DAR,Chtouka- Ait Baha Aouguenz,29.68,24.86,4.01,41.8,0.448,0.344
21,SOUS-MASSA-DAR,Tiznit Arbaa Ait Abdellah,29.5,26.4,3.69,35.65,0.5,0.13
21,SOUS-MASSA-DAR,Zagora Taftechna,29.09,26.66,3.84,33.45,0.52,0.575
21,SOUS-MASSA-DAR,Ouarzazate Ait Youl,29.01,24.39,3.94,39.25,0.585,0.828
21,SOUS-MASSA-DAR,Tiznit Ait Ouafqa,28.98,24.17,3.93,42.37,0.508,0.578
21,SOUS-MASSA-DAR,Ouarzazate M'Semrir,28.8,27.04,3.87,38.3,0.533,0.733
21,SOUS-MASSA-DAR,Agadir-Ida Ou Tanan Drargua,28.39,26.23,3.69,37.68,0.508,0.718
21,SOUS-MASSA-DAR,Agadir-Ida Ou Tanan Imouzzer,28.27,25.94,3.69,37.92,0.528,0.311
21,SOUS-MASSA-DAR,Agadir-Ida Ou Tanan Imsouane,28.25,26.35,3.66,36.92,0.541,0.484
21,SOUS-MASSA-DAR,Ouarzazate Skoura Ahl El Oust,28.19,26.23,3.77,37.81,0.583,0.438
21,SOUS-MASSA-DAR,Taroudannt Azaghar N'Irs,28.15,24.52,3.71,39.87,0.521,0.309
21,SOUS-MASSA-DAR,Ouarzazate Toudgha Essoufla,28.12,25.92,3.71,40.44,0.585,0.674
21,SOUS-MASSA-DAR,Taroudannt Ida Ou Moumen,28.08,27.09,3.44,34.24,0.548,0.288
21,SOUS-MASSA-DAR,Agadir-Ida Ou Tanan Tiqqi,28.0,26.11,3.54,37.89,0.5,0.315
21,SOUS-MASSA-DAR,Taroudannt Zagmouzen,27.91,26.4,3.53,35.81,0.453,0.324
21,SOUS-MASSA-DAR,Tiznit Sidi H'Saine Ou Ali,27.76,23.93,3.8,40.44,0.5,0.374
21,SOUS-MASSA-DAR,Tiznit Ida Ou Gougmar,27.7,24.73,3.54,44.17,0.544,0.451
21,SOUS-MASSA-DAR,Tiznit Sidi Ahmed Ou Moussa,27.53,23.41,3.69,41.69,0.608,0.519
21,SOUS-MASSA-DAR,Chtouka- Ait Baha Hilala,27.4,25.18,3.56,37.69,0.448,0.213
21,SOUS-MASSA-DAR,Ouarzazate Aznaguen,27.34,26.53,3.44,37.29,0.486,0.53
21,SOUS-MASSA-DAR,Chtouka- Ait Baha Sidi Boushab,27.28,25.52,3.53,38.0,0.53,0.548
21,SOUS-MASSA-DAR,Tiznit Ait Erkha,27.17,24.18,3.5,36.92,0.512,0.378
21,SOUS-MASSA-DAR,Tiznit Mirleft,27.16,24.45,3.53,43.73,0.549,0.61
21,SOUS-MASSA-DAR,Tiznit Ait Issafen,27.03,24.52,3.48,38.98,0.511,0.395
21,SOUS-MASSA-DAR,Taroudannt Lamnizla,26.47,24.69,3.41,36.75,0.567,0.284
21,SOUS-MASSA-DAR,Tiznit Sebt Ennabour,26.39,25.38,3.36,37.84,0.532,0.211
21,SOUS-MASSA-DAR,Taroudannt Aoulouz,26.37,25.97,3.32,38.48,0.53,0.428
21,SOUS-MASSA-DAR,Zagora Afella N'Dra,26.36,27.24,3.22,34.08,0.533,0.532
21,SOUS-MASSA-DAR,Zagora Tagounite,26.0,26.49,3.29,38.59,0.603,0.712
22,SOUS-MASSA-DAR,Vulné- de la Tiznit Sidi Abdallah Ou Belaid,25.79,24.94,3.33,38.13,0.528,0.29
22,SOUS-MASSA-DAR,Tiznit Anfeg,25.74,25.51,3.24,38.73,0.425,0.361
22,SOUS-MASSA-DAR,Taroudannt Tiout,25.74,25.31,3.24,37.67,0.553,0.796
22,SOUS-MASSA-DAR,Taroudannt Lamhara,25.64,26.09,3.22,35.96,0.582,0.586
22,SOUS-MASSA-DAR,Taroudannt Ait Igas,25.55,27.03,3.22,35.01,0.561,0.506
22,SOUS-MASSA-DAR,Ouarzazate Toundoute,25.52,26.52,3.18,38.01,0.525,0.684
22,SOUS-MASSA-DAR,Agadir-Ida Ou Tanan Tamri,25.49,25.17,3.19,38.47,0.503,0.423
22,SOUS-MASSA-DAR,Ouarzazate Ighrem N'Ougdal,25.35,26.08,3.22,38.31,0.487,0.758
22,SOUS-MASSA-DAR,Taroudannt Bounrar,25.25,26.42,3.11,35.48,0.489,0.196
22,SOUS-MASSA-DAR,Taroudannt Tinzart,25.11,26.78,3.17,35.43,0.526,0.197
22,SOUS-MASSA-DAR,Ouarzazate Ait Sedrate Sahl Charkia,24.77,24.46,3.18,37.8,0.543,0.556
22,SOUS-MASSA-DAR,Ouarzazate Ait Ouassif,24.69,25.9,3.12,35.81,0.495,0.501
22,SOUS-MASSA-DAR,Tiznit Arbaa Sahel,24.62,24.72,3.13,39.27,0.562,0.614
22,SOUS-MASSA-DAR,Taroudannt Tazemmourt,24.16,25.95,3.01,35.39,0.565,0.651
22,SOUS-MASSA-DAR,Chtouka- Ait Baha Ait Mzal,23.83,23.91,3.09,38.57,0.502,0.433
22,SOUS-MASSA-DAR,Chtouka- Ait Baha Imi Mqourn,23.64,24.99,2.95,38.26,0.518,0.532
22,SOUS-MASSA-DAR,Ouarzazate Ait Sedrate Sahl El Gharbi,23.6,24.59,2.95,38.11,0.527,0.752
22,SOUS-MASSA-DAR,Tiznit Tassrirt,23.57,22.35,3.09,43.91,0.545,0.439
22,SOUS-MASSA-DAR,Taroudannt Ahmar Laglalcha,23.55,25.47,2.92,38.44,0.583,0.71
22,SOUS-MASSA-DAR,Tiznit Irigh N'Tahala,23.22,23.85,2.88,43.48,0.575,0.63
22,SOUS-MASSA-DAR,Taroudannt Igoudar Mnabha,23.13,25.84,2.83,36.54,0.591,0.55
22,SOUS-MASSA-DAR,Agadir-Ida Ou Tanan Amskroud,23.0,25.08,2.88,37.46,0.534,0.629
22,SOUS-MASSA-DAR,Taroudannt Irherm (M),22.75,19.57,3.58,40.82,0.575,
22,SOUS-MASSA-DAR,Taroudannt Assaisse,22.58,24.55,2.72,37.41,0.461,0.507
22,SOUS-MASSA-DAR,Taroudannt Tidsi Nissendalene,22.45,25.05,2.66,36.7,0.483,0.249
22,SOUS-MASSA-DAR,Ouarzazate Amerzgane,22.41,23.87,2.78,40.9,0.616,0.832
22,SOUS-MASSA-DAR,Taroudannt Tindine,22.18,25.59,2.62,37.08,0.434,0.097
22,SOUS-MASSA-DAR,Tiznit Tighmi,22.17,23.42,2.77,41.57,0.569,0.525
22,SOUS-MASSA-DAR,Taroudannt Tataoute,22.14,24.75,2.65,37.33,0.522,0.169
22,SOUS-MASSA-DAR,Inezgane- Ait Mellou Temsia,22.03,23.44,2.78,40.21,0.559,0.875
22,SOUS-MASSA-DAR,Chtouka- Ait Baha Ait Milk,21.95,23.32,2.71,39.43,0.557,0.39
22,SOUS-MASSA-DAR,Ouarzazate Khouzama,21.8,23.89,2.71,37.51,0.314,0.445
22,SOUS-MASSA-DAR,Taroudannt Ahl Tifnoute,21.45,24.27,2.56,36.78,0.413,0.24
22,SOUS-MASSA-DAR,Agadir-Ida Ou Tanan Tadrart,21.4,25.48,2.44,35.87,0.481,0.158
22,SOUS-MASSA-DAR,Taroudannt Issen,20.89,25.08,2.5,35.66,0.551,0.579
22,SOUS-MASSA-DAR,Taroudannt Sidi Dahmane,20.76,23.34,2.53,36.74,0.597,0.852
23,SOUS-MASSA-DAR,Vulné- de la Tiznit Tizoughrane,20.73,22.77,2.56,41.05,0.474,0.603
23,SOUS-MASSA-DAR,Taroudannt Sidi Moussa Lhamri,20.71,24.73,2.42,36.29,0.516,0.654
23,SOUS-MASSA-DAR,Tiznit Ibdar,20.68,22.83,2.5,40.77,0.548,0.5
23,SOUS-MASSA-DAR,Inezgane- Ait Melloul Oulad Dahou,20.49,23.9,2.49,38.01,0.585,0.903
23,SOUS-MASSA-DAR,Taroudannt Sidi Borja,20.46,24.23,2.52,35.93,0.55,0.799
23,SOUS-MASSA-DAR,Tiznit Ammelne,20.43,21.61,2.6,45.66,0.589,0.59
23,SOUS-MASSA-DAR,Taroudannt Askaouen,20.01,23.49,2.34,37.98,0.468,0.329
23,SOUS-MASSA-DAR,Taroudannt Zaouia Sidi Tahar,19.65,24.27,2.29,36.42,0.601,0.815
23,SOUS-MASSA-DAR,Ouarzazate Skoura (AC),19.23,18.9,2.82,41.26,0.694,
23,SOUS-MASSA-DAR,Inezgane- Ait Mellou Lqliaa,19.22,21.92,2.29,40.0,0.568,0.819
23,SOUS-MASSA-DAR,Tiznit Afella Ighir,19.2,21.02,2.36,43.2,0.544,0.47
23,SOUS-MASSA-DAR,Taroudannt Freija,18.83,23.74,2.17,35.82,0.515,0.912
23,SOUS-MASSA-DAR,Agadir-Ida Ou Tanan Idmine,18.81,24.14,2.15,34.58,0.503,0.716
23,SOUS-MASSA-DAR,Taroudannt Ait Abdallah,18.81,20.67,2.26,46.79,0.445,0.603
23,SOUS-MASSA-DAR,Taroudannt Oulad Aissa,18.69,22.84,2.2,37.73,0.612,0.723
23,SOUS-MASSA-DAR,Taroudannt Tassousfi,18.66,22.31,2.16,38.44,0.532,0.331
23,SOUS-MASSA-DAR,Taroudannt Imi N'Tayart,18.64,21.33,2.13,44.11,0.542,0.253
23,SOUS-MASSA-DAR,Taroudannt Igli,17.75,22.25,2.08,37.07,0.602,0.673
23,SOUS-MASSA-DAR,Ouarzazate Ouisselsate,17.75,21.82,2.06,38.06,0.573,0.701
23,SOUS-MASSA-DAR,Tiznit Bounaamane,17.7,21.32,2.07,40.41,0.599,0.48
23,SOUS-MASSA-DAR,Ouarzazate Telouet,17.66,22.86,2.09,37.51,0.493,0.609
23,SOUS-MASSA-DAR,Tiznit Arbaa Rasmouka,17.65,21.25,2.11,39.65,0.573,0.663
23,SOUS-MASSA-DAR,Ouarzazate Souk Lakhmis Dades,17.64,20.72,2.13,41.05,0.587,0.74
23,SOUS-MASSA-DAR,Taroudannt Tafingoult,17.55,22.09,1.99,37.48,0.528,0.303
23,SOUS-MASSA-DAR,Chtouka- Ait Baha Massa,17.52,20.73,2.09,40.85,0.636,0.733
23,SOUS-MASSA-DAR,Tiznit Tnine Aday,17.47,20.58,2.06,40.86,0.557,0.504
23,SOUS-MASSA-DAR,Chtouka- Ait Baha Belfaa,17.42,21.52,2.06,40.56,0.613,0.788
23,SOUS-MASSA-DAR,Chtouka- Ait Baha Inchaden,17.33,21.12,2.07,40.62,0.591,0.816
23,SOUS-MASSA-DAR,Chtouka- Ait Baha Ida Ougnidif,17.32,20.88,2.01,44.78,0.517,0.598
23,SOUS-MASSA-DAR,Tiznit Tafraout El Mouloud,17.3,20.56,2.02,44.48,0.481,0.545
23,SOUS-MASSA-DAR,Ouarzazate Siroua,17.27,22.01,1.92,36.72,0.394,0.65
23,SOUS-MASSA-DAR,Taroudannt Sidi Boumoussa,16.93,20.5,2.01,39.75,0.623,0.804
23,SOUS-MASSA-DAR,Taroudante Aoulouz (AC),16.79,19.04,2.41,41.33,0.633,
23,SOUS-MASSA-DAR,Chtouka- Ait Baha Targua Ntouchka,16.21,21.34,1.84,38.74,0.512,0.276
23,SOUS-MASSA-DAR,Ouarzazate Tabounte (AC),16.14,17.55,2.29,41.29,0.687,
23,SOUS-MASSA-DAR,Taroudannt Lagfifat,16.03,21.81,1.83,37.32,0.559,0.83
23,SOUS-MASSA-DAR,Taroudannt Lakhnafif,15.99,21.15,1.84,38.17,0.61,0.91
23,SOUS-MASSA-DAR,Tiznit Reggada,15.62,19.38,1.84,41.15,0.634,0.693
24,SOUS-MASSA-DAR,Vulné- de la Agadir-Ida Ou Tanan Aziar,15.57,21.48,1.72,36.25,0.458,0.208
24,SOUS-MASSA-DAR,Ouarzazate Ait Zineb,15.38,19.97,1.77,39.53,0.613,0.721
24,SOUS-MASSA-DAR,Inezgane ait melloul Lqliaa (AC),15.35,18.8,2.15,40.76,0.633,
24,SOUS-MASSA-DAR,AGADIR IDA OU TANANE Aourir (AC),15.24,17.03,2.24,40.9,0.64,
24,SOUS-MASSA-DAR,Tiznit Ouijjane,15.17,19.15,1.77,43.61,0.568,0.663
24,SOUS-MASSA-DAR,Ouarzazate Boumalne Dades (M),14.99,16.5,2.15,42.73,0.632,
24,SOUS-MASSA-DAR,Tiznit El Maader El Kabir,14.89,19.42,1.75,42.01,0.646,0.737
24,SOUS-MASSA-DAR,Taroudannt Lamhadi,14.79,20.5,1.7,36.17,0.603,0.804
24,SOUS-MASSA-DAR,Agadir-Ida Ou Tanan Aourir,14.6,17.49,1.71,44.92,0.635,0.59
24,SOUS-MASSA-DAR,Chtouka- Ait Baha Ouad Essafa,14.36,19.58,1.61,39.54,0.587,0.802
24,SOUS-MASSA-DAR,Ouarzazate Idelsane,14.26,20.18,1.62,37.64,0.619,0.831
24,SOUS-MASSA-DAR,Tiznit Tnine Aglou,14.25,18.14,1.65,42.64,0.623,0.72
24,SOUS-MASSA-DAR,Ouarzazate Kalaat M'Gouna (M),14.14,15.44,2.06,42.08,0.63,
24,SOUS-MASSA-DAR,Zagora Zagora (M),14.1,16.21,1.96,47.02,0.669,
24,SOUS-MASSA-DAR,Chtouka- Ait Baha Ait Amira,13.94,18.98,1.56,39.72,0.569,0.78
24,SOUS-MASSA-DAR,Ouarzazate Tarmigt,13.92,18.5,1.61,40.11,0.606,0.682
24,SOUS-MASSA-DAR,Inezgane Ait Melloul Temsia (AC),13.81,17.72,1.88,40.49,0.657,
24,SOUS-MASSA-DAR,Chtouka- Ait Baha Tanalt,13.7,18.58,1.6,42.92,0.506,0.404
24,SOUS-MASSA-DAR,Ouarzazate Tinghir (M),13.49,15.6,1.93,43.62,0.67,
24,SOUS-MASSA-DAR,Taroudannt Sidi Ahmed Ou Amar,13.28,19.27,1.47,37.74,0.604,0.781
24,SOUS-MASSA-DAR,Chtouka- Ait Baha Sidi Bibi,13.1,18.03,1.49,42.5,0.59,0.874
24,SOUS-MASSA-DAR,Taroudannt Ait Iaaza (M),12.03,15.54,1.64,40.21,0.663,
24,SOUS-MASSA-DAR,Agadir-Ida Ou Tanan Drargua Centre (AC),11.67,15.7,1.6,40.2,0.646,
24,SOUS-MASSA-DAR,Zagora Agdz (M),11.43,15.64,1.52,42.84,0.632,
24,SOUS-MASSA-DAR,Taroudannt Machraa El Ain,10.68,16.35,1.15,39.38,0.605,0.938
24,SOUS-MASSA-DAR,Zagora Oulad Yahia Lagraire,10.38,16.41,1.12,35.96,0.535,0.715
24,SOUS-MASSA-DAR,Taroudannt Oulad Berhil (M),10.37,14.06,1.39,41.86,0.656,
24,SOUS-MASSA-DAR,Agadir-Ida Ou Tanan Taghazout,10.24,15.83,1.08,39.05,0.6,0.397
24,SOUS-MASSA-DAR,Chtouka- Ait Baha Sidi Ouassay,9.84,14.32,1.07,43.4,0.659,0.8
24,SOUS-MASSA-DAR,Tiznit Sbouya,9.56,14.23,0.99,39.89,0.584,0.179
24,SOUS-MASSA-DAR,Chtouka- Ait Baha Tizi Ntakoucht,9.34,14.84,0.97,38.07,0.49,0.382
24,SOUS-MASSA-DAR,Ouarzazate Toudgha El Oulia,9.09,12.85,0.97,42.35,0.619,0.925
25,SOUS-MASSA-DAR,Vulné- de la Inezgane- Ait Mellou Ait Melloul (M),9.02,12.45,1.21,42.85,0.692,
25,SOUS-MASSA-DAR,Chtouka- Ait Baha Biougra (M),8.98,12.44,1.21,42.99,0.66,
25,SOUS-MASSA-DAR,Taroudannt El Koudia El Beida,8.33,13.76,0.84,38.15,0.632,0.867
25,SOUS-MASSA-DAR,Ouarzazate Taznakht (M),8.12,10.88,1.11,40.74,0.67,
25,SOUS-MASSA-DAR,Chtouka- Ait Baha Ait Baha (M),8.07,11.3,1.07,42.18,0.615,
25,SOUS-MASSA-DAR,Inezgane- Ait Mellou Inezgane (M),8.05,11.67,1.06,42.81,0.689,
25,SOUS-MASSA-DAR,Taroudannt Oulad Teima (M),6.32,9.61,0.81,41.87,0.676,
25,SOUS-MASSA-DAR,Taroudannt Taroudannt (M),5.76,8.53,0.76,41.86,0.702,
25,SOUS-MASSA-DAR,Taroudannt Ahl Ramel,5.69,10.13,0.53,39.25,0.588,0.751
25,SOUS-MASSA-DAR,Chtouka- Ait Baha Massa (AC),5.37,8.39,0.67,40.48,0.731,
25,SOUS-MASSA-DAR,Taroudannt El Guerdane (M),5.35,8.87,0.66,39.21,0.704,
25,SOUS-MASSA-DAR,Ouarzazate Ouarzazate (M),5.14,7.61,0.66,42.45,0.758,
25,SOUS-MASSA-DAR,Tiznit Tafraout (M),5.07,7.76,0.66,41.07,0.64,
25,SOUS-MASSA-DAR,Inezgane- Ait Mellou Dcheira El Jihadia (M),4.9,7.23,0.64,41.34,0.726,
25,SOUS-MASSA-DAR,Tiznit Sidi Ifni (M),3.95,5.82,0.5,40.34,0.705,
25,SOUS-MASSA-DAR,Agadir-Ida Ou Tanan Agadir (M),3.72,5.77,0.46,43.29,0.752,
25,SOUS-MASSA-DAR,Tiznit Lakhsas (M),3.38,5.43,0.43,39.64,0.648,
25,SOUS-MASSA-DAR,Tiznit Tiznit (M),3.2,4.9,0.39,40.2,0.757,
26,GHARB-CHRARDA-BENI HSSEN,Inégalit é Kénitra Haddada,59.22,23.82,8.8,34.23,0.44,0.38
26,GHARB-CHRARDA-BENI HSSEN,Sidi Kacem Bab Tiouka,45.37,28.55,5.84,34.29,0.502,0.417
26,GHARB-CHRARDA-BENI HSSEN,Sidi Kacem Sidi Ahmed Cherif,45.06,25.85,6.26,40.58,0.488,0.251
26,GHARB-CHRARDA-BENI HSSEN,Kénitra Oulad Ben Hammadi,45.01,27.67,5.81,36.33,0.544,0.552
26,GHARB-CHRARDA-BENI HSSEN,Kénitra Beni Malek,44.39,27.36,5.94,51.87,0.519,0.567
26,GHARB-CHRARDA-BENI HSSEN,Sidi Kacem Sidi Ameur Al Hadi,44.0,28.12,5.71,37.48,0.472,0.519
26,GHARB-CHRARDA-BENI HSSEN,Sidi Kacem Nouirate,42.47,29.46,5.11,35.12,0.527,0.571
26,GHARB-CHRARDA-BENI HSSEN,Kénitra Sidi Allal Tazi,42.3,29.42,5.24,34.72,0.487,0.769
26,GHARB-CHRARDA-BENI HSSEN,Kénitra Azghar,40.95,29.48,5.04,34.5,0.496,0.395
26,GHARB-CHRARDA-BENI HSSEN,Kénitra Chouafaa,40.52,27.15,5.4,38.41,0.45,0.351
26,GHARB-CHRARDA-BENI HSSEN,Sidi Kacem Sefsaf,36.71,28.48,4.82,38.42,0.5,0.72
26,GHARB-CHRARDA-BENI HSSEN,Kénitra Boumaiz,36.35,29.14,4.36,37.3,0.542,0.564
26,GHARB-CHRARDA-BENI HSSEN,Kénitra Sidi Mohamed Lahmar,35.75,29.32,4.53,36.75,0.45,0.447
26,GHARB-CHRARDA-BENI HSSEN,Sidi Kacem Moulay Abdelkader,35.7,31.1,4.24,35.16,0.494,0.309
26,GHARB-CHRARDA-BENI HSSEN,Kénitra Bahhara Oulad Ayad,35.69,30.05,4.59,35.66,0.436,0.442
26,GHARB-CHRARDA-BENI HSSEN,Sidi Kacem Ounnana,35.53,26.99,4.73,41.2,0.5,0.3
26,GHARB-CHRARDA-BENI HSSEN,Kénitra Lalla Mimouna,34.77,28.72,4.27,37.38,0.487,0.533
26,GHARB-CHRARDA-BENI HSSEN,Sidi Kacem Zghira,32.43,27.83,4.19,40.83,0.517,0.472
26,GHARB-CHRARDA-BENI HSSEN,Sidi Kacem Selfat,31.14,30.79,3.81,35.63,0.503,0.526
26,GHARB-CHRARDA-BENI HSSEN,Sidi Kacem Tekna,30.98,29.49,3.82,36.6,0.516,0.278
26,GHARB-CHRARDA-BENI HSSEN,Kénitra Ameur Seflia,30.21,28.64,3.54,39.99,0.502,0.624
26,GHARB-CHRARDA-BENI HSSEN,Sidi Kacem Bni Oual,29.42,31.07,3.32,35.46,0.478,0.446
26,GHARB-CHRARDA-BENI HSSEN,Sidi Kacem Sidi Ahmed Benaissa,28.72,31.63,3.3,35.95,0.508,0.353
26,GHARB-CHRARDA-BENI HSSEN,Kénitra Oulad Slama,28.46,29.58,3.39,52.83,0.583,0.558
26,GHARB-CHRARDA-BENI HSSEN,Sidi Kacem Dar Laaslouji,28.03,31.77,3.02,34.05,0.498,0.788
26,GHARB-CHRARDA-BENI HSSEN,Sidi Kacem Chbanate,27.7,30.08,3.01,35.46,0.543,0.73
26,GHARB-CHRARDA-BENI HSSEN,Kénitra M'saada,26.49,28.48,3.15,36.56,0.519,0.562
26,GHARB-CHRARDA-BENI HSSEN,Kénitra Lalla Mimouna (AC),25.7,30.65,2.27,35.29,0.582,
26,GHARB-CHRARDA-BENI HSSEN,Sidi Kacem Bir Taleb,25.59,30.49,2.82,34.69,0.541,0.448
26,GHARB-CHRARDA-BENI HSSEN,Sidi Kacem Mzefroune,24.98,27.17,2.85,39.61,0.501,0.428
26,GHARB-CHRARDA-BENI HSSEN,Sidi Kacem Zirara,24.89,29.59,2.6,35.48,0.57,0.501
26,GHARB-CHRARDA-BENI HSSEN,Kénitra Sidi Taibi,24.85,24.48,3.19,43.3,0.543,0.684
26,GHARB-CHRARDA-BENI HSSEN,Kénitra Moulay Bousselham (AC),24.52,26.5,2.28,43.43,0.614,
26,GHARB-CHRARDA-BENI HSSEN,Sidi Kacem Lamrabih,24.27,28.04,2.75,39.0,0.498,0.407
26,GHARB-CHRARDA-BENI HSSEN,Sidi Kacem Zaggota,24.17,25.21,3.23,42.73,0.543,0.661
26,GHARB-CHRARDA-BENI HSSEN,Kénitra Kceibya,24.05,22.59,3.73,43.57,0.522,0.858
26,GHARB-CHRARDA-BENI HSSEN,Kénitra Mograne,23.97,28.97,2.79,36.68,0.489,0.739
27,GHARB-CHRARDA-BENI HSSEN,Inégalit é Sidi Kacem Al Haouafate,23.7,26.94,2.76,38.44,0.577,0.54
27,GHARB-CHRARDA-BENI HSSEN,Kénitra Moulay Bousselham,22.43,24.48,2.87,41.52,0.514,0.486
27,GHARB-CHRARDA-BENI HSSEN,Sidi Kacem Bni Quolla,22.15,26.58,2.59,39.84,0.539,0.341
27,GHARB-CHRARDA-BENI HSSEN,Sidi Kacem Oulad Nouel,21.91,27.91,2.44,38.28,0.538,0.315
27,GHARB-CHRARDA-BENI HSSEN,Sidi Kacem Ermilate,21.76,27.06,2.76,37.06,0.531,0.855
27,GHARB-CHRARDA-BENI HSSEN,Sidi Kacem Masmouda,21.58,25.62,2.61,41.92,0.544,0.492
27,GHARB-CHRARDA-BENI HSSEN,Kénitra Sidi Allal Tazi (AC),21.37,29.55,1.79,33.28,0.643,
27,GHARB-CHRARDA-BENI HSSEN,Kénitra Souk Tlet El Gharb,21.1,25.75,2.49,40.59,0.514,0.692
27,GHARB-CHRARDA-BENI HSSEN,Kénitra Kariat Ben Aouda,20.61,27.71,2.39,38.04,0.495,0.563
27,GHARB-CHRARDA-BENI HSSEN,Kénitra Oulad H'Cine,20.34,29.3,2.15,35.09,0.529,0.634
27,GHARB-CHRARDA-BENI HSSEN,Kénitra Sidi Yahya El Gharb (M),20.16,24.68,2.05,39.87,0.636,
27,GHARB-CHRARDA-BENI HSSEN,Sidi Kacem Lamjaara,20.15,23.46,2.47,44.01,0.55,0.433
27,GHARB-CHRARDA-BENI HSSEN,Kénitra Mnasra,19.47,26.22,2.35,38.38,0.494,0.434
27,GHARB-CHRARDA-BENI HSSEN,Kénitra Sfafaa,19.23,22.66,2.67,41.23,0.526,0.671
27,GHARB-CHRARDA-BENI HSSEN,Sidi Kacem Ain Dfali,18.62,25.4,2.15,41.1,0.539,0.635
27,GHARB-CHRARDA-BENI HSSEN,Kénitra Dar Bel Amri,18.24,21.38,2.14,46.91,0.565,0.601
27,GHARB-CHRARDA-BENI HSSEN,Sidi Kacem Sidi Al Kamel,17.79,27.65,2.01,35.43,0.527,0.676
27,GHARB-CHRARDA-BENI HSSEN,Sidi Kacem Sidi M'Hamed Chelh,17.62,29.99,1.84,34.11,0.51,0.443
27,GHARB-CHRARDA-BENI HSSEN,Sidi Kacem Dar Gueddari (M),17.32,29.03,1.44,33.72,0.639,
27,GHARB-CHRARDA-BENI HSSEN,Kénitra Mehdya (M),17.23,26.5,1.46,36.06,0.606,
27,GHARB-CHRARDA-BENI HSSEN,Sidi Kacem Sidi Redouane,17.08,23.78,1.94,43.0,0.552,0.542
27,GHARB-CHRARDA-BENI HSSEN,Sidi Kacem Zirara (AC),15.19,21.82,1.63,38.07,0.662,
27,GHARB-CHRARDA-BENI HSSEN,Kénitra Ben Mansour,15.07,23.9,1.86,37.39,0.484,0.47
27,GHARB-CHRARDA-BENI HSSEN,Kénitra Sidi Taîbi (AC),15.04,30.41,1.18,28.27,0.581,
27,GHARB-CHRARDA-BENI HSSEN,Sidi Kacem Sidi Azzouz,14.96,24.84,1.74,37.36,0.513,0.577
27,GHARB-CHRARDA-BENI HSSEN,Sidi Kacem Jorf El Melha (M),14.4,19.36,1.67,41.73,0.652,
27,GHARB-CHRARDA-BENI HSSEN,Sidi Kacem Ain Dorij (AC),14.37,21.06,1.4,38.99,0.635,
27,GHARB-CHRARDA-BENI HSSEN,Kénitra Arbaoua,13.62,22.09,1.65,39.51,0.53,0.501
27,GHARB-CHRARDA-BENI HSSEN,Sidi Kacem Sidi Bousber,13.49,19.43,1.67,46.47,0.62,0.529
27,GHARB-CHRARDA-BENI HSSEN,Kénitra Sidi Slimane (M),13.31,18.98,1.39,41.72,0.667,
27,GHARB-CHRARDA-BENI HSSEN,Sidi Kacem Teroual,12.93,18.36,1.62,44.96,0.564,0.591
27,GHARB-CHRARDA-BENI HSSEN,Kénitra Souk El Arbaa (M),12.47,17.96,1.34,41.14,0.665,
27,GHARB-CHRARDA-BENI HSSEN,Sidi Kacem Khnichet (AC),12.0,19.72,1.19,38.42,0.612,
27,GHARB-CHRARDA-BENI HSSEN,Sidi Kacem Ouezzane (M),11.97,17.56,1.26,42.41,0.661,
27,GHARB-CHRARDA-BENI HSSEN,Sidi Kacem Sidi-Kacem (M),11.81,16.98,1.24,43.24,0.68,
27,GHARB-CHRARDA-BENI HSSEN,Sidi Kacem Had Kourt (M),11.65,19.39,1.06,42.05,0.659,
27,GHARB-CHRARDA-BENI HSSEN,Sidi Kacem Mechra Bel Ksiri (M),10.84,17.55,1.06,40.76,0.658,
27,GHARB-CHRARDA-BENI HSSEN,Sidi Kacem Arbaoua,10.59,19.95,1.25,37.27,0.562,0.401
27,GHARB-CHRARDA-BENI HSSEN,Kénitra Arbaoua (AC),10.43,15.62,1.1,40.14,0.682,
27,GHARB-CHRARDA-BENI HSSEN,Kénitra Kénitra (M),9.9,15.6,0.99,44.7,0.702,
28,GHARB-CHRARDA-BENI HSSEN,Inégalit é Kénitra Sidi Boubker El Haj,7.38,12.14,0.96,40.67,0.558,0.571
28,GHARB-CHRARDA-BENI HSSEN,Sidi Kacem Taoughilt,6.46,13.34,0.77,36.53,0.581,0.508
28,GHARB-CHRARDA-BENI HSSEN,Kénitra Oued El Makhazine,5.82,10.03,0.72,46.36,0.575,0.464
29,CHAOUIA-OUARDIGHA,Khouribga Oulad Aissa,40.88,26.32,5.68,33.84,0.471,0.22
29,CHAOUIA-OUARDIGHA,Benslimane Ziaida,31.17,25.72,4.04,35.01,0.517,0.273
29,CHAOUIA-OUARDIGHA,Settat Riah,30.42,25.79,3.92,33.2,0.476,0.332
29,CHAOUIA-OUARDIGHA,Khouribga Braksa,29.54,27.42,3.35,32.15,0.495,0.134
29,CHAOUIA-OUARDIGHA,Benslimane Bir Ennasr,28.34,27.96,3.05,31.65,0.496,0.271
29,CHAOUIA-OUARDIGHA,Settat Bni Yagrine,28.29,26.46,3.27,32.71,0.44,0.254
29,CHAOUIA-OUARDIGHA,Settat Oulad Amer,27.68,24.7,3.53,32.91,0.5,0.776
29,CHAOUIA-OUARDIGHA,Khouribga Oulad Fennane,27.0,26.55,3.03,33.11,0.509,0.303
29,CHAOUIA-OUARDIGHA,Khouribga Bni Ykhlef,24.69,23.75,2.98,35.01,0.595,0.415
29,CHAOUIA-OUARDIGHA,Khouribga Chougrane,24.18,24.91,2.88,34.45,0.519,0.362
29,CHAOUIA-OUARDIGHA,Settat Oulad Chbana,23.72,25.36,2.61,32.75,0.484,0.384
29,CHAOUIA-OUARDIGHA,Khouribga Maadna,22.53,24.92,2.31,34.04,0.572,0.276
29,CHAOUIA-OUARDIGHA,Settat Sidi Abdelkrim,22.32,24.7,2.42,33.12,0.554,0.221
29,CHAOUIA-OUARDIGHA,Settat Oulad M'Hamed,21.95,23.79,2.49,34.63,0.458,0.154
29,CHAOUIA-OUARDIGHA,Settat Sgamna,21.89,24.87,2.34,32.86,0.485,0.322
29,CHAOUIA-OUARDIGHA,Settat Dar Chaffai,21.82,24.58,2.34,34.9,0.48,0.433
29,CHAOUIA-OUARDIGHA,Settat Sidi Boumehdi,21.75,21.53,2.65,34.9,0.583,0.256
29,CHAOUIA-OUARDIGHA,Khouribga Boulanouare,21.55,23.67,2.42,34.63,0.586,0.735
29,CHAOUIA-OUARDIGHA,Khouribga Kasbat Troch,21.47,23.81,2.3,40.63,0.563,0.468
29,CHAOUIA-OUARDIGHA,Khouribga Bir Mezoui,21.41,23.36,2.3,36.04,0.611,0.568
29,CHAOUIA-OUARDIGHA,Settat Oulad Bouali Nouaja,21.33,24.08,2.29,34.26,0.533,0.316
29,CHAOUIA-OUARDIGHA,Khouribga Rouached,21.25,25.32,2.16,31.24,0.527,0.271
29,CHAOUIA-OUARDIGHA,Khouribga Ait Ammar,20.85,23.53,2.22,35.07,0.553,0.284
29,CHAOUIA-OUARDIGHA,Settat Machraa Ben Abbou,20.5,24.98,2.07,33.75,0.516,0.249
29,CHAOUIA-OUARDIGHA,Settat Oulad Fares El Halla,20.35,22.89,2.09,33.41,0.543,0.347
29,CHAOUIA-OUARDIGHA,Khouribga Oulad Azzouz,20.28,22.99,2.16,33.94,0.55,0.487
29,CHAOUIA-OUARDIGHA,Settat Ain Blal,19.78,23.46,2.07,33.93,0.536,0.393
29,CHAOUIA-OUARDIGHA,Benslimane Ahlaf,19.77,22.84,2.07,35.52,0.515,0.199
29,CHAOUIA-OUARDIGHA,Benslimane Oulad Yahya Louta,19.66,22.5,2.32,35.46,0.609,0.327
29,CHAOUIA-OUARDIGHA,Khouribga Bni Bataou,19.53,25.1,1.85,32.74,0.511,0.357
29,CHAOUIA-OUARDIGHA,Settat Bouguargouh,19.53,22.69,2.11,34.01,0.516,0.279
29,CHAOUIA-OUARDIGHA,Settat Meskoura,19.34,23.9,1.95,32.59,0.515,0.36
29,CHAOUIA-OUARDIGHA,Khouribga Lagnadiz,19.3,22.88,2.0,34.51,0.492,0.305
29,CHAOUIA-OUARDIGHA,Settat Toualet,19.26,23.84,1.92,33.33,0.537,0.295
29,CHAOUIA-OUARDIGHA,Settat Laqraqra,19.14,22.28,1.99,39.76,0.501,0.397
29,CHAOUIA-OUARDIGHA,Settat Ain Nzagh,19.07,23.67,1.91,35.22,0.538,0.382
29,CHAOUIA-OUARDIGHA,Benslimane Mellila,18.92,22.23,2.03,35.89,0.517,0.289
29,CHAOUIA-OUARDIGHA,Khouribga Boukhrisse,18.62,25.16,1.74,30.52,0.426,0.356
29,CHAOUIA-OUARDIGHA,Khouribga El Foqra,18.59,22.82,2.01,34.41,0.545,0.436
29,CHAOUIA-OUARDIGHA,Settat Mniaa,18.54,22.79,1.83,33.35,0.525,0.289
30,CHAOUIA-OUARDIGHA,Benslimane Moualine El Oued,18.28,22.21,1.92,34.74,0.549,0.293
30,CHAOUIA-OUARDIGHA,Settat Foqra Oulad Aameur,18.08,23.01,1.79,33.8,0.479,0.348
30,CHAOUIA-OUARDIGHA,Khouribga Ain Kaicher,17.77,22.8,1.77,33.7,0.528,0.433
30,CHAOUIA-OUARDIGHA,Settat Oulad Fares,17.58,21.83,1.75,35.3,0.553,0.352
30,CHAOUIA-OUARDIGHA,Settat N'Khila,17.25,21.93,1.7,34.29,0.528,0.389
30,CHAOUIA-OUARDIGHA,Settat Oued Naanaa,17.25,21.88,1.77,34.71,0.598,0.332
30,CHAOUIA-OUARDIGHA,Settat Sahel Oulad H'Riz,17.2,22.22,1.77,33.64,0.501,0.41
30,CHAOUIA-OUARDIGHA,Settat El Borouj (M),17.13,19.73,2.38,43.13,0.635,
30,CHAOUIA-OUARDIGHA,Khouribga Bni Zrantel,17.02,22.54,1.67,33.99,0.424,0.511
30,CHAOUIA-OUARDIGHA,Settat Ben Maachou,16.88,21.8,1.73,34.76,0.596,0.324
30,CHAOUIA-OUARDIGHA,Settat Oulad Freiha,16.83,22.32,1.63,33.48,0.481,0.403
30,CHAOUIA-OUARDIGHA,Settat Zaouiat Sidi Ben Hamdoun,16.78,21.53,1.81,34.0,0.56,0.196
30,CHAOUIA-OUARDIGHA,Settat Sidi Hajjaj,16.04,21.3,1.63,34.95,0.526,0.409
30,CHAOUIA-OUARDIGHA,Settat Rima,15.97,21.19,1.54,33.35,0.434,0.178
30,CHAOUIA-OUARDIGHA,Settat Lahsasna,15.73,21.76,1.5,32.74,0.576,0.343
30,CHAOUIA-OUARDIGHA,Khouribga Bni Smir,15.55,21.43,1.53,34.19,0.529,0.424
30,CHAOUIA-OUARDIGHA,Settat Sidi Ahmed El Khadir,15.4,21.26,1.52,35.54,0.554,0.329
30,CHAOUIA-OUARDIGHA,Settat Sidi Rahal Chatai (AC),15.31,19.47,2.03,43.82,0.666,
30,CHAOUIA-OUARDIGHA,Settat Loulad (M),15.3,18.13,2.15,42.93,0.603,
30,CHAOUIA-OUARDIGHA,Khouribga Tachrafat,15.26,20.98,1.54,34.55,0.56,0.485
30,CHAOUIA-OUARDIGHA,Settat Sidi Abdelkhaleq,15.2,20.97,1.45,33.09,0.524,0.264
30,CHAOUIA-OUARDIGHA,Settat Sidi Mohammed Ben Rahal,15.08,21.47,1.39,35.12,0.559,0.32
30,CHAOUIA-OUARDIGHA,Benslimane Oulad Ali Toualaa,15.05,20.51,1.43,34.19,0.601,0.406
30,CHAOUIA-OUARDIGHA,Settat Oulad Said (AC),15.02,17.81,1.97,40.14,0.632,
30,CHAOUIA-OUARDIGHA,Settat Lahouaza,14.91,21.38,1.51,33.9,0.563,0.288
30,CHAOUIA-OUARDIGHA,Settat Sidi Dahbi,14.87,20.37,1.47,34.87,0.592,0.41
30,CHAOUIA-OUARDIGHA,Settat Jaqma,14.72,21.28,1.39,33.7,0.545,0.342
30,CHAOUIA-OUARDIGHA,Settat Guisser,14.61,20.6,1.45,33.32,0.573,0.489
30,CHAOUIA-OUARDIGHA,Khouribga Oulad Boughadi,14.52,20.49,1.43,35.81,0.571,0.407
30,CHAOUIA-OUARDIGHA,Settat Oulad Sghir,14.46,20.34,1.37,33.66,0.555,0.258
30,CHAOUIA-OUARDIGHA,Settat Laghnimyine,14.41,21.07,1.38,33.46,0.562,0.298
30,CHAOUIA-OUARDIGHA,Settat Oulad Aafif,14.25,20.61,1.36,32.6,0.534,0.338
30,CHAOUIA-OUARDIGHA,Settat Gdana,14.18,20.83,1.34,34.05,0.556,0.404
30,CHAOUIA-OUARDIGHA,Settat Oulad Abbou (M),14.13,17.89,1.86,43.02,0.646,
30,CHAOUIA-OUARDIGHA,Settat Ras El Ain Chaouia,14.08,20.78,1.3,33.49,0.532,0.263
30,CHAOUIA-OUARDIGHA,Settat Bni Khloug,14.08,20.13,1.39,34.43,0.561,0.526
31,CHAOUIA-OUARDIGHA,Settat Mzoura,14.03,20.57,1.32,33.15,0.54,0.294
31,CHAOUIA-OUARDIGHA,Settat Oulad Said,13.98,19.91,1.35,33.58,0.582,0.241
31,CHAOUIA-OUARDIGHA,Khouribga Oulad Abdoune,13.95,19.69,1.34,36.43,0.616,0.631
31,CHAOUIA-OUARDIGHA,Settat Lakhzazra,13.69,18.88,1.35,34.18,0.507,0.16
31,CHAOUIA-OUARDIGHA,Benslimane Ain Tizgha,13.68,20.14,1.24,35.34,0.616,0.397
31,CHAOUIA-OUARDIGHA,Settat Guisser (AC),13.62,16.61,1.83,39.59,0.657,
31,CHAOUIA-OUARDIGHA,Khouribga M'Fassis,13.2,19.34,1.26,34.55,0.64,0.419
31,CHAOUIA-OUARDIGHA,Khouribga Oulad Ftata,13.18,20.05,1.21,32.71,0.58,0.445
31,CHAOUIA-OUARDIGHA,Settat Mrizigue,13.08,19.73,1.23,33.42,0.532,0.387
31,CHAOUIA-OUARDIGHA,Settat Sidi El Aidi,13.05,20.24,1.24,33.62,0.576,0.356
31,CHAOUIA-OUARDIGHA,Settat Ouled Cebbah,12.97,18.91,1.26,35.01,0.572,0.414
31,CHAOUIA-OUARDIGHA,Khouribga Boulanouare (AC),12.6,17.82,1.57,37.96,0.684,
31,CHAOUIA-OUARDIGHA,Settat M'Garto,12.51,18.11,1.24,35.53,0.565,0.276
31,CHAOUIA-OUARDIGHA,Khouribga Hattane (M),12.35,17.01,1.61,38.85,0.676,
31,CHAOUIA-OUARDIGHA,Benslimane Bouznika (M),12.32,15.21,1.74,44.57,0.697,
31,CHAOUIA-OUARDIGHA,Benslimane Moualine El Ghaba,12.26,18.79,1.16,35.33,0.607,0.485
31,CHAOUIA-OUARDIGHA,Settat Ras E l Ain (AC),12.18,16.18,1.64,40.28,0.67,
31,CHAOUIA-OUARDIGHA,Settat Ain Dorbane,12.05,18.86,1.1,33.97,0.583,0.57
31,CHAOUIA-OUARDIGHA,Settat Oulad H'Riz Sahel (AC),12.02,15.95,1.65,44.66,0.702,
31,CHAOUIA-OUARDIGHA,Benslimane Sidi Bettache,11.97,17.41,1.18,38.34,0.638,0.639
31,CHAOUIA-OUARDIGHA,Khouribga Oulad Gouaouch,11.8,19.63,1.09,31.52,0.547,0.493
31,CHAOUIA-OUARDIGHA,Settat Lahlaf M'Zab,11.76,17.93,1.06,36.38,0.552,0.228
31,CHAOUIA-OUARDIGHA,Khouribga Lagfaf,11.68,17.42,1.12,36.1,0.628,0.653
31,CHAOUIA-OUARDIGHA,Khouribga Bejaad (M),11.6,15.6,1.53,43.3,0.661,
31,CHAOUIA-OUARDIGHA,Settat Ouled Zidane,11.5,17.78,1.12,34.69,0.613,0.27
31,CHAOUIA-OUARDIGHA,Settat Tamadroust,11.34,18.27,1.02,33.94,0.544,0.428
31,CHAOUIA-OUARDIGHA,Settat El Gara (M),11.28,15.21,1.47,42.74,0.626,
31,CHAOUIA-OUARDIGHA,Benslimane Cherrat,11.28,18.47,1.02,32.75,0.605,0.582
31,CHAOUIA-OUARDIGHA,Settat Lambarkiyine,11.27,18.03,1.05,33.36,0.566,0.404
31,CHAOUIA-OUARDIGHA,Benslimane Fdalate,10.56,17.45,0.99,35.52,0.6,0.385
31,CHAOUIA-OUARDIGHA,Khouribga Oued Zem (M),10.55,14.97,1.33,42.6,0.665,
31,CHAOUIA-OUARDIGHA,Settat Oulad M'Rah (M),10.05,14.07,1.34,41.46,0.685,
31,CHAOUIA-OUARDIGHA,Benslimane Rdadna Oulad Malek,10.02,16.35,0.85,34.56,0.607,0.495
31,CHAOUIA-OUARDIGHA,Settat Sidi Rahal Chatai,9.99,17.32,0.85,34.12,0.589,0.641
31,CHAOUIA-OUARDIGHA,Settat Soualem,9.89,16.68,0.86,34.98,0.614,0.453
31,CHAOUIA-OUARDIGHA,Khouribga Boujniba (M),9.86,14.46,1.26,39.39,0.683,
31,CHAOUIA-OUARDIGHA,Settat Lakhiaita,9.43,16.46,0.84,35.78,0.591,0.559
31,CHAOUIA-OUARDIGHA,Settat Kasbat Ben Mchich,9.4,16.34,0.85,33.65,0.585,0.415
32,CHAOUIA-OUARDIGHA,Settat Deroua (AC),9.36,12.35,1.26,41.85,0.7,
32,CHAOUIA-OUARDIGHA,Settat Deroua,8.97,15.96,0.79,34.69,0.624,0.633
32,CHAOUIA-OUARDIGHA,Settat Ben Ahmed (M),8.41,11.32,1.11,44.34,0.704,
32,CHAOUIA-OUARDIGHA,Settat Berrechid (M),8.37,11.22,1.12,44.48,0.72,
32,CHAOUIA-OUARDIGHA,Settat Khemisset Chaouia,8.3,15.78,0.71,33.93,0.571,0.504
32,CHAOUIA-OUARDIGHA,Settat Settat (M),8.18,11.26,1.07,44.55,0.713,
32,CHAOUIA-OUARDIGHA,Benslimane Benslimane (M),8.01,10.92,1.05,43.53,0.724,
32,CHAOUIA-OUARDIGHA,Settat Soualem (AC),8.01,11.33,1.05,42.76,0.698,
32,CHAOUIA-OUARDIGHA,Settat Sidi El Mekki,7.58,14.18,0.64,34.7,0.61,0.673
32,CHAOUIA-OUARDIGHA,Khouribga Khouribga (M),7.23,10.25,0.93,43.43,0.715,
32,CHAOUIA-OUARDIGHA,Benslimane El Mansouria,4.75,10.65,0.38,39.41,0.685,0.864
33,MARRAKECH-TENSIFT-ALHAOUZ,El Kelaa Des Sraghn Akarma,46.34,34.84,4.34,24.28,0.486,0.149
33,MARRAKECH-TENSIFT-ALHAOUZ,Essaouira M'Ramer,43.59,29.59,5.67,31.53,0.431,0.178
33,MARRAKECH-TENSIFT-ALHAOUZ,Essaouira Sidi Ishaq,42.87,28.46,6.26,33.01,0.413,0.201
33,MARRAKECH-TENSIFT-ALHAOUZ,Essaouira Sidi Ali El Korati,42.17,22.93,8.1,38.32,0.475,0.249
33,MARRAKECH-TENSIFT-ALHAOUZ,Essaouira Imgrade,41.65,24.69,6.91,36.74,0.45,0.093
33,MARRAKECH-TENSIFT-ALHAOUZ,Chichaoua Lalla Aaziza,41.43,25.26,6.16,36.79,0.377,0.065
33,MARRAKECH-TENSIFT-ALHAOUZ,Essaouira Sidi El Jazouli,41.17,26.77,6.54,34.6,0.432,0.22
33,MARRAKECH-TENSIFT-ALHAOUZ,Essaouira Sidi Laaroussi,41.04,27.86,5.8,33.54,0.451,0.104
33,MARRAKECH-TENSIFT-ALHAOUZ,Essaouira Sidi H'Mad Ou M'Barek,40.48,22.84,7.13,38.48,0.466,0.318
33,MARRAKECH-TENSIFT-ALHAOUZ,El Kelaa Des Sraghn Oulad Hassoune Hamri,40.19,36.47,3.83,25.58,0.5,0.244
33,MARRAKECH-TENSIFT-ALHAOUZ,Chichaoua Zaouia Annahlia,39.9,28.29,5.21,34.24,0.484,0.37
33,MARRAKECH-TENSIFT-ALHAOUZ,El Kelaa Des Sraghn Sidi Boubker,39.86,33.35,4.46,28.27,0.473,0.362
33,MARRAKECH-TENSIFT-ALHAOUZ,Essaouira Sidi Boulaalam,39.67,27.25,5.87,34.7,0.478,0.219
33,MARRAKECH-TENSIFT-ALHAOUZ,Chichaoua Bouabout Amdlane,39.56,27.71,5.94,34.24,0.379,0.017
33,MARRAKECH-TENSIFT-ALHAOUZ,Essaouira Ait Aissi Ihahane,39.45,22.41,7.04,40.07,0.407,0.211
33,MARRAKECH-TENSIFT-ALHAOUZ,Essaouira Lagdadra,39.05,25.79,6.22,35.85,0.481,0.261
33,MARRAKECH-TENSIFT-ALHAOUZ,Al Haouz Zerkten,39.03,25.86,5.72,35.57,0.417,0.295
33,MARRAKECH-TENSIFT-ALHAOUZ,Essaouira Targante,38.84,27.63,5.61,33.87,0.501,0.126
33,MARRAKECH-TENSIFT-ALHAOUZ,Essaouira Lahsinate,38.66,26.1,6.07,35.22,0.527,0.189
33,MARRAKECH-TENSIFT-ALHAOUZ,Chichaoua Imindounit,38.61,26.03,6.04,35.69,0.299,0.036
33,MARRAKECH-TENSIFT-ALHAOUZ,El Kelaa Des Sraghna Sour El Aaz,38.49,24.46,6.0,36.21,0.471,0.554
33,MARRAKECH-TENSIFT-ALHAOUZ,Chichaoua Ait Haddou Youssef,38.2,27.16,5.07,34.67,0.408,0.07
33,MARRAKECH-TENSIFT-ALHAOUZ,Essaouira Takate,38.06,23.2,6.72,38.42,0.423,0.246
33,MARRAKECH-TENSIFT-ALHAOUZ,Essaouira Sidi Aissa Regragui,38.01,26.88,5.53,34.74,0.412,0.118
33,MARRAKECH-TENSIFT-ALHAOUZ,Essaouira M'Khalif,37.96,25.42,6.18,36.35,0.508,0.32
33,MARRAKECH-TENSIFT-ALHAOUZ,El Kelaa Des Sraghna Errafiaya,37.92,26.83,5.36,34.33,0.501,0.58
33,MARRAKECH-TENSIFT-ALHAOUZ,Essaouira Sidi Hmad Ou Hamed,37.59,25.46,5.95,35.29,0.356,0.095
33,MARRAKECH-TENSIFT-ALHAOUZ,Essaouira Sidi M'Hamed Ou Marzouq,37.58,28.44,5.19,33.44,0.445,0.228
33,MARRAKECH-TENSIFT-ALHAOUZ,Chichaoua Bouabout,37.55,26.1,5.65,35.88,0.389,0.198
33,MARRAKECH-TENSIFT-ALHAOUZ,Chichaoua Ain Tazitounte,37.53,23.53,5.6,39.15,0.441,0.261
33,MARRAKECH-TENSIFT-ALHAOUZ,Chichaoua Timezgadiouine,37.37,27.28,4.88,34.94,0.422,0.16
33,MARRAKECH-TENSIFT-ALHAOUZ,Essaouira Mzilate,37.36,33.65,4.01,27.87,0.457,0.209
33,MARRAKECH-TENSIFT-ALHAOUZ,Chichaoua Kouzemt,37.27,24.86,6.27,37.06,0.448,0.17
33,MARRAKECH-TENSIFT-ALHAOUZ,Essaouira Tafetachte,37.13,28.88,4.82,32.52,0.482,0.233
33,MARRAKECH-TENSIFT-ALHAOUZ,Chichaoua Timlilt,37.01,28.82,4.83,32.81,0.416,0.301
33,MARRAKECH-TENSIFT-ALHAOUZ,Chichaoua M'Zouda,36.89,26.74,5.3,35.24,0.484,0.365
33,MARRAKECH-TENSIFT-ALHAOUZ,Essaouira Aglif,36.7,24.88,5.79,37.07,0.419,0.175
34,MARRAKECH-TENSIFT-ALHAOUZ,Essaouira Tidzi,36.46,25.34,5.89,36.18,0.435,0.198
34,MARRAKECH-TENSIFT-ALHAOUZ,Essaouira Bizdad,36.18,23.44,6.17,38.98,0.453,0.398
34,MARRAKECH-TENSIFT-ALHAOUZ,El Kelaa Des Sraghna Jaafra,36.17,35.37,3.59,27.34,0.427,0.166
34,MARRAKECH-TENSIFT-ALHAOUZ,Essaouira Mouarid,36.14,27.13,5.31,34.57,0.418,0.242
34,MARRAKECH-TENSIFT-ALHAOUZ,El Kelaa Des Sraghna Skoura Lhadra,36.07,35.67,3.54,26.34,0.34,0.163
34,MARRAKECH-TENSIFT-ALHAOUZ,Essaouira Bouzemmour,35.97,23.22,5.97,38.67,0.433,0.146
34,MARRAKECH-TENSIFT-ALHAOUZ,Essaouira Zaouiat Ben Hmida,35.92,22.0,6.34,39.62,0.553,0.447
34,MARRAKECH-TENSIFT-ALHAOUZ,Al Haouz Ighil,35.85,25.24,5.29,36.03,0.365,0.053
34,MARRAKECH-TENSIFT-ALHAOUZ,Essaouira Sidi Abdeljalil,35.75,25.11,5.71,36.84,0.492,0.204
34,MARRAKECH-TENSIFT-ALHAOUZ,Essaouira Oulad M'Rabet,35.64,32.77,4.07,28.98,0.474,0.266
34,MARRAKECH-TENSIFT-ALHAOUZ,Essaouira Had Dra,35.37,23.87,5.88,38.68,0.537,0.394
34,MARRAKECH-TENSIFT-ALHAOUZ,Essaouira Aguerd,35.2,26.14,5.16,35.52,0.452,0.26
34,MARRAKECH-TENSIFT-ALHAOUZ,Essaouira Ounagha,35.1,25.24,5.47,36.79,0.466,0.25
34,MARRAKECH-TENSIFT-ALHAOUZ,Essaouira Kechoula,34.98,30.55,4.35,31.52,0.484,0.029
34,MARRAKECH-TENSIFT-ALHAOUZ,Chichaoua Rahhala,34.91,28.6,4.62,32.61,0.426,0.044
34,MARRAKECH-TENSIFT-ALHAOUZ,El Kelaa Des Sraghna Sidi Bou Othmane,34.75,37.74,2.95,25.47,0.503,0.223
34,MARRAKECH-TENSIFT-ALHAOUZ,Essaouira Ida Ou Guelloul,34.52,26.58,5.1,34.46,0.531,0.227
34,MARRAKECH-TENSIFT-ALHAOUZ,Essaouira Imi N'Tlit,34.51,21.94,6.0,39.53,0.471,0.359
34,MARRAKECH-TENSIFT-ALHAOUZ,Essaouira Ida Ou Kazzou,34.4,26.93,4.78,34.86,0.477,0.057
34,MARRAKECH-TENSIFT-ALHAOUZ,Essaouira Aquermoud,34.36,25.55,5.35,36.37,0.462,0.289
34,MARRAKECH-TENSIFT-ALHAOUZ,El Kelaa Des Sraghna Ait Hammou,34.35,35.42,3.4,27.17,0.48,0.292
34,MARRAKECH-TENSIFT-ALHAOUZ,Chichaoua Sidi Ghanem,34.33,22.7,5.16,39.51,0.4,0.228
34,MARRAKECH-TENSIFT-ALHAOUZ,Essaouira Mejji,34.19,27.93,4.79,34.11,0.486,0.166
34,MARRAKECH-TENSIFT-ALHAOUZ,El Kelaa Des Sraghna Jaidate,33.92,33.03,3.64,28.92,0.503,0.54
34,MARRAKECH-TENSIFT-ALHAOUZ,Essaouira Timizguida Ouftas,33.78,28.24,4.48,32.65,0.514,0.129
34,MARRAKECH-TENSIFT-ALHAOUZ,El Kelaa Des Sraghna Hiadna,33.67,35.68,3.18,26.5,0.484,0.411
34,MARRAKECH-TENSIFT-ALHAOUZ,Al Haouz Ouazguita,33.63,30.56,4.02,30.96,0.402,0.109
34,MARRAKECH-TENSIFT-ALHAOUZ,Essaouira Ida Ou Aazza,33.21,28.64,4.24,32.89,0.427,0.341
34,MARRAKECH-TENSIFT-ALHAOUZ,Essaouira Sidi Ghaneme,32.69,27.48,4.54,33.7,0.418,0.217
34,MARRAKECH-TENSIFT-ALHAOUZ,Essaouira Takoucht,32.53,26.35,4.81,34.79,0.434,0.107
34,MARRAKECH-TENSIFT-ALHAOUZ,El Kelaa Des Sraghna Sidi Abdallah,32.36,36.02,2.94,26.5,0.439,0.107
34,MARRAKECH-TENSIFT-ALHAOUZ,Chichaoua Saidate,32.34,32.29,3.56,29.99,0.468,0.253
34,MARRAKECH-TENSIFT-ALHAOUZ,Essaouira Ezzaouite,31.95,28.32,4.28,33.28,0.399,0.161
34,MARRAKECH-TENSIFT-ALHAOUZ,El Kelaa Des Sraghna Sidi Ali Labrahla,31.88,33.73,3.31,29.08,0.545,0.569
34,MARRAKECH-TENSIFT-ALHAOUZ,El Kelaa Des Sraghna Assahrij,31.66,26.47,4.28,35.17,0.514,0.633
34,MARRAKECH-TENSIFT-ALHAOUZ,Al Haouz Anougal,31.64,31.05,3.72,31.35,0.356,0.143
34,MARRAKECH-TENSIFT-ALHAOUZ,Al Haouz Ijoukak,31.61,25.36,4.58,37.75,0.434,0.296
35,MARRAKECH-TENSIFT-ALHAOUZ,Essaouira Assais,31.57,27.05,4.35,34.82,0.408,0.063
35,MARRAKECH-TENSIFT-ALHAOUZ,El Kelaa Des Sraghna Loued Lakhdar,31.54,28.06,4.04,34.28,0.49,0.612
35,MARRAKECH-TENSIFT-ALHAOUZ,El Kelaa Des Sraghna Ait Taleb,31.47,32.6,3.53,29.8,0.443,0.163
35,MARRAKECH-TENSIFT-ALHAOUZ,Essaouira Sidi Kaouki,31.33,23.64,4.89,38.46,0.555,0.398
35,MARRAKECH-TENSIFT-ALHAOUZ,El Kelaa Des Sraghna Eddachra,31.23,25.15,4.53,36.13,0.513,0.932
35,MARRAKECH-TENSIFT-ALHAOUZ,Chichaoua Ahdil,31.2,37.01,2.7,26.23,0.492,0.155
35,MARRAKECH-TENSIFT-ALHAOUZ,Essaouira Korimate,31.19,26.21,4.37,35.48,0.449,0.24
35,MARRAKECH-TENSIFT-ALHAOUZ,Al Haouz Ait Aadel,31.08,30.52,3.41,31.23,0.411,0.173
35,MARRAKECH-TENSIFT-ALHAOUZ,Chichaoua Oulad Moumna,30.8,28.87,3.87,32.46,0.457,0.194
35,MARRAKECH-TENSIFT-ALHAOUZ,Essaouira Ait Said,30.73,24.93,4.59,36.1,0.495,0.227
35,MARRAKECH-TENSIFT-ALHAOUZ,Essaouira Smimou,30.56,23.65,4.76,37.22,0.489,0.311
35,MARRAKECH-TENSIFT-ALHAOUZ,Chichaoua Sid L'Mokhtar,30.49,29.67,3.73,31.92,0.536,0.362
35,MARRAKECH-TENSIFT-ALHAOUZ,Al Haouz Lalla Takarkoust,30.34,30.29,3.45,30.0,0.503,0.226
35,MARRAKECH-TENSIFT-ALHAOUZ,El Kelaa Des Sraghna Lamharra,30.19,38.12,2.71,25.58,0.489,0.292
35,MARRAKECH-TENSIFT-ALHAOUZ,Al Haouz Oukaimden,30.18,26.02,3.87,35.21,0.437,0.464
35,MARRAKECH-TENSIFT-ALHAOUZ,El Kelaa Des Sraghna Nzalat Laadam,30.14,31.93,2.59,29.14,0.54,0.601
35,MARRAKECH-TENSIFT-ALHAOUZ,Al Haouz Aghbar,30.08,27.06,3.83,34.61,0.347,0.09
35,MARRAKECH-TENSIFT-ALHAOUZ,Marrakech M'Nabha,30.05,32.77,3.22,29.72,0.463,0.439
35,MARRAKECH-TENSIFT-ALHAOUZ,Chichaoua Afalla Issen,30.05,30.97,3.42,32.16,0.397,0.08
35,MARRAKECH-TENSIFT-ALHAOUZ,Chichaoua Adassil,29.93,30.07,3.43,33.37,0.422,0.109
35,MARRAKECH-TENSIFT-ALHAOUZ,Essaouira Tahelouante,29.82,29.59,3.73,32.57,0.378,0.06
35,MARRAKECH-TENSIFT-ALHAOUZ,Chichaoua Sidi M'Hamed Dalil,29.77,36.42,2.62,26.88,0.415,0.195
35,MARRAKECH-TENSIFT-ALHAOUZ,Essaouira Meskala,29.52,25.31,4.14,36.3,0.507,0.284
35,MARRAKECH-TENSIFT-ALHAOUZ,Chichaoua Douirane,28.83,23.86,3.96,37.27,0.485,0.474
35,MARRAKECH-TENSIFT-ALHAOUZ,Chichaoua Sidi Abdelmoumen,28.45,26.63,3.59,35.01,0.384,0.134
35,MARRAKECH-TENSIFT-ALHAOUZ,Chichaoua Assif El Mal,28.39,21.41,4.34,40.05,0.478,0.369
35,MARRAKECH-TENSIFT-ALHAOUZ,El Kelaa Des Sraghna Skhour Rhamna,28.09,32.1,3.01,29.79,0.46,0.287
35,MARRAKECH-TENSIFT-ALHAOUZ,Chichaoua Taouloukoult,28.04,26.93,3.49,34.92,0.426,0.224
35,MARRAKECH-TENSIFT-ALHAOUZ,Chichaoua Oued L'bour,27.91,24.13,3.91,36.05,0.526,0.219
35,MARRAKECH-TENSIFT-ALHAOUZ,El Kelaa Des Sraghna Assahrij (AC),27.89,32.84,1.87,29.63,0.499,
35,MARRAKECH-TENSIFT-ALHAOUZ,El Kelaa Des Sraghna Sidi Ghanem,27.6,34.22,2.66,28.08,0.435,0.162
35,MARRAKECH-TENSIFT-ALHAOUZ,Chichaoua Ait Hadi,27.31,23.87,3.95,37.16,0.543,0.583
35,MARRAKECH-TENSIFT-ALHAOUZ,El Kelaa Des Sraghna Oulad El Garne,27.29,27.1,3.43,34.27,0.49,0.762
35,MARRAKECH-TENSIFT-ALHAOUZ,El Kelaa Des Sraghna Oulad Msabbel,27.26,25.18,3.77,35.55,0.512,0.756
35,MARRAKECH-TENSIFT-ALHAOUZ,Al Haouz Imgdal,27.03,24.1,3.62,37.02,0.432,0.232
35,MARRAKECH-TENSIFT-ALHAOUZ,Chichaoua Irohalen,26.79,27.78,3.03,33.73,0.406,0.244
36,MARRAKECH-TENSIFT-ALHAOUZ,El Kelaa Des Sraghna Oulad Yaacoub,26.78,28.56,3.08,32.05,0.474,0.343
36,MARRAKECH-TENSIFT-ALHAOUZ,El Kelaa Des Sraghna Bourrous,26.71,34.16,2.54,27.35,0.506,0.373
36,MARRAKECH-TENSIFT-ALHAOUZ,Essaouira Sidi Ahmed Essayeh,26.65,25.34,3.6,34.36,0.474,0.19
36,MARRAKECH-TENSIFT-ALHAOUZ,Al Haouz Azgour,26.58,24.2,3.65,36.39,0.481,0.11
36,MARRAKECH-TENSIFT-ALHAOUZ,Marrakech Ouled Dlim,26.58,35.94,2.43,26.78,0.466,0.278
36,MARRAKECH-TENSIFT-ALHAOUZ,Al Haouz Tighedouine,26.5,29.68,2.78,33.24,0.407,0.293
36,MARRAKECH-TENSIFT-ALHAOUZ,El Kelaa Des Sraghna Oulad Massaoud,26.26,24.46,3.7,36.14,0.599,0.815
36,MARRAKECH-TENSIFT-ALHAOUZ,El Kelaa Des Sraghna Oulad Imloul,26.17,37.73,2.26,26.11,0.516,0.513
36,MARRAKECH-TENSIFT-ALHAOUZ,El Kelaa Des Sraghna Sidi Mansour,25.9,36.96,2.29,26.02,0.442,0.159
36,MARRAKECH-TENSIFT-ALHAOUZ,Al Haouz Tamazouzte,25.89,33.92,2.55,27.98,0.504,0.298
36,MARRAKECH-TENSIFT-ALHAOUZ,Essaouira Adaghas,25.86,26.41,3.09,34.19,0.481,0.065
36,MARRAKECH-TENSIFT-ALHAOUZ,Essaouira Tafedna,25.79,28.39,3.05,32.38,0.533,0.158
36,MARRAKECH-TENSIFT-ALHAOUZ,Al Haouz Tamaguert,25.79,26.43,3.16,34.38,0.5,0.303
36,MARRAKECH-TENSIFT-ALHAOUZ,El Kelaa Des Sraghna Taouzint,25.78,31.94,2.76,29.47,0.528,0.468
36,MARRAKECH-TENSIFT-ALHAOUZ,El Kelaa Des Sraghna Oulad Aamer Tizmarine,25.6,29.75,2.91,32.02,0.466,0.333
36,MARRAKECH-TENSIFT-ALHAOUZ,El Kelaa Des Sraghna El Marbouh,25.47,27.94,2.91,32.78,0.542,0.864
36,MARRAKECH-TENSIFT-ALHAOUZ,El Kelaa Des Sraghna Ras Ain Rhamna,25.06,36.69,2.1,26.9,0.513,0.485
36,MARRAKECH-TENSIFT-ALHAOUZ,Al Haouz Tazart,24.99,27.78,2.84,33.69,0.461,0.196
36,MARRAKECH-TENSIFT-ALHAOUZ,El Kelaa Des Sraghna El Aamria,24.81,24.49,3.14,36.01,0.535,0.596
36,MARRAKECH-TENSIFT-ALHAOUZ,El Kelaa Des Sraghna Tlauh,24.79,33.11,2.48,28.64,0.542,0.546
36,MARRAKECH-TENSIFT-ALHAOUZ,El Kelaa Des Sraghna Zemrane,24.72,36.74,2.15,26.25,0.537,0.52
36,MARRAKECH-TENSIFT-ALHAOUZ,Chichaoua Ichamraren,24.57,27.24,2.96,34.03,0.471,0.269
36,MARRAKECH-TENSIFT-ALHAOUZ,Al Haouz Ouirgane,24.5,24.58,3.01,39.46,0.501,0.332
36,MARRAKECH-TENSIFT-ALHAOUZ,Chichaoua Gmassa,24.49,29.74,2.62,31.38,0.515,0.321
36,MARRAKECH-TENSIFT-ALHAOUZ,Al Haouz Ghmate,24.36,29.46,2.58,31.27,0.493,0.446
36,MARRAKECH-TENSIFT-ALHAOUZ,Al Haouz Ait Hkim Ait Yzid,24.3,29.56,2.56,30.53,0.429,0.229
36,MARRAKECH-TENSIFT-ALHAOUZ,Essaouira Moulay Bouzarqtoune,24.26,27.08,3.05,33.27,0.555,0.276
36,MARRAKECH-TENSIFT-ALHAOUZ,Al Haouz Sti Fadma,24.11,25.07,2.88,36.79,0.398,0.434
36,MARRAKECH-TENSIFT-ALHAOUZ,Marrakech Sid Zouine,24.01,36.59,1.69,24.35,0.517,0.234
36,MARRAKECH-TENSIFT-ALHAOUZ,El Kelaa Des Sraghna Bouchane,23.98,29.64,2.6,32.0,0.507,0.286
36,MARRAKECH-TENSIFT-ALHAOUZ,Al Haouz Iguerferouane,23.97,30.32,2.6,30.88,0.411,0.294
37,MARRAKECH-TENSIFT-ALHAOUZ,El Kelaa Des Sraghna Labrikiyne,23.84,35.47,2.12,27.15,0.481,0.3
37,MARRAKECH-TENSIFT-ALHAOUZ,El Kelaa Des Sraghna Oulad Cherki,23.66,33.26,2.28,28.29,0.48,0.295
37,MARRAKECH-TENSIFT-ALHAOUZ,El Kelaa Des Sraghna Oulad Aamer,23.65,30.22,2.53,30.55,0.524,0.752
37,MARRAKECH-TENSIFT-ALHAOUZ,Chichaoua Majjat,23.6,31.51,2.28,30.02,0.516,0.374
37,MARRAKECH-TENSIFT-ALHAOUZ,El Kelaa Des Sraghna Oulad Sbih,23.47,30.08,2.53,30.02,0.519,0.591
37,MARRAKECH-TENSIFT-ALHAOUZ,El Kelaa Des Sraghna Oulad Khallouf,23.14,23.98,2.88,34.88,0.544,0.818
37,MARRAKECH-TENSIFT-ALHAOUZ,Al Haouz Oulad Mtaa,22.8,23.88,2.93,36.01,0.598,0.613
37,MARRAKECH-TENSIFT-ALHAOUZ,El Kelaa Des Sraghna Sidi Moussa,22.58,27.1,2.55,32.73,0.531,0.753
37,MARRAKECH-TENSIFT-ALHAOUZ,El Kelaa Des Sraghna Bouya Omar,22.4,25.46,2.7,34.45,0.514,0.786
37,MARRAKECH-TENSIFT-ALHAOUZ,El Kelaa Des Sraghna Mayate,22.32,33.75,2.03,27.57,0.489,0.417
37,MARRAKECH-TENSIFT-ALHAOUZ,Chichaoua Nfifa,22.27,25.53,2.56,33.56,0.512,0.496
37,MARRAKECH-TENSIFT-ALHAOUZ,El Kelaa Des Sraghna Jbiel,22.21,30.89,2.18,29.71,0.496,0.498
37,MARRAKECH-TENSIFT-ALHAOUZ,Chichaoua Lamzoudia,21.91,34.33,1.83,27.73,0.493,0.364
37,MARRAKECH-TENSIFT-ALHAOUZ,El Kelaa Des Sraghna Sidi El Hattab,21.89,34.69,1.95,27.1,0.476,0.383
37,MARRAKECH-TENSIFT-ALHAOUZ,El Kelaa Des Sraghna Sidi Aissa Ben Slimane,21.85,31.18,2.23,30.09,0.494,0.695
37,MARRAKECH-TENSIFT-ALHAOUZ,El Kelaa Des Sraghna Oulad Zarrad,21.85,32.58,2.09,28.66,0.496,0.632
37,MARRAKECH-TENSIFT-ALHAOUZ,Al Haouz Moulay Brahim,21.63,32.57,2.0,27.94,0.44,0.222
37,MARRAKECH-TENSIFT-ALHAOUZ,Essaouira Ait Daoud (M),21.62,24.86,2.37,36.41,0.601,
37,MARRAKECH-TENSIFT-ALHAOUZ,El Kelaa Des Sraghna Chtaiba,21.44,27.2,2.44,32.93,0.541,0.779
37,MARRAKECH-TENSIFT-ALHAOUZ,El Kelaa Des Sraghna Lounasda,21.08,25.49,2.42,33.08,0.471,0.578
37,MARRAKECH-TENSIFT-ALHAOUZ,Marrakech Oulad Hassoune,20.89,30.67,2.0,30.35,0.544,0.6
37,MARRAKECH-TENSIFT-ALHAOUZ,El Kelaa Des Sraghna Jouala,20.71,32.84,1.9,28.39,0.551,0.534
37,MARRAKECH-TENSIFT-ALHAOUZ,"Al Haouz Sidi Abdellah Ghiat (AC) 20,64 27,68 2,28 33,18 0,616 - El Kelaa Des Sraghna Ben Guerir (M)",20.49,24.05,2.32,35.46,0.634,
37,MARRAKECH-TENSIFT-ALHAOUZ,El Kelaa Des Sraghna Laattaouia Ech- chaybia,20.47,33.15,1.76,26.74,0.495,0.429
37,MARRAKECH-TENSIFT-ALHAOUZ,Al Haouz Tidili Mesfioua,20.43,27.86,2.17,31.1,0.436,0.332
37,MARRAKECH-TENSIFT-ALHAOUZ,Al Haouz Talat N'Yaaqoub,20.35,19.08,2.83,38.99,0.536,0.549
37,MARRAKECH-TENSIFT-ALHAOUZ,Al Haouz Amizmiz,20.33,22.8,2.6,35.49,0.574,0.535
38,MARRAKECH-TENSIFT-ALHAOUZ,El Kelaa Des Sraghna Oulad Bouali Loued,20.3,26.57,2.23,32.15,0.586,0.7
38,MARRAKECH-TENSIFT-ALHAOUZ,Chichaoua Sidi Bouzid Arragragui,20.23,23.83,2.45,35.63,0.555,0.557
38,MARRAKECH-TENSIFT-ALHAOUZ,Al Haouz Abadou,20.16,27.06,2.23,32.16,0.502,0.318
38,MARRAKECH-TENSIFT-ALHAOUZ,El Kelaa Des Sraghna M'Zem Sanhaja,20.09,28.82,2.01,30.43,0.521,0.622
38,MARRAKECH-TENSIFT-ALHAOUZ,El Kelaa Des Sraghna Oulad Aarrad,20.07,28.63,2.13,30.34,0.571,0.605
38,MARRAKECH-TENSIFT-ALHAOUZ,Al Haouz Lalla Takarkoust (AC),19.3,24.2,2.1,35.46,0.598,
38,MARRAKECH-TENSIFT-ALHAOUZ,El Kelaa Des Sraghna Ouargui,19.15,25.65,2.14,33.02,0.585,0.867
38,MARRAKECH-TENSIFT-ALHAOUZ,El Kelaa Des Sraghna Znada,19.13,28.29,1.98,30.71,0.576,0.671
38,MARRAKECH-TENSIFT-ALHAOUZ,El Kelaa Des Sraghna Tamallalt (M),18.57,26.83,1.89,33.64,0.613,
38,MARRAKECH-TENSIFT-ALHAOUZ,Al Haouz Tizguine,18.17,21.86,2.2,34.53,0.57,0.463
38,MARRAKECH-TENSIFT-ALHAOUZ,El Kelaa Des Sraghna Laattaouia (M),18.05,25.05,1.89,34.21,0.634,
38,MARRAKECH-TENSIFT-ALHAOUZ,El Kelaa Des Sraghna Zemrane Charqia,17.79,25.5,1.94,32.45,0.552,0.797
38,MARRAKECH-TENSIFT-ALHAOUZ,Al Haouz Tameslohte,17.68,29.77,1.64,29.32,0.541,0.617
38,MARRAKECH-TENSIFT-ALHAOUZ,Al Haouz Amghras,17.59,26.54,1.87,30.78,0.427,0.318
38,MARRAKECH-TENSIFT-ALHAOUZ,Al Haouz Sidi Badhaj,17.24,19.64,2.14,36.37,0.517,0.709
38,MARRAKECH-TENSIFT-ALHAOUZ,El Kelaa Des Sraghna Laatamna,16.77,27.62,1.6,29.96,0.531,0.622
38,MARRAKECH-TENSIFT-ALHAOUZ,Chichaoua Imintanoute (M),16.74,24.38,1.65,33.81,0.639,
38,MARRAKECH-TENSIFT-ALHAOUZ,Al Haouz Touama,16.05,23.39,1.76,34.76,0.531,0.445
38,MARRAKECH-TENSIFT-ALHAOUZ,Al Haouz Tahannaout,15.81,29.55,1.34,28.43,0.529,0.43
38,MARRAKECH-TENSIFT-ALHAOUZ,Al Haouz Dar Jamaa,15.81,25.63,1.61,29.76,0.438,0.275
38,MARRAKECH-TENSIFT-ALHAOUZ,Marrakech Ouahat Sidi Brahim,15.71,23.66,1.69,34.29,0.609,0.877
38,MARRAKECH-TENSIFT-ALHAOUZ,Al Haouz Sidi Abdallah Ghiat,15.6,29.67,1.4,28.93,0.483,0.47
38,MARRAKECH-TENSIFT-ALHAOUZ,Chichaoua Chichaoua (M),15.51,21.65,1.71,37.78,0.661,
38,MARRAKECH-TENSIFT-ALHAOUZ,Al Haouz Ait Faska,15.48,22.39,1.69,33.55,0.558,0.692
38,MARRAKECH-TENSIFT-ALHAOUZ,Al Haouz Asni,15.46,19.67,1.8,37.5,0.517,0.586
38,MARRAKECH-TENSIFT-ALHAOUZ,Marrakech Harbil,15.31,28.05,1.45,29.35,0.543,0.609
38,MARRAKECH-TENSIFT-ALHAOUZ,El Kelaa Des Sraghna Choara,14.86,25.81,1.42,30.23,0.568,0.686
38,MARRAKECH-TENSIFT-ALHAOUZ,El Kelaa Des Sraghna Dzouz,14.77,32.11,1.18,25.96,0.537,0.492
38,MARRAKECH-TENSIFT-ALHAOUZ,Al Haouz Ourika,14.66,21.91,1.54,34.49,0.552,0.54
38,MARRAKECH-TENSIFT-ALHAOUZ,El Kelaa Des Sraghna Fraita,14.55,21.24,1.58,34.56,0.409,0.765
38,MARRAKECH-TENSIFT-ALHAOUZ,El Kelaa Des Sraghna Skhour Rhamna (AC),14.47,24.42,1.28,33.11,0.653,
39,MARRAKECH-TENSIFT-ALHAOUZ,Essaouira Tamanar (M),14.39,21.65,1.47,35.72,0.574,
39,MARRAKECH-TENSIFT-ALHAOUZ,Al Haouz Centre Ghmat (AC),14.33,22.56,1.39,30.9,0.656,
39,MARRAKECH-TENSIFT-ALHAOUZ,Marrakech Agafay,14.27,27.08,1.35,28.67,0.516,0.728
39,MARRAKECH-TENSIFT-ALHAOUZ,Marrakech Alouidane,13.36,25.27,1.24,30.35,0.598,0.657
39,MARRAKECH-TENSIFT-ALHAOUZ,Essaouira Smimou (AC),13.15,26.87,0.98,31.45,0.62,
39,MARRAKECH-TENSIFT-ALHAOUZ,Al Haouz Ait Ourir (M),12.09,18.44,1.31,36.49,0.648,
39,MARRAKECH-TENSIFT-ALHAOUZ,El Kelaa Des Sraghna Sidi Rahhal (M),12.03,19.98,1.23,34.95,0.636,
39,MARRAKECH-TENSIFT-ALHAOUZ,AL haouz Tahannaout (AC),12.02,18.4,1.3,37.92,0.682,
39,MARRAKECH-TENSIFT-ALHAOUZ,Marrakech Loudaya (AC),11.45,27.96,0.84,26.9,0.612,
39,MARRAKECH-TENSIFT-ALHAOUZ,Chichaoua Sid L'Mokhtar (AC),11.42,31.19,0.73,26.81,0.587,
39,MARRAKECH-TENSIFT-ALHAOUZ,El Kelaa Des Sraghna Sidi Bou Othmane (AC),11.15,24.68,0.89,31.46,0.645,
39,MARRAKECH-TENSIFT-ALHAOUZ,Essaouira Talmest (M),11.12,18.43,1.06,34.87,0.615,
39,MARRAKECH-TENSIFT-ALHAOUZ,Al Haouz Ait Sidi Daoud,11.01,21.39,1.07,31.7,0.514,0.593
39,MARRAKECH-TENSIFT-ALHAOUZ,Marrakech Souihla,10.24,24.36,0.89,28.93,0.552,0.686
39,MARRAKECH-TENSIFT-ALHAOUZ,Marrakech Annakhil (AR),9.6,21.75,0.84,33.38,0.602,
39,MARRAKECH-TENSIFT-ALHAOUZ,Essaouira El Hanchane (M),9.26,20.14,0.76,31.14,0.625,
39,MARRAKECH-TENSIFT-ALHAOUZ,Marrakech Méchouar Kasba (M),9.19,18.4,0.84,33.6,0.68,
39,MARRAKECH-TENSIFT-ALHAOUZ,Marrakech Saada,8.84,19.43,0.78,30.46,0.585,0.728
39,MARRAKECH-TENSIFT-ALHAOUZ,Al Haouz Amizmiz (AC),8.83,17.71,0.82,34.56,0.691,
39,MARRAKECH-TENSIFT-ALHAOUZ,El Kelaa Des Sraghna El Kelaâ des Sraghna (M),8.64,18.05,0.75,33.88,0.662,
39,MARRAKECH-TENSIFT-ALHAOUZ,Al Haouz Tameslohte (AC),8.62,24.52,0.67,28.63,0.628,
39,MARRAKECH-TENSIFT-ALHAOUZ,Marrakech Ait Imour,8.14,20.9,0.71,27.38,0.58,0.608
39,MARRAKECH-TENSIFT-ALHAOUZ,Marrakech Sid Zouine (AC),7.94,30.36,0.44,24.58,0.564,
39,MARRAKECH-TENSIFT-ALHAOUZ,Marrakech Marrakech-Médina (AR),7.69,17.98,0.63,33.34,0.649,
39,MARRAKECH-TENSIFT-ALHAOUZ,Marrakech Tassoultante,7.68,16.62,0.7,31.47,0.614,0.788
39,MARRAKECH-TENSIFT-ALHAOUZ,Essaouira Tafetachte (AC),7.07,13.92,0.63,35.87,0.681,
39,MARRAKECH-TENSIFT-ALHAOUZ,Al Haouz Moulay Brahim (AC),7.04,24.99,0.43,25.72,0.535,
39,MARRAKECH-TENSIFT-ALHAOUZ,Marrakech Ménara (AR),6.59,12.0,0.68,38.2,0.704,
39,MARRAKECH-TENSIFT-ALHAOUZ,Marrakech Sidi Youssef Ben Ali (AR),6.44,16.97,0.51,32.65,0.65,
39,MARRAKECH-TENSIFT-ALHAOUZ,Marrakech Loudaya,6.44,14.82,0.55,29.39,0.558,0.589
39,MARRAKECH-TENSIFT-ALHAOUZ,Essaouira Essaouira (M),5.71,12.36,0.54,36.39,0.688,
39,MARRAKECH-TENSIFT-ALHAOUZ,Marrakech Kettara (AC),5.38,10.35,0.55,35.83,0.7,
39,MARRAKECH-TENSIFT-ALHAOUZ,Essaouira Ounagha (AC),4.31,11.75,0.37,29.0,0.667,
39,MARRAKECH-TENSIFT-ALHAOUZ,Marrakech Gueliz (AR),3.2,6.35,0.32,42.11,0.75,
40,ORIENTAL,Figuig Abbou Lakhal,66.85,16.07,17.65,22.99,0.424,0.758
40,ORIENTAL,Figuig Boumerieme,62.68,20.32,13.34,33.59,0.325,0.197
40,ORIENTAL,Figuig Maatarka,62.53,19.42,13.71,37.78,0.405,0.188
40,ORIENTAL,Jerada Oulad Ghziyel,62.44,19.9,13.67,35.48,0.399,0.215
40,ORIENTAL,Taourirt Oulad M'hammed,59.07,21.22,11.98,31.81,0.322,0.003
40,ORIENTAL,Taourirt El Atef,58.03,23.28,10.83,30.68,0.308,0.239
40,ORIENTAL,Taourirt Sidi Ali Belkassem,51.71,22.06,9.48,38.63,0.445,0.254
40,ORIENTAL,Jerada Lebkhata,49.03,22.96,8.28,33.28,0.479,0.441
40,ORIENTAL,Figuig Tendrara,48.93,22.55,8.24,29.71,0.338,0.358
40,ORIENTAL,Figuig Bouanane,44.47,22.77,7.54,37.4,0.493,0.377
40,ORIENTAL,Figuig Talsint,43.81,23.81,7.19,35.4,0.375,0.208
40,ORIENTAL,Jerada Mrija,42.99,24.5,6.83,36.13,0.43,0.379
40,ORIENTAL,Oujda-Angad Mestferki,42.71,25.65,6.34,34.19,0.492,0.471
40,ORIENTAL,Jerada Tiouli,41.88,25.04,6.26,33.25,0.446,0.247
40,ORIENTAL,Taourirt Sidi Lahsen,41.83,25.98,6.18,33.55,0.451,0.227
40,ORIENTAL,Nador Oulad Amghar,41.79,26.09,6.24,33.53,0.469,0.109
40,ORIENTAL,Nador Oulad Boubker,41.69,25.9,5.92,33.62,0.384,0.237
40,ORIENTAL,Figuig Bni Tadjite,39.85,24.23,6.35,34.88,0.468,0.4
40,ORIENTAL,Berkane Tafoughalt,39.13,24.02,5.84,35.84,0.49,0.655
40,ORIENTAL,Figuig Bouchaouene,37.74,24.64,5.71,34.25,0.288,0.219
40,ORIENTAL,Jerada Bni Mathar,37.03,25.18,5.33,34.16,0.453,0.456
40,ORIENTAL,Nador Ijermaouas,35.63,27.19,4.65,33.38,0.467,0.114
40,ORIENTAL,Nador Hassi Berkane,35.54,26.33,4.69,33.39,0.488,0.279
40,ORIENTAL,Nador Afsou,34.78,28.07,4.18,31.17,0.424,0.169
40,ORIENTAL,Taourirt Tancherfi,34.51,27.71,4.14,31.61,0.432,0.248
40,ORIENTAL,Nador Tazaghine,33.71,24.54,4.55,36.02,0.521,0.386
40,ORIENTAL,Nador Trougout,33.57,26.66,4.26,33.04,0.464,0.153
40,ORIENTAL,Jerada Ras Asfour,33.45,26.21,4.21,30.47,0.509,0.316
40,ORIENTAL,Nador Boudinar,33.11,25.27,4.39,35.45,0.515,0.334
40,ORIENTAL,Jerada Oulad Sidi Abdelhakem,32.9,26.56,4.11,28.23,0.404,0.071
40,ORIENTAL,Oujda-Angad Sidi Boulenouar,32.7,26.19,4.19,32.35,0.444,0.395
40,ORIENTAL,Jerada Guenfouda,32.01,25.13,4.28,34.62,0.534,0.503
40,ORIENTAL,Figuig Bni Guil,31.67,22.49,4.48,35.37,0.495,0.696
40,ORIENTAL,Nador Bni Oukil Oulad M'Hand,30.14,26.38,3.54,33.61,0.527,0.214
40,ORIENTAL,Nador Ain Zohra,30.0,24.29,4.03,35.08,0.506,0.494
40,ORIENTAL,Taourirt Mechraa Hammadi,29.58,28.4,3.07,32.49,0.509,0.39
40,ORIENTAL,Jerada Laaouinate,28.21,22.97,3.79,34.94,0.514,0.594
40,ORIENTAL,Jerada Oued El Heimer (AC),27.18,21.89,3.65,37.32,0.634,
40,ORIENTAL,Taourirt Ahl Oued Za,26.55,23.5,3.49,35.2,0.503,0.53
40,ORIENTAL,Nador Amejjaou,26.52,26.78,2.98,32.29,0.501,0.078
41,ORIENTAL,Nador Tiztoutine Centre (AC),26.42,22.45,3.24,46.13,0.63,
41,ORIENTAL,Nador Talilit,26.36,23.98,3.08,33.63,0.515,0.613
41,ORIENTAL,Nador Bni Sidel Louta,25.38,24.23,3.06,34.88,0.544,0.316
41,ORIENTAL,Oujda-Angad Bsara,25.31,22.37,3.41,33.18,0.567,0.437
41,ORIENTAL,Oujda-Angad Ain Sfa,25.17,25.56,2.84,33.29,0.529,0.457
41,ORIENTAL,Taourirt Taourirt (M),24.93,21.69,2.97,42.25,0.635,
41,ORIENTAL,Nador Driouch,24.35,23.42,2.86,35.11,0.52,0.412
41,ORIENTAL,Nador Ait Mait,24.0,25.49,2.66,33.15,0.454,0.318
41,ORIENTAL,Jerada Jerada (M),23.83,22.94,2.77,39.55,0.639,
41,ORIENTAL,Berkane Sidi Bouhria,23.7,23.41,2.82,34.27,0.587,0.629
41,ORIENTAL,Nador Bni Marghnine,23.7,23.8,2.73,33.82,0.56,0.325
41,ORIENTAL,Nador Dar El Kebdani,23.58,23.83,2.65,34.62,0.573,0.254
41,ORIENTAL,Taourirt El Aioun Sidi Mellouk (M),23.42,22.78,2.61,41.29,0.629,
41,ORIENTAL,Nador Tiztoutine,23.15,24.64,2.47,33.51,0.513,0.401
41,ORIENTAL,Figuig Tendrara (AC),22.31,22.89,2.47,41.25,0.637,
41,ORIENTAL,Oujda-Angad Sidi Moussa Lemhaya,22.03,23.26,2.53,32.77,0.534,0.528
41,ORIENTAL,Taourirt Mestegmer,21.99,23.9,2.34,33.53,0.492,0.341
41,ORIENTAL,Jerada Ain Bni Mathar (M),21.79,22.15,2.43,40.38,0.638,
41,ORIENTAL,Jerada Gafait,21.72,22.31,2.64,33.38,0.466,0.748
41,ORIENTAL,Nador M'Hajer,21.42,24.17,2.22,31.91,0.413,0.173
41,ORIENTAL,Taourirt Ain Lehjer,21.41,24.43,2.21,32.3,0.521,0.387
41,ORIENTAL,Nador Midar,21.38,22.37,2.57,33.45,0.576,0.546
41,ORIENTAL,Berkane Rislane,21.36,23.9,2.29,33.13,0.582,0.46
41,ORIENTAL,Oujda-Angad Isly,21.25,23.02,2.42,33.68,0.588,0.802
41,ORIENTAL,Berkane Fezouane,21.24,23.67,2.29,33.39,0.576,0.62
41,ORIENTAL,Nador Ras El Ma,21.23,24.91,2.18,32.38,0.526,0.53
41,ORIENTAL,Berkane Aghbal,21.23,23.23,2.33,33.83,0.609,0.725
41,ORIENTAL,Nador Al Barkanyene,21.17,24.48,2.13,30.05,0.368,0.396
41,ORIENTAL,Nador Tafersit (AC),20.62,23.4,2.16,39.6,0.611,
41,ORIENTAL,Oujda-Angad Bni Drar (M),20.48,24.07,2.08,37.29,0.657,
41,ORIENTAL,Jerada Sidi Boubker (AC),20.28,21.28,2.23,56.5,0.705,
41,ORIENTAL,Nador Selouane,19.96,22.6,2.25,34.25,0.528,0.573
41,ORIENTAL,Berkane Madagh,19.5,22.77,2.13,34.22,0.564,0.686
41,ORIENTAL,Nador Temsamane,19.38,21.89,2.09,34.35,0.526,0.28
41,ORIENTAL,Figuig Bouarfa (M),19.32,20.02,2.21,43.62,0.661,
41,ORIENTAL,Nador Ihaddadene,19.06,23.04,1.98,30.21,0.532,0.323
41,ORIENTAL,NADOR Ferkhana (AC),18.95,24.27,1.78,36.42,0.633,
41,ORIENTAL,Nador Al Aaroui (M),18.85,21.35,1.96,40.8,0.645,
41,ORIENTAL,Nador Tsaft,18.24,22.99,1.83,32.81,0.528,0.408
41,ORIENTAL,Jerada Touissit (M),18.16,20.88,1.92,38.71,0.663,
41,ORIENTAL,Nador Ouardana,18.15,22.21,1.9,32.98,0.558,0.569
41,ORIENTAL,Nador Bouarg,18.11,22.5,1.78,34.16,0.554,0.398
42,ORIENTAL,FIGUIG Talsint (AC),17.89,20.07,1.97,39.12,0.512,
42,ORIENTAL,Berkane Zegzel,17.78,22.34,1.86,33.23,0.569,0.709
42,ORIENTAL,Oujda-Angad Ahl Angad,17.6,20.91,1.96,34.33,0.557,0.541
42,ORIENTAL,Nador Driouch (AC),17.58,20.15,1.88,41.87,0.582,
42,ORIENTAL,Nador Dar El Kebdani Centre (AC),17.55,20.4,1.92,41.83,0.643,
42,ORIENTAL,Nador Ben Taieb,17.4,22.29,1.78,33.52,0.564,0.409
42,ORIENTAL,Nador Oulad Daoud Zkhanine,17.37,22.78,1.71,32.24,0.539,0.216
42,ORIENTAL,Nador Oulad Settout,17.35,21.86,1.82,33.72,0.524,0.485
42,ORIENTAL,Oujda-Angad Bni Khaled,16.92,21.78,1.75,32.72,0.566,0.645
42,ORIENTAL,Nador Zaio (M),16.91,20.94,1.69,40.14,0.638,
42,ORIENTAL,Nador Tafersit,16.81,21.47,1.77,33.37,0.501,0.44
42,ORIENTAL,Nador Bni Chiker,16.69,20.58,1.77,35.01,0.597,0.365
42,ORIENTAL,Taourirt Melg El Ouidane,16.67,21.75,1.67,32.4,0.544,0.619
42,ORIENTAL,Nador Ben Taieb (AC),16.63,21.05,1.71,39.74,0.627,
42,ORIENTAL,Nador Bouizazarene Ihaddadene (AC),16.61,22.9,1.56,37.22,0.626,
42,ORIENTAL,Jerada Sidi Boubker,16.42,19.57,1.85,29.75,0.522,0.654
42,ORIENTAL,Berkane Chouihia,16.11,20.79,1.67,33.04,0.567,0.553
42,ORIENTAL,Berkane Aklim (M),15.96,19.1,1.68,39.91,0.66,
42,ORIENTAL,Taourirt Gteter,15.93,21.25,1.57,32.56,0.522,0.323
42,ORIENTAL,Nador Iferni,15.48,20.2,1.58,33.58,0.574,0.402
42,ORIENTAL,Figuig Figuig (M),15.46,17.4,1.73,40.94,0.652,
42,ORIENTAL,Nador Azlaf,15.38,20.59,1.58,33.02,0.575,0.524
42,ORIENTAL,Berkane Ain Erreggada (M),15.17,20.92,1.51,36.19,0.638,
42,ORIENTAL,Nador Midar (AC),15.02,18.99,1.6,41.19,0.672,
42,ORIENTAL,Berkane Sidi Slimane Echcharraa (M,14.9,21.07,1.38,37.24,0.636,
42,ORIENTAL,Berkane Bouhdila (AC),14.79,18.86,1.43,43.58,0.641,
42,ORIENTAL,Nador Farkhana,14.7,18.91,1.55,35.53,0.621,0.666
42,ORIENTAL,Nador Iksane,14.28,19.74,1.46,33.81,0.626,0.635
42,ORIENTAL,Nador Bni Sidel Jbel,14.17,20.19,1.36,34.17,0.594,0.508
42,ORIENTAL,Berkane Boughriba,13.97,19.84,1.29,33.33,0.57,0.588
42,ORIENTAL,Taourirt Debdou (M),13.53,19.34,1.32,38.73,0.617,
42,ORIENTAL,Nador Jaadar (AC),13.49,19.46,1.31,39.41,0.679,
42,ORIENTAL,Nador Kassita (AC),13.48,17.35,1.39,41.72,0.668,
42,ORIENTAL,Nador Bni Chiker (AC),13.36,18.39,1.28,38.36,0.681,
42,ORIENTAL,Figuig Ain Chouater,13.33,19.5,1.22,27.98,0.571,0.969
42,ORIENTAL,Nador Bni Bouifrour,13.08,19.58,1.25,32.75,0.577,0.668
42,ORIENTAL,Berkane Laatamna,12.98,19.13,1.2,33.89,0.606,0.801
42,ORIENTAL,Nador Arekmane,12.48,19.06,1.19,33.61,0.598,0.33
42,ORIENTAL,Figuig Bouanane (AC),12.28,18.21,1.19,40.3,0.66,
42,ORIENTAL,Nador Taouima (AC),12.27,17.94,1.14,37.98,0.702,
42,ORIENTAL,Nador Kariat Arekmane (AC),11.73,17.3,1.06,42.29,0.651,
43,ORIENTAL,Nador Bni Ansar (M),11.64,17.39,1.06,43.38,0.691,
43,ORIENTAL,Nador Iaazzanene,11.57,17.48,1.09,34.01,0.618,0.533
43,ORIENTAL,Oujda-Angad Oujda (M),10.86,15.75,1.02,42.2,0.695,
43,ORIENTAL,Berkane Ahfir (M),10.53,16.22,0.99,38.72,0.652,
43,ORIENTAL,Nador Zeghanghane (M),10.28,16.26,0.95,38.78,0.643,
43,ORIENTAL,Figuig Bni Tadjite (AC),9.85,15.89,0.91,41.8,0.653,
43,ORIENTAL,Oujda-Angad Naima (M),9.53,14.7,0.96,34.41,0.7,
43,ORIENTAL,Nador Ras El Ma (AC),9.51,17.25,0.81,38.69,0.679,
43,ORIENTAL,Berkane Berkane (M),9.21,14.91,0.82,40.97,0.674,
43,ORIENTAL,Berkane Madagh (AC),8.17,13.9,0.7,36.2,0.68,
43,ORIENTAL,Nador Kourouna (AC),8.12,11.65,0.76,42.08,0.703,
43,ORIENTAL,Nador Selouane (AC),7.78,11.76,0.74,43.0,0.714,
43,ORIENTAL,Nador Nador (M),7.44,12.95,0.65,42.66,0.679,
43,ORIENTAL,Berkane Saidia (M),5.56,10.82,0.45,42.84,0.678,
44,GRAND CASABLANCA,Médiouna Lahraouyine (AC),20.22,25.4,1.86,33.35,0.626,
44,GRAND CASABLANCA,Nouaceur Lamkansa (AC),14.74,21.34,1.33,35.03,0.654,
44,GRAND CASABLANCA,Mediouna Mediouna (M),8.65,15.14,0.73,37.58,0.692,
44,GRAND CASABLANCA,Mohammadia Lamkansa (AC),8.23,14.57,0.66,44.64,0.698,
44,GRAND CASABLANCA,Mohammedia Ain Harrouda(M),7.42,13.35,0.6,40.36,0.688,
44,GRAND CASABLANCA,Nouaceur Nouaceur (M),7.37,12.87,0.61,41.36,0.704,
44,GRAND CASABLANCA,Mohammedia Sidi Moussa Ben Ali,6.91,13.44,0.58,36.0,0.637,0.718
44,GRAND CASABLANCA,Mediouna Sidi Hajjaj Oued Hassar,6.85,13.06,0.59,35.88,0.644,0.705
44,GRAND CASABLANCA,Nouaceur Oulad Salah,6.82,13.24,0.57,34.86,0.656,0.614
44,GRAND CASABLANCA,Nouceau Bouskoura (AC),6.41,13.33,0.46,39.93,0.706,
44,GRAND CASABLANCA,Mediouna Tit Mellil (M),6.41,12.82,0.51,38.48,0.708,
44,GRAND CASABLANCA,Mediouna Al Majjatia Oulad Taleb,5.86,12.07,0.47,35.49,0.662,0.757
44,GRAND CASABLANCA,Nouaceur Dar Bouazza,5.75,11.33,0.5,37.69,0.643,0.756
44,GRAND CASABLANCA,Nouaceur Bouskoura,5.57,11.08,0.48,37.49,0.665,0.743
44,GRAND CASABLANCA,Mediouna Lahraouyine,5.36,11.21,0.45,35.64,0.629,0.711
44,GRAND CASABLANCA,Mohammedia Sidi Moussa Majdoub,5.34,12.62,0.4,34.24,0.643,0.755
44,GRAND CASABLANCA,Mohammedia Bni Yakhlef,5.27,11.28,0.41,34.91,0.627,0.792
44,GRAND CASABLANCA,Casablanca Sidi Moumen (AR),4.97,9.85,0.38,39.6,0.734,
44,GRAND CASABLANCA,Casablanca Aîn-Sebaâ (AR),4.55,8.65,0.36,43.2,0.749,
44,GRAND CASABLANCA,Casablanca Moulay Rachid (AR),4.25,11.15,0.27,37.25,0.71,
44,GRAND CASABLANCA,Casablanca Ben M'Sick (AR),4.19,10.11,0.29,36.43,0.705,
44,GRAND CASABLANCA,Mohammedia Ech-challalate,4.18,9.78,0.32,34.72,0.668,0.907
44,GRAND CASABLANCA,Casablanca Anfa (AR),3.14,6.39,0.24,51.66,0.798,
44,GRAND CASABLANCA,Mohammedia Mohammedia (M),3.05,7.09,0.23,44.1,0.74,
44,GRAND CASABLANCA,Casablanca Sidi Othmane (AR),2.9,8.83,0.17,36.53,0.714,
44,GRAND CASABLANCA,Casablanca Sbata (AR),2.77,7.66,0.18,37.44,0.726,
44,GRAND CASABLANCA,Casablanca Al-Fida (AR),2.52,7.93,0.15,36.45,0.723,
44,GRAND CASABLANCA,Casablanca Mers-Sultan (AR),2.37,7.57,0.13,41.41,0.737,
44,GRAND CASABLANCA,Casablanca Aîn-Chock (AR),2.08,5.33,0.14,43.65,0.76,
44,GRAND CASABLANCA,Casablanca Sidi Belyout (AR),1.95,6.07,0.11,44.43,0.758,
44,GRAND CASABLANCA,Casablanca Hay-Hassani (AR),1.75,5.39,0.1,43.12,0.756,
44,GRAND CASABLANCA,Casablanca Hay Mohammadi (AR),1.65,5.97,0.09,36.7,0.738,
44,GRAND CASABLANCA,Casablanca El Maarif (AR),1.62,3.83,0.11,47.26,0.804,
44,GRAND CASABLANCA,Casablanca Sidi Bernoussi (AR),1.35,4.45,0.08,39.28,0.763,
44,GRAND CASABLANCA,Casablanca Mechouar de Casablanca (M),1.03,3.55,0.06,42.65,0.77,
44,GRAND CASABLANCA,Casablanca Assoukhour Assawda (AR),0.81,2.65,0.05,39.7,0.785,
45,RABAT-SALE-ZEMMOUR-ZAER,Khemisset Moulay Driss Aghbal,27.32,24.53,3.4,35.35,0.492,0.313
45,RABAT-SALE-ZEMMOUR-ZAER,KHEMISSET Maaziz (AC),26.87,21.92,4.09,38.69,0.639,
45,RABAT-SALE-ZEMMOUR-ZAER,Khemisset M'qam Tolba,25.08,24.68,2.93,35.17,0.508,0.326
45,RABAT-SALE-ZEMMOUR-ZAER,Khemisset Ain Sbit,23.45,22.75,2.81,38.77,0.551,0.411
45,RABAT-SALE-ZEMMOUR-ZAER,Khemisset Jemaat Moul Blad,22.88,25.07,2.3,34.68,0.522,0.304
45,RABAT-SALE-ZEMMOUR-ZAER,Salé Shoul,22.86,25.6,2.34,34.45,0.525,0.268
45,RABAT-SALE-ZEMMOUR-ZAER,Khemisset Ait Yadine,21.99,23.88,2.47,35.44,0.501,0.361
45,RABAT-SALE-ZEMMOUR-ZAER,Khemisset Ait Ichou,21.98,25.45,2.13,31.67,0.417,0.351
45,RABAT-SALE-ZEMMOUR-ZAER,Khemisset Laghoualem,21.76,22.39,2.51,36.67,0.543,0.229
45,RABAT-SALE-ZEMMOUR-ZAER,Khemisset El Ganzra,20.65,23.63,2.32,34.27,0.474,0.386
45,RABAT-SALE-ZEMMOUR-ZAER,Khemisset Ait Ikkou,20.62,23.67,2.17,34.44,0.544,0.233
45,RABAT-SALE-ZEMMOUR-ZAER,Khemisset Sidi Boukhalkhal,20.61,24.51,2.15,33.11,0.465,0.303
45,RABAT-SALE-ZEMMOUR-ZAER,Khemisset Bouqachmir,20.26,25.57,1.97,31.74,0.384,0.257
45,RABAT-SALE-ZEMMOUR-ZAER,Khemisset Ain Johra,20.18,23.18,2.17,34.52,0.532,0.265
45,RABAT-SALE-ZEMMOUR-ZAER,Khemisset Ezzhiliga,19.97,22.86,2.1,38.06,0.535,0.409
45,RABAT-SALE-ZEMMOUR-ZAER,Khemisset Ait Mimoune,19.73,23.71,1.94,35.52,0.53,0.387
45,RABAT-SALE-ZEMMOUR-ZAER,Khemisset Brachoua,19.62,21.71,2.23,37.94,0.561,0.409
45,RABAT-SALE-ZEMMOUR-ZAER,Skhirate- Temara Ain El Aouda (M),19.5,22.09,2.5,40.67,0.645,
45,RABAT-SALE-ZEMMOUR-ZAER,Khemisset Oulmes,18.89,21.58,2.11,37.84,0.508,0.319
45,RABAT-SALE-ZEMMOUR-ZAER,Khemisset Sfassif,18.66,23.79,1.9,34.91,0.496,0.456
45,RABAT-SALE-ZEMMOUR-ZAER,KHEMISSET Tiddas (AC),18.6,19.78,2.28,39.5,0.663,
45,RABAT-SALE-ZEMMOUR-ZAER,Khemisset Marchouch,18.06,21.76,1.93,36.73,0.561,0.382
45,RABAT-SALE-ZEMMOUR-ZAER,Khemisset Ait Ouribel,17.45,22.58,1.79,34.34,0.533,0.368
45,RABAT-SALE-ZEMMOUR-ZAER,Khemisset Tiddas,17.38,21.51,1.81,35.39,0.528,0.221
45,RABAT-SALE-ZEMMOUR-ZAER,Khemisset Rommani (M),17.37,18.86,2.32,40.01,0.701,
45,RABAT-SALE-ZEMMOUR-ZAER,Khemisset Sidi Allal El Bahraoui,17.29,21.14,1.9,36.72,0.493,0.34
45,RABAT-SALE-ZEMMOUR-ZAER,Khemisset Sidi Abderrazak,16.5,20.42,1.79,37.74,0.525,0.433
45,RABAT-SALE-ZEMMOUR-ZAER,Salé Sidi Bouknadel,15.63,20.55,1.6,37.2,0.56,0.564
45,RABAT-SALE-ZEMMOUR-ZAER,Khemisset Ait Siberne,15.27,21.57,1.37,34.2,0.544,0.42
45,RABAT-SALE-ZEMMOUR-ZAER,Skhirate- Temara Skhirate (M),15.21,22.29,1.73,38.94,0.626,
45,RABAT-SALE-ZEMMOUR-ZAER,Khemisset Ait Malek,14.53,20.63,1.44,34.69,0.534,0.288
45,RABAT-SALE-ZEMMOUR-ZAER,Salé Layayda (AR),13.87,20.91,1.55,34.88,0.64,
45,RABAT-SALE-ZEMMOUR-ZAER,Khemisset Maaziz,13.81,18.05,1.38,36.74,0.516,0.317
45,RABAT-SALE-ZEMMOUR-ZAER,Khemisset Tiflet (M),13.21,18.06,1.62,36.6,0.638,
45,RABAT-SALE-ZEMMOUR-ZAER,Khemisset Ait Belkacem,13.09,20.25,1.24,34.15,0.526,0.318
45,RABAT-SALE-ZEMMOUR-ZAER,KHEMISSET Oulmes (AC),12.84,18.65,1.49,38.0,0.644,
45,RABAT-SALE-ZEMMOUR-ZAER,Khemisset Sidi El Ghandour,12.56,19.06,1.19,34.3,0.585,0.489
45,RABAT-SALE-ZEMMOUR-ZAER,Khemisset Majmaa Tolba,12.5,19.23,1.2,34.01,0.572,0.389
45,RABAT-SALE-ZEMMOUR-ZAER,Skhirate- Temara Sabbah,12.33,18.41,1.18,37.26,0.598,0.678
45,RABAT-SALE-ZEMMOUR-ZAER,Skhirate- Temara Sidi Yahya Zaer,11.89,18.27,1.1,37.3,0.585,0.551
45,RABAT-SALE-ZEMMOUR-ZAER,Khemisset Ait Bouyahya El,11.69,17.13,1.15,35.82,0.625,0.426
46,RABAT-SALE-ZEMMOUR-ZAER,Hajjama Khemisset Sidi Allal Lamsadder,11.31,16.78,1.14,35.6,0.561,0.294
46,RABAT-SALE-ZEMMOUR-ZAER,Skhirate- Temara Mers El Kheir,10.74,17.66,0.97,36.29,0.633,0.591
46,RABAT-SALE-ZEMMOUR-ZAER,Khemisset Khémisset (M),9.61,14.51,1.13,37.38,0.646,
46,RABAT-SALE-ZEMMOUR-ZAER,Skhirate- Temara El Menzeh,9.58,15.63,0.86,39.59,0.611,0.673
46,RABAT-SALE-ZEMMOUR-ZAER,Khemisset Houderrane,8.85,15.28,0.76,34.81,0.493,0.555
46,RABAT-SALE-ZEMMOUR-ZAER,Skhirate- Temara Oumazza,8.77,14.99,0.82,35.41,0.627,0.567
46,RABAT-SALE-ZEMMOUR-ZAER,Skhirate- Temara Témara (M),8.51,13.99,0.94,40.87,0.703,
46,RABAT-SALE-ZEMMOUR-ZAER,Khemisset Khemis Sidi Yahya,8.13,14.97,0.72,34.34,0.619,0.372
46,RABAT-SALE-ZEMMOUR-ZAER,Skhirate- Temara Ain Attig,7.62,14.53,0.62,35.52,0.623,0.744
46,RABAT-SALE-ZEMMOUR-ZAER,Khemisset Sidi Allal El Bahraoui (AC),6.11,12.65,0.62,36.12,0.686,
46,RABAT-SALE-ZEMMOUR-ZAER,Salé Bouknadel (AC),4.78,12.29,0.46,31.12,0.622,
46,RABAT-SALE-ZEMMOUR-ZAER,Salé Hssaine (AR),4.47,8.05,0.47,37.27,0.719,
46,RABAT-SALE-ZEMMOUR-ZAER,Salé Bab Lamrissa (AR),4.34,8.11,0.45,38.01,0.726,
46,RABAT-SALE-ZEMMOUR-ZAER,Salé Tabriquet (AR),4.2,8.62,0.41,35.78,0.706,
46,RABAT-SALE-ZEMMOUR-ZAER,Rabat Yacoub El Mansour (AR),3.16,7.22,0.28,36.81,0.737,
46,RABAT-SALE-ZEMMOUR-ZAER,Salé Bettana (AR),3.12,6.7,0.3,37.54,0.739,
46,RABAT-SALE-ZEMMOUR-ZAER,Skhirate- Temara Harhoura (M),3.05,6.06,0.31,42.55,0.715,
46,RABAT-SALE-ZEMMOUR-ZAER,Rabat El Youssoufia (AR),2.57,5.67,0.25,34.96,0.726,
46,RABAT-SALE-ZEMMOUR-ZAER,Rabat Souissi (AR),2.29,4.5,0.24,39.68,0.774,
46,RABAT-SALE-ZEMMOUR-ZAER,Rabat Hassan (AR),1.66,3.45,0.15,39.41,0.776,
46,RABAT-SALE-ZEMMOUR-ZAER,Rabat Agdal Riyad (AR),1.4,2.66,0.14,39.06,0.82,
46,RABAT-SALE-ZEMMOUR-ZAER,Rabat Touarga (M),0.2,0.6,0.01,26.18,0.763,
47,DOUKALA-ABDA,Safi Laamamra,40.09,33.46,3.49,25.89,0.355,0.169
47,DOUKALA-ABDA,Safi Ras El Ain,34.97,34.01,2.98,26.42,0.427,0.319
47,DOUKALA-ABDA,El-Jadida Oulad Boussaken,33.35,31.8,3.07,28.48,0.474,0.229
47,DOUKALA-ABDA,El-Jadida Mogress,33.29,32.25,2.95,27.56,0.476,0.264
47,DOUKALA-ABDA,Safi Sidi Chiker,33.16,33.02,2.81,26.75,0.436,0.293
47,DOUKALA-ABDA,El-Jadida Oulad Aissa,33.08,34.04,2.56,26.81,0.478,0.416
47,DOUKALA-ABDA,El-Jadida Oulad Amrane,31.29,32.99,2.59,26.83,0.495,0.288
47,DOUKALA-ABDA,Safi Jdour,30.48,33.51,2.47,27.06,0.494,0.211
47,DOUKALA-ABDA,Safi Lamrasla,30.23,34.61,2.33,25.44,0.443,0.216
47,DOUKALA-ABDA,Safi Jnane Bouih,30.2,34.68,2.25,25.64,0.444,0.16
47,DOUKALA-ABDA,El-Jadida Zaouiat Saiss,29.95,33.17,2.35,27.38,0.512,0.357
47,DOUKALA-ABDA,El-Jadida Tamda,29.9,31.1,2.59,29.32,0.473,0.235
47,DOUKALA-ABDA,Safi Lakhoualqa,29.16,33.11,2.4,26.92,0.462,0.465
47,DOUKALA-ABDA,El-Jadida Metrane,27.91,31.12,2.33,28.9,0.469,0.408
47,DOUKALA-ABDA,Safi Esbiaat,27.41,32.7,2.21,27.54,0.501,0.421
47,DOUKALA-ABDA,Safi Ayir,27.15,35.43,1.78,25.52,0.519,0.402
47,DOUKALA-ABDA,Safi El Ghiate,26.61,33.02,1.98,27.12,0.484,0.145
47,DOUKALA-ABDA,El-Jadida Khmis Ksiba,26.49,30.47,2.15,29.0,0.452,0.433
47,DOUKALA-ABDA,Safi El Beddouza,26.44,35.75,1.69,24.92,0.442,0.411
47,DOUKALA-ABDA,El-Jadida Sidi M'Hamed Akhdim,26.15,31.48,2.06,27.75,0.497,0.338
47,DOUKALA-ABDA,El-Jadida Bni Tsiriss,25.54,32.08,1.95,27.23,0.48,0.279
47,DOUKALA-ABDA,El-Jadida Koudiat Bni Dghough,25.38,31.14,1.97,28.23,0.481,0.294
47,DOUKALA-ABDA,Safi Laakarta (AC),25.28,26.36,3.15,38.32,0.584,
47,DOUKALA-ABDA,Safi Ighoud,25.05,35.43,1.64,24.73,0.412,0.158
47,DOUKALA-ABDA,El-Jadida Oulad Sidi Ali Ben Yousse,25.02,33.23,1.8,26.29,0.485,0.464
47,DOUKALA-ABDA,El-Jadida Oulad Hamdane,24.18,30.66,1.86,29.02,0.436,0.216
47,DOUKALA-ABDA,El jadida Sebt Lamaarif (AC),23.91,23.25,3.65,39.46,0.585,
47,DOUKALA-ABDA,El-Jadida Jabria,23.39,30.11,1.82,28.65,0.425,0.506
47,DOUKALA-ABDA,Safi El Gantour,23.33,32.39,1.66,27.3,0.519,0.411
47,DOUKALA-ABDA,Safi Oulad Salmane,23.19,32.04,1.61,27.22,0.475,0.196
47,DOUKALA-ABDA,Safi Atiamim,23.1,32.43,1.64,26.18,0.507,0.488
47,DOUKALA-ABDA,El-Jadida Oulad Hcine,22.65,30.75,1.68,28.11,0.402,0.225
47,DOUKALA-ABDA,El Jadida Karia (AC),22.36,25.68,2.9,37.44,0.586,
47,DOUKALA-ABDA,El-Jadida Oulad Ghanem,22.17,31.62,1.49,27.34,0.523,0.451
47,DOUKALA-ABDA,Safi Sidi Ettiji,21.88,33.62,1.39,25.8,0.481,0.224
47,DOUKALA-ABDA,Safi Nagga,21.62,31.9,1.49,26.87,0.489,0.258
47,DOUKALA-ABDA,El-Jadida Sidi Abed,21.24,31.13,1.44,27.69,0.508,0.413
47,DOUKALA-ABDA,Safi Hrara,21.16,33.6,1.28,25.25,0.529,0.349
47,DOUKALA-ABDA,El-Jadida Chaibate,20.98,30.28,1.49,27.81,0.504,0.219
47,DOUKALA-ABDA,El-Jadida Chtouka,20.83,33.11,1.28,25.75,0.472,0.353
48,DOUKALA-ABDA,El-Jadida Oulad Frej,20.74,29.56,1.53,28.56,0.522,0.378
48,DOUKALA-ABDA,Safi Moul El Bergui,20.7,31.2,1.4,27.47,0.529,0.341
48,DOUKALA-ABDA,El-Jadida Zaouiat Lakouacem,20.35,30.54,1.45,27.2,0.483,0.275
48,DOUKALA-ABDA,El-Jadida Oulad Rahmoune,20.21,31.43,1.34,27.24,0.459,0.362
48,DOUKALA-ABDA,El-Jadida Loualidia,19.97,33.98,1.18,25.03,0.454,0.502
48,DOUKALA-ABDA,El-Jadida Laaounate,19.6,30.6,1.32,27.03,0.541,0.386
48,DOUKALA-ABDA,Safi Khatazakane,18.39,31.64,1.09,26.55,0.537,0.281
48,DOUKALA-ABDA,El-Jadida Laamria,17.44,28.57,1.19,27.74,0.524,0.372
48,DOUKALA-ABDA,Safi Dar Si Aissa,17.26,32.16,1.03,25.53,0.525,0.453
48,DOUKALA-ABDA,SAFI Hrara (AC),17.09,21.99,2.28,37.51,0.617,
48,DOUKALA-ABDA,El-Jadida Si Hsaien Ben Abderrahman,16.9,28.61,1.08,27.45,0.538,0.257
48,DOUKALA-ABDA,El-Jadida Saniat Berguig,16.6,27.75,1.12,28.66,0.526,0.497
48,DOUKALA-ABDA,El-Jadida Mettouh,16.15,28.36,1.01,27.52,0.529,0.387
48,DOUKALA-ABDA,El Jadida Oulad Ghadbane (AC),16.12,21.34,2.05,37.83,0.625,
48,DOUKALA-ABDA,El-Jadida Laghdira,15.97,29.38,0.98,26.7,0.517,0.433
48,DOUKALA-ABDA,El-Jadida Oulad Sbaita,15.85,28.44,1.03,27.74,0.517,0.517
48,DOUKALA-ABDA,Safi Lamsabih,15.83,32.52,0.83,24.78,0.489,0.292
48,DOUKALA-ABDA,Safi Ighoud (AC),15.73,19.44,2.19,40.93,0.657,
48,DOUKALA-ABDA,El-Jadida Kridid,15.73,29.48,0.93,26.58,0.507,0.452
48,DOUKALA-ABDA,Safi Jamaat Shaim (M),15.65,19.0,2.08,43.31,0.659,
48,DOUKALA-ABDA,El-Jadida Sebt Saiss,15.09,27.85,0.96,28.02,0.53,0.461
48,DOUKALA-ABDA,Safi Saadla,14.75,30.66,0.78,25.41,0.529,0.387
48,DOUKALA-ABDA,Safi Sebt Gzoula (M),14.43,18.99,1.89,41.62,0.644,
48,DOUKALA-ABDA,El-Jadida Sidi Smail,14.16,28.67,0.79,26.64,0.525,0.355
48,DOUKALA-ABDA,El-Jadida Boulaouane,13.98,26.6,0.92,28.29,0.573,0.491
48,DOUKALA-ABDA,Safi Bouguedra,13.72,29.02,0.75,26.46,0.567,0.258
48,DOUKALA-ABDA,Safi Echemmaia (M),13.22,17.41,1.71,42.23,0.67,
48,DOUKALA-ABDA,Safi Sidi Ahmed (AC),13.09,18.26,1.66,37.93,0.625,
48,DOUKALA-ABDA,El Jadida Oulad Si Bouhya,12.97,25.71,0.79,27.81,0.506,0.54
48,DOUKALA-ABDA,El Jadida Bouhmame,12.62,26.05,0.73,27.37,0.515,0.525
48,DOUKALA-ABDA,El Jadida Sidi Ali Ben Hamdouche (AC),12.39,15.92,1.66,42.06,0.629,
48,DOUKALA-ABDA,El Jadida M'Tal,12.35,24.95,0.76,28.63,0.462,0.476
48,DOUKALA-ABDA,Safi Sidi Aissa,12.21,28.59,0.62,26.31,0.544,0.263
48,DOUKALA-ABDA,El Jadida Lgharbia,12.13,26.57,0.67,27.38,0.545,0.48
48,DOUKALA-ABDA,Safi Lamaachate,12.09,27.8,0.65,25.6,0.497,0.349
48,DOUKALA-ABDA,El Jadida Bni Hilal,11.67,25.95,0.66,26.78,0.522,0.406
48,DOUKALA-ABDA,El Jadida Loualidia (AC),11.56,15.91,1.42,43.34,0.659,
48,DOUKALA-ABDA,Safi Lahdar,11.45,25.99,0.64,26.27,0.534,0.501
49,DOUKALA-ABDA,El Jadida Laaounate (AC),11.36,14.02,1.61,43.81,0.694,
49,DOUKALA-ABDA,El Jadida Lbir Jdid (M),11.31,14.45,1.54,43.17,0.678,
49,DOUKALA-ABDA,El Jadida Sidi Smail (AC),11.18,14.7,1.52,43.72,0.688,
49,DOUKALA-ABDA,El Jadida Azemmour (M),10.94,13.76,1.49,44.73,0.66,
49,DOUKALA-ABDA,El Jadida Moulay Abdellah (AC),10.81,15.6,1.41,40.31,0.671,
49,DOUKALA-ABDA,El Jadida Haouzia,10.76,25.9,0.55,26.72,0.53,0.472
49,DOUKALA-ABDA,El Jadida Oulad Frej (AC),10.31,14.1,1.32,43.97,0.67,
49,DOUKALA-ABDA,El Jadida Laatatra,10.04,23.55,0.56,27.32,0.501,0.509
49,DOUKALA-ABDA,El Jadida Sidi Ali Ben Hamdouche,10.02,27.22,0.47,25.17,0.514,0.477
49,DOUKALA-ABDA,Safi Bouguedra (AC),9.87,14.13,1.2,40.47,0.641,
49,DOUKALA-ABDA,El Jadida Sidi Bennour (M),9.81,12.48,1.33,44.42,0.692,
49,DOUKALA-ABDA,El Jadida Laagagcha,9.55,23.16,0.51,27.24,0.536,0.478
49,DOUKALA-ABDA,El Jadida Lamharza Essahel,9.32,26.14,0.42,25.12,0.567,0.415
49,DOUKALA-ABDA,El Jadida Zemamra (M),8.83,11.37,1.2,44.18,0.648,
49,DOUKALA-ABDA,Safi Atouabet,8.78,23.19,0.43,27.04,0.52,0.285
49,DOUKALA-ABDA,El Jadida Laghnadra,8.77,22.74,0.46,27.92,0.541,0.708
49,DOUKALA-ABDA,Safi El Gouraani,8.12,23.56,0.38,25.61,0.587,0.55
49,DOUKALA-ABDA,El Jadida Oulad Amrane (AC),7.66,11.21,0.88,44.39,0.678,
49,DOUKALA-ABDA,Safi Safi (M),7.66,11.33,0.96,44.01,0.703,
49,DOUKALA-ABDA,Safi Youssoufia (M),7.57,11.34,0.93,41.82,0.683,
49,DOUKALA-ABDA,Safi Labkhati,7.54,23.1,0.35,26.33,0.551,0.39
49,DOUKALA-ABDA,El Jadida Moulay Abdallah,6.92,21.54,0.3,26.67,0.578,0.545
49,DOUKALA-ABDA,El Jadida Lmechrek,6.9,20.66,0.32,26.01,0.518,0.72
49,DOUKALA-ABDA,El Jadida El-Jadida (M),5.48,7.76,0.69,44.59,0.757,
49,DOUKALA-ABDA,El Jadida Sidi Bouzid (AC),3.03,3.3,0.33,43.09,0.756,
50,TADLA-AZILAL,Azilal Ait Oumdis,59.39,23.79,8.55,29.94,0.34,0.148
50,TADLA-AZILAL,Azilal Ait Blal,59.03,25.53,7.72,27.44,0.342,0.074
50,TADLA-AZILAL,Azilal Ait Bou Oulli,50.08,26.74,6.34,31.35,0.343,0.131
50,TADLA-AZILAL,Azilal Zaouiat Ahansal,49.45,28.44,5.65,29.77,0.292,0.066
50,TADLA-AZILAL,Azilal Ait Abbas,45.81,30.64,4.79,28.35,0.35,0.15
50,TADLA-AZILAL,Azilal Ait M'Hamed,44.68,30.46,4.56,29.66,0.364,0.209
50,TADLA-AZILAL,Azilal Ouaoula,42.36,32.56,3.78,26.9,0.416,0.248
50,TADLA-AZILAL,Azilal Tamda Noumercid,39.87,31.81,3.64,27.68,0.492,0.239
50,TADLA-AZILAL,Azilal Tifni,39.74,31.24,3.69,28.88,0.411,0.27
50,TADLA-AZILAL,Azilal Ait Tamlil,38.68,29.32,3.97,31.02,0.37,0.285
50,TADLA-AZILAL,Beni Mellal Naour,32.48,32.76,2.71,26.9,0.428,0.262
50,TADLA-AZILAL,Azilal Tabaroucht,32.37,31.21,2.98,27.73,0.437,0.028
50,TADLA-AZILAL,Azilal Tilougguite,30.68,30.47,2.6,31.86,0.398,0.127
50,TADLA-AZILAL,Azilal Isseksi,29.86,29.96,2.71,29.05,0.385,0.282
50,TADLA-AZILAL,Azilal Agoudi N'Lkhair,28.83,33.09,2.17,27.42,0.432,0.184
50,TADLA-AZILAL,Azilal Sidi Boulkhalf,28.44,30.18,2.48,30.77,0.372,0.238
50,TADLA-AZILAL,Azilal Tiffert N'Ait Hamza,28.28,31.45,2.23,28.83,0.369,0.405
50,TADLA-AZILAL,Azilal Tagleft,26.99,28.48,2.29,35.73,0.442,0.403
50,TADLA-AZILAL,Azilal Tabia,26.9,30.15,2.23,30.4,0.475,0.183
50,TADLA-AZILAL,Azilal Anergui,24.24,28.48,1.97,31.43,0.363,0.106
50,TADLA-AZILAL,Azilal Rfala,22.95,28.94,1.77,30.83,0.485,0.224
50,TADLA-AZILAL,Beni Mellal Boutferda,22.93,30.66,1.69,27.92,0.405,0.247
50,TADLA-AZILAL,Azilal Ait Mazigh,20.44,29.65,1.4,28.24,0.523,0.157
50,TADLA-AZILAL,Azilal Sidi Yacoub,20.41,31.7,1.27,26.9,0.461,0.323
50,TADLA-AZILAL,Azilal Tabant,20.05,25.44,1.63,34.45,0.491,0.413
50,TADLA-AZILAL,Azilal Ait Ouaarda,19.71,26.74,1.6,29.55,0.579,0.412
50,TADLA-AZILAL,Azilal Ouaouizeght,18.61,27.62,1.23,31.61,0.52,0.441
50,TADLA-AZILAL,Azilal Bin El Ouidane,18.6,26.45,1.27,31.17,0.513,0.436
50,TADLA-AZILAL,Beni Mellal Bni Chegdale,18.56,28.51,1.32,29.5,0.545,0.736
50,TADLA-AZILAL,Beni Mellal Foum El Anceur,16.53,24.39,1.08,32.99,0.523,0.662
50,TADLA-AZILAL,Azilal Ait Majden,16.29,26.72,1.08,30.79,0.485,0.437
50,TADLA-AZILAL,Beni Mellal Aghbala,16.27,27.52,1.08,28.51,0.434,0.19
50,TADLA-AZILAL,Azilal Anzou,16.02,28.5,0.93,28.12,0.502,0.497
50,TADLA-AZILAL,BENI MELLAL Dar Ould Zidouh (AC),15.6,20.67,2.03,41.39,0.653,
50,TADLA-AZILAL,Beni Mellal Oulad Youssef,15.58,26.08,0.99,29.8,0.557,0.731
50,TADLA-AZILAL,Azilal Taounza,15.44,28.44,0.91,28.83,0.493,0.39
50,TADLA-AZILAL,Azilal Tanant,15.33,27.21,0.92,30.75,0.531,0.405
50,TADLA-AZILAL,Azilal Bzou,15.08,25.05,0.98,31.14,0.527,0.61
50,TADLA-AZILAL,Beni Mellal Souk Sebt Oulad Nemma (M),14.75,18.4,1.99,42.54,0.631,
50,TADLA-AZILAL,Azilal Foum Jemaa,14.58,31.04,0.75,26.04,0.488,0.544
50,TADLA-AZILAL,BENI Sidi Jaber (AC),14.32,18.21,1.99,40.72,0.683,
51,TADLA-AZILAL,MELLAL Beni Mellal Tizi N'Isly,13.93,25.14,0.85,33.72,0.45,0.469
51,TADLA-AZILAL,Azilal Bni Hassane,13.88,30.21,0.67,25.76,0.513,0.346
51,TADLA-AZILAL,Azilal Ait Taguella,13.81,25.74,0.86,31.61,0.573,0.547
51,TADLA-AZILAL,Beni Mellal Oulad M'Barek (AC),13.76,18.6,1.81,39.99,0.637,
51,TADLA-AZILAL,Beni Mellal Oulad Ayad (M),13.43,17.27,1.81,40.89,0.631,
51,TADLA-AZILAL,Beni Mellal Oulad Yaich (AC),12.29,16.83,1.68,39.63,0.671,
51,TADLA-AZILAL,Azilal Tisqi,12.24,24.5,0.74,30.08,0.532,0.453
51,TADLA-AZILAL,Beni Mellal Dar Ould Zidouh,11.55,25.7,0.65,27.55,0.532,0.597
51,TADLA-AZILAL,Azilal Moulay Aissa Ben Driss,11.08,23.24,0.61,31.66,0.498,0.585
51,TADLA-AZILAL,Beni Mellal Tanougha,10.85,23.08,0.58,29.72,0.506,0.622
51,TADLA-AZILAL,Azilal Foum Jemaa (AC),10.82,14.96,1.45,41.61,0.64,
51,TADLA-AZILAL,Beni Mellal Aghbala (AC),10.76,14.57,1.37,43.6,0.622,
51,TADLA-AZILAL,Beni Mellal Oulad Said L'Oued,10.69,23.22,0.63,29.96,0.58,0.766
51,TADLA-AZILAL,Azilal Demnate (M),10.59,14.6,1.36,43.32,0.628,
51,TADLA-AZILAL,Beni Mellal Bradia (AC),10.44,13.98,1.4,41.44,0.673,
51,TADLA-AZILAL,Azilal Ait Ouqabli,10.41,22.85,0.58,31.55,0.573,0.434
51,TADLA-AZILAL,Beni Mellal Zaouiat Cheikh (M),10.36,14.3,1.34,41.91,0.61,
51,TADLA-AZILAL,Beni Mellal Fquih Ben Salah (M),10.3,13.79,1.38,43.22,0.676,
51,TADLA-AZILAL,Beni Mellal El Ksiba (M),10.03,13.83,1.25,42.51,0.654,
51,TADLA-AZILAL,Beni Mellal Bni Oukil,9.85,22.24,0.54,29.82,0.505,0.595
51,TADLA-AZILAL,Beni Mellal Had Boumoussa,9.77,23.28,0.53,28.64,0.54,0.534
51,TADLA-AZILAL,Azilal Azilal (M),9.3,14.03,1.15,43.06,0.644,
51,TADLA-AZILAL,Azilal Timoulilt,9.3,21.06,0.53,30.86,0.633,0.608
51,TADLA-AZILAL,Beni Mellal Oulad Zmam,9.13,21.37,0.51,30.12,0.558,0.553
51,TADLA-AZILAL,Azilal Tidili Fetouaka,8.98,22.49,0.45,28.59,0.554,0.556
51,TADLA-AZILAL,Beni Mellal Guettaya,8.93,22.42,0.44,27.63,0.457,0.661
51,TADLA-AZILAL,Beni Mellal Ait Oum El Bekht,8.66,22.37,0.43,28.9,0.441,0.277
51,TADLA-AZILAL,Azilal Bni Ayat,8.61,21.89,0.45,29.57,0.561,0.578
51,TADLA-AZILAL,Azilal Imlil,8.42,21.52,0.41,29.84,0.5,0.722
51,TADLA-AZILAL,Azilal Afourar (AC),8.41,11.78,1.08,42.59,0.694,
51,TADLA-AZILAL,Beni Mellal Semguet,8.3,19.56,0.45,30.77,0.556,0.583
51,TADLA-AZILAL,Beni Mellal Kasba Tadla (M),7.93,11.48,1.01,42.47,0.702,
51,TADLA-AZILAL,Azilal Bzou (AC),7.92,11.19,1.02,42.43,0.71,
51,TADLA-AZILAL,Azilal Ouaouizeght (AC),7.77,11.69,0.95,42.03,0.722,
51,TADLA-AZILAL,Beni Mellal Foum Oudi,7.76,19.53,0.38,30.73,0.544,0.376
51,TADLA-AZILAL,Beni Mellal Sidi Aissa Ben Ali,7.21,20.26,0.35,28.97,0.582,0.617
51,TADLA-AZILAL,Beni Mellal Hel Merbaa,6.99,17.78,0.39,32.05,0.594,0.836
51,TADLA-AZILAL,Beni Mellal Béni Mellal (M),6.83,9.64,0.87,44.54,0.698,
51,TADLA-AZILAL,Beni Mellal Al Khalfia,6.54,17.52,0.34,30.57,0.573,0.79
51,TADLA-AZILAL,Beni Mellal Sidi Jaber,6.53,19.69,0.3,27.1,0.612,0.619
52,TADLA-AZILAL,Beni Mellal Oulad Yaich,6.51,19.48,0.3,29.23,0.573,0.644
52,TADLA-AZILAL,Azilal Afourar,5.76,17.08,0.26,28.66,0.621,0.711
52,TADLA-AZILAL,Beni Mellal Krifate,5.58,17.35,0.26,28.45,0.555,0.757
52,TADLA-AZILAL,Beni Mellal Oulad Nacer,5.4,17.38,0.24,28.46,0.566,0.543
52,TADLA-AZILAL,Beni Mellal Oulad M'Barek,5.2,16.91,0.24,26.51,0.602,0.68
52,TADLA-AZILAL,Beni Mellal Oulad Bourahmoune,5.12,16.19,0.25,29.17,0.617,0.622
52,TADLA-AZILAL,Beni Mellal Bradia,4.9,15.39,0.24,30.46,0.576,0.749
52,TADLA-AZILAL,Beni Mellal Dir El Ksiba,4.6,15.12,0.2,29.59,0.593,0.579
52,TADLA-AZILAL,Beni Mellal Sidi Hammadi,4.46,15.04,0.2,29.12,0.611,0.871
52,TADLA-AZILAL,Beni Mellal Taghzirt,4.43,12.85,0.21,32.01,0.576,0.765
52,TADLA-AZILAL,Beni Mellal Oulad Gnaou,4.38,16.83,0.17,27.02,0.559,0.673
53,MEKNES-TAFILALET,Errachidia Sidi Ali,80.21,11.03,20.05,36.46,0.351,0.179
53,MEKNES-TAFILALET,Errachidia Gheris El Ouloui,77.79,12.3,20.13,39.2,0.518,0.888
53,MEKNES-TAFILALET,Errachidia Er-rissani,75.96,12.5,21.01,41.34,0.327,0.653
53,MEKNES-TAFILALET,Errachidia H'Ssyia,73.47,13.17,21.32,44.03,0.453,0.578
53,MEKNES-TAFILALET,Meknès Dar Oum Soltane,63.73,19.07,11.0,38.61,0.452,0.436
53,MEKNES-TAFILALET,Khenifra Sidi Yahya Ou Youssef,61.8,19.4,10.92,38.31,0.356,0.252
53,MEKNES-TAFILALET,Ifrane Dayat Aoua,56.11,22.0,8.61,41.36,0.418,0.392
53,MEKNES-TAFILALET,Errachidia Es-sifa,55.95,22.39,9.91,39.55,0.516,0.915
53,MEKNES-TAFILALET,Meknès N'zalat Bni Amar,52.37,21.74,9.29,42.73,0.505,0.745
53,MEKNES-TAFILALET,Khenifra Anemzi,51.13,25.39,7.37,39.02,0.156,0.146
53,MEKNES-TAFILALET,Errachidia Bni M'Hamed Sijelmassa,48.17,25.23,7.49,40.01,0.56,0.949
53,MEKNES-TAFILALET,Khenifra Sebt Ait Rahou,48.02,23.96,7.15,40.81,0.493,0.31
53,MEKNES-TAFILALET,Errachidia Gheris Es-soufli,47.56,24.26,7.59,40.32,0.596,0.679
53,MEKNES-TAFILALET,Errachidia Ferkla El Oulia,47.26,19.73,9.86,48.87,0.58,0.787
53,MEKNES-TAFILALET,Errachidia Alnif,45.62,20.44,9.66,48.42,0.562,0.673
53,MEKNES-TAFILALET,Meknès Karmet Ben Salem,45.37,23.48,7.09,41.16,0.46,0.753
53,MEKNES-TAFILALET,Errachidia Assoul,44.46,19.82,8.33,49.32,0.512,0.339
53,MEKNES-TAFILALET,Errachidia Bou Azmou,43.75,26.12,6.04,40.63,0.366,0.406
53,MEKNES-TAFILALET,Khenifra Agoudim,43.51,25.02,6.35,41.25,0.416,0.303
53,MEKNES-TAFILALET,Errachidia Ait Hani,42.91,23.34,6.57,46.88,0.439,0.485
53,MEKNES-TAFILALET,Khenifra El Kbab,42.47,26.76,5.73,39.27,0.499,0.265
53,MEKNES-TAFILALET,Meknès MRhassiyine,42.45,22.66,7.16,44.33,0.571,0.871
53,MEKNES-TAFILALET,El Hajeb Tamchachate,40.78,30.11,4.91,34.24,0.443,0.128
53,MEKNES-TAFILALET,Meknès Oued Rommane,40.64,27.56,5.54,37.99,0.51,0.414
53,MEKNES-TAFILALET,Khenifra Tounfite,39.87,24.75,5.89,41.58,0.422,0.182
53,MEKNES-TAFILALET,Errachidia Aoufous,39.82,22.15,7.53,47.51,0.61,0.872
53,MEKNES-TAFILALET,Errachidia Er-rteb,39.52,24.57,6.21,43.01,0.591,0.807
53,MEKNES-TAFILALET,El Hajeb Ait Ouikhalfen,38.57,29.71,4.99,36.3,0.479,0.235
53,MEKNES-TAFILALET,Errachidia Es-sfalat,38.15,27.4,5.71,39.68,0.551,0.898
53,MEKNES-TAFILALET,Khenifra Tizi N'Ghachou,37.51,28.9,4.69,37.06,0.399,0.165
53,MEKNES-TAFILALET,El Hajeb Iqaddar,36.96,26.45,5.1,42.69,0.555,0.517
53,MEKNES-TAFILALET,Meknès Charqaoua,36.78,29.03,4.67,34.5,0.438,0.774
53,MEKNES-TAFILALET,Khenifra Moulay Bouazza,36.67,28.96,4.58,37.52,0.5,0.218
53,MEKNES-TAFILALET,El Hajeb Ait Naamane,36.36,28.37,4.5,39.18,0.575,0.358
53,MEKNES-TAFILALET,Errachidia Zaouiat Sidi Hamza,36.28,24.86,5.01,43.46,0.5,0.353
53,MEKNES-TAFILALET,Meknès Oualili,36.27,25.86,5.07,43.5,0.567,0.784
53,MEKNES-TAFILALET,Khenifra Kerrouchen,35.35,27.46,4.56,40.67,0.424,0.201
54,MEKNES-TAFILALET,Meknès Ain Karma,35.26,29.01,4.42,38.27,0.504,0.468
54,MEKNES-TAFILALET,Khenifra Amersid,35.14,24.92,5.03,44.53,0.482,0.428
54,MEKNES-TAFILALET,Errachidia Alnif (AC),35.11,28.86,3.97,36.71,0.61,
54,MEKNES-TAFILALET,Errachidia Guers Tiaallaline,34.76,21.36,5.73,49.05,0.538,0.718
54,MEKNES-TAFILALET,Meknès Sidi Abdallah Al Khayat,34.73,26.34,4.71,40.54,0.506,0.527
54,MEKNES-TAFILALET,Meknès Ain Orma,34.67,22.71,5.02,47.0,0.599,0.626
54,MEKNES-TAFILALET,Errachidia Melaab,34.46,20.43,6.53,50.65,0.591,0.844
54,MEKNES-TAFILALET,El Hajeb Bitit,34.38,25.34,4.99,42.58,0.553,0.643
54,MEKNES-TAFILALET,El Hajeb Ait Yaazem,34.11,27.77,4.33,39.89,0.557,0.55
54,MEKNES-TAFILALET,Errachidia Ait Yahya,33.99,26.6,4.41,41.03,0.457,0.281
54,MEKNES-TAFILALET,Errachidia Et-taous,33.77,20.6,5.84,48.28,0.551,0.579
54,MEKNES-TAFILALET,Errachidia Chorfa M'Daghra,33.49,25.66,4.76,41.21,0.619,0.793
54,MEKNES-TAFILALET,Errachidia Oued Naam,33.33,23.67,5.0,44.45,0.596,0.613
54,MEKNES-TAFILALET,Errachidia Ferkla Es-soufla,33.07,25.73,5.22,43.87,0.531,0.532
54,MEKNES-TAFILALET,Khenifra Tanourdi,32.55,27.93,4.37,37.16,0.507,0.15
54,MEKNES-TAFILALET,Errachidia Aarab Sebbah Ziz,32.53,23.82,5.41,43.83,0.615,0.925
54,MEKNES-TAFILALET,Errachidia En-nzala,31.72,27.51,3.99,41.98,0.483,0.205
54,MEKNES-TAFILALET,Khenifra Moha Ou Hammou Zayani,30.76,27.01,3.99,42.42,0.501,0.461
54,MEKNES-TAFILALET,Khenifra Lehri,30.68,28.1,3.87,40.93,0.468,0.196
54,MEKNES-TAFILALET,Errachidia M'Zizel,30.23,21.99,4.73,46.27,0.538,0.68
54,MEKNES-TAFILALET,Errachidia Jorf (M),30.06,29.81,2.99,33.74,0.603,
54,MEKNES-TAFILALET,Meknès Ain Jemaa,29.58,30.0,3.56,38.39,0.498,0.309
54,MEKNES-TAFILALET,El Hajeb Laqsir,29.5,26.78,3.69,40.54,0.556,0.563
54,MEKNES-TAFILALET,Ifrane Timahdite,28.92,25.91,3.76,42.89,0.437,0.564
54,MEKNES-TAFILALET,Meknès Dkhissa,28.56,28.08,3.4,39.13,0.537,0.702
54,MEKNES-TAFILALET,Errachidia Sidi Aayad,28.35,22.26,4.06,45.36,0.565,0.54
54,MEKNES-TAFILALET,Khenifra Ait Ben Yacoub,27.65,22.76,3.82,44.02,0.54,0.443
54,MEKNES-TAFILALET,Meknès M'haya,27.6,25.55,4.05,41.97,0.544,0.803
54,MEKNES-TAFILALET,Errachidia Gourrama (AC),27.47,24.92,3.26,37.09,0.617,
54,MEKNES-TAFILALET,Khenifra Mibladen,26.49,16.94,4.12,48.96,0.533,0.512
54,MEKNES-TAFILALET,Errachidia Gourrama,26.49,18.26,3.64,50.84,0.468,0.337
54,MEKNES-TAFILALET,El Hajeb Ait Bourzouine,26.44,27.66,3.21,41.43,0.545,0.444
54,MEKNES-TAFILALET,Khenifra Aguelmam Azegza,25.76,29.38,3.15,38.64,0.452,0.263
54,MEKNES-TAFILALET,Errachidia Aarab Sebbah Gheris,25.71,25.29,3.81,40.18,0.553,0.801
54,MEKNES-TAFILALET,Errachidia Moulay Ali Cherif(M),24.91,23.9,3.2,44.03,0.654,
54,MEKNES-TAFILALET,Ifrane Souk L'had (AC),24.03,24.3,3.22,37.02,0.423,
54,MEKNES-TAFILALET,Khenifra Tighassaline,23.79,25.63,2.95,40.85,0.463,0.324
55,MEKNES-TAFILALET,Khenifra Had Bouhssoussen,23.56,24.75,3.04,41.99,0.527,0.353
55,MEKNES-TAFILALET,El Hajeb Jahjouh,23.5,26.21,2.84,40.78,0.414,0.376
55,MEKNES-TAFILALET,Errachidia Lkheng,22.5,19.52,3.51,48.13,0.625,0.767
55,MEKNES-TAFILALET,Khenifra Sidi Hcine,22.4,26.95,2.76,37.16,0.501,0.178
55,MEKNES-TAFILALET,Khenifra Zaida,22.22,21.88,2.98,45.47,0.529,0.456
55,MEKNES-TAFILALET,Khenifra Had Bouhssoussen (AC),22.0,25.0,2.48,35.73,0.502,
55,MEKNES-TAFILALET,Meknès Ait Ouallal,21.73,23.76,2.78,43.11,0.567,0.633
55,MEKNES-TAFILALET,El Hajeb Ait Harz Allah,21.56,24.31,2.79,49.39,0.668,0.607
55,MEKNES-TAFILALET,Khenifra Kahf Nssar (AC),21.49,24.33,2.29,37.15,0.547,
55,MEKNES-TAFILALET,Khenifra Sidi Amar,20.4,25.79,2.47,38.88,0.492,0.256
55,MEKNES-TAFILALET,Meknès Oued Jdida,20.28,27.41,2.28,38.36,0.555,0.674
55,MEKNES-TAFILALET,Errachidia Imilchil,20.16,24.78,2.64,45.89,0.399,0.325
55,MEKNES-TAFILALET,Khenifra Aguelmous,20.13,26.21,2.5,38.58,0.471,0.208
55,MEKNES-TAFILALET,Ifrane Oued Ifrane,20.07,24.85,2.51,42.71,0.496,0.313
55,MEKNES-TAFILALET,Khenifra Oum Rabia,19.85,27.79,2.39,38.92,0.473,0.19
55,MEKNES-TAFILALET,Errachidia Amouguer,19.66,23.23,2.39,44.16,0.553,0.204
55,MEKNES-TAFILALET,Khenifra Zaida (AC),19.29,22.78,2.09,39.64,0.565,
55,MEKNES-TAFILALET,Ifrane Sidi El Makhfi,19.14,25.31,2.36,41.18,0.522,0.315
55,MEKNES-TAFILALET,Khenifra El Borj,19.07,25.72,2.28,38.72,0.509,0.214
55,MEKNES-TAFILALET,Meknes Ain Jemaa (AC),19.04,25.04,1.89,37.89,0.554,
55,MEKNES-TAFILALET,Khenifra El Hammam,18.56,25.03,2.3,40.42,0.477,0.249
55,MEKNES-TAFILALET,Meknès Majjate,18.48,23.2,2.16,41.61,0.607,0.668
55,MEKNES-TAFILALET,Ifrane Tizguite,18.09,22.79,2.3,43.23,0.535,0.592
55,MEKNES-TAFILALET,Ifrane Ain Leuh,17.86,22.49,2.2,45.79,0.571,0.423
55,MEKNES-TAFILALET,Errachidia Tadighoust,17.86,18.13,2.66,47.16,0.643,0.607
55,MEKNES-TAFILALET,Khenifra Aghbalou Nssardane (AC),17.77,22.37,1.94,38.77,0.628,
55,MEKNES-TAFILALET,Khenifra Tighassaline (AC),17.55,21.77,2.03,37.28,0.611,
55,MEKNES-TAFILALET,Khenifra Tounfite (AC),17.51,22.76,1.83,38.64,0.535,
55,MEKNES-TAFILALET,Errachidia M'Ssici,17.19,14.43,2.94,50.85,0.587,0.586
55,MEKNES-TAFILALET,Meknes Ain Karma (AC),16.86,25.9,1.65,35.62,0.563,
55,MEKNES-TAFILALET,Khenifra Boumia,16.59,21.88,2.14,42.07,0.465,0.396
55,MEKNES-TAFILALET,Khenifra Ait Ishaq (AC),16.44,22.23,1.83,38.85,0.617,
55,MEKNES-TAFILALET,Khenifra Moulay Bouazza (AC),16.33,19.76,1.84,41.12,0.655,
55,MEKNES-TAFILALET,Ifrane Ben Smim,16.3,18.2,2.11,49.0,0.581,0.686
55,MEKNES-TAFILALET,Khenifra Kerrouchen (AC),16.19,20.65,1.84,38.19,0.636,
55,MEKNES-TAFILALET,Meknes M'haya (AC),15.96,21.91,1.75,38.8,0.652,
56,MEKNES-TAFILALET,Khenifra Aguelmous (AC),15.93,21.37,1.78,38.76,0.596,
56,MEKNES-TAFILALET,El Hajeb Bouderbala (AC),15.91,25.4,1.45,34.88,0.566,
56,MEKNES-TAFILALET,El Hajeb Agourai (M),15.9,22.13,1.56,38.64,0.615,
56,MEKNES-TAFILALET,Errachidia Arfoud (M),15.5,20.11,1.73,41.85,0.7,
56,MEKNES-TAFILALET,El Hajeb Ait Boubidmane,15.48,20.18,2.02,42.86,0.555,0.665
56,MEKNES-TAFILALET,Errachidia Guir,15.43,15.96,2.05,53.03,0.581,0.496
56,MEKNES-TAFILALET,Meknès Sidi Slimane Moul Al Kifa,15.31,20.97,1.82,41.43,0.631,0.735
56,MEKNES-TAFILALET,El Hajeb Sabaa Aiyoun (M),15.09,23.83,1.38,36.99,0.615,
56,MEKNES-TAFILALET,Errachidia Amellagou,15.08,19.38,1.86,45.62,0.53,0.303
56,MEKNES-TAFILALET,El Hajeb Sebt Jahjouh (AC),15.01,25.21,1.34,34.73,0.635,
56,MEKNES-TAFILALET,Khenifra Ouaoumana,14.87,17.19,2.08,49.44,0.515,0.611
56,MEKNES-TAFILALET,Khenifra Boumia (AC),14.58,21.07,1.58,37.94,0.597,
56,MEKNES-TAFILALET,Khenifra Sidi Yahya Ou Saad,14.57,18.64,1.9,46.83,0.476,0.496
56,MEKNES-TAFILALET,Ifrane Timahdite (AC),14.54,20.63,1.55,41.13,0.624,
56,MEKNES-TAFILALET,Errachidia Outerbat,14.5,21.53,1.86,40.62,0.447,0.489
56,MEKNES-TAFILALET,Errachidia Tinejdad (M),14.49,22.68,1.25,40.58,0.649,
56,MEKNES-TAFILALET,Meknes Haj Kaddour (AC),14.46,22.27,1.45,38.32,0.596,
56,MEKNES-TAFILALET,"El Hajeb Ras Ijerri 14,41 21,48 1,81 43,19 0,576 0,301036 Khenifra Ait Ayach 13,94 17,75 1,82 44,98 0,533 0,429298 Ifrane Sidi Addi (AC)",13.92,18.8,1.55,39.87,0.676,
56,MEKNES-TAFILALET,Errachidia Er-rich (M),13.81,19.53,1.48,38.86,0.685,
56,MEKNES-TAFILALET,Meknès Ouislane (M),13.55,19.76,1.42,38.71,0.633,
56,MEKNES-TAFILALET,Errachidia Boudnib (M),13.54,25.96,1.13,33.09,0.69,
56,MEKNES-TAFILALET,"Khenifra Ait Saadelli 13,44 18,09 1,72 42,46 0,493 0,344262 Khenifra Itzer 13,38 17,21 1,78 45,85 0,545 0,413043 Errachidia Goulmima (M)",13.32,18.29,1.36,41.17,0.671,
56,MEKNES-TAFILALET,Khenifra M'Rirt (M),13.0,18.65,1.38,39.67,0.619,
56,MEKNES-TAFILALET,"Khenifra Sidi Lamine 12,95 21,11 1,67 38,20 0,534 0,238687 Meknès Toulal (M)",11.96,17.91,1.2,42.01,0.697,
56,MEKNES-TAFILALET,Khenifra El Kbab (AC),11.39,18.37,1.13,39.46,0.658,
56,MEKNES-TAFILALET,"Khenifra Aghbalou 11,37 16,03 1,46 45,40 0,547 0,315012 Ifrane Ain Leuh (AC)",11.28,17.13,1.18,40.87,0.629,
56,MEKNES-TAFILALET,"Errachidia Fezna 11,01 12,50 1,61 44,90 0,647 0,891228 Khenifra Khenifra (M)",10.64,16.78,1.09,42.15,0.672,
56,MEKNES-TAFILALET,Khenifra Itzer (AC),10.57,16.84,1.09,38.82,0.695,
56,MEKNES-TAFILALET,Khenifra Midelt (M),10.18,16.21,1.06,40.78,0.665,
56,MEKNES-TAFILALET,Khenifra Amalou Ighriben (AC),10.1,17.27,1.02,40.88,0.66,
57,MEKNES-TAFILALET,Meknes N'zalat (AC),9.59,15.62,1.1,36.63,0.668,
57,MEKNES-TAFILALET,"Errachidia Aghbalou N'Kerdous 9,49 9,90 1,41 51,01 0,618 0,51207 Ifrane Azrou (M)",9.4,15.35,0.93,42.81,0.69,
57,MEKNES-TAFILALET,"Khenifra Ait Ishaq 9,35 16,16 1,22 40,37 0,524 0,165217 Khenifra Ait Izdeg 9,32 13,14 1,19 46,79 0,602 0,583217 Meknes Aufous (AC)",9.26,17.54,0.83,44.0,0.676,
57,MEKNES-TAFILALET,Meknès Boufakrane (M),9.13,14.32,0.94,40.76,0.686,
57,MEKNES-TAFILALET,Khenifra Thighza (AC),9.13,14.9,0.9,37.87,0.575,
57,MEKNES-TAFILALET,El Hajeb Ain Taoujdate (M),9.05,14.77,0.92,40.75,0.659,
57,MEKNES-TAFILALET,Meknès Moulay Driss Zerhoun (M),8.82,15.08,0.86,43.49,0.672,
57,MEKNES-TAFILALET,"Ifrane Tigrigra 8,63 13,47 1,11 46,67 0,622 0,578356 Errachidia Errachidia (M)",8.2,14.46,0.81,41.26,0.717,
57,MEKNES-TAFILALET,El Hajeb El Hajeb (M),7.5,13.07,0.75,42.27,0.689,
57,MEKNES-TAFILALET,Meknès Meknès (M),7.18,12.81,0.7,44.36,0.715,
57,MEKNES-TAFILALET,Meknès Al Machouar - Stinia (M),5.85,12.3,0.55,38.34,0.721,
57,MEKNES-TAFILALET,Ifrane Ifrane (M),3.83,8.05,0.35,43.34,0.743,
58,FES-BOULEMANE,Vulné- de la Boulemane Enjil,47.2,21.09,9.12,40.29,0.432,0.489
58,FES-BOULEMANE,Moulay Yacoub Sidi Daoud,38.54,25.33,5.53,36.17,0.453,0.413
58,FES-BOULEMANE,Sefrou Ait Sebaa Lajrouf,38.38,22.78,6.37,38.19,0.494,0.534
58,FES-BOULEMANE,Sefrou Ain Timguenai,37.63,24.61,5.5,34.7,0.527,0.477
58,FES-BOULEMANE,Moulay Yacoub Laajajra,33.44,25.84,4.31,34.76,0.461,0.499
58,FES-BOULEMANE,Boulemane Almis Marmoucha,33.43,25.02,4.75,36.01,0.549,0.659
58,FES-BOULEMANE,Boulemane Ait Bazza,32.64,24.43,4.55,37.53,0.473,0.386
58,FES-BOULEMANE,Moulay Yacoub Louadaine,32.08,24.3,4.36,37.47,0.479,0.369
58,FES-BOULEMANE,Boulemane El Mers,31.4,24.44,4.19,37.81,0.522,0.305
58,FES-BOULEMANE,Boulemane Tissaf,31.33,22.39,4.4,40.16,0.497,0.424
58,FES-BOULEMANE,Boulemane Guigou,30.5,22.81,4.19,37.24,0.472,0.527
58,FES-BOULEMANE,Boulemane Skoura M'Daz,30.45,21.59,4.6,39.36,0.552,0.633
58,FES-BOULEMANE,Sefrou Ribate El Kheir (M),30.06,24.42,3.83,37.29,0.56,
58,FES-BOULEMANE,Boulemane Oulad Ali Youssef,29.16,24.66,3.75,37.73,0.416,0.263
58,FES-BOULEMANE,Boulemane Talzemt,29.02,25.68,3.35,33.43,0.448,0.36
58,FES-BOULEMANE,Sefrou Bir Tam Tam,27.63,22.84,3.77,37.33,0.51,0.677
58,FES-BOULEMANE,Boulemane Fritissa,27.39,22.66,3.76,37.67,0.475,0.429
58,FES-BOULEMANE,Boulemane Ait El Mane,27.36,22.69,3.69,36.85,0.529,0.297
58,FES-BOULEMANE,Boulemane Serghina,26.32,22.28,3.55,37.57,0.543,0.529
58,FES-BOULEMANE,Sefrou Azzaba,25.74,21.6,3.62,35.52,0.605,0.866
58,FES-BOULEMANE,Moulay Yacoub Mikkes,25.37,24.65,2.94,34.93,0.485,0.717
58,FES-BOULEMANE,Moulay Yacoub Sebt Loudaya,22.44,22.04,2.67,37.45,0.484,0.647
58,FES-BOULEMANE,Sefrou Ahl Sidi Lahcen,22.24,22.54,2.62,36.46,0.547,0.454
58,FES-BOULEMANE,Boulemane Ksabi Moulouya,22.03,21.16,2.7,37.26,0.562,0.452
58,FES-BOULEMANE,Sefrou Laanoussar,21.29,22.44,2.31,35.9,0.518,0.294
58,FES-BOULEMANE,Boulemane Outat El Haj (M),20.92,22.97,2.29,36.3,0.629,
58,FES-BOULEMANE,Boulemane Sidi Boutayeb,20.86,20.54,2.6,36.0,0.56,0.673
58,FES-BOULEMANE,Boulemane Ouizeght,20.79,20.98,2.49,36.47,0.46,0.376
58,FES-BOULEMANE,Sefrou Tazouta,20.79,21.51,2.42,36.21,0.484,0.443
58,FES-BOULEMANE,Sefrou Kandar Sidi Khiar,20.73,22.72,2.32,35.05,0.486,0.516
58,FES-BOULEMANE,Moulay Yacoub Oulad Mimoun,20.59,22.77,2.35,34.8,0.461,0.324
58,FES-BOULEMANE,Moulay Yacoub Ain Bou Ali,20.58,23.21,2.25,34.58,0.515,0.267
58,FES-BOULEMANE,Sefrou Oulad Mkoudou,18.9,20.89,2.13,36.8,0.614,0.617
58,FES-BOULEMANE,Boulemane Guigou (AC),17.95,21.71,1.77,36.63,0.642,
58,FES-BOULEMANE,Sefrou Ighzrane,17.94,20.57,1.93,36.94,0.514,0.38
58,FES-BOULEMANE,Fès Ouled Tayeb Centre (AC),17.76,24.23,1.6,32.98,0.623,
58,FES-BOULEMANE,Moulay Yacoub Sebaa Rouadi,17.66,21.06,1.9,35.06,0.571,0.705
58,FES-BOULEMANE,Fès Sidi Harazem,17.36,20.91,1.84,34.04,0.559,0.916
58,FES-BOULEMANE,Moulay Yacoub Ain Chkef,17.06,20.28,1.89,35.5,0.565,0.753
58,FES-BOULEMANE,Sefrou Aghbalou Aqorar,16.58,19.7,1.82,36.51,0.582,0.611
58,FES-BOULEMANE,Fès Skhinate (AC),16.41,22.73,1.67,33.03,0.572,
58,FES-BOULEMANE,Fès Jnan El Ouard (AR),16.02,22.64,1.48,34.25,0.609,
58,FES-BOULEMANE,Sefrou Ain Cheggag,15.93,20.12,1.68,35.5,0.513,0.782
59,FES-BOULEMANE,Vulné- de la Fès Zouagha (AR),15.4,21.68,1.41,37.23,0.632,
59,FES-BOULEMANE,Sefrou Zaouiat Bougrine (AC),15.25,21.28,1.45,34.57,0.634,
59,FES-BOULEMANE,Boulemane Imouzzer Marmoucha(M),15.05,19.48,1.65,37.13,0.607,
59,FES-BOULEMANE,Sefrou Ain Cheggag (AC),14.79,20.99,1.32,36.09,0.679,
59,FES-BOULEMANE,Sefrou Ras Tabouda,14.47,18.12,1.56,35.72,0.632,0.815
59,FES-BOULEMANE,Sefrou Adrej,14.2,16.4,1.79,37.42,0.509,0.44
59,FES-BOULEMANE,Sefrou Mtarnagha,13.86,18.23,1.48,35.38,0.577,0.464
59,FES-BOULEMANE,Boulemane El Orjane,13.74,18.47,1.42,35.07,0.483,0.301
59,FES-BOULEMANE,Sefrou Imouzzer Kandar (M),13.47,18.84,1.27,38.76,0.631,
59,FES-BOULEMANE,Boulemane Missour (M),13.26,16.63,1.33,39.8,0.663,
59,FES-BOULEMANE,Boulemane Boulemane (M),13.22,16.99,1.34,38.14,0.656,
59,FES-BOULEMANE,Moulay Yacoub Ain Kansra,13.09,18.55,1.29,35.04,0.549,0.646
59,FES-BOULEMANE,Sefrou El Menzel (M),12.86,18.81,1.19,36.52,0.674,
59,FES-BOULEMANE,Sefrou Sidi Youssef Ben Ahmed,11.38,16.88,1.12,34.94,0.582,0.636
59,FES-BOULEMANE,Fès Oulad Tayeb,11.06,16.9,1.04,34.43,0.608,0.727
59,FES-BOULEMANE,Fès El Mariniyine (AR),10.69,17.59,0.93,37.53,0.648,
59,FES-BOULEMANE,Sefrou Dar El Hamra,10.51,16.09,1.02,36.67,0.591,0.409
59,FES-BOULEMANE,Boulemane Ermila,10.43,15.22,1.01,35.29,0.579,0.682
59,FES-BOULEMANE,Sefrou Tafajight,10.1,16.98,0.85,30.99,0.504,0.315
59,FES-BOULEMANE,Fès Méchouar Fès Jdid (M),8.23,15.54,0.66,34.57,0.684,
59,FES-BOULEMANE,Fès Fès-Médina (AR),8.02,15.29,0.65,35.76,0.673,
59,FES-BOULEMANE,Fès Saiss (AR),7.76,14.13,0.64,39.88,0.7,
59,FES-BOULEMANE,Sefrou Sefrou (M),7.32,13.56,0.62,37.94,0.68,
59,FES-BOULEMANE,Fès Ain Bida,6.83,13.23,0.58,33.6,0.625,0.76
59,FES-BOULEMANE,Moulay Yacoub Moulay Yacoub (M),5.36,11.76,0.38,32.84,0.65,
59,FES-BOULEMANE,Sefrou Bhalil (M),4.2,10.03,0.3,35.34,0.695,
59,FES-BOULEMANE,Fès Agdal (AR),3.58,7.45,0.28,39.98,0.749,
60,TAZA-AL HOCEIMA-TAOUNATE,Taza Maghraoua,42.24,22.94,7.31,42.9,0.46,0.206
60,TAZA-AL HOCEIMA-TAOUNATE,Taza Bouyablane,40.96,25.44,6.44,37.44,0.37,0.128
60,TAZA-AL HOCEIMA-TAOUNATE,Taza Tainaste (AC),38.99,23.62,6.64,41.1,0.591,
60,TAZA-AL HOCEIMA-TAOUNATE,Taza Rbaa El Fouki,34.87,24.09,5.57,39.91,0.482,0.088
60,TAZA-AL HOCEIMA-TAOUNATE,Al Hoceima Imrabten,34.32,22.73,5.46,43.11,0.523,0.336
60,TAZA-AL HOCEIMA-TAOUNATE,Al Hoceima Bni Gmil Maksouline,33.35,23.35,5.56,42.03,0.471,0.147
60,TAZA-AL HOCEIMA-TAOUNATE,Taza Lamrija,32.96,22.2,5.52,42.49,0.542,0.431
60,TAZA-AL HOCEIMA-TAOUNATE,Al Hoceima Rouadi,32.49,21.75,5.33,44.4,0.568,0.325
60,TAZA-AL HOCEIMA-TAOUNATE,Taza Mazguitam,30.03,21.78,4.73,43.04,0.508,0.364
60,TAZA-AL HOCEIMA-TAOUNATE,Al Hoceima Sidi Bouzineb,29.73,24.09,4.39,39.65,0.494,0.051
60,TAZA-AL HOCEIMA-TAOUNATE,Taza Kaf El Ghar,29.08,23.17,4.45,41.95,0.522,0.049
60,TAZA-AL HOCEIMA-TAOUNATE,Taza Brarha,28.55,24.38,4.12,39.14,0.487,0.019
60,TAZA-AL HOCEIMA-TAOUNATE,Taza Barkine,26.38,25.92,3.66,42.17,0.415,0.152
60,TAZA-AL HOCEIMA-TAOUNATE,Taza Ait Saghrouchen,25.62,22.53,3.8,41.27,0.554,0.285
60,TAZA-AL HOCEIMA-TAOUNATE,Taza Galdamane,24.82,20.4,3.77,48.03,0.549,0.373
60,TAZA-AL HOCEIMA-TAOUNATE,Al Hoceima Zaouiat Sidi Abdelkader,24.64,21.57,3.67,41.06,0.496,0.215
60,TAZA-AL HOCEIMA-TAOUNATE,Taza Tainaste,23.62,22.12,3.47,39.62,0.526,0.215
60,TAZA-AL HOCEIMA-TAOUNATE,Taza Gzenaya Al Janoubia,23.42,20.53,3.4,43.28,0.53,0.25
60,TAZA-AL HOCEIMA-TAOUNATE,Taza Bab Marzouka,23.0,20.25,3.49,42.59,0.542,0.318
60,TAZA-AL HOCEIMA-TAOUNATE,Taza Tazarine,22.63,21.68,3.31,41.13,0.574,0.174
60,TAZA-AL HOCEIMA-TAOUNATE,Taza Bni Lent,22.63,20.35,3.42,41.96,0.52,0.306
60,TAZA-AL HOCEIMA-TAOUNATE,Taza Assebbab,22.16,22.34,3.13,39.67,0.492,0.325
60,TAZA-AL HOCEIMA-TAOUNATE,Taounate Mkansa,22.01,22.37,3.05,42.46,0.484,0.496
60,TAZA-AL HOCEIMA-TAOUNATE,Al Hoceima Ait Kamra,21.91,20.42,3.2,41.91,0.52,0.493
60,TAZA-AL HOCEIMA-TAOUNATE,Taounate Timezgana,21.81,18.29,3.48,47.22,0.567,0.239
60,TAZA-AL HOCEIMA-TAOUNATE,Taounate Karia Ba Mohamed (M),21.8,18.48,3.21,44.14,0.642,
60,TAZA-AL HOCEIMA-TAOUNATE,Taza Jbarna,21.53,19.46,3.18,42.88,0.531,0.446
60,TAZA-AL HOCEIMA-TAOUNATE,Taza Ras Laksar,21.41,22.22,2.94,39.54,0.49,0.069
60,TAZA-AL HOCEIMA-TAOUNATE,Taza Saka,20.95,21.89,2.86,42.54,0.511,0.305
60,TAZA-AL HOCEIMA-TAOUNATE,Al Hoceima Bni Gmil,20.93,20.27,3.18,42.74,0.566,0.2
60,TAZA-AL HOCEIMA-TAOUNATE,Taounate Ain Maatouf,20.6,20.74,2.91,41.89,0.536,0.342
60,TAZA-AL HOCEIMA-TAOUNATE,Taza Zrarda,20.58,21.44,2.95,41.14,0.573,0.286
60,TAZA-AL HOCEIMA-TAOUNATE,Taounate Oued Jemaa,20.57,21.56,2.78,41.04,0.506,0.24
60,TAZA-AL HOCEIMA-TAOUNATE,Al Hoceima Louta,20.46,19.39,3.0,42.96,0.511,0.453
60,TAZA-AL HOCEIMA-TAOUNATE,Al Hoceima Bni Ammart,19.96,19.62,2.93,44.56,0.57,0.237
60,TAZA-AL HOCEIMA-TAOUNATE,Taza Ghiata Al Gharbia,19.74,18.91,2.81,41.94,0.534,0.359
60,TAZA-AL HOCEIMA-TAOUNATE,Taza Bab Boudir,19.6,20.39,2.7,41.16,0.446,0.308
60,TAZA-AL HOCEIMA-TAOUNATE,Taounate Oulad Ayyad,19.1,19.6,2.8,41.1,0.608,0.705
60,TAZA-AL HOCEIMA-TAOUNATE,Taza Oulad Zbair,18.84,20.5,2.6,40.3,0.522,0.306
60,TAZA-AL HOCEIMA-TAOUNATE,Taza El Gouzate,18.72,20.4,2.58,41.77,0.53,0.292
60,TAZA-AL HOCEIMA-TAOUNATE,Al Hoceima Bni Hadifa,18.42,17.35,2.73,42.37,0.6,0.396
60,TAZA-AL HOCEIMA-TAOUNATE,Al Hoceima Senada,18.18,17.83,2.72,43.05,0.538,0.351
61,TAZA-AL HOCEIMA-TAOUNATE,Al Hoceima Chakrane,18.16,19.65,2.54,40.91,0.461,0.05
61,TAZA-AL HOCEIMA-TAOUNATE,Taounate Oulad Daoud,18.05,20.44,2.43,41.64,0.527,0.269
61,TAZA-AL HOCEIMA-TAOUNATE,Al Hoceima Bni Boufrah,18.01,17.92,2.64,44.29,0.573,0.498
61,TAZA-AL HOCEIMA-TAOUNATE,Taounate Ghouazi,17.83,19.79,2.35,41.16,0.51,0.296
61,TAZA-AL HOCEIMA-TAOUNATE,Al Hoceima Bni Abdallah,17.81,19.17,2.42,42.73,0.518,0.229
61,TAZA-AL HOCEIMA-TAOUNATE,Taounate Outabouabane,17.77,20.83,2.39,39.81,0.55,0.358
61,TAZA-AL HOCEIMA-TAOUNATE,Taounate Sidi El Abed,17.64,20.69,2.37,39.19,0.498,0.396
61,TAZA-AL HOCEIMA-TAOUNATE,Taza Bourd,17.62,17.43,2.59,43.26,0.52,0.359
61,TAZA-AL HOCEIMA-TAOUNATE,Al Hoceima Nekkour,17.56,17.82,2.54,44.47,0.576,0.348
61,TAZA-AL HOCEIMA-TAOUNATE,Al Hoceima Bni Bounsar,17.39,17.34,2.66,42.97,0.537,0.356
61,TAZA-AL HOCEIMA-TAOUNATE,Taounate Sidi M'Hamed Ben Lahcen,17.38,20.97,2.28,39.47,0.506,0.291
61,TAZA-AL HOCEIMA-TAOUNATE,Taza Bni Frassen,17.36,19.76,2.41,41.31,0.551,0.242
61,TAZA-AL HOCEIMA-TAOUNATE,Taounate Bouchabel,17.1,21.44,2.24,38.65,0.468,0.328
61,TAZA-AL HOCEIMA-TAOUNATE,Taounate Bni Snous,16.93,19.6,2.22,39.53,0.546,0.448
61,TAZA-AL HOCEIMA-TAOUNATE,Taza Msila,16.73,17.81,2.33,45.15,0.588,0.303
61,TAZA-AL HOCEIMA-TAOUNATE,Taounate Loulja,16.63,21.86,2.14,38.14,0.468,0.263
61,TAZA-AL HOCEIMA-TAOUNATE,Al Hoceima Sidi Boutmim,16.5,15.89,2.44,44.97,0.566,0.38
61,TAZA-AL HOCEIMA-TAOUNATE,Taounate Ain Legdah,16.28,19.59,2.15,39.66,0.536,0.518
61,TAZA-AL HOCEIMA-TAOUNATE,Taza Taddart,16.07,17.89,2.2,41.37,0.542,0.396
61,TAZA-AL HOCEIMA-TAOUNATE,Taounate Moulay Abdelkrim,15.95,19.26,2.11,39.82,0.554,0.229
61,TAZA-AL HOCEIMA-TAOUNATE,Taounate Ourtzagh,15.93,16.29,2.3,45.1,0.616,0.286
61,TAZA-AL HOCEIMA-TAOUNATE,Taounate Kissane,15.78,17.07,2.25,42.94,0.546,0.41
61,TAZA-AL HOCEIMA-TAOUNATE,Taounate Ain Mediouna,15.77,16.52,2.27,43.4,0.616,0.648
61,TAZA-AL HOCEIMA-TAOUNATE,Al Hoceima Ait Youssef Ou Ali,15.76,16.42,2.36,42.2,0.622,0.575
61,TAZA-AL HOCEIMA-TAOUNATE,Taza Houara Oulad Raho,15.69,17.27,2.14,42.63,0.585,0.545
61,TAZA-AL HOCEIMA-TAOUNATE,Al Hoceima Zarkt,15.63,17.82,2.16,41.42,0.554,0.287
61,TAZA-AL HOCEIMA-TAOUNATE,Taounate Tamedit,15.52,17.58,2.18,42.16,0.543,0.213
61,TAZA-AL HOCEIMA-TAOUNATE,Taounate Galaz,15.45,17.48,2.12,42.58,0.521,0.241
61,TAZA-AL HOCEIMA-TAOUNATE,Taounate Tafrant,15.3,18.25,2.03,42.68,0.571,0.207
61,TAZA-AL HOCEIMA-TAOUNATE,Taounate Bouarouss,14.92,19.75,1.93,38.71,0.469,0.054
61,TAZA-AL HOCEIMA-TAOUNATE,Taounate El Bsabsa,14.87,18.35,1.94,40.06,0.48,0.372
61,TAZA-AL HOCEIMA-TAOUNATE,Taounate Ras El Oued,14.78,17.99,1.97,40.21,0.517,0.251
61,TAZA-AL HOCEIMA-TAOUNATE,Taza Oulad Chrif,14.78,18.76,1.93,39.31,0.47,0.147
61,TAZA-AL HOCEIMA-TAOUNATE,Al Hoceima Taghzout,14.76,17.4,2.07,38.97,0.547,0.453
61,TAZA-AL HOCEIMA-TAOUNATE,Taza Traiba,14.72,18.01,2.03,41.2,0.585,0.225
61,TAZA-AL HOCEIMA-TAOUNATE,Taounate Tissa (M),14.71,14.83,1.89,43.67,0.659,
61,TAZA-AL HOCEIMA-TAOUNATE,Al Hoceima Moulay Ahmed Cherif,14.63,16.3,2.15,41.91,0.564,0.349
61,TAZA-AL HOCEIMA-TAOUNATE,Taza Ajdir,14.34,15.0,2.07,43.77,0.589,0.386
61,TAZA-AL HOCEIMA-TAOUNATE,Taza Meknassa Acharqia,14.3,17.52,1.98,41.79,0.537,0.211
61,TAZA-AL HOCEIMA-TAOUNATE,Taza Tizi Ouasli,14.27,16.19,1.9,43.64,0.528,0.294
61,TAZA-AL HOCEIMA-TAOUNATE,Taza Bni Ftah,14.27,16.74,1.93,41.35,0.574,0.31
61,TAZA-AL HOCEIMA-TAOUNATE,Taza Taifa,14.04,17.81,1.82,40.11,0.541,0.201
61,TAZA-AL HOCEIMA-TAOUNATE,Taounate Fennassa Bab El Hit,13.84,16.64,1.93,41.78,0.531,0.215
61,TAZA-AL HOCEIMA-TAOUNATE,Taounate Sidi Mokhfi,13.82,16.29,1.86,42.35,0.507,0.288
62,TAZA-AL HOCEIMA-TAOUNATE,Taza Bouchfaa,13.8,16.42,1.83,40.38,0.567,0.723
62,TAZA-AL HOCEIMA-TAOUNATE,Al Hoceima Bni Bouchibet,13.79,16.84,1.89,40.87,0.496,0.319
62,TAZA-AL HOCEIMA-TAOUNATE,Taounate Ain Aicha,13.75,17.19,1.81,44.03,0.567,0.364
62,TAZA-AL HOCEIMA-TAOUNATE,Taounate Jbabra,13.03,18.0,1.7,38.74,0.486,0.149
62,TAZA-AL HOCEIMA-TAOUNATE,Taounate Messassa,12.88,16.94,1.66,39.13,0.515,0.315
62,TAZA-AL HOCEIMA-TAOUNATE,Taza Smià,12.87,15.66,1.7,42.49,0.624,0.392
62,TAZA-AL HOCEIMA-TAOUNATE,Taounate Bni Ounjel Tafraout,12.52,15.07,1.68,42.78,0.559,0.246
62,TAZA-AL HOCEIMA-TAOUNATE,Taounate Sidi Yahya Bni Zeroual,12.51,15.78,1.65,41.53,0.534,0.385
62,TAZA-AL HOCEIMA-TAOUNATE,Taounate Bouhouda,12.08,14.73,1.63,43.57,0.551,0.287
62,TAZA-AL HOCEIMA-TAOUNATE,Al Hoceima Tifarouine,12.08,14.54,1.69,42.59,0.528,0.121
62,TAZA-AL HOCEIMA-TAOUNATE,Al Hoceima Arbaa Taourirt,11.8,14.97,1.54,42.44,0.501,0.208
62,TAZA-AL HOCEIMA-TAOUNATE,Taza Oulad Bourima,11.59,14.65,1.52,38.33,0.488,0.151
62,TAZA-AL HOCEIMA-TAOUNATE,Al Hoceima Bni Ahmed Imoukzan,11.51,14.58,1.58,41.25,0.525,0.277
62,TAZA-AL HOCEIMA-TAOUNATE,Taounate Taounate (M),11.38,13.05,1.39,43.98,0.695,
62,TAZA-AL HOCEIMA-TAOUNATE,Taounate Moulay Bouchta,11.13,15.37,1.43,41.98,0.514,0.328
62,TAZA-AL HOCEIMA-TAOUNATE,Al Hoceima Issaguen (AC),11.12,11.35,1.47,45.26,0.664,
62,TAZA-AL HOCEIMA-TAOUNATE,Taza Sidi Ali Bourakba,10.44,12.53,1.41,43.14,0.57,0.42
62,TAZA-AL HOCEIMA-TAOUNATE,Taza Matmata (AC),10.28,16.45,1.06,39.78,0.682,
62,TAZA-AL HOCEIMA-TAOUNATE,Taounate El Bibane,10.2,13.02,1.41,43.29,0.601,0.659
62,TAZA-AL HOCEIMA-TAOUNATE,Taounate Bouadel,9.89,12.82,1.35,41.7,0.64,0.639
62,TAZA-AL HOCEIMA-TAOUNATE,Taounate Bni Oulid,9.7,11.87,1.32,44.1,0.617,0.396
62,TAZA-AL HOCEIMA-TAOUNATE,Taza Meknassa Al Gharbia,9.68,12.81,1.27,41.55,0.565,0.391
62,TAZA-AL HOCEIMA-TAOUNATE,Taza Bouhlou,9.52,12.05,1.27,42.33,0.596,0.605
62,TAZA-AL HOCEIMA-TAOUNATE,Taounate Thar Es-souk (M),9.48,14.52,0.85,42.98,0.693,
62,TAZA-AL HOCEIMA-TAOUNATE,Taounate Tabouda,9.32,13.06,1.22,41.43,0.528,0.174
62,TAZA-AL HOCEIMA-TAOUNATE,Taza Matmata,9.3,12.31,1.21,40.34,0.61,0.759
62,TAZA-AL HOCEIMA-TAOUNATE,Taounate Sidi Haj M'hamed,9.29,12.35,1.21,41.02,0.529,0.202
62,TAZA-AL HOCEIMA-TAOUNATE,Taza Zrarda (AC),9.28,15.36,0.97,36.39,0.666,
62,TAZA-AL HOCEIMA-TAOUNATE,Taounate Rghioua,9.22,12.19,1.2,40.82,0.607,0.474
62,TAZA-AL HOCEIMA-TAOUNATE,Al Hoceima Issaguen,8.97,11.71,1.18,41.17,0.551,0.334
62,TAZA-AL HOCEIMA-TAOUNATE,Al Hoceima Izemmouren,8.79,10.89,1.15,41.79,0.544,0.662
62,TAZA-AL HOCEIMA-TAOUNATE,Taounate Oudka,8.61,11.45,1.14,42.0,0.545,0.24
62,TAZA-AL HOCEIMA-TAOUNATE,Taounate Mezraoua,8.51,12.08,1.1,39.56,0.552,0.506
62,TAZA-AL HOCEIMA-TAOUNATE,Al Hoceima Bni Bchir,8.18,11.09,1.04,41.13,0.519,0.132
62,TAZA-AL HOCEIMA-TAOUNATE,Al Hoceima Abdelghaya Souahel,7.11,9.91,0.9,41.41,0.576,0.326
62,TAZA-AL HOCEIMA-TAOUNATE,Taza Tahla (M),6.6,12.41,0.6,37.57,0.69,
62,TAZA-AL HOCEIMA-TAOUNATE,Taounate Ratba,6.56,8.85,0.84,43.48,0.556,0.303
62,TAZA-AL HOCEIMA-TAOUNATE,Taza Guercif (M),6.45,10.19,0.63,41.03,0.665,
62,TAZA-AL HOCEIMA-TAOUNATE,Al Hoceima Tamsaout,6.42,9.36,0.79,40.12,0.5,0.258
62,TAZA-AL HOCEIMA-TAOUNATE,Al Hoceima Ketama,6.3,8.56,0.78,42.02,0.61,0.333
62,TAZA-AL HOCEIMA-TAOUNATE,Al Hoceima Ajdir (AC),6.29,12.0,0.58,36.72,0.691,
62,TAZA-AL HOCEIMA-TAOUNATE,Taza Oulad Zbair (AC),5.87,10.34,0.55,40.92,0.705,
62,TAZA-AL HOCEIMA-TAOUNATE,Taza Oued Amlil (M),5.8,10.47,0.51,41.67,0.715,
62,TAZA-AL HOCEIMA-TAOUNATE,Taza Taza (M),5.41,9.3,0.51,41.13,0.719,
63,TAZA-AL HOCEIMA-TAOUNATE,Taounate Ghafsai (M),5.38,8.72,0.52,39.74,0.707,
63,TAZA-AL HOCEIMA-TAOUNATE,Al Hoceima Bni Bouayach (M),5.27,7.91,0.53,43.77,0.708,
63,TAZA-AL HOCEIMA-TAOUNATE,Taounate Khlalfa,5.21,7.82,0.62,40.41,0.62,0.403
63,TAZA-AL HOCEIMA-TAOUNATE,Al Hoceima Imzouren (M),4.66,7.61,0.44,40.73,0.68,
63,TAZA-AL HOCEIMA-TAOUNATE,Al Hoceima Al Hoceima (M),4.61,7.62,0.44,43.46,0.737,
63,TAZA-AL HOCEIMA-TAOUNATE,Taounate Zrizer,4.59,6.73,0.54,41.03,0.658,0.378
63,TAZA-AL HOCEIMA-TAOUNATE,Taza Aknoul (M),3.37,6.33,0.3,37.58,0.665,
63,TAZA-AL HOCEIMA-TAOUNATE,Al Hoceima Targuist (M),3.16,5.73,0.25,39.97,0.69,
63,TAZA-AL HOCEIMA-TAOUNATE,Al Hoceima Bni Hadifa (AC),2.85,4.78,0.21,41.95,0.719,
63,TAZA-AL HOCEIMA-TAOUNATE,Al Hoceima Tamassint (AC),2.2,5.39,0.2,33.73,0.676,
63,TAZA-AL HOCEIMA-TAOUNATE,Taza Ajdir (AC),2.02,4.72,0.15,40.4,0.665,
63,TAZA-AL HOCEIMA-TAOUNATE,Taza Tizi Ouasli (AC),1.45,4.15,0.09,36.47,0.71,
64,TANGER – TETOUAN,Tetouan Bni Idder,55.42,14.42,15.28,48.57,0.438,0.154
64,TANGER – TETOUAN,Tetouan Bni Leit,32.52,24.14,5.03,38.67,0.455,0.284
64,TANGER – TETOUAN,Tanger-Assilah Azzinate,31.79,24.74,4.42,37.93,0.537,0.319
64,TANGER – TETOUAN,Fahs-Anjra Jouamaa,29.62,25.61,4.06,37.02,0.544,0.386
64,TANGER – TETOUAN,Chefchaouen Bni Selmane,28.94,27.26,3.88,37.34,0.433,0.142
64,TANGER – TETOUAN,Chefchaouen M'tioua,28.37,27.16,3.76,37.5,0.432,0.135
64,TANGER – TETOUAN,Tetouan Bni Harchen,28.26,26.36,3.8,37.99,0.445,0.156
64,TANGER – TETOUAN,Tetouan Dar Bni Karrich,27.84,22.04,4.33,40.6,0.587,0.609
64,TANGER – TETOUAN,Tetouan Zinat,27.17,25.56,3.6,36.71,0.453,0.387
64,TANGER – TETOUAN,Tetouan Bghaghza,25.48,25.19,3.44,39.99,0.457,0.113
64,TANGER – TETOUAN,Larache Tazroute,25.45,23.36,3.72,38.69,0.508,0.361
64,TANGER – TETOUAN,Chefchaouen Ouaouzgane,24.85,25.39,3.41,37.81,0.491,0.124
64,TANGER – TETOUAN,Tetouan Souk Kdim,24.83,25.71,3.28,37.29,0.548,0.19
64,TANGER – TETOUAN,Chefchaouen Bni Bouzra,24.82,25.17,3.31,37.93,0.526,0.363
64,TANGER – TETOUAN,Chefchaouen Tizgane,24.09,23.83,3.27,39.99,0.536,0.386
64,TANGER – TETOUAN,Chefchaouen Bni Rzine,24.02,24.52,3.32,40.24,0.53,0.248
64,TANGER – TETOUAN,Larache Zouada,23.48,25.58,3.18,36.67,0.524,0.404
64,TANGER – TETOUAN,Tanger-Assilah Al Manzla,23.1,23.64,3.15,36.25,0.508,0.4
64,TANGER – TETOUAN,Chefchaouen Amtar,23.01,25.03,3.04,36.97,0.47,0.166
64,TANGER – TETOUAN,Chefchaouen Asjen,22.81,24.69,2.98,44.24,0.511,0.198
64,TANGER – TETOUAN,Tetouan Zaitoune,22.16,22.95,2.98,39.02,0.531,0.73
64,TANGER – TETOUAN,Tetouan Oued Laou (M),20.98,20.58,2.77,39.15,0.629,
64,TANGER – TETOUAN,Larache Laouamra,20.94,23.52,2.8,39.06,0.522,0.535
64,TANGER – TETOUAN,Tetouan Jbel Lahbib,20.73,23.57,2.67,38.92,0.55,0.415
64,TANGER – TETOUAN,Larache Bni Garfett,20.72,22.73,2.74,40.58,0.535,0.371
64,TANGER – TETOUAN,Chefchaouen Laghdir,20.64,22.55,2.86,38.43,0.546,0.199
64,TANGER – TETOUAN,Chefchaouen Fifi,20.62,22.33,2.85,39.56,0.551,0.191
64,TANGER – TETOUAN,Fahs-Anjra Al Bahraoyine,20.4,21.87,2.85,39.64,0.523,0.643
64,TANGER – TETOUAN,Larache Ksar Bjir,20.25,24.46,2.65,36.04,0.524,0.557
64,TANGER – TETOUAN,Chefchaouen Talambote,20.13,23.64,2.6,36.86,0.453,0.375
64,TANGER – TETOUAN,Tetouan Ain Lahsan,20.0,21.94,2.78,38.78,0.526,0.358
64,TANGER – TETOUAN,Tetouan Oulad Ali Mansour,19.78,24.14,2.43,34.26,0.403,0.149
64,TANGER – TETOUAN,Larache Rissana Janoubia,19.63,26.09,2.37,34.5,0.457,0.407
64,TANGER – TETOUAN,Larache Sahel,19.57,22.49,2.61,37.0,0.505,0.381
64,TANGER – TETOUAN,Chefchaouen Bni Smih,19.55,24.13,2.53,36.67,0.488,0.146
64,TANGER – TETOUAN,Larache Souaken,19.53,25.24,2.46,35.12,0.475,0.403
64,TANGER – TETOUAN,Chefchaouen Tanaqoub,19.21,21.61,2.7,39.0,0.546,0.48
64,TANGER – TETOUAN,Tanger-Assilah Aquouass Briech,19.1,22.19,2.6,37.84,0.587,0.65
64,TANGER – TETOUAN,Fahs-Anjra Ksar Sghir,19.01,21.43,2.57,39.4,0.545,0.547
64,TANGER – TETOUAN,Larache Ayacha,18.62,22.34,2.45,37.7,0.536,0.28
64,TANGER – TETOUAN,Fahs-Anjra Anjra,18.25,21.76,2.38,38.86,0.561,0.298
64,TANGER – TETOUAN,Chefchaouen Bni Salah,18.25,21.85,2.47,37.79,0.434,0.376
64,TANGER – TETOUAN,Larache Souk L'Qolla,18.14,21.81,2.4,37.58,0.514,0.286
64,TANGER – TETOUAN,Tetouan Sahtryine,18.02,22.96,2.28,36.85,0.433,0.185
65,TANGER – TETOUAN,Chefchaouen Bni Ahmed Cherqia,17.98,20.09,2.48,40.44,0.523,0.449
65,TANGER – TETOUAN,Chefchaouen Bni Mansour,17.77,24.04,2.22,36.22,0.434,0.11
65,TANGER – TETOUAN,Tanger-Assilah Lkhaloua,17.66,20.61,2.25,38.73,0.553,0.485
65,TANGER – TETOUAN,Chefchaouen Oued Malha,16.94,21.55,2.23,37.67,0.507,0.287
65,TANGER – TETOUAN,Chefchaouen Steha,16.94,22.07,2.14,39.21,0.521,0.278
65,TANGER – TETOUAN,Fahs-Anjra Ksar El Majaz,16.85,20.71,2.17,38.41,0.495,0.569
65,TANGER – TETOUAN,Tetouan Zaouiat Sidi Kacem,16.82,22.41,2.01,38.64,0.469,0.209
65,TANGER – TETOUAN,Fahs-Anjra Taghramt,16.42,20.43,2.11,40.86,0.595,0.401
65,TANGER – TETOUAN,Tetouan AL Khrroub,16.32,19.08,2.15,37.98,0.512,0.432
65,TANGER – TETOUAN,Tanger-Assilah Dar Chaoui,16.22,20.4,2.12,35.54,0.509,0.496
65,TANGER – TETOUAN,Chefchaouen Moqrisset,16.09,19.5,2.18,38.75,0.581,0.194
65,TANGER – TETOUAN,Tetouan Allyene,15.94,19.88,2.07,36.96,0.569,0.239
65,TANGER – TETOUAN,Larache Tatoft,15.84,21.5,1.97,36.19,0.473,0.297
65,TANGER – TETOUAN,Tanger-Assilah Boukhalef,15.82,19.05,2.14,39.22,0.628,0.693
65,TANGER – TETOUAN,Fahs-Anjra Malloussa,15.78,20.15,2.02,37.27,0.492,0.454
65,TANGER – TETOUAN,Chefchaouen Tamorot,15.52,20.35,2.03,39.37,0.538,0.13
65,TANGER – TETOUAN,Larache Khemis Sahel (AC),15.47,18.42,1.74,35.73,0.638,
65,TANGER – TETOUAN,Tetouan Saddina,15.41,20.23,1.97,36.96,0.574,0.524
65,TANGER – TETOUAN,Larache Zaaroura,15.09,19.66,1.9,38.1,0.519,0.363
65,TANGER – TETOUAN,Larache Bou Jedyane,14.91,19.26,1.96,37.78,0.531,0.369
65,TANGER – TETOUAN,Chefchaouen Ain Beida,14.7,19.64,1.92,38.16,0.568,0.252
65,TANGER – TETOUAN,Tetouan Al Hamra,14.46,19.71,1.83,36.66,0.491,0.452
65,TANGER – TETOUAN,Tanger-Assilah Sidi Lyamani,14.43,19.58,1.82,37.03,0.55,0.542
65,TANGER – TETOUAN,Chefchaouen Mansoura,14.32,19.09,1.89,37.69,0.49,0.359
65,TANGER – TETOUAN,Chefchaouen Derdara,14.25,19.37,1.85,37.54,0.511,0.231
65,TANGER – TETOUAN,Tanger-Assilah Sahel Chamali,14.23,18.93,1.81,37.45,0.483,0.509
65,TANGER – TETOUAN,Chefchaouen Tassift,14.21,19.74,1.83,36.72,0.491,0.259
65,TANGER – TETOUAN,Tanger-Assilah Bni Makada (AR),14.08,17.57,1.58,39.33,0.656,
65,TANGER – TETOUAN,Chefchaouen Iounane,13.66,18.44,1.82,40.32,0.526,0.31
65,TANGER – TETOUAN,Tétouan Dar Bni Karrich (AC),13.47,16.01,1.55,38.19,0.654,
65,TANGER – TETOUAN,Larache Rissana Chamalia,13.3,20.03,1.61,36.83,0.54,0.47
65,TANGER – TETOUAN,Larache Souk Tolba,13.06,20.11,1.63,34.55,0.501,0.406
65,TANGER – TETOUAN,Fahs-Anjra Laaouama,12.62,17.53,1.68,38.74,0.621,0.674
65,TANGER – TETOUAN,Tetouan Bni Said,12.58,17.84,1.54,37.36,0.527,0.399
65,TANGER – TETOUAN,Chefchaouen Brikcha,12.41,17.63,1.56,36.54,0.533,0.321
65,TANGER – TETOUAN,Chefchaouen Bni Faghloum,12.22,17.51,1.56,37.97,0.556,0.139
65,TANGER – TETOUAN,Chefchaouen Bni Ahmed Gharbia,11.82,17.48,1.47,36.64,0.51,0.381
65,TANGER – TETOUAN,Chefchaouen Bni Darkoul,11.63,15.95,1.53,38.82,0.607,0.595
65,TANGER – TETOUAN,Tetouan Mallalienne,11.63,16.16,1.48,40.67,0.591,0.563
65,TANGER – TETOUAN,Tanger – Assilah Dar Chaoui (AC),11.14,14.64,1.18,39.91,0.681,
66,TANGER – TETOUAN,Chefchaouen Bab Taza,11.06,15.64,1.41,39.21,0.564,0.465
66,TANGER – TETOUAN,Tetouan Azla,11.02,15.91,1.33,40.95,0.584,0.589
66,TANGER – TETOUAN,Tetouan Fnidq (M),11.0,15.09,1.18,37.83,0.685,
66,TANGER – TETOUAN,Larache Bni Arouss,10.91,16.37,1.35,36.63,0.548,0.453
66,TANGER – TETOUAN,Tetouan M'Diq (M),10.75,14.81,1.13,39.28,0.661,
66,TANGER – TETOUAN,Larache Oulad Ouchih,10.74,16.2,1.36,37.35,0.573,0.723
66,TANGER – TETOUAN,Chefchaouen Bab Taza (AC),10.46,14.15,1.08,40.45,0.713,
66,TANGER – TETOUAN,Tetouan Al Oued,10.21,15.82,1.31,35.78,0.474,0.458
66,TANGER – TETOUAN,Chefchaouen Jebha (AC),9.97,13.29,1.13,39.93,0.629,
66,TANGER – TETOUAN,Chefchaouen Bab Berred (AC),9.77,14.24,0.98,40.03,0.663,
66,TANGER – TETOUAN,Chefchaouen Zoumi,9.68,14.61,1.2,38.4,0.563,0.207
66,TANGER – TETOUAN,Larache Ksar El Kebir (M),9.2,13.53,0.94,39.06,0.684,
66,TANGER – TETOUAN,Chefchaouen Brikcha (AC),9.02,15.27,0.86,33.51,0.655,
66,TANGER – TETOUAN,Tanger – Assilah Gueznaia (AC),8.88,12.81,0.89,37.9,0.712,
66,TANGER – TETOUAN,Larache Larache (M),8.7,12.57,0.9,39.92,0.685,
66,TANGER – TETOUAN,Chefchaouen Chefchaouen (M),8.57,12.26,0.92,40.38,0.705,
66,TANGER – TETOUAN,Tanger-Assilah Charf-Mghogha (AR),7.93,12.24,0.78,39.5,0.709,
66,TANGER – TETOUAN,Tetouan Tétouan (M),7.42,11.82,0.72,40.21,0.693,
66,TANGER – TETOUAN,Chefchaouen Kalaat Bouqorra,6.93,11.28,0.86,38.96,0.551,0.318
66,TANGER – TETOUAN,Chefchaouen Zoumi (AC),6.8,10.8,0.66,38.21,0.697,
66,TANGER – TETOUAN,Tetouan Martil (M),6.66,10.55,0.65,41.85,0.729,
66,TANGER – TETOUAN,Chefchaouen Bab Berred,6.5,9.61,0.8,38.39,0.561,0.449
66,TANGER – TETOUAN,Chefchaouen Moqrisset (AC),6.39,10.01,0.65,36.8,0.651,
66,TANGER – TETOUAN,Tanger-Assilah S - Tnine Sidi Lyamani (AC),5.97,10.25,0.53,35.41,0.702,
66,TANGER – TETOUAN,Tanger-Assilah Tanger-Médina (AR),5.68,9.11,0.55,42.59,0.74,
66,TANGER – TETOUAN,Tanger-Assilah Assilah (M),5.6,9.73,0.52,40.13,0.702,
66,TANGER – TETOUAN,Tetouan Karia (AC),5.35,6.39,0.55,37.62,0.711,
66,TANGER – TETOUAN,Tanger-Assilah Charf-Souani (AR),3.48,6.95,0.29,39.61,0.745,
