code24,name24,population24,age_0_4,age_5_9,age_10_14,pct_illiterate,pct_no_education,activity_rate,unemployment_rate,pct_women_divorced,n_households,hh_size_avg,pct_owner,pct_renter,pct_electricity,pct_water,is_urban,pop_share
1511010,Commune de Tanger,1272718,8.3,9.2,8.6,14.5,26.3,52.1,15.3,5.0,362062,3.5,46.5,43.4,99.4,98.8,1,3.4877977174992867
15110101,Commune d'Assilah,33975,7.3,8.6,8.4,16.0,24.2,45.2,21.4,5.4,9745,3.5,66.4,19.4,87.3,82.0,1,0.09310619277172025
15110109,Commune de Gueznaia,88673,10.9,11.5,9.7,12.9,27.2,55.2,12.5,4.4,25039,3.5,56.6,35.7,97.9,93.9,1,0.24300236737738778
15110519,Commune de Hjar Ennhal,25301,11.1,12.0,11.2,21.2,33.9,48.1,17.6,2.3,6048,4.2,81.5,11.7,86.3,68.1,1,0.06933568162817642
15110507,Commune de Dar Chaoui,4469,7.3,8.4,10.2,30.0,44.0,38.5,20.1,1.2,1078,4.1,74.6,3.8,97.9,37.8,1,0.01224699265627131
15110501,Commune d'Al Manzla,2680,7.7,10.0,9.6,37.3,46.3,45.7,24.3,1.1,629,4.3,92.1,0.2,92.7,69.5,1,0.007344358988321127
15110517,Commune de Laaouama,19052,10.5,12.3,10.8,22.4,37.5,44.9,13.0,2.1,4618,4.1,79.8,8.9,96.6,95.2,1,0.05221071919607989
15110505,Commune de Sebt Azzinate,7263,10.3,11.2,10.5,31.7,42.7,43.7,24.6,1.4,1729,4.2,92.8,1.7,97.8,75.9,1,0.01990376094484192
15110303,Commune d'Aquouass Briech,4627,7.7,8.9,9.2,30.7,35.8,41.0,22.3,3.0,1190,3.9,79.4,3.5,92.1,60.6,1,0.01267998098468726
15110315,Commune de Had Al Gharbia,12835,8.1,9.1,8.8,34.8,39.5,57.0,13.9,3.0,3084,4.2,82.0,2.6,96.8,60.7,1,0.03517345060264987
15110311,Commune de Sahel Chamali,5028,8.2,8.7,8.7,37.8,44.9,50.9,9.7,2.5,1235,4.1,82.5,1.1,98.1,64.9,1,0.0137788944004771
15110313,Commune de Sidi Lyamani,10615,9.6,11.2,10.3,34.1,38.6,52.3,10.9,2.0,2387,4.4,86.6,3.3,97.8,91.0,1,0.029089690545159985
15730105,Commune de M'diq,67393,7.8,9.9,9.9,20.6,31.7,43.4,25.6,3.5,17498,3.9,57.2,26.1,98.8,95.3,1,0.18468596466415138
15730101,Commune de Fnideq,76293,7.5,10.5,10.6,19.5,30.5,45.0,34.5,4.7,20061,3.8,56.9,32.8,98.0,96.4,1,0.2090758135432775
15730103,Commune de Martil,95895,7.3,9.3,9.4,15.5,26.0,47.0,25.4,5.2,26886,3.6,53.9,34.5,99.3,93.8,1,0.2627937705914382
15730107,Commune d'Allyene,8109,9.1,9.9,9.3,30.5,49.8,40.8,38.7,2.0,2131,3.8,90.4,4.2,94.5,42.0,1,0.022222166804588064
15730109,Commune de Belyounech,4593,7.4,8.6,8.6,26.5,41.8,47.1,52.2,1.8,1221,3.8,85.4,5.0,96.2,74.1,1,0.01258680628110408
15710111,Commune de Tétouan,419038,6.6,8.5,8.9,16.1,26.0,46.0,25.7,4.4,113837,3.7,58.2,27.3,98.9,97.4,1,1.1483453364731748
15710107,Commune d'Oued Laou,11388,8.2,9.6,9.7,24.9,34.1,45.0,35.9,2.9,3153,3.6,66.9,24.6,93.5,84.5,1,0.03120804483544813
15710301,Commune d'Ain Lahsan,7450,9.1,9.9,9.9,32.6,50.6,43.2,17.4,1.2,1888,3.9,86.5,1.3,93.6,22.6,1,0.0204162218145494
15710319,Commune de Souk Kdim,8699,8.6,9.9,10.1,32.0,49.5,43.3,19.3,1.9,1986,4.4,89.4,0.6,97.0,21.9,1,0.023839021955002045
15710309,Commune de Jbel Lahbib,4126,9.1,10.5,9.8,28.9,40.9,46.8,4.8,2.0,1109,3.7,51.5,11.6,91.2,37.2,1,0.01130702432306454
15710307,Commune de Bni Harchen,6423,7.5,8.7,10.1,35.3,55.7,41.5,15.3,0.8,1511,4.3,92.8,0.3,94.4,6.3,1,0.017601797679845745
15710303,Commune d'Al Kharroub,2099,9.7,9.6,9.3,36.7,56.8,43.0,11.5,0.7,509,4.1,87.8,0.0,94.1,2.8,1,0.005752167730032106
15710315,Commune de Mallalienne,10874,8.0,9.5,9.5,27.2,39.9,45.4,18.5,2.4,2691,4.0,78.4,4.5,95.9,44.2,1,0.029799462551867134
15710317,Commune de Saddina,7619,8.8,10.2,10.6,27.2,43.5,43.1,22.2,1.3,1802,4.2,94.8,0.4,91.3,39.3,1,0.020879354900006964
15710321,Commune de Sahtryine,8733,10.1,10.9,10.0,32.0,56.5,47.9,10.1,1.1,1987,4.4,87.4,0.2,94.7,23.9,1,0.023932196658585224
15710311,Commune de Bni Idder,4659,9.8,11.4,11.4,37.4,55.7,61.0,6.3,0.4,983,4.7,97.3,0.2,97.9,0.6,1,0.012767674823353777
15710305,Commune de Bghaghza,6238,8.6,10.2,11.0,33.3,56.7,49.8,2.6,0.8,1386,4.5,67.9,0.4,96.1,0.1,1,0.01709481767505492
15710513,Commune de Bni Leit,5004,8.0,9.9,10.5,36.1,54.6,71.7,0.7,0.7,1004,5.0,93.4,0.0,95.6,0.8,1,0.013713124021477206
15710501,Commune d'Al Hamra,11877,8.2,10.5,10.6,34.0,47.3,63.0,6.9,0.7,2399,5.0,94.7,2.6,97.1,16.6,1,0.0325481163075709
15710505,Commune d'Al Oued,10875,9.0,9.9,9.5,38.1,51.1,55.6,5.4,1.1,2238,4.9,97.0,0.1,96.3,0.2,1,0.029802202984325465
15710519,Commune d'Oulad Ali Mansour,4683,7.3,7.9,9.9,41.6,61.6,60.7,1.1,0.9,850,5.5,98.5,0.0,91.8,0.1,1,0.012833445202353671
15710517,Commune de Dar Bni Karrich,10115,8.2,9.8,10.5,23.2,38.5,39.1,20.8,2.5,2493,4.1,73.4,10.9,99.2,46.9,1,0.027719474315995595
15710527,Commune de Zinat,8214,9.4,10.6,10.7,39.5,52.6,49.3,9.8,1.3,1726,4.8,84.3,0.8,92.9,3.0,1,0.022509912212712587
15710507,Commune d'Azla,22985,8.8,10.4,9.8,31.0,42.5,46.6,32.1,2.2,5553,4.1,75.4,8.1,96.8,88.0,1,0.06298884005468698
15710523,Commune de Zaitoune,13472,8.9,10.1,9.7,22.3,38.1,42.8,22.6,2.6,3192,4.2,67.4,13.7,98.8,79.3,1,0.0369191060786053
15710515,Commune de Bni Said,10465,8.5,10.6,10.3,36.5,48.9,52.0,14.0,1.3,2358,4.4,90.1,4.6,91.9,56.1,1,0.02867862567641067
15710525,Commune de Zaouiat Sidi Kacem,12851,9.1,10.6,11.1,38.5,56.3,43.7,44.9,1.3,2729,4.7,82.6,3.1,95.1,5.6,1,0.03521729752198313
12270509,Commune de Malloussa,18188,10.9,11.1,9.9,27.9,46.6,51.6,10.0,1.9,4627,3.9,85.5,7.4,95.2,52.0,1,0.04984298555208382
12270501,Commune d'Al Bahraoyine,15457,10.0,11.0,10.6,19.9,33.3,43.1,14.6,2.4,3912,4.0,71.8,16.0,94.1,85.8,1,0.04235886450838793
12270505,Commune de Ksar Sghir,16559,10.3,10.0,9.3,25.5,41.5,45.5,22.3,2.5,4391,3.8,72.8,17.0,98.4,31.6,1,0.04537882107746624
12270311,Commune de Jouamaa,10036,10.6,11.2,10.5,24.6,45.8,50.0,10.8,1.8,2416,4.2,82.4,6.9,91.3,51.0,1,0.02750298015178762
12270305,Commune d'Anjra,17214,9.1,10.1,9.8,28.7,47.7,45.7,20.7,1.2,3992,4.3,90.1,4.1,96.8,27.1,1,0.04717380433767159
12270321,Commune de Taghramt,9305,8.1,9.2,8.8,27.3,48.9,48.5,18.5,1.3,2385,3.9,90.9,3.3,98.1,21.9,1,0.025499724024749284
12270313,Commune de Ksar El Majaz,12642,10.0,10.1,8.6,29.4,42.7,43.7,12.9,2.8,3437,3.7,72.8,18.8,98.6,51.4,1,0.03464454713819242
13310101,Commune de Ksar El Kebir,124655,6.9,8.9,9.3,21.8,29.6,39.7,24.4,5.2,33188,3.8,66.7,20.6,97.5,97.9,1,0.3416086080929739
13310103,Commune de Larache,133592,7.5,9.6,9.5,18.4,26.2,46.5,19.6,5.5,35818,3.7,62.7,21.2,97.1,91.8,1,0.3660998529730582
13310705,Commune de Laouamra,48156,10.5,12.6,11.5,34.5,40.9,46.2,14.3,3.9,8949,5.4,87.7,3.4,93.5,18.5,1,0.13196826546328064
13310717,Commune de Zouada,25286,10.0,12.3,10.8,38.2,45.2,42.1,11.9,4.3,5050,5.0,91.2,0.1,93.5,40.0,1,0.0692945751413015
13310703,Commune de Ksar Bjir,17182,8.7,11.5,11.8,40.0,44.9,39.2,9.4,3.7,4028,4.3,95.1,0.3,92.5,80.3,1,0.047086110499005074
13310701,Commune de Boujedyane,9623,7.9,9.8,10.0,42.8,50.6,37.2,33.1,2.2,2639,3.6,93.3,0.0,97.1,29.0,1,0.026371181546497834
13310715,Commune de Tatoft,8657,8.2,9.7,9.4,46.1,50.3,38.6,24.7,3.5,2317,3.7,90.5,0.0,88.9,47.5,1,0.023723923791752238
13310711,Commune de Souk L'qolla,13590,8.1,9.3,8.8,36.4,52.7,44.7,17.7,1.8,3176,4.3,91.2,0.1,98.4,6.1,1,0.037242477108688096
13310903,Commune de Bni Arouss,7333,7.1,8.1,9.2,37.9,53.4,40.9,30.0,1.8,1971,3.7,80.0,3.2,94.0,48.0,1,0.020095591216924932
13310913,Commune de Tazroute,5448,7.8,9.1,8.1,35.8,56.0,38.1,48.9,1.5,1354,4.0,96.6,1.0,95.7,22.4,1,0.014929876032975185
13310901,Commune d'Ayacha,6925,8.2,9.5,9.0,38.3,53.7,37.9,8.4,2.0,1775,3.9,81.9,5.6,95.5,66.5,1,0.018977494773926788
13310905,Commune de Bni Garfett,11310,8.4,10.4,10.6,40.3,49.9,39.5,37.0,1.3,2713,4.2,84.5,2.0,86.0,22.2,1,0.030994291103698484
13310915,Commune de Zaaroura,8611,7.6,9.8,9.4,45.6,58.7,30.4,55.6,1.0,2226,3.9,73.2,0.3,96.2,6.7,1,0.02359786389866911
13311111,Commune de Sahel,18236,9.0,10.2,9.2,35.7,44.2,41.9,22.1,2.6,4469,4.1,71.8,5.7,92.9,60.0,1,0.0499745263100836
13311107,Commune de Rissana Chamalia,12961,10.1,11.6,10.7,41.1,46.4,41.7,13.2,1.9,2797,4.6,93.3,1.1,85.1,77.8,1,0.0355187450923993
13311109,Commune de Rissana Janoubia,17878,10.4,11.4,10.6,49.5,54.5,45.4,24.6,1.9,3814,4.7,91.5,0.0,89.2,31.7,1,0.0489934514900019
13311103,Commune d'Oulad Ouchih,13408,9.6,12.2,11.2,44.2,48.5,41.3,16.3,2.9,2765,4.8,97.9,0.0,94.9,81.7,1,0.03674371840127226
13311112,Commune de Souaken,12582,10.0,11.2,10.9,44.3,52.8,41.7,15.4,2.0,2699,4.7,98.4,0.0,96.3,82.0,1,0.034480121190692686
13311113,Commune de Souk Tolba,12854,9.6,11.2,10.1,44.2,53.3,39.9,10.9,2.3,2894,4.4,93.3,0.0,89.2,80.8,1,0.03522551881935812
10510101,Commune d'Al Hoceima,49561,6.3,8.0,8.2,18.8,26.8,43.6,18.4,3.5,14351,3.5,65.7,22.5,99.5,98.9,1,0.13581857306723258
10510103,Commune de Bni Bouayach,20005,7.6,9.9,9.6,31.0,37.8,37.6,27.3,3.5,4969,4.0,59.2,15.3,98.0,89.2,1,0.05482235132886721
10510105,Commune d'Imzouren,34497,7.8,10.3,9.3,27.2,35.1,39.0,24.2,3.5,8677,4.0,55.7,19.7,98.7,94.0,1,0.09453669851496788
10510107,Commune de Targuist,14628,8.6,10.2,9.9,21.2,31.0,41.4,20.5,4.4,3756,3.9,51.8,34.2,98.5,97.5,1,0.04008704600043337
10510109,Commune d'Ajdir,5608,6.3,8.8,7.8,21.1,27.3,43.0,25.6,2.8,1500,3.7,81.2,7.1,97.9,96.7,1,0.01536834522630779
10510301,Commune de Bni Boufrah,8387,6.6,7.4,8.3,39.8,47.8,33.7,41.5,0.8,2083,4.0,75.0,3.4,96.3,25.2,1,0.022984007028003465
10510307,Commune de Senada,8059,7.7,9.2,9.2,44.7,48.0,33.5,23.7,1.3,1992,4.0,79.0,0.6,94.6,9.3,1,0.022085145181671626
10510305,Commune de Bni Gmil Maksouline,7214,9.3,10.8,10.1,39.3,54.6,37.5,22.2,1.2,1481,4.9,85.0,0.1,98.5,0.3,1,0.01976947975438381
10510303,Commune de Bni Gmil,7741,8.1,10.5,11.0,37.9,45.7,30.5,7.8,0.8,1546,5.0,74.4,0.9,98.2,3.9,1,0.021213687659923073
10511311,Commune de Chakrane,3290,9.3,11.6,8.8,53.2,56.4,32.8,33.6,0.7,773,4.3,50.8,0.1,95.2,0.0,1,0.00901602278790168
10511305,Commune d'Arbaa Taourirt,3798,7.6,9.1,9.6,49.7,51.7,31.9,19.2,2.1,922,4.1,57.6,0.4,97.1,20.2,1,0.0104081624767327
10511323,Commune de Tifarouine,3318,9.7,10.7,8.3,46.2,51.7,34.0,77.0,2.1,800,4.1,41.0,0.0,98.1,0.9,1,0.009092754896734886
10511319,Commune de Nekkour,7720,7.6,9.5,8.8,45.9,47.5,34.7,44.7,1.6,1956,3.9,84.2,0.5,95.1,38.0,1,0.02115613857829817
10511303,Commune d'Ait Youssef Ou Ali,13811,6.8,9.0,8.5,31.6,37.9,33.6,18.9,2.3,3451,4.0,82.5,3.5,96.5,85.4,1,0.03784811268197876
10511317,Commune de Louta,4408,7.7,10.6,8.9,37.6,40.3,32.1,35.6,2.0,1050,4.2,90.3,0.0,93.7,36.4,1,0.012079826276313255
10511313,Commune d'Imrabten,6982,6.2,9.2,8.4,41.0,44.9,31.4,53.0,1.4,1836,3.8,85.7,1.9,95.3,66.0,1,0.01913369942405153
10511125,Commune de Zaouiat Sidi Abdelkader,4150,9.1,12.0,10.8,48.8,54.5,33.2,21.4,1.6,1009,4.1,67.8,0.2,94.3,0.7,1,0.011372794702064431
10511109,Commune de Bni Hadifa,4718,7.0,10.0,9.6,35.8,39.3,31.2,16.8,2.2,1236,3.8,70.4,12.9,96.7,71.8,1,0.012929360338395177
10511107,Commune de Bni Abdellah,4866,6.1,9.2,9.2,45.1,46.7,30.6,58.0,2.1,1283,3.8,92.1,0.2,91.6,44.6,1,0.013334944342227836
10511115,Commune d'Izemmouren,6345,8.2,10.4,9.3,28.7,35.9,33.8,17.9,2.5,1682,3.8,81.2,6.2,97.8,95.1,1,0.0173880439480961
10511101,Commune d'Ait Kamra,7461,8.1,10.6,9.2,32.9,36.8,35.9,37.6,2.4,1957,3.8,73.3,17.3,96.7,91.1,1,0.020446366571591015
10511121,Commune de Rouadi,6838,7.5,9.8,8.7,43.4,47.1,28.9,28.2,1.6,1741,3.9,85.2,2.4,96.6,23.4,1,0.018739077150052186
10510721,Commune de Sidi Bouzineb,2756,9.4,12.3,11.0,46.0,50.1,51.0,4.4,3.2,598,4.6,73.8,0.0,96.8,0.7,1,0.007552631855154114
10510705,Commune de Bni Ammart,5580,9.8,12.6,11.0,42.0,45.9,35.3,7.9,1.3,1242,4.5,70.0,4.6,96.9,18.0,1,0.015291613117474585
10510719,Commune de Sidi Boutmim,8460,8.3,10.2,10.3,33.3,42.7,32.5,18.1,2.0,1886,4.5,78.5,5.2,96.1,43.8,1,0.023184058597461466
10510727,Commune de Zarkt,5601,10.4,10.9,10.4,37.8,44.7,38.2,44.7,2.0,1178,4.8,62.8,0.7,97.7,16.5,1,0.015349162199099488
10510707,Commune de Bni Bchir,5401,9.8,11.4,11.8,39.1,47.1,49.9,4.7,0.9,1078,5.0,90.2,0.6,95.8,0.3,1,0.014801075707433732
10510711,Commune de Bni Bounsar,6495,9.4,9.3,8.9,31.6,40.7,38.7,18.4,1.3,1357,4.8,77.9,0.7,96.5,0.5,1,0.017799108816845415
10510703,Commune de Bni Ahmed Imoukzan,7580,8.9,11.4,11.8,38.3,44.0,45.1,7.6,1.5,1617,4.7,95.7,0.6,94.8,0.9,1,0.020772478034132142
10510925,Commune de Tamsaout,12856,9.6,10.2,10.3,35.7,49.2,35.5,30.3,1.2,2761,4.7,88.4,0.7,85.2,0.3,1,0.035230999684274775
10510915,Commune de Ketama,16688,9.2,9.2,9.1,31.3,43.2,45.8,41.6,2.1,3699,4.5,93.2,1.4,96.9,0.8,1,0.045732336864590654
10510917,Commune de Moulay Ahmed Cherif,9357,10.4,11.3,9.9,32.7,50.5,26.7,43.4,1.1,1836,5.1,80.7,0.3,98.7,9.6,1,0.025642226512582383
10510913,Commune d'Issaguen,17832,11.0,11.3,9.8,29.1,45.0,43.0,20.4,2.3,3903,4.6,65.7,13.0,95.5,16.6,1,0.048867391596918774
10510909,Commune de Bni Bouchibet,8909,10.0,11.2,12.6,37.2,43.1,38.3,15.4,1.9,1826,4.9,77.2,0.5,95.8,8.3,1,0.02441451277125109
10510923,Commune de Taghzout,4116,9.0,9.3,10.3,42.3,46.4,28.1,80.2,2.1,993,4.1,89.1,0.1,98.0,0.1,1,0.011279619998481252
10510901,Commune d'Abdelghaya Souahel,24435,9.8,10.0,9.1,36.6,47.5,43.7,11.7,2.0,5156,4.7,92.1,1.5,96.8,0.8,1,0.06696246711926371
11510101,Commune de Chefchaouen,46005,7.0,8.7,9.1,16.9,26.5,49.0,23.6,4.1,12474,3.7,52.5,35.0,99.5,97.8,1,0.12607359524541548
11510303,Commune de Bab Berred,24742,8.7,9.4,9.5,26.8,40.0,43.5,22.1,2.2,5557,4.5,76.1,10.6,95.3,23.7,1,0.06780377988397063
11510313,Commune d'Iounane,19494,9.9,10.4,10.0,30.3,48.3,44.0,8.6,1.3,3966,4.9,85.0,0.6,94.0,0.3,1,0.053421990342661214
11510323,Commune de Tamorot,24258,10.0,10.1,10.6,32.0,46.5,45.9,16.3,0.8,5304,4.6,92.4,0.3,95.4,1.5,1,0.0664774105741395
11510901,Commune d'Amtar,8568,8.5,10.4,10.8,32.9,52.1,44.3,10.1,0.6,1814,4.7,74.7,5.4,95.4,34.1,1,0.023480025302960974
11510917,Commune de M'tioua,10325,7.8,10.5,9.9,34.8,46.0,40.4,26.6,1.3,2430,4.2,68.0,12.5,96.6,46.0,1,0.02829496513224464
11510919,Commune d'Ouaouzgane,12766,10.3,11.9,10.5,38.0,50.9,47.7,8.7,0.3,2771,4.6,63.6,0.6,93.4,2.5,1,0.034984360763025184
11510909,Commune de Bni Rzine,16539,9.6,10.6,9.7,30.3,46.2,45.5,17.4,0.3,3366,4.9,83.5,4.2,90.3,9.6,1,0.04532401242829967
11510911,Commune de Bni Smih,13918,10.1,11.9,11.8,32.4,50.4,46.0,14.3,0.9,2780,5.0,77.9,2.2,97.2,5.6,1,0.038141338955019935
11510605,Commune de Bni Ahmed Cherqia,10800,8.8,9.7,10.4,36.1,42.3,41.0,10.4,3.5,2668,4.0,81.5,5.1,92.6,0.6,1,0.02959667054995081
11510607,Commune de Bni Ahmed Gharbia,10623,7.8,8.4,10.0,41.5,47.8,39.3,9.8,2.7,2655,4.0,88.4,0.2,92.6,1.3,1,0.029111614004826612
11510621,Commune d'Oued Malha,12075,9.1,10.2,11.3,36.7,48.0,45.4,8.0,0.5,2638,4.6,93.3,0.8,88.9,0.0,1,0.03309072193432
11510615,Commune de Mansoura,13526,9.3,10.6,11.3,40.7,48.8,49.0,6.5,0.7,2960,4.6,84.1,0.2,79.5,0.3,1,0.03706708943135506
11510501,Commune de Bab Taza,29895,8.9,10.5,10.8,26.3,43.9,43.9,14.1,1.7,6246,4.8,77.6,9.3,96.9,23.6,1,0.08192522834173883
11510507,Commune de Bni Salah,10535,11.0,11.1,11.7,28.5,45.8,43.4,18.2,0.8,2057,5.1,83.4,0.2,96.9,0.9,1,0.028870455948493683
11510503,Commune de Bni Darkoul,13984,8.8,10.2,10.7,25.2,44.2,42.7,12.3,1.1,2870,4.9,78.8,2.6,96.5,18.8,1,0.03832220749726964
11510505,Commune de Bni Faghloum,9260,8.2,9.3,10.6,39.3,46.8,31.7,18.3,1.1,2165,4.3,78.7,0.4,90.1,0.3,1,0.02537640456412449
11510511,Commune de Fifi,6762,6.9,8.8,10.2,32.6,43.6,43.6,22.2,0.7,1627,4.2,87.1,2.2,87.6,7.7,1,0.0185308042832192
11510509,Commune de Derdara,11276,8.6,10.2,10.4,30.3,44.8,46.3,1.8,1.5,2506,4.5,89.0,0.7,97.0,3.7,1,0.030901116400115308
11510515,Commune de Tanaqoub,8097,8.9,9.3,11.2,31.4,46.4,43.5,23.0,1.0,1808,4.5,83.4,2.3,96.1,22.3,1,0.02218928161508812
11510513,Commune de Laghdir,6454,8.6,10.2,11.8,27.8,42.3,44.7,9.9,1.9,1526,4.2,89.1,2.0,97.8,13.3,1,0.01768675108605394
11511105,Commune de Bni Selmane,21413,9.1,10.3,11.1,31.2,51.3,46.3,23.1,0.9,3958,5.4,85.2,1.0,97.9,2.7,1,0.05868088023019413
11511103,Commune de Bni Mansour,16660,10.0,11.7,12.2,36.8,56.2,44.8,17.5,0.8,3154,5.3,77.6,0.1,95.8,0.7,1,0.04565560475575745
11510701,Commune de Bni Bouzra,15888,9.3,11.4,10.5,35.4,53.0,49.5,18.5,0.9,3363,4.7,83.6,4.4,97.3,36.5,1,0.043539990897927636
11510707,Commune de Steha,10896,9.1,10.6,10.8,32.3,47.7,43.2,23.6,1.4,2432,4.5,71.1,10.2,93.0,32.4,1,0.02985975206595037
11510713,Commune de Tizgane,12287,9.4,10.4,11.1,32.6,44.5,41.8,20.7,1.6,2804,4.4,73.3,6.4,95.0,52.9,1,0.0336716936154857
11510711,Commune de Tassift,6924,9.9,11.3,10.2,33.6,48.3,46.0,25.9,1.0,1459,4.7,94.7,1.0,88.7,23.2,1,0.01897475434146846
11510709,Commune de Talambote,8007,7.9,9.1,11.1,31.8,43.2,53.5,15.0,0.9,1598,5.0,81.5,1.5,95.9,1.3,1,0.02194264269383853
14050109,Commune d'Ouezzane,57356,6.7,8.0,8.8,19.5,27.1,40.0,24.6,4.9,16266,3.5,61.0,25.8,99.0,99.1,1,0.1571802440799054
14050707,Commune de Mzefroune,6226,7.3,8.0,8.5,45.6,49.1,35.5,26.8,3.0,1798,3.5,95.4,0.2,93.5,0.7,1,0.017061932485554973
14050705,Commune de Masmouda,14594,6.5,8.3,9.0,43.9,47.6,35.4,33.3,4.0,4006,3.6,94.5,2.0,97.2,7.8,1,0.03999387129685019
14050715,Commune de Sidi Redouane,17903,7.2,9.5,10.0,31.8,38.7,29.6,15.5,3.3,5124,3.5,86.4,4.8,95.7,38.5,1,0.04906196230146013
14050701,Commune de Bni Quolla,13551,6.7,8.1,8.8,40.0,45.5,31.6,36.6,3.2,3752,3.6,91.7,0.1,94.4,7.7,1,0.037135600242813274
14051317,Commune de Teroual,11673,7.3,9.0,9.6,38.9,46.8,31.9,59.9,4.0,3322,3.5,81.4,2.6,94.2,23.1,1,0.03198906808607183
14051319,Commune de Zghira,13415,7.0,9.4,10.5,41.2,48.5,20.7,41.0,3.9,3637,3.7,93.6,0.6,92.2,1.8,1,0.036762901428480564
14051309,Commune d'Ouannana,12123,8.1,8.8,8.9,38.3,45.8,35.2,26.8,2.5,3185,3.8,97.4,0.2,95.4,7.0,1,0.03322226269231978
14051303,Commune de Lamjaara,17088,8.3,9.6,10.1,34.7,41.5,36.3,29.8,2.7,4579,3.7,81.9,10.7,95.8,31.8,1,0.04682850984792217
14051311,Commune de Sidi Ahmed Cherif,7913,7.2,8.6,9.9,43.6,46.4,28.1,23.8,2.9,2171,3.6,93.2,0.3,95.9,5.6,1,0.021685042042755627
14051313,Commune de Sidi Bousber,9671,7.1,9.4,10.0,38.2,42.7,29.1,45.5,3.1,2696,3.6,90.0,1.9,94.8,17.6,1,0.026502722304497617
14050905,Commune de Brikcha,8777,6.1,7.8,9.3,43.0,46.9,32.3,25.7,2.9,2508,3.5,91.7,1.5,90.9,27.5,1,0.02405277568675169
14050903,Commune d'Asjen,11479,6.6,8.6,9.5,41.8,45.2,37.9,26.5,2.6,3048,3.8,81.1,2.1,95.6,37.8,1,0.03145742418915605
14050909,Commune de Moqrissat,9413,6.4,8.6,9.3,29.6,36.5,34.4,14.6,2.1,2585,3.6,82.5,8.0,94.1,19.8,1,0.02579569073024879
14050901,Commune d'Ain Beida,10359,6.8,8.9,10.3,35.1,41.4,38.2,12.2,2.4,2690,3.9,83.1,0.0,98.3,14.3,1,0.028388139835827816
14051107,Commune de Kalaat Bouqorra,13999,6.8,8.9,10.3,35.6,41.2,32.8,22.5,2.4,3767,3.7,82.6,1.8,85.4,2.4,1,0.03836331398414457
14051111,Commune de Zoumi,36573,7.1,8.4,10.3,33.2,40.0,34.0,42.1,3.4,9762,3.7,86.0,3.5,92.5,18.6,1,0.10022583629845842
24110123,Commune d'Oujda,505007,5.7,7.8,8.6,16.4,22.3,39.9,31.1,5.4,134330,3.8,67.4,19.0,99.5,99.3,1,1.3839375744832414
24110111,Commune de Bni Drar,10906,6.8,9.5,11.5,21.3,30.0,30.4,35.7,3.1,2595,4.2,59.6,16.2,99.2,96.8,1,0.02988715639053366
24110119,Commune de Naima,1018,6.6,8.4,7.5,23.8,26.1,38.1,33.7,6.8,257,4.0,68.0,12.5,94.9,90.6,1,0.0027897602425786968
24110303,Commune d'Ain Sfa,4386,7.8,10.6,11.0,41.9,46.9,36.6,42.6,1.9,1039,4.2,67.4,1.2,95.2,76.3,1,0.012019536762230021
24110307,Commune de Bsara,1335,6.7,11.8,11.7,37.0,41.0,38.5,11.2,1.7,325,4.1,44.0,0.0,80.3,40.9,1,0.0036584773318689198
24110305,Commune de Bni Khaled,6231,7.0,9.8,10.3,33.1,36.3,39.6,34.2,2.3,1456,4.3,85.4,0.1,95.0,65.2,1,0.01707563464784662
24110301,Commune d'Ahl Angad,17943,7.2,9.9,10.3,30.6,34.4,40.2,29.8,3.0,4292,4.2,68.9,4.2,97.2,77.8,1,0.04917157959979327
24110511,Commune de Mestferki,4266,8.2,10.1,10.0,51.4,47.8,38.1,22.1,2.3,1023,4.2,79.7,0.3,93.4,61.1,1,0.011690684867230568
24110517,Commune de Sidi Boulenouar,3600,7.6,9.9,10.6,43.5,44.2,37.9,32.9,2.2,776,4.6,80.1,0.0,91.5,66.5,1,0.009865556849983604
24110519,Commune de Sidi Moussa Lemhaya,4540,8.3,10.7,10.4,35.5,42.1,34.5,32.2,2.5,1005,4.5,68.9,0.1,88.6,49.9,1,0.012441563360812653
24110509,Commune d'Isly,7933,9.6,11.6,10.9,29.2,35.2,41.2,28.8,2.0,1831,4.3,51.9,5.0,97.7,66.3,1,0.0217398506919222
23810105,Commune de Nador,155611,6.4,8.6,8.9,19.8,26.5,41.9,24.7,5.2,43049,3.6,61.9,24.7,98.8,91.6,1,0.42644143527299955
23810109,Commune de Zeghanghane,31346,5.9,8.4,9.3,24.6,29.4,38.8,29.1,4.5,8355,3.8,68.4,18.1,98.7,85.5,1,0.0859015958387739
23810103,Commune de Bni Ansar,50113,6.7,9.1,9.3,22.0,28.2,38.9,29.8,3.8,13404,3.7,68.6,22.2,98.7,81.8,1,0.1373312917842301
23810101,Commune d'Al Aaroui,46527,7.1,9.6,9.4,30.6,36.0,38.4,27.8,4.9,11844,3.9,58.8,21.4,98.2,84.0,1,0.12750410098866308
23810107,Commune de Zaio,36759,6.1,8.7,9.8,29.7,35.2,37.3,33.8,4.1,9646,3.8,70.3,13.6,95.0,91.9,1,0.10073555673570757
23810119,Commune de Selouane,28435,7.6,9.8,9.8,18.1,25.3,43.1,21.8,3.8,7568,3.8,60.9,25.4,98.6,96.9,1,0.07792419695257882
23810115,Commune de Ras-El-Ma,7524,6.1,8.0,8.2,32.3,35.4,32.7,23.6,3.0,2077,3.6,66.9,11.7,94.4,62.5,1,0.02061901381646573
23810501,Commune de Bni Bouifrour,6844,7.0,8.9,9.7,26.8,32.0,35.6,26.0,3.8,1683,4.1,70.6,6.4,97.4,85.1,1,0.018755519744802163
23810515,Commune d'Ihaddadene,15667,6.7,9.2,9.7,24.7,28.7,38.7,31.7,3.7,3892,4.0,69.2,7.2,97.8,77.4,1,0.04293435532463697
23810517,Commune d'Iksane,7731,5.6,8.3,9.1,33.4,37.6,31.8,33.5,3.8,1967,3.9,80.1,1.0,96.9,66.2,1,0.021186283335339787
23810509,Commune de Bouarg,44625,7.9,10.7,10.6,29.3,34.6,38.4,23.0,2.9,10534,4.2,70.6,10.2,96.7,68.2,1,0.12229179845292175
23810513,Commune d'Iaazzanene,11186,7.1,9.4,9.5,33.6,39.1,34.2,37.6,2.8,2925,3.8,80.3,2.5,98.2,68.7,1,0.030654477478865717
23810503,Commune de Bni Chiker,22298,6.4,9.0,9.2,32.8,32.9,35.7,48.2,2.6,5845,3.8,80.4,4.2,98.0,31.5,1,0.061106162955815106
23810505,Commune de Bni Sidel Jbel,8194,6.3,8.9,8.7,38.1,38.0,23.8,28.0,2.3,2136,3.8,82.0,0.7,97.2,71.2,1,0.02245510356354601
23810507,Commune de Bni Sidel Louta,5264,6.1,8.7,9.0,40.7,44.1,29.6,39.9,3.1,1387,3.8,64.9,0.3,97.7,27.5,1,0.01442563646064269
23810709,Commune de Hassi-Berkane,7448,7.6,10.2,9.7,45.4,51.2,33.0,45.6,1.8,1713,4.3,69.8,2.2,95.4,23.0,1,0.02041074094963274
23810701,Commune d'Afsou,2020,8.5,9.5,10.2,59.3,60.9,31.7,12.2,2.2,457,4.4,72.6,0.2,93.0,1.5,1,0.005535673565824133
23810717,Commune de Tiztoutine,9348,7.4,10.0,9.8,46.1,48.2,29.2,30.5,2.2,2360,4.0,56.6,4.5,94.2,47.0,1,0.02561756262045742
23810707,Commune de Bni Oukil Oulad M'hand,14675,8.2,11.1,10.8,42.3,45.8,36.5,32.8,2.8,3302,4.4,72.9,1.5,95.4,23.2,1,0.04021584632597482
23810705,Commune d'Arekmane,16460,6.2,8.1,8.2,33.1,35.9,30.0,43.1,3.5,4424,3.7,66.5,4.9,96.8,34.5,1,0.04510751826409169
23810703,Commune d'Al Barkanyene,2278,5.7,7.4,8.4,42.5,39.6,33.4,33.9,2.5,632,3.6,78.3,0.0,96.0,0.3,1,0.006242705140072957
23810713,Commune d'Oulad Settout,25390,7.9,10.3,10.6,37.9,41.0,42.0,23.5,2.9,5981,4.2,76.7,4.0,91.3,43.3,1,0.06957958011696769
23810711,Commune d'Oulad Daoud Zkhanine,3145,5.6,7.5,7.4,49.5,53.1,31.4,34.4,2.8,909,3.5,75.5,0.1,97.0,19.7,1,0.008618660081444008
21670109,Commune de Driouch,15653,8.2,10.2,9.7,29.8,36.0,40.6,21.7,6.2,4168,3.8,46.2,28.2,99.1,80.2,1,0.04289598927022037
21670103,Commune de Ben Taieb,14999,7.0,9.7,9.6,33.3,38.1,36.5,25.5,4.3,3877,3.9,55.7,27.4,98.6,73.4,1,0.041103746442473346
21670113,Commune de Midar,15348,6.6,9.1,9.2,29.6,33.8,35.8,26.9,3.8,3975,3.9,62.1,18.0,98.7,89.3,1,0.04206015737043009
21671323,Commune de Talilit,3881,4.2,7.0,7.8,52.0,53.5,17.1,35.8,4.6,1134,3.4,86.2,0.0,96.6,0.3,1,0.010635618370773989
21671317,Commune d'Ouardana,7030,7.1,9.2,9.3,40.1,43.3,33.3,30.5,3.6,1765,4.0,63.7,1.6,98.1,7.8,1,0.019265240182051314
21671315,Commune de M'hajer,8008,6.8,9.2,8.8,48.8,47.6,31.6,44.9,3.6,2062,3.9,62.9,0.6,97.3,3.4,1,0.021945383126296857
21671309,Commune d'Iferni,4873,7.2,9.3,9.1,40.2,44.8,31.7,50.0,3.8,1311,3.7,70.0,0.3,98.2,8.2,1,0.013354127369436138
21671301,Commune d'Azlaf,4002,7.0,9.8,9.2,40.6,44.0,28.1,49.5,3.8,1102,3.6,68.6,5.0,98.3,46.5,1,0.01096721069823177
21671329,Commune de Tsaft,8377,7.4,9.0,8.7,39.0,44.0,31.6,31.9,2.9,2168,3.9,69.5,9.1,97.8,32.1,1,0.02295660270342018
21671321,Commune de Tafersit,8194,6.1,7.8,8.5,35.2,36.8,31.1,46.1,3.1,2271,3.6,71.7,4.0,97.3,40.6,1,0.02245510356354601
21671111,Commune d'Ijermaouas,5301,7.4,9.5,8.3,52.8,55.4,30.9,42.4,1.8,1351,3.9,64.3,0.0,93.1,1.3,1,0.014527032461600855
21671125,Commune de Temsamane,12194,6.5,8.5,8.8,36.4,41.2,34.5,48.6,3.4,3268,3.7,72.0,7.0,99.3,31.0,1,0.03341683339686113
21671107,Commune de Boudinar,7994,6.7,7.7,7.7,46.8,48.3,28.6,41.1,2.6,2161,3.7,82.8,3.9,98.0,78.1,1,0.021907017071880256
21671105,Commune de Bni Marghnine,4950,4.4,5.6,7.9,39.6,44.8,23.6,55.3,3.7,1410,3.5,90.0,0.1,98.0,2.8,1,0.013565140668727455
21671119,Commune d'Oulad Amghar,5755,7.3,9.4,8.9,47.3,51.2,34.0,28.5,1.4,1422,4.0,87.2,1.0,98.9,4.4,1,0.01577118879768212
21671127,Commune de Trougout,11346,8.0,9.3,8.2,41.4,45.9,33.9,30.1,1.9,2754,4.1,76.6,2.4,94.9,41.0,1,0.03109294667219832
21671709,Commune de Mtalssa,16594,7.8,10.2,9.9,41.7,44.5,36.9,34.5,4.0,3960,4.2,76.2,0.9,97.9,4.7,1,0.04547473621350775
21671701,Commune d'Ain Zohra,8704,7.7,9.7,9.9,47.4,52.3,24.5,37.3,3.0,2163,4.0,69.6,6.0,93.5,11.7,1,0.023852724117293687
21671711,Commune d'Oulad Boubker,3701,6.9,8.9,9.1,52.2,54.7,24.6,36.0,3.1,932,4.0,82.4,0.1,95.5,3.8,1,0.010142340528274809
21671507,Commune de Dar El Kebdani,8444,5.7,8.6,8.8,37.0,41.9,29.2,41.3,3.6,2327,3.6,67.8,9.4,98.2,55.2,1,0.023140211678128207
21671503,Commune d'Ait Mait,4695,6.6,8.8,8.4,45.7,48.3,32.4,43.8,2.5,1254,3.7,74.2,0.3,93.0,2.5,1,0.012866330391853614
21671513,Commune de Tazaghine,3454,5.7,7.9,8.4,49.5,50.7,27.3,51.1,4.3,927,3.7,83.5,2.6,97.8,0.5,1,0.009465453711067601
21671505,Commune d'Amejjaou,4083,6.5,9.1,9.4,48.0,50.3,25.0,52.7,2.7,1087,3.8,64.0,2.6,96.0,1.5,1,0.011189185727356403
22750117,Commune de Jerada,40882,6.7,8.1,8.7,25.3,30.6,36.9,47.6,4.4,10141,4.0,72.1,12.3,99.3,99.2,1,0.11203435976139713
22750103,Commune d'Ain Bni Mathar,15487,6.7,9.2,10.4,30.7,34.9,38.3,43.5,4.3,3605,4.3,66.0,16.1,97.5,96.1,1,0.04244107748213779
22750135,Commune de Touissit,3065,6.6,8.1,8.5,25.0,29.9,29.9,39.2,4.7,808,3.8,75.5,9.8,99.6,98.8,1,0.008399425484777706
22750905,Commune de Guenfouda,5709,6.9,8.9,9.3,38.2,41.6,37.2,45.0,3.1,1359,4.2,67.8,4.0,97.9,47.2,1,0.015645128904598998
22750913,Commune de Ras Asfour,1275,4.6,8.4,9.5,38.4,39.9,30.5,74.8,1.7,312,4.1,88.8,0.0,92.9,59.0,1,0.003494051384369193
22750915,Commune de Sidi Boubker,2351,6.5,9.1,9.3,24.9,28.5,31.0,54.1,4.1,594,4.0,56.3,2.0,98.3,89.0,1,0.006442756709530958
22750921,Commune de Tiouli,4302,6.6,9.6,11.0,39.2,40.9,29.9,48.3,1.3,975,4.4,78.5,2.7,93.4,51.8,1,0.011789340435730405
22750707,Commune de Laaouinate,4071,7.5,9.8,9.9,39.8,43.2,30.7,24.0,2.5,930,4.4,78.0,0.4,90.9,44.8,1,0.011156300537856456
22750703,Commune de Gafait,2602,6.9,8.8,8.5,40.8,43.7,30.5,63.0,3.4,621,4.2,52.8,2.3,84.9,76.5,1,0.007130605256571481
22750709,Commune de Lebkhata,2541,6.9,9.4,10.4,40.9,41.3,36.0,32.9,1.7,592,4.3,86.8,0.3,91.4,62.0,1,0.0069634388766134266
22750501,Commune de Bni Mathar,10463,8.3,10.9,11.9,43.5,46.7,37.6,25.6,2.9,2223,4.7,77.3,2.2,76.2,38.0,1,0.02867314481149401
22750515,Commune d'Ouled Sidi Abdelhakem,1274,9.3,10.5,11.1,60.7,63.3,38.2,56.3,0.9,254,5.0,70.9,0.0,90.2,2.0,1,0.0034913109519108636
22750511,Commune de Mrija,2881,8.9,12.2,12.1,41.0,44.0,31.7,2.0,2.7,563,5.1,70.7,14.0,73.5,30.7,1,0.00789518591244521
22750513,Commune d'Ouled Ghziyel,4656,8.7,12.7,12.5,44.7,47.4,32.6,58.5,1.6,856,5.4,89.5,0.5,80.5,2.5,1,0.012759453525978794
21130109,Commune de Berkane,98838,5.5,7.5,8.3,22.5,27.4,38.8,26.2,6.1,27454,3.6,69.3,17.8,99.6,99.2,1,0.2708588633162998
21130101,Commune d'Ahfir,15857,4.8,6.0,7.4,21.0,25.5,36.6,33.6,5.6,4612,3.4,62.2,18.8,99.8,99.7,1,0.043455037491719445
21130125,Commune de Saidia,10440,6.8,8.0,8.4,19.1,25.5,47.1,23.3,8.7,3220,3.2,54.7,29.4,98.5,95.3,1,0.028610114864952445
21130107,Commune d'Aklim,8613,5.5,8.2,9.6,28.0,33.1,38.6,25.3,3.7,2330,3.7,56.5,21.6,99.6,99.6,1,0.02360334476358577
21130105,Commune d'Ain Erreggada,2391,4.4,7.8,8.9,27.8,28.9,33.7,43.9,5.8,658,3.6,72.0,9.4,99.4,96.7,1,0.00655237400786411
21130129,Commune de Sidi Slimane Echcharaa,30130,6.1,8.7,9.6,26.6,31.9,37.4,26.7,5.0,7689,3.9,70.4,12.5,99.9,99.7,1,0.08256922996944609
21130309,Commune de Laatamna,14561,6.5,8.3,9.4,30.6,32.6,39.7,23.0,5.8,3766,3.9,80.9,4.3,96.7,83.4,1,0.039903437025725345
21130311,Commune de Madagh,14150,6.2,8.5,9.3,28.7,35.6,36.8,20.7,4.2,3665,3.9,78.1,8.4,97.4,91.4,1,0.03877711928535222
21130307,Commune de Fezouane,5777,6.4,9.8,9.7,34.2,39.0,39.1,45.0,3.9,1517,3.8,61.1,2.4,95.0,82.5,1,0.015831478311765356
21130301,Commune d'Aghbal,16081,6.1,8.9,9.3,30.1,34.9,38.4,35.2,3.1,4288,3.8,73.6,5.3,96.0,87.4,1,0.04406889436238509
21130503,Commune de Boughriba,19012,6.0,8.5,9.5,36.3,42.7,36.4,35.3,2.7,4777,4.0,72.3,0.6,96.5,61.2,1,0.052101101897746735
21130505,Commune de Chouihia,11249,6.6,8.6,9.3,43.1,46.5,35.9,31.4,4.1,2893,3.9,83.6,0.4,98.2,94.5,1,0.030827124723740433
21130513,Commune de Rislane,3783,6.6,8.5,8.8,43.0,48.0,31.6,73.1,1.7,1015,3.7,87.0,0.3,95.3,87.2,1,0.010367055989857769
21130515,Commune de Sidi Bouhria,4069,6.6,8.6,9.9,41.6,45.2,21.8,46.3,3.0,1115,3.6,53.3,1.0,96.1,82.2,1,0.011150819672939799
21130517,Commune de Tafoughalt,2362,5.9,7.2,9.6,32.9,37.0,34.0,43.0,4.0,623,3.8,74.5,3.2,97.3,92.3,1,0.0064729014665725745
21130519,Commune de Zegzel,23846,7.2,9.9,10.8,27.9,32.4,41.7,26.2,5.2,6021,4.0,76.6,6.7,96.9,71.4,1,0.06534835240130805
25330133,Commune de Taourirt,100363,6.8,9.2,10.0,29.9,35.7,35.7,35.3,4.3,23633,4.2,64.4,16.8,98.9,99.4,1,0.2750380228152512
25330115,Commune d'El Aioun Sidi Mellouk,40648,6.5,9.0,9.6,28.8,34.5,36.0,33.4,3.4,9657,4.2,73.1,9.9,98.0,97.3,1,0.11139309856614818
25330113,Commune de Debdou,4444,7.3,9.2,9.6,25.7,29.9,36.4,37.1,4.7,1128,3.9,62.3,23.2,98.8,98.8,1,0.012178481844813092
25330907,Commune de Gteter,8217,10.0,11.8,10.9,48.9,52.4,44.4,21.1,1.8,1632,5.0,73.0,0.1,87.7,18.9,1,0.022518133510087572
25330901,Commune d'Ahl Oued Za,10672,7.7,9.1,9.7,46.4,50.4,42.7,31.7,2.3,2166,4.9,88.8,0.0,91.8,25.9,1,0.029245895195284723
25330911,Commune de Melg El Ouidane,8009,8.0,9.7,10.1,42.4,48.1,37.6,12.4,2.1,1786,4.5,86.9,1.9,94.5,79.9,1,0.021948123558755188
25330703,Commune d'Ain Lehjer,7643,8.0,10.1,10.7,48.2,50.5,33.4,29.8,1.3,1751,4.4,78.9,0.1,92.5,41.6,1,0.020945125279006854
25330709,Commune de Mechraa Hammadi,4328,6.3,8.4,7.6,52.9,56.1,37.0,48.1,1.7,1065,4.1,66.0,0.0,92.2,44.1,1,0.011860591679646953
25330713,Commune de Mestegmer,5291,6.3,9.3,9.5,44.8,47.4,29.3,30.3,1.8,1245,4.2,73.1,0.2,95.2,26.5,1,0.014499628137017566
25330721,Commune de Tancherfi,6092,7.5,8.6,10.0,48.6,51.7,39.8,35.9,1.5,1320,4.6,94.4,0.1,86.7,13.7,1,0.016694714536138917
25330317,Commune de Sidi Ali Bel Quassem,13709,8.7,11.2,11.8,48.1,52.2,31.4,51.1,0.6,2660,5.2,86.6,0.1,89.6,23.0,1,0.037568588571229224
25330319,Commune de Sidi Lahsen,6776,8.0,10.8,10.9,56.3,57.0,34.0,67.7,1.7,1386,4.9,88.4,0.3,85.8,8.6,1,0.018569170337635804
25330305,Commune d'El Atef,929,8.2,12.2,12.9,59.6,64.0,32.1,1.5,0.3,183,5.1,0.5,0.0,66.7,0.0,1,0.002545861753787435
25330315,Commune d'Ouled M'hamed,2316,7.8,11.5,12.5,56.3,58.3,44.2,71.2,1.5,416,5.6,84.4,0.2,87.5,41.8,1,0.00634684157348945
22650103,Commune de Guercif,79267,7.6,9.5,10.2,22.7,30.2,38.4,22.4,4.0,18585,4.3,50.3,31.9,99.1,96.3,1,0.2172258596743473
22650503,Commune de Barkine,6785,8.5,10.4,10.3,49.6,52.7,35.4,28.8,1.8,1419,4.8,85.1,2.5,91.1,54.3,1,0.018593834229760763
22650501,Commune d'Assebbab,7136,8.9,10.4,10.5,41.8,46.9,32.8,20.6,1.8,1382,5.2,94.6,0.1,92.2,51.9,1,0.01955572602263416
22650505,Commune de Houara Oulad Raho,39687,8.3,10.3,10.2,37.3,41.3,38.5,22.0,2.4,8400,4.7,66.6,6.2,95.3,43.9,1,0.10875954297369422
22650507,Commune de Lamrija,14451,8.9,10.2,10.8,38.9,43.6,35.9,21.9,2.6,3013,4.8,77.7,2.9,91.4,16.8,1,0.039601989455309176
22650515,Commune de Saka,20849,9.6,11.4,11.6,47.4,51.7,37.2,21.6,1.5,4381,4.8,75.7,3.7,91.6,34.1,1,0.0571352763236967
22650713,Commune de Ras Laksar,12085,8.7,9.7,9.8,46.4,51.7,32.1,15.3,1.7,2712,4.5,96.2,0.7,87.8,55.0,1,0.033118126258903285
22650717,Commune de Taddart,26403,8.3,9.9,10.6,38.0,42.4,35.0,17.9,2.5,5901,4.5,84.5,1.4,90.9,51.3,1,0.07235563819725474
22650711,Commune d'Oulad Bourima,1117,8.1,11.5,10.3,45.9,48.1,29.2,28.8,1.8,266,4.2,77.1,1.1,87.6,0.8,1,0.0030610630559532457
22650709,Commune de Mazguitam,6131,8.2,10.2,10.7,45.4,48.3,31.1,53.3,1.3,1479,4.1,62.2,2.2,92.8,51.6,1,0.016801591402013743
22510103,Commune de Figuig,9903,5.6,7.3,8.0,16.6,20.2,36.6,35.0,7.0,2843,3.5,63.4,18.3,97.5,98.7,1,0.027138502634829895
22510101,Commune de Bouarfa,27485,7.6,9.3,9.9,20.8,27.4,38.8,31.6,4.2,6715,4.1,58.0,26.0,98.7,98.9,1,0.07532078611716647
22510303,Commune de Bni Tadjite,17087,9.0,9.8,10.7,34.8,38.2,32.7,20.2,6.2,4338,3.9,75.3,11.9,92.1,75.4,1,0.04682576941546383
22510305,Commune de Bouanane,10701,9.7,11.2,11.3,36.8,40.6,34.2,20.9,4.1,2243,4.8,57.0,12.7,84.6,48.0,1,0.02932536773657626
22510313,Commune d'Ain Chair,1499,7.6,10.3,9.5,32.4,35.2,34.0,23.2,4.9,397,3.8,54.8,7.8,97.2,74.7,1,0.004107908255034839
22510301,Commune d'Ain Chouater,705,6.5,9.1,8.5,24.5,25.7,35.4,42.9,7.9,185,3.8,0.0,0.6,98.9,99.4,1,0.001932004883121789
22510709,Commune de Boumerieme,8063,10.0,10.9,12.4,55.1,54.2,34.2,23.5,9.9,2124,3.8,88.8,1.5,74.6,48.9,1,0.022096106911504942
22510711,Commune de Talsint,18806,9.1,10.1,10.9,43.4,45.7,35.6,30.2,10.4,5061,3.7,73.9,11.6,87.1,69.7,1,0.051536572811331005
22510707,Commune de Bouchaouene,15239,11.5,12.2,13.0,73.2,72.3,33.7,25.0,4.3,3554,4.3,92.3,0.7,62.2,16.2,1,0.041761450232472255
22510503,Commune de Bni Guil,8249,10.1,11.4,12.1,48.6,52.5,38.3,26.2,2.0,1828,4.5,80.7,0.3,76.7,14.0,1,0.022605827348754094
22510501,Commune d'Abbou Lakhal,1789,12.1,13.6,13.9,46.8,49.9,44.6,8.5,1.1,295,6.1,89.8,0.3,90.2,6.4,1,0.004902633667950185
22510507,Commune de Tendrara,13601,8.1,10.5,12.0,40.3,43.6,32.4,37.5,3.8,3188,4.3,66.8,12.3,82.8,64.6,1,0.037272621865729716
22510505,Commune de Maatarka,6552,10.0,13.2,13.7,50.7,53.6,35.6,30.9,1.6,1334,4.9,85.6,2.3,70.1,0.1,1,0.017955313466970158
3231010,Commune de Fès,1164481,7.2,8.8,9.3,20.6,27.5,41.6,22.5,5.2,307322,3.8,63.3,24.6,99.6,99.4,1,3.191181529507155
32310103,Commune de Méchouar-Fès-El Jadid,14988,5.6,6.5,7.8,22.3,27.0,44.7,37.4,9.4,4503,3.3,38.7,47.5,98.8,95.1,1,0.04107360168543173
32310115,Commune d'Oulad Tayeb,56324,9.6,10.9,10.3,23.2,32.7,39.2,19.6,4.3,13554,4.2,66.4,20.3,98.1,98.4,1,0.15435211778291014
32318105,Commune de Sidi Harazem,5738,7.2,9.3,10.3,26.1,31.2,42.0,42.9,3.9,1450,4.0,70.9,7.0,89.2,88.7,1,0.01572460144589053
32318103,Commune d'Ain Bida,11018,8.6,9.8,10.3,25.4,36.9,36.4,8.4,1.6,2457,4.5,81.3,3.8,98.2,94.6,1,0.030194084825866482
30610101,Commune de Meknès,548421,6.2,7.8,8.6,15.2,21.0,41.7,24.7,6.1,154528,3.5,59.2,28.8,99.2,98.9,1,1.502910709229127
30610103,Commune d'Al Machouar-Stinia,3373,4.3,5.9,7.4,16.0,17.7,42.2,28.9,8.1,1065,3.2,47.2,36.0,99.0,98.6,1,0.00924347868194297
30610109,Commune de My Idriss Zerhoun,10033,6.2,8.0,8.7,23.7,27.9,31.1,16.7,4.8,2947,3.4,63.2,27.6,99.8,99.8,1,0.027494758854412635
30610111,Commune d'Ouislane,112180,7.4,9.0,10.1,19.2,26.0,40.0,28.6,4.7,27967,4.0,61.9,26.2,99.6,98.9,1,0.30742171317532235
30610105,Commune de Boufakrane,16890,7.3,9.6,10.3,19.2,28.8,34.5,13.5,5.6,4093,4.1,60.8,30.3,99.7,94.8,1,0.04628590422117307
30610107,Commune de Toulal,26968,6.4,8.1,9.1,18.6,23.8,39.6,23.3,6.5,7215,3.7,66.9,23.9,99.7,98.8,1,0.0739039825362105
30610709,Commune d'Oualili,9008,7.6,8.8,9.7,34.7,36.2,36.5,19.4,4.0,2366,3.8,90.6,0.2,94.0,35.3,1,0.02468581558462564
30610705,Commune de Mrhassiyine,8352,8.7,9.9,11.0,32.4,36.0,36.6,22.0,4.1,2175,3.8,82.3,3.9,96.6,88.7,1,0.02288809189196196
30610711,Commune de Sidi Abdellah Al Khayat,12158,11.2,11.9,12.0,41.4,43.5,37.5,22.1,1.5,2474,4.9,91.8,0.2,93.7,81.0,1,0.03331817782836129
30610701,Commune de Charqaoua,4727,9.3,10.5,10.5,39.3,41.3,40.6,36.0,1.4,1141,4.1,87.7,0.0,90.8,0.4,1,0.012954024230520136
30610707,Commune de N'zalat Bni Amar,7669,8.2,9.4,10.0,35.7,39.2,37.9,32.4,2.5,2062,3.7,76.9,6.2,96.5,95.7,1,0.021016376522923402
30610501,Commune de Dkhissa,28211,8.4,10.7,11.5,27.7,32.9,40.3,31.3,3.9,6574,4.3,81.0,6.4,95.4,85.9,1,0.07731034008191318
30610507,Commune d'Oued Jdida,16379,8.5,9.5,10.9,29.2,33.9,40.5,30.6,4.5,3736,4.4,82.0,3.3,92.9,49.8,1,0.04488554323496706
30610505,Commune de M'haya,30056,9.9,10.9,10.8,36.3,39.2,39.1,22.7,2.8,6424,4.7,80.8,5.3,96.0,87.4,1,0.08236643796752977
30610503,Commune de Majjate,20656,9.0,10.9,10.5,18.8,27.0,42.0,17.0,4.5,4909,4.2,57.7,14.6,98.0,66.2,1,0.05660637285923925
30610509,Commune de Sidi Slimane Moul Al Kifane,20245,7.6,8.8,10.1,29.8,34.6,39.7,21.1,5.5,5016,4.0,59.0,16.0,94.4,49.0,1,0.05548005511886612
30610305,Commune d'Ain Orma,3275,7.5,7.7,9.7,36.2,40.3,39.2,19.6,4.7,889,3.7,45.8,6.2,95.3,81.2,1,0.00897491630102675
30610309,Commune de Dar Oum Soltane,6184,7.9,10.0,9.3,35.3,35.0,46.1,22.7,3.7,1496,4.1,72.9,3.0,91.0,78.1,1,0.016946834322305166
30610307,Commune d'Ait Ouallal,19079,8.6,10.4,10.2,15.2,22.4,43.8,16.7,4.3,5047,3.8,71.4,12.1,98.9,94.6,1,0.05228471087245476
30610302,Commune d'Ain Karma-Oued Rommane,13985,8.1,9.6,10.0,34.8,39.3,41.4,15.4,3.7,3254,4.3,84.3,2.0,95.4,79.7,1,0.038324947929727966
30610301,Commune d'Ain Jemaa,12579,7.7,9.1,9.9,46.8,47.8,46.1,19.1,2.5,2918,4.3,86.9,2.9,96.6,36.1,1,0.034471899893317705
31710105,Commune d'El Hajeb,40735,7.0,8.6,9.4,20.0,27.1,41.2,20.0,6.6,11069,3.7,49.8,38.6,99.2,98.4,1,0.11163151619002279
31710107,Commune de Sabaa Aiyoun,28735,7.6,9.3,9.8,26.2,31.3,36.4,25.8,5.5,6926,4.1,64.5,16.5,97.8,81.8,1,0.07874632669007745
31710103,Commune d'Ain Taoujdate,33048,7.4,9.3,10.2,22.1,27.7,39.5,22.0,5.8,8342,4.0,53.7,29.6,99.6,96.8,1,0.09056581188284947
31710101,Commune d'Agourai,19158,7.8,9.4,9.5,35.3,36.5,41.0,23.4,6.2,4819,4.0,48.7,29.9,98.8,95.5,1,0.05250120503666274
31710701,Commune d'Ait Bourzouine,7906,8.1,9.6,10.4,35.2,41.2,41.0,15.0,3.1,1785,4.4,54.8,0.6,91.1,48.2,1,0.021665859015547323
31710705,Commune d'Iqaddar,8705,8.5,9.8,10.4,38.3,40.5,40.0,15.8,3.7,2127,4.1,53.0,2.1,89.7,48.5,1,0.023855464549752015
31710703,Commune d'Ait Naamane,5857,7.5,9.7,9.9,37.4,42.3,37.8,19.0,2.9,1348,4.3,63.8,0.7,97.8,15.9,1,0.016050712908431655
31710503,Commune d'Ait Harz Allah,13604,8.2,10.2,9.9,38.2,42.3,40.0,26.2,3.7,3260,4.2,72.1,1.9,95.0,42.5,1,0.037280843163104704
31710501,Commune d'Ait Boubidmane,22780,8.3,9.5,10.4,33.7,37.5,41.9,19.7,5.8,5674,4.0,60.7,19.3,96.3,85.6,1,0.06242705140072957
31710505,Commune de Bitit,15238,8.5,10.0,10.1,35.1,36.5,40.8,18.2,3.9,3664,4.2,66.5,1.3,92.5,82.3,1,0.04175870980001393
31710507,Commune de Laqsir,32375,8.4,9.9,10.6,34.9,37.5,39.4,14.9,4.3,7632,4.2,69.2,2.7,85.9,39.1,1,0.08872150083839421
31710309,Commune de Tamchachate,3562,8.5,9.9,9.7,48.7,48.9,43.9,2.2,1.5,806,4.4,70.7,0.1,91.7,19.1,1,0.009761420416567109
31710303,Commune d'Ait Yaazem,16912,7.4,9.3,9.5,35.5,37.5,38.3,22.4,5.6,4239,4.0,71.0,7.2,97.0,67.4,1,0.0463461937352563
31710301,Commune d'Ait Ouikhalfen,3261,7.3,10.2,9.0,44.8,48.4,36.8,34.7,2.9,856,3.8,51.3,0.1,93.2,27.5,1,0.008936550246610147
31710305,Commune de Jahjouh,7865,7.2,9.0,10.0,33.7,39.0,38.6,17.5,4.3,1967,4.0,71.1,6.7,95.7,59.4,1,0.021553501284755843
31710307,Commune de Ras Ijerri,6707,7.2,8.5,10.0,40.0,41.5,35.8,10.2,3.7,1744,3.8,64.4,15.9,92.7,60.4,1,0.01838008049801112
32710101,Commune d'Azrou,57581,6.5,8.5,9.0,20.5,25.2,40.8,23.0,9.5,16228,3.5,51.1,34.9,99.3,99.0,1,0.1577968413830294
32710103,Commune d'Ifrane,13558,7.1,8.4,8.1,16.4,23.3,49.6,19.9,6.5,3814,3.6,47.3,32.1,100.0,100.0,1,0.03715478327002158
32710107,Commune de Tizguite,12200,9.5,10.3,10.2,44.1,45.2,42.8,11.0,5.7,2763,4.4,75.7,3.6,91.0,42.0,1,0.0334332759916111
32710105,Commune de Dayat-Aoua,12048,9.9,11.3,10.4,39.8,44.9,45.5,5.9,7.4,2818,4.3,70.0,1.6,92.1,0.9,1,0.03301673025794512
32710303,Commune de Ben Smim,6704,7.9,8.6,9.3,35.7,38.2,40.4,16.9,4.5,1698,3.9,66.5,6.3,96.0,66.9,1,0.01837185920063613
32710309,Commune de Tigrigra,10085,7.3,8.5,9.6,38.0,41.4,37.4,9.2,4.6,2543,4.0,57.8,11.1,90.4,57.5,1,0.027637261342245728
32710311,Commune de Timahdite,11570,7.9,10.1,9.8,42.5,44.3,35.8,8.0,5.8,3004,3.9,57.7,16.5,94.6,68.8,1,0.03170680354286397
32710301,Commune d'Ain Leuh,8985,6.0,7.3,9.0,38.1,40.6,35.4,25.3,7.3,2731,3.3,55.4,18.2,94.5,52.4,1,0.024622785638084076
32710307,Commune de Sidi El Makhfi,16441,7.3,9.2,9.6,42.9,46.3,42.0,16.4,6.5,4264,3.9,63.5,16.6,94.9,42.2,1,0.04505545004738345
32710305,Commune d'Oued Ifrane,10266,6.6,8.5,9.6,50.0,52.6,39.6,14.2,5.4,2821,3.6,70.8,10.1,89.1,40.7,1,0.02813327961720324
35910101,Commune de Moulay Yacoub,4545,9.0,10.5,11.0,26.6,33.3,47.5,9.2,7.0,1114,4.1,57.4,21.6,99.2,99.2,1,0.012455265523104298
35910103,Commune d'Ain Chkef,85408,9.5,11.1,11.4,26.9,34.0,40.7,19.9,3.7,19657,4.3,76.9,9.0,94.4,84.2,1,0.23405485540094428
35910305,Commune de Sebaa Rouadi,26504,9.5,11.0,11.2,32.4,36.9,39.6,25.3,3.5,5783,4.6,49.3,0.7,96.7,82.6,1,0.07263242187554594
35910303,Commune de Mikkes,6145,10.4,11.6,12.4,45.7,47.8,38.1,31.6,1.3,1305,4.7,97.4,0.5,98.4,21.8,1,0.016839957456430344
35910307,Commune de Sebt Loudaya,11981,9.8,11.7,11.2,40.9,44.4,42.4,25.2,2.3,2333,5.1,95.1,0.4,96.9,21.3,1,0.03283312128323709
35910503,Commune de Laajajra,14715,10.5,11.2,10.9,44.1,48.1,38.8,8.2,1.6,2985,4.9,97.3,0.5,93.1,40.0,1,0.04032546362430797
35910509,Commune de Sidi Daoud,13088,9.9,11.5,10.6,40.4,50.4,37.6,16.9,1.3,2686,4.9,93.8,0.1,97.0,27.7,1,0.03586678001460705
35910507,Commune d'Oulad Mimoun,9398,10.1,11.2,10.7,45.7,50.8,41.2,10.3,1.3,2054,4.6,88.5,0.1,96.0,2.7,1,0.025754584243373863
35910505,Commune de Louadaine,11523,9.2,11.1,11.0,42.8,49.0,41.1,16.5,2.3,2515,4.6,71.2,4.9,98.0,41.0,1,0.031578003217322514
35910502,Commune d'Ain Kansara,14910,9.3,10.5,10.5,39.1,42.8,37.5,24.0,3.0,3277,4.5,61.2,2.7,96.0,42.1,1,0.04085984795368209
35910501,Commune d'Ain Bou Ali,12354,8.9,10.4,10.1,43.2,46.1,32.8,47.6,1.8,2639,4.7,54.0,0.4,95.6,22.4,1,0.03385530259019373
34510109,Commune de Sefrou,86735,6.5,8.4,9.2,19.5,24.6,37.7,26.4,6.7,24625,3.5,59.8,28.9,99.6,96.1,1,0.2376914092731466
34510105,Commune d'Immouzzer-Kandar,21939,7.9,9.2,9.8,25.9,30.1,42.2,19.6,9.4,5942,3.7,47.4,31.7,98.2,94.0,1,0.06012234770327507
34510101,Commune de Bhalil,13717,6.7,8.6,9.3,21.6,27.9,35.4,25.8,6.9,3982,3.4,60.1,28.1,99.4,98.9,1,0.037590512030895855
34510103,Commune d'El Menzel,11398,6.6,8.4,8.7,23.4,27.4,31.7,32.1,5.8,3241,3.5,59.2,22.7,99.0,99.0,1,0.031235449160031414
34510107,Commune de Ribate El Kheir,18468,6.1,8.7,9.3,31.2,36.3,30.1,40.5,5.0,4958,3.7,68.8,22.1,99.3,98.8,1,0.05061030664041588
34510707,Commune de Kandar Sidi Khiar,10254,9.7,10.7,11.0,45.7,46.3,41.2,24.6,3.3,2303,4.5,71.4,0.3,92.4,52.3,1,0.028100394427703297
34510709,Commune de Laanoussar,9285,9.8,9.9,9.7,49.0,52.0,38.7,7.6,2.4,2195,4.2,77.8,0.2,89.4,58.6,1,0.02544491537558271
34510713,Commune de Tazouta,5802,7.6,9.3,10.2,46.4,46.4,34.8,21.8,3.2,1523,3.8,86.5,3.2,92.8,73.0,1,0.01589998912322357
34510703,Commune d'Ahl Sidi Lahcen,3566,6.4,7.9,8.5,41.6,43.8,44.7,16.8,3.5,964,3.7,96.2,0.2,97.8,95.6,1,0.009772382146400424
34510711,Commune de Sidi Youssef Ben Ahmed,13748,8.3,10.0,10.4,38.7,40.6,37.1,27.5,4.4,3513,3.9,73.7,5.8,95.7,89.2,1,0.037675465437104046
34510701,Commune d'Aghbalou Aqorar,9920,7.6,8.9,10.7,40.1,43.8,35.0,6.8,2.4,2451,4.0,76.3,1.5,96.1,76.1,1,0.02718508998662148
34510705,Commune d'Azzaba,6128,7.5,8.9,9.4,35.2,36.4,37.2,32.6,5.1,1623,3.8,85.0,2.5,92.1,95.1,1,0.016793370104638754
34510303,Commune d'Ain Timguenai,6598,7.5,8.7,9.4,34.7,40.1,31.3,23.5,3.8,1750,3.8,75.0,6.1,97.9,95.9,1,0.01808137336005328
34510311,Commune de Mtarnagha,4056,7.4,8.7,8.9,39.6,41.5,23.9,20.6,3.1,1110,3.7,94.2,0.5,98.3,96.4,1,0.011115194050981526
34510313,Commune d'Oulad Mkoudou,5871,6.5,8.0,9.5,35.9,37.7,24.4,45.8,4.6,1658,3.5,77.6,5.4,96.7,94.9,1,0.01608907896284826
34510317,Commune de Tafajight,1397,9.7,8.9,10.9,65.8,64.1,17.7,1.7,3.0,326,4.3,85.6,0.0,97.5,95.4,1,0.0038283841442853035
34510301,Commune d'Adrej,1214,5.0,6.4,8.1,38.1,41.6,29.9,43.8,2.8,374,3.2,42.9,4.3,94.1,86.9,1,0.0033268850044111376
34510307,Commune de Dar El Hamra,3540,7.0,7.7,8.4,40.8,52.9,20.3,23.8,4.2,1026,3.5,81.9,1.2,95.5,47.3,1,0.009701130902483876
34510309,Commune d'Irhzrane,8498,6.4,7.5,8.8,51.2,53.1,24.6,31.8,3.8,2271,3.7,88.4,0.7,95.8,59.9,1,0.02328819503087796
34510315,Commune de Ras Tabouda,6018,6.5,8.4,9.4,32.8,36.8,26.1,32.6,4.8,1629,3.7,87.0,2.7,97.4,95.9,1,0.01649192253422259
34510305,Commune de Bir Tam-Tam,8954,6.4,7.9,9.0,37.4,39.3,27.7,24.9,5.0,2426,3.7,83.7,4.9,97.2,97.6,1,0.024537832231875886
34510501,Commune d'Ain Cheggag,28355,8.7,10.6,10.7,31.0,35.1,40.8,21.2,3.8,6769,4.2,74.6,10.6,93.7,95.3,1,0.07770496235591251
34510503,Commune d'Ait Sebaa Lajrouf,18701,9.4,9.9,10.7,37.7,40.8,42.2,10.9,5.1,4603,4.1,81.3,2.2,94.7,42.4,1,0.05124882740320649
31310101,Commune de Boulemane,6759,6.2,8.3,9.4,28.2,31.2,30.9,24.8,8.9,1947,3.5,63.3,22.0,99.3,96.4,1,0.01852258298584421
31310103,Commune de Missour,27973,8.6,10.1,10.4,19.2,25.6,38.4,22.2,5.9,7162,3.9,55.0,30.4,94.3,91.5,1,0.07665811715683092
31310105,Commune d'Outat El Haj,18691,8.3,9.5,10.5,22.4,29.3,33.1,28.3,4.8,4533,4.1,58.8,23.7,99.1,97.8,1,0.0512214230786232
31310102,Commune d'Imouzzer Marmoucha,4674,7.3,8.4,10.3,33.0,41.1,29.4,29.4,7.3,1355,3.4,59.5,21.1,99.0,98.2,1,0.01280878131022871
31310311,Commune de Guigou,24674,8.2,9.3,10.2,37.3,41.2,36.5,12.0,6.4,5968,4.1,73.4,14.9,93.6,76.4,1,0.06761743047680428
31310309,Commune d'Enjil,7982,7.8,9.4,10.5,45.1,46.8,33.9,38.1,6.0,2146,3.7,72.1,5.5,91.2,65.9,1,0.02187413188238031
31310315,Commune de Skoura M'daz,8297,6.2,8.1,8.9,39.8,41.8,23.4,35.3,6.9,2471,3.4,72.6,8.9,92.8,74.5,1,0.022737368106753874
31310901,Commune d'Ait Bazza,2397,7.1,9.3,10.7,55.0,56.6,32.9,33.1,8.2,637,3.8,84.3,0.5,92.9,57.8,1,0.006568816602614082
31310905,Commune d'Almis Marmoucha,2292,9.0,9.4,10.7,38.9,43.8,29.0,32.9,6.6,560,4.1,91.8,0.7,99.1,1.1,1,0.006281071194489561
31310917,Commune de Talzemt,2701,8.8,9.1,8.2,57.2,56.8,27.6,60.8,7.1,668,4.0,91.8,0.3,87.9,17.2,1,0.007401908069946031
31310903,Commune d'Ait El Mane,1694,7.6,8.9,8.6,56.1,56.1,17.7,33.5,8.4,486,3.5,83.1,0.6,93.4,71.8,1,0.004642292584408951
31310913,Commune de Serghina,3567,7.1,9.4,10.0,42.2,42.5,30.8,33.3,5.2,1040,3.4,77.0,4.5,95.4,66.3,1,0.009775122578858753
31310907,Commune d'El Mers,4887,7.3,9.1,9.5,44.9,47.3,34.2,38.8,6.3,1360,3.6,69.0,4.6,89.6,76.5,1,0.013392493423852741
31310501,Commune de Ksabi-Moulouya,10471,8.8,10.1,11.0,33.5,38.1,34.7,33.7,4.7,2507,4.2,82.7,3.4,93.6,87.7,1,0.02869506827116064
31310503,Commune d'Ouizeght,5430,9.0,9.8,10.9,43.0,46.5,34.1,52.6,4.1,1212,4.5,86.6,0.2,88.3,53.1,1,0.014880548248725266
31310505,Commune de Sidi Boutayeb,9936,8.5,9.9,10.5,33.9,38.2,34.2,25.9,5.8,2348,4.2,86.2,1.7,93.9,81.5,1,0.027228936905954744
31310707,Commune d'Oulad Ali Youssef,3279,7.7,9.3,10.4,51.5,53.4,34.2,4.3,3.6,740,4.4,84.7,0.5,81.4,25.4,1,0.008985878030860064
31310701,Commune d'El Orjane,7706,8.6,10.9,10.4,36.6,42.2,31.2,40.9,3.2,1608,4.8,92.7,0.2,97.5,80.9,1,0.021117772523881567
31310709,Commune de Tissaf,11615,9.7,11.9,12.0,47.0,50.3,33.5,9.7,2.8,2270,5.1,90.6,2.5,91.7,45.1,1,0.03183012300348876
31310703,Commune d'Ermila,8333,8.8,10.5,10.9,36.4,41.7,33.6,45.0,2.4,1765,4.7,90.8,0.5,96.0,84.9,1,0.02283602367525371
31310705,Commune de Fritissa,29594,9.7,11.3,11.2,37.9,42.3,34.7,30.3,2.0,5726,5.2,88.7,2.3,94.9,86.7,1,0.08110035817178186
35310105,Commune de Taounate,39071,8.2,10.2,10.1,21.3,29.7,37.9,16.5,3.9,10078,3.9,62.0,28.9,99.2,96.1,1,0.10707143657936372
35310103,Commune de Karia Ba Mohamed,20855,7.7,9.7,10.3,23.5,30.6,37.2,13.0,2.2,5112,4.1,66.9,23.1,98.3,95.2,1,0.05715171891844667
35310101,Commune de Rhafsai,7117,8.6,9.9,10.3,20.4,27.7,37.8,13.8,3.5,1894,3.8,52.4,30.2,98.9,90.6,1,0.019503657805925917
35310107,Commune de Thar Es-Souk,5216,8.0,9.4,9.5,27.2,33.0,32.8,18.6,2.9,1406,3.7,69.4,13.7,96.4,68.4,1,0.014294095702642909
35310109,Commune de Tissa,12095,8.8,10.4,10.5,30.2,38.0,38.0,22.1,2.1,2783,4.3,62.4,25.6,98.6,73.0,1,0.03314553058348658
35310503,Commune de Bouchabel,13767,8.7,10.3,11.3,46.7,56.0,34.3,18.7,2.0,3028,4.5,75.4,0.2,95.5,3.2,1,0.0377275336538123
35310507,Commune de Jbabra,15904,8.3,10.2,11.5,51.4,55.3,36.4,3.1,1.4,3294,4.8,90.8,0.2,97.4,1.0,1,0.04358383781726089
35310517,Commune de Sidi El Abed,11240,10.2,10.3,10.7,48.3,52.7,42.4,7.6,1.2,2096,5.4,96.6,0.1,97.2,9.7,1,0.03080246083161547
35310509,Commune de Loulja,13679,9.8,10.6,11.2,50.9,56.9,40.8,25.9,0.8,2904,4.7,94.2,0.0,97.9,4.2,1,0.03748637559747936
35310513,Commune de Moulay Abdelkrim,6557,7.0,9.1,9.9,45.2,47.2,45.7,10.2,1.7,1556,4.2,96.1,0.0,96.7,2.6,1,0.0179690156292618
35310501,Commune de Bni Snous,8432,9.0,9.6,9.7,43.2,47.6,42.8,16.0,1.6,1896,4.4,96.0,0.0,96.9,1.1,1,0.02310732648862826
35310515,Commune de Moulay Bouchta,12530,6.9,9.5,10.4,44.6,50.4,37.4,14.7,2.0,3133,4.0,96.3,1.6,98.4,7.4,1,0.0343376187028596
35310511,Commune de Mkansa,23680,10.2,10.9,11.3,40.9,47.6,40.0,13.1,2.6,4942,4.8,89.5,1.5,96.7,14.4,1,0.06489344061322548
35310505,Commune de Rhouazi,16404,8.6,9.8,11.0,47.5,50.7,40.3,7.2,2.3,3669,4.5,96.0,0.0,94.8,6.1,1,0.04495405404642529
35310309,Commune d'Ourtzarh,13245,7.4,9.2,10.0,39.2,43.0,31.4,27.9,2.1,3635,3.6,85.0,5.1,98.0,17.9,1,0.03629702791056467
35310303,Commune de Galaz,15196,7.5,9.0,9.5,44.4,48.3,29.9,11.7,1.8,4132,3.7,87.0,2.6,97.4,11.2,1,0.04164361163676412
35310313,Commune de Sidi Haj M'hamed,7880,7.8,10.3,11.3,44.5,50.5,34.0,34.8,1.5,2147,3.7,94.1,0.8,66.5,1.7,1,0.021594607771630775
35310317,Commune de Sidi Yahia Bni Zeroual,14282,8.1,9.6,10.2,38.5,46.4,37.7,29.3,0.8,3654,3.9,95.9,0.4,92.8,0.8,1,0.039138856369851614
35310307,Commune d'Oudka,7379,7.6,8.9,9.4,40.6,43.2,38.8,15.2,1.8,2103,3.5,90.3,0.7,86.9,0.2,1,0.02022165111000806
35310311,Commune de Ratba,14944,7.8,9.3,10.6,33.3,43.6,36.1,19.0,1.8,3848,3.9,90.9,1.7,92.8,1.8,1,0.04095302265726526
35310301,Commune d'El Bibane,5853,7.5,9.4,9.3,35.1,38.5,26.9,17.7,2.8,1623,3.6,85.8,1.4,92.2,43.1,1,0.016039751178598342
35310315,Commune de Sidi Mokhfi,7896,8.3,9.8,11.2,44.6,50.1,31.4,6.2,1.8,1947,4.1,92.9,0.9,93.1,5.7,1,0.021638454690964034
35310323,Commune de Timezgana,15184,9.5,10.8,10.4,39.0,45.4,37.7,15.6,1.5,3644,4.2,96.0,0.0,94.8,0.7,1,0.04161072644726417
35310305,Commune de Kissane,11763,6.9,9.5,10.1,40.7,44.5,34.8,17.6,3.2,3260,3.6,97.3,0.9,94.6,3.6,1,0.032235707007321424
35310319,Commune de Tabouda,13635,7.9,9.7,11.1,41.0,47.9,35.5,44.0,2.1,3422,4.0,97.7,0.2,86.8,0.5,1,0.037365796569312895
35310321,Commune de Tafrant,13216,7.7,9.5,10.3,38.3,43.8,36.3,32.3,2.4,3387,3.9,93.3,3.2,88.2,7.2,1,0.03621755536927314
35310701,Commune d'Ain Mediouna,15115,8.6,10.1,9.6,31.8,38.3,30.3,28.2,2.8,3779,4.0,86.5,7.3,98.5,49.3,1,0.041421636607639485
35310703,Commune de Bni Oulid,8966,7.7,8.8,8.8,35.1,41.0,35.6,33.7,2.7,2525,3.6,79.2,7.1,96.8,24.9,1,0.02457071742137583
35310707,Commune de Bouadel,11564,8.4,9.6,10.4,33.2,38.4,25.0,11.8,3.9,2957,3.9,82.8,2.1,96.8,2.8,1,0.03169036094811399
35310709,Commune de Bouhouda,24823,9.3,11.1,11.4,43.2,46.8,32.7,29.8,2.7,5746,4.3,85.6,4.0,95.6,24.2,1,0.06802575491309527
35310721,Commune de Zrizer,7539,8.2,9.8,10.1,34.7,39.6,31.5,24.3,4.1,2106,3.6,92.0,0.6,96.8,14.1,1,0.020660120303340662
35310713,Commune de Khlalfa,14339,8.7,10.1,10.7,34.9,39.9,33.3,53.4,3.2,3584,4.0,89.7,1.4,88.5,7.7,1,0.03929506101997635
35310717,Commune de Rghioua,3666,5.9,8.0,8.8,34.4,36.1,21.8,32.5,5.2,1130,3.2,91.1,0.1,97.5,1.1,1,0.010046425392233303
35310715,Commune de Mezraoua,7711,8.3,10.0,10.5,44.7,49.5,28.5,26.9,2.4,1921,4.0,89.2,0.6,97.2,13.3,1,0.021131474686173213
35310719,Commune de Tamedit,12244,8.2,9.8,9.4,42.2,49.3,38.5,20.8,2.3,3124,3.9,92.9,0.8,97.2,0.3,1,0.03355385501977757
35310705,Commune de Bni Ounjel Tafraout,5990,7.7,9.6,9.9,43.6,47.1,30.8,24.0,2.2,1456,4.1,86.3,0.3,93.3,5.4,1,0.016415190425389383
35310711,Commune de Fennassa Bab El Hit,10285,8.5,10.0,9.6,43.3,50.9,33.4,42.7,1.4,2538,4.1,91.2,0.9,95.4,5.5,1,0.028185347833911488
35310909,Commune d'El Bsabsa,7476,10.2,11.6,11.7,46.3,49.2,33.3,10.3,1.7,1608,4.6,96.5,0.0,99.3,3.9,1,0.02048747305846595
35310913,Commune d'Oued Jemaa,7804,9.3,10.3,10.7,48.5,50.9,38.2,12.8,1.7,1698,4.6,85.5,0.2,98.3,2.8,1,0.021386334904797785
35310921,Commune de Ras El Oued,13299,9.3,10.7,10.5,49.2,52.8,30.7,12.0,2.4,2995,4.4,94.7,0.4,98.7,15.1,1,0.036445011263314425
35310923,Commune de Sidi M'hamed Ben Lahcen,16980,10.1,11.3,12.3,45.2,49.7,38.1,25.4,1.6,3485,4.9,83.0,0.0,98.8,4.8,1,0.04653254314242266
35310905,Commune d'Ain Maatouf,8607,7.9,9.8,11.4,43.9,48.4,38.8,17.2,2.1,2178,4.0,93.9,0.7,97.7,2.1,1,0.023586902168835796
35310901,Commune d'Ain Aicha,22900,9.2,11.1,11.4,40.4,43.4,36.3,17.0,2.3,5192,4.4,82.4,5.9,95.7,30.5,1,0.06275590329572903
35310917,Commune d'Oulad Daoud,10800,8.7,10.4,10.8,40.7,45.1,37.8,11.1,1.5,2391,4.5,80.6,1.3,98.4,10.7,1,0.02959667054995081
35310907,Commune de Bouarouss,16329,9.9,10.6,11.1,48.7,52.0,38.8,13.6,1.2,3596,4.5,95.4,0.6,97.6,5.1,1,0.044748521612050625
35310903,Commune d'Ain Legdah,10597,8.3,9.9,10.7,49.0,53.3,32.3,41.1,2.4,2601,4.1,92.8,0.5,98.6,8.6,1,0.029040362760910064
35310915,Commune d'Oulad Ayyad,9763,9.4,10.5,10.7,38.4,42.8,31.2,16.8,2.6,2186,4.5,83.3,1.0,94.4,94.4,1,0.026754842090663863
35310911,Commune de Messassa,8195,10.2,11.5,12.7,44.9,49.0,43.8,13.2,1.3,1750,4.7,93.3,0.0,95.2,0.9,1,0.02245784399600434
35310919,Commune d'Outabouabane,8558,9.2,11.3,11.0,46.8,51.3,36.7,10.9,1.5,1912,4.5,90.7,0.8,97.9,5.2,1,0.02345262097837769
35610111,Commune de Taza,149796,6.1,8.3,8.9,20.5,27.3,37.6,23.4,3.9,40727,3.7,60.0,27.1,99.2,98.2,1,0.4105058205278177
35610107,Commune de Tahla,28590,6.6,8.7,9.6,27.1,32.9,29.7,33.1,5.0,7619,3.8,68.8,19.9,99.3,98.9,1,0.07834896398361978
35610101,Commune d'Aknoul,4408,6.9,8.8,9.9,27.9,31.7,37.6,33.5,3.4,1208,3.6,56.3,25.4,98.3,93.4,1,0.012079826276313255
35610105,Commune d'Ouad Amlil,10896,7.7,10.2,10.5,23.8,32.3,40.6,25.9,2.3,2544,4.3,51.0,34.1,100.0,98.6,1,0.02985975206595037
35610303,Commune de Bourd,6996,8.5,10.0,9.1,43.2,47.3,38.0,39.1,2.8,1770,4.0,68.2,2.4,97.6,16.9,1,0.019172065478468135
35610301,Commune d'Ajdir,8638,7.2,9.0,9.1,38.7,44.0,38.1,32.6,3.9,2288,3.8,70.0,6.1,98.3,30.7,1,0.023671855575043987
35610305,Commune de Gzenaya Al Janoubia,8125,8.0,9.6,9.4,46.0,50.3,31.8,26.6,2.7,2081,3.9,72.3,0.0,96.3,0.8,1,0.022266013723921327
35610307,Commune de Jbarna,2328,7.2,9.3,7.8,44.0,47.8,32.1,46.9,2.7,640,3.6,78.3,0.6,93.0,4.8,1,0.006379726762989397
35610309,Commune de Sidi Ali Bourakba,6162,6.6,8.5,9.0,43.0,48.8,28.0,50.5,3.4,1698,3.6,70.6,1.2,97.9,6.9,1,0.016886544808221934
35610311,Commune de Tizi Ouasli,5434,7.8,9.3,9.1,39.8,44.9,35.8,50.8,2.6,1490,3.6,47.8,10.8,95.8,33.0,1,0.014891509978558584
35610901,Commune d'Ait Saghrouchen,15140,7.6,9.3,9.6,40.4,42.5,32.4,29.5,2.6,4098,3.7,88.3,2.4,92.6,82.4,1,0.041490147419097706
35610911,Commune de Tazarine,2030,7.5,7.5,9.9,50.6,55.0,34.8,40.4,3.1,576,3.5,95.7,0.5,93.4,6.8,1,0.00556307789040742
35610903,Commune de Bouyablane,1667,9.7,9.8,9.2,63.2,69.1,40.2,16.4,1.2,363,4.6,93.6,0.3,71.3,0.6,1,0.004568300908034074
35610907,Commune de Matmata,11665,6.8,8.9,9.9,39.7,43.0,27.5,31.6,3.4,2942,4.0,81.3,3.3,95.4,93.1,1,0.0319671446264052
35610909,Commune de Smia,7385,7.0,8.5,9.1,44.0,46.9,28.7,39.6,3.0,1893,3.9,86.7,1.4,93.6,47.1,1,0.02023809370475803
35610913,Commune de Zrarda,9339,6.8,9.1,10.0,38.7,43.0,26.0,28.6,3.5,2512,3.7,74.7,10.3,98.4,67.7,1,0.025592898728332463
35611101,Commune de Bni Ftah,9632,9.2,9.5,9.2,45.0,48.8,38.4,43.6,1.5,2363,4.1,87.7,1.0,83.3,3.8,1,0.026395845438622792
35611115,Commune de Traiba,5773,8.8,9.9,9.7,47.2,54.8,30.6,29.4,1.5,1494,3.9,85.5,0.0,85.8,4.8,1,0.015820516581932037
35611111,Commune de Taifa,5994,7.4,9.6,9.7,47.8,51.7,34.5,24.9,1.9,1527,3.9,88.5,0.3,92.5,2.0,1,0.0164261521552227
35611107,Commune de Kaf El Ghar,7054,7.4,9.0,9.1,46.4,52.7,18.5,34.1,2.2,1846,3.8,93.4,1.1,91.9,2.1,1,0.019331010561051205
35611109,Commune de Msila,7799,8.4,10.0,9.7,40.9,45.6,29.1,40.7,2.0,1957,4.0,78.5,6.7,93.6,18.4,1,0.021372632742506146
35611103,Commune de Brarha,6625,8.1,9.2,8.8,47.8,55.3,36.2,49.3,1.8,1462,4.5,88.8,0.1,95.1,0.5,1,0.018155365036428155
35611105,Commune d'El Gouzate,5942,8.2,9.8,9.9,43.4,47.0,33.5,52.9,1.9,1462,4.1,81.8,0.5,85.1,0.1,1,0.016283649667389603
35611113,Commune de Tainaste,10407,8.4,9.0,10.0,42.1,50.3,31.6,62.7,2.1,2532,4.1,90.3,2.2,90.6,0.4,1,0.028519680593827597
35611301,Commune de Bab Boudir,4209,8.2,8.7,9.6,51.0,54.4,32.2,2.2,1.5,1013,4.2,66.9,0.1,96.1,0.9,1,0.011534480217105828
35611303,Commune de Bab Marzouka,17322,8.2,10.0,9.1,40.9,44.5,33.8,34.6,1.9,3995,4.3,75.9,4.8,95.4,33.3,1,0.0474697710431711
35611307,Commune de Galdamane,21729,8.0,9.5,10.3,41.2,45.7,35.5,37.5,2.3,4840,4.5,82.4,3.7,89.8,53.5,1,0.05954685688702603
35611311,Commune de Meknassa Al Gharbia,3422,7.7,9.4,8.9,40.9,45.6,34.5,14.1,1.3,832,4.1,84.9,4.1,93.6,31.0,1,0.009377759872401081
35611309,Commune de Meknassa Acharqia,5187,8.4,9.3,9.6,42.8,46.2,37.4,13.0,2.5,1288,4.0,85.7,0.5,92.2,5.8,1,0.014214623161351374
35611305,Commune de Bni Lent,10798,8.4,10.6,10.2,41.4,45.1,31.5,42.6,1.7,2638,4.1,94.5,1.3,92.3,10.2,1,0.029591189685034148
35611313,Commune d'Oulad Chrif,7882,9.3,10.1,10.0,49.3,52.8,33.8,49.1,0.6,1819,4.3,91.0,0.9,97.2,7.9,1,0.02160008863654743
35611315,Commune de Maghraoua,6771,7.9,8.3,10.1,51.3,57.0,28.0,30.1,2.2,1664,4.1,82.4,2.8,93.9,13.6,1,0.018555468175344158
35610709,Commune d'Oulad Zbair,17558,8.9,10.5,9.8,38.1,43.5,34.1,12.2,1.3,3716,4.7,74.2,12.9,98.3,50.5,1,0.04811651310333669
35610705,Commune de Bouhlou,8503,8.0,9.8,9.9,38.8,43.7,31.9,32.9,2.2,2007,4.2,91.5,1.7,96.6,90.0,1,0.023301897193169604
35610703,Commune de Bouchfaa,10093,8.1,10.1,10.8,38.7,42.6,31.1,41.7,2.5,2396,4.2,87.9,1.3,97.0,80.3,1,0.027659184801912363
35610707,Commune de Ghiata Al Gharbia,22431,8.6,10.2,10.3,41.7,44.1,33.5,24.3,1.9,4703,4.8,95.5,0.9,94.5,72.5,1,0.061470640472772835
35610711,Commune de Rbaa El Fouki,6156,9.6,10.2,10.0,45.3,51.8,34.2,28.2,1.0,1352,4.6,88.7,0.6,93.5,4.3,1,0.01687010221347196
35610701,Commune de Bni Frassen,19869,9.0,10.2,10.2,45.4,51.8,30.5,26.6,1.5,4668,4.3,89.8,2.3,97.1,21.2,1,0.0544496525145345
4421010,Commune de Rabat,503375,4.5,5.9,6.8,11.1,17.5,46.6,18.2,6.6,156398,3.2,60.7,29.7,99.8,99.4,1,1.379465188711249
44210107,Commune de Touarga,3468,4.5,5.5,5.0,7.7,13.6,43.9,6.3,8.0,785,4.4,1.8,0.4,100.0,100.0,1,0.009503819765484204
4441010,Commune de Salé,938863,6.8,8.0,8.3,15.0,22.0,45.7,20.9,5.3,256144,3.7,59.6,29.8,99.3,98.5,1,2.5728906391239317
44410108,Commune de Sidi Bouknadel,42705,8.6,9.8,9.4,20.4,28.8,45.5,23.0,4.8,10439,4.1,78.2,9.9,95.9,72.0,1,0.11703016813293049
44410113,Commune d'Ameur,75075,10.3,11.6,10.4,26.6,31.9,47.2,17.1,3.8,18540,4.0,78.8,10.4,75.0,47.4,1,0.20573796680903303
44410111,Commune de Shoul,22281,8.7,9.9,9.6,41.6,46.1,41.8,17.8,2.9,5188,4.3,80.7,0.5,72.0,10.7,1,0.06105957560402351
45010107,Commune de Témara,295606,6.7,7.9,8.1,10.8,18.6,49.2,17.1,5.2,82146,3.6,65.5,24.3,99.8,98.7,1,0.8100882772767369
45010103,Commune de Harhoura,20949,5.1,6.6,7.7,3.3,10.0,50.7,7.3,5.9,7021,3.0,80.8,12.6,99.8,98.0,1,0.057409319569529584
45010105,Commune de Skhirate,122067,8.0,9.2,9.2,21.5,29.8,47.0,17.8,5.3,32031,3.8,81.2,11.4,97.8,97.6,1,0.334516368890819
45010101,Commune d'Ain El Aouda,98454,8.5,9.7,9.7,19.2,26.9,45.9,20.6,3.9,23899,4.1,67.3,23.6,99.4,99.4,1,0.2698065372523015
45010109,Commune d'Ain Attig,73280,9.4,9.4,8.6,14.1,23.9,52.5,14.9,6.2,21033,3.5,75.5,15.8,98.5,94.9,1,0.2008188905463329
45010503,Commune de Mers El Kheir,26544,8.5,9.8,9.4,19.5,27.9,46.8,23.8,4.5,6106,4.3,59.3,27.3,98.1,90.7,1,0.07274203917387909
45010505,Commune de Sabbah,15551,8.2,10.2,10.0,23.4,28.5,41.1,15.5,3.3,3456,4.5,70.0,14.6,97.3,70.6,1,0.04261646515947083
45010301,Commune d'El Menzeh,7143,5.9,8.1,8.9,10.2,16.9,57.3,9.2,4.6,2162,3.3,73.2,6.1,96.6,89.5,1,0.019574909049842465
45010303,Commune d'Oumazza,4322,7.4,8.7,8.4,27.3,31.9,43.8,21.8,3.3,1094,4.0,71.9,0.5,92.9,60.2,1,0.011844149084896982
45010311,Commune de Sidi Yahya Zaer,112563,8.5,10.3,10.4,16.4,24.7,49.5,15.6,5.0,29368,3.8,71.1,21.2,99.5,90.3,1,0.3084712988068623
42810101,Commune de Kénitra,500772,6.9,8.1,8.1,13.1,20.3,44.5,20.0,6.2,138708,3.6,62.5,27.8,99.3,98.8,1,1.3723318430222191
42810111,Commune de Souk El Arbaa,69036,7.5,9.3,9.9,26.8,34.4,39.2,17.9,5.8,16401,4.2,77.2,14.1,99.0,98.9,1,0.18918849519318556
42810105,Commune de Mehdya,58526,8.7,9.3,9.1,13.0,22.6,46.2,16.1,6.0,16071,3.6,62.1,29.8,99.4,99.6,1,0.1603865500561501
42810113,Commune de Sidi Taibi,76227,8.8,10.0,10.7,26.3,32.6,43.5,23.0,4.5,18599,4.1,88.6,3.0,92.7,31.4,1,0.2088949450010278
42810301,Commune d'Ameur Seflia,37935,11.1,11.8,11.8,39.5,44.6,43.3,17.3,4.3,7486,5.1,87.2,0.5,78.8,8.6,1,0.1039583053067022
42810311,Commune d'Ouled Slama,23848,9.9,11.0,10.7,33.5,39.4,43.7,18.0,3.9,4664,5.1,94.1,0.4,90.5,8.7,1,0.06535383326622471
42810305,Commune de Haddada,22652,10.7,12.1,11.9,38.0,43.1,40.7,16.9,3.8,4694,4.8,90.7,0.0,86.8,22.8,1,0.062076276046063486
42810507,Commune de Mnasra,41433,10.1,10.6,11.3,35.8,44.0,46.5,9.0,4.0,7731,5.4,94.5,0.3,96.4,5.0,1,0.11354433804593629
42810503,Commune de Ben Mansour,53524,11.1,12.4,11.4,44.2,52.2,43.0,12.5,3.0,9027,5.9,91.4,0.1,97.5,12.7,1,0.14667890689958954
42810511,Commune de Sidi Mohamed Benmansour,24698,10.5,11.7,12.0,41.0,46.3,41.8,5.3,4.2,4303,5.7,94.4,0.5,90.8,9.6,1,0.06768320085580416
42810509,Commune de Mograne,36452,10.2,11.6,11.7,36.5,41.0,44.0,20.7,4.0,6745,5.4,80.6,0.3,92.4,33.6,1,0.09989424397100063
42810701,Commune d'Arbaoua,35072,9.9,11.1,11.2,36.7,43.5,40.3,20.2,4.5,7545,4.6,91.9,3.2,95.2,38.1,1,0.09611244717850692
42810707,Commune d'Oued El Makhazine,6264,8.5,9.2,10.3,48.3,54.2,34.9,26.6,3.2,1650,3.8,90.9,0.6,87.0,31.2,1,0.017166068918971468
42810705,Commune de Kariat Ben Aouda,11238,9.1,9.9,10.1,39.1,44.0,37.1,26.6,3.6,2273,4.9,60.3,0.7,94.8,14.8,1,0.030796979966698813
42810703,Commune de Beni Malek,28711,9.7,11.1,10.9,39.8,47.4,38.2,17.5,3.7,5378,5.3,93.7,0.1,93.0,1.3,1,0.07868055631107755
42810909,Commune de Sidi Allal Tazi,21729,10.2,11.3,10.7,31.6,35.9,37.8,24.8,5.0,4185,5.2,89.5,6.7,96.5,81.7,1,0.05954685688702603
42810915,Commune de Souk Tlet El Gharb,24190,9.4,10.5,10.6,35.1,42.3,38.5,19.5,3.3,4832,5.0,95.5,0.9,95.6,35.2,1,0.06629106116697316
42810901,Commune de Bahhara Ouled Ayad,38577,10.3,11.6,11.7,47.4,56.4,43.9,8.2,3.1,7159,5.4,94.1,0.2,94.7,10.0,1,0.10571766294494929
42810913,Commune de Sidi Mohamed Lahmar,52679,10.3,12.0,11.9,40.5,53.7,40.6,16.6,3.7,9739,5.4,92.0,0.5,94.7,14.1,1,0.14436324147230173
42811107,Commune de Moulay Bousselham,32629,10.0,11.5,11.0,35.6,45.5,51.1,8.8,6.4,7358,4.4,73.5,9.4,93.6,15.4,1,0.08941757068280971
42811105,Commune de Lalla Mimouna,35487,9.5,11.2,11.2,33.9,41.9,41.9,20.0,3.6,7381,4.8,87.6,8.0,96.1,47.4,1,0.09724972664871336
42811103,Commune de Chouafaa,21374,10.1,12.1,10.6,45.9,52.9,41.9,10.4,4.2,3872,5.5,97.6,1.0,94.9,3.6,1,0.05857400336431931
42811111,Commune de Sidi Boubker El Haj,21610,10.6,12.4,11.6,44.0,51.1,38.8,18.4,3.2,4245,5.1,97.7,0.5,94.5,23.6,1,0.059220745424484904
42910101,Commune de Khémisset,125523,5.6,7.6,8.8,21.7,27.8,34.3,32.1,6.0,34344,3.7,62.8,24.2,98.5,97.7,1,0.3439873034668033
42910103,Commune de Rommani,11114,6.1,7.9,9.4,25.0,28.3,35.8,17.3,5.7,3037,3.7,58.9,20.9,98.9,98.0,1,0.030457166341866047
42910105,Commune de Tiflet,100792,6.9,8.8,9.8,23.3,28.5,35.9,28.6,6.9,26927,3.7,56.2,32.8,97.8,98.6,1,0.27621366833987426
42910117,Commune de Sidi Allal El Bahraoui,28643,9.2,10.1,9.9,16.6,24.1,41.5,20.9,4.2,7438,3.9,54.4,25.8,97.9,97.0,1,0.0784942069039112
42910301,Commune d'Ait Mimoune,7063,7.2,9.4,9.7,43.6,45.2,41.1,18.9,2.7,1915,3.7,62.6,1.7,88.7,16.5,1,0.019355674453176163
42910303,Commune d'Ait Ouribel,9375,7.1,9.3,9.7,39.9,42.3,31.3,23.4,3.4,2293,4.1,85.8,0.1,87.9,28.5,1,0.0256915542968323
42910311,Commune de Majmaa Tolba,15446,7.0,8.7,10.8,38.7,39.6,38.5,25.6,5.5,3925,3.9,74.1,5.1,79.8,18.2,1,0.04232871975134631
42910309,Commune d'El Ganzra,13785,8.4,10.4,12.0,45.6,47.0,35.4,27.6,3.1,3015,4.6,84.2,0.3,91.2,45.5,1,0.03777686143806221
42910307,Commune d'Ait Yadine,21007,7.7,10.3,12.1,44.1,46.5,35.4,18.3,4.5,5227,4.0,83.7,2.7,78.9,59.3,1,0.05756826465211264
42910313,Commune de Sfassif,7071,7.1,9.1,10.0,48.1,49.7,31.9,39.0,3.1,1807,3.9,70.6,0.7,92.0,46.8,1,0.01937759791284279
42910305,Commune d'Ait Siberne,4676,7.0,9.0,10.4,45.6,49.4,36.2,42.0,2.9,1211,3.9,81.2,0.9,92.2,38.0,1,0.012814262175145369
42910315,Commune de Sidi Allal Lamsadder,6875,6.1,7.7,8.5,40.8,41.8,34.8,45.4,4.9,1882,3.7,88.7,0.2,91.8,7.9,1,0.018840473151010353
42910317,Commune de Sidi El Rhandour,7644,5.8,8.5,10.6,40.7,43.2,31.3,16.7,3.5,2089,3.7,81.5,2.5,91.7,25.2,1,0.020947865711465185
42910507,Commune de Houderrane,6047,5.7,7.9,8.6,43.7,44.5,31.2,19.8,6.7,1859,3.3,77.1,8.6,90.5,51.9,1,0.016571395075514122
42910509,Commune de Maaziz,10812,6.1,7.7,8.7,36.6,39.3,29.5,47.4,6.8,3323,3.3,71.5,12.2,87.2,78.1,1,0.029629555739450752
42910503,Commune d'Ait Ikkou,8179,6.2,7.7,10.0,50.2,54.9,23.9,31.4,4.6,2311,3.5,71.9,2.2,71.5,17.7,1,0.02241399707667108
42910505,Commune de Bouqachmir,2877,6.2,8.3,10.9,61.7,62.5,33.3,5.5,1.9,784,3.7,74.6,1.3,82.8,8.2,1,0.007884224182611897
42910501,Commune d'Ait Ichou,1454,6.4,7.9,10.2,48.6,50.8,25.5,22.5,2.5,368,4.0,76.9,1.1,79.6,25.5,1,0.003984588794410044
42910511,Commune d'Oulmes,19578,6.9,8.6,9.3,35.5,40.0,38.7,20.1,6.8,5562,3.5,57.5,24.7,93.5,83.3,1,0.05365218666916082
42910513,Commune de Tiddas,9013,5.5,7.5,8.9,44.5,48.5,32.0,21.1,5.2,2795,3.2,60.4,8.2,81.9,49.1,1,0.02469951774691728
42910705,Commune de Brachoua,11505,7.1,8.8,9.4,37.2,41.4,33.6,22.6,1.9,2941,3.9,72.3,7.1,86.8,47.9,1,0.0315286754330726
42910715,Commune de My Driss Aghbal,4583,6.7,8.7,10.0,46.1,51.0,41.3,38.7,1.6,1133,4.0,82.4,1.1,78.9,15.7,1,0.012559401956520791
42910709,Commune de Jemaat Moul Blad,5051,7.0,9.4,11.5,48.3,51.2,23.0,38.6,2.3,1363,3.7,73.8,0.5,64.4,15.6,1,0.013841924347018662
42910711,Commune de Laghoualem,12051,7.8,9.4,10.3,47.3,52.2,40.1,30.3,1.8,2889,4.2,87.7,2.2,93.8,11.1,1,0.03302495155532011
42910713,Commune de Marchouch,10663,8.0,8.8,9.5,40.5,43.9,36.6,13.1,3.6,2604,4.1,71.0,4.8,89.5,39.4,1,0.02922123130315976
42910701,Commune d'Ain Sbit,10425,8.1,9.6,10.6,42.7,48.6,34.3,25.8,2.6,2538,4.1,76.7,5.9,81.5,36.9,1,0.028569008378077514
42910707,Commune d'Ezzhiliga,14788,7.2,9.0,9.7,43.4,47.6,34.2,14.9,2.6,3676,4.0,74.2,4.8,89.4,30.4,1,0.040525515193765974
42910911,Commune de M'qam Tolba,15070,7.9,9.7,11.0,44.9,47.5,37.3,19.0,3.5,3268,4.6,90.1,0.0,78.7,5.2,1,0.04129831714701469
42910913,Commune de Sidi Abderrazak,14021,7.7,9.1,10.2,42.5,45.3,29.5,21.7,4.9,3671,3.8,68.1,7.4,84.8,23.0,1,0.0384236034982278
42910907,Commune d'Ait Malek,3809,7.5,9.4,9.6,39.2,43.3,37.1,19.5,3.2,927,4.1,63.2,1.7,84.9,11.7,1,0.010438307233774317
42910919,Commune d'Ait Ali Ou Lahcen,5139,8.9,9.6,10.1,42.6,45.7,38.9,14.7,2.8,1186,4.3,50.3,0.0,66.9,0.8,1,0.014083082403351592
42910902,Commune d'Ain Johra-Sidi Boukhalkhal,16644,7.8,9.0,10.2,45.5,49.8,38.6,18.0,4.1,4050,4.1,80.3,0.5,71.4,8.7,1,0.04561175783642419
42910903,Commune d'Ait Belkacem,4394,7.6,8.3,9.8,43.2,44.0,36.5,13.4,4.2,1124,3.9,59.8,0.0,82.6,10.9,1,0.012041460221896652
42910909,Commune de Khemis Sidi Yahya,6821,7.2,8.6,10.1,39.5,42.5,32.6,11.4,4.1,1819,3.7,81.4,5.3,90.8,29.9,1,0.0186924897982606
42910905,Commune d'Ait Bouyahia El Hajjama,4491,6.0,8.6,8.7,37.9,39.6,39.5,16.3,4.2,1215,3.7,81.8,0.2,92.6,37.6,1,0.012307282170354544
44810111,Commune de Sidi Kacem,74891,6.4,8.1,8.7,19.6,25.7,37.1,23.9,6.1,20288,3.7,65.6,22.5,99.3,99.0,1,0.20523372723670058
44810107,Commune de Mechraa Bel Ksiri,32615,7.0,8.9,9.5,21.9,28.1,38.6,23.7,6.3,8166,4.0,67.7,21.3,98.1,98.5,1,0.08937920462839312
44810103,Commune de Had Kourt,8554,7.1,9.5,9.6,24.4,31.7,41.7,18.6,6.1,2111,4.1,82.7,10.3,98.4,92.1,1,0.023441659248544373
44810105,Commune de Jorf El Melha,31945,8.2,9.9,10.9,23.7,30.7,36.5,16.8,3.3,7448,4.3,60.0,28.3,99.5,98.4,1,0.08754311488131282
44810101,Commune de Dar Gueddari,7826,9.4,10.2,10.6,23.9,27.9,41.9,28.6,3.5,1728,4.5,69.2,15.0,98.7,97.0,1,0.021446624418881018
44810303,Commune de Bni Oual,6623,8.1,8.9,9.8,45.3,50.0,36.2,2.1,2.2,1618,4.1,97.8,0.1,98.0,0.2,1,0.0181498841715115
44810301,Commune d'Ain Dfali,23016,7.4,9.7,10.4,38.0,43.1,34.5,26.7,3.4,5659,4.1,90.7,0.8,94.0,21.1,1,0.06307379346089517
44810309,Commune de Moulay Abdelkader,7740,7.9,9.9,10.0,47.4,48.8,38.2,31.0,1.8,1720,4.5,98.8,0.0,97.5,7.8,1,0.021210947227464746
44810317,Commune de Sidi Azzouz,14484,8.4,10.5,10.5,41.0,51.1,34.2,19.0,3.5,3188,4.5,96.6,0.0,96.4,9.5,1,0.03969242372643403
44810313,Commune de Sidi Ahmed Benaissa,7685,8.5,9.9,10.6,46.6,49.0,46.1,16.0,1.8,1649,4.7,99.5,0.0,96.8,1.3,1,0.02106022344225666
44810315,Commune de Sidi Ameur Al Hadi,11703,9.5,11.0,10.6,40.6,45.9,42.5,23.3,3.7,2352,5.0,92.2,3.2,95.3,13.1,1,0.032071281059821696
44810707,Commune de Lamrabih,20154,8.5,10.5,11.0,40.9,44.1,32.0,18.7,3.1,4592,4.4,90.3,0.0,95.8,13.6,1,0.0552306757651582
44810721,Commune de Taoughilt,15013,9.1,10.4,10.9,38.6,41.7,31.6,24.3,3.8,3309,4.5,88.7,0.0,94.6,72.3,1,0.041142112496889954
44810705,Commune de Khnichet,26246,8.9,10.4,10.2,34.4,39.1,39.1,14.6,4.4,6193,4.2,84.7,8.4,96.8,89.7,1,0.07192539030129713
44810711,Commune d'Oulad Nouel,11578,8.7,10.7,10.6,41.5,46.2,33.3,34.7,2.4,2670,4.3,85.1,0.3,98.5,3.1,1,0.0317287270025306
44810719,Commune de Sidi M'hamed Chelh,7977,8.6,10.9,11.4,38.1,45.7,31.4,27.6,4.3,1780,4.5,93.4,0.0,94.7,69.6,1,0.021860429720088666
44811111,Commune de Sidi Al Kamel,34016,9.9,10.9,10.8,37.0,42.6,37.9,12.8,3.4,6472,5.3,98.4,0.2,94.9,95.8,1,0.09321855050251172
44811105,Commune de Rmilat,19117,10.3,11.2,10.9,31.2,41.0,37.9,10.8,3.0,3572,5.4,89.2,0.0,95.5,86.5,1,0.052388847305871254
44811103,Commune de Dar Laaslouji,36072,10.1,11.1,11.5,39.5,45.4,37.5,17.8,3.5,7170,5.0,95.4,0.1,85.8,63.0,1,0.09885287963683569
44810507,Commune de Nouirate,26833,9.0,10.9,10.9,35.8,39.4,39.3,15.1,6.2,5603,4.8,96.7,0.5,94.1,31.7,1,0.07353402415433612
44810501,Commune d'Al Haouafate,18528,9.1,10.7,10.6,36.3,40.1,35.0,16.1,3.3,3961,4.7,87.4,0.6,94.2,39.4,1,0.0507747325879156
44810509,Commune de Sefsaf,28106,9.9,11.0,10.9,38.9,42.2,37.3,19.3,3.8,5201,5.4,94.7,0.1,94.8,70.1,1,0.07702259467378865
44810901,Commune de Bab Tiouka,7626,7.9,10.1,11.2,43.7,47.3,34.2,26.7,2.8,1647,4.6,47.9,0.1,96.7,39.0,1,0.020898537927215265
44810913,Commune de Zirara,16829,7.2,9.2,10.1,30.5,34.1,33.6,19.4,4.5,3928,4.3,68.5,11.4,96.9,77.4,1,0.046118737841215014
44810905,Commune de Chbanate,10303,7.9,9.4,10.0,34.8,39.0,30.7,17.7,4.6,2246,4.6,79.7,0.3,96.8,50.9,1,0.028234675618161408
44810911,Commune de Zaggota,10245,8.2,10.1,11.1,37.7,40.8,33.0,23.5,2.6,2159,4.7,86.5,1.1,94.6,56.4,1,0.02807573053557834
44810907,Commune de Selfat,10366,9.3,11.3,11.5,41.8,46.6,32.6,4.0,2.4,2127,4.9,51.5,0.1,97.3,5.9,1,0.02840732286303612
44810903,Commune de Bir Taleb,11843,8.4,9.8,9.9,37.3,37.0,40.5,23.0,4.9,2556,4.6,77.0,0.2,94.0,22.6,1,0.03245494160398772
44810909,Commune de Tekna,7396,9.0,10.4,11.2,38.8,41.0,34.7,30.5,2.5,1425,5.2,95.9,0.0,98.1,6.8,1,0.020268238461799645
44910107,Commune de Sidi Slimane,95032,6.9,8.6,9.5,19.8,26.6,39.9,29.2,6.4,24198,3.9,62.0,19.2,91.3,92.5,1,0.2604287773799005
44910109,Commune de Sidi Yahia El Gharb,39201,8.5,9.8,10.3,25.0,30.7,39.5,22.9,6.2,8666,4.5,62.8,16.2,89.8,87.0,1,0.10742769279894644
44910503,Commune de Boumaiz,22693,8.7,10.1,10.6,30.8,37.8,38.0,32.1,6.6,5153,4.4,85.7,0.2,85.2,87.2,1,0.06218863377685497
44910505,Commune de Dar Bel Amri,32493,9.4,11.3,11.8,35.2,38.9,40.1,24.9,4.2,6780,4.8,84.3,2.6,86.6,68.3,1,0.089044871868477
44910501,Commune d'Azghar,11707,9.2,10.8,11.6,36.1,41.6,33.4,15.3,3.5,2329,5.0,88.1,0.0,90.1,4.8,1,0.032082242789655005
44910511,Commune d'Ouled Ben Hammadi,13491,8.7,10.3,10.4,32.6,39.4,33.8,24.0,6.4,2896,4.7,89.3,0.2,93.3,77.4,1,0.036971174295313554
44910509,Commune de M'saada,22399,9.5,10.8,11.3,38.0,44.7,38.2,29.2,4.2,4584,4.9,86.3,0.4,85.3,2.4,1,0.06138294663410631
44910513,Commune d'Ouled H'cine,33223,9.1,11.2,11.0,36.0,41.9,38.6,23.7,4.4,7208,4.6,91.7,0.4,91.0,71.5,1,0.09104538756305701
44910315,Commune de Sfafaa,24744,10.5,10.9,11.1,37.5,45.2,39.1,17.5,3.1,4827,5.1,94.4,0.2,80.7,70.3,1,0.0678092607488873
44910307,Commune de Kceibya,33007,10.7,11.8,11.8,38.9,43.6,41.3,19.5,2.7,6099,5.4,95.4,0.0,78.3,49.3,1,0.090453454152058
44910317,Commune d'Ameur Chamalia,21998,10.4,12.1,11.6,40.6,45.7,35.1,22.7,2.7,3842,5.7,90.1,0.0,79.7,2.9,1,0.06028403321831646
50910101,Commune de Béni Mellal,209104,6.6,8.5,9.2,17.4,24.3,40.6,22.7,6.5,56987,3.7,59.5,31.7,99.1,97.5,1,0.5730353887663809
50910107,Commune de Kasba Tadla,47399,6.4,8.5,9.6,22.4,28.3,34.7,33.3,5.8,13030,3.6,60.1,25.8,97.2,97.7,1,0.12989375809232576
50910113,Commune de Zaouiat Cheikh,25063,6.1,8.0,9.1,31.0,36.0,37.5,42.9,7.9,7304,3.4,61.6,19.8,98.0,98.3,1,0.06868345870309417
50910103,Commune d'El Ksiba,19959,6.0,8.1,8.7,30.8,34.0,37.6,39.0,10.2,5922,3.4,59.3,25.5,96.8,97.2,1,0.054696291435784083
50910303,Commune d'Ouled Gnaou,13357,6.9,9.8,10.9,33.1,36.9,35.5,32.1,5.1,3199,4.2,89.2,4.0,97.4,95.8,1,0.03660395634589749
50910305,Commune d'Ouled M'barek,21635,7.5,9.7,10.6,27.1,31.4,38.4,32.0,5.4,5228,4.1,80.2,10.8,97.0,87.8,1,0.05928925623594312
50910301,Commune de Foum Oudi,16162,8.0,10.5,11.3,25.1,29.9,35.8,31.1,4.1,3810,4.2,71.8,15.8,95.9,83.6,1,0.04429086939150972
50910307,Commune d'Ouled Yaich,25783,7.3,9.6,10.5,35.4,39.0,31.6,20.9,5.7,6189,4.2,84.5,5.3,97.1,86.6,1,0.0706565700730909
50910309,Commune de Sidi Jaber,17901,6.9,9.3,9.6,31.4,34.2,36.3,33.2,5.4,4306,4.2,79.9,6.1,96.8,84.8,1,0.04905648143654347
50910311,Commune de Foum El Anceur,24225,8.2,10.2,11.5,35.4,39.6,38.0,36.5,4.8,5809,4.2,76.8,9.0,86.0,77.9,1,0.06638697630301467
50910711,Commune de Naour,5303,7.8,9.5,9.8,55.8,55.5,45.7,21.3,4.6,1357,3.9,71.8,1.0,80.4,14.1,1,0.014532513326517511
50910707,Commune de Dir El Ksiba,25851,7.4,9.4,10.5,37.9,41.4,34.7,28.4,5.8,6528,4.0,71.1,11.6,91.7,85.2,1,0.07084291948025725
50910715,Commune de Tanougha,13773,7.9,10.4,10.2,45.4,48.3,37.8,33.3,6.8,3376,4.1,75.5,4.6,87.6,80.1,1,0.037743976248562267
50910713,Commune de Taghzirt,20023,6.8,9.0,9.9,38.6,40.4,34.9,39.9,6.8,5346,3.7,75.3,7.0,93.7,93.3,1,0.05487167911311713
50910703,Commune d'Ait Oum El Bekht,7863,7.0,7.7,9.1,53.2,55.1,39.9,36.6,3.8,2072,3.8,79.1,0.1,90.4,67.2,1,0.021548020419839185
50910501,Commune d'Aghbala,13372,8.1,10.5,9.7,43.2,46.9,39.1,10.8,8.2,3622,3.7,63.3,16.6,93.6,77.4,1,0.036645062832772426
50910517,Commune de Tizi N'isly,12547,9.0,10.6,11.2,45.2,49.4,39.6,10.8,6.7,2956,4.2,71.8,11.0,96.2,65.6,1,0.03438420605465119
50910505,Commune de Boutferda,7952,10.5,10.8,11.0,52.7,54.8,48.8,7.1,5.5,1581,5.0,82.2,2.1,91.0,35.0,1,0.021791918908630446
50911101,Commune de Guettaya,13153,6.8,8.8,10.1,42.2,43.2,35.4,31.0,5.4,3135,4.2,73.7,0.9,95.1,86.7,1,0.03604490812439842
50911107,Commune de Semguet,8167,7.2,8.9,9.6,45.6,48.0,43.9,22.1,4.6,1996,4.1,87.3,1.5,92.9,74.9,1,0.022381111887171134
50911103,Commune d'Ouled Youssef,14233,8.2,10.7,12.8,39.0,45.1,32.0,16.6,4.5,3290,4.3,78.5,4.6,97.4,90.2,1,0.03900457517939351
50911105,Commune d'Ouled Said Loued,13441,7.7,10.3,10.9,42.8,47.7,26.1,39.4,5.1,3354,4.0,74.9,5.3,94.3,85.9,1,0.03683415267239711
50810101,Commune d'Azilal,47295,8.2,9.6,10.0,23.5,30.8,39.8,19.9,4.8,11375,4.2,64.5,25.7,98.7,97.1,1,0.12960875311665956
50810103,Commune de Demnate,33628,7.5,9.4,10.0,27.5,34.8,35.8,16.1,4.0,7903,4.3,71.5,21.4,99.2,96.2,1,0.09215526270868016
50810307,Commune d'Ait M'hamed,23531,9.8,11.8,12.1,47.1,50.9,40.5,28.5,2.4,4183,5.6,89.3,4.1,89.5,82.6,1,0.06448511617693449
50810303,Commune d'Ait Abbas,13541,10.9,12.3,13.7,47.3,50.3,38.7,9.2,1.2,2235,6.1,98.0,0.4,93.6,78.4,1,0.03710819591822999
50810309,Commune de Tabant,16377,9.1,10.3,10.6,37.1,41.9,38.6,20.4,3.3,2910,5.6,90.4,4.4,97.8,91.6,1,0.044880062370050405
50810305,Commune d'Ait Bou Oulli,11992,9.8,11.0,11.3,44.1,49.5,41.4,15.7,1.1,1866,6.4,97.5,0.5,98.5,92.9,1,0.03286326604027871
50810301,Commune d'Agoudi N'lkhair,11963,9.3,10.4,11.8,46.0,47.8,37.4,9.8,2.8,2228,5.4,91.4,0.0,90.8,88.8,1,0.03278379349898718
50810311,Commune de Tamda Noumercid,12959,9.0,10.4,11.2,38.2,42.3,35.4,19.8,2.7,2454,5.3,89.4,0.3,93.5,85.6,1,0.03551326422748264
50810313,Commune de Zaouiat Ahansal,11255,10.1,11.8,12.3,51.0,52.7,36.1,15.3,2.7,2159,5.2,90.4,1.0,72.1,32.1,1,0.0308435673184904
50810521,Commune de Tisqi,5734,8.1,9.4,11.6,42.5,44.2,30.8,26.8,2.4,1283,4.5,96.2,0.4,93.8,46.2,1,0.015713639716057215
50810519,Commune de Taounza,10254,8.7,10.2,11.4,40.6,43.3,33.1,9.7,2.4,2407,4.3,95.1,0.7,95.0,96.4,1,0.028100394427703297
50810511,Commune de Moulay Aissa Ben Driss,13398,8.5,9.6,10.9,35.3,38.8,31.4,21.5,1.9,3099,4.3,86.5,7.0,96.4,95.7,1,0.036716314076688975
50810507,Commune de Bzou,13602,7.0,9.2,10.1,34.3,36.3,32.2,29.1,3.9,3563,3.8,83.3,7.8,97.0,96.7,1,0.03727536229818805
50810513,Commune de Rfala,9352,8.4,10.7,11.4,41.5,44.0,33.8,38.7,2.2,2187,4.3,92.7,0.3,93.2,84.3,1,0.025628524350290737
50810501,Commune d'Ait Taguella,8656,8.4,10.1,11.0,36.6,39.8,34.7,12.2,3.2,1956,4.4,91.0,3.0,95.9,95.0,1,0.023721183359293907
50810517,Commune de Tanant,10872,8.0,9.8,11.0,40.6,42.8,31.5,8.8,2.3,2466,4.4,86.8,5.9,89.9,92.4,1,0.02979398168695048
50810509,Commune de Foum Jemaa,9371,6.5,9.2,10.7,33.9,38.7,34.1,17.7,3.9,2310,4.1,81.4,12.0,97.0,75.4,1,0.025680592566998985
50810515,Commune de Tabia,7354,7.7,10.6,11.4,43.6,46.2,32.2,25.5,3.2,1639,4.5,95.0,1.3,96.0,72.2,1,0.020153140298549838
50810505,Commune de Bni Hassane,12390,7.7,10.2,10.8,40.4,42.4,36.2,11.1,3.4,2687,4.6,98.8,0.0,95.6,85.2,1,0.033953958158693565
50811513,Commune d'Ouaoula,26400,9.9,11.1,11.6,46.7,50.1,39.4,13.8,2.2,4758,5.5,97.8,0.1,96.9,94.5,1,0.07234741689987975
50811503,Commune d'Ait Majden,18448,8.5,9.9,11.0,43.1,45.5,34.6,9.2,2.1,3851,4.8,94.6,3.0,97.4,98.0,1,0.0505554979912493
50811521,Commune de Tifni,10906,8.4,9.6,10.4,44.3,47.4,37.4,31.6,1.6,2299,4.7,96.3,0.0,98.2,91.1,1,0.02988715639053366
50811511,Commune d'Imlil,11118,7.8,9.6,10.0,30.7,35.8,34.6,27.2,3.3,2608,4.3,92.4,2.6,97.5,94.8,1,0.03046812807169936
50811515,Commune de Sidi Boulkhalf,16220,10.5,11.5,12.2,43.1,51.9,37.4,20.2,2.2,3028,5.4,97.2,0.0,97.6,87.1,1,0.04444981447409279
50811501,Commune d'Ait Blal,7722,10.1,11.8,12.1,49.0,55.9,35.6,19.5,1.4,1334,5.8,94.6,0.5,98.9,95.9,1,0.02116161944321483
50811305,Commune d'Ait Oumdis,13908,9.8,11.1,11.7,46.3,50.4,35.9,16.4,1.9,2449,5.7,94.9,0.3,93.2,67.7,1,0.03811393463043665
50811307,Commune d'Ait Tamlil,18088,9.5,10.6,11.5,45.9,53.4,32.3,11.0,1.9,3246,5.6,96.3,0.5,95.0,86.2,1,0.04956894230625095
50811309,Commune d'Anzou,16554,9.3,10.5,10.8,35.9,40.8,39.0,22.6,2.2,3262,5.1,96.3,0.6,97.8,99.0,1,0.0453651189151746
50811319,Commune de Tidili Fetouaka,13655,9.3,11.0,10.5,37.6,41.0,35.4,16.1,2.8,2835,4.8,90.9,0.4,97.3,97.4,1,0.03742060521847947
50811317,Commune de Sidi Yacoub,18868,9.1,10.7,11.4,41.5,44.2,38.4,11.1,2.1,3549,5.3,96.1,0.5,96.3,96.3,1,0.0517064796237474
50810909,Commune d'Anergui,3975,11.0,11.6,12.6,52.0,52.4,40.7,22.3,6.6,911,4.4,82.6,0.8,86.0,26.1,1,0.010893219021856894
50810911,Commune de Bin El Ouidane,4605,7.6,8.9,10.9,42.0,43.8,32.4,29.5,3.7,1098,4.2,87.1,5.7,94.1,93.0,1,0.012619691470604023
50810913,Commune d'Isseksi,1464,8.7,9.5,11.2,47.7,49.9,30.5,85.7,2.6,369,4.0,52.2,0.0,83.2,25.3,1,0.004011993118993332
50810915,Commune d'Ouaouizeght,13396,7.5,8.7,9.9,29.3,33.0,31.9,29.1,5.3,3487,3.8,75.3,15.2,96.9,88.3,1,0.03671083321177232
50810921,Commune de Tiffert N'ait Hamza,3784,10.5,10.3,11.9,46.6,49.0,28.2,6.3,6.5,879,4.3,70.1,2.2,75.8,70.9,1,0.0103697964223161
50810907,Commune d'Ait Ouqabli,3405,9.3,9.4,11.9,45.8,48.1,24.5,32.9,5.3,875,3.9,69.8,5.6,81.8,76.4,1,0.009331172520609492
50810919,Commune de Tagleft,16410,9.5,11.1,12.0,46.2,49.2,33.1,18.6,6.4,3844,4.3,82.6,5.8,81.7,66.8,1,0.04497049664117525
50810917,Commune de Tabaroucht,3877,10.3,12.1,11.8,43.4,46.9,31.1,14.4,5.4,803,4.8,93.8,1.9,75.1,11.6,1,0.010624656640940675
50810903,Commune d'Ait Mazigh,2765,9.1,9.8,11.2,44.6,48.0,35.9,18.5,4.7,613,4.5,93.6,0.5,88.9,86.0,1,0.007577295747279073
50810923,Commune de Tilougguite,11591,9.2,11.6,12.1,40.0,46.1,38.2,26.4,4.9,2455,4.7,88.1,2.6,79.9,54.1,1,0.03176435262448887
50811101,Commune d'Afourar,20202,7.0,9.3,10.0,25.9,29.1,30.9,25.0,5.3,5050,4.0,68.8,17.9,98.1,96.0,1,0.05536221652315799
50811125,Commune de Timoulilt,6852,7.2,9.0,10.4,28.3,30.6,31.3,39.6,5.8,1732,4.0,85.4,4.6,93.5,94.6,1,0.01877744320446879
50811105,Commune d'Ait Ouaarda,1459,9.0,10.8,9.9,41.0,44.8,32.9,2.4,4.1,279,5.2,95.0,0.0,97.5,98.6,1,0.003998290956701687
50811103,Commune de Bni A'yat,23671,8.1,10.4,11.2,34.0,38.2,29.5,35.1,3.5,5318,4.5,86.5,5.5,96.5,74.0,1,0.06486877672110052
52550105,Commune de Fquih Ben Salah,97215,6.5,9.1,10.1,24.9,29.1,39.2,27.2,6.5,25065,3.9,63.7,23.1,98.7,98.6,1,0.26641114143643224
52550111,Commune de Souk Sebt Ouled Nemma,60171,7.1,9.4,10.5,27.2,33.4,37.4,24.7,5.7,14168,4.2,72.5,15.1,96.4,95.1,1,0.16489456145010092
52550109,Commune d'Ouled Ayad,24563,7.2,9.5,10.1,28.0,34.7,31.9,30.4,4.0,5853,4.2,69.8,15.9,96.5,86.4,1,0.0673132424739298
52550513,Commune de Sidi Hammadi,12970,6.7,9.2,10.8,31.4,34.9,33.3,38.4,6.0,3083,4.2,95.1,1.1,98.1,97.8,1,0.03554340898452426
52550505,Commune d'Ouled Bourahmoune,14583,7.4,9.9,11.3,34.5,38.3,33.2,29.8,4.7,3292,4.4,94.5,0.3,97.5,93.1,1,0.03996372653980858
52550511,Commune de Sidi Aissa Ben Ali,24502,7.8,10.4,11.2,33.7,37.2,33.2,29.2,4.2,5558,4.4,89.4,3.5,97.7,84.1,1,0.06714607609397173
52550509,Commune d'Ouled Zmam,30038,7.3,10.3,11.1,39.4,41.5,33.8,38.1,4.1,6547,4.6,88.0,2.7,98.5,84.7,1,0.08231711018327985
52550911,Commune de Krifate,28596,6.7,10.1,10.8,37.4,39.3,38.3,28.3,5.2,6576,4.3,83.9,1.7,95.8,95.2,1,0.07836540657836974
52550909,Commune de Hel Merbaa,9660,6.0,9.2,10.2,40.1,42.2,33.8,41.2,4.6,2414,4.0,84.7,0.9,97.7,96.2,1,0.026472577547456
52550901,Commune de Khalfia,13286,7.0,9.7,10.8,37.0,43.4,32.2,25.2,3.9,3279,4.1,80.8,3.0,95.7,93.2,1,0.03640938564135615
52550907,Commune de Bradia,37006,7.0,10.0,11.3,32.9,36.3,36.4,32.6,4.9,8836,4.2,82.6,6.3,98.2,97.3,1,0.10141244355291479
52550903,Commune de Bni Chegdale,10413,7.4,10.4,12.4,42.5,43.1,33.8,16.2,4.4,2355,4.4,80.3,0.4,98.1,97.3,1,0.02853612318857757
52550905,Commune de Bni Oukil,14094,7.2,11.0,10.9,40.5,42.1,38.0,24.8,4.9,3158,4.5,78.2,0.5,96.2,91.1,1,0.0386236550676858
52551101,Commune de Dar Ould Zidouh,30113,7.8,11.1,11.9,34.8,38.6,34.8,30.4,4.5,6663,4.5,86.0,4.9,96.9,64.3,1,0.0825226426176545
52551103,Commune de Had Boumoussa,41152,8.4,11.3,11.6,39.2,41.7,34.8,36.8,3.9,8985,4.6,90.3,0.8,97.8,58.4,1,0.11277427652514589
52551107,Commune d'Ouled Nacer,26731,8.3,10.8,11.4,37.6,40.2,36.6,36.6,3.5,5836,4.6,92.9,0.5,96.7,63.3,1,0.07325450004358658
53010101,Commune de Khenifra,121542,6.3,8.2,8.9,25.7,30.6,38.7,30.5,7.4,34147,3.6,57.4,28.6,98.5,98.6,1,0.3330776418501964
53010105,Commune de M'rirt,46262,6.6,8.7,9.4,30.4,35.6,37.4,28.5,7.2,13282,3.5,56.6,30.0,98.6,97.1,1,0.12677788638720597
53010309,Commune d'Ouaoumana,8850,6.1,8.3,10.2,49.1,50.9,35.3,30.1,6.8,2483,3.6,71.0,14.1,96.6,71.9,1,0.02425282725620969
53010301,Commune d'Ait Ishaq,17841,6.5,8.2,9.1,40.7,44.3,32.6,13.7,6.8,4975,3.6,63.2,19.0,97.5,71.8,1,0.04889205548904374
53010305,Commune d'El Kbab,14572,6.5,8.4,9.0,39.5,42.1,35.5,26.1,5.5,3880,3.8,65.2,16.0,96.8,66.6,1,0.03993358178276696
53010311,Commune de Sidi Yahya Ou Saad,6911,7.3,9.0,9.9,45.3,47.7,38.8,34.4,6.7,1737,4.0,78.5,8.2,95.3,47.2,1,0.01893912871951019
53010313,Commune de Tighassaline,15787,6.9,8.7,9.2,42.9,46.4,32.9,30.1,10.9,4399,3.6,67.7,18.6,96.5,71.1,1,0.043263207219636425
53010303,Commune d'Ait Saadelli,2629,7.7,9.0,9.1,45.8,48.5,33.3,35.5,6.3,634,4.1,80.1,2.1,89.4,43.7,1,0.007204596932946359
53010307,Commune de Kerrouchen,6794,7.9,8.9,9.0,49.8,50.7,35.0,31.9,5.5,1736,3.9,73.2,10.4,88.8,44.3,1,0.01861849812188572
53010521,Commune de Sidi Amar,1625,7.3,7.4,7.5,49.9,53.6,38.4,65.2,4.4,468,3.5,69.4,0.6,80.3,3.8,1,0.004453202744784265
53010525,Commune de Sidi Lamine,16501,7.1,9.3,10.4,46.9,49.6,36.1,26.0,3.7,4279,3.9,73.6,11.3,94.5,63.1,1,0.045219875994883175
53010505,Commune d'El Borj,3266,5.9,8.2,8.7,48.9,51.8,34.5,33.1,3.3,844,3.9,82.2,0.9,89.2,0.5,1,0.008950252408901791
53010513,Commune de Moha Ou Hammou Zayani,10443,6.9,8.7,9.6,39.3,42.2,36.1,31.6,4.0,2763,3.8,69.2,9.4,86.4,51.3,1,0.02861833616232743
53010501,Commune d'Aguelmam Azegza,6779,7.5,8.9,9.3,55.9,57.1,39.0,26.4,2.3,1716,4.0,77.3,0.2,82.4,8.9,1,0.01857739163501079
53010511,Commune de Lehri,8669,7.3,9.1,10.2,46.6,47.7,39.7,21.8,3.4,2113,4.1,76.5,2.1,89.6,26.0,1,0.02375680898125218
53010723,Commune de Sidi Hcine,2510,7.2,8.3,9.9,50.2,51.8,40.2,4.8,1.7,576,4.4,86.1,1.0,87.0,0.0,1,0.006878485470405234
53010703,Commune d'Aguelmous,36555,7.1,8.8,9.5,45.9,47.6,40.4,29.8,5.5,9374,3.9,67.4,13.1,92.6,54.3,1,0.10017650851420849
53010709,Commune de Had Bouhssoussen,7303,6.8,8.9,10.8,45.2,48.2,38.2,16.7,3.9,1879,3.9,70.7,10.7,94.1,62.0,1,0.02001337824317507
53010715,Commune de Moulay Bouazza,7588,6.3,8.5,8.8,41.7,44.1,36.4,30.8,5.6,2223,3.4,63.1,16.4,94.3,66.7,1,0.020794401493798773
53010719,Commune de Sebt Ait Rahou,8018,5.9,7.7,9.9,49.7,51.5,36.2,22.3,4.1,2125,3.8,80.1,6.1,92.0,32.5,1,0.021972787450880146
53010707,Commune d'El Hammam,9697,6.7,8.3,8.8,46.0,48.4,38.5,11.2,4.2,2567,3.8,63.6,3.3,89.4,21.2,1,0.026573973548414166
53010717,Commune d'Oum Rabia,7821,7.2,9.0,10.2,49.9,52.2,39.4,17.8,3.2,1959,4.0,81.2,0.3,90.3,7.1,1,0.02143292225658938
53110107,Commune de Khouribga,191807,6.7,8.9,9.6,15.2,21.4,39.8,29.1,5.4,49840,3.8,60.6,28.8,99.3,97.8,1,0.525634128534668
53110109,Commune d'Oued Zem,93749,6.6,9.0,9.7,24.7,29.7,39.2,34.7,5.7,24423,3.8,69.0,16.4,87.0,90.8,1,0.2569128025358647
53110101,Commune de Bejaad,47193,6.3,8.6,9.8,27.8,32.5,36.4,27.5,5.1,13154,3.6,63.6,20.1,98.4,97.9,1,0.12932922900591004
53110103,Commune de Boujniba,14721,6.9,9.1,9.3,19.2,24.8,39.0,41.2,7.2,3755,3.9,62.5,21.4,99.0,96.8,1,0.04034190621905795
53110105,Commune de Hattane,9727,6.3,9.5,9.7,23.4,27.1,37.5,25.9,6.3,2471,3.9,61.6,11.3,99.6,98.4,1,0.02665618652216403
53110313,Commune de Rouached,3353,7.6,9.4,10.6,48.9,49.0,43.9,20.6,1.6,680,4.9,75.0,0.3,84.3,5.9,1,0.009188670032776394
53110309,Commune de Chougrane,5590,6.7,9.5,11.1,45.3,51.6,38.8,20.3,1.9,1357,4.1,84.7,0.7,89.0,9.5,1,0.015319017442057872
53110315,Commune de Tachraft,3082,6.7,7.5,11.0,41.5,43.9,44.4,23.9,2.6,834,3.7,81.4,1.0,94.0,24.0,1,0.008446012836569296
53110301,Commune d'Ain Kaicher,3900,7.7,9.4,9.5,46.1,45.6,33.7,27.8,4.0,1036,3.8,73.0,0.0,90.3,9.3,1,0.010687686587482237
53110303,Commune de Bni Bataou,4191,8.1,9.2,9.9,50.2,52.9,37.2,16.6,2.3,1040,4.0,77.8,0.7,86.3,16.3,1,0.01148515243285591
53110307,Commune de Boukhrisse,4323,7.6,10.6,10.9,54.0,55.5,36.0,31.8,2.1,1059,4.1,80.0,0.0,88.3,2.4,1,0.01184688951735531
53110305,Commune de Bni Zrantel,5533,6.6,9.3,10.7,46.3,49.4,40.4,23.4,3.5,1367,4.0,55.7,2.3,95.8,34.2,1,0.01516281279193313
53110311,Commune d'Oulad Gouaouch,2474,6.9,8.1,9.9,48.6,50.8,27.2,4.8,2.3,661,3.7,59.0,0.6,93.3,4.7,1,0.006779829901905397
53110503,Commune de Bni Ykhlef,8928,7.9,10.3,11.8,36.0,38.4,37.5,39.3,2.6,2134,4.2,86.3,0.8,94.7,4.3,1,0.024466580987959334
53110507,Commune de Lagfaf,8290,7.7,9.2,10.3,23.6,28.2,38.0,33.4,3.3,2143,3.9,78.9,2.6,97.2,20.0,1,0.022718185079545573
53110505,Commune de Boulanouare,15043,6.8,8.9,9.6,22.6,26.9,39.1,37.7,5.1,3799,4.0,50.2,6.9,91.9,56.4,1,0.04122432547063981
53110501,Commune de Bir Mezoui,5617,7.4,9.5,10.3,28.6,33.7,31.8,48.0,3.4,1404,4.0,80.2,7.3,98.4,35.2,1,0.015393009118432749
53110509,Commune d'El Foqra,2965,8.4,9.6,11.4,42.6,46.7,42.0,55.7,2.2,715,4.1,88.3,0.0,97.3,2.9,1,0.008125382238944828
53110511,Commune de M'fassis,4937,8.0,10.0,9.9,28.5,32.4,41.7,36.3,2.9,1192,4.1,91.0,0.1,97.4,6.7,1,0.013529515046769178
53110513,Commune d'Oulad Abdoune,15860,8.1,10.5,10.8,24.8,29.0,44.1,20.3,2.8,3548,4.5,82.2,4.8,96.1,38.9,1,0.043463258789094426
53110515,Commune d'Oulad Azzouz,8983,7.9,10.0,10.3,38.0,41.8,37.6,28.1,2.3,1989,4.5,89.9,0.9,96.4,2.4,1,0.024617304773167415
53110701,Commune d'Ait Ammar,3392,7.1,9.1,9.3,40.8,42.8,33.6,20.3,2.8,872,3.9,72.6,0.3,87.9,1.0,1,0.009295546898651216
53110719,Commune d'Oulad Ftata,2552,7.2,10.4,12.0,40.1,43.2,36.0,19.5,0.6,633,4.0,93.2,0.6,98.3,1.3,1,0.006993583633655043
53110709,Commune de Lagnadiz,6905,8.4,10.3,10.6,48.8,52.8,39.9,10.2,1.0,1608,4.3,78.3,0.7,90.0,5.5,1,0.018922686124760214
53110715,Commune d'Oulad Boughadi,8146,8.5,9.6,10.3,40.6,44.8,34.2,16.2,2.0,1991,4.1,82.8,2.6,93.7,25.4,1,0.022323562805546232
53110703,Commune de Bni Smir,4655,6.9,9.0,10.1,40.0,41.9,44.7,17.8,2.9,1180,3.9,79.8,0.2,93.6,5.4,1,0.012756713093520463
53110707,Commune de Kasbat Troch,8612,8.2,10.4,11.2,40.0,41.3,38.2,29.1,2.5,1973,4.4,85.2,0.1,92.3,1.5,1,0.023600604331127442
53110711,Commune de Maadna,5570,7.9,9.3,10.9,41.8,47.4,38.8,21.2,1.7,1302,4.3,92.7,1.2,94.2,4.7,1,0.015264208792891296
53110717,Commune d'Oulad Fennane,6912,7.9,10.3,11.0,40.1,45.1,42.1,40.3,2.0,1605,4.3,86.5,0.5,85.2,6.0,1,0.018941869151968518
53110705,Commune de Braksa,6948,7.9,10.3,11.3,46.4,52.4,48.7,16.4,1.8,1654,4.2,92.6,0.3,96.3,2.3,1,0.01904052472046835
53110713,Commune d'Oulad Aissa,4652,7.7,10.4,11.1,47.1,52.7,43.3,12.0,3.0,1081,4.3,96.5,0.1,92.8,5.6,1,0.012748491796145478
6141010,Commune de Casablanca,3197332,5.9,7.3,7.9,12.3,19.9,45.6,19.0,5.9,909228,3.5,62.8,29.0,99.2,98.5,1,8.76207239285327
61410181,Commune de Méchouar de Casablanca,2084,2.9,3.7,6.3,10.8,15.8,39.4,15.3,8.1,601,3.5,32.1,59.3,100.0,100.0,1,0.005711061243157175
63710101,Commune de Mohammadia,193794,5.8,7.3,7.8,11.1,18.0,43.7,20.7,6.5,54738,3.5,66.9,24.1,97.5,95.6,1,0.5310793678293674
63710103,Commune d'Ain Harrouda,60566,7.8,9.7,10.1,15.7,24.4,43.8,16.6,4.7,15533,3.9,70.8,20.6,92.2,95.4,1,0.1659770322711408
63710105,Commune de Bni Yakhlef,117649,9.2,10.3,9.6,16.5,25.2,46.5,16.4,6.2,31669,3.7,75.8,16.1,93.1,97.7,1,0.32240913828992246
63710107,Commune d'Ech-challalate,98011,10.0,10.6,10.0,20.3,29.3,43.5,17.0,3.8,24562,4.0,79.1,13.6,95.1,89.7,1,0.2685925256732619
63710305,Commune de Sidi Moussa Ben Ali,12972,8.1,9.3,9.6,26.0,31.1,40.1,21.7,3.6,3149,4.1,85.8,5.2,94.1,90.6,1,0.035548889849440914
63710307,Commune de Sidi Moussa El Majdoub,30254,8.8,10.0,10.6,25.6,30.7,43.0,19.6,3.9,7614,4.0,80.9,8.1,83.6,97.5,1,0.08290904359427886
61810103,Commune d'El Jadida,235681,7.0,8.8,8.7,10.6,18.5,45.3,20.0,6.0,67491,3.5,62.8,29.8,99.2,98.4,1,0.6458678622113848
61810101,Commune d'Azemmour,42092,6.2,8.0,8.8,20.8,25.9,42.2,25.8,9.1,11546,3.6,58.9,28.7,98.0,96.6,1,0.11535028303597496
61810105,Commune de Lbir Jdid,30245,7.9,10.2,10.6,19.3,27.0,43.8,19.1,5.7,7435,4.1,62.7,28.3,97.0,98.6,1,0.0828843797021539
61810307,Commune de Lamharza Essahel,20924,8.6,10.7,10.7,32.1,37.1,39.7,21.3,3.4,4645,4.5,89.0,1.0,90.9,90.3,1,0.05734080875807136
61810305,Commune de Laghdira,26192,9.0,10.7,11.3,36.0,41.9,38.3,16.1,3.5,5709,4.6,81.9,3.2,89.8,81.2,1,0.07177740694854737
61810311,Commune de Sidi Ali Ben Hamdouche,38115,8.4,10.1,10.5,34.9,39.2,42.8,23.4,5.5,8795,4.3,80.4,11.3,90.6,52.0,1,0.10445158314920139
61810301,Commune de Chtouka,38024,9.1,10.3,10.7,42.6,47.7,39.0,17.7,2.0,7746,4.9,90.6,2.1,92.6,33.6,1,0.10420220379549347
61810703,Commune de Haouzia,35775,9.7,11.0,10.8,37.8,42.3,42.5,14.8,2.9,8000,4.5,87.7,2.1,91.4,40.7,1,0.09803897119671207
61810709,Commune d'Oulad Rahmoune,31420,9.3,10.8,11.1,46.9,49.3,39.9,18.3,1.8,6585,4.8,97.2,0.4,91.9,3.1,1,0.08610438784069023
61810501,Commune de My Abdellah,103755,10.1,11.1,10.4,24.6,33.4,43.4,19.3,4.4,26214,4.0,69.1,22.6,97.3,88.2,1,0.28433356971390245
61810507,Commune d'Ouled Hcine,36015,9.9,11.6,11.5,48.4,52.9,38.0,12.6,1.6,7501,4.8,89.9,0.2,92.2,6.7,1,0.09869667498671095
61810511,Commune de Sidi M'hamed Akhdim,11038,9.7,10.5,10.9,46.0,53.1,36.6,13.1,2.3,2481,4.4,92.9,0.2,93.4,77.8,1,0.03024889347503306
61810505,Commune d'Ouled Ghanem,27894,9.6,11.4,11.4,37.1,42.0,39.2,14.7,3.5,5907,4.7,94.5,1.3,90.7,73.3,1,0.07644162299262294
61810509,Commune de Sidi Abed,25872,9.6,10.8,11.2,37.2,42.9,43.2,24.6,2.5,5736,4.5,95.4,0.2,92.6,22.3,1,0.07090046856188216
61810503,Commune d'Oulad Aissa,25367,9.5,11.0,11.3,39.4,46.6,40.3,16.6,2.5,5302,4.8,93.1,0.2,91.1,37.8,1,0.06951655017042613
61810911,Commune d'Oulad Sidi Ali Ben Youssef,9641,8.5,9.7,11.0,40.9,42.2,38.8,11.9,2.6,2057,4.7,97.0,0.0,98.7,3.2,1,0.02642050933074775
61810913,Commune d'Ouled Frej,20127,8.2,9.9,10.7,29.1,33.5,38.2,22.2,4.2,4900,4.1,79.2,13.0,95.8,69.2,1,0.05515668408878333
61810923,Commune de Zaouiat Lakouacem,11490,8.1,9.5,10.5,49.8,56.2,34.5,11.1,1.6,2541,4.5,97.3,0.1,92.9,3.8,1,0.03148756894619766
61810917,Commune de Si Hsaien Ben Abderrahmane,6014,7.6,9.1,10.1,41.9,44.4,34.8,21.1,2.3,1422,4.2,95.2,0.0,93.9,2.7,1,0.016480960804389273
61810903,Commune de Chaibate,9821,8.3,9.3,10.3,47.5,49.8,41.2,26.2,2.4,2302,4.3,95.3,0.0,92.9,2.6,1,0.026913787173246932
61810909,Commune d'Oulad Hamdane,12130,8.7,10.0,10.7,44.7,48.8,37.1,19.7,2.6,2714,4.5,88.6,0.0,86.2,1.6,1,0.033241445719528084
61810905,Commune de Mettouh,26074,7.5,9.4,10.3,43.2,45.3,39.4,9.7,2.8,5838,4.5,95.3,1.0,95.8,8.9,1,0.07145403591846457
61810901,Commune de Boulaouane,14740,8.0,9.3,10.4,44.6,46.8,38.8,10.7,3.1,3256,4.5,97.4,0.6,95.3,5.1,1,0.04039397443576619
61810907,Commune de Mogress,16260,9.6,11.3,11.8,45.6,52.1,37.4,32.1,2.2,3317,4.9,98.4,0.0,91.1,28.1,1,0.04455943177242594
61810919,Commune de Sidi Smail,32691,9.5,10.7,10.7,35.1,40.4,39.8,19.7,3.6,7419,4.4,84.9,5.9,94.6,50.1,1,0.0895874774952261
61810915,Commune de Sebt Saiss,11051,8.9,10.3,10.4,42.0,45.1,38.2,34.8,2.9,2441,4.5,96.2,0.3,94.8,36.3,1,0.03028451909699133
61810921,Commune de Zaouiat Saiss,11730,9.4,10.8,10.8,40.6,45.5,38.8,16.2,3.3,2378,4.9,94.4,0.0,93.9,28.0,1,0.03214527273619657
63850103,Commune de Nouaceur,34271,8.6,10.5,10.0,13.2,22.7,47.9,12.9,3.9,9008,3.8,66.9,11.8,96.0,92.9,1,0.09391736077938556
63850101,Commune de Bouskoura,200084,9.4,9.8,9.3,14.0,23.7,51.4,10.8,4.1,55578,3.6,73.4,20.7,98.4,96.9,1,0.5483166879922553
63850102,Commune de Dar Bouazza,302918,9.1,10.0,9.5,16.0,25.7,48.3,15.4,5.1,82747,3.7,74.7,19.7,99.0,97.3,1,0.8301263194120369
63850107,Commune d'Oulad Azzouz,80966,10.0,10.4,9.7,18.7,27.5,48.7,12.2,5.1,22682,3.6,83.5,10.4,95.3,91.4,1,0.22188185442104788
63850105,Commune d'Ouled Salah,51621,9.0,9.9,10.0,17.8,26.6,45.9,16.9,4.1,13524,3.8,82.1,11.7,98.7,97.4,1,0.14146386393138988
63550105,Commune de Tit Mellil,55942,8.5,10.3,10.6,16.2,23.7,45.0,17.6,3.9,13927,4.0,73.6,17.3,98.1,94.9,1,0.15330527258382853
63550103,Commune de Mediouna,29552,8.8,9.9,9.4,15.4,25.9,44.3,12.5,4.7,7627,3.9,73.7,20.2,98.9,99.6,1,0.08098526000853207
63550101,Commune de Lahraouyine,87805,8.9,10.0,10.0,19.1,26.5,45.1,21.6,5.0,23054,3.8,82.7,11.8,97.5,59.2,1,0.24062367200355841
63550109,Commune de Sidi Hajjaj Oued Hassar,75699,10.1,11.5,10.7,15.5,24.7,45.7,15.5,3.9,19027,4.0,79.6,14.3,92.0,84.2,1,0.2074479966630302
63550107,Commune d'Almajjatia Oulad Taleb,95449,9.9,11.0,10.5,20.6,28.0,44.1,16.8,4.1,24555,3.9,79.4,9.8,90.6,88.5,1,0.26157153771502356
61110101,Commune de Benslimane,65343,7.4,8.8,8.9,15.4,21.5,44.1,23.0,5.7,17028,3.8,58.2,26.1,99.4,95.2,1,0.17906807812457737
61110103,Commune de Bouznika,55707,7.8,8.9,8.9,15.4,23.3,44.2,15.8,4.1,15160,3.7,62.9,26.1,99.0,94.8,1,0.15266127095612125
61110105,Commune d'El Mansouria,29125,7.4,9.6,9.5,16.8,23.3,48.1,15.1,4.8,8360,3.5,75.1,9.0,95.2,87.4,1,0.07981509534882568
61110305,Commune de Fdalate,12697,8.1,9.1,9.5,28.2,31.3,39.9,18.7,3.3,3109,4.1,64.7,3.6,96.7,31.5,1,0.034795270923400505
61110315,Commune d'Oulad Yahya Louta,9612,8.6,9.2,9.7,37.4,39.7,33.1,15.0,2.3,2201,4.4,81.2,0.0,91.5,2.7,1,0.02634103678945622
61110311,Commune de Moualine El Oued,9117,7.8,9.4,9.0,35.8,42.1,38.9,22.6,2.2,2164,4.2,81.6,0.4,92.2,19.5,1,0.02498452272258347
61110301,Commune d'Ahlaf,11575,8.2,9.7,10.3,46.3,49.2,38.9,27.2,2.5,2742,4.2,85.7,0.2,86.4,13.7,1,0.03172050570515561
61110317,Commune de Rdadna Oulad Malek,4170,7.1,7.9,8.5,41.0,43.6,33.8,31.2,2.1,1018,4.1,94.6,0.4,98.0,10.3,1,0.011427603351231006
61110307,Commune de Mellila,15690,8.5,10.3,10.2,38.9,42.4,30.8,16.7,3.0,3620,4.3,90.9,2.9,93.0,23.6,1,0.04299738527117854
61110313,Commune d'Oulad Ali Toualaa,5475,7.7,9.5,10.4,36.8,38.7,35.9,14.5,1.6,1180,4.6,96.7,0.1,95.1,8.0,1,0.015003867709350062
61110319,Commune de Ziaida,14092,7.6,9.2,9.6,36.2,38.4,36.7,30.0,2.5,3108,4.5,85.7,0.0,95.2,2.7,1,0.03861817420276915
61110505,Commune de Charrate,11262,8.3,9.8,9.6,31.0,34.2,40.5,13.8,2.8,2580,4.4,70.0,1.3,92.4,36.6,1,0.030862750345698704
61110504,Commune de Sidi Bettache,7592,8.2,10.4,10.1,35.3,40.7,36.9,6.6,3.2,1759,4.3,75.2,8.0,95.9,55.6,1,0.020805363223632085
61110501,Commune de Bir Ennasr,4256,8.1,9.7,10.1,49.9,55.8,45.5,9.4,1.3,857,5.0,94.4,0.4,96.8,0.4,1,0.011663280542647281
61110503,Commune d'Ain Tizgha,19062,8.9,10.9,10.9,22.5,28.7,41.3,18.4,1.8,4467,4.3,54.7,3.8,97.0,57.6,1,0.05223812352066318
61170103,Commune de Berrechid,167449,7.6,9.0,9.6,14.7,23.3,46.1,19.3,5.2,44011,3.8,62.4,30.3,99.6,98.6,1,0.4588826747146956
61170107,Commune d'El Gara,20466,6.8,9.0,9.1,22.6,28.9,38.3,34.4,6.0,5381,3.8,63.1,23.7,98.5,98.3,1,0.05608569069215678
61170111,Commune d'Oulad Abbou,10894,7.6,8.9,9.4,28.0,31.8,41.7,27.3,4.2,2522,4.3,70.2,19.9,97.5,78.9,1,0.029854271201033712
61170113,Commune de Sidi Rahal Chatai,34428,8.5,9.5,9.5,21.3,27.6,45.5,23.0,7.4,9604,3.6,81.5,8.2,77.4,83.1,1,0.09434760867534318
61170109,Commune de Had Soualem,74761,9.3,10.7,10.6,15.8,25.5,47.8,16.4,4.3,19130,3.9,57.6,29.6,96.3,91.8,1,0.2048774710171178
61170105,Commune de Deroua,96383,9.5,10.4,9.5,13.0,23.3,46.6,15.1,4.2,25918,3.7,64.9,28.7,99.9,94.9,1,0.26413110163110265
61170513,Commune de Lahsasna,10854,8.8,10.6,10.6,38.3,42.1,41.1,28.5,2.0,2278,4.8,95.7,0.2,95.4,79.3,1,0.029744653902700563
61170529,Commune de Sidi El Mekki,9473,7.9,9.5,10.5,32.8,37.0,39.3,21.1,2.1,2306,4.1,85.6,0.5,94.5,51.4,1,0.02596011667774852
61170535,Commune de Zaouiat Sidi Ben Hamdoun,9315,8.6,10.6,10.6,42.1,45.6,38.1,21.8,1.8,2083,4.5,84.9,0.0,97.0,64.1,1,0.025527128349332573
61170501,Commune de Ben Maachou,8338,7.7,9.1,10.0,41.0,46.0,37.1,22.5,2.6,2014,4.1,89.5,0.1,94.4,60.1,1,0.022849725837545354
61170527,Commune de Sidi Abdelkhaleq,6141,8.5,10.9,11.7,39.9,44.1,40.3,14.7,1.7,1174,5.2,91.1,0.0,94.8,1.3,1,0.01682899572659703
61170511,Commune de Laghnimyine,18081,8.6,9.9,10.7,40.8,45.3,35.2,17.0,1.3,3626,5.0,82.3,1.1,89.1,84.7,1,0.04954975927904265
61170925,Commune de Sahel Oulad H'riz,43774,9.0,10.4,10.3,32.7,40.1,38.6,15.8,2.0,9788,4.5,84.5,1.4,92.9,77.0,1,0.11995969043088395
61170933,Commune de Soualem Trifiya,45264,9.2,10.9,10.6,26.6,33.6,44.1,18.6,5.0,12093,3.7,88.8,2.4,91.7,80.8,1,0.12404293479379383
61170820,Commune d'Oulad Ziyane,19963,9.0,10.3,10.2,32.0,37.0,43.3,21.1,2.6,4530,4.4,85.4,2.8,83.9,6.7,1,0.054707253165617406
61170809,Commune de Kasbat Ben Mchich,15374,9.0,10.5,11.1,35.2,41.2,39.4,11.9,1.4,3140,4.9,85.1,0.3,93.6,7.8,1,0.04213140861434664
61170807,Commune de Jaqma,10733,8.7,10.0,10.1,37.3,39.3,40.4,19.9,2.8,2405,4.5,89.8,1.2,93.1,6.6,1,0.02941306157524278
61170817,Commune de Lambarkiyne,8863,8.9,9.9,10.8,36.6,40.2,40.0,21.1,2.1,2105,4.2,90.2,0.2,95.0,0.8,1,0.024288452878167964
61170823,Commune de Riah,8420,8.9,10.6,10.7,39.2,43.2,39.4,29.7,1.8,1976,4.3,91.2,0.3,92.2,7.6,1,0.023074441299128313
61170805,Commune de Foqra Oulad Aameur,6093,7.5,10.0,10.8,44.4,48.4,38.4,34.0,3.1,1540,4.0,89.2,0.0,90.8,0.4,1,0.016697454968597248
61170819,Commune d'Ouled Cebbah,7489,7.7,9.5,9.8,35.8,37.7,39.3,35.7,2.8,1808,4.1,80.8,0.1,97.3,3.0,1,0.020523098680424224
61170821,Commune d'Ouled Zidane,6554,7.7,9.6,9.8,32.3,36.0,36.9,11.2,1.6,1525,4.3,91.5,0.3,97.8,2.0,1,0.017960794331886815
64610115,Commune de Settat,171130,6.9,8.4,9.2,16.7,23.8,42.4,19.9,5.4,45185,3.8,65.8,25.7,99.8,99.3,1,0.46897020659380384
64610101,Commune de Ben Ahmed,33332,7.6,9.3,9.6,22.0,27.8,39.9,23.0,5.1,8161,4.1,63.7,24.0,96.9,85.1,1,0.09134409470101484
64610109,Commune de Loulad,5771,8.9,10.2,11.4,28.6,33.4,40.4,31.6,1.5,1350,4.3,53.7,24.3,98.3,73.9,1,0.01581503571701538
64610113,Commune d'Oulad M'rah,8024,7.0,9.7,10.1,25.6,31.6,36.1,15.9,3.5,1927,4.2,73.2,23.0,99.5,98.2,1,0.02198923004563012
64610105,Commune d'El Borouj,19434,7.4,9.3,10.6,31.5,35.0,37.6,20.1,4.2,4457,4.4,78.0,15.9,98.9,95.8,1,0.05325756439516148
64611115,Commune de N'khila,12786,9.2,11.2,11.2,42.3,43.5,37.7,24.6,1.3,2653,4.8,95.3,0.2,98.1,4.8,1,0.03503916941219176
64611107,Commune de Lakhzazra,7455,8.6,10.9,11.1,42.7,45.4,29.4,28.2,2.2,1629,4.6,95.5,0.0,97.8,36.8,1,0.020429923976841045
64611113,Commune de M'garto,7508,7.5,9.0,10.5,44.6,47.0,36.6,28.9,1.8,1764,4.3,95.2,0.2,96.9,1.0,1,0.020575166897132468
64611131,Commune de Sidi Dahbi,8972,8.5,10.2,10.5,34.9,38.1,37.0,28.7,2.6,1996,4.5,92.3,0.8,97.0,50.1,1,0.024587160016125802
64611123,Commune d'Ouled M'hamed,9081,8.3,10.3,10.4,51.5,53.8,35.4,19.0,1.8,2091,4.3,94.3,0.1,97.7,0.9,1,0.024885867154083637
64611102,Commune d'Ain Dorbane-Lahlaf,8451,9.2,10.9,11.1,40.3,44.3,29.9,23.4,2.3,1765,4.8,98.4,0.1,96.5,0.7,1,0.023159394705336508
64611103,Commune de Bouguargouh,9718,8.5,11.0,10.9,34.1,40.9,35.4,22.2,2.1,2017,4.8,96.3,0.0,94.5,11.5,1,0.026631522630039067
64611129,Commune de Sidi Abdelkrim,13759,8.2,10.3,11.2,40.5,44.1,35.6,28.9,1.7,2839,4.8,90.5,0.0,94.4,9.3,1,0.037705610194145665
64611309,Commune de Mniaa,11048,9.0,11.1,11.2,40.2,47.9,34.3,30.2,2.0,2281,4.8,95.0,0.2,98.6,9.6,1,0.030276297799616343
64611333,Commune de Sidi Hajjaj,22357,9.0,11.5,11.4,35.1,42.6,31.1,38.4,1.8,4566,4.9,89.9,1.3,96.0,2.1,1,0.0612678484708565
64611321,Commune d'Oulad Fares,12093,7.9,10.8,11.8,44.1,47.2,35.2,39.3,1.8,2537,4.8,92.3,1.5,98.0,10.6,1,0.03314004971856992
64611311,Commune de Mrizigue,7926,8.5,10.7,10.7,41.6,46.8,32.0,39.1,1.7,1738,4.6,93.0,0.1,95.7,1.7,1,0.021720667664713898
64611327,Commune de Sgamna,9427,8.2,11.0,11.7,45.9,48.5,39.9,28.1,2.4,1916,4.9,96.4,0.0,96.5,14.5,1,0.025834056784665396
64611319,Commune d'Oulad Chbana,9513,11.1,11.7,12.5,44.0,51.2,38.3,15.9,1.4,1964,4.8,98.7,0.1,90.6,3.9,1,0.02606973397608167
64611317,Commune d'Oued Naanaa,7075,7.8,10.6,10.6,39.2,45.2,40.3,27.1,2.0,1506,4.7,96.5,0.0,97.7,1.1,1,0.01938855964267611
64611325,Commune de Ras El Ain Chaouia,14243,7.6,9.9,9.9,37.7,41.9,36.3,16.0,2.5,3134,4.5,79.5,5.0,96.6,55.9,1,0.03903197950397679
64610715,Commune d'Oulad Fares El Halla,2521,7.2,10.0,10.9,44.5,48.4,38.8,34.1,2.8,572,4.4,83.0,0.0,96.5,0.2,1,0.006908630227446851
64610713,Commune d'Oulad Bouali Nouaja,5393,7.2,10.0,11.2,42.8,49.2,33.2,20.1,2.4,1160,4.6,94.7,0.3,97.2,4.3,1,0.014779152247767102
64610709,Commune de Meskoura,6159,7.4,10.5,10.5,46.3,47.9,37.8,5.0,1.8,1186,5.2,81.9,0.0,98.1,10.9,1,0.016878323510846945
64610711,Commune d'Oulad Amer,5871,8.1,11.0,11.5,44.6,45.9,33.7,24.3,2.7,1104,5.3,97.0,0.0,98.3,54.5,1,0.01608907896284826
64610707,Commune de Laqraqra,10492,8.2,10.6,11.4,44.2,48.0,30.1,35.7,2.1,2073,5.1,97.4,0.0,97.8,6.4,1,0.028752617352785545
64610703,Commune de Bni Khloug,12092,8.1,10.5,11.1,35.4,41.0,38.8,8.2,3.1,2646,4.6,96.9,1.2,98.8,92.5,1,0.03313730928611159
64610721,Commune de Sidi Boumehdi,4150,8.6,10.0,11.0,40.2,43.9,34.9,16.1,2.1,837,5.0,97.7,0.0,99.5,5.7,1,0.011372794702064431
64610719,Commune de Sidi Ahmed El Khadir,9731,8.6,11.3,10.6,45.2,51.2,49.8,4.6,1.6,1773,5.5,98.8,0.2,98.3,33.9,1,0.02666714825199734
64610701,Commune d'Ain Blal,3992,8.4,10.3,10.9,49.4,48.7,42.1,23.4,2.3,886,4.5,94.5,0.3,95.5,8.9,1,0.010939806373648484
64610717,Commune d'Oulad Freiha,11406,9.6,11.2,11.9,45.3,50.1,42.2,16.9,1.6,2313,4.9,97.6,0.0,98.4,43.4,1,0.03125737261969805
64610705,Commune de Dar Chaffai,17408,8.8,11.3,11.8,46.7,55.0,40.8,10.5,1.8,3639,4.8,71.6,0.6,96.6,5.5,1,0.047705448234587375
64611525,Commune de Sidi El Aidi,14163,8.1,9.9,10.6,36.6,40.4,40.3,14.4,2.9,3062,4.6,90.9,1.1,96.6,60.8,1,0.038812744907310494
64611514,Commune de Mzamza Janoubia,20120,8.8,10.5,10.5,36.9,41.5,38.7,18.1,1.9,4360,4.6,89.4,0.0,97.5,11.9,1,0.05513750106157503
64611509,Commune de Khemisset Chaouia,5103,6.9,9.0,9.8,38.9,41.0,34.8,20.9,3.0,1182,4.3,97.4,0.2,97.8,94.2,1,0.013984426834851757
64611519,Commune d'Oulad Said,8742,8.1,9.1,9.8,35.6,39.1,36.1,39.0,2.6,2027,4.3,87.6,3.6,97.4,84.0,1,0.023956860550710182
64611511,Commune de Lahouaza,7018,7.5,9.7,10.0,40.4,40.7,39.9,19.9,2.0,1515,4.6,93.7,0.0,97.6,56.4,1,0.019232354992551368
64611515,Commune de Mzoura,8424,7.5,9.1,9.7,42.5,52.0,34.2,33.3,2.1,2090,4.0,97.7,0.1,97.9,68.7,1,0.023085403028961633
64611505,Commune de Gdana,8462,7.1,9.0,10.9,40.9,43.4,30.6,21.2,2.3,1906,4.4,97.2,0.1,98.0,85.1,1,0.023189539462378124
64611707,Commune de Guisser,12185,8.2,10.7,11.7,37.6,39.9,37.4,22.6,3.3,2835,4.3,86.9,7.9,97.1,35.3,1,0.03339216950473617
64611723,Commune de Rima,8203,8.5,10.3,11.0,47.8,49.5,38.8,10.5,2.2,1827,4.5,90.4,0.0,97.5,1.2,1,0.02247976745567097
64611721,Commune d'Oulad Sghir,13153,8.1,9.6,10.3,42.2,44.6,42.4,22.2,2.9,2748,4.8,93.1,0.0,98.6,1.0,1,0.03604490812439842
64611703,Commune de Bni Yagrine,13098,9.9,12.0,13.0,52.7,55.6,39.0,36.0,2.4,2361,5.5,89.7,0.0,99.4,1.3,1,0.03589418433919034
64611731,Commune de Toualet,11822,8.8,11.0,12.0,43.6,48.6,37.1,10.2,2.3,2317,5.1,96.7,0.2,96.2,13.6,1,0.032397392522362824
64611713,Commune de Machraa Ben Abbou,9331,8.5,10.8,11.1,43.0,46.7,38.1,16.3,2.8,2106,4.4,97.2,0.3,96.7,65.2,1,0.025570975268665835
64611727,Commune de Sidi Mohammed Ben Rahal,10511,7.9,10.8,10.7,41.4,45.2,36.5,13.4,2.2,2223,4.7,91.1,1.6,96.1,67.1,1,0.02880468556949379
64670107,Commune de Sidi Bennour,56116,7.5,9.1,9.6,21.6,28.6,43.7,20.8,6.8,13912,4.0,59.9,30.3,97.6,95.8,1,0.15378210783157775
64670109,Commune de Zmamra,13915,8.3,9.8,10.3,20.4,27.2,38.3,12.0,5.0,3413,4.1,59.3,31.6,98.7,98.7,1,0.038133117657644953
64670105,Commune de Loualidia,21716,9.0,10.7,11.2,33.1,38.8,39.7,17.9,3.1,5048,4.3,84.3,5.8,89.8,51.8,1,0.05951123126506776
64670723,Commune de Lmechrek,15770,7.9,10.0,10.7,40.5,43.8,36.6,16.0,4.7,3450,4.6,92.0,0.5,96.8,24.5,1,0.043216619867844835
64670733,Commune d'Oulad Si Bouhya,18527,7.7,10.5,10.6,45.3,48.6,40.3,15.2,2.9,3850,4.8,94.3,0.0,97.9,18.9,1,0.05077199215545728
64670721,Commune de Laatatra,18928,8.0,10.5,10.9,36.3,39.5,39.5,26.4,3.8,4040,4.7,84.5,2.9,95.2,17.0,1,0.05187090557124712
64670705,Commune de Bouhmame,23637,8.2,10.7,10.7,44.8,47.0,38.8,32.5,3.6,4993,4.7,92.8,0.7,95.0,10.4,1,0.06477560201751734
64670707,Commune de Jabria,21071,9.8,11.8,11.6,45.9,53.2,40.1,33.7,2.2,4503,4.7,98.6,0.0,80.8,2.5,1,0.057743652329445685
64670727,Commune de M'tal,8773,7.7,10.0,10.1,45.2,48.3,34.6,37.7,3.8,2161,4.1,95.4,0.4,95.3,3.3,1,0.024041813956918373
64670317,Commune de Laamria,9953,8.1,10.2,11.4,48.6,48.5,39.4,3.6,2.0,2181,4.6,97.6,0.0,97.4,1.7,1,0.027275524257746334
64670301,Commune de Bni Hilal,16765,7.6,9.7,11.3,47.9,50.6,36.8,17.6,3.3,4000,4.2,90.6,0.5,97.5,11.2,1,0.04594335016388197
64670303,Commune de Bni Tsiriss,12794,7.6,10.1,12.0,48.4,51.1,36.8,4.5,1.8,2850,4.5,95.5,0.0,98.0,3.7,1,0.03506109287185839
64670319,Commune de Laaounate,17485,7.6,9.9,10.3,40.1,43.6,36.0,19.6,2.9,4191,4.2,81.3,11.1,98.6,47.8,1,0.04791646153387869
64670325,Commune de Metrane,9199,7.4,9.7,10.1,47.3,50.4,34.7,15.2,3.3,2127,4.3,95.3,0.8,98.2,7.2,1,0.025209238184166434
64670331,Commune d'Oulad Boussaken,5962,7.5,9.7,10.8,51.7,53.7,31.7,20.6,1.7,1367,4.4,96.8,0.1,92.1,1.5,1,0.016338458316556177
64670309,Commune de Khmis Ksiba,5249,8.0,10.6,11.4,55.5,55.8,22.7,14.2,3.2,1104,4.8,96.5,0.0,95.0,13.1,1,0.014384529973767757
64670511,Commune de Koudiat Bni Dghough,15512,9.6,11.2,11.5,42.8,48.3,39.4,17.8,3.1,3289,4.7,93.4,0.0,97.0,86.9,1,0.042509588293596016
64670535,Commune de Tamda,9043,7.6,10.0,10.7,46.1,49.8,36.0,20.9,3.4,2076,4.4,97.7,0.0,93.0,1.9,1,0.024781730720667146
64670529,Commune d'Oulad Amrane,12058,8.4,10.3,11.2,39.0,42.0,37.9,15.7,3.3,2650,4.6,87.6,6.7,98.4,89.5,1,0.03304413458252841
64670513,Commune de Kridid,14259,9.3,11.5,11.8,41.7,46.7,33.1,35.5,4.1,3054,4.7,95.2,0.6,94.3,42.6,1,0.039075826423310055
64670515,Commune de Laagagcha,13997,8.2,10.0,9.9,39.8,44.1,32.3,31.1,4.9,3220,4.3,91.5,0.0,94.3,2.8,1,0.03835783311922791
64671103,Commune de Lgharbia,22528,7.8,9.1,10.2,38.1,40.9,35.3,34.2,2.8,4891,4.6,92.1,1.5,94.9,10.4,1,0.061736462421230716
64671107,Commune d'Oulad Sbaita,25230,8.2,10.6,11.0,45.9,49.1,34.7,15.2,3.6,5526,4.6,90.3,0.0,94.2,19.4,1,0.06914111092363508
64671101,Commune de Laghnadra,34610,8.8,10.5,11.1,39.9,42.2,37.1,18.5,5.3,7654,4.5,86.1,3.4,94.2,56.9,1,0.09484636738275903
64671109,Commune de Saniat Berguig,28314,7.9,10.1,10.7,43.7,45.3,34.6,29.6,3.7,6447,4.4,95.9,0.1,94.6,12.4,1,0.07759260462512103
7351010,Commune de Marrakech,996643,6.5,8.0,8.7,13.8,20.7,45.0,19.9,6.0,268925,3.7,61.7,28.6,98.6,98.3,1,2.7312328265661687
73510101,Commune de Méchouar-Kasba,11986,4.4,5.2,6.4,17.1,23.7,43.8,22.9,6.6,3345,3.6,78.0,17.7,99.4,99.2,1,0.032846823445528736
73510113,Commune de Tassoultante,105993,9.4,10.8,10.8,20.5,27.2,44.8,18.7,3.8,26168,4.1,71.0,22.8,97.8,98.7,1,0.2904666575556422
73510505,Commune de Loudaya,38246,8.5,9.8,10.8,32.3,36.1,42.2,17.1,3.4,9083,4.2,78.3,9.1,96.2,94.4,1,0.10481057980124248
73510503,Commune d'Ait Imour,14598,7.8,10.0,10.5,35.8,38.0,38.3,26.8,2.0,3358,4.3,82.6,0.7,97.8,96.8,1,0.04000483302668351
73510501,Commune d'Agafay,17769,8.5,9.7,10.8,33.5,37.0,38.6,16.8,3.7,4213,4.2,87.1,6.9,96.3,98.5,1,0.048694744352044066
73510509,Commune de Sid Zouine,17128,7.6,10.1,10.7,32.2,37.6,40.4,22.6,6.3,4132,4.1,71.2,17.1,95.5,94.7,1,0.046938127146255317
73510711,Commune de Souihla,32500,8.4,10.1,10.8,29.8,34.3,40.7,21.7,3.9,7246,4.5,83.0,9.2,97.9,92.4,1,0.08906405489568531
73510707,Commune de Saada,91884,8.9,10.6,10.7,21.7,28.2,43.9,17.4,3.6,21819,4.2,71.4,17.8,97.9,95.0,1,0.2518018960010815
73510303,Commune de Harbil,104195,9.7,11.4,11.7,20.9,29.1,43.3,18.1,3.8,24609,4.2,69.0,24.2,99.0,98.6,1,0.28553935999556707
73510305,Commune de M'nabha,13561,8.8,10.4,11.1,37.7,39.8,37.8,19.1,3.4,2900,4.7,91.5,1.4,97.8,96.7,1,0.03716300456739657
73510311,Commune d'Ouled Dlim,14463,8.6,11.2,11.1,42.8,46.2,37.2,27.6,1.9,2978,4.9,94.3,0.1,97.8,88.9,1,0.03963487464480912
73510207,Commune d'Ouahat Sidi Brahim,36448,9.7,10.9,11.1,20.8,28.5,43.4,16.2,3.2,8393,4.3,61.0,30.3,99.0,93.1,1,0.09988328224116731
73510201,Commune d'Al Ouidane,37448,9.0,10.2,10.5,27.0,33.5,40.6,14.7,3.3,8887,4.2,76.9,11.2,98.7,94.5,1,0.1026237146994961
73510209,Commune d'Oulad Hassoune,27241,8.0,9.6,10.1,32.8,36.2,41.5,13.6,4.0,6333,4.3,80.3,4.8,96.5,97.8,1,0.07465212059733425
71610101,Commune de Chichaoua,38206,8.3,10.7,11.4,22.0,29.9,43.7,17.3,4.2,9127,4.2,64.3,23.1,98.3,97.7,1,0.10470096250290932
71610103,Commune d'Imintanoute,25041,7.9,10.4,10.8,26.8,33.5,40.9,17.4,4.6,6367,3.9,70.2,17.0,98.4,97.3,1,0.06862316918901094
71610303,Commune d'Ait Hadi,8844,7.8,10.6,11.2,40.0,42.9,34.3,25.2,3.7,2189,4.0,87.7,4.0,96.1,98.3,1,0.024236384661459717
71610313,Commune de Sidi Bouzid Arragragui,8622,7.5,9.9,10.6,37.3,41.1,38.0,38.2,3.4,2152,4.0,82.8,1.2,97.3,99.1,1,0.023628008655710728
71610305,Commune de Lamzoudia,27004,9.2,11.1,11.5,39.4,43.7,39.7,23.1,2.3,5960,4.5,86.8,1.6,91.3,79.1,1,0.07400263810471033
71610307,Commune d'Oulad Moumna,7092,9.4,10.8,11.2,41.6,45.5,36.4,39.8,2.9,1708,4.2,96.3,0.0,93.0,92.6,1,0.019435146994467696
71610311,Commune de Sid L'mokhtar,27042,8.5,10.7,10.9,33.5,40.2,38.6,24.4,4.8,6764,4.0,79.6,11.4,94.7,87.7,1,0.07410677453812684
71610301,Commune d'Ahdil,11130,9.4,11.4,11.7,42.5,45.1,41.4,4.2,0.9,2290,4.9,97.9,0.0,95.5,88.8,1,0.030501013261199302
71610315,Commune de Sidi M'hamed Dalil,5605,8.4,10.8,10.3,36.6,45.5,38.4,24.1,2.2,1338,4.2,93.9,0.1,92.8,93.8,1,0.015360123928932802
71610309,Commune de Saidate,6330,8.6,10.2,10.7,44.4,49.7,35.0,31.6,2.3,1602,4.0,84.4,0.6,95.9,92.7,1,0.01734693746122117
71610511,Commune de Nfifa,6281,8.3,10.0,10.6,36.5,40.2,35.5,24.3,3.2,1643,3.8,93.1,1.1,97.6,85.6,1,0.017212656270763058
71610513,Commune d'Ouad L'bour,4906,7.5,9.6,10.9,53.6,53.9,24.1,10.2,2.8,1352,3.6,92.7,0.1,97.3,96.8,1,0.013444561640560987
71610501,Commune d'Afalla Issen,7221,9.7,11.6,11.7,57.6,56.9,30.6,30.8,1.8,1928,3.7,93.8,0.4,90.7,83.4,1,0.01978866278159211
71610517,Commune de Timezgadiouine,6776,7.9,9.9,9.8,52.9,56.4,25.3,32.9,2.1,1770,3.8,95.4,0.9,97.3,77.0,1,0.018569170337635804
71610507,Commune d'Irohalen,5031,9.4,11.9,12.4,54.9,55.1,35.3,38.8,2.1,1261,4.0,89.6,0.4,92.1,79.9,1,0.013787115697852084
71610503,Commune d'Ain Tazitounte,4645,8.8,12.0,11.5,52.5,51.3,28.5,36.5,1.8,1166,4.0,94.1,0.4,94.8,86.4,1,0.012729308768937178
71610515,Commune de Sidi Ghanem,8345,8.4,10.9,10.9,43.1,47.5,34.7,24.9,2.6,2073,4.0,93.8,0.7,96.4,84.6,1,0.022868908864753658
71610505,Commune d'Ait Haddou Youssef,5174,10.3,12.0,11.8,44.1,47.9,28.6,19.7,1.0,1022,5.1,92.2,0.3,97.9,63.3,1,0.014178997539393102
71610509,Commune de Lalla Aaziza,7512,10.5,12.5,12.5,47.8,51.1,34.1,29.5,1.8,1656,4.5,91.7,0.4,92.5,74.7,1,0.020586128626965787
71610903,Commune de Bouabout Amdlane,6405,10.5,12.2,11.1,55.5,62.5,29.7,33.9,1.2,1633,3.9,97.4,0.4,86.3,92.6,1,0.017552469895595824
71610909,Commune de Rahhala,4859,9.0,11.2,10.9,52.9,56.2,33.5,35.0,1.9,1344,3.6,94.8,0.1,89.4,80.9,1,0.013315761315019534
71610901,Commune de Bouabout,9823,8.0,11.1,12.1,53.1,57.0,29.4,16.2,2.3,2510,3.9,88.3,0.1,97.1,82.8,1,0.026919268038163593
71610907,Commune de Kouzemt,3371,9.1,11.0,11.6,52.7,59.1,29.3,38.4,2.0,927,3.6,97.2,0.2,94.4,78.4,1,0.009237997817026312
71610915,Commune de Timlilt,5582,10.0,10.9,10.8,59.0,59.3,26.4,5.5,1.3,1504,3.7,97.2,0.3,98.0,98.3,1,0.015297093982391242
71610905,Commune d'Ichamraren,5705,8.7,11.2,11.0,52.6,58.7,30.8,38.8,1.6,1537,3.7,96.6,0.5,95.3,90.9,1,0.015634167174765682
71610911,Commune de Sidi Abdelmoumen,7055,9.3,10.8,11.3,55.4,59.2,29.2,22.2,2.6,2063,3.4,97.4,0.1,95.5,91.9,1,0.019333750993509532
71610913,Commune de Taouloukoult,9360,8.9,11.9,12.1,48.7,53.7,32.7,19.7,1.7,2436,3.8,93.9,2.5,96.1,89.7,1,0.025650447809957365
71610707,Commune de Gmassa,10674,7.7,10.2,10.8,41.8,43.0,36.2,19.7,3.7,2660,4.0,87.5,3.5,94.0,92.9,1,0.02925137606020138
71610711,Commune de Majjat,14693,8.2,10.4,10.6,37.1,44.0,40.4,24.8,3.6,3557,4.1,79.7,10.9,94.5,89.2,1,0.04026517411022474
71610705,Commune de Douirane,17254,9.2,11.3,11.5,44.0,48.1,37.5,16.0,3.4,3993,4.3,91.4,3.4,92.9,91.1,1,0.04728342163600474
71610715,Commune de Zaouia Annahlia,11722,9.6,11.7,12.0,40.9,47.5,37.9,16.9,2.2,2490,4.7,94.5,0.6,90.0,92.9,1,0.03212334927652994
71610713,Commune de M'zouda,25316,8.9,11.2,11.1,44.2,45.8,37.3,15.3,2.7,6177,4.1,92.3,1.8,91.5,94.6,1,0.06937678811505135
71610703,Commune d'Assif El Mal,8002,8.0,9.2,11.2,46.2,49.9,37.5,29.8,2.4,2024,4.0,85.4,1.4,89.7,95.9,1,0.021928940531546887
71610701,Commune d'Adassil,7059,9.3,9.6,11.3,45.7,51.9,38.8,8.0,1.5,1702,4.1,69.2,0.2,81.2,82.8,1,0.019344712723342847
71610709,Commune d'Imindounit,10890,10.6,12.0,11.9,54.5,55.7,37.2,46.7,1.8,2337,4.7,93.7,0.9,91.2,26.1,1,0.0298433094712004
70410101,Commune d'Ait Ourir,56836,7.8,9.8,10.9,22.2,29.3,40.4,19.5,2.7,13312,4.3,69.5,21.4,97.4,97.3,1,0.15575521920157445
70410103,Commune d'Amizmiz,13760,6.8,8.6,9.5,25.4,30.6,39.3,20.7,3.4,3664,3.8,55.3,19.6,88.8,87.6,1,0.03770835062660399
70410109,Commune de Tahannaout,16017,8.6,9.9,11.0,14.7,23.5,43.6,12.4,3.3,3847,4.2,56.8,31.0,99.3,99.2,1,0.04389350668505204
70410309,Commune d'Ait Sidi Daoud,20988,8.4,9.7,10.3,37.6,42.1,39.2,18.4,2.0,4846,4.3,94.2,1.1,96.9,97.7,1,0.057516196435404406
70410305,Commune d'Ait Faska,33069,8.3,10.6,10.5,33.0,38.8,39.9,10.0,2.7,7528,4.4,91.0,3.8,96.6,98.2,1,0.09062336096447438
70410315,Commune de Sidi Abdellah Ghiat,43162,9.2,10.4,10.6,26.2,31.7,42.1,13.8,2.8,10274,4.2,78.0,10.1,97.4,95.6,1,0.11828254576638673
70410319,Commune de Tamazouzte,16885,8.5,9.6,9.9,36.5,41.4,40.1,9.8,2.4,3824,4.4,95.6,0.2,98.0,91.6,1,0.046272202058881426
70410313,Commune d'Iguerferouane,12365,8.8,10.6,11.0,43.3,47.0,41.0,4.9,1.8,2559,4.8,93.6,0.6,93.9,94.8,1,0.03388544734723535
70410311,Commune de Ghmate,28646,8.6,10.3,10.2,35.3,37.8,42.6,15.6,1.8,6526,4.4,90.9,1.0,96.1,74.9,1,0.0785024282012862
70410323,Commune de Tidili Mesfioua,20218,7.7,9.2,9.6,44.4,48.9,38.1,11.5,1.5,4611,4.4,94.9,0.3,96.3,96.8,1,0.055406063442491243
70411117,Commune de Tamaguert,10022,7.3,9.2,9.9,44.3,46.2,38.3,18.4,3.6,2313,4.3,95.5,0.4,97.5,98.4,1,0.027464614097371016
70411127,Commune de Touama,11401,7.4,9.2,9.7,39.3,44.9,38.2,19.8,2.4,2761,4.1,91.0,4.0,97.1,99.5,1,0.031243670457406406
70411129,Commune de Zerkten,18295,8.7,9.4,10.1,45.6,48.2,40.1,24.7,1.8,3833,4.8,96.4,0.5,96.1,93.9,1,0.050136211825125
70411125,Commune de Tighedouine,21158,8.7,10.0,10.9,42.6,46.8,39.7,16.2,1.9,4152,5.1,94.3,1.4,94.7,88.3,1,0.057982069953320295
70411103,Commune d'Ait Aadel,8724,10.0,11.9,11.2,41.6,45.7,39.2,12.9,1.0,1603,5.4,98.0,0.4,96.9,99.1,1,0.023907532766460265
70411107,Commune d'Ait Hkim-Ait Yzid,8104,9.7,10.4,11.3,43.7,47.9,34.6,18.7,1.1,1517,5.3,96.8,0.5,95.2,93.7,1,0.02220846464229642
70411101,Commune d'Abadou,10482,8.0,9.4,10.1,37.5,41.5,34.9,16.0,1.5,2157,4.9,98.2,0.3,95.9,97.5,1,0.02872521302820226
70411121,Commune de Tazart,14583,7.8,9.6,10.0,48.5,48.5,36.1,23.1,2.2,3144,4.6,96.3,1.2,96.7,98.0,1,0.03996372653980858
70410703,Commune d'Asni,22620,8.7,10.0,10.4,34.4,40.3,39.2,14.1,2.0,4966,4.6,83.9,3.8,93.9,94.2,1,0.06198858220739697
70410705,Commune d'Ighil,4666,9.1,10.5,11.7,38.9,49.8,39.3,20.8,1.4,1069,4.4,74.0,0.6,56.2,52.9,1,0.01278685785056208
70410701,Commune d'Aghbar,3447,8.9,9.7,10.5,53.3,56.1,31.1,4.9,1.6,852,4.0,38.7,0.1,15.9,12.2,1,0.009446270683859299
70410713,Commune de Talat N'yaaqoub,7134,7.2,8.8,9.9,38.4,41.7,33.5,18.2,2.5,1954,3.7,23.2,1.3,69.8,45.0,1,0.019550245157717507
70410707,Commune d'Ijoukak,5633,7.2,9.0,10.3,46.9,49.9,26.7,27.8,2.7,1415,4.0,56.2,0.1,48.5,46.8,1,0.01543685603776601
70410709,Commune d'Imgdal,4782,7.5,9.7,10.1,50.1,52.9,35.8,17.6,2.3,1336,3.6,53.9,0.0,67.5,72.4,1,0.01310474801572822
70410711,Commune d'Ouirgane,7663,7.6,8.9,9.7,40.3,42.8,32.5,6.4,1.9,1830,4.2,62.6,1.4,76.8,72.6,1,0.02099993392817343
70410501,Commune d'Amghras,5919,7.9,9.5,10.3,45.3,44.8,38.6,31.9,2.4,1492,4.0,81.8,0.3,83.6,84.9,1,0.01622061972084804
70410505,Commune d'Anougal,3988,8.3,10.0,10.7,46.6,49.6,34.7,25.8,1.7,1016,3.9,34.9,0.1,68.6,75.4,1,0.01092884464381517
70410507,Commune d'Azgour,6207,8.0,9.7,9.7,43.5,46.3,36.7,17.6,1.3,1597,3.9,60.7,0.1,85.6,66.4,1,0.01700986426884673
70410519,Commune de Tizguine,5179,6.9,9.4,9.4,37.0,39.3,33.1,13.2,2.4,1433,3.6,71.7,4.7,96.0,85.4,1,0.014192699701684743
70410509,Commune de Dar Jamaa,6184,7.3,8.9,10.2,45.8,47.2,37.0,19.5,2.3,1549,4.0,81.6,0.6,88.8,81.9,1,0.016946834322305166
70410517,Commune de Sidi Badhaj,5835,6.7,9.6,9.6,35.0,36.9,37.1,29.1,3.1,1449,4.0,84.5,0.3,92.8,97.2,1,0.015990423394348422
70410515,Commune d'Oulad Mtaa,6638,7.4,9.3,9.9,35.5,40.8,35.1,17.8,2.7,1722,3.9,83.6,2.2,95.0,94.6,1,0.01819099065838643
70410511,Commune de Lalla Takarkoust,8368,7.5,9.1,10.6,27.5,33.5,37.2,14.2,3.4,2097,4.0,76.6,11.7,92.9,95.4,1,0.02293193881129522
70410513,Commune d'Ouazguita,5269,8.4,10.2,11.5,45.0,47.2,33.4,21.7,1.7,1254,4.2,84.9,0.6,90.0,88.5,1,0.014439338622934334
70410905,Commune d'Ourika,50450,9.7,10.8,10.8,28.7,34.7,40.7,12.0,2.8,11574,4.4,81.8,9.7,97.0,95.2,1,0.13825481752268687
70410907,Commune de Sti Fadma,24153,9.4,10.3,11.2,38.3,42.5,41.6,20.6,2.0,5162,4.7,86.9,2.1,94.5,91.2,1,0.06618966516601499
70410903,Commune d'Oukaimden,4790,9.5,10.3,11.2,37.5,42.2,40.9,15.3,0.6,932,5.1,92.5,1.3,96.2,72.0,1,0.01312667147539485
70410913,Commune d'Aghouatim,36090,9.0,10.3,10.7,35.0,40.3,40.8,18.1,2.0,8256,4.4,88.5,3.0,95.0,97.4,1,0.09890220742108562
70410901,Commune de Moulay Brahim,11328,8.0,9.6,10.8,37.7,40.6,35.1,18.9,2.3,2634,4.3,79.0,3.3,89.6,91.1,1,0.031043618887948404
70410911,Commune de Tameslohte,40206,9.2,10.4,10.4,25.0,32.5,41.8,13.5,4.4,9911,4.1,73.6,18.5,98.6,98.2,1,0.11018182741956686
71910103,Commune de Kelâat Sraghna,105194,7.2,9.6,10.6,21.6,28.4,37.3,23.0,6.0,26083,4.0,58.9,29.0,99.2,98.0,1,0.28827705202143755
71910105,Commune de Laattaouia,38402,8.4,10.7,11.5,24.3,32.9,36.9,26.0,4.6,8610,4.5,67.2,23.5,99.0,99.0,1,0.10523808726474175
71910107,Commune de Sidi Rahal,10258,7.0,8.9,9.7,30.7,35.1,37.6,20.2,3.6,2340,4.4,83.6,10.8,98.8,99.6,1,0.028111356157536613
71910109,Commune de Tamallalt,20528,8.3,10.0,10.7,24.7,31.0,40.8,19.2,4.0,4591,4.5,71.0,21.7,99.5,99.6,1,0.05625559750457316
71910523,Commune d'Oulad Aarrad,6065,8.6,11.7,12.0,38.9,41.8,36.4,25.1,2.8,1455,4.2,92.2,0.0,98.7,96.1,1,0.016620722859764042
71910505,Commune de Choara,12249,8.6,10.7,11.9,33.7,37.3,36.2,22.0,2.5,2569,4.8,97.9,0.2,97.9,98.0,1,0.03356755718206921
71910516,Commune de Laattaouia Ech-Chaibia,5909,8.5,10.3,11.3,36.8,42.6,41.7,21.1,4.2,1295,4.6,93.4,1.6,98.3,94.0,1,0.016193215396264754
71910507,Commune de Dzouz,11526,8.6,11.1,12.7,36.3,41.5,33.3,32.3,2.9,2530,4.6,97.2,0.2,96.6,81.1,1,0.0315862245146975
71910509,Commune de Fraita,10721,7.8,11.2,12.7,41.0,46.7,32.3,23.6,2.9,2543,4.2,92.5,2.0,98.8,97.5,1,0.02938017638574283
71910515,Commune de Laatamna,9312,7.6,11.0,12.0,40.5,45.2,32.7,42.4,3.3,2086,4.5,97.9,0.2,97.3,50.7,1,0.025518907051957588
71910521,Commune d'Ouargui,10786,8.5,10.4,10.9,32.6,36.9,35.6,50.9,2.9,2395,4.5,95.8,0.5,97.3,93.9,1,0.029558304495534204
71910503,Commune de Bouya Omar,14686,9.5,11.2,10.5,37.0,43.3,34.1,25.4,2.0,3344,4.4,93.2,2.1,97.8,97.9,1,0.04024599108301644
71910901,Commune d'Assahrij,16223,9.4,11.3,11.1,30.0,36.5,32.3,23.2,3.8,3425,4.7,94.0,2.1,98.1,98.2,1,0.04445803577146777
71910929,Commune de Sour El Aaz,3755,8.5,10.5,11.4,32.0,36.9,33.9,36.7,2.6,856,4.4,96.1,0.1,96.3,98.0,1,0.010290323881024563
71910925,Commune d'Oulad Khallouf,9172,10.2,11.2,11.9,31.4,34.1,33.7,20.3,2.6,1908,4.8,95.0,0.2,96.3,93.7,1,0.025135246507791555
71910917,Commune de Louad Lakhdar,9124,9.3,11.8,12.0,40.8,42.8,31.7,30.0,2.7,2121,4.3,94.7,0.1,98.9,98.6,1,0.02500370574979178
71910919,Commune de M'zem Sanhaja,10945,9.3,11.5,12.4,37.2,42.7,31.5,24.4,3.6,2164,5.1,94.7,0.9,95.6,98.8,1,0.029994033256408478
71910927,Commune de Sidi Aissa Ben Slimane,19161,8.2,12.0,12.6,41.4,42.8,34.0,36.5,3.8,4236,4.5,94.0,0.0,96.7,81.3,1,0.05250942633403772
71910731,Commune de Zemrane,14922,8.1,10.4,11.2,42.6,44.4,37.6,13.4,3.3,3189,4.7,97.6,0.3,97.8,96.6,1,0.04089273314318203
71910733,Commune de Zemrane Charqia,29559,7.8,9.8,10.7,39.3,43.0,37.6,19.7,2.2,6284,4.7,94.6,0.3,98.4,98.6,1,0.08100444303574036
71910713,Commune de Jouala,10280,7.9,10.1,10.7,41.5,43.8,37.9,22.5,3.1,2274,4.5,94.0,0.0,97.8,89.3,1,0.028171645671619845
71910711,Commune de Jbiel,10593,8.0,11.3,12.0,39.6,43.6,41.4,22.5,2.7,2350,4.5,88.3,0.2,88.5,79.3,1,0.029029401031076752
71911129,Commune d'Oulad Sbih,6512,7.9,12.1,12.1,36.4,39.6,37.7,35.8,3.4,1533,4.2,89.2,0.0,96.3,79.0,1,0.017845696168637005
71911111,Commune de Hiadna,12863,9.5,11.7,12.8,38.6,42.3,37.5,19.5,2.0,2482,5.2,92.2,0.8,97.7,92.1,1,0.03525018271148308
71911133,Commune d'Oulad Zarrad,13242,9.1,11.2,11.6,38.7,45.9,40.0,18.3,2.9,2765,4.8,97.3,0.3,95.9,96.7,1,0.036288806613189686
71911121,Commune d'Oulad Cherki,7185,8.4,12.2,12.7,43.4,46.1,37.1,38.2,2.7,1485,4.8,96.9,0.1,94.1,88.6,1,0.019690007213092272
71911107,Commune d'El Marbouh,9468,8.6,11.3,12.0,33.8,37.2,37.5,40.8,5.1,2104,4.5,88.6,2.8,91.8,83.5,1,0.025946414515456876
71911115,Commune de Mayate,11443,8.0,11.6,12.4,40.5,43.2,41.6,30.5,3.2,2404,4.8,95.7,0.0,97.4,73.6,1,0.03135876862065621
71911141,Commune de Znada,7230,7.9,11.3,12.5,32.5,37.1,38.7,36.5,4.0,1689,4.3,90.9,2.4,96.4,74.0,1,0.019813326673717067
71911131,Commune d'Oulad Yaacoub,6791,8.2,11.6,12.4,36.0,41.7,31.3,57.2,3.7,1547,4.4,91.3,0.1,96.7,97.3,1,0.018610276824510733
71911123,Commune d'Oulad El Garne,7722,8.7,13.0,14.2,38.2,41.4,28.4,24.9,3.8,1672,4.6,91.3,0.5,98.6,72.5,1,0.02116161944321483
71911113,Commune de Lounasda,10866,9.7,13.2,13.1,40.4,45.9,29.4,52.3,3.4,2248,4.8,96.3,0.1,98.7,3.0,1,0.029777539092200506
71911305,Commune d'El Aamria,8614,7.7,10.7,12.1,36.6,39.7,37.0,42.2,3.3,1891,4.6,92.2,2.5,97.9,91.2,1,0.0236060851960441
71911335,Commune de Sidi El Hattab,9638,9.9,12.5,11.9,42.4,43.8,40.5,13.4,2.5,1919,5.0,98.1,0.3,95.0,98.0,1,0.02641228803337277
71911337,Commune de Sidi Moussa,8581,8.2,11.9,12.2,40.9,44.1,32.3,10.6,3.5,1773,4.8,92.7,0.6,98.9,98.5,1,0.023515650924919248
71911327,Commune d'Oulad Msabbel,6210,8.4,11.9,11.9,37.2,41.7,37.8,34.4,2.9,1243,5.0,96.0,0.7,98.4,93.8,1,0.017018085566221714
71911325,Commune d'Oulad Massaoud,4188,8.2,11.8,12.3,38.0,40.1,31.3,19.8,2.9,1039,4.0,86.4,0.3,99.2,97.4,1,0.011476931135480924
71911303,Commune d'Eddachra,6929,7.7,11.7,13.1,34.4,35.0,32.7,35.6,4.1,1642,4.2,93.5,1.6,98.1,98.7,1,0.018988456503760107
71911317,Commune d'Oulad Aamer,6996,8.3,12.6,13.3,42.1,44.7,33.9,30.8,3.5,1451,4.8,94.8,0.7,98.1,98.1,1,0.019172065478468135
71911319,Commune d'Oulad Bouali Loued,6289,8.0,12.7,13.1,35.8,39.9,30.6,38.9,3.0,1433,4.4,93.9,0.1,98.4,95.0,1,0.01723457973042969
71911309,Commune d'Errafiaya,4832,7.6,11.8,12.7,35.1,40.9,33.8,31.0,3.5,1098,4.4,92.9,1.2,98.5,96.5,1,0.013241769638644657
71911339,Commune de Taouzint,5217,8.2,11.6,12.4,43.6,44.8,35.0,61.6,2.3,1214,4.3,92.8,0.1,98.7,96.8,1,0.014296836135101236
71911301,Commune de Chtaiba,8480,8.0,12.2,13.3,39.9,42.7,32.4,32.7,3.2,1881,4.5,97.3,0.3,98.1,98.7,1,0.023238867246628044
72110105,Commune d'Essaouira,82136,5.9,7.7,8.5,16.1,23.9,44.3,17.4,7.0,24719,3.3,56.1,33.9,99.2,95.7,1,0.22508816039729257
72110103,Commune d'El Hanchane,5239,7.4,8.7,10.1,29.3,35.4,37.8,19.5,3.1,1360,3.9,61.1,19.3,95.8,92.4,1,0.014357125649184472
72110107,Commune de Talmest,4638,8.9,9.3,9.3,31.3,38.2,39.2,29.0,2.6,1322,3.5,75.2,15.4,97.7,90.1,1,0.012710125741728875
72110101,Commune d'Ait Daoud,3629,8.8,10.9,12.1,30.0,40.8,35.3,10.2,2.8,974,3.7,78.4,11.3,95.2,68.3,1,0.009945029391275137
72110109,Commune de Tamanar,11616,7.8,10.3,10.6,31.3,37.3,39.7,9.7,1.9,2934,4.0,68.5,16.0,95.1,60.4,1,0.031832863435947094
72110305,Commune de Had Dra,9435,7.7,9.4,10.2,40.1,44.5,35.6,39.8,2.0,2432,3.9,86.6,5.6,96.9,88.5,1,0.025855980244332024
72110349,Commune de Takate,9993,6.5,9.8,10.7,43.3,48.9,32.2,67.6,2.0,2545,3.9,95.6,0.3,94.6,73.7,1,0.027385141556079483
72110331,Commune d'Ounagha,13217,7.4,9.0,9.9,39.7,45.2,38.6,15.9,2.1,3618,3.7,84.1,8.3,95.5,94.8,1,0.036220295801731466
72110321,Commune de Moulay Bouzarqtoune,5608,6.8,9.7,10.1,44.4,47.0,42.8,24.6,2.0,1422,3.9,96.8,0.2,95.7,86.3,1,0.01536834522630779
72110303,Commune d'Aquermoud,15981,7.4,9.3,10.7,46.7,51.6,41.9,22.0,1.7,3994,4.0,92.9,1.4,92.3,72.3,1,0.04379485111655221
72110341,Commune de Sidi Ishaq,10055,9.3,10.8,11.3,42.1,48.9,41.2,9.4,1.9,2434,4.1,89.3,1.8,92.8,60.0,1,0.027555048368495868
72110337,Commune de Sidi Ali El Korati,6099,6.9,9.5,10.3,52.0,55.9,32.5,10.9,1.8,1557,3.9,98.6,0.1,91.7,14.8,1,0.01671389756334722
72110351,Commune de Zaouiat Ben Hmida,7302,8.2,10.1,11.1,38.8,46.0,37.8,21.0,2.9,1811,4.0,84.5,6.4,91.5,49.6,1,0.02001063781071674
72110325,Commune de M'khalif,5062,8.9,10.9,11.4,48.8,53.7,34.0,13.0,1.7,1301,3.9,93.7,1.9,90.2,88.3,1,0.013872069104060279
72110333,Commune de Sidi Abdeljalil,6054,8.4,10.5,11.2,50.4,53.4,34.7,14.7,2.6,1685,3.6,88.9,0.2,95.2,64.8,1,0.016590578102722426
72110343,Commune de Sidi Laaroussi,10604,7.7,10.2,12.4,50.5,55.7,31.6,21.6,2.4,2512,4.2,94.4,0.4,91.1,63.6,1,0.02905954578811837
72110929,Commune d'Oulad M'rabet,3951,8.4,9.9,11.7,44.8,50.1,35.3,14.2,2.2,936,4.2,95.4,0.0,94.7,93.9,1,0.010827448642857004
72110947,Commune de Tafetachte,7342,8.1,10.5,11.3,39.2,45.0,39.2,25.0,1.5,1850,4.0,84.9,6.6,96.1,94.3,1,0.02012025510904989
72110915,Commune de Mejji,6479,7.8,10.2,10.3,43.4,48.6,37.4,5.3,1.6,1497,4.3,96.5,0.3,96.3,95.5,1,0.017755261897512156
72110907,Commune de Kechoula,5934,8.5,11.0,10.7,47.6,50.7,34.9,19.8,1.0,1389,4.3,74.1,0.0,93.2,87.0,1,0.01626172620772297
72110923,Commune de Mzilate,3573,7.6,10.8,11.7,50.8,54.0,35.1,7.8,1.3,853,4.2,95.1,0.0,96.5,80.9,1,0.009791565173608727
72110945,Commune de Sidi M'hamed Ou Marzouq,4306,8.2,10.6,11.4,50.4,56.0,31.9,9.8,1.3,963,4.5,95.4,0.2,95.8,88.0,1,0.011800302165563721
72110927,Commune de M'ramer,6488,8.0,10.3,12.9,51.3,55.3,33.5,37.8,1.3,1557,4.2,95.8,0.2,91.3,89.3,1,0.017779925789637115
72110939,Commune de Sidi Boulaalam,7681,8.3,11.2,12.7,46.0,52.0,36.8,17.9,1.2,1801,4.3,90.9,0.9,93.3,84.2,1,0.021049261712423346
72110935,Commune de Sidi Aissa Regragui,7567,8.7,11.1,11.0,46.0,51.6,36.8,20.9,1.0,1800,4.2,98.8,0.2,94.8,62.3,1,0.020736852412173868
72110917,Commune de Meskala,4378,8.3,10.3,11.7,49.5,51.6,35.9,6.3,1.3,1065,4.1,88.2,3.7,99.1,86.1,1,0.011997613302563393
72110919,Commune de Mouarid,5316,7.8,11.3,11.8,44.8,50.5,37.0,21.6,1.4,1263,4.2,94.4,0.5,97.5,97.3,1,0.014568138948475785
72110909,Commune de Korimate,9476,7.9,10.2,10.9,45.0,48.5,34.8,11.1,1.4,2316,4.1,95.1,1.4,95.4,86.4,1,0.025968337975123504
72110913,Commune de Lahsinate,4932,7.7,9.3,10.2,45.7,49.5,35.2,29.5,1.5,1262,3.9,92.4,0.0,94.6,68.3,1,0.013515812884477537
72110901,Commune d'Ait Said,6027,7.7,10.3,11.8,52.2,54.2,29.2,34.0,0.9,1557,3.9,96.6,0.0,95.7,86.2,1,0.016516586426347547
72110911,Commune de Lagdadra,6699,7.6,10.0,11.4,48.5,54.7,30.6,22.8,1.8,1701,3.9,96.2,0.7,91.4,45.7,1,0.018358157038344487
72110701,Commune d'Adaghas,1656,5.4,9.5,12.1,47.3,50.8,27.6,28.8,1.5,432,3.8,96.8,0.9,91.7,1.6,1,0.004538156150992457
72110709,Commune d'Assais,4437,8.2,10.4,12.6,56.2,59.8,25.4,50.3,1.5,1207,3.7,99.4,0.0,83.2,23.4,1,0.01215929881760479
72110713,Commune de Bouzemmour,3940,7.2,10.0,12.2,54.8,59.5,23.5,17.9,0.7,1015,3.9,95.8,0.5,87.8,0.4,1,0.010797303885815387
72110703,Commune d'Aglif,6499,7.7,10.8,13.0,51.2,55.7,30.6,10.7,2.2,1712,3.8,96.4,0.1,89.5,13.0,1,0.01781007054667873
72110745,Commune de Takoucht,3209,6.4,9.1,11.6,55.8,60.3,27.1,17.5,0.7,919,3.5,96.3,0.5,94.8,93.2,1,0.008794047758777051
72110731,Commune de Sidi Ghaneme,4050,8.2,11.4,11.6,48.5,55.2,33.5,2.7,2.2,943,4.3,96.9,0.0,95.9,78.0,1,0.011098751456231553
72110715,Commune d'Ezzaouite,5818,8.3,11.4,12.0,49.7,54.3,33.5,15.3,1.3,1470,4.0,97.3,0.1,95.9,64.5,1,0.015943836042556832
72110743,Commune de Tahelouante,2910,7.5,11.1,12.7,53.9,60.1,32.8,7.6,1.8,757,3.8,97.0,0.3,89.7,40.6,1,0.007974658453736745
72110711,Commune de Bizdad,7077,8.1,10.3,11.9,51.9,52.6,31.5,19.1,1.7,1742,4.1,95.1,1.3,94.2,69.1,1,0.019394040507592768
72110537,Commune de Sidi Kaouki,4877,7.5,8.3,8.8,40.7,45.1,36.7,13.3,3.0,1482,3.3,90.0,3.3,96.7,49.6,1,0.013365089099269452
72110505,Commune d'Aguerd,5370,6.6,8.8,10.7,43.5,45.6,35.2,13.9,3.0,1453,3.7,93.4,1.9,97.7,96.1,1,0.01471612230122554
72110535,Commune de Sidi H'mad Ou Hamed,3548,7.7,7.8,9.5,52.2,57.4,28.3,7.8,2.2,985,3.6,96.2,0.0,95.5,84.5,1,0.009723054362150506
72110549,Commune de Tidzi,3770,6.9,9.3,10.0,46.8,48.2,38.2,10.9,2.6,984,3.8,95.0,2.1,96.7,82.2,1,0.010331430367899495
72110529,Commune de Sidi El Jazouli,5554,7.7,10.5,10.9,58.3,58.3,30.7,8.7,1.1,1447,3.8,97.8,0.4,97.6,24.3,1,0.015220361873558035
72110525,Commune d'Imi-N'tlit,7123,7.8,10.2,11.1,46.9,53.1,31.8,7.9,1.7,1666,4.3,96.9,0.4,96.5,35.3,1,0.01952010040067589
72110539,Commune de Smimou,8883,7.4,9.5,10.8,33.6,40.5,33.8,17.8,2.1,2229,4.0,83.7,11.8,94.7,91.9,1,0.02434326152733454
72110541,Commune de Tafedna,4999,9.1,9.6,9.5,40.8,47.6,37.9,8.1,1.8,1265,4.0,96.6,0.3,96.4,25.2,1,0.013699421859185565
72110527,Commune de Sidi Ahmed Essayeh,5233,8.2,9.1,9.8,42.1,45.9,35.4,14.0,1.6,1330,3.9,97.2,0.2,95.5,95.9,1,0.014340683054434497
72110517,Commune d'Ida Ou Aazza,7604,8.8,10.3,10.6,42.1,48.8,36.8,7.5,1.3,1792,4.2,97.7,0.2,94.4,72.1,1,0.020838248413132032
72110507,Commune d'Ait Aissa Ihahane,2563,5.2,7.6,10.7,52.8,61.2,25.3,26.9,1.3,768,3.3,97.7,0.3,96.3,33.9,1,0.007023728390696659
72110523,Commune d'Imgrade,4815,7.0,8.6,11.2,55.9,57.2,30.2,11.8,1.3,1243,3.9,97.7,0.0,94.4,15.1,1,0.013195182286853069
72110547,Commune de Targante,6358,8.2,10.0,9.2,44.2,47.4,35.9,13.3,1.8,1542,4.1,97.2,0.7,94.4,31.2,1,0.01742366957005437
72110551,Commune de Timzguida-Ouftas,4946,9.6,10.4,9.7,36.9,42.7,37.8,6.1,1.5,1233,4.0,97.9,0.0,89.3,82.4,1,0.013554178938894138
72110533,Commune de Sidi Hmad Ou M'barek,4726,6.3,8.9,10.2,48.1,49.7,32.3,17.4,1.1,1294,3.7,95.5,0.4,95.9,25.6,1,0.012951283798061809
72110521,Commune d'Ida Ou Kazzou,3507,6.5,8.6,10.7,51.0,54.3,26.5,5.7,1.5,951,3.7,97.1,0.1,93.2,11.1,1,0.009610696631359026
72110519,Commune d'Ida Ou Guelloul,5086,8.2,9.9,9.3,40.8,47.2,32.9,7.6,2.0,1311,3.9,97.6,0.2,95.4,81.5,1,0.013937839483060167
74270101,Commune de Ben Guerir,114455,8.5,9.9,10.3,20.1,27.7,44.5,20.3,4.3,27167,4.2,65.5,24.3,99.1,97.8,1,0.31365619701802033
74270117,Commune de Sidi Bou Othmane,12482,8.6,9.7,10.2,22.4,28.7,45.6,24.8,2.9,2821,4.4,64.7,25.7,97.0,95.3,1,0.03420607794485982
74270707,Commune de Jaafra,10689,8.9,11.8,12.6,44.4,47.6,37.0,42.1,1.4,2200,4.9,97.0,0.0,93.9,2.7,1,0.029292482547076316
74270715,Commune de Sidi Abdellah,9447,8.6,10.8,11.6,45.1,48.9,35.9,19.8,2.0,2116,4.5,97.9,0.1,92.5,28.6,1,0.025888865433831974
74270725,Commune de Skoura Lhadra,7877,9.4,11.5,12.2,48.6,52.2,38.0,35.9,1.3,1752,4.5,98.2,0.2,97.9,57.5,1,0.02158638647425579
74270719,Commune de Sidi Ghanem,8039,8.2,9.5,10.8,57.1,58.6,34.3,16.2,1.2,1747,4.6,93.8,0.7,92.6,2.2,1,0.022030336532505048
74270721,Commune de Sidi Mansour,4766,8.2,10.2,11.4,49.9,50.7,37.4,28.7,1.4,1022,4.7,97.9,0.0,93.6,0.6,1,0.01306090109639496
74270723,Commune de Skhour Rhamna,15557,7.6,9.9,10.9,36.5,41.8,39.4,23.6,2.9,3681,4.2,77.5,12.0,93.2,48.6,1,0.04263290775422081
74270717,Commune de Sidi Ali Labrahla,6718,8.1,10.3,11.9,41.4,43.4,39.7,26.3,1.8,1422,4.7,97.1,0.1,92.9,36.0,1,0.018410225255052735
74270713,Commune d'Oulad Hassoune Hamri,7792,9.1,10.4,11.3,35.4,40.6,38.9,12.8,2.3,1565,5.0,97.0,0.1,95.7,24.6,1,0.021353449715297842
74270709,Commune de Labrikiyne,12185,8.5,10.7,11.2,44.1,45.3,42.0,23.7,1.5,2433,5.0,87.7,0.8,96.1,34.5,1,0.03339216950473617
74270711,Commune d'Oulad Aamer Tizmarine,4533,8.1,9.5,10.9,44.2,46.5,36.9,58.0,2.4,1025,4.4,98.5,0.2,97.3,81.4,1,0.012422380333604354
74270701,Commune d'Ait Hammou,7188,8.8,10.4,11.1,45.4,50.5,31.3,10.7,2.3,1463,4.9,84.7,0.1,94.2,45.5,1,0.01969822851046726
74270705,Commune de Bouchane,9591,8.6,9.9,11.6,42.4,46.1,38.4,33.2,2.7,2109,4.5,83.5,2.9,92.8,69.8,1,0.026283487707831316
74270703,Commune d'Ait Taleb,8058,8.9,10.7,11.8,48.9,54.6,41.3,16.8,1.8,1669,4.8,95.0,0.2,96.4,54.0,1,0.0220824047492133
74270903,Commune de Bourrous,6316,8.6,10.3,11.6,45.4,46.7,37.7,9.7,1.2,1362,4.6,81.9,0.1,98.2,94.3,1,0.017308571406804564
74270915,Commune de Sidi Boubker,5728,9.3,10.3,11.3,44.5,47.0,38.6,22.4,2.4,1207,4.7,96.0,0.3,92.9,88.6,1,0.01569719712130724
74270906,Commune de Jbilate,11511,8.4,9.5,10.3,37.1,39.3,39.6,28.3,4.0,2491,4.6,92.2,2.1,94.9,45.7,1,0.03154511802782257
74270909,Commune de Nzalat Laadam,15195,10.6,11.9,11.5,29.1,36.1,41.3,20.0,3.0,3460,4.4,44.8,4.6,97.5,81.1,1,0.04164087120430579
74270907,Commune de Lamharra,9469,9.6,11.7,11.5,39.6,44.1,36.2,25.7,1.5,2056,4.6,82.2,0.1,91.9,85.7,1,0.025949154947915207
74270911,Commune d'Oulad Imloul,9659,8.8,10.8,11.1,41.6,45.5,36.0,29.4,1.8,2224,4.3,93.7,0.5,94.3,88.8,1,0.02646983711499767
74270901,Commune d'Akarma,4795,9.0,12.1,11.6,50.2,50.9,37.6,7.7,2.2,899,5.3,74.2,0.0,99.7,92.1,1,0.013140373637686494
74270919,Commune de Tlauh,9586,8.4,10.4,10.9,36.2,41.5,39.3,25.5,2.2,2001,4.8,95.0,0.7,98.9,95.0,1,0.026269785545539673
74270905,Commune de Jaidate,13179,8.5,10.5,11.0,35.8,39.7,39.5,39.0,2.7,2912,4.5,81.6,0.0,96.9,94.8,1,0.03611615936831497
74270913,Commune de Ras Ain Rhamna,16327,9.2,10.4,11.0,36.5,39.2,40.9,13.7,2.6,3362,4.9,85.6,3.5,96.1,94.9,1,0.04474304074713397
74310103,Commune de Safi,321581,6.4,8.0,8.6,17.0,23.2,41.2,26.1,6.3,85929,3.7,64.0,26.8,98.6,95.3,1,0.881271010381827
74310109,Commune de Jamaat Shaim,11860,7.1,9.2,10.1,20.6,25.9,46.2,38.7,3.9,2915,4.1,71.9,21.1,98.7,96.9,1,0.03250152895577931
74310111,Commune de Sebt Gzoula,24596,8.4,10.5,11.3,27.2,35.9,43.1,17.6,4.6,6002,4.1,60.0,28.2,91.2,88.4,1,0.06740367674505464
74310309,Commune de Lamrasla,17997,9.3,11.4,11.5,44.6,49.2,42.2,12.9,1.9,3933,4.6,94.1,0.0,96.5,1.1,1,0.04931956295254303
74310315,Commune de Sidi Ettiji,17197,9.1,10.8,11.5,44.5,46.7,35.3,21.2,2.1,3650,4.7,88.5,0.1,94.1,0.1,1,0.04712721698588
74310301,Commune de Bouguedra,15706,8.0,10.3,10.5,38.1,42.1,38.5,25.2,2.3,3592,4.4,86.0,4.5,96.4,11.7,1,0.04304123219051179
74310302,Commune de Chahda,10449,7.9,10.1,10.9,35.6,38.2,36.6,27.7,3.0,2346,4.5,92.7,0.2,97.1,1.0,1,0.028634778757077407
74310307,Commune de Lahdar,12809,7.5,9.4,10.3,40.3,38.5,36.7,29.3,2.3,2974,4.3,97.8,0.0,94.0,0.5,1,0.03510219935873333
74310305,Commune de Labkhati,13730,8.5,10.4,10.8,35.6,38.5,37.6,28.0,2.8,3052,4.5,97.9,0.0,97.8,26.2,1,0.03762613765285413
74310311,Commune de Lamsabih,10443,8.7,10.6,11.6,42.1,43.8,37.8,22.5,2.1,2404,4.3,96.9,0.0,97.8,0.0,1,0.02861833616232743
74310303,Commune d'El Gouraani,10859,8.7,11.0,10.9,34.7,37.1,34.5,25.1,2.4,2446,4.4,82.8,0.0,95.4,1.0,1,0.02975835606499221
74310313,Commune de Sidi Aissa,9527,8.2,10.1,10.8,40.1,42.6,38.1,38.1,2.8,2241,4.3,95.5,0.0,97.0,1.8,1,0.026108100030498273
74310909,Commune de Moul El Bergui,15355,8.3,10.1,11.2,39.9,42.3,39.1,33.7,3.1,3436,4.5,94.1,1.0,94.6,3.7,1,0.042079340397638394
74310903,Commune de Dar Si Aissa,11949,8.1,10.2,11.2,39.7,41.8,36.8,22.5,1.9,2623,4.6,86.6,0.0,93.3,0.2,1,0.03274542744457057
74310915,Commune de Saadla,18134,9.0,10.4,10.7,36.2,41.2,40.0,8.6,2.1,4040,4.5,91.8,0.0,95.4,0.5,1,0.049695002199334065
74310901,Commune d'Ayir,30867,9.4,10.8,11.1,34.5,40.3,41.8,18.4,2.5,6709,4.6,88.1,1.2,93.6,22.2,1,0.08458892869123441
74310905,Commune d'El Beddouza,14276,9.1,10.4,11.5,42.2,46.1,41.0,11.6,0.9,3132,4.6,96.1,0.5,92.0,10.2,1,0.03912241377510164
74310907,Commune de Hrara,29730,8.7,10.4,10.9,34.5,38.3,37.9,16.3,2.4,6676,4.5,91.2,1.3,91.3,5.8,1,0.08147305698611458
74310705,Commune de Khatazakane,16691,8.4,9.2,10.2,37.7,43.5,38.7,9.4,2.6,4000,4.2,90.3,0.5,94.7,2.1,1,0.04574055816196564
74310713,Commune d'Ouled Salmane,16457,8.1,9.8,10.0,41.9,47.2,40.9,17.0,1.7,3889,4.2,93.7,0.0,90.2,1.5,1,0.04509929696671671
74310711,Commune de Nagga,21993,8.7,10.3,11.2,41.8,48.1,39.5,20.0,1.9,4926,4.5,89.8,0.5,89.4,0.3,1,0.06027033105602482
74310707,Commune de Laamamra,12023,8.4,10.2,11.7,49.2,51.9,40.6,20.7,2.4,2706,4.4,96.6,0.0,92.7,0.9,1,0.032948219446486904
74310703,Commune d'El Ghiate,23107,8.3,10.7,11.8,46.8,50.1,37.4,15.1,1.1,5300,4.4,89.6,0.7,89.8,3.8,1,0.06332317281460308
74310709,Commune de Lamaachate,15826,8.3,9.9,10.3,40.6,45.6,39.2,9.8,1.7,3945,4.0,95.1,0.9,95.7,31.3,1,0.043370084085511254
74310701,Commune d'Atouabet,10378,8.5,10.5,11.1,47.7,53.4,36.8,9.2,3.2,2393,4.3,87.5,0.0,96.2,50.2,1,0.028440208052536064
75850113,Commune de Youssoufia,65602,6.9,9.3,9.5,19.3,26.0,36.6,33.1,5.9,16415,4.0,66.4,21.4,99.7,97.8,1,0.17977785013128453
75850107,Commune d'Echemmaia,26014,8.2,9.7,10.3,24.6,30.6,41.2,30.0,4.4,6023,4.3,64.5,21.7,98.7,97.1,1,0.07128960997096484
75850511,Commune de Jnane Bouih,19754,9.9,11.9,12.5,41.2,44.8,40.3,11.6,2.1,4163,4.7,96.9,0.0,94.7,2.5,1,0.054134502781826695
75850509,Commune de Jdour,19390,9.8,11.1,12.0,41.0,44.5,43.6,13.5,1.6,3897,5.0,96.9,0.0,95.6,1.0,1,0.053136985366995015
75850517,Commune de Sidi Chiker,20290,10.2,12.3,12.5,43.5,47.1,42.0,10.4,1.0,4192,4.8,97.5,0.4,96.1,6.4,1,0.05560337457949092
75850507,Commune d'Ighoud,22076,9.0,11.0,12.5,43.4,46.5,40.7,23.9,1.4,4669,4.7,94.7,1.7,92.9,12.7,1,0.06049778695006612
75850703,Commune d'El Gantour,17270,7.9,9.9,10.4,34.5,36.9,38.2,35.6,5.8,4192,4.1,78.1,3.1,96.4,46.3,1,0.04732726855533801
75850705,Commune d'Esbiaat,14644,8.6,10.6,11.9,38.1,41.7,36.1,23.0,3.2,3124,4.7,90.6,0.2,92.4,1.8,1,0.04013089291976663
75850715,Commune de Ras El Ain,19088,10.1,12.2,12.3,46.0,47.6,39.0,16.9,2.4,3752,5.1,91.6,0.7,95.2,45.1,1,0.052309374764579725
75850701,Commune d'Atiamim,6774,8.7,11.3,12.2,39.1,41.4,40.6,27.2,3.1,1486,4.6,96.0,0.0,95.9,19.4,1,0.018563689472719146
75850713,Commune de Lakhoualqa,14618,9.5,12.0,12.2,46.5,48.3,36.5,21.8,2.7,3142,4.7,95.8,0.0,96.1,63.8,1,0.040059641675850084
82010105,Commune d'Errachidia,95724,7.8,9.5,10.5,10.7,18.4,37.5,22.3,4.7,22944,4.2,59.0,31.7,99.6,99.2,1,0.262325156641064
82010101,Commune d'Arfoud,28876,8.3,10.1,11.1,14.5,23.3,35.9,21.5,4.2,6309,4.6,63.1,25.9,98.8,95.4,1,0.0791327276667018
82010109,Commune de Goulmima,14623,6.5,8.7,10.2,20.7,24.7,31.3,26.9,7.7,3588,4.1,71.8,19.3,98.3,93.5,1,0.04007334383814173
82010111,Commune de Jorf,11864,8.3,9.9,11.4,21.0,28.3,34.4,19.7,6.0,2521,4.7,75.8,11.1,98.6,99.2,1,0.03251249068561263
82010113,Commune de Moulay Ali Cherif,22073,9.0,10.6,11.4,17.2,27.7,38.3,18.1,5.1,4481,4.9,64.5,27.8,99.7,99.9,1,0.06048956565269113
82010103,Commune de Boudnib,12514,8.7,10.2,11.0,17.8,26.5,33.6,12.8,6.0,2878,4.3,61.4,30.8,98.4,98.9,1,0.034293771783526335
82010115,Commune de Tinejdad,9525,8.5,9.8,10.4,16.1,23.0,37.1,12.1,5.7,2023,4.7,65.0,26.3,99.6,99.3,1,0.026102619165581615
82010307,Commune d'Es-Sifa,6531,9.9,11.5,12.0,27.7,34.9,34.3,17.6,4.2,1130,5.8,87.5,0.8,86.9,74.7,1,0.017897764385345252
82010303,Commune d'Aarab Sebbah Ziz,20538,9.1,11.0,12.2,19.7,27.3,33.1,12.4,4.7,3771,5.4,84.1,3.6,97.6,95.4,1,0.05628300182915645
82010301,Commune d'Aarab Sebbah Gheris,4758,9.6,11.1,12.4,23.2,32.5,33.6,26.1,4.2,911,5.2,76.2,1.6,98.4,94.7,1,0.013038977636728328
82010309,Commune de Fezna,4399,9.0,10.7,11.6,25.7,30.4,31.4,17.3,6.1,846,5.2,72.9,3.4,97.6,96.7,1,0.012055162384188297
82011101,Commune de Bni M'hamed-Sijelmassa,11925,8.7,10.8,11.7,23.8,32.7,32.8,18.8,4.5,2361,5.1,79.6,0.2,98.1,94.3,1,0.03267965706557068
82011103,Commune d'Er-Rissani,4076,10.3,11.9,11.4,33.7,41.2,32.8,47.7,5.6,701,5.8,83.9,0.4,96.5,61.9,1,0.011170002700148101
82011105,Commune d'Es-Sfalat,8586,8.2,9.9,11.6,29.2,35.5,29.1,13.2,4.9,1732,5.0,80.9,0.4,94.9,92.3,1,0.02352935308721089
82011107,Commune d'Et-Taous,9001,9.8,11.3,10.4,30.9,37.3,37.7,11.1,4.7,1897,4.7,81.9,9.1,92.3,86.7,1,0.024666632557417335
82011109,Commune de Sidi Ali,1966,10.3,11.5,10.8,48.4,52.5,37.9,16.3,3.8,336,5.9,78.7,2.5,90.1,52.9,1,0.005387690213074379
82010701,Commune d'Aoufous,8886,7.6,10.3,10.5,25.8,28.2,30.3,20.2,5.5,1938,4.6,84.7,5.6,98.1,94.3,1,0.024351482824709527
82010705,Commune d'Er-Rteb,12852,9.1,10.5,11.6,23.1,29.4,32.8,18.6,3.6,2544,5.1,89.3,2.7,99.5,95.4,1,0.03522003795444146
82010709,Commune d'Oued Naam,5707,9.9,11.0,11.8,32.3,37.8,31.6,20.9,5.9,1198,4.8,83.2,3.8,94.4,79.2,1,0.01563964803968234
82010703,Commune de Chorfa M'daghra,17483,9.3,11.3,11.2,20.0,25.3,31.6,13.9,3.5,3641,4.8,70.4,12.2,97.8,89.3,1,0.04791098066896204
82010707,Commune de Lkheng,18219,9.2,10.8,11.5,21.2,28.2,34.9,23.0,3.9,4011,4.5,80.6,11.1,97.8,79.5,1,0.04992793895829201
82011309,Commune de Gheris Es-Soufli,6877,8.3,10.2,10.9,25.1,31.3,29.0,17.3,5.2,1386,5.0,85.3,1.7,97.2,92.2,1,0.01884595401592701
82011307,Commune de Gheris El Ouloui,12192,7.6,9.7,10.7,24.7,30.7,29.8,28.6,5.1,2450,5.0,89.3,2.8,97.2,97.6,1,0.033411352531944466
82011313,Commune de Tadighoust,6016,7.8,9.3,10.2,37.0,39.7,29.7,27.3,7.8,1453,4.1,87.1,2.6,97.2,89.7,1,0.01648644166930593
82011302,Commune d'Amellagou,4706,8.5,10.2,12.3,37.6,40.1,31.9,35.7,6.4,1060,4.4,83.7,4.6,95.7,80.2,1,0.01289647514889523
82011501,Commune d'Aghbalou-N'kerdous,10672,10.3,10.8,11.7,36.1,38.4,36.0,32.9,4.2,1943,5.5,86.8,4.5,93.5,91.1,1,0.029245895195284723
82011511,Commune de Melaab,17229,9.2,11.6,12.4,29.1,35.6,30.7,27.1,6.8,3378,5.1,77.6,5.1,97.7,92.7,1,0.04721491082454653
82011505,Commune de Ferkla Es-Soufla,11875,8.3,9.6,9.6,24.4,31.8,34.5,28.6,5.6,2272,5.2,86.7,1.7,99.9,93.0,1,0.03254263544265425
82011503,Commune de Ferkla El Oulia,23362,8.5,10.2,10.9,21.8,27.1,35.3,21.7,5.7,4404,5.3,80.7,8.8,96.1,91.7,1,0.06402198309147691
84010107,Commune d'Ouarzazate,75847,8.1,9.9,10.2,13.4,20.8,40.9,22.1,3.8,18297,4.1,58.6,28.0,99.5,99.5,1,0.20785358066686285
84010109,Commune de Taznakht,8265,8.6,10.6,10.1,21.3,29.2,40.6,15.4,3.4,2010,4.1,54.2,33.7,98.0,98.7,1,0.022649674268087356
84010303,Commune d'Amerzgane,8683,8.5,9.3,10.1,34.2,39.7,29.2,18.9,3.2,1985,4.4,80.3,0.5,97.6,97.7,1,0.023795175035668782
84010301,Commune d'Ait Zineb,10529,8.5,9.4,9.2,29.1,36.0,34.3,13.8,3.7,2334,4.5,85.2,5.0,98.9,97.3,1,0.028854013353743706
84010315,Commune de Telouet,12395,8.2,8.4,8.8,40.9,45.3,34.3,16.9,3.3,2655,4.7,89.7,2.3,96.8,84.2,1,0.03396766032098521
84010307,Commune d'Ighrem N'ougdal,13726,8.3,8.6,9.4,32.2,40.2,31.1,20.1,3.0,3026,4.5,86.5,4.2,96.8,98.3,1,0.03761517592302081
84010317,Commune de Tidili,14817,9.0,9.6,10.6,35.2,42.0,32.9,22.8,3.0,3089,4.8,89.6,3.9,98.1,99.3,1,0.04060498773505751
84010305,Commune d'Iznaguen,11953,7.4,9.1,9.9,40.9,45.9,28.5,20.8,2.5,2666,4.5,93.5,1.0,99.0,99.3,1,0.03275638917440389
84010311,Commune d'Ouisselsate,12471,7.7,8.8,9.5,37.3,43.4,24.5,14.8,2.3,2884,4.3,96.4,0.2,99.6,97.0,1,0.0341759331878182
84010309,Commune de Khouzama,7321,8.4,9.5,10.5,50.0,50.3,28.0,12.1,2.3,1672,4.4,92.4,0.4,94.7,98.6,1,0.02006270602742499
84010313,Commune de Siroua,8584,7.0,9.0,10.0,43.7,45.6,37.4,25.3,1.9,2030,4.2,93.7,1.7,97.9,99.3,1,0.023523872222294233
84010709,Commune de Tarmigt,46963,8.3,10.0,11.0,20.6,27.9,35.0,21.5,3.3,10058,4.7,73.2,17.7,98.1,96.7,1,0.12869892954049444
84010703,Commune d'Idelsane,8680,8.1,10.3,10.8,28.2,32.9,28.3,16.9,2.5,1840,4.7,93.5,1.9,97.1,97.3,1,0.023786953738293797
84010707,Commune de Skoura Ahl El Oust,24053,8.5,10.1,10.5,29.0,33.7,33.9,24.4,3.8,4879,4.9,88.6,4.4,96.6,93.3,1,0.06591562192018212
84010711,Commune de Toundoute,10174,8.8,9.5,9.8,33.8,39.2,33.6,32.9,3.6,2028,5.0,90.6,2.2,97.7,96.2,1,0.027881159831036992
84010705,Commune d'Imi-N'oulaoune,19734,10.0,10.2,10.9,43.2,47.5,33.9,18.4,1.6,3536,5.6,91.4,1.4,95.6,89.1,1,0.05407969413266012
84010701,Commune de Ghassate,7158,8.5,9.1,9.2,40.1,44.3,29.6,40.0,2.7,1431,5.0,92.9,1.0,98.7,90.8,1,0.019616015536717397
83630103,Commune de Midelt,62149,7.5,9.2,9.9,19.3,23.8,38.7,24.6,7.9,16225,3.8,66.0,25.0,98.6,94.7,1,0.17031513685267524
83630107,Commune d'Er-Rich,28452,7.7,9.8,10.7,19.0,25.4,33.8,27.6,6.8,6894,4.1,64.9,24.3,99.0,97.3,1,0.0779707843043704
83630115,Commune de Boumia,21709,7.8,9.5,9.9,34.4,38.2,39.7,20.4,11.1,5879,3.7,52.6,33.3,98.0,92.8,1,0.05949204823785945
83630905,Commune de Guers Tiaallaline,15019,9.0,11.2,11.6,36.0,39.9,33.7,34.0,6.0,3106,4.8,75.5,3.1,96.3,87.6,1,0.041158555091639924
83630909,Commune de M'zizel,7502,8.3,10.2,12.4,35.8,39.5,32.4,31.4,6.9,1561,4.8,92.0,0.3,95.2,91.7,1,0.020558724302382498
83630911,Commune de Sidi Aayad,11561,9.8,11.6,11.7,36.1,39.4,36.2,24.0,6.4,2440,4.7,78.8,7.2,94.5,86.1,1,0.03168213965073901
83630901,Commune d'En-Nzala,4873,10.3,11.1,11.9,50.4,52.3,37.5,18.9,5.7,1012,4.8,86.9,2.1,87.9,58.4,1,0.013354127369436138
83630913,Commune de Zaouiat Sidi Hamza,5248,9.9,10.2,10.4,43.7,45.6,38.5,12.0,4.4,934,5.6,92.1,1.4,97.4,90.9,1,0.01438178954130943
83630907,Commune de Guir,4363,11.0,11.3,11.5,43.5,46.8,31.4,58.1,8.0,929,4.7,85.4,0.7,90.4,93.7,1,0.01195650681568846
83630903,Commune de Gourrama,15935,9.3,10.9,11.9,39.3,41.6,34.9,33.6,5.4,3379,4.7,75.0,10.1,94.6,83.0,1,0.04366879122346908
83631501,Commune d'Ait Yahya,4293,10.9,10.9,10.4,45.9,49.2,49.4,6.7,5.9,763,5.6,89.8,1.4,95.8,94.1,1,0.011764676543605445
83631503,Commune d'Amouguer,4362,8.9,9.6,10.5,47.3,49.1,48.5,3.5,7.2,888,4.9,90.6,3.1,96.6,90.7,1,0.011953766383230133
83631507,Commune d'Imilchil,9159,10.0,11.3,10.6,51.5,52.9,36.4,33.3,5.2,2056,4.5,88.3,4.4,79.7,64.2,1,0.025099620885833285
83631505,Commune de Bou-Azmou,10097,9.9,10.9,11.1,46.1,48.4,45.8,16.9,5.5,2026,5.0,93.5,2.4,94.1,96.6,1,0.02767014653174568
83631509,Commune d'Outerbat,6763,9.5,10.9,10.2,47.4,47.9,50.1,6.6,5.9,1372,4.9,89.6,2.8,95.0,90.0,1,0.01853354471567753
83630719,Commune de Mibladen,3052,8.8,10.4,10.6,44.5,47.0,33.9,20.4,7.4,739,4.1,90.7,1.4,88.6,78.9,1,0.008363799862819432
83630711,Commune d'Amersid,6021,9.3,10.4,11.0,38.8,41.0,38.4,21.1,4.8,1356,4.4,82.1,2.2,88.9,72.8,1,0.016500143831597577
83630709,Commune d'Ait Izdeg,7230,8.9,10.4,11.6,33.9,36.9,33.9,18.1,6.7,1642,4.4,74.1,1.4,94.2,56.0,1,0.019813326673717067
83630705,Commune d'Ait Ayach,12932,8.2,10.1,10.1,36.1,37.1,39.4,16.9,7.2,2773,4.7,75.2,5.0,97.2,72.3,1,0.035439272551107764
83630707,Commune d'Ait Ben Yacoub,3743,7.8,9.2,9.1,43.2,44.0,37.0,29.6,5.3,1044,3.6,86.0,1.4,94.8,37.3,1,0.010257438691524618
83630717,Commune d'Itzer,10513,6.6,8.5,10.0,36.3,38.7,34.0,23.3,7.5,2946,3.6,57.0,15.2,97.0,78.9,1,0.02881016643441045
83630729,Commune de Zaida,14449,7.6,9.9,11.1,34.2,37.2,37.8,21.8,6.9,3696,3.9,70.2,18.1,95.8,92.5,1,0.03959650859039252
83630523,Commune de Tanourdi,2834,6.7,8.8,10.7,50.7,51.3,39.9,30.0,4.7,621,4.6,78.2,0.0,83.2,1.3,1,0.007766385586903758
83630525,Commune de Tizi N'ghachou,2836,8.1,8.9,9.0,57.7,58.7,44.2,4.3,4.6,627,4.5,83.4,0.3,95.4,2.4,1,0.007771866451820415
83630501,Commune d'Aghbalou,10294,8.0,9.8,10.7,41.7,43.9,39.0,21.2,7.1,2606,4.0,65.8,14.7,93.2,45.4,1,0.028210011726036446
83630521,Commune de Sidi Yahia Ou Youssef,4873,9.7,11.4,11.7,56.7,59.5,40.4,8.2,6.2,1109,4.4,87.3,5.0,90.3,13.7,1,0.013354127369436138
83631727,Commune de Tounfite,13370,7.7,9.0,10.2,42.6,45.0,35.5,25.3,7.5,3301,4.1,79.5,9.6,95.1,70.4,1,0.03663958196785577
83631703,Commune d'Agoudim,3822,9.5,9.5,9.9,51.4,52.1,37.3,9.3,4.4,762,5.0,91.6,1.3,93.2,78.7,1,0.010473932855732592
83631713,Commune d'Anemzi,5134,8.9,10.9,10.6,59.7,54.6,38.4,6.8,6.6,1022,5.0,88.9,1.5,86.0,9.8,1,0.014069380241059947
85770111,Commune de Tinghir,44156,8.2,10.3,10.0,19.1,25.3,39.3,24.6,6.2,9840,4.5,67.6,23.3,98.1,84.8,1,0.12100653562996554
85770103,Commune de Boumalne-Dades,12074,8.6,9.7,10.7,23.0,30.7,37.0,21.7,6.4,2769,4.4,64.8,24.2,98.1,91.7,1,0.03308798150186167
85770105,Commune de Kalâat M'gouna,17737,9.5,11.0,11.5,26.9,33.6,36.8,20.9,5.7,3900,4.5,63.1,23.7,98.2,94.1,1,0.04860705051337754
85770507,Commune d'Ait Sedrate Jebel Soufla,5228,8.1,10.1,9.0,32.7,36.5,37.3,15.8,6.7,1099,4.8,93.2,1.8,96.8,98.5,1,0.014326980892142856
85770505,Commune d'Ait Sedrate Jbel El Oulia,4978,9.6,10.8,10.8,35.1,37.7,35.0,29.7,5.7,904,5.5,93.0,2.1,97.7,98.2,1,0.01364187277756066
85770513,Commune d'Ait Youl,4680,9.5,10.7,10.2,29.6,36.1,31.1,33.3,5.5,842,5.6,96.7,0.4,96.7,95.5,1,0.012825223904978682
85770517,Commune d'Ikniouen,17707,10.6,11.8,12.8,34.6,40.0,32.2,15.8,2.7,2539,7.0,90.7,3.5,91.4,72.8,1,0.048524837539627684
85770521,Commune de M'semrir,8686,9.6,11.1,12.0,32.7,34.6,35.9,45.6,4.8,1487,5.8,85.6,5.2,97.3,97.5,1,0.02380339633304377
85770529,Commune de Tilmi,11691,10.4,11.3,12.2,40.1,43.7,38.2,27.8,4.4,2049,5.7,93.2,1.5,92.9,97.7,1,0.03203839587032175
85770909,Commune d'Ait Sedrate Sahl Charkia,15420,9.4,11.4,11.9,39.2,43.4,33.6,18.0,5.1,2920,5.3,91.4,0.8,96.0,88.9,1,0.042257468507429764
85770911,Commune d'Ait Sedrate Sahl El-Gharbia,19985,9.3,11.6,12.1,39.7,42.2,30.4,25.6,5.0,3988,5.0,92.0,1.4,90.4,80.2,1,0.05476754267970063
85770903,Commune d'Ait Ouassif,8885,9.2,11.5,11.1,40.1,42.7,41.1,18.6,3.3,1599,5.6,89.9,1.1,96.4,94.4,1,0.024348742392251196
85770925,Commune de Souk Lakhmis Dades,16154,8.4,10.6,10.7,30.7,34.9,31.1,20.7,5.1,3408,4.7,86.7,2.0,97.7,91.5,1,0.044268945931843086
85770915,Commune d'Ighil N'oumgoun,23218,10.7,11.8,12.7,44.8,48.3,46.4,12.8,3.7,3734,6.2,93.3,2.5,95.4,81.8,1,0.06362736081747758
85770719,Commune d'Imider,4294,9.8,11.3,11.8,26.0,33.3,32.7,22.5,3.5,763,5.6,82.6,7.1,95.4,92.9,1,0.011767416976063774
85770723,Commune d'Ouaklim,12050,10.4,12.2,13.0,29.7,35.4,37.2,15.2,4.4,1976,6.1,90.2,3.5,90.8,90.3,1,0.03302221112286178
85770731,Commune de Toudgha El Oulia,5084,6.6,9.0,10.3,27.3,31.4,31.5,28.3,8.6,1244,4.1,88.0,1.9,96.7,97.1,1,0.013932358618143511
85770727,Commune de Taghzoute N'ait Atta,15654,9.6,12.2,12.1,29.8,36.0,31.0,26.8,8.7,3232,4.8,74.6,8.8,95.7,91.2,1,0.042898729702678697
85770701,Commune d'Ait El Farsi,5653,9.9,12.3,14.1,36.3,39.3,27.1,27.5,4.6,1040,5.4,85.6,3.2,95.8,90.2,1,0.015491664686932586
85770733,Commune de Toudgha Essoufla,13890,8.3,9.5,9.5,26.5,33.1,27.5,32.5,7.2,2663,5.2,82.1,1.5,97.1,94.1,1,0.03806460684618673
85770205,Commune d'Alnif,20448,9.7,11.9,11.6,29.0,33.5,30.4,14.5,4.4,3578,5.7,76.0,12.7,96.2,88.5,1,0.05603636290790686
85770221,Commune de M'ssici,5455,10.4,12.9,10.5,39.7,41.8,29.6,34.8,4.5,895,6.1,86.3,2.4,97.1,98.2,1,0.014949059060183486
85770211,Commune de H'ssyia,11713,10.7,14.7,13.8,35.7,36.9,29.5,38.8,3.1,1860,6.3,85.9,8.7,98.1,98.6,1,0.03209868538440498
85770301,Commune d'Ait Hani,11120,10.7,11.8,11.8,47.1,48.4,35.3,32.9,5.6,2183,5.1,88.5,2.4,94.6,97.7,1,0.030473608936616013
85770305,Commune d'Assoul,6825,9.0,9.9,10.7,34.8,38.9,30.9,29.4,8.6,1611,4.2,80.1,4.4,96.8,90.6,1,0.018703451528093912
85870113,Commune de Zagora,41656,9.4,10.4,11.1,18.5,29.3,35.7,20.2,3.5,7898,5.3,65.1,24.7,96.0,97.1,1,0.1141554544841436
85870101,Commune d'Agdz,11180,9.4,10.9,11.8,22.3,30.6,37.1,21.2,3.3,2254,5.0,65.1,25.0,99.9,96.2,1,0.030638034884115744
85870713,Commune de Bouzeroual,9972,10.3,12.2,12.9,37.6,40.7,23.7,31.9,1.6,1385,7.2,94.4,0.1,98.9,98.7,1,0.02732759247445458
85870745,Commune de Tinzouline,14650,9.7,11.3,11.8,27.9,35.1,30.4,29.9,2.3,2109,6.9,82.6,9.1,97.3,96.5,1,0.0401473355145166
85870709,Commune de Bleida,4309,11.6,12.9,12.5,33.4,38.8,34.0,32.6,1.1,616,7.0,89.7,2.2,91.0,80.7,1,0.011808523462938706
85870715,Commune d'Errouha,9519,9.9,12.2,13.3,34.0,38.8,29.3,14.9,1.8,1432,6.6,95.2,0.4,98.0,94.8,1,0.026086176570831645
85870743,Commune de Ternata,15670,11.1,11.7,13.0,30.6,36.6,33.8,17.1,3.2,2266,6.9,90.1,1.9,94.2,51.2,1,0.04294257662201196
85870711,Commune de Bni Zoli,16240,10.0,11.3,12.9,30.0,34.6,32.0,14.4,2.3,2150,7.6,89.9,1.6,97.1,86.8,1,0.04450462312325936
85870729,Commune de Taftechna,4661,10.6,11.8,12.2,38.8,40.2,30.9,29.0,3.0,714,6.5,92.2,0.3,95.1,96.8,1,0.012773155688270438
85870935,Commune de Tamegroute,19200,10.1,11.2,12.1,28.2,33.0,27.0,23.5,4.2,2771,6.9,88.2,2.7,97.5,86.3,1,0.05261630319991254
85870917,Commune de Fezouata,8001,10.8,12.3,12.8,31.6,36.7,25.3,14.7,2.4,1047,7.6,95.5,0.1,97.6,73.0,1,0.021926200099088557
85870923,Commune de M'hamid El Ghizlane,6121,9.3,9.7,9.9,23.5,32.6,35.1,54.8,5.2,1234,5.0,73.2,7.7,97.5,90.1,1,0.016774187077430454
85870933,Commune de Tagounite,14413,9.7,10.6,10.9,26.9,34.7,29.3,21.8,4.2,2603,5.5,69.6,12.3,98.2,96.0,1,0.03949785302189269
85870919,Commune de Ktaoua,6157,9.3,10.8,12.0,35.4,37.9,26.1,24.2,2.6,1204,5.1,91.7,0.1,96.3,82.7,1,0.016872842645930287
85870337,Commune de Tamezmoute,10950,9.8,11.1,11.6,30.7,37.7,34.0,26.6,2.9,1787,6.1,88.3,3.7,97.7,94.0,1,0.030007735418700124
85870327,Commune d'Oulad Yahia Lagraire,10686,9.7,10.8,12.1,32.1,45.9,22.6,15.5,2.3,1791,6.0,95.8,0.6,99.0,96.4,1,0.029284261249701325
85870303,Commune d'Afra,7554,8.4,10.4,11.4,33.8,38.2,25.6,28.0,3.9,1369,5.5,90.0,1.0,97.1,94.9,1,0.020701226790215594
85870321,Commune de Mezguita,7084,9.1,9.3,10.7,31.0,35.1,24.8,23.3,2.4,1135,6.2,95.1,0.2,97.0,89.5,1,0.019413223534801065
85870339,Commune de Tansifte,11362,9.2,10.8,10.5,32.2,37.1,29.1,27.5,3.4,2040,5.6,95.1,0.6,97.0,93.8,1,0.03113679359153158
85870301,Commune d'Afella N'dra,6657,9.9,11.4,11.3,31.0,37.5,25.3,10.8,3.9,1149,5.8,91.7,0.3,97.3,95.0,1,0.018243058875094677
85871131,Commune de Taghbalte,9176,11.8,12.6,13.3,36.8,39.4,28.0,56.0,3.2,1328,6.9,88.4,1.3,93.1,94.7,1,0.02514620823762487
85871105,Commune d'Ait Boudaoud,4757,10.4,13.0,14.3,42.2,45.9,20.4,20.2,3.5,779,6.1,79.6,1.9,96.8,98.1,1,0.01303623720427
85871141,Commune de Tazarine,13895,10.6,11.9,11.8,33.9,39.1,25.3,14.9,3.3,2254,6.2,79.1,5.9,96.8,96.9,1,0.038078309008478375
85871125,Commune de N'kob,7742,10.0,11.4,11.6,37.5,44.7,29.9,17.2,3.6,1477,5.2,84.9,5.5,94.3,93.5,1,0.021216428092381404
85871107,Commune d'Ait Ouallal,11751,10.6,12.5,13.0,35.0,40.5,33.1,13.7,3.5,1827,6.4,88.5,1.9,96.3,94.9,1,0.03220282181782148
90010101,Commune d'Agadir,501797,6.3,8.1,8.5,13.0,20.7,45.9,20.0,5.9,143553,3.5,61.2,30.1,99.4,98.6,1,1.375140786292006
90010501,Commune d'Amskroud,9617,6.9,8.7,8.7,37.7,41.4,36.8,20.9,3.1,2395,4.0,92.2,3.2,97.2,93.1,1,0.026354738951747864
90010511,Commune d'Idmine,2715,6.2,7.5,7.7,50.2,54.7,27.5,25.4,2.2,728,3.7,97.4,0.1,98.9,93.8,1,0.007440274124362633
90010509,Commune de Drargua,107467,8.8,10.9,10.9,23.0,31.0,43.6,17.8,2.9,25472,4.2,68.8,24.2,98.3,96.3,1,0.29450605499921884
90010703,Commune d'Aourir,45879,7.3,8.8,9.3,21.2,29.7,41.3,16.5,3.3,11696,3.9,75.9,18.0,98.3,94.0,1,0.12572830075566602
90010723,Commune de Taghazout,4854,6.2,7.5,8.6,32.8,38.8,34.7,17.4,2.4,1393,3.5,92.6,2.9,96.3,45.7,1,0.013302059152727889
90010705,Commune d'Aqsri,3333,6.2,6.9,7.5,42.0,44.6,26.8,19.2,2.6,914,3.6,93.3,1.2,93.5,88.8,1,0.00913386138360982
90010713,Commune d'Imouzzer,4083,5.3,7.3,9.4,49.2,56.4,29.2,43.4,1.7,1094,3.7,93.1,0.7,98.0,40.0,1,0.011189185727356403
90010729,Commune de Tiqqi,6378,6.7,8.8,9.3,51.0,54.9,33.0,26.0,1.1,1695,3.8,95.8,0.7,97.8,87.4,1,0.01747847821922095
90010721,Commune de Tadrart,2887,5.7,7.6,8.2,57.7,62.7,25.9,34.0,0.8,881,3.3,96.1,0.2,97.8,60.4,1,0.007911628507195184
90010707,Commune d'Aziar,2053,5.5,6.9,10.4,56.1,62.3,24.0,33.1,2.3,618,3.3,97.1,0.0,93.5,3.2,1,0.005626107836948982
90010725,Commune de Tamri,19561,8.4,9.3,8.8,35.6,39.5,40.6,15.8,2.2,4899,4.0,87.5,8.4,97.0,74.3,1,0.05360559931736924
90010715,Commune d'Imsouane,7096,7.8,8.5,8.6,39.6,46.0,35.4,11.8,2.1,1910,3.7,94.9,1.8,94.9,93.1,1,0.01944610872430101
92730115,Commune d'Inezgane,137003,6.9,8.7,9.3,22.4,29.2,45.3,23.2,5.3,34902,3.9,54.3,35.7,99.1,98.7,1,0.37544746808841767
92730105,Commune d'Ait Melloul,210480,7.4,9.4,9.8,19.1,27.0,44.3,19.4,4.7,53781,3.9,56.7,35.4,99.5,98.5,1,0.5768062238290412
92730113,Commune de Dcheira El Jihadia,110712,6.8,8.8,9.1,14.4,22.0,44.9,21.6,5.7,30582,3.6,53.0,38.8,99.7,99.2,1,0.3033987583264957
92730117,Commune de Lqliaa,101350,8.0,9.8,10.2,26.7,33.7,47.2,20.2,6.2,25615,4.0,57.2,32.5,99.0,99.1,1,0.2777428296516217
92730527,Commune de Temsia,52621,7.6,9.9,10.6,26.1,33.4,42.4,20.9,3.5,12689,4.1,71.3,19.1,98.1,93.0,1,0.14420429638971866
92730519,Commune d'Oulad Dahou,15697,7.0,9.1,9.5,30.5,34.3,38.8,22.0,5.4,3982,3.9,83.2,5.2,95.5,97.1,1,0.043016568298386834
91630103,Commune d'Ait Baha,6007,6.8,9.4,9.5,27.6,37.9,42.7,18.6,2.5,1611,3.7,54.1,37.1,99.0,98.9,1,0.016461777777180973
91630111,Commune de Biougra,50445,7.9,9.7,10.3,20.5,29.7,48.3,14.3,5.8,13774,3.7,52.0,42.9,99.3,99.6,1,0.13824111536039524
91630101,Commune d'Ait Amira,113205,9.2,10.5,10.3,31.5,40.2,56.5,12.0,6.2,30592,3.7,57.0,36.6,97.6,98.6,1,0.31023065644510933
91630127,Commune de Sidi Bibi,72210,9.0,10.4,10.8,26.1,33.1,48.2,16.1,3.7,18972,3.8,63.8,25.4,97.3,95.8,1,0.19788662781592112
91630305,Commune d'Ait Mzal,3165,5.3,7.2,8.1,44.3,54.1,30.6,37.7,2.5,970,3.3,91.2,0.5,97.0,83.5,1,0.008673468730610584
91630313,Commune de Hilala,1858,5.4,6.1,8.2,48.1,58.2,25.5,43.2,2.1,630,2.9,93.8,0.0,94.6,6.7,1,0.00509172350757487
91630337,Commune de Tassegdelt,4030,4.2,6.8,9.0,48.4,53.5,25.6,36.5,2.8,1260,3.2,94.7,0.2,95.9,86.2,1,0.011043942807064977
91630307,Commune d'Ait Ouadrim,4951,6.1,8.0,8.9,50.1,60.8,28.0,16.1,2.6,1455,3.4,96.5,0.1,96.2,61.8,1,0.013567881101185782
91630325,Commune de Sidi Abdallah El Bouchouari,6577,5.6,7.9,9.2,49.7,57.7,26.2,24.1,2.9,1834,3.6,94.9,2.9,97.2,44.9,1,0.01802382427842838
91630335,Commune de Targua-Ntouchka,3308,4.1,6.0,6.9,57.6,66.7,17.5,24.1,2.8,1083,3.1,98.1,0.5,96.3,33.4,1,0.009065350572151598
91630333,Commune de Tanalt,1946,3.1,3.5,5.7,42.8,56.6,24.7,33.1,3.8,766,2.5,86.3,4.3,97.5,77.6,1,0.005332881563907803
91630309,Commune d'Aouguenz,2866,3.2,4.7,6.5,52.9,58.1,21.5,25.8,3.3,1050,2.7,93.6,1.0,97.4,47.0,1,0.00785407942557028
91630315,Commune d'Ida-Ougnidif,2020,4.3,5.5,6.2,38.2,48.8,30.7,36.9,4.9,787,2.6,74.3,4.1,98.0,93.5,1,0.005535673565824133
91630339,Commune de Tizi Ntakoucht,1082,4.8,4.2,5.2,46.4,65.1,25.0,51.7,2.6,417,2.6,94.9,0.0,96.4,81.8,1,0.0029651479199117384
91630717,Commune d'Imi-Mqourn,10312,7.3,8.6,8.9,40.2,46.9,35.6,37.6,2.9,2783,3.7,91.6,0.9,95.2,97.5,1,0.028259339510286367
91630729,Commune de Sidi Boushab,8335,6.4,8.7,8.3,45.2,50.1,34.5,25.6,3.1,2294,3.6,94.3,0.3,95.9,97.2,1,0.02284150454017037
91630723,Commune d'Oued Essafa,83330,8.8,10.5,10.8,29.8,37.8,46.3,16.0,4.5,21290,3.9,72.6,17.7,95.6,97.4,1,0.22836023675253714
91630511,Commune de Belfaâ,36506,8.3,10.3,10.2,28.6,36.2,46.0,13.3,3.4,9935,3.7,63.2,28.7,98.5,97.0,1,0.1000422273237504
91630519,Commune d'Inchaden,42667,8.4,10.1,9.6,28.0,35.5,51.0,11.1,4.6,11959,3.6,61.5,24.4,96.2,92.5,1,0.11692603169951399
91630521,Commune de Massa,17854,6.2,8.1,9.1,27.3,33.1,37.2,24.2,4.3,4994,3.6,80.9,14.0,99.0,98.0,1,0.048927681111002014
91630531,Commune de Sidi Ouassay,9939,6.0,8.0,8.7,23.9,31.0,42.2,16.7,2.4,2748,3.6,81.5,5.4,96.6,90.1,1,0.02723715820332973
91630503,Commune d'Ait Milk,8603,5.8,8.2,9.8,40.8,46.1,28.5,26.6,3.5,2523,3.4,94.9,2.2,97.0,97.8,1,0.023575940439002484
95410113,Commune de Taroudannt,82817,6.1,8.0,9.4,18.7,25.4,42.3,24.7,5.0,21821,3.8,63.7,28.1,99.1,98.8,1,0.22695439490141445
95410109,Commune d'Oulad Teima,100172,7.3,9.4,10.3,23.3,31.1,41.8,22.0,5.0,24494,4.1,63.9,27.0,98.9,98.2,1,0.2745146002157104
95410105,Commune d'Irherm,4121,5.9,7.8,8.6,29.4,37.0,40.3,25.8,2.8,1310,3.1,68.4,23.1,97.9,80.4,1,0.011293322160772896
95410103,Commune d'El Guerdane,13743,7.2,9.4,10.4,23.9,29.5,42.5,24.1,6.5,3292,4.2,70.1,20.1,98.6,97.1,1,0.0376617632748124
95410101,Commune d'Ait Iaaza,17289,7.2,8.9,10.3,21.8,28.4,41.4,25.4,3.6,4145,4.2,62.4,25.6,99.1,98.2,1,0.04737933677204625
95410107,Commune d'Oulad Berhil,30274,7.8,9.9,10.9,27.5,34.5,37.9,13.9,3.1,7068,4.3,70.2,20.5,98.6,99.1,1,0.08296385224344544
95410111,Commune de Taliouine,6969,8.2,9.5,10.3,22.6,29.3,36.7,9.3,1.9,1753,4.0,68.0,20.1,98.3,97.1,1,0.019098073802093257
95410102,Commune d'Aoulouz,19532,8.1,9.5,10.5,31.4,37.9,35.3,12.2,2.6,4605,4.2,80.3,11.8,96.4,94.3,1,0.053526126776077695
95410319,Commune de Sidi Mzal,1367,4.2,6.5,5.6,47.9,58.7,15.8,26.0,2.1,497,2.8,95.0,0.6,97.0,90.5,1,0.00374617117053544
95410303,Commune d'Ait Abdallah,1594,4.6,5.6,5.7,52.2,56.5,24.2,25.2,2.4,643,2.5,76.8,5.4,97.5,87.4,1,0.004368249338576073
95410329,Commune de Toufelaazt,1061,4.4,5.9,8.9,48.3,52.4,14.4,49.6,2.7,358,3.0,91.9,0.0,89.7,2.8,1,0.002907598838286834
95410321,Commune de Tabia,814,3.6,4.8,5.0,64.6,69.8,13.6,9.4,4.8,353,2.3,89.5,0.0,90.9,0.0,1,0.0022307120210796256
95410331,Commune de Toumliline,1463,3.3,5.1,7.2,51.9,58.8,17.2,44.3,3.7,530,2.8,89.4,0.6,92.2,90.0,1,0.004009252686535003
95410309,Commune d'Imaouen,1969,5.6,8.7,9.1,58.0,59.4,12.0,13.8,3.5,623,3.2,95.2,0.2,95.8,90.5,1,0.005395911510449365
95410325,Commune de Tindine,1853,3.6,6.9,6.3,66.0,67.9,15.9,25.7,4.2,640,2.9,95.0,0.5,92.8,55.3,1,0.005078021345283227
95410317,Commune de Sidi Boaal,2180,4.3,5.5,7.4,47.4,53.3,19.5,39.1,4.0,778,2.8,93.2,0.3,96.5,96.5,1,0.0059741427591567375
95410305,Commune d'Amalou,2188,4.8,7.6,8.7,56.5,58.8,19.9,16.9,1.9,668,3.3,96.4,0.3,96.9,14.8,1,0.005996066218823367
95410323,Commune de Tataoute,3763,6.4,8.7,9.8,48.4,53.1,21.5,29.0,2.1,1135,3.3,95.9,1.1,94.7,93.0,1,0.010312247340691192
95410307,Commune d'Azaghar N'irs,3947,6.7,8.6,8.7,49.3,56.4,20.2,48.3,2.6,1161,3.4,94.1,0.6,89.8,86.4,1,0.010816486913023688
95410301,Commune d'Adar,3038,4.1,7.2,8.7,52.2,54.6,20.7,41.7,2.5,1058,2.9,91.6,0.5,96.0,96.9,1,0.00832543380840283
95410311,Commune d'Imi N'tayart,973,3.3,4.7,4.6,52.3,59.6,17.5,24.8,2.7,379,2.6,90.5,3.2,93.1,96.3,1,0.0026664407819539013
95410327,Commune de Tisfane,1414,5.3,6.3,7.9,49.4,56.9,19.8,42.0,2.9,478,3.0,89.5,0.6,92.5,97.3,1,0.003874971496076893
95410313,Commune de Nihit,1442,5.3,7.2,8.9,44.3,44.7,22.1,40.4,3.7,516,2.8,92.4,0.4,95.3,63.4,1,0.0039517036049100986
95410315,Commune d'Oualqadi,1433,3.7,6.6,6.9,46.9,52.1,15.2,10.5,1.7,527,2.7,90.1,0.4,96.8,92.0,1,0.00392703971278514
95410527,Commune de Sidi Boumoussa,23140,7.8,9.7,10.6,26.5,34.3,41.8,21.4,4.5,5558,4.2,79.5,7.9,97.8,97.3,1,0.06341360708572794
95410501,Commune d'Ahl Ramel,7496,6.8,9.1,9.3,35.9,41.8,36.4,26.5,2.8,1849,4.1,93.0,0.8,96.4,95.1,1,0.020542281707632525
95410525,Commune de Sidi Ahmed Ou Amar,17898,7.7,9.3,10.6,31.1,38.0,38.4,21.8,2.9,4134,4.3,89.5,4.3,98.0,96.0,1,0.04904826013916848
95410517,Commune de Lagfifat,19455,7.3,8.6,9.9,37.6,43.4,36.6,15.6,3.1,4671,4.2,90.0,2.7,97.2,98.5,1,0.05331511347678639
95410511,Commune d'El Koudia El Beida,23663,7.6,9.4,9.8,32.8,38.4,36.9,23.3,3.0,5582,4.2,87.1,4.8,96.6,98.5,1,0.06484685326143388
95410519,Commune de Lakhnafif,10706,7.6,8.9,9.8,27.9,34.6,36.4,18.2,3.1,2470,4.3,89.8,4.6,98.7,99.2,1,0.029339069898867903
95410521,Commune de Lamhadi,11910,8.0,9.0,10.0,31.2,37.5,34.9,15.8,4.3,2768,4.3,92.2,2.9,98.5,98.9,1,0.03263855057869575
95410523,Commune de Machraa El Ain,12232,6.7,8.4,9.8,26.5,33.5,34.2,20.6,4.0,3021,4.0,82.6,11.5,98.4,99.5,1,0.033520969830277615
95410505,Commune d'Assads,3592,5.0,7.8,9.0,52.8,57.5,26.0,33.0,2.9,1058,3.4,93.8,0.4,92.4,67.8,1,0.009843633390316972
95410533,Commune de Tidsi-Nissendalene,4395,5.6,6.9,7.8,49.1,55.1,26.8,31.3,1.8,1295,3.4,97.0,0.2,92.4,74.1,1,0.012044200654354981
95411103,Commune d'Argana,4065,7.9,9.1,8.8,49.9,52.1,29.6,27.2,1.9,1023,4.0,93.2,2.5,93.6,91.7,1,0.011139857943106485
95411107,Commune de Bigoudine,4174,7.3,7.6,7.6,46.3,50.9,24.7,27.2,2.1,1056,4.0,93.6,0.3,96.3,26.8,1,0.011438565081064321
95411133,Commune de Talmakante,3336,8.5,10.0,11.6,46.2,51.9,21.8,22.8,2.0,798,4.2,90.1,2.4,85.7,36.0,1,0.009142082680984804
95411113,Commune d'Imilmaiss,4967,9.9,11.4,11.6,50.8,56.8,29.8,15.9,2.6,1186,4.2,94.3,0.8,91.7,83.5,1,0.013611728020519043
95411129,Commune de Sidi Moussa Lhamri,17661,8.4,10.0,11.1,36.3,41.9,38.7,11.1,2.1,3814,4.6,84.8,7.6,96.2,94.8,1,0.04839877764654456
95411109,Commune d'Eddir,7767,7.9,9.9,10.4,42.6,47.4,37.0,13.7,1.8,1732,4.5,96.0,0.7,94.6,86.9,1,0.021284938903839624
95411115,Commune d'Issen,13240,7.4,9.5,9.8,31.1,36.9,39.2,14.4,3.1,3163,4.2,85.3,2.7,96.0,98.9,1,0.03628332574827303
95411101,Commune d'Ahmar Laglalcha,21628,7.6,9.7,10.9,29.3,34.2,37.9,20.0,3.2,5069,4.3,78.1,9.3,95.0,98.5,1,0.05927007320873483
95411131,Commune de Lamnizla,3420,6.5,8.4,9.3,41.2,46.1,23.6,5.9,1.7,856,4.0,95.9,0.0,97.0,76.6,1,0.009372279007484422
95411171,Commune de Zaouia Sidi Tahar,13461,7.9,9.1,10.4,34.7,40.5,39.8,15.8,5.0,3148,4.3,86.2,7.6,94.0,97.5,1,0.03688896132156368
95411119,Commune d'Ida Ou Moumen,5833,7.8,8.7,9.8,40.8,45.2,35.3,20.6,1.6,1432,4.1,94.3,1.9,92.5,98.8,1,0.015984942529431764
95410955,Commune de Tamaloukte,4240,6.4,8.7,10.3,31.2,39.2,30.6,18.4,2.3,1072,4.0,88.6,3.6,88.7,88.0,1,0.011619433623314022
95410927,Commune d'Imoulass,6889,6.7,8.6,10.6,39.4,45.0,27.7,9.0,1.7,1757,3.9,89.9,0.7,92.0,67.6,1,0.018878839205426955
95410951,Commune de Tafraouten,6604,6.9,8.8,10.1,47.3,50.6,30.2,48.7,2.4,1622,4.1,92.2,0.7,95.9,72.9,1,0.018097815954803254
95410905,Commune d'Ait Makhlouf,4135,6.8,8.3,8.7,46.4,49.9,32.9,22.5,2.5,1035,4.0,90.6,0.4,94.1,85.7,1,0.0113316882151895
95410945,Commune de Sidi Dahmane,14878,8.1,10.2,10.7,29.6,34.0,46.3,19.7,4.5,3423,4.3,77.3,12.4,98.4,99.1,1,0.040772154115015564
95410915,Commune de Freija,9004,7.2,8.5,10.6,33.8,41.1,32.4,27.0,2.3,1998,4.5,96.3,0.4,98.1,99.3,1,0.02467485385479232
95410963,Commune de Tiout,3017,6.3,8.6,10.4,41.9,42.4,25.2,29.0,1.9,824,3.7,90.3,1.8,94.2,96.1,1,0.008267884726777926
95410941,Commune de Sidi Ahmed Ou Abdallah,4038,7.1,8.8,10.5,44.0,47.8,30.9,24.6,1.6,1023,3.9,98.4,0.0,90.7,38.6,1,0.011065866266731608
95410903,Commune d'Ait Igas,10378,8.0,9.8,10.6,35.7,38.2,36.2,22.6,1.7,2195,4.7,89.9,0.6,96.3,97.8,1,0.028440208052536064
95410957,Commune de Tazemmourt,6856,7.1,9.2,10.4,40.0,44.6,32.1,22.4,2.9,1699,4.0,88.6,7.0,97.6,96.9,1,0.018788404934302106
95410911,Commune de Bounrar,4995,7.2,9.7,10.7,50.4,53.1,29.2,23.1,1.1,1302,3.8,97.8,0.0,91.0,37.3,1,0.013688460129352247
95410943,Commune de Sidi Borja,10736,7.7,9.5,10.1,32.0,36.9,41.7,17.0,3.7,2541,4.2,92.0,2.5,94.7,96.0,1,0.029421282872617766
95410425,Commune d'Igoudar Mnabha,10956,7.9,9.6,9.6,31.4,37.8,38.8,13.1,3.2,2567,4.3,87.1,3.6,97.0,94.2,1,0.030024178013450097
95410461,Commune de Tinzart,6116,7.4,9.8,9.3,36.0,39.9,33.3,10.8,2.6,1391,4.4,94.0,1.3,94.0,97.3,1,0.016760484915138808
95410429,Commune de Lamhara,11620,7.8,9.3,10.6,36.1,40.9,34.8,14.4,1.3,2656,4.4,89.7,2.8,98.5,92.7,1,0.03184382516578041
95410423,Commune d'Igli,13831,7.9,9.4,9.9,32.7,36.3,36.4,9.4,1.7,3061,4.5,86.3,3.7,95.9,97.6,1,0.03790292133114534
95410433,Commune d'Oulad Aissa,11730,7.6,9.5,10.3,26.5,33.2,39.6,9.1,3.4,2636,4.4,91.3,5.9,99.0,99.1,1,0.03214527273619657
95410417,Commune d'Ida Ou Gailal,6036,7.4,10.1,9.9,43.9,47.6,32.0,24.5,1.5,1459,4.1,80.3,0.3,86.5,86.4,1,0.016541250318472506
95410439,Commune de Sidi Abdellah Ou Said,3003,8.5,8.7,9.3,46.7,49.7,35.2,22.0,1.5,788,3.8,66.2,0.6,69.7,29.6,1,0.008229518672361321
95410453,Commune de Talgjount,5234,7.9,8.7,10.4,39.2,44.0,32.3,19.6,1.5,1280,4.1,78.8,1.3,86.7,85.2,1,0.014343423486892827
95410467,Commune de Tizi N'test,3588,7.0,7.3,9.5,39.1,45.7,35.1,26.5,2.1,956,3.8,31.8,0.2,98.6,66.6,1,0.009832671660483657
95410435,Commune d'Ouneine,7042,7.3,8.7,9.4,46.8,49.9,27.2,15.4,1.9,1783,3.9,81.2,0.4,84.9,78.0,1,0.019298125371551258
95410449,Commune de Tafingoult,5669,7.2,7.6,9.8,39.0,39.4,33.7,23.6,2.2,1442,3.9,66.9,1.9,92.4,66.0,1,0.015535511606265847
95410447,Commune de Sidi Ouaaziz,9195,7.8,9.3,10.5,39.3,45.0,31.5,17.1,2.1,2227,4.1,76.6,5.4,92.4,86.6,1,0.02519827645433312
95410459,Commune de Tigouga,3867,8.9,9.4,10.9,49.1,53.5,28.4,22.5,1.0,922,4.2,62.5,0.2,96.0,80.0,1,0.010597252316357388
95410421,Commune d'Ida-Ougoummad,7543,6.8,8.5,9.6,40.2,41.7,27.9,19.7,2.3,1913,3.9,74.9,0.8,83.8,91.1,1,0.020671082033173978
95410413,Commune d'El Faid,10553,7.7,9.1,9.8,46.0,49.3,30.4,19.8,1.3,2616,4.0,93.2,0.8,93.8,85.0,1,0.0289197837327436
95410409,Commune d'Arazane,7832,7.2,9.3,10.4,38.6,42.9,30.2,35.6,1.5,1812,4.3,90.3,4.5,96.0,91.4,1,0.021463067013630995
95410469,Commune de Toughmart,5035,5.6,7.5,9.1,56.0,59.9,19.4,34.1,2.5,1497,3.4,94.5,0.6,94.5,80.5,1,0.0137980774276854
95410765,Commune de Tisrasse,5608,7.1,8.1,9.9,45.2,48.6,31.6,22.3,2.2,1371,4.1,84.2,0.1,86.5,85.9,1,0.01536834522630779
95410737,Commune d'Ouzioua,7977,7.6,9.6,10.4,40.0,44.5,30.5,13.3,2.2,1748,4.6,88.7,4.5,96.3,97.2,1,0.021860429720088666
95410723,Commune de Toubkal,8536,9.3,11.3,12.2,44.8,49.2,27.8,8.9,1.9,1834,4.7,92.5,1.3,90.3,80.7,1,0.023392331464294452
95410703,Commune d'Ahl Tifnoute,5196,8.4,10.0,11.1,42.7,49.4,30.4,34.1,1.7,1114,4.7,93.0,0.4,95.2,82.3,1,0.014239287053476334
95410713,Commune d'Iguidi,7949,7.8,9.7,11.0,44.3,49.3,26.6,13.1,1.9,1733,4.6,89.7,0.9,93.2,92.6,1,0.02178369761125546
95410717,Commune de Taouyalte,7069,9.1,9.3,10.0,46.6,50.9,27.8,15.1,1.6,1576,4.5,93.2,0.7,88.3,78.3,1,0.019372117047926136
95410705,Commune d'Askaouen,6813,7.2,8.8,9.9,43.8,47.6,43.8,4.5,2.1,1553,4.4,90.5,4.5,97.2,83.1,1,0.01867056633859397
95410719,Commune de Tassousfi,5988,7.1,8.8,10.3,39.7,43.2,26.1,32.7,2.1,1546,3.9,95.4,0.7,97.5,70.4,1,0.016409709560472725
95410715,Commune de Sidi Hsaine,6706,6.8,9.3,10.2,38.5,42.1,28.2,10.3,1.9,1675,4.0,94.3,1.2,96.2,94.6,1,0.018377340065552788
95410707,Commune d'Assaisse,5934,7.6,8.9,10.2,51.9,56.1,23.8,32.6,2.2,1590,3.7,96.6,0.3,96.4,98.6,1,0.01626172620772297
95410701,Commune d'Agadir Melloul,7504,8.9,10.7,11.1,43.2,49.9,24.1,41.7,1.8,1697,4.4,83.8,2.5,94.8,95.7,1,0.020564205167299152
95410709,Commune d'Assaki,8046,8.1,9.1,10.0,35.0,41.7,28.2,21.3,1.5,1886,4.3,89.1,4.2,94.3,93.1,1,0.022049519559713352
95410725,Commune de Zagmouzen,7398,8.1,9.8,10.6,44.4,45.7,30.1,29.1,1.7,1672,4.4,92.4,1.5,94.7,91.4,1,0.020273719326716302
95410721,Commune de Tizgzaouine,4653,7.0,9.0,10.6,43.2,50.4,26.4,18.6,2.8,1267,3.7,94.8,0.7,96.5,90.0,1,0.012751232228603806
95410711,Commune d'Azrar,4240,8.5,11.9,12.7,49.6,53.1,21.5,26.8,1.2,1067,4.0,93.3,2.1,97.1,97.9,1,0.011619433623314022
95810107,Commune de Tiznit,85830,6.4,9.1,9.7,18.3,26.4,41.1,19.7,4.4,23860,3.6,63.9,28.8,99.5,99.4,1,0.23521131789835903
95810105,Commune de Tafraout,6113,6.2,8.2,9.1,22.9,28.8,44.0,19.0,3.1,1849,3.3,47.7,37.9,99.3,98.5,1,0.016752263617763823
95810905,Commune d'Ammelne,2736,2.7,3.8,4.8,40.9,48.8,23.6,21.9,4.1,1088,2.5,86.0,0.2,98.5,63.5,1,0.0074978232059875385
95810909,Commune de Tarsouat,1939,3.7,6.7,6.8,42.8,51.0,24.0,29.9,3.6,741,2.6,82.2,1.2,97.1,53.7,1,0.005313698536699502
95810911,Commune de Tassrirt,1083,2.8,7.0,5.5,42.4,52.1,21.4,29.1,4.4,464,2.3,81.5,3.5,95.0,21.5,1,0.0029678883523700673
95810901,Commune d'Afella Ighir,2412,4.9,7.0,7.4,40.5,44.7,32.5,36.2,3.7,855,2.8,81.4,8.5,96.5,91.8,1,0.006609923089489014
95810907,Commune d'Irigh N'tahala,1329,3.0,5.6,6.7,41.9,44.9,27.6,35.2,4.3,518,2.6,76.7,1.2,94.0,49.0,1,0.0036420347371189463
95810903,Commune d'Ait Ouafqa,3253,4.7,6.0,8.3,52.4,56.6,20.2,29.9,2.5,1135,2.9,91.6,3.4,98.1,90.6,1,0.008914626786943516
95810317,Commune de Tnine Aday,1685,3.3,5.7,7.2,43.8,52.5,31.5,49.9,2.2,539,3.1,95.0,1.5,98.3,86.6,1,0.004617628692283992
95810311,Commune de Tafraout El Mouloud,1972,3.9,5.2,5.3,49.3,61.2,22.8,40.8,3.1,710,2.8,92.8,0.8,98.4,47.1,1,0.0054041328078243515
95810303,Commune d'Anzi,6089,5.3,7.6,8.6,46.4,50.8,30.2,30.1,2.3,1793,3.4,90.3,5.9,98.7,80.3,1,0.016686493238763932
95810313,Commune de Tighmi,5478,6.0,8.8,10.0,46.6,48.8,28.6,17.7,2.0,1551,3.5,90.1,7.7,98.1,78.1,1,0.015012089006725049
95810301,Commune d'Ait Issafen,2322,3.7,5.4,7.1,60.5,64.6,19.0,5.4,2.2,813,2.9,97.2,0.0,97.5,73.1,1,0.0063632841682394236
95810305,Commune d'Arbaa Ait Ahmed,3849,4.7,7.3,7.7,54.4,58.1,23.1,35.9,2.1,1210,3.2,81.5,2.7,96.6,53.0,1,0.01054792453210747
95810315,Commune de Tizoughrane,3511,4.6,6.2,8.0,50.0,58.8,20.8,24.6,3.0,1231,2.9,85.6,5.9,98.7,74.4,1,0.009621658361192342
95810307,Commune d'Ida Ou Gougmar,4225,4.3,6.6,8.5,54.0,58.2,22.1,45.5,2.5,1327,3.2,96.8,0.3,98.6,83.3,1,0.011578327136439089
95810309,Commune de Sidi Ahmed Ou Moussa,3282,6.6,8.3,9.3,41.1,42.8,26.4,42.6,2.9,910,3.6,92.2,2.0,97.8,95.6,1,0.00899409932823505
95811101,Commune d'Arbaa Rasmouka,4598,5.0,6.7,7.7,44.9,50.9,24.0,24.5,1.9,1378,3.3,88.5,1.7,99.7,93.7,1,0.012600508443395724
95811107,Commune d'El Maader El Kabir,6002,5.4,7.4,8.2,35.1,39.2,28.2,23.6,3.7,1797,3.3,93.7,1.0,97.9,48.3,1,0.016448075614889326
95811111,Commune de Reggada,12510,5.9,9.0,9.5,29.0,36.4,33.5,24.8,2.8,3458,3.6,88.2,7.3,98.9,93.1,1,0.03428281005369302
95811109,Commune d'Ouijjane,4071,4.5,6.3,8.6,41.3,45.9,24.7,19.7,3.3,1180,3.5,92.3,1.0,98.6,92.5,1,0.011156300537856456
95811113,Commune de Sidi Bouabdelli,4607,6.4,8.2,9.2,43.9,49.7,29.4,29.8,2.2,1290,3.6,98.4,0.1,96.7,45.1,1,0.012625172335520683
95811105,Commune de Bounaamane,8880,5.9,8.9,9.2,43.2,47.7,33.4,21.1,1.4,2485,3.6,95.8,2.4,98.6,81.1,1,0.024335040229959554
95811115,Commune de Tnine Aglou,9863,5.1,7.5,7.5,25.6,30.4,34.4,17.5,3.1,2979,3.3,86.3,5.9,97.7,82.5,1,0.027028885336496743
95811103,Commune d'Arbaa Sahel,8709,5.2,7.2,9.1,41.2,44.9,28.1,24.2,3.5,2650,3.3,85.7,3.8,98.4,34.4,1,0.023866426279585334
95510107,Commune de Tata,18359,8.4,9.8,10.1,18.7,25.8,38.1,19.5,3.9,4218,4.4,56.8,31.4,99.4,97.8,1,0.050311599502458046
95510101,Commune d'Akka,5575,9.0,10.4,9.9,24.6,31.0,31.3,37.3,3.7,1337,4.2,66.9,20.9,98.3,98.7,1,0.01527791095518294
95510103,Commune de Fam El Hisn,4865,7.3,9.5,9.8,27.4,34.7,36.2,39.7,3.9,1294,3.8,73.6,11.6,98.1,94.7,1,0.013332203909769505
95510105,Commune de Foum Zguid,8044,9.6,10.7,10.0,27.3,34.6,34.6,18.7,4.0,1902,4.2,74.0,9.4,96.5,97.3,1,0.022044038694796694
95510301,Commune d'Ait Ouabelli,2134,6.0,7.7,9.3,32.6,41.0,19.1,16.2,3.3,617,3.5,84.3,2.9,95.1,96.1,1,0.005848082866073613
95510307,Commune de Tizounine,2008,8.6,11.5,10.8,31.9,37.6,22.6,75.2,4.1,521,3.9,71.4,2.1,96.9,99.0,1,0.005502788376324188
95510303,Commune de Kasbat Sidi Abdellah Ben M'barek,5767,7.6,8.4,10.0,40.1,44.9,19.5,71.8,3.8,1335,4.3,85.9,1.8,97.6,82.6,1,0.015804073987182067
95510305,Commune de Tamanarte,4996,5.8,7.3,8.9,44.8,49.8,17.5,34.1,2.9,1499,3.3,85.6,3.2,96.6,98.8,1,0.013691200561810578
95510705,Commune d'Oum El Guerdane,3143,9.6,8.9,10.7,25.3,38.4,22.4,25.7,4.4,651,4.8,93.5,1.2,99.8,99.8,1,0.008613179216527352
95510701,Commune d'Adis,6227,7.8,8.7,9.2,23.9,29.2,29.0,13.9,3.6,1271,4.9,94.8,0.7,98.8,99.8,1,0.017064672918013304
95510709,Commune de Tigzmerte,3600,6.6,7.8,8.5,27.1,30.4,26.5,33.7,4.2,902,4.0,93.9,0.0,96.5,97.6,1,0.009865556849983604
95510707,Commune de Tagmout,4297,6.4,7.9,9.2,42.0,45.9,24.3,35.7,4.5,1219,3.5,92.3,1.8,95.3,97.9,1,0.011775638273438761
95510711,Commune de Tizaghte,3356,5.4,7.3,8.3,49.9,54.8,17.7,35.9,1.7,984,3.4,94.4,0.4,97.1,96.5,1,0.00919689133015138
95510703,Commune d'Issafen,2994,4.7,6.7,8.0,46.4,49.6,21.5,31.6,4.4,975,3.1,79.9,8.4,93.7,95.9,1,0.008204854780236363
95510501,Commune d'Aguinane,2396,7.4,7.6,9.0,48.2,50.3,34.9,48.8,2.5,620,3.9,93.0,0.7,96.7,95.6,1,0.006566076170155753
95510507,Commune d'Ibn Yacoub,2530,6.9,9.6,9.8,43.4,45.1,19.9,18.3,2.3,660,3.8,89.8,0.8,93.6,98.3,1,0.006933294119571809
95510503,Commune d'Akka-Ighane,6043,7.6,9.5,9.4,36.4,38.3,26.9,27.9,3.7,1338,4.5,84.6,6.0,97.7,96.8,1,0.01656043334568081
95510511,Commune de Tlite,4166,8.1,9.6,10.7,43.2,47.6,18.1,12.0,1.6,926,4.5,75.6,1.5,96.7,96.2,1,0.011416641621397692
95510505,Commune d'Allougoum,8248,9.5,10.8,10.8,35.9,40.6,34.1,38.2,1.8,1505,5.5,92.7,2.7,90.6,96.2,1,0.022603086916295763
95510509,Commune de Tissint,8773,9.6,10.2,10.7,29.0,36.0,23.6,12.8,3.2,1756,5.0,91.4,3.2,97.1,97.5,1,0.024041813956918373
102610103,Commune de Guelmim,126364,7.5,9.6,9.8,19.9,28.7,39.1,33.2,5.4,30343,4.2,54.7,37.5,99.4,98.8,1,0.3462920071642578
102610101,Commune de Bouizakarne,15953,8.8,10.4,9.9,19.7,28.1,39.9,21.1,3.6,4113,3.9,52.9,39.5,99.3,98.8,1,0.043718119007719
102610309,Commune de Tagante,3981,6.9,10.3,10.2,34.5,38.8,27.6,23.6,4.8,980,4.1,79.5,13.2,97.4,93.7,1,0.010909661616606867
102610303,Commune d'Ait Boufoulen,941,6.0,8.0,8.9,42.3,47.9,40.6,47.8,2.5,222,4.2,97.3,0.0,95.9,45.9,1,0.0025787469432873803
102610307,Commune d'Ifrane Atlas Saghir,10315,6.3,8.8,9.8,31.5,37.0,27.6,30.1,3.4,2639,3.9,86.9,8.4,97.3,97.4,1,0.02826756080766135
102610313,Commune de Timoulay,4873,5.8,8.4,10.2,32.8,37.0,25.5,31.6,3.4,1197,4.1,86.9,5.1,98.3,94.4,1,0.013354127369436138
102610311,Commune de Taghjijt,9033,7.1,9.1,9.6,35.1,40.4,28.8,37.0,5.1,2332,3.9,81.5,4.5,95.2,88.3,1,0.024754326396083857
102610305,Commune d'Amtdi,1137,7.9,10.6,9.4,49.9,51.7,24.5,47.3,3.0,298,3.8,90.6,1.0,97.7,96.3,1,0.003115871705119821
102610301,Commune d'Aday,2825,5.8,8.8,10.3,37.8,38.8,25.7,55.7,4.2,783,3.6,86.8,5.4,96.9,97.3,1,0.007741721694778799
102610503,Commune d'Aferkat,958,9.3,9.3,7.7,42.6,44.8,39.5,78.5,3.6,221,4.3,85.0,3.2,94.5,45.0,1,0.00262533429507897
102610505,Commune d'Asrir,3217,6.7,9.5,9.9,31.0,36.5,37.1,48.3,6.4,759,4.2,73.0,8.5,93.1,80.7,1,0.00881597121844368
102610521,Commune de Tiglit,798,8.8,11.2,10.2,19.6,38.1,46.8,74.3,2.5,137,5.8,94.2,0.0,87.6,71.5,1,0.0021868651017463653
102610509,Commune de Fask,3511,6.9,9.2,9.3,32.5,38.1,25.5,38.5,4.9,862,4.1,88.6,4.7,94.5,82.6,1,0.009621658361192342
102610707,Commune d'Echatea El Abied,922,6.6,7.6,6.3,33.8,45.9,47.9,63.2,5.4,213,4.3,93.0,0.5,93.4,83.1,1,0.0025266787265791337
102610711,Commune de Labyar,432,7.9,8.1,8.6,27.5,47.0,32.2,15.2,10.4,121,3.6,64.2,0.0,91.7,70.0,1,0.0011838668219980324
102610715,Commune de Rass Oumlil,815,5.9,8.3,8.6,33.6,42.6,40.2,45.1,6.4,239,3.4,86.7,7.3,84.4,37.6,1,0.0022334524535379545
102610713,Commune de Laqsabi Tagoust,2554,7.0,9.4,9.6,31.0,37.4,41.5,46.4,6.1,663,3.9,64.0,12.1,89.0,76.7,1,0.006999064498571701
102610719,Commune de Targa Wassay,635,5.5,8.0,6.8,41.3,44.7,40.3,13.2,7.4,161,3.9,82.6,0.6,95.0,95.0,1,0.0017401746110387744
102610717,Commune de Taliouine Assaka,865,4.4,6.9,9.1,27.2,29.2,31.7,29.8,8.2,245,3.5,80.7,4.5,94.3,92.6,1,0.0023704740764543936
102610701,Commune d'Abaynou,2932,8.7,10.8,10.5,33.6,37.0,37.4,50.3,3.8,722,4.1,89.1,3.2,97.1,81.4,1,0.00803494796781998
100710101,Commune d'Assa,15430,8.5,9.4,9.9,23.8,32.1,43.1,51.6,4.4,3476,4.4,62.6,29.2,99.5,99.8,1,0.04228487283201305
100710103,Commune de Zag,4692,9.2,12.0,10.9,22.9,32.3,33.8,24.3,4.4,1104,4.3,46.3,44.7,98.6,98.8,1,0.01285810909447863
100710301,Commune d'Aouint Lahna,2526,6.6,8.2,9.2,38.5,47.6,31.4,41.3,4.8,476,5.3,60.4,34.5,99.4,97.5,1,0.006922332389738495
100710303,Commune d'Aouint Yghomane,3367,8.2,10.0,9.5,33.0,39.6,45.5,78.7,6.3,677,5.0,66.6,13.9,80.3,77.5,1,0.009227036087192997
100710305,Commune de Touizgui,983,10.6,4.2,2.3,43.0,52.3,45.2,57.9,3.1,177,5.6,40.0,0.0,80.0,0.0,1,0.0026938451065371895
100710503,Commune de Labouirat,1056,9.6,11.9,10.5,44.8,50.8,40.1,27.1,2.3,217,4.9,50.0,36.7,70.9,1.3,1,0.00289389667599519
100710501,Commune d'Al Mahbass,582,6.9,11.9,8.6,35.7,42.1,54.4,13.9,7.9,170,3.4,18.3,19.3,99.1,0.9,1,0.0015949316907473492
105210101,Commune de Tan-Tan,75963,8.0,9.8,9.8,20.3,29.5,41.5,28.0,6.4,18797,4.0,53.2,40.5,98.7,96.5,1,0.20817147083202903
105210103,Commune d'El Ouatia,12901,10.7,11.2,9.8,14.3,24.7,51.2,11.1,2.6,3717,3.5,33.4,52.8,94.9,93.9,1,0.035354319144899574
105210503,Commune de Ben Khlil,375,8.3,6.4,8.5,37.8,42.7,44.8,23.3,6.8,102,3.7,48.0,0.0,46.1,29.4,1,0.001027662171873292
105210505,Commune de Chbika,182,3.8,7.1,2.7,30.9,37.9,58.6,2.2,4.4,93,2.0,13.6,9.1,75.0,1.1,1,0.0004987587074158377
105210501,Commune d'Abteh,647,7.9,7.9,8.8,20.9,44.5,40.8,8.5,0.4,142,4.6,63.4,21.1,100.0,39.4,1,0.0017730598005387197
105210301,Commune de Msied,1499,5.8,7.1,7.9,31.2,56.1,46.7,39.5,2.4,268,5.6,35.7,10.2,40.0,0.9,1,0.004107908255034839
105210303,Commune de Tilemzoun,745,8.5,10.9,8.2,14.1,39.1,32.0,35.3,4.1,189,3.9,64.9,14.3,56.5,50.6,1,0.00204162218145494
104730103,Commune de Sidi Ifni,22329,6.7,8.3,8.5,20.2,29.4,40.8,18.9,5.1,6387,3.5,53.1,37.0,98.0,98.0,1,0.0611911163620233
104730101,Commune de Lakhsas,5599,6.9,9.7,10.6,30.9,36.4,35.0,28.5,2.8,1474,3.8,69.3,22.6,97.9,92.1,1,0.01534368133418283
104730107,Commune de Mirleft,9731,7.4,9.2,9.9,23.9,34.3,39.2,15.2,4.2,2767,3.5,74.6,17.8,99.3,88.3,1,0.02666714825199734
104730505,Commune de Mesti,2502,6.5,8.3,9.2,37.2,42.1,30.6,33.7,4.5,731,3.4,82.4,12.2,92.5,41.5,1,0.006856562010738603
104730503,Commune d'Imi-N'fast,1952,7.9,11.2,9.8,46.0,49.8,32.5,42.8,4.6,449,4.3,83.0,1.3,92.9,49.3,1,0.005349324158657775
104730509,Commune de Sbouya,2606,6.3,7.5,6.4,44.8,49.9,33.5,70.8,6.0,703,3.7,85.2,2.8,93.9,9.1,1,0.0071415669864047975
104730515,Commune de Tnine Amellou,3212,6.5,8.7,8.2,40.6,48.0,23.7,26.8,4.8,831,3.9,96.4,0.4,98.5,45.3,1,0.008802269056152036
104730511,Commune de Tangarfa,3840,6.9,9.5,8.6,45.0,53.5,26.9,21.0,4.4,1021,3.8,98.2,0.2,98.0,66.5,1,0.01052326063998251
104730501,Commune d'Arbaa Ait Abdellah,2671,5.3,8.0,8.9,45.8,51.1,31.1,27.6,4.1,679,3.9,96.3,0.4,97.8,32.7,1,0.0073196950961961675
104730513,Commune de Tioughza,9927,7.4,9.9,9.7,41.3,48.3,33.6,23.4,1.8,2690,3.7,86.2,7.9,97.0,28.3,1,0.027204273013829786
104730715,Commune de Sidi M'bark,4886,6.8,9.3,9.9,45.0,49.0,28.0,41.9,2.9,1324,3.7,96.9,0.4,95.9,4.1,1,0.013389752991394412
104730713,Commune de Sidi H'saine Ou Ali,4762,5.6,7.6,9.3,38.5,43.7,29.9,32.8,3.2,1321,3.6,96.1,0.9,96.0,35.2,1,0.013049939366561642
104730701,Commune d'Ait Erkha,4484,7.9,10.3,10.3,39.5,44.2,32.2,34.4,2.9,1166,3.8,94.6,2.9,90.8,28.4,1,0.012288099143146242
104730711,Commune de Sidi Abdellah Ou Belaid,3524,5.8,9.0,10.9,45.8,48.0,30.5,37.5,3.4,938,3.8,94.8,0.3,97.1,9.9,1,0.009657283983150616
104730717,Commune de Tighirt,5837,6.3,9.6,9.2,43.6,47.6,25.1,32.3,3.4,1614,3.6,90.1,4.2,96.8,94.1,1,0.01599590425926508
104730709,Commune de Sebt Ennabour,6047,7.3,9.5,9.8,44.4,48.6,24.5,37.6,2.2,1512,4.0,96.2,0.2,96.6,47.4,1,0.016571395075514122
104730705,Commune de Boutrouch,2693,5.6,9.1,10.8,50.4,52.8,27.1,43.0,0.9,734,3.7,92.8,2.6,99.2,97.0,1,0.007379984610279401
104730707,Commune d'Ibdar,3249,5.5,7.8,9.8,49.3,51.6,25.3,38.8,2.8,978,3.3,93.0,0.9,98.6,95.1,1,0.008903665057110202
104730703,Commune d'Anfeg,3803,5.3,7.8,9.0,53.2,59.1,23.1,34.0,2.5,1220,3.1,90.8,2.8,97.7,74.4,1,0.010421864639024345
113210103,Commune de Laâyoune,258233,8.8,10.2,9.5,13.0,23.6,45.5,29.4,7.6,64190,4.0,44.4,49.2,99.4,98.0,1,0.7076700950116155
113210101,Commune d'El Marsa,28401,10.4,10.9,9.4,15.1,26.7,59.0,9.5,7.0,8396,3.4,22.2,65.9,99.2,97.1,1,0.07783102224899564
113210301,Commune de Boukraa,1022,10.5,9.7,2.6,19.6,32.1,50.3,18.1,4.0,396,2.6,66.0,6.6,68.3,0.5,1,0.0028007219724120115
113210303,Commune de Dcheira,901,4.1,4.8,6.0,32.9,41.4,45.1,45.1,7.0,371,2.4,84.8,5.5,87.8,0.0,1,0.0024691296449542294
113210305,Commune de Foum El Oued,1844,9.5,9.9,10.1,11.9,32.1,47.9,30.1,3.8,513,3.6,31.9,30.1,95.5,71.9,1,0.0050533574531582675
111210101,Commune de Boujdour,56861,9.6,10.6,9.9,21.4,31.5,46.3,20.1,4.1,13815,4.1,53.4,38.5,99.6,97.7,1,0.15582373001303268
111210305,Commune de Lamssid,305,1.3,0.7,0.7,43.1,51.5,80.1,2.5,16.4,196,1.6,60.2,0.0,84.2,0.0,1,0.0008358318997902774
111210301,Commune de Gueltat Zemmour,89,5.6,5.6,2.2,35.4,50.6,67.5,7.7,0.0,33,2.7,4.5,13.6,95.5,0.0,1,0.0002438984887912613
111210303,Commune de Jraifia,835,1.6,1.4,1.0,29.9,38.6,81.0,0.5,3.1,385,2.2,28.4,0.0,76.1,0.0,1,0.00228826110270453
115370105,Commune de Tarfaya,10020,9.7,10.9,9.3,18.2,26.8,49.3,17.2,4.8,2722,3.7,38.9,50.6,99.3,98.9,1,0.02745913323245436
115370303,Commune de Daoura,902,3.9,4.9,4.9,39.1,50.6,20.0,5.8,10.5,402,2.2,81.1,10.9,85.8,36.1,1,0.0024718700774125583
115370305,Commune d'El Hagounia,561,7.3,8.4,6.4,11.0,21.7,61.1,67.8,2.2,129,4.3,98.4,0.0,97.6,0.0,1,0.0015373826091224449
115370501,Commune d'Akhfennir,2841,9.9,10.8,8.6,23.9,34.9,47.9,7.7,4.8,822,3.5,41.7,42.3,98.0,91.5,1,0.0077855686141120595
115370507,Commune de Tah,894,8.6,10.0,9.7,38.0,42.4,39.8,0.0,4.7,253,3.5,11.5,9.9,95.3,44.3,1,0.002449946617745928
112210101,Commune d'Es-Semara,54190,8.7,9.6,9.8,17.3,27.8,42.6,36.0,5.5,13730,3.9,46.0,38.3,99.8,99.8,1,0.1485040349168365
112210305,Commune de Jdiriya,318,6.6,8.5,9.4,23.7,47.5,39.2,0.0,1.1,69,4.6,68.1,0.0,100.0,1.4,1,0.0008714575217485516
112210307,Commune de Sidi Ahmed Laaroussi,329,5.8,5.5,4.0,31.8,42.2,49.1,16.8,9.0,130,2.5,51.9,0.8,97.7,14.0,1,0.0009016022787901681
112210301,Commune d'Amgala,282,3.9,6.7,6.4,9.5,40.1,47.4,0.0,3.7,83,3.4,10.8,2.7,73.0,21.6,1,0.0007728019532487156
112210303,Commune de Haouza,258,7.0,8.9,3.9,14.3,54.7,59.4,39.8,5.6,78,3.3,59.7,1.4,73.6,1.4,1,0.0007070315742488249
112210309,Commune de Tifariti,83,3.6,3.6,9.6,36.4,48.2,50.7,14.3,11.5,38,2.2,3.0,0.0,3.0,0.0,1,0.00022745589404128862
123910101,Commune de Dakhla,161723,9.7,9.8,8.9,14.5,25.8,56.2,12.8,6.9,45401,3.6,30.2,61.1,98.8,98.4,1,0.4431909584583051
123910901,Commune d'El Argoub,10558,0.8,0.7,0.6,15.8,21.4,96.7,0.4,6.6,4177,2.5,9.3,0.9,94.1,8.6,1,0.028933485895035246
123910903,Commune d'Imlili,3345,0.0,0.0,0.1,19.4,29.8,98.7,0.1,18.2,1039,3.2,0.4,0.2,92.9,0.1,1,0.009166746573109764
123910501,Commune de Bir Anzarane,1733,0.2,0.3,0.2,19.2,24.3,97.8,1.0,15.0,925,1.9,0.1,0.2,97.9,0.2,1,0.004749169450283773
123910503,Commune de Gleibat El Foula,34,2.9,0.0,2.9,60.6,70.6,68.8,0.0,0.0,20,1.7,16.7,16.7,66.7,0.0,1,9.317470358317847e-05
123910507,Commune d'Oum Dreyga,13,0.0,0.0,0.0,7.7,15.4,100.0,0.0,,10,1.3,11.1,33.3,100.0,0.0,1,3.562562195827412e-05
123910505,Commune de Mijik*,646,,,,,,,,,168,3.8,,,,,1,0.0017703193680803908
120660103,Commune de Lagouira*,3127,,,,,,,,,734,4.3,,,,,1,0.008569332297194091
120660503,Commune de Bir Gandouz,3422,9.1,9.1,6.8,13.9,26.2,70.5,9.7,5.4,1122,3.0,11.7,37.3,97.6,66.9,1,0.009377759872401081
120660305,Commune d'Aousserd,273,3.3,2.6,6.2,18.7,47.3,80.4,2.1,8.2,106,2.6,39.2,11.8,98.0,0.0,1,0.0007481380611237565
120660303,Commune d'Aghouinite*,1006,,,,,,,,,263,3.8,,,,,1,0.0027568750530787512
120660309,Commune de Zoug*,592,,,,,,,,,155,3.8,,,,,1,0.0016223360153306368
120660307,Commune de Tichla,139,17.3,12.2,7.9,16.3,49.6,56.3,12.2,6.1,41,3.4,0.0,0.0,84.8,0.0,1,0.0003809201117077002
