code14,name14,population14,n_households,hh_size_avg,pct_owner,pct_renter,pct_electricity,pct_water,pct_cellphone,pct_internet,age_0_4,age_5_9,age_10_14,pct_illiterate,activity_rate,unemployment_rate,pct_women_divorced,pop_active_occupee,pct_sector_agri,pct_no_diploma,pct_higher_ed,is_urban,pop_share
01.051.01.01.,Al Hoceima (Mun.),55557.0,13881.0,4.00237735033499,56.4870405623078,27.8664518963245,96.6344767944652,95.7696742577111,96.6460531102219,34.2548690641184,8.2761848191947,6.65802689130082,7.05761650197094,23.3106892684062,49.1681856987932,21.1366089445774,2.28134162912107,16805,7.25379351383516,44.8349555649598,7.46931866271688,1,0.1503526251724778
01.051.01.03.,Bni Bouayach (Mun.),18266.0,4062.0,4.49679960610536,66.2162162162162,12.4124124124124,91.6523023885742,83.9202166953952,96.5654554504728,18.9513108614232,9.65728676229059,7.65356399868608,8.14080805868827,33.7261652542372,39.9500624219725,21.985294117647,1.07702349869451,4244,5.11310084825636,58.7923728813559,3.9658368644067767,1,0.04943285367101318
01.051.01.05.,Imzouren (Mun.),33493.0,7440.0,4.50174731182795,61.7213114754098,17.431693989071,95.0934265358247,89.3802930501411,97.5149375339489,22.8719064454718,9.60499208789896,7.64935956767085,7.52694592900009,30.390069642406,42.952407414758,23.2972923020053,1.67498218104062,8300,3.65060240963855,57.4078083279209,3.8536479757523194,1,0.09064133187360365
01.051.01.07.,Targuist (Mun.),13384.0,2969.0,4.50791512293701,60.6861063464837,27.4442538593481,97.4393530997304,92.1159029649595,96.7576791808873,24.982911825017,10.7516437537358,8.98087268380155,8.6670651524208,25.719072884669,46.4259626421788,18.9930321420543,1.8529677613739,3604,4.82796892341842,52.6947779949734,5.73396630363958,1,0.036220809894494714
01.051.01.09.,Ajdir (Mun.),5314.0,1292.0,4.11300309597523,80.0312012480499,3.66614664586583,94.969040247678,89.938080495356,95.3978159126365,22.65625,8.29883327060594,7.18855852465186,7.18855852465186,27.2322422623023,45.7775614504745,18.5007974481658,1.65351371664787,1533,4.50097847358121,50.6123357826764,4.386550879536848,1,0.01438115539295763
01.051.03.01.,Bni Boufrah,9653.0,1875.0,5.14826666666666,82.646420824295,3.41648590021692,94.3466666666666,14.88,92.8804347826087,5.72519083969465,8.57764425567181,7.86284056769916,8.25650056977105,43.1671626984126,45.8660063282432,8.54829034193161,0.531045751633987,3049,75.1065923253525,72.3034961567071,1.624101165385562,0,0.026123690818257432
01.051.03.03.,Bni Gmil,9505.0,1444.0,6.58240997229916,87.7637130801687,0.984528832630099,96.9529085872576,8.79501385041551,95.3878406708595,0.979706088173548,11.1520252498684,9.83692793266701,10.2893214097843,49.0744440005326,52.2504592774035,3.2815704658658,0.250521920668058,3301,88.6398061193577,80.0,0.798934753661784,0,0.025723161838551424
01.051.03.05.,Bni Gmil Maksouline,9593.0,1477.0,6.4949221394719,92.7297668038408,0.137174211248285,97.2241029113067,0.2708192281652,88.0027266530334,0.272851296043656,10.7578442614406,9.6945689565308,11.6126342124465,47.8705281090289,48.5806352616234,4.48515476942514,0.230077389667434,3024,93.0224867724867,83.855326955838,0.380028829773293,0,0.025961314204863105
01.051.03.07.,Senada,9176.0,1733.0,5.29486439699942,82.1303841676367,0.582072176949942,83.2083092902481,7.32833237160992,92.2138291690877,2.15366705471478,9.51394943330427,7.81386224934612,8.72929380993897,50.0659108884787,42.1075902726602,6.86034301715085,0.472813238770686,2661,85.2311161217587,77.959398892697,0.896388083311363,0,0.024832796741772526
01.051.05.01.,Ait Kamra,7343.0,1642.0,4.47198538367844,83.5802469135802,11.7901234567901,96.1023142509135,63.3982947624847,95.0708564386937,1.91122071516646,10.540650960098,6.94539016750646,7.04071905215851,44.578313253012,39.1194514615662,13.4225092250922,0.816004211634641,1877,42.5679275439531,68.064036969797,1.254332398085487,0,0.01987219120257581
01.051.05.03.,Ait Youssef Ou Ali,12673.0,2598.0,4.8779830638953,88.4463722397476,2.28706624605678,92.3463471202164,54.4259760340162,94.2103190232374,10.8764940239043,8.78245087982324,6.54146610905073,7.14116625897577,37.0525727069351,43.0592306126602,25.4549751831718,1.08915512680877,3154,20.6404565630944,61.2338085919299,2.283105022831046,0,0.034296647025771926
01.051.05.05.,Arbaa Taourirt,5187.0,985.0,5.26598984771573,70.4918032786885,0.0,79.8984771573604,0.0,92.0408163265306,1.73292558613659,9.02255639097744,7.28744939271255,8.54058222479275,55.7935959456346,46.1775269368907,16.1111111111111,0.557413600891862,1510,72.9801324503311,82.0087537433771,0.783229670582815,0,0.014037458227939635
01.051.05.07.,Bni Abdallah,5983.0,1229.0,4.86818551668022,91.1242603550295,0.253592561284869,80.1794453507341,15.742251223491,87.3843566021867,1.17845117845117,8.94200233996323,6.936319572121,8.64114992478689,52.802066772655,37.356067316209,10.6698280972139,0.685999376364203,1507,62.0437956204379,75.0447049473475,1.549771508046885,0,0.016191654632304382
01.051.05.09.,Bni Hadifa,5594.0,1193.0,4.68901927912824,70.7874682472481,13.8018628281117,92.9173693086003,55.0590219224283,95.9218351741716,8.14249363867684,9.04540579191991,7.79406506971755,9.08115838398283,40.219260533104,39.1167953667953,13.0783466995681,0.802792321116928,1409,41.5897799858055,64.3809114359415,3.4608770421324118,0,0.015138912922131159
01.051.05.11.,Chakrane,4750.0,819.0,5.7997557997558,65.2281134401972,0.0,54.090354090354,0.0,91.1330049261083,0.619578686493185,9.05263157894736,8.48421052631579,9.87368421052631,60.3778401838141,48.4338747099768,8.20359281437125,0.588235294117647,1533,88.2583170254403,87.8223129946387,0.153178452897626,0,0.01285481522705095
01.051.05.13.,Imrabten,8715.0,1782.0,4.89057239057239,88.9840182648401,1.94063926940639,84.8536036036036,59.3468468468468,87.2789503707929,1.54373927958833,8.93861158921399,8.12392426850258,7.84853700516351,46.2847654628476,43.0929095354523,39.4680851063829,0.65302568567697,1707,42.7065026362038,72.7863862755949,1.258992805755395,0,0.023585203095526107
01.051.05.15.,Izemmouren,5153.0,1213.0,4.24814509480626,79.7658862876254,3.67892976588628,92.8276999175597,87.633965375103,94.356846473029,6.66666666666666,9.89714729283912,7.41315738404812,7.3355326993984,35.3286384976525,43.0594900849858,21.1722488038277,1.12796577207312,1318,27.7693474962063,62.8960337948838,1.689744191504342,0,0.01394544481368285
01.051.05.17.,Louta,4428.0,886.0,4.99774266365688,94.5454545454545,0.0,89.1647855530474,18.7358916478555,92.1768707482993,2.9445073612684,9.41734417344173,7.11382113821138,8.35591689250225,39.3668831168831,40.3187011425135,15.9582401193139,0.54176072234763,1127,12.5110913930789,69.6428571428571,1.082251082251082,0,0.01198339406850139
01.051.05.19.,Nekkour,8963.0,1780.0,5.03539325842696,85.0200114351057,0.28587764436821,88.9325842696629,23.9325842696629,91.6523727844482,2.64215967834577,8.61318754881178,7.34129197813232,9.1375655472498,50.6638343069569,46.6487935656836,33.4610472541507,0.8706731790189,2084,45.2975047984644,74.6050710208416,0.6902960307978231,0,0.024256359764222662
01.051.05.21.,Rouadi,7118.0,1572.0,4.52798982188295,87.5239923224568,2.81509916826615,86.8956743002544,17.3027989821882,89.073482428115,2.30473751600512,8.59792076425962,7.55830289407136,8.33099185164372,53.3512064343163,41.2279069767441,20.8483754512635,0.758963622088459,1754,56.9555302166476,74.5810991957104,1.3739946380696968,0,0.019263278902347084
01.051.05.23.,Tifarouine,4231.0,840.0,5.03690476190476,87.7652933832709,0.0,89.5238095238095,0.595238095238095,88.8059701492537,0.621890547263682,8.95769321673363,7.82320964311037,8.88678799338217,49.9715909090909,55.1351351351351,12.9181084198385,0.604932526756631,1510,71.6556291390728,75.5467196819085,0.426015336552116,0,0.011450257521190013
01.051.05.25.,Zaouiat Sidi Abdelkader,5452.0,930.0,5.86236559139784,82.0043103448275,0.21551724137931,90.3225806451613,1.29032258064516,93.2112068965517,1.50862068965517,11.0051357300073,8.14380044020543,9.0975788701394,60.1179673321234,36.9376278118609,6.36678200692041,0.381546999653139,1353,83.0746489283074,86.9328493647913,0.11343012704174199,0,0.014754621603764584
01.051.07.03.,Bni Ahmed Imoukzan,9086.0,1519.0,5.98156682027649,92.9521276595744,0.066489361702128,94.729907773386,0.131752305665349,92.7855711422845,0.267558528428094,12.6898525203609,12.0405018710103,13.0200308166409,47.5508115221523,49.6817538896746,12.7402135231316,0.445732114998886,2452,94.1680261011419,80.3772481356923,0.146220207632695,0,0.024589231821681032
01.051.07.05.,Bni Ammart,6625.0,1219.0,5.43478260869565,73.7582781456953,3.39403973509933,94.9138638228055,9.51599671862182,92.8276999175597,4.0495867768595,11.3962264150943,8.46792452830188,10.2490566037735,50.254285176116,49.0928725701943,13.8143422789265,0.325925925925926,1959,77.3353751914241,74.9858730457713,1.4880391787530551,0,0.01792908439562369
01.051.07.07.,Bni Bchir,6527.0,1017.0,6.41789577187807,92.6877470355731,0.197628458498024,89.6755162241888,0.0,94.5652173913043,0.395256916996047,12.8236555844951,11.5060517848935,12.3640263520759,50.4555578052237,61.6892545982575,3.25617889368379,0.337319840539712,2466,94.8499594484995,78.4976715934399,0.323952217047985,0,0.017663869260412954
01.051.07.11.,Bni Bounsar,7660.0,1242.0,6.16747181964573,91.7140536149472,0.649878147847279,92.9951690821256,1.44927536231884,93.1260229132569,3.12243221035332,10.2088772845953,8.79895561357702,9.93472584856396,40.6511927788523,46.4817196399044,14.6640316205533,0.398406374501992,2159,89.1153311718388,65.522243713733,0.8865248226950351,0,0.020730080976675846
01.051.07.19.,Sidi Boutmim,9974.0,1831.0,5.44729655925723,83.5359116022099,3.81215469613259,94.3200436919716,35.7728017476788,92.6802421574023,4.35022026431718,11.078804892721,9.41447764186885,9.31421696410667,44.0100882723833,40.6084845022139,27.0840661273302,0.649222899862286,2073,51.2783405692233,73.5687263556116,2.194199243379566,0,0.026992405699917083
01.051.07.21.,Sidi Bouzineb,3711.0,630.0,5.89047619047619,78.24,0.0,92.8571428571428,0.0,90.5750798722044,2.24719101123595,10.5092966855295,8.2727027755322,11.1021288062516,55.7730590577305,53.5357417371252,20.6030150753768,1.0136847440446,1106,85.623869801085,78.5998672859986,0.298606502986065,0,0.010042993538439172
01.051.07.27.,Zarkt,6691.0,1160.0,5.76810344827586,77.6909722222222,0.434027777777778,93.6206896551724,9.74137931034482,94.5548833189282,4.06719717064544,11.9115229412643,9.93872365864594,10.8653415035121,43.851596863645,47.9564637938693,10.9773043075497,0.842105263157895,1922,80.6451612903225,80.3212851405622,0.40160642570281196,0,0.018107698670357452
01.051.09.01.,Abdelghaya Souahel,25817.0,4140.0,6.23599033816425,95.708680725846,1.07896027464443,96.9799468470645,0.072481275670452,91.9658119658119,0.855118494991449,10.179339195104,8.44404849517759,10.6286555370492,45.2325415337744,52.849712565015,6.50574950792499,0.676060926936548,9025,92.8421052631578,77.1336094054928,0.8615355323908811,0,0.06986795046668934
01.051.09.09.,Bni Bouchibet,9032.0,1530.0,5.90326797385621,93.5441370223978,0.131752305665349,93.59477124183,0.0,85.7518056467498,1.31492439184746,13.5850310008857,11.8246235606731,12.6217891939769,47.9958432304038,51.2060032160085,7.18771807397069,0.516505726476533,2660,90.3383458646616,80.7184206620157,0.207807629508683,0,0.02444309286962614
01.051.09.13.,Issaguen,17095.0,3267.0,5.23262932353841,76.5397709687403,15.2274837511606,93.813169984686,16.0490045941807,94.6070878274268,4.29144797777091,12.1497513892951,9.38871014916642,9.69289265867212,36.6686549358783,47.2099353521606,15.6036036036036,1.06185948882578,4684,61.9769427839453,70.9684634309997,1.118318049653321,0,0.04626380343293389
01.051.09.15.,Ketama,17351.0,3255.0,5.3305683563748,90.0999375390381,2.93566520924422,96.0344297571472,0.153704272978789,95.2292441140024,1.95652173913043,10.3913319117053,8.51824102357212,9.69972912224079,35.4254033691093,55.8569467990635,16.5341812400635,0.728066982162359,5775,85.5584415584415,74.9893390191897,1.115849324804549,0,0.046956610316749685
01.051.09.17.,Moulay Ahmed Cherif,9765.0,1585.0,6.16088328075709,91.9844861021331,0.711053652230123,95.4545454545454,0.0,95.2655150351887,1.73969072164948,11.7562724014336,9.66717869943676,10.3123399897593,37.807897823537,58.4308430843084,5.2374839537869,0.482686253934942,3691,90.0568951503657,78.0398800990486,0.443112211651245,0,0.02642679382992684
01.051.09.23.,Taghzout,5132.0,966.0,5.31262939958592,94.1908713692946,0.4149377593361,95.4451345755693,0.5175983436853,92.8199791883454,3.64963503649635,9.89867498051442,9.09976617303195,11.6134060795011,42.6028385855184,60.1797247964055,15.4456369575361,1.41708157793948,1812,82.2295805739514,77.4597065191243,0.33678133269184496,0,0.013888612998994835
01.051.09.25.,Tamsaout,13711.0,2323.0,5.90228153250107,93.8961038961039,0.346320346320346,94.3583118001722,0.172265288544358,91.038961038961,0.779896013864818,10.8161330318722,9.52519874553278,11.1735103201808,47.5553927852041,60.3940362087326,13.8070886968788,0.530866070074321,4888,94.3330605564648,81.4960629921259,0.430324116462187,0,0.0371057624374938
01.151.01.01.,Chefchaouen (Mun.),42577.0,10295.0,4.13569694026226,54.973461765284,36.052683310399,97.6296871964251,94.0936467845346,95.4187966968147,28.8440727988194,8.79348004791319,8.63611809192756,9.17161847946074,21.414957471624,50.2287926786342,19.6980314709817,2.1289681600984,12605,3.29234430781435,45.0477870064853,7.873478211400609,1,0.11522515114150489
01.151.03.03.,Bab Berred,25872.0,4932.0,5.24574209245742,86.3061224489796,7.93877551020408,95.4158215010142,22.2109533468559,96.0555896178213,6.85632419156774,11.4177489177489,8.80102040816326,9.82142857142857,33.9906012305605,47.1270718232044,9.53106682297772,0.820671162752905,7717,77.0765841648308,69.0906448330991,1.080374012886971,0,0.07001679569563414
01.151.03.13.,Iounane,25021.0,4004.0,6.24900099900099,87.9697351828499,1.18537200504413,95.5794205794205,0.04995004995005,96.0463359355326,2.71971795517501,11.6382238919307,10.3393149754206,11.1826066104472,43.0481557377049,49.6651518775412,6.56152179147604,0.356432360742706,7761,93.7894601211184,77.8045282245671,0.486630468189735,0,0.06771375406232458
01.151.03.23.,Tamorot,26748.0,4652.0,5.74978503869303,94.7925669835782,0.496974935177182,92.4301075268817,0.064516129032258,93.1287813310285,2.87754218952834,12.1915657245401,10.1278600269179,11.5260954090025,39.940315748941,50.8335688047471,6.93718732629238,0.584121128276074,8371,95.26938239159,76.970834536529,0.644912888632207,0,0.07238749425119131
01.151.05.01.,Bab Taza,28692.0,5259.0,5.45579007415858,77.7243897751297,9.74437824332116,95.6066945606694,28.4328642069227,92.9350947731188,5.62894887995405,12.3065662902551,10.1665969608253,10.6405966820019,33.2089552238805,47.1679433067583,6.58418029164825,0.641165755919854,8456,72.670293282876,73.8176586944794,0.912605646466463,0,0.07764849652516753
01.151.05.03.,Bni Darkoul,14779.0,2657.0,5.56228829506962,92.8109547356409,1.10308101939901,94.053443733534,3.23673315769665,92.6783004552352,2.62058488416255,11.8072941335679,10.2374991542052,10.7382096217606,42.0399305555555,46.0539561103281,6.62295081967213,0.372920252438325,4272,81.5543071161048,77.0766426525475,0.37323149032202,0,0.039996066155912835
01.151.05.05.,Bni Faghloum,10378.0,2046.0,5.07233626588465,90.9046214355948,0.589970501474926,76.6862170087976,0.048875855327468,92.7450980392156,3.63101079489695,11.3412989015224,9.90556947388706,11.1196762381961,43.0372001957905,49.935888303177,3.88017118402282,0.683005222981117,3369,91.0952804986643,73.7183408785023,0.758595375015294,0,0.02808574156343889
01.151.05.07.,Bni Salah,11347.0,1851.0,6.13019989195029,90.5875952121871,0.816104461371056,95.083738519719,0.0,94.3120260021668,6.01626016260162,13.8979465938133,11.3598307922798,11.7035339737375,39.2924528301886,48.2175311058297,1.13076253986662,0.24016257158692,3410,90.9384164222873,81.2993750736941,0.672090555359038,0,0.030708123869757284
01.151.05.09.,Derdara,11547.0,2107.0,5.48030374940674,93.2600382409177,0.764818355640535,94.0199335548172,2.18319886093972,87.3272987136731,2.05152671755725,11.3102970468519,9.84671343206027,10.8772841430674,41.5906843897616,45.973496432212,6.98447893569844,0.360685302073941,3356,81.5256257449344,76.7794376098418,0.285588752196837,0,0.03124937924773838
01.151.05.11.,Fifi,8076.0,1626.0,4.96678966789667,86.2623762376237,4.02227722772277,91.6307692307692,10.5230769230769,82.7267119062307,5.88964662120272,10.1040118870728,9.62109955423477,9.65824665676077,40.465905584696,44.4678239523058,7.29495268138801,0.481378261971117,2351,81.6673755848575,70.214406910381,1.434521055067096,0,0.021855892162876516
01.151.05.13.,Laghdir,7284.0,1467.0,4.96523517382413,88.2720333102012,1.59611380985426,88.9041095890411,10.0,87.8434065934066,3.09278350515463,11.5733113673805,10.9143327841845,11.4634816035145,35.6712716967764,49.7609644564539,2.84043441938178,0.985507246376812,2326,82.158211521926,71.2185618136734,0.8324477506199081,0,0.01971252086607139
01.151.05.15.,Tanaqoub,9236.0,1667.0,5.54049190161967,87.1419865935405,2.31566118220597,90.5705705705705,19.5795795795795,81.0365853658536,3.59756097560975,11.8124729320051,11.0004330879168,11.9640537029016,41.72278338945,63.7782204515272,2.96720458094742,0.455062571103527,3728,85.0858369098712,75.5084864637396,0.855659980361902,0,0.02499517335516685
01.151.06.05.,Bni Ahmed Cherqia,12866.0,2750.0,4.67854545454545,89.0350877192982,4.13011695906432,80.2109858130229,0.0,88.600657654366,4.35418953530918,11.0135240167884,9.34245297683817,10.2129644023006,42.1196447740802,44.7889846636068,7.17320669832541,0.842787682333874,3714,70.2207862143241,69.2007416804918,1.405289352981358,0,0.03481895846552368
01.151.06.07.,Bni Ahmed Gharbia,12978.0,2634.0,4.92710706150341,95.7730388423457,0.304645849200305,89.3318147304479,0.037965072133637,91.1026615969581,1.90186382655001,10.0323624595469,9.77038064416705,12.266913237787,49.0435451312121,48.1510889292196,8.38633686690223,1.02173207914369,3889,89.4060169709436,75.5092236740968,0.413143735588009,0,0.035122061477193094
01.151.06.15.,Mansoura,15820.0,2829.0,5.59208200777659,94.8214285714285,0.678571428571429,82.4319547543301,0.106044538706257,91.7803302225412,4.71732084983795,11.1694058154235,10.6194690265486,12.787610619469,49.373636143215,54.3478260869565,5.6,0.648491265219693,5310,92.8625235404896,77.3296694415259,0.43643417117918104,0,0.042813300398304416
01.151.06.21.,Oued Malha,13639.0,2541.0,5.36757182211727,97.6633663366336,0.158415841584158,73.3963006690279,0.0,86.1055974593092,1.51334129828753,11.4817801891634,10.6166141212698,11.9803504655766,47.52,48.6264041819597,5.03202195791399,0.295168556781109,4152,89.5472061657032,79.3317647058823,0.630588235294117,0,0.036910910501420605
01.151.07.01.,Bni Bouzra,16568.0,2815.0,5.88561278863232,92.7266212826943,2.11393765675385,88.6678507992895,22.6287744227353,82.7734095782701,2.69396551724137,10.8884596813133,11.0876388218252,12.5724287783679,53.6979730775181,44.2180007377351,8.52971845672575,0.378187141637184,4386,77.2685818513451,86.7022511023439,0.409994584977179,0,0.0448375955119537
01.151.07.03.,Bni Mansour,20811.0,3085.0,6.74586709886547,93.1892599869024,0.720366732154551,85.8995137763371,0.0,91.0248041775456,0.783289817232376,12.8105328912594,12.4020950458891,13.6994858488299,50.4851249759043,48.0374419885156,2.32520058948747,0.228924056932418,5965,92.1542330259849,89.5913646877409,0.469031097404266,0,0.05632032835582258
01.151.07.05.,Bni Selmane,24217.0,3605.0,6.71761442441054,89.4163641440938,0.977380619938565,96.3938973647711,0.027739251040222,93.1525992174399,2.23776223776223,11.9131188834289,10.3563612338439,12.4127678903249,43.1888215917543,53.8690099886205,2.13589954230724,0.326516583605431,8339,93.056721429428,84.2169570760731,0.44092647683807895,0,0.06553790744284059
01.151.07.07.,Steha,11591.0,2164.0,5.35628465804066,86.5231633130556,6.64482919981282,91.7744916820702,20.7948243992606,88.1720430107526,5.15463917525773,11.4312828918988,11.5865757915624,11.8022603744284,41.1520788972318,54.1230972865651,5.55147957935925,0.398406374501992,3862,79.5960642154324,79.3118906197467,1.1655272890283441,0,0.03136845543089422
01.151.07.09.,Talambote,8481.0,1399.0,6.06218727662616,92.8930366116295,1.07681263460157,83.2022873481057,0.071479628305933,74.8747315676449,2.22063037249283,12.1094210588374,11.578823251975,12.1094210588374,47.7286773794808,57.1717171717171,20.0128493414712,0.149925037481259,2490,84.1365461847389,81.2268232385661,0.200865265760198,0,0.022951934303288228
01.151.07.11.,Tassift,7363.0,1213.0,6.07007419620775,91.6112956810631,0.498338870431894,85.7260726072607,28.2178217821782,83.2919768403639,2.90456431535269,11.1096020643759,11.1639277468423,12.9023495857666,41.7787873492923,58.4538026398491,14.1935483870967,0.311879784519422,2394,89.9749373433583,83.3129477546741,0.34946706272933803,0,0.01992631674037392
01.151.07.13.,Tizgane,12773.0,2413.0,5.29341069208454,89.78471929084,4.60109750949767,87.8159966846249,43.4728553667633,81.5668202764977,3.28282828282828,11.9705629061301,10.5300242699444,11.3598997886166,40.3799514955537,56.9720643939393,12.9233326407645,0.489077274209325,4191,79.0264853256979,78.3008384685321,0.858672593191232,0,0.03456727471476247
01.151.09.01.,Amtar,10574.0,1766.0,5.98754246885617,93.0894308943089,2.09059233449477,87.9954699886749,21.1211778029445,84.4238563983786,2.14617169373549,11.3296765651598,10.8000756572725,11.8781917911859,47.7648202137998,57.6812840355402,6.53416149068323,0.287576687116564,3762,84.5560871876661,86.6164683021617,0.35219820257469103,0,0.028616171833860362
01.151.09.09.,Bni Rzine,20898.0,3333.0,6.27002700270027,90.3353658536585,4.78658536585365,90.1890189018902,10.4410441044104,86.6585440146207,2.99145299145299,10.4986123073978,9.8574026222605,11.6614030050722,35.0519800492758,50.8622510030266,4.67755327982286,0.390053632374452,6888,87.0644599303135,71.7676039413602,0.648882480173035,0,0.05655577444524435
01.151.09.11.,Bni Smih,16987.0,2682.0,6.33370618941088,89.5793861311102,1.74308450170519,87.7284595300261,3.76725102573666,81.5909090909091,1.17825921702774,12.8039088714899,11.4970271383999,13.3808206275387,41.5927827033753,59.6637067825429,3.1982267257758,0.39122703023118,6114,92.705266601243,83.5912590403608,0.303289524846411,0,0.045971525528824095
01.151.09.17.,M'tioua,12806.0,2291.0,5.58969882147533,80.9043020193151,9.43810359964881,91.004366812227,33.6244541484716,94.115063680281,7.60773966578715,9.94065281899109,9.09729814149617,11.5883179759487,44.3908555994984,52.1837010355695,6.66522864538395,0.384245917387128,4327,74.6937832216316,73.2349537037037,1.1959876543209809,0,0.03465658185212936
01.151.09.19.,Ouaouzgane,16772.0,2831.0,5.92440833627693,87.6884422110552,0.933237616654702,85.8000706464147,0.070646414694454,81.7369549678341,1.078360891445,11.6622943000238,10.5771523968518,11.9127116622943,43.4749271584112,60.6573705179282,10.8523660247798,0.281414413312125,5972,94.2230408573342,80.5551295813525,0.20702346265910201,0,0.045389675997494425
01.227.03.05.,Anjra,15899.0,3208.0,4.95604738154613,93.8384155925809,1.69757937755422,92.9819089207735,16.8434185901434,83.8396492326965,4.67671060891399,10.3088244543682,10.1201333417196,10.4975155670167,39.7834163307248,49.7996721908577,11.8303163283964,0.436513031197843,4822,33.72044794691,82.8393012410086,0.466366295154533,0,0.04302709627260695
01.227.03.11.,Jouamaa,7711.0,1595.0,4.83448275862068,90.9892879647133,1.44927536231884,89.5924764890282,0.250783699059561,88.7005649717514,3.01507537688442,11.3474257554143,10.1802619634288,10.7508753728439,39.2497107916046,45.9594025277671,15.4583333333333,0.697237865379458,2029,29.275505174963,77.9044785985787,0.512312014543051,0,0.02086810109806102
01.227.03.13.,Ksar El Majaz,9617.0,2286.0,4.20691163604549,80.738434163701,14.1014234875444,96.3254593175853,18.503937007874,85.5887521968365,6.60501981505944,10.8453779764999,9.17125922844962,9.95112821046064,38.8845553822152,46.6963622865627,14.181240063593,0.645161290322581,2699,27.343460540941,75.520020800832,0.7020280811232449,0,0.026026264850220835
01.227.03.21.,Taghramt,8706.0,1931.0,4.50854479544277,91.7230609057782,4.84122852680895,95.7965749870264,16.7618059159315,81.789802289282,1.82672233820459,9.45325063174821,8.69515276820583,9.23501033769813,44.9964912280701,48.3233154065169,26.1538461538461,0.612341026848799,2256,29.5656028368794,80.4518664047151,0.449059781083357,0,0.02356084660351696
01.227.05.01.,Al Bahraoyine,8440.0,2030.0,4.15763546798029,84.6153846153846,5.40942928039702,81.4285714285714,31.1330049261083,92.814667988107,7.59305210918114,11.4810426540284,10.5924170616113,8.90995260663507,34.4130170316301,46.695278969957,17.0588235294117,0.859528487229863,2256,7.13652482269503,67.6448228675688,0.957883533525924,0,0.022840976950802106
01.227.05.05.,Ksar Sghir,12862.0,3015.0,4.26600331674958,82.792099096083,11.3826581854703,91.9734660033167,19.6019900497512,90.7,8.01068090787717,10.5893329186751,9.4853055512362,9.32980873892085,36.0089511578128,46.5748898678414,14.6843225348782,0.706486833654464,3608,37.7771618625277,73.0642023346303,0.9143968871595339,0,0.03480813335796406
01.227.05.09.,Malloussa,12250.0,2758.0,4.44162436548223,92.1954777534646,1.64113785557986,93.0021754894851,14.7208121827411,87.5045537340619,1.71846435100548,11.1836734693877,9.86122448979591,10.138775510204,41.3564929693961,49.5255041518386,13.8922155688622,0.511945392491468,3595,35.4102920723226,81.5756823821339,0.310173697270471,0,0.03315189190134192
01.331.01.01.,Ksar El Kebir (Mun.),126425.0,29514.0,4.28356034424341,68.8834154351395,21.1891078270388,92.2938764444745,92.4362059032837,91.2812297624322,17.5445788071326,8.92624085426142,8.17243424955507,9.4032034803243,25.2142134692086,44.8837709857942,21.6971179206828,2.40237890288755,32657,3.18767798634289,49.5353408136783,4.872719639722158,1,0.34214105580629817
01.331.01.03.,Larache (Mun.),124419.0,30400.0,4.09273026315789,63.4316460741331,21.3332004782781,92.8009739084657,83.2165301220675,94.3094819872071,24.7561218395381,9.71555791318046,8.28973066814554,8.26722606675829,23.2999715722505,51.860330749692,18.0757588497435,2.8626198083067,38973,11.0999923023631,49.2153268572884,5.01092955095719,1,0.3367122643651478
01.331.07.01.,Bou Jedyane,11166.0,2526.0,4.42042755344418,89.3269613699721,0.159299084030267,91.8448139350752,7.48218527315914,88.3776279254264,1.42913854704247,10.32598961132,8.58857245208669,10.0841841303958,44.1020543406229,48.3224016145307,6.52571130253197,1.17340286831812,3581,89.7514660709299,75.6571681024961,0.640600839407997,0,0.030218287752684397
01.331.07.03.,Ksar Bjir,16308.0,3270.0,4.98715596330275,96.0949703217744,0.249921899406436,87.2477064220183,56.9113149847094,80.3758471965496,1.48285449490268,12.1044885945548,10.0686779494726,10.4243316163845,47.2502363693665,54.0665938864628,10.7689718997139,1.49569986289417,5303,43.5979634169338,74.2672549637567,0.409706901985503,0,0.04413396352057829
01.331.07.05.,Laouamra,40559.0,6901.0,5.87726416461382,91.6360968451944,1.8635363169479,90.6825097811911,13.114041443269,88.1993006993007,3.42255375164545,12.9712271012598,10.2689908528316,9.50467220592223,47.6467375590323,53.6952855781215,8.13818529391684,1.79258001697708,13455,66.9342251950947,77.22352487714,0.414351331384705,0,0.10976388437767565
01.331.07.11.,Souk L'Qolla,14965.0,2911.0,5.14084507042253,89.6167247386759,0.662020905923345,92.3737547234627,4.80934386808656,88.2047734347976,1.07266435986159,9.7494153023722,9.97661209488807,12.4891413297694,49.0135686339798,47.7720820189274,2.53817581510524,0.705543556515479,4723,91.3190768579292,77.9738616498793,0.341296928327646,0,0.040499433657435246
01.331.07.15.,Tatoft,9527.0,2241.0,4.2512271307452,93.6131386861313,0.547445255474453,83.4002677376171,26.4167782240071,80.4189435336976,0.727603456116417,9.76172982051013,9.45733179384906,9.61477904901857,57.9521829521829,49.2772861356932,7.09368452559114,1.37314734088927,3104,88.5953608247422,82.6663201663201,0.311850311850312,0,0.02578269993012934
01.331.07.17.,Zouada,23214.0,4016.0,5.78037848605577,97.305464618484,0.226643162931252,89.1932270916334,28.0876494023904,86.9020786376158,2.18263923733065,11.941070043939,9.26596019643318,9.40811579219436,49.4176190736588,46.3525175389582,9.20171443878917,1.77997742467656,6779,66.5142351379259,77.961839155869,0.431906402055656,0,0.06282351172226541
01.331.09.01.,Ayacha,7192.0,1573.0,4.57215511760966,89.463601532567,1.66028097062579,82.9516539440203,10.7506361323155,88.6973180076628,1.66134185303514,9.45494994438264,9.98331479421579,11.0817575083426,47.9972375690607,59.8359015409245,13.2441471571906,0.708382526564345,2594,83.7316885119506,81.6016568864342,0.31066620642043496,0,0.019463543392200088
01.331.09.03.,Bni Arouss,8193.0,1879.0,4.36029803086748,91.0070005385029,2.31556273559504,90.0958466453674,6.8157614483493,87.3661670235546,2.94117647058823,8.65372879287196,8.78798974734529,11.2535090931282,47.3902114446251,49.5035946593632,17.0816044260027,1.03039670273055,2398,73.4361968306922,78.5925487876995,0.7835600236546421,0,0.022172526558995456
01.331.09.05.,Bni Garfett,12994.0,2738.0,4.74579985390796,85.4458364038319,2.50552689756816,89.8100803506209,8.69247626004382,85.693215339233,3.20796460176991,10.7434200400184,10.8203786362936,13.1445282438048,46.0655416012558,43.7647336162187,11.2308106652302,0.594855305466238,3296,74.6966019417475,78.1102825745682,0.353218210361067,0,0.03516536190743159
01.331.09.13.,Tazroute,5974.0,1262.0,4.7337559429477,95.6972111553784,0.318725099601594,74.1679873217115,21.3153724247226,87.9681274900398,0.637450199203187,8.3696016069635,9.03916973552059,11.2152661533311,38.7312525334414,41.7682926829268,14.7669848399775,0.839160839160839,1518,69.0382081686429,80.5026347790839,0.6080259424402099,0,0.016167298140295234
01.331.09.15.,Zaaroura,9953.0,2131.0,4.67057719380572,91.3085004775549,0.191021967526266,90.1454716095729,2.0178320037541,87.9449454200284,0.807984790874525,9.44438862654476,10.1376469406209,12.7097357580628,50.4998750312421,44.9473215610624,10.8616705183228,0.440898593323536,2700,89.2592592592592,84.5077461269365,0.137431284357821,0,0.026935573885229068
01.331.11.03.,Oulad Ouchih,12590.0,2150.0,5.85581395348837,98.5377358490566,0.047169811320755,92.6976744186046,49.5348837209302,81.7713214620431,0.75187969924812,11.9221604447974,9.63463065925337,9.65845909451946,53.9287160793843,50.473441108545,7.09219858156028,1.34779750164365,4061,56.9564146761881,81.6626164439044,0.162008910490077,0,0.03407202604390978
01.331.11.07.,Rissana Chamalia,12484.0,2481.0,5.03184199919387,92.7287581699346,0.531045751633987,91.1326078194276,33.6557839580814,86.061588330632,1.99349064279902,11.8391541172701,10.1730214674783,11.0060877923742,52.4445357436318,52.0928007653671,9.22865013774104,0.721839852274635,3954,63.6823469903894,78.3689400164338,0.328677074774034,0,0.0337851606935798
01.331.11.09.,Rissana Janoubia,16357.0,2924.0,5.59404924760601,97.1024491203863,0.137978613314936,93.7414500683994,1.09439124487004,80.5498281786941,1.30808950086058,10.9861221495384,10.3747630983676,11.6097083817325,59.4884552592707,47.9022254651587,6.41660319878141,0.807163576743599,4915,66.205493387589,85.858664386224,0.069968125631657,0,0.04426657108818365
01.331.11.11.,Sahel,17036.0,3795.0,4.48906455862977,84.9493873201917,4.84816196057538,86.1396574440052,27.4835309617918,87.4238813873444,3.78707627118644,9.73233153322376,8.6346560225405,9.11598966893637,46.1560589715929,51.8293670066375,12.3692019365922,1.19844906591469,5611,36.3749777223311,71.8630905299489,0.5321061336017829,0,0.04610413309642946
01.331.11.12.,Souaken,12625.0,2196.0,5.74908925318761,98.2183645500228,0.091365920511649,95.0819672131147,35.0182149362477,82.2374429223744,0.50251256281407,11.3980198019801,9.74257425742574,11.7544554455445,50.2410606669345,53.4820585457979,11.0792319576252,0.91533180778032,4029,73.8148423926532,82.1615106468461,0.231016472478908,0,0.034166745735056465
01.331.11.13.,Souk Tolba,13049.0,2449.0,5.32829726418946,92.517569243489,0.0,93.9975500204165,56.7986933442221,81.9942315615986,1.19587628865979,10.8284159705724,9.83217104758985,10.7824354356655,53.323029366306,60.1609657947686,6.41025641025641,1.0131391483299,5037,80.1667659321024,80.0927267458707,0.270453008789722,0,0.03531420713637638
01.405.01.09.,Ouezzane (Mun.),59183.0,14835.0,3.98941691944725,65.6850105177444,25.5682974825269,97.0199568500539,96.5480043149946,94.7653551838558,22.1378702636751,8.3723366507274,8.41288883632124,8.9907574810334,24.5756172839506,44.7026953196139,22.1418750318276,2.76577934036497,15289,4.09444698803061,47.5542650612195,5.198075087819036,1,0.160165585175275
01.405.07.01.,Bni Quolla,16049.0,3582.0,4.48045784477945,92.4114671163575,0.14052838673412,89.0843104410943,1.28419877163595,78.206202849958,1.82123844214065,8.82297962489874,9.03483083058134,9.77631005047043,43.9993931118191,52.9705527811262,6.61573472041612,1.3127997980308,5745,74.9521322889469,68.4897216111658,0.69786846696503,0,0.04343303780609277
01.405.07.03.,Lamjaara,17513.0,3782.0,4.63061872025383,84.8991507430997,6.82059447983014,89.6879957694341,25.4891591750396,90.4142326075411,8.44845908607863,9.47867298578199,8.98189916062353,10.5121909438702,39.6456334477204,44.0871452689122,15.3719912472647,1.24086744752406,4641,43.5681965093729,66.2745098039215,1.806722689075629,0,0.04739502717291437
01.405.07.05.,Masmouda,16106.0,3650.0,4.41260273972602,92.2566371681416,2.21238938053097,81.7260273972602,5.97260273972602,83.7785733957587,1.5491009681881,8.58065317273066,9.4623121817956,9.87209735502297,48.8484848484848,47.829457364341,12.8399063569241,1.29597630214761,4840,64.9173553719008,74.0984848484848,1.0,0,0.04358729558881738
01.405.07.07.,Mzefroune,6973.0,1659.0,4.20313441832429,90.8373786407767,0.242718446601942,90.1748040988547,0.060277275467149,86.682808716707,1.03092783505154,8.44686648501362,9.30732826616951,9.93833357235049,49.2938099389712,43.4153113843712,14.6185472818638,1.14025085518814,1869,81.808453718566,75.0305143853531,0.47079337401918003,0,0.01887086875331079
01.405.07.09.,Ounnana,12794.0,2603.0,4.91509796388782,99.2242048099301,0.077579519006982,87.168651555897,4.80215136381098,86.312956555171,1.69622205088666,8.69157417539471,9.18399249648272,11.9274659996873,44.4370419720186,53.2902794788999,11.8470539072294,1.18490801371998,4219,69.5425456269258,76.3205482059579,0.7042923765108969,0,0.03462410652945049
01.405.07.11.,Sidi Ahmed Cherif,9576.0,2037.0,4.70103092783505,99.358024691358,0.098765432098765,89.3961708394698,5.94010800196367,89.781746031746,1.18929633300297,9.12698412698412,9.23141186299081,10.9022556390977,46.060373497058,41.0245054620608,15.077365958978,1.75474392981024,2360,63.3474576271186,71.1818879508825,0.920951650038373,0,0.025915307497734713
01.405.07.13.,Sidi Bousber,10528.0,2416.0,4.35761589403973,92.753019575177,2.95710120783007,85.6195607128056,13.1786158309158,87.2712146422628,5.11860174781523,9.9354103343465,9.40349544072948,11.1607142857142,44.6237192321281,43.2827661609949,5.71518787496053,2.17274196444604,2986,73.8446081714668,69.7951012717852,1.059821008007535,0,0.02849168309692471
01.405.07.15.,Sidi Redouane,19169.0,4624.0,4.14554498269896,92.0915032679738,3.85620915032679,89.9653979238754,14.9437716262975,88.2570002170609,3.21459600347523,9.9118368198654,9.46841254108195,10.8404194272001,39.795522194901,44.0340909090909,14.4312393887945,1.23933360422592,5040,68.0753968253968,66.6882360553901,1.630645787498375,0,0.05187662170259782
01.405.07.17.,Teroual,12621.0,2807.0,4.49625935162094,93.4097421203438,3.689111747851,88.6355539722123,21.4107588172426,84.8354792560801,3.33692142088266,8.99294826083511,9.03256477299738,11.4729419221931,45.9211289387202,44.3470442796134,9.80739989863152,1.40756959649671,3559,69.5139084012363,73.4680069592113,1.3145176879953602,0,0.034155920627496845
01.405.07.19.,Zghira,15503.0,3236.0,4.7907911001236,97.8598014888337,0.620347394540943,89.8918083462133,1.42194744976816,86.4622057001239,0.712515489467162,8.94020512158937,9.30787589498806,11.5784041798361,43.722875404403,40.3713576615497,25.5692167577413,1.55887657820149,3269,53.747323340471,73.489032665299,0.6785545210667511,0,0.04195541062420439
01.405.09.01.,Ain Beida,11941.0,2521.0,4.73661245537485,93.1446791550418,0.557991231566361,89.6866322887742,11.3447044823482,86.5843949044586,2.94703305455993,10.0242860731931,10.0159115651955,10.610501633029,41.1185588604943,52.735176911001,8.03755438516143,0.96137339055794,4016,84.7858565737051,67.5848345203184,0.816925010473398,0,0.03231565234236113
01.405.09.03.,Asjen,13027.0,2865.0,4.54694589877835,91.0884114124691,1.6907361747094,90.7155322862129,34.8342059336823,88.8811188811188,2.51748251748251,9.67221923696937,9.84877561986643,10.3247102172411,46.6997329263639,46.6462413830834,8.60896082570959,0.743200506008855,3896,86.4219712525667,70.469286531858,0.820297596337276,0,0.03525466904479846
01.405.09.05.,Brikcha,10399.0,2438.0,4.26538146021328,90.9765142150803,1.68932838895756,92.2067268252666,31.0500410172272,90.7673368896183,3.52892901107919,9.54899509568227,9.38551783825367,9.13549379748052,50.5576649264356,52.2192513368983,4.91551459293394,1.41788105553367,3714,87.2913301023155,71.5065243179122,1.067615658362989,0,0.028142573378126905
01.405.09.09.,Moqrisset,10545.0,2358.0,4.47201017811704,89.1776736259054,4.64422667234767,89.393296563428,13.279592702588,90.0594732370433,5.31462585034013,9.26505452821242,8.81934566145092,10.0995732574679,36.1426256077795,45.0547999471807,8.1770222743259,1.00814269096549,3133,75.6463453558889,62.8501968048159,2.141699467469321,0,0.028537689804053103
01.405.11.07.,Kalaat Bouqorra,16163.0,3371.0,4.79471966775437,94.8137108792846,1.46050670640834,88.6977158113319,0.118659151587066,89.3547427891763,2.88432946773713,10.0847614922972,10.6539627544391,13.2215554043185,40.2810304449648,45.2126662919243,6.56858682138416,1.09063557728469,4509,89.5764027500554,68.4646007337444,1.178674576535784,0,0.043741553371541994
01.405.11.11.,Zoumi,40661.0,9074.0,4.48104474322239,92.0426761502556,3.37852856190264,91.322086227809,16.4516484728194,87.6288659793814,5.46805678793256,10.1202626595509,10.8138019232188,11.2786207914217,39.1564016424038,44.4037296375575,7.65585423645722,1.41858344310467,11302,80.4547867634047,66.7827926218544,1.2690907959812079,0,0.11003992462044603
01.511.01.01.,Assilah (Mun.),31014.0,7947.0,3.90260475651189,70.7984006191151,17.7737649941957,82.1352133954425,68.5886944479415,91.7282691817486,20.0770218228498,8.38331076288128,7.76745985683884,7.93512607209647,21.7068574285604,49.7791369351002,18.9675767918088,3.0,9497,6.15983994945772,49.6058450298019,4.483753124399154,1,0.08393247146352802
01.511.01.03.,Bni Makada (Arrond.),385922.0,91737.0,4.20683039558738,51.3254770169581,33.9240310420305,94.9103950466556,91.879959884887,96.7175270424764,17.368606935523,11.1273780712164,8.86293085131192,8.59085514689496,24.9153865337466,55.8905163249534,13.2285161575113,1.82210145503276,133668,1.140138252985,54.1238766091814,3.086065905594685,0,1.044411789906096
01.511.01.05.,Charf-Mghogha (Arrond.),200810.0,50619.0,3.96708745727888,47.7139601367425,40.2131104935926,96.8759262552611,94.2616634062481,96.7377016530571,23.0009182003273,10.2933633452683,8.2605859299135,7.81289683231329,20.4065035679126,55.7201985635254,15.0711866875432,2.34182039945113,69972,1.65637683644886,46.7383262713159,4.47383384999174,0,0.5434474622619159
01.511.01.06.,Charf-Souani (Arrond.),117440.0,30760.0,3.81794538361508,49.7500579335915,37.9647101665177,98.4880507234596,98.3709965859209,97.1023993706568,38.6096326959721,7.87891689373297,7.04359673024523,7.21730245231607,15.6916517370111,51.5786480604556,19.7739753620422,3.0818437755085,37837,0.848375928324127,37.0564980233198,8.81148976630135,0,0.31782515795049754
01.511.01.07.,Tanger-Médina (Arrond.),239645.0,66127.0,3.6240113720568,51.5935611826022,39.6445428408898,96.4583554055485,90.442100164974,96.976783285188,34.9645422659253,9.22072231842934,7.68094473074756,7.47731018798639,15.9592632022979,56.5753606074317,15.7977898504784,3.18919057420804,86330,1.40044017143519,38.6866592012694,9.47318733962368,0,0.6485457252813946
01.511.01.09.,Gueznaia (Mun.),23475.0,6100.0,3.8483606557377,63.9752591106653,20.979605483116,92.4729419481797,44.4408002623811,95.4507857733664,17.9074780301774,12.1703940362087,8.77955271565495,7.88072417465388,23.5652314490488,58.8795115819716,13.3069025109281,1.51685393258427,8528,2.47420262664165,50.692461065905,3.885326291965289,1,0.06352984999053073
01.511.03.01.,Al Manzla,2650.0,568.0,4.66549295774647,93.6936936936936,0.0,86.7957746478873,0.352112676056338,87.6122082585278,1.79533213644524,9.24528301886792,8.71698113207547,11.3207547169811,40.8463661453541,49.1462113127001,19.2182410423452,0.159744408945687,744,61.2903225806451,79.2088316467341,0.275988960441582,0,0.0071716337582494755
01.511.03.03.,Aquouass Briech,4251.0,983.0,4.32451678535096,91.7177914110429,2.86298568507157,92.675483214649,10.9867751780264,92.5357873210634,5.1440329218107,9.03316866619619,6.70430486944248,7.6687838155728,38.3026242322724,45.546683046683,9.97977073499663,1.28776622090143,1335,36.5543071161048,62.9536571747627,1.395868230039077,0,0.011504383058988122
01.511.03.05.,Sebt Azzinate,5153.0,1113.0,4.62982929020664,89.5212285456187,0.1806684733514,81.581311769991,2.15633423180593,87.5899280575539,0.540540540540541,10.9644867067727,11.02270522026,10.3823015718998,47.910447761194,50.6456241032998,9.23512747875354,0.608519269776876,1602,44.0699126092384,80.0248756218905,0.298507462686568,0,0.01394544481368285
01.511.03.07.,Dar Chaoui,4303.0,910.0,4.72857142857142,92.3076923076923,2.7870680044593,91.2087912087912,29.6703296703296,82.1309655937846,2.89210233592881,9.20288171043458,10.2486637229839,10.7366953288403,44.4893248701673,47.9693741677763,12.0055517002081,0.340301409820126,1268,42.2712933753943,78.8228505481823,0.721292556260819,0,0.011645109457263205
01.511.03.11.,Sahel Chamali,5358.0,1166.0,4.59519725557461,91.4359861591695,0.432525951557093,89.2795883361921,15.6089193825042,84.1924398625429,1.55038759689922,9.1452034341172,8.92123926838372,10.1157148189623,45.8874458874458,61.4864864864864,10.7354184277261,0.625978090766823,2112,60.748106060606,80.3189066059225,0.5922551252847381,0,0.01450023157611347
01.511.03.13.,Sidi Lyamani,10362.0,2102.0,4.92959086584205,91.907514450867,1.34874759152215,92.5784966698382,67.1265461465271,85.7348013403542,5.1220679751077,11.0210384095734,9.23566878980891,10.0559737502412,42.6773178407165,58.1913862345935,14.4693003331746,0.763665594855306,3594,47.8018920422927,69.7809512283674,0.859252087619509,0,0.028042441133200403
01.511.03.15.,Had Al Gharbia,12073.0,2567.0,4.70315543435917,91.7586750788643,2.28706624605678,91.9361121932216,7.01207635372029,88.0626223091976,4.27115987460815,8.89588337612855,8.25809657914354,9.51710428228278,41.3017396520695,52.2421777928385,9.4054054054054,1.25796712512579,4190,54.9403341288782,70.2259548090381,1.039792041591681,0,0.03267288089182865
01.511.03.17.,Laaouama,8013.0,1829.0,4.38108255877528,85.8485351022664,0.773908236594804,91.9081465281574,0.71077091306725,90.8941305540318,4.2927903137039,11.4688630974666,10.0836141270435,8.19917633845002,39.261851734012,48.1080120802984,18.7961595273264,0.452488687782805,2199,25.3296953160527,74.7375119312758,0.477251034043907,0,0.021685396718812474
01.511.81.05.,HJAR ENNHAL,9792.0,2210.0,4.43076923076923,90.36969420356,3.2405294386125,87.3303167420814,9.27601809954751,93.463458919655,7.08768741481144,11.8566176470588,9.29330065359477,9.35457516339869,37.4692397357855,49.2725936811168,17.6558305994631,1.0713520462824,2761,14.37884824339,65.2117601346975,0.699391270560808,0,0.026499863305954288
01.571.01.07.,Oued Laou (Mun.),9548.0,2441.0,3.91151167554281,69.399585921325,21.1180124223602,89.0983606557377,78.7704918032786,90.9278350515464,16.0346248969497,10.1801424382069,8.51487222454964,8.82907415165479,28.9707587272961,48.6560693641618,15.8598158598158,1.44834930777422,2833,18.3198023296858,58.2764395208038,3.155996393146971,1,0.025839531744817356
01.571.01.11.,Tétouan (Mun.),377866.0,92606.0,4.08036196358767,60.3263240554925,29.3168135415757,97.0255645919061,93.4301050880774,95.7221465540724,27.6444774359758,8.57052121789528,7.99650668889682,8.12009580141055,20.8370473051631,50.037423440075,21.5201162945848,2.33399702917101,111753,1.69659874902687,47.9334779740154,7.1873096833130194,1,1.0226100232810176
01.571.03.01.,Ain Lahsan,6734.0,1523.0,4.4215364412344,93.8654353562005,0.857519788918206,86.4651773981603,0.131406044678055,83.8497033618984,2.24422442244224,10.2019602019602,9.13275913275913,9.89010989010989,43.8777389062787,42.1737305916911,10.4477611940298,0.555880631948508,1800,43.6111111111111,83.2474226804123,0.423416789396171,0,0.018224068576623384
01.571.03.03.,AL Kharroub,2510.0,520.0,4.82692307692307,88.7814313346228,0.0,86.5384615384615,0.0,72.3938223938223,0.193423597678917,9.36254980079681,9.44223107569721,11.8725099601593,45.9499263622975,48.3333333333333,14.5065398335315,0.732899022801303,719,83.1710709318498,83.9057899901864,0.0,0,0.006792754993662711
01.571.03.05.,Bghaghza,6955.0,1331.0,5.22539444027047,87.2260015117158,0.075585789871504,95.7926371149511,0.0,80.3906836964688,0.676691729323308,11.5887850467289,11.6319194823867,12.5521207764198,44.6900168570893,55.6525632415491,2.69509251810136,0.318563567911961,2419,90.533278214138,88.314606741573,0.093632958801498,0,0.018822155769292494
01.571.03.07.,Bni Harchen,6953.0,1474.0,4.71709633649932,92.2655715263518,0.0,80.3122878479294,0.067888662593347,81.4713896457765,0.613079019073569,10.125125844959,10.5134474327628,11.3476197324895,50.4711852120333,45.6121801649397,7.51043115438108,0.292483182217023,1995,84.7117794486215,83.6534976440739,0.163102573396158,0,0.018816743215512684
01.571.03.09.,Jbel Lahbib,3780.0,885.0,4.27118644067796,74.6590909090909,8.06818181818181,83.9366515837104,32.0135746606334,88.2086167800453,5.44835414301929,10.2645502645502,9.78835978835978,10.3174603174603,35.9364659166115,46.8465045592705,18.6536901865369,1.03429504627109,1003,26.8195413758723,69.6889477167438,0.9927200529450689,0,0.010229726643842649
01.571.03.11.,Bni Idder,4823.0,864.0,5.58217592592592,79.2102206736353,0.116144018583043,83.912037037037,0.0,87.037037037037,0.231481481481481,12.4196558158822,10.9682770060128,11.9013062409288,52.1786197564276,62.6722204421659,0.408997955010225,0.289375775113683,1948,94.7125256673511,90.148849797023,0.189445196211096,0,0.013052373440014045
01.571.03.15.,Mallalienne,9150.0,2088.0,4.38218390804597,88.1981544439048,2.67119961146187,87.2126436781609,31.0823754789272,80.867469879518,7.3394495412844,9.57377049180327,9.00546448087431,8.63387978142076,35.5033557046979,47.7627627627627,16.4728072933039,0.826077249386024,2657,31.2758750470455,72.4161073825503,1.2617449664429459,0,0.024762433542634982
01.571.03.17.,Saddina,6670.0,1417.0,4.70712773465067,95.6059532246633,0.141743444365698,85.6638418079096,1.41242937853107,71.2056737588652,2.84292821606254,11.5742128935532,10.3298350824587,9.13043478260869,40.2380495296602,47.6086956521739,12.1917808219178,0.580862121675329,1923,43.8377535101404,76.0030716068343,0.345555768861586,0,0.018050866855669437
01.571.03.19.,Souk Kdim,7823.0,1625.0,4.81415384615384,93.4405940594059,0.556930693069307,82.0197044334975,0.0,79.6170475602223,3.1055900621118,10.379649750735,10.2134730921641,10.2134730921641,42.0222186443406,45.7971549972288,13.3118192819685,0.900669068450849,2149,50.8608655188459,79.9742433998712,0.289761751448809,0,0.021171204109730436
01.571.03.21.,Sahtryine,8036.0,1559.0,5.15458627325208,94.6417043253712,0.12911555842479,85.3752405388069,0.0,80.1674179008371,2.83505154639175,11.2120457939273,10.1294176207068,10.3036336485813,45.609871855719,51.3562716184234,4.85643388869195,0.234192037470726,2684,78.9120715350223,85.0340136054421,0.44296788482835,0,0.0217476410872803
01.571.05.01.,Al Hamra,11118.0,2005.0,5.54513715710723,91.5741675075681,2.67406659939455,88.6783042394015,10.7231920199501,87.1730382293762,0.905888273779567,11.2160460514481,10.5324698686814,11.0361575822989,44.2898217366302,48.0931352870333,12.9938786867,0.50656660412758,3127,64.2788615286216,79.919540229885,0.632183908045977,0,0.030088386461968934
01.571.05.05.,Al Oued,11256.0,1918.0,5.86861313868613,95.1604418726985,0.526038926880589,93.5870698644421,0.417101147028154,87.5196643943366,1.10294117647058,9.83475479744136,9.63041933191186,11.638237384506,53.1663724624889,47.7369439071566,21.4748784440842,0.432981927710843,2907,74.234606123151,83.8610038610038,0.12134583563155,0,0.030461852672775888
01.571.05.07.,Azla,16128.0,3563.0,4.52652259332023,92.2377025874324,4.03753198748933,92.5905136121246,74.9368509682851,90.7350042241622,4.6800112771356,10.3794642857142,9.28819444444444,8.72395833333333,41.4479777709169,46.8265650705688,8.06213017751479,0.715197956577267,4972,22.9082864038616,75.7332510033961,0.517134918184624,0,0.043646833680395306
01.571.05.13.,Bni Leit,5324.0,889.0,5.98875140607424,99.3055555555555,0.115740740740741,87.289088863892,1.34983127109111,87.7314814814814,0.925925925925926,10.5371900826446,10.0112697220135,11.4199849737039,54.4121126094156,46.9077857537272,13.3608004708652,0.156494522691706,1472,93.4103260869565,87.8723404255319,0.070921985815603,0,0.014408218161856683
01.571.05.15.,Bni Said,9103.0,1790.0,5.08547486033519,86.0190903986524,2.18978102189781,80.7262569832402,45.5307262569832,86.1547085201793,1.40449438202247,10.128529056355,11.2490387784246,11.6115566296825,44.1805225653206,53.0491803278688,10.3831891223733,0.610583446404342,2900,42.551724137931,79.8938102556937,0.433142378091379,0,0.024635238528809427
01.571.05.17.,Dar Bni Karrich,8413.0,1914.0,4.39550679205851,75.7911392405063,14.7151898734177,96.4994775339602,42.7899686520376,90.251572327044,11.5767417496071,10.5669796743135,9.49720670391061,8.53441103054796,26.4089219330855,46.5290494423172,23.5778175313059,1.22219506233194,2136,16.0580524344569,62.6171003717472,1.7397769516728572,0,0.022767907474774658
01.571.05.19.,Oulad Ali Mansour,5306.0,806.0,6.58312655086848,98.8805970149253,0.124378109452736,46.6501240694789,0.0,65.136476426799,0.372670807453416,10.0452318130418,12.0618168111571,13.0229928382962,69.4168884587466,85.5897733875653,2.1724372029871,0.720865038045655,2882,96.911866759195,94.0237115896443,0.09678199854827,0,0.014359505177838384
01.571.05.23.,Zaitoune,10475.0,2244.0,4.66800356506238,80.4701627486437,10.4430379746835,93.4046345811051,71.6131907308377,87.7248201438849,7.69230769230769,10.3198090692124,9.88066825775656,9.60381861575179,34.6811819595645,52.4411804705562,17.3495850622406,0.74016361511492,3187,16.9438343269532,69.3862902261036,1.447541571958363,0,0.02834825042175972
01.571.05.25.,Zaouiat Sidi Kacem,11537.0,2112.0,5.46259469696969,89.5188184849928,1.00047641734159,62.4170616113744,1.4691943127962,82.6996197718631,1.2386850881372,11.9441795960821,11.6668111294097,11.6668111294097,52.1502326109156,52.6449712066425,3.48511829051132,0.359582883854729,3794,71.375856615709,87.5070917962101,0.363099965959378,0,0.031222316478839326
01.571.05.27.,Zinat,7669.0,1395.0,5.49749103942652,92.3631123919308,1.44092219020172,90.4591104734576,0.0,85.4571634269258,3.53025936599423,12.3614552092841,10.3012126744034,10.2099361064023,41.3421008261675,51.5734265734265,17.4011299435028,0.607983082209886,2193,54.2635658914728,83.8981621986174,0.320350699713371,0,0.02075443746868499
01.573.01.01.,Fnideq (Mun.),77057.0,18491.0,4.16727056405819,53.4564730313131,37.1768949122902,95.6166459223984,89.3284268629254,96.7031769385864,17.1584401418052,11.4097356502329,9.39564218695251,9.17372853861427,23.5668163492739,53.1006746237675,18.1948274056751,2.45295158436545,23438,2.12902124754671,55.5804997951659,1.9451044653830398,1,0.20853757830544525
01.573.01.03.,Martil (Mun.),64345.0,16578.0,3.88134877548558,59.3996062992126,31.0531496062992,97.2666385084173,80.1725698425149,97.3355283214438,25.5293109778484,9.92462506799285,8.72328852280674,8.60362110498096,20.8937544181425,50.9506515701773,16.1719077568134,2.62662968984093,19993,4.66163157104986,47.7152026897948,5.98135483131471,1,0.174135386480967
01.573.01.05.,M'Diq (Mun.),56130.0,13435.0,4.17789356159285,61.7274645764244,26.1380765752185,95.0197275366634,91.0816645574331,96.24444946188,15.3271451211229,10.6253340459647,8.80099768394797,9.16622127204703,26.4714986954406,50.5201966018811,19.4231813916736,1.97194477085781,16316,10.2537386614366,55.3685932870472,3.071242205810811,1,0.15190332183039362
01.573.03.03.,Allyene,6583.0,1518.0,4.33662714097496,96.2401055408971,0.79155672823219,92.7536231884058,20.7509881422924,87.8727634194831,3.3178500331785,9.53972353030533,8.56752240619778,8.93209782773811,35.6851095432603,48.0324797001873,19.7225834416991,0.990712074303406,1852,32.4514038876889,83.2869597477276,0.27824151363383504,0,0.01781542076624766
01.573.03.05.,Belyounech,4784.0,1117.0,4.2829006266786,88.4440400363967,6.55141037306642,92.569382273948,0.17905102954342,87.5338753387533,14.2470694319206,8.75836120401337,9.76170568561872,10.7859531772575,34.1970241149307,44.8846836191602,21.5415019762845,0.942587832047986,1191,19.0596137699412,71.677783478707,0.410466906105695,0,0.012946828641307733
02.113.01.01.,Ahfir (Mun.),19218.0,4705.0,4.08459086078639,65.832074249946,17.7638679041657,98.6604295130767,98.8305337018924,94.4885266995496,28.1635301752109,6.71245707149547,6.90498490998022,7.29524404204391,25.1611348713932,37.6801105335877,26.2441068622315,2.73538156590683,4224,6.34469696969697,45.7743509427142,4.451539063911811,1,0.05200922927020319
02.113.01.05.,Ain Erreggada (Mun.),2694.0,639.0,4.21596244131455,67.6236044657097,11.9617224880382,97.1830985915493,94.8356807511737,96.0380348652931,21.2698412698412,8.24053452115812,6.6815144766147,7.46102449888641,31.326352530541,37.6853180296508,25.3807106598984,3.27402135231316,588,22.4489795918367,59.6858638743455,2.7050610820244327,1,0.007290709941405316
02.113.01.07.,Aklim (Mun.),9695.0,2194.0,4.41886964448495,65.6737588652482,15.3191489361702,97.765617875057,97.3552211582307,93.0254041570438,17.9702048417132,9.43785456420835,7.7359463641052,8.17947395564724,34.8611284095155,39.9198562940444,13.4994807892004,1.66633206183497,2499,19.3677470988395,60.4234122042341,2.079701120797008,1,0.026237354447633462
02.113.01.09.,Berkane (Mun.),108897.0,26087.0,4.17437804270326,69.377841681887,17.3396028445964,97.6114710731127,97.0593873404133,96.3140777450828,23.3568395215646,8.15082141840454,7.44556783015142,7.85053766403114,27.2926096796657,44.7891176047214,19.869837698859,3.48197480816562,29919,10.4314983789565,52.2015384113237,4.263814694330501,1,0.29470543448003517
02.113.01.25.,Saidia (Mun.),8550.0,2188.0,3.90767824497257,66.0889929742388,17.5644028103044,93.5528120713305,89.5747599451303,96.1001444390948,22.6213592233009,9.63742690058479,7.36842105263157,6.91228070175438,24.0698985343855,49.7770945426594,19.9814700432365,3.3949894638258,2591,8.10497877267464,50.2536640360766,3.579481397970684,1,0.023138667408691707
02.113.01.29.,Sidi Slimane Echcharraa (Mun.),30130.0,6699.0,4.49768622182415,72.4596104484372,13.0907443756605,95.1179456554195,96.999104210212,95.78567128236,14.5034711741623,9.6150016594756,8.01526717557252,8.3405243942914,32.0988151849762,43.8242546514234,16.7672634271099,2.49900039984006,8136,12.3279252704031,58.3931017809654,2.4458054637762903,1,0.08154012269285159
02.113.03.01.,Aghbal,14864.0,3405.0,4.36534508076358,73.9815640796907,3.33035979779958,84.0528634361233,79.1189427312775,93.1207558311189,5.91891092039064,9.29763186221743,7.73681377825619,7.70990312163616,38.8339279922153,43.4203468621491,14.8445542515956,2.48831454495463,4136,46.2524177949709,65.974699967564,1.192020759000964,0,0.0402260996915548
02.113.03.07.,Fezouane,5077.0,1183.0,4.29163144547759,65.6600517687661,0.776531492666091,80.2197802197802,44.378698224852,92.3670668953687,3.26180257510729,8.96198542446326,7.22867835335828,7.3074650384085,44.4653349001175,41.7868177136972,7.332101047443,1.79080179080179,1504,55.7180851063829,74.8061104582843,1.010575793184489,0,0.013739767770050032
02.113.03.09.,Laatamna,13996.0,3183.0,4.397109644989,82.741116751269,2.66497461928934,90.6633134234517,64.7909462433197,95.066413662239,7.51188589540412,9.23120891683338,7.38782509288368,7.55215775935981,34.144669180665,42.2123810421181,13.59375,2.28604086298042,3871,59.2870059416171,65.2185089974293,1.491002570694079,0,0.03787705135111685
02.113.03.11.,Madagh,14458.0,3252.0,4.44587945879458,82.8679008471917,4.33009099466583,90.0369003690036,66.8511685116851,90.5878674171357,9.2259083728278,9.00539493705906,7.46299626504357,7.91949093927237,37.8022524014574,44.3651664837175,22.7628865979381,2.3207337409672,3746,50.8542445274959,64.1467251800943,1.142667881096299,0,0.03912735127425318
02.113.05.03.,Boughriba,20513.0,4374.0,4.68975765889346,78.8706317981948,0.647998148576718,90.4892546867855,41.358024691358,92.1040515653775,3.87096774193548,9.2721688685224,7.39043533369083,8.05342953249159,48.3063242262914,41.7146927410477,10.058987891959,1.17833448856322,5794,70.762858129099,73.9982451009067,0.620064346300088,0,0.05551385784263076
02.113.05.05.,Chouihia,12245.0,2483.0,4.93153443415223,82.2258459029759,0.366897676314717,81.9170358437374,69.5932339911397,93.828664230613,5.14285714285714,9.61208656594528,8.24009799918334,7.58677011024908,49.0057665539868,45.7721796276013,22.5891361569753,1.14173870494209,3235,77.4652241112828,77.154786758127,0.288299035689432,0,0.03313836051689239
02.113.05.13.,Rislane,4243.0,820.0,5.17439024390243,71.1633663366336,0.618811881188119,88.2926829268292,52.6829268292682,93.0147058823529,1.1002444987775,8.41385811925524,6.78765024746641,7.82465236860711,43.6075597554196,42.0698101653398,10.2620087336244,0.894959962317475,1233,70.8840227088402,72.8460255697609,0.9171762090050031,0,0.011482732843868878
02.113.05.15.,Sidi Bouhria,4525.0,961.0,4.70863683662851,82.6455026455026,1.48148148148148,90.5306971904266,81.789802289282,94.2166140904311,6.63157894736842,9.59116022099447,7.8232044198895,8.44198895027624,48.7021675140487,36.8107302533532,10.6882591093117,1.77935943060498,1103,62.8286491387126,70.3505485683703,1.1506556061011441,0,0.012245902926822217
02.113.05.17.,Tafoughalt,2735.0,619.0,4.4184168012924,56.8369028006589,2.63591433278418,88.6914378029079,78.513731825525,94.6341463414634,11.2929623567921,9.14076782449725,8.22669104204753,8.00731261425959,40.4867256637168,43.7530622243998,19.5968645016797,1.30434782608695,718,47.2144846796657,65.6637168141592,1.858407079646018,0,0.0074016672938914405
02.113.05.19.,Zegzel,16137.0,3580.0,4.50754189944134,79.9886460403065,2.15725234175418,81.0055865921787,49.6368715083798,93.3163409798923,6.0709219858156,10.1815703042696,8.8802131746917,8.69430501332341,38.292496171516,43.6095385143249,6.98269079464988,1.39895714104031,4729,37.0691478113766,67.9350738840823,1.025955133603859,0,0.04367119017240445
02.167.01.03.,Ben Taieb (Mun.),14257.0,3122.0,4.56662395900064,64.5297754637162,22.258379433778,95.8039718129404,63.3888532991672,97.0845481049562,16.7369445345442,9.50410324752753,7.69446587641158,8.01010030160623,38.7124099957645,40.0825283691268,14.787084698175,2.19068613943235,3642,5.05216913783635,66.5226598898771,2.448115205421424,1,0.03858338961938218
02.167.01.09.,Driouch (Mun.),14741.0,3285.0,4.48736681887366,59.481961147086,23.7434474252235,95.4019488428745,69.3666260657734,95.8014097456328,19.3617674133169,10.5488094430499,8.14734414218845,8.03880333762974,37.2131831455986,43.6388888888888,18.9900275832802,2.52361673414305,3818,5.05500261917234,63.4626616604088,3.7296620775969878,1,0.03989322763409643
02.167.01.13.,Midar (Mun.),15021.0,3306.0,4.54355716878402,71.5071843472944,15.3469886884744,95.6745311554749,85.0877192982456,95.7531316834708,22.4608775698066,9.1072498502097,7.56940283602955,8.17522135676719,34.1989612465042,39.9893692416725,15.728843597696,1.81698485845951,3804,5.41535226077812,61.7849153084052,3.491530840524127,1,0.04065098516326996
02.167.03.01.,Ain Zohra,10601.0,1917.0,5.52999478351591,83.7552742616033,2.90084388185654,86.2806468440271,10.6937923839332,93.661602933473,3.1920460491889,9.23497783227997,9.06518252995,10.6027733232713,53.0423738598314,37.3358100039803,35.6787491115849,0.797968806673921,1810,26.8508287292817,84.5398914674979,0.658122618635261,0,0.02868924130988781
02.167.03.03.,Ait Mait,5613.0,1155.0,4.85974025974026,72.3887375113533,0.454132606721163,85.2813852813852,6.06060606060606,93.6651583710407,3.53260869565217,8.0171031533939,7.23320862283983,7.69641902725815,49.1379310344827,43.1676300578034,35.6722013926084,1.28695652173913,1201,27.2273105745212,77.0023123817532,0.966996005886062,0,0.015190332183039364
02.167.03.05.,Amejjaou,4988.0,1076.0,4.635687732342,73.1958762886597,0.28116213683224,81.2267657992565,0.0,95.3488372093023,2.04651162790697,9.00160384923817,7.4178027265437,7.59823576583801,53.7778843847445,37.730870712401,25.3146853146853,0.574052812858783,1068,64.3258426966292,82.9215639242024,0.431758215399376,0,0.013498909126848448
02.167.03.07.,Dar El Kebdani,9911.0,2258.0,4.38928255093002,70.9489704565801,7.78871978513876,91.0097431355181,43.9326837909654,95.011135857461,11.6755793226381,8.15255776410049,7.50681061446877,7.56734940974674,39.6625987078248,37.2322249967144,25.5912460289445,1.44397381594147,2108,16.223908918406,67.8789328867089,1.519320492881918,0,0.02682191025585304
02.167.03.09.,Mtalssa,16787.0,3357.0,5.00059577003276,78.751902587519,0.669710806697108,87.9654453380995,1.69794459338695,95.8170328016852,5.78487496233805,10.3711205099183,8.71507714302734,8.63763626615833,49.090775233748,39.8087859556581,22.8985507246376,1.47402901263453,3724,29.0279269602577,77.7663255540013,0.795111536479422,0,0.045430270150843
02.167.03.11.,Oulad Boubker,8054.0,1378.0,5.84470246734397,91.833704528582,0.148478099480327,95.5732946298984,0.653120464441219,88.9053254437869,5.5473372781065,9.22522969952818,10.1067792401291,10.1440278122671,61.7090069284064,45.6866197183098,48.2466281310212,1.11596312469674,1343,59.1213700670141,86.0858857934431,0.41557641988610206,0,0.021796354071298596
02.167.03.13.,Tazaghine,4323.0,867.0,4.98615916955017,85.1461988304093,1.98830409356725,88.0046136101499,0.230680507497117,95.3596287703016,5.34262485481997,7.74924820726347,6.89336109183437,7.30973860744853,50.460704607046,41.5530527563722,12.4108416547788,1.56657963446475,1228,51.3029315960912,76.3143631436314,0.596205962059621,0,0.011699234995061316
02.167.09.01.,Azlaf,4919.0,1082.0,4.54621072088724,70.7476635514018,4.85981308411214,94.7319778188539,27.1719038817005,96.4519140989729,13.7640449438202,9.41248221183167,6.93230331368164,7.90811140475706,46.7800729040097,36.9028448738593,34.7636363636363,2.03376822716807,897,32.7759197324414,72.5151883353584,0.899149453219927,0,0.01331217602144497
02.167.09.05.,Bni Marghnine,6263.0,1436.0,4.36142061281337,84.6756949394155,0.071275837491091,94.150417827298,1.53203342618384,94.1051136363636,13.0249110320284,7.24892224173718,6.69008462398211,7.64809196870509,45.1576994434137,37.7316228873956,36.3194819212088,1.85785903863167,1180,19.6610169491525,73.0797773654916,1.502782931354353,0,0.016949412161477915
02.167.09.07.,Boudinar,9863.0,2063.0,4.78090159961221,85.4075158613958,4.44119082479258,96.703829374697,42.1231216674745,94.851869839728,12.396694214876,7.46223258643414,6.60042583392477,7.82723309337929,48.9793510324483,34.761163032191,22.3674383868558,1.19001919385796,2079,28.8600288600288,74.2567248702218,1.864086833411979,0,0.02669200896513758
02.167.09.09.,Iferni,6365.0,1372.0,4.63921282798833,75.8443465491923,0.440528634361233,93.7317784256559,0.510204081632653,94.4363103953147,5.29022777369581,8.46818538884524,6.80282796543597,7.38413197172034,47.1722603374745,36.8474507414178,22.657111356119,1.64917541229385,1403,47.0420527441197,74.8748377526423,1.0940107546819922,0,0.017225452404248272
02.167.09.11.,Ijermaouas,7540.0,1465.0,5.14675767918088,68.9440993788819,0.41407867494824,75.2218430034129,0.477815699658703,91.4089347079037,2.40715268225584,7.6392572944297,7.12201591511936,8.34217506631299,57.5790621592148,37.5301828216626,18.5202205882352,0.730294636111811,1773,64.2978003384094,84.3784036097712,0.513458845495565,0,0.020405327749887188
02.167.09.15.,M'Hajer,9386.0,1973.0,4.75722250380131,75.602255253716,0.102511532547412,85.7940131912734,3.45002536783358,94.1866394696583,6.13496932515337,8.58725761772853,8.03324099722991,8.20370764969103,49.4824281150159,38.5204081632653,19.4260485651214,1.26247200162899,2190,24.7031963470319,80.4497827753641,0.753897265525173,0,0.025401114888652675
02.167.09.17.,Ouardana,7120.0,1463.0,4.86671223513328,78.1184668989547,0.418118466898955,91.5184678522571,4.65116279069767,94.6969696969697,6.82288077188146,9.45224719101123,7.45786516853932,7.66853932584269,45.7065584854631,40.0,14.2458100558659,1.71102661596958,1842,11.7263843648208,75.3887762001352,0.895875591615957,0,0.019268691456126894
02.167.09.19.,Oulad Amghar,6010.0,1142.0,5.26269702276707,86.2312444836716,0.353045013239188,88.1786339754816,0.087565674255692,92.1861281826163,2.5460930640913,8.26955074875208,7.20465890183028,9.7504159733777,53.3267716535433,45.1935914552737,28.5573609059576,0.956937799043062,1451,76.4300482425913,83.1102362204724,0.47244094488189,0,0.01626472410833183
02.167.09.21.,Tafersit,9133.0,1967.0,4.64311133706151,80.2968270214943,3.63357215967246,96.8988307066599,38.0782918149466,95.8269720101781,10.1530612244897,8.05868827329464,7.01850432497536,8.79229168947771,40.5415860735009,37.0343736516611,20.5436893203883,1.40756302521008,2046,33.0400782013685,68.7338834450747,1.740587931923671,0,0.02471642683550659
02.167.09.23.,Talilit,5208.0,1130.0,4.60884955752212,79.9819657348963,0.450856627592426,91.4159292035398,0.0,89.8305084745762,4.28571428571428,6.91244239631336,7.27726574500768,8.31413210445468,51.7565450883866,39.5193260654113,32.8526645768025,2.040059347181,1071,53.501400560224,82.9044528977399,0.98456030431864,0,0.01409429004262765
02.167.09.25.,Temsamane,13920.0,2989.0,4.65707594513215,80.6528391703502,5.81434886093165,94.6470391435262,19.0364670458347,96.1800818553888,11.3924050632911,8.31896551724137,7.31321839080459,8.46982758620689,45.6914168937329,40.7666824420255,30.2762944044578,1.44344205412907,3003,17.2494172494172,73.2033378746594,1.600817438692094,0,0.03767137430748404
02.167.09.27.,Trougout,11458.0,2211.0,5.18227046585255,82.0582877959927,2.50455373406193,86.4314789687924,4.83943916779737,93.0909090909091,4.0,8.23005760167568,7.67149589806248,8.34351544772211,49.2682926829268,41.4976958525345,25.2915047196002,0.427935638479973,2691,38.647342995169,76.5670402656704,0.7679535076795351,0,0.031008520604536793
02.167.09.29.,Tsaft,9568.0,1921.0,4.9807391983342,69.9895068205666,8.13221406086044,88.9120249869859,29.9843831337844,93.9979123173277,11.4555964266946,8.38210702341137,7.57734113712374,8.41346153846153,45.9271234921029,40.0221116639027,28.3149171270718,1.04938271604938,2076,34.5857418111753,70.3022012187539,1.865439621937569,0,0.025893657282615466
02.251.01.01.,Bouarfa (Mun.),27566.0,5964.0,4.62206572769953,63.2924335378323,21.9836400817995,96.1093409357705,96.461512661412,95.1905165114309,25.4542367125148,10.0848871798592,8.8079518247116,8.48509032866574,23.7633061991233,45.1421149907587,34.347681752794,2.7815227417867,5933,2.71363559750547,45.3886751945612,5.076482690759455,1,0.07460122874713399
02.251.01.03.,Figuig (Mun.),10872.0,2774.0,3.91925018024513,69.3952802359882,14.0117994100294,94.7710061305445,95.9610530111792,83.2662028560966,21.6849816849816,7.56990434142752,6.82487122884473,7.92862398822663,18.2462927143778,43.8365896980461,17.9362506753106,5.31499405671591,3038,11.8499012508229,46.7067798431288,4.878048780487796,1,0.02942264234705219
02.251.03.01.,Ain Chouater,1006.0,193.0,5.21243523316062,15.2046783625731,4.67836257309941,92.2279792746114,93.2642487046632,93.2291666666666,8.04597701149425,12.027833001988,8.34990059642147,7.3558648111332,31.960049937578,54.8830811554332,59.3984962406015,4.85436893203883,162,26.5432098765432,54.6816479400749,2.496878901373274,0,0.0027225145512448953
02.251.03.03.,Bni Tadjite,15669.0,3372.0,4.64679715302491,75.1738736014514,13.5470214696099,86.3838623553841,68.3773361020468,94.1634241245136,8.42578710644677,11.5706171421277,10.1665709362435,9.17097453570744,37.1829377701655,41.8529466100129,17.6120061796512,5.46884452510586,3733,25.4754888829359,60.2544238767022,3.237380738807792,0,0.0424046525879287
02.251.03.05.,Bouanane,10035.0,1731.0,5.79722703639514,83.5768556399766,9.87726475745178,63.7101449275362,43.3623188405797,86.6201279813845,9.60978450786255,12.4862979571499,11.3801694070752,9.96512207274539,48.5007201780804,40.7078313253012,28.8568257491675,1.66151468315301,1923,32.2932917316692,70.2486910994764,1.8455497382198949,0,0.027157488590201315
02.251.03.07.,Bouchaouene,13057.0,2656.0,4.9160391566265,96.5648854961832,0.381679389312977,14.4960362400906,11.0230275575688,66.8818837827573,0.304298212248003,14.89622424753,14.8579306119322,11.8557095810676,85.6893542757417,46.4716684155299,12.4470787468247,1.37877614252517,3102,67.9883945841392,95.6498037505451,0.152638464893153,0,0.03533585735149562
02.251.03.09.,Boumerieme,8509.0,1907.0,4.46198217094913,92.1432389096739,0.213789417423838,56.3188253801782,13.6339800734137,79.8310454065469,0.370762711864407,13.8324127394523,12.257609589846,10.4947702432718,67.3238988710446,42.04966641957,6.39048038783605,6.00234466588511,2124,34.6045197740113,86.1027190332326,0.620130386388933,0,0.02302771005620558
02.251.03.11.,Talsint,16166.0,3800.0,4.25421052631579,81.5177154944473,9.04283447911158,68.8438240716355,59.8893863576507,84.9141347424042,6.56258269383434,11.3633551899047,10.8499319559569,8.83953977483607,52.3620168601876,39.5747353310604,17.411017909771,5.26570048309178,3643,27.6969530606642,69.9960238568588,2.576540755467193,0,0.04374967220221171
02.251.03.13.,Ain Chair,1554.0,340.0,4.57058823529411,64.4776119402985,6.56716417910447,78.5294117647058,70.0,89.5833333333333,2.39520958083832,11.3256113256113,9.97425997425997,6.56370656370656,43.5813573180703,40.2319357716324,26.1640798226164,1.1056511056511,333,44.1441441441441,63.1234668847097,2.044153720359771,0,0.004205554286913089
02.251.05.01.,Abbou Lakhal,1968.0,290.0,6.78620689655172,87.5432525951557,1.03806228373702,10.3806228373702,8.65051903114186,85.9649122807017,0.0,17.4796747967479,13.3130081300813,10.6199186991869,57.5624082232011,41.110147441457,18.9873417721519,0.304878048780488,384,82.8125,71.1453744493392,0.293685756240822,0,0.00532595291933395
02.251.05.03.,Bni Guil,6726.0,1305.0,5.15402298850574,80.5184603299293,0.2356637863315,14.9300155520995,11.353032659409,72.9393468118195,1.41287284144427,14.0945584299732,11.9536128456735,9.96134403806125,62.8646147656407,48.1644981412639,17.7520501688374,0.879320800485143,1705,76.891495601173,83.5946924004825,0.462404503417772,0,0.01820241836150414
02.251.05.05.,Maatarka,7986.0,1381.0,5.78276611151339,95.7059679767103,0.727802037845706,12.3188405797101,3.47826086956521,75.6186317321688,0.510948905109489,15.4395191585274,12.6846982218883,12.5344352617079,70.0366044971239,72.3992403460645,4.13873506266394,0.916030534351145,3289,94.8008513225904,89.2508710801393,0.348432055749129,0,0.021612327242785025
02.251.05.07.,Tendrara,14489.0,2726.0,5.31511371973587,75.520059435364,12.3328380386329,52.4614254224834,53.0859662013225,90.6587272050614,8.45175766641735,12.4439229760507,10.4976188832907,10.6632617848022,51.5770609318996,58.8357588357588,13.6042402826855,1.96052101517389,4890,68.6912065439672,72.3421406180026,1.7733990147783238,0,0.03921124585784025
02.265.01.03.,Guercif (Mun.),90268.0,18779.0,4.80685872517173,72.616083991774,18.4002597683732,85.5727752037066,57.655642541407,95.8223276373241,18.3122909247868,10.4444542916648,9.43191385651615,9.91270439136792,31.0629001258279,43.1963772918047,18.3219490813456,2.03161745492552,22361,10.5362014221188,53.0238088654149,3.4150927743826522,1,0.24429020229798631
02.265.05.01.,Assebbab,7069.0,1083.0,6.52723915050784,94.2432683379758,0.092850510677809,69.8060941828254,45.1523545706371,88.8066604995374,1.5755329008341,11.3594567831376,10.4540953458763,10.7228745225633,49.2942453854505,50.7653596141748,13.3002891367203,0.828098229583095,2099,64.0304907098618,76.8228695494843,0.9589288945178219,0,0.019130671334741715
02.265.05.03.,Barkine,9469.0,1522.0,6.22141918528252,92.3689449236894,2.05706702057067,65.6373193166885,12.8120893561103,81.4814814814814,1.12657388999337,11.109937691414,10.8353574823106,12.4933995142042,60.3112313937753,43.2989690721649,9.67261904761904,0.780755433635788,2428,81.7957166392092,82.045731294818,0.460018941956434,0,0.02562573587051483
02.265.05.05.,Houara Oulad Raho,31462.0,5927.0,5.30825037961869,82.7945955190696,2.94167949375748,69.9004555424329,32.3603846802767,96.0620525059665,6.41135236792614,10.9751446189053,9.74508931409319,10.0692899370669,42.2150046112514,43.926521239954,14.5635128071092,0.953661034306196,8172,55.2373959862946,67.4978952010584,0.922102393457082,0,0.08514488351020567
02.265.05.07.,Lamrija,14563.0,2485.0,5.86036217303822,89.1097308488612,0.952380952380952,67.7973028197793,18.4715978749489,90.9201459262261,1.94054500412881,11.7764196937444,10.4442765913616,10.9661470850786,46.4288867308201,41.9218910585817,9.80632507967639,0.822255721529396,3679,57.1079097580864,71.854860068862,0.653306259380242,0,0.03941151034769325
02.265.05.15.,Saka,21048.0,3493.0,6.02576581734898,87.141615986099,3.15667535476397,37.8184941311193,34.6693386773547,90.378503322739,2.19907407407407,12.5997719498289,10.6898517673888,10.4903078677309,60.3072348860257,46.6422729229444,15.1668974003999,0.564701378254211,5515,63.5539437896645,83.3209463644246,0.383996036169949,0,0.056961715978730176
02.265.07.09.,Mazguitam,8087.0,1382.0,5.85166425470332,72.5146198830409,1.97368421052631,66.7872648335745,27.3516642547033,88.0466472303207,0.146305779078274,10.5230617039693,8.51984666749103,10.5230617039693,54.8120989917506,46.7696629213483,15.8033033033033,0.583657587548638,2243,68.3459652251449,75.2711165419276,0.504047655414694,0,0.021885661208665478
02.265.07.11.,Oulad Bourima,1486.0,296.0,5.02027027027027,81.2286689419795,0.68259385665529,18.3673469387755,5.78231292517006,91.8367346938775,0.340136054421769,10.228802153432,7.73889636608344,10.0942126514131,62.1000820344544,47.5210477081384,17.1259842519685,0.572246065808298,421,83.3729216152019,78.9171452009844,0.492206726825267,0,0.0040215274583995176
02.265.07.13.,Ras Laksar,10515.0,1771.0,5.93732354601919,96.6762177650429,0.401146131805158,68.5164212910532,14.8357870894677,86.1520998864926,0.628571428571429,9.99524488825487,10.0903471231573,11.2981455064194,53.0301226336468,42.5918225918225,5.79238529124633,0.84985835694051,2895,81.761658031088,76.9130072593121,0.725931215042247,0,0.028456501497355943
02.265.07.17.,Taddart,22138.0,3928.0,5.63594704684317,91.1825192802056,0.719794344473008,74.234693877551,11.5051020408163,91.8482440399897,3.52185089974293,10.9088445207335,9.25557864305718,9.77053030987442,45.453002093826,44.3685126684288,10.1859924440569,1.0044339878744,6181,73.0302540042064,68.9091320583908,1.041077288672626,0,0.059911557788727136
02.275.01.03.,Ain Bni Mathar (Mun.),16128.0,3180.0,5.07169811320754,75.151708719259,16.2248482912807,92.7627438640654,91.8187539332913,95.8320076360165,12.8188775510204,10.6832837301587,9.61681547619047,9.9454365079365,34.8918624552668,40.3288888888888,27.6394093013004,3.38633329287534,3283,15.5041120925982,57.4607126186401,2.645091022249882,1,0.043646833680395306
02.275.01.17.,Jerada (Mun.),43477.0,8953.0,4.85613760750586,84.0901331512461,9.43439171503357,96.5921787709497,97.217877094972,94.8178956834532,13.247573911081,9.05766267221749,7.63852151712399,7.80872645306713,29.7180881906287,40.7823782104012,37.7558643358733,2.48875829215083,8332,5.82093134901584,49.6493456292451,3.8019769175548017,1,0.1176608003424198
02.275.01.35.,Touissit (Mun.),3137.0,721.0,4.3509015256588,58.0508474576271,6.77966101694915,96.9486823855756,96.8099861303744,94.225352112676,9.73451327433628,8.16066305387312,7.52311125278928,7.81000956327701,26.0113421550094,43.9166666666666,54.0796963946869,2.47148288973384,484,6.61157024793388,48.3931947069943,2.4952741020793883,1,0.008489590603633437
02.275.03.03.,Gafait,2656.0,486.0,5.46502057613168,92.2916666666666,0.625,65.0205761316872,58.0246913580246,97.9381443298969,1.44329896907216,10.1656626506024,8.09487951807229,7.60542168674698,46.9368954398894,42.5088877602844,17.4432497013142,1.14854517611026,691,67.8726483357453,67.1119299861814,2.072777521879318,0,0.007187871419588909
02.275.03.05.,Guenfouda,5591.0,1167.0,4.79091688089117,82.6724137931034,3.10344827586206,86.5351629502572,43.2246998284734,93.3791917454858,4.56896551724137,10.284385619746,8.60311214451797,7.99499195135038,48.2469680264608,44.3493150684931,9.21125206839492,1.46092037983929,1646,65.91737545565,70.6945975744211,0.661521499448732,0,0.015130794091461442
02.275.03.07.,Laaouinate,3867.0,703.0,5.50071123755334,82.9850746268656,0.149253731343284,81.3655761024182,39.5448079658606,87.2093023255813,2.20913107511045,10.3439358675976,8.53374709076803,7.60279286268425,48.8045903729678,41.9978895532887,52.7638190954773,1.08415074858027,564,53.0141843971631,70.1944532993305,1.1794708320051,0,0.010465172733264423
02.275.03.09.,Lebkhata,2612.0,466.0,5.60515021459227,91.8681318681318,0.659340659340659,78.7553648068669,50.8583690987124,92.4731182795698,0.645161290322581,11.1408882082695,8.3843797856049,7.58039816232771,49.0009514747859,40.8613445378151,19.2802056555269,0.744047619047619,628,72.2929936305732,67.0789724072312,1.522359657469077,0,0.007068795236433069
02.275.03.13.,Ras Asfour,1274.0,252.0,5.05555555555555,79.2828685258964,0.0,88.4920634920635,0.396825396825397,89.6414342629482,1.19521912350597,9.96860282574568,9.10518053375196,8.32025117739403,44.8108632395732,40.5405405405405,60.2666666666666,0.637958532695375,149,57.0469798657718,69.1561590688651,0.387972841901067,0,0.0034477967577395594
02.275.03.15.,Sidi Boubker,2638.0,568.0,4.64436619718309,41.6370106761565,0.711743772241993,92.0774647887324,68.1338028169014,85.0719424460431,5.0632911392405,9.47687642153146,8.41546626231993,6.67172100075815,31.994459833795,37.1356783919598,39.7834912043301,1.85185185185185,445,24.7191011235955,54.2936288088642,1.477377654662974,0,0.007139158435570611
02.275.03.21.,Tiouli,5199.0,971.0,5.35427394438723,74.234424498416,2.53431890179514,65.2935118434603,30.9989701338825,91.7964693665628,3.24607329842932,12.0600115406809,9.32871706097326,9.54029621080977,48.960117445559,43.7761069340016,31.4249363867684,0.985804416403786,1078,68.1818181818181,73.5258135551749,0.709566919500856,0,0.0140699335506185
02.275.05.01.,Bni Mathar,8344.0,1469.0,5.68005445881552,86.6163349347975,1.16678105696636,61.8528610354223,39.9863760217983,93.9207650273224,1.22866894197952,11.888782358581,10.198945349952,10.8581016299137,53.4686971235194,42.645218945487,11.0226320201173,1.497222893021,2123,66.9806877060763,76.6343639440086,0.538378710967544,0,0.022581174369371182
02.275.05.11.,Mrija,3359.0,581.0,5.78141135972461,74.3006993006993,13.4615384615384,59.2082616179001,27.1944922547332,94.4250871080139,0.871080139372822,14.1708841917237,11.8487645132479,11.3426615064007,47.8470824949698,42.5855513307984,19.4196428571428,1.82460270747498,722,71.0526315789473,74.8490945674044,0.764587525150906,0,0.009090384073192449
02.275.05.13.,Oulad Ghziyel,7522.0,1074.0,7.00372439478584,98.2954545454545,0.189393939393939,58.9002795899347,1.21155638397017,90.1500938086303,0.940733772342427,15.1555437383674,13.9856421164583,14.5572985908003,55.0844277673546,45.9976387249114,43.6858316221765,0.402144772117962,1097,88.514129443938,82.0262664165103,0.093808630393996,0,0.02035661476586889
02.275.05.15.,Oulad Sidi Abdelhakem,2207.0,392.0,5.63010204081632,91.8158567774936,0.0,1.78571428571428,0.0,86.734693877551,0.255754475703325,12.3697326687811,11.8713185319438,11.4635251472587,74.0430622009569,50.9513742071881,14.3845089903181,0.28328611898017,619,93.6995153473344,91.0287081339712,0.059808612440191,0,0.005972753096021356
02.381.01.01.,Al Aaroui (Mun.),47578.0,10132.0,4.69581523884721,65.043934956065,18.8768811231188,91.4626924595341,77.3193841294907,97.3978065802592,16.8835068054443,9.91004245659758,8.10878977678759,8.11719702383454,35.6450620449184,44.7514440998207,21.765117314173,2.1334466638334,12304,5.71358907672301,64.2763748237405,2.7355467247788723,1,0.1287592418679221
02.381.01.03.,Bni Ansar (Mun.),55556.0,12897.0,4.30766845002713,66.9347843230029,25.1557448150776,95.1208142335482,64.7890606790459,95.4926706906012,18.2190056639395,9.7235222118223,8.29613363093095,8.44373245014039,26.5123734656683,49.1702158907328,20.2608522500995,2.43409199544067,16018,6.21176176801098,58.6189482928971,2.658908771544626,1,0.15034991889558788
02.381.01.05.,Nador (Mun.),159590.0,37565.0,4.24836949287901,66.4061861845508,22.8660113812726,93.4696921274102,83.3067007563651,96.1499028707101,27.7105825689314,8.90970612193746,7.6170186101886,7.88896547402719,24.8354139610998,49.1879792746114,20.1675290310619,2.6905544903945,47367,1.64882724259505,52.0677100927072,4.88008107195135,1,0.43189472886001284
02.381.01.07.,Zaio (Mun.),35774.0,8282.0,4.31948804636561,73.2827231541569,12.2811313823925,91.4251207729468,75.5314009661835,95.1997068523268,21.0938455891349,9.04288030413149,7.89120590372896,7.90238720858724,34.3261981690899,44.3638662650154,25.5930924637438,2.09895052473763,8876,10.365029292474,58.5509489837124,3.933907659173506,1,0.09681434945947802
02.381.01.09.,Zeghanghane (Mun.),34025.0,7941.0,4.28472484573731,71.4976460109428,16.4906476650973,97.4811083123425,76.5491183879093,96.81956411556,23.5676088617265,9.08743570903747,7.71491550330639,8.1998530492285,29.1578352409212,42.7267027196488,21.2785471888471,1.84733356570233,8583,1.72433880927414,58.2096933728981,3.5749611417267197,1,0.09208107117903337
02.381.01.15.,Ras El Ma (Mun.),7580.0,1836.0,4.12854030501089,80.8486878838637,7.14684533780011,92.7520435967302,58.0926430517711,95.2035694366982,14.73623853211,7.84960422163588,7.28232189973614,6.82058047493403,35.644333903311,45.1149425287356,15.3240914200074,1.78759200841219,2260,33.5840707964601,63.220892274211,1.912016166640758,1,0.02051357882548341
02.381.01.19.,Selouane (Mun.),21570.0,5025.0,4.29253731343283,66.1752827140549,18.3158319870759,93.4315286624203,89.7890127388535,97.4739374498797,34.1978287092883,10.2549837737598,8.6833565136764,8.4144645340751,22.7522306108442,45.6796426292278,18.0078234143615,1.83573050719152,5869,4.49821093883114,47.8181298255647,6.69144981412639,1,0.05837439251526083
02.381.05.01.,Bni Bouifrour,6418.0,1400.0,4.58428571428571,80.4755043227665,5.47550432276657,88.3571428571428,58.4285714285714,91.9597989949748,12.724658519051,9.36428794016827,8.53848550950451,8.32034901838578,33.5611237661351,40.9714889123548,10.7731958762886,1.50140756959649,1731,4.27498555748122,71.9870943252989,1.556272537483387,0,0.01736888507941326
02.381.05.03.,Bni Chiker,26159.0,5619.0,4.65545470724328,84.4237318515863,4.91127442193941,94.4296138102865,17.2094678768464,92.3806116973707,6.51279298622293,9.62575021980962,8.26484192820826,8.95676440230895,34.6850412030355,41.9941471571906,16.998506719761,1.53425489898222,6670,20.4347826086956,70.6038456166488,0.9497648866334559,0,0.070793497163037
02.381.05.05.,Bni Sidel Jbel,8930.0,2002.0,4.46053946053946,79.0314270994332,0.412158681092221,95.6543456543456,42.8071928071928,94.6274708565636,9.7809475292919,8.3090705487122,7.27883538633818,8.74580067189249,39.4394261424017,43.880420304869,31.3322091062394,1.43691064211944,2036,25.7858546168958,72.220748209074,1.0612894667020432,0,0.02416705262685578
02.381.05.07.,Bni Sidel Louta,6283.0,1389.0,4.52339812814974,74.1228070175438,0.146198830409357,80.6916426512968,8.5014409221902,94.4485566247224,5.69526627218934,8.78561196880471,7.27359541620245,7.84657010982014,45.8854759196056,41.6021752771386,16.0884866767219,1.76489127009139,1669,35.7699221090473,77.5692074326886,0.606750094804702,0,0.01700353769927602
02.381.05.09.,Bouarg,37737.0,7889.0,4.78349600709849,81.2845215157353,5.57482337829158,82.9190971341618,46.068983007862,95.4207285787583,10.5114002318691,11.150859898773,8.71823409386013,9.28531679783766,35.8239068598266,44.5782681877688,12.2419869105554,1.32052821128451,10459,22.3061478152787,66.5663547074969,0.998710274810675,0,0.10212677099436245
02.381.05.13.,Iaazzanene,11095.0,2425.0,4.57525773195876,88.0206097037355,1.37398024903392,95.2164948453608,14.4742268041237,94.2710560068405,7.56338633433605,8.77872915727805,8.21090581342947,8.38215412347904,40.7491856677524,38.4178743961352,13.8321282615529,1.54066642780365,2741,52.1707406056183,74.3105320304017,0.716612377850163,0,0.03002614209350111
02.381.05.15.,Ihaddadene,14345.0,3189.0,4.49827532141737,81.5131370686926,6.36277302943969,91.3425345043914,65.6524466750313,95.8964646464646,15.2290679304897,9.33426280934123,8.42105263157894,8.53258975252701,30.0559416850313,42.7841876300359,19.761273209549,1.70916223031661,3630,5.06887052341597,63.2480081369723,2.398711646041697,0,0.03882154198569386
02.381.05.17.,Iksane,8417.0,1870.0,4.50106951871657,85.61190738699,1.212789415656,95.2406417112299,43.6363636363636,96.5008201202843,10.3711790393013,8.57787810383747,7.34228347392182,8.68480456219555,35.1611079706048,43.5707532303813,13.3092224231464,1.33552014995314,2397,5.79891531080517,69.3372898120672,1.6249823371485002,0,0.02277873258233428
02.381.07.01.,Afsou,2932.0,467.0,6.27837259100642,76.4705882352941,0.435729847494553,61.6702355460385,0.0,94.3722943722943,1.30434782608695,11.0845839017735,7.9809004092769396,7.63983628922237,63.6018557570645,49.1856677524429,22.1381267738883,0.918032786885246,823,75.6986634264884,87.5684787189212,0.084281500210704,0,0.007934803841202816
02.381.07.03.,Al Barkanyene,2540.0,565.0,4.49557522123893,81.283422459893,0.0,87.787610619469,39.646017699115,91.6518650088809,1.24113475177305,8.22834645669291,6.8503937007874,7.51968503937007,43.2081594807603,40.8952187182095,16.5422885572139,1.15919629057187,671,54.9925484351713,75.3361149745016,0.834492350486787,0,0.0068739433003598745
02.381.07.05.,Arekmane,18490.0,4180.0,4.42344497607655,74.0096618357487,5.28985507246376,91.9377990430622,32.2248803827751,93.2174752594738,11.4984265311062,8.25310978907517,7.31206057328285,7.97187669010275,34.7895714560245,40.9958975809874,13.4920634920634,1.44542459347433,5014,37.7941763063422,66.967717140661,1.75506021009479,0,0.05003905969435201
02.381.07.07.,Bni Oukil Oulad M'Hand,10697.0,2060.0,5.19271844660194,80.3623898139079,2.00783545543584,81.0679611650485,4.46601941747572,94.4662095984329,3.04219823356231,10.3954379732635,9.58212582967187,8.60989062353931,51.5247108307045,46.524414190339,17.923466516601,0.734725444702243,2917,42.0294823448748,82.8855140186916,0.467289719626169,0,0.028949043891318735
02.381.07.09.,Hassi Berkane,8762.0,1585.0,5.52807570977918,89.015873015873,0.571428571428571,64.6464646464646,11.1742424242424,92.0303605313093,1.96202531645569,10.5112987902305,8.78794795708742,8.810773795937,55.4801301088954,43.6577234481663,18.1818181818181,0.757038088478827,2250,65.2444444444444,77.6552114269551,0.537406307452977,0,0.023712398109351666
02.381.07.11.,Oulad Daoud Zkhanine,3940.0,942.0,4.18259023354564,80.6731813246471,0.0,76.4331210191082,1.06157112526539,89.6698615548455,3.51437699680511,7.51269035532995,6.77664974619289,7.56345177664974,51.0216168196624,43.163364728808,19.262603461249,1.75267770204479,1073,66.8219944082013,78.0870595202842,0.384957062481492,0,0.010662730946227522
02.381.07.13.,Oulad Settout,22864.0,4723.0,4.84099089561719,79.5478780123693,2.13265088505011,71.62820241372,2.30785517679441,93.225737948609,3.91073326248671,11.1397830650804,9.01417074877536,9.00979706088173,46.4450043821209,44.0911336132378,9.39644307519955,1.07123727905731,6470,54.2967542503864,75.3615249780893,0.657318141980719,0,0.0618763148107985
02.381.07.17.,Tiztoutine,9788.0,1968.0,4.97357723577235,78.6851566512583,3.6979969183359,87.7478393492628,40.0101677681748,94.3676395289298,11.2255406797116,9.63424601552922,7.87699223539027,8.14262362076011,49.4054991330195,39.6454582932527,18.8214904679376,0.937245313773431,2342,32.4935952177625,77.64429031459,0.544959128065395,0,0.026489038198394668
02.411.01.11.,Bni Drar (Mun.),10934.0,2268.0,4.82098765432098,70.2802021129995,14.8828663298116,96.1538461538461,90.6719717064544,93.5280898876404,8.56366107838695,11.6883116883116,8.59703676605085,8.40497530638375,32.251032583754,43.0678466076696,16.259678379988,1.61935953420669,2812,9.56614509246088,59.2358880220284,1.422670949977045,1,0.02959043151422633
02.411.01.19.,Naima (Mun.),1088.0,233.0,4.6695278969957,72.0,8.0,95.2789699570815,94.8497854077253,95.7081545064377,22.8448275862068,7.53676470588235,8.36397058823529,8.63970588235294,21.2021857923497,45.919610231425,40.3183023872679,2.17785843920145,225,12.4444444444444,46.4480874316939,2.513661202185792,1,0.0029444292562171436
02.411.01.23.,Oujda (Mun.),492873.0,113020.0,4.36093611750132,69.5376581281231,17.4123261153378,97.3695627152558,96.9498968542767,96.2216782217139,29.4988182208852,8.52148225096982,7.5346134493337,7.90489214238179,21.0455961730445,45.4093789607097,26.2294118684004,2.91038324848717,125545,1.75793540164881,42.1991318135236,6.19452984511862,1,1.3338508095583752
02.411.03.01.,Ahl Angad,14196.0,2937.0,4.8335035750766,71.5720221606648,1.62742382271468,92.3549488054607,30.2389078498293,92.2680412371134,3.41614906832298,11.2355593124823,9.15750915750915,8.26993519301211,43.3008849557522,47.3782956453046,28.1575656523551,1.09176748303334,3447,59.2399187699448,72.0378727546234,0.831784797805504,0,0.03841830672909795
02.411.03.03.,Ain Sfa,4471.0,880.0,5.08068181818181,67.1280276816609,2.76816608996539,73.1818181818181,44.4318181818181,92.0415224913494,2.87026406429391,11.5634086334153,8.00715723551778,8.5886826213375,50.5980528511821,46.0149439601494,12.2462787550744,1.08892921960072,1297,74.6337702390131,77.1968854282536,0.50055617352614,0,0.012099763974767324
02.411.03.05.,Bni Khaled,6745.0,1367.0,4.93416239941477,78.9629629629629,0.0,87.5549048316251,27.9648609077598,86.9948567229978,1.10375275938189,11.7420311341734,9.47368421052631,7.81319495922905,46.7156032373423,46.730729057865,17.6575771122038,1.16528672186445,1842,73.8327904451683,72.6006774557771,0.48927361686112103,0,0.018253837622412346
02.411.03.07.,Bsara,1428.0,287.0,4.97560975609756,47.8873239436619,0.0,68.9895470383275,22.2996515679442,93.5714285714285,1.42857142857142,11.9047619047619,8.0532212885154,8.75350140056022,46.0192475940507,45.7760314341846,8.79828326180257,1.4947683109118,425,88.0,70.6911636045494,0.612423447069117,0,0.0038645633987850004
02.411.05.09.,Isly,5976.0,1204.0,4.96345514950166,58.5160202360876,3.79426644182124,76.6417290108063,43.6408977556109,93.7919463087248,3.8558256496228,12.7008032128514,10.0736278447121,8.9524765729585,43.7676132668545,47.9901960784313,8.37589376915219,0.857632933104631,1794,46.6555183946488,68.9924160346695,0.541711809317443,0,0.016172710694075047
02.411.05.11.,Mestferki,4358.0,866.0,5.03233256351039,85.1415094339622,0.471698113207547,51.8475750577367,21.9399538106235,89.1608391608391,0.233918128654971,10.6700321248279,7.75585130793942,8.3295089490592,53.8677918424753,42.4812030075188,28.244837758112,0.959232613908873,973,64.5426515930113,75.9212376933895,0.421940928270042,0,0.011793954686208008
02.411.05.17.,Sidi Boulenouar,3452.0,628.0,5.4968152866242,82.3529411764706,0.326797385620915,84.5541401273885,51.4331210191082,86.5814696485623,0.970873786407767,10.486674391657,8.71958285052143,9.24101969872537,57.1531014700609,42.3886639676113,25.4059216809933,0.856269113149847,781,53.5211267605633,86.0523485120114,0.430261742560057,0,0.009342067823953658
02.411.05.19.,Sidi Moussa Lemhaya,4094.0,818.0,5.00488997555012,66.25,0.25,83.8630806845965,28.7286063569682,92.6108374384236,3.48692403486924,12.6282364435759,9.59941377625793,7.91402051783097,45.1947236180904,47.3776223776223,28.560885608856,1.1,968,66.1157024793388,70.3203517587939,0.6595477386934671,0,0.011079497587272964
02.533.01.13.,Debdou (Mun.),4960.0,1137.0,4.36235708003518,58.0017683465959,22.7232537577365,96.3060686015831,95.4265611257695,93.8829787234042,13.4632418069087,11.25,8.44758064516129,7.37903225806451,32.086367060005,39.8396461155653,21.3740458015267,3.14589068029886,1133,13.0626654898499,52.1968365553602,4.393673110720555,1,0.013423133373931096
02.533.01.15.,El Aioun Sidi Mellouk (Mun.),41783.0,8625.0,4.84440579710144,79.8223801065719,9.65068087625814,90.4579710144927,85.3217391304347,94.9389384687646,13.9663489822332,9.98970873321685,7.75913649091735,7.81657611947442,33.1587370871526,42.7092376450918,26.4398102838214,1.53867608776496,9771,12.5985057824173,55.7424273285419,3.16291791544213,1,0.11307636729091994
02.533.01.33.,Taourirt (Mun.),103174.0,20182.0,5.11217916955703,72.9886506935687,14.5119798234552,92.929342978892,95.3324744822118,96.490701859628,16.9618733113179,10.4095993176575,9.32890069203481,9.40740884331323,34.5047884738475,42.7629509048876,22.6064425322286,2.20830897467328,24194,6.48921220137224,57.2510234394812,3.2339480008211647,1,0.2792174118391062
02.533.03.05.,El Atef,3215.0,485.0,6.62886597938144,93.5684647302904,0.4149377593361,31.198347107438,8.67768595041322,63.2780082987551,0.208768267223382,13.1259720062208,11.6951788491446,12.1306376360808,63.4519867549668,44.548593981253,42.0819490586932,0.644329896907217,523,71.51051625239,90.0289615225486,0.165494414563508,0,0.008700680201046062
02.533.03.15.,Oulad M'hammed,1310.0,188.0,6.96808510638297,97.3262032085561,0.0,0.0,0.0,10.6951871657754,0.0,12.2137404580152,12.3664122137404,13.6641221374045,78.1376518218623,46.6007416563658,1.3262599469496,0.478468899521531,372,94.8924731182795,95.0404858299595,0.0,0,0.0035452227257761564
02.533.03.17.,Sidi Ali Bel Quassem,14854.0,2185.0,6.79816933638443,82.4871914299021,0.139729855612483,77.518315018315,25.9615384615384,91.2661737523105,0.87962962962963,12.9931331627844,12.1246802208159,10.9196176114178,56.598003058379,45.00578886433,20.2525724976613,0.605060506050605,3410,61.5542521994134,80.7246246516227,0.7641823249123431,0,0.040199036922655744
02.533.03.19.,Sidi Lahsen,9259.0,1505.0,6.15215946843853,89.7574123989218,0.134770889487871,46.2458471760797,0.398671096345515,86.9652406417112,0.600801068090788,12.7335565395831,10.9731072470029,10.8975051301436,65.7887284055508,42.0313790255986,24.6758349705304,0.872340425531915,1917,76.943140323422,86.1551528878822,0.5096262740656851,0,0.02505741772363468
02.533.07.03.,Ain Lehjer,8272.0,1416.0,5.84180790960452,85.3171774768353,0.071275837491091,58.545197740113,6.28531073446327,94.3181818181818,2.20014194464159,11.7988394584139,8.83704061895551,8.22050290135396,49.3830921553693,49.2268479184367,8.97480151881256,0.611246943765281,2637,70.7243079256731,78.6747905559786,0.807311500380807,0,0.022386322433297988
02.533.07.09.,Mechraa Hammadi,5646.0,1066.0,5.29643527204502,85.4166666666666,0.09469696969697,60.0375234521576,11.2570356472795,88.8257575757575,1.51658767772511,8.50159404888416,6.57102373361672,7.10237336167198,59.2700729927007,45.1752389622212,13.7027707808564,0.671140939597316,1713,56.5674255691768,87.5495307612096,0.333680917622523,0,0.015279639320406243
02.533.07.13.,Mestegmer,6469.0,1196.0,5.40886287625418,87.8238341968912,0.086355785837651,74.9790794979079,17.4895397489539,91.7517006802721,1.28095644748078,10.7126294635956,8.4557118565466,7.97650332354305,52.5148211895199,39.1258221939316,18.3839479392624,0.879320800485143,1505,59.8671096345515,74.1441958309428,0.937081659973226,0,0.017506905200798437
02.533.07.21.,Tancherfi,6433.0,1071.0,6.00653594771241,96.3448922211808,0.093720712277413,57.1428571428571,0.280112044817927,89.8781630740393,0.75046904315197,10.4150474117829,8.90719726410694,8.98492149852324,59.0094430526112,41.6738941890719,16.9614984391259,0.510357250075053,1596,68.2957393483709,79.1907514450867,0.655105973025048,0,0.01740947923276184
02.533.09.01.,Ahl Oued Za,11902.0,1955.0,6.08797953964194,88.604898828541,0.159744408945687,69.6675191815856,20.8184143222506,91.1251980982567,11.7365905469994,10.5024365652831,9.47739875651151,9.77146698033943,53.8380762364801,43.6550651835904,15.8904109589041,1.29870129870129,3070,66.5472312703583,75.5879882402351,0.598488030239396,0,0.03221010754365482
02.533.09.07.,Gteter,7303.0,1194.0,6.11641541038526,82.994923857868,0.084602368866328,48.6169321039396,0.838222967309304,92.8692699490662,2.29982964224872,11.4062713953169,10.8174722716691,10.0506641106394,60.3873239436619,50.5661140315406,11.2355057976809,0.645342312008979,2220,87.1171171171171,83.1338028169014,0.404929577464789,0,0.019763940126979594
02.533.09.11.,Melg El Ouidane,8172.0,1471.0,5.55540448674371,92.1286789869952,0.82135523613963,81.8243703199455,46.1538461538461,89.3442622950819,3.34961618981158,10.5849241311796,9.66715614292706,9.20215369554576,49.7697974217311,43.4345186470078,8.42651757188498,0.76675735839723,2293,68.2075883122546,80.0675157280957,0.35292312413687305,0,0.02211569474430744
03.061.01.01.,Meknès (Mun.),517376.0,126319.0,4.09578923202368,59.4867182732149,29.699193781518,97.2381027793174,96.5539631007997,96.7004447851535,31.2699466489629,8.57364856506679,7.562198478476,8.05275080405739,19.9334820728885,47.1223516814114,21.0492998896271,3.38011717940506,145923,2.73431878456446,40.360180966275,7.455063806053561,1,1.4001627121917286
03.061.01.03.,Al Machouar - Stinia (Mun.),4630.0,1264.0,3.6629746835443,47.1577261809447,45.1561248999199,95.8069620253164,82.6740506329113,92.0571882446386,25.7370517928286,6.3498920086393,6.09071274298056,7.19222462203023,19.2649235323137,46.7616232195646,24.8850574712643,5.23450586264656,1307,1.30068859984697,39.4671928959052,6.586087814504181,1,0.012530062000262293
03.061.01.05.,Boufakrane (Mun.),12941.0,2902.0,4.45933838731909,61.0021023125438,25.5080588647512,96.794208893485,89.7966218545329,95.6974323386537,19.2842251563585,10.1846843366045,8.7937562784947,8.89421219380264,26.0682945440671,44.332547675166,14.5239246012566,3.24893227577791,3537,23.6641221374045,47.0958512160228,4.4539818788745835,1,0.035021929232266595
03.061.01.07.,Toulal (Mun.),19077.0,4434.0,4.30243572395128,59.4997705369435,28.2010096374483,95.7149300857014,93.9106901217862,93.2907348242811,25.8861193688543,8.11972532368821,7.68464643287728,8.44472401320962,24.9237282859099,46.1767351740364,19.3016634197512,3.09932397295891,5385,7.669452181987,47.8333955920806,5.50367326609387,1,0.05162764422872652
03.061.01.09.,Moulay Driss Zerhoun (Mun.),11610.0,3022.0,3.84182660489741,70.2666216672291,24.0634492068849,98.0139026812313,93.5451837140019,90.0369003690036,19.7920161019792,7.95004306632213,6.89061154177433,7.68303186907838,25.6726684199878,44.1022790439132,22.8384169397529,2.78897849462365,3061,12.4795818360013,47.0516840295337,3.691716395266503,1,0.03141987469180242
03.061.01.11.,Ouislane (Mun.),87910.0,19562.0,4.49391677742562,66.3793103448275,25.0877555234358,97.0146201819854,95.7110724874757,97.2401009216827,18.6036918634629,10.143443788463,9.05936821030838,9.29142636135094,24.7712105426181,44.7279669105949,22.0088206003698,2.2063477710462,21928,5.67311200291864,48.0923016275271,2.728501436053387,1,0.23790880139158924
03.061.03.01.,Ain Jemaa,13428.0,2531.0,5.30541288028447,84.0626254516258,2.68968285828984,87.1197155274595,29.4350059265112,91.4444886589733,3.314696485623,9.62913315460232,9.24188263330354,9.1003872505213,53.5707729025151,48.2009925558312,4.61175461175461,1.43708913010243,4447,82.0778052619743,75.0596658711217,0.486506333761704,0,0.036339886077650554
03.061.03.02.,Ain Karma- Oued Rommane,13828.0,2663.0,5.19263987983477,86.9466515323496,2.45932652289065,86.5940668419076,65.152084115659,91.0222557525462,3.92452830188679,10.4498119757014,8.37431298814,7.65114260919872,42.7795100222717,44.7231238320055,11.7000219925225,2.16462965689883,4015,64.8069738480697,68.6859688195991,0.614699331848553,0,0.03742239683361274
03.061.03.05.,Ain Orma,3495.0,798.0,4.3796992481203,61.0472541507024,5.23627075351213,87.7038895859473,66.1229611041405,93.3165195460277,4.04040404040404,9.21316165951359,7.3247496423462,7.61087267525035,44.0863901268426,45.2282157676348,18.765638031693,3.00333704115684,974,63.0390143737166,65.5467946520397,1.165581076448406,0,0.009458437730219591
03.061.03.07.,Ait Ouallal,5330.0,1201.0,4.43796835970025,67.2268907563025,0.084033613445378,88.5928393005828,64.5295587010824,94.9039264828738,7.19665271966527,9.9437148217636,7.26078799249531,8.27392120075046,41.5590301382279,47.5075528700906,11.2347641759406,2.19992280972597,1675,62.4477611940298,65.4203489689553,1.563562202583276,0,0.014424455823196116
03.061.03.09.,Dar Oum Soltane,5608.0,1126.0,4.98046181172291,84.6223839854413,1.0919017288444,84.1918294849023,51.0657193605683,90.608228980322,2.68336314847942,10.1283880171184,9.29029957203994,8.52353780313837,43.4166851073246,48.9977728285077,6.31313131313131,1.74102285092491,1855,57.843665768194,69.3958840451427,0.774507634432396,0,0.015176800798589836
03.061.05.01.,Dkhissa,19883.0,4143.0,4.79917933864349,85.3783982365907,2.03281900563311,65.6770456191165,51.9188993482983,90.2142161635832,5.96285434995112,11.7738771815118,10.3606095659608,9.2491072775738,38.3825334280731,46.2068460016125,13.8483502538071,1.9203413940256,5431,38.5196096483152,65.2758041596692,0.639452267148947,0,0.053808903401990314
03.061.05.03.,Majjate,9074.0,1918.0,4.73096976016684,76.3991552270327,3.90707497360084,87.401986408782,17.9299529534762,92.6238145416227,6.38522427440633,10.6017191977077,8.38659907427815,8.4196605686577,34.5259148415181,46.6069530894185,9.44625407166123,2.67355650415636,2780,54.7122302158273,62.6717453407699,1.183512447286084,0,0.024556756499002172
03.061.05.05.,M'haya,26395.0,4875.0,5.41435897435897,87.0324189526184,4.01080631753948,89.5384615384615,71.651282051282,93.0615606341363,5.17739273927392,11.6726652775146,10.46410304982,9.87687061943549,42.2363875237214,45.4611312343271,6.11669526844814,1.26310954604608,7659,58.1015798407102,72.5720124562086,0.58875048657065,0,0.07143217850905469
03.061.05.07.,Oued Jdida,14935.0,2970.0,5.02861952861952,88.3054892601432,1.63654960790999,84.7811447811447,24.6801346801346,91.3688469318948,3.17567567567567,11.6638767994643,9.46099765651155,8.87177770338132,39.2902623312675,44.6006695361071,11.0872828651083,1.78110129163834,4146,48.0704293294741,72.3429541595925,0.6876061120543291,0,0.04041824535073808
03.061.05.09.,Sidi Slimane Moul Al Kifane,19120.0,4146.0,4.61167390255668,71.0494278061845,13.2456781105429,70.1157742402315,36.9995176073323,93.8953488372093,6.06501698204755,10.43410041841,8.58786610878661,9.14748953974895,37.4846586137846,47.1603320227173,9.5414543770264,3.21372854914196,5859,54.3096091483188,65.8787056771943,0.742750113027191,0,0.051744014134992446
03.061.07.01.,Charqaoua,5526.0,909.0,6.07920792079207,92.6585094549499,0.0,87.8987898789879,0.0,85.7458563535911,0.662983425414365,11.0206297502714,11.5635179153094,10.2062975027144,49.6026180458158,47.6575121163166,3.89830508474576,0.715900527505652,1701,88.7125220458553,78.3076203833567,0.327255726975222,0,0.014954886093617586
03.061.07.05.,MRhassiyine,8001.0,1835.0,4.36021798365122,85.3982300884955,3.92699115044247,89.8092643051771,79.0735694822888,84.6322722283205,2.63736263736263,11.1736032995875,9.29883764529433,8.51143607049118,41.3299795629617,45.8289334741288,15.2457757296466,1.23679464055655,2207,62.3923878568192,68.7883074021687,0.785792865000786,0,0.021652921396133607
03.061.07.07.,N'zalat Bni Amar,8350.0,1932.0,4.32194616977225,84.3537414965986,7.32600732600732,88.1224066390041,90.1970954356846,88.9237199582027,4.35010482180293,10.2035928143712,9.07784431137724,8.91017964071856,44.1839762611276,45.5136757838559,7.36533528765115,1.30195292939409,2528,70.134493670886,71.7507418397626,0.6528189910979231,0,0.022597412030710615
03.061.07.09.,Oualili,9735.0,2156.0,4.51530612244898,89.5921237693389,0.140646976090014,90.9554730983302,62.9406307977736,90.0467289719626,1.49882903981264,9.75860297894196,8.78274268104776,7.68361581920904,43.8193743693239,43.3723196881091,10.4012841091492,2.07677784770295,2791,72.9845933357219,69.6721311475409,0.756620428751576,0,0.02634560552322968
03.061.07.11.,Sidi Abdallah Al Khayat,11227.0,1948.0,5.76334702258726,91.8421052631578,0.947368421052632,84.5995893223819,36.5503080082135,87.4803562074384,1.15183246073298,13.6991181972031,12.0423977910394,10.5281909682016,52.7527887729399,47.1278825995807,2.25385527876631,0.746697300402068,3296,83.2827669902912,81.3002278997241,0.22789972412138598,0,0.030383370642968626
03.131.01.01.,Boulemane (Mun.),7104.0,1803.0,3.94009983361064,61.2541993281075,23.124300111982,96.7276760953965,91.2922906267332,94.2953020134228,19.910514541387,8.48817567567567,8.16441441441441,8.67117117117117,29.403816922817,39.1517436380772,23.0621088107847,4.28305400372439,1598,10.2002503128911,47.8466475257557,5.049822665090354,1,0.019225391025888407
03.131.01.02.,Imouzzer Marmoucha (Mun.),4209.0,1027.0,4.0983446932814,63.8235294117647,23.9215686274509,96.1051606621226,95.3261927945472,94.9901768172888,14.2156862745098,9.71727251128534,8.88572107388928,9.55096222380613,35.9019264448336,36.3756613756613,33.1818181818181,5.4627539503386,735,5.578231292517,53.4442498540572,3.8820782253356594,1,0.011390719429612091
03.131.01.03.,Missour (Mun.),25486.0,5923.0,4.30288705048117,57.9361011447121,26.7896805057235,84.9856443168383,85.9820976186455,94.5863125638406,26.6337644656228,10.9746527505297,10.1781370164011,10.1702895707447,23.3689972630007,44.7580414786036,19.7472555527189,3.0158118010027,6287,5.37617305551137,42.1945757651157,5.578502114953968,1,0.06897217281613062
03.131.01.05.,Outat El Haj (Mun.),16388.0,3523.0,4.65171728640363,69.4739867778097,19.5171026156941,96.7348097671777,93.4980124929017,95.2941176470588,15.5593902789761,9.75713937027093,9.65950695630949,10.1659751037344,28.9565349083749,35.1213171577123,28.0039476930668,2.88279773156899,2918,6.85400959561343,48.0539148871724,4.535817052854762,1,0.04435046567177072
03.131.03.01.,Ait Bazza,2955.0,615.0,4.80487804878048,91.3398692810457,0.490196078431373,66.6666666666666,26.6666666666666,81.4754098360655,2.12418300653594,10.4906937394247,9.54314720812182,9.98307952622673,60.0507829030892,41.247582205029,22.3915592028136,6.14334470989761,662,75.0755287009063,80.4062632247143,0.338552687261955,0,0.007997048209670642
03.131.03.03.,Ait El Mane,1927.0,422.0,4.56635071090047,86.1244019138756,0.239234449760766,86.6983372921615,32.0665083135391,75.9615384615384,0.719424460431655,8.61442656979761,9.54852101712506,8.25116761805916,58.248730964467,46.5444287729196,20.4545454545454,3.17307692307692,525,69.9047619047619,77.0450221940393,0.951173113506658,0,0.0052149955668478265
03.131.03.05.,Almis Marmoucha,2461.0,475.0,5.18105263157894,87.5,2.11864406779661,84.4210526315789,0.0,80.2105263157894,1.26315789473684,11.2555871596911,9.75213327915481,11.2555871596911,52.8292181069958,42.8314337132573,17.3669467787114,3.81184103811841,590,83.5593220338983,70.7818930041152,1.28600823045267,0,0.006660147426057344
03.131.03.07.,El Mers,5152.0,1167.0,4.41473864610111,85.9878154917319,3.74238468233246,60.4113110539845,46.0154241645244,84.887737478411,0.775862068965517,10.1513975155279,8.75388198757763,8.75388198757763,51.7596361024658,44.3788569895358,17.2309552599758,3.30134357005758,1369,65.8875091307523,73.5519387266634,0.981330780277645,0,0.013942738536792943
03.131.03.09.,Enjil,8364.0,1796.0,4.65701559020044,82.158836689038,3.57941834451901,64.4766146993318,56.6815144766147,89.5238095238095,1.51430173864273,10.832137733142,10.2582496413199,9.37350549976088,52.8030303030303,45.907840440165,15.2059925093632,3.66565491477936,2264,69.6113074204947,71.9090909090909,1.212121212121212,0,0.02263529990716929
03.131.03.11.,Guigou,21607.0,4610.0,4.68698481561822,76.7138434321096,11.1012826183104,78.8286334056399,78.524945770065,92.0248116969428,5.47550432276657,9.73295691211181,9.80700698847595,9.77461008006664,46.1458812701334,41.629018529431,6.88895879207297,4.1275289017341,5920,66.5709459459459,66.0914581535806,1.7313776243888381,0,0.05847452476018734
03.131.03.13.,Serghina,3746.0,800.0,4.6825,81.060606060606,2.14646464646464,84.875,16.25,90.8975979772439,1.38713745271122,10.1708489054991,9.07634810464495,8.6225306994127,47.2727272727272,38.0088823094004,17.2346640701071,3.03654143077714,850,72.4705882352941,70.1818181818181,0.826446280991735,0,0.010137713229585864
03.131.03.15.,Skoura M'Daz,8462.0,2082.0,4.06436119116234,77.9220779220779,6.92640692640692,78.9625360230547,53.5542747358309,90.4096385542168,4.725168756027,8.42590404159773,9.17040888678799,9.69038052469865,45.4323820450308,36.6650414431984,11.1702127659574,3.38713343941805,2004,48.6526946107784,65.0652516850709,1.8356517997992259,0,0.022900515042380026
03.131.03.17.,Talzemt,3160.0,618.0,5.11326860841424,94.4444444444444,0.0,86.7313915857605,0.0,65.0974025974025,0.163398692810458,9.11392405063291,7.94303797468354,7.68987341772151,65.7382678367035,41.2952060555088,26.9857433808553,3.10126582278481,717,81.7294281729428,83.4032811903853,0.686760778328882,0,0.008551834972101262
03.131.05.01.,Ksabi Moulouya,10614.0,1922.0,5.52237252861602,87.9810226673695,3.3210332103321,88.8599687662675,65.2264445601249,87.958115183246,2.72536687631027,11.7957414735255,9.64763519879404,9.14829470510646,40.9047276217902,48.9615854486222,9.03798170224563,2.43438569798402,3281,48.6741846997866,66.5627248740705,1.475173902614531,0,0.028724422909456582
03.131.05.03.,Ouizeght,5743.0,1065.0,5.39248826291079,92.2568460812086,0.094428706326723,75.8458646616541,9.86842105263157,81.3092979127134,0.56980056980057,11.666376458297,10.4823263102907,10.3778512972314,53.0753746365466,60.9548387096774,9.27180355630821,3.32380271622587,2143,66.5422305179654,76.5600536792663,0.603891746812794,0,0.015542148178727072
03.131.05.05.,Sidi Boutayeb,9804.0,1992.0,4.92168674698795,80.8717948717948,2.3076923076923,77.6547559134373,71.4141922496225,90.4906423874557,4.45344129554655,11.1791105671154,9.5063239494084,9.42472460220318,40.396243406664,51.2988908347927,7.82361308677098,2.74781192753918,3240,58.4876543209876,61.7026748971193,2.121913580246912,0,0.02653233862863316
03.131.07.01.,El Orjane,7740.0,1332.0,5.81081081081081,95.9757023538344,0.303720577069096,91.2162162162162,66.3663663663663,94.6374622356495,2.34493192133131,11.7054263565891,10.3746770025839,9.84496124031007,46.891062841983,43.6135889163029,6.35335073977371,2.43963782696177,2152,70.3531598513011,73.4040789255513,0.9782788923893221,0,0.02094658312786828
03.131.07.03.,Ermila,7690.0,1399.0,5.49678341672623,93.1059506531204,0.290275761973875,81.915654038599,69.3352394567548,90.1651112706389,0.933908045977012,11.4434330299089,10.4811443433029,10.5981794538361,41.3793103448275,40.7592985160917,13.2387706855791,1.5211119853134,1835,56.0762942779291,68.7708194536975,1.515656229180542,0,0.020811269283373006
03.131.07.05.,Fritissa,29460.0,4053.0,7.26868985936343,90.7707657770017,2.71888251434272,86.2817665926474,60.9671848013816,91.6232961586121,1.84079601990049,11.9653767820773,11.0556687033265,12.04005431093,44.3194848725412,42.7473733730594,8.69405722670579,1.01653564651667,7467,53.9440203562341,70.3236616985624,1.41987829614604,0,0.07972691717661494
03.131.07.07.,Oulad Ali Youssef,5212.0,906.0,5.75275938189845,88.3977900552486,0.994475138121547,56.0706401766004,16.6666666666666,76.3796909492273,1.54867256637168,10.1880276285495,10.1112816577129,11.0514198004604,58.7144920558497,45.2766908887646,9.07407407407407,1.84049079754601,1473,86.4901561439239,77.6360134809821,0.818488204140587,0,0.01410511515018727
03.131.07.09.,Tissaf,10191.0,1689.0,6.03374777975133,85.3902601734489,9.87324883255503,69.0349319123741,49.9703966844286,89.6019013666072,2.20107079119571,12.3932881954665,11.8634088901972,11.2059660484741,56.4710454722114,41.5234909533221,8.09227389234712,0.998801438274071,2510,46.5338645418326,80.1787796346677,1.062313771213888,0,0.02757966778502657
03.171.01.01.,Agourai (Mun.),16651.0,3770.0,4.41671087533156,55.2667208231789,27.7552125643108,94.2159724064738,86.521623772884,94.6357085668534,7.15811965811965,9.84925830280463,8.17368326226653,9.02047925049546,37.7362637362637,45.6700691471847,14.7620764239365,3.56716774039608,4729,36.751956016071,65.1721611721611,1.333333333333333,1,0.04506221649381586
03.171.01.03.,Ain Taoujdate (Mun.),28288.0,6486.0,4.3613937711995,60.0125254423046,27.2115234069203,96.0055521283158,94.1548426896977,96.1801242236024,17.3561430793157,9.68255090497737,8.44174208144796,8.9331165158371,27.1384774817565,43.8741882330134,16.7900143598807,3.17724592438432,7533,19.819461038099,51.6730711109192,3.864254565865025,1,0.07655516066164574
03.171.01.05.,El Hajeb (Mun.),34516.0,8633.0,3.99814664658867,50.8117647058823,39.035294117647,97.5886853698122,96.3250637607234,96.2422686427821,27.3660870579997,8.92629505157028,8.1266658940781,8.41348939622204,24.4201481067486,46.8825312913006,20.2139126108946,4.38878546849438,9623,16.0760677543385,45.3615089067411,5.44533705902899,1,0.09340985313197694
03.171.01.07.,Sabaa Aiyoun (Mun.),26277.0,5570.0,4.71759425493716,68.1248865492829,14.8847340715193,92.6198599389477,74.2503142395403,95.4865499187579,13.5903003981179,9.84130608516954,8.4750922860296,9.18293564714389,32.1265492498369,42.9583748884573,19.293743890518,2.95975043749524,6605,31.9606358819076,57.6546775997018,1.900857249347743,1,0.07111283783604584
03.171.03.01.,Ait Ouikhalfen,3849.0,676.0,5.69378698224852,89.0207715133531,0.29673590504451,58.2222222222222,20.2962962962962,95.0892857142857,0.894187779433681,9.06729020524811,8.39179007534424,8.67757859184203,57.1293673276676,48.7161449173408,4.69314079422382,2.13815789473684,1320,87.7272727272727,80.8624488511174,0.440667296191376,0,0.010416459749246126
03.171.03.03.,Ait Yaazem,16091.0,3457.0,4.65461382701764,72.6197516262566,2.83855706682436,82.8703703703703,36.9502314814814,93.2069970845481,2.85294117647058,9.94344664719408,8.51407619165993,8.37113914610651,42.2854093611831,46.8914557499575,12.0630320594095,2.52537756870512,4855,70.7723995880535,67.7920890176053,0.731651550948861,0,0.0435467014354688
03.171.03.05.,Jahjouh,7485.0,1553.0,4.81970379909851,66.2329212752114,11.7761873780091,74.243399871217,55.3766902768834,92.5016160310278,2.33009708737864,9.63259853039412,7.54843019372077,9.19171676686706,43.7237818651177,43.6399927417891,11.1018711018711,2.43641231593038,2138,55.3320860617399,68.688498144862,0.709791901919664,0,0.020256482520942386
03.171.03.07.,Ras Ijerri,6502.0,1342.0,4.84500745156482,74.1444866920152,9.27756653992395,71.2686567164179,31.0447761194029,87.7061469265367,4.11985018726591,9.25868963395878,8.33589664718548,8.52045524454014,46.6492439798394,46.128226477935,10.4693140794223,2.25422667501565,1984,65.3225806451613,70.6047032474804,0.914520343411721,0,0.01759621233816532
03.171.03.09.,Tamchachate,3836.0,685.0,5.6,75.8823529411764,0.147058823529412,9.05109489051095,3.94160583941605,96.4963503649635,0.437956204379562,9.93222106360792,10.1668404588112,10.4796663190823,56.8026101141925,58.9185129553135,3.76035691523263,0.923913043478261,1510,91.8543046357616,79.8694942903752,0.35889070146818897,0,0.010381278149677355
03.171.05.01.,Ait Boubidmane,19501.0,4218.0,4.62328117591275,71.346014928967,15.5550204671321,91.08582266477,72.8070175438596,94.066985645933,5.94011976047904,10.7276549920516,9.22003999794882,9.29183118814419,41.4477898782831,47.104862671208,6.18461538461538,3.55293878794031,6098,67.0383732371269,68.1250400358721,0.743065786945103,0,0.052775105630046434
03.171.05.03.,Ait Harz Allah,13555.0,2663.0,5.09012392039053,73.3864844343204,1.86028853454821,80.28539241457,25.04693954187,93.9909297052154,3.29295987887963,11.1176687569162,9.09627443747694,9.41350055330136,47.4803513638465,46.650592305273,7.50561797752809,1.88679245283018,4116,85.6171039844509,73.1021729079981,0.499306518723994,0,0.036683583242668544
03.171.05.05.,Bitit,14316.0,2880.0,4.97083333333333,69.3684210526315,1.1578947368421,80.3472222222222,52.7083333333333,92.9695697796432,4.07589599437807,10.4149203688181,9.5138306789606,9.58368259290304,41.1831428322135,48.6076702011693,4.95412844036697,1.72073342736248,4662,79.043329043329,70.2695629416383,0.924714298176743,0,0.03874305995588661
03.171.05.07.,Laqsir,32028.0,6579.0,4.86821705426356,65.8338442673206,1.53280196198651,76.7593859249126,9.97112023103815,92.5309301970368,2.67665952890792,11.4618458848507,10.122392906207,9.6072186836518,42.3070797164927,46.692077320991,8.27988338192419,1.92453785768549,9438,63.8164865437592,72.8090782400955,0.633087796137766,0,0.08667663622989216
03.171.07.01.,Ait Bourzouine,8289.0,1652.0,5.01755447941888,55.793991416309,0.735744941753525,73.7893462469733,32.3849878934624,93.9098660170523,4.17690417690417,10.7129931234165,9.72373024490288,10.0615273253709,45.1236159563173,47.9777816351327,7.88712011577424,1.32580407561993,2546,81.4218381775333,69.9469294920394,0.909780136467021,0,0.02243232914042638
03.171.07.03.,Ait Naamane,6307.0,1194.0,5.2822445561139,62.8378378378378,1.94256756756756,71.0217755443886,27.8894472361809,95.4659949622166,4.0506329113924,10.860948152846,9.79863643570635,9.56080545425717,44.9040767386091,48.511701885935,4.44964871194379,1.96141479099678,2040,86.5686274509803,72.2022382094324,0.479616306954437,0,0.017068488344633755
03.171.07.05.,Iqaddar,8682.0,1872.0,4.63782051282051,56.0988715744223,0.913487372380441,66.3461538461538,18.4294871794871,94.1680042803638,4.39207284413497,11.8175535590877,8.99562312831144,9.24902096291177,46.7054545454545,47.3814229249011,6.04796663190823,1.82370820668693,2703,74.0658527561968,71.04,0.683636363636364,0,0.02349589595815923
03.231.01.01.,Agdal (Arrond.),141168.0,37421.0,3.77242724673311,68.6074364418313,19.6962273395394,98.0524865573419,97.2552901206495,97.2718923883096,52.7984770193092,6.26629264422532,7.04833956704068,7.72696361781706,12.7053266430217,48.0083255580277,19.2330692181193,3.24707097616005,43220,1.40906987505784,26.5559114830189,16.14666753832573,0,0.38203969599417437
03.231.01.03.,Méchouar Fès Jdid (Mun.),20311.0,5416.0,3.7501846381093,39.0157845868152,52.2562674094707,97.3591874422899,90.0461680517082,88.0541643479873,11.6576944496008,7.68056718034562,7.41962483383388,7.48362956033676,25.2145673857573,52.8364283897227,24.5305729417429,4.97929216867469,6270,0.558213716108453,51.2352122477383,2.5516121549524438,1,0.05496718991086986
03.231.01.05.,Saiss (Arrond.),207053.0,48983.0,4.22703795194251,69.2662561319277,21.1230560484291,97.1949451850642,96.8989241165302,95.9264369709825,33.3326421862365,8.96533737738646,8.55916118095367,8.65913558364283,20.4210711252964,48.6767120957347,19.998118203691,2.56585051790414,59519,1.54908516608141,39.6766373090977,9.54569942846434,0,0.5603427488855958
03.231.01.07.,Fès-Médina (Arrond.),70258.0,17342.0,4.05132049359935,48.9916064350664,39.3156913033341,97.0756186191382,91.7056007383053,90.7897030623511,15.206486234251,7.87525975689601,7.59059466537618,7.90372626604799,25.6672335696364,51.960474748788,23.3565683646112,3.0166935005508,21441,0.461732195326711,49.2827316810344,4.199218749999998,0,0.190137601730978
03.231.01.09.,Jnan El Ouard (Arrond.),201011.0,43333.0,4.6387510673159,67.7969263776497,22.0680487861756,96.8912275842968,97.3643518197973,92.6150205331662,7.82139785696023,10.5476814701683,9.60892687464865,9.71936859176861,36.3757017614914,50.4614882552835,18.9641355846419,1.70963529804743,57640,1.45732130464954,62.7730631674704,1.790098072202069,0,0.5439914239167869
03.231.01.11.,El Mariniyine (Arrond.),207603.0,47898.0,4.33427282976324,69.4077690511568,21.6281044364253,97.9099242060426,97.722005303489,91.7151407857022,19.7627204669458,9.08517258985944,8.46764482037745,8.57747035192339,28.8061419448323,48.9791659874148,21.6676429864735,2.52109594749453,58837,1.32739602630997,50.471483156308,4.862644745913227,0,0.5618312011750438
03.231.01.13.,Zouagha (Arrond.),260663.0,57346.0,4.54544344854043,69.0243126722736,22.0033217895257,97.5847937919609,97.3319382683756,95.765197688511,17.9620369066065,10.8250883324445,9.49808756900672,9.40793284816026,28.653289609908,48.7331094914421,17.1203871748336,2.19888565336023,73980,1.91943768586104,52.0607834829166,4.175975501714101,0,0.7054262529534276
03.231.81.01.,Oulad Tayeb,24594.0,4626.0,5.31647211413748,77.6263736263736,12.5494505494505,95.3955901426718,94.3147427583225,94.2316064431867,10.7766143106457,12.0964462877124,9.92518500447263,8.58746035618443,33.4132985658409,47.1639517168639,13.7781090818735,2.17300459674049,6940,23.7752161383285,62.8063405986025,1.793721973094163,0,0.06655817383033495
03.231.81.03.,Ain Bida,7812.0,1443.0,5.41372141372141,85.9074733096085,0.569395017793594,96.1191961191961,89.9514899514899,90.6184850590688,4.95118549511854,11.5719406041986,10.0870455709165,8.39733742959549,36.0411899313501,45.223279648609,15.2569809793605,1.54815009183941,2094,34.8137535816618,62.9084967320261,0.996732026143791,0,0.021141435063941474
03.231.81.05.,Sidi Harazem,5615.0,1228.0,4.57247557003257,69.1480562448304,7.44416873449131,90.0570497147514,85.9005704971475,92.6410466067048,9.25470925470925,10.13357079252,8.44167408726625,8.42386464826358,38.3891442328737,55.9404732861673,29.2193632795464,3.46715328467153,1623,26.9254467036352,63.4951881014873,0.831146106736658,0,0.015195744736819174
03.271.01.01.,Azrou (Mun.),54289.0,13854.0,3.91865165295221,51.1220299207978,38.141683778234,96.6329479768786,96.6040462427745,96.8948637393146,21.5060064459419,8.3644937280112,7.58348836780931,8.00530494206929,23.9771208169884,48.0586169310887,21.0221259009122,5.85117659529361,15670,6.17740906190172,43.8977887839407,5.67596590037474,1,0.14692106607607766
03.271.01.03.,Ifrane (Mun.),13380.0,3373.0,3.96679513785947,39.0700483091787,34.8128019323671,96.3523131672597,96.1150652431791,96.8553459119496,32.912533814247,8.72944693572496,7.41405082212257,7.63826606875934,20.9362460989745,54.8636987644636,19.4995531724754,3.93879715194667,4504,0.910301953818828,37.2549019607843,8.235294117647049,1,0.03620998478693509
03.271.03.01.,Ain Leuh,9666.0,2452.0,3.94208809135399,58.6534489880214,19.0417182982238,79.0783034257748,48.1647634584013,93.2921810699588,7.86979810465595,8.37988826815642,8.63852679495137,9.51789778605421,44.6702406183767,45.0499929587382,20.381369177868,5.24856407209348,2547,53.1998429524931,62.0994888417903,2.5059219548684672,0,0.026158872417826204
03.271.03.03.,Ben Smim,6417.0,1447.0,4.43469246717346,66.1559888579387,5.77994428969359,82.2391154111955,30.4768486523842,94.5062586926286,4.52331245650661,9.56833411251363,8.69565217391304,9.25666199158485,41.274079725348,46.570629972049,11.6343490304709,2.76140242010549,1914,50.5224660397074,65.0905624404194,1.37273593898951,0,0.017366178802523353
03.271.03.05.,Oued Ifrane,10805.0,2358.0,4.58227311280746,74.018771331058,10.1535836177474,62.2241086587436,36.2903225806451,91.6737830913748,3.16509837467921,9.69921332716335,8.89403054141601,9.64368347987043,57.4238290131878,43.8225432035078,11.24190700412,3.23827046918123,3016,68.1697612732095,74.0904956798544,0.7162346521145979,0,0.029241321795428526
03.271.03.07.,Sidi El Makhfi,16709.0,3710.0,4.50377358490566,63.5333149018523,14.6806745922034,62.3719676549865,34.0161725067385,92.5020374898125,4.58015267175572,9.5876473756658,9.28242264647794,9.79113052845771,52.6342975206611,52.7516778523489,6.50445292620865,3.56118546845124,5879,76.2714747406021,71.9386249631159,0.922100914724107,0,0.045219180553430376
03.271.03.09.,Tigrigra,11031.0,2375.0,4.64463157894736,61.5908124202467,9.44279030199915,66.0631578947368,40.2947368421052,96.119780683256,4.39560439560439,9.66367509745263,8.53957030187653,8.9475115583356,46.4087785413433,50.933300149328,14.9279257268507,2.66545784224841,3482,64.6754738655944,67.1949462484761,1.4850936495622251,0,0.029852940372547158
03.271.03.11.,Timahdite,10927.0,2223.0,4.91542959964012,68.6818181818181,13.8636363636363,75.6635177687809,43.4098065677013,93.7641211025756,5.20597555454957,9.81971263841859,9.46279857234373,10.0851102772947,48.718820861678,48.2637989116351,5.12751677852349,3.84615384615384,3534,61.7713638936049,71.1224489795918,1.1791383219954619,0,0.02957148757599699
03.271.81.01.,Dayat Aoua,9854.0,2048.0,4.8115234375,85.2652259332023,0.884086444007859,84.423828125,0.29296875,90.9491193737769,1.66503428011753,12.1777958189567,10.3714227724781,10.4627562411203,52.3322851153039,48.1139221330101,3.05415617128463,3.36322869955156,3079,84.313088665151,76.5068134171907,0.366876310272536,0,0.02666765247312843
03.271.81.03.,Tizguite,10693.0,2019.0,5.29618623080733,77.4900398406374,3.18725099601593,61.0009910802775,12.9335976214073,90.4927824788452,2.59481037924151,10.7172916861498,9.77274852707378,9.5670064528196,51.6945163567898,46.2093862815884,7.46527777777777,2.12241804055334,3198,71.1694809255784,72.571159727123,0.63514467184192,0,0.02893821878375911
03.451.01.01.,Bhalil (Mun.),12987.0,3468.0,3.74480968858131,68.4935521688159,25.2344665885111,97.0299884659746,91.1764705882352,90.1989467524868,13.3136966126656,8.64710864710864,8.6086086086086,8.62400862400862,28.2802903405918,45.8861416995636,21.0097351143309,3.00486080424215,3489,10.8913728862138,48.678578075563,3.7316210683044773,1,0.035146417969202245
03.451.01.03.,El Menzel (Mun.),12639.0,3142.0,4.0225970719287,66.3353638986854,26.4507855081757,97.3893664438077,96.6252785737026,95.1453209837112,12.4840357598978,8.73486826489437,8.52915578764142,9.37574175172086,26.2025437505976,36.9715271786022,26.6627771295215,2.46876859012492,2514,12.4900556881463,46.1030888400114,4.284211532944437,1,0.03420463361151514
03.451.01.05.,Imouzzer Kandar (Mun.),19125.0,4571.0,4.18398599868737,53.5208148804251,29.5615589016829,95.1556334940815,85.7957036387549,93.7859354268023,15.6077042284702,9.95032679738562,8.66928104575163,9.03529411764705,29.9794397327165,46.8126626192541,17.075806700633,5.0807119205298,5371,26.6244647179296,49.9678745823695,3.039064507838595,1,0.05175754551944198
03.451.01.07.,Ribate El Kheir (Mun.),16739.0,3979.0,4.20683588841417,72.5765306122449,19.5663265306122,93.8662644544997,93.6902966314731,96.1703199798438,11.6620288388565,8.1964275046299,9.2299420514965,10.7951490531095,34.2668982486611,33.1502288805659,31.9859402460456,2.03990636495374,2709,14.4333702473237,52.8288236145275,2.807119085515835,1,0.04530036886012754
03.451.01.09.,Sefrou (Mun.),79750.0,20236.0,3.94099624431705,62.7558662006989,29.5406889665501,97.4746725969854,91.5838893007165,94.4582381567186,23.0263485580515,8.1115987460815,7.96112852664576,8.5115987460815,24.1461228148812,44.779196594839,23.8489529184613,3.73568029081864,20509,5.03681310644107,43.1094244905277,5.958286021633889,1,0.21582558196996063
03.451.03.01.,Adrej,1709.0,415.0,4.11807228915662,79.753086419753,0.987654320987654,88.9156626506024,61.9277108433735,90.3147699757869,0.726392251815981,9.47922761849034,7.84084259801053,6.9631363370392,48.6199575371549,38.1761978361669,17.408906882591,2.68240343347639,408,70.5882352941176,69.9929228591648,0.636942675159235,0,0.004625027204848436
03.451.03.03.,Ain Timguenai,6519.0,1399.0,4.65975696926376,82.5960841189267,6.74401740391588,93.2094353109363,86.9907076483202,94.7519769949676,1.51405912040374,8.72833256634453,9.34192360791532,9.23454517564043,37.6474995317475,39.4175986495041,12.7408993576017,1.90045248868778,1630,58.7730061349693,58.7717655869687,2.246770267740115,0,0.01764221904529371
03.451.03.05.,Bir Tam Tam,9141.0,2049.0,4.46120058565153,87.9224652087475,2.08747514910536,94.192288921425,91.2152269399707,93.9096267190569,5.01721593703885,8.67519964992889,7.36243299420194,8.13915326550705,44.2272608808965,39.7778098398499,22.5244831338411,2.34629589398218,2136,62.5,61.7980456026058,1.524429967426711,0,0.024738077050625834
03.451.03.07.,Dar El Hamra,4018.0,949.0,4.23393045310853,85.593220338983,0.423728813559322,73.0242360379346,23.3930453108535,86.8783068783068,0.0,9.68143354902936,9.30811348929815,8.43703334992533,57.4807987711213,45.679012345679,3.75375375375375,3.57142857142857,1282,80.4992199687987,79.7542242703533,0.368663594470046,0,0.01087382054364015
03.451.03.09.,Ighzrane,9626.0,2039.0,4.72094163805787,90.8005967180507,0.248632521133764,78.8027477919529,26.5947006869479,88.9163780306778,2.07920792079207,9.15229586536463,7.94722626220652,8.11344275919385,59.6616541353383,38.42200305598,17.2089660159074,2.0180250783699,2290,68.296943231441,76.4786967418546,0.6140350877192979,0,0.026050621342229983
03.451.03.11.,Mtarnagha,4554.0,996.0,4.5722891566265,92.3387096774193,0.504032258064516,95.0803212851405,50.5020080321285,84.0886203423967,2.01612903225806,9.61791831357048,8.16864295125164,7.5098814229249,43.9102564102564,37.3309817754262,8.50393700787401,1.79991628296358,1162,56.368330464716,67.8952991452991,1.3354700854700852,0,0.012324384956629476
03.451.03.13.,Oulad Mkoudou,6667.0,1504.0,4.43284574468085,87.2824631860776,2.81124497991967,92.4817032601463,57.2854291417165,91.0977242302543,3.08310991957104,9.31453427328633,9.07454627268636,8.39958002099895,40.7645653372541,43.2493341528375,21.8379914732354,2.13431986340352,1650,55.8181818181818,65.9621393126263,1.746002573056422,0,0.01804274802499972
03.451.03.15.,Ras Tabouda,6388.0,1391.0,4.59237958303378,84.3180160466812,2.33406272793581,91.9424460431654,92.8776978417266,92.2463768115942,10.7636363636363,8.78209142141515,7.23231058234189,7.85848465873512,39.8508853681267,42.0111042566317,24.2290748898678,2.78787878787878,1548,58.0103359173126,66.8219944082013,1.323392357875113,0,0.017287696772716098
03.451.03.17.,Tafajight,1697.0,325.0,5.22153846153846,94.4099378881987,0.0,86.7692307692307,0.0,73.3746130030959,0.0,11.962286387743,8.30878020035356,7.83736004714201,70.0665188470066,51.4754098360655,3.34394904458598,3.6697247706422,607,73.8056013179571,84.7745750184774,0.665188470066519,0,0.00459255188216957
03.451.05.01.,Ain Cheggag,20054.0,4048.0,4.95405138339921,78.0134764162715,8.51010731220364,89.2292490118577,87.5494071146245,91.6625310173697,8.20448877805486,11.0601376284033,9.87334197666301,10.0279246035703,39.1965186680121,50.3719754423979,6.88270719816461,1.4142017727318,6494,49.1222667077302,62.8405650857719,1.582996972754793,0,0.05427167675016415
03.451.05.03.,Ait Sebaa Lajrouf,17466.0,3589.0,4.86653663973251,77.4257425742574,1.92362093352192,82.3627751462803,30.7885204792421,87.7247191011236,3.49591203834226,10.8782777968624,9.99083934501316,10.8095728844612,46.2629332175674,53.0545545964971,4.8017690728163,2.99169605278125,6027,80.3384768541563,68.4682729180233,0.622241516532812,0,0.047267832159088814
03.451.07.01.,Aghbalou Aqorar,9715.0,2102.0,4.62178877259752,80.8766859344894,1.44508670520231,84.0627973358706,48.430066603235,84.2911877394636,2.21686746987951,10.4374678332475,10.0051466803911,9.25373134328358,48.3954451345755,55.2855051244509,4.34322033898305,1.34907251264755,3612,57.2535991140642,74.3563203519213,0.439901669038686,0,0.02629147998543157
03.451.07.03.,Ahl Sidi Lahcen,4287.0,923.0,4.64463705308775,85.0325379609544,0.108459869848156,91.5492957746478,77.0314192849404,88.5157096424702,0.870511425462459,9.72708187543736,9.19057616048518,7.93095404711919,46.4326812428078,43.1122448979591,9.91124260355029,1.99350950394065,1218,61.4942528735632,69.1599539700805,0.632911392405063,0,0.011601809027024719
03.451.07.05.,Azzaba,6444.0,1451.0,4.44107512060647,87.9834254143646,2.34806629834254,90.144727773949,90.0068917987594,91.5629322268326,2.00553250345781,9.60583488516449,8.79888268156424,8.98510242085661,41.6856925418569,40.7351998290232,21.6684155299055,1.81983621474067,1493,70.4621567314132,66.6603271205781,1.02700646633701,0,0.0174392482785508
03.451.07.07.,Kandar Sidi Khiar,9323.0,1702.0,5.47767332549941,88.1618084473527,0.059488399762046,88.7779083431257,15.9224441833137,68.0497925311203,0.65437239738251,12.0669312453073,10.7905180735814,10.1684007293789,58.1282158253372,51.7616912235746,8.04455445544554,1.1635565312843,2972,56.0901749663526,82.0077864293659,0.278086763070077,0,0.02523061944458863
03.451.07.09.,Laanoussar,8501.0,1706.0,4.98300117233294,84.0306423099587,0.117855038302887,69.9296600234466,23.0363423212192,86.0,1.0047281323877,11.1869191859781,9.83413716033407,9.18715445241736,60.0029792939073,45.0868026293612,6.54205607476635,1.44023043686989,2500,74.6,78.850163836759,0.327673518022043,0,0.02300605984108634
03.451.07.11.,Sidi YoussefBen Ahmed,12362.0,2696.0,4.58531157270029,80.8141726347531,6.48322653599698,80.4896142433234,61.4985163204747,88.3054003724394,1.42322097378277,11.1955994175699,9.64245267756026,9.36741627568354,46.3205233033524,43.2545201668984,9.45873526259378,2.08163929094161,3379,36.1645457235868,70.641733088085,0.7970570202329861,0,0.03345499491301133
03.451.07.13.,Tazouta,6227.0,1354.0,4.59896602658788,91.072768192048,1.12528132033008,82.5701624815361,38.4047267355982,84.6325167037862,0.446096654275093,11.0647181628392,9.58728119479685,8.68797173598843,56.1627200971463,41.1136363636363,11.4427860696517,1.67267956707117,1602,61.6104868913857,78.1218376846792,0.242865816636309,0,0.016851986193441318
03.531.01.01.,Ghafsai (Mun.),6361.0,1546.0,4.11448900388098,57.1334648257725,28.0736357659434,96.8284789644013,86.7961165048543,96.2769431743958,20.6919060052219,10.7530262537336,10.0927527118377,9.77833673950636,24.4735796583234,45.5245864491275,15.0821304131408,2.15157353885677,1706,5.68581477139507,44.0317775571003,7.090367428003968,1,0.01721462729668865
03.531.01.03.,Karia Ba Mohamed (Mun.),18762.0,4158.0,4.51226551226551,63.8665692719746,20.0876552227903,95.7421217223959,90.4979552561943,93.568665377176,16.3325909428359,10.3933482571154,10.3347191131009,9.86568596098496,27.454276492738,46.7593303639993,18.6894399737231,1.45416227608008,4951,6.58452837810543,50.8908760841793,4.403953472735824,1,0.050775167008406286
03.531.01.05.,Taounate (Mun.),37608.0,8583.0,4.38168472562041,62.7748383303938,29.265138154027,97.0149253731343,93.1319962686567,96.8819599109131,21.0260624559755,10.1042331418847,9.76122101680493,10.0324399064028,26.2817322050771,43.8552571688666,18.9154125583809,1.83142336939059,9375,6.16533333333333,48.2197962637289,5.88977005010451,1,0.10177766127556463
03.531.01.07.,Thar Es-souk (Mun.),5182.0,1165.0,4.44806866952789,72.6799653078924,13.7901127493495,96.4776632302405,50.5154639175257,90.6896551724138,14.8180242634315,9.2821304515631,7.98919336163643,10.169818602856,32.0270585491019,43.0851063829787,24.753086419753,1.56428843952689,1219,40.1968826907301,56.8462794494984,4.478656403079071,1,0.014023926843490108
03.531.01.09.,Tissa (Mun.),11195.0,2298.0,4.8716275021758,65.7054125998225,23.7799467613132,96.0801393728223,69.4686411149825,89.7932248130224,10.1679929266136,10.8351942831621,11.2371594461813,11.2282268870031,35.3817931667048,46.4175706441676,17.8303519907674,1.15405751969225,2848,15.3441011235955,58.321870701513,3.2553874369555182,1,0.030296769782491656
03.531.03.01.,El Bibane,6303.0,1488.0,4.23588709677419,94.2347288949897,1.09814687714481,93.8802958977807,39.9462004034969,86.0163710777626,1.30136986301369,9.4240837696335,9.34475646517531,9.86831667459939,37.63671875,40.818141396176,13.7254901960784,1.42360012654223,1584,67.3611111111111,67.421875,1.50390625,0,0.017057663237074132
03.531.03.03.,Galaz,17333.0,3866.0,4.48344542162441,95.7963446475195,1.0443864229765,94.1252587991718,6.34057971014492,85.202492211838,1.09147609147609,8.85593953729879,9.19633069866728,9.66941671955229,46.4798648268093,42.3930395913154,12.6906420636415,0.741823086433629,4637,65.0636187189993,75.591382709096,0.9504364967614749,0,0.04690789733273139
03.531.03.05.,Kissane,13390.0,3036.0,4.41040843214756,93.9,0.533333333333333,87.2529644268774,2.70092226613965,84.0819022457067,1.19205298013245,9.69380134428678,9.02912621359223,9.11127707244212,49.2143710373977,47.5732174273,11.6162714814009,0.971302428256071,4063,67.5363032242185,71.9746393457686,1.304787282918306,0,0.036237047555834144
03.531.03.07.,Oudka,8494.0,1888.0,4.4989406779661,92.3363491218733,0.106439595529537,89.353813559322,0.0,89.968152866242,0.956937799043062,10.0894749234753,10.1012479397221,10.9135860607487,46.1788138093833,43.5406698564593,11.734693877551,1.07376283846872,2249,89.3285904846598,74.0669715297241,0.472046024487388,0,0.022987115902857
03.531.03.09.,Ouartzagh,14381.0,3193.0,4.50391481365487,90.9579513120455,3.5725576983876,92.8862425571921,10.1535568787214,87.006006955422,4.58280657395701,9.86023225088658,9.4152006119185,9.54036576037827,44.0175725730037,41.1448666601543,12.2507122507122,0.810153929246557,3696,57.3051948051948,67.2581617710397,2.2482556637091857,0,0.03891896795373046
03.531.03.11.,Ratba,16825.0,3649.0,4.61085228829816,95.4280964256026,0.969797727902466,89.7203947368421,0.082236842105263,87.2281860721167,2.94684659873313,10.8112927191679,10.1931649331352,12.4695393759286,41.8886380737396,54.9271866345037,6.50618087182823,0.964203929131011,5748,90.0835073068893,70.1677827101045,0.895342713114138,0,0.04553310867265941
03.531.03.13.,Sidi Haj M'hamed,9326.0,1798.0,5.18687430478309,96.9903463940942,0.511073253833049,76.5294771968854,0.111234705228031,90.9294512877939,1.06502242152466,10.6583744370576,11.8164271927943,11.5590821359639,52.0265596901369,49.3660598179453,7.93546262759302,0.498051104374188,2796,84.4420600858369,78.0636237897648,0.442600276625173,0,0.025238738275258344
03.531.03.15.,Sidi Mokhfi,8645.0,1845.0,4.68563685636856,89.7155361050328,2.07877461706783,90.460704607046,4.01084010840108,84.2019543973941,0.760456273764259,11.1972238288027,10.8733371891266,11.1393869288606,47.9661520190023,48.3373744371319,9.20816911501254,0.511865984178688,2534,86.2273086029992,78.2989461184503,0.8312305180347339,0,0.023395763713232726
03.531.03.17.,Sidi YahyaBni Zeroual,15452.0,3111.0,4.96689167470266,93.1090262051116,0.614687803299903,92.0925747348119,0.482160077145612,83.3279691020276,1.3535288430551,10.5423246181724,9.48744499093968,9.59099145741651,49.7410165101974,44.3494252873563,19.4277420692515,0.549234994115339,3886,81.9351518270715,75.8193736343772,0.736424698551429,0,0.041817390502819206
03.531.03.19.,Tabouda,16610.0,3408.0,4.87382629107981,95.9646539027982,1.14874815905743,79.900234741784,0.0,85.9958811415122,0.588754783632617,11.3726670680313,10.4996989765201,10.7344972907886,50.3043846805887,47.2395926389137,3.97125567322239,0.825743776563449,5078,89.4052776683733,76.1886414425522,0.5394158896509209,0,0.04495125914132973
03.531.03.21.,Tafrant,14246.0,2979.0,4.78214165827458,93.646502196688,2.73741128759716,89.3252769385699,7.25075528700906,85.5846774193548,1.24705089315807,10.6837006879123,10.7538958304085,10.3186859469324,48.5346676197283,45.4947541658095,7.98100836536287,0.669897377423033,4070,84.8648648648648,72.8020014295925,0.759471050750536,0,0.03855362057359322
03.531.03.23.,Timezgana,16172.0,3272.0,4.94254278728606,95.3409441530391,0.154273372415921,90.8007334963325,0.091687041564792,88.479262672811,0.461538461538462,11.1117981696759,10.7655206529804,11.3158545634429,48.6225459151361,55.74787115883,7.05628424373235,0.543684410165634,5598,87.7813504823151,75.4234605034035,0.316605983853095,0,0.043765909863551146
03.531.05.01.,Bni Snous,8811.0,1667.0,5.28554289142171,91.0963052695336,0.0,92.5614877024595,0.23995200959808,87.9445449065702,0.664251207729469,10.1010101010101,9.76052661445919,10.1350584496651,48.9165840532502,52.4805447470817,7.78498609823911,0.440018527095878,2985,64.4221105527638,76.9437756691686,0.382382098852854,0,0.02384500567695703
03.531.05.03.,Bouchabel,16084.0,2765.0,5.81699819168173,95.4898336414048,0.406654343807763,91.3531114327062,1.12156295224312,80.5156537753222,0.294985250737463,11.1042029345933,11.3591146480974,11.421288236757,63.1865928955176,46.2196727477901,3.80467955239064,0.33561218147918,4728,78.8494077834179,86.208002565953,0.336781332691845,0,0.043527757497239465
03.531.05.05.,Rhouazi,18081.0,3190.0,5.6680250783699,95.6727732154137,0.34744156664561,90.564263322884,3.29153605015674,88.6649874055415,0.978226569895866,10.7073723798462,10.541452353299,11.7692605497483,55.1513448978158,46.8004293617372,6.52787579393084,0.880320927122799,5298,75.292563231408,79.9002738956387,0.52672238218976,0,0.048932192446380675
03.531.05.07.,Jbabra,18592.0,3193.0,5.82273723770748,94.2503176620076,0.285895806861499,90.1659880989665,0.187911055433761,79.2841305036427,0.507775309425579,11.1714716006884,11.7792598967297,11.9944061962134,63.0201061156101,45.696568830095,14.4382124117966,0.233001482736708,4729,78.0503277648551,85.521815008726,0.342059336823735,0,0.05031509993712236
03.531.05.09.,Loulja,15956.0,2620.0,6.09007633587786,92.7055191045928,0.192975685063682,91.1832061068702,3.01526717557251,85.3724430721729,1.08527131782945,11.5254449736776,12.3025821007771,12.7663574830784,59.442113058504,45.1023030542651,7.4074074074074,0.36750728678241,4225,84.7337278106508,83.1413526411058,0.13987164719434,0,0.043181354055331564
03.531.05.11.,Mkansa,23155.0,3746.0,6.18126001067805,93.712898003238,1.18726389638424,92.4452749599572,12.8136679124399,88.8829502939604,2.5695931477516,11.5007557762902,10.6672424962211,11.2373137551284,50.3940941385435,45.3047989623865,10.1202404809619,0.74839629365645,6279,72.4159898072941,77.3721007657307,0.649206525357896,0,0.06266384138576099
03.531.05.13.,Moulay Abdelkrim,7392.0,1455.0,5.08041237113402,93.3936022253129,0.0,88.3848797250859,0.206185567010309,86.9834710743801,0.481761871988988,9.1314935064935,9.92965367965368,10.9036796536796,49.9832831828819,44.9874444659069,23.0141691713181,0.822717622080679,1793,65.3095370886782,77.436068861775,0.48470666889520303,0,0.02000479877018118
03.531.05.15.,Moulay Bouchta,14347.0,2947.0,4.86834068544282,91.3550600343053,0.823327615780446,88.5947046843177,6.0081466395112,86.5574889116342,0.65090784515245,9.64661601728584,10.029971422597,11.2636788178713,51.0374164423995,46.9014937424303,17.0002151925973,0.614502253174928,3857,70.7285455016852,74.583477959042,0.919819507115585,0,0.03882695453947368
03.531.05.17.,Sidi El Abed,12505.0,2023.0,6.18141374196737,96.812749003984,0.149402390438247,89.5699456253089,0.049431537320811,85.409429280397,0.794833581718828,10.9476209516193,11.1875249900039,12.2111155537784,57.3438783894823,50.0974421437271,5.73790420617554,0.329272308198881,3877,75.3417590920815,84.9953784533223,0.277292800657287,0,0.03384199250826781
03.531.07.01.,Ain Mediouna,15770.0,3270.0,4.82262996941896,89.7095179233621,5.93325092707045,96.7584097859327,32.8134556574923,95.072374499538,3.52286773794808,9.86049461001902,9.36588459099556,9.32783766645529,38.2115097746722,38.2355551610899,21.0770659238625,1.0752688172043,3400,28.5882352941176,62.184016329094,2.025435704192179,0,0.042677986553809145
03.531.07.03.,Bni Oulid,10324.0,2101.0,4.9138505473584,84.4380403458213,6.77233429394812,94.0980485483103,20.8948119942884,91.7224880382775,4.504072831816,8.77566834560248,8.26230143355288,9.76365749709415,42.1015761821366,41.0745004631467,15.721649484536,1.00264850548619,2616,52.025993883792,69.0251021599532,2.0198482194979572,0,0.027939602611384
03.531.07.05.,Bni Ounjel Tafraout,6962.0,1326.0,5.25037707390648,92.7188226181254,0.387296669248645,89.2911010558069,0.603318250377074,86.5533230293663,0.541376643464811,9.26457914392416,9.68112611318586,10.9307670209709,47.2704714640198,49.2011470708725,6.53621981681931,0.763775231860338,2245,84.4543429844098,74.6943115364168,0.939216728690413,0,0.01884109970752183
03.531.07.07.,Bouadel,12684.0,2502.0,5.06954436450839,91.6868442292171,1.81598062953995,95.8433253397282,1.47881694644284,87.3646209386281,1.60771704180064,10.6827499211605,10.4777672658467,11.2346263008514,34.13,39.3586005830903,18.6962962962962,1.39664804469273,2744,20.5539358600583,62.79,1.63,0,0.03432641607156089
03.531.07.09.,Bouhouda,26236.0,4976.0,5.2725080385852,90.7437678790355,1.8185533306089,93.2676848874598,12.9622186495176,86.7847688861739,1.57046706098307,11.1983534075316,10.439853636225,11.8996798292422,48.3533589531546,43.8148764122268,11.5706806282722,0.989208633093525,6756,63.6027235050325,77.6788754316844,0.525317379249963,0,0.07100188048355972
03.531.07.11.,Fennassa Bab El Hit,11381.0,2187.0,5.20393232738911,95.6781609195402,0.505747126436782,92.3147301006404,3.33943275388838,82.2744014732965,0.276752767527675,9.06774448642474,9.53343291450663,10.763553290572,53.9026233401705,47.3939544719492,5.43307086614173,0.664961636828645,3603,85.6230918678878,78.9831606217616,0.766407599309154,0,0.030800137284014074
03.531.07.13.,Khlalfa,14681.0,2917.0,5.03291052451148,95.6807187284035,0.621976503109883,94.7548851559821,0.068563592732259,91.3058419243986,1.06786083362039,11.1436550643689,10.3603296778148,11.3684353926844,45.2967719541825,45.8244545915778,15.3454384410983,0.975202006129841,3823,80.3034266283023,74.4880249913224,0.668170774036792,0,0.0397308510207021
03.531.07.15.,Mezraoua,8317.0,1611.0,5.16263190564866,91.0280373831775,0.747663551401869,91.4906832298136,2.98136645962732,91.6096954630205,2.05479452054794,10.400384754118,9.8112300108212,10.087772033185,49.4498869630746,39.0201828531999,7.78072502210433,0.719942404607631,2086,57.6222435282837,69.7106690777576,1.0699216395418931,0,0.022508104893343733
03.531.07.17.,Rghioua,4218.0,1035.0,4.07536231884058,93.6893203883495,0.097087378640777,89.4685990338164,0.289855072463768,91.3043478260869,2.02898550724637,8.96159317211948,8.13181602655286,8.67709815078236,39.805547612239,38.4861066751836,14.4398340248962,2.86217525319242,1031,55.286129970902,68.2871032313411,0.714898484415214,0,0.011415075921621243
03.531.07.19.,Tamedit,14669.0,2909.0,5.04262633207287,91.0695742471443,0.449982692973347,91.0622206943967,0.0,88.1824464409122,0.380754586362063,9.41441134364987,8.96448292317131,11.0709659826845,51.2653470308193,48.6230553676683,16.1367249602543,0.807319698600646,4220,85.7109004739336,73.9998329574876,0.5679445418859099,0,0.03969837569802323
03.531.07.21.,Zrizer,7922.0,1728.0,4.58449074074074,90.5232558139534,1.27906976744186,93.9236111111111,0.0,91.3673232908458,1.68408826945412,9.88386771017419,9.06336783640494,9.58091391062863,39.1839277371126,38.3610031790886,14.8710865561694,1.95332318619989,1849,57.9232017306652,67.7464569381716,0.825416601775424,0,0.021439125521831075
03.531.09.01.,Ain Aicha,23983.0,4361.0,5.49942673698693,88.9687137891077,4.77404403244496,95.8476714842853,22.8951594402385,91.3033448673587,4.364896073903,11.3080098403035,11.0036275695284,11.8667389400825,49.4552090601685,48.8787533257316,7.47796785899429,0.699949401248103,7139,60.7508054349348,71.7689995706311,1.29884070416487,0,0.06490463865060271
03.531.09.03.,Ain Legdah,11422.0,2014.0,5.67130089374379,93.9152119700748,1.09725685785536,93.793445878848,4.12115193644488,92.0477137176938,1.04738154613466,10.7511819296095,10.2346349150761,10.9000175100682,56.0,44.2544987146529,7.49346500145222,0.57730470864153,3185,82.3547880690737,78.1939058171745,0.609418282548476,0,0.030911094636500196
03.531.09.05.,Ain Maatouf,10104.0,1854.0,5.44983818770226,96.093326098752,0.271296798697775,95.7906098219104,1.40313005936319,90.8893709327548,0.650759219088937,10.9065716547901,10.3127474267616,11.2826603325415,50.2010050251256,43.2258064516129,4.57937584803256,0.583544057576347,2813,67.6146462851048,73.7185929648241,0.804020100502513,0,0.027344221695604794
03.531.09.07.,Bouarouss,18147.0,3166.0,5.73183828174352,94.3630573248407,0.414012738853503,93.8408085912823,2.11623499684144,85.7416879795396,0.992953235105701,11.6272662148013,11.4895023970904,11.5005235025073,58.7699806465486,45.992414664981,10.317024005864,0.300969791550552,4894,78.8107887208827,83.9162844036697,0.229357798165138,0,0.049110806721114425
03.531.09.09.,El Bsabsa,8019.0,1310.0,6.12137404580152,95.8171959721146,0.154918667699458,94.7328244274809,3.206106870229,83.1797235023041,0.624512099921936,11.8842748472378,10.9365257513405,12.4454420750717,62.0132493132977,45.7715276439992,6.27104377104377,0.543618949003365,2227,76.650202065559,83.5837776700597,0.35546938116012294,0,0.021701634380151904
03.531.09.11.,Messassa,9501.0,1642.0,5.78623629719853,95.843520782396,0.061124694376528,94.884287454324,2.13154689403166,73.4681372549019,0.368550368550369,12.9249552678665,11.8513840648352,12.4197452899694,52.7987685418415,42.6177308530249,5.66260322453794,0.583153347732181,2399,78.1575656523551,79.655799636211,0.20987827060304998,0,0.0257123367309918
03.531.09.13.,Oued Jemaa,9190.0,1586.0,5.79445145018915,92.5925925925926,0.0,97.0996216897856,2.64817150063051,87.1582962492053,0.510204081632653,11.1099020674646,11.360174102285,10.7181719260065,57.9508771929824,46.4820846905537,8.79467414155571,0.594320933303984,2603,83.2885132539377,80.3929824561403,0.294736842105263,0,0.0248706846182312
03.531.09.15.,Oulad Ayyad,9566.0,1764.0,5.42290249433106,94.7217441193344,0.745840504876649,95.9750566893424,36.1111111111111,88.4637350085665,2.98336201950659,11.4467907171231,8.95881246079866,8.56157223499895,44.4371469854196,43.8116261957321,11.5216661068189,1.17370892018779,2634,35.1556567957479,69.7005516154452,0.512214342001576,0,0.025888244728835656
03.531.09.17.,Oulad Daoud,11978.0,2171.0,5.51727314601566,95.6824512534819,0.928505106778087,95.1174573929064,6.7710732381391,90.1987979657882,0.787037037037037,10.7530472532977,10.9450659542494,11.7632325930873,53.3482618895286,40.7904642409033,12.396185788988,0.600600600600601,2848,65.6952247191011,77.0018125599744,0.6823755197782281,0,0.03241578458728764
03.531.09.19.,Outabouabane,9856.0,1692.0,5.82505910165484,95.8382877526753,0.535077288941736,84.160756501182,2.54137115839243,91.2914691943128,0.593119810201661,11.1201298701298,10.6432629870129,11.9419642857142,57.976653696498,47.0309152127334,2.11519687601692,0.29251984956122,3008,82.5465425531914,80.8325768382829,0.35014913759564203,0,0.026673065026908242
03.531.09.21.,Ras El Oued,15778.0,2657.0,5.93827625141136,91.1085887249337,0.945894816496406,94.9567181031238,0.07527286413248,90.4941531497548,0.755001887504719,10.9709722398276,10.5146406388642,11.1484345290911,53.2897392427545,45.0842035939411,6.17696160267111,0.563668972585191,4496,72.5533807829181,77.5104940264772,0.573135292218276,0,0.04269963676892839
03.531.09.23.,Sidi M'HamedBen Lahcen,18820.0,3051.0,6.16846935431006,94.7593935398813,0.09887936717205,96.7879383808587,0.065552277941658,85.6015779092702,0.560131795716639,12.4548352816153,11.4080765143464,12.0722635494155,57.484820992393,48.5527079704735,10.0614964127092,0.459066564651875,5265,85.7169990503323,83.4322004326889,0.20238676809268,0,0.05093213106802081
03.561.01.01.,Aknoul (Mun.),4403.0,1038.0,4.24181117533718,58.6719524281466,22.8939544103072,96.8177434908389,86.4030858244937,95.0485436893203,23.1292517006802,9.3118328412446,8.26709062003179,8.63047921871451,31.634058969413,43.2132963988919,25.9259259259259,1.43691064211944,1040,7.78846153846153,52.3835767429043,6.282722513089003,1,0.011915737146253753
03.561.01.05.,Oued Amlil (Mun.),10405.0,2154.0,4.83054781801299,60.3100046970408,31.1883513386566,98.4665427509293,93.2620817843866,98.0814225549836,20.5152224824355,10.4180682364247,9.71648246035559,9.02450744834214,28.2430806257521,41.5954415954415,15.6555772994129,1.09097993376193,2586,5.68445475638051,49.9879663056558,5.848375451263537,1,0.02815881103946634
03.561.01.07.,Tahla (Mun.),27719.0,6242.0,4.44072412688241,72.1114892237887,19.8671204018797,95.5776317897772,94.343855151418,96.9292604501607,16.8866709594333,8.6186370359681,8.35888740575056,9.61073631804899,29.4933078393881,34.3309253525971,31.7062696822215,2.39972807613868,4771,4.75791238734018,49.0896449832703,4.740798679007518,1,0.07501528911128952
03.561.01.11.,Taza (Mun.),147033.0,34425.0,4.27111111111111,57.8125460384808,29.4999852676861,96.8504852112266,94.0409088267766,96.7831635639854,30.4198372359491,8.19679935796726,7.44186679180864,8.12946753449905,25.3359992905113,43.3319058580018,24.7832979884288,2.27403947092168,36532,2.01467206832366,42.5986987963463,7.357363409895269,1,0.3979120099534699
03.561.03.01.,Ajdir,10214.0,2204.0,4.63430127041742,66.6974595842956,6.46651270207852,95.1883794825238,24.5120290512936,93.8709677419354,5.49653579676674,9.76111219894262,8.12610142941061,8.44918738985705,44.8670561583402,47.0228601807549,33.9739966082532,1.62213740458015,2336,56.8921232876712,69.4884940980088,1.2877071658519081,0,0.027641912153494395
03.561.03.03.,Bourd,8434.0,1668.0,5.05635491606714,84.2457420924574,2.79805352798053,94.0047961630695,10.7913669064748,95.8232445520581,0.36319612590799,9.65141095565568,8.53687455537111,9.7818354280294,49.2969995651543,41.1687242798353,25.2299080367852,1.1574074074074,1870,73.475935828877,73.2028985507246,0.5942028985507251,0,0.022824739289462673
03.561.03.05.,Gzenaya Al Janoubia,9937.0,1983.0,5.01109430156328,87.0492635855764,0.05078720162519,91.8305597579425,0.100857286938981,89.1645569620253,0.860323886639676,9.34889805776391,8.32243131729898,10.0633994163228,50.8617528419508,43.7822030357888,12.9452926208651,1.00040016006402,2737,72.7438801607599,73.5606894022735,0.8189707859674861,0,0.02689227345499058
03.561.03.07.,Jbarna,2730.0,544.0,5.01838235294117,81.7005545286506,0.369685767097967,81.985294117647,0.0,92.619926199262,1.1070110701107,9.34065934065934,8.71794871794871,8.24175824175824,49.2624050067054,43.7872763419483,34.3927355278093,0.929235167977127,578,70.0692041522491,72.5078229772016,0.715243629861422,0,0.007388135909441914
03.561.03.09.,Sidi Ali Bourakba,8083.0,1682.0,4.80558858501783,74.8161764705882,0.674019607843137,91.3793103448275,0.059453032104637,94.0533980582524,3.59099208764455,8.61066435729308,8.31374489669677,7.74464926388717,44.8681662446,34.3570372803416,25.1912045889101,1.24970525819382,1565,43.6421725239616,75.994043186895,1.3253909158600068,0,0.021874836101105855
03.561.03.11.,Tizi Ouasli,6639.0,1498.0,4.43190921228304,60.893098782138,8.59269282814614,83.500334001336,24.9164996659986,89.4204851752021,2.77401894451962,9.45925591203494,7.53125470703419,8.57056785660491,48.6569872958257,39.0125455281262,32.6244813278008,1.1420204978038,1299,50.8083140877598,69.932861549628,1.161313736164036,0,0.017966972272082368
03.561.07.01.,Bni Frassen,23429.0,4216.0,5.55716318785578,93.6796744074694,1.67584390711036,83.0407969639468,9.0370018975332,85.7755539671193,0.620821394460363,10.1754236202996,10.0857911135771,11.7674676682743,53.5892082864943,41.3186813186813,7.99392097264437,0.56657223796034,6054,66.0555004955401,79.1028797773257,0.567391071619741,0,0.06340536125359508
03.561.07.03.,Bouchfaa,10724.0,1988.0,5.39436619718309,93.3434959349593,1.47357723577235,89.1851106639839,68.2092555331992,91.5656565656565,2.32793522267206,11.740022379709,9.828422230511,9.31555389779932,45.5593865176554,38.3162439287641,13.4154929577464,0.956668542487338,2459,37.2509150061,69.0167637617405,0.903578647009868,0,0.02902211336734618
03.561.07.05.,Bouhlou,8748.0,1594.0,5.48808030112923,95.066413662239,1.13851992409867,80.8657465495608,32.245922208281,94.8831332912192,4.1087231352718,10.7338820301783,8.48193872885231,8.37905807041609,46.5119569831611,40.7167666561414,10.3140752229546,0.929584011155008,2313,37.4837872892347,68.2043299844347,0.948068487335503,0,0.02367451023289299
03.561.07.07.,Ghiata Al Gharbia,23038.0,3876.0,5.9437564499484,95.4617414248021,0.580474934036939,86.609907120743,28.9731682146542,93.0238657225282,2.54726890756302,11.2162514107127,9.36279190901988,8.8115287785398,52.3614299770416,43.3700129095715,7.2289156626506,0.57301459396544,6545,28.4491978609625,74.8374050390774,0.8143411488222121,0,0.06234720698964205
03.561.07.09.,Oulad Zbair,17747.0,3189.0,5.56506741925368,81.6629781852671,10.6544419854568,93.1304893350062,42.5658720200752,94.0787401574803,5.83228247162673,10.0016904265509,10.2439848988561,10.9877725812813,45.0363880449374,43.1497869550966,9.47588302316748,0.485942381117667,4767,37.151248164464,69.5563091705525,1.801610852055956,0,0.04802829596515225
03.561.07.11.,Rbaa El Fouki,7144.0,1171.0,6.10076857386848,96.1871750433275,0.433275563258232,74.8078565328778,0.512382578992314,93.6960276338514,0.605536332179931,9.2525195968645,9.0565509518477,11.9400895856662,53.350471293916,45.655227774433,5.58241758241758,0.650820599886814,2148,47.9515828677839,80.5003427004797,0.411240575736806,0,0.019333642101484624
03.561.09.01.,Ait Saghrouchen,16085.0,3410.0,4.71700879765395,91.4048606994665,1.68938944872554,75.0733137829912,51.5835777126099,81.9016587677725,1.78412132024977,10.38234379857,9.76064656512278,9.49953372707491,47.1930234368916,45.3300344614297,18.6549707602339,2.17364455971347,4173,66.1873951593577,67.2401712728688,1.050992604126119,0,0.04353046377412936
03.561.09.03.,Bouyablane,2410.0,381.0,6.3254593175853,92.5714285714285,2.57142857142857,25.4098360655737,3.82513661202185,86.7724867724867,0.573065902578797,11.9917012448132,12.1576763485477,11.7842323651452,66.2472647702407,61.0751295336787,6.68080593849416,0.255102040816327,880,69.3181818181818,87.9102844638949,0.38293216630197,0,0.006522127304672166
03.561.09.07.,Matmata,11928.0,2345.0,5.0865671641791,83.7088388214904,3.11958405545927,93.5181236673774,81.36460554371,93.2589094031773,6.81916271040138,9.6160295103957,8.20757880617035,8.67706237424547,44.0816326530612,41.0402646287213,30.4057809894385,1.8575351316427,2504,53.8338658146964,63.0381554784737,2.08120791675168,0,0.03228047074279236
03.561.09.09.,Smià,7435.0,1497.0,4.96659986639946,90.6882591093117,1.28205128205128,78.0895123580494,34.8697394789579,92.2459893048128,1.53743315508021,8.66173503698722,8.35238735709482,9.79152656355077,51.9286871961102,36.1080485115766,10.0763358778625,1.50103519668737,1767,71.2507074136955,69.6920583468395,0.9238249594813609,0,0.020121168676447115
03.561.09.11.,Tazarine,2623.0,467.0,5.61670235546038,93.9784946236559,0.0,20.7708779443254,0.0,85.4077253218884,0.429184549356223,10.5223027068242,9.340449866565,10.217308425467,57.0409134157944,47.2737186477644,17.4163783160322,0.529901589704769,716,89.1061452513966,75.8801141769743,0.570884871550904,0,0.007098564282222029
03.561.09.13.,Zrarda,9249.0,2014.0,4.59235352532274,79.6695042563845,11.3169754631947,74.0814299900695,57.149950347567,91.351888667992,5.92629482071713,9.79565358417126,8.70364363714996,9.66590982808952,43.4996020164499,34.9036724864539,19.9223803363518,2.05930807248764,1857,58.2121701669359,63.5181745821172,1.85725656672857,0,0.025030354954735625
03.561.11.01.,Bni Ftah,10919.0,1856.0,5.88308189655172,89.783105022831,0.342465753424658,77.3706896551724,4.90301724137931,93.4733257661748,0.851788756388416,9.87269896510669,7.99523765912629,9.79027383460023,48.1043710972346,42.8535257627547,16.602658788774,0.749954271081032,2823,79.8795607509741,72.0338983050847,0.657894736842105,0,0.029549837360877747
03.561.11.03.,Brarha,7429.0,1322.0,5.61951588502269,92.8462709284627,0.076103500761035,81.0749432248296,0.075700227100681,91.9022154316272,0.305810397553517,9.62444474357248,10.0821106474626,10.9705209314847,58.742665549036,41.7281553398058,8.14332247557003,0.341117816845972,1974,82.4214792299898,88.1810561609388,0.150880134115675,0,0.020104931015107682
03.561.11.05.,El Gouzate,6575.0,1221.0,5.38493038493038,87.8088962108731,0.741350906095552,82.2950819672131,0.245901639344262,87.0994248151191,0.578512396694215,10.4942965779467,9.18631178707224,9.1254752851711,49.6307517515622,51.7197180089724,15.0764147046674,0.854449027695934,2056,74.5622568093385,73.9443287256201,0.587010035978035,0,0.017793770551128418
03.561.11.07.,Kaf El Ghar,8104.0,1717.0,4.71986022131625,93.2044522554188,1.11306385471587,74.0827023878858,1.63075131042516,84.3366452367036,0.233781414377557,8.53899308983218,9.35340572556762,10.9945705824284,55.0646227832882,43.1719590491063,10.7717041800643,1.2285581826611,2220,79.8648648648648,79.2906522392545,0.706342049894801,0,0.02193166791579387
03.561.11.09.,Msila,8356.0,1632.0,5.12009803921568,81.8407960199005,3.85572139303482,82.4034334763948,12.262415695892,92.4458204334365,2.54658385093167,10.1483963618956,8.95165150789851,9.66969842029679,46.094674556213,44.3548387096774,6.47727272727272,1.08644307982994,2469,70.676387201296,67.1153846153846,1.005917159763314,0,0.022613649692050045
03.561.11.11.,Taifa,6992.0,1410.0,4.95886524822695,89.6085409252669,0.071174377224199,56.0283687943262,1.63120567375886,88.6993603411513,0.213219616204691,10.6836384439359,8.38100686498855,9.29633867276888,53.9331801308113,44.9790377320822,6.21393697292498,0.909607731665719,2113,88.8783719829626,76.6919950521293,0.51245803145432,0,0.018922288014218996
03.561.11.13.,Tainaste,11530.0,2232.0,5.16577060931899,93.4753058450385,0.453103760761214,82.0788530465949,7.12365591397849,87.4887488748874,1.53915799004074,10.7564191533657,10.5916030534351,11.2855655794587,48.8636363636363,51.4293072366726,14.3465197796695,1.03039670273055,3421,82.1397252265419,78.2287415903827,0.661740377192015,0,0.031203372540609984
03.561.11.15.,Traiba,6672.0,1217.0,5.48233360723089,89.5920066611157,0.582847626977519,71.5460526315789,0.575657894736842,87.633965375103,0.247320692497939,10.4016786570743,7.08932853717026,9.18764988009592,50.5724150463383,43.6835650040883,13.6640149742629,0.694654183026276,1845,86.1788617886178,72.9336966394187,0.526793823796549,0,0.018056279409449247
03.561.13.01.,Bab Boudir,5082.0,851.0,5.97179788484136,93.8242280285035,0.712589073634204,68.1551116333725,1.29259694477085,90.341578327444,0.708382526564345,10.4092876820149,8.02833530106257,9.07123179850452,58.335343787696,41.829533116178,14.0168721609344,0.825147347740668,1325,53.2075471698113,74.7647768395657,0.506634499396864,0,0.01375329915449956
03.561.13.03.,Bab Marzouka,18520.0,3388.0,5.46635182998819,87.0733917245545,2.80881908788885,82.8217237308146,20.7792207792207,87.1369294605809,2.41143197380172,10.1889848812095,8.14794816414686,9.23866090712743,51.2035445046951,40.0357861775889,12.2532588454376,0.675458346735285,4712,36.7572156196944,70.384818830997,0.8198889182755891,0,0.050120248001049174
03.561.13.05.,Bni Lent,11866.0,2103.0,5.64241559676652,90.9351145038167,1.33587786259542,88.9681407513076,6.75225867807893,92.8946113495469,0.477554918815664,10.3488960053935,10.0876453733355,9.86853193999662,49.4542757232171,41.7291414752116,8.57722399304549,0.580501963462524,3155,69.4136291600634,73.8692935070437,0.5719733079122981,0,0.03211268157561822
03.561.13.07.,Galdamane,21433.0,4093.0,5.23650134375763,92.5870646766169,0.970149253731343,72.5183374083129,3.37408312958435,86.9158878504672,1.53124228204494,10.6144730089114,8.87883170811365,10.1385713619185,53.2224411730613,44.3044689033284,8.2460341215205,0.601604278074866,6131,55.6026749306801,72.9121993625036,0.475224572587656,0,0.05800363258134378
03.561.13.09.,Meknassa Acharqia,6020.0,1228.0,4.90228013029316,82.2805578342904,0.656275635767022,53.8273615635179,4.56026058631921,87.3469387755102,1.1437908496732,10.265780730897,8.62126245847176,8.82059800664451,51.4437845586729,43.4742647058823,7.98097251585623,1.23870103783059,1741,71.338311315336,73.2746262543518,0.40958427196395697,0,0.016291786877230888
03.561.13.11.,Meknassa Al Gharbia,3890.0,750.0,5.18666666666666,80.188679245283,2.15633423180593,72.630173564753,25.6341789052069,85.4838709677419,0.807537012113055,9.89717223650385,8.38046272493573,8.30334190231362,47.2475621264548,47.3039215686274,16.7283493708364,0.464876033057851,1125,58.8444444444444,70.2107581000314,0.880780119534445,0,0.01052741710173225
03.561.13.13.,Oulad Chrif,9237.0,1393.0,6.63101220387652,93.4782608695652,0.072463768115942,91.3137114142139,2.51256281407035,93.8539407086044,0.363636363636364,9.77590126664501,10.0790299880913,10.4471148641333,52.735377549642,43.9422180801491,2.96924708377518,0.356824264049955,2745,67.4681238615664,77.995407267324,0.202620559232743,0,0.024997879632056758
03.561.13.15.,Maghraoua,8204.0,1409.0,5.82256919801277,90.1146131805157,2.29226361031518,54.7196593328601,7.59403832505322,76.3494318181818,1.34847409510291,10.3607996099463,9.76352998537298,9.92198927352511,63.6793893129771,39.8152988325492,13.7417943107221,0.852878464818763,1971,84.2719431760527,79.8260338776133,0.946131542804822,0,0.022202295604784417
03.591.01.01.,Moulay Yacoub (Mun.),4548.0,982.0,4.63136456211812,61.7860851505711,24.0913811007268,98.3690112130479,77.9816513761467,95.1794871794871,8.83864337101747,11.6754617414248,8.31134564643799,8.64116094986807,33.168452871668,51.4787430683918,18.5517654099341,4.38558402084237,1361,12.4908155767817,59.4119263533937,0.9068425391591101,1,0.012308147295290043
03.591.03.01.,Ain Chkef,52824.0,10916.0,4.83913521436423,85.6343805350983,4.53062365992355,81.4858922682301,49.4320263832905,89.9335670787968,4.91120976692563,12.6097985764046,11.3433287899439,10.1790852642738,38.1513107122407,46.9736161407139,11.2885462555066,1.61439826973582,14499,19.7392923649906,65.9281571282766,1.286998083194344,0,0.14295637043236617
03.591.03.03.,Mikkes,6089.0,995.0,6.11959798994974,94.9494949494949,0.707070707070707,91.6582914572864,5.7286432160804,68.5858585858585,0.505050505050505,12.9413696830349,11.5782558712432,11.5454097552964,53.3072236727589,45.2864115078345,1.75836642087351,0.577445652173913,1732,84.5842956120092,85.5961705831157,0.195822454308094,0,0.016478519982634363
03.591.03.05.,Sebaa Rouadi,23468.0,4125.0,5.68921212121212,84.2261904761904,0.198412698412698,88.0484848484848,55.9272727272727,91.091042226019,3.13879352623835,12.4382137378558,10.2139083006647,9.3446395091188,42.6997245179063,47.4716460931136,6.62618796198521,1.38475021910604,7074,58.919988690981,71.0665491405905,0.831864257382107,0,0.0635109060523014
03.591.03.07.,Sebt Loudaya,12423.0,1965.0,6.32213740458015,96.1240310077519,0.103359173126615,92.8753180661577,16.2340966921119,89.2473118279569,0.874035989717224,12.0743781695242,11.5431055300652,11.6075022136359,46.794601433994,50.7269789983844,1.32288094071533,0.792733278282411,4028,79.0714995034756,84.4346084940457,0.358309621667193,0,0.03362007780329557
03.591.05.01.,Ain Bou Ali,12282.0,2035.0,6.03538083538083,67.1464019851116,4.46650124069479,75.2334152334152,1.42506142506142,90.3513112320633,1.09289617486338,10.8858492102263,10.4543234000977,9.94137762579384,56.2584118438761,47.2867298578199,3.10699072914056,0.585970199229868,3867,86.0098267390742,81.1303177724873,0.238070593106304,0,0.033238492761818894
03.591.05.02.,Ain Kansra,12291.0,2232.0,5.50672043010752,91.0746812386156,0.546448087431694,91.8870461676378,21.380546839982,93.1112111661413,2.1680216802168,10.8534700187128,9.51916036123993,10.5198926043446,50.1072851742106,46.1737697198022,11.5502294747577,0.96989966555184,3469,60.1614298068607,74.9259221416164,0.6232757739859,0,0.03326284925382804
03.591.05.03.,Laajajra,14476.0,2302.0,6.2884448305821,93.010752688172,0.582437275985663,74.761077324066,24.283231972198,81.854658938921,1.02816271792579,11.7297596021,11.0596849958552,10.4379662890301,55.7017543859649,45.2617421891164,3.74857142857142,0.482543286971331,4211,82.0470197102826,79.7709582177686,0.161045003131431,0,0.03917606425827148
03.591.05.05.,Louadaine,11767.0,2035.0,5.78230958230958,85.8283433133732,3.74251497005988,88.7795275590551,24.1141732283464,90.7608695652173,2.7349577324714,11.0733406985637,10.3594799014192,11.3027959547888,53.277801817395,47.7953253316487,2.35263018768173,0.589152659850979,3694,79.7238765565782,76.6468361276365,0.421849648458626,0,0.03184476016351758
03.591.05.07.,Oulad Mimoun,9372.0,1659.0,5.64918625678119,96.85960591133,0.061576354679803,89.3911995177818,0.482218203737191,85.6796116504854,1.09555690809494,11.3316261203585,11.4489970123772,11.0221937686726,58.712173552577,46.598968407479,0.968523002421308,0.452293775576136,2863,90.7090464547677,84.7174243471051,0.138178803371563,0,0.025363227012193994
03.591.05.09.,Sidi Daoud,12771.0,2092.0,6.10468451242829,96.656976744186,0.532945736434109,88.9579349904397,4.54110898661567,82.2681403171552,0.913022585295531,11.6905488998512,10.8918643802364,10.1871427452822,54.2585474408254,47.9385045422781,8.74635568513119,0.321388397878837,3756,83.8658146964856,79.9737028421159,0.202285829877618,0,0.03456186216098266
04.281.01.01.,Kénitra (Mun.),423890.0,102177.0,4.1485852980612,65.0797293791286,25.0513900253457,94.3921848846428,92.6038312076036,97.0876665743999,34.0206390749236,8.67654344287433,7.7770176224964,8.04571940833706,18.869927905591,49.9718785151856,20.879759894954,3.52189898729278,126537,1.86111572109343,38.5158621468607,8.22036171624616,1,1.1471637108620265
04.281.01.05.,Mehdya (Mun.),28636.0,6653.0,4.30422365849992,69.472710453284,23.6201048411964,93.8796992481203,94.1503759398496,96.5223993925588,19.3351631594998,10.6369604693392,8.84201704148624,9.14583042324347,21.6110701427146,51.6806105973873,18.3659945091356,2.9602939098488,8623,16.3400208744056,47.0422413045363,3.174603174603165,1,0.07749694501933282
04.281.01.11.,Souk El Arbaa (Mun.),67698.0,14268.0,4.74474348191757,78.8913493820987,13.5652546610472,96.2638441048647,95.9974765175942,93.9670415163731,14.3506355180004,9.95745812283967,8.91902271854412,9.75656592513811,32.9976691674557,47.3568737839963,18.2736013986014,3.06573589296102,18699,5.72757901492058,57.4154664141736,3.111855641945402,1,0.18320953289282002
04.281.03.01.,Ameur Seflia,28538.0,4882.0,5.8455551003687,96.2484368486869,0.187578157565652,69.1598360655737,22.2950819672131,86.6075113495666,1.54639175257732,13.3996776228186,11.4023407386642,10.9748405634592,52.3117076808352,50.6165429943256,8.79594696561388,1.97659483373769,8461,52.0978607729582,80.6197576887232,0.312208760484623,0,0.0772317298841221
04.281.03.05.,Haddada,15898.0,2758.0,5.7643219724438,94.9815498154981,0.14760147601476,78.027556200145,0.072516316171139,91.4629697190806,1.79552949798461,14.1338533148823,11.9637690275506,10.5359164674801,55.3503022048182,52.1540599563232,8.0510087552341,1.54573326520184,4831,42.3514800248395,80.3813090475785,0.22980679206741,0,0.04302438999571705
04.281.03.11.,Ouled Slama,19488.0,3135.0,6.21626794258373,91.9611021069692,0.356564019448947,88.0701754385965,8.67623604465709,91.0795087265675,5.24271844660194,11.8123973727422,10.1754926108374,10.4474548440065,43.1071922089886,50.277208171945,10.226586102719,2.29728312178747,5943,60.7437321218239,72.1239229099519,0.802473196079721,0,0.052739924030477656
04.281.03.13.,Sidi Taibi,53449.0,11518.0,4.64047577704462,91.8188202247191,1.09726123595505,70.6954936181297,10.8274724320569,94.3175875893324,5.12753319357093,11.6335198039252,11.4052648318958,11.504424778761,34.3123905854892,47.4189675870348,13.7733574442435,2.06860038573535,14305,8.94792030758476,60.6977026862768,0.8411328552327699,0,0.14464779348855708
04.281.05.03.,Ben Mansour,43728.0,6698.0,6.52851597491788,96.551724137931,0.106805004577357,95.5807703792176,2.56793072558972,93.9348219674109,1.87679733615862,12.8453165020124,10.8740395170142,10.8077204537138,59.0632402770697,57.8134823611596,1.4741420976317,1.86588369009282,16308,90.8265881775815,84.9172562657393,0.110924571291521,0,0.11834007584178606
04.281.05.07.,Mnasra,34429.0,5360.0,6.42332089552238,96.2289179458025,0.322152738298276,90.4664179104477,0.242537313432836,88.6820830983267,3.52830188679245,12.1990182694821,10.8455081472014,11.0633477591565,50.5513178762933,56.5282553116459,6.52682470368059,1.91953408212991,11987,77.0584800200216,76.3276089828269,0.256652198528025,0,0.09317440704255518
04.281.05.09.,Mograne,31292.0,5260.0,5.94904942965779,80.2836320661808,0.157573370100453,82.1102661596958,28.8783269961977,88.3616481156024,1.25465594981376,12.9621936019941,11.0287303058387,10.9296602857051,45.4897178182429,50.4419563936358,6.68808411214953,2.21755675108253,9585,70.6311945748565,76.0427177934746,0.248065926673394,0,0.08468481643892174
04.281.05.11.,Sidi Mohamed Ben Mansour,19222.0,3149.0,6.10416005080978,95.6521739130434,0.998389694041868,90.6637027627818,3.52492854874563,88.6568123393316,2.28295819935691,13.4377276037873,11.6481115388617,10.7324940172718,54.8561900791996,52.4357623409256,3.9418766424486,2.57569386038688,6214,87.4316060508529,82.5763888888888,0.215277777777777,0,0.0520200543777628
04.281.07.01.,Arbaoua,32690.0,6023.0,5.42752781006143,93.6932391523713,2.77497477295661,92.8108915822679,25.6018595384359,86.8605817452357,4.43737441393168,11.6824717038849,10.2875497093912,11.5815234016518,44.7733688833124,46.0869164901942,9.49955049445609,1.92379067178028,9060,38.1898454746136,70.1544613454602,0.8624745177983381,0,0.08846819153100957
04.281.07.03.,Beni Malek,26098.0,4306.0,6.06084533209475,97.3273415326395,0.118259224219489,92.4274099883855,0.255516840882695,87.1308016877637,1.99811941701927,11.8936316959153,10.5908498735535,11.3725189669706,54.1998319078459,50.0405515004055,11.819865709655,1.35661936691096,7617,49.6258369436786,80.85516559565,0.425111220958972,0,0.07062841427275277
04.281.07.05.,Kariat Ben Aouda,11087.0,1924.0,5.76247401247401,97.4305191400104,0.262191924488726,93.6590436590436,0.25987525987526,89.6083550913838,1.15062761506276,10.9407414088572,9.66898169026788,10.4356453504103,48.4376775366435,49.0647482014388,5.73180485203945,1.70908415381757,3536,56.6459276018099,74.5625994092251,0.488525335151102,0,0.03000449187838186
04.281.07.07.,Oued El Makhazine,7266.0,1606.0,4.52428393524283,92.6737633061991,0.187852222917971,84.6201743462017,7.16064757160647,80.6148055207026,1.25549278091651,10.6110652353426,9.86787778695293,11.1340489953206,55.6959833795013,46.3674783658683,3.25520833333333,1.39508928571428,2229,80.7088380439659,80.166147455867,0.259605399792316,0,0.019663807882053092
04.281.09.01.,Bahhara Ouled Ayad,31860.0,5297.0,6.01472531621672,90.6932209881271,0.114898506319418,90.9571455540872,0.037757221068529,90.2415826517024,1.65714285714285,12.2347771500313,11.585059635907,12.5235404896421,60.7285614208596,53.2715349341748,4.61865975564605,1.71111254600632,10305,86.327025715672,86.4694491368299,0.156565448477607,0,0.08622198171238804
04.281.09.09.,Sidi Allal Tazi,18034.0,3098.0,5.82117495158166,87.2255489021956,2.32867598137059,92.7671940587665,30.3519535033903,93.1270358306189,5.32331809274983,11.7888432959964,9.99223688588222,9.58744593545525,41.009642654566,48.4204572998303,16.2856666110462,2.35477063201155,5017,53.418377516444,71.0974053594215,0.758542464199631,0,0.04880499743255511
04.281.09.13.,Sidi Mohamed Lahmar,42618.0,6358.0,6.70305127398553,98.7103964336889,0.222894443559943,90.7046240956275,4.43535703051274,89.3246876482682,1.1277001270648,12.6871275048101,11.2393824205734,11.7133605518794,58.8801480795927,52.2184549199752,5.54353138309013,1.56447381206879,13529,67.9577204523616,84.1460781592178,0.228247123777798,0,0.11533610849399101
04.281.09.15.,Souk Tlet El Gharb,22554.0,3614.0,6.24073049252905,96.7732804981602,0.452872912538919,94.8533480907581,33.8406198118428,91.2251191477432,2.64119134588367,11.13771393101,9.46173627737873,9.65238981998758,49.7961235547115,49.4310596910558,7.24022633744856,2.0016229375169,7213,67.2397060862331,74.8157248157248,0.6030824212642389,0,0.06103736897492781
04.281.11.03.,Chouafaa,18428.0,3072.0,5.99869791666666,97.5308641975308,0.367033700367034,93.8151041666666,0.162760416666667,91.9746919746919,1.80662428905988,11.6995875841111,8.9266333839809,8.69871934013457,58.9699746939333,48.2033169533169,7.55017521503663,1.53677277716794,5804,84.3211578221916,84.268817939427,0.143570110070417,0,0.04987127052717787
04.281.11.05.,Lalla Mimouna,29378.0,5309.0,5.53362215106423,92.7352884799693,4.98370711136668,90.2053117347899,29.8737992088905,92.1937321937321,4.80182926829268,12.2506637619987,10.698481857172,10.3887262577438,45.0424178154825,46.9975490196078,7.67057800956106,2.15484494785551,8498,28.3125441280301,72.8794840077752,0.7112564057253941,0,0.07950500247164269
04.281.11.07.,Moulay Bousselham,26570.0,5026.0,5.28651014723438,87.6795468339065,7.82925348978353,88.1615598885793,24.6120175089534,95.3294945617402,7.21483272873841,12.0474219044034,10.9371471584493,10.470455400828,48.7927663734115,55.381482947797,6.87295751633986,2.66283379983357,9119,66.3449939686369,75.7171480232615,0.806333382202023,0,0.07190577696478814
04.281.11.11.,Sidi Boubker El Haj,19326.0,3149.0,6.13718640838361,98.2919755075733,0.773445053174347,92.0877025738798,12.0432157610422,82.8324808184143,1.85718860070445,12.9573091849935,11.2031047865459,11.8085381630012,52.6750375324143,43.0741878131566,11.5759849906191,1.62723477143774,4713,64.5660937831529,79.2576419213973,0.518558951965065,0,0.05230150717431297
04.291.01.01.,Khémisset (Mun.),131123.0,32066.0,4.0891598577933,62.1630971475296,25.7948863100292,90.1104041916167,88.4231536926147,94.9256727090259,26.9235604727181,8.12367014177528,7.59744667220853,9.052568961967,26.7597603576535,42.9181155526718,26.6027306656588,3.50609756097561,31072,3.83625128733264,46.8504827661095,4.064827299134007,1,0.354855144635074
04.291.01.03.,Rommani (Mun.),12297.0,2838.0,4.33298097251585,60.8773181169757,24.5720399429386,94.3602396898131,94.7832217130772,96.415897799858,20.7130124777183,9.22176140522078,8.62812067984061,8.87208262177767,27.608394377351,45.4666518699367,19.3068098608738,2.47321991178323,3306,5.23290986085904,47.8222134230845,3.910116808552761,1,0.033279086915167476
04.291.01.05.,Tiflet (Mun.),86007.0,20623.0,4.17044077001406,59.4611867656457,31.7978467135342,92.8709990300678,95.6110572259941,94.7556033009424,18.4636448095447,9.15041798923343,8.92601764972618,9.48411175834525,28.8786068098272,43.6624239603229,24.6039039811785,4.05616224648985,20510,6.54314968308142,49.8566562588702,2.832812943514045,1,0.2327587564700991
04.291.01.17.,Sidi Allal El Bahraoui (Mun.),15579.0,3643.0,4.27642053252813,54.2944785276073,25.6832124930284,94.5344685525954,89.7830266410326,96.4689655172413,19.3897364771151,10.1354387316259,8.81956479876757,8.48578214262789,25.7642958973546,48.3014861995753,18.9194139194139,2.74993574916473,4427,5.78269708606279,47.8219546966576,3.31062886108031,1,0.0421610876678372
04.291.03.01.,Ait Mimoune,8254.0,1791.0,4.60859854829704,56.964892412231,1.92525481313703,40.2793296089385,10.5027932960893,88.5586090858104,1.79674340258281,10.0314998788466,8.54131330264114,8.38381390840804,53.9880952380952,49.6102172831315,8.49214309595453,1.58211953792064,2737,82.5356229448301,76.4767147745871,0.6397857461687251,0,0.02233760944927969
04.291.03.03.,Ait Ouribel,9640.0,1956.0,4.92842535787321,90.8483290488431,0.668380462724936,78.7321063394683,24.7955010224948,86.6085171883016,2.82340862422997,10.0207468879668,8.16390041493775,9.27385892116182,48.3960948396094,41.1411411411411,16.1974278762599,1.71878235659556,2411,62.5051845707175,72.4483326993787,0.405730949664004,0,0.026088509218688664
04.291.03.05.,Ait Siberne,4900.0,1073.0,4.56663560111835,81.9794584500466,1.21381886087768,74.9301025163094,27.4930102516309,86.9402985074626,2.89990645463049,10.8979591836734,7.89795918367347,9.0204081632653,52.0482533299824,45.8015267175572,12.2839506172839,1.78794178794178,1421,69.8099929627023,73.4606685096758,0.628298567479266,0,0.013260756760536768
04.291.03.07.,Ait Yadine,20502.0,4206.0,4.87446504992867,90.8742514970059,2.39520958083832,69.2582025677603,46.1008083689966,86.7579908675799,3.07840307840307,11.8281143303092,9.55516534972197,10.5843332357818,54.207521409954,43.5474620017206,12.2160026341784,2.69933952330812,5332,43.3420855213803,74.1283037597716,0.316416428837325,0,0.0554840887968418
04.291.03.09.,El Ganzra,13209.0,2374.0,5.56402695871946,93.4182590233545,0.382165605095541,62.8318584070796,26.2958280657395,88.2029598308668,1.90758796100042,12.5369066545537,9.63736846089787,9.35725641607994,58.5814360770577,46.5059708093763,15.8582976699952,1.44144144144144,3539,65.8095507205425,79.1147859922179,0.19455252918287902,0,0.03574721143876126
04.291.03.11.,Majmaa Tolba,12609.0,2795.0,4.51127012522361,83.3453496755587,1.80245133381398,65.9749552772808,1.71735241502683,84.7865087908145,3.19913731128684,10.2307875327147,8.77944325481798,9.74700610674914,46.7783000391696,46.3319603695869,13.4310427679,1.94020356234096,3603,43.6025534276991,69.6435566000783,0.283979631805719,0,0.03412344530481798
04.291.03.13.,Sfassif,7685.0,1602.0,4.79712858926342,87.046307884856,0.438047559449312,80.4497189256714,54.4659587757651,91.5625,3.68980612883051,9.72023422251138,8.44502277163305,8.4580351333767,60.5183653999045,45.2207838269196,8.62745098039215,1.94890703186726,2330,76.4806866952789,79.6629034822706,0.4293210367308,0,0.02079773789892348
04.291.03.15.,Sidi Allal Lamsadder,7366.0,1651.0,4.46153846153846,86.5853658536585,0.365853658536585,77.5151515151515,5.63636363636363,84.004884004884,2.07064555420219,9.34021178387184,7.67037740972033,7.7518327450448,49.9263863896613,41.7719234933237,17.4082073434125,3.2591826176927,1912,72.0188284518828,70.9962375265826,0.5725503026337311,0,0.019934435571043636
04.291.03.17.,Sidi El Ghandour,7377.0,1699.0,4.34196586227192,81.0395747194329,0.413467217956291,80.5179517363154,13.4785167745732,90.076786769049,3.07328605200945,9.58384167005557,7.82160769960688,7.97071980479869,46.1184966354833,43.4695731153496,18.9720016715419,1.90246516613076,1939,49.5100567302733,69.3418677170523,0.508780567864763,0,0.019964204616832598
04.291.05.01.,Ait Ichou,1809.0,370.0,4.88918918918918,77.961432506887,0.550964187327824,27.3712737127371,20.8672086720867,90.2173913043478,0.542005420054201,8.89994472084024,10.0055279159756,11.3322277501381,56.5780504430811,50.5546751188589,25.0783699059561,1.49942329873125,478,77.6150627615062,76.2099522835719,0.681663258350375,0,0.004895654893838981
04.291.05.03.,Ait Ikkou,8865.0,2023.0,4.38210578348986,86.0986547085201,1.19581464872944,30.8110781404549,17.5568743818002,86.7625185919682,1.39026812313803,9.57698815566835,8.67456288776085,9.66723068245911,60.0662343038498,47.9342723004694,8.06398955272608,2.4702447788008,2816,81.3565340909091,78.5152476886987,0.372567959155513,0,0.02399114462901193
04.291.05.05.,Bouqachmir,3631.0,715.0,5.07832167832167,84.9719101123595,0.98314606741573,14.0056022408963,7.42296918767507,91.1764705882352,0.702247191011236,10.7133021206279,9.50151473423299,9.88708344808592,65.8957542285122,44.2868400315208,6.85053380782918,1.75438596491228,1047,87.9656160458452,83.3620987228167,0.103555402140145,0,0.009826491387246734
04.291.05.07.,Houderrane,6414.0,1630.0,3.93496932515337,80.6930693069307,5.38366336633663,76.044226044226,43.8574938574938,89.0886546807191,5.59353635798632,8.71531025880885,7.5148113501715,7.71749298409728,51.0238272524199,41.4514145141451,18.1008902077151,3.7221570926143,1656,58.8164251207729,69.7189651963521,0.483900986413549,0,0.017358059971853638
04.291.05.09.,Maaziz,11502.0,2926.0,3.93096377306903,71.3007570543702,13.1108052305574,82.2624743677375,75.6664388243335,90.7534246575342,6.65066849502914,8.60719874804382,8.48548078595027,9.58963658494174,41.5478187919463,41.0174315190323,22.9546111592945,3.94648829431438,2665,38.2739212007504,61.1367449664429,1.216442953020134,0,0.03112759678769263
04.291.05.11.,Oulmes,18706.0,4688.0,3.99018771331058,63.8624567474048,17.1496539792387,74.957337883959,72.8668941979522,91.181506849315,10.5973025048169,9.08799315727574,8.55340532449481,9.77761146156313,46.5917943391326,47.0501583560433,19.4113963681903,3.52217271377042,5148,44.7940947940947,64.1698039724782,1.973257172530177,0,0.050623615502571585
04.291.05.13.,Tiddas,10047.0,2570.0,3.90933852140077,74.9509226541028,8.95170789163722,58.4824902723735,35.7198443579766,91.6048418586489,4.78806907378335,8.43037722703294,8.1914999502339,9.13705583756345,53.1406735132553,47.2181257541225,19.335604770017,3.84838522529491,2841,68.3562126011967,69.8221320281723,0.8833711352512831,0,0.027189963912880182
04.291.07.01.,Ain Sbit,11051.0,2212.0,4.99593128390596,82.8857532999544,3.41374601729631,49.5927601809954,23.6199095022624,87.3239436619718,4.90686051794638,10.2162700208125,10.2162700208125,10.3429553886526,51.1032757051865,47.1503267973856,17.9927917937344,1.38031238648746,2958,65.077755240027,71.6479017400204,0.716479017400205,0,0.029907065910345268
04.291.07.05.,Brachoua,12025.0,2536.0,4.7417192429022,76.1205870686235,5.75168583895279,59.3206951026856,29.2259083728278,91.8448139350752,7.2079207920792,9.85446985446985,9.19750519750519,9.52182952182952,44.503801109513,46.8855512865292,8.09535634467345,1.82278481012658,3701,66.8197784382599,68.0809533593589,1.1506061228682969,0,0.03254297960111319
04.291.07.07.,Ezzhiliga,15430.0,3119.0,4.94709842898364,78.2398452611218,5.12572533849129,69.6279666452854,24.8236048749198,91.0083493898522,5.53588670743482,10.3370058327932,9.24173687621516,9.650032404407,51.6238214199371,46.8681318681318,12.9347401328644,1.51231263383297,4456,61.6472172351885,72.036425175276,1.249093399951639,0,0.04175785241124129
04.291.07.09.,Jemaat Moul Blad,5619.0,1180.0,4.76186440677966,87.0967741935483,0.424448217317487,32.2881355932203,14.2372881355932,85.3140916808149,1.3570822731128,10.7136501156789,10.2153408079729,10.7670403986474,56.4033310826018,44.6065659197498,2.86214953271028,1.02526547052361,1663,93.2050511124473,75.75962187711,0.270087778528021,0,0.015206569844378794
04.291.07.11.,Laghoualem,12219.0,2267.0,5.38994265549183,85.1224944320712,1.29175946547884,56.6004415011037,8.6092715231788,90.9494232475598,2.80124499777679,10.9747115148539,9.96808249447581,9.92716261559865,56.75983436853,47.7684384988753,11.4993804213135,0.832201086956522,3571,73.284794175301,80.1345755693581,0.46583850931677,0,0.03306799731775485
04.291.07.13.,Marchouch,11051.0,2327.0,4.74903308981521,67.9081853616284,2.46860112602858,73.505376344086,26.2365591397849,90.4885430177259,4.69361147327249,9.87240973667541,9.08515066509818,9.67333273006967,45.1764180437695,44.3134271586154,16.4234620886981,2.02799712849964,2921,57.3091407052379,66.8602054488611,0.859758820902188,0,0.029907065910345268
04.291.07.15.,Moulay Driss Aghbal,5043.0,1006.0,5.01292246520874,83.4990059642147,1.39165009940357,45.924453280318,12.027833001988,87.3757455268389,0.497512437810945,9.49831449534007,9.45865556216537,9.81558596073765,52.9483728896501,44.6269487750556,8.54647535870243,0.676751592356688,1466,75.7844474761255,75.6300464888671,0.562759970638611,0,0.01364775435579325
04.291.09.02.,Ain Johra -Sidi Boukhalkhal,17307.0,3273.0,5.28780934922089,81.4963054187192,0.61576354679803,48.7924182207276,4.43289513910119,88.0073800738007,1.47828765013859,10.6142023458716,9.29103830819899,10.331079909863,53.9676814312509,50.1242338910054,13.7144745538664,1.98078519748547,5222,73.3818460360015,76.7493868128697,0.331842446977348,0,0.046837534133593844
04.291.09.03.,Ait Belkacem,4466.0,950.0,4.70105263157894,79.5983086680761,0.211416490486258,70.4210526315789,6.42105263157894,90.0948366701791,2.21285563751317,9.98656515897895,8.50873264666368,9.04612628750559,50.8106622698543,43.4177997527812,10.6049822064056,3.27795240233498,1256,75.0,74.3131868131868,0.247252747252747,0,0.012086232590317797
04.291.09.05.,Ait Buyahya El Hajjama,4471.0,988.0,4.52530364372469,84.5213849287169,0.509164969450102,81.9838056680161,14.9797570850202,92.6605504587155,5.03080082135523,8.70051442630284,8.18608812346231,8.81234623126817,44.264943457189,48.6152919927754,15.8513931888544,2.07113912651958,1359,67.1081677704194,67.4111948331539,0.7265877287405811,0,0.012099763974767324
04.291.09.07.,Ait Malek,4856.0,1122.0,4.32798573975044,51.985559566787,2.07581227436823,55.4367201426024,14.1711229946524,84.5045045045045,0.722673893405601,10.7495881383855,9.82289950576606,9.30807248764415,48.4832771584132,50.8370044052863,6.00808781051415,2.78503046127067,1627,60.7252612169637,77.1843401607467,0.518537723619394,0,0.013141680577380927
04.291.09.09.,Khemis Sidi Yahya,6673.0,1458.0,4.57681755829904,76.3611302549965,3.65265334252239,84.46735395189,18.487972508591,92.3711340206185,4.27586206896551,10.4600629402068,8.61681402667465,8.28712722913232,46.9259259259259,40.0453889003507,10.9222050489438,2.72431151909979,1729,76.6917293233082,67.074074074074,0.296296296296296,0,0.018058985686339152
04.291.09.11.,M'qam Tolba,13503.0,2533.0,5.33083300434267,87.7437325905292,0.517309988062077,70.1539676273193,4.02684563758389,85.8054226475279,2.33870967741935,10.9975560986447,9.64970747241353,9.86447456120862,54.6896873541763,44.7404881168069,15.9361600762267,1.72619047619047,3529,79.0025502975347,75.8936070928604,0.214652356509566,0,0.03654285684439346
04.291.09.13.,Sidi Abderrazak,13464.0,2863.0,4.70275934334614,81.1722912966252,6.18117229129662,67.739678096571,17.9846046186144,87.5971731448763,3.93477490251683,10.3980986333927,9.61081402257872,11.0665478312537,50.6685236768802,41.8103448275862,11.6752577319587,2.4874889608478,3427,72.5124015173621,71.5506035283194,0.417827298050139,0,0.03643731204568715
04.291.09.19.,Ait Ali ou Lahcen,5128.0,1071.0,4.78804855275443,63.1924882629108,0.375586854460094,62.3716153127917,2.42763772175536,88.1801125703564,1.88323917137476,10.8229329173166,9.65288611544461,10.666926677067,55.9833251593918,52.6762956669498,9.78494623655914,0.977198697068404,1678,73.0631704410011,76.9740068661108,0.637567435017165,0,0.013877787891435213
04.421.01.01.,Agdal Riyad (Arrond.),73980.0,22399.0,3.3028260190187,64.2576093347202,21.2473429514721,95.3329462730561,92.6398999598052,98.8047988453905,78.1667871340802,6.00702892673695,6.6882941335496,7.16409840497431,7.50197420373782,55.6233976521387,9.40323852265146,3.90635038935005,29877,1.03089332931686,16.7414999690344,39.2348423855824,0,0.20021036431520614
04.421.01.03.,El Youssoufia (Arrond.),170509.0,42312.0,4.02980242011722,62.2141310297232,29.7779681587777,98.1137427315274,98.0050111095352,97.2131964044304,32.1421787444201,8.05587974828308,7.40957955298547,7.34682626723516,20.0478717868664,53.8735069750478,20.8958591898905,3.6729992929961,56088,0.467123092283554,39.3883681723891,8.28644572253171,0,0.4614445662208906
04.421.01.05.,Hassan (Arrond.),107188.0,32848.0,3.26315148563078,38.5675609155796,50.2645828205759,97.392946336115,97.0487908874946,97.1366314755708,51.4924913835549,5.5668544986379,5.68253909019666,6.12941747210508,11.8502943650126,53.403342366757,17.5645959318306,5.26013634732687,38987,0.505296637340652,25.6228319142226,17.024072322085562,0,0.29008040727518675
04.421.01.06.,Souissi (Arrond.),22675.0,5924.0,3.8276502363268,70.2442380460956,5.12555899552803,93.2871153195806,80.8082516063578,98.3304940374787,68.3481532147742,5.48621830209481,5.61852260198456,6.06394707828004,14.3480849374875,57.9650729421786,8.62496555524938,3.74373162718312,9948,2.57338158423803,27.9505878851019,31.6564965024557,0,0.06136482847860637
04.421.01.07.,Touarga (Mun.),3932.0,812.0,4.8423645320197,0.618046971569839,74.6600741656365,98.6453201970443,98.6453201970443,98.0271270036991,49.8150431565967,4.52695829094608,5.11190233977619,5.6968463886063,13.5097101041373,54.5208771402823,19.7796143250688,5.93607305936073,1456,0.137362637362637,31.1849141570503,7.43034055727554,1,0.010641080731108279
04.421.01.09.,Yacoub El Mansour (Arrond.),194433.0,47375.0,4.10412664907651,54.376686223288,34.8892981028649,90.7549361207897,90.5648822721993,97.4408570153251,38.6189421684694,7.57947467765245,6.7498829931133,6.97875360664084,16.921026404582,52.0924426318438,20.6441413748541,3.61546520530281,63249,0.392101060886338,36.1807506663785,9.26866460149364,0,0.5261895345349888
04.441.01.03.,Bab Lamrissa (Arrond.),174934.0,44636.0,3.91912357738148,62.2960095968855,29.0260519227722,96.0855049407336,95.4715543704766,96.6055149127743,38.1265777136675,8.50549350040586,7.96528976642619,7.82237872569083,16.7457172385,53.1362081593512,18.8128801227761,3.31262707390225,57133,0.934661229062013,34.0156445685425,9.31830469268619,0,0.47341984145872223
04.441.01.05.,Bettana (Arrond.),90133.0,22360.0,4.03099284436493,59.2760995813262,30.4101201998829,93.3351225621757,92.9638575773841,97.3830684980698,41.2277156585387,7.97044367767632,6.99743712069941,7.3247312305149,17.8410188157311,50.7124500285551,21.2505982713477,3.24668250059922,27971,0.672124700582746,34.289293076903,10.80086636570026,0,0.24392485491784907
04.441.01.06.,Hssaine (Arrond.),213822.0,51858.0,4.1232211037834,60.1071886286846,31.799293176434,97.606834310398,94.9938290651033,98.5427203844737,34.4871745120105,9.67959180810116,8.91306279551587,8.86769774718105,17.4498302299794,49.1086683214596,18.5860575029539,2.28188170935046,62013,1.47549707319433,36.1569749405398,6.5118977858973,0,0.5786615371533658
04.441.01.07.,Layayda (Arrond.),151951.0,33522.0,4.53287393353618,57.6526328415497,26.1275038982847,96.3008263476626,94.3796426120939,95.176752546435,16.7561085294558,10.3118768550387,8.68766905120729,8.95156991398542,27.4190534227097,49.9027210697942,18.0660040634781,2.20644615425292,44763,1.14156781270245,50.0751537605316,2.765658387565912,0,0.41122147969802497
04.441.01.08.,Sidi Bouknadel (Mun.),24841.0,4955.0,5.01331987891019,81.5522145469321,11.0321007720438,92.3496164715381,55.0464271295922,95.5402392053517,13.4064594759293,11.070407793567,9.24278410692001,9.27901453242623,29.7110235424876,49.8227558604917,18.2809272435161,1.7479375969942,7121,10.827131020924,55.3372063652437,1.459964637534727,1,0.0672266242221416
04.441.01.09.,Tabriquet (Arrond.),252218.0,61101.0,4.12788661396703,55.6991232118135,33.9870789109367,95.091251329896,94.9439397659383,96.8919496400512,30.3510013329164,8.79754815278846,7.76907278624047,7.8432149965506,20.1821128320161,51.0799781801397,21.5033115982954,3.08288605982461,76444,0.533724033279263,39.012707072051,6.20574621971734,0,0.682571744618176
04.441.03.01.,Shoul,19915.0,3925.0,5.07388535031847,76.025641025641,0.820512820512821,58.624203821656,4.58598726114649,88.2262605579728,3.18438623523369,10.3645676408556,9.63141508486492,9.31505473536205,52.3788601556615,50.9412516871492,10.807418770046,0.882291882914677,6396,66.3227016885553,74.7803163444639,0.7657544564398691,0,0.053895504262467295
04.441.03.05.,Ameur,45604.0,8983.0,5.0767004341534,87.3316876122082,5.77872531418312,78.5682476063237,7.44822979291917,93.9309265675645,4.53070813290077,12.9133409350057,10.9200947285325,10.4946934479431,41.5375755830693,50.4991819426358,13.5149431367363,1.53365906623235,13080,26.8348623853211,68.1272491723045,0.4894198934792,0,0.12341705128724872
04.481.01.01.,Dar Gueddari (Mun.),6643.0,1298.0,5.11787365177195,79.423226812159,10.132501948558,94.0632228218966,94.1403238242097,84.6867749419953,10.0077579519006,11.4556676200511,8.85142255005268,8.92668974860755,30.7387115057623,46.39438417358,18.1109582760201,2.03470975463794,1786,15.0615901455767,58.6890819795995,2.398942198715524,1,0.017977797379641988
04.481.01.03.,Had Kourt (Mun.),7819.0,1777.0,4.40011254924029,83.5133598635588,10.1762364980102,94.0315315315315,84.0653153153153,94.5135746606334,11.0356536502546,9.65596623609157,8.88860468090548,9.9117534211536,32.1400533835767,45.5666785841973,18.2816790898391,2.06316861946001,2083,19.7791646663466,56.8064060292039,5.0557387344952085,1,0.021160379002170816
04.481.01.05.,Jorf El Melha (Mun.),28671.0,5888.0,4.86939538043478,63.5156115232016,24.7714335000862,97.9110054347826,96.9259510869565,95.809817000171,14.2857142857142,10.6693174287607,10.4600467371211,10.9692720867775,30.079610791685,40.8670638997329,14.3288084464555,1.56788300639808,6816,6.05927230046948,54.5659576349887,3.6837217529739488,1,0.07759166471047951
04.481.01.07.,Mechraa Bel Ksiri (Mun.),31434.0,7017.0,4.47969217614365,70.9037900874635,19.2565597667638,94.5695553021664,95.0826681870011,95.4453733064283,19.1087395442745,9.43882420309219,8.14404784628109,9.05070942291786,23.5071602269656,46.2795941375422,24.388644242481,3.05695926133882,8070,5.21685254027261,47.770872737098,4.3308758250665775,1,0.0850691077572883
04.481.01.11.,Sidi Kacem (Mun.),75572.0,17923.0,4.21648161580092,68.7792089365097,23.7945970591587,96.1263674927439,95.7412368832328,92.65136169255,25.6136786863043,8.38008786322976,7.63245646535754,8.54284655692584,24.9531193368946,44.8741559238796,23.2792651944498,3.23489863467108,19629,5.85358398288247,46.0824628570528,4.616281451371486,1,0.2045187571239356
04.481.03.01.,Ain Dfali,24241.0,4836.0,5.01261373035566,83.3542713567839,1.31909547738693,87.5103562551781,12.3860811930405,89.1925725015647,4.22152560083594,10.7338806154861,10.1769728971577,10.3172311373293,45.4332064055083,41.371243476696,6.85805422647528,1.45339124624123,6424,57.5965130759651,72.1625286876695,0.7667431671187149,0,0.06560285808819832
04.481.03.03.,Bni Oual,7485.0,1383.0,5.41214750542299,95.9183673469387,0.145772594752187,93.2754880694143,0.144613159797542,88.4615384615384,1.30718954248366,9.95323981295925,8.97795591182364,10.2204408817635,51.2854317732366,46.6528380162172,6.54810024252223,1.33111480865224,2312,84.7318339100346,75.9228740936058,0.593276203032301,0,0.020256482520942386
04.481.03.09.,Moulay Abdelkader,7893.0,1386.0,5.69480519480519,97.6608187134503,0.073099415204678,90.9090909090909,0.432900432900433,82.4295010845987,0.434153400868307,10.7817053085012,9.99619916381603,10.7817053085012,54.229969614585,40.2628656053313,18.9425287356321,1.04493207941483,1763,80.3176403857061,80.2174956021109,0.623700623700624,0,0.021360643492023816
04.481.03.13.,Sidi Ahmed Benaissa,7810.0,1371.0,5.69657184536834,84.0236686390532,0.07396449704142,86.1415025528811,0.145878920495988,78.8321167883211,0.804681784930505,11.382842509603,10.0384122919334,11.6005121638924,57.2685788787483,48.9199005926209,18.0148495506057,0.65555859054903,2098,79.6949475691134,82.1737005051328,0.423659768616588,0,0.021136022510161664
04.481.03.15.,Sidi Ameur Al Hadi,11814.0,2096.0,5.63645038167938,95.0890707751564,1.68512277323062,90.9828244274809,7.44274809160305,84.1802492809204,2.11132437619961,11.8334179786693,11.6133401049602,12.3666835957338,52.8806811898706,47.3427403402347,11.1977715877437,0.79914757591902,3188,55.207026348808,78.8920831490491,0.641309155241044,0,0.031971955177343137
04.481.03.17.,Sidi Azzouz,14356.0,2578.0,5.56865787432117,97.3580441640378,0.197160883280757,92.7293934681181,4.74339035769828,86.4066193853428,0.988924050632911,10.817776539426,9.95402619113959,10.8108108108108,49.6175151675019,45.8358786397882,18.4584629053753,2.26458363193349,3671,57.5592481612639,76.7715843151046,0.641814665025496,0,0.03885131103148282
04.481.05.01.,Al Haouafate,17842.0,3113.0,5.73144876325088,91.5072933549432,0.518638573743922,91.8727915194346,34.5968519113395,88.8816644993498,2.88867250892567,11.1310391211747,9.11893285506109,10.2006501513283,43.4535104364326,43.3878636473527,10.1411589895988,1.86221866788529,4838,58.8259611409673,71.846229531239,0.625483168177665,0,0.048285392269693264
04.481.05.07.,Nouirate,24805.0,4460.0,5.56165919282511,97.4096796182685,0.363553737786867,93.0941704035874,6.27802690582959,88.7502835110002,2.1252543522496,11.5218705906067,9.68756299133239,9.94557548881274,41.6990788126919,45.5524975112724,11.595320735313,2.53310305123776,6877,27.5119965101061,72.7128530495292,0.445149406467458,0,0.067129198254105
04.481.05.09.,Sefsaf,25075.0,4081.0,6.14432737074246,97.2008917513004,0.024770869457518,92.3303111982357,3.77358490566037,85.3863243643544,2.09772951628825,11.740777666999,9.68693918245264,10.5164506480558,49.461983554969,44.7406973337239,15.8349705304518,2.05925443594335,6426,64.9548708372237,77.7484519338138,0.340066998274287,0,0.06785989301437947
04.481.07.05.,Khnichet,23707.0,4682.0,5.06343442973088,88.4540117416829,7.04500978473581,91.1149081589064,64.0538231524989,93.1167993116799,6.98878343399482,10.7942801704138,9.61741257856329,10.3893364828953,40.6838059899284,44.4803413593416,15.0883924900644,2.07060420909708,6196,42.9632020658489,66.0748357006572,1.123595505617976,0,0.06415770622898881
04.481.07.07.,Lamrabih,20461.0,3878.0,5.27617328519855,92.2196200884725,0.156128024980484,88.8602372356885,4.0226921093347,86.6942790577271,1.08864696734059,11.5145887297786,10.3367381848394,10.7228385709398,45.727511572626,39.6854160626268,8.42009132420091,1.46164410437512,5014,55.7838053450339,75.2470293933708,0.5003126954346471,0,0.05537313144435567
04.481.07.11.,Oulad Nouel,11371.0,1988.0,5.71981891348088,97.0663921770458,0.205867215645908,92.6056338028169,0.804828973843058,89.6359959555106,1.62107396149949,11.1511740392225,10.0782692815055,10.3245097177029,48.6489504242965,43.3251959398689,8.74851720047449,1.25876640891925,3077,56.6785830354241,74.7236798035056,0.457742547728034,0,0.030773074515115018
04.481.07.19.,Sidi M'Hamed Chelh,7737.0,1373.0,5.63510560815731,98.4558823529411,0.073529411764706,95.047341587764,0.21849963583394,85.8400586940572,1.02564102564102,12.1364870104691,10.4303993796044,9.88755331523846,48.6725663716814,45.5989284347493,10.8266890474192,1.6260162601626,2125,63.6705882352941,74.6953763979302,0.417292605575029,0,0.020938464297198565
04.481.07.21.,Taoughilt,14764.0,2589.0,5.70258787176516,89.8584905660377,0.157232704402516,93.5882580146774,16.492854383932,91.4852255054432,1.86625194401244,11.5754538065564,10.3088593876998,10.3901381739366,46.349288935137,43.024302430243,4.83496048349604,1.34367640947499,4094,50.1465559355153,70.8055146102488,0.641637041532992,0,0.03995547200256425
04.481.09.01.,Bab Tiouka,7697.0,1282.0,6.00390015600624,97.1541501976284,0.079051383399209,74.9609984399376,7.64430577223088,88.975762314308,0.862745098039216,11.8227880992594,10.2377549694686,9.3672859555671,49.2748791465244,46.9685486926866,5.08269463493344,1.31437768240343,2353,63.4934126646833,75.9293215535922,0.36672778796466,0,0.020830213221602348
04.481.09.03.,Bir Taleb,11370.0,2047.0,5.55446995603321,97.1428571428571,0.153061224489796,92.1271393643031,22.4449877750611,90.3535353535353,2.02122283981809,10.5804749340369,9.63940193491644,9.4547053649956,42.6965053467092,45.9104552276138,10.2969218196676,1.92685102586975,3293,62.3443668387488,74.5452541064932,0.341748429059641,0,0.030770368238225113
04.481.09.05.,Chbanate,10371.0,1949.0,5.3211903540277,92.2309711286089,0.47244094488189,91.4828116983068,42.7398665982555,92.0577617328519,2.03019260801665,10.7607752386462,9.3337190242021,8.19593096133449,42.8536938676967,44.1038052978351,9.48170731707317,1.76297747306562,2969,57.2583361401145,70.3028840352359,0.458549535416918,0,0.028066797625209555
04.481.09.07.,Selfat,10239.0,1570.0,6.52165605095541,97.6129032258064,0.064516129032258,88.7898089171974,3.75796178343949,89.0967741935483,0.902061855670103,12.354722140834,10.4893055962496,10.6162711202265,50.2279057989364,43.9453985028621,5.94522378089512,1.23727798842546,2816,82.8125,74.3037974683544,0.379746835443038,0,0.027709569075742034
04.481.09.09.,Tekna,7068.0,1131.0,6.24933687002652,97.7416440831075,0.0903342366757,91.858407079646,0.176991150442478,91.971454058876,1.96428571428571,12.1533672891907,10.7809847198641,10.2574985851726,46.7131839882482,46.569250317662,7.41246020918599,1.13207547169811,2036,82.0235756385068,74.7567468331191,0.257022214062787,0,0.01912796505785181
04.481.09.11.,Zaggota,10032.0,1729.0,5.8021978021978,92.8486293206197,1.43027413587604,91.4401388085598,49.9710815500289,89.1164423639555,4.22535211267605,11.3337320574162,10.6559011164274,8.9712918660287,45.3801916932907,45.8417557031475,3.87401574803149,1.30718954248366,3052,75.2293577981651,70.4830053667263,0.575006388959877,0,0.027149369759531604
04.481.09.13.,Zirara,16606.0,3303.0,5.02755071147441,79.3893129770992,11.4503816793893,89.7366030881017,70.2694520133212,90.7593778591033,5.19559902200489,10.3757677947729,8.80404673009755,9.11718655907503,37.7095596453319,44.6376081296716,18.0620884289746,2.40280125573533,4355,45.7864523536165,63.0727963639073,0.8866701438044859,0,0.04494043403377011
04.481.11.03.,Dar Laaslouji,32127.0,5068.0,6.33918705603788,97.3086965254067,0.080337417152039,77.9202841357537,70.2644041041831,84.6015578190533,2.07792207792207,12.6466834749587,10.1565661281787,10.3402122825038,50.7077469048675,47.9817496159039,18.3970502619833,1.59835009022944,8410,51.5457788347205,77.0573767186807,0.487883553082537,0,0.0869445576419928
04.481.11.05.,Rmilat,16861.0,2569.0,6.56325418450759,98.3522950176539,0.0,93.8886726352666,79.7975866095757,90.8629441624365,1.21759622937941,12.5140857600379,10.4679437755767,10.1832631516517,43.7427801309202,46.8985713018014,12.0151371807,1.48184736972091,4650,50.6451612903225,71.9082088402895,0.8239642692129979,0,0.04563053464069601
04.481.11.11.,Sidi Al Kamel,30199.0,4826.0,6.25756319933692,97.665694039183,0.208420175072947,93.5557397430584,88.8313302942395,90.3810118675827,1.75109443402126,11.9374813735554,10.5930659955627,10.3943839199973,46.7578542423594,44.3917851500789,11.1098754448398,1.74909115851567,7993,65.1069685975228,75.6058986963026,0.393246420175251,0,0.08172685579825507
04.491.01.07.,Sidi Slimane (Mun.),92934.0,20725.0,4.48414957780458,62.4464891994292,24.0712493234266,90.3571428571428,87.292471042471,94.4509402708759,20.1751365179318,9.3216691415413,8.35754406352895,8.68035379947059,25.2974089471069,46.7378757105074,26.1833302069655,3.18058391394952,23611,5.65414425479649,48.5072675938513,4.1187388894698325,1,0.25150513648647427
04.491.01.09.,Sidi Yahya El Gharb (Mun.),37979.0,7498.0,5.06521739130434,76.4921323928377,13.1985892566467,87.1514342895263,80.8939292861908,92.7791997844537,16.6463991352519,10.9744859001026,8.78116854050923,8.84699439163748,29.4808689374548,48.8936421301076,20.168954593453,3.59185776861633,10584,9.12698412698412,53.7078356739729,2.933455834098957,1,0.10278169000171958
04.491.03.07.,Kceibya,27059.0,4296.0,6.29864990689013,97.1017907634307,0.188501413760603,84.217877094972,86.475791433892,88.711943793911,2.01593999062353,13.4262167855427,10.9427547211648,10.0003695628072,52.526387802971,53.122360493271,7.89696841212635,1.78544636159039,8689,60.8355391874784,77.3369166870266,0.6059125335939409,0,0.07322914636395192
04.491.03.15.,Sfafaa,21475.0,3583.0,5.99358079821378,92.0326576576576,0.197072072072072,80.5974316024567,78.4198771635957,77.6745495495495,1.26689189189189,12.2467986030267,10.3143189755529,10.4493597206053,52.8208829544087,49.4091477825663,8.21609454136184,1.85131894484412,6524,64.9754751686082,78.556825015033,0.384846662657847,0,0.05811729621071981
04.491.03.17.,Ameur Chamalia,19293.0,2804.0,6.8805278174037,91.6184971098265,0.180635838150289,82.8102710413694,12.5534950071326,91.4141414141414,5.37712017322266,13.2379619551132,11.0765562639299,10.8692271808427,53.3908754623921,53.3546581367453,4.21163069544364,1.41920223631867,6391,69.0032858707557,80.0369812354472,0.554718531707986,0,0.05221220003694609
04.491.05.01.,Azghar,10850.0,1864.0,5.82081545064377,83.8203463203463,0.054112554112554,93.1866952789699,1.01931330472103,92.9189189189189,1.4115092290988,13.0046082949308,9.17972350230414,9.15207373271889,49.7215969671839,44.228187919463,11.5022761760242,1.96850393700787,2916,51.7146776406035,73.95475541869,0.390856330688144,0,0.02936310425547427
04.491.05.03.,Boumaiz,19684.0,3815.0,5.15963302752293,86.2589356632247,0.450092666137146,82.3066841415465,47.1559633027522,84.3199158116285,2.92336054780089,10.9987807356228,9.33245275350538,9.01747612273928,41.4960780562464,45.9049399582943,22.9166666666666,2.15438023279558,4921,45.0924608819345,67.5870424690728,0.51013901288101,0,0.05327035430089913
04.491.05.05.,Dar Bel Amri,28101.0,5171.0,5.43434538773931,84.401876465989,3.06880375293197,77.8336557059961,47.852998065764,87.0698036165662,6.35106175725696,12.9781858296857,10.1740151596028,10.1597807907191,45.0382032877981,43.3137673425827,22.5699149932241,2.2684177259639,6285,38.8703261734288,67.2933549432739,1.02338504283399,0,0.0760490868832334
04.491.05.09.,M'saada,19853.0,3425.0,5.79649635036496,97.8860833822665,0.117439812096301,79.0948905109489,7.2992700729927,80.7511737089201,1.2933568489124,11.9881126278144,9.55523094746386,10.7338941217951,47.1200154112887,48.4194867980661,15.6682027649769,2.43624300228073,5490,67.5774134790528,78.8456599897277,0.29532614278377,0,0.05372771509529315
04.491.05.11.,Ouled Ben Hammadi,12778.0,2297.0,5.56290814105354,82.1131082858395,0.350723366944323,85.8946451893774,21.6804527644754,87.1547566856641,4.96485061511423,11.1598059164188,8.20942244482704,8.49115667553607,40.2446126965637,45.6389672380125,16.0209175184216,2.7973120800125,3533,63.6569487687517,65.738134523925,0.640590119382704,0,0.034580806099212
04.491.05.13.,Ouled H'Cine,30199.0,5444.0,5.54720793534166,95.9635416666666,0.353422619047619,87.6883498713708,50.4961411245865,85.9730179264461,1.77909562638991,11.8778767508857,10.420874863406,10.3612702407364,45.6401295601772,45.1809598741148,14.4101001306051,1.81152045593323,7864,68.2477110885045,73.871723844023,0.357979970168336,0,0.08172685579825507
04.501.01.01.,Ain El Aouda (Mun.),49794.0,11063.0,4.50094910964476,68.4536270137435,21.2341858560116,92.4502712477396,94.1500904159132,96.8081247733043,16.961933315163,10.191991002932,9.52524400530184,9.28425111459212,27.7162084406974,52.9148869968602,17.063131448121,2.39006892104308,15515,3.82855301321301,49.1519911947168,2.461476886131673,1,0.1347563514559526
04.501.01.03.,Harhoura (Mun.),15361.0,4398.0,3.49272396543883,72.5503663003663,13.8736263736263,95.7906712172923,87.3720136518771,98.8550492328829,71.8183902774593,7.1089121801966,6.85502245947529,7.33025193672287,10.6537530266343,57.1050454921422,10.9791425260718,4.08964294758166,6146,2.73348519362186,21.6631355932203,32.2412227602904,1,0.04157111930583781
04.501.01.05.,Skhirate (Mun.),59596.0,13623.0,4.37466050062394,71.7444354063447,15.7583376469718,82.5231311499486,59.2598032016448,96.3609576427256,18.037624492807,10.5678233438485,8.80260420162427,8.42841801463185,27.7502601456815,50.8099188919101,16.0407995243104,2.5279762707294,18356,11.4785356286772,49.8418380088237,3.506617830683421,1,0.16128327753080596
04.501.01.07.,Témara (Mun.),312828.0,75440.0,4.1467126193001,69.1381156316916,21.031852248394,89.8957753202323,81.5697350624552,98.084,38.5895330048208,9.3805541703428,8.23008170624113,8.02613576789801,17.7899613540066,53.5169733782116,16.0446921989461,2.74878196350667,104521,1.0849494359985,35.4826819587408,10.90025879093804,1,0.846599186915346
04.501.01.09.,Ain Attig (Mun.),23993.0,5396.0,4.44644180874722,67.3184357541899,13.0540037243947,90.4188287620459,58.2468495181616,96.7124814264487,18.1649331352154,11.1574209144333,9.05264035343641,7.72725378235318,28.0050148879485,54.9566223250433,13.1972216375499,2.13477366255144,8248,13.482056256062,48.1090681153364,3.66172168825741,1,0.06493170141950176
04.501.03.01.,El Menzeh,11370.0,2719.0,4.18168444280985,72.3309937199852,4.58071666050979,80.3827751196172,71.9175561280824,96.3468634686346,25.5908419497784,10.844327176781,9.51627088830255,9.1820580474934,29.1109884041965,55.6484833354138,14.5356662180349,2.02690896383015,3810,13.2808398950131,50.38100496963,9.63003865267807,0,0.030770368238225113
04.501.03.03.,Oumazza,5990.0,1433.0,4.18004187020237,40.4929577464788,1.61971830985915,68.6671318911374,29.3789253314724,93.7150837988826,4.13165266106442,10.5509181969949,9.21535893155258,8.24707846410684,36.7665418227216,52.5278293135436,9.00662251655629,2.19206680584551,2061,34.9344978165938,61.3191843528922,1.040366208905535,0,0.01621059857053372
04.501.03.11.,Sidi Yahya Zaer,57592.0,13720.0,4.19766763848396,67.9366723385366,13.5976917955167,83.899416909621,59.5408163265306,96.6385321100917,14.6807255567025,12.2846923183775,10.2097513543547,9.45443811640505,29.3127786865042,53.9472341294141,11.7485692664238,2.12630009584324,18659,18.0020365507261,52.0084235051638,3.7748952662589286,0,0.1558598986434354
04.501.05.03.,Mers El Kheir,20617.0,4380.0,4.70707762557077,65.5884377150722,21.5416379903647,97.2374429223744,83.2191780821917,97.686669720568,9.95641202110575,11.3595576466023,9.32725420769268,9.15264102439734,26.7506574521436,50.3007258900795,15.475536008796,1.76315016162209,6150,8.11382113821138,51.1252446183953,2.537915851272013,0,0.055795310639180924
04.501.05.05.,Sabbah,15029.0,3028.0,4.96334214002642,72.4749163879598,8.32775919732441,95.0792602377807,37.3183619550858,95.2952952952952,8.43938379102478,11.318118304611,9.53489919488988,9.02921019362565,37.3266078184111,49.2693110647181,18.0662557781201,1.77498999065794,4254,31.4527503526093,62.051282051282,0.9751996637242539,0,0.0406726353783892
05.081.01.01.,Azilal (Mun.),38066.0,8438.0,4.51125859208343,63.7104506232023,26.1505273250239,93.2195353247984,91.4058795637743,96.0634617678635,20.6838833094213,10.2873955761046,9.63326853359953,9.97215362790942,27.3505675480611,40.5253494210664,14.8312528895053,2.48547114985471,9211,1.89990229073933,48.5450907062953,6.0263097464160325,1,0.10301713609114135
05.081.01.03.,Demnate (Mun.),29481.0,6239.0,4.72527648661644,74.301494476933,20.8739441195581,94.5807279140612,83.6620169953503,95.0951919974185,16.5859173126614,10.0780189959294,9.27408412483039,9.6438263229308,32.5103053756204,40.970762468947,13.9575559701492,2.48993288590604,7379,4.58056647242173,56.2145110410094,4.20609884332281,1,0.07978374899130294
05.081.03.01.,Agoudi N'Lkhair,11752.0,1787.0,6.57638500279798,90.0281690140845,0.338028169014085,63.2698768197088,57.1668533034714,85.5300056085249,0.786075238629983,12.2362151123213,11.1555479918311,10.576923076923,52.8607932451949,46.5463917525773,3.15614617940199,1.63703573314557,3498,48.9422527158376,78.2628012884594,0.644229701210708,0,0.031804166010169
05.081.03.03.,Ait Abbas,12602.0,1695.0,7.43480825958702,87.0699881376038,0.830367734282325,66.7846607669616,8.90855457227138,89.0410958904109,0.238663484486874,15.3864465957784,15.0690366608474,12.5614981748928,65.700593336376,47.7927865199832,8.88694638694638,0.688637481554353,3127,55.9641829229293,91.0657234139662,0.570515746234596,0,0.03410450136658864
05.081.03.05.,Ait Bou Oulli,11095.0,1390.0,7.9820143884892,98.0533525594809,0.360490266762797,92.2302158273381,44.388489208633,91.3043478260869,1.01522842639593,12.5822442541685,12.771518702118,13.9522307345651,57.9519381717183,44.2975942975942,5.46429768689239,0.875312611647017,2820,52.304964539007,86.4646220719632,0.386380101424777,0,0.03002614209350111
05.081.03.07.,Ait M'Hamed,23696.0,3493.0,6.78385342112797,93.598615916955,2.13379469434832,65.216146578872,35.3277984540509,87.1979286536248,2.8209556706966,13.116137744767,12.1877110060769,11.3563470627954,60.2283001808318,45.3261376507428,5.18888725562252,1.53366259422927,6450,46.7596899224806,83.4745762711864,0.604519774011299,0,0.06412793718319985
05.081.03.09.,Tabant,14963.0,2194.0,6.81996353691887,94.1338221814848,2.33730522456462,87.693710118505,66.6362807657247,90.2014652014652,2.24564619615032,11.2009623738555,11.9227427654882,11.8826438548419,47.7780676580572,40.5758354755784,8.21084642676127,1.92438924525726,3622,36.6924351187189,70.6337477179866,1.356167956185343,0,0.040494021103655436
05.081.03.11.,Tamda Noumercid,11922.0,1807.0,6.59767570558937,87.1666666666666,0.055555555555556,68.9540675152186,26.563364692861,91.6064480266814,1.05672969966629,11.684281160879,10.7364536151652,10.6525750712967,50.2757651130096,42.6870535154781,6.81150910158543,1.74891774891774,3174,36.4209199747952,73.662017515407,0.713590658449562,0,0.032264233081452924
05.081.03.13.,Zaouiat Ahansal,10657.0,1615.0,6.59876160990712,94.0993788819875,0.683229813664596,29.5356037151702,3.71517027863777,84.8822800495662,0.620732464307883,14.1972412498827,13.3527259078539,12.5926621000281,68.1129387385053,51.4500705439724,12.2790981109079,1.27667682926829,2879,52.2750955192775,89.716357984717,0.569874368605103,0,0.028840792815722514
05.081.05.01.,Ait Taguella,8263.0,1496.0,5.52339572192513,93.5483870967741,2.08333333333333,87.6336898395722,72.3262032085561,93.158953722334,5.30557421087978,11.6664649642986,10.553067893017,9.58489652668522,46.3046522483273,40.656610470275,5.49978175469227,1.71358629130967,2165,22.8637413394919,69.114672475494,1.229189357398466,0,0.022361965941288836
05.081.05.05.,Bni Hassane,12077.0,2028.0,5.9551282051282,97.1542685971043,0.099850224663005,91.6666666666666,45.4142011834319,93.9782823297137,1.23762376237623,11.5094808313322,10.3088515359774,9.67127597913389,51.6525423728813,50.640560792845,2.48210023866348,2.2688791059939,4086,21.071953010279,77.6954035162042,0.7731412836263499,0,0.032683705999388274
05.081.05.07.,Bzou,14072.0,3092.0,4.55109961190168,84.7263192395935,8.39069157653228,94.9838187702265,80.6148867313915,94.5998698763825,10.2246825138391,10.5670835702103,8.79761227970437,8.58442296759522,41.5564956812973,42.627478055035,9.04673762147154,2.51841929002009,3931,23.1747646909183,62.2367145501013,2.7848770600158606,0,0.038082728394749674
05.081.05.09.,Foum Jemaa,9873.0,2033.0,4.85636989670437,78.8013868251609,12.6795443288756,93.7961595273264,68.8823239783357,96.1900049480455,12.4814264487369,10.2400486174415,9.20692798541476,10.1286336473209,40.4752923425122,41.9674960448727,10.5551747772446,2.85320739866194,2610,14.0613026819923,62.4041242298503,2.275870740601023,0,0.026719071734036634
05.081.05.11.,Moulay Aissa Ben Driss,13797.0,2440.0,5.65450819672131,84.2650103519668,8.15734989648033,91.0582444626743,74.6923707957342,93.8868236266005,7.56198347107438,11.4300210190621,9.37885047474088,9.09618032905704,40.0,42.0949229655671,10.6853352984524,1.81982252970371,3636,24.9174917491749,61.6602599304411,2.1599853560314832,0,0.03733850225002567
05.081.05.13.,Rfala,9749.0,1660.0,5.87289156626506,89.5731707317073,0.548780487804878,88.9156626506024,37.6506024096385,92.7439024390244,1.41017780502759,13.0782644373781,10.3497794645604,7.97004821007282,49.7588424437299,40.6848086124401,4.81440646821021,1.57578270785818,2590,67.2586872586872,72.9537843268586,0.522438044206296,0,0.02638349339968836
05.081.05.15.,Tabia,7849.0,1386.0,5.66305916305916,94.3795620437956,0.583941605839416,86.0649819494584,33.5018050541516,93.2412790697674,1.01892285298398,12.0397502866607,10.2051216715505,9.12218116957574,52.490986561783,46.0367551512901,2.17741935483871,1.44281217208814,2426,44.517724649629,77.6667212846141,0.622644601015894,0,0.021241567308867976
05.081.05.17.,Tanant,10706.0,2008.0,5.3316733067729,87.2754491017964,3.99201596806387,87.7988047808765,76.0458167330677,91.5254237288135,3.24351297405189,11.6196525312908,9.96637399589015,9.94769288249579,50.3990470518165,39.031377899045,6.36141209367354,1.29992464204973,2679,40.8734602463605,74.0678975580702,1.4770696843359081,0,0.028973400383327883
05.081.05.19.,Taounza,11488.0,1859.0,6.17966648735879,93.5729847494553,0.816993464052288,87.8429263044647,79.6126949973103,93.1351351351351,3.62750406063887,12.6479805013927,9.54038997214484,9.97562674094707,49.5803961060758,47.5170024380854,3.32163110991088,1.01412531691416,3580,40.1955307262569,73.2856024163776,0.950889361226088,0,0.031089708911233957
05.081.05.21.,Tisqi,6147.0,1029.0,5.9737609329446,94.3842364532019,0.689655172413793,92.9057337220602,83.8678328474246,95.5078125,4.10958904109589,12.8355295265983,10.0374166259964,8.10151293313811,49.1872493139117,54.8904077303794,3.13439244310863,1.58782666225603,2256,56.0283687943262,70.491457498418,0.8437038599451591,0,0.01663548404224888
05.081.09.03.,Ait Mazigh,3330.0,576.0,5.78125,94.4347826086956,0.173913043478261,47.7430555555555,40.2777777777777,77.2329246935201,0.174825174825175,11.8918918918918,10.2702702702702,10.6906906906906,53.7808641975308,39.3112701252236,11.0352673492605,2.46305418719211,782,71.4833759590792,75.8487654320987,0.7716049382716049,0,0.009011902043385192
05.081.09.07.,Ait Ouqabli,3298.0,674.0,4.89317507418397,83.0357142857142,5.20833333333333,53.4124629080118,5.63798219584569,68.7034277198211,1.19402985074626,11.7950272892662,10.3395997574287,10.8853850818677,56.8925233644859,41.0140334993209,27.2626931567328,5.35499398315282,659,52.3520485584218,70.3271028037383,1.012461059190031,0,0.008925301182908215
05.081.09.09.,Anergui,3570.0,636.0,5.61320754716981,92.2098569157392,0.0,42.9699842022116,24.170616113744,83.6507936507936,0.319488817891374,14.6778711484593,11.9607843137254,11.1484593837535,68.4230622374952,43.4939216569113,6.52173913043478,4.49943757030371,903,61.1295681063122,79.495990836197,0.763650248186331,0,0.009661408496962502
05.081.09.11.,Bin El Ouidane,5259.0,994.0,5.2907444668008,86.3959390862944,4.67005076142132,76.7605633802817,76.3581488933601,73.1781376518218,2.93522267206477,11.2188629016923,8.80395512454839,9.7927362616467,47.2895863052781,41.0728799783256,14.3799472295514,2.22052067381317,1298,38.5208012326656,68.9966714217784,0.9272467902995719,0,0.014232310164012827
05.081.09.13.,Isseksi,1674.0,310.0,5.4,84.2105263157894,0.0,64.8387096774193,35.1612903225806,76.3157894736842,2.30263157894736,11.7084826762246,10.0358422939068,9.55794504181601,60.0763358778626,46.0869565217391,31.8867924528301,1.75438596491228,361,62.0498614958448,71.0687022900763,2.137404580152665,0,0.004530307513701745
05.081.09.15.,Ouaouizeght,14570.0,3261.0,4.46795461514872,70.0062034739454,18.7965260545905,87.9447852760736,77.3312883435582,90.1912399753238,15.7032457496136,9.57446808510638,9.30679478380233,10.0343170899107,33.4630679414502,36.796369605098,18.4203621096824,4.29447852760736,3109,15.8571888066902,53.2024705981893,4.069718250274978,0,0.039430454285922595
05.081.09.17.,Tabaroucht,3830.0,665.0,5.7593984962406,93.2330827067669,0.150375939849624,37.1428571428571,0.0,59.3373493975903,0.150829562594268,12.9242819843342,11.7232375979112,11.5665796344647,52.8413028413028,52.5583299222267,5.99688473520249,2.28031145717463,1207,68.9312344656172,80.04158004158,1.03950103950104,0,0.010365040488337923
05.081.09.19.,Tagleft,14416.0,2766.0,5.21185827910339,82.7699018538713,4.58015267175572,46.6184448462929,50.0542495479204,75.8181818181818,6.4,12.2641509433962,11.9173140954495,11.5496670366259,56.0486822840409,41.9967620075553,11.0511436648676,3.73184964038539,3461,56.5154579601271,75.6541628545288,1.5096065873741942,0,0.03901368764487715
05.081.09.21.,Tiffert N'Ait Hamza,3499.0,671.0,5.21460506706408,78.9156626506024,1.20481927710843,32.6378539493293,52.9061102831594,88.0597014925373,2.54110612855007,12.9465561589025,11.2603601028865,13.0322949414118,56.5610859728506,60.2003642987249,3.40393343419062,3.31428571428571,1277,77.5254502740798,72.7375565610859,0.980392156862745,0,0.009469262837779213
05.081.09.23.,Tilougguite,10544.0,1890.0,5.57883597883597,89.8619957537155,2.01698513800424,43.4920634920634,24.2857142857142,85.2206273258904,4.26666666666666,13.0974962063732,11.6179817905918,11.4757207890743,55.1480781348456,49.8810939357907,13.4088200238379,2.72015655577299,2906,56.5381968341362,77.488032249937,1.196775006298813,0,0.0285349835271632
05.081.11.01.,Afourar,21364.0,4627.0,4.61724659606656,67.9788871783593,21.0908291180998,94.1596365996106,89.8334414882111,96.0600783630822,15.1779864599257,10.1432316045684,8.78112712975098,9.85770454970979,27.5676923965129,38.8563917186986,17.8958051420838,3.65560793382549,4854,27.9357231149567,51.2441544945442,2.990589457883486,0,0.05781689947594031
05.081.11.03.,Bni Ayat,22740.0,4314.0,5.2712100139082,88.7387387387387,2.98719772403982,92.9714683368128,71.1203897007654,94.5598879290217,7.63466042154566,11.8513632365875,9.23922603342128,9.57783641160949,40.7000724597291,41.989090447799,11.3746223564954,2.33989080509576,5867,55.4968467700698,64.3167632634864,1.487962550156032,0,0.061540736476450225
05.081.11.05.,Ait Ouaarda,1644.0,275.0,5.97818181818181,93.0147058823529,0.0,89.0909090909091,78.9090909090909,88.3211678832116,1.45985401459854,10.6447688564476,9.61070559610705,9.67153284671532,47.7498093058733,45.1388888888888,2.5,2.35571260306242,507,75.1479289940828,73.8367658276125,0.15255530129672,0,0.004449119207004581
05.081.11.25.,Timoulilt,6616.0,1444.0,4.58171745152354,79.6776454099509,3.85423966362999,86.001386001386,89.7435897435897,93.6585365853658,10.6843575418994,10.0816203143893,8.46432889963724,9.2956469165659,33.902393765077,39.6522832006703,15.4780771262546,4.3105909220668,1600,41.875,56.2813137873445,1.503061792540358,0,0.017904727903614543
05.081.13.05.,Ait Oumdis,15408.0,2204.0,6.99092558983666,97.0251716247139,0.549199084668192,88.611615245009,3.85662431941923,91.2408759124087,0.824931255728689,12.9672897196261,13.0192107995846,13.1230529595015,62.2237811294282,52.9631208697505,8.41215536325216,0.870901639344262,4551,55.8558558558558,89.9508944230094,0.359522974394949,0,0.04169831431966337
05.081.13.07.,Ait Tamlil,19930.0,2798.0,7.1229449606862,97.485632183908,0.359195402298851,81.5582558970693,3.8241601143674,91.1406025824964,0.681492109038738,12.8549924736578,12.6994480682388,12.9202207727044,58.149096791588,45.0497471864296,3.65677045619116,0.890327802509106,5322,66.5915069522735,88.4747590483251,0.38417469838916196,0,0.05393609841581588
05.081.13.09.,Anzou,15429.0,2562.0,6.02224824355971,97.011952191235,0.916334661354582,95.8609918000781,50.5271378367825,96.3108320251177,8.45458120330318,12.327435349018,10.2339749821764,9.5664009333074,45.0368262470706,42.9717341482047,11.8666666666666,1.16747181964573,3966,16.5405950579929,72.6062939404084,1.071309005691329,0,0.041755146134351384
05.081.13.17.,Sidi Yacoub,17054.0,2721.0,6.26754869533259,96.976401179941,0.184365781710914,90.4446894524072,0.294009555310548,87.0445344129554,0.516033910799853,13.3927524334466,11.551542160197,11.5867245221062,52.1644006876074,43.2095343680709,5.45221295702373,1.00579813039876,4422,32.2704658525554,82.328125,0.484375,0,0.04615284608044776
05.081.13.19.,Tidili Fetouaka,12759.0,2181.0,5.85006877579092,95.5440900562851,1.03189493433395,92.0220082530949,35.8551123337918,94.4003733084461,4.52425373134328,11.1293988557096,10.0478093894505,10.2907751391174,43.8046937151949,43.6184812442817,9.41269008914525,1.16883116883116,3455,20.5499276410998,75.6388585065128,1.143482151735103,0,0.0345293868383038
05.081.15.01.,Ait Blal,7597.0,1082.0,7.02125693160813,96.5485074626865,1.30597014925373,85.0277264325323,10.0739371534195,93.3271547729379,0.742115027829314,13.4658417796498,13.7422666842174,14.0318546794787,59.385171790235,44.847670250896,1.09890109890109,0.542005420054201,1980,34.9494949494949,88.4267631103074,0.741410488245931,0,0.0205595855326118
05.081.15.03.,Ait Majden,17572.0,2991.0,5.8749582079572,94.2722371967655,1.31401617250673,90.4045469742561,54.5636910732196,92.0297196892941,2.53979004402302,12.0817209196448,10.0671522877304,10.2492601866605,51.1367790043131,41.4428823975082,5.13914279910623,1.07476635514018,4670,27.9229122055674,77.0102339181286,1.198830409356721,0,0.04755469750941879
05.081.15.11.,Imlil,10351.0,2035.0,5.08648648648648,89.009900990099,2.87128712871287,91.4987714987715,60.0,91.687406669985,8.47373637264618,9.97971210511061,8.78176021640421,9.05226548159598,37.0524562864279,39.6413276231263,14.0445644834571,1.89717321191424,2546,21.2490180675569,60.7682245213461,2.7470567249375604,0,0.02801267208741144
05.081.15.13.,Ouaoula,24790.0,3814.0,6.49973780807551,95.3829730451027,0.880704563650921,85.8940744625065,64.7876245411641,90.5745300503044,1.00742311770943,13.4247680516337,12.1379588543767,11.5772488906817,60.3381930518671,49.3101456715651,2.32951587714731,0.679076456019813,7505,43.0779480346435,84.5716143716468,0.758684224787298,0,0.06708860410075641
05.081.15.15.,Sidi Boulkhalf,15625.0,2179.0,7.17072051399724,98.5601486298188,0.04644681839294,87.5172097292336,30.0137677833868,84.203233256351,0.462962962962963,13.9968,12.5696,12.0064,59.3619246861924,43.7903729943738,3.06923625981441,0.944777112441783,4074,39.887088856161,85.8113996862471,0.209168554993899,0,0.04228557640477285
05.081.15.21.,Tifni,11760.0,1987.0,5.91847005535983,95.9575543203638,0.202122283981809,92.2496225465525,24.1066935078007,85.2599697122665,1.06007067137809,11.6241496598639,9.38775510204081,10.0850340136054,54.688341048552,42.3176601258793,3.64537766112569,1.11188325225851,3304,33.2627118644067,79.9763160727742,0.31219722252126203,0,0.031825816225288246
05.091.01.01.,Béni Mellal (Mun.),192553.0,45529.0,4.229238507325,60.7079013228459,32.8543975688237,96.5863409704984,93.1660918656503,96.7408426330619,28.5183702517569,9.27796502781052,8.30057179062388,8.52648361749752,23.2178302047297,46.6022897383457,18.5465019831395,3.68695617144698,54011,5.50998870600433,44.3571406067861,6.50200056708988,1,0.5211017339819666
05.091.01.03.,El Ksiba (Mun.),20001.0,5391.0,3.71007234279354,64.6925688419464,22.6518294983025,92.5417439703154,92.4860853432282,93.9813084112149,11.8472768107804,8.16459177041148,7.1846407679616,8.71956402179891,33.459334947729,40.3700533350892,27.9562877181536,6.3451536643026,4417,10.4822277563957,54.3618215108381,3.053570373870412,1,0.05412824407499915
05.091.01.07.,Kasba Tadla (Mun.),47020.0,11488.0,4.09296657381615,61.0949227373068,30.2958057395143,92.7115987460815,92.1630094043887,95.9968534219036,16.1578947368421,9.17694598043385,8.50276478094427,9.238621863037,27.2955097400919,40.680382970055,22.5695686386722,3.8059185085684,10824,5.98669623059866,47.0173353656961,3.286227297388062,1,0.12724913936335486
05.091.01.13.,Zaouiat Cheikh (Mun.),25388.0,6614.0,3.8385243423042,66.6514459665144,19.6955859969558,91.9401179494934,92.0913352487524,94.278342692366,12.9958960328317,8.6340003151095,7.66109973215692,8.5197731211596,36.2665286339466,40.8790863369656,27.2715622196591,6.01459423601385,5675,14.8546255506607,55.663262905275,2.4328266905086773,1,0.06870695768091989
05.091.03.01.,Foum Oudi,12233.0,2508.0,4.87759170653907,85.513643659711,7.62439807383627,80.3030303030303,74.6411483253588,92.9571828731492,12.9317269076305,11.6978664268781,9.85857925284067,9.8422300335159,34.6394330971238,41.3131553860819,10.9893279492356,2.71544715447154,3086,36.3577446532728,58.8682784493538,2.8761984160066634,0,0.03310588519421352
05.091.03.03.,Ouled Gnaou,12720.0,2460.0,5.17073170731707,91.4427449359239,1.4055394791236,92.3108218063466,85.6387306753458,91.8599918599918,5.82722086389568,10.943396226415,8.76572327044025,9.04874213836478,39.2147263291882,42.2533657029353,7.67824497257769,2.22568093385214,3535,60.4809052333804,67.2084598061294,0.969352785665328,0,0.03442384203959748
05.091.03.05.,Ouled M'Barek,19774.0,4116.0,4.80417881438289,84.5360824742268,8.95925380461463,92.3881322957198,87.5972762645914,94.6995603321934,8.98821218074656,10.4430059674319,8.85506220289268,9.27480529988874,32.1990349063107,42.7428490512602,13.7982441610071,2.64984844040285,5204,41.8332052267486,58.2529138989848,1.572878806868027,0,0.05351391922099062
05.091.03.07.,Ouled Yaich,27476.0,5404.0,5.08438193930421,85.8079011421082,4.68077139112525,91.4645436030364,81.8181818181818,96.1145194274028,6.84906011539177,11.6574464987625,9.08793128548551,8.61115155044402,41.9923758783814,40.5615662029881,14.3147466023116,3.15102720710716,6746,56.0628520604802,64.9981631153563,1.336333578251284,0,0.0743576638270425
05.091.03.09.,Sidi Jaber,18992.0,3790.0,5.01108179419525,80.6615097359295,6.05494798612963,91.5567282321899,58.8390501319261,96.0382876894443,10.5164570511105,10.1674389216512,8.96166807076663,8.65627632687447,35.543110184944,44.7247539190667,14.0039126181936,2.67390850219344,5275,56.1327014218009,62.6993944918289,1.230548863858319,0,0.051397610693084544
05.091.03.11.,Foum El Anceur,18412.0,3883.0,4.74169456605717,84.8696101213529,6.76478182287632,63.4818439351017,71.9031676538758,92.5122643945262,7.23140495867768,11.1992179013686,10.0858135998262,10.1835759287421,44.7450141467117,44.7139007766682,6.82382133995037,2.62228406293481,5257,39.2619364656648,68.1846408611053,1.117780997723038,0,0.04982797009693938
05.091.05.01.,Aghbala,12781.0,2945.0,4.33989813242784,74.0273037542662,11.4334470989761,73.4804753820033,64.7538200339558,90.7565902088325,5.83390528483184,9.3263437915656,8.90384163993427,9.3263437915656,51.4017797339967,45.6204773733664,10.4876893939393,6.58737419945105,3781,44.7236180904522,71.0458329346474,1.8562816955315269,0,0.03458892492988172
05.091.05.05.,Boutferda,7391.0,1247.0,5.92702485966319,89.1935483870967,0.241935483870968,32.0769847634322,30.3127506014434,76.0290556900726,0.161812297734628,12.1905019618454,12.3122716817751,11.4598836422676,68.7399175479476,43.8622438199873,8.42967244701348,3.86740331491712,1901,67.6486059968437,88.1362007168458,0.340501792114695,0,0.020002092493291275
05.091.05.17.,Tizi N'Isly,11918.0,2382.0,5.00335852225021,79.578947368421,7.74736842105263,58.3193277310924,52.6890756302521,90.8249158249158,4.77195945945946,11.3693572747105,9.80030206410471,10.9582144655143,53.4539648749334,40.9444925207071,6.40096618357487,4.08778689897805,3100,56.1935483870967,74.6354443853113,1.287919105907392,0,0.032253407973893304
05.091.07.03.,Ait Oum El Bekht,8198.0,1729.0,4.74146905725853,81.0495626822157,0.291545189504373,72.2382880277617,39.0977443609022,91.2514484356894,1.2188044109112,9.27055379360819,8.13613076360087,8.80702610392778,61.0692659872987,44.2221854852041,6.65420560747663,3.12578774892866,2497,84.5014016820184,78.7032934573918,0.383990547924975,0,0.022186057943444984
05.091.07.07.,Dir El Ksiba,22855.0,4949.0,4.61810466760961,79.2583537082314,7.49796251018744,82.8548321876263,61.7468661544682,93.361753958587,6.9175991861648,10.2953401881426,8.65018595493327,9.17085976810326,44.7827260458839,41.7493456692434,20.5715118821985,3.78655988857938,5448,46.1453744493392,66.3049932523616,1.025641025641025,0,0.06185195831878935
05.091.07.11.,Naour,5999.0,1243.0,4.82622687047465,82.3909531502423,0.403877221324717,55.5108608205953,2.97666934835076,87.1544715447154,0.894308943089431,9.55159193198866,8.15135855975996,9.96832805467578,63.7634190804132,46.0013828070984,4.65931863727454,3.31148671955846,1903,85.6542301629006,82.3577071095807,0.263317804334616,0,0.016234955062542872
05.091.07.13.,Taghzirt,19934.0,4495.0,4.43470522803114,84.3827022182388,3.76428411382478,87.4054294615042,83.845126835781,93.75,8.2286995515695,9.47627169659877,8.21711648439851,9.11006320858834,44.9198512829889,40.4221780549653,18.4469311631061,4.07501963864886,4810,49.6257796257796,65.5269092460535,1.2677515694520558,0,0.05394692352337549
05.091.07.15.,Tanougha,12783.0,2748.0,4.65174672489082,86.8119689693387,1.47765053564831,70.5604075691411,16.3391557496361,89.5833333333333,3.1101353823637,10.349683172964,9.31706172260032,10.0367675819447,53.1210439185899,43.5455152459381,10.9378993099923,4.77598008711885,3485,53.0272596843615,73.0937773882559,0.467426234297399,0,0.03459433748366153
05.091.11.01.,Guettaya,14411.0,2854.0,5.04940434477925,83.9266831159675,1.58618258724004,81.2894183601962,77.7855641205325,94.1631504922644,2.53789213958406,10.5474984386926,8.43105960724446,8.3616681701478,48.5780366626691,50.1098271416292,5.06956356012959,2.97529684727719,4981,75.8482232483437,70.3836930455635,0.805070229530661,0,0.039000156260427625
05.091.11.03.,Ouled Youssef,14596.0,2663.0,5.48103642508449,86.6947852760736,2.30061349693251,87.2324446113406,82.6886969583176,97.042093287827,5.36121673003802,13.969580707043,11.5922170457659,10.4686215401479,47.5011504832029,37.774445753454,7.71193648993478,2.32192050373868,3255,65.3149001536098,74.2199723884031,0.552231937413714,0,0.03950081748506014
05.091.11.05.,Ouled Said L'Oued,14351.0,2833.0,5.06565478291563,84.6070656092285,3.46070656092285,81.0801270737733,81.8566890222379,92.9052855622561,3.77627360171001,11.232666713121,9.97143056233015,9.87387638492091,46.8293977182276,38.6310787584673,15.3362993980633,2.40065102400651,3235,55.0850077279752,69.1368942341705,0.9373894587902369,0,0.0388377796470333
05.091.11.07.,Semguet,8990.0,1796.0,5.00556792873051,86.2339115836597,1.67879127028539,65.6458797327394,68.1514476614699,92.8571428571428,2.62716601453325,10.0222469410456,8.34260289210233,9.19911012235817,49.8500953938402,66.5079852579852,2.90925883167859,2.17874610938194,4205,84.6135552913198,73.8929009401825,0.476904210382886,0,0.02432942924025011
05.255.01.05.,Fquih Ben Salah (Mun.),101938.0,22584.0,4.51372653205809,68.9280258783358,22.495282595022,93.6409529713931,93.5258170224072,96.9367764915405,18.4506288466684,10.3386372108536,8.91620396711726,8.74747395475681,29.8227282116083,44.6255092447508,17.8523448949682,3.59291601440938,26905,7.0990522207768,54.370064390718,3.624103997084192,1,0.2758724536031831
05.255.01.09.,Ouled Ayad (Mun.),23818.0,4831.0,4.93024218588284,80.63756953359,14.7839109970047,91.159420289855,79.5238095238095,96.4472309299895,10.9873949579831,10.3829036862876,9.36266689058695,8.85884625073473,36.4654180182065,36.0070567480152,18.1283684468397,2.25192385581207,5013,16.5170556552962,58.4357834161653,2.113523410933818,1,0.06445810296376832
05.255.01.11.,Souk Sebt Ouled Nemma (Mun.),60016.0,12145.0,4.94162206669411,75.4102478231748,17.1383121232417,89.262187088274,73.9789196310935,95.7022192779066,12.3557253176118,10.775459877366,9.11590242601972,9.35417222074113,35.0189291508923,44.4023172569706,15.8313444709626,3.04473494055048,15870,20.5797101449275,58.7586838054827,2.6685802238029823,1,0.16241991382456625
05.255.05.05.,Ouled Bourahmoune,15113.0,2620.0,5.76832061068702,93.5160169818602,0.501736781165573,90.1870943108056,67.8503245513554,96.0122699386503,5.56194859992328,12.3337523985972,9.27016475881691,8.11222126645934,38.2829647138274,42.1672001506307,9.17615539182853,2.42127546970097,4068,57.5467059980334,68.0958811613774,1.122552329507084,0,0.04089996263714126
05.255.05.09.,Ouled Zmam,33652.0,5882.0,5.72118327099626,89.6291208791208,2.52403846153846,94.1516490989459,60.6596395783747,96.0375747224594,6.92426055736023,12.7540710804707,9.06038274099607,8.48983715678117,45.0484698726477,41.88624541656,10.6066775244299,1.79472140762463,8782,64.6777499430653,70.0847554254874,0.843753563148493,0,0.09107162989909863
05.255.05.11.,Sidi Aissa Ben Ali,25563.0,4675.0,5.46802139037433,86.5945945945946,3.17837837837837,91.7647058823529,36.5775401069518,96.1654459284791,7.89644012944983,12.4007354379376,8.85655048312013,8.44188866721433,39.8519401798579,41.7505981859662,9.34292949486872,1.90029235266964,6802,58.6004116436342,65.1199761538079,1.3264444334045369,0,0.06918055613665335
05.255.05.13.,Sidi Hammadi,14227.0,2783.0,5.11210923463887,92.4142961342086,0.838803792851933,94.8257276320517,92.7775781530722,95.8438742320202,7.84029038112522,11.0704997539888,9.109439797568,8.48386870035847,38.0977542932628,44.2703714651689,10.5274872023147,3.47024535719127,4020,68.0099502487562,60.5142655864741,1.26805213103205,0,0.03850220131268502
05.255.09.01.,Khalfia,15139.0,2926.0,5.17395762132604,84.9310344827586,2.62068965517241,88.6114911080711,90.2530779753762,94.9449793672627,10.2068965517241,11.7246845894709,9.11552942730695,8.9437875685316,43.6284736710339,39.623706491063,8.30959164292497,1.74470814624759,3862,65.6136716727084,68.6331775700934,1.001335113484646,0,0.0409703258362788
05.255.09.03.,Bni Chegdale,11444.0,2145.0,5.33519813519813,92.7133269415148,0.335570469798658,90.7649253731343,85.401119402985,94.5386064030131,6.04058518168947,12.9674938832576,9.5071653268088,9.42852149598042,53.0837749464426,41.1266521237007,5.02340093603744,1.98452741338715,3044,64.6846254927726,79.0351668169522,0.20288548241659202,0,0.030970632728078117
05.255.09.05.,Bni Oukil,15260.0,2763.0,5.52298226565327,80.0876872488125,0.255754475703325,88.0564603691639,82.4466159971046,96.0741548527808,4.4776119402985,11.9855832241153,9.44298820445609,9.1743119266055,49.9624593309418,51.4258734655335,3.69078222548659,1.6510660426417,5245,72.6024785510009,74.487072560467,0.433694745621351,0,0.04129778533995736
05.255.09.07.,Bradia,40681.0,7662.0,5.30944922996606,84.6184419713831,5.63063063063063,93.264586868555,92.0114867510768,96.2700288941423,8.54768500197863,12.1825913817261,9.49337528575993,8.69693468695459,39.3270769906782,43.2197705207413,8.86293089364483,2.43521106741839,11157,53.8585641301425,66.1739321470043,1.220851771647363,0,0.11009405015824412
05.255.09.09.,Hel Merbaa,12025.0,2290.0,5.25109170305676,84.1333333333333,1.24444444444444,95.9388646288209,91.7903930131004,96.8818620992534,6.07394366197183,11.3679833679833,9.42203742203742,8.23284823284823,47.3170219468654,40.8553016988869,10.3814166905649,1.88261351052048,3125,69.12,70.3202099737532,0.650918635170604,0,0.03254297960111319
05.255.09.11.,Krifate,29131.0,5547.0,5.2516675680548,80.8428413691571,1.49061464850938,90.3173458348359,56.0584204832311,94.0552405341137,6.89271817676487,11.2182897943771,9.4641447255501,8.91833442037691,44.0870920266643,45.1336063975034,7.40060501296456,2.26653961339504,8571,54.9760821374402,70.1116593092703,0.774690556565394,0,0.07883655207983603
05.255.11.01.,Dar Ould Zidouh,31170.0,5508.0,5.65904139433551,85.4220420199041,5.38149649834132,87.1799527873615,51.4980933357545,96.1847389558232,10.4338275672707,12.5312800769971,9.9358357394931,8.50176451716394,43.0711300533785,43.6863875075521,10.3936170212765,1.79728184935856,8423,55.2178558708298,67.5880332685066,1.1999834485041578,0,0.08435465065835328
05.255.11.03.,Had Boumoussa,44672.0,7147.0,6.25045473625297,93.3662667607621,0.663373323923783,92.0095158130422,41.2818359921634,95.8081305387536,3.7037037037037,13.2678187679083,9.21382521489971,8.98549426934097,47.1359657991276,43.0115956230605,9.27247873633049,1.4622000905387,11947,68.3435172009709,72.8089173813855,0.493805769730573,0,0.12089480122585683
05.255.11.07.,Ouled Nacer,28363.0,4554.0,6.22815107597716,88.8591203393614,0.535833891493637,92.3144488361879,78.3047870004391,96.215139442231,3.2615930774351,12.1425801219899,8.83545464161054,8.74026019814547,43.1656923557499,46.488411758804,6.18323081903528,1.86678288661291,8694,64.6882907752473,69.1562932226832,0.994958283139249,0,0.07675813142838864
05.301.01.01.,Khenifra (Mun.),116589.0,29281.0,3.98172876609405,64.0053986710963,26.9552879291251,92.2470029714129,93.6200006830834,95.2523377337733,17.3790155797601,8.53167966103148,7.81034231359733,8.78899381588314,30.0462407595378,44.1510385042788,22.9222346194763,4.40815649867374,29705,3.50782696515738,48.52874835958,4.013902559055111,1,0.31552211631718796
05.301.01.05.,M'Rirt (Mun.),42730.0,11012.0,3.88031238648746,62.4517551920602,26.7781657783495,91.7718644991372,91.0544001453092,95.1239593815753,11.5571441664375,9.19260472735782,8.10671659255792,9.27919494500351,35.984944958542,38.960252446371,24.8956884561891,4.63152280202684,9180,5.91503267973856,54.2277435055747,3.044880864791441,1,0.11563921150566042
05.301.03.01.,Ait Ishaq,19123.0,4612.0,4.14635732870771,69.5604395604395,16.0,80.160450997398,68.9722463139635,93.3087117097545,6.38713882250706,8.72771008732939,7.59295089682581,8.55514302149244,46.8941382327209,42.2107754420158,13.6873350923482,4.41848654139157,5234,44.9369507069163,64.8231471066116,1.5185601799775008,0,0.05175213296566216
05.301.03.03.,Ait Saadelli,2540.0,521.0,4.87523992322456,82.135922330097,0.776699029126214,82.341650671785,36.0844529750479,93.5420743639921,0.587084148727984,9.251968503937,9.09448818897637,8.93700787401574,56.2198649951784,44.8294531672983,11.4734299516908,3.63924050632911,733,80.3547066848567,77.6277724204435,0.192864030858244,0,0.0068739433003598745
05.301.03.05.,El Kbab,16145.0,3695.0,4.36941813261163,74.5087336244541,14.5742358078602,87.1683811586356,62.6421223605847,91.2748029355803,6.25850340136054,8.3431402911118,7.58129451842675,9.53855682873954,46.5227641078532,43.5017450556755,13.0659025787965,3.50578210590383,4551,49.9450670182377,66.0085457492264,1.996463827906292,0,0.0436928403875237
05.301.03.07.,Kerrouchen,7021.0,1493.0,4.70261219022103,81.578947368421,7.96221322537112,73.9101274312542,38.1623071763916,91.7115902964959,4.72016183412002,9.03005269904572,8.36063238854864,9.14399658168352,54.7680634592171,45.3470337340054,10.6455750320649,3.07382935937948,2090,68.2775119617224,75.6724137931034,0.741379310344827,0,0.01900077004402625
05.301.03.09.,Ouaoumana,8849.0,2108.0,4.19781783681214,73.0676908305328,11.8098895823331,79.7438330170778,57.8747628083491,95.047619047619,2.96084049665711,9.07447169171657,7.94440049723132,10.419256413154,50.6604929865177,42.1429683849867,8.53658536585365,4.4298245614035,2475,54.2222222222222,71.1425847746152,1.0758545553588401,0,0.023947844198773438
05.301.03.11.,Sidi Yahya Ou Saad,7051.0,1454.0,4.8493810178817,80.551724137931,7.3103448275862,76.6850068775791,39.1334250343879,88.4748102139406,2.13940648723257,9.50219826974897,8.56616082825131,10.3105942419514,51.0472563614332,42.079207920792,13.4117647058823,3.92156862745098,1840,64.4565217391304,72.2693439501471,0.865501125151463,0,0.01908195835072342
05.301.03.13.,Tighassaline,15196.0,3704.0,4.10259179265658,71.746807932627,15.430589513719,86.5010799136069,65.1997840172786,95.2458571040478,6.57966286025013,9.02869176098973,7.975783100816,8.62068965517241,46.336822074215,42.9127588037515,13.6701030927835,5.88910133843212,4187,46.4294244088846,66.9600380589914,1.522359657469077,0,0.04112458361900341
05.301.05.01.,Aguelmam Azegza,7684.0,1611.0,4.76970825574177,78.5402370555209,0.0,36.6852886405959,0.0,89.3457943925233,0.81351689612015,9.20093701197293,9.08381051535658,9.86465382613222,63.5393437400446,48.2340155768882,3.83026661659782,1.58340158340158,2561,81.8430300663803,80.5542283803153,0.20703933747412,0,0.020795031622033576
05.301.05.05.,El Borj,3812.0,819.0,4.65445665445665,78.6945812807881,1.23152709359605,38.9499389499389,0.244200244200244,87.8973105134474,2.08845208845208,9.26023084994753,8.47324239244491,8.26337880377754,57.6211734693877,48.1389578163771,21.7967599410898,2.00977729494839,1062,74.8587570621468,74.8405612244897,0.446428571428572,0,0.010316327504319624
05.301.05.11.,Lehri,9085.0,1880.0,4.83244680851063,79.2696025778732,0.912996777658432,63.6170212765957,17.2872340425531,91.7997870074547,1.86865990389749,9.32305998899284,8.54155200880572,10.3247110621904,54.8646475475743,48.2066217044757,7.18600953895071,1.47861692447679,2919,82.8708461801987,76.1190029482712,0.428839453229697,0,0.02458652554479113
05.301.05.13.,Moha Ou Hammou Zayani,9286.0,2100.0,4.42190476190476,76.3662511984659,4.93767976989453,54.2857142857142,28.0,88.6711281070745,2.49400479616307,9.43355589058798,8.00129226793021,9.56278268360973,47.8674840224338,45.0951467768107,23.1272489368662,2.53496503496503,2350,45.5744680851063,68.3839833050737,0.7434459371331681,0,0.025130487199662127
05.301.05.21.,Sidi Amar,2175.0,445.0,4.8876404494382,78.8288288288288,1.12612612612612,14.8314606741573,2.24719101123595,93.4831460674157,0.225225225225225,8.68965517241379,7.3103448275862,9.24137931034482,54.0229885057471,53.5055350553505,12.4137931034482,2.97674418604651,762,77.5590551181102,75.3147235905856,0.60207991242474,0,0.005886152235544381
05.301.05.25.,Sidi Lamine,16808.0,3657.0,4.59611703582171,78.1025923883066,7.14285714285714,59.8031173092698,49.4394312277823,92.1240395170142,1.786205001374,10.2748691099476,8.75178486435031,10.3998096144693,55.6943423952975,42.6572247513066,8.75494071146245,2.48572787821122,4617,42.9932856833441,75.0551065393093,0.786186627479795,0,0.04548710196553102
05.301.07.03.,Aguelmous,35618.0,8064.0,4.41691468253968,73.1173380035026,9.46960220165123,47.234623015873,43.9236111111111,89.7486937049017,5.15091045148416,9.1189847829749,8.79892189342467,9.70295917794373,56.557881773399,46.1016291698991,9.12915439629785,3.14483389559151,10800,60.2129629629629,75.3659871391435,1.310028731700641,0,0.09639217026465277
05.301.07.07.,El Hammam,12830.0,2837.0,4.52238279873105,71.3679745493107,3.60551431601272,45.7173070144518,20.1973916108565,89.9893880438627,3.0099150141643,8.51130163678877,7.63055339049103,9.3141075604053,54.1314248536109,44.8661647846089,11.1628990911209,2.11090107120352,3812,77.3347324239244,72.1535458685751,1.078167115902965,0,0.034721532497487086
05.301.07.09.,Had Bouhssoussen,7368.0,1660.0,4.43855421686747,72.4742891712038,6.59407138535995,54.8854041013269,40.8323281061519,92.3682616596002,0.545454545454545,10.2062975027144,8.44191096634093,10.2470141150922,52.461204738862,42.4890246230196,11.7250673854447,2.22765552838902,1965,61.3740458015267,71.6049382716049,1.101101101101093,0,0.01993984812482345
05.301.07.15.,Moulay Bouazza,8482.0,2054.0,4.12950340798442,66.7161226508407,16.6172106824925,67.5609756097561,63.6097560975609,92.0019627085377,9.68058968058968,8.81867484083942,8.50035369016741,10.3867012497052,46.3633770678836,41.0958904109589,24.2857142857142,3.82785956964892,1908,42.5052410901467,63.738770854128,2.666476543561947,0,0.022954640580178137
05.301.07.17.,Oum Rabia,9555.0,1990.0,4.80150753768844,84.7355163727959,0.251889168765743,34.1377576671694,3.01659125188537,88.0100755667506,1.11167256189995,9.44008372579801,9.32496075353218,10.3401360544217,59.0487238979118,59.9940950693829,3.19881889763779,1.45683844313981,3934,80.5795627859684,77.3640814223138,0.386498325173924,0,0.025858475683046698
05.301.07.19.,Sebt Ait Rahou,9245.0,1971.0,4.69051243023845,80.0,3.98976982097186,29.1730086250634,25.9766615930999,93.1910569105691,0.661577608142494,9.19415900486749,9.07517577068685,10.8599242833964,56.577554261514,42.8571428571428,12.4643874643874,1.81738559229253,2458,75.793327908869,74.4970884065643,0.463208046585495,0,0.025019529847176005
05.301.07.23.,Sidi Hcine,2986.0,605.0,4.93553719008264,84.1059602649006,0.33112582781457,6.77685950413223,0.0,95.0248756218905,1.32450331125827,9.81245813797722,9.74547890154052,10.8506363027461,61.3910870470637,49.4706448508181,3.89105058365758,0.620689655172414,988,88.3603238866396,84.1798501248959,0.541215653621982,0,0.008080942793257712
05.311.01.01.,Bejaad (Mun.),46893.0,11091.0,4.22802272112523,67.3244607618173,21.7806333180357,94.9594229035166,93.1469792605951,95.1387629239978,14.966357519549,9.32975070906105,8.75610432260678,9.28496790565756,31.184587347045,39.6852428210699,26.4427345368452,3.08398421773089,9942,4.72741903037618,48.2557534103925,3.579610538373421,1,0.12690544219833685
05.311.01.03.,Boujniba (Mun.),16030.0,3572.0,4.48768197088465,62.5070901871809,19.2002268859897,94.5393447213665,84.4021282553906,95.6448440573194,16.0146355192794,9.66936993137866,8.21584529008109,7.98502807236431,23.1575748366509,41.7823781873264,39.9597180261832,3.25486428056689,2981,1.50956055015095,43.8501861277824,2.522221378105292,1,0.04338161854518457
05.311.01.05.,Hattane (Mun.),10618.0,2364.0,4.49153976311336,72.594501718213,12.6288659793814,96.150592216582,96.7851099830795,96.2127659574468,11.8123667377398,9.9359578074967,8.04294594085515,7.7980787342249,25.4793891376736,40.7689379520365,42.3591658885776,3.7037037037037,1852,1.56587473002159,48.2259731312435,1.906074176139624,1,0.028735248017016202
05.311.01.07.,Khouribga (Mun.),193372.0,43487.0,4.4466622208936,60.7394777409258,30.7656374083243,97.5297283621225,96.1335878740483,97.4561728967628,29.8674370384176,10.1726206482841,8.42779719918085,8.33833233353329,20.0386286817962,43.7195639864099,26.7165314812116,2.83586134896654,45265,1.01181928642439,39.9697593453787,5.08691011664251,1,0.5233181747547991
05.311.01.09.,Oued Zem (Mun.),95243.0,21724.0,4.38422942367888,70.966388513356,17.9618665796466,86.5377532228361,85.1887661141804,94.0300584469802,16.78974501881,9.60910513108575,8.4993122854173,9.14292913914933,28.6619140424658,42.8963168225378,27.6461880088823,3.13245154584547,21505,3.77121599627993,49.9051233396584,2.846299810246678,1,0.25775392982526596
05.311.03.01.,Ain Kaicher,4604.0,935.0,4.92406417112299,74.8387096774193,0.10752688172043,76.0427807486631,5.5614973262032,85.6526429341963,0.754310344827586,11.2293657688966,9.20938314509122,9.88271068635968,50.04095004095,39.8379052369077,7.19874804381846,2.03908241291418,1186,77.9089376053962,69.8880698880699,0.163800163800164,0,0.012459698801124752
05.311.03.03.,Bni Bataou,5113.0,895.0,5.71284916201117,90.5298759864712,1.2401352874859,32.8491620111731,12.9608938547486,92.0670391061452,1.7877094972067,10.0332485820457,8.66418932133776,10.4244083708194,58.8787295476419,43.7086092715231,1.9570707070707,1.42405063291139,1553,85.7050869285254,78.9511667067596,0.240558094779889,0,0.013837193738086633
05.311.03.05.,Bni Zrantel,6597.0,1285.0,5.13385214007782,81.7535545023696,0.868878357030016,24.551831644583,25.2533125487139,86.6197183098591,1.4095536413469,10.6866757617098,9.59527057753524,11.1565863271183,55.1074757466235,43.9089100154764,10.5740181268882,1.45736434108527,1776,78.490990990991,72.1239779425746,0.6465107434873549,0,0.017853308642706338
05.311.03.07.,Boukhrisse,5204.0,974.0,5.34291581108829,45.3512396694214,0.103305785123967,50.1026694045174,0.0,90.5447070914696,0.308324768756423,11.1068408916218,9.30053804765565,11.0684089162182,60.0579570152137,44.3073471676949,5.50632911392405,1.01641907740422,1493,81.3797722705961,78.512795750845,0.12071463061323,0,0.014083464935068027
05.311.03.09.,Chougrane,6864.0,1260.0,5.44761904761904,87.7486077963405,0.397772474144789,29.6825396825396,5.87301587301587,86.6666666666666,0.715421303656598,10.6789044289044,9.71736596736596,10.0378787878787,61.0907759882869,48.8795811518324,4.37017994858611,0.917694293088615,2232,79.7043010752688,77.9099560761347,0.43923865300146403,0,0.018575884572311095
05.311.03.11.,Oulad Gouaouch,2709.0,577.0,4.6949740034662,77.0175438596491,0.526315789473684,42.4610051993067,0.0,93.5540069686411,0.522648083623693,9.96677740863787,8.63787375415282,9.85603543743078,55.08166969147,42.5180598555211,9.83009708737864,0.658376005852231,743,76.4468371467025,73.2879818594104,0.634920634920634,0,0.007331304094753899
05.311.03.13.,Rouached,4484.0,737.0,6.08412483039348,96.1852861035422,0.136239782016349,18.3175033921302,5.83446404341926,93.4604904632152,0.0,10.9723461195361,9.67885816235504,11.1284567350579,58.7408656548622,44.8839490029421,1.38383102694828,0.919117647058824,1354,89.2171344165435,76.8690275435638,0.281056773468241,0,0.012134945574336094
05.311.03.15.,Tachraft,3636.0,729.0,4.98765432098765,71.5469613259668,0.552486187845304,49.3827160493827,17.5582990397805,89.437585733882,2.7434842249657,10.7810781078107,9.24092409240924,10.6710671067106,48.0055020632737,45.9523809523809,13.4715025906735,1.99556541019955,1002,60.5788423153692,68.191196698762,0.653370013755158,0,0.009840022771696263
05.311.05.01.,Bir Mezoui,6131.0,1275.0,4.80862745098039,80.4091266719118,8.7332808811959,85.3333333333333,29.4901960784313,93.3123524783635,6.294256490952,11.6783558962648,9.46012069809166,8.17158701679986,35.5325749741468,40.7245039224734,33.6543909348441,2.35217249264946,1171,30.6575576430401,56.6494312306101,1.2202688728024782,0,0.016592183612010394
05.311.05.03.,Bni Ykhlef,9992.0,1828.0,5.46608315098468,90.7040704070407,0.99009900990099,87.199124726477,3.17286652078774,88.4320175438596,1.53677277716794,13.2706164931945,10.5384307445956,9.79783827061649,45.7364341085271,42.2068133855893,14.75,1.36151188782767,2387,56.8077084206116,73.5977932483909,0.302114803625378,0,0.027041118683935387
05.311.05.05.,Bulanouare,16041.0,3475.0,4.61611510791366,85.9130434782608,6.55072463768115,86.0103626943005,54.0875071963154,91.712388102801,12.2289679098005,10.2923757870456,8.27878561186958,9.00816657315628,27.9589649364568,43.5912886287337,41.3507109004739,2.76016411786646,2970,5.31986531986532,51.4622569284948,1.561782269177764,0,0.04341138759097353
05.311.05.07.,Lagfaf,8510.0,1772.0,4.80248306997742,76.9274376417233,2.72108843537415,94.5259593679458,14.5033860045146,93.6758893280632,7.687959299039,11.6216216216216,9.69447708578143,7.86133960047003,32.0340501792114,44.1015430562468,27.2009029345372,2.48091603053435,1935,28.1653746770025,54.5997610513739,1.0902031063321391,0,0.023030416333095487
05.311.05.09.,El Foqra,3154.0,599.0,5.26544240400667,83.1081081081081,0.506756756756757,54.2570951585976,4.84140233722871,92.9530201342281,4.86577181208053,11.7311350665821,7.89473684210526,10.3677869372225,51.9526627218934,41.9384057971014,17.3866090712742,1.57687253613666,765,63.9215686274509,76.2919132149901,0.236686390532544,0,0.008535597310761828
05.311.05.11.,M'Fassis,5411.0,1144.0,4.7298951048951,82.2438162544169,0.971731448763251,86.5384615384615,4.89510489510489,94.2932396839332,2.3725834797891,11.7723156532988,8.72297172426538,7.92829421548697,37.6569037656903,44.6423960753937,32.3308270676691,1.47280966767371,1170,21.8803418803418,61.7387261738726,0.581125058112506,0,0.01464366425127846
05.311.05.13.,Oulad Abdoune,13574.0,2719.0,4.99227657226921,80.5349182763744,4.04903417533432,82.2295805739514,23.1420161883738,90.7448377581121,4.47485207100591,11.1536761455724,9.75394135847944,9.5181965522322,37.7887481371087,46.3998305802626,13.9434048379735,1.54055278658812,3771,23.2829488199416,66.7101341281669,0.819672131147541,0,0.03673500250357675
05.311.05.15.,Oulad Azzouz,9815.0,1754.0,5.5957810718358,85.4681217690982,1.09132682366456,86.7730900798175,1.76738882554161,93.4819897084048,2.98850574712643,11.9307182883341,9.50585838003056,9.44472745797249,46.5110246433203,42.7918632075471,23.5618325869789,0.979791794243723,2219,48.0396575033799,72.2344702373233,0.35014913759564203,0,0.026562107674422117
05.311.07.01.,Ait Ammar,4260.0,834.0,5.10791366906474,83.5336538461538,0.360576923076923,52.8776978417266,0.599520383693046,86.5384615384615,0.962695547533093,10.3521126760563,9.10798122065727,8.47417840375586,50.1457725947521,42.3778501628664,8.37817063797079,1.65955429113323,1192,57.0469798657718,71.874089186826,0.495482366656951,0,0.011528739550997272
05.311.07.03.,Bni Smir,5294.0,1067.0,4.96157450796626,79.9061032863849,0.563380281690141,58.6691658856607,1.78069353327085,89.1181988742964,1.12888052681091,10.9180204004533,8.78352852285606,9.35020778239516,48.235294117647,46.3791267305644,10.4477611940298,1.19230769230769,1560,75.7692307692307,74.829451893672,0.564573041637261,0,0.014327029855159521
05.311.07.05.,Braksa,7435.0,1386.0,5.36435786435786,76.4321972443799,0.145032632342277,56.1327561327561,0.072150072150072,84.4653179190751,0.651701665459812,11.6610625420309,9.89912575655682,11.1768661735036,56.8244170096021,57.5684863027394,5.48801667245571,0.733695652173913,2721,55.1635428151414,78.4465020576131,0.274348422496571,0,0.020121168676447115
05.311.07.07.,Kasbat Troch,9194.0,1624.0,5.66133004926108,91.7748917748917,0.061842918985776,84.966112138016,0.123228589032656,85.9703337453646,1.79566563467492,12.0404611703284,9.5605829889058,9.88688274961931,46.0172078823202,42.927448801397,12.5369822485207,1.30249270154951,2365,40.4228329809725,70.0471698113207,0.513318534961154,0,0.024881509725790826
05.311.07.09.,Lagnadiz,7227.0,1297.0,5.57208943716268,87.6256767208043,1.77880897138437,77.9491133384734,6.24518118735543,83.2173240525908,0.777000777000777,11.4016881140168,10.2255431022554,10.5714681057146,59.5162429378531,44.4285714285714,12.9995406522737,0.767699744100085,1894,81.9429778247096,82.1327683615819,0.370762711864407,0,0.01955826308334678
05.311.07.11.,Maadna,6227.0,1150.0,5.41478260869565,85.1138353765323,0.175131348511384,79.7391304347826,2.43478260869565,89.4415357766143,2.09424083769633,10.8720089930945,9.20186285530753,9.82816765697767,46.2527627084589,41.9473081328751,16.8760240305843,0.878048780487805,1522,60.2496714848883,69.399236487844,0.843881856540084,0,0.016851986193441318
05.311.07.13.,Oulad Aissa,5845.0,1024.0,5.7080078125,94.43359375,0.1953125,45.60546875,0.87890625,89.2473118279569,1.2720156555773,11.1035072711719,9.66638152266894,11.7023096663815,50.2915137119412,41.1958449455282,18.3271832718327,0.906871294035577,1328,63.0271084337349,74.994601597927,0.34549773267113,0,0.015818188421497428
05.311.07.15.,Oulad Boughadi,8648.0,1643.0,5.2635423006695,86.333129957291,2.4405125076266,34.1047503045067,20.341047503045,91.3043478260869,2.63319044703,10.8926919518963,9.28538390379278,10.8117483811285,48.1529769665362,45.6099195710455,15.7237325495958,1.25271019031558,2294,72.2319093286835,69.7812545270172,0.6374040272345359,0,0.02340388254390244
05.311.07.17.,Oulad Fennane,7575.0,1415.0,5.35335689045936,86.2215909090909,1.42045454545454,35.8303886925795,4.31095406360424,86.8758915834522,1.1094674556213,10.8118811881188,9.72937293729372,10.7326732673267,52.5004153513872,44.0261237034191,13.5689354275741,0.8731241473397,1981,69.0055527511358,74.8795480976906,0.664562219637814,0,0.02050004744103388
05.311.07.19.,Oulad Ftata,2625.0,490.0,5.35714285714285,92.6530612244897,0.612244897959184,8.97959183673469,0.0,89.7959183673469,1.83673469387755,11.0857142857142,10.5904761904761,10.7428571428571,51.0700389105058,44.2502818489289,3.69426751592356,0.07710100231303,756,81.3492063492063,74.0758754863813,0.486381322957199,0,0.00710397683600184
06.111.01.01.,Benslimane (Mun.),56138.0,13092.0,4.28796211426825,58.963400419613,26.8319216722356,95.1566080977845,91.5508021390374,97.1198156682027,29.9892291121711,9.01350244041469,7.95183298300616,8.29740995404182,19.8103492662833,48.6438173324435,22.122592973688,3.14058355437665,15894,3.19617465710331,37.5960012013558,6.5988758742008695,1,0.15192497204551286
06.111.01.03.,Bouznika (Mun.),37057.0,8488.0,4.36581055607917,55.6286637157554,28.9867208996291,94.9787835926449,91.006600660066,97.3734252436415,24.5082846584813,10.5135332056021,8.34660118196292,7.96610626872115,22.9077967003725,52.4229237350641,17.4956032360182,2.83578808529347,11728,9.37073669849931,45.244113343089,5.334574963416251,1,0.10028650270922673
06.111.01.05.,El Mansouria (Mun.),19853.0,4842.0,4.10016522098306,68.6898283800753,7.34616994558392,86.2724829439735,32.044655778375,96.7667918231122,17.8699221216585,10.8245605198206,9.07671384677378,8.58812270185866,24.2639657775541,51.4263576812002,12.3681687440076,2.2400328812166,6398,9.20600187558612,49.7799018991321,4.04351653880014,1,0.05372771509529315
06.111.03.01.,Ahlaf,11451.0,2244.0,5.10294117647058,94.0063091482649,0.180261378999549,62.789661319073,1.47058823529411,89.2921146953405,1.39263252470799,10.0515238843769,8.64553314121037,10.479434110558,52.2509938755775,45.2404438964241,7.27718724448078,1.54509522098454,3402,69.4885361552028,74.3501611170784,0.633727175080559,0,0.03098957666630745
06.111.03.03.,Ain Tizgha,13699.0,2755.0,4.97241379310344,66.1016949152542,0.884303610906411,87.6588021778584,22.1052631578947,93.5425027362276,8.23572474377745,12.0519745966858,9.46784436820205,8.53346959632089,37.3430086519676,45.762888749739,10.9464082098061,1.19497806685826,3905,32.573623559539,62.8034601432424,1.413821970049294,0,0.03707328711481494
06.111.03.05.,Fdalate,11644.0,2541.0,4.58244785517512,73.2007952286282,2.70377733598409,80.2833530106257,16.8437622983077,92.6190476190476,4.60500198491464,10.4774991411885,9.4555135692202,9.02610786671247,35.0820727389765,44.2940038684719,12.254366812227,1.61262050832603,3215,32.0373250388802,61.7934141370803,1.212056205084197,0,0.031511888106059205
06.111.03.07.,Mellila,15081.0,2803.0,5.38030681412772,84.534967555876,3.42465753424657,75.1337852301105,18.3374955404923,89.6514552641034,3.99280575539568,11.1398448378754,9.58159273257741,9.15721769113454,43.1200334588038,46.4586288416075,14.7771219214329,0.907965332232769,4187,46.8115595892046,68.8608230177316,1.028772164603546,0,0.04081336177666428
06.111.03.11.,Moualine El Oued,9101.0,1829.0,4.97594313832695,77.8330569375345,0.386954118297402,86.3313285948605,0.218698742482231,88.5164835164835,2.69526952695269,9.82309636303703,8.76826722338204,9.05395011537193,41.3686057497638,46.8488990129081,22.0097244732576,1.21512151215121,2406,58.8113050706566,65.7443649615332,0.971791064921042,0,0.02462982597502962
06.111.03.13.,Oulad Ali Toualaa,5504.0,1023.0,5.3802541544477,89.5463510848126,0.19723865877712,91.9843597262952,15.24926686217,91.1504424778761,2.465483234714,11.500726744186,9.92005813953488,9.21148255813953,42.1040462427745,45.0497642744892,10.8720930232558,0.927988121752042,1533,43.900848010437,68.1618497109826,0.971098265895954,0,0.014895348002039668
06.111.03.15.,Oulad Yahya Louta,9430.0,1833.0,5.14457174031642,91.4191419141914,0.165016501650165,91.1074740861974,0.381887615930169,93.0181418361737,2.42290748898678,10.9650053022269,9.15164369034994,8.34570519618239,40.8390865639936,47.6282241328194,15.0949268596327,1.29060970182465,2728,57.0381231671554,65.3789990707553,0.7699455728129571,0,0.02552019107180851
06.111.03.17.,Rdadna Oulad Malek,4561.0,951.0,4.79600420609884,91.6313559322033,0.847457627118644,88.4332281808622,0.210304942166141,91.0337552742616,1.80275715800636,8.79193159394869,8.96733172549879,8.7261565446174,44.2548653692348,41.6641813301521,10.0930565497494,1.31455399061032,1256,71.0191082802547,65.0226606238336,0.746467608637697,0,0.012343328894858814
06.111.03.19.,Ziaida,14010.0,2578.0,5.4344453064391,91.6601101494885,0.0,84.4004656577415,0.310438494373302,90.4595015576324,1.96309383588535,10.4425410421127,8.66523911491791,9.05067808708065,43.3715798764342,46.4778936910084,9.23471569046601,0.920837665230952,4246,60.9514837494112,68.5520162357716,0.573546280772964,0,0.037914939227575536
06.111.05.01.,Bir Ennasr,4855.0,830.0,5.84939759036144,86.819830713422,0.725513905683192,8.91566265060241,0.0,86.8516284680337,0.847457627118644,10.0308959835221,10.9989701338825,11.4933058702368,58.7897756911841,49.1452991452991,15.2173913043478,0.566695727986051,1365,73.6263736263736,84.1679707876891,0.156494522691706,0,0.013138974300491022
06.111.05.04.,Sidi Bettache,6927.0,1443.0,4.8004158004158,71.7984604618614,7.55773268019594,53.7075537075537,55.1628551628551,91.0801393728223,4.11436541143654,10.4229825321206,10.0332034069582,10.0187671430633,45.1179673321234,46.3247508305647,10.0851636037651,1.78885630498533,2006,58.6241276171485,67.6769509981851,1.052631578947369,0,0.01874638001637514
06.111.05.05.,Charrate,9754.0,1856.0,5.25538793103448,69.2560175054704,1.75054704595186,86.4690026954177,8.03234501347708,94.5078847199565,4.34782608695652,11.154398195612,8.91941767480008,8.67336477342628,39.7690827453495,50.9064748201438,13.1147540983606,1.4069494777233,3074,52.3422251138581,63.5197537198563,1.000513083632632,0,0.026397024784137885
06.117.01.03.,Berrechid (Mun.),135733.0,31705.0,4.28112285128528,65.304556354916,28.6362909672262,98.3470031545741,96.7097791798107,97.7360292946983,28.6759070005109,10.2561646762393,9.28440394008826,8.68175020076179,20.5694087050484,51.6042945414981,18.2035165884318,2.82836563799262,41124,3.87121875303958,40.1501693984067,6.38769343466714,1,0.3673310810975382
06.117.01.05.,Deroua (Mun.),46787.0,10596.0,4.4155341638354,75.0023907430429,19.546715119059,97.7156881253539,85.8504814045686,97.8938339845611,23.5832856325128,11.7981490584991,9.68003932716352,8.74601919336567,20.4273853273444,48.3887765729339,17.2691017281762,1.58633578165065,13069,1.75223812074374,41.7850726767924,4.700854700854694,1,0.12661857684800687
06.117.01.07.,El Gara (Mun.),20855.0,4833.0,4.31512518104696,65.6974294142435,24.5259165613147,94.5778145695364,87.6655629139072,89.7848339252141,12.6282722513089,9.40781587149364,8.52553344521697,9.12970510668904,29.9912357581069,45.9141410821116,24.2697594501718,3.50146683069934,5289,13.8589525430138,51.8200408997955,2.775343266140807,1,0.05643940453897842
06.117.01.09.,Had Soualem (Mun.),36765.0,8454.0,4.34882895670688,67.4443776307877,25.2315093205051,97.668914921311,60.8922021062596,97.6585832039182,15.5667144906743,12.4629402964776,9.63688290493676,8.64953080375357,26.794943427853,52.6355066771406,14.804865308559,2.19580650487039,11417,6.58666900236489,49.0467877094972,3.9699720670391,1,0.09949626985737434
06.117.01.11.,Oulad Abbou (Mun.),11299.0,2277.0,4.96223100570926,67.766384306732,19.7949175211769,94.2003514938488,69.4200351493848,95.373665480427,11.4717652289906,10.2044428710505,9.69112310823966,9.43446322683423,32.2837255551872,45.7983719474013,15.2310637134263,1.67230030243728,3100,19.3225806451612,56.1042978676389,2.684786211468341,1,0.030578222579041827
06.117.01.13.,Sidi Rahal Chatai (Mun.),20628.0,4919.0,4.19353527139662,86.5154639175257,6.76288659793814,71.2891419276128,28.4871899145994,94.7552447552447,16.0214168039538,11.1741322474306,9.96703509792515,9.39014931161528,29.5585884667404,50.2302861130495,14.156710197277,2.82056411282256,6179,8.30231429033824,54.3124116309092,2.317575459519265,1,0.05582507968496989
06.117.05.01.,Ben Maachou,8458.0,1676.0,5.04653937947494,92.6799758015729,0.120992135511192,94.0860215053763,0.597371565113501,94.5945945945946,1.80722891566265,10.073303381414,9.95507212106881,10.0496571293449,49.9556475458308,44.6567467027392,11.8515713744793,1.22759636631475,2328,69.0721649484536,73.4476641040804,0.502661147250148,0,0.022889689934820403
06.117.05.11.,Laghnimyine,17502.0,2978.0,5.87709872397582,93.3856120013638,0.681895669962496,92.2095366017461,3.12290127602417,94.6476964769647,2.36886632825719,11.7929379499485,10.3473888698434,9.86744372071763,49.2294143549097,48.3949579831932,6.19899288070845,0.830524795377949,5402,75.2128841169937,72.1141850737506,0.579731415572026,0,0.04736525812712541
06.117.05.13.,Lahsasna,9315.0,1693.0,5.50206733608978,94.9162679425837,0.598086124401914,91.9078558771411,3.24867099822799,92.523923444976,3.96873120865905,11.9269994632313,10.3274288781535,10.2200751476113,50.0966583816625,46.6772655007949,9.80926430517711,0.952813067150635,2648,59.4033232628398,73.3360950013808,0.276166804750069,0,0.025208969229469386
06.117.05.25.,Sahel Oulad H'Riz,38138.0,7250.0,5.26041379310344,90.6018712470325,0.628403854210306,93.3894562517251,2.12531051614684,93.6430657949645,6.37527839643652,11.7232156903875,10.3623682416487,9.38696313388221,43.244698754628,46.569734073082,13.2610303179689,0.849608297473243,10557,36.7055034574216,68.14066969544,1.171125694093892,0,0.10321198802721453
06.117.05.27.,Sidi Abdelkhaleq,6122.0,1007.0,6.07944389275074,95.8752515090543,0.100603621730382,92.1471172962226,0.099403578528827,91.5831663326653,1.60481444332999,11.3851682456713,10.0947402809539,10.9441359032995,49.4590095713691,44.7667391829828,4.15766738660907,0.777289624873268,1775,78.4225352112676,74.7867692947784,0.582483877678386,0,0.016567827120001242
06.117.05.29.,Sidi El Mekki,8920.0,1711.0,5.21332554061952,86.989946777055,0.591366055588409,91.6423144360023,6.83810637054354,92.3983500294637,6.01415094339622,10.8856502242152,9.64125560538116,9.23766816143497,42.8833403865143,44.8204309656823,18.1267806267806,0.616552051221247,2299,42.0617659852109,67.4143038510368,0.8463817181548879,0,0.024139989857956727
06.117.05.33.,Soualem Trifiya,33079.0,7970.0,4.1504391468005,85.2993404363267,1.58548959918822,69.8544176706827,5.84839357429718,93.8422712933753,5.16740366392924,12.7996614166087,10.169594002237,9.19012062033314,37.0315136768572,49.3828260772692,12.9669734704926,2.25169648365206,9645,15.3447382063245,64.0124013971194,1.306856088850516,0,0.08952093324118279
06.117.05.35.,Zaouiat Sidi Ben Hamdoun,9521.0,1836.0,5.18572984749455,84.923245614035,0.274122807017544,93.0790190735694,0.653950953678474,91.4800655379574,1.70610897083104,10.9337254490074,9.3477575884886,8.99065224241151,50.0131821776957,48.4555984555984,11.7683113699049,0.836267605633803,2879,63.876345953456,75.8761528326745,0.500658761528327,0,0.025766462268789907
06.117.08.05.,Foqra Oulad Aameur,6247.0,1223.0,5.10793131643499,90.8561928512053,0.0,88.5527391659852,0.081766148814391,92.4217462932454,1.15511551155115,10.9492556427085,10.8051864895149,10.3249559788698,51.5139116202946,46.1937308508131,10.3571428571428,1.36122177954847,1757,42.9709732498577,78.8666121112929,0.16366612111293,0,0.016906111731239425
06.117.08.07.,Jaqma,10180.0,1850.0,5.5027027027027,88.6710239651416,0.708061002178649,91.2432432432432,0.054054054054054,93.4452871072589,3.47071583514099,11.1296660117878,9.950884086444,9.46954813359528,42.8927059995021,45.8132956152758,10.3735720901512,1.19562976705833,2903,51.9462624870823,68.8449091361712,0.60990789146129,0,0.02754989873923761
06.117.08.09.,Kasbat Ben Mchich,14905.0,2603.0,5.72608528620822,89.2164468580294,0.543056633048875,83.4037648866692,0.115251632731464,92.6242236024844,3.93455395403194,12.2911774572291,10.2381751090238,9.77524320697752,45.6261908886194,44.1526263627353,8.32772166105499,0.946060434905394,4084,68.6336924583741,71.9234433186109,0.6235385814497271,0,0.04033705704404092
06.117.08.17.,Lambarkiyine,8559.0,1604.0,5.3360349127182,85.0189633375474,0.252844500632111,88.0922693266833,0.062344139650873,91.7661847894406,2.89672544080604,11.6018226428321,9.67402733964248,10.6437667951863,44.731374295043,48.7043075338939,11.9802677942212,0.967982129560685,2498,57.8062449959968,74.0427426536064,0.6233303650934999,0,0.023163023900700856
06.117.08.19.,Ouled Cebbah,7592.0,1524.0,4.98162729658792,93.2032301480484,0.0,92.1259842519685,1.57480314960629,89.5861148197596,2.88397048960429,10.4188619599578,8.58798735511064,9.31243414120126,40.0650935720097,44.1565600882028,9.48813982521847,1.34589502018842,2175,57.6091954022988,65.6041632785818,1.122133680273216,0,0.020546054148162272
06.117.08.20.,Oulad Ziyane,17095.0,3306.0,5.17090139140955,86.3525835866261,1.88449848024316,80.8961550105964,0.999091734786558,93.9762701551566,5.05635089856838,11.9157648435214,10.207663059374,10.1784147411523,40.7301682692307,46.9195541346236,14.2173112338858,1.26643348208901,4658,40.7041648776298,68.872530609179,0.848794411477504,0,0.04626380343293389
06.117.08.21.,Ouled Zidane,6434.0,1297.0,4.96067848882035,91.7840375586854,0.469483568075117,95.7594448727833,2.69853508095605,94.4012441679626,4.11810411810411,10.5999378302766,9.03015231582219,8.98352502331364,39.1800425449622,44.7855432179403,5.15313563441905,0.997105178513992,1951,67.5550999487442,66.5635273641462,0.696190292013151,0,0.017412185509651748
06.117.08.23.,Riah,8178.0,1491.0,5.48490945674044,90.9398242055442,0.405679513184584,82.4949698189134,3.62173038229376,89.131920710868,1.91256830601092,11.6043042308632,10.687209586696,10.3937393005624,45.4273571541004,50.5722070844686,18.6063218390804,0.597092419522326,2266,56.7519858781994,70.9362706530291,0.37765538945712,0,0.022131932405646874
06.141.01.0.,Préfecture d’Arrondissements Casablanca Anfa,453327.0,130542.0,3.47265247966171,47.7661869945202,42.8406215557521,97.4461005305609,90.9681970129113,97.3781845164481,50.3327522758086,6.59215091975549,6.28641135427627,6.40354534364818,14.1136730797473,56.2973469320827,16.5081722904257,4.98517965667981,171994,0.858750886658837,30.0256997809821,18.06074263505044,0,1.2268283836701737
06.141.01.01.,Anfa (Arrond.),94281.0,26009.0,3.62493752162712,56.8211043136032,28.8586681214199,97.4102435833301,80.1900950475237,97.3559558937723,51.2673975585102,7.00035001750087,6.67048503940348,6.96959090378761,14.5980019906366,55.5739698747677,15.7090979052932,4.77580687377937,35049,0.90444805843248,30.8187536858659,18.233978769412218,0,0.25515049145717694
06.141.01.03.,El Maarif (Arrond.),170310.0,50253.0,3.38905139991642,59.4006493637445,31.1815596829814,97.8000756535069,94.86750681877,98.2661282221284,61.7859012037521,6.76120016440608,6.63906993130174,6.48405848159239,11.396121508001,57.1255817362307,13.3684007954326,4.88989384809026,67525,0.605701592002962,24.1775602082881,25.7458233890214,0,0.46090601711979934
06.141.01.07.,Sidi Belyout (Arrond.),188736.0,54280.0,3.477081798084,32.6640292602821,60.3250727774875,97.1353205932266,92.5219508595882,96.568053930581,39.284583139264,6.23569430315361,5.77632248219735,6.04813072227873,16.289797122744,55.9165858389912,19.7224631396357,5.18462396481148,69420,1.08182080092192,34.8309396922891,11.1504531358203,0,0.5107718750931974
06.141.01.1.,Préfecture d’Arrondissements Al Fida-Mers Sultan,287642.0,72701.0,3.95650678807719,39.6261526497055,54.6758693478502,97.6408407085736,97.0971604751352,96.2038970557729,29.7690226815564,6.65584302709618,6.33043853122979,6.30818865117055,18.4422610509323,52.7799675200199,22.3015711079371,4.20507151247149,95200,0.331932773109244,38.8967908968867,6.91683180975515,0,0.7784388971661871
06.141.01.11.,Al-Fida (Arrond.),158566.0,38625.0,4.10526860841424,38.5901124771122,56.7303165053622,97.7878513145965,97.2879160730475,96.7815852515363,26.6195309034934,6.71770745304794,6.31535133635205,6.24850220097624,18.6748953883864,52.2290455653478,23.7565259016589,3.80412940821862,50968,0.308036415005494,39.8201595358955,5.1283538796229,0,0.4291235013247496
06.141.01.13.,Mers-Sultan (Arrond.),129076.0,34076.0,3.78788590210118,40.7987447451003,52.350642429984,97.4741541353383,96.8808740601503,95.5495915297726,33.3451830785638,6.5798444327373,6.34897269825529,6.3815116675447,18.156822266911,53.4569999327898,20.5546375458007,4.69541977697908,44232,0.359468258274552,37.7638182012314,9.111293020607171,0,0.3493153958414375
06.141.01.2.,Préfecture d’Arrondissements Aïn Sebaâ-Hay Mohammadi,416539.0,103516.0,4.02390934734727,58.5577911587604,29.6627013266754,95.7668480414423,93.6406073316645,97.4150945233898,38.0994662737713,8.31470762641673,7.07544791724184,6.81808906248874,15.0351595089587,51.5499964509787,21.6733816653595,3.50753229134281,130836,0.552600201779327,32.9727919916693,9.27240071162461,0,1.1272698694443315
06.141.01.21.,Aîn-Sebaâ (Arrond.),163254.0,40197.0,4.06134786178073,63.5885034887528,18.5495856318798,91.8203309692671,87.7267637178051,97.286792547456,37.400517185107,9.34739730726352,7.42278902814019,6.96154458696264,14.4070541129364,52.0235159945707,20.4044770358934,3.24010872848082,51558,0.799100042670391,33.2604727840089,8.56295445847684,0,0.44181052738462634
06.141.01.23.,Assoukhour Assawda (Arrond.),114970.0,30041.0,3.82710295928897,60.8544645265713,28.3719989209603,98.4180377006594,97.8651835076267,98.3834649638716,52.6445223015766,7.74549882578063,7.0296599112812,6.90354005392711,11.0564458507706,52.0578371054794,18.1692123901356,3.27941351567416,38359,0.466644073098882,25.2033516018084,15.82315299592786,0,0.3111406540324311
06.141.01.25.,Hay Mohammadi (Arrond.),138315.0,33278.0,4.15634954023679,50.3874313605857,44.2892007321537,98.14180046906,96.9721570749894,96.6978419443687,25.8492053863884,7.56895492173661,6.70353902324404,6.57773921845063,19.0426788124156,50.5937374401695,26.1229869285765,4.01018099547511,40919,0.322588528556416,39.0633697100544,4.6721878320711,0,0.3743186880272741
06.141.01.3.,Préfecture d’Arrondissement  Hay Hassani,467880.0,118700.0,3.94170176916596,65.5194423877243,27.6082756742495,97.4998525359601,94.8556116387046,97.7502821694374,36.302690944932,9.32290330854065,8.27413011883389,7.52628879199794,16.4988003372025,54.4259318990788,15.8612696148359,3.31356730206398,160429,0.483703071140505,35.3002357689205,9.98840608278627,0,1.2662128312489678
06.141.01.31.,Hay-Hassani (Arrond.),467880.0,118700.0,3.94170176916596,65.5194423877243,27.6082756742495,97.4998525359601,94.8556116387046,97.7502821694374,36.302690944932,9.32290330854065,8.27413011883389,7.52628879199794,16.4988003372025,54.4259318990788,15.8612696148359,3.31356730206398,160429,0.483703071140505,35.3002357689205,9.98840608278627,0,1.2662128312489678
06.141.01.4.,Préfecture d’Arrondissement  Aïn Chock,376772.0,89013.0,4.23277498792311,69.4575847168524,22.4198317034341,95.5316112940013,91.8530836039234,98.0237780115609,42.4367748368382,8.79338167379741,8.29042497850158,7.69351225674944,15.9733782364842,52.4409176551948,16.0791780766617,2.89283538826692,124729,0.549992383487401,34.0570733502984,11.2238920631872,0,1.019649356363461
06.141.01.41.,Aîn-Chock (Arrond.),376772.0,89013.0,4.23277498792311,69.4575847168524,22.4198317034341,95.5316112940013,91.8530836039234,98.0237780115609,42.4367748368382,8.79338167379741,8.29042497850158,7.69351225674944,15.9733782364842,52.4409176551948,16.0791780766617,2.89283538826692,124729,0.549992383487401,34.0570733502984,11.2238920631872,0,1.019649356363461
06.141.01.5.,Préfecture d’Arrondissements Sidi Bernoussi,625756.0,144598.0,4.32755639773717,72.3816858022962,20.5614673760851,97.0453570885147,91.3912826968032,97.9167827492059,26.8810671136252,10.1274298608403,8.60686913109902,7.95949219823701,17.8747372085202,50.5929568929058,19.6743350324673,2.69072611360281,186419,0.444697160697139,38.7147141241826,5.24143355783884,0,1.693469001519683
06.141.01.51.,Sidi Bernoussi (Arrond.),172893.0,41288.0,4.1874878899438,59.1190032375159,30.2168154615912,96.9234496124031,92.2286821705426,97.9908809401897,31.852249700935,8.92401658829449,7.41267720497648,7.05754426147964,16.8777742439537,51.3295984778702,21.8992704165686,3.14945360801222,53096,0.452011450956758,36.4789005032907,7.05298379514406,0,0.4678963303264252
06.141.01.53.,Sidi Moumen (Arrond.),452863.0,103310.0,4.38353499177233,77.6795861582474,16.7045499079045,97.0940700443343,91.0566666021334,97.887152286887,24.8892193017636,10.5868662266513,9.06278499237076,8.30383581789636,18.2710410087701,50.2939265398195,18.752551875438,2.51489832412982,133323,0.441784238278467,39.6034923889116,4.521308024414839,0,1.2255726711932575
06.141.01.6.,Préfecture d’Arrondissements Ben M’sick,248040.0,56729.0,4.37236686703449,55.9357467033556,37.1296858807132,96.9621636870129,95.2748686484008,97.5414492136187,26.867529880478,7.85316884373488,7.04281567489114,7.08756652152878,19.3687462098241,50.2619992558601,21.6968425814544,3.20336269015212,76160,0.358455882352941,40.4828226555246,4.940973603926244,0,0.671264919772151
06.141.01.61.,Ben M'Sick (Arrond.),131785.0,30519.0,4.31812968970149,53.9106145251396,39.6814312317105,96.6933210985121,96.1624172510978,97.0308474800185,22.4620171460726,7.52437682589065,6.90366885457373,6.91580984178776,20.4785512207667,50.8832013274549,22.364629152131,3.53529288137628,40948,0.273517632118785,42.2289418378838,4.211189046829409,0,0.3566466999361914
06.141.01.63.,Sbata (Arrond.),116255.0,26210.0,4.43552079359023,58.2876342009732,34.1662161118405,97.2752251564646,94.2413372004274,98.1347866134479,31.984007996002,8.22588275773085,7.20055051395638,7.28226742935787,18.0959161877638,49.5453786656279,20.9056807205912,2.82400576467762,35212,0.457230489605816,38.480080552476,5.77801283550817,0,0.31461821983595956
06.141.01.7.,Préfecture d’Arrondissements Moulay Rachid,465094.0,103510.0,4.49322770746787,68.6983896592982,24.7337347743365,96.8268078692072,95.6827580875816,96.9329272445971,21.1299379852531,9.32157654490607,8.26673375002418,8.03172698793574,20.943939718107,50.1734424864714,20.2122511061946,2.8535489820288,138486,0.398596247996187,45.215254206334,3.880863364910728,0,1.258673143833691
06.141.01.71.,Moulay Rachid (Arrond.),245484.0,54286.0,4.52204988394797,66.3229662837396,27.1691416830111,97.1886514369933,96.2546057479734,97.2182556608497,22.7114413961371,9.51104557138376,8.37980634096862,8.00951593389358,20.0496154800297,50.4513419313696,19.6192738525912,2.6783190236574,73767,0.408041536188269,44.1755472207338,4.369331825127498,0,0.6643476760415526
06.141.01.73.,Sidi Othmane (Arrond.),219610.0,49224.0,4.46144157321631,71.3241518861886,22.0416675269971,96.4277005608388,95.0520198325611,96.6179421037546,19.3864980289093,9.10978552889212,8.14033969309229,8.05655480169391,21.9358779634154,49.865271833888,20.8775490244021,3.04810244637348,64719,0.387830467096216,46.3684537795704,3.339074545884753,0,0.5943254677921387
06.141.01.81.,Mechouar de Casablanca (Mun.),2592.0,645.0,4.01860465116279,29.7077922077922,64.7727272727272,99.0595611285266,98.1191222570532,96.9793322734499,51.6962843295638,5.05401234567901,5.55555555555555,6.52006172839506,14.0699179974104,49.6275605214152,16.2288930581613,5.19385515727871,893,0.895856662933931,29.21881743634,9.66767371601207,1,0.007014669698634959
06.181.01.01.,Azemmour (Mun.),40920.0,9865.0,4.14799797263051,61.4044132810888,32.8624458651268,93.3968962369408,88.5282483010447,93.681627645435,21.2683126728818,8.52639296187683,7.78103616813294,8.50684261974584,26.2235720126153,49.2296691152571,19.7345833883533,5.42956619930366,12157,7.69104219791066,46.9822174205039,3.950711011183458,1,0.11074085033493154
06.181.01.03.,El Jadida (Mun.),194934.0,49160.0,3.96529698942229,61.3529957718882,31.6840259874187,95.4120974140912,93.8190474252812,96.6304347826087,39.3751926831774,9.00253419105953,8.12941816204458,8.32179096514717,15.6539611591583,52.1202069971648,18.1901002125721,3.61502684832493,61962,2.84690616829669,31.9033292476073,9.63550372048681,1,0.5275453792568315
06.181.01.05.,Lbir Jdid (Mun.),24136.0,5337.0,4.5223908562863,65.8093797276853,26.2102874432677,89.6739130434782,89.5802098950524,95.8834586466165,15.8132530120481,11.2321842890288,9.8566456745111,9.31388796818031,26.4727501837656,50.6369805929277,17.9873030801786,3.14773935082985,6976,5.37557339449541,49.2964401974167,3.491546781476424,1,0.06531869901475824
06.181.03.01.,Chtouka,33170.0,5764.0,5.75468424705065,90.7511407511407,1.15830115830115,90.8901613742842,5.03210133610966,92.0543648719289,2.6384763236065,11.5676816400361,10.783840820018,10.7778112752487,54.5740467500194,47.2521527433389,8.88274019654613,1.29633125668617,9550,62.4502617801047,78.2225500854169,0.364963503649635,0,0.0897672044381642
06.181.03.05.,Laghdira,19973.0,3766.0,5.30350504514073,93.9083557951482,0.808625336927224,84.7052575677111,10.3823685608072,85.8324439701174,2.05772314270443,11.7258298703249,10.6393631402393,9.77820057077054,49.0712074303405,49.0518704345901,8.60409145607701,1.40556068533907,6076,54.6412113232389,74.4614987746678,0.367599638849478,0,0.054052468322081805
06.181.03.07.,Lamharza Essahel,17766.0,3341.0,5.31756958994313,93.7651331719128,0.242130750605327,90.3920981741993,44.4477701287039,94.7463224256979,4.37010247136829,12.1805696273781,10.2555442980974,9.65889902060115,42.0017419073885,48.723474801061,10.3946920721333,1.54841691703258,5267,53.6928042528953,70.3193033381712,0.703918722786647,0,0.04807971522606045
06.181.03.11.,Sidi Ali Ben Hamdouche,35182.0,7048.0,4.99177071509648,82.9842180774748,8.5222381635581,85.937278274443,32.0278132538668,93.3209647495361,5.30834167978251,11.0880563924734,10.2609288840884,9.84878631118185,44.9882523043556,49.35140047922,10.8571906914448,2.28041525720284,10649,52.9627195041787,70.0552925445412,0.798670087817571,0,0.09521223354065399
06.181.05.01.,My Abdellah,74671.0,17596.0,4.24363491702659,74.4159413650939,17.8366926248282,78.9973284829193,62.0701415335644,92.8208349991433,8.0643315018315,12.3287487779727,10.1378045024172,9.34901099489761,34.190071510001,52.376556546333,11.3436082048974,1.99417305462054,23642,14.3092800947466,59.9309094049572,1.6270835132567538,0,0.2020804016461308
06.181.05.03.,Oulad Aissa,23370.0,4051.0,5.76894593927425,96.6969238527483,0.126071608673727,83.9298938533695,22.6857566033078,79.6808775866367,1.52271592611083,12.0539152759948,11.1210954214805,12.109542148053,51.993984627381,44.115313409151,9.54736211031175,1.38408304498269,6035,53.0737365368682,77.8266681519438,0.278489473097917,0,0.06324569091709066
06.181.05.05.,Ouled Ghanem,24775.0,4215.0,5.87781731909845,96.4739745742384,0.599664188054689,90.6049822064057,79.2408066429418,91.756016202049,2.28843861740166,12.5247225025227,11.0676084762865,10.6559031281533,50.6656804733727,45.48802946593,4.72334682860998,1.18147046323841,7060,62.4079320113314,77.6809297411516,0.5018489170628639,0,0.06704800994740784
06.181.05.07.,Ouled Hcine,32130.0,5749.0,5.5887980518351,95.6651456651456,0.193050193050193,76.6394155505305,1.33936336754218,62.1376178833391,1.52310924369747,12.4027388733271,11.4472455648926,11.0488639900404,62.1755303928381,52.8278433809819,6.43438914027149,1.19475093033883,10339,41.2418996034432,84.1991253525156,0.249315404422283,0,0.08695267647266251
06.181.05.09.,Sidi Abed,22980.0,4536.0,5.06613756613756,98.6613119143239,0.133868808567604,82.6240352811466,5.13781697905181,88.380826154186,1.35105204872646,11.6710182767624,11.1705831157528,11.9712793733681,48.369994359842,46.1148197596795,5.50086855819339,0.99304865938431,6528,64.3841911764706,77.6041960408324,0.236873272799053,0,0.062190242930027534
06.181.05.11.,Sidi M'Hamed Akhdim,10817.0,1981.0,5.46037354871277,97.4045801526717,0.0,86.5219586067642,39.979808177688,86.4741641337386,1.53139356814701,11.6945548673384,11.1676065452528,11.2508089118979,54.7219558964525,42.1215097516486,7.99467021985343,1.52042498626122,2762,44.4967414916727,81.4477468839885,0.203739213806328,0,0.029273797118107393
06.181.07.03.,Haouzia,28821.0,5684.0,5.07054890921886,94.8459086078639,0.974140984767977,84.4827586206896,16.5904292751583,87.4558303886925,3.06520198440822,11.7449082266402,10.9156517816869,10.4507130217549,51.7072732983353,50.612096690528,8.18899251819206,1.29841868562309,8958,46.3049787899084,77.0031404217137,0.7267833109017501,0,0.07799760624396535
06.181.07.09.,Oulad Rahmoune,28449.0,5448.0,5.22191629955947,98.0260707635009,0.111731843575419,84.654919236417,0.275330396475771,89.260628465804,1.26065999258435,12.0144820556082,11.3290449576435,11.0056592498857,59.769745894872,49.8527600792418,7.02395016646976,1.29936491714723,8657,61.2336837241538,83.9141599413059,0.24761555392516602,0,0.07699087124092051
06.181.09.01.,Boulaouane,14485.0,2745.0,5.27686703096539,93.8609467455621,0.22189349112426,91.511839708561,2.98724954462659,92.5804093567251,2.08485735186539,10.9078356920952,9.7894373489817,10.3348291335864,50.3656625457078,51.001001001001,3.61138370951913,1.61064425770308,4911,79.4135613927916,78.4800208931835,0.40045268564464104,0,0.03920042075028063
06.181.09.03.,Chaibate,9877.0,1954.0,5.05475946775844,92.0248575867426,0.051786639047126,87.0522006141248,0.15353121801433,86.8421052631578,1.70190820010314,10.4080186291384,9.94229016907968,10.9344942796395,56.0513602847699,45.1009282451746,11.8262005880431,1.32835201328352,2699,60.1704334938866,81.6956908605567,0.330494470573281,0,0.026729896841596257
06.181.09.05.,Mettouh,25856.0,4958.0,5.21500605082694,95.6168831168831,0.629058441558442,90.7605406495864,4.43816824692354,89.2510121457489,1.92697768762677,10.1755878712871,9.32472153465346,10.5662128712871,49.0870651547184,49.0985510452383,6.72448749718405,1.80613613060967,8281,69.4843617920541,75.0360334390314,0.509272604977419,0,0.06997349526539565
06.181.09.07.,Mogress,15705.0,2811.0,5.58697972251867,98.4263233190271,0.035765379113019,86.5884027036641,14.0163642831732,84.7197429489468,1.50322118826055,12.3718560967844,11.3403374721426,11.3912766634829,57.9000083465487,55.6122448979591,2.24064925899788,1.0,5541,50.1894964807796,80.5024622318671,0.35055504548869,0,0.04250207855596529
06.181.09.09.,Oulad Hamdane,11577.0,2246.0,5.15449688334817,97.7608598298253,0.134348410210479,82.5389755011135,2.53897550111358,85.7589285714285,0.982142857142857,11.2464369007514,10.6677032046298,11.1686965535112,55.9845132743362,58.267716535433,4.03190075321222,1.28740431454418,4332,69.5290858725761,80.9734513274336,0.508849557522124,0,0.03133056755443554
06.181.09.11.,Oulad Sidi Ali Ben Youssef,10032.0,1798.0,5.57953281423804,99.1582491582491,0.056116722783389,88.5428253615128,0.50055617352614,89.1206313416009,4.51722190852625,11.2340510366826,10.4565390749601,10.7057416267942,48.2495225970719,50.7225007372456,4.53488372093023,0.798852929127407,3284,64.3422655298416,74.2362525458248,0.7510183299389,0,0.027149369759531604
06.181.09.13.,Ouled Frej,19752.0,4350.0,4.54068965517241,79.6705882352941,14.2588235294117,86.7464335020708,59.6180395766221,92.6778242677824,8.19366852886405,10.8950992304576,10.3179424868367,10.4951397326852,34.3229869545659,49.4106308844243,10.5776444111027,2.40951708841617,5960,28.7248322147651,58.9191620614316,3.2258064516128977,0,0.0534543811294127
06.181.09.15.,Sebt Saiss,10488.0,2044.0,5.13111545988258,93.3823529411764,0.049019607843137,88.0136986301369,0.048923679060665,85.0687622789783,1.8172888015717,10.9172387490465,10.4977116704805,10.7742181540808,53.2645631067961,50.8295838020247,7.77316735822959,1.32200188857412,3334,61.4577084583083,77.0565396748362,0.715845668527057,0,0.028383432021328495
06.181.09.17.,Si Hsaien Ben Abderrahmane,5990.0,1196.0,5.00836120401337,96.9671440606571,0.4212299915754,85.953177257525,0.167224080267559,90.7795473595976,0.841750841750842,10.2337228714524,9.78297161936561,10.2337228714524,52.1394280943435,50.1436093824796,4.24821002386634,1.30763936682725,2006,75.9720837487537,75.4957211438113,0.438321853475266,0,0.01621059857053372
06.181.09.19.,Sidi Smail,28733.0,5861.0,4.9024057328101,91.1416309012875,5.08154506437768,87.0841153386794,32.6736051868281,91.1427102963851,7.0362107430925,11.5616190443044,10.2321372637733,10.6950196638012,45.4452405322415,55.3923084854108,5.62121917170777,1.64970164970165,10141,53.1998816684745,71.9994659783721,1.188198122023937,0,0.07775945387765365
06.181.09.21.,Zaouiat Saiss,11160.0,1971.0,5.662100456621,97.6875642343268,0.308324768756423,84.0182648401826,1.3191273465246,89.4413121476166,1.79487179487179,11.6039426523297,11.4336917562724,11.1021505376344,50.9956911610574,50.1088435374149,2.82378495791474,0.955882352941177,3579,53.1153953618329,76.0391198044009,0.384212364652462,0,0.03020205009134496
06.181.09.23.,Zaouiat Lakouacem,10967.0,2127.0,5.15608838740009,97.5390440132513,0.189304306672977,89.3276915843911,3.66713681241184,86.8495742667928,1.56398104265402,10.367466034467,9.55594054891948,9.63800492386249,59.5308585743566,47.3656957928802,5.52063405301995,1.18959107806691,3457,73.0980619033844,81.1090867683898,0.204964700523798,0,0.02967973865159321
06.355.01.01.,Lahraouyine (Mun.),64757.0,15160.0,4.27156992084432,86.1144298420284,8.27027744590468,94.6233012270748,49.1951444781633,94.1586458679057,5.51930758988015,11.7531695415167,9.88155720617076,9.53873712494402,25.9430057940167,49.1070226609827,15.8861424589939,2.5438921859545,18410,0.934274850624661,54.2396594872603,1.3596862868740929,1,0.17525037255960804
06.355.01.03.,Mediouna (Mun.),22264.0,5042.0,4.41570805236017,65.6794076445867,24.3346007604562,85.6179329498115,85.1219996032533,96.6846415018973,13.2785900260364,10.3530362917714,8.39022637441609,8.34531081566654,26.8435599778883,50.9517649233043,13.8193688792165,2.92285138354407,7128,6.341189674523,49.6821624011939,3.272345365098664,1,0.06025254867685523
06.355.01.05.,Tit Mellil (Mun.),32782.0,7187.0,4.5612912202588,71.4486836547937,18.3162044206673,95.6993736951983,83.8830897703549,95.0854102492299,18.8912280701754,11.7686535293758,10.1305594533585,9.42895491428222,21.9622700464789,51.3770433546552,14.3869963686667,1.80360721442885,9902,1.59563724500101,46.0141389680896,4.472132172011089,1,0.08871716900488087
06.355.03.01.,Al Majjatia Oulad Taleb,32286.0,7544.0,4.27969247083775,77.4314884470714,7.2944653412144,86.1195810685403,79.676521278006,94.8862115127175,8.30097737314232,12.3211299015052,9.76274546242953,9.04726506845072,31.9087186419115,49.7773780076456,10.6523310444524,1.91332995438418,9889,12.42795024775,59.8306567021784,1.435045317220537,0,0.08737485566748776
06.355.03.05.,Sidi Hajjaj Oued Hassar,19733.0,4627.0,4.26475037821482,68.4704342133973,12.6336460833515,93.8175529615218,48.1193255512321,93.77990430622,10.4071413019812,12.0052703592966,9.70962347336948,8.86839304717985,30.5710216237213,49.6057818659658,12.6857983811626,1.59395973154362,5933,14.5457609978088,56.8293630243397,1.637752459865354,0,0.05340296186850449
06.371.01.01.,Mohammadia (Mun.),207670.0,49974.0,4.15556089166366,61.5083650887453,26.3118211643877,92.3790257971478,88.2370613683704,97.2464442511178,39.0039137752722,8.44272162565609,7.31304473443443,7.27692974430587,16.8649353173536,50.396025976301,20.400486642169,3.57599462085554,64119,1.36932890406899,36.3561017433552,8.89568448128036,1,0.5620125217266675
06.371.01.03.,Ain Harrouda (Mun.),62224.0,15143.0,4.10909331044046,79.2960662525879,5.02905229412943,97.338177014531,95.3632760898282,95.8939605341837,16.0543130990415,12.0757264078169,9.01742093083054,7.85709694008742,24.7204285743385,50.40262384076,17.9284656464569,2.85486950986632,18288,1.25218722659667,48.5631071915924,2.661968675533101,1,0.1683953731974775
06.371.03.01.,Bni Yakhlef,48338.0,10827.0,4.46457929250946,75.6776897997205,13.9543549138332,80.9624976907445,84.3986698688342,96.2179785747554,16.5593805392294,11.8540278869626,9.30944598452563,8.42401423310852,25.9435200251955,50.7697731813374,14.9710648148148,2.65308688545203,14693,7.17348397195943,50.7741156712501,3.95455022567439,0,0.13081601230425027
06.371.03.03.,Ech-challalate,53385.0,12840.0,4.15771028037383,82.0573223400078,2.57557911268158,67.904984423676,24.5327102803738,90.9404659188956,7.3413944723618,12.1700852299335,9.82860354032031,8.95757235178421,30.6720468847576,47.5324886730513,14.343607305936,2.54041570438799,15007,9.50223229159725,54.7008957517831,1.4240772315746408,0,0.1444745917676031
06.371.03.05.,Sidi Moussa Ben Ali,11445.0,2650.0,4.3188679245283,82.0425208807896,2.80941533788914,83.5849056603773,78.0754716981132,91.8529746115953,4.28679817905918,10.8519003931847,9.00830056793359,9.1917868064657,34.1692106410815,44.35960591133,17.3237090505274,2.12613900303734,2978,26.7965077233042,58.7549062363715,1.52638464893153,0,0.030973339004968018
06.371.03.07.,Sidi Moussa Majdoub,20330.0,4917.0,4.13463494000406,85.4654779183081,2.42587601078167,48.5865365059996,68.5987390685377,93.3512285773281,3.45255323547653,11.9822921790457,9.57206099360551,8.83915395966551,33.3333333333333,48.9223376439827,13.9968221869131,3.38338338338338,5954,21.2798118911656,61.0484073238023,0.8590418861299219,0,0.05501860917177805
06.385.01.01.,Bouskoura (Mun.),100176.0,23319.0,4.29589605043097,68.6729263121457,23.1837653065639,96.1147562073845,89.017539345598,96.6695464362851,16.008667388949,11.7902491614758,9.97145024756428,9.22077144226162,25.3081693591608,53.3259086767237,12.2813203504299,1.80670709070659,32341,1.93562351195077,49.8366846993977,3.8570480759415995,1,0.2711039937231696
06.385.01.02.,Dar Bouazza (Mun.),149980.0,35998.0,4.16634257458747,79.1708655245773,14.8303661404098,96.3218135348372,81.6868540948994,97.1992397137746,14.2989058958502,12.0309374583277,10.5727430324043,9.5626083477797,26.6307110425695,53.0013662679261,12.4902637142539,2.42461287693561,47187,1.91366266132621,52.2178860948147,3.07463020873714,1,0.4058874079480213
06.385.01.03.,Nouaceur (Mun.),21508.0,4913.0,4.37777325463057,78.8015596142007,11.4098091524728,88.1514657980456,78.8680781758957,97.5179487179487,31.3000616142945,10.0892691091686,8.32248465687186,8.32248465687186,21.5991337550578,47.3029572280746,16.3536356318755,1.9411986430456,6235,4.7794707297514,42.7342147253248,6.5819466605881,1,0.058206603348086694
06.385.03.03.,Oulad Azzouz,39231.0,9165.0,4.28052373158756,82.3095552619991,6.23073535887274,89.0780141843971,65.1282051282051,94.0601668862538,10.5824175824175,12.3856134179602,10.275037597818,9.33700389997706,30.421885299934,49.6626433765649,10.8159106347648,2.00228832951945,11816,8.01455653351387,57.8260439669094,1.466662272172967,0,0.1061699486678812
06.385.03.05.,Oulad Salah,14756.0,3316.0,4.44993968636911,73.6874236874236,4.94505494505494,91.7370325693606,38.9927623642943,95.7763597690671,12.6370280146163,12.0628896719978,9.13526701002981,8.63377609108159,30.3749570003439,47.1701757774773,15.6019656019656,1.40173815531258,4122,16.9577874818049,56.2263501891984,2.915376676986579,0,0.039933821787445006
06.461.01.01.,Ben Ahmed (Mun.),32528.0,7222.0,4.50401550816948,65.7946554149085,25.8509142053445,90.4306882703226,74.6295526935327,94.3024717218265,17.772180240694,9.69626168224299,9.06910969011313,9.49335956714215,27.0686653039594,45.8947548851559,20.2147525676937,2.82160194174757,8545,5.16091281451141,50.3481683318195,4.037995761429002,1,0.0880297746748449
06.461.01.05.,El Borouj (Mun.),19229.0,3841.0,5.00624837281957,81.1629153269024,13.5048231511254,89.9452982547538,79.6301120083355,95.3366518208016,11.0761154855643,10.9470071246554,9.37126215611836,9.1060377554735,37.3319409998694,45.6340726549259,17.6166639754561,2.34944085359597,5102,9.89807918463347,61.4280120088761,2.427881477613885,1,0.052038998315992145
06.461.01.09.,Loulad (Mun.),6049.0,1209.0,5.00330851943755,62.2448979591836,26.1904761904761,95.850622406639,72.1161825726141,95.4849498327759,15.9565580618212,12.2830219871053,9.50570342205323,10.1173747726897,32.7626294652293,44.4039815489196,20.5576817933296,1.58940397350993,1453,12.8699242945629,60.0718664130205,1.944620587613608,1,0.016370268907038143
06.461.01.13.,Oulad M'Rah (Mun.),8697.0,1746.0,4.98109965635738,68.9110070257611,22.423887587822,95.5300859598853,90.7163323782235,94.5244956772334,12.8115942028985,10.6358514430263,8.92261699436587,9.02610095435207,29.073756432247,42.9721461922395,20.8692394155114,2.90052118740086,2112,2.93560606060606,51.7295597484276,2.730131503716401,1,0.02353649011150781
06.461.01.15.,Settat (Mun.),141637.0,32714.0,4.32955309653359,70.9553782874236,21.1454568116664,97.1043297455968,95.7681017612524,96.3589838451103,29.1620250030944,9.23840521897526,8.20336493995213,8.4067016386961,22.4066709429121,48.5955858549311,21.2841412281045,3.36550324897869,40175,1.77473553204729,40.832784586045,7.22208444151779,1,0.38330893985554
06.461.03.02.,Ain Dorbane-Lahlaf,8120.0,1451.0,5.59614059269469,94.0931202223766,0.069492703266157,92.8325292901447,0.068917987594762,91.3674033149171,1.93503800967519,12.5246305418719,9.86453201970443,9.95073891625615,49.5715645826721,49.0535129231889,6.38218923933209,0.97916143610344,2523,49.5045580657946,75.3728974928594,0.444303395747381,0,0.021974968346032357
06.461.03.03.,Bouguargouh,9539.0,1543.0,6.18211276733635,96.0809928151535,0.065316786414108,92.7414128321451,0.388852883992223,92.7781392322706,1.68940870695256,12.0977041618618,10.074431282105,11.1122759199077,46.0595446584938,45.0659962287869,11.8549511854951,0.597345132743363,2528,47.626582278481,71.1745689655172,0.619612068965517,0,0.025815175252808208
06.461.03.07.,Lakhzazra,8582.0,1513.0,5.67217448777263,97.3386560212907,0.0,93.2584269662921,0.198281559814937,93.8164893617021,1.13182423435419,12.3747378233512,10.8133302260545,11.279422046143,53.9290048543689,44.078947368421,14.4413069786204,1.03456383729132,2121,69.7312588401697,77.9733009708737,0.227548543689321,0,0.02322526826916868
06.461.03.09.,Mniaa,11789.0,1898.0,6.21127502634352,94.7537473233404,0.321199143468951,95.4162276080084,3.42465753424657,92.4178154825026,1.4346439957492,12.0366443294596,10.348630078887,10.0941555687505,52.1914963383976,43.3793969849246,11.67101071532,0.884188626907074,3050,44.7540983606557,78.2841530054644,0.316939890710383,0,0.0319042982550955
06.461.03.11.,Mrizigue,8376.0,1430.0,5.85734265734265,95.1670220326936,0.0,96.1511546536039,3.3589923023093,92.2159887798036,1.75438596491228,11.6045845272206,10.4465138490926,10.2196752626552,52.0294072599172,44.8087431693989,8.69394177812745,0.936883629191322,2321,65.6613528651443,74.743452289784,0.444172155000766,0,0.022667775229848156
06.461.03.13.,M'Garto,8514.0,1585.0,5.37160883280757,89.9303356554781,0.126662444585181,67.0031545741325,0.0,92.9069031032299,0.823305889803673,10.7235142118863,9.38454310547333,10.6647874089734,50.2720188207616,52.3583305055989,2.85158781594296,0.843983602604292,2998,81.054036024016,76.065862981476,0.690973243163776,0,0.023041241440655107
06.461.03.15.,N'Khila,12306.0,2082.0,5.91066282420749,96.4129907901115,0.048473097430926,93.9961575408261,1.96926032660903,93.5002407318247,1.83397683397683,12.4167072972533,9.52380952380952,10.222655615147,51.0410160316468,47.5563009103977,13.7279596977329,0.871021775544389,3425,44.7883211678832,75.4944826150322,0.260254007911722,0,0.03330344340717662
06.461.03.17.,Oued Naanaa,6991.0,1308.0,5.34480122324159,94.3322981366459,0.15527950310559,93.5015290519877,0.305810397553517,92.8406466512702,14.1865844255975,11.4003719067372,9.96996137891574,10.5564296953225,50.1728215390212,43.7276738810674,10.9562710235463,0.862812769628991,1853,47.004856988667,77.3148990358377,0.23649263234491602,0,0.01891958173732909
06.461.03.19.,Oulad Chbana,8081.0,1319.0,6.12661106899166,98.8567073170731,0.0,95.6027293404094,0.075815011372252,90.8194233687405,1.13981762917933,13.5131790619972,11.4837272614775,11.18673431506,60.617059891107,46.2478184991274,4.69601677148847,0.620636152055857,2273,64.4082710074791,82.9401088929219,0.148490348127372,0,0.021869423547326045
06.461.03.21.,Oulad Fares,12341.0,1947.0,6.33846944016435,86.8544600938967,1.09546165884194,93.7853107344632,8.8854648176682,92.5443169968717,4.3910088865656,11.9520298193015,9.9991896928936,10.0883234745968,48.2765780730897,45.0101347323238,9.27152317880794,0.87248322147651,3425,58.2773722627737,76.0382059800664,0.539867109634551,0,0.033398163098323316
06.461.03.23.,Oulad M'Hamed,10187.0,1746.0,5.83447880870561,93.0915371329879,0.518134715025907,51.4318442153493,0.11454753722795,92.9965556831228,1.67533217793183,11.2507363047319,10.0726487335558,10.5046141763204,55.8606915491199,59.6198156682027,2.60869565217391,0.895400895400895,4032,80.4811507936508,82.5056151734464,0.199650611429998,0,0.027568842677466947
06.461.03.25.,Ras El Ain Chaouia,14747.0,2757.0,5.34892999637286,89.5970695970695,5.89743589743589,92.2016684802321,34.0224882118244,89.9598393574297,3.84193194291986,10.605546890893,10.1105309554485,9.37817861259917,47.6769059638915,44.921912891648,9.26365795724465,1.21865807536069,4202,62.0418848167539,71.6558330482381,0.829627095449881,0,0.039909465295435854
06.461.03.27.,Sgamna,10245.0,1560.0,6.56730769230769,96.4957819597663,0.129785853341986,95.0641025641025,11.0897435897435,93.5006435006435,2.44845360824742,13.1966813079551,11.3421181063933,10.0439238653001,54.0243271221532,47.6723366159355,6.76056338028169,0.949742777997626,2979,49.3789862369922,82.2144612598628,0.129349372655542,0,0.027725806737081467
06.461.03.29.,Sidi Abdelkrim,14008.0,2273.0,6.16278046634403,92.7867383512544,0.134408602150538,93.4887813462384,0.87989441267048,92.3864648263579,1.4712438698172,12.4571673329525,10.2727013135351,9.54454597372929,42.3172872586159,43.7651523136924,7.36994219653179,0.710584752035529,3846,59.854394175767,69.290465631929,0.6189948263119001,0,0.03790952667379572
06.461.03.31.,Sidi Dahbi,8703.0,1572.0,5.53625954198473,93.7017994858611,1.2853470437018,93.9567430025445,6.17048346055979,93.1210191082802,2.35668789808917,11.1570722739285,8.74411122601401,10.1344364012409,42.877635920241,41.616028904582,14.1673243883188,1.15158636897767,2175,34.5747126436781,71.0945345000717,0.573805766747956,0,0.023552727772847244
06.461.03.33.,Sidi Hajjaj,20732.0,3399.0,6.09944101206237,95.4667461974351,0.507008648971071,88.5554574874963,7.85525154457193,90.0563965568417,3.10540459838757,12.680879799344,10.8238471927455,10.476557978005,48.3571924071388,42.887411412289,9.01192504258943,1.00621485646641,5341,39.3372027710166,73.2202534838262,0.800807112680497,0,0.05610653248152005
06.461.07.01.,Ain Blal,4699.0,906.0,5.18653421633554,93.9732142857142,0.111607142857143,85.8719646799117,4.3046357615894,91.7686318131257,2.11345939933259,11.151308789104,9.49138114492445,10.3000638433709,53.6873156342182,41.0785824345146,7.87696924231057,1.10326566637246,1228,59.2019543973941,79.9141861088763,0.563153660498793,0,0.012716795105665769
06.461.07.03.,Bni Khloug,12930.0,2290.0,5.64628820960698,96.1486789072996,1.34348410210479,94.5851528384279,10.3493449781659,93.5383244206773,2.10008936550491,11.8793503480278,9.78344934261407,9.60556844547563,49.4865718799368,43.6030156408236,11.6645161290322,1.01281848393733,3423,26.9354367513876,73.5215717247507,0.641721788922895,0,0.03499216018647763
06.461.07.05.,Dar Chaffai,17454.0,2913.0,5.99176107106076,96.5648854961832,0.416377515614157,93.5461723309303,0.240302094061105,92.01244813278,1.35181975736568,11.8368282342156,10.4847026469577,9.74561705053282,54.5038731095536,47.651176520199,8.24778761061946,1.44927536231884,5184,41.3773148148148,81.0075232335152,0.6416875645375429,0,0.04723535683640995
06.461.07.07.,Laqraqra,11419.0,1833.0,6.22967812329514,90.5442550852116,0.05497526113249,97.545008183306,4.4189852700491,94.906900328587,0.60207991242474,11.9975479464051,9.82572904807776,9.73815570540327,51.9493614160878,41.3435700575815,20.1176106468585,0.863930885529158,2581,46.2998837659821,78.4474067435868,0.324857174862776,0,0.030902975805830478
06.461.07.09.,Meskoura,7180.0,1113.0,6.45103324348607,96.0076045627376,0.0,90.7457322551662,0.0,92.3629829290206,0.628930817610063,11.9777158774373,9.9025069637883,9.84679665738161,55.3039757532537,46.3484292125663,8.7588028169014,0.708616780045351,2073,60.0578871201157,81.4761989659475,0.267427348903548,0,0.01943106806952122
06.461.07.11.,Oulad Amer,6673.0,1081.0,6.17298797409805,86.2359550561797,0.093632958801498,97.8723404255319,26.0869565217391,97.3098330241187,1.11524163568773,13.202457665218,9.83066087217143,9.45601678405514,54.8305414881184,43.8179800221975,3.3434650455927,1.65314096783889,1908,47.0125786163522,81.8730529595015,0.116822429906542,0,0.018058985686339152
06.461.07.13.,Oulad Bouali Nouaja,6507.0,1065.0,6.10985915492957,93.4659090909091,0.189393939393939,94.2723004694835,0.375586854460094,95.9624413145539,2.54237288135593,11.4031043491624,9.4667281389273,9.8816658982634,54.9747376603186,46.4935641367066,4.00954653937947,0.828289264096846,2011,53.9035305818001,82.4820353466692,0.213633715284521,0,0.017609743722614847
06.461.07.15.,Oulad Fares El Halla,3021.0,525.0,5.75428571428571,79.9614643545279,0.0,90.6666666666666,0.19047619047619,97.7142857142857,0.952380952380952,12.0158887785501,10.2284011916583,8.44091360476663,58.1098339719029,45.7497612225405,13.6743215031315,1.52418820410868,827,57.7992744860943,81.1834823329076,0.255427841634738,0,0.008175662484404402
06.461.07.17.,Oulad Freiha,11581.0,1838.0,6.30087051142546,98.28634604754,0.0,93.6887921653971,21.70837867247,90.1531728665207,0.767123287671233,13.1681201968741,10.689923149987,9.86097919005267,56.1415447431099,44.4502344971339,7.09261430246189,0.778421433743664,3170,47.6340694006309,82.456339305965,0.29485144023588095,0,0.03134139266199516
06.461.07.19.,Sidi Ahmed El Khadir,9687.0,1404.0,6.89957264957265,98.8522238163558,0.0,96.2250712250712,16.7378917378917,95.561918396564,1.29032258064516,11.8715804686693,9.91018891297615,10.0340662743883,57.5689586907747,45.450416351249,10.2598267821452,0.484925152856842,2694,36.9339272457312,83.1067704896397,0.356341559984163,0,0.026215704232514216
06.461.07.21.,Sidi Boumehdi,5081.0,797.0,6.37515683814303,96.5779467680608,0.126742712294043,96.2358845671267,0.0,95.2201257861635,1.89633375474083,12.2023223774847,9.78153906711277,8.44321983861444,47.3631087559929,42.5459688826025,15.5585106382978,1.17693213024715,1270,41.5748031496062,74.6468213925328,0.529767911200807,0,0.013750592877609656
06.461.09.03.,Bni Yagrine,13031.0,2023.0,6.44142362827484,98.1056829511465,0.0,98.3193277310924,0.148294611962432,96.2245404868355,1.24440019910403,14.2890031463433,11.6644923643619,11.9561046734709,64.5455487615296,43.1219873934,1.54772141014617,0.659482065304809,3435,75.8951965065502,88.8278578090993,0.093273914395274,0,0.03526549415235808
06.461.09.05.,Gdana,9084.0,1669.0,5.44278010784901,95.7703927492447,0.483383685800604,95.6261234272019,0.359496704613541,92.4425634824667,0.966767371601209,10.9973579920739,9.61030383091149,10.083663584324,48.9600665557404,46.6327827191867,18.7329700272479,1.10243454294901,2386,52.8080469404861,73.3083749306711,0.818080976150859,0,0.024583819267901225
06.461.09.07.,Guisser,12289.0,2272.0,5.40889084507042,90.3269144648455,5.41871921182266,91.1091549295774,28.6971830985915,92.8162185985015,5.89539007092198,11.7991699894214,9.6346325982586,10.3100333631703,45.146586553403,43.7172150691464,11.0717207526588,1.14980289093298,3261,32.5053664520085,70.0983946141895,0.952874158467115,0,0.033257436700048236
06.461.09.09.,Khemisset Chaouia,5527.0,1058.0,5.22400756143667,95.023923444976,0.0,93.9508506616257,0.094517958412098,92.1177587844254,2.3764258555133,10.0958928894517,9.31789397503166,8.82938302876786,43.2741971704468,47.2768532526475,8.37333333333333,1.27737226277372,1718,66.2980209545983,69.2411315671306,0.6735518634934891,0,0.014957592370507493
06.461.09.11.,Lahouaza,7394.0,1368.0,5.40497076023391,96.5466568699485,0.073475385745775,94.298245614035,0.365497076023392,92.9255711127487,2.73668639053254,10.7113876115769,9.6835271842034,8.95320530159588,46.6938636749957,46.2289433384379,4.88612836438923,1.27949957350014,2297,58.0322159338267,74.1760108732585,0.54366292898403,0,0.020010211323960993
06.461.09.13.,Machraa Ben Abbou,9355.0,1574.0,5.94345616264294,96.0205391527599,0.577663671373556,92.6208651399491,0.0,92.1606118546845,2.35668789808917,12.0791020844468,10.3687867450561,10.6039551042223,52.7084769124741,44.6271754750119,13.7388193202146,1.45251396648044,2411,37.6607216922438,77.5465196416264,0.523776705720193,0,0.025317220305065606
06.461.09.14.,Mzamza Janoubia,19576.0,3485.0,5.61721664275466,91.3947444412359,0.144383482529599,93.2568149210903,1.40602582496413,93.5576646534368,1.53002309468822,12.0811197384552,9.991826726604,9.64957090314671,45.7120377655389,48.6158910668861,8.67959372114496,1.1182108626198,5934,38.7765419615773,73.9167486070141,0.5244182235332681,0,0.052978076396789336
06.461.09.15.,Mzoura,9525.0,1855.0,5.13477088948787,96.862960924601,0.220143093010457,93.9622641509434,0.107816711590297,93.122270742358,0.768808347062054,10.0262467191601,9.71128608923884,9.55380577427821,51.6812769854769,49.7253155159614,5.91221260077635,0.883002207505519,3151,72.357981593145,76.8999345977763,0.483976455199477,0,0.025777287376349534
06.461.09.19.,Oulad Said,9271.0,1798.0,5.15628476084538,88.8191671420422,3.53679406731317,95.2698942682248,17.5848636616583,92.2727272727272,8.25740318906605,9.88027181533815,8.68298996871966,8.90950275051235,44.5475023188021,44.2593694229625,11.2231182795698,1.51781786185657,2642,59.2354277062831,69.205298013245,0.781456953642384,0,0.025089893046313545
06.461.09.21.,Oulad Sghir,13866.0,2528.0,5.48496835443038,96.1012861736334,0.080385852090032,96.2801741195093,0.395726157499011,91.7764471057884,1.96156925540432,11.4957449877397,9.49084090581278,9.00764459829799,50.0273822562979,45.2147934480271,7.31373889268626,1.33037694013303,4068,60.1278269419862,75.8762322015334,0.32858707557502703,0,0.03752523535542914
06.461.09.23.,Rima,8949.0,1473.0,6.07535641547861,96.4113181504485,0.20703933747412,96.1303462321792,0.135777325186694,91.7006802721088,1.15961800818553,11.9231199016649,9.73293105374902,9.76645435244161,55.2211126961483,43.1318233664657,4.23120513789195,1.0124252185918,2535,75.4635108481262,83.4260447867636,0.12836970474967901,0,0.024218471887763986
06.461.09.25.,Sidi El Aidi,13839.0,2562.0,5.40163934426229,87.8895463510848,1.34122287968441,90.3981264637002,3.12256049960968,92.6972909305064,4.10580339518357,11.1857793193149,9.97904472866536,9.62497290266637,46.4753872948941,44.4142827312591,6.06488011283497,1.10488875435144,3996,60.1101101101101,70.7607699358386,0.6599450045829519,0,0.0374521658794017
06.461.09.27.,Sidi Mohammed Ben Rahal,10410.0,1813.0,5.74186431329288,94.9608062709966,1.73572228443449,92.88472145615,6.23276337562051,93.4362934362934,4.63576158940397,11.6426512968299,9.74063400576368,9.49087415946205,50.3421309872922,44.8860478043357,3.31269349845201,1.20887831946095,3123,51.3288504642971,73.2038123167155,0.513196480938416,0,0.028172342423915867
06.461.09.31.,Toualet,11976.0,1925.0,6.2212987012987,95.8925750394944,0.210637177461822,94.2857142857142,0.311688311688312,92.7710843373494,1.31717597471022,12.817301269205,10.9468937875751,9.76953907815631,51.6217400832785,47.3492462311557,9.23321836030777,0.820512820512821,3421,50.686933645133,81.9277108433734,0.339539978094195,0,0.03241037203350782
06.467.01.07.,Sidi Bennour (Mun.),55815.0,12507.0,4.46270088750299,66.253242542153,26.5402075226977,79.192,88.904,96.0487057495363,19.5064534458965,9.84144047299113,9.06566335214548,9.78231658156409,28.5831068690484,50.3140545701221,15.3350644162588,4.02426550982259,16955,3.68622825125331,50.5523397110158,5.227343025054127,1,0.1510508446100734
06.467.01.09.,Zemamra (Mun.),13279.0,2916.0,4.55384087791495,54.0784449843804,38.6324192988545,96.2238242361826,93.8894610367318,96.1365988271817,27.1784232365145,10.3019805708261,9.12719331274945,9.43595150237216,24.1002150135552,48.8672453948761,14.948006932409,2.98620585114446,3926,3.10748853795211,46.2846995046266,7.30909430787923,1,0.03593665082105464
06.467.07.01.,Bni Hilal,17843.0,3561.0,5.01067115978657,96.0939711293518,0.396263798471554,94.1027801179443,11.5697837686043,92.056338028169,1.80535966149506,10.7717312111192,9.80776775205963,10.9903043210222,55.1337238021311,44.1850941850941,4.93049119555143,1.8794048551292,5129,62.7997660362643,79.2534048408722,0.705666502011149,0,0.04828809854658317
06.467.07.03.,Bni Tsiriss,14067.0,2474.0,5.68593371059013,98.9820846905537,0.04071661237785,94.3007275666936,43.9369442198868,92.5415484394,1.01419878296146,11.6656003412241,10.7912134783535,11.1466552925286,59.2500916758342,46.6809421841541,2.20183486238532,0.592680397095866,4264,81.1679174484052,85.1485148514851,0.275027502750276,0,0.03806919701030015
06.467.07.05.,Bouhmame,23234.0,4098.0,5.66959492435334,94.5347119645494,1.7479074347612,86.7219917012448,13.6441298511105,87.3349633251833,2.0879390813068,10.7385727812688,10.1747439097873,10.7170525953344,52.3047619047619,47.8438778722064,5.18421052631578,1.56942720340485,7206,66.8054399111851,76.0272108843537,0.5877551020408169,0,0.06287763726006351
06.467.07.07.,Jabria,19676.0,3617.0,5.43986729333702,99.3187624183934,0.056769798467215,78.6563450373237,0.138236107271219,80.9088390135771,0.915903413821815,11.8723317747509,10.8253710103679,11.6232974181744,57.0921286249753,54.6158012845314,3.48540663077359,1.35191783693146,6812,49.0604815032295,85.6541748849441,0.29585798816568,0,0.05324870408577988
06.467.07.09.,Khmis Ksiba,5665.0,1030.0,5.5,97.4231912784935,0.099108027750248,83.5922330097087,0.776699029126214,81.3306852035749,1.09452736318408,10.9443954104148,10.6443071491615,11.6681376875551,60.8959927960378,46.9717006083046,11.0923423423423,1.93855157278712,1579,49.5883470550981,84.984241332733,0.427735254389915,0,0.015331058581314448
06.467.07.11.,Koudiat Bni Dghough,15181.0,2865.0,5.29877835951134,94.8482709950599,0.070571630204658,92.7748691099476,92.9493891797556,86.1140258831759,1.72535211267605,12.159936763059,10.7239312298267,10.4275080692971,53.5662424190655,43.154879494271,10.2311741817349,1.60593792172739,3922,32.0499745028046,83.0955838387289,0.350217818399249,0,0.04108398946565483
06.467.07.13.,Kridid,14351.0,2484.0,5.77737520128824,96.4705882352941,0.892494929006085,91.3446054750402,46.2962962962963,90.4646464646464,2.26445612616255,12.6820430632011,11.6507560448749,11.6437878893456,52.2568165070007,50.9468872442316,7.43430890835291,1.01910828025477,4333,65.4281098546042,77.1249654664333,0.53411916382724,0,0.0388377796470333
06.467.07.15.,Laagagcha,13748.0,2666.0,5.15678919729932,97.8939450921399,0.112824370063934,92.7981995498874,0.0,90.5048982667671,2.78614457831325,10.1614780331684,9.87780040733197,10.3651440209485,47.1246587807097,44.7010869565217,9.56277764788403,1.93151887620719,3868,48.6039296794208,74.4109888110615,0.918766487764941,0,0.037205894682420304
06.467.07.17.,Laamria,10520.0,1921.0,5.47631441957313,97.5935828877005,0.213903743315508,92.9724102030192,1.56168662155127,88.9528795811518,0.734137388568432,11.3022813688212,10.6083650190114,10.3041825095057,55.0158266374482,42.7289300238395,5.34952412208729,1.06095679012345,2884,84.500693481276,76.5794278758368,0.632988435788193,0,0.028470032881805468
06.467.07.19.,Laaounate,17850.0,3564.0,5.0084175084175,83.9428571428571,7.48571428571428,92.8972487366647,68.192026951151,93.8787023977433,8.85860306643952,10.2577030812324,10.1064425770308,10.1400560224089,47.083655808063,44.5626763401854,7.90520984081042,1.42904990510215,5091,43.3510115890787,70.2215969046781,2.110446711220535,0,0.04830704248481251
06.467.07.21.,Laatatra,17593.0,3190.0,5.51504702194357,93.1143398610233,2.43209096651926,85.5799373040752,15.6426332288401,89.2666037141957,2.68138801261829,11.32268515887,10.600807139203,11.6353094980958,46.6074548631333,49.9016169047822,10.0120006857534,1.67702591767327,5249,51.9337016574585,73.5658124635993,0.575131042516016,0,0.047611529324106804
06.467.07.23.,Lmechrek,16141.0,2895.0,5.5754749568221,93.8768369489153,0.59482155353394,94.5423143350604,9.67184801381692,93.1392931392931,1.5267175572519,10.6622885818722,9.65863329409578,10.4702310885323,47.4335044330378,52.3766896428251,7.93026833019996,1.63477379292865,5387,68.0712827176536,72.1872327190731,0.816421740144624,0,0.04368201527996408
06.467.07.25.,Metrane,10580.0,2094.0,5.05253104106972,94.5542168674698,1.59036144578313,90.7310081223124,42.6660296225513,87.0565675934803,2.30436869899183,10.1039697542533,9.6219281663516,9.84877126654064,56.7004239284032,47.3493490806603,9.92063492063492,2.10468521229868,3178,58.4644430459408,77.3460496879783,0.730012951842694,0,0.028632409495199795
06.467.07.27.,M'Tal,9913.0,1966.0,5.04221770091556,97.1867007672634,0.051150895140665,93.8962360122075,44.2522889114954,93.3707292197858,3.09757356737222,10.3601331584787,9.36144456773933,10.0070614344799,52.663985926112,49.08125179443,4.0070195963732,1.95519348268839,3282,55.1492992078001,78.3488313646644,0.77909022367429,0,0.02682732280963285
06.467.07.29.,Oulad Amrane,12252.0,2371.0,5.16743989877688,90.2428632296548,5.32594801874733,93.3783213833825,95.9932517924926,88.093220338983,4.19847328244274,11.4185439111981,11.0022853411687,10.7982370225269,50.1052188552188,44.2067954045465,14.0724357202101,1.64835164835164,3108,29.8584298584298,73.8874276696475,1.388742766964748,0,0.03315730445512173
06.467.07.31.,Oulad Boussaken,7390.0,1357.0,5.44583640383198,97.2551928783382,0.074183976261128,80.69270449521,14.8120854826823,87.9080118694362,1.33630289532294,10.297699594046,9.20162381596752,10.8254397834912,58.2380632145258,52.6704214410565,11.2463126843657,1.66621875839828,2407,60.7810552555047,78.4837787863506,0.722810556396033,0,0.01999938621640137
06.467.07.33.,Oulad Si Bouhya,18198.0,3308.0,5.5012091898428,96.0999390615478,0.091407678244973,93.6215235792019,24.4256348246674,90.2091542891785,2.01219512195122,10.3472909110891,9.45158808660292,10.6989779096604,51.7711545049674,56.4911448450347,3.20503848845346,1.49833518312985,6916,80.5378831694621,77.2798903734155,0.815347721822542,0,0.049248826842499614
06.467.07.35.,Tamda,9750.0,1931.0,5.04919730709477,97.6054138469547,0.104112441436752,82.8586224754013,8.85551527705851,86.9158878504672,0.572320499479709,11.1487179487179,9.64102564102564,10.7589743589743,55.6001553800336,46.2241534312256,10.3079416531604,1.94791446114757,2767,54.2103361040838,80.0466140100997,0.37550174802537895,0,0.02638619967657826
06.467.11.01.,Laghnadra,33553.0,6324.0,5.30566097406704,92.3457973793544,3.38766379034835,92.693341768148,69.9035268068954,88.544645694312,3.09360548556849,10.9230173158882,9.61761988495812,10.8544690489673,47.906976744186,46.0054737390851,10.5665722379603,2.56643611212231,9471,24.7175588639003,73.3318330145155,1.012715201980421,0,0.09080370848699798
06.467.11.03.,Lgharbia,22729.0,4349.0,5.22625891009427,95.6926658905704,1.58323632130384,91.9981604966659,3.47206254311335,90.2478573083159,2.39646347138203,10.0312376259404,9.88604866030181,11.1971490166747,46.1982199758268,42.2686338378999,15.9413720157147,1.30707251566696,5563,48.1215171669962,68.3111745961982,1.439402263487529,0,0.061510967430661256
06.467.11.05.,Loualidia,18616.0,3715.0,5.01103633916554,90.291791655304,7.06299427324788,92.1896040937247,52.5181793697818,92.1701435925223,8.12720848056537,12.6504082509669,10.222389342501,10.3674258702191,43.2044583768721,48.1573865465078,14.8538011695906,1.62276314326997,5096,38.7558869701726,67.1193759576542,1.6924362724613389,0,0.0503800505824801
06.467.11.07.,Oulad Sbaita,25650.0,4392.0,5.84016393442622,96.5643609711406,0.114521300961979,89.7973126850375,8.38077886586199,87.9341864716636,1.38280709840977,11.2436647173489,10.0428849902534,10.7836257309941,55.4460349695378,43.4056473829201,5.98968663228877,1.24243389614526,7110,51.1251758087201,78.1376919266963,0.33680039623576,0,0.06941600222607512
06.467.11.09.,Saniat Berguig,28854.0,5437.0,5.30697075593158,96.5312557966982,0.315340382118345,90.1379944802208,5.02299908003679,86.6592756836659,2.68518518518518,10.3833090732654,9.71789006723504,10.6778956123934,52.0996009023078,43.4786962399239,6.26439428834638,1.88468518777048,8140,65.7248157248157,74.9544547583933,0.819814348919927,0,0.07808691338133222
07.041.01.01.,Ait Ourir (Mun.),39108.0,8285.0,4.72033796016898,78.1116404055209,14.7428850616831,94.4585295182904,89.3999758541591,96.984069074547,19.1403871910386,10.8852408714329,10.2383144113736,9.43285261327605,28.1374615010536,44.3294793431033,14.2952072431265,1.46953405017921,10318,4.37100213219616,53.3277142023535,3.49790903491425,1,0.10583707661042284
07.041.01.03.,Amizmiz (Mun.),14299.0,3506.0,4.07843696520251,74.24286126334,17.0752812229593,96.1198288159771,94.7503566333808,95.702005730659,15.6097560975609,9.90978390097209,8.97964892649835,8.67892859640534,29.2464217968615,45.4282128029352,14.4102019128586,2.43265530511269,4027,7.47454680903898,53.6816692533195,3.336782203828245,1,0.03869705324875821
07.041.01.09.,Tahannaout (Mun.),11623.0,2684.0,4.33047690014903,61.3243039879608,26.8999247554552,97.6891539321654,96.9064480059634,96.996996996997,26.1474793077501,12.3892282543233,10.4706186010496,8.67245977802632,21.7066369213608,47.7632570997738,11.3654301499605,1.28117526477622,3369,4.92727812407242,40.7762658933749,6.022752621012711,1,0.03145505629137119
07.041.03.05.,Ait Faska,26210.0,5264.0,4.97910334346504,94.8156682027649,1.67050691244239,90.0627018810564,84.8565456963708,93.9961759082218,7.32593726090283,11.1255246089278,10.0381533765738,8.82487600152613,41.594462461881,44.0708446866485,8.48275009274143,1.15131578947368,7401,13.4711525469531,68.988046266273,1.142138121279577,0,0.07093151728442218
07.041.03.09.,Ait Sidi Daoud,18976.0,3753.0,5.05622168931521,94.9516648764769,0.268528464017186,90.8848614072494,85.3144989339019,92.4064171122994,5.13781107840513,11.2194350758853,9.88090219224283,8.89544688026981,46.2427359561819,46.9587473652514,8.83295928182109,0.890239930517859,5687,55.459820643573,71.1394603259417,0.7013091103393,0,0.051354310262846065
07.041.03.11.,Ghmate,25210.0,4808.0,5.24334442595673,94.9120603015075,0.795644891122278,92.0549084858569,56.7595673876871,91.3634462567963,5.02197112366603,10.7933359777865,10.3609678698929,10.1031336771122,41.8897162406922,47.2648586266589,9.35172750579904,0.744011119287057,7425,27.5824915824915,71.3991044926296,0.900538310610253,0,0.06822524039451672
07.041.03.13.,Iguerferouane,11812.0,2019.0,5.85042100049529,97.5975975975976,0.05005005005005,87.7662209014363,51.3620604259534,88.8446215139442,0.646766169154229,11.76769387064,10.2692177446664,11.0988824923806,59.6373113258768,41.9346670043048,2.89855072463768,0.550206327372765,3216,31.4365671641791,90.8567705505483,0.206319904441307,0,0.03196654262356333
07.041.03.15.,Sidi Abdallah Ghiat,29496.0,6157.0,4.79064479454279,89.0867128255852,2.86844708209693,94.7701802826051,93.8606464187104,94.7471451876019,6.67320902845927,12.0592622728505,10.7675617032818,9.43517765120694,36.7394455915301,45.8858858858858,8.71509598603839,1.17466088658928,8369,19.38104910981,64.1391732196986,1.344286781179977,0,0.07982434314465152
07.041.03.19.,Tamazouzte,15846.0,2944.0,5.38247282608695,96.8792866941015,0.171467764060357,95.6846755011892,61.1960584437648,91.5728420334356,2.66575529733424,10.9049602423324,9.80689132904203,9.28941057680171,44.4205666985036,45.9159754778218,10.2886314549381,0.804855521836654,4569,39.2864959509739,70.0095510983763,0.8198026106335571,0,0.04288366359744196
07.041.03.23.,Tidili Mesfioua,21706.0,4046.0,5.36480474542758,97.9612133267031,0.099453008453506,93.8210578348986,88.8779041028176,91.0037174721189,2.25694444444444,9.90970238643693,9.32000368561688,9.03436837740717,54.4619422572178,49.7848564639393,8.74613003095975,0.822022557828331,7074,35.5951371218546,81.5480264658909,0.44490075290896697,0,0.05874244617228798
07.041.05.01.,Amghras,6077.0,1194.0,5.0896147403685,97.8885135135135,0.0,93.6348408710217,75.4606365159129,81.6806722689075,1.01180438448566,11.2720092150732,9.90620371894026,8.09610004936646,53.6743215031315,45.5793392275477,6.22766717713118,1.02615028136378,1837,36.5269461077844,78.8517745302714,0.250521920668058,0,0.016446044659955496
07.041.05.05.,Anougal,4353.0,874.0,4.98054919908466,95.5017301038062,0.115340253748558,93.9359267734553,81.2356979405034,91.3990825688073,0.459242250287026,11.5322765908568,10.406616126809,9.09717436250861,55.0618010594467,45.9693537641572,8.1159420289855,0.599630996309963,1268,42.4290220820189,83.460859329017,0.058858151854032,0,0.01178042330175848
07.041.05.07.,Azgour,6865.0,1356.0,5.06268436578171,95.4409566517189,0.298953662182362,84.7345132743362,40.929203539823,90.13353115727,0.518902891030393,10.2840495265841,8.97305171158048,9.22068463219228,50.9294351200144,42.6476578411405,3.96370582617001,0.962379702537183,2011,31.178518150174,83.9437127909074,0.126285405015335,0,0.018578590849201004
07.041.05.09.,Dar Jamaa,5911.0,1269.0,4.65799842395587,95.7379636937648,0.0,90.1497241922773,92.1985815602836,78.5657998423955,0.394632991318074,10.1844019624429,9.6430384029775,9.79529690407714,54.420763874235,43.1009615384615,3.62520914668153,1.01317122593718,1728,39.1203703703703,85.4399662376028,0.253217978476472,0,0.01599680269623119
07.041.05.11.,Lalla Takarkoust,7306.0,1643.0,4.44674376141205,81.0408921933085,10.8426270136307,95.6786366402921,96.8959220937309,94.1931540342298,10.545905707196,11.716397481522,9.66329044620859,8.78729811114152,35.3238161559888,45.3155625245001,11.6349480968858,1.65243734508399,2043,22.7606461086637,63.283426183844,1.305710306406686,0,0.01977205895764931
07.041.05.13.,Ouazguita,5440.0,1029.0,5.28668610301263,97.1512770137524,0.0,90.9620991253644,62.0019436345966,86.1764705882352,0.684261974584555,12.0772058823529,10.9926470588235,10.4595588235294,51.4456391875746,41.6758849557522,6.50298606502986,1.00558659217877,1409,45.4932576295244,82.4850657108721,0.16726403823178,0,0.014722146281085716
07.041.05.15.,Oulad Mtaa,6604.0,1430.0,4.61818181818181,93.5643564356435,1.13154172560113,95.1048951048951,94.4755244755244,94.8807854137447,4.15785764622973,10.3422168382798,7.94972743791641,7.82858873410054,43.6329935125115,41.8938307030129,13.7964774951076,1.34932533733133,1762,38.5925085130533,73.1838398813936,1.29725722757598,0,0.017872252580935676
07.041.05.17.,Sidi Badhaj,5391.0,1149.0,4.69190600522193,96.6637401229148,0.087796312554873,96.9538729329852,97.302001740644,92.2202797202797,2.97202797202797,9.38601372658134,8.58838805416434,9.36746429233908,41.6101311623699,43.5792698493745,15.1728178090216,1.25047366426676,1448,24.6546961325966,67.8199909543193,1.560379918588867,0,0.014589538713480349
07.041.05.19.,Tizguine,4887.0,1105.0,4.42262443438914,92.8116469517743,1.6378525932666,91.8552036199095,95.4751131221719,94.4796380090497,1.81159420289855,9.67873951299365,8.69654184571311,10.0470636382238,43.04336926548,44.2252715837621,7.43374272786037,1.41372141372141,1432,29.608938547486,71.9478566056655,1.178240160441209,0,0.013225575160967997
07.041.07.01.,Aghbar,5182.0,909.0,5.7007700770077,97.2375690607734,0.220994475138122,90.2090209020902,95.5995599559956,94.4690265486725,0.554938956714761,14.0100347356233,13.4311076804322,11.7908143573909,54.9880287310454,71.6100349317243,2.39467849223946,0.601956358164033,2201,61.8355293048614,90.3989361702127,0.23936170212766,0,0.014023926843490108
07.041.07.03.,Asni,21244.0,3883.0,5.47102755601339,90.8424908424908,2.64259549973835,94.7707367336424,91.9629057187017,72.58316008316,3.19979188345473,11.8810016945961,10.4170589342873,9.7250988514404,43.7988488336867,47.3859151028322,8.19815870232354,0.756704980842912,6282,38.3635784781916,72.5146907372629,0.58157145453444,0,0.05749214624915165
07.041.07.05.,Ighil,5695.0,997.0,5.71213640922768,97.4772956609485,0.302724520686176,92.6706827309237,92.8714859437751,66.9346733668341,0.100502512562814,12.396839332748,13.081650570676,11.676909569798,49.8586239396795,38.1391450125733,5.27472527472527,0.553059108192188,1293,40.2165506573859,83.129123468426,0.235626767200754,0,0.01541224688801161
07.041.07.07.,Ijoukak,6700.0,1207.0,5.55095277547638,97.2292191435768,0.335852225020991,93.9519469759734,81.5244407622203,92.4229808492922,0.920502092050209,10.3283582089552,11.0597014925373,11.2835820895522,52.4776912853616,39.7472844158723,7.47350808700502,0.821114369501466,1659,43.2790837854129,81.7543193468767,0.341750522118853,0,0.0181320551623666
07.041.07.09.,Imgdal,5467.0,1156.0,4.72923875432526,96.9644405897658,0.433651344319167,90.3114186851211,83.7370242214532,69.6969696969697,0.693842150910668,10.9566489848179,10.0420706054508,9.69453082129138,58.4394535772169,44.5500131960939,2.48815165876777,1.10091743119266,1646,45.5042527339003,85.7374392220421,0.208381569807826,0,0.014795215757113164
07.041.07.11.,Ouirgane,7727.0,1583.0,4.88123815540113,92.7030456852791,2.03045685279187,93.8092229943146,92.293114339861,89.8670044331855,2.66328471781864,10.5215478193348,10.9486217160605,10.3533065872913,49.6539222148978,47.1526195899772,11.0305958132045,0.814503415659485,2210,39.683257918552,72.4950560316414,0.725115359261701,0,0.02091140152829951
07.041.07.13.,Talat N'Yaaqoub,7859.0,1680.0,4.67797619047619,91.1605532170775,3.60793746241731,92.6785714285714,79.9404761904761,94.9305974652987,3.93462469733656,10.6502099503753,10.421173177249,9.37778343300674,43.5091114336397,46.2312477131357,7.6375148397309,1.25492125984252,2334,35.5184233076263,73.625665000806,1.112364984684826,0,0.021268630077767033
07.041.09.01.,Moulay Brahim,11796.0,2389.0,4.9376308078694,90.9320961619569,4.5972163644032,94.4677284157585,93.9228834870075,90.8822287885183,3.04054054054054,11.0206849779586,9.8507968802984,9.60495083079009,46.9787872294836,43.4459212291184,10.4687061465057,1.02110279101429,3190,18.4326018808777,73.8375830297835,0.567816584529677,0,0.03192324219332484
07.041.09.03.,Oukaimden,4795.0,782.0,6.13171355498721,98.1935483870967,0.258064516129032,93.8618925831202,70.2046035805626,83.8254172015404,1.15532734274711,11.6371220020855,10.9280500521376,11.4911366006256,50.7004310344827,44.9399114484503,7.6002814919071,0.042589437819421,1313,27.1896420411271,78.9388634527336,0.134661998384056,0,0.012976597687096693
07.041.09.05.,Ourika,37316.0,7598.0,4.91129244538036,91.6258115807605,4.20034450775142,92.5901553040273,80.6133192945512,89.3125742182346,6.09465891062929,12.1074070103976,11.4883696001715,10.1565012327151,36.2287318014383,46.0741879373811,8.39332748024583,0.998400353025539,10434,14.8648648648648,70.0256041527831,0.9364806565886861,0,0.10098742842371225
07.041.09.07.,Sti Fadma,24120.0,4279.0,5.63683103528861,94.7430736443286,1.0182334833057,92.4281374152839,57.0694087403599,80.2582159624413,1.62391150859025,12.7487562189054,11.4179104477611,10.9369817578772,51.5913813846658,44.330160352648,10.2752558005476,0.54209723869219,6226,19.7237391583681,82.2371658192553,0.344431687715269,0,0.06527539858451976
07.041.09.11.,Tameslohte,28977.0,6457.0,4.48768778070311,78.3974862529458,12.7729772191673,94.315365551425,94.9039653035935,95.0868408699734,9.48060075093867,12.0267798598888,11.0397901784173,8.72416054111881,34.302247342215,49.4459903870478,11.0610866673488,1.92862673330048,8692,11.6658996778647,61.3690396088458,1.193199659085812,0,0.07841978543879059
07.041.09.13.,Aghouatim,30745.0,6016.0,5.11053856382978,93.9032583137386,0.638226402418542,91.238570241064,87.9634247714048,92.5380797535512,3.2959678768613,11.5986339242153,10.609855261018,9.20474873963246,43.9969890854347,46.0331009626784,8.93169877408056,0.918236445884815,8840,22.7941176470588,70.7906510013797,0.5560898105949741,0,0.08320448298014345
07.041.11.01.,Abadou,10602.0,1764.0,6.01020408163265,98.0,0.228571428571429,94.1009642654566,85.309132161089,88.9772727272727,0.68259385665529,10.7904169024712,9.6585549896246,10.4791548764384,44.2376096751244,48.8461013245937,6.20631814369583,0.694168980563269,3355,35.8271236959761,72.6938581930282,0.580981740573867,0,0.028691947586777716
07.041.11.03.,Ait Aadel,7925.0,1166.0,6.7967409948542,97.2246313963573,0.346921075455334,96.3090128755364,85.7510729613734,94.7231833910034,1.99479618386817,12.4794952681388,11.8611987381703,12.0126182965299,51.2927439532944,44.5678033306899,9.74199288256227,0.405076964623278,2029,15.9684573681616,81.4376250833889,0.500333555703803,0,0.021447244352500793
07.041.11.07.,Ait Hkim-Ait Yzid,8812.0,1294.0,6.80989180834621,98.5202492211838,0.155763239875389,92.2720247295208,34.6213292117465,86.2928348909657,0.078003120124805,12.5397185655923,12.8234226055379,11.8928733545165,54.5164233576642,41.5626695604991,4.83028720626631,0.533147890588781,2187,11.4311842706904,88.2925345902387,0.045613501596473,0,0.023847711953846936
07.041.11.17.,Tamaguert,10540.0,2074.0,5.08196721311475,98.1454367984382,0.0,92.8158148505303,73.1436837029893,87.7847794474066,1.45843461351482,10.2182163187855,8.98481973434535,9.38330170777988,52.2780648191639,46.7118373854125,8.75995449374288,1.28720836685438,3208,37.5,78.2879286049788,0.258337247534054,0,0.02852415841960358
07.041.11.21.,Tazart,15237.0,2660.0,5.7281954887218,97.5369458128078,0.416824554755589,93.7547027840481,35.2896914973664,86.6944655041698,1.93255020841227,10.677954978014,9.66725733412089,9.15534554046072,51.9568262338304,44.8799106311673,16.0547604231487,0.685023505708529,4047,21.6950827773659,79.1628903353382,0.560270248001978,0,0.041235540971489536
07.041.11.25.,Tighedouine,22971.0,3635.0,6.31939477303989,96.8174204355108,0.753768844221106,93.4800550206327,79.6698762035763,87.9801050013816,2.3519645821804,11.4622785250968,10.8615210482782,10.9921204997605,56.1060359804965,50.039169604387,4.39660795825179,0.674988441978733,7328,43.9819868995633,84.8624110295354,0.308244129350446,0,0.06216588643801838
07.041.11.27.,Touama,11243.0,2273.0,4.9463264408271,95.1812555260831,1.14942528735632,93.4447866256049,84.7338319401671,90.9372236958443,2.12201591511936,9.95285955705772,8.57422396157609,9.43698301165169,49.6342395458019,43.4374614149895,13.757816941444,1.00369783412572,3034,26.1041529334212,74.4104803493449,0.8515283842794761,0,0.030426671073207116
07.041.11.29.,Zerkten,19926.0,3310.0,6.01993957703927,97.5364963503649,0.577858880778589,95.1344817165306,51.9794499848897,86.0663218740492,0.579268292682927,10.9856468935059,9.63565191207467,10.1525644886078,54.1982802225594,39.3939393939393,5.02392344497607,0.645624103299857,5161,15.5396241038558,86.4386419675033,0.094834671555921,0,0.05392527330825625
07.161.01.01.,Chichaoua (Mun.),27844.0,6024.0,4.62217795484727,74.5525160418777,18.0682201958797,92.1799767557695,89.1084177320272,96.4906417112299,20.5764075067024,12.1857491739692,10.4977733084326,9.70406550782933,29.7361330484065,47.3122277701051,11.2944874817559,2.03038375692994,7901,13.8716618149601,53.7857673727238,4.8309178743961345,1,0.07535357372252771
07.161.01.03.,Imintanoute (Mun.),20837.0,4710.0,4.42399150743099,72.858683926645,19.0507011866235,92.9071989806753,92.3763007007857,96.0402397260274,21.9527896995708,10.6589240293708,9.54072083313336,9.80467437730959,30.0938176569641,42.8385327391155,14.5806658130601,2.33160621761658,5337,1.8737118231216,55.0216502285301,4.7570363242723115,1,0.056390691554960126
07.161.03.01.,Ahdil,11438.0,1812.0,6.31236203090507,96.8568102444703,0.116414435389988,79.8565121412803,53.5871964679911,92.4768518518518,0.347423277359583,12.3710438887917,11.0771113831089,11.3831089351285,54.0333638025594,45.8948215723101,3.06927798889213,0.449269936353426,3316,66.7973462002412,80.5961626313385,0.491091822750114,0,0.030954395066738683
07.161.03.03.,Ait Hadi,7383.0,1554.0,4.75096525096525,85.6679636835278,1.16731517509727,93.4362934362934,62.9987129987129,89.4702842377261,4.01294498381877,10.7815251252878,9.34579439252336,9.18325883787078,45.3620484992369,41.5980072810883,16.9967756794104,1.6580592552324,1802,43.6182019977802,71.5957266406647,1.051382058673902,0,0.01998044227817203
07.161.03.05.,Lamzoudia,25652.0,4470.0,5.73870246085011,94.3946703422926,1.2634964392373,89.975385992392,83.3296039382412,91.6966696669667,2.806064720525,12.9658506159363,11.5078746296585,10.3461718384531,51.2673584223839,44.9521531100478,10.1649813730707,1.04622871046228,6752,54.1765402843601,78.3575926499432,0.474863218746774,0,0.06942141477985493
07.161.03.07.,Oulad Moumna,7513.0,1448.0,5.18853591160221,94.6304044630404,0.278940027894003,78.2458563535911,62.9834254143646,91.991643454039,2.58019525801952,12.4051643817383,9.19739118860641,9.68987089045654,46.1969439728353,48.9732661759008,5.02373417721519,1.42270861833105,2401,60.4331528529779,77.8607809847198,0.424448217317487,0,0.020332258273859743
07.161.03.09.,Saidate,6427.0,1319.0,4.87263078089461,91.8586789554531,0.076804915514593,86.5705614567526,76.8588770864946,91.9786096256684,2.59938837920489,11.1093822934495,9.61568383382604,10.0202271666407,46.4965652600588,43.8328465513367,8.71348026652998,1.17829457364341,1781,51.263335204941,75.8783120706575,0.785083415112856,0,0.01739324157142241
07.161.03.11.,Sid L'Mokhtar,22674.0,4859.0,4.66639226178226,83.6458333333333,8.02083333333333,87.2143298332304,83.1171505044266,93.5430463576158,7.65877957658779,10.8097380259327,9.02355120402222,9.64981917614889,42.5922869560433,46.7446369378948,7.51940058870751,2.35356107842276,6912,26.6348379629629,69.796996203994,1.485393629311758,0,0.06136212220171646
07.161.03.13.,Sidi Bouzid Arragragui,8935.0,1862.0,4.79860365198711,94.1942485078676,0.651112316874661,91.5682062298603,94.7368421052631,93.2294465341214,4.30570505920344,11.0576385002797,9.68102965864577,9.24454392837157,45.3749470413783,43.8618925831202,8.38192419825073,2.05371248025276,2514,49.6817820206841,71.8017509178198,0.917819824908218,0,0.02418058401130531
07.161.03.15.,Sidi M'Hamed Dalil,5636.0,1105.0,5.10045248868778,89.2364305427783,0.183992640294388,88.235294117647,85.4298642533936,91.1577028258887,2.55241567912488,11.7991483321504,9.81192334989354,9.56352022711142,49.9320959710276,44.4960041247744,5.44611819235226,1.49090909090909,1632,75.9191176470588,77.1842462652784,0.588501584427343,0,0.01525257655150719
07.161.05.01.,Afalla Issen,8129.0,1724.0,4.71519721577726,96.8860164512338,0.117508813160987,84.2227378190255,15.3132250580046,78.3910745742806,0.646678424456202,12.6829868372493,10.6901217861975,11.1944888670193,60.6196821319633,38.1274675690919,6.41025641025641,0.949667616334283,1898,19.3888303477344,88.1682453042221,0.17659335366832601,0,0.021999324838041505
07.161.05.03.,Ain Tazitounte,5509.0,1103.0,4.99456029011786,95.1818181818181,0.272727272727273,88.2139619220308,37.9873073436083,85.8439201451905,1.54125113327289,11.2180068978035,10.9820294064258,11.5265928480668,56.2995800279981,40.8381265406737,6.90811535881958,1.44352219415373,1388,20.7492795389049,81.8478768082127,0.489967335510966,0,0.014908879386489195
07.161.05.05.,Ait Haddou Youssef,6169.0,1023.0,6.03030303030303,95.4590325765054,1.38203356367226,91.2023460410557,22.4828934506353,90.0883218842002,0.786627335299902,13.7299400226941,13.5029988652942,13.3084778732371,56.3948306595365,44.1112322791712,1.11248454882571,0.384738698300737,1600,40.0625,87.8369347293383,0.089106705279572,0,0.0166950221338268
07.161.05.07.,Irohalen,5854.0,1186.0,4.93591905564924,93.3390264730999,0.341588385994876,90.725126475548,20.7419898819561,87.7222692633361,1.52542372881355,13.4950461223095,11.3939186880765,12.658011615989,56.1191992720655,40.5361050328227,3.98110661268556,1.35090609555189,1423,21.8552354181307,86.7409597452808,0.3183989083466,0,0.01584254491350658
07.161.05.09.,Lalla Aaziza,8448.0,1497.0,5.64328657314629,97.4061433447099,0.068259385665529,90.1135604542418,26.5197060788243,89.2567567567567,1.28465179175118,14.0625,11.9318181818181,12.5,55.5502239283429,46.2086220169361,5.91420241566014,0.59765718383935,2259,31.3413014608233,84.7408829174664,0.143953934740883,0,0.02286262716592135
07.161.05.11.,Nfifa,6463.0,1454.0,4.44497936726272,95.2810548230395,0.138792505204719,87.3452544704264,95.1856946354883,90.0414937759336,3.39335180055401,10.7535200371344,9.54665016246325,8.97416060652947,45.8940011648223,43.3384379785604,7.42049469964664,1.95521917376222,1834,23.773173391494,71.1124053581828,1.08716754028344,0,0.017490667539459007
07.161.05.13.,Ouad L'bour,5869.0,1299.0,4.518090839107,94.0077821011673,0.389105058365759,91.9168591224018,78.9838337182448,90.7120743034055,0.696594427244582,10.1039359345714,9.49054353382177,10.2913613903561,57.5545666454757,37.7885783718104,2.82958199356913,1.15359261700725,1511,30.2448709463931,83.7041746132655,0.27548209366391097,0,0.01588313906685516
07.161.05.15.,Sidi Ghanem,9326.0,1905.0,4.89553805774278,94.0615058324496,0.848356309650053,87.5590551181102,51.2860892388451,90.2168164992067,2.69698572184029,11.6234184001715,10.915719493888,10.9264422045893,54.1805094130675,46.8170829975825,6.12736660929432,0.995130213847131,2727,27.5760909424275,79.7895902547065,0.484496124031008,0,0.025238738275258344
07.161.05.17.,Timezgadiouine,7825.0,1632.0,4.79473039215686,96.8847352024922,0.186915887850467,86.7647058823529,47.2426470588235,90.3940886699507,1.23839009287925,9.87859424920127,8.93290734824281,10.8753993610223,63.5133008027703,39.0221737549981,13.6003726129483,0.544824170381377,1855,34.9865229110512,85.408468440107,0.283330709900834,0,0.021176616663510246
07.161.07.01.,Adassil,7454.0,1400.0,5.32428571428571,97.1408148677626,0.071479628305933,83.7142857142857,60.7142857142857,88.7142857142857,0.931232091690544,12.0740541990877,11.1752079420445,12.1411322779715,62.6223776223776,51.5780730897009,1.32850241545893,0.663129973474801,2451,46.3484292125663,91.767173571054,0.10487676979549,0,0.020172587937355317
07.161.07.03.,Assif El Mal,7474.0,1542.0,4.84695201037613,94.7882736156351,0.195439739413681,88.3841661258922,91.0447761194029,91.7263843648208,3.19010416666666,10.9713674070109,9.6066363393096,10.2622424404602,53.066037735849,44.1671503192106,5.08103372755146,1.44394854292465,2167,43.3779418550992,82.4460916442048,0.471698113207548,0,0.02022671347515343
07.161.07.05.,Douirane,16138.0,3197.0,5.04785736628088,94.0934933670246,1.76879343019583,88.3255086071987,80.281690140845,89.2554194156456,2.86073561773027,12.3249473292849,11.2963192464989,10.7572189862436,49.7566120395911,41.9546742209631,9.49808687823542,1.2401352874859,4021,22.979358368565,79.2957975012169,0.616582833035859,0,0.043673896449294355
07.161.07.07.,Gmassa,9388.0,1996.0,4.70340681362725,92.2959183673469,1.22448979591836,91.7835671342685,70.4909819639278,93.4979838709677,3.99595346484572,11.4507882403067,10.1619088197699,9.21389007243289,50.7541785568691,40.0831536803202,5.03265462927391,1.07142857142857,2472,56.1084142394822,79.5896181546405,0.489196901752956,0,0.025406527442432485
07.161.07.09.,Imindounit,11363.0,1846.0,6.1554712892741,98.3087834151663,0.05455537370431,86.7822318526543,11.3759479956663,75.7906215921483,0.491534680502458,12.9719264278799,12.31188946581,12.1446801020857,61.7622805984214,45.2883263009845,0.993788819875776,0.468181029998266,3188,44.573400250941,93.9575971731448,0.023557126030624,0,0.03075142429999577
07.161.07.11.,Majjat,13249.0,2569.0,5.15725963409887,88.5367762128325,4.61658841940532,87.9095163806552,61.8174726989079,95.426114151681,7.0703125,11.1706543890104,9.95546833723299,9.14786021586534,50.0095693779904,43.6674604892833,3.76797223599405,1.17647058823529,3882,69.629057187017,75.5311004784689,1.291866028708129,0,0.03585546251435747
07.161.07.13.,M'Zouda,23132.0,4583.0,5.04734889810168,94.2019400352733,0.85978835978836,89.4392319441414,73.4453414793803,93.0792816469557,3.53302611367127,12.2038734220992,10.9804599688742,10.3103925298288,54.4656424109404,39.1185647425897,5.98205383848454,1.16534369194392,5658,23.7009544008483,81.6309302718217,0.393944510101863,0,0.06260159701729316
07.161.07.15.,Zaouia Annahlia,10757.0,1931.0,5.57068876229932,96.2539021852237,0.468262226847034,80.3210771620921,50.233039875712,91.3855734302023,2.80228334198235,13.0519661615692,11.2206005391837,11.3321558055219,55.1694499017681,39.8873971416197,6.18892508143322,0.520833333333333,2592,14.3518518518518,81.2054996317211,0.441934691873312,0,0.029111420504713062
07.161.09.01.,Bouabout,11486.0,2240.0,5.12767857142857,96.0615663196016,0.271616115889543,81.4649397052255,30.3260384100044,92.5212718316166,1.61290322580645,12.3715827964478,10.1601950200243,10.7870450983806,61.0767674497021,43.3738085911999,4.99698976520168,0.575490859851049,3156,46.8948035487959,85.7158912115082,0.303438975050573,0,0.031084296357454144
07.161.09.03.,Bouabout Amdlane,7538.0,1513.0,4.98215465961665,96.2641761174116,1.0006671114076,73.1303772336201,45.9960291197882,82.6808228268082,0.86436170212766,12.2048288670734,11.8864420270628,12.9477314937649,67.1094023068857,41.9300463548251,7.48743718592964,0.592007893438579,1841,46.1705594785442,92.4327158336246,0.34952813701503,0,0.020399915196107378
07.161.09.05.,Ichamraren,7023.0,1382.0,5.08176555716353,97.2242512783053,0.511322132943755,80.3183791606367,23.8060781476121,89.2128279883381,0.657414170927684,10.3659404812758,9.86757795813754,11.8040723337605,59.6394144948232,49.0048187722606,2.00940572894399,0.639906922629436,2292,36.9109947643979,92.2706176365583,0.124955373081042,0,0.019006182597806065
07.161.09.07.,Kouzemt,4103.0,865.0,4.74335260115607,97.5694444444444,0.0,69.9421965317919,0.115606936416185,81.3872832369942,0.695249130938586,12.015598342676,9.6271021203997,13.4779429685595,61.1819595645412,37.9789631855747,2.67062314540059,0.672947510094213,984,49.7967479674796,87.2472783825816,0.062208398133748,0,0.011103854079282114
07.161.09.09.,Rahhala,5691.0,1195.0,4.76234309623431,95.4276037256562,0.169348010160881,77.8242677824267,35.3138075313807,87.248322147651,1.34453781512605,10.9471094710947,10.2969601124582,11.1052539096819,57.2512271307452,44.2857142857142,8.03519061583577,0.975949808295573,1568,29.2729591836734,86.3900044622936,0.40160642570281097,0,0.01540142178045199
07.161.09.11.,Sidi Abdelmoumen,9007.0,1970.0,4.57208121827411,97.0663921770458,0.257334019557386,81.9197562214322,33.0116810563737,88.883222845487,0.357507660878447,10.6595602931379,10.7372862536087,11.0703975127692,55.5163158638225,48.2571522525485,19.7614991482112,1.24535722088704,2355,14.7770700636942,83.7123887554739,0.339030936572962,0,0.024375435947378503
07.161.09.13.,Taouloukoult,10682.0,2242.0,4.76449598572702,93.5352622061482,1.40144665461121,82.8647925033467,24.3641231593038,90.2460850111856,1.83527305282005,13.2559445796667,11.1121512825313,10.5504587155963,55.4221341916315,39.7871116225546,5.13376717281272,0.943574259294207,2624,19.3216463414634,86.8548087634608,0.7055328629780909,0,0.028908449737970156
07.161.09.15.,Timlilt,7078.0,1471.0,4.81169272603671,98.3572895277207,0.27378507871321,78.3140720598232,49.4221617946974,77.4061433447099,0.546075085324232,10.8363944617123,10.4125459169256,12.0514269567674,61.2665949049156,38.8688837110781,12.3160762942779,0.779510022271715,1609,30.5779987569919,88.410477215644,0.197344815213491,0,0.019155027826750864
07.191.01.03.,El Kelaâ des Sraghna (Mun.),93927.0,20139.0,4.6639356472516,63.7010496568429,28.4870811465482,96.0021851410409,94.7705601907032,97.0942735683921,25.7567391195221,10.8201049751402,9.66495256954869,9.23696061835255,26.7053215136988,45.4734131192243,20.1252623513342,3.33519310644101,23976,5.17183850517183,48.2111774629783,5.153576306135014,1,0.2541924694381504
07.191.01.05.,Laattaouia (Mun.),30315.0,6125.0,4.94938775510204,71.0635473701675,22.0009955201592,97.1391204838973,97.5478175576262,95.9743674005915,16.927641338388,11.6542965528616,10.2094672604321,10.1632855022266,30.5315151771013,43.5115985635251,12.3243363818871,2.07823151763849,7861,14.3747614807276,55.1821674336133,3.630683497276981,1,0.08204078391748411
07.191.01.07.,Sidi Rahhal (Mun.),9857.0,2012.0,4.89910536779324,82.84561049445,11.4530776992936,96.2207856787667,96.4196916956737,94.3528235882059,16.016016016016,10.0639139697676,8.64360353048594,8.49142741199147,36.1911893173592,44.0774804905239,15.0173885551691,1.65289256198347,2688,24.1443452380952,58.1305378759515,2.8828154249344777,1,0.026675771303798147
07.191.01.09.,Tamallalt (Mun.),16539.0,3200.0,5.1684375,74.9841471147748,18.3893468611287,94.2776735459662,96.8417761100687,95.8990536277602,11.7219589257503,11.4698591208658,9.96432674285023,9.43829735776044,30.9758350007695,47.0742587247441,13.9539204756596,2.43135357445264,4631,15.2666810624055,55.1716176696937,2.8243804832999793,1,0.04475911348214645
07.191.03.01.,Chtaiba,9101.0,1545.0,5.89061488673139,98.1082844096542,0.326157860404436,98.0582524271844,97.0226537216828,94.1672067401166,2.7255029201817,14.4819250631798,11.0757059663773,9.1088891330623,48.4575645756457,44.2145980491086,5.78166603271205,2.06299911268855,2477,70.2866370609608,77.4612546125461,0.280442804428044,0,0.02462982597502962
07.191.03.03.,Eddachra,7522.0,1310.0,5.74198473282442,96.2015503875969,1.08527131782945,99.0839694656488,99.3129770992366,88.8379204892966,6.43185298621745,13.161393246477,11.1007710715235,10.6354692900824,39.547130068457,44.5374719215846,6.05226960110041,1.96286472148541,2049,56.2225475841874,67.7725118483412,0.807442513603652,0,0.02035661476586889
07.191.03.05.,El Aamria,9421.0,1551.0,6.07414571244358,91.5844838921762,2.36686390532544,95.2288845905867,94.0683430045132,94.4228274967574,3.50421804023361,12.8330325867742,10.4872094257509,10.4022927502388,44.0060908084163,42.3446508648302,8.50983358547655,1.87937062937062,2419,57.7511368334022,74.6539313399778,0.705980066445183,0,0.025495834579799367
07.191.03.07.,El Marbouh,8774.0,1621.0,5.41270820481184,89.4736842105263,1.54798761609907,87.9703886489821,79.7655768044417,93.5064935064935,3.2238065716057,12.8219740141326,10.7248689309322,9.22042397994073,41.2106754137468,46.5841668079335,8.58806404657933,2.19369894982497,2512,35.3503184713375,74.5676803816338,0.46213476446034596,0,0.02374487343203053
07.191.03.09.,Errafiaya,5356.0,939.0,5.70394036208732,94.2578548212351,0.325027085590466,96.9083155650319,96.5884861407249,95.08547008547,3.53319057815845,13.5735623599701,10.7916355489171,8.49514563106796,44.1619353246112,46.662958843159,13.0512514898688,2.65793528505392,1459,65.867032213845,71.3897803011602,0.6418168353492969,0,0.014494819022333658
07.191.03.11.,Hiadna,11385.0,1854.0,6.14077669902912,95.7158351409978,0.488069414316703,93.311758360302,86.353829557713,90.5895078420768,2.43770314192849,13.9833113746157,11.6293368467281,11.1550285463328,48.7070492383988,45.7841366856507,4.49029126213592,1.07058610052622,3148,72.141041931385,78.5452827960798,0.200732081709765,0,0.030810962391573694
07.191.03.13.,Lounasda,10639.0,1755.0,6.06210826210826,98.4874927283304,0.174520069808028,95.6125356125356,97.1509971509971,92.3563218390804,2.98850574712643,14.3904502302848,11.006673559545,9.13619701099727,51.4678089958422,47.1500358937544,2.04019488428745,2.31934061721295,3217,75.1631955237799,79.060098273907,0.113392969635883,0,0.028792079831704218
07.191.03.15.,Mayate,12101.0,1989.0,6.08396178984414,94.9897750511247,0.102249488752556,91.5032679738562,81.7998994469582,93.8196555217831,1.73292558613659,13.3955871415585,11.8254689695066,9.97438228245599,52.0610012156039,52.6396327467482,4.57848837209302,1.57023382829834,3939,68.3422188372683,79.2573765056912,0.375732125096696,0,0.03274865664474601
07.191.03.17.,Oulad Aamer,7015.0,1130.0,6.20796460176991,95.9749552772808,0.089445438282648,96.1946902654867,98.0530973451327,92.8762243989314,1.87332738626226,14.7255880256593,11.4468995010691,9.607982893799,51.0334170368939,47.6803551609323,13.5009310986964,2.04618532592809,1858,62.59418729817,77.737014867735,0.251013709210272,0,0.01898453238268682
07.191.03.19.,Oulad Bouali Loued,6788.0,1178.0,5.7623089983022,97.0840480274442,0.0,96.2648556876061,97.962648556876,96.1702127659574,2.13675213675213,14.1278727165586,11.1962286387743,9.04537418974661,44.9003748273821,48.5521885521885,4.62320850670365,1.49387511204063,2063,73.3397964129908,74.3341882028013,0.473466166896824,0,0.01837020752867828
07.191.03.21.,Oulad Cherki,7397.0,1204.0,6.14368770764119,97.0563498738435,0.168208578637511,93.3554817275747,71.0963455149501,94.0486169321039,1.52027027027027,13.3026902798431,10.6935244017845,9.1523590644856,55.8619462729051,51.4256825075834,3.06724341329138,0.977380619938565,2465,81.6227180527383,84.1871220206332,0.213447171824974,0,0.020018330154630705
07.191.03.23.,Oulad El Garne,8150.0,1333.0,6.11402850712678,95.5143078112915,0.696055684454756,95.9489872468117,96.0240060015003,92.2322775263951,2.11002260738507,15.4601226993865,11.5337423312883,8.82208588957055,47.8823529411764,43.2422099025043,10.0353669319186,2.28061477441745,2035,62.8501228501228,78.3529411764706,0.16806722689075698,0,0.02205615665272952
07.191.03.25.,Oulad Massaoud,5011.0,856.0,5.85397196261682,95.2941176470588,0.823529411764706,97.1962616822429,97.7803738317757,89.7076023391812,1.63551401869158,13.1710237477549,10.1177409698662,10.4969068050289,46.5122332118688,40.5666063893912,6.09212481426448,1.29764801297648,1264,72.0727848101265,69.4849115504682,0.54630593132154,0,0.013561153495316274
07.191.03.27.,Oulad Msabbel,6254.0,1026.0,6.09551656920078,96.6469428007889,0.394477317554241,89.4736842105263,88.401559454191,92.3828125,3.42465753424657,12.5519667412855,9.89766549408378,10.1375119923249,43.7886917044985,41.6982922201138,8.3617747440273,1.36257892987703,1611,65.1769087523277,81.1752577319587,0.88659793814433,0,0.016925055669468763
07.191.03.29.,Oulad Sbih,6586.0,1223.0,5.38511856091578,97.0906068162926,0.415627597672485,91.5780866721177,94.0310711365494,88.9893179950698,1.81518151815181,12.7695110841178,10.4464014576374,10.5982386881263,45.7674050632911,43.7944482679513,17.9675222629649,2.10957178841309,1566,52.7458492975734,73.8975677279019,0.692109946608662,0,0.017823539596917376
07.191.03.31.,Oulad Yaacoub,7143.0,1289.0,5.54150504266873,96.0967993754879,0.156128024980484,95.1863354037267,61.6459627329192,93.8473520249221,3.50467289719626,13.5237295254094,11.5357692846143,9.00181996360072,48.2719970110218,41.104033970276,5.01033057851239,1.92418150488225,1839,71.9412724306688,74.9112647113768,0.504390061647674,0,0.01933093582459472
07.191.03.33.,Oulad Zarrad,12215.0,2064.0,5.91812015503876,96.9087340529931,0.049067713444553,94.6220930232558,87.7422480620155,93.2814021421616,4.3859649122807,12.3536635284486,10.4379860826852,10.9537453950061,46.977089520577,44.4334610156925,8.73192436040044,1.14903104098782,3282,58.6837294332724,77.5527515639911,0.25447990669070103,0,0.033057172210195225
07.191.03.35.,Sidi El Hattab,9421.0,1475.0,6.38711864406779,98.2578397212543,0.348432055749129,96.2033898305084,97.8305084745762,95.1236263736263,2.06043956043956,13.5654389130665,10.2006156458974,10.2749177369705,53.2934131736526,48.6643064048921,4.19973544973544,1.11383381599465,2897,68.8298239558163,81.3561681982734,0.23670286828181503,0,0.025495834579799367
07.191.03.37.,Sidi Moussa,9684.0,1462.0,6.62380300957592,95.2547103977669,0.907187718073971,93.4336525307797,95.4172366621067,95.4388389771942,4.55801104972375,12.7116893845518,10.2127220156959,11.2453531598513,44.2985394613426,40.1882352941176,15.495706479313,1.74443043295502,2165,59.2147806004618,72.534833869239,0.696677384780279,0,0.0262075854018445
07.191.03.39.,Taouzint,5651.0,964.0,5.86203319502074,95.7716701902748,0.0,95.3319502074688,97.8215767634854,87.8125,1.77453027139874,13.7320828172004,10.5645018580782,9.57352680941426,53.7292494739303,49.076799571849,3.21701199563795,1.68665667166416,1775,80.7887323943661,80.9724170172978,0.21037868162692902,0,0.01529317070485577
07.191.03.41.,Znada,6712.0,1261.0,5.32275971451229,94.2537909018356,0.798084596967279,92.8628072957969,89.3735130848532,95.0715421303656,3.19233838786911,13.5578069129916,11.1442193087008,10.1013110846245,45.2908587257617,45.4524680073126,6.88788335847159,1.59803318992009,1852,23.5961123110151,72.0815195884447,0.494657696873764,0,0.018164530485045467
07.191.05.01.,Assahrij,15307.0,2695.0,5.67977736549165,92.5065567628325,3.78418883476957,94.7309833024118,30.4638218923933,92.8624535315985,6.03127326880119,12.0402430260665,9.544652773241,9.64264715489645,38.9518413597733,41.341312814667,6.66360294117647,1.35534084809447,4062,13.2447070408665,67.7580604848787,2.007831375489454,0,0.04142498035378291
07.191.05.03.,Bouya Omar,14149.0,2587.0,5.46926942404329,92.211350293542,6.1839530332681,93.6219559335137,85.4657904909161,90.0,4.33086227077643,10.7852145027917,8.50236765849176,9.18086083822178,45.0525394045534,44.6596186147613,7.5,1.44840072420036,4181,41.4015785697201,72.1453590192644,0.989492119089317,0,0.03829111171527239
07.191.05.05.,Choara,11023.0,2026.0,5.44076999012833,97.0573566084788,0.199501246882793,93.6821322803553,96.8904244817374,87.902825979177,1.93452380952381,12.9093713145241,10.8863285856844,9.11730019051075,44.547619047619,45.6795131845841,5.15097690941385,1.37037732307114,3204,53.776529338327,69.3333333333333,0.904761904761905,0,0.029831290157427918
07.191.05.07.,Dzouz,11501.0,1928.0,5.9652489626556,96.4662447257383,0.210970464135021,96.4730290456431,83.609958506224,92.6677067082683,3.53982300884955,13.451004260499,10.5208242761499,9.84262238066255,45.8485818847209,46.7288491854965,5.36969356199044,1.34096191668156,3366,60.7546048722519,71.3975297346752,0.457456541628546,0,0.03112489051080273
07.191.05.09.,Fraita,11298.0,1968.0,5.74085365853658,91.9938806731259,3.31463539010708,92.9369918699187,94.6646341463414,95.5725190839694,4.07747196738022,13.0288546645423,10.0814303416533,9.70968312975748,46.2813723232788,40.9354413702239,13.5500482780817,1.63149494591239,2686,59.8287416232315,73.6502820306204,0.667664326004375,0,0.03057551630215192
07.191.05.15.,Laatamna,10063.0,1772.0,5.67889390519187,98.2163406214039,0.230149597238205,96.2168266516092,95.5392433653303,93.8706015891032,3.17185697808535,13.0676736559674,10.3746397694524,9.74858392129583,47.9231568016614,42.9421389260746,6.2348458607551,1.61224489795918,2707,55.0424824528998,76.8431983385254,0.298546209761163,0,0.027233264343118672
07.191.05.16.,Laattaouia Ech-chaibia,5444.0,982.0,5.5437881873727,92.6229508196721,1.02459016393442,92.3625254582484,88.1873727087576,92.2528032619775,4.79591836734693,11.5172667156502,9.55180014695077,9.88243938280676,44.2168955084943,47.5924447991487,12.8563443264393,1.76824680210684,1559,50.0320718409236,72.4691645333953,0.7214335582964859,0,0.014732971388645339
07.191.05.17.,Louad Lakhdar,9303.0,1636.0,5.68643031784841,93.7383756974581,0.061996280223187,96.1491442542787,45.9657701711491,94.5331695331695,3.01353013530135,12.7270772868967,9.74954315812103,8.71761797269698,44.3211759811399,44.3368223715044,14.9753347427766,1.45082142095156,2413,50.6837961044343,71.561286744315,0.748752079866888,0,0.025176493906790522
07.191.05.19.,M'Zem Sanhaja,10310.0,1663.0,6.19963920625375,97.8580171358629,0.367197062423501,96.1515333734215,80.637402285027,95.868772782503,2.79465370595382,13.4044616876818,10.7953443258971,9.41804073714839,47.5111964171465,46.5078901227352,18.6302230600062,1.69625246548323,2590,18.6100386100386,77.3128598848368,0.601407549584133,0,0.02790171473492532
07.191.05.21.,Ouargui,10384.0,1881.0,5.52046783625731,96.551724137931,0.484913793103448,94.6305156831472,95.4811270600744,91.3368983957219,5.03481521156936,11.8451463790446,9.26425269645608,9.05238828967642,41.3502624832132,44.0292333149476,24.9921703726902,1.05530584326754,2395,47.0563674321503,64.95361328125,1.9775390625,0,0.028101979224778324
07.191.05.23.,Oulad Aarrad,5606.0,981.0,5.71457696228338,97.3387922210849,0.204708290685773,98.8786952089704,98.9806320081549,92.8571428571428,1.84237461617195,12.8433820906171,9.29361398501605,8.08062789867998,46.1274060494958,46.1912065439672,2.60099612617598,1.8041237113402,1760,71.4204545454545,74.2955326460481,0.572737686139748,0,0.015171388244810024
07.191.05.25.,Oulad Khallouf,8605.0,1488.0,5.78293010752688,97.6271186440677,0.067796610169492,95.6317204301075,98.3198924731182,92.7309782608695,1.62932790224032,12.9924462521789,10.0406740267286,10.3660662405578,39.8429240296027,40.6386320013959,16.7453842851009,1.18072289156626,1939,20.1134605466735,68.4433036388343,1.13241733353465,0,0.023287512637636506
07.191.05.27.,Sidi Aissa Ben Slimane,19977.0,3578.0,5.58328675237562,93.8979184488166,0.05702879954377,95.9183673469387,83.0863852390271,92.5486875529212,3.3907883582933,13.1751514241377,10.5721579816789,9.59603544075687,48.9627100840336,42.565334935416,10.409315455187,1.48778986250769,5078,51.9692792437967,76.2489332370511,0.531740300663034,0,0.05406329342964143
07.191.05.29.,Sour El Aaz,3850.0,719.0,5.35465924895688,94.6403385049365,0.282087447108604,95.5493741307371,35.6050069541029,80.7854137447405,1.96353436185133,11.4285714285714,8.57142857142857,9.37662337662337,39.3959077622604,42.3685178374402,10.3298611111111,0.968262506724045,1033,51.2100677637947,67.7597402597402,0.876623376623377,0,0.010419166026136031
07.191.07.11.,Jbiel,11376.0,1999.0,5.69084542271135,96.5725806451613,0.0,89.4447223611806,60.6303151575787,91.2738214643931,7.76553106212424,13.1417018284106,10.5924753867791,9.55520393811533,48.8128169663439,47.6742653841085,6.32946379215035,1.9059955588453,3389,31.7497786957804,77.9852466574458,0.49562010142923,0,0.030786605899564546
07.191.07.13.,Jouala,11168.0,2023.0,5.52051408798813,96.8222442899702,0.099304865938431,92.7829955511616,88.7296094908551,93.3002481389578,1.93548387096774,11.1837392550143,9.15114613180515,8.73925501432664,47.0098920863309,41.1059209695745,8.69164619164619,1.30562706877528,2973,56.0040363269424,71.9455996403282,0.663144880296729,0,0.030223700306464207
07.191.07.31.,Zemrane,14338.0,2453.0,5.84508764777823,96.8009970918155,0.041545492314084,93.885038728088,94.3334692213616,87.4177631578947,1.88911704312115,12.0100432417352,10.5942251360022,9.50620728135025,49.2609949531362,43.9079515101705,3.15863359850257,1.28464203233256,4139,63.7352017395506,74.2543029647652,0.5857438947463279,0,0.038802598047464526
07.191.07.33.,Zemrane Charqia,29087.0,4990.0,5.82905811623246,93.7105638102992,0.468145735802972,95.1273310607579,94.946861840786,92.1572580645161,2.95307443365695,11.2146319661704,9.09340942689174,8.78743081101523,44.4986192613047,43.5366563227308,8.58670230537921,1.36731333667406,8208,60.8187134502924,69.6203623813632,1.069887834339944,0,0.0787174758966802
07.211.01.01.,Ait Daoud (Mun.),2957.0,657.0,4.50076103500761,83.875968992248,8.9922480620155,91.0197869101978,77.4733637747336,94.6483180428134,11.7737003058103,12.5464998309097,10.010145417653,10.1792357118701,37.8165938864628,40.1709401709401,13.5168961201501,0.598404255319149,691,7.38060781476121,66.2882096069869,2.663755458515277,1,0.008002460763450453
07.211.01.03.,El Hanchane (Mun.),4906.0,1131.0,4.33775419982316,74.1410488245931,14.8282097649186,94.3362831858407,68.1415929203539,93.0728241563055,15.8318425760286,10.0081532816958,9.86547085201793,10.069302894415,37.39506486899,45.213849287169,13.7709137709137,1.64131305044035,1340,6.41791044776119,60.7479012973798,2.54388196387687,1,0.0132769944218762
07.211.01.05.,Essaouira (Mun.),77118.0,20290.0,3.80078856579595,53.8135170210641,37.6659678546471,98.1465963424853,92.2314782865874,96.6674968866749,29.2951981631226,8.7437433543401,8.19004642236572,8.26136569931792,22.0537958380817,52.4701844404382,17.4336780204169,3.75325537455956,24992,6.58610755441741,41.4040181707488,5.1733558126102395,1,0.20870266119572947
07.211.01.07.,Talmest (Mun.),4328.0,1039.0,4.16554379210779,79.6692607003891,15.272373540856,95.3801732435033,53.5129932627526,95.2611218568665,13.7596899224806,10.6746765249537,9.0804066543438,8.96487985212569,36.9527649769585,46.9367909238249,13.2596685082872,1.18035882908404,1256,19.8248407643312,54.7653325655053,3.7431615318168667,1,0.011712766379510842
07.211.01.09.,Tamanar (Mun.),10572.0,2373.0,4.4551201011378,77.8486394557823,12.6700680272108,85.6239460370995,40.1770657672849,93.5620499788225,15.0510204081632,11.1615588346575,9.34544078698448,10.3102534998108,40.1594478819609,42.3161060978944,9.43457189014539,0.903444381705251,2803,21.3699607563325,65.3855306996668,2.8081865778200767,1,0.028610759280080552
07.211.03.01.,Ait Said,6819.0,1434.0,4.75523012552301,93.4612651030561,0.142146410803127,79.5676429567643,50.278940027894,70.0350877192982,0.773558368495077,11.4679571784719,10.1041208388326,10.6613873001906,56.9558713537771,43.9515256438,6.30231413096996,0.569032644504343,1903,56.3321071991592,79.4876589379207,0.261780104712042,0,0.01845410211226535
07.211.03.03.,Aquermoud,15662.0,3155.0,4.96418383518225,96.1009907318632,0.926813678491531,80.7863031071655,21.43310082435,85.4047163798597,2.78132992327365,10.7840633380155,10.8989911888647,10.7457540543991,55.1161842641663,48.6723991306812,6.11531741409435,0.796968905147635,4836,74.4623655913978,80.5967715636719,0.334257296592206,0,0.04238570864969936
07.211.03.05.,Had Dra,8989.0,2051.0,4.38274012676743,90.5753968253968,3.67063492063492,92.3865300146413,26.5983406539775,88.1768504719324,6.27177700348432,10.1902325063967,9.11113583268439,9.5449994437646,50.978770333609,47.6704190118824,9.93768448671695,0.776255707762557,2746,50.1820830298616,74.1246208988144,0.785773366418528,0,0.024326722963360203
07.211.03.07.,Kechoula,6083.0,1149.0,5.29416884247171,96.2346760070052,0.0,79.982593559617,3.30722367275892,83.041958041958,0.788091068301226,10.8334703271412,10.4718066743383,11.4910406049646,53.5408397743889,46.33072407045,5.33262935586061,0.514579759862779,1793,65.1422197434467,78.8803008147065,0.229789011907249,0,0.01646228232129493
07.211.03.09.,Korimate,9897.0,1927.0,5.1359626362221,90.4761904761904,1.11111111111111,83.5495588998443,87.8567721847431,88.7206266318537,4.07310704960835,11.4378094372031,9.77063756693947,9.92219864605436,53.5214881334188,47.1097417840375,5.38772967922765,0.545073375262055,3038,51.8104015799868,76.8402154398563,0.69248525262888,0,0.026784022379394364
07.211.03.11.,Lagdadra,6825.0,1425.0,4.78947368421052,92.9178470254957,0.56657223796034,80.7719298245614,25.3333333333333,82.6610049539985,0.852272727272727,11.5018315018315,10.3736263736263,10.03663003663,55.9182142187206,44.3942328383903,6.59234125060591,0.993377483443709,1927,31.811105345096,80.026256564141,0.281320330082521,0,0.018470339773604783
07.211.03.13.,Lahsinate,5315.0,1103.0,4.81867633726201,95.0953678474114,0.272479564032698,85.9474161378059,12.0580235720761,85.8310626702997,0.635785649409628,10.3857008466603,9.12511759172154,9.67074317968015,55.0724637681159,52.1519659936238,14.9770759042282,0.599280862964443,1669,54.7034152186938,79.4296400187003,0.374006545114539,0,0.014383861669847536
07.211.03.15.,Mejji,6750.0,1281.0,5.26932084309133,96.9648562300319,0.23961661341853,85.6362217017954,29.5862607338017,89.2942109436954,2.54372019077901,10.4,9.83703703703703,10.6222222222222,53.6218424962852,43.3254767516605,3.01681503461918,0.498442367601246,1961,64.6608873023967,76.11441307578,0.445765230312036,0,0.018267369006861874
07.211.03.17.,Meskala,4330.0,903.0,4.79512735326688,94.6952595936794,1.69300225733634,93.0232558139534,93.4662236987818,93.8409854423292,5.69832402234636,11.9630484988452,10.6004618937644,9.51501154734411,59.0692124105011,42.1965317919075,4.19016921837228,0.420954162768943,1189,44.8275862068965,80.9126155681479,0.656128839844915,0,0.011718178933290654
07.211.03.19.,Mouarid,6161.0,1172.0,5.25682593856655,94.4158075601374,1.46048109965635,82.7645051194539,71.4163822525597,91.1435941530524,2.83993115318416,11.3617919168966,9.64129199805226,11.313098522967,54.8387096774193,44.9880095923261,5.38379530916844,0.662690523525514,1775,56.394366197183,79.6383809328128,0.452023833983974,0,0.016673371918707554
07.211.03.21.,Moulay Bouzarqtoune,6069.0,1267.0,4.79005524861878,95.958795562599,0.396196513470681,86.1878453038674,14.5224940805051,87.9746835443038,2.0684168655529,10.2652825836216,10.8090294941506,9.55676388202339,54.1127348643006,43.5391923990498,5.61920349154391,0.895008605851979,1730,70.9826589595375,75.5532359081419,0.313152400835073,0,0.016424394444836253
07.211.03.23.,Mzilate,4209.0,782.0,5.38235294117647,95.2258064516129,0.0,85.0383631713555,46.1636828644501,92.5257731958762,2.31958762886598,10.6200997861724,10.9052031361368,12.5207887859349,58.3106267029972,42.4351585014409,11.5449915110356,0.468384074941452,1042,61.3243761996161,80.6539509536784,0.181653042688465,0,0.011390719429612091
07.211.03.25.,M'Khalif,5387.0,1062.0,5.07250470809792,96.9668246445497,1.42180094786729,79.2648444863336,50.8953817153628,87.0632672332389,1.13314447592068,11.917579357713,10.8966029329868,11.5091887878225,54.9543049543049,43.6122102882984,4.99027867790019,0.757575757575758,1466,47.4761255115961,83.5497835497835,0.19240019240019202,0,0.014578713605920729
07.211.03.27.,M'Ramer,7587.0,1452.0,5.22520661157024,95.3277545327754,0.557880055788006,80.3030303030303,24.5867768595041,86.6666666666666,1.73731758165392,11.335178594965,10.2412020561486,12.6927639383155,63.0738187321338,55.5444154802486,4.7653429602888,0.400106695118698,2638,76.4973464746019,85.5798319327731,0.201680672268908,0,0.020532522763712747
07.211.03.29.,Oulad M'Rabet,3996.0,773.0,5.16946959896507,95.2631578947368,0.131578947368421,87.4514877102199,72.0569210866752,90.7310704960835,1.30718954248366,12.2372372372372,9.93493493493493,9.80980980980981,52.2829581993569,51.0669610007358,2.37752161383285,0.823045267489712,1355,76.7527675276752,76.5916398713826,0.353697749196142,0,0.01081428245206223
07.211.03.31.,Ounagha,12354.0,2807.0,4.40114000712504,87.9478827361563,5.06695620702135,88.7068044175276,20.5557534734592,88.3172561629153,5.47798066595059,10.7009875344018,9.6244131455399,10.0210458151206,53.5812252362084,50.912260313771,8.90207715133531,0.947473404255319,3991,39.8646955650213,75.8102204612414,1.07690744691659,0,0.03343334469789209
07.211.03.33.,Sidi Abdeljalil,6618.0,1419.0,4.66384778012685,96.1729270021261,0.212615166548547,81.183932346723,2.11416490486257,86.7043847241867,1.98159943382873,11.226956784527,9.91236022967664,9.89724992444847,58.7773093139133,50.8983347940403,6.75850193715023,1.31137541933516,2166,58.5872576177285,81.9314044836175,0.498179727917226,0,0.017910140457394353
07.211.03.35.,Sidi Aissa Regragui,7787.0,1488.0,5.23319892473118,97.2714870395634,0.0,86.1559139784946,18.8172043010752,86.9506423258958,0.676132521974307,11.4421471683575,11.1210992680107,11.8530884808013,58.1121433311214,46.8964166829841,3.29853862212943,0.54715997915581,2316,79.2314335060449,86.3018242122719,0.099502487562189,0,0.02107377814169384
07.211.03.37.,Sidi Ali El Korati,6546.0,1390.0,4.70935251798561,98.9098837209302,0.0,74.2446043165467,0.071942446043165,85.2601156069364,1.30057803468208,9.63947448823709,9.77696303085854,10.6018942865872,61.2890995260663,43.0037109801353,4.16243654822335,0.976502898992981,1888,69.0148305084745,83.0331753554502,0.24644549763033202,0,0.01771528852132116
07.211.03.39.,Sidi Boulaalam,8142.0,1561.0,5.21588725176169,95.0456323337679,0.260756192959583,85.2469531751122,35.5997434252726,84.9190938511326,2.00907323395981,12.3556865634979,11.8889707688528,12.1346106607713,55.9824902723735,51.042471042471,4.91679273827534,0.467289719626168,2514,72.5536992840095,84.7924773022049,0.1621271076524,0,0.022034506437610277
07.211.03.41.,Sidi Ishaq,9773.0,1935.0,5.05064599483204,98.6999479979199,0.416016640665627,73.305742369374,3.67304707708225,84.4479004665629,0.726141078838174,11.5829325693236,10.9382993962959,10.7848153074797,56.6825145272054,47.7907333537895,8.18619582664526,0.814402057436777,2860,75.2797202797202,81.418383518225,0.224511357633386,0,0.026448444045046086
07.211.03.43.,Sidi Laaroussi,12357.0,2148.0,5.75279329608938,90.2576112412178,0.0,68.7150837988826,10.8472998137802,88.0018674136321,0.607476635514019,11.9932022335518,11.8637209678724,11.8232580723476,59.704506802721,48.1504781077,3.13561536451528,0.496277915632754,3707,51.8208794173185,85.9283664576469,0.191306196195132,0,0.0334414635285618
07.211.03.45.,Sidi M'Hamed Ou Marzouq,5341.0,925.0,5.77405405405405,95.9385290889132,0.658616904500549,88.5405405405405,89.9459459459459,92.0738327904451,2.50544662309368,11.4585283654746,10.6721587717655,11.1589589964426,58.3072854051454,50.9121526803255,0.992282249173098,0.791258477769405,1796,52.8953229398663,81.5099783601827,0.384707862466939,0,0.014454224868985078
07.211.03.47.,Tafetachte,7293.0,1491.0,4.89134808853118,84.3177189409368,5.63475899524779,88.7248322147651,73.5570469798657,90.5405405405405,10.4800540906017,11.8744001096942,10.6814753873577,10.3112573700808,48.2471671388102,47.7124183006535,4.62328767123287,0.761206653510009,2228,50.0897666068222,71.3526912181303,1.5226628895184091,0,0.019736877358080537
07.211.03.49.,Takate,10968.0,2255.0,4.86385809312638,98.3914209115281,0.223413762287757,83.3259423503326,12.4168514412416,84.1870824053452,1.11408199643493,10.4941648431801,9.87417943107221,10.1385849744711,53.2692087484255,42.6922067698766,17.7012907191149,0.498522895125554,2678,61.7625093353248,78.8871078543622,0.263338676436913,0,0.029682444928483112
07.211.03.51.,Zaouiat Ben Hmida,6878.0,1413.0,4.86765746638358,93.3285509325681,3.3715925394548,86.6998577524893,25.6045519203413,87.5629043853342,6.03015075376884,11.0351846466996,10.4972375690607,10.4245420180284,49.23105428942,44.2948717948717,3.9556198745779,0.826934435912581,1991,50.3264691109995,75.4307948860478,1.111728738187875,0,0.018613772448769772
07.211.05.01.,Adaghas,2811.0,519.0,5.41618497109826,98.0582524271844,0.194174757281553,65.5105973025048,0.192678227360308,79.3036750483559,0.581395348837209,10.7079331198861,11.4549982212735,13.4471718249733,63.0255941499085,40.1657458563535,16.6437414030261,0.207182320441989,606,35.3135313531353,85.5118829981718,0.137111517367459,0,0.007607344337524255
07.211.05.03.,Aglif,8028.0,1620.0,4.95555555555555,97.5216852540272,0.309789343246592,73.5185185185185,0.740740740740741,86.8730650154798,1.11593304401735,12.8799202790234,10.4384653712007,12.7055306427503,60.8448415922014,34.8325545171339,9.61430967020682,0.349080754014429,1617,46.1348175633889,86.4522417153996,0.227420402858999,0,0.021725990872161056
07.211.05.05.,Aguerd,5378.0,1182.0,4.54991539763113,92.6660914581535,0.94909404659189,87.3728813559322,52.7966101694915,87.9251700680272,4.3103448275862,10.5801413164745,9.98512458162885,10.0037188545927,54.4475655430711,43.3047670058918,13.4817563388991,1.36986301369863,1399,32.0943531093638,74.8829588014981,1.076779026217228,0,0.014554357113911578
07.211.05.07.,Ait Aissi Ihahane,4143.0,836.0,4.95574162679425,97.7025392986698,0.0,63.3971291866028,0.598086124401914,89.7934386391251,1.33657351154313,9.53415399468983,8.83417813178855,11.2237509051412,58.3973979893554,40.0068563592732,5.65552699228791,0.72169598556608,1101,50.6811989100817,84.0331164991129,0.177409816676522,0,0.01121210515487833
07.211.05.09.,Assais,6915.0,1283.0,5.38971161340608,97.8756884343037,0.1573564122738,46.5315666406858,0.311769290724864,87.7663772691397,0.552922590837283,12.6247288503253,11.7570498915401,11.4533622559652,67.2977624784853,37.8183457290962,16.9249106078665,0.338123415046492,1394,45.9827833572453,92.73283610633,0.095620577548288,0,0.018713904693696274
07.211.05.11.,Bizdad,7890.0,1604.0,4.91895261845386,94.8232323232323,0.694444444444444,81.6084788029925,71.1346633416458,89.3910860012554,2.26130653266331,11.7363751584283,10.2915082382762,11.0519645120405,60.0227605267436,39.185606060606,3.81826969550507,0.716934487021014,1990,37.6884422110552,85.094278283485,0.666449934980494,0,0.0213525246613541
07.211.05.13.,Bouzemmour,5860.0,1066.0,5.49718574108818,98.4848484848484,0.284090909090909,57.9737335834896,0.0,88.4071630537229,0.566037735849057,11.9453924914675,11.8259385665529,13.0546075085324,61.4196148678907,39.7352782279848,7.07002039428959,0.561797752808989,1367,47.7688368690563,87.5531676740541,0.11193194537721099,0,0.01585878257484601
07.211.05.15.,Ezzaouite,6341.0,1220.0,5.19754098360655,96.5317919075144,0.247729149463254,67.5409836065573,54.4262295081967,88.2110469909315,0.660611065235343,12.7582400252326,11.6543131998107,11.0550386374388,62.228714524207,38.9051808406647,1.821608040201,0.485584218512898,1563,55.0863723608445,86.8766951804715,0.229501356144377,0,0.01716050175889054
07.211.05.17.,Ida Ou Aazza,7870.0,1467.0,5.36468984321745,95.0344827586206,0.068965517241379,74.8466257668711,5.31697341513292,89.8351648351648,1.58184319119669,11.6264294790343,10.2160101651842,10.2287166454892,56.364818728662,45.0056116722783,9.97506234413965,0.667735042735043,2166,42.4746075715604,79.2228905868964,0.422695496667209,0,0.02129839912355599
07.211.05.19.,Ida Ou Guelloul,5999.0,1198.0,5.00751252086811,98.1418918918918,0.084459459459459,80.7178631051753,0.0,92.063492063492,1.59128978224455,10.5017502917152,10.1683613935655,11.4352392065344,52.7841983610002,39.0621163761355,5.78252671275927,0.729684908789386,1499,52.901934623082,77.936541290187,0.168102542550957,0,0.016234955062542872
07.211.05.21.,Ida Ou Kazzou,5158.0,1026.0,5.02729044834308,95.7925636007827,0.097847358121331,43.3723196881091,0.097465886939571,82.6810176125244,1.07737512242899,10.9926328034121,10.236525785188,11.6905777433113,58.4543440807285,33.2658959537572,14.6828844483058,0.457491422035837,982,46.6395112016293,80.7777504307162,0.7875953728771841,0,0.013958976198132377
07.211.05.23.,Imgrade,6486.0,1257.0,5.1599045346062,96.5378421900161,0.322061191626409,76.3723150357995,0.159108989657916,89.3086816720257,1.44578313253012,10.6537156953438,10.1449275362318,11.4862781375269,54.9542534553241,37.7049180327868,4.58937198067632,0.514372163388805,1580,34.2405063291139,79.832587113101,0.29199922133541,0,0.017552911907926832
07.211.05.25.,Imi N'Tlit,8020.0,1479.0,5.42258282623394,97.4605353466026,0.205902539464653,85.2603110209601,23.1913455037187,89.4557823129251,1.77111716621253,11.3715710723192,11.1970074812967,10.6733167082294,57.1106458366886,37.8408666417631,8.48963474827245,0.720634158059092,1854,47.680690399137,80.6119162640901,0.225442834138486,0,0.021704340657041812
07.211.05.27.,Sidi Ahmed Essayeh,6198.0,1264.0,4.90348101265822,96.5991902834008,0.161943319838057,76.9778481012658,12.5,92.4543288324066,2.3144453312051,11.5359793481768,10.5517909002904,9.18038076798967,48.5294117647058,43.7323943661971,10.7890499194847,0.567423230974633,1662,72.8038507821901,74.4046386415406,0.227790432801822,0,0.01677350416363406
07.211.05.29.,Sidi El Jazouli,6462.0,1290.0,5.00930232558139,95.8850931677018,0.15527950310559,80.5426356589147,8.68217054263565,90.3651903651903,1.4018691588785,10.8016094088517,10.4611575363664,10.0278551532033,62.3943385099272,40.9684684684684,5.44255085211654,0.367759730309531,1720,69.1279069767441,85.7900943396226,0.235849056603774,0,0.017487961262569098
07.211.05.31.,Sidi Ghaneme,4718.0,893.0,5.28331466965285,96.5168539325842,0.112359550561798,77.8275475923852,60.9182530795072,89.4024802705749,2.59887005649717,12.2509537939805,10.936837643069,10.0678253497244,57.4661882417885,41.7592886630676,8.21292775665399,0.382978723404255,1207,45.9817729908865,84.4922737306843,0.5794701986754961,0,0.012768214366573973
07.211.05.33.,Sidi H'Mad Ou M'Barek,5463.0,1212.0,4.50742574257425,94.3474646716542,1.08063175394846,81.7656765676567,19.8019801980198,90.7131011608623,3.31950207468879,10.1409481969613,9.82976386600768,11.5687351272194,51.5782250686184,36.9251336898395,14.5546705286024,0.645392613840086,1180,25.4237288135593,77.5617566331198,0.5946935041171091,0,0.01478439064955354
07.211.05.35.,Sidi Hmad Ou Hamed,4034.0,890.0,4.53258426966292,97.2850678733031,0.0,71.2359550561797,35.7303370786516,89.5388076490438,0.675675675675676,9.51908775409023,9.79176995537927,9.66782350024789,60.0983707347064,41.0471204188481,5.86734693877551,0.441609421000981,1107,59.9819331526648,81.4746543778801,0.245775729646697,0,0.010917120973878636
07.211.05.37.,Sidi Kaouki,4625.0,1101.0,4.20072661217075,95.1940850277264,0.924214417744917,94.0962761126248,47.1389645776566,92.9292929292929,3.2347504621072,9.79459459459459,8.82162162162162,9.75135135135135,49.083178315174,45.6383942046483,9.39153439153439,0.97864768683274,1370,35.4744525547445,71.3602550478214,0.823591923485653,0,0.012516530615812765
07.211.05.39.,Smimou,8026.0,1750.0,4.58628571428571,82.3903002309468,11.4318706697459,87.9587155963302,42.6032110091743,91.9792267743796,12.2035858877964,11.3506105158235,9.89284824320956,10.4036880139546,45.2143648156937,40.7218374043018,12.1754700089525,0.899550224887556,1962,16.2079510703363,70.890681854137,1.914254073722507,0,0.021720578318381246
07.211.05.41.,Tafedna,5617.0,1113.0,5.04672057502246,96.4448495897903,0.455788514129444,79.5148247978436,0.269541778975741,90.0456621004566,2.01096892138939,12.0526971693074,9.43564180167349,9.38223250845647,49.8185941043083,44.8622199330414,7.46268656716417,0.66815144766147,1612,73.4491315136476,74.5578231292517,0.521541950113379,0,0.015201157290598984
07.211.05.43.,Tahelouante,3919.0,756.0,5.18386243386243,97.4632843791722,0.667556742323098,74.3386243386243,67.063492063492,86.4361702127659,0.532623169107856,12.681806583312,10.6659862209747,11.2783873437101,70.1631701631701,39.2661982825917,2.98210735586481,0.486381322957198,976,46.6188524590163,92.6431424766977,0.199733688415446,0,0.010605899131539509
07.211.05.45.,Takoucht,4312.0,907.0,4.75413450937155,95.2380952380952,0.0,82.57993384785,24.9173098125689,84.4961240310077,1.11482720178372,11.2244897959183,10.3896103896103,11.3636363636363,61.3313609467455,39.8961937716263,15.0043365134431,0.786369593709043,980,49.0816326530612,87.3668639053254,0.295857988165681,0,0.011669465949272356
07.211.05.47.,Targante,7605.0,1457.0,5.21962937542896,93.9310344827586,0.482758620689655,75.0171585449554,0.754975978037063,88.9883000688231,2.47763248451479,10.7560815253122,9.73044049967127,10.4404996712689,52.4888374400529,42.7374833428517,6.85968819599109,0.725611394786348,2091,53.7063605930176,79.4939639490656,0.248056887712916,0,0.020581235747731044
07.211.05.49.,Tidzi,4057.0,873.0,4.64719358533791,96.5357967667436,0.808314087759815,87.9587155963302,71.6743119266055,92.9804372842347,0.461361014994233,9.4158245008627,9.66231205324131,10.5250184865664,59.7928723728297,45.9033613445378,4.42410373760488,0.248262164846077,1253,47.3264166001596,80.8102345415778,0.24367956137678998,0,0.010979365342346463
07.211.05.51.,Timizguida-Ouftas,5181.0,999.0,5.18618618618618,98.3756345177665,0.304568527918782,81.2812812812812,0.1001001001001,91.691995947315,5.08130081300813,11.5035707392395,9.45763366145531,10.770121598147,44.053724053724,40.7690132880972,6.5880721220527,0.529100529100529,1347,77.2086117297698,75.6532356532356,0.512820512820512,0,0.014021220566600202
07.351.01.01.,Méchouar-Kasba (Mun.),16641.0,3973.0,4.18852252705763,74.8159431327748,19.9796902767199,97.5333501132645,97.1054618676063,96.0050568900126,21.962972356074,6.22558740460308,6.27967069286701,6.92867015203413,22.0634702569034,50.1827403595136,20.2734839476813,3.891805523853,5364,0.782997762863535,42.3489010989011,4.931318681318676,1,0.0450351537249168
07.351.01.03.,Annakhil (Arrond.),64447.0,14466.0,4.45506705378128,61.6878110324525,24.6372748300273,90.9989630141721,86.5744901486346,93.7526088771392,15.8780011166945,10.7250919360094,9.50393346470743,8.27191335516005,31.495603454984,52.8613902211419,13.0347319155924,2.82792379883391,21183,2.50200632582731,57.0842248589768,3.36121377163975,0,0.17441142672373736
07.351.01.05.,Gueliz (Arrond.),188333.0,49314.0,3.81905746846737,57.6209560798248,29.717390406148,97.0176506390748,96.6058023939947,98.2754736303123,48.997305580123,7.91895206894171,7.39700424248538,7.24408361784711,14.1545639250507,51.1097397922451,17.0121141385277,3.85805333828352,61860,1.15421920465567,29.7558436998394,14.45814105136436,0,0.5096812455065656
07.351.01.07.,Marrakech-Médina (Arrond.),120222.0,28549.0,4.21107569442012,59.8935067719686,32.6805560518886,97.2413067863151,96.5928210880538,93.4811043942447,19.3944121401219,6.95796110528855,7.02866363893463,7.09104822744589,27.0680400406209,52.0151345882253,20.5762567625068,4.45599168598609,39198,0.714322159293842,48.738479986848,3.544247488081078,0,0.3253540202582146
07.351.01.09.,Ménara (Arrond.),409829.0,94686.0,4.32829562976575,61.5294320360119,29.1035775054384,96.3243837005429,95.4498405120513,97.9103937694836,35.0251856911124,9.86557808256614,9.08086055403595,8.4218051919215,17.3464718172895,50.2163498686447,16.8842029208507,2.88299885679152,124239,1.31037757869912,36.890430217261,7.10456046552933,0,1.1091107515130658
07.351.01.11.,Sidi Youssef Ben Ali (Arrond.),122866.0,26257.0,4.67936169402445,65.5861988937454,27.6873090163617,97.9699104932393,97.5814130641782,95.8728088680909,17.3082099596231,9.01469894030895,8.53612879071508,7.71979229404391,27.4077949770968,49.5267760872169,19.0130624092888,3.21053714756122,36828,1.21375040729879,50.1816351108566,3.380979645021816,0,0.33250941635512454
07.351.02.01.,Alouidane,28194.0,5954.0,4.73530399731273,80.8329066393582,5.22273425499232,95.0117568021498,94.6422573060127,94.1862430285617,10.2963590177815,12.1625935515908,10.5097009896073,9.10864398964282,36.4766886930983,47.9540373316695,11.4713216957605,1.39305615087869,8165,21.6166564605021,62.7310673822301,1.68340901793495,0,0.07630077063399462
07.351.02.07.,Ouahat Sidi Brahim,25313.0,5425.0,4.66599078341013,64.3853449879114,26.8923191370652,97.8617511520737,86.4147465437788,95.6738768718802,10.2968460111317,13.3093667285584,11.7172994113696,9.61166199186188,30.6966694772344,49.7008159564823,11.6988933479265,1.72705996287628,7261,2.68558049855391,58.7996627674149,1.659816629781849,0,0.06850398691417697
07.351.02.09.,Oulad Hassoune,23455.0,4767.0,4.92028529473463,81.9883795997417,2.02281041532171,94.3091138177236,95.2120957580848,92.731510913329,6.17572156196944,10.7226604135578,10.3474738861649,9.13238115540396,40.3308644645077,46.6190214403518,11.333857442348,1.45501506672406,6767,35.0081276784394,68.3249608383298,0.864257548749527,0,0.06347572445273263
07.351.03.03.,Harbil,51860.0,11735.0,4.41925862803579,73.8978611959842,18.7341772151898,91.4358755858542,88.5982104814657,95.2438393934172,13.4323204419889,13.5962205939066,11.7412263787119,9.57578094870806,31.5055402019784,50.0651774604491,13.3143973016154,1.64018452075858,14649,11.5229708512526,58.8274793388429,2.46642561983471,0,0.1403475195104973
07.351.03.05.,M'Nabha,12893.0,2301.0,5.6032159930465,87.5723830734966,0.712694877505568,94.1329856584093,86.7883528900478,91.8197725284339,4.64504820333041,12.4098347940743,10.3311874660668,8.85751958427053,49.6535796766743,45.708130173489,10.1959811461175,1.0145846544071,3620,49.5027624309392,76.1971689589398,0.6826623832948501,0,0.03489202794155113
07.351.03.11.,Ouled Dlim,14677.0,2349.0,6.24819071945508,96.7476149176062,0.13009540329575,88.6286201022146,61.8824531516184,88.9505119453924,1.49444918872758,12.3049669550998,10.8469033181167,10.1791919329563,55.876873946598,45.0485436893203,12.1597096188747,0.647613684358722,3872,58.5227272727272,81.2483376185832,0.274847060909655,0,0.03972002591314248
07.351.05.01.,Agafay,15452.0,3132.0,4.93358876117496,91.6854656783757,3.19046084434418,94.5721583652618,93.3908045977011,93.2094811018577,5.52521683263732,11.8301837949779,10.7041159720424,9.06031581672275,43.8586229946524,43.7464522232734,6.98529411764705,1.4,4301,36.4566379911648,70.375939849624,0.484544695071011,0,0.041817390502819206
07.351.05.03.,Ait Imour,14544.0,2767.0,5.25623418865197,94.344473007712,0.844656628718325,95.6270328876039,91.5070473436935,94.1822173435784,2.53211009174311,11.6886688668866,9.7084708470847,9.26842684268426,45.9182780645725,43.6136453788179,13.5516143701682,0.869069668043881,3802,57.18043135192,70.7225332400279,0.43736878936319096,0,0.03936009108678505
07.351.05.05.,Loudaya,32990.0,6615.0,4.98715041572184,88.0176613885505,5.98355663824604,92.1995464852607,86.0619803476946,93.5518130784403,5.99848139711465,11.6611094270991,10.6456501970294,9.54228554107305,40.3082325399922,47.431392607748,10.7558139534883,1.70152208885039,9517,54.5970368813701,68.1206351683508,0.780305099293824,0,0.08928007459798121
07.351.05.09.,Sid Zouine,14954.0,3165.0,4.72480252764613,83.1290322580645,11.1612903225806,91.216429699842,90.2685624012638,92.1002538071066,7.24269377382465,10.5857964424234,9.49578708037983,9.75658686639026,37.9780734789522,45.1010293556995,11.7286559594251,2.15769845498135,4177,24.6349054345223,65.4338549075391,0.912057568404318,0,0.04046966461164629
07.351.07.07.,Saada,67085.0,14435.0,4.64738482854173,75.1423550087873,13.1247803163444,96.1343955663318,91.6453065465881,95.747647263855,10.6783216783216,12.4975776999329,11.4138779160766,9.79205485577998,31.5202696083233,48.539629005059,11.6685195478969,1.45051194539249,19069,15.1554879647595,60.8475041140976,1.4262205156335679,0,0.18155058515930797
07.351.07.11.,Souihla,28164.0,5552.0,5.07276657060518,89.9037588523697,5.04812057381514,96.9020172910662,92.4531700288184,95.9342247921937,5.53645739098968,12.0970032665814,11.3087629598068,9.89561141883255,37.4148082896749,47.159968059622,11.6717462467547,1.44102601051949,7825,38.2875399361022,66.01613202299271,0.625811236788429,0,0.07621958232729746
07.351.07.13.,Tassoultante,71086.0,16695.0,4.25792153339323,77.8526341344986,14.0446710366593,85.6655085659518,89.5231819815502,95.3457606734816,7.97201953808116,13.6496637875249,11.7618096390287,8.72323664293953,30.4998113919275,49.7084641507016,11.8630231159233,1.71655309238333,20513,6.92731438599912,59.3640375693108,1.423937233601146,0,0.19237839899581974
07.427.01.01.,Ben Guerir (Mun.),88538.0,18752.0,4.72152303754266,68.4276116168183,22.7514087559601,94.890939149912,92.5283984854141,96.0304688338161,17.9626540386374,11.2561837854932,9.50213467663602,9.03905667622941,27.6155041411851,47.3888281099169,17.9765744355796,2.05899100330258,24160,3.14983443708609,48.8461922205276,3.4906426830485007,1,0.23960834327844985
07.427.01.17.,Sidi Bou Othmane (Mun.),9181.0,1873.0,4.90176187933796,67.5500270416441,21.9037317468902,95.7821676454885,94.447410571276,96.0752688172043,10.3896103896103,10.5544058381439,10.6851105544058,9.58501252586864,32.5632867616544,45.6463549047394,10.7278371852362,1.34687568999779,2588,6.76197836166924,56.2162909694371,2.0052551514313333,1,0.024846328126222054
07.427.07.01.,Ait Hammou,7515.0,1185.0,6.34177215189873,93.2937181663837,0.084889643463497,84.4725738396624,43.6286919831223,90.6462585034013,2.04081632653061,12.4950099800399,10.1397205588822,10.1264138389886,51.6772750731119,44.1915693647338,14.8678907299596,1.53975363941769,1901,52.9195160441872,77.829377364981,0.343997248022016,0,0.020337670827639553
07.427.07.03.,Ait Taleb,8620.0,1416.0,6.08757062146892,96.9020172910662,0.216138328530259,69.0677966101695,27.7542372881355,90.2228612508986,0.718907260963336,12.4013921113689,10.9512761020881,10.1972157772621,62.8614685844057,54.4518156424581,2.69317088810516,1.13636363636363,3035,71.1696869851729,85.6818525805963,0.287573785379143,0,0.02332810679098509
07.427.07.05.,Bouchane,9705.0,1663.0,5.83583884546001,93.3049300060864,2.31284236153378,86.9119420989143,36.4294330518697,89.7032101756511,4.30042398546335,12.2926326635754,10.6439979392065,9.70633693972179,53.2958951731514,44.6994033960532,7.46064339493497,1.83932346723044,2704,43.75,78.486428666934,0.668538574675759,0,0.026264417216532516
07.427.07.07.,Jaafra,10896.0,1545.0,7.05242718446601,97.6547231270358,0.195439739413681,47.6683937823834,0.259067357512953,80.1819363222872,1.04098893949251,13.4728340675477,11.4720998531571,10.5359765051395,55.7539439892381,46.5007112375533,10.1254206179259,0.843558282208589,2938,56.7733151803948,82.1105404744436,0.232330643189044,0,0.02948759299240992
07.427.07.09.,Labrikiyne,11619.0,2088.0,5.56465517241379,96.8568665377176,0.193423597678917,86.0086248203162,11.8351701006229,88.4078884078884,1.39624458353394,12.7980032705052,10.7668474051123,9.25208709871761,59.33100574389,44.862925954394,7.93832095945174,0.970350404312669,3224,47.8287841191067,82.3330706001576,0.281499831100101,0,0.03144423118381157
07.427.07.11.,Oulad Aamer Tizmarine,5150.0,880.0,5.85227272727272,96.4490263459335,0.0,93.8636363636363,80.1136363636363,94.9771689497717,2.29095074455899,11.631067961165,10.7961165048543,10.4854368932038,45.5683525287931,46.5701881331403,7.02299564947172,1.65811290959336,1496,44.8529411764705,70.7133917396745,0.425531914893617,0,0.013937325983013133
07.427.07.13.,Oulad Hassoune Hamri,7662.0,1206.0,6.35323383084577,91.6036943744752,0.251889168765743,72.8855721393034,0.912106135986733,91.2531539108494,2.52951096121416,12.1900287131297,9.80161837640302,9.1229444009397,45.1898945959511,45.4528230390299,7.96165068778657,0.977653631284916,2208,38.1793478260869,69.851095867492,0.418270035134683,0,0.020735493530455656
07.427.07.15.,Sidi Abdallah,10481.0,1723.0,6.08299477655252,97.538100820633,0.117233294255569,87.579802669762,2.66976204294834,88.3653286794648,1.27906976744186,12.4033966224596,10.4093120885411,10.75279076424,56.0885152676474,45.8279477236823,6.7690379191476,0.826612903225807,2975,45.4117647058823,83.9184177997527,0.33374536464771304,0,0.028364488083099153
07.427.07.17.,Sidi Ali Labrahla,6618.0,1115.0,5.93542600896861,95.0405770964833,0.0,84.8430493273542,31.4798206278026,91.636690647482,1.53153153153153,12.7682079177999,10.5621033544877,9.489271683288,52.6014978320851,46.0188933873144,3.81231671554252,1.16645649432534,1968,57.1138211382113,77.4142688214426,0.216791486007095,0,0.017910140457394353
07.427.07.19.,Sidi Ghanem,10099.0,1636.0,6.17298288508557,96.9901719901719,0.675675675675676,79.8899755501222,0.794621026894866,89.3209876543209,1.48239654107473,11.2486384790573,10.2881473413209,10.0901079314783,68.0297866969582,53.4974656046343,4.79155387114239,0.811823480432973,3517,58.4020471993176,87.1024734982332,0.151438667339727,0,0.02733069031115527
07.427.07.21.,Sidi Mansour,5488.0,935.0,5.86951871657754,98.2740021574973,0.0,65.3475935828877,0.0,92.1336206896551,0.974025974025974,11.5342565597667,9.87609329446064,10.4956268221574,62.5927643784786,49.023280706449,11.4628820960698,0.771010023130301,1622,68.8039457459926,84.442383491769,0.394157199165315,0,0.01485204757180118
07.427.07.23.,Skhour Rehamna,15453.0,2976.0,5.19254032258064,84.9050203527815,9.22659430122116,83.635752688172,36.6935483870967,91.8298446995273,8.39823907890281,11.8294182359412,9.86863392221575,9.79097909790979,46.2352260517398,47.0010390101067,14.8311897106109,1.47019867549668,4238,37.6828692779613,68.7685950413223,1.3305785123966851,0,0.04182009677970911
07.427.07.25.,Skoura Lhadra,8865.0,1352.0,6.55695266272189,97.5354742345033,0.074682598954444,88.1656804733727,2.73668639053254,92.5205684367988,0.896860986547085,13.5363790186125,11.043429216018,10.0507614213197,60.580664471715,50.8714408973252,7.93758480325644,0.598372426998564,2714,51.2159174649963,84.8638947053544,0.14956625785222902,0,0.02399114462901193
07.427.09.01.,Akarma,5171.0,811.0,6.37607891491985,97.1214017521902,0.125156445556946,94.5745992601726,73.9827373612823,89.8514851485148,0.99009900990099,12.8408431637981,10.3268226648617,10.6942564300908,57.3766364551863,50.1754385964912,4.54545454545454,1.23406005758946,1638,45.1159951159951,91.9204631261011,0.050339793606846,0,0.013994157797701147
07.427.09.03.,Bourrous,5986.0,1080.0,5.54259259259259,92.3364485981308,0.093457943925234,93.9814814814814,69.2592592592592,90.3864278982092,0.753295668549906,12.3621784163047,11.2429001002338,8.77046441697293,57.3584080472337,47.9743083003952,7.36354273944387,1.04420466411416,1799,44.4691495275152,83.2057730155259,0.174939864421605,0,0.0161997734629741
07.427.09.05.,Jaidate,12296.0,2388.0,5.14907872696817,88.9502762430939,0.297492562685933,95.1842546063651,94.7236180904522,89.7015552753257,2.09819555182543,12.1746909564085,10.4830839297332,9.30383864671437,47.4132492113564,44.7645230695672,6.5954606141522,1.41784820683903,3498,61.1492281303602,74.2376445846477,0.431125131440589,0,0.03327638063827757
07.427.09.06.,Jbilate,11234.0,2002.0,5.61138861138861,91.2236710130391,0.351053159478435,77.7722277722277,26.7732267732267,89.9197592778335,2.65797392176529,11.2871639665301,10.8865942674025,9.7382944632366,48.5358041638069,44.1234148254673,7.58518518518518,1.03282921431206,3119,36.8387303622956,73.2128559990849,0.503259750657669,0,0.030402314581197968
07.427.09.07.,Lamharra,9477.0,1591.0,5.9566310496543,96.9562460367787,0.063411540900444,76.8070395977372,81.7096165933375,90.5934343434343,3.59848484848484,12.4723013611902,10.4463437796771,11.5226337448559,47.1522453450164,48.0444229840656,11.1892797319933,1.08575227121648,2651,59.2229347416069,74.9760438056125,0.46543463381245803,0,0.02564738608563407
07.427.09.09.,Nzalat Laadam,11428.0,2221.0,5.14542998649257,67.9365079365079,5.4875283446712,77.3075191355245,51.0130571814497,94.3464495703301,18.1982797645993,13.0206510325516,10.7630381519075,10.2205110255512,38.7256027554535,46.0885706709095,6.09896432681242,1.55402963498373,3264,50.4595588235294,62.1354764638346,2.009184845005732,0,0.03092733229783963
07.427.09.11.,Oulad Imloul,9614.0,1712.0,5.61565420560747,93.2142857142857,0.178571428571429,68.3995327102803,60.0467289719626,85.6891495601173,1.0,11.9617224880382,10.6719367588932,9.94383191179529,52.2861753630984,45.7574822585621,10.62036412677,0.920043811610077,2651,67.7480196152395,77.0637268082818,0.188222640494757,0,0.02601814601955112
07.427.09.13.,Ras Ain Rhamna,14284.0,2621.0,5.44982830980541,89.4838960031043,2.40589833139309,93.4757726058756,77.527661198016,89.6895362207742,4.52801227935533,12.0204424530943,10.3052366283954,9.57014841781013,46.5254619197836,45.0657894736842,6.47810218978102,1.08022468673484,4100,56.2682926829268,72.7444794952681,0.703019378098242,0,0.03865645909540963
07.427.09.15.,Sidi Boubker,6145.0,1003.0,6.12662013958125,95.6870611835506,0.200601805416249,88.0358923230309,59.0229312063808,91.6916916916916,0.701402805611223,12.3189585028478,10.3661513425549,9.55248169243287,52.0421052631578,44.6445725264169,10.2743410435718,0.640161725067385,1668,48.8009592326139,77.6047147968848,0.252578404546411,0,0.016630071488469067
07.427.09.19.,Tlauh,9932.0,1740.0,5.70804597701149,93.5276967930029,0.291545189504373,96.6091954022988,78.6781609195402,92.6632004621606,3.94202898550724,11.9714055577929,10.3302456705598,9.45428916633105,46.9215813350615,45.7214517556801,11.3907712165214,1.07481559536354,2746,47.2323379461034,74.5756122845665,0.570169755086173,0,0.026878742070541056
07.431.01.03.,Safi (Mun.),308508.0,72935.0,4.22990333858915,62.0090183836281,30.6874783211932,93.9976961685088,91.1933298593017,94.9079239149897,26.3368577975319,8.37093365488091,7.87921220843543,8.30124340373669,21.7895971297088,48.2950615427577,24.5796786877079,3.66447489863338,84783,9.28723918710118,43.0877600387034,4.993130140299946,1,0.8349080707509544
07.431.01.09.,Jamaat Shaim (Mun.),11251.0,2496.0,4.50761217948718,69.5634599838318,24.2926434923201,93.5470941883767,76.0320641282565,94.5674044265593,20.0806451612903,9.75913252155364,9.332503777442,9.99911119011643,24.5853015489399,46.0391075457508,18.4590253199019,2.44941427050053,2995,5.84307178631051,48.7531582994617,4.18543337361309,1,0.030448321288326363
07.431.01.11.,Sebt Gzoula (Mun.),18543.0,4136.0,4.48331721470019,66.2347188264058,27.1149144254278,86.7618586640852,68.4172313649564,93.5194174757281,11.4313629702002,10.9529202394434,10.4459904006902,9.92827482068705,37.223823246878,49.7958222082613,13.9725595331966,2.39818515717835,5455,7.22273143904674,62.2984562607204,2.353344768439103,1,0.050182492369516996
07.431.03.01.,Bouguedra,16014.0,2898.0,5.52587991718426,91.9004207573632,4.03225806451612,88.1987577639751,10.6280193236714,88.591304347826,2.7177700348432,11.2151867116273,9.84138878481328,10.128637442238,46.1982751799984,47.2323049001814,8.16522574447646,1.16813230082688,4780,30.1673640167364,73.5484891631071,0.44296788482835003,0,0.04333831811494608
07.431.03.02.,Chahda,10370.0,1911.0,5.42647828362114,95.9516298633017,0.157728706624606,86.080586080586,0.10465724751439,87.4604847207587,1.00158144438587,11.4657666345226,10.5593056894889,9.23818707810993,44.9295077912441,44.8933782267115,13.15625,1.05605199025182,2779,36.3080244692335,73.2624288894385,0.5565174375463771,0,0.02806409134831965
07.431.03.03.,El Gouraani,11291.0,1992.0,5.66817269076305,97.0677451971688,0.101112234580384,91.8172690763052,0.251004016064257,91.6456970306995,1.72501268391679,11.6198742361172,10.2382428482862,9.93711805863076,43.5112773433072,45.6823789118296,7.39056281978396,1.12095461941782,3258,30.6936771025168,72.3110053269862,0.816048962937776,0,0.03055657236392258
07.431.03.05.,Labkhati,14324.0,2534.0,5.65272296764009,96.6216216216216,0.0,91.6337805840568,6.31412786108918,92.1553090332805,2.66084193804606,11.9729125942474,10.0251326445127,10.1926836079307,43.247113577374,45.6707505405127,13.9089269612263,1.33352451964439,3819,50.1702016234616,71.6459321578806,0.689161371162624,0,0.03876471017100585
07.431.03.07.,Lahdar,13870.0,2468.0,5.61993517017828,97.6319069380972,0.041545492314084,86.4667747163695,0.20259319286872,87.9901960784313,2.01729106628242,10.6344628695025,9.74044700793078,10.2811824080749,44.2955450923578,42.0149719276356,6.60727542687453,1.523505513639,3774,58.0021197668256,72.011952191235,0.5976095617529881,0,0.03753606046298877
07.431.03.09.,Lamrasla,18335.0,3101.0,5.9126088358594,98.0456026058632,0.03257328990228,79.9742018703644,0.032247662044502,87.5607385811467,0.974342318934719,12.7024815925824,11.431688028361,10.9517316607581,53.5226455787203,47.294572340783,4.63670278912773,0.793187915548816,5368,49.5529061102831,80.8698777857656,0.115025161754134,0,0.04961958677641666
07.431.03.11.,Lamsabih,11339.0,1907.0,5.94598846355532,98.8414955239599,0.052659294365456,84.6879916098584,0.052438384897745,87.6510772464529,1.00316789862724,12.8053620248699,10.7240497398359,10.2301790281329,50.0749625187406,47.9563307149514,5.16379789006107,1.1426465167711,3416,30.4742388758782,78.6068504209433,0.392111636489447,0,0.030686473654638044
07.431.03.13.,Sidi Aissa,10266.0,1837.0,5.58845944474687,96.5915338097856,0.164925783397471,89.6026129559063,0.762112139357648,80.8557323093801,1.04223806911684,11.2896941359828,9.40970192869666,9.62400155854276,50.239528313475,48.0917097721235,9.3313953488372,1.44162436548223,3119,42.9945495351074,73.4676329689227,0.74929369856283,0,0.027782638551769483
07.431.03.15.,Sidi Ettiji,16649.0,2864.0,5.81319832402234,96.6525722339675,0.0,81.4594972067039,0.034916201117318,83.3625833625833,0.773558368495077,12.38512823593,11.4721604901195,11.0877530181992,55.5415319081801,44.9081340596436,8.61430921052631,0.79868154158215,4445,40.1574803149606,81.8963477163366,0.173542636270411,0,0.04505680394003605
07.431.07.01.,Atouabet,10704.0,2108.0,5.07779886148007,96.9186326432354,0.0,83.6812144212523,0.569259962049336,90.1662707838479,0.858369098712446,11.4910313901345,10.622197309417,11.0426008968609,56.8789732517692,46.1495457721872,1.99878861296184,0.767312488010742,3236,69.035846724351,83.5672304186158,0.143936667866139,0,0.02896798782954807
07.431.07.03.,El Ghiate,25162.0,4654.0,5.40653201547056,97.1800433839479,0.412147505422994,67.8272082527401,2.21362561788093,86.328293736501,0.800692490802857,12.1492727128209,10.9967411175582,10.9689213893967,58.3242823894491,53.0643020871033,3.36478344890303,0.748847926267281,8501,55.0994000705799,83.8918192160513,0.13962147067949102,0,0.06809533910380125
07.431.07.05.,Khatazakane,16014.0,3187.0,5.02478820207091,95.4516539440203,0.159033078880407,63.8819095477386,0.188442211055276,84.1154090044388,2.00509229789942,10.9903834145123,9.41051579867615,9.64156363182215,49.4076108277756,49.8884227439078,6.79906960100196,1.1154345006485,5209,46.2084853138798,75.6021024554797,0.423629089197459,0,0.04333831811494608
07.431.07.07.,Laamamra,12717.0,2248.0,5.65702846975088,99.1483639623487,0.044822949350067,43.8612099644128,0.177935943060498,87.7396344181899,0.580616346583296,12.9668947078713,11.5750570103011,10.7572540693559,61.7116647555509,53.5002430724355,1.5901862789641,0.835980605249958,4332,48.107109879963,87.6406836181742,0.020842017507295,0,0.034415723208927766
07.431.07.09.,Lamaachate,15389.0,3182.0,4.83626649905719,95.4055766793409,0.887198986058302,88.2778126964173,2.63984915147705,89.5748031496063,3.40264650283553,11.339268308532,10.4295275846383,9.9031775943856,52.0269147698953,46.1436043747028,10.0370981038746,0.763566948459231,4365,60.0229095074455,79.5913281834039,0.33225350942769405,0,0.04164689505875517
07.431.07.11.,Nagga,22542.0,4133.0,5.45414952818775,92.0646583394562,0.024491795248592,84.587466731188,0.048390999274135,86.6099635479951,1.63334958556801,12.4434389140271,10.5891225268387,10.1943039659302,52.6628242074928,49.4153600850385,5.40467867706372,0.978838445045213,7036,32.546901648664,80.8242074927954,0.288184438040346,0,0.06100489365224894
07.431.07.13.,Ouled Salmane,16979.0,3309.0,5.13115744938047,93.029654539896,0.0,84.1039588999697,0.030220610456331,85.4628224582701,0.885496183206107,10.9017021025973,10.3304081512456,10.5129866305436,54.8003589053387,60.9112089049961,2.8899277518062,0.923675255226057,6855,60.0,81.740690892777,0.246747420367878,0,0.045949875313704855
07.431.09.01.,Ayir,27608.0,4876.0,5.66201804757998,95.7872784150156,0.813347236704901,81.1936013125512,17.0221493027071,89.035721660128,2.78810408921933,12.2283396117067,10.9895682410895,11.9965227470298,46.5820634995518,44.2636699094263,8.387015283567,1.00400090586547,7253,53.6743416517303,72.1719030097179,0.9104632512501181,0,0.07471489237651001
07.431.09.03.,Dar Si Aissa,11946.0,2269.0,5.26487439400617,96.9968623935455,0.134468848050202,80.6081974438078,0.220361392684002,86.4361702127659,1.33333333333333,11.7194039845973,10.2712204922149,10.631173614599,48.202596845155,45.6951174058889,5.57368134855899,1.03166133048737,3473,45.4650158364526,75.28704796652,0.34338448331365995,0,0.03232918372681066
07.431.09.05.,El Beddouza,14084.0,2502.0,5.6290967226219,89.887187751813,0.362610797743755,82.5669732107157,5.35785685725709,84.8874598070739,0.970088924818108,13.0999715989775,11.5237148537347,12.0491337688156,54.0178991992463,46.4850319542549,4.82392667631452,0.650824882700167,3946,83.7557019766852,79.8134890730972,0.23549359457422697,0,0.038115203717428534
07.431.09.07.,Hrara,26103.0,4824.0,5.41106965174129,95.5662954402185,0.567346081109477,81.7578772802653,2.11442786069651,83.6743215031315,3.26564789616914,12.0982262575182,11.3052139600812,10.7995249588169,49.7599039615846,46.3871906841339,8.93686456633613,1.11889237704258,7255,49.8139214334941,74.1822546764029,0.550165049514855,0,0.07064194565720229
07.431.09.09.,Moul El Bergui,15342.0,2858.0,5.36808957312806,94.094766619519,0.212164073550212,80.9590479523976,1.89009450472523,85.2972212451635,2.37084217975937,11.9084865076261,10.4549602398644,10.8786338156694,49.3870696893366,44.6104276508494,8.77653753556576,1.36820925553319,4168,46.9529750479846,76.1313071950298,0.302241625388297,0,0.04151970004492961
07.431.09.15.,Saadla,16633.0,3261.0,5.10058264336093,94.9199507389162,0.061576354679803,71.3278135541245,0.122661760196259,83.6508912108174,2.64696829793782,11.8078518607587,10.575362231708,10.7917994348584,48.9813308544426,47.3594242015294,4.31231003039513,0.947394664672152,5037,37.006154457018,75.2827265685515,0.38729666924864403,0,0.04501350350979756
07.585.01.07.,Echemmaia (Mun.),24303.0,4911.0,4.94868662186927,74.5216306156406,17.8660565723793,92.9896066843285,87.5687792948848,94.7811793712759,13.9962786851354,10.7641031971361,9.5831790313953,9.62432621487059,31.3132878693945,42.8991127563311,18.4358307081221,2.69741667345774,5955,4.97061293031066,55.4241140613699,2.805041843165609,1,0.06577064725537246
07.585.01.13.,Youssoufia (Mun.),67628.0,14762.0,4.58122205663189,69.6242674939676,23.453981385729,96.8692823744663,94.2467981297011,96.343044279184,22.8663335842858,9.58626604365055,7.84142662802389,8.19926657597444,23.668988735875,43.6546911346601,32.1901899166552,3.19411747609498,14889,1.05446974276311,44.7960316607571,3.968339242863792,1,0.18302009351052664
07.585.05.07.,Ighoud,22870.0,3574.0,6.39899272523782,96.5497737556561,2.06447963800905,67.4034695019586,9.12143256855064,90.9244644870349,2.28490832157969,13.8915609969392,11.3773502404897,9.51902055094009,58.519602106495,45.9098833310983,12.238936760625,0.830948204228603,6009,30.9202862373107,83.2016850974197,0.32180679890000596,0,0.06189255247213793
07.585.05.09.,Jdour,20239.0,3225.0,6.27565891472868,99.21160517187,0.094607379375591,80.8062015503876,0.310077519379845,86.332503113325,0.530421216848674,12.2930974850536,10.8750432333613,11.2110282128563,52.9680365296803,49.8832919207891,6.82264150943396,1.04419365045881,6173,41.6329175441438,80.1479099678456,0.42443729903537,0,0.054772337974796664
07.585.05.11.,Jnane Bouih,19706.0,2932.0,6.72100954979536,99.344149119779,0.069036934760097,79.6997611736608,0.102354145342886,90.356897735072,0.618556701030928,14.0820054805642,12.5038059474271,11.1438140667816,54.703808668003,52.4244152880775,4.01057049588061,0.707347972972973,6175,35.1902834008097,80.7769406234879,0.255754475703325,0,0.05332989239247704
07.585.05.17.,Sidi Chiker,20658.0,2931.0,7.04810644831115,98.6254295532646,0.378006872852234,72.7055612418969,0.068236096895258,91.1210147411724,1.13480055020632,14.6335560073579,12.4987898150837,11.6032529770548,57.9125697581716,45.1011378002528,3.78416257883672,0.711494137689147,5492,41.642388929351696,85.099315751013,0.152793463097058,0,0.05590626799166705
07.585.07.01.,Atiamim,7020.0,1207.0,5.81607290803645,94.0436241610738,0.0,80.3482587064676,0.248756218905473,90.7960199004975,3.32225913621262,12.6210826210826,10.5413105413105,10.5840455840455,45.7174638487208,46.0761126639432,10.2659822678488,1.10948905109489,1923,36.0374414976599,74.4530960326288,0.482017055988135,0,0.01899806376713635
07.585.07.03.,El Gantour,18544.0,3553.0,5.21925133689839,78.3522727272727,2.98295454545454,90.8809456797073,28.3703912186884,90.6470754450409,6.13514277636415,11.0979292493528,9.41005176876617,9.30220017256255,38.7584803256445,45.4517516902274,23.6646382691007,2.58942286592056,4516,23.4278122232063,64.7445899192727,0.698731429346721,0,0.05018519864640691
07.585.07.05.,Esbiaat,14986.0,2493.0,6.01123144805455,97.1751412429378,0.080710250201776,82.1500200561572,0.0,88.6336154776299,1.7749092375958,12.8653409849192,11.2037902041905,10.9635659949286,46.8489056869121,49.1269515201314,4.68325318837549,1.44052682123748,4559,42.4215836806317,76.9487652693558,0.37788909394498704,0,0.040556265472123265
07.585.07.13.,Lakhoualqa,16375.0,2512.0,6.5187101910828,97.1796937953263,0.24174053182917,87.4601910828025,2.34872611464968,88.8487765744083,2.05231388329979,12.7511450381679,10.5648854961832,10.8335877862595,58.2238152130625,45.7664842808123,4.70111448834853,1.27284183994959,4703,56.7297469700191,85.5777653898224,0.087600541530621,0,0.04431528407220195
07.585.07.15.,Ras El Ain,19614.0,2930.0,6.69419795221843,97.7839335180055,0.727146814404432,85.7337883959044,8.9419795221843,89.3420150788211,1.65175498967653,13.1640664831243,10.7066381156316,10.3956357703681,60.8090008036431,48.770650740712,10.162213740458,0.982171452973204,5649,48.6988847583643,85.2598446289847,0.221001875167426,0,0.05308091491860574
08.201.01.01.,Arfoud (Mun.),29263.0,5547.0,5.27546421489093,66.4831130690161,27.165932452276,93.6711143166246,93.6711143166246,94.7617315387413,20.1821493624772,11.3009602569798,10.0194785223661,10.2757748692888,20.8260945100764,40.4506169755707,16.8827960973199,3.65853658536585,6730,2.45170876671619,44.3884642112578,5.251042390548992,1,0.07919378062930356
08.201.01.03.,Boudnib (Mun.),11196.0,2350.0,4.76425531914893,69.7453603798014,25.1186879585671,97.5744680851063,96.7234042553191,97.3481608212147,14.095401804899,10.8342265094676,10.235798499464,9.54805287602715,21.998415751952,37.7445932028836,22.5784447476125,3.25453922576224,2270,12.0264317180616,44.6078986081249,4.119044924748209,1,0.030299476059381557
08.201.01.05.,Errachidia (Mun.),90614.0,19475.0,4.65283697047496,60.2291753871912,33.3821682712431,98.0791946998099,96.425453238149,98.17136344799,30.1729061737369,10.8879422605778,9.79649943717306,9.47094267993908,15.1154215425716,41.4147798195579,20.6630803860974,3.04501419561778,20795,1.56768453955277,35.1783055752668,7.396585549108821,1,0.24522657410189358
08.201.01.09.,Goulmima (Mun.),16335.0,3425.0,4.76934306569343,70.1128936423054,20.7961972667855,95.9100204498977,87.4087058136137,96.887844979448,25.4476078661579,9.43985307621671,8.33180287725742,8.95010713192531,22.736748064324,36.0484544695071,27.2769409038238,3.99349895518922,3138,5.22625876354365,41.9967242406194,7.072662298987488,1,0.044207032996605736
08.201.01.11.,Jorf (Mun.),12302.0,2227.0,5.52402334979793,82.0064427059365,10.4463874827427,93.3962264150943,94.3845462713387,95.2941176470588,6.12151667428049,11.25833197854,9.20175581206307,9.65696634693545,27.8691875319366,35.535651971618,15.0900163666121,3.59147025813692,2594,14.8804934464148,54.8083801737353,3.403168114460905,1,0.033292618299617
08.201.01.13.,Moulay Ali Cherif (Mun.),22095.0,3799.0,5.81600421163464,67.0971213344094,27.8450363196125,98.2359136387572,95.4976303317535,97.5180144115292,24.5646932761853,11.9303009730708,10.3236026250282,10.4186467526589,22.9201839669325,40.1317558483463,12.5963149078726,2.72592866383293,5218,2.0505940973553,51.9909186168354,5.384794504598897,1,0.0597951878824612
08.201.01.15.,Tinejdad (Mun.),8930.0,1691.0,5.28089887640449,64.1646489104116,25.4237288135593,95.9739490822972,94.3753700414446,95.9952181709504,26.5110712148414,10.8174692049272,9.13773796192609,8.7010078387458,19.5439283715724,41.0296656725788,23.8332058148431,3.93356643356643,1991,3.21446509291813,39.0598768886401,7.834359261331836,1,0.02416705262685578
08.201.03.01.,Aarab Sebbah Gheris,4397.0,733.0,5.99863574351978,86.7768595041322,0.826446280991736,95.6164383561643,59.3150684931506,94.9453551912568,2.19780219780219,15.6015465089833,10.0295656129179,9.93859449624744,30.9174311926605,33.5686551358983,4.73186119873817,3.27727468736524,906,43.7086092715231,62.0183486238532,0.581039755351682,0,0.01189949948491432
08.201.03.03.,Aarab Sebbah Ziz,19192.0,2850.0,6.73403508771929,86.7704280155642,0.813583303855677,91.6110916110916,70.9371709371709,94.405348346235,3.49946977730646,12.3020008336807,10.4679032930387,10.1917465610671,27.904466333828,39.2196486864604,7.8081648830757,2.64709034401457,4652,12.231298366294,60.5383888813925,2.017271623262709,0,0.05193886607106564
08.201.03.07.,Es-sifa,7009.0,1002.0,6.99500998003992,89.9396378269617,0.905432595573441,95.4,40.2,95.2811244979919,1.50300601202404,12.4982165786845,10.3010415180482,10.529319446426,34.1341711328774,34.3248448534132,5.92269326683291,2.09288990825688,1509,29.4897282968853,63.666605063759,1.386065422287927,0,0.018968294721347388
08.201.03.09.,Fezna,4477.0,701.0,6.38659058487874,82.3179791976225,1.48588410104011,90.721649484536,91.0162002945508,95.2654232424677,1.34128166915052,12.218003127094,10.5651105651105,10.9895018985928,28.8689615273358,41.8887015177065,17.4718196457326,4.25999121651295,1025,31.3170731707317,56.2048018513161,1.6777552791437609,0,0.012116001636106757
08.201.07.01.,Aoufous,10424.0,1950.0,5.34564102564102,85.9220779220779,5.97402597402597,95.8225889633831,91.18102114492,96.5463917525773,7.07228289131565,10.993860322333,8.68188795088258,8.43246354566385,31.9479278633703,34.3474779823859,13.3644133644133,3.73309287646528,2230,34.2600896860986,54.2577331900155,3.152991759226075,0,0.02821023030037454
08.201.07.03.,Chorfa M'Daghra,14211.0,2545.0,5.58388998035363,80.7248108323377,6.88968538430904,96.187106918239,83.2154088050314,95.4922894424673,6.03174603174603,11.9484906058686,9.5207937513194,9.16895362747167,24.0164889327,33.2048290554935,8.64650168041552,2.74797173514786,2990,22.0735785953177,53.4856630824372,1.7473118279569881,0,0.03845890088244653
08.201.07.05.,Er-rteb,13461.0,2219.0,6.06624605678233,90.1646843549862,3.06495882891125,96.8383017163505,89.747064137308,94.7703501591632,4.74669100867184,12.0719114478864,9.24151251764356,9.45694970655969,28.6186384666226,36.1304861036591,8.07840807840807,2.95595625184747,3095,27.075928917609,59.4127643504531,2.464123867069482,0,0.03642919321501743
08.201.07.07.,Lkheng,14040.0,2725.0,5.15229357798165,77.3850247054352,8.70391486126948,87.9419426870115,83.3643468552288,93.4492968171724,6.41609719058466,11.4814814814814,9.37321937321937,8.66809116809116,29.1449144914491,37.3016675088428,18.4502844757518,2.70419426048565,3010,20.9634551495016,55.0395968322534,2.438804895608349,0,0.0379961275342727
08.201.07.09.,Oued Naam,5340.0,1044.0,5.11494252873563,85.9688195991091,0.334075723830735,92.5696594427244,72.4458204334365,93.3204259438528,0.664451827242525,13.4831460674157,10.1498127340823,9.28838951310861,41.3683178028445,34.9246231155778,15.1079136690647,3.76044568245125,1062,50.1883239171374,66.4051005394801,1.250613045610587,0,0.014451518592095172
08.201.11.01.,Bni M'Hamed-Sijelmassa,14433.0,2181.0,6.61760660247592,83.64896073903,0.323325635103926,90.8757450710683,35.3966070609812,90.9552376557452,2.26537216828479,11.7439201829141,9.880135799903,9.47135037760687,33.4246817538896,33.8360985419808,5.37890044576523,2.69317540891145,3184,16.645728643216,61.2093352192362,2.395685997171137,0,0.03905969435200554
08.201.11.03.,Er-rissani,5010.0,650.0,7.7076923076923,86.5771812080536,0.167785234899329,49.1056910569105,27.1544715447154,94.4272445820433,3.5234899328859,12.9341317365269,11.1576846307385,12.1556886227544,48.8035761241125,41.0770194113963,4.42073170731707,2.27365002030044,1254,29.8245614035087,72.1798580068367,1.446226663160653,0,0.013558447218426367
08.201.11.05.,Es-sfalat,11432.0,1741.0,6.56634118322803,84.9307159353348,0.057736720554273,95.1751866743251,26.1344055140723,93.5949221004039,2.48267898383371,11.406578026592,10.2519244226731,9.7183344996501,35.8275631002903,35.4110898661567,6.58747300215982,3.48294434470377,2595,10.2119460500963,64.805716837874,2.188476998660108,0,0.03093815740539925
08.201.11.07.,Et-taous,6792.0,1165.0,5.83004291845493,83.2746478873239,4.04929577464788,83.2319721980886,82.884448305821,96.2036238136324,13.5922330097087,11.2926972909305,9.87926972909305,10.0412249705535,44.9280777134317,40.3895547945205,3.33863275039745,2.78029616198247,1824,12.3355263157894,68.1172954800149,1.550242809114674,0,0.018381032636237905
08.201.11.09.,Sidi Ali,2162.0,302.0,7.15894039735099,84.2293906810035,0.716845878136201,70.4225352112676,91.1971830985915,87.0431893687707,0.0,12.7659574468085,11.4246068455134,10.6382978723404,60.097620500305,51.1710432931156,8.46047156726768,3.10077519379845,660,52.1212121212121,83.7095790115924,0.854179377669311,0,0.00585097063597561
08.201.13.01.,Aghbalou N'Kerdous,10313.0,1530.0,6.74052287581699,86.6756393001345,3.23014804845222,89.4875164257555,67.5427069645203,82.1782178217821,1.26582278481012,12.8963444196645,10.2395035392223,11.3836904877339,40.1539043774441,49.9037464830445,24.0356083086053,2.8588098016336,2560,35.234375,68.865901349817,1.274126403431304,0,0.027909833565595038
08.201.13.02.,Amellagou,4975.0,884.0,5.62782805429864,93.0475086906141,1.15874855156431,91.9592298980747,36.4665911664779,91.0550458715596,1.15606936416185,12.1005025125628,10.2311557788944,9.84924623115577,43.0900621118012,40.4267931238885,10.3372434017595,5.20208083233293,1223,52.1668029435813,63.5351966873706,1.75983436853002,0,0.013463727527279678
08.201.13.03.,Ferkla El Oulia,22722.0,3573.0,6.35936188077246,83.5971223021582,5.46762589928057,92.231358094698,81.9676779132407,96.1408450704225,11.235632183908,11.1125781181234,9.25094621952292,9.41378399788751,30.0044213551453,35.8861870142893,14.5127488648271,3.33104395604395,4895,10.3166496424923,52.8488532743851,4.150317767339038,0,0.06149202349243193
08.201.13.05.,Ferkla Es-soufla,12328.0,1925.0,6.40415584415584,90.278507619548,0.788229111928534,91.207075962539,82.9864724245577,91.4196567862714,3.13643491897543,9.93672939649578,7.75470473718364,8.89033095392602,30.3962152572442,38.2941111479394,19.5614541257934,2.60815242854911,2788,11.4060258249641,57.5145363161525,2.237114418054594,0,0.033362981498754544
08.201.13.07.,Gheris El Ouloui,12043.0,1926.0,6.25285565939771,91.4361702127659,1.70212765957446,94.7889525794684,91.3496612819176,94.7120418848167,8.49501835343471,10.6202773395333,9.009383044092,9.78991945528522,28.3662292032654,36.7176470588235,10.7657801986542,2.0738413197172,2785,22.5852782764811,54.830044426077,2.1903089162103457,0,0.03259169258513149
08.201.13.09.,Gheris Es-soufli,6867.0,1146.0,5.99214659685863,89.0374331550802,0.802139037433155,91.7471466198419,89.640035118525,92.8759894459102,3.64444444444444,10.9072375127421,8.15494393476044,9.30537352555701,30.7664627563871,44.4195974791624,9.70251716247139,3.07394073663805,1973,42.0172326406487,58.5642317380352,2.338970852824754,0,0.018584003402980814
08.201.13.11.,Melaab,17357.0,2713.0,6.39771470696645,83.7938760268857,3.47274085138162,93.4758569848875,92.1857722078879,95.2557449962935,11.578555472822,12.1046263755257,9.47168289450942,9.71942155902517,32.1969140337986,36.461215932914,14.0064397424103,3.35825186889016,3739,12.8376571275742,58.4998530708198,2.5345283573317587,0,0.046972847978089115
08.201.13.13.,Tadighoust,6243.0,1245.0,5.0144578313253,86.1666666666666,2.25,91.2479740680713,71.2317666126418,93.4518997574777,3.28947368421052,10.2034278391798,8.08905974691654,8.50552618933205,40.7371103705155,39.4967177242888,25.3739612188365,4.8835251192815,1347,51.2991833704528,61.9094295236228,1.82317192707312,0,0.016895286623679805
08.363.01.03.,Midelt (Mun.),55063.0,13111.0,4.199755930135,69.5038197391774,22.8335519716027,96.0259344012204,88.6727688787185,96.1447075956158,19.4506253356863,9.70887892050923,8.09799683998329,8.67006883024898,23.5912847483095,41.1817014129038,21.1732245681381,4.94363139836145,13142,7.42657129812813,44.2639975252993,4.646692297494366,1,0.14901572438886448
08.363.01.07.,Er-rich (Mun.),25923.0,5710.0,4.53992994746059,67.5181834309029,25.0665247472059,96.0231254379817,86.5451997196916,97.4435825105782,18.9551711966113,10.3383096092273,9.88697295837673,9.98341241368668,23.4526112185686,37.6409462745965,22.3494860499265,4.22461099000225,5288,3.83888048411497,44.2408123791102,5.377176015473886,1,0.07015481581701931
08.363.05.01.,Aghbalou,9547.0,1949.0,4.89840944073884,74.4329896907216,10.360824742268,88.0451513596716,35.6593124679322,91.1145351823317,3.03497942386831,10.5163925840578,8.91379490939562,9.72033099402953,36.5292051515545,46.1856889414547,11.3636363636363,5.34240924092409,2769,62.0079451065366,71.9578783151326,1.0790431617264689,0,0.02583682546792745
08.363.05.03.,Agoudim,4113.0,734.0,5.60354223433242,88.9041095890411,0.958904109589041,76.7029972752043,50.5449591280653,88.8283378746594,1.08991825613079,10.8193532701191,9.26331145149525,10.5762217359591,60.6327958624885,45.3015427769985,26.0835913312693,3.18021201413427,955,64.1884816753926,82.4459993915424,0.76057195010648,0,0.011130916848181169
08.363.05.13.,Anemzi,4885.0,874.0,5.58924485125858,89.1055045871559,1.14678899082568,78.604118993135,60.8695652173913,70.8045977011494,0.919540229885058,10.7676560900716,11.7502558853633,12.3029682702149,74.2404227212681,51.821608040201,11.6363636363636,3.66113239676458,1458,65.5006858710562,91.4134742404227,0.581241743725231,0,0.013220162607188184
08.363.05.15.,Boumia,18204.0,4426.0,4.11296882060551,62.121906507791,26.5352887259395,94.7582467239042,85.8111161319475,95.887298341286,9.52597994530537,9.79455064820918,8.66842452208306,8.72885080202153,40.0741239892183,44.5299532216689,16.9942392409352,7.4997370358683,4899,26.8422126964686,60.3112578319746,2.196321498349386,0,0.04926506450383904
08.363.05.21.,Sidi Yahya Ou Youssef,4637.0,942.0,4.92250530785562,90.8413205537806,0.958466453674121,72.0806794055201,58.3864118895966,85.7294994675186,0.212765957446809,12.3571274530946,10.9122277334483,11.0631874056502,68.1000562113547,41.0837438423645,11.3509192645883,3.93835616438356,1109,58.2506762849413,87.6335019673974,0.252951096121417,0,0.01254900593849163
08.363.05.23.,Tanourdi,2872.0,486.0,5.90946502057613,88.2716049382716,0.205761316872428,82.9218106995884,24.8971193415637,94.6391752577319,0.411522633744856,9.57520891364902,9.47075208913649,9.19220055710306,64.0,44.7840853954391,2.05850487540628,2.71966527196652,904,84.4026548672566,79.7849462365591,0.602150537634409,0,0.007772427227808489
08.363.05.25.,Tizi N'Ghachou,2557.0,476.0,5.37184873949579,89.7654584221748,0.0,70.7983193277311,0.0,89.9159663865546,0.840336134453782,9.62064919827923,7.35236605396949,8.48650762612436,66.6509656146961,45.5928646379853,3.56731875719217,3.81861575178997,838,85.5608591885441,82.8073480923221,0.0,0,0.006919950007488268
08.363.05.27.,Tounfite,13292.0,2890.0,4.5993079584775,82.330300909727,8.74737578726382,87.8724878724878,67.7408177408177,92.7777777777777,6.8617206548241,9.41919951850737,9.5922359313873,10.2994282275052,48.341848583372,41.6666666666666,13.154533844189,5.36563614744352,3400,41.8823529411764,67.1713887598699,1.65350673478866,0,0.035971832420623406
08.363.07.05.,Ait Ayach,11946.0,2264.0,5.27650176678445,81.3932584269663,2.11235955056179,92.0,65.7777777777777,95.2951620062139,4.22092501122586,10.5818334030975,9.11678526580159,9.20887400586019,44.0250260688216,40.6735751295336,5.38506079907353,3.84358288770053,3268,84.7613219094247,65.4816513761467,0.979983319432861,0,0.03232918372681066
08.363.07.07.,Ait Ben Yacoub,4012.0,820.0,4.89268292682926,80.5662805662805,1.8018018018018,91.0209102091021,68.880688806888,93.0147058823529,2.67175572519084,9.69591226321036,8.34995014955134,9.04785643070787,48.4793187347931,40.9914529914529,12.510425354462,3.78192534381139,1049,73.4032411820781,70.0121654501216,0.6690997566909971,0,0.010857582882300716
08.363.07.09.,Ait Izdeg,6819.0,1286.0,5.30248833592535,82.7727645611156,1.31255127153404,86.5863453815261,46.5060240963855,90.5734485467399,1.64473684210526,11.7025956885173,9.72283326000879,9.18023170552867,44.120940649496,42.9416737109044,11.9094488188976,4.68614405553948,1790,59.217877094972,65.565509518477,0.7838745800671889,0,0.01845410211226535
08.363.07.11.,Amersid,5857.0,1085.0,5.39815668202765,86.9565217391304,2.40518038852914,88.3870967741935,8.0184331797235,91.3123844731977,0.831792975970425,11.6783336178931,9.78316544305958,9.47584087416766,45.1619917373342,43.6093943139678,11.3945578231292,3.0811365970558,1563,65.067178502879,69.6304347826087,0.7173913043478259,0,0.015850663744176294
08.363.07.17.,Itzer,10613.0,2518.0,4.21485305798252,73.7267582861762,13.3387227162489,89.3269613699721,73.5961768219832,91.6234543278819,7.36418511066398,8.97955337793272,8.3670969565627,9.00782059738057,41.2904696762425,42.7200614124872,15.4537286612758,5.25277877375403,2823,42.4371236273467,61.2289101687186,2.051983584131324,0,0.028721716632566677
08.363.07.19.,Mibladen,3084.0,580.0,5.31724137931034,51.8388791593695,0.0,75.5172413793103,68.9655172413793,94.1278065630397,0.519930675909879,11.7704280155642,9.79247730220493,10.5058365758754,53.1624638280281,41.3365155131264,13.3949191685912,3.26504481434058,750,67.4666666666666,74.2042166184373,0.454733360892931,0,0.008346157928468448
08.363.07.29.,Zaida,13181.0,3038.0,4.33870967741935,64.1034251175285,16.3532572196104,90.3172504957039,59.5175148711169,96.1692205196535,7.87006028131279,11.1600030346711,9.96130794325165,9.42265381989227,39.2303992303992,47.9519388312397,11.1389521640091,5.28582034149962,3901,47.2442963342732,62.9508512070789,1.596614408002305,0,0.035671435685843904
08.363.09.01.,En-nzala,4390.0,820.0,5.35365853658536,90.6158357771261,1.61290322580645,56.5860215053763,42.0698924731182,87.041564792176,0.734214390602056,13.5990888382687,10.9339407744874,9.63553530751708,60.24750980984,43.9446366782006,12.2047244094488,2.57009345794392,1115,65.4708520179372,79.1729550256565,0.573498339873226,0,0.011880555546684981
08.363.09.03.,Gourrama,14920.0,2906.0,5.13420509291121,82.7258921791951,8.12452543659833,74.9264705882352,73.7867647058823,83.2870048644892,6.12476370510397,12.1983914209115,11.4142091152815,9.94638069705094,48.3412322274881,41.6927267224856,23.9535446406968,3.59984348506586,3143,32.5803372573973,70.4746863209616,1.833815916469244,0,0.0403776511973895
08.363.09.05.,Guers Tiaallaline,12910.0,2399.0,5.38140892038349,88.1725021349274,3.07429547395388,91.2785774767146,72.5656223539373,92.9229480737018,4.9678800856531,11.8512780790085,10.4027885360185,9.7986057319907,43.1005280462289,39.0674874601003,18.8503063904289,4.53438831405964,2781,47.5728155339805,63.4651788382982,1.125834412673106,0,0.034938034648679527
08.363.09.07.,Guir,4022.0,782.0,5.14322250639386,86.3505747126436,0.862068965517241,84.3881856540084,86.6385372714486,89.0463917525773,2.69121813031161,12.9040278468423,10.1690701143709,9.39830929885629,48.836457659987,38.6229749631811,24.5948522402287,4.44234404536862,791,29.582806573957,70.6205559146735,0.775694893341952,0,0.010884645651199771
08.363.09.09.,M'Zizel,7388.0,1299.0,5.6874518860662,91.5739268680445,0.397456279809221,89.9297423887587,79.9375487900078,92.84046692607,2.13946117274168,11.8841364374661,10.8689767190037,9.35300487276664,42.3865428421237,42.7432216905901,12.080223880597,4.3405208625035,1885,47.2679045092838,66.0767478535132,1.59453302961275,0,0.01999397366262156
08.363.09.11.,Sidi Aayad,8629.0,1617.0,5.33642547928262,84.9092047589229,2.44207889793362,89.6039603960396,59.5915841584158,95.1582867783985,2.55930087390761,12.4116351836829,10.3256460771815,9.46807277784216,41.4641464146414,42.5811965811965,12.4046567643516,4.26374650512581,2182,42.6214482126489,63.8518074096295,0.899955002249887,0,0.023352463282994236
08.363.09.13.,Zaouiat Sidi Hamza,5454.0,844.0,6.46208530805687,92.7891156462585,1.63265306122449,90.5013192612137,5.0131926121372,82.0665083135391,0.272108843537415,11.7895122845617,11.019435276861,10.3043637697103,55.2862912805892,44.7094298245614,9.80993255671367,2.2667170381564,1471,63.4262406526172,82.8266033254156,0.285035629453682,0,0.014760034157544394
08.363.15.01.,Ait Yahya,4560.0,736.0,6.19565217391304,90.6206896551724,1.93103448275862,83.0163043478261,18.070652173913,87.3469387755102,0.683060109289618,11.798245614035,10.2850877192982,10.4824561403508,54.3918918918918,49.3983739837398,13.8248847926267,6.56279508970727,1309,58.5179526355996,77.0897832817337,1.09766394596116,0,0.012340622617968911
08.363.15.03.,Amouguer,4840.0,798.0,6.06516290726817,93.4980494148244,2.34070221066319,91.7525773195876,62.8865979381443,92.81210592686,1.171875,11.095041322314,9.02892561983471,9.31818181818181,52.4708926261319,48.8726207906295,3.89454763331336,5.1931330472103,1604,69.7007481296758,75.0646663217796,1.1381272633212538,0,0.01309838014714244
08.363.15.05.,Bou Azmou,9583.0,1638.0,5.85042735042735,94.9754901960784,2.26715686274509,90.6479217603912,91.1369193154034,93.4889434889434,1.22925629993853,12.3239069185015,11.6247521652927,11.562141291871,55.708013172338,55.4854368932038,12.1026538349373,4.81203007518797,3014,62.1433311214333,79.7475301866081,0.960482985729967,0,0.02593425143596405
08.363.15.07.,Imilchil,8870.0,1517.0,5.84706657877389,90.5647840531561,4.98338870431893,65.5672823218997,47.3614775725593,88.4920634920635,5.24220305242203,11.206313416009,11.7474633596392,11.9616685456595,64.6129079467291,53.2305560367226,4.19785226163358,4.18787598334104,2944,67.0176630434782,80.99209833187,1.434006438396255,0,0.024004676013461453
08.363.15.09.,Outerbat,6819.0,1173.0,5.81329923273657,92.4017467248908,2.88209606986899,92.7288280581693,46.1933276304533,91.8941979522184,0.173611111111111,11.2186537615486,10.7640416483355,10.6467223933128,55.9962406015037,66.6739225076186,2.05680705190989,5.56923076923076,3000,73.1666666666666,77.3496240601503,1.1090225563909761,0,0.01845410211226535
08.401.01.07.,Ouarzazate (Mun.),69420.0,15475.0,4.4859450726979,59.5233418450861,28.1018791331107,97.634130575307,97.0071105365223,98.1293842556508,33.2182860119822,10.6467876692595,9.64131374243733,9.07663497551138,16.8398604810872,47.2336086468848,17.8705582660506,2.66472036178373,19022,1.45620860056776,38.1108139366777,7.03520312274106,1,0.18786974169723722
08.401.01.09.,Taznakht (Mun.),7281.0,1528.0,4.76505235602094,55.0397877984084,35.0795755968169,93.713163064833,94.8919449901768,96.9696969696969,14.9174917491749,11.207251751133,9.2020326878176,10.2321109737673,28.6798964624676,42.9306930693069,11.6697416974169,1.77133655394525,1915,1.77545691906005,52.4762726488352,5.107851596203617,1,0.019704402035401674
08.401.03.01.,Ait Zineb,10062.0,1903.0,5.2874408828166,88.2669537136706,3.60602798708288,92.8496319663512,90.8517350157728,94.8404255319148,10.0481026189203,10.276287020473,8.79546809779367,7.73206122043331,34.5860967821174,48.4317718940936,10.7933837959069,2.19290094777922,3182,30.6725329981143,62.1883826599533,1.461377870563674,0,0.027230558066228764
08.401.03.03.,Amerzgane,8697.0,1656.0,5.25181159420289,85.2147239263803,1.2883435582822,96.3768115942029,96.6183574879227,93.1914893617021,6.59340659340659,11.3947338162584,9.21007243877199,8.48568471886857,39.4843568945538,41.1545321874493,13.3569739952718,2.51491901108269,2199,14.5975443383356,68.8921071687183,1.158580738595212,0,0.02353649011150781
08.401.03.05.,Iznaguen,12017.0,2167.0,5.54545454545454,94.7540983606557,0.843091334894614,94.8291782086796,94.9676823638042,92.1577726218097,2.87836583101207,10.6598984771573,10.135641175002,10.2521427977032,48.8599348534201,40.5986000482742,10.7609988109393,0.749737591842855,3002,24.3837441705529,77.0750157596133,0.798487077117042,0,0.03252132938599395
08.401.03.07.,Ighrem N'Ougdal,14801.0,2601.0,5.69050365244136,91.5728155339805,2.25242718446601,93.1538461538461,87.4230769230769,95.2178943308908,5.20995334370139,10.0939125734747,8.56698871697858,9.76961016147557,38.8815024098387,43.6892287359577,8.92394122731201,1.4295168762409,4215,32.4317912218268,66.7995680704377,0.955228839604618,0,0.04005560424749075
08.401.03.09.,Khouzama,7488.0,1416.0,5.28813559322033,96.4899713467048,0.286532951289398,93.7853107344632,97.1045197740113,84.3595187544232,0.212464589235127,11.0190997729397,10.8321089889141,10.418057967143,56.4786324786324,73.0230723723131,2.40345665676478,0.930121631290246,3614,20.8079690094078,89.4206118612203,0.273457528627585,0,0.020264601351612104
08.401.03.11.,Ouisselsate,14140.0,2519.0,5.61333862643906,93.2579733548647,0.444085587404118,94.4422389837237,95.6331877729257,90.8873855949064,2.59274032708416,10.063649222065,8.88260254596888,8.35926449787835,39.0978099642265,49.8102928300418,7.87109375,1.63324923648917,4717,20.0127199491202,67.4897478405025,1.500741645580665,0,0.03826675522326325
08.401.03.13.,Siroua,9678.0,1807.0,5.35583840619811,95.4417557681485,1.57568936409679,97.1776425013835,94.6319867183176,92.7343316694398,0.5,10.2500516635668,9.8367431287456,10.3430460839016,44.4918541505042,51.5669092529333,9.70622119815668,1.02463054187192,3135,26.9537480063795,73.0152573054047,0.892164468580295,0,0.026191347740505067
08.401.03.15.,Telouet,14060.0,2194.0,6.40838650865998,94.4263817928472,1.11472364143056,93.7101185050136,88.0583409298085,87.4827427519558,2.71889400921659,10.4338549075391,8.8904694167852,8.71977240398293,48.9241622574955,43.6690718592468,6.97148030783159,1.75851564663528,4110,36.3260340632603,75.3945164418584,0.837520938023451,0,0.03805025307207081
08.401.03.17.,Tidli,15278.0,2551.0,5.98902391219129,95.6677265500795,1.55007949125596,97.2156862745098,97.4117647058823,94.3980929678188,3.18725099601593,11.5132870794606,10.4594842256839,10.1256708993323,41.9847328244274,51.2916907653749,4.15335463258786,1.60092213114754,5100,41.1960784313725,77.7870983977854,0.520090596426474,0,0.04134649832397566
08.401.07.01.,Ghassate,8448.0,1298.0,6.50847457627118,95.3088350273651,0.156372165754496,95.0693374422188,91.2172573189522,94.4401544401544,2.7906976744186,10.4758522727272,8.71212121212121,9.0435606060606,45.5104731214296,33.1519049975259,7.16417910447761,1.59228526575465,1866,25.7234726688102,71.1586348322835,0.805624725355207,0,0.02286262716592135
08.401.07.03.,Idelsane,8374.0,1415.0,5.91802120141342,95.5682630450321,1.57255182273052,93.5643564356435,92.2206506364922,91.4001421464108,2.63720598717034,11.4401719608311,9.88774779078098,8.47862431335084,35.4745634016704,32.3749574685267,21.8602207041513,1.69491525423728,1487,22.3268325487558,64.1621129326047,2.003642987249537,0,0.022662362676068342
08.401.07.05.,Imi N'Oulaoune,21059.0,3126.0,6.73672424824056,95.563025210084,1.10924369747899,91.6313904265711,63.8554216867469,90.142210730446,1.37445524639624,12.8448644285103,12.2085569115342,11.7574433733795,52.5248685294304,36.0261516495077,6.11180642469753,1.19582808847329,4501,28.8380359920017,83.805360197681,0.601913451181651,0,0.05699148502451913
08.401.07.07.,Skoura Ahl El Oust,24055.0,4035.0,5.96158612143742,89.3856143856143,4.99500499500499,91.4250309789343,88.3519206939281,92.8161636318283,12.8006012024048,10.9997921430056,9.42423612554562,9.6986073581376,32.965884750013,35.9152834790885,14.1129700182209,1.78839914536678,5185,20.9643201542912,61.3624490648835,2.5441437676313843,0,0.06509949058667591
08.401.07.09.,Tarmigt,40158.0,7495.0,5.35797198132088,79.1187998378159,14.7992972023246,94.8625567120363,91.8334667734187,96.9944988595196,16.6576892001077,11.1808356989889,9.90089147865929,9.22854723840828,26.2867240998453,40.2522689916386,17.1770972037283,1.7521720137844,9330,7.98499464094319,51.069670579326,3.7517354537422682,0,0.10867866734482357
08.401.07.11.,Toundoute,10606.0,1773.0,5.98195149464185,92.4755887421022,1.14876507754164,94.2970073404856,90.0621118012422,94.9517867271695,5.26918671248568,11.2389213652649,10.0037714501225,10.3714878370733,42.4260567596695,33.5171653109058,8.14479638009049,1.6866631890106,2233,27.4518584863412,74.4642643361666,0.981683227582904,0,0.028702772694337336
08.577.01.03.,Boumalne Dades (Mun.),12039.0,2294.0,5.24803836094158,64.5289694825298,23.5294117647058,96.8600087221979,88.0069777583951,96.8253968253968,24.0282685512367,10.7317883545144,9.54398205831049,8.92100672813356,27.8374153204794,36.5556076959174,24.0372272143774,3.47459003084916,2367,2.6615969581749,49.7291102312981,5.282350489685345,1,0.03258086747757186
08.577.01.05.,Kalaat M'Gouna (Mun.),16956.0,3171.0,5.34720908230842,64.570699010533,25.8538142355569,95.5205047318612,89.0851735015772,93.3634020618556,22.9214215846103,11.5416371785798,9.30644019815994,10.0849256900212,29.3709941869131,40.4491503714456,12.4762507916402,3.52495859947953,4146,5.11336227689339,55.2417852619029,4.753744132329924,1,0.045887630945237026
08.577.01.11.,Tinghir (Mun.),41984.0,7904.0,5.31174089068826,65.1839507755416,23.9841046019741,94.267999493863,76.14829811464,96.3931927863855,21.8237314002289,10.3086890243902,8.06497713414634,8.31745426829268,22.9054192079843,41.006563129508,20.251961017352,4.36934389140271,10065,2.25534028812717,46.7610154654216,5.710533994747588,1,0.11362032894579094
08.577.02.05.,Alnif,22024.0,2925.0,7.52957264957265,81.9930069930069,5.59440559440559,95.1319849160096,91.2238601302708,96.5397923875432,10.7080572026508,13.0266981474754,9.2490010897203,9.12186705412277,30.732363083757,33.9400357402872,11.9149765990639,1.9916711931921,4517,4.64910338720389,58.1084238812945,2.804065895548538,0,0.05960304222327791
08.577.02.11.,H'Ssyia,13677.0,1602.0,8.53745318352059,84.4882390336935,8.83661792752702,94.7401377582968,92.7363807138384,92.6111458985598,5.1702395964691,16.1731373839292,12.4881187394896,10.6382978723404,36.9516195161951,36.5213201638159,20.844327176781,1.6264971166642,2400,10.3333333333333,73.219227221482,1.424618222814388,0,0.037013749023237015
08.577.02.21.,M'Ssici,6174.0,778.0,7.93573264781491,90.9448818897637,0.918635170603675,87.6462938881664,92.1976592977893,67.3101673101673,0.526315789473684,12.1477162293488,9.18367346938775,10.4308390022675,44.2660078237595,38.0488962734393,36.3693075483468,2.57815017724782,1020,12.2549019607843,70.1873584517191,1.441218859378211,0,0.016708553518276326
08.577.03.01.,Ait Hani,10587.0,1738.0,6.09148446490218,91.8619791666666,0.78125,89.6636085626911,65.8103975535168,89.1454965357967,1.16429495472186,13.4315670161518,11.3441012562576,10.4467743458959,55.9768960321446,46.5150189559638,9.96865203761755,4.49760765550239,2872,40.2855153203342,75.0376695128076,0.979407332998493,0,0.028651353433429134
08.577.03.05.,Assoul,7165.0,1361.0,5.26451138868479,85.2564102564102,3.04487179487179,87.2616323417238,65.9801678108314,93.5246504782928,3.22834645669291,11.2212142358688,10.2442428471737,9.14166085136078,39.9040170636331,51.5888978278358,8.92787524366471,5.90693786570075,2336,53.7671232876712,63.6929091878443,3.07446241336413,0,0.01939047391617264
08.577.05.03.,Ait Ouassif,8238.0,1134.0,7.26455026455026,93.4234234234234,0.45045045045045,95.7559681697612,90.3625110521662,94.8970456580125,5.34420289855072,11.5076474872541,9.75965040058266,9.95387229910172,42.722787542399,46.2230850688316,6.98739977090492,1.62544169611307,2436,40.4761904761904,71.5695343817453,1.403021893308662,0,0.0222943090190412
08.577.05.05.,Ait Sedrate JbelEl Oulia,5014.0,800.0,6.2675,91.3513513513513,2.43243243243243,89.1927083333333,80.9895833333333,90.188679245283,2.7027027027027,12.2856003191065,9.85241324291982,8.97487036298364,42.1106557377049,34.5686160972785,19.9329983249581,2.67338240991863,956,18.9330543933054,69.748975409836,1.4600409836065509,0,0.01356927232598599
08.577.05.07.,Ait Sedrate JbelEL Soufla,5263.0,798.0,6.59523809523809,96.9111969111969,0.643500643500644,91.6137229987293,91.2325285895806,95.9646910466582,3.32906530089628,9.51928557856735,8.89226676800304,8.91126733802014,41.4259086672879,41.1241830065359,36.4907819453274,4.05198776758409,999,6.5065065065065,65.7196087564042,1.653469958081043,0,0.01424313527157245
08.577.05.09.,Ait Sedrate Sahl Charkia,15327.0,2369.0,6.46981848881384,92.2713610991842,0.25762129669386,84.4227504244482,78.0560271646859,95.1592356687898,6.98671238748392,12.0245318718601,9.7148822339662,9.40823383571475,42.3843268028345,35.7149625698853,14.9376492438312,2.44980426821568,3206,14.3792888334373,67.7532305127136,1.792413505627344,0,0.041479105891581027
08.577.05.11.,Ait Sedrate Sahl El Gharbia,17376.0,2856.0,6.08403361344537,91.2583715192104,1.05745505816002,91.9032597266035,75.4994742376445,95.9269662921348,6.15546957439324,12.3388581952117,10.4454419889502,11.2396408839779,44.6224938510844,32.2923935799023,13.4251755807671,2.210921954455,3205,12.1684867394695,69.4417529999254,1.5279123500037248,0,0.04702426723899732
08.577.05.13.,Ait Youl,4870.0,690.0,7.05797101449275,93.1586608442503,0.727802037845706,91.3043478260869,78.5507246376811,84.9056603773584,5.51523947750362,10.8624229979466,8.76796714579055,10.0205338809034,38.809402146142,26.0070052539404,9.42760942760942,3.44541303445413,807,7.31102850061957,61.5482881962187,2.043944813490035,0,0.013179568453839602
08.577.05.15.,Ighil N'Oumgoun,22010.0,3093.0,7.11606854186873,96.4102564102564,0.683760683760684,72.9229734275143,69.3575512949882,85.7795172863666,0.651577503429355,14.1163107678328,12.0672421626533,12.1172194457064,58.8242536164973,45.2871870397643,17.8536585365853,0.992098331870062,5052,42.2604908946951,80.7041299932295,0.597033298455099,0,0.059565154346819235
08.577.05.17.,Ikniouen,18235.0,2051.0,8.89078498293515,89.8305084745762,3.43968095712861,72.3613156602847,54.5409916543937,90.7307503678273,2.28855721393034,14.5763641349054,11.5108308198519,11.1763092953112,46.0967646185811,34.3793706293706,23.8749046529366,1.0449548274736,2994,11.6566466265865,67.8142157590146,1.372607211752481,0,0.04934895908742611
08.577.05.21.,M'Semrir,8866.0,1218.0,7.2791461412151,85.0921273031825,6.11390284757119,92.2314049586776,90.3305785123967,83.2919768403639,2.6711185308848,14.2228739002932,12.8581096323031,12.3392736295962,39.7431930693069,36.1012846769689,23.2078390923156,3.03306727480045,1489,21.0879785090664,65.7540603248259,2.320185614849188,0,0.023993850905901833
08.577.05.25.,Souk Lakhmis Dades,17003.0,2818.0,6.03371185237757,86.853448275862,1.32902298850574,97.0525568181818,77.4147727272727,96.5591397849462,10.3237410071942,10.6098923719343,8.58671999058989,8.78080338763747,32.8747179151197,33.3414992650661,19.4464854273818,3.23961587411778,3289,8.33079963514746,56.2195210714025,3.792124608777927,0,0.04601482595906258
08.577.05.29.,Tilmi,11372.0,1866.0,6.09431939978563,93.2819383259911,2.09251101321585,90.7417433676231,91.2831618841364,90.7816711590296,4.13223140495867,13.9025677101653,12.3285262047133,12.7682026028842,48.9808082012158,37.0477151506414,24.9027237354085,3.0409562313236,1930,35.2331606217616,77.1486470377875,1.358922398378825,0,0.03077578079200492
08.577.07.01.,Ait El Farsi,5754.0,751.0,7.66178428761651,88.4137931034482,1.37931034482758,78.9972899728997,74.6612466124661,94.3624161073825,5.79310344827586,13.9902676399026,11.2269725408411,11.1748348974626,42.5284685103416,34.4262295081967,4.84126984126984,2.45419979260283,1199,22.4353628023352,66.1166627933999,1.533813618405761,0,0.015571917224516032
08.577.07.19.,Imider,4420.0,627.0,7.04944178628389,82.8099173553719,5.2892561983471,93.75,88.7820512820512,93.2786885245901,8.02675585284281,12.5339366515837,10.5429864253393,12.1493212669683,29.8823529411764,34.8934683898009,26.8268268268268,1.11856823266219,731,10.9439124487004,55.1764705882353,2.176470588235292,0,0.011961743853382145
08.577.07.23.,Ouaklim,11338.0,1548.0,7.32428940568475,90.2072909220872,1.92994996426018,87.2852233676976,82.8748280605227,86.2655330281229,3.00859598853868,14.7115893455635,10.9895925207267,10.4692185570647,39.7862232779097,41.2049191654,20.0536552649228,2.37794991893352,2384,21.0151006711409,68.1386514719848,1.3770180436847042,0,0.030683767377748136
08.577.07.27.,Taghzoute N'Ait Atta,14669.0,2330.0,6.29570815450643,80.9960681520314,5.32983835736129,91.8779544477868,75.3006872852233,95.9482758620689,8.2358040745557,12.0458108937214,9.91205944508828,10.1642920444474,30.8727177426399,34.6289042884402,18.3294663573085,3.64992673504728,2816,9.19744318181818,55.9399021663172,3.3717679944094967,0,0.03969837569802323
08.577.07.31.,Toudgha El Oulia,5476.0,1010.0,5.42178217821782,89.0764647467725,1.48957298907646,97.1287128712871,96.5346534653465,95.630585898709,12.9960317460317,9.31336742147553,6.97589481373265,7.24981738495252,25.130890052356,35.6341055648435,22.0509383378016,5.60914612361557,1163,6.70679277730008,57.8752181500872,2.879581151832458,0,0.014819572249122313
08.577.07.33.,Toudgha Essoufla,15347.0,2258.0,6.79672276350752,87.9255560599182,0.544711756695415,96.8999114260407,90.9211691762621,94.2652329749103,6.01436265709156,9.51977585195803,7.12191307747442,7.95595230338176,30.4847537138389,33.0452817144832,28.8964435146443,4.18610515697894,2719,5.14895182052225,55.0457281325725,3.376846713046191,0,0.04153323142937914
08.587.01.01.,Agdz (Mun.),10681.0,1865.0,5.72707774798927,63.7808219178082,27.3424657534246,95.1690821256038,95.6521739130434,96.9762419006479,20.4225352112676,11.9370845426458,10.7199700402584,10.5139968167774,27.0427309042488,38.0498739142616,13.9911634756995,1.95148641254787,2336,6.03595890410958,51.0470887301779,6.7304200459992645,1,0.028905743461080248
08.587.01.13.,Zagora (Mun.),39987.0,6332.0,6.31506632975363,70.2165481577246,20.4589528118939,93.2701421800947,90.7424960505529,97.6603533343944,22.2898318654923,11.5862655362992,10.030759996999,10.6734688773851,25.7523055812617,40.4727608494921,18.8811826975725,2.57635467980295,8889,6.47991900101248,48.8721564623679,5.886481830073699,1,0.10821589399664974
08.587.03.01.,Afella N'Dra,7203.0,951.0,7.57413249211356,91.9786096256684,0.213903743315508,92.8270042194092,89.0295358649789,70.5508474576271,1.17021276595744,11.7173399972233,9.98195196445925,11.0370678883798,41.2025540971975,31.2280701754385,43.0270984798413,2.31578947368421,862,9.9767981438515,66.9326241134751,2.464539007092191,0,0.019493312437989047
08.587.03.03.,Afra,8939.0,1148.0,7.78658536585365,91.6887709991158,0.884173297966401,90.5923344947735,87.2822299651567,96.1605584642233,3.32749562171628,11.7462803445575,10.415035238841,10.8177648506544,42.7852831273354,38.2240026706726,9.95633187772925,2.31412041997,2062,44.2774005819592,67.3325668295487,1.782121299223906,0,0.024191409118864932
08.587.03.05.,Ait Boudaoud,5439.0,691.0,7.8712011577424,84.5697329376854,0.445103857566766,96.0926193921852,97.5397973950795,98.5337243401759,11.7994100294985,16.3449163449163,11.2888398602684,10.1121529692958,40.8132147395171,28.3225044300059,16.8925964546402,1.91452991452991,797,7.02634880803011,67.0985772357723,1.346544715447151,0,0.014719440004195812
08.587.03.07.,Ait Ouallal,11224.0,1360.0,8.25294117647059,76.4487369985141,1.2630014858841,85.3568800588668,91.6850625459897,95.0516986706056,7.15339233038348,14.0947968638631,10.6468282252316,11.2259444048467,44.6773238602723,34.7154584666759,12.4248496993987,2.92230933713471,2185,23.9359267734553,66.5680123120634,1.716585770095886,0,0.030375251812298915
08.587.03.21.,Mezguita,8451.0,970.0,8.71237113402061,94.3691345151199,1.14702815432742,95.360824742268,95.1546391752577,94.3123061013443,2.91060291060291,10.8034552124009,10.377470121879,12.1760738374156,33.7787119051193,30.184659090909,22.1176470588235,1.55486450466459,1324,39.4259818731117,61.0418856027623,2.792373517489858,0,0.022870745996591064
08.587.03.25.,N'Kob,7209.0,1113.0,6.47708894878706,87.7606527651858,4.07978241160471,79.8016230838593,84.400360685302,96.1121157323688,13.9366515837104,11.9156609793313,9.54362602302677,9.26619503398529,44.2776404097492,47.0764917901481,7.99659719268396,2.3462783171521,2163,37.5866851595006,66.0720593429883,2.525609325326736,0,0.01950955009932848
08.587.03.27.,Oulad Yahia Lagraire,12019.0,1180.0,10.1855932203389,95.2667814113597,0.774526678141136,93.8983050847457,91.6949152542372,92.1030042918455,1.80567497850386,13.2373741575838,11.3486978949995,10.5998835177635,44.9078671521571,36.6110397946084,26.9985974754558,1.16718724313661,2082,32.9010566762728,67.8949691085613,2.802294792586046,0,0.03252674193977376
08.587.03.31.,Taghbalte,10054.0,1087.0,9.24931002759889,88.7640449438202,1.31086142322097,91.1683532658693,93.0082796688132,96.2177121771217,4.16666666666666,14.810025860354,11.9156554605132,11.816192560175,40.8498506652185,32.0116523709338,10.7178968655207,1.68582375478927,1766,10.2491506228765,64.3409800461517,1.2488122709379639,0,0.027208907851109524
08.587.03.37.,Tamezmoute,11697.0,1366.0,8.56295754026354,88.0177514792899,3.62426035502958,93.6310395314787,80.307467057101,96.0943257184966,7.59027266028002,12.6699153629135,10.7805420193211,11.1994528511584,40.853249944159,33.4379905808477,14.9843505477308,1.81485181485181,2173,26.0469397146801,65.8923386196113,2.524011614920698,0,0.0316553207812242
08.587.03.39.,Tansifte,11987.0,1672.0,7.16925837320574,95.2898550724637,0.36231884057971,84.5693779904306,82.0574162679425,88.0336740829825,4.02886349969933,11.5708684408108,9.6437807624927,9.62709602068908,41.3833280372841,33.0156815440289,15.6740957252466,1.99196787148594,2308,21.1005199306759,66.4760694620923,1.8212621770436221,0,0.03244014107929678
08.587.03.41.,Tazarine,15169.0,1904.0,7.96691176470588,83.6344314558979,4.35706695005313,90.0157645822385,89.5953757225433,95.8751983077736,9.35023771790808,13.5539587316237,10.5610125914694,10.1918386182345,38.3372426374771,31.610637230306,15.2698412698412,1.61433837549256,2669,16.4855751217684,59.9947875944748,3.049257232212657,0,0.04105151414297596
08.587.07.09.,Bleida,4609.0,496.0,9.29233870967742,84.1140529531568,5.09164969450101,76.8145161290322,77.4193548387096,96.1460446247464,0.811359026369168,14.7537426773703,12.0416576263831,11.217183770883,43.7462951985773,36.9968498424921,23.0842005676442,0.465904277848369,813,23.0012300123001,68.0794309425014,2.13396561944279,0,0.012473230185574278
08.587.07.11.,Bni Zoli,18941.0,1940.0,9.76340206185567,92.7215189873417,1.63502109704641,92.8645294725956,69.3898655635987,96.4994775339602,5.24658971668415,13.9591362652447,10.8125230980412,11.3668760889076,35.7925031587814,35.8382936507936,8.46597462514417,1.14761002316277,3968,35.836693548387,66.7064355393361,1.887851779072213,0,0.05125959057169937
08.587.07.13.,Bouzeroual,11166.0,1162.0,9.60929432013769,95.2173913043478,0.521739130434783,93.9759036144578,77.0223752151463,92.9188255613126,1.55979202772963,13.4873723804406,11.2842557764642,11.9201146337094,40.6547619047619,40.9251662187013,4.04424472865537,1.36938202247191,2776,49.9639769452449,70.2619047619047,1.547619047619048,0,0.030218287752684397
08.587.07.15.,Errouha,10511.0,1063.0,9.88805268109125,93.1493815413891,0.190294957183635,95.2022577610536,93.6970837253057,96.8809073724007,2.74102079395085,14.0709732661021,11.0360574636095,11.4451526971743,39.6365484813826,37.1869845554056,11.4516129032258,0.748847926267281,2196,41.2568306010928,66.7936991869918,1.384654471544712,0,0.02844567638979632
08.587.07.29.,Taftechna,5258.0,615.0,8.54959349593495,94.2148760330578,0.826446280991736,94.0983606557377,97.5409836065573,93.1260229132569,0.332225913621262,14.1308482312666,11.7535184480791,11.6774438950171,50.9622786759045,36.0036551934206,13.2825719120135,1.19093353822512,1025,19.6097560975609,72.4659994867847,0.949448293559148,0,0.014229603887122924
08.587.07.43.,Ternata,16512.0,1821.0,9.06754530477759,93.1742508324084,0.554938956714761,77.9427942794279,77.3377337733773,95.311638168781,4.00667779632721,14.1957364341085,10.9556686046511,11.2766472868217,39.8818674650052,36.2865580642088,4.54187450774481,1.25472042879766,3636,46.039603960396,64.8596164738247,1.949995954365236,0,0.044686044006119
08.587.07.45.,Tinzouline,15505.0,1753.0,8.84483742156303,88.4167636786961,5.12223515715948,93.9497716894977,92.0662100456621,97.452229299363,10.1626016260162,12.8603676233473,10.3386004514672,10.7642695904546,37.5252016129032,37.2301982615489,7.31899265477439,1.67148422772401,3533,26.1817152561562,65.6365468592542,3.1155525697010393,0,0.0419608231779842
08.587.09.17.,Fezouata,9416.0,864.0,10.8981481481481,92.8829915560916,0.60313630880579,94.8837209302325,83.4883720930232,97.086247086247,3.65135453474676,15.0276125743415,11.1406117247238,11.4804587935429,34.0575539568345,35.3261795264861,11.3789778206364,1.30732517119734,1838,25.7889009793253,64.1110471806674,1.121979286536248,0,0.02548230319534984
08.587.09.19.,Ktaoua,8921.0,1082.0,8.2449168207024,92.9990539262062,0.283822138126774,83.6772983114446,77.3921200750469,86.4738805970149,0.4739336492891,12.74520793633,10.4024212532227,10.2118596569891,41.3601868067717,34.2977291841883,22.8052967140755,2.22793487574978,1574,22.1092757306226,66.5840140023337,1.619019836639438,0,0.024142696134846632
08.587.09.23.,M'Hamid El Ghizlane,6871.0,1052.0,6.53136882129277,79.4,8.9,94.1520467836257,61.9883040935672,90.1734104046242,4.69061876247505,11.4684907582593,9.7365740066948,9.16897103769465,35.0387883265607,33.8419732441471,66.2137121680049,2.92921074043938,547,19.3784277879341,54.0265977096416,2.973771702992238,0,0.018594828510540434
08.587.09.33.,Tagounite,16167.0,2262.0,7.1472148541114,82.2921348314606,7.37078651685393,94.4,55.9111111111111,88.6070315976858,2.7002700270027,11.6719242902208,9.43279520009896,10.2492732108616,33.1582248706288,31.212831140746,39.2609699769053,2.17572226845797,2104,8.74524714828897,54.3551548412387,2.728341826734609,0,0.04375237847910162
08.587.09.35.,Tamegroute,21574.0,2318.0,9.30716134598792,92.5022182786158,1.15350488021295,94.3461372464393,56.1501942166594,96.2445414847161,5.8231173380035,12.6170390284601,10.1557430240103,10.17891906925,32.5810324129651,36.3705496024887,6.93784451625166,1.3668470782497,4896,27.1241830065359,59.726306944361,2.442830562391213,0,0.05838521762282045
09.001.01.01.,Agadir (Mun.),420288.0,105057.0,4.00057111853565,61.5033642322908,29.6533733768421,97.1959057367293,94.7269697691026,98.5030773810095,40.2869258358253,8.87391502969392,8.16083257195066,8.00808017359525,17.8610453861045,50.8059396386444,17.2063702306053,3.35016238276347,132517,5.28007727310458,39.1573676557889,8.78165033424817,1,1.1374157015045872
09.001.05.01.,Amskroud,9332.0,2031.0,4.59478089611029,94.9304174950298,1.88866799204771,86.150813208477,77.0330211927057,93.1683168316831,4.83790523690773,9.77282468924132,8.04757822546078,8.1118731247321,45.5991654713782,37.3987268518518,14.816247582205,1.34430176565008,2202,23.4786557674841,73.216847046551,0.899726170295997,0,0.025254975936597777
09.001.05.09.,Drargua,70658.0,15486.0,4.56270179516983,74.9184179611016,19.377365879128,82.3666343355965,87.9663756870352,96.9287708590351,14.6382757048902,12.0835574174191,10.6909337937671,9.7214752752696,31.7577845792936,44.9713818479149,10.6107226107226,1.15379082146453,19174,8.72014185876708,60.9298830773741,2.305464941538683,0,0.19122011248694018
09.001.05.11.,Idmine,3139.0,710.0,4.42112676056338,96.0227272727272,0.142045454545455,88.7323943661971,69.2957746478873,92.6760563380281,0.709219858156028,8.25103536158012,8.18732080280344,8.66517999362854,56.6145634769348,35.2615908124202,3.61881785283474,1.05757931844888,799,34.668335419274,81.0141059855127,0.304994281357224,0,0.008495003157413247
09.001.07.03.,Aourir,36919.0,8292.0,4.45236372407139,80.7527801539777,13.7846755468654,90.1326899879372,72.3039806996381,96.8365981262927,20.6144093624283,9.6698177090387,9.28519190660635,9.87296513990086,27.0813141272016,44.0211599939107,15.2416356877323,1.58897716539807,9804,26.1831905344757,55.7802212492897,2.2325457036863683,0,0.09991303649841977
09.001.07.05.,Aqesri,4128.0,907.0,4.55126791620727,93.072625698324,1.45251396648044,85.4465270121278,73.4288864388092,93.2596685082872,2.21483942414175,8.40600775193798,7.99418604651162,9.13275193798449,45.3491741524195,42.0949902407286,17.387944358578,1.03529411764705,1069,30.4022450888681,74.3262822370327,0.31874818893074497,0,0.01117151100152975
09.001.07.07.,Aziar,2948.0,660.0,4.46666666666666,94.6889226100151,0.0,81.5151515151515,0.0,91.350531107739,1.06382978723404,8.27679782903663,10.0746268656716,11.8724559023066,60.8226007478188,39.9611084103062,9.24574209245742,0.185758513931889,746,27.882037533512,86.2068965517241,0.249272953884504,0,0.007978104271441303
09.001.07.13.,Imouzzer,5385.0,1110.0,4.85135135135135,94.9137148047229,0.72661217075386,90.1801801801801,37.7477477477477,86.787330316742,0.544959128065395,8.35654596100278,8.9322191272052,10.1392757660167,51.1225864391558,39.7389969293756,13.9085640695428,0.752148997134671,1337,35.9012715033657,81.8365514144589,0.404131118096094,0,0.014573301052140919
09.001.07.15.,Imsouane,8856.0,1902.0,4.65615141955836,96.0949868073878,0.316622691292876,88.5383806519453,6.7297581493165,93.8356164383561,3.43733474352194,9.85772357723577,9.14634146341463,11.0207768744354,44.2058290336075,38.4056801678231,5.92436974789916,0.965073529411765,2239,61.9919606967396,74.5573679074306,0.54370556252614,0,0.02396678813700278
09.001.07.21.,Tadrart,4530.0,936.0,4.83974358974358,98.7138263665594,0.107181136120043,89.2094017094017,18.9102564102564,89.4004282655246,0.75839653304442,8.38852097130242,8.78587196467991,10.1324503311258,57.8891257995735,48.2842392954752,6.41509433962264,0.459482038429407,1488,58.7365591397849,84.275053304904,0.5863539445629,0,0.012259434311271744
09.001.07.23.,Taghazout,5255.0,1282.0,4.0990639625585,92.3441199684293,2.84135753749013,92.5,38.828125,92.9411764705882,14.162077104642,8.56327307326356,7.74500475737393,9.72407231208373,39.9045020463847,41.1113969642397,12.3279098873592,1.4446227929374,1401,38.8294075660242,62.8694861300591,1.2050932241928058,0,0.014221485056453207
09.001.07.25.,Tamri,18546.0,3663.0,5.06306306306306,92.5496688741721,3.780353200883,89.83884184649,37.1210051898388,94.5529573590096,9.7682119205298,9.8134368597002,8.8698371616521,9.94823681656421,42.7984084880636,44.0012088244182,6.52472527472527,0.701090585354997,5444,61.4070536370315,70.8043233207347,0.941582123201379,0,0.05019061120018671
09.001.07.29.,Tiqqi,8773.0,1716.0,5.11247086247086,97.0588235294117,0.176470588235294,90.6759906759906,46.7365967365967,89.6732788798133,0.703399765533411,9.63182491736008,9.93958737034081,10.395531745127,54.7902494331065,38.0696614583333,15.049166310389,0.794526594570735,1987,32.4609964771011,82.4263038548752,0.325963718820862,0,0.023742167155140624
09.163.01.03.,Ait Baha (Mun.),5668.0,1346.0,4.21099554234769,55.0822122571001,36.5470852017937,94.7994056463595,90.8618127786032,97.0104633781763,26.2331838565022,9.7212420606916,9.03316866619619,8.9273112208892,27.8827361563517,42.4737740912417,9.24755887421022,1.07411385606874,1580,2.0886075949367,60.0217155266015,4.321389793702493,1,0.015339177411984161
09.163.01.11.,Biougra (Mun.),37893.0,9476.0,3.99883917264668,55.8451228592702,39.1234975002659,94.9556775010552,95.7365977205572,97.5563110922227,23.5619351408825,11.1366215395983,9.73530731269627,8.8829071332436,27.2972882825789,51.0819746036516,12.7381039935279,3.48709356510812,11865,33.8390223345975,52.5480256136606,4.979322305229452,1,0.1025489501891877
09.163.03.05.,Ait Mzal,3636.0,905.0,4.01767955801105,89.9665551839464,0.222965440356745,91.2610619469026,21.6814159292035,92.8888888888888,3.5754189944134,7.94829482948294,7.37073707370737,7.67326732673267,54.0759987008769,28.9285714285714,8.88888888888889,1.65289256198347,738,17.4796747967479,78.8892497564144,0.7469957778499511,0,0.009840022771696263
09.163.03.07.,Ait Ouadrim,5759.0,1377.0,4.18228031953522,97.4340175953079,0.073313782991202,87.7090909090909,11.3454545454545,92.1783625730994,0.877834674469642,9.58499739538114,10.0538287897204,9.09880187532557,56.1054679057704,25.8040935672514,9.53729933899905,1.20918984280532,958,14.3006263048016,85.9550561797752,0.345721694036301,0,0.015585448608965559
09.163.03.09.,Aouguenz,4669.0,1207.0,3.86826843413421,95.9663865546218,0.92436974789916,91.5492957746478,16.9014084507042,93.8127090301003,2.09731543624161,7.26065538659241,7.60334118654958,8.65281644891839,55.0440251572327,21.6185942313077,17.2279792746114,1.30718954248366,639,21.7527386541471,80.5534591194968,0.327044025157233,0,0.012635606798968605
09.163.03.13.,Hilala,2677.0,659.0,4.06221547799696,90.5343511450381,0.305343511450382,89.8330804248861,0.303490136570561,94.8406676783004,2.58751902587519,7.62047067612999,8.03137840866641,10.7956667911841,56.5987599645704,23.4128999492127,9.32754880694143,0.769724182168057,418,26.3157894736842,81.3994685562444,0.177147918511958,0,0.007244703234276924
09.163.03.15.,Ida Ougnidif,2121.0,678.0,3.12831858407079,82.5870646766169,1.49253731343283,92.4667651403249,69.8670605612998,93.8556067588325,5.88235294117647,5.84629891560584,6.6006600660066,6.17633191890617,55.4658050619278,23.6384704519119,11.5196078431372,1.22448979591836,361,16.8975069252077,73.1287022078621,0.592353257942919,0,0.005740013283489487
09.163.03.25.,Sidi AbdallahEl Bouchouari,8079.0,1764.0,4.57993197278911,96.9018932874354,1.2621916236374,88.6621315192743,19.7845804988662,92.3869490555237,2.35496840896036,9.22143829681891,9.46899368733754,9.90221562074514,59.2936520018267,27.7691107644305,13.9825218476903,0.826626060474222,1378,23.4397677793904,83.0415588369614,0.471913533262292,0,0.02186401099354623
09.163.03.33.,Tanalt,2668.0,847.0,3.14994096812278,81.5568862275449,5.02994011976047,90.9090909090909,38.0165289256198,94.2652329749103,6.33971291866028,5.84707646176911,6.63418290854572,7.75862068965517,45.3961456102783,35.4793233082706,13.1125827814569,3.34405144694533,656,29.5731707317073,80.2997858672376,1.584582441113484,0,0.007220346742267774
09.163.03.35.,Targua Ntouchka,4845.0,1184.0,4.09206081081081,95.6447480785653,0.93936806148591,87.6689189189189,5.91216216216216,93.7128292268479,1.1986301369863,7.84313725490196,8.48297213622291,10.2786377708978,57.2027627035027,22.3284589426321,29.345088161209,1.24327956989247,561,13.1907308377896,85.3724716329551,0.518006906758757,0,0.013111911531591967
09.163.03.37.,Tassegdelt,5047.0,1204.0,4.19186046511627,91.3080168776371,0.0,89.2026578073089,72.1760797342192,91.8060200668896,0.927487352445194,8.22270655835149,7.56885278383198,10.0059441252229,55.7882352941176,32.3631508678237,12.6237623762376,0.889801505817933,1059,39.1879131255901,81.7176470588235,0.352941176470589,0,0.01365857946335287
09.163.03.39.,Tizi Ntakoucht,1368.0,415.0,3.29638554216867,93.4146341463414,0.0,87.9518072289156,22.4096385542168,93.6585365853658,0.975609756097561,6.21345029239766,6.65204678362573,6.72514619883041,50.4194630872483,22.4545454545454,49.3927125506072,1.36138613861386,125,13.6,78.0201342281879,1.34228187919463,0,0.003702186785390673
09.163.05.03.,Ait Milk,10277.0,2402.0,4.27851790174854,97.0004224757076,0.549218419940853,92.9553980825343,57.0654439349729,93.5729386892177,4.78610758153324,9.06879439525153,8.30981804028413,8.69903668385715,43.3568904593639,35.6719757799131,22.250922509225,1.26842007088229,2107,26.3882297104888,75.0441644093746,1.001059945824991,0,0.02781240759755844
09.163.05.11.,Belfaa,27592.0,6584.0,4.19076549210206,76.5605686032138,15.0339925834363,95.2605195199757,90.6729454655932,95.1864303178484,11.8016225317618,10.825601623659,8.77428240069585,8.55320382719628,37.9451807772067,46.0048426150121,8.125,1.5779679940454,8379,53.8847117794486,64.285070320952,2.190768121168406,0,0.07467159194627153
09.163.05.19.,Inchaden,28771.0,7117.0,4.04257411830827,77.457627118644,14.9152542372881,92.5941540191118,95.6576728499156,95.3072153325817,11.9057695020454,11.0458447742518,9.00559591255083,8.00458795314726,35.2056342926702,50.1811681723754,7.91373832675459,2.08304011259676,9565,57.8149503397804,63.6988087992348,2.182418920093905,0,0.07786229239947007
09.163.05.21.,Massa,17527.0,4067.0,4.30956478977133,86.001989060169,10.1690701143709,96.8765371372356,97.0486965076242,95.674740484429,18.2449181953396,8.64951218120614,8.4384093113482,8.215895475552,31.4659325533379,39.8487626031164,11.7308798159862,2.08191898619597,4605,33.3984799131378,57.6039086154693,2.945224332507562,0,0.047432915049373046
09.163.05.31.,Sidi Ouassay,9048.0,2140.0,4.22803738317757,90.1129943502824,3.57815442561205,96.4018691588785,88.5514018691588,95.7766306898169,21.6901408450704,8.95225464190981,8.14544650751547,7.90229885057471,31.4758032262365,43.9581491305629,13.1411330874958,1.87416331994645,2591,51.2157468159012,56.3658178909478,2.626316491134507,0,0.02448639329986463
09.163.07.01.,Ait Amira,76559.0,18576.0,4.1213931955211,68.8593876998103,23.5220807369276,84.0223944875107,91.5374677002584,95.1433207138994,7.83145580589254,12.0691231599158,10.4024347235465,9.09755874554265,40.6574336163903,60.5630845581217,6.97154023133411,3.30532062948292,29517,72.5751261984619,69.9957880549237,0.923258360710977,0,0.20718985241427232
09.163.07.17.,Imi Mqourn,10673.0,2394.0,4.45822890559732,96.0033655868742,0.841396718552798,91.6840785624738,76.1387379857918,94.2953020134228,5.09903076274757,9.24763421718354,8.49807926543614,8.78853180923826,51.1789497664882,34.2048208136717,8.7621178225205,0.930398998031848,2447,17.8994687372292,78.1524091582184,0.78596651099214,0,0.028884093245961
09.163.07.23.,Ouad Essafa,56512.0,12873.0,4.38996348947409,82.5606891151135,10.3758809710258,86.3745824594111,94.7486988270022,95.5298530790872,9.45977640528496,11.3321064552661,10.1199745186862,9.42277746319365,38.4265308881178,47.5885725988122,8.81656804733727,1.59468917992567,16951,43.7319332192791,67.6428844984117,1.39223681542724,0,0.15293711960233752
09.163.07.27.,Sidi Bibi,38979.0,9278.0,4.20122871308471,76.5594435992175,16.3551401869158,89.4912696701875,92.8109506359129,95.8179848320693,10.403996524761,11.4164037045588,10.1157033274327,9.35375458580261,35.2843082758395,48.4521158129176,9.00176204703899,1.5633196936313,11878,42.0693719481394,64.5131759628588,1.713202118616356,0,0.10548796689162504
09.163.07.29.,Sidi Boushab,9409.0,2239.0,4.20232246538633,95.2144469525959,0.270880361173815,90.3038427167113,84.4504021447721,92.3698384201077,3.27795240233498,8.53438197470507,7.91795089807631,8.10925709427144,43.676844783715,35.6015779092702,13.7712702809655,1.4355034371209,2179,38.45800826067,77.4328965780435,0.966798117287877,0,0.025463359257120496
09.273.01.05.,Ait Melloul (Mun.),171574.0,39697.0,4.32208983046577,58.3358786397882,34.6823457544288,94.3898629584844,92.049576783555,98.0385209182253,22.5064003447314,10.4695350111322,9.23158520521757,8.92034923706389,25.8717554149004,47.6569198232993,14.9133027208553,2.90449641759295,49660,7.36810310108739,51.0553668379641,3.8861307087071393,1,0.46432675110863986
09.273.01.13.,Dcheira El Jihadia (Mun.),98386.0,24528.0,4.01117090671885,47.8733926805143,43.8550939663699,97.6514719073636,96.2733425752263,98.1445072499385,31.1641864671544,9.44036753196593,8.3904214014189,8.01841725448742,19.5217595685197,50.2042382871398,17.9926827936438,3.08918173460006,30036,3.47582900519376,41.3826800094009,5.5663446433209955,1,0.2662597580902389
09.273.01.15.,Inezgane (Mun.),129742.0,29723.0,4.36503717659724,57.2482491330658,36.0100632351941,95.9120449877092,95.0971478600532,96.9618966977138,21.9888002715085,9.68383407069414,8.72269581168781,8.56237764178138,26.0759900241837,49.5303529213103,16.23873345976,2.69825600526489,39310,5.34723988806919,52.5821596244131,3.497038569444838,1,0.35111777625011453
09.273.01.17.,Lqliaa (Mun.),79616.0,18127.0,4.39212224857946,63.6252432582707,30.247428412566,85.7757669388655,95.4921650849702,96.7487794052374,12.1277777777777,11.1849377009646,10.2140273311897,9.79953778135048,32.6706724622858,49.7818427442174,13.9095676409109,2.90803707497439,23476,14.3295280286249,60.8510842295338,1.623547835535877,1,0.2154629408667133
09.273.05.19.,Oulad Dahou,14493.0,3169.0,4.57336699274219,89.5641107222399,4.29525930639516,87.6301672451877,93.0893026191227,94.3742098609355,7.887234716503,9.66673566549368,8.87324915476437,8.19706064996895,38.4804336777909,41.7216048220003,14.2212189616252,2.58842661607263,3800,49.6315789473684,61.2908690496357,2.422497035405721,0,0.03922207096539987
09.273.05.27.,Temsia,40714.0,9096.0,4.47603342128408,77.3211905819635,15.8707241226121,86.2956445226572,91.1130664320281,96.4707179883092,15.2946369454866,11.1165692390823,9.91550817900476,9.89831507589526,31.6765163297045,46.0154333060702,13.4544049459041,1.61668579412205,11199,19.1624252165371,61.8238935025349,1.8070977574570002,0,0.110183357295611
09.541.01.01.,Ait Iaaza (Mun.),14208.0,3126.0,4.54510556621881,70.0970873786407,21.0355987055016,94.176,93.28,97.3658849983938,25.3132026983617,10.4659346846846,10.1844031531531,9.70579954954955,24.1617881852048,44.9722081859525,21.9325842696629,1.78596344356076,3474,17.5877950489349,52.2441014724144,3.2464076636508707,1,0.038450782051776815
09.541.01.02.,Aoulouz (Mun.),17351.0,3633.0,4.77594274704101,79.550499445061,11.6814650388457,91.5748898678414,71.5033039647577,95.2486187845304,9.51853901494189,11.0547550432276,9.8386167146974,9.22190201729106,38.1566484517304,40.2391752577319,12.6665300266448,1.16073402608887,4261,15.1372917155597,66.7468123861566,2.69581056466302,1,0.046956610316749685
09.541.01.03.,El Guerdane (Mun.),12313.0,2674.0,4.60471204188481,74.4264761188416,19.6314403911244,97.0071081182192,97.1567527123082,96.8409176382098,18.6064030131826,10.9152927799886,9.56712417769836,9.26662876634451,28.7202532938412,46.4508670520231,14.7336983573917,3.12142506945579,3426,22.8546409807355,54.9177816361965,3.973036462056991,1,0.03332238734540596
09.541.01.05.,Irherm (Mun.),4092.0,1002.0,4.08383233532934,81.8642350557244,9.92907801418439,95.2095808383233,62.6746506986028,92.1291624621594,7.97979797979798,9.48191593352883,8.99315738025415,8.08895405669599,37.8597122302158,36.0066555740432,25.6931608133086,1.48381294964028,804,4.4776119402985,59.9220623501199,3.567146282973613,1,0.011074085033493154
09.541.01.07.,Oulad Berhil (Mun.),24192.0,5041.0,4.7990478079746,77.1975284034283,16.1251744070161,94.0265925778924,92.8557253423298,96.566866267465,22.4151696606786,11.2805886243386,10.1686507936507,10.0818452380952,29.3969055888853,43.3107944940835,12.9077223306384,1.2025211477857,6248,23.1113956466069,60.2062832184392,3.167920854601901,1,0.06547025052059295
09.541.01.09.,Oulad Teima (Mun.),89303.0,19652.0,4.54421941787095,67.4712997129971,25.3997539975399,96.300442725561,94.9977100402015,96.8574060804585,20.54647049777,10.6110656976809,9.67604671735552,9.3345128383145,29.5511694879539,45.2569610182975,13.015047110111,2.60247234873129,24742,15.5484601083178,56.8370185148765,3.559688702834821,1,0.24167864509922754
09.541.01.11.,Taliouine (Mun.),6706.0,1489.0,4.50369375419744,68.2464454976303,20.9207853757616,95.4301075268817,92.5403225806451,95.5555555555555,17.4410774410774,10.5278854756934,9.33492394870265,9.23053981509096,26.1257908448083,39.2429022082018,9.91425509110396,0.855962219598583,1681,5.53242117787031,55.1916635653144,5.377744696687751,1,0.018148292823706034
09.541.01.13.,Taroudannt (Mun.),79553.0,18788.0,4.23424526293378,65.011858559724,27.0752479517033,97.29039126963,96.4173542720255,96.3002680965147,25.8553090928621,9.20769801264565,8.65963571455507,8.2649302980403,23.2793057532485,46.9317949765162,18.2675223902244,2.94589722695508,22541,9.2320660130429,46.7561487013881,5.205160776871386,1,0.21529244542264928
09.541.03.01.,Adar,4272.0,1147.0,3.72449869224062,95.541958041958,0.524475524475525,92.5021795989537,57.541412380122,91.6958041958042,0.437828371278459,8.28651685393258,8.23970037453183,10.252808988764,58.7492989343802,17.039641943734,26.4540337711069,1.69430425378514,392,11.9897959183673,85.698261357263,0.644980370162647,0,0.011561214873676137
09.541.03.03.,Ait Abdallah,2006.0,643.0,3.11975116640746,86.1198738170347,5.20504731861198,91.2908242612752,81.959564541213,89.0625,4.57413249211356,5.18444666001994,5.23429710867397,5.83250249252243,52.8102392877017,27.2023809523809,22.7571115973741,1.81668042939719,353,17.2804532577903,75.0695603784084,1.7807456872565368,0,0.005428791441150358
09.541.03.05.,Amalou,3256.0,803.0,4.05479452054794,97.7272727272727,0.0,85.305105853051,0.0,90.8863920099875,0.25,8.75307125307125,9.88943488943489,10.6265356265356,58.6858006042296,35.6491532783326,12.3020706455542,0.505561172901921,720,34.4444444444444,89.6564741411853,0.302000755001888,0,0.008811637553532186
09.541.03.07.,Azaghar N'Irs,4620.0,1086.0,4.25414364640883,94.3872778297474,0.187090739008419,94.659300184162,71.7311233885819,89.9628252788104,1.11524163568773,9.28571428571428,10.064935064935,10.6060606060606,56.8438003220611,20.2101359703337,15.137614678899,1.30104806649801,555,27.7477477477477,79.7906602254428,0.778314546430489,0,0.012502999231363238
09.541.03.09.,Imaouen,2466.0,622.0,3.96463022508038,96.5630114566284,0.0,90.6752411575562,52.0900321543408,91.9224555735056,0.646203554119548,9.28629359286293,8.55636658556366,8.96188158961881,63.030602171767,18.6149584487534,12.2023809523809,0.814026299311209,295,26.7796610169491,86.2783810463968,0.789733464955578,0,0.0066736788105068705
09.541.03.11.,Imi N'Tayart,1164.0,388.0,3.0,85.7512953367875,0.0,91.2371134020618,60.0515463917525,86.7532467532467,1.03896103896103,6.78694158075601,5.06872852233677,6.27147766323024,66.0818713450292,20.5666316894018,14.7959183673469,1.19680851063829,167,61.0778443113772,90.5458089668616,0.487329434697856,0,0.003150106299849959
09.541.03.13.,Nihit,1850.0,514.0,3.59922178988326,91.1591355599214,1.17878192534381,86.5758754863813,54.4747081712062,92.8015564202334,4.28015564202334,8.91891891891892,8.97297297297297,10.7567567567567,46.2804476629361,30.3030303030303,63.25,1.58311345646438,147,22.4489795918367,77.5510204081632,0.65832784726794,0,0.005006612246325106
09.541.03.15.,Oualqadi,2074.0,601.0,3.45091514143094,93.8775510204081,0.680272108843537,90.6821963394342,70.0499168053244,81.7567567567567,1.5228426395939,9.40212150433944,8.8235294117647,9.78784956605593,56.9575471698113,26.6577361018084,55.5276381909547,1.46491904394757,177,9.6045197740113,78.5377358490566,0.648584905660377,0,0.00561281826966393
09.541.03.17.,Sidi Boaal,3019.0,774.0,3.90051679586563,94.6544980443285,0.260756192959583,91.6020671834625,50.0,87.0925684485006,1.81582360570687,7.88340510102683,7.88340510102683,8.04902285525008,55.4856468737711,17.6521739130434,24.8768472906403,1.69584245076586,305,9.83606557377049,73.8497837200157,1.06173810460086,0,0.008170249930624592
09.541.03.19.,Sidi Mzal,1680.0,517.0,3.2495164410058,94.3689320388349,0.58252427184466,91.4728682170542,49.8062015503876,93.2170542635658,2.13178294573643,5.89285714285714,5.95238095238095,8.33333333333333,58.5415259959486,16.6293810589112,17.9372197309417,1.76579925650557,183,18.0327868852459,79.8109385550303,0.607697501688049,0,0.004546545175041178
09.541.03.21.,Tabia,1349.0,388.0,3.47680412371134,90.2631578947368,0.0,79.6391752577319,6.18556701030927,91.1688311688311,1.29533678756476,6.59747961452928,8.15418828762046,8.74722016308376,58.695652173913,43.313953488372,4.6979865771812,1.50753768844221,426,54.9295774647887,84.0869565217391,1.39130434782608,0,0.003650767524482469
09.541.03.23.,Tataoute,4715.0,1140.0,4.1359649122807,95.6828193832599,1.23348017621145,89.6491228070175,15.2631578947368,86.0670194003527,0.264550264550265,8.97136797454931,9.7136797454931,11.8345705196182,56.4423578508085,25.8852258852258,8.49056603773585,0.856225472707813,776,35.4381443298969,82.8899321857068,0.312989045383412,0,0.012760095535904256
09.541.03.25.,Tindine,2932.0,739.0,3.96752368064952,76.0162601626016,0.0,73.7483085250338,2.57104194857916,87.3983739837398,0.542740841248304,7.16234652114597,8.52660300136425,8.52660300136425,73.584142394822,10.4410441044104,17.6724137931034,0.774764803541782,191,31.9371727748691,91.3025889967637,0.606796116504854,0,0.007934803841202816
09.541.03.27.,Tisfane,2330.0,532.0,4.3796992481203,93.2075471698113,0.0,86.2781954887218,52.6315789473684,88.8679245283018,0.566037735849057,8.19742489270386,7.55364806866952,10.4291845493562,54.7631176770249,25.6395348837209,25.3968253968253,0.869565217391304,329,14.8936170212765,78.9098318899643,0.815078960774325,0,0.006305625153479728
09.541.03.29.,Toufelaazt,1614.0,402.0,4.01492537313432,90.75,1.0,73.3830845771144,0.0,90.7960199004975,0.497512437810945,8.48822800495663,9.35563816604708,11.8339529120198,61.1613876319758,30.0440528634361,8.79765395894428,0.971922246220302,311,19.2926045016077,86.0482654600301,0.678733031674208,0,0.004367930900307416
09.541.03.31.,Toumliline,2116.0,605.0,3.49752066115702,93.891797556719,0.523560209424084,78.5714285714285,54.485049833887,86.0,1.1986301369863,6.99432892249527,7.70321361058601,10.586011342155,55.6232686980609,18.1530676786843,11.8466898954703,1.08275328692962,253,14.2292490118577,83.98891966759,0.8310249307479219,0,0.005726481899039959
09.541.04.09.,Arazane,7964.0,1422.0,5.60056258790436,92.943692088382,1.92444761225944,89.7327707454289,77.1448663853727,90.9992912827781,6.10795454545454,10.4218985434455,9.91963837267704,9.07835258663987,44.498738965952,37.6801280910869,5.57129367327667,0.7557289127255,2000,47.95,75.6778058007566,1.2925598991172682,0,0.021552789151207105
09.541.04.13.,El Faid,11998.0,2177.0,5.5112540192926,95.8025830258302,0.3690036900369,84.3821773082223,67.8456591639871,94.0202391904323,1.38185168125287,10.3933988998166,9.22653775629271,9.60160026671111,53.8054749066777,33.502119642016,9.13884007029877,0.52827843380982,2585,30.9477756286266,79.6453753629199,0.891746163417669,0,0.032469910125085745
09.541.04.17.,Ida Ou Gailal,6436.0,1145.0,5.62096069868995,93.9662821650399,0.088731144631766,77.534965034965,83.9160839160839,91.6151809355692,1.85348631950573,10.3791174642635,10.1460534493474,10.0683654443753,50.9190457567461,41.1237967315872,8.27436037016875,0.898389095415118,1685,37.0326409495548,82.0332355816226,0.43010752688172,0,0.017417598063431558
09.541.04.21.,Ida Ougoummad,7874.0,1546.0,5.09314359637774,93.2114882506527,0.391644908616188,92.4919093851132,88.0906148867313,94.300518134715,2.72373540856031,9.5504191008382,8.8011176022352,9.15671831343662,48.0087118855009,33.7421163279607,19.8338525441329,0.777751590855527,1544,44.5595854922279,74.8016798880074,0.948825633846632,0,0.02130922423111561
09.541.04.23.,Igli,11184.0,2076.0,5.38728323699422,90.9270216962524,1.62721893491124,94.0269749518304,95.7129094412331,88.6341463414634,8.08638874937217,10.3540772532188,9.48676680972818,9.84442060085836,40.0557724484104,41.1241098677517,13.1725417439703,0.792114064425277,2808,69.2663817663817,71.7122141662019,1.1823759063022778,0,0.030267000736702698
09.541.04.25.,Igoudar Mnabha,8720.0,1793.0,4.86335750139431,87.2665534804753,1.69779286926994,88.8455103179029,86.558839933073,92.7241962774957,9.50764006791171,10.2178899082568,10.1949541284403,10.2293577981651,38.6887608069164,43.8988095238095,9.5668549905838,0.708895495083467,2401,64.7646813827571,67.7665706051873,1.354466858789616,0,0.023598734479975635
09.541.04.29.,Lamhara,11366.0,2073.0,5.48287506029908,93.26171875,1.07421875,93.2882665379043,93.8194109126026,94.7521865889212,5.25803310613437,10.2762625373922,9.75717050853422,10.5666021467534,44.251292771482,38.9579107505071,11.7474780344939,0.661577608142494,2712,65.0442477876106,75.1787875453845,0.770161733964133,0,0.030759543130665493
09.541.04.33.,Oulad Aissa,12304.0,2364.0,5.20473773265651,88.9935760171306,5.09635974304068,92.0896785109983,95.8544839255499,94.1051738761662,11.1158252015273,10.4843953185955,10.1918075422626,9.19213263979193,33.234269317483,42.8438984818634,7.24912090884501,1.10731151278293,3429,69.4663167104111,67.6844262295081,1.58811475409836,0,0.03329803085339682
09.541.04.35.,Ouneine,7850.0,1486.0,5.28263795423956,96.1198093941456,0.884955752212389,85.5316285329744,31.2247644683714,93.6700336700336,1.07816711590296,9.03184713375796,9.9108280254777,11.3630573248407,52.9716981132075,38.2379820873697,4.82791586998087,0.760095011876485,1991,50.5273731793068,82.9325789721829,0.581486720100581,0,0.021244273585757884
09.541.04.39.,Sidi Abdellah Ou Said,3463.0,662.0,5.23111782477341,93.9117199391172,0.30441400304414,66.9184290030211,2.41691842900302,85.1289833080424,1.67173252279635,11.3485417268264,10.771007796708,11.0886514582731,58.8431590656284,51.7942066580198,6.01001669449081,0.656455142231948,1126,75.6660746003552,87.6158694846125,0.407860585836114,0,0.009371836869742618
09.541.04.47.,Sidi Ouaaziz,8282.0,1595.0,5.19247648902821,92.0025188916876,2.58186397984886,85.6426332288401,74.4200626959247,94.4514501891551,3.65469439193446,10.5530065201642,10.0217338807051,10.0096595025356,48.1216730038022,36.1280222647416,10.3033220991815,0.666360294117647,1863,48.4165324745034,77.1207053815749,1.0337488598358169,0,0.02241338520219704
09.541.04.49.,Tafingoult,6594.0,1217.0,5.41824157764995,92.3333333333333,2.66666666666666,91.2006578947368,72.4506578947368,90.7730673316708,3.49127182044887,9.64513193812557,9.52380952380952,9.61480133454655,34.6153846153846,36.0945485519591,11.1504424778761,0.820170109356015,1506,23.1075697211155,74.5403377110694,1.5572232645403332,0,0.01784518981203662
09.541.04.53.,Talgjount,5816.0,995.0,5.84522613065326,96.2588473205257,0.303336703741153,88.0402010050251,39.8994974874371,93.4475806451613,1.20967741935483,10.6086657496561,9.81774415405777,11.1588720770288,44.3171996542783,38.6529278713244,14.889466840052,0.510377679482817,1309,31.3980137509549,79.9481417458945,0.691443388072602,0,0.01573970639169017
09.541.04.59.,Tigouga,4546.0,756.0,6.01322751322751,96.5379494007989,0.0,72.4867724867724,5.68783068783068,88.1491344873502,1.73333333333333,11.3506379234491,11.1086669599648,12.4065112186537,54.354609929078,40.999662276258,1.07084019769357,0.470286447199658,1201,56.203164029975,89.1914893617021,0.113475177304965,0,0.012302734741510233
09.541.04.61.,Tinzart,5902.0,1105.0,5.34117647058823,78.8127853881278,0.273972602739726,84.2533936651583,89.9547511312217,87.920072661217,3.17316409791477,9.40359200271094,10.0643849542527,9.82717722805828,43.8670313486219,46.6570812365204,16.8464304057524,1.03678929765886,1619,69.4255713403335,78.1190826846202,0.925731117189144,0,0.01597244620422204
09.541.04.67.,Tizi N'Test,5182.0,945.0,5.48359788359788,96.2765957446808,0.425531914893617,86.1375661375661,11.005291005291,89.0658174097664,0.0,10.6908529525279,10.2084137398687,10.8452335005789,52.440214738897,36.9239468476109,7.65696784073506,0.332471370520872,1206,34.5771144278607,83.166626006343,0.512320078067821,0,0.014023926843490108
09.541.04.69.,Toughmart,6746.0,1526.0,4.42070773263433,96.4877402253147,0.132538104705103,70.9698558322411,27.1952817824377,85.3192890059249,0.992063492063492,9.13133708864512,9.32404387785354,10.2579306255558,60.6980548991092,32.7302973591183,12.1346886912325,1.14271203656678,1383,40.4916847433116,85.3299400109071,0.29085620796218903,0,0.018256543899302254
09.541.05.01.,Ahl Ramel,8076.0,1615.0,5.00061919504644,91.6718458669981,0.683654443753884,95.6037151702786,93.8699690402476,98.204334365325,4.28837787445618,9.89351163942545,8.58098068350668,8.58098068350668,44.4562575941676,37.820404006111,11.1759425493716,1.14087301587301,1979,50.2273875694795,71.4003645200486,1.913730255164032,0,0.021855892162876516
09.541.05.03.,Argana,4798.0,978.0,4.90593047034764,92.7104722792607,1.12936344969199,76.482617586912,53.680981595092,89.6516393442622,5.34979423868312,9.39974989578991,9.71238015839933,9.89995831596498,54.5735635145581,37.5513799177921,21.5011727912431,0.897226753670473,1004,25.0,81.4738469466632,1.0048956454522031,0,0.01298471651776641
09.541.05.05.,Assads,4650.0,968.0,4.80371900826446,95.7380457380457,0.311850311850312,81.2240663900415,3.31950207468879,93.9896373056994,1.56087408949011,8.75268817204301,9.41935483870967,11.9784946236559,55.1642575558475,28.0480295566502,8.89132821075741,0.842911877394636,830,37.7108433734939,82.969776609724,0.630749014454665,0,0.012584187538060402
09.541.05.07.,Bigoudine,5131.0,1021.0,5.0254652301665,93.2153392330383,0.294985250737463,81.3907933398628,37.3163565132223,89.1069676153091,2.55905511811023,8.45839017735334,7.93217696355486,9.31592282206197,53.076923076923,37.1458551941238,23.093220338983,0.920598388952819,1089,18.732782369146,80.02331002331,0.745920745920746,0,0.01388590672210493
09.541.05.09.,Eddir,7544.0,1347.0,5.60059391239792,93.1240657698056,0.971599402092676,89.0868596881959,76.7631774313288,92.6811053024645,0.601956358164033,10.856309650053,9.35843054082714,10.0344644750795,55.3414188403389,40.7259597111364,7.37284181054596,0.66577896138482,1985,46.6498740554156,79.0330619704269,0.697790330619704,0,0.02041615285744681
09.541.05.11.,El Koudia El Beida,21788.0,4132.0,5.2729912875121,91.3568086678158,3.49667569564146,95.9825750242013,94.2642787996127,96.6936076414401,10.2963335007533,10.1156599963282,9.68881953368827,9.29410684780613,37.29754478338,41.6105644743656,10.6098319850653,1.25093353248693,5746,55.4298642533936,67.7044583071023,1.6940422365935979,0,0.05896436087726022
09.541.05.13.,Imilmaiss,6584.0,1195.0,5.50962343096234,95.0680272108843,0.340136054421769,75.7322175732217,12.5523012552301,89.625850340136,0.425170068027211,13.4113001215066,11.9835965978128,13.0771567436208,59.1001628664495,35.670204887682,39.515570934256,0.343642611683849,874,36.0411899313501,89.657980456026,0.162866449511401,0,0.017818127043137566
09.541.05.15.,Issen,12082.0,2448.0,4.93545751633986,92.1117502054231,1.52013147082991,91.9901920719248,92.5214548426644,95.0759130077964,7.47740345110928,9.99006786955802,9.26998841251448,8.93891739778182,41.3163830223498,40.8184438040345,13.7531770686246,1.4525869103966,3054,33.7590045841519,69.0415171706817,1.547924141465911,0,0.0326972373838378
09.541.05.17.,Lagfifat,18785.0,3554.0,5.28559369724254,94.6499715424018,1.6789982925441,95.0196961170512,96.1451885199775,95.4146617605434,7.37588652482269,10.0878360393931,8.719723183391,8.42693638541389,43.0950819672131,41.1588265418099,14.9306789904017,1.3336178384722,4786,52.3192645215211,70.895620246525,1.612903225806445,0,0.05083741137687412
09.541.05.19.,Lakhnafif,9936.0,1986.0,5.00302114803625,93.0788804071246,2.74809160305343,95.7703927492447,98.1873111782477,97.0081135902636,14.7133434804667,9.76247987117552,9.1988727858293,8.97745571658615,41.1004844118743,40.8659217877094,13.1237183868762,1.42,2542,46.9315499606608,63.4128166915052,1.875310481867853,0,0.026889567178100676
09.541.05.21.,Lamhadi,11119.0,2250.0,4.94177777777777,94.7203579418344,1.20805369127516,96.2666666666666,96.6666666666666,91.2811387900355,4.76614699331848,10.7203885241478,9.4612824894325,8.97562730461372,38.5664375070438,40.1294909229402,16.8617526099335,1.50429799426934,2628,46.0426179604261,66.7154929577464,1.464788732394358,0,0.03009109273885884
09.541.05.23.,Machraa El Ain,11352.0,2391.0,4.74780426599749,88.1284326151246,6.33713561470215,95.4412379757423,96.9050606440819,95.9209419680403,5.94936708860759,9.37279774489076,8.58879492600422,8.37737843551797,33.1185567010309,39.0815594355417,14.1676866585067,1.56849076333217,2805,43.2442067736185,58.5418232578116,2.158273381294964,0,0.030721655254206812
09.541.05.25.,Sidi Ahmed Ou Amar,15956.0,3103.0,5.14212052852078,92.4509803921568,3.95424836601307,93.1979368149581,97.485493230174,95.7253886010362,11.5833874107722,10.7796440210579,9.45725745800952,8.84933567310102,35.051465388544,41.3875386654882,10.6769165065129,1.47714249331465,4183,39.110686110447,63.0392079830282,1.846468138602962,0,0.043181354055331564
09.541.05.27.,Sidi Boumoussa,16879.0,3557.0,4.74529097554118,89.172335600907,4.73356009070294,94.9114422265954,97.3573235872926,96.6082532504239,13.0102040816326,10.9840630369097,9.63919663487173,8.78606552520883,33.9304373787132,42.9374737725556,12.0992963252541,1.9283094759257,4497,38.5145652657327,63.3452754142409,2.1197193610986713,0,0.04567924762471431
09.541.05.29.,Sidi Moussa Lhamri,14972.0,2631.0,5.69061193462561,91.2361270570225,3.32950631458094,88.6181956604491,88.7704606014465,95.272588638963,9.06656465187452,11.5615816190221,10.285866951643,9.63131178199305,46.2261731771946,42.5577541670728,5.4054054054054,1.05161201051612,4130,62.3728813559322,73.070677719853,1.615246560123062,0,0.04051837759566459
09.541.05.31.,Talmakante,3991.0,771.0,5.17639429312581,94.148244473342,0.520156046814044,75.4545454545454,10.5194805194805,91.038961038961,0.779220779220779,12.0521172638436,11.0749185667752,12.5281884239538,52.9661016949152,41.7834890965732,13.6067101584342,0.921658986175115,927,40.6688241639697,87.8422425032594,0.195567144719687,0,0.010800751067612703
09.541.05.33.,Tidsi Nissendalene,5388.0,1142.0,4.71803852889667,97.8873239436619,0.0,86.2280701754386,43.9473684210526,88.5864793678665,2.98507462686567,7.92501855976243,8.79732739420935,10.2635486265775,53.7552930688656,28.8764616166751,18.2218309859154,0.734312416555407,929,29.2787944025834,82.4604412747938,0.31201248049922,0,0.014581419882810632
09.541.07.01.,Agadir Melloul,8826.0,1550.0,5.69419354838709,93.1398416886543,1.05540897097625,88.953488372093,67.3772609819121,93.5695538057742,0.724160631994733,12.1685927940176,10.1631543167912,10.6843417176523,53.3926747409893,44.4688768606224,8.78661087866108,0.50978792822186,2398,36.1134278565471,82.6549963530269,0.977388767323122,0,0.023885599830305613
09.541.07.03.,Ahl Tifnoute,5910.0,1044.0,5.66091954022988,93.4740882917466,1.82341650671785,86.9731800766283,25.7662835249042,85.5907780979827,0.961538461538462,11.8104906937394,11.6920473773265,12.0812182741116,54.2256637168141,65.3532965589703,2.49196141479099,1.22887864823348,2426,73.3305853256389,85.0917938509179,0.99535500995355,0,0.015994096419341283
09.541.07.05.,Askaouen,7407.0,1306.0,5.67151607963246,93.5235158057054,0.925212027756361,90.4287901990811,19.1424196018376,90.2232486528098,0.539707016191211,10.6115836371,10.3820710139057,11.6376400702038,45.5741626794258,50.6613226452905,2.53164556962025,0.620821394460363,2464,63.3928571428571,79.5112781954887,1.12781954887218,0,0.020045392923529765
09.541.07.07.,Assaisse,6838.0,1355.0,5.04649446494464,97.0764617691154,0.149925037481259,92.1033210332103,94.1697416974169,90.943113772455,0.375093773443361,9.8420590816028,9.8128107633811,10.7195086282538,56.9530396796505,55.7235874816215,0.79155672823219,0.537772087067862,2632,59.8784194528875,85.9119038951583,0.691663633054241,0,0.018505521373173555
09.541.07.09.,Assaki,8159.0,1616.0,5.04888613861386,83.4371108343711,2.61519302615193,89.2326732673267,55.7549504950495,94.4891640866873,6.32754342431761,11.0430199779384,10.2586101237896,10.9081995342566,44.1277258566978,46.0133791357801,3.49705304518664,1.01648972215947,2456,29.4788273615635,75.4399626226444,1.2303379535897772,0,0.02208051314473867
09.541.07.11.,Azrar,4991.0,930.0,5.36666666666666,94.8220064724919,0.323624595469256,89.6774193548387,75.5913978494623,90.3225806451613,0.322927879440258,12.9232618713684,11.64095371669,11.5608094570226,55.5909694555112,36.4178168130489,5.3402239448751,0.586611456176674,1099,43.9490445859872,85.816733067729,0.398406374501992,0,0.013507027957518165
09.541.07.13.,Iguidi,9100.0,1527.0,5.95939751146038,94.4444444444444,0.462962962962963,88.8015717092338,25.0818598559266,93.6268068331143,0.724160631994733,11.5494505494505,11.1758241758241,11.5274725274725,53.5551763367463,61.7416012034096,1.97617758527341,1.01176956431963,3621,66.7219000276166,82.3236632536973,0.483503981797497,0,0.024627119698139712
09.541.07.15.,Sidi Hsaine,7399.0,1391.0,5.31919482386772,94.8051948051948,0.505050505050505,89.8414985590778,75.9365994236311,93.7319884726224,1.2292118582791,10.5284497905122,9.21746181916475,10.5960264900662,39.2688679245283,39.7167248738843,4.64093795798729,0.897979546021452,1952,57.3770491803278,76.2883125631525,0.993600538901988,0,0.02002374270841052
09.541.07.17.,Taouyalte,7427.0,1370.0,5.42116788321167,93.8053097345132,0.589970501474926,85.6204379562043,22.4817518248175,90.7827359180687,0.585223116313094,11.1350477985727,11.1350477985727,10.6772586508684,53.8808038808038,44.1164658634538,4.64269458352298,0.99644128113879,2095,58.9976133651551,86.9045556902823,0.744846700155898,0,0.020099518461327872
09.541.07.19.,Tassousfi,6724.0,1390.0,4.83741007194244,94.9201741654571,0.798258345428157,92.6459985580389,51.6222062004325,92.6970354302241,2.17548948513415,9.84533016061868,9.20582986317668,10.6632956573468,46.3714863126952,36.4790520524756,12.645011600928,1.0146862483311,1506,49.003984063745,79.7721844571008,0.863494396472534,0,0.01819700580772433
09.541.07.21.,Tizgzaouine,5272.0,1107.0,4.7624209575429,96.0586617781851,0.641613198900092,88.7985546522131,60.4336043360433,86.4253393665158,0.457875457875458,10.7359635811836,9.73065250379362,10.3566009104704,51.9322519083969,34.6312037290924,6.17577197149643,1.17225659394334,1185,61.3502109704641,81.135225375626,0.45313617934653,0,0.0142674917635816
09.541.07.23.,Toubkal,8489.0,1464.0,5.79849726775956,94.2798070296347,0.62026188835286,85.3825136612021,69.3306010928961,90.9090909090909,0.691085003455425,13.8414418659441,12.5103074567086,12.7341265166686,38.8097904335306,43.3765229162637,10.3432902362906,0.73084151179787,2011,61.0641471904525,87.0121561100447,0.575815738963532,0,0.02297358451840747
09.541.07.25.,Zagmouzen,8184.0,1406.0,5.82076813655761,95.0679056468906,0.357398141529664,90.1779359430605,46.1921708185053,94.2018611309949,0.716845878136201,10.7893450635386,10.4838709677419,11.7790811339198,50.5975477262144,35.7546997627304,9.49464012251148,0.324254215304799,1773,50.1974055273547,79.9472295514511,0.6984324072636969,0,0.022148170066986307
09.541.07.37.,Ouzioua,7670.0,1425.0,5.38245614035087,91.3963328631875,4.3018335684062,88.5614035087719,65.8245614035087,88.6539816772375,4.94001411432604,10.8083441981747,9.84354628422425,10.2346805736636,49.0634242523825,34.3520090548953,9.93959362987369,0.859528487229863,1640,29.1463414634146,76.9142293789024,0.9201445941505091,0,0.0207571437455749
09.541.07.65.,Tisrasse,6352.0,1141.0,5.56704645048203,95.3386103781882,0.439753737906772,79.4040315512708,64.5048203330412,91.2280701754386,0.704225352112676,10.6265743073047,9.76070528967254,10.0598236775818,45.6594819062685,33.4087822544137,27.7777777777777,0.667440510737086,1066,26.5478424015009,81.8864939687561,0.47458967767451,0,0.0171902708046795
09.541.09.01.,Ahmar Laglalcha,17918.0,3616.0,4.95519911504424,88.195991091314,4.53786191536748,86.9745575221238,95.3263274336283,94.6344175701973,6.98969646338067,10.9387208393793,10.4810804777318,10.1518026565464,38.9488636363636,43.4711687464317,17.9174484052532,1.62693480962603,4375,53.6457142857142,68.1747159090909,1.093749999999995,0,0.048491069313326085
09.541.09.03.,Ait Igas,10253.0,1638.0,6.25946275946275,93.630179344465,0.432900432900433,88.5015290519877,92.9051987767584,93.5049019607843,4.74722564734895,11.7526577587047,10.0458402418804,9.6264507948893,44.1561681426967,42.7677428530792,6.81742600598603,0.68870523415978,2802,62.0271234832262,75.4926415564978,0.6859565976552761,0,0.027747456952200707
09.541.09.05.,Ait Makhlouf,4752.0,989.0,4.80485338725985,95.2332657200811,0.304259634888438,74.1152679474216,56.6228513650151,91.5906788247213,2.14067278287461,9.49074074074074,8.67003367003367,9.28030303030303,52.0185137567498,40.5162412993039,12.956335003579,1.11248454882571,1216,45.641447368421,79.6605811262535,0.385703265620982,0,0.01286022778083076
09.541.09.11.,Bounrar,6304.0,1283.0,4.91348402182385,98.59375,0.0,83.2424006235385,0.0,83.5413416536661,0.311769290724864,11.1357868020304,11.0564720812182,10.7233502538071,55.9633027522935,39.3473634428943,3.78605769230769,0.381231671554252,1601,20.049968769519,88.2772680937818,0.203873598369011,0,0.017060369513964037
09.541.09.15.,Freija,8792.0,1553.0,5.6613007083065,95.2473958333333,0.325520833333333,91.9354838709677,95.6129032258064,94.0530058177117,4.25392670157068,10.6005459508644,9.40627843494085,9.49727024567788,43.4096402673112,43.2236205227492,11.6088092571855,0.741427247451344,2368,63.6824324324324,70.9512299161097,0.995307834494526,0,0.023793586416048826
09.541.09.19.,Ida Ou Moumen,6105.0,1211.0,5.0412881915772,89.6147403685092,1.34003350083752,79.1081750619322,91.4946325350949,92.7800829875518,2.23880597014925,11.1547911547911,9.82800982800982,9.43488943488943,48.3001658374792,38.9359698681732,11.9105199516324,0.712435233160622,1457,62.1825669183253,83.3955223880597,0.497512437810945,0,0.01652182041287285
09.541.09.27.,Imoulass,8365.0,1677.0,4.98807394156231,95.7907396271797,0.601322910402886,81.1568276684555,21.2283840190816,85.4316546762589,0.602772754671489,10.6156604901374,10.4004781829049,12.6001195457262,47.585893749054,39.9063569241851,18.8628158844765,0.718939564142889,1798,52.0578420467185,81.08067201453,0.393522022097775,0,0.022638006184059197
09.541.09.31.,Lamnizla,4207.0,796.0,5.28517587939698,96.4735516372796,0.125944584382872,84.1708542713567,70.6030150753768,92.0854271356783,1.51324085750315,9.72189208462087,8.72355597813168,9.10387449488947,48.8195861264937,37.9265091863517,2.94117647058823,0.617577197149644,1122,38.3244206773618,80.5304575925386,0.437190323520839,0,0.011385306875832281
09.541.09.41.,Sidi Ahmed Ou Abdallah,3833.0,911.0,4.20746432491767,98.1256890848952,0.0,72.0087815587266,36.6630076838638,85.9185918591859,0.22002200220022,10.3313331594051,11.6618836420558,12.001043569006,60.5016722408026,45.5731225296442,21.335646140503,0.347977381470204,907,26.2403528114663,85.1505016722408,0.100334448160535,0,0.01037315931900764
09.541.09.43.,Sidi Borja,10000.0,1963.0,5.09424350483953,92.335390946502,2.10905349794238,90.4689092762487,94.6992864424057,94.8390393459376,4.39672801635991,10.67,9.32,8.92,41.1448568928883,43.634829089886,8.41392649903288,1.63476874003189,2841,57.4797606476592,70.7661542307211,1.137357830271213,0,0.027062768899054627
09.541.09.45.,Sidi Dahmane,11955.0,2427.0,4.92583436341161,85.8336815712494,8.5248641872127,88.421920065925,93.9019365471775,95.369987598181,6.42353916286779,11.3592639063153,10.3220409870347,9.84525303220409,35.351917120581,45.9687270950403,11.7193728408184,2.16995196289547,3322,49.4280553883202,67.1366015166079,1.003951724874506,0,0.03235354021881981
09.541.09.51.,Tafraouten,7932.0,1610.0,4.92670807453416,95.7393483709273,0.18796992481203,85.9006211180124,12.7329192546583,88.4928080050031,1.63009404388714,11.2708018154311,11.4851235501765,11.2581946545637,52.4975514201763,42.3385555980129,14.9819494584837,1.23370577281191,1884,43.6305732484076,84.9028888526195,0.146890811163702,0,0.02146618829073013
09.541.09.55.,Tamaloukte,4720.0,1001.0,4.71528471528471,92.4012158054711,1.62107396149949,84.7152847152847,73.6263736263736,92.0443101711983,4.43548387096774,10.3389830508474,9.44915254237288,9.27966101694915,44.6381405176967,44.3548387096774,17.037037037037,1.12546894539391,1232,28.4902597402597,73.5076597992604,0.63391442155309,0,0.012773626920353784
09.541.09.57.,Tazemmourt,6035.0,1238.0,4.87479806138933,95.5665024630541,2.13464696223316,93.1340872374798,79.0791599353796,92.9554655870445,3.2441200324412,9.71002485501242,10.1905550952775,9.54432477216238,46.7107985105502,35.0399248473461,11.3941018766756,1.18433039781354,1322,36.8381240544629,76.8100951592883,0.661977658254034,0,0.01633238103057947
09.541.09.63.,Tiout,2883.0,664.0,4.34186746987951,94.5288753799392,1.36778115501519,87.7828054298642,77.6772247360482,92.5981873111782,3.79362670713201,10.4058272632674,9.39993062781824,10.8914325355532,44.9826989619377,40.5405405405405,11.4814814814814,1.3522215067611,717,25.1046025104602,79.9307958477508,0.865051903114187,0,0.007802196273597449
09.541.09.71.,Zaouia Sidi Tahar,11666.0,2309.0,5.0524036379385,90.976460331299,3.8360941586748,94.0666955391944,97.2282373321784,95.7881024750325,8.23170731707317,10.4320246871249,9.72055546031201,9.86627807303274,42.1363392377885,41.5115139637432,9.79640011802891,1.56685236768802,3057,60.9421000981354,69.2860976918948,1.535158346752549,0,0.03157142619763713
09.551.01.01.,Akka (Mun.),6165.0,1295.0,4.76061776061776,66.796875,25.78125,95.4404945904173,96.2132921174652,96.7391304347826,23.2919254658385,10.3649635036496,8.96999188969992,10.1540957015409,24.7737784033782,37.4051069703243,27.3062730627306,2.06917850525015,1182,5.75296108291032,49.6682083249547,4.1222602051075805,1,0.016684197026267177
09.551.01.03.,Fam El Hisn (Mun.),5734.0,1300.0,4.41076923076923,69.891640866873,16.0990712074303,94.4615384615384,93.1538461538461,96.8118195956454,25.7788161993769,9.94070456923613,8.71991628880362,9.1384722706662,24.8499142367066,34.0096618357487,27.9829545454545,2.55462184873949,1014,12.7218934911242,50.2144082332761,4.652658662092624,1,0.015517791686717923
09.551.01.05.,Foum Zguid (Mun.),8310.0,1674.0,4.96415770609319,75.6348246674728,9.85489721886336,95.6391875746714,95.9976105137395,95.8207147183525,9.44309927360774,10.2045728038507,8.7725631768953,9.71119133574007,30.4024951730283,41.241984475194,20.0490998363338,1.74966352624495,1954,35.10747185261,54.9532155057181,4.0100995098767225,1,0.022489160955114395
09.551.01.07.,Tata (Mun.),17708.0,3723.0,4.75637926403438,58.807514293493,32.2352300571739,98.1197958635509,95.1651893634166,98.2123510292524,26.0374288039056,11.0853851366613,9.58888637903772,9.43076575559069,22.4603118103509,40.2197624626323,18.8027320208919,2.27322166630411,4042,2.64720435428005,44.4009397024275,7.296931729194846,1,0.04792275116644593
09.551.03.01.,Ait Ouabelli,2401.0,473.0,5.07610993657505,89.8305084745762,1.48305084745762,94.7145877378435,94.291754756871,92.6004228329809,4.65116279069767,8.95460224906289,9.57934194085797,11.7034568929612,38.803680981595,19.7611940298507,32.6283987915407,1.60427807486631,223,10.762331838565,62.9345603271983,1.533742331288342,0,0.006497770812663015
09.551.03.03.,Kasbat Sidi Abdellah Ben M'Barek,6196.0,1146.0,5.4066317626527,93.3920704845815,1.40969162995594,91.6157205240174,67.5109170305676,95.6713780918728,4.79148181011535,9.40929632020658,9.50613298902517,11.943189154293,46.4570063694267,19.5845004668534,20.2622169249106,2.76762402088772,669,25.5605381165919,70.5015923566879,1.453025477707002,0,0.01676809160985425
09.551.03.05.,Tamanarte,6160.0,1483.0,4.15374241402562,88.5939741750358,2.86944045911047,91.0726643598615,95.7785467128027,92.083897158322,1.57367668097281,7.79220779220779,8.01948051948051,9.35064935064935,49.5372155804087,20.5422993492407,33.7909186906019,1.97639308262421,627,28.8676236044657,68.0871577323563,2.043964519861162,0,0.016670665641817652
09.551.03.07.,Tizounine,2119.0,451.0,4.69844789356984,89.9103139013452,3.36322869955156,94.4567627494456,94.90022172949,91.0514541387024,7.48299319727891,11.1373289287399,10.4294478527607,10.7126002831524,34.7773766546329,22.1602787456446,54.0880503144654,2.66774454324979,146,11.6438356164383,65.1022864019254,3.18892900120336,0,0.005734600729709676
09.551.05.01.,Aguinane,2801.0,549.0,5.10200364298725,89.2988929889299,2.02952029520295,93.0783242258652,94.7176684881602,91.7733089579524,0.0,9.28239914316315,8.49696536951088,10.9603712959657,47.5032566217976,34.1683366733466,35.7771260997067,1.4762516046213,438,17.1232876712328,75.1628310898827,1.4329135909683,0,0.007580281568625201
09.551.05.03.,Akka Ighane,6452.0,1141.0,5.65468886941279,87.4666666666666,5.24444444444444,91.7471466198419,88.8498683055311,95.2548330404217,5.29100529100529,9.26844389336639,9.03595784252944,10.5858648481091,40.8391873932029,26.8526591107236,16.0714285714285,1.79934569247546,1034,16.1508704061895,66.3251754885221,2.333523050654522,0,0.017460898493670045
09.551.05.05.,Allougoum,8418.0,1186.0,7.09780775716694,92.4384027187765,3.31350892098555,81.5189873417721,87.2573839662447,91.8297872340425,2.21843003412969,11.7129959610358,10.5844618674269,10.5013067236873,43.0275229357798,34.1523775852925,27.9503105590062,1.06406561737973,1392,23.8505747126436,66.5647454517657,1.727564592569939,0,0.022781438859224182
09.551.05.07.,Ibn Yacoub,2900.0,540.0,5.37037037037037,94.413407821229,0.931098696461825,93.3333333333333,96.4814814814814,82.8358208955223,0.560747663551402,10.0344827586206,10.103448275862,9.13793103448275,49.006908462867,24.3295953193564,10.4208416833667,0.922509225092251,447,14.317673378076,78.3246977547495,0.863557858376511,0,0.007848202980725841
09.551.05.09.,Tissint,9395.0,1385.0,6.78339350180505,90.4615384615384,4.76923076923076,92.6331145149526,94.1648431801604,94.0441176470588,4.39970171513795,11.6019159127195,9.12187333688132,10.8142629058009,35.78141783029,24.0671641791044,21.188630490956,1.8974262633853,1220,17.4590163934426,61.1842105263157,1.94683136412459,0,0.025425471380661823
09.551.05.11.,Tlite,4326.0,777.0,5.56756756756756,84.9935316946959,1.55239327296248,80.541237113402,85.180412371134,94.9350649350649,0.910273081924577,11.2343966712898,10.4484512251502,11.4424410540915,49.9409681227863,25.1296232284825,30.3988995873452,0.717989629038692,506,23.5177865612648,75.2656434474616,1.534828807556073,0,0.01170735382573103
09.551.07.01.,Adis,6511.0,940.0,6.92659574468085,89.967637540453,1.72599784250269,95.624332977588,96.6915688367129,96.4554242749731,9.48275862068965,10.7663953309783,8.61618798955613,8.96943633850407,29.2817679558011,26.6237942122186,22.9468599033816,2.2604951560818,957,8.77742946708464,59.2684320823013,2.610020956372643,0,0.017620568830174467
09.551.07.03.,Issafen,3391.0,914.0,3.71006564551422,89.8342541436464,3.646408839779,86.3436123348017,67.6211453744493,86.3586358635863,3.67074527252502,7.31347685048658,7.51990563255676,8.49306989088764,54.2936288088642,23.0384615384615,25.5425709515859,2.05444273240883,446,11.4349775784753,72.9916897506925,2.5277008310249243,0,0.009176984933669424
09.551.07.05.,Oum El Guerdane,3370.0,553.0,6.09403254972875,91.5413533834586,0.37593984962406,96.5201465201465,96.7032967032967,94.3738656987295,5.19480519480519,10.7418397626112,8.99109792284866,9.64391691394658,31.878698224852,30.5882352941176,44.3681318681318,2.46719160104986,405,14.074074074074,54.898336414048,2.2181146025878,0,0.00912015311898141
09.551.07.07.,Tagmout,4565.0,1090.0,4.18807339449541,88.2516188714153,2.68270120259019,91.2764003673094,95.684113865932,92.073732718894,3.51201478743068,9.68236582694414,9.87951807228915,9.48521358159912,46.0909833832743,21.6424822476072,28.530670470756,2.73676629456247,501,22.1556886227544,74.4825708061002,1.2527233115468381,0,0.012354154002418438
09.551.07.09.,Tigzmerte,3916.0,778.0,5.03341902313624,92.3984272608125,0.524246395806029,89.8326898326898,84.6846846846846,74.5784695201037,8.87728459530026,8.93769152196118,8.47803881511746,9.03983656792645,31.8800247371675,29.5138888888888,37.7647058823529,2.12295444493586,529,23.8185255198487,57.5757575757575,4.050711193568332,0,0.010597780300869792
09.551.07.11.,Tizaghte,3920.0,961.0,4.07908428720083,95.0939457202505,0.313152400835073,93.6524453694068,60.041623309053,86.9927159209157,1.97916666666666,8.26530612244898,8.26530612244898,8.85204081632653,57.7322738386308,23.076923076923,19.8518518518518,0.844238075137189,541,17.7449168207024,81.7848410757946,1.130806845965768,0,0.010608605408429414
09.581.01.05.,Tafraout (Mun.),6333.0,1771.0,3.57594579333709,43.0760499432463,44.0408626560726,92.9943502824858,92.3728813559322,97.3878478137422,21.8874360432063,9.25311858518869,8.6372966998263,9.09521553765987,21.8653846153846,51.4489619377162,12.2320302648171,1.88554416142904,2088,2.01149425287356,51.576923076923,4.769230769230765,1,0.017138851543771295
09.581.01.07.,Tiznit (Mun.),74067.0,18420.0,4.02100977198697,63.1570284209371,29.81455064194,97.9853380396415,96.9046972576703,98.3122132401136,37.8474502079229,9.14847367923636,8.60032133068708,8.41535366627512,22.1527298992087,45.2384435342305,14.3532740501212,2.42202520828882,21189,2.44938411439898,46.7704075770259,6.59378539419904,1,0.20044581040462792
09.581.03.01.,Ait Issafen,3142.0,788.0,3.98730964467005,98.469387755102,0.0,94.1624365482233,36.1675126903553,95.6743002544529,0.763358778625954,7.06556333545512,6.20623806492679,9.10248249522597,55.6697247706422,21.2792127921279,30.8285163776493,0.371155885471898,359,7.5208913649025,84.8807339449541,0.770642201834862,0,0.008503121988082965
09.581.03.03.,Anzi,7533.0,1771.0,4.25352907961603,88.6857142857142,6.68571428571428,96.1560203504805,43.583945732052,96.0091220068415,5.0314465408805,8.42957652993495,8.27027744590468,9.30572149210142,54.2875358622888,27.9332615715823,15.4142581888246,0.851869380028396,1317,5.23917995444191,79.2988047808765,0.701195219123506,0,0.02038638381165785
09.581.03.05.,Arbaa Ait Ahmed,5207.0,1240.0,4.19919354838709,94.9675324675324,1.54220779220779,88.2970137207425,14.2050040355125,93.030794165316,0.569105691056911,8.3157288265796,7.91242558094872,9.69848281159976,60.2843384544829,21.2081928960331,28.2396088019559,0.608584240871236,587,14.480408858603,81.4305364511691,0.710683172856487,0,0.014091583765737744
09.581.03.07.,Ida Ou Gougmar,5763.0,1367.0,4.21580102414045,98.361876396128,0.0,93.1718061674008,53.0837004405286,91.0436713545521,2.00892857142857,7.89519347562033,8.3984036092313,10.0468505986465,55.6085424009952,23.1802120141342,20.4268292682926,0.7011393514461,783,25.287356321839,83.8723051409618,0.559701492537313,0,0.015596273716525182
09.581.03.09.,Sidi Ahmed Ou Moussa,3601.0,818.0,4.40220048899755,95.085995085995,2.08845208845208,90.0977995110024,91.9315403422982,87.4384236453202,3.33745364647713,9.05304082199389,6.80366564843099,10.0527631213551,46.1716171617161,31.8215892053973,35.5712603062426,1.08901515151515,547,27.2394881170018,73.069306930693,0.9570957095709569,0,0.009745303080549573
09.581.03.11.,Tafraout El Mouloud,3146.0,781.0,4.0281690140845,94.6015424164524,0.12853470437018,95.7746478873239,11.7797695262484,95.6466069142125,0.898587933247754,6.13477431659249,5.94405594405594,7.3744437380801,51.1930585683297,27.1507498026835,38.5174418604651,1.15473441108545,423,3.78250591016548,82.5741142443962,0.93998553868402,0,0.008513947095642587
09.581.03.13.,Tighmi,6375.0,1367.0,4.66349670811997,96.3944076526858,1.69242089771891,94.9524506217995,66.0570592538405,93.0933137398971,4.55882352941176,9.6313725490196,8.10980392156862,8.15686274509803,48.8931297709923,28.662150719729,11.8906942392909,1.12359550561797,1193,6.70578373847443,79.9580472921434,1.46834477498093,0,0.017252515173147326
09.581.03.15.,Tizoughrane,4559.0,1247.0,3.65597433841218,90.4761904761904,2.09846650524616,95.6661316211878,36.6773675762439,92.6553672316384,4.04203718674211,6.44878262776924,7.50164509760912,8.94933099363895,53.2755544226357,23.1009957325746,24.8768472906403,1.50772710139464,610,5.73770491803278,82.4369105276574,0.458832526127963,0,0.012337916341079004
09.581.03.17.,Tnine Aday,1876.0,506.0,3.70750988142292,94.6,0.6,94.4664031620553,69.3675889328063,97.4257425742574,2.98210735586481,6.66311300639658,7.19616204690831,8.42217484008528,52.9702970297029,21.19341563786,14.8867313915857,0.759734093067427,263,7.98479087452471,79.8267326732673,0.742574257425743,0,0.005076975445462648
09.581.09.01.,Afella Ighir,2917.0,856.0,3.40771028037383,83.1168831168831,8.50059031877213,92.1637426900584,70.9941520467836,91.7743830787309,11.2028301886792,7.74768597874528,8.02194034967432,8.8104216660953,40.8628408628408,26.2272727272727,18.1975736568457,1.62846803377563,472,8.6864406779661,69.8819698819698,1.872201872201871,0,0.007894209687854235
09.581.09.03.,Ait Ouafqa,4099.0,1182.0,3.46785109983079,90.8241291418861,3.56839422259983,94.9238578680203,68.4433164128595,94.7234042553191,3.07429547395388,6.73334959746279,8.07514027811661,9.24615759941449,48.5108820160366,30.9347895920334,49.3250259605399,1.23555201275408,488,14.7540983606557,76.3172966781214,1.4032073310423772,0,0.011093028971722492
09.581.09.05.,Ammelne,3500.0,1165.0,3.00429184549356,82.7139152981849,1.46931719965427,94.763948497854,64.2918454935622,95.1557093425605,8.65800865800865,4.51428571428571,5.65714285714285,6.88571428571428,40.267175572519,32.4147433689287,29.8618490967056,2.65531062124248,660,12.4242424242424,73.2188295165394,1.463104325699739,0,0.00947196911466912
09.581.09.07.,Irigh N'Tahala,1542.0,503.0,3.06560636182902,78.6427145708582,2.39520958083832,94.0239043824701,29.6812749003984,95.3907815631262,6.62650602409638,6.03112840466926,6.22568093385214,8.36575875486381,50.0369549150037,25.0,8.8235294117647,2.91375291375291,279,6.8100358422939,77.3096821877309,2.069475240206942,0,0.004173078964234224
09.581.09.09.,Tarsouat,2341.0,770.0,3.04025974025974,79.8913043478261,1.22282608695652,95.1948051948052,50.3896103896103,93.4980494148244,5.61357702349869,6.79196924391285,7.39000427167877,8.75694147800085,46.7396714783474,26.4966740576496,19.8744769874477,1.67938931297709,383,11.4882506527415,74.4151319064211,1.39372822299651,0,0.006335394199268689
09.581.09.11.,Tassrirt,1477.0,505.0,2.92475247524752,84.1683366733466,3.2064128256513,89.3069306930693,71.2301587301587,92.4302788844621,3.4,6.56736628300609,7.37982396750169,7.17670954637779,46.1841070023603,42.832618025751,50.1002004008016,2.52583237657864,249,21.2851405622489,75.2950432730133,0.629425649095201,0,0.003997170966390368
09.581.11.01.,Arbaa Rasmouka,5905.0,1395.0,4.23297491039426,95.3170028818443,0.864553314121037,97.5627240143369,64.9462365591397,96.8953068592057,18.2080924855491,7.62066045723962,7.29889923793395,8.39966130397967,41.8475014931315,31.8242049469964,19.500346981263,0.936329588014981,1160,21.2068965517241,70.1433121019108,1.9705414012738771,0,0.01598056503489176
09.581.11.03.,Arbaa Sahel,10554.0,2633.0,4.00835548803646,96.2835249042145,1.11111111111111,95.5943790353209,12.3813140903911,94.8051948051948,7.151051625239,8.81182490051165,7.82641652454045,8.64127345082433,41.2139122527847,33.2868374334263,23.847619047619,1.23500984428136,1999,23.7118559279639,69.3339395317117,1.5912707433507611,0,0.028562046296062252
09.581.11.05.,Bounaamane,10241.0,2275.0,4.50153846153846,94.4223107569721,2.61177512173528,94.9010989010989,59.076923076923,93.716814159292,9.490022172949,8.94443901962698,7.91914852065228,8.69055756273801,45.5954897815362,31.4533053515215,13.511259382819,1.01195952161913,2074,24.059787849566,72.9269438571764,1.50340615456894,0,0.027714981629521844
09.581.11.07.,El Maader El Kabir,6866.0,1697.0,4.04596346493812,93.7759336099585,0.770598695909899,92.2804949911608,41.838538597525,94.4774346793349,12.7153891859774,7.42790562190503,7.66093795514127,7.54442178852315,35.8833619210977,34.7703313253012,20.6280454791553,1.2248230811105,1466,26.8076398362892,65.1286449399657,1.8867924528301832,0,0.018581297126090905
09.581.11.09.,Ouijjane,4919.0,1175.0,4.1863829787234,93.3447098976109,0.938566552901024,95.8297872340425,77.1914893617021,95.2991452991453,10.958904109589,8.03008741614149,7.46086602968083,7.82679406383411,43.1905678537054,29.3478260869565,15.2664859981933,1.77224736048265,938,25.1599147121535,70.2429636757277,1.443348568679327,0,0.01331217602144497
09.581.11.11.,Reggada,13284.0,2948.0,4.50610583446404,91.042234332425,5.00681198910081,94.2672998643148,87.2795115332428,94.7278911564625,15.6729131175468,8.80006022282445,8.27311050888286,8.5742246311352,33.1880108991825,33.5020755290067,19.1598670293139,1.54356607039815,2675,23.0280373831775,62.5544662309368,2.8685548293391343,0,0.035950182205504166
09.581.11.13.,Sidi Bouabdelli,5752.0,1331.0,4.32156273478587,97.7392614920874,0.0,91.0593538692712,12.0961682945154,94.4150943396226,5.82010582010582,9.85744089012517,8.91863699582753,10.3616133518776,48.9083904109589,29.7105004906771,15.8546655656482,1.05363984674329,1019,17.9587831207065,75.535102739726,0.684931506849315,0,0.015566504670736222
09.581.11.15.,Tnine Aglou,10183.0,2631.0,3.87039148612694,91.1775987725354,3.72075182201764,94.1825095057034,50.3422053231939,94.7126436781609,13.2386799693016,7.66964548757733,7.28665422763429,6.70725719336148,31.8129330254041,37.0941456687977,23.3862791483609,1.83520599250936,2267,20.8204675782973,58.7759815242494,2.7713625866050773,0,0.027558017569907327
10.071.01.01.,Assa (Mun.),14416.0,2990.0,4.82140468227424,67.0860251615097,25.297517851071,96.9879518072289,96.0174029451137,94.1711590296496,17.5497806277421,11.1334628190899,9.61431742508324,9.11487236403995,30.0393873085339,37.7707447334586,42.9693637077769,2.38940469688694,2178,1.51515151515151,45.9343544857768,8.02625820568927,1,0.03901368764487715
10.071.01.03.,Zag (Mun.),4168.0,941.0,4.42933049946865,46.2203023758099,36.0691144708423,97.6620616365568,97.5557917109458,96.6809421841541,31.4377682403433,11.3723608445297,10.2687140115163,10.9884836852207,24.3723208818126,40.8831908831908,27.177700348432,2.57782101167315,836,2.39234449760765,42.1922841396203,7.37905695039803,1,0.011279762077125968
10.071.03.01.,Aouint Lahna,2391.0,314.0,7.61464968152866,79.4871794871794,7.69230769230769,89.0243902439024,85.9756097560975,93.1818181818181,10.2564102564102,11.2923462986198,10.2885821831869,10.3304056879966,62.24,43.7346437346437,28.9325842696629,2.02874049027895,506,65.0197628458498,76.4266666666666,2.186666666666663,0,0.006470708043763961
10.071.03.03.,Aouint Yghomane,3042.0,470.0,6.47234042553191,79.5640326975476,7.35694822888283,72.6315789473684,72.8947368421052,84.6666666666666,7.94520547945205,10.3947368421052,9.17763157894736,9.4078947368421,48.6685784514543,47.1514590088003,62.9666011787819,2.557200538358,377,33.15649867374,66.2576687116564,2.944785276073617,0,0.008232494299092417
10.071.03.05.,Touizgui,1110.0,172.0,6.45348837209302,58.2089552238805,4.4776119402985,37.9629629629629,37.9629629629629,60.4651162790697,0.0,12.6126126126126,10.3603603603603,10.9909909909909,52.8654970760233,46.9304229195088,40.9883720930232,0.355871886120996,203,66.9950738916256,66.9005847953216,3.274853801169587,0,0.0030039673477950633
10.071.05.01.,Al Mahbass,712.0,153.0,4.65359477124183,75.0,19.8275862068965,0.847457627118644,0.847457627118644,34.6405228758169,0.0,13.0617977528089,10.814606741573,11.2359550561797,48.8929889298893,53.030303030303,19.5918367346938,4.29799426934097,197,72.0812182741116,74.1697416974169,5.9040590405904,0,0.0019268691456126895
10.071.05.03.,Labouirat,1108.0,168.0,6.59523809523809,66.3366336633663,17.8217821782178,26.2773722627737,77.3722627737226,92.1686746987951,0.980392156862745,10.740072202166,11.4620938628158,12.9061371841155,62.1809744779582,42.4200278164116,51.4754098360655,0.181159420289855,148,47.2972972972973,77.3781902552204,2.436194895591648,0,0.0029985547940152525
10.261.01.01.,Bouizakarne (Mun.),14059.0,3194.0,4.40169067000626,54.2286981311371,36.9337979094076,97.3379267146883,92.9846539304729,97.7329974811083,26.4585304320403,10.5057258695497,9.48858382530763,10.2781136638452,23.8175675675675,40.528409670509,20.7903347596274,1.70316301703163,3147,2.54210359072132,44.9768847795163,4.720839260312939,1,0.0380475467951809
10.261.01.03.,Guelmim (Mun.),117988.0,25667.0,4.59687536525499,58.5127355886759,34.3979181452566,97.1594451371571,95.1722256857855,98.0959484924623,24.9528746465598,10.2773163372546,8.88903956334542,8.90344780825168,25.1465299403395,41.3507876845491,29.4637259930472,3.07205146059219,24754,2.9732568473782,47.4951244573992,5.374630402415746,1,0.31930819768616575
10.261.03.01.,Aday,3005.0,669.0,4.49177877428998,91.1278195488721,3.45864661654135,94.7683109118086,93.1240657698056,85.2631578947368,8.0060422960725,9.58402662229617,8.153078202995,9.45091514143094,41.0598705501618,28.199268738574,44.2463533225283,1.64222873900293,344,18.313953488372,64.7249190938511,2.184466019417471,0,0.008132362054165915
10.261.03.03.,Ait Boufoulen,1045.0,211.0,4.95260663507109,87.6777251184834,2.36966824644549,87.2037914691943,23.2227488151658,87.6777251184834,1.89573459715639,10.2392344497607,9.66507177033492,6.50717703349282,55.0776583034647,33.5500650195058,23.2558139534883,1.08108108108108,198,25.7575757575757,77.1804062126642,0.836320191158901,0,0.0028280593499512086
10.261.03.05.,Amtdi,1472.0,325.0,4.52923076923076,90.4615384615384,0.615384615384615,90.4615384615384,94.7692307692307,90.1538461538461,0.923076923076923,10.5978260869565,10.5298913043478,9.51086956521739,50.3875968992248,26.4446620959843,38.5185185185185,0.593824228028504,166,21.6867469879518,77.2609819121447,0.861326442721792,0,0.003983639581940842
10.261.03.07.,Ifrane Atlas Saghir,11176.0,2383.0,4.6898866974402,90.6621392190152,4.8811544991511,96.2994112699747,95.0378469301934,94.3109987357775,11.6525423728813,9.60987831066571,8.41982820329277,8.84931997136721,36.0986791834952,27.9735682819383,22.5721784776902,1.52015862524785,1770,12.3163841807909,60.8558017683659,4.082523741949561,0,0.03024535052158345
10.261.03.09.,Tagante,3257.0,666.0,4.89039039039039,83.434650455927,8.81458966565349,90.5405405405405,90.09009009009,88.1024096385542,8.32072617246596,9.70217992017193,9.02671169788148,8.93460239484187,38.5719682659614,37.3089983022071,46.1888509670079,2.50458155161881,473,24.1014799154334,61.6924820551567,3.09784661881375,0,0.008814343830422093
10.261.03.11.,Taghjijt,9971.0,2076.0,4.80298651252408,87.3391662377766,4.11734431291816,88.3709273182957,85.7142857142857,95.1941747572815,9.52135872362326,9.67806639253836,9.16658309096379,9.31701935613278,43.035471511556,34.8457350272232,27.6842948717948,2.45375613439033,1805,37.8393351800554,62.9263470093919,2.842313395946611,0,0.02698428686924737
10.261.03.13.,Timoulay,5325.0,1109.0,4.80162308385933,87.5226039783001,6.14828209764918,94.0433212996389,89.71119133574,94.9367088607595,10.1357466063348,10.0845070422535,8.73239436619718,9.78403755868544,36.6643534582465,34.4029458179905,23.4709480122324,1.73144876325088,1001,23.2767232767232,62.4103631737219,2.4288688410825716,0,0.01441092443874659
10.261.05.03.,Aferkat,1460.0,268.0,5.44776119402985,84.9056603773584,3.77358490566037,77.6119402985074,34.3283582089552,95.8490566037735,1.50943396226415,9.86301369863013,8.15068493150684,7.73972602739726,46.1988304093567,32.8413284132841,41.0112359550561,2.6950354609929,210,39.047619047619,62.65664160401,1.670843776106927,0,0.003951164259261976
10.261.05.05.,Asrir,3566.0,708.0,5.0367231638418,76.8545994065282,8.30860534124629,87.2992700729927,77.956204379562,97.4431818181818,15.6573116691285,10.2636006730229,7.99214806505888,7.85193494111048,38.2161234991423,39.2789373814041,38.9371980676328,3.4228541337546,632,54.7468354430379,58.6277873070325,4.356775300171521,0,0.00965058338940288
10.261.05.09.,Fask,3943.0,722.0,5.46121883656509,85.2601156069364,5.34682080924855,95.7805907172995,92.5457102672292,97.1791255289139,6.25,8.74968298250063,8.19173218361653,7.86203398427593,35.1252290775809,35.3794266441821,32.4118207816968,1.68150346191889,709,31.311706629055,56.7328244274809,3.9083969465648822,0,0.01067084977689724
10.261.05.21.,Tiglit,930.0,154.0,6.03896103896103,91.9117647058823,0.0,72.4137931034482,6.89655172413793,61.4864864864864,0.0,10.6451612903225,8.49462365591397,11.9354838709677,42.5531914893617,34.0093603744149,47.2477064220183,0.849256900212314,115,45.2173913043478,64.3617021276595,3.457446808510637,0,0.0025168375076120805
10.261.07.01.,Abaynou,2422.0,543.0,4.46040515653775,81.7836812144212,3.03605313092979,74.7697974217311,77.5322283609576,93.3579335793357,9.79667282809611,10.7349298100743,7.92733278282411,8.46407927332782,40.8121827411167,37.5070821529745,16.6163141993957,1.58856235107228,552,35.5072463768115,68.984771573604,1.624365482233498,0,0.00655460262735103
10.261.07.07.,Echatea El Abied,1158.0,212.0,5.46226415094339,94.7368421052631,0.0,64.7342995169082,1.93236714975845,92.7884615384615,0.5,7.59930915371329,5.26770293609671,5.95854922279792,44.9950445986124,51.4893617021276,49.5867768595041,4.12186379928315,244,59.8360655737704,70.3666997026759,1.5857284440039559,0,0.003133868638510526
10.261.07.11.,Labyar,494.0,96.0,5.14583333333333,69.7916666666666,0.0,92.7083333333333,69.7916666666666,90.625,1.04166666666666,9.7165991902834,8.70445344129554,6.47773279352226,39.4540942928039,38.8140161725067,44.4444444444444,3.16205533596837,80,56.25,71.2158808933002,0.992555831265509,0,0.0013369007836132986
10.261.07.13.,Laqsabi Tagoust,2407.0,516.0,4.66472868217054,64.0316205533596,7.5098814229249,84.9019607843137,79.8039215686274,95.1550387596899,8.44793713163064,9.84628167843789,8.7660988782717,9.05691732447029,34.9157733537519,42.1596783457782,33.7874659400544,4.33386837881219,486,47.9423868312757,59.1628381827463,2.552322613578356,0,0.006514008474002449
10.261.07.15.,Rass Oumlil,1172.0,278.0,4.21582733812949,65.5677655677655,4.76190476190476,24.1877256317689,21.2996389891696,92.0,0.363636363636364,10.4095563139931,7.84982935153583,7.93515358361774,37.160751565762,56.9942196531791,52.7383367139959,5.74506283662477,233,58.3690987124463,66.0751565762004,1.0438413361169099,0,0.003171756514969202
10.261.07.17.,Taliouine Assaka,1125.0,256.0,4.39453125,74.8031496062992,8.26771653543307,95.3125,91.796875,89.4117647058823,3.92156862745098,8.44444444444444,7.2,6.22222222222222,31.9283456269757,46.9852104664391,47.2154963680387,5.00863557858376,218,54.5871559633027,57.9557428872497,3.8988408851422482,0,0.0030445615011436456
10.261.07.19.,Targa Wassay,857.0,161.0,5.32298136645962,81.875,1.25,93.7888198757764,81.9875776397515,90.6832298136646,5.59006211180124,8.28471411901983,7.46791131855309,6.41773628938156,41.1357340720221,43.7781109445277,35.958904109589,4.05405405405405,187,58.2887700534759,62.8808864265927,1.10803324099723,0,0.0023192792946489815
10.473.01.01.,Lakhsas (Mun.),4704.0,1121.0,4.19625334522747,70.4932735426009,20.0,95.5396966993755,80.9991079393398,95.3405017921147,14.4914491449144,10.4166666666666,8.52465986394557,8.37585034013605,34.9331235247836,39.8947060544018,19.7947214076246,1.95163343232923,1094,3.93053016453382,56.0713349068974,4.878048780487799,1,0.012730326490115296
10.473.01.03.,Sidi Ifni (Mun.),21588.0,5463.0,3.95167490389895,53.7539199409703,34.9013097214536,97.0518220106207,96.3376670939388,97.1086556169429,24.1003875253736,8.52788586251621,7.30035204743375,7.08263850287196,25.7333113202355,45.0907342867443,30.1972281449893,3.32606324972737,5238,15.024818633066,47.6968796433878,4.79885531891475,1,0.05842310549927913
10.473.05.01.,Arbaa Ait Abdellah,3201.0,642.0,4.98598130841121,97.7952755905511,0.0,93.3021806853582,7.00934579439252,93.90625,3.75586854460093,9.27835051546391,8.02874101843174,9.80943455170259,49.5086923658352,27.9897128161165,18.6830015313935,0.986078886310905,531,14.3126177024482,73.7438609746883,1.32225160559123,0,0.008662792324587386
10.473.05.03.,Imi N'Fast,2441.0,417.0,5.85371702637889,92.7884615384615,0.961538461538462,78.8968824940048,15.5875299760191,87.9807692307692,2.40384615384615,9.66816878328554,7.25112658746415,8.11142974190905,47.5838264299802,33.9890710382513,31.8327974276527,2.22398729150119,424,20.9905660377358,68.7376725838264,1.77514792899408,0,0.006606021888259235
10.473.05.05.,Mesti,2901.0,636.0,4.56132075471698,81.1111111111111,9.2063492063492,85.5345911949685,36.3207547169811,94.9447077409162,8.399366085578439,9.13478110996208,8.03171320234401,8.75560151671837,42.2388680815647,37.2731503024662,24.3445692883895,4.11347517730496,606,29.7029702970297,63.3374947981689,2.62172284644194,0,0.007850909257615748
10.473.05.07.,Mirleft,8106.0,2004.0,4.04491017964071,80.6435394670688,13.8260432378079,91.65,70.35,96.0141271442986,14.0902179422199,10.4983962496915,8.10510732790525,8.0680977054034,36.7990300090936,38.3748317631224,13.8535729943007,1.57303370786516,1965,14.1984732824427,60.9427099120945,3.122158229766588,0,0.02193708046957368
10.473.05.09.,Sbouya,3729.0,777.0,4.7992277992278,96.3730569948186,0.77720207253886,85.1994851994852,8.75160875160875,91.3099870298313,1.03896103896103,7.83051756503083,6.97237865379458,7.83051756503083,51.0859301227573,27.4523396880415,60.2272727272727,1.8450184501845,315,36.8253968253968,72.8674850487881,0.661000944287063,0,0.01009170652245747
10.473.05.11.,Tangarfa,4677.0,970.0,4.82164948453608,97.0954356846473,0.518672199170125,88.7628865979381,28.041237113402,90.0928792569659,1.97710718002081,8.44558477656617,7.86829163994013,9.42912123155869,49.2846193152784,34.8689893463864,22.0478943022295,1.28099173553719,944,26.2711864406779,72.2023505365355,1.09862033725089,0,0.01265725701408785
10.473.05.13.,Tioughza,10485.0,2257.0,4.64554718653079,92.3385300668151,4.49888641425389,94.8161276030128,17.0580416482055,92.3589515770768,6.76457498887405,9.72818311874106,8.45970433953266,9.05102527420124,44.1762854144805,30.6724341329138,18.7606837606837,1.30742691120392,1901,15.3603366649132,71.2054091862905,2.2732571695033763,0,0.02837531319065878
10.473.05.15.,Tnine Amellou,3650.0,732.0,4.9863387978142,95.2054794520547,0.273972602739726,91.9398907103825,29.3715846994535,94.3681318681318,4.26409903713892,9.31506849315068,7.67123287671232,10.3561643835616,44.3894389438943,34.5399698340874,40.7205240174672,1.64805954279638,543,14.7329650092081,72.4422442244224,0.99009900990099,0,0.00987791064815494
10.473.07.01.,Ait Erkha,5096.0,977.0,5.21596724667349,97.5308641975308,1.54320987654321,93.0399181166837,38.2804503582395,91.5897435897435,5.88842975206611,10.6554160125588,8.28100470957613,9.1640502354788,44.5870670864616,37.3089519650655,9.9487929773226,0.75187969924812,1231,23.6393176279447,69.7167755991285,1.379811183732752,0,0.013791187030958238
10.473.07.03.,Anfeg,5071.0,1232.0,4.11607142857142,95.0940310711365,0.245298446443173,91.5447154471544,44.0650406504065,93.8211382113821,1.55482815057283,8.7556694931966,8.7556694931966,10.0966278840465,56.5861821659096,26.5322800326886,13.9630390143737,0.692612137203166,838,34.8448687350835,80.3968443700693,1.02797035620368,0,0.013723530108710602
10.473.07.05.,Boutrouch,3650.0,739.0,4.93910690121786,96.5986394557823,0.54421768707483,93.5047361299052,44.1136671177266,95.3615279672578,3.7292817679558,10.0273972602739,8.65753424657534,11.3424657534246,54.9528301886792,19.3422083007047,5.06072874493927,0.555041628122109,469,23.0277185501066,77.9649595687331,0.673854447439353,0,0.00987791064815494
10.473.07.07.,Ibdar,5091.0,1119.0,4.54959785522788,95.5895589558955,0.81008100810081,93.381037567084,58.3184257602862,95.049504950495,5.42986425339366,9.9783932429778,9.8408956982911,10.7051659791789,55.6481254594462,30.1668080294034,12.6522961574507,0.840618695359785,932,26.2875536480686,77.8049975502204,1.053405193532582,0,0.013777655646508711
10.473.07.09.,Sebt Ennabour,7212.0,1410.0,5.11489361702127,97.2222222222222,0.854700854700855,92.127659574468,9.71631205673759,90.0213827512473,5.28949249463902,10.2884082085413,9.8447032723239,10.7598447032723,54.1840277777777,38.7640449438202,20.1863354037267,0.812607732085693,1542,41.828793774319,76.7708333333333,1.1631944444444409,0,0.0195176689299982
10.473.07.11.,Sidi AbdallahOu Belaid,4702.0,875.0,5.37371428571428,96.8822170900692,0.115473441108545,92.2285714285714,0.0,87.8857142857142,0.688073394495413,10.9102509570395,10.102084219481,10.293492131008,53.1914893617021,37.5851393188854,18.3690280065897,0.519792083166733,991,16.9525731584258,78.2444803446419,0.565428109854604,0,0.012724913936335486
10.473.07.13.,Sidi H'Saine Ou Ali,6051.0,1289.0,4.69433669511249,97.0451010886469,0.46656298600311,90.7608695652173,64.2857142857142,89.3550893550893,5.51670551670551,9.25466864980994,8.69277805321434,8.34572797884647,45.0644641418211,42.5784753363228,7.58293838862559,1.26143172500788,1755,28.7179487179487,69.4058408862034,2.014098690835843,0,0.016375681460817956
10.473.07.15.,Sidi M'Bark,6094.0,1303.0,4.6768994627782,95.9167950693374,0.154083204930663,91.4746543778801,48.6943164362519,90.7478797224364,1.00308641975308,10.2559894978667,8.64785034460124,9.58319658680669,47.2076082557668,39.8577329050022,11.3989637305699,1.15273775216138,1539,19.8180636777128,73.0068798057466,1.335491703763658,0,0.016492051367083888
10.473.07.17.,Tighirt,6606.0,1345.0,4.91152416356877,94.5495836487509,2.04390613171839,89.8884758364312,67.5836431226765,93.0752047654504,5.46816479400749,9.15834090221011,9.11292764153799,9.71843778383288,49.7591700629862,27.8116459953752,37.339380196523,0.891891891891892,829,12.6658624849215,70.5686238192257,1.870716799407296,0,0.01787766513471549
10.521.01.01.,Tan Tan (Mun.),73052.0,16411.0,4.45140454573152,52.6867143209268,41.7611535617451,97.1538274012676,89.9865919063871,96.9144890197521,19.430959257666,10.18863275475,9.36456222964463,9.60411761484969,24.6890261541341,44.5837842015767,27.0966064230919,3.60516885655337,16821,9.7853873134772,47.2621154369725,4.291451129866586,1,0.19769893936137387
10.521.01.03.,El Ouatia (Mun.),9097.0,2372.0,3.83516020236087,34.5061466723187,47.7744807121661,86.7144664698439,81.7376634331505,97.1706081081081,29.585798816568,11.36638452237,8.93701220182477,8.11256458173024,18.6482758620689,63.4367321867321,8.32728152989591,1.58640226628895,3787,43.4644837602323,46.1655172413793,3.144827586206896,1,0.024619000867469994
10.521.03.01.,Msied,1225.0,194.0,6.31443298969072,90.3225806451613,2.1505376344086,32.9842931937172,4.71204188481675,92.1875,1.62162162162162,10.1224489795918,8.0,9.87755102040816,63.6726546906187,48.8662131519274,15.3132250580046,2.92207792207792,365,73.6986301369863,79.2622133599202,1.196410767696906,0,0.003315189190134192
10.521.03.03.,Tilemzoun,952.0,182.0,5.23076923076923,61.7142857142857,19.4285714285714,43.3333333333333,46.1111111111111,88.3333333333333,6.32183908045977,8.19327731092436,6.72268907563025,10.5042016806722,46.9135802469135,41.8309859154929,24.5791245791245,3.65591397849462,224,58.9285714285714,62.716049382716,5.679012345679,0,0.0025763755991900007
10.521.05.01.,Abteh,264.0,69.0,3.82608695652173,57.3529411764705,25.0,45.5882352941176,45.5882352941176,94.1176470588235,10.2941176470588,7.19696969696969,5.3030303030303,4.16666666666666,54.5454545454545,64.0909090909091,3.54609929078014,0.917431192660551,136,73.5294117647058,80.08658008658,2.16450216450216,0,0.0007144570989350422
10.521.05.03.,Ben Khlil,741.0,150.0,4.94,45.3488372093023,2.32558139534883,26.5306122448979,27.5510204081632,94.4055944055944,8.43373493975903,8.09716599190283,7.69230769230769,7.28744939271255,39.7435897435897,63.3333333333333,9.97229916897507,3.8781163434903,325,72.9230769230769,65.5448717948718,2.72435897435897,0,0.002005351175419948
10.521.05.05.,Chbika,324.0,94.0,3.44680851063829,7.44680851063829,4.25531914893617,10.6382978723404,0.0,94.6808510638297,0.0,8.95061728395061,3.7037037037037,6.17283950617283,53.3568904593639,66.1596958174905,2.29885057471264,3.00751879699248,170,56.4705882352941,70.6713780918728,0.706713780918728,0,0.0008768337123293699
11.121.01.01.,Boujdour (Mun.),42504.0,9511.0,4.46893071180738,60.3795589482612,33.3121289228159,95.3207150368033,75.3417455310199,97.5187414211804,17.1038713771948,11.036608319217,10.2437417654808,10.5684170901562,28.1683405069344,49.4907998757206,19.1336495535714,2.22551928783382,11593,27.1284395756059,52.8915986730027,4.139394482799844,1,0.11502759292854178
11.121.03.01.,Gueltat Zemmour,414.0,83.0,4.98795180722891,14.2857142857142,0.0,73.076923076923,73.076923076923,98.7341772151898,0.0,11.5942028985507,7.97101449275362,6.28019323671497,74.7747747747747,71.0097719869706,12.8440366972477,1.11731843575419,190,85.7894736842105,85.2852852852852,0.900900900900901,0,0.0011203986324208617
11.121.03.03.,Jraifia,950.0,352.0,2.69886363636363,2.87539936102236,0.0,7.9646017699115,7.66961651917404,79.2613636363636,0.319488817891374,0.315789473684211,0.421052631578947,0.526315789473684,42.9480381760339,95.9488272921108,2.44444444444444,3.27868852459016,878,94.3052391799544,79.8515376458112,0.31813361611877,0,0.0025709630454101894
11.121.03.05.,Lamssid,572.0,240.0,2.38333333333333,21.578947368421,0.0,20.0,16.8888888888888,95.3974895397489,1.53846153846153,3.67132867132867,1.57342657342657,1.92307692307692,37.8228782287822,89.6421845574388,14.0756302521008,6.5040650406504,409,81.9070904645476,75.6457564575645,0.7380073800738011,0,0.0015479903810259247
11.221.01.01.,Es-semara (Mun.),50016.0,11402.0,4.38659884230836,61.2421033899813,33.4371385354568,77.8001929655293,77.7826506446802,97.6297471142831,24.1936909074843,11.2384037108125,10.210732565579,10.4326615483045,21.2762166564854,46.0874669797475,26.563495096166,3.34122177209097,11531,1.32685803486254,43.4509264915495,5.095703522704131,1,0.13535714492551162
11.221.03.01.,Amgala,107.0,25.0,4.28,0.0,8.33333333333333,46.6666666666666,26.6666666666666,100.0,0.0,11.214953271028,11.214953271028,5.60747663551401,61.4457831325301,62.3376623376623,4.16666666666666,0.0,46,58.695652173913,84.3373493975903,1.20481927710843,0,0.0002895716272198845
11.221.03.03.,Haouza,169.0,48.0,3.52083333333333,47.2222222222222,0.0,10.0,10.0,91.6666666666666,0.0,9.46745562130177,5.91715976331361,4.14201183431952,44.7552447552447,67.6470588235294,20.6521739130434,5.6338028169014,73,67.1232876712328,79.020979020979,0.0,0,0.00045736079439402324
11.221.03.05.,Jdiriya,248.0,48.0,5.16666666666666,69.2307692307692,0.0,35.0,35.0,97.9166666666666,0.0,11.6935483870967,12.0967741935483,15.3225806451612,49.2063492063492,59.6026490066225,10.0,0.862068965517241,81,56.7901234567901,79.3650793650793,0.529100529100529,0,0.0006711566686965547
11.221.03.07.,Sidi Ahmed Laaroussi,269.0,76.0,3.53947368421052,67.6470588235294,11.7647058823529,59.7222222222222,36.1111111111111,93.3333333333333,5.88235294117647,6.69144981412639,4.46096654275093,5.57620817843866,50.2092050209205,55.8035714285714,39.2,10.4,76,55.2631578947368,69.8744769874477,1.673640167364014,0,0.0007279884833845694
11.221.03.09.,Tifariti,55.0,15.0,3.66666666666666,50.0,0.0,27.2727272727272,27.2727272727272,100.0,0.0,16.3636363636363,9.09090909090909,5.45454545454545,21.9512195121951,50.0,0.0,4.0,19,68.4210526315789,80.4878048780487,0.0,0,0.00014884522894480044
11.321.01.01.,El Marsa (Mun.),17505.0,4811.0,3.63853668675951,22.7099236641221,69.6352841391009,96.5689332501559,84.7369515491786,97.7195945945946,12.3519458544839,12.7392173664667,8.92316481005427,7.27792059411596,25.2589350838803,66.2673848380094,6.90282664078612,5.3763440860215,7674,34.9361480323169,54.5540727776562,1.5313935681470119,1,0.04737337695779512
11.321.01.03.,Laayoune (Mun.),212474.0,48049.0,4.42202751357988,46.5102502803224,47.1005141007468,96.9257347431521,85.2676713013071,97.7610062893081,23.8713222861007,10.6591865357643,8.94744768771708,8.73565706862957,18.9906618658704,52.4741550304097,33.3479360152201,4.42830454840062,53251,1.45912752812153,40.674413839534,4.66001229400228,1,0.5750134759057733
11.321.03.01.,Boukraa,558.0,200.0,2.79,2.55102040816326,24.4897959183673,2.01005025125628,1.50753768844221,97.9274611398963,11.6402116402116,16.4874551971326,6.0931899641577,3.584229390681,25.2314814814814,64.8058252427184,13.1086142322097,1.76211453744493,232,5.17241379310344,50.9259259259259,0.462962962962963,0,0.0015101025045672482
11.321.03.03.,Dcheira,509.0,148.0,3.43918918918918,81.3432835820895,0.0,32.8571428571428,4.28571428571428,95.2054794520547,1.51515151515151,8.25147347740668,5.50098231827112,3.7328094302554,44.874715261959,63.5714285714285,20.5992509363295,5.71428571428571,212,76.4150943396226,65.6036446469248,2.505694760820042,0,0.0013774949369618804
11.321.03.05.,Foum El Oued,1370.0,353.0,3.88101983002832,36.231884057971,12.1739130434782,84.3478260869565,47.8260869565217,97.4431818181818,10.7558139534883,12.4087591240875,8.90510948905109,6.64233576642335,25.9740259740259,56.6362715298885,21.4669051878354,2.52525252525252,439,42.3690205011389,53.6178107606679,3.153988868274578,0,0.003707599339170484
11.537.01.05.,Tarfaya (Mun.),7986.0,2092.0,3.81739961759082,41.549636803874,47.457627118644,97.6087996174079,95.8871353419416,98.1739548294089,17.0192307692307,11.1945905334335,9.4290007513148,8.37716003005259,24.3098280485881,58.7125220458553,19.5253829978972,2.9126213592233,2679,21.612541993281,46.90014197823,4.79570910238207,1,0.021612327242785025
11.537.03.03.,Daoura,1095.0,297.0,3.68686868686868,56.8904593639575,12.3674911660777,50.6993006993007,50.0,98.6486486486486,1.76678445229682,7.94520547945205,6.02739726027397,6.94063926940639,39.0658174097664,52.1939953810623,35.8407079646017,6.99432892249527,290,23.7931034482758,63.6942675159235,3.290870488322714,0,0.002963373194446482
11.537.03.05.,El Hagounia,151.0,28.0,5.39285714285714,40.0,0.0,44.4444444444444,44.4444444444444,75.0,0.0,7.28476821192053,2.64900662251655,7.94701986754966,60.2941176470588,74.1935483870967,8.69565217391304,1.28205128205128,84,96.4285714285714,72.7941176470588,4.41176470588234,0,0.0004086478103757249
11.537.05.01.,Akhfennir,2280.0,610.0,3.73770491803278,53.0956848030018,33.7711069418386,84.5217391304347,78.2608695652173,96.8852459016393,16.6666666666666,10.5263157894736,8.20175438596491,7.58771929824561,31.1386940097139,54.4047619047619,7.11159737417943,2.01207243460764,849,34.6289752650176,61.899622234214704,2.374527792768478,0,0.006170311308984456
11.537.05.07.,Tah,1516.0,366.0,4.14207650273224,78.9772727272727,10.2272727272727,39.275766016713,37.8830083565459,98.6301369863013,6.16246498599439,11.9393139841688,8.90501319261213,6.20052770448548,39.0833333333333,55.2441229656419,9.9836333878887,1.9578313253012,550,49.4545454545454,60.25,2.499999999999997,0,0.004102715765096682
12.066.01.03.,Lagouira (Mun.),,,,,,,,,,,,,,,,,0,,,,1,
12.066.03.03.,Aghouinite,,,,,,,,,,,,,,,,,0,,,,0,
12.066.03.05.,Aousserd,424.0,154.0,2.75324675324675,42.5742574257425,2.97029702970297,90.0763358778625,22.1374045801526,98.051948051948,20.5882352941176,4.95283018867924,4.48113207547169,2.59433962264151,34.6354166666666,82.8418230563002,5.8252427184466,2.77777777777777,291,49.828178694158,72.3958333333333,1.5625,0,0.0011474614013199161
12.066.03.07.,Tichla,40.0,14.0,2.85714285714285,10.0,10.0,41.6666666666666,16.6666666666666,100.0,0.0,0.0,0.0,0.0,50.0,100.0,0.0,,40,65.0,82.5,0.0,0,0.00010825107559621851
12.066.03.09.,Zoug,,,,,,,,,,,,,,,,,0,,,,0,
12.066.05.03.,Bir Gandouz,1932.0,608.0,3.17763157894736,38.0035026269702,11.2084063047285,58.9403973509933,53.9735099337748,97.6627712854758,20.2821869488536,6.2111801242236,4.6583850931677,4.60662525879917,22.6480836236933,83.7109614206981,5.70592538405267,3.09734513274336,1289,56.322730799069,55.2845528455284,3.774680603948888,0,0.005228526951297354
12.391.01.01.,Dakhla (Mun.),102098.0,25469.0,4.00871647885664,42.7313823459433,49.048298834166,94.3630435636563,94.7794319833444,98.1506415333438,20.8703586163122,12.1295226155262,10.0413328370781,9.2469979823307,21.0587924328814,57.5513060367604,12.4497493672142,3.83517279584096,35281,29.0212862447209,49.8804459993455,3.770355641690358,1,0.27630545790556793
12.391.05.01.,Bir Anzarane,824.0,234.0,3.52136752136752,63.7681159420289,0.483091787439614,5.0,1.81818181818181,98.2062780269058,0.478468899521531,0.0,0.0,0.0,13.4708737864077,99.5145631067961,0.121951219512195,0.0,819,91.086691086691,78.6407766990291,0.121359223300971,0,0.002229972157282101
12.391.05.03.,Gleibat El Foula,32.0,18.0,1.77777777777777,0.0,0.0,0.0,0.0,72.2222222222222,0.0,0.0,6.25,3.125,13.3333333333333,68.9655172413793,0.0,0.0,20,95.0,73.3333333333333,0.0,0,8.66008604769748e-05
12.391.05.05.,Mijik,,,,,,,,,,,,,,,,,0,,,,0,
12.391.05.07.,Oum Dreyga,19.0,7.0,2.71428571428571,0.0,0.0,0.0,0.0,100.0,0.0,0.0,0.0,0.0,10.5263157894736,100.0,0.0,,19,0.0,68.4210526315789,0.0,0,5.14192609082038e-05
12.391.09.01.,El Argoub,5503.0,1964.0,2.80193482688391,2.84384694932781,1.96483971044467,13.2201646090534,10.3909465020576,96.4176049129989,4.93506493506493,1.99890968562602,1.4537524986371,1.0539705615119,27.3258003766478,96.7649857278782,0.511307767944936,4.14746543778801,5059,91.8956315477367,65.4620741577263,0.470543948804819,0,0.014892641725149761
12.391.09.03.,Imlili,3149.0,917.0,3.4340239912759,98.1416957026713,0.0,1.37457044673539,1.26002290950744,97.5982532751091,1.04408352668213,0.158780565258812,0.222292791362337,0.190536678310575,46.1587503984698,99.3612264452251,0.225008036001286,0.0,3104,93.4600515463917,84.4118584635001,0.063755180108384,0,0.008522065926312302
