code24,sex,population24,age_0_4,age_5_9,age_10_14,pct_illiterate,pct_no_education,activity_rate,unemployment_rate,age_15_19,age_20_24,age_25_29,age_30_34,age_35_39,age_40_44,age_45_49,age_50_54,age_55_59,age_60_64,age_65_69,age_70_74,age_75plus,pct_disability,pct_single,pct_married,pct_divorced,pct_widowed,age_first_marriage,school_enrolment,pct_illiterate_15plus,edu_preschool,edu_primary,edu_lower_secondary,edu_upper_secondary,edu_higher,lang_darija,lang_tachelhit,lang_tamazight,lang_tarifit,lang_hassania,read_arabic,read_tifinagh,read_english,read_french,pct_employer,pct_self_employed,pct_public_employee,pct_private_employee,pct_family_worker,pct_apprentice,pct_partner,pct_status_other,pop_active_occupee,age_60plus,age_65plus
1511010,female,628338.0,8.1,9.0,8.5,20.1,29.7,29.7,17.7,7.3,8.7,9.2,9.1,8.2,7.0,5.8,4.8,3.9,3.9,2.5,1.7,2.1,3.7,31.0,57.2,5.0,6.8,25.8,96.2,22.3,1.2,25.2,17.5,13.8,12.6,98.4,2.4,1.2,4.8,0.1,99.2,1.0,22.4,55.9,1.5,6.8,10.4,78.4,0.7,0.3,0.7,1.3,114125.0,10.2,6.300000000000001
1511010,male,644380.0,8.5,9.4,8.8,8.9,23.0,74.3,14.4,7.5,8.4,9.0,9.3,8.2,7.1,5.6,4.8,3.6,3.5,2.6,1.9,1.9,3.6,42.6,54.9,1.8,0.7,32.1,95.6,9.9,1.6,26.4,21.7,15.0,12.4,98.5,2.6,1.5,4.5,0.1,99.3,1.0,20.5,53.2,3.2,20.3,7.1,63.1,0.6,0.7,2.7,2.3,300274.0,9.9,6.4
3231010,female,590140.0,6.8,8.4,9.0,26.8,32.8,19.7,26.0,8.3,7.8,6.7,7.2,7.3,7.4,6.4,5.8,4.9,5.1,3.4,2.6,2.9,5.0,29.2,56.6,5.2,8.9,25.5,96.1,29.8,1.7,22.6,15.5,13.9,13.6,98.7,2.0,1.3,0.9,0.1,99.5,0.6,22.7,61.4,1.8,10.4,23.5,58.8,1.0,1.0,1.0,2.6,65314.0,14.0,8.9
3231010,male,574341.0,7.6,9.2,9.8,14.2,22.1,64.8,21.4,8.6,7.5,6.3,6.9,6.9,7.0,6.0,5.5,4.7,4.9,3.6,2.8,2.6,5.0,39.6,57.2,2.2,1.0,32.8,95.9,15.9,2.0,28.7,19.4,14.8,13.1,98.6,1.9,1.3,0.8,0.1,99.4,0.5,20.1,58.0,3.4,26.7,13.1,46.0,0.8,2.5,3.6,3.9,214642.0,13.9,9.0
4421010,female,260634.0,4.2,5.6,6.4,15.7,21.8,33.1,17.2,6.4,6.9,6.6,6.6,6.6,7.1,7.1,7.0,6.9,6.8,5.5,4.3,6.1,4.5,33.2,48.5,6.6,11.7,28.3,96.0,16.8,1.1,18.0,13.7,18.9,26.4,96.8,7.8,2.9,0.9,0.2,97.5,1.4,36.4,76.4,3.7,8.3,31.5,52.1,0.8,0.3,0.7,2.6,59948.0,22.700000000000003,15.9
4421010,male,242741.0,4.8,6.3,7.4,6.1,12.9,61.5,18.8,7.2,7.4,7.1,6.8,6.3,6.7,6.5,6.9,6.3,6.1,5.0,4.1,5.1,3.8,42.3,52.6,3.5,1.6,35.1,96.5,6.6,1.3,20.6,16.8,21.1,27.4,96.3,8.0,3.3,0.8,0.3,97.3,1.6,35.6,77.0,6.1,20.6,25.1,40.2,0.5,0.9,2.9,3.9,98750.0,20.299999999999997,14.2
4441010,female,476246.0,6.5,7.6,8.0,20.7,27.0,26.5,25.6,7.3,7.7,7.5,7.8,7.5,7.3,6.7,6.2,5.4,5.3,3.6,2.6,3.0,4.1,29.7,56.4,5.3,8.6,26.1,97.3,22.7,1.9,20.4,16.7,17.8,16.2,98.4,7.3,3.1,0.6,0.1,99.2,1.1,29.4,68.8,1.1,10.3,28.6,55.5,0.8,0.5,1.0,2.2,73061.0,14.5,9.2
4441010,male,462617.0,7.1,8.4,8.6,9.0,16.9,66.0,18.9,7.7,7.4,6.9,7.6,7.2,7.2,6.3,6.0,5.2,5.2,3.9,2.8,2.6,4.0,39.4,57.3,2.4,1.0,33.2,96.3,9.8,2.3,23.7,19.7,21.5,15.9,98.4,7.7,3.4,0.5,0.1,99.0,1.2,27.5,68.9,2.3,25.1,26.4,38.8,0.6,1.2,2.9,2.7,187891.0,14.499999999999998,9.299999999999999
6141010,female,1627276.0,5.6,6.9,7.5,17.2,24.4,27.4,19.9,7.0,7.2,7.2,7.3,7.0,7.1,6.7,6.5,6.0,5.9,4.5,3.2,4.1,4.3,31.3,52.8,5.9,10.1,26.3,96.0,18.8,1.3,21.5,15.8,18.8,18.1,97.7,8.4,1.6,0.2,0.1,98.3,1.2,29.6,70.7,2.4,9.2,13.1,70.8,0.8,0.4,0.9,2.5,285629.0,17.700000000000003,11.8
6141010,male,1570056.0,6.3,7.7,8.3,7.2,15.2,65.0,18.6,7.7,7.4,7.2,7.3,6.9,6.9,6.4,6.3,5.6,5.4,4.2,3.2,3.2,3.9,41.4,54.7,2.8,1.1,33.5,95.3,7.8,1.6,24.4,19.5,21.3,17.9,97.6,9.0,1.9,0.2,0.1,98.3,1.5,28.3,70.8,4.4,24.4,9.4,53.3,0.5,0.8,3.2,4.0,645004.0,16.0,10.600000000000001
7351010,female,512654.0,6.1,7.5,8.2,18.8,25.0,25.6,24.3,7.8,7.8,7.6,7.7,7.1,7.0,6.5,6.1,5.4,5.3,3.7,2.8,3.3,4.1,32.0,52.7,6.0,9.3,26.1,96.7,20.8,1.9,21.4,16.9,17.9,16.8,97.7,14.8,2.4,0.1,0.2,98.7,1.4,32.1,70.9,2.3,11.1,20.6,62.2,0.6,0.5,0.9,1.8,77745.0,15.100000000000001,9.8
7351010,male,483989.0,6.9,8.5,9.2,8.4,16.0,66.4,18.0,8.3,7.5,6.9,7.3,6.7,6.8,6.1,5.8,5.1,5.2,3.9,3.0,2.8,3.8,40.9,55.6,2.5,1.0,33.0,96.4,9.3,2.3,24.5,19.6,20.3,17.3,97.7,14.8,2.6,0.1,0.2,98.7,1.6,32.8,71.5,4.3,27.5,14.2,46.2,0.7,1.3,2.9,3.0,198590.0,14.899999999999999,9.7
10510101,female,25315.0,5.9,7.7,7.9,25.9,33.7,20.5,24.8,6.5,6.4,7.0,7.3,7.6,7.3,6.3,6.4,5.9,6.6,4.3,3.2,3.9,4.5,33.3,53.5,3.5,9.7,26.3,95.8,28.5,1.4,22.5,13.7,13.9,14.8,68.5,1.1,2.0,85.9,0.1,99.0,2.6,24.3,62.7,1.4,8.7,52.4,35.2,0.3,0.1,0.5,1.3,3065.0,17.999999999999996,11.4
10510101,male,24246.0,6.8,8.4,8.6,11.2,19.7,68.6,16.3,6.8,6.4,6.9,8.1,7.3,7.9,6.1,5.7,5.0,5.6,4.3,2.8,3.3,4.5,43.8,54.0,1.1,1.1,35.4,96.3,12.3,1.9,25.1,18.3,15.7,19.2,73.6,1.5,2.5,82.9,0.2,98.8,2.4,23.4,65.5,4.2,24.4,29.7,36.2,0.9,0.3,2.9,1.4,10582.0,16.0,10.399999999999999
10510103,female,10096.0,7.6,9.4,9.3,41.0,45.9,10.3,40.0,7.2,6.8,6.4,6.5,7.1,7.0,6.2,6.4,5.8,5.5,3.6,2.4,2.9,4.6,33.5,56.7,3.5,6.3,24.8,93.0,46.1,0.9,23.1,12.8,8.9,8.4,29.7,0.6,1.8,94.2,0.3,98.3,4.2,18.0,49.6,2.5,5.5,55.9,31.2,1.2,0.8,0.0,3.0,459.0,14.4,8.9
10510103,male,9909.0,7.7,10.5,10.0,20.7,29.5,66.1,25.2,7.7,7.4,7.9,7.3,7.2,7.1,5.5,4.9,4.2,4.3,3.3,2.2,3.0,5.0,47.5,50.6,0.9,1.0,35.4,94.0,23.2,1.2,31.9,18.7,7.5,11.1,41.6,0.6,1.9,93.8,0.2,97.6,4.7,15.5,44.2,4.1,21.0,16.5,41.8,1.0,3.5,3.1,9.0,3519.0,12.8,8.5
10510105,female,17551.0,7.7,9.8,8.8,36.6,42.7,11.2,37.3,6.8,6.3,7.3,7.5,7.2,6.9,5.8,5.9,5.2,5.4,3.9,2.5,2.8,6.1,32.9,54.5,3.5,9.1,25.6,95.3,40.8,1.8,26.1,11.3,9.3,8.8,54.9,0.6,1.6,92.3,0.1,98.7,4.5,17.3,50.1,1.0,15.7,50.6,29.0,0.0,1.1,0.5,2.1,904.0,14.600000000000001,9.2
10510105,male,16946.0,8.0,10.7,9.9,17.3,27.2,68.9,21.9,7.1,6.7,7.5,7.3,7.8,7.1,6.1,5.1,4.1,4.4,3.3,2.2,2.5,6.4,44.3,53.5,1.2,0.9,35.2,94.5,19.5,1.9,30.5,18.9,9.4,12.1,67.6,1.1,2.3,90.0,0.2,98.5,3.6,14.3,46.0,3.5,30.8,20.4,36.3,1.5,1.7,2.8,3.1,6494.0,12.4,8.0
10510107,female,7148.0,7.9,9.8,9.9,29.2,36.6,15.7,27.7,8.2,7.0,8.3,7.5,7.9,6.9,5.6,4.8,4.6,4.2,3.1,1.9,2.5,4.1,31.2,54.4,4.4,10.0,25.3,98.8,33.2,1.1,26.4,13.3,9.8,12.9,96.0,0.8,0.5,12.3,0.0,99.5,0.5,24.3,66.2,1.0,10.1,54.1,34.1,0.7,0.0,0.0,0.0,589.0,11.700000000000001,7.5
10510107,male,7480.0,9.3,10.6,10.0,13.4,25.6,66.9,18.8,7.4,6.7,6.9,7.7,8.1,7.4,5.8,4.8,4.3,4.1,2.6,2.1,2.0,4.9,44.6,53.8,1.2,0.3,33.0,92.4,14.9,1.4,28.6,18.3,8.9,17.1,96.2,0.5,0.6,10.8,0.1,99.6,0.8,21.8,66.1,3.9,35.8,24.8,29.0,2.4,0.0,3.0,1.0,2821.0,10.799999999999999,6.7
10510109,female,2817.0,6.0,8.3,7.4,29.2,34.6,19.0,37.0,5.6,6.4,5.7,6.4,8.3,6.7,7.4,7.6,6.0,5.4,3.9,3.8,5.0,6.9,32.6,56.5,2.8,8.2,25.2,96.2,32.0,1.7,26.2,12.7,12.0,12.7,76.2,1.5,1.6,90.5,0.4,99.4,2.5,26.5,66.2,0.4,8.7,51.1,37.1,1.1,0.8,0.8,0.0,264.0,18.1,12.7
10510109,male,2791.0,6.7,9.3,8.3,12.8,20.0,68.2,22.3,6.9,6.1,6.0,6.3,7.0,7.9,7.3,6.0,5.9,5.2,4.2,3.0,4.0,6.8,44.7,53.3,1.0,0.9,35.3,95.0,14.1,1.5,29.5,19.7,13.7,15.7,86.9,2.2,1.9,88.6,0.4,99.3,3.0,22.2,69.2,3.7,24.0,26.8,40.5,0.9,0.2,2.1,1.8,1118.0,16.4,11.2
10510301,female,4228.0,6.3,6.9,7.9,51.8,55.7,8.6,68.2,7.0,6.6,6.8,7.2,6.4,6.5,6.4,6.6,6.5,6.7,4.5,2.9,4.7,7.8,39.2,52.5,0.8,7.5,26.2,94.3,56.9,0.2,21.8,9.3,6.1,6.9,99.1,0.2,0.2,1.4,0.0,100.0,0.3,12.7,39.8,0.0,3.3,51.6,36.3,3.3,1.1,0.0,4.4,91.0,18.8,12.100000000000001
10510301,male,4159.0,6.9,7.9,8.7,27.4,39.8,60.1,37.5,8.4,6.9,6.7,8.0,7.6,6.3,5.3,4.6,5.0,6.0,4.5,3.1,4.1,8.8,47.3,51.1,0.6,1.0,35.9,95.5,30.4,0.3,26.3,15.5,8.6,9.4,98.9,0.3,0.5,1.0,0.0,99.7,0.2,9.6,37.1,0.5,18.5,18.1,34.0,3.1,0.5,1.3,23.9,1191.0,17.7,11.7
10510303,female,3821.0,7.6,10.0,10.9,49.8,52.1,2.7,13.7,8.7,6.7,7.3,6.8,7.2,6.4,4.9,5.2,4.3,5.0,3.3,2.7,3.1,5.4,39.6,53.3,0.8,6.2,25.7,98.4,57.1,0.4,29.2,8.9,5.2,4.3,98.9,0.2,0.2,0.7,0.1,99.8,0.2,12.0,34.1,0.0,3.2,23.8,17.5,49.2,0.0,0.0,6.3,63.0,14.1,9.1
10510303,male,3920.0,8.6,11.0,11.2,26.0,39.5,58.6,7.6,9.4,7.3,6.9,7.2,7.3,6.1,4.9,4.2,4.1,4.2,3.0,1.8,2.7,4.8,49.6,49.4,0.6,0.4,35.0,97.8,30.1,0.4,32.6,16.1,6.5,4.9,99.3,0.1,0.1,0.5,0.1,99.9,0.1,7.2,27.1,0.3,65.9,6.3,8.0,10.2,0.2,2.9,6.1,1467.0,11.7,7.5
10510305,female,3460.0,9.3,10.9,10.3,52.8,58.0,3.0,28.8,8.6,6.2,7.5,8.4,7.3,5.5,5.2,4.3,4.5,4.0,3.1,2.0,2.7,6.0,36.3,55.3,1.2,7.3,27.9,96.0,60.2,0.4,28.0,8.3,3.6,1.8,99.2,0.6,0.0,0.3,0.1,99.8,0.2,7.2,40.3,3.8,17.3,17.3,13.5,38.5,0.0,7.7,1.9,52.0,11.8,7.8
10510305,male,3754.0,9.4,10.7,9.8,26.9,51.5,68.9,21.9,7.9,8.2,8.1,9.0,8.7,6.3,4.4,3.3,3.1,3.9,3.0,2.0,2.2,5.7,49.9,48.8,0.6,0.7,35.4,94.6,30.4,0.6,25.3,14.7,3.8,4.0,99.3,0.7,0.0,0.3,0.0,99.8,0.3,7.9,38.2,0.2,59.1,5.5,13.5,13.7,0.0,7.3,0.6,1417.0,11.100000000000001,7.2
10510307,female,3972.0,7.4,9.2,8.9,56.5,56.7,2.8,65.1,7.2,5.9,6.4,6.1,5.9,6.5,6.2,5.5,6.0,6.4,4.8,2.9,4.8,9.6,36.5,54.1,1.3,8.1,23.3,96.2,62.9,0.3,27.3,8.7,3.8,3.2,97.5,0.3,0.8,29.5,0.0,100.0,0.1,11.5,47.8,0.0,6.9,51.7,20.7,13.8,0.0,0.0,6.9,29.0,18.9,12.5
10510307,male,4087.0,8.0,9.1,9.6,33.1,39.5,63.8,21.9,7.0,6.6,7.4,6.9,7.0,5.8,5.3,5.7,5.7,5.4,4.4,2.5,3.4,8.4,45.2,52.4,1.3,1.1,34.1,94.7,37.3,0.5,31.4,17.5,5.5,5.6,98.3,0.1,0.9,25.6,0.0,99.6,0.6,8.2,46.2,0.5,36.0,7.1,28.2,5.8,0.3,4.2,18.0,1490.0,15.700000000000001,10.3
10510703,female,3593.0,9.2,11.4,11.8,52.5,53.0,19.4,3.8,10.3,7.3,6.1,6.7,6.1,5.6,5.4,5.1,4.1,3.6,2.5,2.1,2.5,6.5,30.2,61.1,1.5,7.2,24.6,96.8,61.3,0.6,31.8,9.4,3.3,1.9,95.2,0.1,0.0,0.1,0.1,99.6,0.4,9.5,45.5,0.0,33.9,1.3,2.2,61.2,0.0,1.3,0.0,454.0,10.7,7.1
10510703,male,3987.0,8.7,11.4,11.9,25.6,35.9,68.1,8.6,9.6,7.4,6.8,8.3,7.2,6.1,5.0,4.7,3.2,2.9,2.7,2.1,2.2,6.7,44.7,54.0,0.7,0.7,33.6,96.1,29.7,0.5,40.3,16.1,3.9,3.3,95.0,0.2,0.0,0.2,0.0,99.8,0.2,6.0,43.9,0.0,66.8,3.3,8.1,18.3,0.5,2.7,0.3,1685.0,9.899999999999999,7.000000000000001
10510705,female,2752.0,9.3,11.5,9.8,54.1,53.3,4.8,8.7,8.1,5.7,6.0,6.7,8.1,7.1,5.2,4.9,4.0,5.1,3.5,2.2,2.7,7.7,29.5,62.6,1.3,6.7,25.3,97.6,61.7,1.9,27.9,8.5,3.3,5.2,72.0,0.4,0.9,92.7,0.1,99.4,0.2,21.0,62.1,0.0,6.0,29.8,25.0,38.1,0.0,0.0,1.2,84.0,13.5,8.4
10510705,male,2828.0,10.3,13.7,12.1,29.7,38.8,67.6,7.9,7.5,6.3,6.4,6.0,7.3,6.8,5.3,3.9,3.3,3.6,2.8,1.9,2.7,7.7,39.6,59.1,0.6,0.7,32.9,98.4,35.0,2.2,32.6,15.3,4.4,6.8,76.0,0.4,1.0,93.4,0.0,99.4,0.5,15.8,56.1,0.4,51.9,11.3,15.4,8.5,0.0,10.7,1.9,1124.0,11.0,7.3999999999999995
10510707,female,2640.0,10.2,11.3,12.4,50.3,52.2,20.3,1.4,9.8,7.0,7.0,7.0,5.7,5.4,4.9,4.8,3.9,3.5,2.7,2.0,2.2,4.0,34.9,56.4,0.9,7.8,27.1,97.6,59.5,0.3,31.7,10.5,3.3,2.1,95.5,0.6,0.1,13.1,0.1,99.5,0.5,8.4,30.8,0.0,12.0,2.0,2.3,83.7,0.0,0.0,0.0,350.0,10.399999999999999,6.9
10510707,male,2761.0,9.3,11.6,11.3,28.4,42.3,77.6,5.4,9.5,8.5,6.8,8.2,7.0,6.0,4.3,4.4,3.9,3.5,2.5,1.6,1.6,5.3,46.3,52.4,0.7,0.6,33.8,95.7,33.0,0.3,33.8,16.4,4.1,3.2,95.3,0.4,0.1,14.0,0.0,99.4,0.5,6.8,29.9,0.0,64.2,3.6,1.8,29.7,0.0,0.1,0.7,1371.0,9.2,5.699999999999999
10510711,female,3089.0,9.0,9.3,9.3,47.1,51.4,7.2,29.0,7.6,7.8,7.3,8.0,6.8,6.5,5.6,5.0,5.1,4.4,3.1,2.4,2.8,9.0,34.1,56.1,1.3,8.4,27.9,97.0,53.0,1.2,25.8,12.2,4.4,5.0,84.8,0.1,16.3,0.2,0.1,99.6,0.7,9.8,38.7,0.0,14.8,19.1,2.6,58.3,0.0,0.0,5.2,115.0,12.7,8.3
10510711,male,3406.0,9.7,9.3,8.7,17.5,31.0,67.1,17.3,7.5,7.2,8.0,10.6,8.4,7.1,4.0,5.0,3.9,3.3,3.3,1.8,2.3,9.3,47.7,50.6,0.9,0.7,34.9,98.3,19.5,0.7,32.6,24.0,5.0,6.6,83.3,0.1,15.4,0.1,0.0,99.8,0.2,7.3,35.0,0.5,55.8,4.9,3.7,22.7,0.1,0.8,11.5,1368.0,10.7,7.3999999999999995
10510719,female,4203.0,7.4,9.4,10.1,41.0,49.0,5.2,13.2,8.9,6.6,5.7,7.0,7.7,6.6,6.3,5.6,5.1,4.6,3.6,2.3,3.0,7.1,37.7,52.1,2.0,8.2,25.4,94.3,46.4,0.3,28.8,11.2,4.8,5.9,80.9,0.5,0.3,6.9,0.0,99.5,0.6,8.6,27.0,0.7,10.1,44.2,17.4,26.1,0.0,0.0,1.4,138.0,13.5,8.9
10510719,male,4257.0,9.1,10.9,10.5,25.3,36.6,61.0,18.6,8.3,7.0,6.2,6.7,7.1,7.0,5.1,5.2,4.1,4.2,3.5,2.3,2.7,7.7,45.7,52.2,1.3,0.8,35.1,97.1,28.8,0.3,30.9,17.8,5.6,8.9,81.5,0.3,0.2,4.7,0.1,99.6,0.3,8.9,30.7,0.3,41.2,13.0,32.6,10.6,0.1,1.4,0.8,1466.0,12.7,8.5
10510721,female,1442.0,8.9,12.0,11.0,57.0,57.1,30.6,1.3,7.1,5.9,5.1,6.9,7.4,6.8,5.9,5.2,4.6,5.2,2.9,2.6,2.6,11.3,32.1,57.4,3.2,7.3,26.9,98.1,65.9,1.0,25.5,7.6,4.4,4.3,56.0,0.0,1.0,98.2,0.0,99.2,0.8,25.3,83.1,0.0,17.2,1.0,2.4,78.5,0.0,1.0,0.0,297.0,13.299999999999999,8.1
10510721,male,1314.0,9.9,12.6,11.0,33.7,42.3,74.0,5.9,8.4,7.8,6.2,6.4,7.6,6.2,5.0,3.3,4.6,3.6,2.7,1.9,2.7,10.9,42.8,55.3,1.6,0.3,33.0,97.3,39.0,2.7,29.8,16.2,4.3,4.6,77.1,0.2,0.6,97.7,0.2,99.6,0.3,17.7,77.6,0.5,56.0,5.3,10.4,22.7,0.0,4.9,0.2,607.0,10.900000000000002,7.3
10510727,female,2673.0,10.6,11.0,10.3,48.3,50.4,4.4,25.0,8.2,7.5,7.5,6.8,6.4,6.2,5.9,5.2,4.2,3.9,2.3,2.2,1.7,8.3,34.6,57.0,2.0,6.4,25.5,95.4,55.5,1.6,30.2,10.1,3.9,3.9,97.5,0.3,0.0,2.2,0.0,99.6,0.4,5.2,20.9,0.0,10.0,25.0,11.7,50.0,0.0,1.7,1.7,60.0,10.099999999999998,6.2
10510727,male,2928.0,10.2,10.8,10.6,28.3,39.5,68.9,45.8,8.2,7.7,8.0,7.8,8.6,6.4,4.5,4.7,3.2,3.3,2.5,1.9,1.7,7.2,49.6,49.2,0.8,0.4,34.8,93.8,32.4,1.8,32.4,16.5,4.4,5.5,98.0,0.2,0.0,1.1,0.0,99.5,0.4,3.5,16.2,0.9,43.4,7.2,32.0,9.9,0.1,4.3,2.0,746.0,9.399999999999999,6.1000000000000005
10510901,female,11244.0,10.2,10.3,9.5,53.6,56.4,10.8,11.6,7.7,7.5,7.4,8.1,7.4,6.1,5.1,4.8,4.0,4.6,3.0,2.0,2.3,7.0,25.4,64.7,2.0,7.9,22.3,91.3,60.3,1.3,26.5,9.0,3.8,2.9,98.1,4.9,0.1,28.7,0.0,99.9,0.1,5.8,27.5,0.0,26.1,8.3,11.9,53.6,0.0,0.0,0.0,751.0,11.899999999999999,7.3
10510901,male,13191.0,9.4,9.7,8.8,22.4,39.9,70.9,11.8,7.2,7.7,8.8,9.7,8.9,7.5,5.2,4.8,3.4,3.3,2.4,1.5,1.6,6.1,46.9,51.3,1.0,0.8,35.2,96.2,24.5,1.1,30.2,17.4,6.2,5.2,98.7,5.1,0.3,28.0,0.1,99.8,0.4,5.6,25.9,2.1,64.9,4.1,11.0,17.2,0.2,0.4,0.1,5944.0,8.799999999999999,5.5
10510909,female,4149.0,10.3,11.2,12.4,51.2,52.8,11.2,6.8,9.7,6.9,6.6,6.2,6.5,4.7,5.0,5.2,3.6,3.8,3.2,2.1,2.7,7.4,25.5,64.3,1.9,8.3,23.8,96.5,60.3,0.6,30.7,10.7,3.5,1.8,98.1,2.5,0.1,0.4,0.1,99.9,0.1,5.8,44.8,0.3,19.2,4.9,16.8,58.0,0.0,0.3,0.3,286.0,11.8,8.0
10510909,male,4760.0,9.8,11.3,12.7,25.1,34.7,61.9,16.7,9.5,7.9,7.5,7.2,6.8,5.2,4.6,4.8,3.8,3.1,2.6,1.6,1.8,7.2,44.9,53.9,0.6,0.6,33.1,95.6,29.3,0.8,41.7,15.7,4.5,2.6,98.5,0.4,0.0,0.0,0.1,99.9,0.0,5.0,41.8,1.6,41.1,5.8,25.8,9.4,0.4,0.3,15.6,1626.0,9.100000000000001,6.0
10510913,female,8336.0,11.2,11.4,9.9,43.5,50.9,9.2,34.7,8.3,7.9,7.9,8.3,7.2,6.2,5.3,3.7,3.7,3.5,2.6,1.5,1.3,6.4,29.7,60.9,2.3,7.1,25.0,91.9,49.3,0.4,28.2,12.2,4.8,3.6,95.9,2.7,1.2,16.9,0.0,98.7,1.3,6.5,28.0,1.4,9.9,18.3,22.3,19.9,0.0,25.0,3.1,339.0,8.9,5.3999999999999995
10510913,male,9496.0,10.9,11.2,9.6,16.4,39.8,72.3,18.8,7.6,7.6,7.9,9.0,8.7,7.5,5.5,4.1,3.3,2.9,2.3,1.1,0.9,6.2,45.5,53.5,0.7,0.3,33.4,91.7,18.6,0.5,29.3,20.0,6.3,4.2,95.8,3.1,1.9,17.8,0.0,99.3,1.3,7.6,28.1,5.3,35.4,5.1,27.4,7.2,0.1,14.2,5.3,3800.0,7.199999999999999,4.3
10510915,female,7858.0,9.1,9.7,9.3,46.3,49.4,9.7,46.7,7.3,7.6,8.0,8.7,8.7,6.7,5.3,4.0,4.0,4.4,2.6,2.1,2.3,6.6,30.6,58.3,2.1,9.0,27.5,97.2,52.0,0.9,29.6,10.7,5.4,4.0,98.9,0.6,0.1,0.1,0.0,100.0,0.0,3.8,33.3,0.0,20.9,18.1,16.0,43.4,0.0,1.5,0.0,293.0,11.399999999999999,7.0
10510915,male,8830.0,9.3,8.8,9.0,18.1,37.7,77.4,41.1,7.1,7.4,8.3,10.0,10.0,8.2,5.9,4.5,3.3,3.3,2.1,1.4,1.5,6.0,46.3,51.3,1.4,1.0,34.9,96.7,20.1,1.1,31.3,19.6,5.4,5.0,98.8,0.2,0.1,0.3,0.1,99.9,0.1,4.0,28.4,0.8,66.5,3.4,11.0,15.6,0.0,2.4,0.3,2940.0,8.3,5.0
10510917,female,4380.0,10.7,11.8,9.8,44.7,54.2,2.1,34.9,8.2,7.9,7.6,8.6,6.7,6.2,4.9,3.7,3.9,4.2,2.6,1.8,1.6,5.5,30.0,61.2,1.1,7.7,25.7,94.5,51.0,0.7,25.5,11.4,4.4,3.8,99.2,6.4,20.4,41.7,0.0,99.4,0.8,8.7,25.0,2.4,9.8,53.7,22.0,7.3,0.0,2.4,2.4,41.0,10.200000000000001,6.0
10510917,male,4977.0,10.1,11.0,10.1,22.3,47.4,48.0,43.7,8.2,7.4,8.3,9.2,8.3,7.0,5.0,3.7,3.3,3.3,2.2,1.4,1.3,6.3,46.1,52.7,0.8,0.4,33.7,92.9,25.2,0.6,25.4,15.9,5.2,5.5,99.1,6.8,18.9,45.2,0.1,99.5,0.5,7.8,21.3,5.6,25.2,6.3,11.0,13.0,0.0,10.8,28.1,925.0,8.200000000000001,4.9
10510923,female,2069.0,8.4,9.0,10.3,57.4,57.7,5.6,90.5,8.3,6.4,6.0,5.3,4.8,4.9,6.5,6.0,5.5,5.8,4.7,3.7,4.3,10.3,22.4,64.8,2.1,10.7,22.1,96.6,65.3,0.6,29.0,9.0,2.3,1.4,80.6,1.5,16.4,0.3,0.0,99.6,0.4,1.9,25.1,0.0,0.0,50.0,50.0,0.0,0.0,0.0,0.0,8.0,18.5,12.7
10510923,male,2047.0,9.7,9.5,10.3,26.6,34.9,51.4,79.1,6.7,5.1,5.3,7.1,7.8,6.6,6.1,6.0,4.9,4.3,4.2,3.2,3.2,11.0,38.1,59.8,1.1,1.0,34.7,97.3,30.1,0.5,44.8,13.7,4.1,2.0,79.2,0.3,16.1,0.3,0.0,99.6,0.4,2.2,20.1,0.0,16.8,29.0,36.1,3.2,0.0,7.1,7.7,155.0,14.899999999999999,10.600000000000001
10510925,female,6107.0,10.0,10.5,11.0,50.8,53.9,5.6,78.1,8.7,7.2,7.4,8.5,7.9,5.5,4.4,4.3,3.6,4.5,3.0,1.8,1.6,6.4,27.9,60.6,1.2,10.2,25.5,97.0,58.8,0.8,28.9,10.6,3.9,1.9,98.3,0.2,0.0,0.2,0.0,100.0,0.0,4.7,22.2,0.0,34.9,17.5,47.7,0.0,0.0,0.0,0.0,52.0,10.9,6.4
10510925,male,6749.0,9.3,9.9,9.7,22.3,45.0,61.6,26.5,7.8,8.2,8.1,10.1,9.2,7.2,4.9,3.6,3.0,3.2,2.5,1.5,1.6,7.5,48.5,50.3,0.3,0.9,34.4,95.9,25.1,0.4,29.1,16.6,5.1,3.7,97.7,0.3,0.0,0.2,0.0,100.0,0.0,6.9,21.9,1.0,64.4,5.0,23.6,4.3,0.0,0.4,1.1,2173.0,8.8,5.6
10511101,female,3786.0,7.6,10.0,8.4,44.2,46.8,6.9,51.0,6.4,6.4,6.8,6.5,7.3,5.7,6.2,5.8,5.9,6.3,4.4,2.3,4.1,5.7,32.6,56.4,2.4,8.6,18.0,98.0,49.2,1.5,25.8,11.5,7.6,6.8,30.9,1.5,1.1,83.4,0.3,96.0,9.4,15.9,48.5,0.0,4.2,66.3,27.4,0.0,0.0,0.0,2.1,95.0,17.1,10.8
10511101,male,3675.0,8.7,11.2,10.1,20.8,26.5,67.7,36.1,6.3,5.0,5.8,7.8,7.2,7.5,6.2,5.6,4.7,4.7,3.8,2.6,3.0,5.9,40.2,58.0,1.1,0.7,31.9,98.2,23.6,1.6,35.1,19.3,10.0,7.5,38.5,1.9,1.6,81.6,0.3,97.2,8.8,12.2,46.3,4.4,13.5,37.2,28.9,0.5,0.5,2.6,12.5,1106.0,14.1,9.4
10511107,female,2531.0,5.5,8.2,9.0,56.0,55.6,4.9,50.0,6.5,6.3,5.3,5.6,7.1,6.2,7.6,6.8,6.2,7.0,5.2,3.2,4.2,8.3,38.7,50.2,2.1,8.9,26.0,97.3,62.5,1.0,23.4,8.5,4.7,6.9,44.0,0.0,0.6,98.3,0.2,98.9,1.6,16.9,50.8,0.0,0.0,58.3,39.6,2.1,0.0,0.0,0.0,48.0,19.599999999999998,12.600000000000001
10511107,male,2335.0,6.8,10.3,9.5,32.9,37.2,59.9,58.7,6.6,6.1,5.7,5.1,6.7,6.1,6.6,6.4,5.4,5.4,4.8,3.7,4.9,10.4,44.9,53.3,0.9,0.9,37.2,97.3,36.9,1.3,34.1,13.8,6.3,7.3,71.4,0.2,1.0,97.7,0.3,98.5,2.1,11.6,47.2,0.2,22.0,21.7,47.5,3.8,0.0,3.1,1.7,423.0,18.799999999999997,13.4
10511109,female,2399.0,6.6,9.5,9.4,46.5,47.6,5.0,13.5,6.6,6.3,5.7,6.7,6.8,7.1,7.1,6.8,5.3,5.8,3.7,3.3,3.3,5.5,32.8,58.2,2.2,6.8,25.1,98.7,52.2,0.9,28.5,9.6,6.0,7.4,70.7,0.2,1.2,93.5,0.3,99.1,1.6,19.6,42.7,0.0,6.5,71.4,19.5,2.6,0.0,0.0,0.0,77.0,16.1,10.3
10511109,male,2319.0,7.3,10.5,9.9,24.6,30.6,59.2,17.1,8.2,6.0,6.5,5.6,6.8,5.7,6.0,5.6,5.8,5.3,4.4,2.3,4.1,6.3,43.0,55.1,1.3,0.6,34.5,97.3,27.8,1.0,32.1,18.2,8.5,9.7,81.4,0.3,1.6,94.1,0.1,99.0,2.0,15.6,41.9,0.1,34.6,16.1,41.0,2.7,0.7,1.3,3.4,821.0,16.1,10.8
10511115,female,3237.0,8.2,10.0,9.5,35.9,42.9,8.7,33.0,6.7,6.2,6.1,8.2,7.2,6.3,4.9,5.6,5.0,5.7,4.8,2.4,3.3,4.2,29.7,59.2,2.5,8.6,24.0,98.5,40.4,0.6,30.2,12.0,8.6,5.6,62.6,0.6,10.5,84.5,0.1,98.6,1.6,12.7,45.0,1.5,17.6,47.8,28.7,2.2,0.0,2.2,0.0,136.0,16.2,10.5
10511115,male,3108.0,8.3,10.8,9.1,21.1,28.5,60.2,15.6,6.9,6.1,6.4,7.1,8.3,7.1,5.4,5.1,5.2,4.7,4.2,2.6,2.7,4.8,40.0,58.3,0.8,0.9,33.8,94.7,23.5,0.8,35.4,18.3,8.9,8.0,72.8,0.8,11.9,82.9,0.2,99.4,1.1,10.2,45.8,1.1,37.5,19.8,37.1,0.9,0.3,2.9,0.5,1133.0,14.2,9.5
10511121,female,3623.0,7.1,9.1,7.8,54.3,55.2,4.8,21.1,6.8,6.2,5.2,6.1,6.9,6.5,7.1,5.9,5.7,6.6,4.9,3.3,4.9,8.3,38.6,50.6,1.6,9.2,21.1,97.9,59.8,1.0,24.0,8.6,5.7,5.6,48.1,0.3,0.9,95.5,0.2,99.2,0.6,16.7,54.1,0.0,11.4,48.6,35.2,0.0,0.0,4.8,0.0,105.0,19.700000000000003,13.1
10511121,male,3215.0,7.9,10.6,9.6,30.8,38.0,57.5,28.9,6.7,6.1,5.5,6.6,6.6,6.4,6.1,5.1,5.0,5.3,4.2,3.4,4.8,9.3,40.7,57.1,0.9,1.3,35.4,97.3,34.7,1.2,30.7,17.6,5.9,6.7,61.3,0.2,0.8,96.4,0.2,99.3,0.7,11.7,51.0,0.8,37.2,16.5,39.6,0.1,0.2,1.7,3.8,944.0,17.7,12.399999999999999
10511125,female,2162.0,8.7,10.3,11.0,57.8,60.9,3.4,58.8,7.3,5.4,5.7,6.7,7.6,7.0,5.5,6.2,5.0,4.9,3.9,1.7,3.1,7.5,35.9,54.3,1.6,8.3,24.4,96.4,66.4,0.0,25.6,7.7,3.2,2.5,18.0,0.0,0.9,97.8,0.1,99.6,0.8,8.8,39.5,0.0,9.5,19.0,52.4,19.0,0.0,0.0,0.0,21.0,13.6,8.7
10511125,male,1988.0,9.5,13.8,10.7,38.4,47.5,67.6,19.2,7.2,5.7,6.1,6.8,7.8,7.0,4.9,4.5,3.4,4.0,3.4,2.4,2.7,9.4,41.6,56.3,1.4,0.6,31.9,96.7,44.0,0.3,34.8,11.2,3.0,3.2,29.9,0.1,1.1,97.6,0.0,99.0,0.9,6.2,34.0,0.3,59.0,7.6,27.4,4.6,0.3,0.7,0.1,715.0,12.5,8.5
10511303,female,6921.0,6.2,8.8,8.2,41.8,47.1,7.4,25.6,6.2,6.1,6.7,7.0,6.8,7.7,6.5,6.7,6.4,6.3,4.0,2.9,3.5,5.2,35.7,54.4,2.3,7.6,25.4,97.0,46.1,1.1,28.4,10.1,6.7,6.5,25.5,0.4,1.5,95.7,0.2,99.0,0.9,7.7,28.9,0.7,6.8,39.5,38.1,1.7,1.7,5.4,6.1,294.0,16.700000000000003,10.4
10511303,male,6890.0,7.3,9.2,8.8,21.3,28.7,60.6,18.1,7.0,6.8,7.0,7.3,7.0,7.5,5.7,6.0,4.8,5.3,4.4,2.8,3.0,6.6,47.9,50.8,0.7,0.7,36.0,97.5,23.4,1.0,34.1,18.1,8.7,9.4,31.8,0.5,1.5,95.1,0.2,99.0,1.2,6.6,30.0,1.7,26.8,12.0,38.9,1.1,5.6,5.9,7.9,2550.0,15.5,10.2
10511305,female,1949.0,7.5,9.1,8.8,62.0,60.4,0.7,0.0,6.1,5.4,6.5,6.1,7.1,7.8,6.0,6.8,6.8,6.1,4.7,1.8,3.4,11.8,38.5,52.6,2.1,6.8,27.7,97.1,69.1,0.9,28.3,6.2,2.5,1.7,19.2,0.3,1.2,97.8,0.5,98.5,1.5,8.1,40.7,0.0,20.0,50.0,30.0,0.0,0.0,0.0,0.0,10.0,16.0,9.9
10511305,male,1849.0,7.7,9.1,10.5,36.7,42.5,65.7,19.4,6.8,6.0,6.5,7.4,7.3,7.4,5.9,5.1,5.2,5.0,5.1,1.9,2.8,10.7,44.8,53.6,0.7,1.0,35.5,97.5,41.7,1.1,32.7,13.8,4.7,5.2,40.8,0.2,1.0,97.6,0.3,98.9,1.6,9.9,43.8,0.1,52.5,9.7,24.2,7.3,0.3,2.0,3.9,711.0,14.8,9.8
10511311,female,1753.0,8.3,12.2,8.2,62.6,61.1,6.4,23.8,7.5,6.8,6.2,6.9,7.9,7.6,5.3,4.7,4.2,6.3,3.6,1.8,2.4,7.4,39.8,54.8,0.7,4.7,28.3,90.4,69.2,0.3,28.9,6.3,2.8,0.6,7.2,0.0,0.5,98.7,0.3,96.6,3.4,3.1,27.6,0.0,62.3,0.0,4.9,29.5,0.0,1.6,1.6,61.0,14.100000000000001,7.800000000000001
10511311,male,1537.0,10.5,11.1,9.4,42.3,51.0,63.9,34.7,7.4,7.2,8.0,6.4,6.1,7.9,6.5,4.0,4.3,3.5,4.0,1.6,2.2,6.3,42.4,56.1,0.9,0.6,33.8,95.7,47.8,0.3,29.5,12.4,3.4,3.4,16.5,0.0,1.2,98.3,0.2,97.4,2.6,4.0,29.2,0.2,62.0,7.9,12.4,7.5,0.0,1.8,8.1,442.0,11.3,7.8
10511313,female,3602.0,5.9,7.9,8.0,52.5,53.9,8.4,64.4,7.2,6.2,5.4,5.5,6.5,6.5,7.4,7.3,7.4,6.3,4.6,3.3,4.4,8.3,39.9,49.5,1.4,9.2,22.1,89.7,57.8,0.8,25.9,9.5,4.7,5.1,37.4,0.0,1.3,97.7,0.1,98.9,1.7,7.8,49.8,0.0,2.4,27.4,14.3,11.9,0.0,33.3,10.7,84.0,18.6,12.3
10511313,male,3380.0,6.5,10.4,8.9,28.2,35.2,57.3,51.2,7.3,6.4,6.6,6.9,6.8,6.9,5.9,6.2,5.0,4.9,4.1,3.0,4.3,9.3,47.6,49.7,1.4,1.4,36.7,87.7,31.3,1.2,32.0,16.9,5.9,8.9,53.5,0.0,1.8,96.1,0.1,99.2,1.7,6.8,46.7,0.6,15.5,18.3,20.1,0.9,0.0,5.9,38.8,698.0,16.3,11.399999999999999
10511317,female,2154.0,7.3,10.7,8.9,49.2,49.1,2.5,56.4,5.7,5.7,6.5,6.6,6.4,7.1,5.8,7.4,5.6,6.8,3.8,2.6,3.2,6.5,31.3,55.7,2.0,11.0,23.4,97.8,54.9,1.6,31.9,9.1,4.1,4.2,28.2,0.0,0.4,99.0,0.2,97.4,3.0,3.2,41.5,0.0,0.0,64.7,35.3,0.0,0.0,0.0,0.0,17.0,16.4,9.600000000000001
10511317,male,2254.0,8.0,10.6,9.0,26.5,31.8,60.6,34.7,7.1,7.1,6.8,6.5,7.6,7.6,6.3,6.3,4.3,4.4,4.0,2.1,2.2,8.1,48.6,49.7,1.1,0.6,36.9,96.8,29.6,2.1,40.2,15.6,3.7,6.6,43.2,0.0,0.4,98.9,0.2,98.2,2.2,3.0,38.4,0.6,39.3,8.7,48.5,0.2,0.8,1.9,0.2,646.0,12.7,8.3
10511319,female,3984.0,7.4,9.4,8.5,57.1,56.5,5.0,75.8,6.5,6.1,6.3,6.2,6.8,7.0,5.7,7.3,6.5,6.2,4.0,2.6,3.6,4.9,37.9,50.6,1.6,9.9,27.7,96.5,63.3,1.0,25.8,8.6,4.5,3.6,33.5,0.2,0.8,98.8,0.1,99.4,0.6,8.6,42.7,0.0,5.6,47.2,22.2,8.3,0.0,0.0,16.7,36.0,16.4,10.2
10511319,male,3736.0,7.8,9.5,9.2,34.0,37.8,67.0,42.2,7.0,7.8,7.3,7.1,7.6,6.9,5.2,5.1,5.0,5.1,4.5,2.0,3.0,5.8,49.1,49.2,0.8,0.9,37.3,97.9,38.0,1.8,35.0,15.1,4.7,5.5,58.5,0.2,0.7,98.3,0.2,99.6,0.6,6.2,39.2,0.5,21.0,9.3,46.3,0.5,0.8,0.8,20.9,1062.0,14.6,9.5
10511323,female,1622.0,10.2,10.5,8.3,59.1,61.1,1.7,73.7,5.6,4.7,6.0,6.2,6.6,7.0,5.4,6.5,5.6,5.7,5.1,3.0,3.3,5.9,30.2,58.9,2.1,8.9,26.4,96.8,66.0,0.0,27.6,7.0,2.8,1.5,14.0,0.1,0.4,99.3,0.0,99.8,0.6,11.2,52.8,0.0,0.0,80.0,20.0,0.0,0.0,0.0,0.0,5.0,17.1,11.399999999999999
10511323,male,1696.0,9.2,10.8,8.4,34.0,42.8,64.7,77.1,6.9,6.7,7.0,6.6,6.7,6.6,6.0,5.5,4.3,5.6,4.5,2.7,2.6,6.7,45.4,52.3,0.8,1.4,36.6,98.0,37.7,0.0,36.0,13.1,4.4,3.7,28.6,0.0,1.1,98.8,0.2,99.3,1.0,10.3,51.6,0.0,35.0,17.2,15.0,0.0,0.0,0.6,32.2,180.0,15.4,9.8
11510101,female,22874.0,6.7,8.5,9.2,23.9,31.1,25.9,34.2,8.2,7.7,7.4,7.7,7.9,7.3,6.2,5.5,4.7,4.5,2.9,2.4,3.3,4.8,31.2,56.0,4.1,8.7,26.1,98.8,26.8,0.7,23.7,16.1,12.4,16.1,99.0,0.7,0.6,0.9,0.0,99.9,0.3,25.5,57.0,1.0,15.5,42.1,37.9,2.0,0.2,1.4,0.0,2946.0,13.100000000000001,8.6
11510101,male,23131.0,7.3,8.9,9.0,9.8,21.9,72.2,19.7,8.2,7.5,6.6,7.7,7.8,7.2,6.3,5.6,4.7,4.6,3.4,2.5,2.8,4.7,43.3,54.0,1.5,1.2,33.8,98.0,10.8,0.6,27.5,19.9,14.8,15.4,99.0,0.7,0.5,0.6,0.1,99.6,0.4,22.3,53.7,3.1,35.1,23.2,31.9,1.3,0.4,4.5,0.4,10003.0,13.3,8.7
11510303,female,11411.0,9.0,9.3,9.8,38.1,43.2,6.2,19.6,7.9,7.8,8.9,9.3,8.6,6.6,4.8,4.0,3.6,3.7,2.3,1.7,2.7,4.2,30.1,62.0,2.2,5.7,27.0,97.3,43.2,1.5,31.1,14.1,5.4,4.7,99.2,0.2,0.1,0.4,0.0,99.9,0.2,11.0,42.6,0.5,22.8,22.4,30.4,21.7,0.2,0.0,1.9,406.0,10.4,6.7
11510303,male,13331.0,8.4,9.4,9.3,17.2,37.3,75.1,22.3,7.1,7.3,8.4,10.0,10.0,8.0,5.7,4.3,3.3,3.2,2.1,1.6,2.1,5.3,45.9,52.7,1.0,0.4,34.2,95.5,19.2,1.5,28.2,21.7,6.7,4.6,99.0,0.3,0.1,0.1,0.0,99.8,0.1,8.1,34.6,5.0,48.5,4.3,27.7,8.4,0.1,3.1,2.8,5656.0,9.0,5.800000000000001
11510313,female,9186.0,10.9,10.6,10.1,45.0,50.0,11.1,12.1,8.5,8.0,8.2,8.3,8.4,5.9,4.2,3.6,3.7,3.9,2.3,1.3,2.1,5.7,30.8,61.3,1.3,6.6,26.1,93.8,51.4,0.9,32.4,10.5,4.1,2.3,99.2,0.0,0.2,0.1,0.0,99.9,0.0,5.7,39.2,0.0,8.1,7.1,10.7,72.4,0.0,1.7,0.0,612.0,9.6,5.699999999999999
11510313,male,10308.0,9.0,10.1,9.8,17.7,46.9,72.3,8.2,8.1,7.3,7.8,9.9,10.3,7.5,4.6,3.6,3.1,3.6,2.5,1.3,1.5,5.8,45.6,52.8,1.1,0.5,33.7,94.8,19.7,2.6,27.3,15.7,3.9,3.7,99.1,0.1,0.0,0.2,0.0,99.8,0.1,3.0,27.1,0.6,63.2,2.9,16.4,15.5,0.3,0.5,0.6,4860.0,8.899999999999999,5.3
11510323,female,11540.0,10.0,10.3,11.0,47.3,51.1,12.3,17.8,7.9,8.2,8.0,8.6,8.1,6.2,4.6,3.9,3.3,3.7,2.3,1.8,1.9,5.9,28.0,64.4,0.8,6.9,25.2,94.2,54.6,1.0,32.8,9.2,3.8,2.1,98.6,0.1,0.1,0.3,0.0,99.6,0.4,8.9,44.1,0.0,21.3,7.3,12.8,57.3,0.7,0.6,0.0,801.0,9.7,6.0
11510323,male,12718.0,9.9,10.0,10.2,18.1,42.3,75.8,16.1,7.9,7.3,8.2,9.3,9.7,8.0,5.1,3.8,2.8,2.9,2.0,1.4,1.5,5.7,41.3,57.5,0.7,0.6,31.5,92.7,20.5,1.8,29.3,16.6,6.1,3.8,99.0,0.0,0.0,0.1,0.0,99.8,0.2,9.0,37.8,3.4,62.6,3.3,13.5,14.9,0.3,1.0,1.0,5656.0,7.800000000000001,4.9
11510501,female,14035.0,9.1,10.9,11.0,37.5,46.1,7.5,27.5,8.7,8.3,8.6,8.6,7.8,5.7,4.8,3.9,3.3,3.7,1.9,1.5,2.3,5.9,30.7,62.0,1.7,5.6,26.0,95.7,43.2,0.7,32.0,12.2,4.6,4.4,98.3,0.3,0.1,0.2,0.0,99.9,0.1,7.4,35.3,0.2,35.1,16.1,17.0,31.6,0.0,0.0,0.0,527.0,9.399999999999999,5.699999999999999
11510501,male,15860.0,8.7,10.2,10.5,16.6,42.0,75.3,12.9,8.4,7.8,8.3,9.3,8.6,6.8,4.8,3.9,3.3,3.5,2.1,1.7,2.0,5.0,44.3,53.7,1.0,1.0,33.4,97.5,18.8,0.7,29.7,17.0,5.2,5.3,98.3,0.4,0.4,0.2,0.1,100.0,0.1,6.0,29.8,0.8,56.7,4.2,26.8,11.0,0.1,0.3,0.1,7337.0,9.3,5.8
11510503,female,6413.0,9.3,10.5,11.1,38.4,48.5,7.4,43.2,8.3,8.0,7.4,7.8,7.5,5.7,4.8,4.6,3.7,3.8,2.4,1.9,3.2,7.9,30.7,58.8,1.1,9.4,27.7,95.7,44.6,0.5,31.1,10.8,4.9,4.2,99.4,0.1,0.1,0.2,0.0,99.9,0.1,8.8,38.9,0.0,43.9,0.0,30.1,26.0,0.0,0.0,0.0,187.0,11.3,7.5
11510503,male,7571.0,8.3,10.0,10.3,14.2,40.5,71.7,9.7,8.8,8.2,8.0,8.3,8.7,6.2,5.0,4.8,3.0,3.2,2.2,2.1,2.6,8.0,47.8,50.2,1.5,0.5,34.4,93.8,15.9,0.3,31.0,17.4,6.1,4.7,99.6,0.0,0.0,0.0,0.0,100.0,0.0,6.6,30.3,0.2,72.8,4.6,18.2,3.5,0.3,0.2,0.2,3495.0,10.1,6.9
11510505,female,4356.0,8.4,9.2,10.8,52.0,54.7,7.4,15.2,9.2,8.0,7.2,8.3,8.0,5.3,5.5,4.8,4.0,3.8,2.7,2.2,2.8,6.0,28.7,61.9,1.1,8.3,26.3,96.0,59.7,0.0,20.9,12.4,5.4,6.5,99.6,0.1,0.0,0.0,0.0,99.8,0.2,9.1,40.2,0.0,57.9,15.4,20.0,6.7,0.0,0.0,0.0,195.0,11.5,7.7
11510505,male,4904.0,8.0,9.4,10.5,28.0,39.7,53.2,18.7,9.0,8.5,8.5,8.6,8.2,7.1,5.4,4.1,2.7,3.9,2.2,1.9,2.1,6.2,44.5,53.8,0.8,0.8,32.9,94.9,31.8,0.1,27.0,20.9,5.7,6.6,99.6,0.1,0.0,0.0,0.1,99.8,0.1,4.7,32.2,0.3,52.5,5.1,34.2,6.1,0.1,1.6,0.0,1531.0,10.1,6.199999999999999
11510507,female,4865.0,11.1,12.1,12.5,41.7,49.2,5.8,48.6,8.9,8.7,7.9,8.1,7.0,4.9,3.7,3.6,3.1,2.9,1.8,1.6,2.0,3.7,26.1,68.2,0.8,4.8,24.5,96.5,49.5,0.5,32.5,11.6,4.0,2.2,99.6,0.2,0.0,0.1,0.1,99.9,0.2,4.8,25.2,1.1,26.9,14.0,6.5,50.5,0.0,1.1,0.0,93.0,8.3,5.4
11510507,male,5670.0,10.9,10.3,11.0,17.5,43.0,73.9,16.3,9.0,8.4,8.9,9.5,8.2,6.1,4.0,3.4,2.5,3.1,1.6,1.5,1.7,3.8,44.3,54.5,0.8,0.4,31.9,96.4,20.0,0.4,31.0,18.4,4.3,3.0,99.7,0.1,0.0,0.1,0.0,99.9,0.0,3.4,20.1,0.4,68.1,2.4,5.8,21.4,0.0,1.5,0.4,2382.0,7.9,4.8
11510509,female,5390.0,8.7,10.7,10.4,40.7,48.7,11.5,0.0,8.9,7.3,6.9,7.5,8.2,6.3,5.3,4.3,3.7,3.8,2.5,2.2,3.4,5.8,28.2,62.6,1.5,7.8,26.1,100.0,46.5,0.4,33.3,10.9,5.3,1.5,97.4,0.0,0.0,0.3,0.2,99.7,0.3,1.6,16.9,0.0,40.5,7.1,15.2,35.6,0.0,1.4,0.0,437.0,11.9,8.1
11510509,male,5886.0,8.6,9.8,10.5,20.9,41.3,77.8,2.1,8.1,7.6,7.7,8.0,8.7,6.6,5.6,4.3,3.6,3.4,2.6,2.3,2.8,5.6,42.3,56.4,0.4,0.9,32.8,97.3,23.6,1.1,33.7,17.3,4.1,2.5,97.5,0.3,0.0,0.1,0.1,100.0,0.0,2.5,17.0,0.9,64.0,3.5,12.7,17.6,0.0,0.6,0.6,3188.0,11.100000000000001,7.7
11510511,female,3307.0,6.8,9.3,10.2,47.1,50.1,14.5,42.9,9.0,7.3,5.9,6.4,7.7,7.4,6.3,5.3,4.1,4.5,3.5,2.3,4.1,8.7,32.4,58.0,0.7,8.9,26.7,86.8,53.5,0.0,23.8,12.1,6.4,7.7,99.6,0.0,0.0,0.1,0.0,100.0,0.0,18.8,45.9,0.0,44.6,19.8,25.7,9.4,0.0,0.5,0.0,202.0,14.4,9.899999999999999
11510511,male,3455.0,6.9,8.4,10.2,18.8,37.5,71.2,18.1,9.3,6.6,6.5,7.4,8.5,7.7,7.3,4.7,4.3,3.5,3.0,2.2,3.4,8.3,44.1,54.3,0.7,0.9,34.9,89.7,21.3,0.0,30.3,18.8,7.6,5.9,99.6,0.0,0.1,0.1,0.0,99.9,0.1,9.0,34.0,0.1,66.2,6.0,23.8,3.1,0.0,0.7,0.1,1499.0,12.1,8.6
11510513,female,3109.0,8.6,10.6,11.5,43.8,48.1,19.1,14.1,9.5,6.9,5.1,6.6,6.4,6.4,6.0,4.9,3.6,4.4,3.1,2.6,3.9,7.6,27.4,62.0,1.9,8.7,25.6,97.7,50.9,1.1,29.6,10.7,5.2,5.3,99.7,0.1,0.1,0.1,0.0,99.7,0.4,4.2,22.1,0.0,20.3,5.4,5.1,68.6,0.0,0.6,0.0,354.0,14.0,9.6
11510513,male,3345.0,8.5,9.8,12.0,13.1,37.0,68.4,8.8,9.9,6.7,5.3,6.8,7.4,6.6,6.2,4.6,3.4,3.7,3.1,2.7,3.3,7.6,40.8,56.5,1.4,1.3,33.5,98.5,15.2,1.0,31.6,19.1,4.8,6.5,99.4,0.1,0.2,0.2,0.0,99.7,0.3,3.7,17.6,0.4,60.7,9.6,17.1,9.2,0.1,2.8,0.1,1452.0,12.8,9.100000000000001
11510515,female,3735.0,9.2,9.7,11.0,43.4,49.5,5.9,24.7,9.3,7.7,7.1,7.1,7.2,6.2,5.0,5.0,3.3,3.3,2.3,2.7,3.9,6.0,28.8,63.3,1.0,6.9,25.8,97.9,50.0,1.0,29.2,12.1,4.6,3.6,99.4,0.1,0.0,0.0,0.0,99.9,0.2,7.5,36.1,0.0,30.2,15.5,25.9,24.1,0.0,3.4,0.9,116.0,12.200000000000001,8.9
11510515,male,4362.0,8.6,8.9,11.3,21.4,43.7,75.2,22.9,9.9,7.8,7.2,8.1,7.5,6.4,5.0,4.3,4.0,3.7,2.5,2.4,2.5,5.8,45.3,53.5,0.5,0.7,33.0,97.3,24.5,1.1,28.9,17.8,4.1,4.4,99.4,0.2,0.1,0.1,0.0,100.0,0.2,4.8,29.4,0.2,56.4,5.1,15.3,16.5,0.2,5.7,0.5,1799.0,11.1,7.4
11510605,female,5202.0,8.9,9.6,10.6,50.3,53.1,6.7,2.2,8.2,6.6,7.1,6.4,7.1,6.6,5.3,5.6,4.4,4.3,3.4,2.6,3.5,7.6,22.1,64.9,3.5,9.6,23.8,98.5,57.5,0.3,26.4,12.2,4.1,3.9,98.8,0.1,0.1,0.1,0.1,100.0,0.0,8.3,35.6,0.0,25.9,25.0,14.5,34.6,0.0,0.0,0.0,243.0,13.799999999999999,9.5
11510605,male,5598.0,8.8,9.8,10.2,22.8,32.2,72.8,11.2,9.1,6.6,5.5,7.1,8.2,6.8,6.6,5.3,4.1,3.6,3.1,2.3,2.9,5.9,39.2,58.2,2.0,0.6,32.6,95.0,25.7,1.4,33.9,20.9,7.0,4.6,98.9,0.1,0.1,0.2,0.0,99.9,0.1,8.4,34.4,0.5,50.8,5.7,34.2,4.7,0.1,2.5,1.4,2576.0,11.9,8.3
11510607,female,4957.0,8.1,8.6,10.8,52.3,54.2,8.2,0.0,8.7,7.8,6.4,6.9,7.2,6.7,5.8,6.1,4.4,4.2,2.9,2.2,3.2,7.6,22.7,66.5,2.7,8.1,24.8,95.9,59.7,0.3,24.9,10.4,5.3,4.8,99.0,0.1,0.0,0.1,0.0,99.7,0.0,6.9,33.9,0.0,36.9,9.5,11.3,35.0,0.0,7.3,0.0,295.0,12.5,8.3
11510607,male,5666.0,7.6,8.3,9.3,32.2,42.1,65.6,10.8,9.4,7.8,7.8,7.4,8.3,7.2,6.6,5.5,3.7,3.6,2.5,2.1,2.9,7.3,42.6,54.8,1.9,0.7,33.7,92.8,36.1,0.2,29.0,17.0,7.2,4.6,99.0,0.1,0.2,0.0,0.0,100.0,0.2,6.0,26.6,1.3,68.0,4.0,23.1,2.9,0.0,0.4,0.3,2478.0,11.1,7.5
11510615,female,6301.0,9.7,10.7,11.5,52.3,53.8,16.9,5.6,9.5,7.5,6.6,7.6,6.7,6.6,5.2,5.1,3.1,3.3,2.6,2.0,2.2,6.7,27.0,65.9,0.7,6.4,24.7,95.8,60.7,0.3,25.6,11.4,4.5,4.5,98.4,0.1,0.0,0.0,0.1,100.0,0.0,7.0,29.8,0.0,38.9,5.2,6.4,49.4,0.0,0.0,0.0,685.0,10.100000000000001,6.8
11510615,male,7225.0,8.9,10.5,11.1,30.7,44.3,76.4,6.7,9.6,7.4,6.8,7.5,8.2,7.2,5.8,4.7,3.0,3.5,2.0,1.6,2.1,6.0,41.3,57.1,0.9,0.6,32.6,96.9,35.5,0.6,28.6,16.7,6.2,3.5,98.1,0.4,0.0,0.1,0.0,99.9,0.1,5.2,20.6,0.0,53.4,3.5,26.0,16.2,0.0,0.9,0.1,3575.0,9.2,5.7
11510621,female,5685.0,9.6,10.6,11.6,48.9,53.4,13.2,4.5,9.4,7.1,7.5,7.1,7.6,6.4,5.4,4.2,3.3,3.4,2.3,2.0,2.6,3.4,26.0,66.8,0.5,6.7,24.0,91.8,56.2,0.1,30.5,7.8,4.6,3.5,99.2,0.0,0.0,0.0,0.1,100.0,0.0,2.5,26.5,0.0,46.3,6.8,1.7,31.4,0.0,11.8,2.0,488.0,10.299999999999999,6.9
11510621,male,6390.0,8.7,9.8,11.0,26.1,43.1,73.3,8.6,9.5,7.6,6.7,7.6,8.4,7.2,6.4,5.0,3.3,3.0,1.9,1.6,2.2,4.5,43.8,54.5,1.5,0.2,32.6,97.9,29.6,0.5,29.8,17.5,4.5,4.5,99.2,0.0,0.0,0.0,0.0,100.0,0.0,3.3,18.7,0.3,62.3,3.0,12.7,14.8,0.2,5.1,1.7,3015.0,8.7,5.7
11510701,female,7938.0,9.2,11.6,10.3,48.6,51.8,25.0,6.0,9.2,7.8,8.6,7.8,7.0,6.1,4.7,4.1,3.7,3.3,2.1,1.8,2.9,5.4,33.1,60.5,0.9,5.5,25.8,94.9,55.6,1.2,31.2,9.2,3.4,3.2,99.7,3.1,0.1,0.2,0.0,99.8,0.5,9.3,45.4,0.0,62.5,5.2,5.3,24.9,0.0,0.3,1.8,1284.0,10.1,6.800000000000001
11510701,male,7950.0,9.4,11.3,10.8,22.2,54.2,74.1,22.7,8.8,7.7,7.5,8.1,7.5,6.0,5.0,3.8,3.5,3.8,2.5,1.7,2.6,5.2,40.8,57.5,0.4,1.3,30.3,96.0,25.3,2.4,27.1,10.5,3.2,2.6,99.3,2.9,0.2,0.2,0.1,99.9,0.2,6.2,31.0,2.6,29.6,7.1,50.0,7.0,0.5,1.2,2.0,3117.0,10.6,6.800000000000001
11510707,female,5101.0,9.2,10.3,10.9,46.0,50.0,9.8,24.6,9.8,7.6,7.4,7.7,7.2,6.3,4.4,4.5,3.6,3.4,2.5,2.1,3.2,3.9,29.7,61.9,1.4,7.0,26.6,95.3,52.4,0.4,27.6,10.7,5.0,6.2,99.3,0.3,0.3,0.0,0.0,99.8,0.0,14.0,40.1,0.0,13.4,26.7,22.8,35.4,0.0,1.8,0.0,263.0,11.2,7.8
11510707,male,5795.0,9.0,10.8,10.8,20.3,45.8,72.6,23.5,9.9,7.1,7.2,7.9,7.2,6.0,5.2,4.7,3.6,3.8,2.4,1.9,2.6,3.7,45.5,53.2,0.5,0.8,34.1,95.0,23.3,0.8,28.6,16.3,3.3,5.3,99.5,0.3,0.6,0.1,0.0,99.8,0.3,7.4,28.5,1.1,43.3,13.0,32.2,8.0,0.0,2.1,0.2,2235.0,10.7,6.9
11510709,female,3585.0,8.6,8.9,11.1,40.5,47.3,19.9,34.5,11.0,10.0,8.1,8.4,7.2,5.3,4.9,3.9,3.3,3.0,2.1,1.8,2.5,3.7,35.8,58.2,0.9,5.2,27.9,97.9,46.6,0.8,28.2,16.4,4.0,3.3,98.2,0.3,0.0,0.0,0.0,99.9,0.0,8.3,28.7,0.0,26.9,3.6,6.9,62.0,0.3,0.0,0.3,334.0,9.399999999999999,6.4
11510709,male,4422.0,7.3,9.3,11.0,24.8,40.0,80.4,11.1,9.2,9.5,9.7,8.9,7.8,5.9,4.7,4.0,3.6,2.7,2.1,1.5,2.6,5.1,50.0,48.0,0.7,1.2,34.0,97.7,28.3,1.1,32.5,20.4,3.2,2.9,98.3,0.2,0.0,0.1,0.0,99.6,0.2,5.7,22.5,0.2,54.7,3.4,20.7,20.6,0.3,0.0,0.1,2283.0,8.9,6.2
11510711,female,3319.0,10.7,11.1,10.0,45.8,48.0,9.3,24.8,9.4,8.2,7.5,7.8,6.4,5.6,4.8,4.4,3.3,3.8,2.4,1.7,2.9,7.0,32.1,60.5,1.0,6.4,26.1,98.6,52.2,3.0,35.2,8.2,3.2,2.4,99.5,0.2,0.0,0.1,0.0,99.9,0.0,5.8,17.5,0.0,31.6,9.5,15.8,43.0,0.0,0.0,0.0,158.0,10.799999999999999,7.0
11510711,male,3605.0,9.2,11.4,10.4,22.5,48.6,79.4,26.1,9.5,8.2,7.3,7.9,7.4,5.8,5.0,4.3,3.0,3.5,2.3,1.8,3.1,7.0,44.1,53.7,0.8,1.4,32.8,97.7,25.6,3.0,32.1,12.6,2.2,1.4,99.6,0.1,0.0,0.0,0.0,99.9,0.1,2.3,11.9,0.3,41.9,4.2,34.1,17.9,0.0,1.6,0.1,1460.0,10.7,7.199999999999999
11510713,female,5963.0,9.1,10.3,11.2,43.1,46.1,11.4,14.1,8.6,7.8,8.3,7.4,7.0,6.3,4.7,4.4,3.4,4.1,2.0,2.0,3.5,5.6,29.1,60.7,1.6,8.5,25.4,96.3,49.9,1.8,30.4,12.3,5.2,4.3,98.1,0.1,0.0,0.3,0.0,100.0,0.0,14.9,51.0,0.0,51.1,17.0,13.1,18.7,0.0,0.0,0.0,407.0,11.6,7.5
11510713,male,6324.0,9.8,10.5,11.0,22.6,42.9,70.8,21.7,8.5,7.5,7.6,7.4,8.1,6.3,4.9,4.0,3.4,3.5,3.0,2.0,2.6,5.9,42.3,56.6,0.3,0.8,32.5,96.9,25.8,1.8,32.3,15.3,4.2,3.4,99.2,0.6,0.0,0.1,0.0,100.0,0.0,6.3,36.9,4.4,37.2,9.7,43.8,3.4,0.5,0.0,1.0,2407.0,11.1,7.6
11510901,female,4232.0,8.7,10.1,10.6,47.8,51.1,16.4,4.1,9.6,7.5,8.1,7.4,7.1,5.2,5.6,4.3,4.3,3.7,2.4,2.1,3.4,4.2,34.9,58.7,0.6,5.8,26.5,97.7,54.8,1.7,28.5,9.8,4.8,4.2,99.1,0.4,0.1,0.1,0.0,99.7,0.4,5.6,21.1,0.0,15.5,7.2,8.5,67.9,0.0,0.9,0.0,470.0,11.6,7.9
11510901,male,4336.0,8.3,10.7,10.9,18.2,53.1,71.8,11.4,9.2,7.5,7.9,8.6,7.1,5.4,5.1,4.4,3.9,3.8,2.7,2.1,2.6,4.7,44.3,54.5,0.5,0.7,33.3,97.1,21.0,1.7,24.9,11.9,4.6,3.8,99.2,0.4,0.3,0.2,0.0,99.8,0.2,2.7,11.9,0.9,45.7,8.9,28.1,12.7,1.5,2.3,0.1,1928.0,11.2,7.4
11510909,female,7941.0,9.7,11.1,10.0,44.5,49.8,9.4,43.0,8.2,7.8,8.0,8.6,7.7,5.9,5.1,4.4,4.0,3.8,2.1,1.6,2.2,5.4,30.3,61.7,0.3,7.7,25.8,96.2,50.8,1.3,31.2,10.4,3.5,3.8,99.1,0.1,0.1,0.3,0.0,99.7,0.2,9.4,37.2,0.0,21.0,14.2,31.7,33.1,0.0,0.0,0.0,295.0,9.7,5.9
11510909,male,8598.0,9.5,10.2,9.5,17.4,42.9,78.2,14.6,8.1,7.6,7.6,9.4,9.3,6.8,5.3,3.7,3.6,3.8,2.1,1.6,2.0,6.1,43.3,55.4,0.9,0.4,32.6,95.9,19.5,0.7,26.6,20.1,5.5,4.3,99.3,0.5,0.1,0.5,0.0,100.0,0.0,4.7,35.3,1.6,60.9,4.6,17.9,11.7,0.0,1.3,1.9,4063.0,9.5,5.7
11510911,female,6665.0,10.1,12.1,11.7,46.8,49.0,13.9,22.2,9.3,7.6,7.1,8.6,7.2,4.8,4.4,3.9,4.0,3.3,2.0,1.6,2.3,5.8,29.9,61.9,0.9,7.4,26.6,97.5,54.8,1.2,33.2,10.4,3.2,3.1,99.2,0.5,0.0,0.1,0.1,100.0,0.0,6.6,32.8,0.0,8.2,11.4,11.1,53.1,0.0,16.3,0.0,478.0,9.2,5.9
11510911,male,7253.0,10.0,11.8,11.8,19.3,51.6,75.3,13.0,9.1,8.3,7.8,8.2,8.2,5.1,4.7,3.4,3.2,2.9,2.3,1.5,1.6,5.9,43.1,56.5,0.2,0.2,32.0,96.6,21.9,1.5,27.1,12.9,3.8,3.1,98.5,0.4,0.0,0.2,0.0,100.0,0.0,5.2,24.0,0.3,51.7,7.3,20.1,14.2,0.0,6.3,0.0,3152.0,8.299999999999999,5.4
11510917,female,4994.0,7.8,10.2,9.5,45.1,50.0,8.5,20.5,7.7,7.3,7.8,9.1,8.1,5.9,5.7,4.7,3.8,4.2,2.8,2.1,3.2,5.9,33.1,57.8,1.3,7.8,28.4,95.9,50.8,0.9,26.9,10.4,4.9,6.9,98.6,0.3,0.1,0.8,0.0,99.9,0.1,13.8,40.4,1.2,10.6,40.4,42.0,4.1,0.0,0.0,1.6,245.0,12.3,8.100000000000001
11510917,male,5331.0,7.8,10.7,10.3,25.1,42.2,71.0,27.3,8.4,7.3,6.7,8.7,8.0,6.5,5.1,4.7,4.4,3.7,3.7,2.2,2.1,6.5,45.6,53.4,0.7,0.4,34.2,94.8,28.4,1.0,27.0,17.9,5.9,6.1,98.3,0.5,0.3,0.5,0.0,99.7,0.2,9.7,35.0,1.8,41.9,10.6,35.5,5.1,0.4,2.4,2.2,1955.0,11.700000000000001,8.0
11510919,female,5947.0,10.8,12.3,11.4,50.2,54.8,7.9,32.1,8.1,6.6,7.3,7.8,7.8,6.0,4.2,4.3,3.6,3.6,2.5,1.7,1.8,11.3,29.8,63.8,0.3,6.1,25.6,95.4,58.9,0.5,30.1,9.3,3.8,1.4,99.0,2.3,0.1,0.3,0.0,100.0,0.2,5.8,34.2,3.3,43.6,9.5,32.5,11.2,0.0,0.0,0.0,210.0,9.6,6.0
11510919,male,6819.0,9.9,11.5,9.7,27.6,47.4,80.6,6.8,8.4,7.0,7.9,8.8,8.8,7.0,5.0,3.7,3.8,3.7,2.3,1.3,1.3,10.4,44.8,52.9,1.5,0.8,32.7,95.2,31.0,0.9,28.8,15.7,5.0,2.3,99.1,1.3,0.0,0.2,0.0,100.0,0.0,4.4,26.0,0.6,59.9,3.7,27.4,7.4,0.0,0.3,0.6,3530.0,8.6,4.8999999999999995
11511103,female,7913.0,10.3,12.2,12.0,52.7,56.1,7.7,12.5,10.5,7.8,8.1,8.1,6.6,5.1,4.6,3.6,2.8,2.9,2.0,1.5,2.0,5.0,31.6,62.1,0.8,5.5,25.5,93.0,61.3,1.0,32.2,8.5,1.4,0.8,98.3,1.1,0.0,0.0,0.1,100.0,0.0,4.3,25.8,0.0,21.8,7.3,5.3,64.1,0.0,0.0,1.5,349.0,8.4,5.5
11511103,male,8747.0,9.8,11.3,12.5,22.7,56.2,77.9,17.9,9.8,8.4,8.0,8.4,7.7,5.4,4.6,3.9,3.0,2.3,1.9,1.4,1.8,5.8,43.5,55.5,0.6,0.4,31.2,91.0,26.7,1.1,27.5,11.3,2.4,1.4,98.7,0.8,0.1,0.0,0.0,99.9,0.1,2.6,21.2,0.1,59.9,3.5,8.8,20.7,0.6,0.4,5.9,3717.0,7.3999999999999995,5.1
11511105,female,9934.0,9.8,11.3,11.3,46.3,53.4,11.7,20.0,9.0,8.4,9.4,8.1,7.1,5.4,3.6,4.5,3.1,3.1,2.1,1.5,2.4,5.4,30.1,64.3,0.9,4.7,26.2,91.5,53.9,0.9,28.6,11.1,3.1,2.9,98.0,0.1,0.0,0.1,0.1,99.7,0.3,6.9,33.4,0.0,17.9,3.3,8.0,68.3,0.0,1.5,1.0,628.0,9.1,6.0
11511105,male,11479.0,8.5,9.4,10.9,18.7,49.5,74.8,23.4,8.9,9.2,9.2,9.4,8.4,6.2,4.4,3.7,3.0,2.8,2.2,1.7,2.1,5.9,47.4,51.0,1.1,0.5,32.7,88.8,20.9,3.7,25.1,15.5,3.4,2.9,98.4,0.1,0.0,0.0,0.0,99.8,0.2,4.3,23.2,0.5,59.3,4.1,11.6,21.9,0.3,1.7,0.6,4673.0,8.8,6.0
12270305,female,8417.0,9.1,10.3,10.0,39.5,46.6,13.2,16.6,8.8,8.3,7.3,7.4,7.6,6.4,5.6,4.5,4.0,3.5,2.6,1.5,3.0,5.6,31.3,59.4,1.2,8.1,26.0,97.6,45.0,1.8,31.0,10.2,4.5,5.8,98.7,0.3,0.1,0.1,0.0,99.9,0.2,11.9,43.5,0.2,55.3,10.4,20.4,13.8,0.0,0.0,0.0,656.0,10.6,7.1
12270305,male,8797.0,9.1,10.0,9.6,18.5,48.8,76.5,21.3,8.8,7.9,8.5,7.5,7.4,6.2,5.1,4.5,3.9,3.6,2.8,2.2,3.0,5.7,42.3,55.6,0.6,1.5,32.0,96.4,20.7,3.4,24.1,14.5,4.7,4.4,99.0,0.3,0.2,0.2,0.0,99.9,0.2,7.0,31.1,0.5,53.1,8.1,35.4,1.6,0.7,0.5,0.1,3775.0,11.600000000000001,8.0
12270311,female,4692.0,10.9,11.1,10.6,34.6,46.1,18.0,11.6,8.7,7.2,8.3,8.2,7.6,6.2,5.1,4.4,2.9,3.0,1.9,1.9,2.0,5.0,26.2,66.8,1.8,5.2,23.8,97.2,39.8,1.1,30.2,13.1,6.1,3.5,99.4,1.1,0.2,1.4,0.0,99.9,0.3,7.4,31.5,0.6,13.3,7.0,36.2,39.0,0.2,3.8,0.0,503.0,8.8,5.8
12270311,male,5344.0,10.4,11.2,10.4,15.9,45.5,77.9,10.6,8.1,8.0,7.7,8.2,7.6,6.8,5.5,4.1,3.1,2.9,2.2,1.6,2.1,6.0,40.6,57.9,0.7,0.8,30.6,96.3,17.9,1.2,26.8,16.2,6.7,3.6,99.6,1.3,0.4,1.5,0.1,99.8,0.6,6.2,27.4,0.6,24.6,4.3,66.5,2.1,0.5,1.3,0.1,2528.0,8.799999999999999,5.9
12270313,female,5902.0,10.1,10.2,8.9,35.8,42.8,8.2,17.4,7.5,8.7,8.7,9.4,7.3,6.2,5.4,4.2,3.8,3.2,2.2,1.6,2.6,5.8,24.9,66.2,2.8,6.1,24.2,96.8,40.2,1.5,33.1,11.4,6.8,4.4,98.8,1.3,0.9,0.6,0.1,99.3,0.4,10.2,39.3,0.0,25.9,23.9,44.3,0.0,0.0,1.5,4.4,282.0,9.6,6.4
12270313,male,6740.0,9.9,10.0,8.4,23.9,42.5,74.5,12.5,6.8,8.2,8.8,9.3,8.4,6.4,5.9,4.7,3.4,3.4,1.9,2.0,2.4,5.2,40.3,57.0,1.2,1.5,31.1,97.6,26.4,1.5,25.5,17.5,8.4,4.5,98.8,2.6,1.8,0.7,0.1,99.2,0.4,12.8,36.8,1.1,24.6,4.2,60.5,1.6,0.0,4.3,3.7,3149.0,9.7,6.3
12270321,female,4549.0,8.2,9.5,8.9,35.8,46.4,13.5,29.4,7.8,7.5,8.3,7.5,7.2,6.5,5.8,5.8,4.5,4.0,2.7,2.1,3.6,3.9,28.3,60.2,1.3,10.3,22.5,97.2,40.1,2.1,33.1,10.4,4.4,3.5,99.2,0.2,0.1,0.5,0.1,100.0,0.0,8.7,37.1,0.0,63.6,3.0,26.7,6.6,0.0,0.0,0.0,318.0,12.4,8.4
12270321,male,4756.0,8.1,8.9,8.7,19.2,51.3,81.6,16.8,8.3,7.5,7.9,8.2,7.4,6.6,6.3,5.6,3.8,4.2,2.8,2.2,3.4,4.9,41.8,55.9,1.0,1.2,29.6,98.1,21.5,2.1,27.2,12.4,4.0,3.0,99.6,0.4,0.1,0.2,0.1,99.9,0.0,4.8,26.3,0.2,24.3,6.9,64.7,2.9,0.0,1.0,0.0,2400.0,12.6,8.4
12270501,female,7547.0,10.3,10.8,10.8,25.7,35.6,11.2,18.8,8.4,7.3,7.9,7.7,8.4,7.0,5.9,3.9,2.9,3.3,2.1,1.5,1.8,3.1,24.7,66.4,2.4,6.5,24.7,95.6,29.6,1.9,30.9,16.5,10.0,5.2,98.9,1.5,0.4,2.7,0.0,99.7,0.3,10.6,38.6,0.0,8.8,6.7,80.8,1.6,0.0,1.1,1.1,469.0,8.700000000000001,5.4
12270501,male,7910.0,9.8,11.3,10.5,14.4,31.1,73.3,14.0,8.8,6.9,6.6,7.7,7.8,7.4,6.0,4.7,3.4,3.6,2.2,1.6,1.8,3.0,36.9,61.4,1.2,0.5,30.6,97.9,16.7,1.9,32.5,20.9,9.8,3.8,98.9,1.6,0.5,2.6,0.0,99.5,0.7,7.3,33.2,1.4,23.0,4.3,63.9,1.0,3.2,1.7,1.6,3415.0,9.200000000000001,5.6000000000000005
12270505,female,7919.0,10.1,10.0,9.4,32.5,41.7,11.5,20.3,7.7,8.4,8.0,8.4,7.1,6.2,5.9,4.8,3.6,3.4,2.4,1.6,3.0,4.1,24.2,65.5,2.5,7.9,22.2,97.1,36.8,2.5,28.1,13.3,9.1,5.2,99.2,1.0,1.3,1.4,0.0,99.6,0.6,16.8,51.9,1.5,20.2,19.1,56.5,0.0,0.0,2.7,0.0,513.0,10.4,7.0
12270505,male,8640.0,10.4,10.1,9.2,19.1,41.4,76.8,22.6,7.6,7.0,8.1,8.1,7.7,6.8,5.6,4.8,3.9,3.5,2.5,2.0,2.7,5.2,38.1,60.2,0.8,1.0,30.5,99.6,21.5,2.1,26.8,16.2,8.4,5.0,98.9,1.5,1.8,0.9,0.1,99.3,0.4,12.5,39.9,1.5,19.5,9.9,66.0,0.9,0.3,1.1,0.8,3608.0,10.7,7.2
12270509,female,8669.0,11.0,11.3,10.1,35.2,45.2,17.1,9.7,8.0,7.9,7.9,8.5,7.2,6.0,5.2,4.2,3.5,2.9,2.1,1.5,2.7,5.0,23.7,68.6,1.9,5.8,22.4,91.5,40.3,1.6,30.0,13.4,7.1,2.8,99.2,1.9,1.4,1.3,0.1,99.6,0.4,10.0,39.2,0.0,25.1,4.6,43.9,26.4,0.0,0.0,0.0,905.0,9.2,6.300000000000001
12270509,male,9519.0,10.9,11.0,9.7,21.3,47.9,82.7,10.0,7.8,7.3,7.6,8.2,8.1,6.8,5.3,4.3,3.5,3.1,2.3,2.1,2.0,4.0,37.6,60.8,0.7,0.9,30.8,91.7,23.8,1.5,25.5,16.4,5.7,3.0,98.6,1.9,1.4,1.0,0.0,99.8,0.3,6.7,32.7,1.1,32.4,3.6,56.2,3.4,1.7,1.3,0.3,4849.0,9.5,6.4
13310101,female,63217.0,6.5,8.5,9.0,29.4,35.0,17.8,34.6,8.1,7.3,6.6,7.1,7.1,7.0,6.4,6.0,5.1,5.6,3.7,2.6,3.4,4.6,27.0,56.9,5.2,10.9,26.1,96.2,32.9,1.2,25.2,15.9,11.5,11.3,98.9,0.7,0.5,0.8,0.1,99.8,0.4,17.8,51.8,1.5,15.6,29.2,46.7,1.4,0.3,1.5,3.8,5601.0,15.3,9.700000000000001
13310101,male,61438.0,7.3,9.3,9.6,13.8,24.1,62.8,21.4,8.4,7.2,6.3,6.9,7.0,6.6,5.7,5.5,4.7,5.4,4.2,3.1,2.9,4.9,40.8,55.4,2.5,1.3,33.7,97.2,15.5,1.5,29.0,20.5,13.3,11.5,98.9,0.7,0.7,0.7,0.1,99.8,0.4,15.3,50.0,2.9,39.2,13.6,31.8,1.1,2.9,3.7,4.9,22369.0,15.600000000000001,10.200000000000001
13310103,female,67390.0,7.0,9.1,9.1,25.2,31.1,26.6,21.9,7.5,7.2,7.2,7.9,7.9,7.2,5.9,5.4,4.7,5.1,3.5,2.3,3.0,4.2,26.8,57.8,5.5,9.9,26.0,95.0,28.1,1.7,27.2,16.8,12.4,10.8,98.5,1.9,1.3,3.7,0.0,99.7,0.9,19.7,54.7,0.9,8.5,20.4,65.6,1.4,0.4,1.0,1.8,10461.0,13.899999999999999,8.8
13310103,male,66202.0,7.9,10.0,9.9,11.4,21.2,67.5,18.6,7.9,6.8,6.7,7.3,7.5,7.2,5.6,5.3,4.5,4.9,3.6,2.5,2.5,4.4,38.2,58.1,2.8,1.0,32.1,94.8,12.8,2.1,31.9,21.7,12.3,10.8,98.6,2.0,1.5,3.2,0.1,99.7,0.9,16.9,52.3,3.9,29.9,13.9,44.3,0.9,1.3,3.2,2.6,26213.0,13.5,8.6
13310701,female,4591.0,7.5,10.1,10.1,55.9,56.1,2.5,47.7,7.6,5.6,6.3,7.1,7.5,6.7,5.9,5.0,4.6,4.8,3.3,3.0,4.8,7.0,17.7,66.5,2.2,13.7,22.3,93.3,63.2,0.4,30.4,7.7,3.7,1.8,96.0,0.0,0.0,0.0,0.1,100.0,0.0,4.5,17.7,0.0,0.0,0.0,67.7,32.3,0.0,0.0,0.0,44.0,15.899999999999999,11.1
13310701,male,5032.0,8.2,9.6,10.0,30.9,45.6,68.9,32.6,7.2,6.6,6.5,7.7,7.7,7.1,6.0,5.5,4.3,4.5,3.2,2.5,3.5,7.1,37.8,58.9,1.6,1.7,33.5,90.0,34.8,1.1,29.8,13.8,6.2,3.6,96.3,0.3,0.2,0.0,0.1,100.0,0.0,2.5,18.7,0.0,43.9,7.9,43.0,2.9,0.0,0.0,2.3,1689.0,13.7,9.2
13310703,female,8437.0,8.1,11.5,11.9,49.5,50.8,9.6,13.9,8.8,6.7,6.3,7.8,7.8,7.0,5.4,4.7,3.0,4.0,2.6,2.0,2.5,5.0,22.9,65.9,3.7,7.5,23.6,95.4,57.7,1.4,27.5,12.4,4.5,3.4,99.6,0.0,0.3,0.3,0.1,100.0,0.0,5.5,29.5,0.0,18.8,4.0,69.2,5.0,0.0,0.0,3.2,476.0,11.1,7.1
13310703,male,8745.0,9.2,11.5,11.6,30.7,39.2,68.1,8.8,9.8,7.1,6.1,7.3,7.6,7.1,4.9,4.7,3.0,3.4,2.5,1.8,2.4,5.2,37.5,59.3,2.1,1.2,31.1,95.0,35.6,1.5,29.7,20.4,6.0,3.2,99.4,0.3,0.1,0.1,0.0,100.0,0.0,5.0,24.3,1.0,31.1,2.8,50.3,2.6,6.3,0.1,5.9,3675.0,10.1,6.699999999999999
13310705,female,23619.0,10.0,12.3,11.2,43.1,45.7,18.9,28.5,8.5,7.5,7.5,8.0,7.8,6.7,4.7,3.6,3.4,3.9,1.8,1.2,1.9,3.5,21.4,68.1,3.9,6.5,22.8,96.2,50.0,1.6,33.1,12.8,4.3,2.5,99.1,0.4,0.1,0.8,0.0,99.8,0.2,5.7,37.0,0.2,6.6,4.7,78.6,9.1,0.2,0.0,0.5,2118.0,8.8,4.9
13310705,male,24537.0,10.9,12.9,11.9,26.1,36.2,73.4,10.6,8.3,6.9,6.9,7.7,8.3,6.7,4.7,3.2,2.9,3.6,2.1,1.4,1.4,3.8,35.0,63.1,1.4,0.5,29.1,96.3,30.2,1.7,37.8,17.9,4.1,2.2,98.4,0.6,0.2,0.6,0.0,99.8,0.1,3.7,32.0,2.4,23.3,2.7,57.2,7.7,0.3,1.9,4.5,10356.0,8.5,4.9
13310711,female,6081.0,9.1,10.1,9.0,48.6,54.5,6.5,44.1,9.3,8.2,6.9,6.3,6.1,5.8,6.3,5.6,4.4,4.1,3.3,2.4,3.1,7.9,25.5,64.0,1.8,8.8,25.6,94.8,54.4,0.5,28.5,10.2,4.1,2.3,96.8,0.3,0.0,0.1,0.0,100.0,0.0,1.8,11.3,0.0,15.5,9.9,18.6,56.0,0.0,0.0,0.0,159.0,12.899999999999999,8.799999999999999
13310711,male,7509.0,7.4,8.7,8.7,26.9,51.3,74.2,15.9,8.8,9.2,9.2,8.5,7.4,6.5,5.1,4.9,3.9,3.5,2.7,2.3,3.0,6.2,47.4,50.7,1.5,0.4,34.4,91.9,29.8,0.7,26.7,13.6,4.5,3.4,97.5,0.0,0.1,0.1,0.0,99.8,0.1,2.2,6.2,0.1,47.1,4.0,24.8,15.4,0.1,1.8,6.6,3522.0,11.5,8.0
13310715,female,4075.0,8.2,9.6,9.2,58.4,57.9,3.2,52.9,8.3,5.7,5.1,6.6,6.8,7.2,6.7,4.9,4.4,4.7,4.0,3.5,5.0,6.3,16.3,67.3,3.5,12.9,22.1,99.0,65.4,1.2,27.6,8.1,4.4,0.8,98.7,0.4,0.0,0.0,0.0,100.0,0.0,10.1,42.0,0.0,13.8,0.0,86.2,0.0,0.0,0.0,0.0,45.0,17.2,12.5
13310715,male,4582.0,8.3,9.7,9.6,35.1,43.6,70.4,23.6,8.6,6.1,5.3,6.8,7.6,6.5,6.5,4.6,4.7,4.5,3.4,3.6,4.1,6.0,37.8,59.7,1.5,1.0,34.0,98.1,39.8,2.3,25.4,19.9,5.7,3.0,99.7,0.1,0.0,0.0,0.0,99.8,0.2,9.6,35.1,0.5,55.0,3.4,32.5,6.5,0.0,2.1,0.0,1782.0,15.6,11.1
13310717,female,12479.0,9.8,12.3,10.3,48.4,50.3,15.5,15.0,7.6,6.6,7.2,7.9,7.7,6.6,5.5,4.0,3.7,4.3,2.5,1.6,2.4,4.4,21.4,66.7,4.3,7.6,23.6,97.3,55.5,1.4,30.8,10.6,3.9,2.9,98.7,0.1,0.1,0.1,0.0,100.0,0.1,7.4,27.5,0.0,9.7,3.2,71.7,13.1,0.0,1.8,0.6,1112.0,10.8,6.5
13310717,male,12807.0,10.1,12.4,11.3,28.2,40.2,68.6,11.2,8.8,7.1,6.8,7.2,8.3,6.1,4.5,3.7,3.3,4.4,2.3,1.8,1.8,4.9,35.8,61.6,1.7,0.9,29.8,98.2,32.7,1.7,32.4,16.6,6.3,2.9,98.9,0.1,0.2,0.2,0.1,99.8,0.1,5.7,27.8,0.7,27.1,5.0,60.4,2.8,0.2,0.7,3.1,5165.0,10.3,5.8999999999999995
13310901,female,3137.0,7.8,10.2,9.6,49.3,55.3,5.7,22.5,8.9,6.7,6.0,5.8,6.3,6.2,5.6,5.0,5.0,5.6,3.3,3.2,4.7,8.2,26.0,62.8,2.0,9.2,23.7,94.8,55.7,0.3,26.3,10.1,4.4,3.6,98.5,0.0,0.2,0.2,0.0,99.8,0.4,3.5,22.4,0.0,16.0,28.0,45.0,11.0,0.0,0.0,0.0,100.0,16.799999999999997,11.2
13310901,male,3788.0,8.4,8.9,8.6,29.2,52.4,64.0,7.4,8.5,7.5,6.9,7.6,6.9,6.3,6.4,4.7,4.6,4.4,3.7,2.7,3.9,7.9,46.0,51.7,1.4,0.9,36.2,92.5,32.3,0.2,27.0,14.7,3.7,2.0,98.2,0.4,0.3,0.1,0.0,99.7,0.2,1.3,15.6,0.7,56.3,6.1,18.3,9.3,0.2,7.0,2.2,1662.0,14.700000000000001,10.3
13310903,female,3384.0,6.9,7.9,8.7,49.8,55.0,8.1,35.4,8.6,8.1,5.6,5.0,6.7,6.6,6.6,5.8,4.8,5.4,3.5,3.3,6.4,8.1,28.9,57.9,1.8,11.4,25.0,96.8,55.5,0.5,22.8,11.7,5.3,4.7,99.3,0.2,0.1,0.2,0.0,99.8,0.2,7.9,28.3,0.0,14.1,38.5,27.4,19.3,0.0,0.0,0.7,135.0,18.6,13.2
13310903,male,3949.0,7.4,8.2,9.5,27.5,52.1,69.8,29.5,7.2,7.6,7.2,7.4,5.5,6.1,6.1,5.5,5.0,5.1,3.7,3.2,5.1,8.5,45.4,51.6,1.7,1.3,35.7,97.3,30.8,0.6,24.0,15.6,4.3,3.4,99.5,0.4,0.5,0.1,0.0,99.9,0.2,3.2,19.4,0.8,36.1,11.7,43.0,3.4,0.3,3.2,1.4,1451.0,17.1,12.0
13310905,female,5165.0,8.9,10.2,10.7,48.7,54.0,5.7,37.4,9.8,7.1,5.1,5.9,6.5,6.9,5.7,4.9,4.3,4.4,3.3,2.6,3.9,5.4,26.3,64.0,1.3,8.4,24.4,99.3,55.7,0.9,25.2,12.6,4.5,2.8,99.2,0.0,0.2,0.1,0.0,100.0,0.0,5.8,37.8,0.0,21.7,28.5,34.0,8.6,0.0,0.0,7.3,130.0,14.200000000000001,9.8
13310905,male,6145.0,7.9,10.6,10.5,33.3,46.4,67.5,37.0,9.2,8.9,6.0,6.5,6.2,5.6,5.8,5.3,4.2,4.3,3.2,2.7,3.2,6.8,45.1,52.9,0.8,1.2,32.4,97.3,37.8,3.1,30.5,15.5,3.1,1.5,98.8,0.3,0.2,0.0,0.0,99.4,0.9,2.3,30.0,8.3,38.0,6.9,38.2,5.7,0.0,2.4,0.5,1857.0,13.399999999999999,9.100000000000001
13310913,female,2545.0,8.6,8.5,8.5,49.7,56.3,4.2,40.5,7.9,6.9,6.0,7.5,6.4,6.8,6.0,5.7,4.6,5.4,4.0,2.7,4.5,10.1,28.5,61.8,1.5,8.2,27.1,93.3,55.3,0.1,27.2,8.2,4.8,3.4,99.1,0.2,0.0,0.1,0.0,100.0,0.1,11.3,37.5,0.0,14.9,31.9,12.8,29.8,4.3,0.0,6.4,47.0,16.6,11.2
13310913,male,2903.0,7.1,9.5,7.8,23.6,55.8,67.3,49.3,7.9,8.3,7.6,6.1,7.9,6.4,5.7,5.7,4.4,5.3,3.4,3.2,3.7,9.6,46.5,51.5,1.1,0.9,36.0,92.7,25.7,0.4,21.7,13.9,5.0,3.2,98.6,0.3,0.0,0.0,0.0,99.9,0.1,8.6,28.5,1.3,42.2,14.2,28.4,2.9,0.8,2.3,7.9,747.0,15.599999999999998,10.3
13310915,female,3993.0,8.5,9.6,10.0,54.4,57.6,1.5,36.4,9.6,6.5,5.6,6.3,6.8,6.4,5.1,5.6,4.6,4.3,3.4,3.1,4.7,7.7,25.9,63.5,1.0,9.7,25.6,95.9,61.6,0.0,25.0,10.6,4.4,2.5,98.9,0.3,0.0,0.2,0.0,99.9,0.2,5.4,26.4,0.0,3.6,50.0,39.3,7.1,0.0,0.0,0.0,28.0,15.5,11.2
13310915,male,4618.0,6.9,9.9,9.0,38.1,59.6,54.6,56.0,8.9,8.4,6.5,6.7,6.8,6.7,6.1,4.9,4.9,4.5,3.6,3.0,3.5,7.9,43.4,54.1,1.3,1.2,34.9,96.2,42.5,0.1,22.6,13.2,3.0,1.5,98.9,0.1,0.1,0.0,0.0,99.7,0.2,2.2,16.1,0.2,54.4,11.4,22.4,1.6,0.0,2.6,7.4,822.0,14.6,10.1
13311103,female,6468.0,9.8,12.4,11.4,53.4,53.1,6.9,17.1,7.2,6.7,5.7,7.9,8.3,6.5,5.4,4.3,3.7,3.8,2.3,2.0,2.6,5.9,18.4,71.6,2.9,7.0,21.7,96.3,62.2,1.9,30.7,10.0,2.7,1.5,99.2,0.0,0.1,0.0,0.0,99.8,0.2,5.8,33.8,0.0,20.3,6.7,70.7,2.4,0.0,0.0,0.0,247.0,10.7,6.9
13311103,male,6940.0,9.4,11.9,11.0,35.9,44.1,72.7,16.2,9.3,6.8,7.1,7.1,7.5,6.5,4.9,4.6,3.8,3.8,2.6,1.6,2.1,5.2,36.0,61.6,1.9,0.5,29.7,98.4,41.4,2.5,32.8,16.1,2.3,2.3,99.0,0.1,0.1,0.0,0.1,99.8,0.1,5.0,28.8,1.8,20.9,3.6,64.5,3.1,1.4,1.2,3.6,2859.0,10.1,6.300000000000001
13311107,female,6103.0,10.7,11.4,10.4,49.4,52.0,9.4,29.0,8.9,7.3,6.3,7.1,7.2,6.4,5.0,3.9,3.6,4.1,2.5,2.1,3.0,7.0,25.9,65.3,1.9,6.9,24.5,95.1,56.8,1.5,29.0,11.5,4.5,1.5,97.2,0.2,0.4,0.2,0.1,100.0,0.2,4.4,41.5,0.0,10.6,7.6,65.2,16.6,0.0,0.0,0.0,274.0,11.7,7.6
13311107,male,6858.0,9.6,11.7,10.9,33.9,41.4,70.4,11.4,8.9,7.7,6.5,6.9,7.5,6.1,5.0,4.5,3.7,3.7,2.7,2.0,2.6,5.3,39.2,58.6,1.5,0.7,30.3,96.1,39.0,2.3,33.1,17.0,4.3,1.9,98.1,0.2,0.3,0.0,0.0,99.9,0.4,6.5,37.8,2.3,41.9,4.5,43.8,5.2,0.0,1.1,1.1,2895.0,11.0,7.300000000000001
13311109,female,8552.0,10.8,11.6,11.0,56.2,57.4,17.1,24.0,8.9,7.4,6.5,7.3,7.1,6.3,4.7,4.1,3.6,4.2,2.3,1.7,2.5,9.1,23.9,66.9,1.9,7.3,22.3,86.2,65.1,1.4,25.5,11.5,2.6,1.6,98.2,0.3,0.1,0.5,0.1,100.0,0.2,5.0,31.2,0.0,15.0,0.7,49.2,35.1,0.0,0.0,0.0,741.0,10.7,6.5
13311109,male,9326.0,10.1,11.2,10.3,43.4,51.8,70.7,24.8,8.6,8.0,7.4,8.0,7.5,6.3,4.8,4.2,3.4,3.4,2.9,1.8,2.1,8.0,40.9,56.6,1.7,0.7,31.8,91.5,48.7,3.5,25.4,14.3,3.2,1.8,97.5,0.3,0.1,0.4,0.0,99.7,0.6,4.0,25.7,0.4,29.0,4.8,61.3,3.3,0.6,0.3,0.3,3387.0,10.2,6.800000000000001
13311111,female,8906.0,8.9,9.7,9.6,45.3,48.5,16.3,17.1,7.8,6.8,6.6,7.9,7.9,6.8,5.7,4.8,4.2,4.6,3.2,2.2,3.2,5.3,27.0,62.2,2.6,8.3,25.8,95.2,51.2,1.6,27.4,14.3,5.3,2.9,98.1,0.5,0.7,13.0,0.1,99.5,0.5,7.5,32.4,0.2,3.0,5.8,85.7,1.7,0.0,0.0,3.6,865.0,13.2,8.600000000000001
13311111,male,9330.0,9.1,10.7,8.9,26.4,40.1,66.5,23.3,7.8,7.3,7.1,7.7,7.9,7.2,5.3,4.5,3.3,4.4,3.6,2.3,2.9,4.9,41.6,55.8,1.4,1.2,33.6,95.5,29.6,1.6,30.0,20.6,4.7,3.0,98.9,0.5,0.6,10.7,0.0,99.8,0.2,5.1,26.4,0.6,29.2,8.6,54.3,2.1,0.3,1.6,3.3,3390.0,13.200000000000001,8.8
13311112,female,6047.0,9.6,11.7,10.8,53.1,55.8,10.8,19.5,8.5,7.1,6.1,6.7,7.4,6.5,5.5,4.3,3.9,4.0,3.0,2.1,2.8,5.0,21.2,68.1,2.0,8.7,23.8,97.2,61.4,1.8,26.7,8.2,4.7,2.8,98.8,0.0,0.0,0.0,0.0,98.8,0.3,3.9,26.5,5.6,16.7,2.9,34.8,40.1,0.0,0.0,0.0,357.0,11.899999999999999,7.8999999999999995
13311112,male,6535.0,10.3,10.7,11.0,36.2,50.1,70.1,14.8,9.3,7.1,6.7,6.7,7.3,6.6,5.3,4.4,3.5,3.5,2.8,2.1,2.6,5.9,37.7,59.6,1.4,1.3,31.8,98.0,41.6,2.5,26.8,14.1,4.2,2.3,99.1,0.2,0.0,0.0,0.1,100.0,0.0,2.7,19.8,14.3,33.3,5.9,20.4,5.4,1.4,9.1,10.2,2656.0,11.0,7.5
13311113,female,6108.0,9.4,11.8,9.7,52.8,58.5,10.5,8.7,8.6,7.1,6.1,6.9,7.6,6.5,5.1,4.7,4.0,4.3,2.9,2.3,3.1,4.3,20.1,68.6,2.3,9.0,23.5,84.2,59.7,1.1,26.1,9.1,3.4,1.8,96.8,0.0,0.0,0.1,0.1,99.6,0.0,5.7,21.0,0.7,7.4,4.9,43.9,38.5,0.0,0.0,4.6,406.0,12.6,8.299999999999999
13311113,male,6746.0,9.9,10.7,10.5,36.6,48.5,66.5,11.2,8.9,6.8,6.4,7.3,7.5,7.0,5.4,4.4,3.9,3.6,2.8,2.3,2.7,5.3,37.1,59.6,2.0,1.3,32.0,82.1,41.7,2.0,27.2,15.1,4.5,2.8,95.5,0.1,0.0,0.1,0.2,100.0,0.0,4.5,18.7,0.7,48.4,3.8,27.4,6.0,0.3,1.6,11.8,2748.0,11.399999999999999,7.8
14050109,female,28731.0,6.3,7.7,8.3,28.1,33.8,18.0,34.0,8.0,7.3,6.0,7.2,7.5,7.2,6.6,6.1,5.5,5.5,3.7,2.7,4.2,5.0,27.4,56.5,4.9,11.2,25.3,97.0,31.0,1.7,22.8,16.2,13.0,12.4,98.4,1.0,0.3,0.1,0.1,99.9,0.3,20.9,55.5,1.2,16.4,43.9,33.0,1.5,0.2,0.9,2.9,2648.0,16.099999999999998,10.600000000000001
14050109,male,28625.0,7.0,8.3,9.3,10.7,20.4,62.8,21.9,8.5,6.8,5.7,6.4,6.6,6.9,6.3,6.2,5.4,5.9,4.6,3.0,3.1,5.3,41.5,54.7,2.6,1.2,34.4,96.8,11.9,2.4,27.3,20.4,15.6,13.9,98.7,1.2,0.3,0.1,0.1,99.8,0.3,19.0,53.8,3.1,31.4,22.2,32.3,0.6,1.3,2.9,6.1,10587.0,16.6,10.7
14050701,female,6553.0,6.6,8.0,8.5,53.8,56.9,4.3,59.5,8.7,6.1,4.3,5.5,7.5,7.0,7.2,6.2,5.6,5.9,4.2,3.5,5.3,9.9,23.6,63.6,3.2,9.6,24.6,93.8,59.7,0.7,20.8,12.9,4.7,4.0,97.5,0.2,0.0,0.0,0.1,100.0,0.2,4.8,29.5,0.0,0.0,16.0,62.8,15.0,0.0,6.3,0.0,88.0,18.900000000000002,13.0
14050701,male,6998.0,6.8,8.2,9.1,27.0,34.8,57.6,35.0,9.7,6.4,5.1,5.5,6.4,7.1,6.7,5.7,5.5,5.3,4.5,3.4,4.4,9.9,37.7,59.0,1.7,1.6,33.7,93.1,29.9,1.4,28.1,24.3,7.9,3.5,97.4,0.4,0.1,0.1,0.0,99.6,0.2,3.2,26.9,0.2,60.1,5.0,18.5,2.6,2.9,6.9,3.7,1987.0,17.6,12.3
14050705,female,7141.0,6.2,8.2,9.0,56.1,55.8,7.9,42.2,8.8,6.0,4.0,6.1,7.7,7.2,6.4,6.4,5.1,6.0,4.2,3.4,5.2,7.6,24.5,59.2,4.0,12.3,24.3,98.0,62.7,0.9,22.9,12.2,4.9,3.3,97.4,0.1,0.1,0.0,0.0,100.0,0.0,6.3,37.5,2.3,5.4,4.8,64.1,16.9,0.0,0.0,6.6,250.0,18.8,12.8
14050705,male,7453.0,6.7,8.3,9.0,32.0,39.7,61.9,32.2,9.5,6.3,5.6,5.9,7.5,6.9,6.2,5.7,5.0,5.7,4.4,3.5,3.8,7.9,40.0,56.9,1.8,1.4,35.7,95.5,35.6,2.6,26.4,20.6,7.6,3.1,98.4,0.1,0.0,0.0,0.0,99.9,0.1,4.8,34.6,2.5,45.6,5.1,39.1,2.8,2.2,2.3,0.4,2378.0,17.400000000000002,11.7
14050707,female,3167.0,7.5,8.0,8.2,57.3,56.7,8.2,46.0,9.3,5.2,4.5,5.1,7.1,7.8,6.1,6.5,5.1,5.5,4.4,4.3,5.4,13.2,22.9,60.7,3.0,13.4,23.0,98.7,63.3,2.0,21.2,10.9,6.2,3.1,99.6,0.3,0.0,0.0,0.1,99.8,0.1,14.4,46.2,0.9,7.5,12.1,70.1,5.6,0.0,0.9,2.8,107.0,19.6,14.1
14050707,male,3059.0,7.2,8.0,8.9,33.6,41.2,64.0,24.2,9.2,5.2,4.1,5.8,8.0,7.3,5.8,5.9,5.6,6.3,4.3,3.6,4.8,12.4,36.6,60.3,1.3,1.7,35.1,98.6,37.3,2.2,26.5,17.3,9.4,3.4,99.8,0.1,0.0,0.0,0.0,99.9,0.1,10.8,43.3,0.3,44.2,5.0,37.7,4.2,0.4,0.8,7.5,1123.0,19.0,12.7
14050715,female,9145.0,6.8,9.1,9.3,44.1,48.0,4.2,19.0,9.0,6.2,4.4,6.1,7.4,7.0,5.9,5.5,5.0,4.9,4.7,3.7,4.9,6.3,22.1,63.2,3.3,11.4,22.1,96.7,49.4,0.9,25.1,13.5,7.2,5.3,98.4,0.2,0.1,0.3,0.1,99.9,0.2,14.0,46.1,0.0,22.0,32.1,26.8,17.3,0.0,0.9,0.9,234.0,18.200000000000003,13.3
14050715,male,8758.0,7.7,9.8,10.8,18.7,29.1,57.2,15.2,9.5,6.3,4.2,5.0,5.9,7.0,6.5,6.1,4.7,5.2,4.1,2.9,4.5,5.7,35.5,61.5,1.7,1.4,32.3,97.6,21.4,0.8,31.2,20.9,11.7,6.3,97.6,0.4,0.0,0.1,0.0,99.8,0.4,9.8,42.0,3.2,30.7,8.2,42.9,3.3,0.8,1.1,9.8,3045.0,16.700000000000003,11.5
14050901,female,5006.0,6.8,8.9,9.7,48.9,50.2,9.6,6.5,9.8,6.4,4.8,5.9,7.8,7.3,6.4,5.6,4.6,4.5,3.8,3.4,4.4,7.6,25.5,63.3,2.4,8.7,24.3,99.2,55.2,1.5,24.8,10.6,7.0,5.9,98.6,0.0,0.0,0.1,0.1,100.0,0.0,16.8,51.5,0.0,21.0,9.3,27.7,33.5,0.0,4.3,4.3,335.0,16.1,11.6
14050901,male,5353.0,6.9,9.0,10.9,22.1,33.2,65.5,13.0,9.9,6.7,5.5,6.5,6.9,7.5,6.5,6.4,4.0,4.1,3.1,2.5,3.5,6.9,41.6,56.0,1.3,1.1,35.3,100.0,25.3,1.6,27.5,21.1,10.6,6.0,98.7,0.2,0.0,0.0,0.0,99.8,0.0,11.7,46.5,0.9,49.2,6.4,30.7,3.8,0.0,3.4,5.6,2233.0,13.2,9.1
14050903,female,5510.0,6.8,8.7,9.5,51.1,51.3,10.7,45.8,9.7,6.1,4.8,6.7,7.9,6.9,6.3,5.1,5.2,5.4,3.5,2.8,4.4,10.9,25.8,59.2,2.6,12.5,25.4,97.2,57.4,1.0,23.8,12.6,5.8,5.5,98.1,0.2,0.0,0.0,0.1,99.7,0.2,16.4,48.6,0.0,7.1,19.6,57.1,10.4,0.0,5.8,0.0,239.0,16.1,10.7
14050903,male,5969.0,6.4,8.4,9.5,33.2,39.6,62.8,23.5,9.4,6.9,5.6,6.5,8.1,7.2,6.9,5.6,4.3,5.2,3.7,2.8,3.6,12.1,41.7,54.2,1.6,2.5,35.4,96.1,37.1,1.0,25.9,20.8,7.2,5.6,98.2,0.1,0.0,0.0,0.0,99.7,0.6,10.1,43.0,7.7,25.9,8.3,36.6,4.9,1.1,10.1,5.4,2167.0,15.299999999999999,10.1
14050905,female,4280.0,6.2,7.8,8.7,54.4,55.0,4.4,27.6,9.0,5.6,5.2,6.0,7.5,7.4,7.7,6.1,4.6,5.8,4.1,3.4,4.9,10.7,22.8,63.6,2.9,10.8,23.0,95.8,60.3,0.3,24.4,10.0,5.6,4.7,98.2,0.2,0.0,0.3,0.0,100.0,0.0,10.6,44.0,5.6,8.0,35.7,48.9,1.9,0.0,0.0,0.0,106.0,18.2,12.4
14050905,male,4497.0,6.0,7.8,9.8,32.2,39.2,59.2,25.6,9.1,5.2,4.7,6.8,7.8,7.9,7.0,6.2,4.8,5.6,3.9,2.6,4.7,11.4,39.4,58.5,0.8,1.3,34.6,94.2,36.2,0.7,26.1,20.6,8.6,4.8,96.5,0.2,0.1,0.3,0.0,100.0,0.0,7.4,34.6,0.8,60.9,7.6,24.8,2.6,0.1,0.5,2.6,1510.0,16.8,11.2
14050909,female,4579.0,7.0,8.2,9.5,44.5,48.0,6.3,34.5,8.5,6.6,5.5,6.6,6.4,7.0,5.8,6.3,4.7,4.9,3.9,3.8,5.2,8.5,24.2,62.2,2.1,11.5,23.6,98.5,50.0,0.9,24.4,12.1,6.6,8.0,99.3,0.2,0.1,0.1,0.1,100.0,0.6,14.5,43.0,0.0,17.9,61.1,20.3,0.0,0.0,0.0,0.7,143.0,17.8,12.899999999999999
14050909,male,4834.0,5.9,9.0,9.0,15.6,25.7,60.7,12.7,8.7,6.2,6.3,7.1,7.7,7.0,7.7,6.2,4.0,4.5,3.8,3.1,3.7,7.6,42.9,54.6,0.9,1.6,34.0,98.6,17.4,1.4,28.1,24.6,11.1,9.1,99.1,0.3,0.3,0.1,0.2,99.8,0.3,11.5,34.4,0.0,43.2,13.5,33.7,1.1,0.0,0.4,8.1,1949.0,15.100000000000001,10.600000000000001
14051107,female,6663.0,7.0,9.0,9.7,49.8,52.4,5.9,18.1,10.1,7.2,5.3,6.5,8.2,7.4,5.6,5.2,4.1,4.3,3.4,2.8,4.1,8.9,22.9,64.3,2.4,10.3,23.4,97.6,56.2,1.1,22.1,12.8,6.8,4.8,98.6,0.1,0.1,0.0,0.0,100.0,0.0,9.4,33.4,0.0,21.4,23.8,9.0,28.5,0.0,1.8,15.5,239.0,14.6,10.299999999999999
14051107,male,7336.0,6.7,8.8,10.9,22.7,31.0,57.5,22.9,10.7,7.6,5.6,7.1,8.0,7.9,6.7,5.2,3.3,3.5,3.2,2.2,2.7,8.2,39.8,57.9,1.2,1.1,32.4,97.8,26.1,0.6,30.1,22.5,9.8,5.8,98.7,0.2,0.1,0.0,0.1,99.9,0.2,7.8,30.6,0.7,46.6,6.0,9.7,3.7,0.4,1.1,31.9,2394.0,11.600000000000001,8.100000000000001
14051111,female,17610.0,7.3,8.4,10.2,47.6,50.6,5.7,52.6,10.0,6.7,5.3,7.0,7.5,7.1,5.9,4.5,4.3,5.1,3.7,3.1,3.8,7.5,25.7,61.6,3.4,9.3,23.6,93.1,54.0,1.3,23.7,12.0,6.8,5.5,98.1,0.1,0.1,0.0,0.1,99.9,0.1,12.0,39.2,1.4,17.1,44.6,32.6,0.8,0.0,1.4,2.0,353.0,15.7,10.600000000000001
14051111,male,18963.0,6.9,8.5,10.4,19.8,30.3,60.2,41.2,10.2,7.3,5.4,6.8,7.9,7.9,6.3,5.5,3.6,4.1,3.3,2.7,3.4,8.6,41.2,56.0,1.7,1.0,34.2,93.5,22.5,1.0,27.6,23.4,11.7,6.0,97.6,0.1,0.0,0.0,0.0,99.9,0.2,7.8,34.1,0.5,49.8,10.0,24.6,4.9,0.2,3.9,6.1,4984.0,13.5,9.4
14051303,female,8628.0,8.0,9.0,9.6,46.8,49.2,9.4,43.8,8.5,7.1,6.4,6.8,8.0,6.5,6.2,4.7,4.6,4.8,3.2,2.7,3.8,7.3,21.7,65.9,2.7,9.7,24.6,95.8,52.8,1.9,22.2,12.6,8.1,6.0,99.0,0.4,0.2,0.1,0.1,99.8,0.3,12.9,41.2,0.9,12.8,32.0,36.0,9.8,0.0,3.0,5.5,333.0,14.5,9.7
14051303,male,8460.0,8.5,10.3,10.6,22.1,33.7,64.9,27.7,9.0,6.0,5.1,6.5,7.1,6.6,6.3,4.8,4.9,4.6,3.4,2.5,3.5,8.0,35.5,62.1,1.4,1.0,32.6,97.2,25.4,2.6,28.1,19.1,9.5,7.0,99.4,0.4,0.3,0.1,0.0,99.9,0.5,9.8,37.0,0.8,37.2,21.3,31.8,1.3,2.0,1.8,3.8,2803.0,14.0,9.4
14051309,female,5940.0,8.1,8.9,9.0,54.2,54.6,4.3,46.6,9.0,7.0,5.0,6.1,7.3,6.6,6.0,4.0,5.5,5.6,4.2,3.2,4.5,11.1,25.4,61.4,2.5,10.7,24.8,97.5,60.7,1.8,24.0,10.5,5.4,3.7,97.8,0.0,0.0,0.0,0.0,100.0,0.0,12.7,39.3,0.0,43.9,15.9,34.5,5.7,0.0,0.0,0.0,100.0,17.5,11.9
14051309,male,6183.0,8.2,8.7,8.8,23.1,37.4,64.8,25.6,9.0,7.9,6.8,8.5,8.2,6.0,5.5,3.9,4.0,5.1,3.5,2.4,3.4,10.7,43.3,55.1,0.7,0.9,34.6,95.7,25.7,1.6,28.0,17.0,9.5,6.5,98.8,0.2,0.0,0.0,0.0,100.0,0.0,8.3,31.1,0.0,50.1,13.6,23.0,6.4,1.4,2.2,3.3,2218.0,14.4,9.3
14051311,female,4052.0,6.9,7.8,9.2,57.4,56.7,3.2,29.3,8.2,6.3,4.0,5.2,6.8,7.1,5.9,6.2,6.2,5.9,4.4,3.2,6.6,7.7,20.2,62.3,2.9,14.6,23.8,98.4,64.0,1.7,21.2,10.6,5.6,4.1,99.2,0.1,0.0,0.0,0.0,99.6,0.3,14.7,53.3,2.9,5.7,47.1,31.4,2.9,0.0,5.7,4.3,70.0,20.1,14.2
14051311,male,3861.0,7.6,9.4,10.6,28.7,35.5,55.5,23.5,10.6,4.7,4.0,5.3,5.6,7.1,6.0,5.3,4.8,5.3,4.3,3.8,5.5,7.7,35.0,62.8,1.2,1.0,33.6,96.6,32.6,2.2,28.4,19.3,10.3,4.2,99.2,0.1,0.0,0.1,0.1,99.6,0.3,10.5,48.5,1.1,26.5,8.9,46.1,1.5,0.3,5.6,9.9,1186.0,18.9,13.6
14051313,female,4947.0,6.5,9.1,9.6,51.0,52.9,5.4,41.9,8.7,5.8,4.7,6.4,6.9,6.5,6.6,5.9,5.2,5.0,3.9,3.5,5.7,8.3,20.0,63.5,3.1,13.5,22.4,88.5,57.3,1.7,23.7,10.7,6.7,4.3,99.2,0.1,0.1,0.0,0.0,100.0,0.0,10.9,35.0,0.0,21.6,26.7,51.7,0.0,0.0,0.0,0.0,116.0,18.1,13.100000000000001
14051313,male,4724.0,7.7,9.7,10.5,24.5,32.0,55.0,45.9,9.9,5.9,4.8,5.3,6.1,6.2,5.7,5.7,5.4,4.4,4.8,3.1,4.7,7.8,38.7,58.0,1.6,1.7,35.2,96.4,27.7,2.9,29.9,19.1,11.1,5.0,99.1,0.1,0.0,0.0,0.0,100.0,0.3,6.9,39.8,0.0,29.9,17.2,51.5,0.8,0.0,0.1,0.5,1014.0,17.0,12.600000000000001
14051317,female,5798.0,6.7,8.8,9.1,54.6,56.5,4.8,63.9,8.8,5.3,4.8,6.0,7.3,7.4,7.0,5.7,5.2,6.0,3.8,3.2,4.8,9.1,21.0,61.2,4.0,13.8,21.5,94.8,61.2,1.2,22.4,10.8,5.6,3.5,95.8,0.2,0.0,0.0,0.0,100.0,0.0,10.6,32.1,0.0,6.5,37.6,55.9,0.0,0.0,0.0,0.0,76.0,17.8,11.8
14051317,male,5875.0,7.8,9.3,10.1,23.1,37.2,59.6,59.5,9.2,6.0,4.9,6.7,6.6,6.3,6.1,6.5,4.7,4.8,3.9,3.2,4.0,9.3,37.9,58.8,2.1,1.2,34.5,96.5,26.1,1.1,28.6,18.9,8.8,5.3,96.0,0.1,0.0,0.4,0.0,100.0,0.0,9.0,27.5,2.8,38.6,17.9,36.3,1.4,0.0,1.6,1.3,1031.0,15.899999999999999,11.1
14051319,female,6855.0,7.1,9.0,10.5,53.7,54.6,2.5,21.0,9.3,6.3,4.8,5.5,6.2,7.0,6.1,6.8,4.9,5.3,3.3,3.3,4.6,10.3,24.9,57.9,3.9,13.3,25.1,99.2,61.3,0.8,22.3,11.6,6.9,3.8,96.7,0.2,0.3,0.2,0.2,100.0,0.2,14.3,43.1,0.0,7.8,68.3,23.8,0.0,0.0,0.0,0.0,98.0,16.5,11.2
14051319,male,6560.0,6.9,9.8,10.5,28.1,42.0,40.0,42.3,9.6,6.3,4.6,5.9,7.3,6.5,5.6,5.8,4.5,5.5,3.6,3.2,4.5,10.7,37.6,60.0,1.5,0.8,34.3,95.9,31.6,1.3,28.8,15.1,8.8,4.0,97.8,0.1,0.1,0.1,0.0,99.9,0.0,7.0,34.5,0.9,38.6,18.2,31.4,0.7,0.8,0.4,8.9,1102.0,16.8,11.3
15110101,female,16911.0,7.0,8.2,8.3,22.7,29.9,20.8,30.9,7.0,7.5,7.2,7.5,7.4,6.6,5.8,6.0,5.3,5.4,4.0,3.0,3.8,4.8,27.5,55.8,5.4,11.2,26.5,94.9,25.0,1.6,27.3,17.7,11.4,12.1,98.8,2.4,0.8,3.7,0.1,99.6,0.8,21.1,58.7,2.8,17.7,20.5,54.4,1.6,0.6,0.7,1.8,1858.0,16.2,10.8
15110101,male,17064.0,7.6,8.9,8.5,9.3,18.5,69.9,18.5,7.3,7.0,6.9,7.8,7.4,7.2,5.6,5.7,4.9,5.3,4.0,2.8,3.0,4.6,42.0,53.8,3.0,1.3,32.9,98.0,10.2,2.0,31.8,21.3,13.7,12.8,99.0,2.2,0.7,4.0,0.1,99.5,0.8,20.2,56.3,3.2,31.8,14.9,43.2,1.7,0.6,2.1,2.5,7276.0,15.100000000000001,9.8
15110109,female,43119.0,10.6,11.2,9.6,17.5,29.5,29.2,15.5,7.0,8.5,9.8,10.3,9.3,7.3,4.9,3.4,2.4,2.5,1.5,0.9,0.9,2.6,25.6,65.2,4.4,4.7,23.5,97.9,19.7,1.4,26.6,17.9,13.2,11.4,98.4,3.8,2.2,3.7,0.1,99.7,1.7,23.0,57.1,0.6,5.5,13.1,77.5,0.9,0.2,0.7,1.4,7295.0,5.800000000000001,3.3
15110109,male,45554.0,11.3,11.8,9.7,8.6,24.9,80.4,11.5,6.9,6.6,7.6,9.6,10.0,8.4,5.8,4.2,2.5,2.2,1.6,1.0,0.9,2.6,35.6,62.1,1.8,0.5,30.6,96.5,9.5,1.7,26.9,21.3,14.6,10.6,98.5,4.2,2.5,3.2,0.1,99.6,1.9,20.9,54.9,2.4,16.3,7.3,65.8,0.5,0.6,2.6,4.4,21760.0,5.700000000000001,3.5
15110303,female,2238.0,7.6,9.1,9.6,40.2,43.8,11.6,25.1,6.3,6.5,6.4,6.5,7.9,7.2,5.7,6.6,3.6,4.6,3.6,3.2,5.7,6.0,24.0,61.2,3.0,11.7,25.9,91.2,45.4,2.2,26.5,13.3,7.4,6.8,99.2,0.7,0.0,2.1,0.1,98.9,0.4,15.9,59.8,1.4,21.0,9.8,62.9,2.8,0.0,2.1,0.0,143.0,17.099999999999998,12.5
15110303,male,2389.0,7.9,8.7,8.7,21.8,28.3,68.3,21.8,7.1,6.7,5.2,6.3,8.0,8.3,7.4,6.0,4.8,4.3,3.3,3.4,3.9,4.9,41.4,55.4,1.9,1.3,34.8,89.1,24.1,2.1,31.4,24.4,8.7,5.1,99.4,0.9,0.3,1.3,0.0,99.4,0.3,10.9,61.2,1.6,28.7,6.3,53.2,0.5,0.0,8.5,1.2,950.0,14.9,10.6
15110311,female,2372.0,8.2,8.8,8.9,46.6,48.6,19.7,17.9,8.2,7.4,6.1,6.2,7.0,6.8,6.5,5.2,5.1,3.9,3.8,2.8,5.2,3.6,24.6,62.9,2.5,10.1,24.7,98.9,52.1,1.0,29.6,11.8,5.6,3.4,99.6,0.5,0.0,3.4,0.0,99.3,0.2,11.6,46.8,0.7,29.1,2.8,41.8,23.5,0.4,1.8,0.0,285.0,15.7,11.8
15110311,male,2656.0,8.1,8.6,8.6,30.0,41.6,78.5,7.8,8.3,7.8,7.5,7.5,6.7,6.6,5.3,5.5,4.9,5.1,3.2,2.3,4.0,4.6,44.0,53.8,1.1,1.2,33.7,96.7,33.3,1.3,32.4,17.3,4.1,3.4,99.8,0.3,0.1,2.9,0.0,99.7,0.2,7.5,35.4,1.3,30.3,3.2,54.7,5.8,0.4,4.2,0.1,1434.0,14.600000000000001,9.5
15110313,female,5030.0,9.6,11.0,10.2,45.2,46.0,22.7,15.7,7.6,7.0,6.6,7.0,7.5,5.6,5.0,5.0,4.3,4.1,3.8,1.9,3.7,6.5,26.4,61.7,2.0,9.9,24.4,99.1,51.7,2.3,28.4,14.0,5.6,3.7,99.3,0.2,0.1,2.4,0.0,99.5,0.5,7.9,42.4,0.0,38.3,5.1,24.6,31.7,0.0,0.2,0.2,666.0,13.5,9.399999999999999
15110313,male,5585.0,9.5,11.4,10.3,24.1,31.9,79.1,9.7,8.2,6.7,6.8,6.5,7.2,6.4,5.7,4.4,4.0,4.2,3.5,2.3,2.8,6.2,42.7,53.6,2.0,1.7,33.3,98.7,27.6,2.8,34.0,21.3,6.9,3.2,99.6,0.3,0.1,1.5,0.1,99.7,0.2,5.4,37.6,0.7,52.2,4.0,33.8,7.3,0.1,1.5,0.5,2742.0,12.8,8.6
15110315,female,6178.0,7.8,9.3,9.1,45.2,46.0,30.4,16.0,7.7,7.1,6.0,6.0,7.0,6.8,6.4,5.4,5.5,4.9,3.9,2.6,4.4,11.1,29.3,56.5,3.0,11.2,24.1,96.2,50.7,1.8,27.2,12.5,7.3,5.1,99.1,0.2,0.7,0.6,0.0,99.3,0.4,12.8,45.0,0.4,33.4,2.2,23.8,39.2,0.0,0.7,0.4,1165.0,15.8,10.9
15110315,male,6657.0,8.3,8.9,8.6,25.2,33.5,81.4,13.2,7.2,7.1,6.3,7.0,7.0,6.5,6.4,5.9,5.1,5.0,3.8,3.2,3.7,9.0,42.2,53.8,1.9,2.1,32.9,95.3,27.5,3.0,32.0,20.8,6.2,4.6,98.8,0.8,0.5,1.1,0.2,99.8,0.1,8.1,31.2,1.8,34.7,6.2,45.0,10.1,0.0,1.7,0.4,3492.0,15.7,10.7
15110501,female,1222.0,7.5,10.6,9.1,51.1,47.6,11.5,21.6,7.8,7.9,7.2,6.6,4.7,5.8,7.0,5.6,4.6,4.5,3.1,2.9,4.9,12.9,26.2,63.6,1.1,9.1,24.9,98.6,57.3,3.1,31.3,11.5,3.3,3.2,99.8,0.2,0.0,0.2,0.0,100.0,0.0,8.8,42.9,0.0,38.8,13.8,36.3,10.0,0.0,1.3,0.0,80.0,15.4,10.9
15110501,male,1458.0,7.9,9.5,10.1,25.9,45.1,74.5,24.6,7.5,9.0,7.7,6.0,6.7,6.5,5.0,5.8,4.4,4.0,3.5,2.6,4.0,12.2,45.4,51.9,1.7,1.0,34.9,98.8,29.1,3.0,31.9,14.6,2.6,2.7,99.7,0.2,0.1,0.1,0.2,99.8,0.1,4.0,29.1,0.5,37.2,7.4,37.2,5.1,0.2,12.0,0.5,594.0,14.1,10.1
15110505,female,3383.0,10.9,10.6,10.2,39.4,45.5,8.9,26.3,8.8,6.9,7.9,7.2,8.4,6.4,5.3,4.6,3.2,3.4,2.0,1.8,2.5,3.7,24.9,66.3,1.4,7.3,23.9,98.4,44.9,0.8,32.4,13.5,5.1,2.6,99.6,0.3,0.5,2.5,0.0,99.9,0.1,6.8,44.6,0.0,19.2,11.3,62.9,6.6,0.0,0.0,0.0,151.0,9.7,6.3
15110505,male,3880.0,9.8,11.6,10.8,25.0,40.2,74.2,24.4,8.8,7.1,6.8,7.4,7.6,7.4,5.5,3.9,3.7,3.2,2.3,1.6,2.4,3.5,40.5,57.4,1.1,1.0,32.3,97.9,28.7,1.3,33.1,18.0,4.9,2.4,99.7,0.2,0.3,2.0,0.0,99.8,0.2,4.6,38.6,0.3,25.3,4.3,65.7,3.3,0.5,0.5,0.1,1475.0,9.5,6.3
15110507,female,2092.0,7.4,8.2,10.1,40.0,44.8,10.3,9.4,9.6,7.6,6.6,6.9,7.1,6.4,6.0,5.8,4.3,5.0,3.1,2.2,3.9,3.0,30.5,56.8,1.2,11.5,25.9,98.4,45.5,1.3,29.3,13.1,7.0,4.4,100.0,0.9,0.1,1.0,0.0,99.9,0.0,9.7,42.7,0.0,9.0,17.2,71.0,2.1,0.0,0.7,0.0,145.0,14.200000000000001,9.200000000000001
15110507,male,2377.0,7.3,8.7,10.2,21.2,43.4,63.6,21.6,9.2,8.5,7.8,6.8,6.9,5.9,6.2,4.0,4.6,5.1,3.6,2.4,2.9,4.5,47.9,50.3,0.9,0.8,34.7,97.4,24.0,2.0,29.2,15.8,6.6,2.9,99.9,0.7,0.1,0.8,0.0,99.8,0.2,7.2,34.4,0.6,41.1,9.6,42.5,3.4,0.1,2.6,0.0,875.0,14.0,8.9
15110517,female,9093.0,10.5,12.8,10.9,27.9,39.1,12.9,15.5,7.5,8.0,7.3,8.6,8.8,6.7,5.2,4.0,2.8,2.6,1.6,1.0,1.7,2.0,22.8,70.4,2.1,4.7,22.8,98.2,32.5,1.8,33.0,14.9,7.9,3.3,98.7,1.4,1.8,4.2,0.0,99.6,0.8,5.6,35.1,0.0,11.8,7.1,77.7,3.5,0.0,0.0,0.0,656.0,6.9,4.3
15110517,male,9959.0,10.5,11.8,10.6,17.5,36.1,73.7,12.6,8.1,6.2,6.3,7.9,8.6,7.8,6.4,4.6,3.5,3.2,1.7,1.1,1.7,3.3,34.9,63.5,1.3,0.3,29.5,95.5,20.0,2.7,31.0,19.8,6.3,4.0,99.3,1.5,1.7,4.4,0.0,99.8,0.4,5.5,31.7,0.9,25.1,5.5,65.0,1.3,0.9,0.9,0.4,4298.0,7.7,4.5
15110519,female,12094.0,11.2,12.1,11.0,27.8,36.8,18.4,18.3,7.4,7.4,7.6,9.0,8.9,7.2,5.1,3.9,2.7,2.6,1.5,1.1,1.3,3.8,21.9,70.9,2.3,4.9,23.5,98.5,32.4,1.2,31.9,18.2,7.5,4.4,98.1,3.0,1.3,3.1,0.0,99.8,0.7,5.9,33.2,3.2,4.5,6.1,84.0,0.7,0.5,0.0,1.0,1191.0,6.499999999999999,3.9000000000000004
15110519,male,13207.0,10.9,11.9,11.4,15.2,31.1,75.2,17.5,7.5,6.8,6.4,7.2,8.7,8.2,5.6,4.6,2.9,3.0,2.0,1.3,1.3,3.8,35.1,63.2,1.0,0.7,30.2,97.1,17.6,1.4,31.7,23.4,8.8,3.5,98.7,3.0,1.1,3.2,0.1,99.9,0.4,3.7,31.0,4.7,16.8,3.6,67.8,0.8,0.9,1.6,3.8,5393.0,7.6,4.6
15710107,female,5790.0,7.5,10.0,9.5,31.5,37.8,18.9,41.5,7.8,7.2,7.7,7.5,6.9,7.7,5.9,5.4,4.3,4.6,2.4,2.2,3.4,3.9,27.4,60.6,2.9,9.1,23.0,98.6,35.6,1.0,28.8,15.4,7.5,9.6,99.5,1.1,0.6,1.9,0.0,99.7,0.6,22.1,59.5,3.8,34.3,34.3,19.3,8.3,0.0,0.0,0.0,469.0,12.6,8.0
15710107,male,5598.0,8.9,9.2,10.0,17.9,30.4,72.4,34.3,7.9,6.8,5.4,6.4,7.8,6.9,6.0,6.4,4.6,4.9,3.3,2.2,3.4,5.2,37.5,59.4,1.5,1.6,32.0,99.3,20.3,1.5,30.2,21.5,7.3,9.2,99.5,0.8,0.8,1.6,0.0,100.0,0.5,17.2,56.0,3.6,43.7,20.0,26.5,2.8,1.0,1.0,1.4,1904.0,13.799999999999999,8.9
15710111,female,212101.0,6.3,8.1,8.6,21.9,29.6,23.7,32.5,7.7,7.3,7.1,7.9,7.7,7.3,6.4,5.8,5.3,5.2,3.6,2.5,3.4,4.8,31.2,55.2,4.4,9.2,26.3,97.1,24.3,1.3,24.8,16.7,13.1,14.6,98.9,1.1,0.6,5.1,0.0,99.6,0.6,22.9,57.4,1.7,12.4,26.3,55.7,1.0,0.2,1.1,1.7,26169.0,14.700000000000001,9.5
15710111,male,206937.0,6.9,8.9,9.2,10.1,22.3,69.5,23.3,7.9,7.1,6.5,7.5,7.7,7.3,6.2,5.7,4.9,5.0,3.7,2.6,3.0,4.8,41.7,55.0,2.3,1.1,33.1,96.8,11.2,1.6,27.5,21.1,13.9,13.7,98.8,1.3,0.8,4.7,0.1,99.7,0.6,18.7,53.9,3.8,28.6,13.7,47.5,0.8,0.7,2.4,2.4,82715.0,14.299999999999999,9.3
15710301,female,3683.0,9.2,9.9,10.3,41.9,50.7,13.1,5.0,7.9,7.7,6.0,8.0,6.2,6.6,6.1,5.1,4.5,3.9,2.5,2.4,3.7,6.6,30.2,59.5,1.2,9.1,25.4,98.6,47.8,1.3,30.3,10.3,4.6,2.9,99.3,0.3,0.0,0.5,0.1,99.8,0.2,5.7,27.8,0.0,31.3,5.0,17.0,44.9,0.0,1.9,0.0,323.0,12.5,8.600000000000001
15710301,male,3767.0,9.1,9.8,9.6,23.6,50.6,72.3,19.5,8.4,8.2,6.8,7.8,6.6,5.8,5.6,5.3,4.2,3.6,3.0,2.5,3.7,6.7,40.6,57.1,0.9,1.5,30.8,96.5,26.4,1.1,27.2,13.6,4.8,2.8,99.4,0.3,0.1,0.3,0.1,100.0,0.0,3.5,20.7,0.7,34.6,6.3,46.7,3.9,0.3,6.5,1.0,1565.0,12.8,9.2
15710303,female,1025.0,10.5,9.3,9.7,50.4,55.8,12.0,17.2,8.8,7.4,6.0,5.6,6.3,4.7,6.1,4.6,4.9,4.6,2.9,3.9,4.8,11.5,28.2,61.7,0.7,9.4,23.8,97.4,57.1,1.1,25.2,10.0,5.8,2.2,98.2,0.4,0.0,0.0,0.2,100.0,0.5,7.6,39.5,0.0,20.8,0.0,20.8,43.1,0.0,15.3,0.0,72.0,16.2,11.6
15710303,male,1074.0,8.8,10.0,8.9,23.9,57.7,71.8,10.6,9.0,8.5,6.4,6.5,6.3,5.9,5.7,4.7,4.3,4.9,2.1,2.5,5.3,8.9,42.5,55.9,0.8,0.8,33.4,97.6,26.8,0.6,25.8,11.9,3.1,0.9,98.6,0.6,0.0,0.0,0.2,100.0,0.0,2.4,22.1,0.0,40.2,7.8,44.0,4.6,0.0,3.4,0.0,498.0,14.8,9.899999999999999
15710305,female,3034.0,8.6,10.7,11.4,49.4,53.7,21.0,1.1,10.2,7.6,6.2,6.2,6.3,6.5,4.7,5.2,3.8,3.8,2.8,2.4,3.6,6.8,30.5,60.1,0.8,8.6,26.7,96.7,57.5,1.9,29.6,10.3,3.1,1.4,99.4,0.1,0.1,0.0,0.0,99.9,0.1,2.7,46.4,0.0,24.5,2.1,15.8,53.7,0.0,3.9,0.0,436.0,12.6,8.799999999999999
15710305,male,3204.0,8.7,9.7,10.6,18.2,59.5,76.4,2.9,10.0,8.6,7.9,8.0,6.6,5.2,5.1,4.5,3.2,3.3,2.5,2.2,3.6,7.0,43.2,54.9,0.7,1.2,32.5,96.9,20.8,2.1,24.6,10.0,2.7,1.1,99.4,0.0,0.0,0.0,0.0,99.9,0.1,2.3,23.8,0.6,60.9,4.1,12.2,19.1,0.1,2.8,0.2,1686.0,11.6,8.3
15710307,female,3063.0,7.7,8.9,9.8,45.9,54.1,6.2,5.7,9.5,7.7,6.3,7.0,7.8,5.9,6.1,5.5,4.4,4.9,2.7,2.0,3.6,7.4,33.6,58.2,0.8,7.5,28.6,97.2,51.8,0.9,28.2,9.4,4.3,3.1,98.8,0.1,0.0,0.2,0.0,99.8,0.3,7.1,24.9,0.0,11.4,10.6,62.1,15.2,0.0,0.0,0.8,132.0,13.200000000000001,8.3
15710307,male,3360.0,7.2,8.6,10.4,25.8,57.2,73.6,16.0,9.6,8.4,7.6,6.4,6.4,5.1,5.8,5.2,4.5,4.6,3.8,2.3,4.2,9.3,45.0,52.8,0.5,1.7,34.2,98.5,29.3,1.3,24.7,11.7,3.2,2.0,99.2,0.1,0.0,0.2,0.0,99.9,0.1,4.2,17.8,0.2,45.8,4.6,34.0,13.1,0.2,0.7,1.4,1528.0,14.899999999999999,10.3
15710309,female,1943.0,9.0,10.7,9.7,37.4,43.8,13.9,8.9,8.7,7.6,5.2,7.8,7.6,6.1,5.4,5.1,3.7,3.9,3.2,2.8,3.4,8.3,24.4,62.8,2.0,10.7,22.3,98.8,42.3,1.9,28.7,11.6,8.7,5.2,99.8,0.4,0.2,5.1,0.1,99.9,0.0,33.4,81.6,0.0,34.5,6.9,32.8,25.3,0.0,0.6,0.0,174.0,13.299999999999999,9.4
15710309,male,2183.0,9.2,10.4,9.8,21.3,38.4,76.1,4.1,7.7,6.3,6.6,7.3,6.5,6.7,6.3,5.1,4.6,4.4,3.8,2.1,3.4,7.6,39.8,57.8,1.4,1.0,31.8,98.2,24.1,1.6,33.4,15.0,7.1,4.5,99.4,0.9,0.3,4.1,0.1,100.0,0.2,23.3,72.2,1.7,40.6,7.1,39.8,6.7,2.5,1.5,0.2,1122.0,13.7,9.3
15710311,female,2291.0,9.7,11.9,12.0,46.4,52.6,42.2,8.3,10.3,7.9,6.1,7.8,6.6,5.4,4.4,4.0,4.2,3.8,1.9,1.7,2.4,5.5,33.8,59.5,0.4,6.2,26.4,98.7,54.5,2.4,30.0,10.0,3.9,1.0,98.9,0.0,0.0,0.0,0.0,99.9,0.1,2.4,23.2,0.0,16.5,0.8,2.5,79.8,0.3,0.0,0.0,589.0,9.799999999999999,6.0
15710311,male,2368.0,9.8,10.9,10.8,28.8,58.6,78.7,5.3,9.0,8.2,8.2,7.8,6.8,6.1,4.3,3.6,3.6,4.0,2.1,2.4,2.4,5.4,43.8,54.9,0.4,0.9,32.3,97.4,33.0,1.9,26.4,9.0,2.5,1.6,99.1,0.3,0.0,0.0,0.1,99.9,0.0,2.1,15.2,0.0,65.2,3.1,6.4,24.3,0.0,1.0,0.1,1207.0,10.9,6.9
15710315,female,5236.0,7.5,9.4,9.3,35.1,41.9,15.5,24.0,8.0,7.1,7.4,8.8,7.4,7.6,5.8,5.1,4.4,4.3,3.1,1.8,3.2,3.2,32.3,58.8,2.4,6.5,28.2,95.7,39.5,1.3,28.4,14.8,6.2,7.4,99.3,1.1,0.5,4.3,0.0,99.7,0.7,10.8,49.8,3.8,28.8,11.2,36.5,8.9,0.0,1.5,9.3,456.0,12.400000000000002,8.100000000000001
15710315,male,5638.0,8.4,9.5,9.7,19.7,38.1,73.7,17.3,8.0,7.1,6.6,7.5,7.7,6.8,6.3,5.2,4.7,4.2,3.4,2.3,2.7,3.1,43.8,54.3,0.7,1.1,35.1,95.8,22.0,2.8,29.4,19.9,4.4,5.5,99.4,1.3,1.1,3.2,0.0,100.0,0.1,6.3,40.0,1.2,33.3,4.4,45.6,2.5,0.9,2.2,10.0,2485.0,12.599999999999998,8.399999999999999
15710317,female,3656.0,8.2,10.2,10.6,37.0,43.1,10.4,40.1,9.6,6.8,7.1,8.0,7.7,6.6,6.0,4.9,3.8,3.6,2.0,2.1,2.8,3.6,30.3,59.4,1.3,9.0,25.3,98.7,42.4,2.2,29.7,13.3,6.8,4.9,99.4,0.4,0.1,0.4,0.0,99.7,0.2,12.0,42.7,0.0,37.9,11.2,42.2,5.6,0.0,1.9,1.2,161.0,10.5,6.8999999999999995
15710317,male,3963.0,9.3,10.3,10.6,17.9,44.0,73.8,19.8,9.0,6.6,8.2,6.7,7.4,6.9,5.5,5.1,4.0,3.4,2.5,1.8,2.7,4.3,44.6,53.8,0.7,1.0,33.3,98.1,20.4,3.6,27.5,15.9,6.1,2.9,99.3,0.3,0.1,0.3,0.0,99.8,0.1,6.8,29.4,0.2,25.6,6.2,62.7,2.2,0.4,1.4,1.2,1636.0,10.4,7.0
15710319,female,4219.0,8.4,9.9,10.2,44.2,48.5,11.9,11.1,8.8,7.6,7.0,8.0,7.0,6.0,4.8,5.7,4.6,3.6,2.7,2.2,3.5,4.3,32.1,57.7,1.9,8.3,25.5,95.9,50.1,2.2,28.9,12.3,4.3,3.8,99.4,0.3,0.0,0.5,0.0,99.8,0.1,8.8,46.4,0.0,41.6,3.1,41.6,12.5,0.6,0.3,0.3,320.0,12.0,8.4
15710319,male,4480.0,8.7,9.8,9.9,20.5,50.3,72.8,20.5,9.9,8.6,7.9,7.6,6.8,6.0,4.6,4.3,3.6,3.3,2.7,2.7,3.5,4.9,45.0,52.8,1.0,1.2,31.7,98.3,23.1,2.6,25.0,15.9,3.5,2.6,99.3,0.3,0.0,0.4,0.0,99.9,0.1,3.7,31.5,0.2,33.1,7.0,54.4,4.5,0.3,0.5,0.1,1856.0,12.2,8.9
15710321,female,4133.0,10.3,11.3,10.2,42.2,50.9,13.3,5.9,8.8,7.4,8.6,8.2,7.1,6.0,4.0,4.8,3.5,3.3,2.4,1.5,2.7,4.4,27.3,66.0,1.1,5.6,25.5,94.8,48.4,0.0,34.1,9.2,3.2,2.5,98.8,0.1,0.0,0.1,0.0,99.9,0.0,12.0,47.5,0.3,24.6,4.0,19.8,50.8,0.0,0.6,0.0,354.0,9.899999999999999,6.6
15710321,male,4600.0,10.0,10.5,9.8,23.0,61.6,78.4,10.7,8.4,7.9,8.8,8.3,7.2,5.7,4.3,4.4,3.7,3.5,2.7,2.0,2.9,4.8,40.6,57.2,0.8,1.4,31.3,93.1,25.7,0.3,24.5,9.0,2.4,2.2,98.9,0.0,0.1,0.2,0.0,99.7,0.3,5.8,28.5,0.4,54.1,5.0,26.0,13.2,0.2,0.8,0.2,2242.0,11.1,7.6
15710501,female,5684.0,8.6,11.3,10.5,43.2,47.9,42.9,7.0,9.9,8.3,8.1,7.2,6.8,6.2,5.0,4.5,3.4,3.4,2.3,1.6,2.7,4.0,35.8,56.5,0.7,7.0,26.7,96.0,49.7,1.6,29.2,12.0,4.9,4.5,99.4,0.2,0.1,0.1,0.1,100.0,0.0,14.9,53.5,0.6,17.4,0.7,8.6,72.8,0.0,0.0,0.0,1577.0,10.0,6.6
15710501,male,6193.0,7.9,9.7,10.6,25.9,46.7,81.0,6.9,9.7,8.9,8.1,7.8,6.6,6.2,5.4,4.2,4.1,3.9,2.1,1.7,3.2,5.2,45.4,52.0,1.2,1.4,33.1,99.2,29.5,1.7,25.5,17.3,5.0,3.7,99.6,0.0,0.3,0.0,0.0,100.0,0.0,9.1,38.5,2.1,51.7,3.1,24.5,16.7,0.2,1.5,0.2,3352.0,10.9,7.0
15710505,female,5097.0,9.1,10.0,9.8,50.5,53.0,29.7,2.8,9.2,7.9,7.3,6.7,7.0,6.6,4.8,4.7,3.6,4.1,2.9,2.0,4.3,5.5,32.0,58.6,1.1,8.3,28.0,98.3,57.3,1.3,29.3,9.6,3.7,3.1,99.4,0.0,0.0,0.0,0.0,99.8,0.0,17.8,77.6,0.0,14.7,1.8,3.2,79.9,0.2,0.2,0.0,1045.0,13.3,9.2
15710505,male,5778.0,8.9,9.8,9.2,27.3,49.4,78.3,6.2,9.3,8.2,8.1,8.3,7.4,5.9,4.9,4.2,3.2,3.8,2.8,2.3,3.6,5.8,47.4,50.6,1.0,1.1,34.5,96.9,30.5,2.0,29.3,14.6,3.1,1.7,99.3,0.0,0.0,0.1,0.0,99.9,0.1,8.5,56.4,0.3,56.3,3.2,15.4,23.5,0.5,0.8,0.1,3054.0,12.499999999999998,8.7
15710507,female,11196.0,8.5,10.3,10.1,38.5,44.6,14.0,43.7,7.9,6.9,7.0,8.1,8.8,7.7,5.9,4.5,3.7,3.6,2.3,1.9,2.8,3.2,27.5,63.1,2.2,7.2,25.2,96.9,43.9,1.0,29.3,14.7,5.3,5.1,98.5,1.1,0.7,2.2,0.0,99.8,1.0,8.4,33.8,0.0,27.1,3.8,57.2,8.3,2.2,0.6,0.8,628.0,10.600000000000001,6.999999999999999
15710507,male,11789.0,9.1,10.5,9.5,23.7,40.5,77.6,30.1,8.3,6.7,6.4,7.3,8.3,7.8,6.3,5.0,4.0,3.8,2.6,1.8,2.6,4.5,39.6,58.4,1.1,1.0,32.2,94.5,26.7,1.7,29.9,19.8,4.9,3.2,98.6,1.2,0.7,2.2,0.1,99.9,0.9,4.6,29.7,2.6,29.4,5.2,56.2,0.8,3.2,1.3,1.3,4531.0,10.8,7.0
15710513,female,2373.0,8.3,10.2,11.3,49.0,53.6,57.5,0.2,9.2,8.2,6.7,8.5,6.7,5.6,4.9,4.4,3.9,4.0,2.7,2.0,3.3,4.0,31.9,60.6,0.7,6.8,28.2,97.8,56.8,0.7,25.8,13.4,4.5,2.0,99.8,0.0,0.0,0.2,0.0,100.0,0.0,14.1,56.8,0.0,12.6,0.5,1.5,85.5,0.0,0.0,0.0,956.0,12.0,8.0
15710513,male,2631.0,7.7,9.6,9.9,24.7,55.6,84.1,1.1,7.9,8.8,7.9,9.5,8.2,6.2,4.8,3.9,3.3,4.2,2.9,1.7,3.5,4.6,46.0,53.0,0.4,0.7,34.4,99.1,27.9,1.3,23.4,16.5,2.2,1.1,99.7,0.0,0.0,0.0,0.0,100.0,0.1,4.8,32.4,0.2,68.0,3.3,3.8,24.0,0.3,0.6,0.0,1589.0,12.299999999999999,8.1
15710515,female,5118.0,8.0,10.1,10.6,44.6,47.4,29.0,8.7,10.9,8.2,6.9,6.5,6.7,7.5,5.5,5.3,3.2,3.1,2.2,2.0,3.1,3.4,33.3,57.9,1.3,7.5,25.5,98.3,51.3,0.8,29.2,13.9,5.1,3.6,98.1,0.0,0.0,0.0,0.0,100.0,0.0,17.6,65.7,0.7,44.1,0.8,3.3,51.1,0.0,0.0,0.0,964.0,10.4,7.300000000000001
15710515,male,5347.0,8.9,11.1,10.0,28.6,50.3,74.4,16.1,10.3,8.7,6.0,6.2,6.7,6.5,5.8,4.7,3.7,3.9,2.5,1.6,3.6,4.5,42.8,55.2,0.2,1.8,31.7,97.8,32.7,0.4,28.4,15.4,4.1,1.4,99.1,0.3,0.0,0.0,0.1,100.0,0.0,8.1,48.0,0.0,50.7,2.8,29.5,15.5,0.5,0.2,0.8,2339.0,11.6,7.699999999999999
15710517,female,5040.0,7.9,10.1,11.1,29.8,38.5,10.0,21.7,8.4,7.3,8.0,7.8,7.4,6.6,5.4,5.2,4.0,4.4,2.4,1.9,2.1,2.9,29.4,60.9,2.5,7.2,24.9,96.5,34.4,0.5,29.8,15.3,8.9,6.9,99.0,0.7,0.5,4.0,0.0,99.6,1.0,12.2,35.5,0.4,11.4,16.0,70.5,1.1,0.0,0.0,0.7,281.0,10.8,6.4
15710517,male,5075.0,8.6,9.4,9.8,16.6,38.4,67.5,20.6,8.1,6.5,7.2,8.4,7.9,7.3,5.3,5.2,4.0,4.7,2.9,2.1,2.6,3.8,41.2,56.8,1.1,0.8,33.1,94.6,18.7,0.4,26.9,18.7,9.4,6.2,99.1,0.5,0.4,3.9,0.0,99.7,1.4,9.6,32.2,1.2,31.3,7.7,57.2,1.4,0.2,0.7,0.4,1963.0,12.299999999999999,7.6
15710519,female,2101.0,8.1,8.8,9.8,54.3,60.2,34.7,0.2,11.1,10.0,7.9,6.5,6.6,5.4,4.2,4.9,4.0,4.0,3.2,2.4,3.1,7.6,39.5,52.5,0.9,7.1,29.1,92.8,60.1,0.2,28.4,7.9,2.3,1.0,99.9,0.0,0.0,0.0,0.0,100.0,0.1,7.0,36.5,0.2,7.3,0.0,4.7,87.6,0.0,0.0,0.2,534.0,12.7,8.7
15710519,male,2582.0,6.7,7.1,10.1,31.6,62.8,81.1,1.4,10.7,10.1,11.0,8.9,7.0,5.5,4.1,4.4,3.0,3.3,2.2,2.9,2.9,6.9,56.8,41.3,0.8,1.1,37.3,88.3,33.8,0.2,25.4,8.8,1.5,1.2,99.7,0.1,0.0,0.0,0.0,100.0,0.0,1.9,21.7,0.1,44.2,1.5,5.9,46.8,0.2,1.1,0.1,1571.0,11.3,8.0
15710523,female,6610.0,8.8,9.8,9.8,29.0,40.0,11.5,31.0,8.9,8.4,7.5,8.0,7.8,7.0,5.6,4.9,3.9,3.4,2.5,1.5,2.2,5.0,28.0,60.6,2.6,8.8,25.0,95.8,32.8,1.6,29.9,15.5,6.8,6.3,99.6,0.5,1.0,2.9,0.2,100.0,0.5,13.7,42.4,0.0,6.7,7.3,83.0,3.0,0.0,0.0,0.0,376.0,9.600000000000001,6.2
15710523,male,6862.0,8.9,10.3,9.6,15.9,36.2,72.9,21.3,9.1,7.7,6.9,7.7,7.9,7.0,5.8,5.5,3.7,4.0,2.4,1.7,2.1,5.0,40.2,58.3,0.8,0.7,31.9,93.7,17.9,1.8,32.6,20.2,5.8,3.4,99.7,0.5,1.1,1.3,0.5,100.0,0.0,8.3,38.6,1.7,28.4,4.8,61.5,1.1,1.4,0.2,0.9,2806.0,10.2,6.199999999999999
15710525,female,6079.0,8.9,11.0,10.8,48.8,54.8,7.6,57.8,10.3,9.0,7.7,7.4,6.9,5.8,4.7,4.4,3.0,3.4,2.2,1.9,2.6,8.8,30.1,63.2,1.3,5.4,24.8,91.9,55.5,1.4,29.7,8.4,3.4,2.4,99.0,0.2,0.0,0.4,0.0,99.6,0.4,6.4,33.1,4.4,14.8,14.6,25.8,37.5,0.0,0.0,3.0,136.0,10.1,6.699999999999999
15710525,male,6772.0,9.2,10.3,11.4,29.3,57.7,76.2,43.7,9.9,9.2,7.7,8.0,6.1,6.4,4.8,3.8,2.9,3.3,2.4,1.9,2.6,8.3,42.6,55.8,0.7,0.9,31.2,88.2,33.1,2.3,25.9,10.4,1.8,1.9,99.2,0.2,0.0,0.5,0.0,99.9,0.0,2.2,19.7,4.8,51.0,8.1,20.4,6.5,1.4,2.6,5.1,2005.0,10.2,6.9
15710527,female,3997.0,9.6,10.4,10.9,48.8,51.1,19.0,4.0,9.1,7.8,7.5,7.1,7.5,6.1,5.3,4.1,2.9,3.6,3.0,2.0,3.3,6.4,33.0,56.9,1.3,8.7,26.1,97.5,55.7,0.7,30.4,11.1,3.5,3.3,99.6,0.1,0.0,1.5,0.1,99.8,0.2,4.2,10.4,0.0,15.3,2.6,12.1,68.0,0.0,2.0,0.0,503.0,11.899999999999999,8.3
15710527,male,4217.0,9.2,10.8,10.5,30.6,54.0,77.9,11.1,8.6,8.1,7.8,7.3,7.4,5.3,5.0,4.8,3.7,3.5,2.3,2.1,3.6,6.3,44.5,53.3,0.9,1.3,33.1,95.1,34.3,0.4,26.7,14.1,3.0,1.9,99.6,0.3,0.1,1.2,0.0,99.9,0.1,1.9,5.9,0.4,36.3,4.0,41.1,9.6,1.0,7.3,0.3,2026.0,11.5,8.0
15730101,female,38612.0,7.2,10.0,10.0,25.6,33.7,19.6,43.9,8.4,7.9,7.2,7.9,7.9,7.4,6.4,5.4,4.1,4.0,2.5,1.7,2.0,4.8,30.2,58.0,4.7,7.1,26.3,96.1,29.0,1.1,27.4,18.7,10.8,8.3,99.0,1.2,0.8,9.5,0.1,99.6,0.9,14.9,44.1,1.0,10.4,19.7,57.5,0.8,0.5,1.1,9.1,3079.0,10.2,6.2
15730101,male,37681.0,7.8,10.9,11.2,13.2,27.2,72.2,31.8,7.8,6.5,6.5,7.3,7.1,7.6,6.6,6.0,4.4,4.1,2.6,1.9,1.8,5.5,40.5,56.7,2.0,0.8,32.9,94.0,15.1,1.3,32.7,22.6,10.3,6.0,99.2,1.4,0.7,9.3,0.1,99.7,1.1,9.8,37.4,1.9,33.2,11.5,41.6,1.6,1.0,3.3,5.9,12982.0,10.4,6.3
15730103,female,48019.0,7.0,9.1,9.2,21.1,29.8,23.9,31.8,8.3,8.4,8.1,8.5,8.0,7.2,5.9,5.3,4.3,4.2,2.7,1.7,2.1,4.0,30.6,57.1,5.2,7.0,25.8,95.9,23.5,0.8,24.8,17.0,12.6,15.0,98.2,2.3,1.0,5.1,0.1,99.5,0.7,23.1,59.5,2.5,12.8,23.7,55.2,1.1,0.9,1.5,2.2,5845.0,10.7,6.5
15730103,male,47876.0,7.7,9.5,9.6,9.9,22.3,70.6,23.2,8.4,7.7,7.2,8.0,7.7,7.1,5.9,5.3,4.3,4.5,3.1,2.1,1.9,3.9,41.5,55.7,2.1,0.7,33.1,96.2,11.0,1.3,26.9,20.9,13.5,15.1,98.0,3.1,1.5,4.6,0.1,99.2,1.0,20.3,55.6,4.6,27.5,16.7,42.5,1.1,1.4,2.6,3.6,19019.0,11.6,7.1
15730105,female,33619.0,7.7,9.6,9.6,27.1,35.2,17.7,36.4,8.2,8.0,8.0,8.5,7.8,7.1,5.9,5.1,4.1,4.1,2.6,1.6,2.1,4.4,31.2,58.5,3.5,6.9,26.2,95.9,30.6,1.0,26.2,16.9,9.9,10.7,99.1,1.6,0.8,7.9,0.0,99.7,0.5,15.0,48.2,1.2,13.0,18.4,59.2,0.7,0.3,1.8,5.3,2774.0,10.399999999999999,6.300000000000001
15730105,male,33774.0,7.9,10.1,10.1,14.1,28.3,69.4,22.8,8.0,7.7,6.9,7.4,7.6,7.3,5.8,5.7,4.2,4.3,2.9,2.1,1.8,4.6,41.0,56.5,1.7,0.8,32.5,95.2,15.8,1.5,28.4,21.4,11.8,8.7,99.0,1.7,0.9,7.5,0.0,99.8,0.6,11.3,43.8,2.2,22.0,13.8,47.7,0.5,0.6,4.1,8.9,12990.0,11.1,6.8
15730107,female,3920.0,8.1,9.1,9.0,38.7,48.1,7.8,54.9,7.4,6.9,8.4,8.6,8.4,7.1,6.0,5.2,4.4,4.3,2.5,2.0,2.4,5.7,29.0,61.6,2.0,7.4,24.3,97.1,43.4,0.9,30.7,11.3,5.5,3.5,98.9,0.2,0.3,0.9,0.0,99.5,0.4,8.2,33.6,0.0,13.7,24.5,49.0,2.9,0.0,0.0,9.8,102.0,11.200000000000001,6.9
15730107,male,4189.0,10.0,10.7,9.6,22.6,51.4,73.6,37.0,7.2,6.7,6.5,7.6,7.7,6.7,5.3,5.3,4.1,4.0,2.8,2.6,3.1,5.6,38.6,59.6,0.8,1.0,31.4,97.8,25.7,0.7,27.4,13.9,4.2,2.4,98.9,0.1,0.3,0.5,0.0,99.3,0.5,4.2,26.5,1.1,21.6,8.6,56.9,1.3,0.1,0.7,9.8,1353.0,12.5,8.5
15730109,female,2291.0,7.0,8.7,8.4,31.4,40.9,18.5,77.0,9.2,8.9,7.2,6.9,7.2,7.1,5.5,5.6,4.8,5.6,3.1,1.8,2.9,7.3,32.2,58.1,1.8,7.9,26.3,93.0,34.7,1.1,33.2,13.8,5.8,5.1,99.4,0.2,0.2,0.8,0.1,99.5,0.0,10.5,28.5,0.0,29.7,24.3,29.7,2.7,0.0,0.0,13.5,74.0,13.4,7.800000000000001
15730109,male,2302.0,7.7,8.6,8.7,21.6,42.6,76.4,46.1,7.6,7.1,7.2,7.2,6.9,6.7,6.0,5.7,5.8,5.2,4.4,2.0,3.2,7.8,41.0,56.0,2.0,1.0,32.6,94.9,23.8,1.3,31.8,17.1,4.3,2.9,99.6,0.7,0.4,0.7,0.1,99.1,0.3,5.8,22.4,0.9,26.0,14.0,47.9,0.0,0.4,2.6,8.3,701.0,14.8,9.600000000000001
21130101,female,8449.0,4.2,5.6,7.5,29.7,33.1,17.8,49.0,6.6,5.8,6.0,5.4,4.9,6.4,7.1,7.0,7.3,7.9,6.2,4.5,7.6,7.2,29.4,52.3,5.6,12.7,24.2,96.9,32.3,1.5,22.7,15.1,15.7,12.0,99.4,1.7,0.9,1.6,0.0,99.8,0.8,23.5,59.0,5.8,8.7,41.7,37.1,1.7,0.0,1.7,3.2,633.0,26.200000000000003,18.299999999999997
21130101,male,7408.0,5.4,6.4,7.4,10.8,16.9,58.7,28.2,7.5,5.9,6.0,5.8,5.4,5.5,5.7,6.2,6.5,7.7,7.3,4.6,6.7,7.0,39.1,57.9,1.9,1.0,34.4,96.1,11.7,1.5,27.4,19.3,20.2,14.6,99.6,1.6,0.9,1.2,0.0,100.0,0.3,21.7,66.2,8.6,36.2,23.7,23.9,1.8,0.4,4.0,1.4,2521.0,26.3,18.599999999999998
21130105,female,1270.0,4.5,6.6,8.0,38.9,38.7,12.3,55.6,6.3,5.9,5.4,4.9,5.3,7.2,7.2,7.0,5.9,8.0,6.4,4.8,6.7,6.1,28.3,53.4,5.8,12.5,24.2,99.0,42.7,2.5,28.7,15.0,9.9,5.1,99.7,0.5,0.0,20.9,0.0,99.7,0.1,18.8,52.0,1.8,21.4,33.9,37.5,5.4,0.0,0.0,0.0,56.0,25.9,17.9
21130105,male,1121.0,4.4,9.2,10.0,14.9,17.8,59.4,41.1,9.0,6.4,5.1,4.1,5.4,6.9,5.3,5.2,5.9,6.1,6.9,4.3,6.0,7.1,42.0,54.0,2.9,1.1,36.1,98.4,16.7,2.6,34.7,22.7,15.3,6.9,99.7,0.4,0.3,21.0,0.0,99.2,0.5,17.1,52.4,5.7,30.7,20.7,39.7,1.0,0.7,1.3,0.3,300.0,23.3,17.2
21130107,female,4555.0,5.0,8.0,9.5,36.0,39.5,11.4,36.8,7.1,6.4,6.1,6.7,6.2,6.7,6.8,6.3,6.2,6.4,4.2,3.5,4.9,6.9,27.8,57.1,3.7,11.5,22.7,98.5,40.4,2.4,28.4,14.9,9.3,5.5,98.2,6.5,3.9,32.9,0.0,100.0,0.4,13.6,52.1,0.0,29.1,29.2,35.6,2.3,1.4,0.0,2.5,254.0,19.0,12.600000000000001
21130107,male,4058.0,6.1,8.5,9.8,19.0,25.9,70.1,23.1,7.9,6.9,5.9,6.0,6.5,6.1,5.2,6.4,5.7,6.4,4.7,3.4,4.5,4.8,39.5,58.9,0.7,0.9,35.5,96.8,21.3,3.6,29.5,23.7,9.5,7.7,98.7,6.4,5.5,34.7,0.0,99.6,0.6,14.3,52.4,4.5,30.9,14.3,28.8,1.6,0.7,3.7,15.4,1650.0,19.0,12.6
21130109,female,51014.0,5.2,7.2,7.7,30.8,34.8,16.1,33.7,6.9,6.7,6.5,6.4,6.0,6.6,6.4,7.1,6.8,6.9,4.9,3.7,5.1,6.8,28.5,53.3,6.1,12.1,26.1,97.2,33.8,1.4,27.3,15.8,11.6,9.1,98.8,4.5,3.1,14.6,0.0,99.6,0.8,19.1,55.5,2.3,13.7,27.8,47.4,3.4,0.1,1.3,4.1,4354.0,20.6,13.700000000000001
21130109,male,47824.0,5.9,8.0,8.9,13.5,19.5,64.0,24.1,7.7,6.9,6.6,6.5,6.3,6.6,5.6,6.0,5.6,6.5,5.3,3.7,4.0,6.0,41.8,54.5,2.6,1.1,35.0,95.2,14.9,1.8,31.7,22.5,13.9,10.5,98.7,4.4,3.4,13.0,0.1,99.6,1.0,17.2,57.0,5.8,31.5,12.3,39.3,1.7,1.3,3.9,4.3,17908.0,19.5,13.0
21130125,female,5288.0,6.8,7.4,8.7,26.4,31.5,22.7,33.5,6.2,6.7,7.0,7.9,6.7,7.3,6.2,6.3,5.8,5.7,4.5,3.4,3.5,5.0,27.8,52.6,8.7,10.9,24.4,99.3,29.3,1.1,29.9,15.7,13.0,8.7,98.6,4.2,2.3,3.4,0.0,99.1,0.3,17.4,60.7,4.1,15.2,9.5,67.0,1.7,0.0,0.0,2.5,614.0,17.1,11.4
21130125,male,5152.0,6.8,8.5,8.1,11.6,19.3,72.5,20.0,6.4,5.5,6.6,8.3,7.7,7.7,6.2,5.7,5.2,5.6,4.9,3.6,3.2,4.5,41.2,53.1,4.6,1.1,35.4,96.3,12.8,1.6,29.9,22.7,15.4,11.1,99.7,5.5,2.9,3.3,0.0,99.5,0.1,17.3,66.9,5.3,33.1,15.3,41.0,1.3,0.8,2.2,0.9,2271.0,17.3,11.7
21130129,female,15450.0,6.0,8.4,8.9,34.6,38.4,14.0,36.0,7.4,6.9,6.5,6.9,6.5,7.1,6.3,6.8,5.8,6.2,4.1,2.8,3.5,5.4,29.6,55.6,5.0,9.8,26.3,97.3,38.4,1.1,27.6,15.0,9.7,8.2,98.3,5.8,2.8,22.7,0.0,99.7,0.4,19.9,61.4,0.5,14.1,26.4,50.6,1.9,1.0,1.4,4.2,1066.0,16.6,10.399999999999999
21130129,male,14680.0,6.3,9.1,10.4,18.1,25.1,62.8,24.4,7.8,6.8,6.5,6.2,6.3,7.0,5.8,6.0,5.4,5.7,4.3,3.4,2.9,5.9,40.9,56.3,2.0,0.8,35.3,94.9,20.4,1.8,33.1,21.9,10.8,7.3,99.3,6.4,3.0,21.3,0.0,99.7,0.7,16.0,59.9,2.6,35.1,10.2,42.2,1.0,1.1,4.7,3.1,5162.0,16.3,10.6
21130301,female,8027.0,6.2,8.5,9.0,40.5,44.7,9.3,35.4,6.7,6.0,5.5,6.7,6.4,7.1,6.2,7.1,6.2,6.1,4.7,3.3,4.3,7.4,25.0,63.0,3.1,8.9,21.0,97.4,45.1,1.2,26.2,14.8,7.4,5.6,99.2,5.1,0.3,1.3,0.0,99.8,0.5,10.2,39.3,0.0,28.6,14.3,53.0,2.8,0.0,1.3,0.0,368.0,18.400000000000002,12.3
21130301,male,8054.0,6.0,9.2,9.5,19.7,25.2,67.9,35.2,7.9,6.4,5.2,5.6,5.9,6.8,6.6,6.4,6.0,6.6,5.2,3.3,3.2,7.5,38.9,58.1,2.3,0.8,34.4,93.8,22.0,2.0,35.4,22.6,9.4,5.4,99.4,4.8,0.4,1.2,0.0,99.8,0.2,8.2,39.8,2.5,26.5,10.3,58.2,1.4,0.2,0.7,0.2,2666.0,18.3,11.7
21130307,female,2876.0,6.1,9.7,9.9,44.5,46.3,7.1,30.3,6.4,4.7,5.8,6.4,6.2,7.9,5.9,6.7,6.7,5.6,4.3,3.4,4.3,5.5,25.4,60.1,3.9,10.7,22.1,95.8,50.2,1.9,31.1,11.2,6.8,2.7,99.2,0.6,5.5,17.6,0.0,99.6,0.0,13.4,53.7,0.0,13.2,28.3,50.0,2.8,0.0,5.7,0.0,106.0,17.599999999999998,12.0
21130307,male,2901.0,6.7,9.8,9.5,24.0,31.7,70.9,46.5,7.8,6.8,5.7,5.4,6.5,7.7,7.1,5.8,5.0,5.5,4.6,2.7,3.5,4.8,40.5,56.2,2.3,1.0,33.3,97.0,26.7,1.7,37.6,17.8,8.0,3.3,99.4,0.7,6.1,15.0,0.1,99.7,0.2,10.5,53.1,2.6,20.8,10.8,56.9,0.9,0.6,6.8,0.7,814.0,16.3,10.8
21130309,female,7308.0,6.4,8.0,9.2,40.7,41.6,9.3,32.4,6.5,5.9,6.4,6.6,6.3,7.4,6.9,6.5,5.6,5.9,4.6,3.2,4.6,6.7,25.6,57.4,5.8,11.3,24.3,97.1,45.5,1.7,31.8,14.3,6.6,4.0,99.3,2.3,3.4,2.0,0.0,99.6,0.2,13.4,53.4,2.5,7.1,22.8,62.6,2.2,0.0,0.0,2.9,350.0,18.299999999999997,12.399999999999999
21130309,male,7253.0,6.7,8.6,9.6,20.2,23.5,70.9,21.7,7.5,6.4,6.4,6.2,6.3,7.0,6.7,6.3,5.4,5.9,4.4,3.4,3.2,6.5,41.3,55.8,1.7,1.2,35.1,98.8,22.4,2.2,35.2,24.8,10.3,3.9,99.5,1.5,3.0,1.7,0.0,99.8,0.2,11.8,58.9,3.7,11.5,5.0,76.4,1.5,1.0,0.7,0.3,3022.0,16.900000000000002,11.0
21130311,female,7205.0,5.8,8.0,8.7,36.8,43.1,8.9,26.1,6.8,6.5,6.5,6.6,6.2,6.9,6.8,6.5,5.8,6.1,4.7,3.2,4.7,4.5,27.9,58.0,4.2,9.9,25.2,97.7,40.8,1.5,28.0,15.2,7.8,4.4,99.6,3.6,2.8,5.0,0.0,99.7,0.3,7.2,32.4,0.3,9.5,14.1,70.7,1.6,0.3,1.1,2.4,369.0,18.7,12.600000000000001
21130311,male,6945.0,6.6,9.2,10.0,20.1,27.8,67.0,19.9,7.5,6.6,6.0,6.6,5.9,6.9,5.6,6.0,5.8,6.1,4.6,3.4,3.2,4.9,40.7,56.7,1.8,0.8,34.1,97.9,22.4,2.2,33.7,22.4,9.3,4.5,99.6,2.7,1.9,4.1,0.0,99.7,0.4,5.7,32.5,0.6,14.3,5.8,74.4,0.8,0.2,0.8,3.2,2765.0,17.3,11.2
21130503,female,9512.0,5.6,8.3,9.4,47.0,51.4,5.0,38.1,6.6,5.8,5.6,6.0,6.8,7.1,6.5,7.2,5.9,6.2,4.5,3.7,4.7,6.8,29.7,55.3,2.7,12.3,22.6,97.6,52.7,1.5,27.9,10.1,5.8,3.3,96.4,3.6,2.2,42.5,0.0,99.6,0.7,13.8,50.6,0.0,10.0,29.4,60.6,0.0,0.0,0.0,0.0,227.0,19.099999999999998,12.899999999999999
21130503,male,9500.0,6.4,8.7,9.7,25.4,33.9,68.4,35.1,7.8,7.2,5.9,5.7,6.4,7.1,6.8,6.2,5.8,5.6,4.4,3.1,3.2,6.7,43.9,53.1,2.2,0.9,35.7,94.4,28.4,1.8,33.9,19.7,6.8,3.9,98.5,4.1,2.4,41.3,0.0,99.9,0.8,7.7,45.7,3.3,10.2,4.7,77.7,0.2,0.4,2.3,1.1,3171.0,16.3,10.7
21130505,female,5639.0,6.0,8.4,9.1,53.1,53.5,2.5,26.4,6.4,5.3,5.5,5.9,6.8,7.7,6.7,6.6,6.2,5.9,4.8,3.5,5.4,9.2,26.4,57.1,4.1,12.4,22.9,98.1,59.4,0.3,32.1,9.5,2.5,2.1,91.8,2.3,1.8,69.3,0.0,100.0,0.2,8.7,49.7,0.0,5.1,58.9,21.2,8.8,0.0,0.0,6.0,79.0,19.6,13.700000000000001
21130505,male,5610.0,7.2,8.9,9.5,33.0,39.5,70.6,31.6,8.3,6.5,5.5,6.2,5.9,7.4,6.5,6.0,5.1,5.5,4.3,3.4,4.0,8.9,43.9,54.4,1.3,0.4,36.9,97.5,36.9,0.9,32.2,17.2,7.0,3.2,97.0,2.4,1.8,68.6,0.0,99.4,0.5,9.9,48.6,3.3,14.6,5.0,64.5,2.1,0.0,7.3,3.2,2011.0,17.200000000000003,11.7
21130513,female,1923.0,5.9,8.2,8.6,55.2,56.5,1.8,44.4,6.6,6.8,5.3,5.9,6.9,5.7,6.4,7.5,7.2,6.2,4.4,3.3,5.0,11.2,30.2,57.5,1.7,10.6,23.5,97.4,60.9,0.1,26.1,9.8,3.7,3.8,78.2,1.8,40.5,31.6,0.2,85.7,21.1,13.1,31.8,0.0,6.7,86.7,6.7,0.0,0.0,0.0,0.0,15.0,18.900000000000002,12.7
21130513,male,1860.0,7.2,8.7,9.0,30.1,39.2,63.4,74.0,6.3,5.8,6.7,5.9,6.1,7.9,5.6,5.1,4.9,6.6,5.8,3.9,4.5,10.9,40.1,58.1,0.7,1.1,35.8,98.0,33.5,0.2,33.4,19.1,4.7,3.4,78.3,1.2,40.8,33.4,0.1,84.1,21.6,7.7,28.0,0.9,44.8,27.4,9.6,1.7,0.0,3.9,11.7,230.0,20.799999999999997,14.2
21130515,female,2085.0,5.7,6.8,9.3,50.5,52.9,2.6,40.5,7.6,5.5,5.7,5.1,5.7,6.8,6.6,7.4,6.4,6.0,4.2,4.9,6.3,5.9,24.3,60.6,3.0,12.1,23.9,73.5,56.4,0.9,26.4,12.4,4.6,2.8,85.7,0.8,13.8,74.1,0.0,99.8,0.8,10.5,38.8,0.0,4.0,56.0,32.0,0.0,0.0,0.0,8.0,25.0,21.4,15.400000000000002
21130515,male,1984.0,7.5,10.5,10.6,31.5,37.0,44.0,46.7,7.6,6.1,4.9,5.0,4.7,6.1,5.3,6.4,5.1,6.3,4.6,3.1,6.4,6.0,36.1,62.0,0.9,1.1,34.6,73.7,36.0,1.0,36.7,16.2,6.1,3.0,88.0,1.1,12.2,74.9,0.1,99.1,1.0,7.9,39.4,8.7,25.0,13.3,45.2,1.2,0.0,1.8,4.8,332.0,20.4,14.1
21130517,female,1184.0,6.7,6.6,9.5,44.7,48.6,6.2,12.3,7.7,5.6,4.3,4.6,5.2,6.6,7.2,7.6,8.1,6.3,4.6,3.7,5.7,9.7,26.4,58.6,4.0,10.9,23.0,96.9,50.0,0.8,25.8,13.7,6.8,4.2,97.0,0.4,58.8,0.9,0.0,99.6,0.4,14.1,56.7,2.0,4.0,42.0,48.0,4.0,0.0,0.0,0.0,50.0,20.299999999999997,14.0
21130517,male,1178.0,5.2,7.9,9.6,21.1,25.4,61.9,46.1,8.0,6.9,6.6,5.3,5.5,4.0,5.9,8.8,6.9,7.0,5.4,3.4,3.7,6.3,42.5,54.6,2.5,0.4,36.4,95.3,23.7,1.4,34.6,21.5,10.6,6.6,98.4,0.4,62.8,1.0,0.0,99.6,0.0,11.9,62.6,0.7,21.1,25.7,44.4,1.3,1.3,0.0,5.6,304.0,19.5,12.5
21130519,female,11686.0,7.1,10.0,10.7,35.2,38.6,10.5,39.1,7.8,6.3,5.8,7.1,7.6,7.5,6.6,5.8,4.6,4.9,3.1,2.3,2.5,4.7,25.9,60.1,5.2,8.8,23.9,92.9,40.4,2.4,31.8,15.4,7.5,4.3,99.3,1.8,4.2,19.1,0.1,99.7,1.4,12.0,48.7,1.9,11.5,15.6,56.9,1.8,0.0,5.7,6.6,540.0,12.8,7.9
21130519,male,12160.0,7.3,9.8,10.9,20.8,26.4,71.6,24.4,8.7,6.6,5.9,6.1,6.5,8.2,6.9,6.4,5.2,4.2,3.3,2.2,1.8,6.0,39.9,56.7,2.5,0.8,33.4,91.7,23.5,2.2,37.7,22.1,8.0,3.7,99.4,1.5,4.6,19.7,0.0,99.9,1.7,9.4,44.1,2.7,23.0,6.9,51.5,0.3,0.1,5.9,9.6,4743.0,11.5,7.3
21670103,female,7766.0,6.9,8.8,9.1,42.3,45.2,7.8,30.8,6.9,6.7,7.0,6.9,6.3,7.4,5.5,6.2,5.5,6.2,4.6,2.7,3.5,7.4,30.9,55.5,4.3,9.3,24.8,97.1,47.4,1.6,30.5,9.8,6.4,6.3,53.4,1.2,2.4,90.7,0.2,98.7,2.2,16.0,54.6,4.6,23.1,40.7,29.9,0.0,0.0,1.7,0.0,317.0,17.0,10.8
21670103,male,7233.0,7.1,10.7,10.0,23.4,30.5,68.6,24.8,7.1,6.3,6.4,7.3,7.8,7.6,5.5,5.7,4.6,4.9,4.0,2.5,2.5,9.6,41.6,56.4,1.5,0.5,34.3,93.5,26.2,2.4,36.1,15.2,8.3,7.6,69.6,0.9,2.4,89.2,0.0,98.9,2.5,12.7,52.8,4.0,42.9,12.6,32.8,1.8,0.6,3.7,1.6,2692.0,13.9,9.0
21670109,female,7994.0,8.0,9.0,9.2,38.4,43.5,13.8,30.4,7.0,7.2,8.0,8.0,7.3,6.6,5.7,5.7,4.5,4.5,3.8,2.3,3.1,8.2,30.1,54.6,6.2,9.0,25.4,97.6,43.2,1.2,26.5,11.3,8.0,9.4,92.7,1.6,6.7,65.1,0.1,99.9,0.4,21.7,48.2,0.8,6.6,47.2,40.3,3.2,1.0,0.0,1.0,565.0,13.700000000000001,9.2
21670109,male,7659.0,8.4,11.3,10.2,20.6,28.3,70.1,19.8,8.2,7.2,7.5,7.4,7.5,7.1,5.2,4.3,3.8,4.1,2.7,2.5,2.6,6.9,42.2,55.4,2.2,0.3,33.0,94.7,23.0,1.5,32.5,18.4,8.7,10.5,96.0,3.5,7.2,61.6,0.1,99.5,1.2,17.6,47.0,5.9,32.0,17.2,36.5,0.9,0.7,1.9,5.0,3017.0,11.9,7.800000000000001
21670113,female,7895.0,6.3,8.2,8.8,39.8,43.3,8.6,32.0,6.4,6.9,7.0,7.0,6.5,6.3,6.4,6.2,6.0,6.2,4.6,2.7,4.3,6.3,30.0,53.8,3.8,12.4,26.3,96.1,44.0,1.3,28.6,12.5,5.7,8.6,69.1,1.9,1.5,89.8,0.2,99.8,0.6,16.4,54.6,0.0,11.8,50.8,34.7,1.3,1.4,0.0,0.0,354.0,17.8,11.6
21670113,male,7453.0,7.0,10.1,9.7,18.5,23.7,66.0,26.1,7.6,6.7,6.8,6.8,6.7,6.6,6.2,5.5,4.5,5.4,4.3,2.8,3.4,6.9,41.9,56.2,1.3,0.5,33.9,97.7,20.4,2.2,37.5,17.1,8.0,11.5,82.0,2.7,1.4,87.7,0.1,99.5,0.7,15.9,53.5,3.1,35.6,16.3,40.1,1.2,0.3,0.8,2.7,2664.0,15.9,10.5
21671105,female,2725.0,3.9,5.1,7.2,53.5,56.1,1.8,24.4,6.2,5.6,4.4,5.2,6.3,6.3,5.9,8.0,9.7,8.1,6.6,4.5,7.0,8.6,33.8,48.0,3.7,14.5,27.1,95.2,58.0,0.8,27.6,7.4,3.6,4.4,32.3,0.1,1.6,98.0,0.1,99.5,1.0,8.5,46.1,0.0,3.2,74.2,22.6,0.0,0.0,0.0,0.0,31.0,26.2,18.1
21671105,male,2225.0,4.9,6.2,8.8,22.1,30.9,51.6,56.7,7.6,5.8,6.7,6.5,5.4,5.9,5.0,6.1,7.6,8.4,7.5,3.5,4.1,9.3,42.5,54.5,1.7,1.2,37.8,95.0,24.5,1.5,33.8,19.2,6.4,8.3,54.8,0.2,1.5,98.0,0.0,99.3,0.8,7.6,48.0,3.8,28.2,16.6,46.1,0.3,0.3,2.5,2.3,397.0,23.5,15.1
21671107,female,4353.0,6.2,7.1,6.5,59.2,58.4,3.8,44.0,5.7,5.0,5.6,6.2,6.0,6.7,7.4,7.5,7.1,8.2,5.3,4.0,5.5,8.9,34.0,53.2,2.6,10.2,25.6,97.7,63.9,2.2,23.9,7.6,3.7,4.1,35.7,0.1,0.9,97.2,0.0,99.7,0.6,14.5,49.4,0.0,20.0,54.7,24.0,0.0,0.0,0.0,1.3,75.0,23.0,14.8
21671107,male,3641.0,7.3,8.4,9.0,31.7,36.2,60.2,40.8,7.4,5.7,6.3,6.8,6.7,5.9,5.1,6.1,5.1,6.5,6.0,3.4,4.5,9.4,41.2,56.6,1.1,1.1,35.4,96.0,35.1,2.6,33.8,16.0,5.1,6.3,59.7,0.2,1.0,96.1,0.0,99.8,0.4,11.6,49.4,2.2,44.3,15.6,29.7,0.7,0.3,2.3,5.0,976.0,20.4,13.9
21671111,female,2636.0,6.7,9.1,7.9,63.5,62.9,1.7,50.0,7.7,5.2,5.8,6.4,8.1,7.5,6.3,6.0,5.7,6.0,4.5,2.9,4.0,7.8,36.4,54.5,1.8,7.4,28.4,93.5,69.8,0.8,26.4,5.7,2.5,1.7,22.0,0.0,1.0,98.7,0.1,99.4,0.7,5.6,30.6,0.0,5.9,35.3,35.3,0.0,0.0,23.5,0.0,17.0,17.4,11.4
21671111,male,2665.0,8.0,10.0,8.7,41.9,48.0,61.0,42.2,6.0,5.4,6.5,7.0,7.8,7.4,6.5,5.0,5.4,5.1,4.9,3.4,2.9,8.8,46.1,52.5,1.1,0.4,37.0,96.0,46.5,1.8,33.0,11.0,2.7,3.5,39.5,0.2,1.4,98.0,0.0,99.2,0.6,3.3,27.7,0.3,54.3,10.9,30.1,1.0,0.1,2.0,1.2,687.0,16.3,11.200000000000001
21671119,female,3004.0,7.2,8.8,8.5,58.9,59.0,3.1,49.3,6.6,5.7,6.2,6.8,7.3,6.8,7.0,6.8,5.4,5.5,4.9,2.6,4.0,7.0,35.6,53.4,1.4,9.7,23.7,96.9,65.3,1.3,25.2,8.1,4.2,2.3,26.6,0.2,0.9,98.2,0.1,97.2,2.9,9.7,40.1,0.0,5.6,61.1,30.6,0.0,0.0,0.0,2.8,36.0,17.0,11.5
21671119,male,2751.0,7.5,10.2,9.2,34.4,42.7,68.9,27.4,6.9,6.1,6.5,6.8,8.5,7.1,5.1,5.4,5.7,5.0,4.4,2.7,3.1,6.9,42.5,56.0,0.6,0.8,34.7,96.8,38.4,1.5,35.6,12.6,4.0,3.6,41.4,0.3,0.9,97.6,0.2,97.0,3.2,7.0,32.4,1.7,10.2,8.5,72.3,0.6,0.0,1.4,5.3,1006.0,15.200000000000001,10.200000000000001
21671125,female,6276.0,5.9,8.0,8.5,48.4,50.8,5.3,49.5,6.9,5.8,5.6,5.7,6.5,7.0,6.5,6.9,6.4,6.6,5.8,3.1,4.6,7.0,32.3,51.9,3.4,12.4,24.1,86.3,53.6,2.7,26.2,9.3,4.8,6.2,45.0,0.2,1.3,97.0,0.1,97.5,2.4,22.5,59.4,0.0,9.0,68.8,16.8,1.5,0.0,3.8,0.0,131.0,20.099999999999998,13.5
21671125,male,5918.0,7.2,9.1,9.1,23.3,31.1,66.8,48.5,7.7,6.0,6.7,6.1,7.0,7.0,6.0,5.9,5.6,5.5,4.6,2.9,3.5,7.9,45.5,52.2,1.4,0.9,36.4,89.4,26.0,3.9,33.8,17.3,6.2,7.8,66.6,0.4,1.4,96.7,0.1,99.4,0.6,17.6,54.8,3.0,32.4,15.1,41.4,1.1,0.7,3.7,2.5,1516.0,16.5,11.0
21671127,female,5776.0,7.2,9.2,7.6,52.1,51.9,2.9,35.8,6.7,6.6,6.8,6.8,7.4,7.1,6.0,6.3,5.7,6.8,3.8,2.5,3.6,7.8,35.2,52.3,1.9,10.6,26.8,93.9,57.1,2.2,28.4,9.8,4.2,3.5,23.8,0.2,0.9,97.3,0.0,99.8,0.2,9.7,36.9,0.0,8.1,48.7,35.3,0.0,0.0,0.0,7.9,82.0,16.7,9.9
21671127,male,5570.0,8.8,9.4,8.7,30.1,39.7,67.3,29.8,7.5,6.2,6.8,6.8,7.5,7.2,5.0,5.7,5.2,5.4,4.0,2.8,2.8,6.2,44.0,53.6,1.6,0.7,33.6,95.8,33.4,2.5,31.4,18.9,3.8,3.6,36.4,0.0,1.3,96.8,0.1,99.3,0.8,5.7,31.0,0.8,14.3,9.4,70.6,0.7,0.3,0.7,3.2,1921.0,15.0,9.6
21671301,female,2073.0,6.0,8.8,8.2,52.7,54.4,3.0,56.3,6.3,5.6,4.8,6.0,7.5,6.6,6.5,6.5,6.4,5.7,5.7,4.3,5.1,8.8,27.5,54.0,3.8,14.7,25.3,94.3,58.1,2.3,27.3,8.4,4.1,3.5,59.9,0.2,1.3,96.5,0.1,99.5,0.4,16.1,51.1,0.0,9.5,52.4,28.6,0.0,0.0,4.8,4.8,21.0,20.799999999999997,15.1
21671301,male,1929.0,8.1,11.0,10.4,26.9,32.8,57.6,49.0,6.9,5.0,5.3,5.9,6.7,6.9,7.3,5.6,4.0,4.6,4.0,3.0,5.3,10.8,39.5,56.8,2.3,1.5,35.3,97.1,30.7,4.5,39.2,13.8,4.7,5.1,80.9,0.3,1.1,96.1,0.1,98.9,0.6,14.1,48.5,1.5,24.3,15.3,44.9,0.0,0.3,4.0,9.8,399.0,16.9,12.3
21671309,female,2575.0,6.8,8.3,8.4,52.3,54.1,5.1,53.0,6.3,5.3,5.5,5.4,6.7,6.4,5.9,6.4,6.1,7.5,6.2,3.5,5.3,9.4,29.1,55.5,3.8,11.6,24.5,98.5,57.9,1.6,27.5,8.8,4.0,4.1,35.0,0.0,0.9,97.2,0.0,99.8,0.1,19.2,56.1,0.0,2.1,57.4,31.9,6.4,2.1,0.0,0.0,47.0,22.5,15.0
21671309,male,2298.0,7.6,10.4,9.8,26.2,34.5,63.3,49.7,6.5,5.2,4.6,5.7,7.3,6.5,5.6,5.4,5.1,5.7,6.7,3.6,4.4,8.9,38.8,58.7,1.7,0.8,35.7,98.9,29.7,2.9,36.7,14.8,5.7,5.4,51.6,0.1,0.6,97.1,0.0,99.7,0.3,13.1,52.6,1.7,37.3,13.8,35.8,3.2,0.6,7.6,0.0,528.0,20.4,14.700000000000001
21671315,female,4169.0,6.2,9.1,7.8,58.9,55.6,2.3,47.9,6.8,5.6,6.3,5.4,6.1,7.1,7.1,7.3,6.6,5.9,5.4,3.2,4.1,6.6,31.2,53.9,3.6,11.2,24.4,96.5,64.5,1.7,27.8,8.7,3.0,3.2,40.2,0.1,0.5,97.9,0.0,99.6,0.6,10.5,44.3,0.0,0.0,68.4,28.9,0.0,0.0,0.0,2.6,38.0,18.6,12.700000000000001
21671315,male,3839.0,7.6,9.4,9.8,37.7,38.9,65.0,44.8,7.9,5.8,5.7,6.0,6.6,6.7,6.5,5.3,5.1,6.5,4.7,3.4,3.0,6.2,39.4,57.8,1.9,0.9,34.5,97.8,42.5,2.2,35.7,15.0,4.1,4.0,62.5,0.1,0.3,98.1,0.1,99.4,0.7,7.2,35.5,1.1,36.3,8.0,39.8,1.0,0.3,1.4,12.1,1009.0,17.6,11.1
21671317,female,3704.0,6.5,8.9,8.9,50.1,50.9,4.6,43.8,6.6,5.9,5.8,5.9,6.9,6.2,6.5,7.4,6.1,6.4,4.9,2.8,4.4,10.4,30.8,54.6,3.6,11.0,24.9,98.3,55.7,2.1,31.2,9.6,3.2,3.1,48.2,0.4,0.6,97.9,0.1,99.0,1.1,10.5,47.2,0.0,30.1,24.7,38.4,4.1,0.0,1.4,1.4,73.0,18.5,12.100000000000001
21671317,male,3326.0,7.9,9.6,9.7,28.6,35.0,66.5,29.4,7.2,6.2,6.6,6.5,6.7,6.0,6.0,6.7,5.3,5.4,4.4,2.5,3.3,9.8,41.2,56.7,1.1,1.0,35.4,98.2,32.1,3.1,35.4,15.8,5.3,5.3,70.8,0.2,0.8,97.5,0.2,98.9,1.1,9.3,43.1,3.7,45.6,5.0,37.6,1.7,0.0,2.6,3.8,1137.0,15.600000000000001,10.2
21671321,female,4191.0,6.2,6.9,7.8,47.3,47.6,5.5,46.7,6.8,6.1,5.9,5.2,5.8,7.2,7.0,6.9,6.5,7.1,5.6,3.9,5.2,8.0,31.2,52.0,3.1,13.7,26.0,98.1,51.9,2.3,29.6,9.5,4.7,6.3,55.5,0.2,0.7,96.2,0.2,99.4,0.5,15.7,52.7,0.0,4.1,46.9,38.8,2.0,2.0,0.0,6.1,98.0,21.799999999999997,14.7
21671321,male,4003.0,6.0,8.7,9.3,22.2,25.4,59.0,46.0,8.1,7.6,6.4,5.4,6.1,6.6,5.6,5.7,5.1,6.2,5.8,3.8,3.4,7.9,44.4,53.4,1.4,0.9,35.8,98.5,24.9,2.2,39.2,19.1,6.0,8.1,76.8,0.3,0.8,96.7,0.2,99.4,0.5,11.5,51.0,2.6,34.1,13.5,6.9,2.7,0.1,2.2,37.8,967.0,19.2,13.0
21671323,female,2105.0,3.9,6.3,7.0,65.3,64.9,0.9,40.0,6.3,5.5,4.9,4.8,5.7,5.9,7.4,9.0,8.7,7.7,6.7,4.0,6.1,13.3,32.8,50.9,4.6,11.7,25.6,93.1,70.3,1.2,22.2,5.7,3.2,2.8,25.4,0.0,0.9,98.7,0.0,98.6,1.5,4.0,20.3,0.0,11.1,88.9,0.0,0.0,0.0,0.0,0.0,9.0,24.5,16.799999999999997
21671323,male,1776.0,4.5,7.8,8.7,36.0,39.9,37.3,35.7,8.5,5.9,6.4,5.5,6.2,6.0,5.3,5.2,7.2,8.7,6.4,3.0,4.8,12.5,43.3,54.2,1.6,0.9,36.0,97.7,39.7,2.4,33.1,15.3,5.0,4.3,44.1,0.0,1.3,98.3,0.1,99.1,1.1,3.1,20.7,3.9,26.7,13.6,48.4,2.1,0.0,1.5,3.9,337.0,22.900000000000002,14.2
21671329,female,4246.0,6.7,8.8,8.3,50.8,53.2,3.6,31.4,6.7,6.1,6.5,6.0,6.1,6.8,6.6,6.3,5.9,7.1,5.8,2.8,3.7,6.0,29.7,55.2,2.9,12.3,24.9,96.7,56.2,2.0,25.7,8.3,5.6,5.2,34.4,0.1,1.1,95.7,0.1,99.0,9.2,11.9,46.9,0.0,8.6,51.9,27.2,6.2,1.2,0.0,4.9,81.0,19.4,12.3
21671329,male,4131.0,8.1,9.2,9.0,26.7,34.7,61.4,31.9,7.8,6.3,6.6,6.6,7.1,6.9,5.6,5.5,4.6,5.1,5.0,3.0,3.5,6.5,44.0,53.7,1.4,0.9,36.0,96.1,29.8,2.5,31.3,15.3,7.3,9.0,48.2,0.4,1.5,94.5,0.1,99.0,10.2,9.8,45.8,3.6,27.6,12.0,46.6,1.5,0.6,5.6,2.4,1270.0,16.6,11.5
21671503,female,2471.0,6.2,7.7,7.9,55.2,56.4,4.8,67.7,6.8,4.4,5.5,5.5,6.9,7.0,7.3,7.6,5.8,7.0,5.7,3.7,4.8,11.0,34.5,52.2,2.5,10.8,24.7,94.8,60.4,1.4,28.9,7.1,3.4,2.9,54.2,0.6,0.8,94.9,0.0,100.0,0.2,19.7,57.5,0.0,13.3,36.7,36.7,0.0,0.0,0.0,13.3,30.0,21.2,14.2
21671503,male,2224.0,6.9,10.1,8.9,34.7,39.3,64.9,41.7,7.5,5.4,5.5,5.4,6.7,7.1,5.7,5.4,5.3,6.3,5.9,3.7,4.2,11.1,39.5,58.1,1.6,0.7,34.8,93.7,38.3,2.1,33.4,15.2,4.9,5.2,75.8,0.7,1.4,93.2,0.0,99.7,0.6,17.1,55.1,1.4,34.7,10.1,47.0,1.9,0.2,3.9,0.8,623.0,20.099999999999998,13.8
21671505,female,2150.0,6.0,8.1,9.4,57.8,57.1,3.3,53.7,5.5,5.2,4.8,6.0,7.2,7.5,7.0,6.6,6.1,6.4,5.3,3.5,5.4,17.9,31.8,54.6,2.7,10.8,23.9,98.3,64.6,1.6,27.9,8.0,3.2,2.3,35.5,0.2,1.2,96.4,0.1,99.5,0.5,12.5,55.9,4.0,0.0,64.0,32.0,0.0,0.0,0.0,0.0,25.0,20.6,14.200000000000001
21671505,male,1933.0,7.0,10.2,9.3,36.6,42.8,50.2,52.7,7.8,4.6,4.9,5.5,6.3,7.2,5.5,5.9,6.4,6.0,5.7,3.2,4.4,19.4,39.0,58.2,1.6,1.2,35.6,98.7,41.2,2.6,29.8,15.3,5.4,4.1,57.5,0.7,0.7,94.4,0.2,96.2,1.3,11.3,51.7,1.8,17.5,16.3,59.3,0.3,0.0,3.6,1.2,337.0,19.299999999999997,13.3
21671507,female,4606.0,5.3,7.4,8.1,47.2,50.0,4.7,31.2,7.5,5.8,5.5,6.2,6.4,6.7,6.0,6.9,6.4,7.4,5.1,3.7,5.6,7.9,33.6,50.3,3.6,12.5,24.5,97.6,51.9,0.9,25.9,11.6,5.8,5.8,41.3,0.8,0.8,94.4,0.1,99.4,0.8,16.5,58.7,0.0,4.2,54.6,37.0,0.8,0.0,0.0,3.4,119.0,21.799999999999997,14.4
21671507,male,3838.0,6.2,10.0,9.7,24.1,32.0,60.6,42.3,7.6,6.5,6.1,5.8,6.7,6.1,5.4,6.0,5.4,5.8,5.3,3.5,3.7,7.3,41.9,56.0,1.3,0.9,35.1,97.3,27.1,1.2,31.9,19.2,8.2,7.5,55.2,1.0,1.1,92.0,0.1,99.3,0.8,13.0,54.4,3.6,22.8,17.7,40.7,0.5,0.2,2.0,12.5,993.0,18.3,12.5
21671513,female,1922.0,5.2,7.0,8.0,61.3,59.6,2.2,57.6,5.5,5.1,5.2,6.7,7.9,6.7,6.2,6.5,6.6,7.6,7.2,4.4,4.5,5.6,36.4,46.9,4.3,12.3,24.8,97.0,67.4,2.5,23.6,9.1,2.3,2.9,21.5,0.4,0.9,97.9,0.0,97.1,3.1,12.2,51.7,0.0,7.1,78.6,7.1,0.0,0.0,0.0,7.1,14.0,23.700000000000003,16.1
21671513,male,1532.0,6.3,9.1,8.9,34.1,39.5,60.6,50.8,6.7,5.0,5.0,7.1,7.6,8.0,6.4,4.4,5.5,6.8,5.9,3.9,3.5,5.9,41.2,55.8,1.7,1.3,36.2,100.0,38.0,2.2,35.1,15.1,4.0,4.2,38.1,0.7,1.3,97.3,0.0,98.4,1.3,10.9,48.1,3.8,15.9,19.7,24.3,6.7,0.6,7.8,21.2,345.0,20.099999999999998,13.3
21671701,female,4789.0,7.5,8.9,9.0,57.2,57.8,2.4,9.2,7.9,7.2,6.6,7.1,6.1,6.7,6.0,5.1,4.6,5.5,3.9,3.5,4.4,6.2,31.2,57.0,3.0,8.8,25.7,96.4,63.9,1.1,23.6,10.2,3.4,3.8,72.0,0.5,0.7,92.1,0.1,99.4,0.6,13.6,56.0,0.0,1.3,65.8,25.3,1.3,0.0,0.0,6.3,79.0,17.3,11.8
21671701,male,3915.0,8.0,10.6,11.1,35.1,45.5,53.2,38.9,9.4,6.9,6.0,5.9,7.2,6.1,4.9,4.4,3.8,4.1,3.1,3.4,5.1,6.8,41.5,56.5,1.5,0.5,34.9,97.9,40.3,1.7,28.5,16.4,3.6,4.2,83.4,0.9,0.8,90.9,0.3,99.4,0.5,9.1,45.9,1.1,26.0,16.7,41.7,1.5,0.0,1.2,11.9,894.0,15.7,11.6
21671709,female,8503.0,7.7,9.5,9.1,52.0,53.2,8.5,59.1,7.6,6.5,6.6,7.2,7.0,6.6,6.3,5.2,4.6,5.2,4.2,2.8,4.0,9.3,29.6,54.6,4.0,11.8,26.2,96.0,58.2,1.5,27.9,9.1,4.5,3.9,82.4,0.9,1.2,65.7,0.1,99.9,0.3,13.6,56.9,2.8,8.1,22.5,61.2,5.4,0.0,0.0,0.0,217.0,16.2,11.0
21671709,male,8091.0,7.9,11.0,10.7,30.7,35.4,68.3,31.2,8.1,6.8,7.6,6.4,6.9,6.6,5.9,4.5,4.1,4.5,3.6,2.5,2.9,9.8,44.1,53.4,1.8,0.6,34.6,96.5,34.7,2.2,36.2,16.7,3.9,5.7,90.4,1.3,1.2,65.4,0.1,98.9,0.4,10.4,55.3,5.0,27.4,7.7,57.9,1.0,0.5,0.3,0.2,2670.0,13.5,9.0
21671711,female,2045.0,5.7,7.7,8.5,62.8,62.0,1.4,21.7,6.8,6.3,6.4,6.4,6.7,7.3,6.9,6.5,5.0,5.8,4.3,3.4,6.4,8.8,34.8,52.8,3.1,9.3,24.2,91.2,69.0,1.1,27.7,5.1,2.1,2.0,71.4,0.8,0.6,88.6,0.0,99.2,0.0,9.3,39.8,0.0,0.0,44.4,50.0,5.6,0.0,0.0,0.0,18.0,19.9,14.1
21671711,male,1656.0,8.3,10.4,9.8,38.3,45.7,55.8,36.5,7.0,6.7,5.4,7.0,7.5,6.3,5.4,4.1,3.2,5.3,3.4,3.4,6.8,9.4,40.2,58.2,0.9,0.7,35.1,95.6,42.5,1.3,30.7,15.1,3.7,3.4,86.5,1.0,0.5,89.0,0.0,99.3,1.0,9.6,40.4,3.1,26.7,12.6,50.8,2.9,0.2,3.6,0.0,419.0,18.9,13.6
22510101,female,14094.0,7.1,8.6,9.2,26.9,32.7,14.7,41.5,7.3,7.6,8.7,7.7,7.5,6.4,6.1,5.7,4.6,4.7,3.2,2.2,3.5,4.6,31.1,54.5,4.2,10.1,26.4,96.1,30.0,1.5,24.7,16.0,13.1,12.1,99.0,5.8,3.4,0.5,0.1,99.7,1.2,21.0,54.6,0.0,8.3,62.8,21.9,3.2,1.1,0.0,2.6,908.0,13.600000000000001,8.9
22510101,male,13391.0,8.1,10.0,10.6,14.3,21.9,65.5,29.2,8.2,6.5,7.7,7.7,6.9,6.6,6.0,4.4,4.3,5.0,3.3,2.2,2.7,4.6,41.5,56.2,1.9,0.4,33.8,93.7,16.2,1.5,30.8,20.5,14.0,11.3,99.2,4.3,3.0,0.4,0.1,100.0,0.6,18.2,55.4,2.1,23.8,41.8,21.5,0.5,3.6,1.5,5.3,4428.0,13.2,8.2
22510103,female,5255.0,5.3,6.7,7.5,20.7,23.7,12.2,32.6,6.6,6.2,5.8,5.7,5.4,5.3,6.1,7.0,7.3,7.9,5.7,3.8,7.7,6.0,31.6,48.6,7.0,12.8,20.7,88.9,22.4,1.7,31.5,15.2,12.7,15.1,91.6,2.2,16.5,0.9,0.1,99.7,2.6,21.4,58.7,0.0,11.7,58.3,21.6,0.0,0.0,2.1,6.3,349.0,25.1,17.2
22510103,male,4648.0,5.9,8.0,8.7,11.9,16.2,65.2,35.5,7.3,6.6,6.5,6.2,5.8,6.1,6.1,5.7,6.5,6.2,5.9,3.7,4.8,7.1,41.6,55.1,2.5,0.8,33.2,98.5,13.2,2.4,31.4,18.6,18.3,13.1,93.2,2.2,15.6,0.5,0.1,99.5,3.2,19.3,67.4,2.0,26.5,36.1,24.3,1.1,0.0,1.3,8.7,1513.0,20.6,14.400000000000002
22510301,female,374.0,6.1,8.0,8.3,33.0,31.3,4.1,33.3,6.4,7.0,6.7,7.2,6.4,7.8,7.0,5.9,4.5,4.5,4.5,3.5,6.1,8.6,27.9,51.0,7.9,13.1,25.3,97.4,36.2,3.5,36.4,14.7,6.4,7.8,99.5,0.0,5.3,0.0,0.0,100.0,0.0,13.5,61.4,0.0,0.0,75.0,25.0,0.0,0.0,0.0,0.0,8.0,18.6,14.1
22510301,male,331.0,6.9,10.3,8.8,14.6,19.3,72.5,43.5,7.3,5.7,7.9,6.6,7.3,5.4,4.8,9.1,6.0,3.6,2.7,1.5,6.0,9.4,42.9,54.3,1.2,1.6,35.1,100.0,16.3,2.4,32.0,26.6,11.2,8.5,100.0,0.0,3.6,0.0,0.0,99.6,2.1,13.7,76.8,1.0,4.0,68.0,22.0,1.0,0.0,3.0,1.0,100.0,13.8,10.2
22510303,female,8927.0,8.5,8.9,10.4,41.9,44.0,7.3,30.7,8.7,7.1,6.5,6.7,5.9,6.7,6.3,5.0,4.5,4.4,3.5,2.8,4.1,7.7,24.5,57.8,6.2,11.6,23.8,93.9,47.3,1.7,27.1,13.1,7.2,6.9,82.8,21.4,49.2,0.2,0.0,99.4,1.7,18.1,49.9,0.6,4.9,47.7,27.1,1.5,0.0,2.3,15.9,325.0,14.799999999999999,10.399999999999999
22510303,male,8160.0,9.5,10.8,11.1,26.6,31.8,62.1,18.8,9.8,6.0,6.4,6.9,5.5,6.0,5.3,5.9,4.3,4.3,3.0,2.2,3.0,7.4,34.8,61.4,3.1,0.6,30.1,93.5,30.2,2.2,27.8,19.9,10.1,8.2,88.0,22.0,48.9,0.1,0.0,99.5,1.2,16.0,52.8,2.0,20.4,14.6,23.5,2.3,3.5,2.0,31.7,2818.0,12.5,8.2
22510305,female,5444.0,8.8,10.6,11.0,43.7,45.1,9.2,33.3,9.1,7.3,7.5,7.0,6.4,6.8,5.6,4.5,4.0,3.7,2.4,2.4,3.2,7.0,28.2,59.3,4.1,8.3,23.9,94.7,49.6,1.8,26.6,13.2,7.5,5.8,99.5,5.5,0.7,0.2,0.1,99.8,0.5,20.9,54.0,0.9,7.3,43.5,43.1,3.9,0.4,0.4,0.4,232.0,11.7,8.0
22510305,male,5257.0,10.7,11.8,11.5,29.4,36.0,61.4,18.9,10.1,6.8,6.8,7.2,5.4,5.4,4.9,4.1,4.4,3.6,2.6,1.7,3.2,6.6,38.8,59.5,1.0,0.7,31.2,94.8,33.8,1.7,28.9,20.2,8.4,4.8,99.6,4.4,0.8,0.1,0.1,99.8,0.6,14.2,53.8,1.2,34.9,17.1,42.2,1.7,0.8,0.6,1.5,1730.0,11.100000000000001,7.5
22510313,female,778.0,7.1,10.7,8.5,39.7,41.4,6.1,34.3,8.0,5.4,6.8,5.8,8.0,7.6,6.7,4.2,5.4,5.0,4.8,2.2,4.0,3.1,27.9,63.4,4.9,3.8,23.6,90.9,43.6,3.3,25.7,14.0,6.7,8.9,99.9,0.1,30.8,0.4,0.0,100.0,0.0,26.4,72.5,0.0,4.3,82.6,0.0,0.0,4.3,0.0,8.7,23.0,16.0,11.0
22510313,male,721.0,8.2,10.0,10.7,24.6,28.6,65.3,22.1,7.5,4.6,7.6,7.1,7.1,6.2,5.3,5.3,4.9,4.0,3.6,2.9,5.1,2.9,36.8,61.6,1.6,0.0,32.4,94.4,27.3,3.2,31.8,21.6,6.8,8.0,99.9,0.4,31.9,0.3,0.0,100.0,0.2,21.8,74.4,0.0,67.8,20.7,7.3,3.1,0.0,0.0,1.1,261.0,15.6,11.6
22510501,female,888.0,12.8,13.0,14.8,57.8,56.9,1.5,12.5,10.1,7.1,7.2,7.3,5.5,3.5,5.0,3.8,3.2,2.5,1.7,1.0,1.6,3.2,20.5,70.6,1.1,7.8,20.6,84.1,67.8,1.6,36.1,3.8,1.1,0.5,99.8,0.0,0.1,0.0,0.0,100.0,0.0,0.4,11.9,0.0,14.3,28.6,42.9,14.3,0.0,0.0,0.0,7.0,6.800000000000001,4.300000000000001
22510501,male,901.0,11.4,14.2,13.0,36.0,43.1,85.7,8.4,10.2,7.4,8.8,7.7,5.7,3.9,5.0,2.2,2.4,2.2,2.4,1.1,2.3,3.9,38.3,61.1,0.2,0.4,28.1,88.3,41.4,2.1,38.4,13.7,1.3,1.4,99.8,0.2,0.3,0.0,0.0,100.0,0.0,1.2,19.6,0.0,39.4,5.8,30.2,24.7,0.0,0.0,0.0,434.0,7.999999999999999,5.8
22510503,female,4041.0,10.0,11.2,11.7,55.4,58.1,6.5,25.0,10.1,7.7,8.3,6.6,6.8,6.1,5.4,4.4,3.3,3.1,2.2,1.5,1.7,1.5,25.6,66.7,2.0,5.7,24.2,91.7,63.7,0.6,26.4,9.1,3.1,2.7,99.7,0.8,1.1,0.0,0.0,99.8,0.2,6.8,51.0,0.8,6.8,13.6,20.5,58.3,0.0,0.0,0.0,132.0,8.5,5.4
22510503,male,4208.0,10.1,11.6,12.5,41.9,47.1,69.5,26.3,9.8,7.1,7.7,6.4,6.6,5.5,4.8,4.4,3.3,3.8,3.0,1.6,1.9,2.3,38.4,60.3,1.0,0.3,30.6,91.2,48.9,0.5,33.2,13.7,3.1,2.4,99.8,0.7,1.1,0.0,0.0,99.9,0.4,5.1,48.1,0.2,39.6,6.5,41.7,11.4,0.1,0.4,0.1,1418.0,10.3,6.5
22510505,female,3294.0,10.4,12.4,13.1,59.7,61.1,5.0,40.6,8.6,8.3,8.9,6.6,5.6,5.5,4.6,4.4,2.7,3.2,2.2,1.3,2.1,2.8,24.3,66.9,1.6,7.3,23.7,88.9,70.5,1.2,27.5,6.3,1.9,1.9,99.1,2.0,0.9,0.1,0.0,100.0,0.1,1.1,16.7,0.0,6.3,46.0,30.2,17.5,0.0,0.0,0.0,63.0,8.8,5.6
22510505,male,3258.0,9.5,14.0,14.3,41.5,46.0,67.4,30.2,11.1,7.3,6.6,6.6,6.3,4.4,3.9,3.2,2.9,2.9,2.1,1.9,2.9,2.6,41.2,57.2,1.2,0.3,30.5,88.0,50.0,1.4,35.2,12.3,3.3,1.7,99.1,2.1,1.0,0.0,0.0,99.9,0.0,0.8,17.3,2.4,43.5,5.9,32.2,6.5,0.0,2.0,7.5,953.0,9.8,6.9
22510507,female,7137.0,7.8,10.3,11.3,48.3,49.9,7.4,42.1,9.0,7.4,7.8,7.0,6.5,6.1,5.2,4.8,3.8,4.0,2.7,2.3,4.1,4.1,29.5,55.6,3.8,11.1,26.7,95.2,55.0,1.6,23.3,11.3,7.4,6.5,99.2,1.7,1.1,0.0,0.0,99.8,0.9,14.3,54.5,0.0,10.2,60.8,26.7,2.3,0.0,0.0,0.0,217.0,13.1,9.1
22510507,male,6464.0,8.5,10.7,12.7,31.4,36.6,61.0,36.9,9.8,6.5,6.7,6.5,6.5,6.6,5.4,4.3,3.6,4.1,2.6,2.1,3.6,5.1,41.4,56.8,1.2,0.7,31.9,92.6,36.4,1.4,31.4,16.4,7.9,6.2,99.6,2.1,1.0,0.2,0.1,100.0,0.3,11.2,48.8,1.1,32.7,25.4,28.7,8.2,0.1,2.2,1.6,1694.0,12.399999999999999,8.3
22510707,female,7528.0,11.1,11.5,12.7,78.7,76.4,2.7,26.1,11.9,8.5,7.8,6.5,4.8,4.7,4.3,3.9,3.1,2.9,2.4,1.8,2.0,4.1,19.2,65.9,4.3,10.5,20.9,53.7,85.0,0.7,18.6,2.5,1.1,0.8,26.1,0.4,91.5,0.3,0.0,96.0,4.9,6.9,23.6,0.0,25.6,42.0,18.2,5.8,0.0,2.6,5.8,96.0,9.1,6.2
22510707,male,7711.0,11.9,12.8,13.3,67.7,68.4,65.4,25.0,11.6,8.6,7.4,6.0,4.3,4.2,3.7,3.4,2.9,3.4,2.6,1.7,2.1,4.6,37.7,59.9,1.8,0.6,27.0,55.1,73.5,0.5,25.5,3.1,1.2,1.4,44.5,0.4,93.3,0.2,0.1,97.8,3.5,4.1,24.7,0.3,24.5,5.4,48.8,3.4,0.5,0.5,16.5,2340.0,9.8,6.4
22510709,female,3989.0,8.8,10.4,11.6,65.3,62.6,5.3,42.2,9.4,7.5,6.2,6.9,5.8,6.5,5.5,4.1,3.5,3.9,3.1,2.3,4.3,4.4,20.1,61.9,9.9,8.1,22.5,84.7,73.7,1.9,22.5,8.5,2.1,2.5,41.7,0.2,97.1,0.4,0.2,98.7,3.2,11.8,44.0,0.0,9.4,34.1,37.6,9.4,0.0,1.2,8.2,85.0,13.600000000000001,9.7
22510709,male,4074.0,11.1,11.3,13.2,44.8,46.0,64.5,21.9,10.0,7.8,6.8,6.5,4.8,4.8,4.6,4.1,3.4,3.5,2.6,2.5,3.2,4.8,35.1,60.7,3.7,0.5,28.0,91.5,51.5,1.8,31.6,14.2,3.0,3.4,57.7,0.3,97.0,0.3,0.0,98.7,2.7,7.6,38.9,0.2,7.6,7.0,43.9,7.0,0.1,0.3,33.8,1324.0,11.8,8.3
22510711,female,9664.0,8.4,9.7,10.6,50.7,50.5,10.2,34.9,9.5,6.8,6.9,7.2,6.7,6.7,5.6,4.6,3.9,4.3,2.9,2.6,3.7,6.3,22.2,56.7,10.4,10.7,23.3,93.2,57.0,2.0,25.1,11.4,4.9,6.1,65.2,0.5,86.0,0.2,0.0,99.4,3.2,15.4,55.5,1.0,7.6,49.5,35.0,5.7,1.3,0.0,0.0,457.0,13.5,9.2
22510711,male,9142.0,9.8,10.5,11.2,35.5,40.6,63.7,29.4,10.3,6.7,7.1,6.9,5.5,5.7,5.4,4.8,3.6,3.8,3.2,2.4,3.0,5.3,35.7,60.5,2.9,0.9,29.7,94.6,40.4,2.0,27.4,15.4,6.1,8.4,72.4,0.4,87.2,0.1,0.0,99.5,2.7,17.6,55.4,2.0,21.5,17.2,49.2,1.9,1.6,3.1,3.6,2812.0,12.4,8.6
22650103,female,40980.0,7.2,8.9,9.5,30.4,36.4,15.8,27.4,8.2,7.7,7.4,7.8,7.7,7.2,6.3,5.5,4.3,4.2,2.9,2.2,2.9,4.5,28.4,59.6,4.0,8.1,24.9,96.9,34.1,1.7,24.6,16.3,11.4,9.6,98.4,9.5,10.9,4.5,0.0,99.8,1.2,23.5,60.3,1.4,12.3,37.1,45.4,0.6,0.4,0.7,2.2,3499.0,12.200000000000001,8.0
22650103,male,38287.0,8.0,10.1,11.0,14.3,23.5,63.8,21.0,9.2,7.0,6.0,6.3,6.7,6.6,6.6,5.4,4.2,4.5,3.4,2.3,2.6,4.6,38.1,60.0,1.3,0.6,32.2,96.6,16.3,2.5,27.0,22.2,14.4,10.4,98.5,9.2,10.9,3.7,0.0,99.7,1.3,22.0,62.9,2.8,26.5,27.8,34.6,0.8,1.8,2.5,3.2,13644.0,12.799999999999999,8.299999999999999
22650501,female,3527.0,8.5,9.6,9.9,54.4,56.2,3.0,38.2,9.0,7.2,7.9,6.9,7.1,6.2,6.1,4.6,3.1,4.4,2.8,2.8,3.9,3.7,23.9,66.9,1.8,7.4,23.5,93.1,61.6,1.6,29.5,8.0,2.5,2.2,97.3,0.7,39.9,0.4,0.0,99.1,1.2,9.9,47.3,0.0,14.9,38.3,40.4,6.4,0.0,0.0,0.0,47.0,13.9,9.5
22650501,male,3609.0,9.3,11.2,11.1,29.2,37.8,63.4,19.8,9.3,6.3,7.7,7.2,6.1,6.3,5.7,4.4,3.2,3.4,2.9,2.3,3.6,4.3,35.0,63.6,0.9,0.5,29.9,92.3,33.5,1.7,33.3,18.7,4.3,4.4,98.0,0.8,39.8,0.2,0.0,99.0,1.2,12.0,51.5,1.5,44.4,8.6,39.7,2.4,1.9,1.0,0.6,1255.0,12.2,8.799999999999999
22650503,female,3424.0,8.3,10.0,10.7,59.7,58.8,2.9,35.7,9.6,7.8,7.1,6.1,6.6,6.3,5.4,4.4,4.4,3.8,2.9,2.6,4.2,3.9,27.6,62.0,1.8,8.6,25.4,95.8,68.5,1.3,22.3,8.2,4.4,5.0,66.9,1.8,98.1,0.4,0.1,99.0,1.3,16.0,63.6,0.0,6.7,73.3,20.0,0.0,0.0,0.0,0.0,45.0,13.5,9.7
22650503,male,3361.0,8.8,10.9,9.8,39.1,46.4,68.8,28.5,10.8,7.3,7.0,7.0,5.6,5.5,5.3,4.8,3.6,3.8,3.1,2.2,4.4,4.2,37.1,61.4,0.8,0.8,30.6,95.0,44.4,1.9,22.1,15.7,7.2,6.7,77.4,2.1,97.8,0.5,0.0,99.3,1.0,16.2,58.9,0.2,63.6,13.0,16.9,4.0,0.1,2.1,0.2,1166.0,13.500000000000002,9.700000000000001
22650505,female,19849.0,7.9,10.0,9.7,45.3,47.7,8.6,50.8,8.2,7.4,7.7,7.5,7.6,6.8,5.8,5.0,4.1,4.1,2.9,2.3,3.1,4.6,25.9,63.6,2.4,8.2,24.6,94.6,51.1,1.5,29.2,12.5,5.4,3.7,97.6,6.1,9.6,7.9,0.0,99.7,1.1,12.9,45.4,1.0,11.0,19.9,60.6,6.9,0.0,0.0,0.7,605.0,12.4,8.299999999999999
22650505,male,19838.0,8.8,10.7,10.7,29.0,34.9,69.4,18.4,9.1,7.3,6.1,6.5,7.1,6.5,5.8,5.2,4.0,4.3,2.8,2.2,3.0,5.2,38.5,59.9,1.4,0.2,32.4,94.1,32.9,2.1,31.8,20.4,6.8,3.9,97.8,5.1,9.3,6.7,0.0,99.9,1.0,10.6,47.4,2.9,21.9,7.3,52.5,5.5,0.4,1.2,8.3,7856.0,12.3,8.0
22650507,female,7281.0,8.7,10.0,10.5,49.6,51.8,3.5,22.2,9.2,7.4,7.1,7.0,6.8,6.6,5.6,4.6,4.0,3.7,2.8,2.4,3.5,5.0,27.4,64.3,2.6,5.7,25.1,89.6,56.1,1.3,27.4,10.4,5.2,3.9,98.9,9.9,17.5,0.2,0.0,98.8,0.9,7.4,35.2,0.0,5.3,53.0,34.5,7.2,0.0,0.0,0.0,140.0,12.4,8.7
22650507,male,7170.0,9.2,10.3,11.1,27.9,35.3,69.5,21.9,9.1,7.1,6.6,6.2,6.5,5.8,6.1,5.2,4.1,3.7,3.1,2.3,3.7,5.6,34.4,64.3,1.0,0.3,29.9,91.0,32.0,1.4,32.4,18.6,8.1,4.2,99.3,9.9,15.0,0.5,0.0,99.4,0.9,6.5,34.8,0.7,19.6,6.1,67.6,1.2,0.8,0.9,3.1,2700.0,12.8,9.100000000000001
22650515,female,10399.0,9.0,10.9,10.8,55.4,56.9,3.0,38.3,9.2,7.5,7.7,7.4,6.9,5.6,5.5,4.7,3.6,3.5,2.6,2.1,3.1,5.0,27.4,64.1,1.5,7.0,24.6,91.8,63.4,1.5,31.0,5.9,3.0,1.6,82.0,3.2,3.3,76.5,0.0,99.1,0.9,9.6,42.8,0.0,4.5,29.8,41.3,24.3,0.0,0.0,0.0,134.0,11.299999999999999,7.800000000000001
22650515,male,10450.0,10.3,12.0,12.5,39.2,46.6,73.4,20.9,9.4,7.5,6.8,6.6,6.3,5.6,4.5,4.0,3.7,3.3,2.7,2.1,2.8,6.4,40.3,58.4,0.4,0.8,30.8,91.4,45.6,1.1,29.5,15.5,4.9,2.4,86.8,2.9,2.8,74.0,0.1,99.6,0.4,9.3,47.9,1.8,37.9,5.6,44.7,5.7,0.6,3.4,0.2,3959.0,10.899999999999999,7.6000000000000005
22650709,female,3192.0,7.2,9.7,10.1,54.4,55.4,5.1,64.4,7.8,7.2,7.0,5.8,7.0,6.7,6.0,5.2,4.5,5.5,3.3,2.7,4.3,8.5,31.4,58.3,1.3,8.9,26.7,96.7,61.6,1.3,24.2,10.3,4.4,4.5,87.2,0.3,0.7,90.3,0.1,99.8,0.4,13.0,59.7,0.0,2.4,54.8,40.5,2.4,0.0,0.0,0.0,42.0,15.8,10.3
22650709,male,2939.0,9.3,10.7,11.4,35.3,40.5,61.2,52.3,8.8,6.8,6.4,6.5,6.2,5.5,5.2,4.6,4.1,4.0,3.6,2.8,4.0,8.5,43.0,55.9,0.7,0.5,34.8,98.2,41.0,1.8,28.5,20.4,5.2,3.5,90.1,0.5,0.8,90.8,0.1,99.3,0.9,9.3,56.4,0.7,34.0,20.0,36.5,7.3,0.0,1.4,0.2,589.0,14.399999999999999,10.4
22650711,female,546.0,9.3,10.3,10.1,54.2,55.3,3.9,20.0,6.8,7.1,6.6,8.2,7.1,6.2,6.0,4.2,3.3,5.1,3.8,2.9,2.7,5.7,26.6,62.8,1.8,8.9,25.8,100.0,61.7,0.4,29.3,7.9,2.9,4.2,99.1,0.9,2.9,50.4,0.0,99.0,0.5,19.4,61.7,0.0,16.7,50.0,25.0,8.3,0.0,0.0,0.0,12.0,14.5,9.399999999999999
22650711,male,571.0,6.8,12.6,10.5,38.0,41.2,53.5,29.4,8.6,5.8,5.8,7.7,6.3,6.8,6.0,3.3,5.4,4.9,3.9,2.1,3.5,9.1,40.3,58.0,1.0,0.8,31.7,100.0,43.5,1.6,33.8,18.2,3.5,1.8,99.3,0.4,0.9,44.8,0.0,99.6,0.0,6.7,55.8,0.0,62.9,11.9,17.2,7.3,0.0,0.0,0.7,151.0,14.4,9.5
22650713,female,6035.0,8.6,9.6,9.7,57.9,57.5,2.2,22.3,9.5,7.5,6.8,6.8,7.2,6.8,5.9,4.6,3.7,4.0,3.1,2.8,3.4,2.9,26.2,63.7,1.7,8.4,25.8,95.7,65.3,1.6,21.1,9.6,5.1,5.1,81.0,12.6,78.7,0.3,0.0,99.5,1.1,14.7,48.4,0.0,16.4,60.3,17.8,4.1,0.0,1.4,0.0,73.0,13.299999999999999,9.3
22650713,male,6050.0,8.9,9.9,10.0,34.9,46.0,62.4,15.1,10.2,7.1,6.3,7.2,6.5,6.4,6.4,5.1,3.7,3.7,2.9,2.6,3.1,4.1,38.8,59.9,0.5,0.8,32.4,96.8,39.5,1.3,21.1,17.3,6.7,7.7,82.6,13.8,78.3,0.1,0.0,99.3,1.5,11.9,40.6,0.2,65.6,9.1,21.1,2.9,0.1,0.4,0.7,2282.0,12.299999999999999,8.6
22650717,female,13235.0,7.9,10.0,9.9,48.0,49.9,5.4,23.4,8.2,7.2,7.1,7.2,7.3,7.2,6.5,4.7,3.9,4.1,3.0,2.5,3.4,4.3,25.7,63.9,2.5,7.9,25.6,88.1,54.3,1.5,26.1,11.3,6.5,4.8,97.1,8.7,32.3,2.1,0.0,99.4,0.9,16.8,59.0,0.0,13.7,28.7,52.6,5.1,0.0,0.0,0.0,396.0,13.0,8.9
22650717,male,13168.0,8.6,9.9,11.3,27.8,34.8,65.5,17.4,8.7,7.1,5.9,6.7,6.9,7.2,6.5,5.1,3.3,3.9,3.2,2.5,3.1,5.1,36.2,62.1,1.3,0.5,31.6,91.7,32.0,1.9,29.0,20.3,8.3,5.7,97.7,8.5,32.1,1.4,0.1,99.6,0.8,15.4,61.9,1.5,44.5,7.5,36.5,7.6,0.2,1.3,1.0,5005.0,12.7,8.8
22750103,female,8093.0,6.6,8.4,10.0,39.4,43.0,11.0,47.2,8.5,7.0,7.6,7.0,6.8,7.2,5.3,5.4,4.2,4.7,3.7,3.1,4.4,6.0,28.9,55.4,4.3,11.3,25.6,97.0,44.3,1.4,22.8,14.7,10.3,7.9,99.1,1.1,1.0,0.8,0.2,99.9,0.8,17.3,50.7,1.7,12.5,49.4,31.9,0.0,0.0,1.1,3.4,354.0,15.9,11.200000000000001
22750103,male,7394.0,6.8,10.1,10.8,21.1,26.1,69.3,42.9,8.8,7.7,7.7,7.1,7.1,6.5,5.2,4.6,3.9,3.7,3.5,2.4,4.0,5.6,43.4,53.1,2.2,1.2,32.9,97.3,24.0,1.8,31.3,20.5,12.1,8.3,99.4,0.8,0.6,0.7,0.1,99.8,0.6,13.3,47.3,6.1,29.7,22.4,33.0,1.5,0.5,4.4,2.4,2114.0,13.6,9.9
22750117,female,21294.0,6.2,7.6,7.8,33.6,37.9,14.2,56.9,6.6,6.7,6.8,7.1,7.3,6.7,6.5,6.3,6.1,5.9,4.2,3.4,4.7,7.6,30.5,52.8,4.4,12.2,23.2,93.1,36.8,1.4,22.0,17.1,11.0,10.5,99.3,12.7,7.8,0.5,0.0,99.6,0.7,16.7,50.2,0.0,9.8,52.7,32.5,0.9,1.1,0.5,2.5,1020.0,18.200000000000003,12.3
22750117,male,19588.0,7.3,8.6,9.6,16.1,22.6,63.0,45.2,7.1,6.6,7.2,7.8,7.6,7.0,5.9,5.3,4.7,5.0,4.2,3.0,3.1,6.0,43.3,54.4,1.7,0.7,34.0,92.6,18.0,1.7,25.7,24.7,15.0,10.3,99.4,10.9,6.9,0.5,0.0,99.7,0.9,14.1,51.9,1.7,26.0,35.0,30.0,0.5,0.8,3.4,2.7,5034.0,15.299999999999999,10.3
22750135,female,1562.0,5.5,8.3,8.1,33.9,37.0,9.7,38.1,5.5,6.5,6.5,6.2,6.3,6.9,6.8,6.7,5.9,7.0,5.0,3.7,5.2,4.4,26.7,59.6,4.7,9.0,22.7,96.8,37.4,0.8,24.1,16.7,11.7,9.7,99.6,0.9,0.0,0.1,0.0,99.7,0.2,18.3,56.3,1.4,4.1,43.8,39.7,0.0,0.0,0.0,11.0,73.0,20.9,13.899999999999999
22750135,male,1503.0,7.7,7.8,8.9,15.5,22.4,51.6,39.4,8.1,6.0,6.9,6.3,7.3,6.8,6.7,4.0,5.5,4.7,5.1,3.7,4.7,5.6,41.1,56.8,1.5,0.6,34.0,97.5,17.2,0.4,27.6,21.0,17.2,11.4,99.4,1.3,0.1,0.1,0.1,99.8,0.2,15.8,57.3,0.8,16.6,44.2,26.2,0.0,0.6,0.3,11.3,355.0,18.2,13.5
22750501,female,5152.0,8.0,10.9,11.1,51.6,53.4,5.5,56.9,7.7,7.6,7.3,7.5,7.5,6.8,5.0,5.0,4.3,3.9,2.5,2.1,3.0,3.8,26.2,63.8,2.9,7.1,24.1,95.6,59.3,1.3,27.4,10.2,4.7,3.0,98.4,0.9,0.1,0.2,0.1,99.9,0.4,3.4,29.8,4.7,10.6,24.7,52.9,7.1,0.0,0.0,0.0,85.0,11.5,7.6
22750501,male,5311.0,8.6,10.9,12.6,35.6,40.1,69.8,23.2,9.8,7.2,7.0,6.4,6.2,6.6,5.1,4.2,3.6,4.4,2.9,1.9,2.7,3.9,41.1,57.4,0.9,0.5,31.7,95.4,41.7,1.6,33.6,16.1,5.6,3.0,98.2,0.6,0.2,0.0,0.1,100.0,0.1,2.7,27.5,0.8,29.3,6.7,50.0,11.7,0.1,1.3,0.2,1931.0,11.900000000000002,7.5
22750511,female,1471.0,8.2,11.0,12.8,50.5,51.7,3.2,0.0,7.8,8.5,8.8,6.8,5.6,4.4,5.2,5.4,4.1,3.5,2.8,1.8,3.4,2.7,24.3,64.9,2.7,8.1,23.5,90.3,59.3,1.0,25.6,12.4,4.4,4.8,98.6,0.3,0.1,1.0,0.1,99.7,0.3,3.2,8.7,0.0,3.1,43.8,53.1,0.0,0.0,0.0,0.0,32.0,11.5,8.0
22750511,male,1410.0,9.7,13.5,11.5,30.7,35.9,62.6,2.1,9.6,8.0,8.7,6.9,5.2,5.3,3.9,3.3,2.8,3.8,1.8,2.9,3.0,3.7,43.4,55.2,1.2,0.2,31.8,90.4,35.5,0.4,33.3,16.2,7.9,6.4,97.6,0.1,0.2,0.7,0.1,99.6,0.7,3.2,7.7,1.6,30.4,8.7,42.3,14.7,0.2,0.2,1.9,565.0,11.5,7.7
22750513,female,2429.0,8.6,11.3,11.7,53.4,54.5,1.6,23.1,9.2,9.7,9.2,5.7,6.2,4.8,4.6,4.4,3.5,2.9,2.8,2.5,3.0,4.3,29.2,62.1,1.6,7.0,26.2,91.8,61.7,1.3,30.5,8.5,3.1,2.1,99.5,0.3,0.0,0.1,0.0,99.9,0.0,6.1,41.9,0.0,5.0,55.0,40.0,0.0,0.0,0.0,0.0,20.0,11.2,8.3
22750513,male,2227.0,8.8,14.1,13.4,34.8,39.7,69.1,59.4,9.8,8.6,8.0,7.2,5.0,3.8,3.6,3.5,2.6,2.8,2.3,2.6,3.8,5.7,42.0,57.5,0.4,0.1,30.5,90.9,41.4,1.3,35.7,17.0,4.2,2.2,99.6,0.4,0.0,0.0,0.0,99.8,0.0,4.9,46.5,1.8,64.0,9.6,19.9,2.0,0.3,1.3,1.3,397.0,11.5,8.7
22750515,female,601.0,8.3,11.0,10.1,66.4,67.1,0.5,50.0,10.0,9.8,7.2,6.7,7.2,6.2,4.0,5.7,3.5,3.7,2.3,2.2,2.3,3.2,30.2,65.8,0.9,3.1,25.0,79.2,73.3,0.0,24.5,5.7,1.5,1.3,97.8,1.0,0.0,0.0,0.2,99.4,0.6,1.2,55.8,0.0,0.0,100.0,0.0,0.0,0.0,0.0,0.0,1.0,10.5,6.8
22750515,male,673.0,10.3,10.1,12.0,55.6,60.0,73.4,56.3,9.2,7.3,8.9,5.6,6.8,6.7,4.3,3.1,3.7,3.1,3.4,2.5,2.8,4.5,43.1,56.7,0.0,0.2,32.8,73.2,60.7,0.1,24.2,11.3,2.1,2.2,99.4,0.0,0.0,0.0,0.0,99.2,0.4,3.4,50.4,2.1,61.6,18.5,15.8,2.1,0.0,0.0,0.0,146.0,11.8,8.7
22750703,female,1331.0,7.2,7.6,8.1,48.9,51.8,6.7,65.2,6.1,5.6,7.6,7.1,7.4,6.7,5.8,6.5,6.4,4.9,4.4,3.2,5.4,6.3,28.8,57.7,3.4,10.1,24.8,93.0,54.0,1.7,23.6,10.7,7.1,5.1,99.8,0.6,0.6,18.8,0.1,100.0,0.2,11.2,47.3,0.0,0.0,75.0,20.8,0.0,0.0,0.0,4.2,24.0,17.9,13.0
22750703,male,1271.0,6.6,10.1,9.0,32.0,35.2,56.4,62.7,7.1,6.9,7.2,6.8,6.9,6.5,5.0,4.2,4.5,6.3,4.3,3.8,4.7,5.5,38.6,58.9,1.4,1.1,33.6,94.2,35.8,2.7,30.6,15.5,10.1,5.9,99.8,0.5,0.3,16.5,0.0,100.0,0.0,10.7,51.1,2.5,14.6,22.6,22.1,1.5,0.0,2.0,34.7,199.0,19.099999999999998,12.8
22750707,female,2056.0,6.5,9.3,10.3,49.1,50.2,8.1,30.1,7.0,5.4,7.0,6.6,7.2,6.8,6.1,5.1,5.7,5.1,3.3,2.9,5.9,6.0,29.3,58.5,2.5,9.7,20.7,94.7,55.6,1.8,26.6,12.5,4.7,4.2,99.4,5.6,13.7,0.4,0.0,100.0,0.7,10.8,44.4,0.0,12.8,34.9,25.6,24.4,0.0,0.0,2.3,86.0,17.2,12.1
22750707,male,2015.0,8.6,10.3,9.6,29.9,36.0,54.7,23.0,7.2,6.0,7.1,6.9,6.4,7.3,6.1,4.9,5.2,4.0,3.4,2.8,4.1,5.0,41.3,57.1,1.0,0.6,33.3,97.7,33.7,1.9,28.5,22.2,7.1,4.2,99.8,4.0,12.5,0.3,0.0,99.8,0.3,10.6,46.5,0.8,39.9,11.6,38.6,5.0,0.0,0.5,3.6,606.0,14.299999999999999,10.299999999999999
22750709,female,1292.0,7.4,7.7,10.4,49.8,50.3,7.5,66.7,6.6,6.0,6.3,7.7,7.5,7.1,6.4,5.1,5.3,4.5,3.5,2.6,5.9,9.1,29.6,60.4,1.7,8.3,26.5,99.3,56.6,1.5,21.7,10.8,7.0,8.6,99.8,0.0,0.0,62.9,0.0,99.6,1.1,22.1,61.9,0.0,0.0,50.0,37.5,12.5,0.0,0.0,0.0,24.0,16.5,12.0
22750709,male,1249.0,6.5,11.2,10.3,31.4,32.0,66.6,28.9,8.0,5.1,5.8,6.2,7.6,6.7,7.5,4.7,5.8,3.4,4.2,2.3,4.6,8.6,37.0,60.5,1.8,0.7,34.8,98.1,35.9,2.6,28.1,17.1,11.4,8.8,99.8,0.0,0.0,59.3,0.0,100.0,0.6,15.5,57.2,0.9,14.6,8.9,74.2,1.4,0.0,0.0,0.0,426.0,14.499999999999998,11.1
22750905,female,2800.0,7.1,8.0,9.0,49.0,51.1,10.4,65.0,7.5,6.0,6.3,6.7,7.9,7.0,6.7,5.8,5.8,5.2,3.8,3.0,4.4,3.6,28.7,59.5,3.1,8.7,22.2,98.3,54.5,0.8,24.5,12.1,7.3,4.4,98.5,1.1,6.4,1.1,0.0,99.7,0.3,18.5,58.8,0.0,9.1,24.7,64.9,0.0,0.0,0.0,1.3,77.0,16.4,11.2
22750905,male,2909.0,6.6,9.7,9.6,27.6,32.4,63.6,41.8,8.2,6.3,5.9,6.8,6.7,7.2,6.5,5.6,4.5,5.3,4.2,3.2,3.7,4.4,42.5,55.3,1.3,0.8,35.1,96.4,30.8,0.9,33.3,19.6,9.5,4.3,99.4,1.1,6.5,1.0,0.0,99.9,0.2,12.1,55.6,0.6,36.8,9.9,42.5,1.0,0.4,1.9,6.9,798.0,16.4,11.100000000000001
22750913,female,619.0,4.8,8.7,9.2,51.2,51.5,3.8,61.1,9.2,6.1,4.8,5.3,6.5,5.5,7.4,6.9,6.8,5.3,3.6,3.6,6.1,10.8,30.5,58.6,1.7,9.2,24.7,96.7,57.1,0.0,26.5,12.6,6.9,2.4,98.9,0.0,0.0,0.0,0.0,100.0,0.0,13.4,40.6,0.0,0.0,57.1,42.9,0.0,0.0,0.0,0.0,7.0,18.6,13.3
22750913,male,656.0,4.4,8.1,9.8,26.5,29.0,55.5,75.6,7.5,7.6,7.3,6.4,4.4,6.4,6.7,7.6,5.5,7.2,4.0,2.3,4.9,11.4,45.7,52.7,1.0,0.6,38.2,96.3,29.8,0.2,33.2,26.2,7.8,3.7,98.8,0.0,0.2,0.0,0.0,100.0,0.0,7.6,36.0,4.3,7.2,37.7,49.3,0.0,0.0,1.4,0.0,69.0,18.4,11.2
22750915,female,1214.0,6.4,8.1,9.1,33.6,35.6,5.3,49.0,7.2,4.8,6.2,6.7,6.8,7.0,6.1,5.5,6.2,7.2,4.3,3.5,4.9,6.9,26.0,58.9,4.1,11.0,23.2,94.8,37.5,2.1,28.3,16.9,12.2,4.9,95.0,1.4,0.1,0.3,0.0,99.9,0.3,14.1,57.8,0.0,0.0,36.0,64.0,0.0,0.0,0.0,0.0,25.0,19.9,12.7
22750915,male,1137.0,6.5,10.1,9.5,15.3,20.8,59.4,54.6,9.3,5.7,5.5,5.6,6.2,5.5,3.8,5.5,5.9,5.8,7.0,4.0,4.1,9.2,38.1,59.2,1.9,0.8,34.6,95.5,17.0,2.0,34.4,21.1,15.6,6.1,94.9,0.2,0.0,0.2,0.0,100.0,0.2,11.4,62.5,0.0,25.2,13.7,46.5,0.4,0.0,0.4,13.7,226.0,20.9,15.1
22750921,female,2073.0,6.2,9.8,10.9,49.2,49.3,5.1,56.4,8.1,6.4,5.9,6.4,7.3,6.6,6.1,4.8,5.0,5.1,3.6,2.9,5.1,4.4,27.2,63.4,1.3,8.2,24.1,92.3,56.0,1.4,26.0,13.2,6.8,3.2,99.4,1.1,0.1,0.2,0.0,99.7,0.5,26.1,70.3,0.0,11.8,29.4,55.9,0.0,2.9,0.0,0.0,34.0,16.7,11.6
22750921,male,2229.0,6.9,9.4,11.1,29.9,33.1,53.0,47.6,8.7,7.6,6.0,5.2,6.1,7.7,6.5,5.2,4.4,3.7,4.4,2.8,4.3,4.8,42.5,55.4,1.5,0.6,35.2,91.2,34.2,1.7,32.7,19.7,9.1,3.8,99.6,0.6,0.0,0.0,0.0,99.7,0.0,21.8,68.3,0.2,30.4,11.6,54.0,1.1,0.2,0.2,2.2,450.0,15.200000000000003,11.5
23810101,female,24122.0,6.7,9.1,8.9,39.7,42.5,11.6,33.6,7.0,6.9,7.2,7.8,7.0,6.9,6.1,6.1,5.0,5.8,3.7,2.6,3.3,5.3,29.8,55.2,4.9,10.1,24.8,95.6,44.2,1.3,28.3,13.0,6.9,7.9,76.2,1.3,2.1,78.3,0.1,98.9,1.5,20.7,56.5,0.5,15.1,33.1,47.6,1.1,0.0,0.0,2.6,1403.0,15.399999999999999,9.600000000000001
23810101,male,22405.0,7.5,10.1,10.0,20.6,29.0,68.3,26.7,7.9,7.2,6.8,7.1,7.1,7.3,5.8,5.2,4.2,4.7,3.7,2.5,2.9,5.3,41.2,56.6,1.5,0.7,34.1,96.7,23.2,1.9,31.8,18.6,9.7,9.0,83.0,1.9,2.3,77.7,0.0,99.0,1.6,18.8,52.6,5.5,30.3,14.8,41.3,1.2,1.0,2.2,3.6,8117.0,13.8,9.1
23810103,female,25404.0,6.4,8.5,9.0,29.7,35.2,13.1,34.3,7.2,7.5,7.4,7.1,6.8,7.1,6.5,6.2,5.0,5.4,3.8,2.7,3.3,5.9,30.3,56.0,3.8,9.9,25.7,95.3,33.1,1.5,31.3,15.0,9.3,7.7,76.7,2.4,8.1,73.7,0.1,98.1,5.5,14.0,50.7,2.3,9.6,26.8,55.9,0.6,0.3,0.5,4.0,1662.0,15.2,9.8
23810103,male,24709.0,6.9,9.7,9.7,13.9,20.9,66.3,28.8,8.1,6.8,6.8,7.2,6.9,7.2,6.1,5.9,5.0,5.0,3.7,2.4,2.5,5.6,42.5,55.1,1.6,0.9,34.3,94.8,15.5,1.2,36.7,21.2,11.0,9.0,81.3,3.0,8.0,73.2,0.1,98.4,5.6,11.5,48.5,3.2,27.9,21.0,38.7,0.8,0.6,3.4,4.4,8575.0,13.6,8.6
23810105,female,78794.0,6.1,8.3,8.2,27.2,32.8,17.3,32.3,7.2,7.2,7.3,7.4,6.8,7.1,6.3,6.2,5.6,6.1,4.0,2.7,3.6,5.4,31.2,53.4,5.2,10.1,25.7,95.8,30.1,1.5,28.0,14.3,11.5,12.0,81.6,2.1,4.7,74.1,0.1,98.7,4.5,18.9,56.1,3.3,13.4,28.5,48.2,1.4,0.3,1.5,3.5,7126.0,16.400000000000002,10.3
23810105,male,76817.0,6.8,8.8,9.6,12.1,20.0,68.0,22.7,7.7,6.9,7.0,7.5,7.1,7.3,6.0,5.6,4.9,5.3,4.2,2.7,2.7,4.7,43.6,53.4,2.3,0.8,34.4,95.6,13.4,1.7,31.7,20.4,13.4,12.8,87.0,2.4,4.7,73.6,0.1,98.8,4.4,16.2,55.2,6.0,31.9,14.2,36.8,1.3,0.8,4.3,4.6,30202.0,14.899999999999999,9.600000000000001
23810107,female,18892.0,5.7,8.0,9.2,37.6,41.6,11.8,44.8,7.2,6.6,6.2,6.7,6.5,7.4,6.6,6.2,5.7,6.1,4.5,3.3,4.0,6.6,27.4,57.2,4.1,11.3,24.6,97.2,41.9,1.2,26.4,14.6,7.9,8.3,97.1,4.2,6.4,32.8,0.1,99.8,2.1,19.7,56.4,1.8,17.2,37.1,40.7,1.0,1.0,0.0,1.1,946.0,17.9,11.8
23810107,male,17867.0,6.6,9.4,10.4,21.2,28.3,65.5,31.6,8.0,6.9,6.4,6.0,6.4,6.9,6.1,5.6,4.9,5.3,4.6,3.3,3.2,7.4,40.0,56.7,2.2,1.1,33.7,97.0,24.1,1.3,31.5,19.5,8.5,10.8,98.7,4.5,5.8,32.6,0.0,99.8,1.8,15.9,54.1,3.7,31.3,16.3,39.1,1.0,0.7,3.0,4.9,5897.0,16.4,11.1
23810109,female,16303.0,5.5,7.8,8.8,33.8,37.2,14.0,38.7,7.1,6.9,6.4,6.7,5.8,6.8,6.0,6.4,6.2,7.1,5.0,3.2,4.4,6.4,30.3,52.1,4.5,13.1,25.9,97.4,37.4,1.8,29.8,13.9,8.3,9.0,76.2,0.5,1.2,89.7,0.0,99.3,1.0,19.5,60.5,0.4,22.9,31.6,39.0,1.0,0.9,1.4,2.7,1089.0,19.700000000000003,12.6
23810109,male,15043.0,6.3,9.0,9.9,14.5,20.9,66.7,26.9,8.1,6.9,6.2,6.0,6.2,6.7,5.7,5.7,5.5,6.3,5.2,3.1,3.3,4.9,41.3,55.1,2.6,1.0,34.9,96.7,16.3,1.8,36.0,19.6,11.0,10.6,85.5,1.2,1.4,89.2,0.0,99.9,0.5,16.8,58.7,4.2,36.8,14.6,36.9,1.4,1.1,3.4,1.7,5491.0,17.9,11.600000000000001
23810115,female,3825.0,5.7,7.7,7.5,43.8,45.9,5.9,20.5,6.8,6.1,6.4,6.4,5.8,6.9,6.5,7.3,6.7,7.7,5.0,3.3,4.1,8.1,28.7,52.9,3.0,15.4,21.9,94.2,47.9,1.5,26.7,14.4,5.6,5.9,93.5,3.3,2.6,70.2,0.2,98.1,2.7,15.3,52.9,0.0,9.7,32.1,54.6,3.6,0.0,0.0,0.0,143.0,20.1,12.4
23810115,male,3699.0,6.6,8.4,9.0,20.1,24.6,61.5,24.0,7.0,6.3,6.9,6.5,6.1,8.0,6.1,5.3,5.0,5.9,5.6,4.0,3.3,7.3,40.3,57.6,1.0,1.1,35.8,96.3,22.0,1.6,35.4,22.4,8.8,7.1,97.0,2.9,4.7,70.1,0.0,99.3,3.1,9.6,52.2,5.1,21.8,13.9,54.2,0.7,0.0,1.5,2.9,1315.0,18.8,12.899999999999999
23810119,female,14438.0,7.1,9.4,9.3,24.7,30.3,18.0,32.6,7.5,7.4,7.8,8.2,7.4,6.9,6.0,5.3,5.1,4.8,3.3,2.0,2.6,5.3,27.8,60.3,3.8,8.1,25.1,98.7,27.8,1.9,27.1,14.2,12.3,14.2,90.3,2.7,5.8,58.1,0.2,99.5,1.2,30.7,68.1,2.6,8.5,42.4,43.3,1.7,0.0,0.8,0.7,1295.0,12.7,7.9
23810119,male,13997.0,8.0,10.1,10.3,11.3,20.2,70.0,18.8,7.7,6.8,6.4,6.9,7.1,7.0,5.9,5.4,4.8,5.0,3.8,2.5,2.2,5.0,37.8,60.4,1.3,0.5,32.7,96.7,12.8,1.8,27.1,20.0,15.0,15.9,94.4,3.9,6.5,58.4,0.1,99.4,1.1,26.1,68.2,2.9,21.9,21.2,47.0,0.2,1.0,2.5,3.3,5686.0,13.5,8.5
23810501,female,3468.0,6.6,8.2,10.1,34.6,38.3,6.9,39.7,8.5,6.6,6.7,6.5,6.3,6.6,6.0,5.7,5.6,6.1,3.8,3.0,3.6,5.0,29.6,54.6,3.8,12.1,25.4,97.0,38.9,1.9,33.9,14.2,6.5,5.2,76.4,1.1,0.6,85.9,0.1,99.2,0.7,9.6,43.6,0.0,6.5,14.8,72.2,0.9,0.0,0.0,5.6,108.0,16.5,10.4
23810501,male,3376.0,7.3,9.6,9.4,18.7,25.4,65.7,24.5,8.4,7.5,6.6,6.7,6.7,7.3,5.5,5.7,4.3,5.8,3.9,2.6,2.7,6.0,43.3,54.0,1.8,0.9,34.4,97.2,20.8,2.7,38.8,20.8,7.2,5.2,85.1,1.0,0.9,85.5,0.2,99.4,0.7,6.7,38.9,2.3,33.3,6.5,42.8,1.5,2.1,2.5,9.1,1235.0,15.0,9.2
23810503,female,11568.0,6.1,8.3,8.7,42.7,41.8,6.9,50.6,8.0,6.9,6.5,6.3,6.1,5.9,6.3,6.2,5.9,6.4,4.5,3.1,4.8,7.0,30.7,54.4,2.6,12.3,24.8,98.0,47.5,1.6,36.5,12.5,3.5,4.2,50.6,1.2,3.8,92.3,0.1,99.1,0.9,10.7,49.2,3.5,4.8,33.3,51.7,2.2,2.4,2.1,0.0,302.0,18.8,12.399999999999999
23810503,male,10730.0,6.8,9.7,9.9,21.8,23.3,68.1,47.9,8.0,6.8,6.2,5.8,6.3,6.8,6.1,6.0,5.5,5.6,4.7,3.0,3.0,6.2,42.4,55.8,1.5,0.3,35.1,97.5,24.2,2.1,44.6,19.6,6.0,4.4,65.4,1.3,4.6,91.6,0.1,99.0,0.7,6.8,41.0,3.9,29.0,9.3,54.6,0.8,0.4,1.8,0.2,2805.0,16.3,10.7
23810505,female,4175.0,5.9,8.1,8.1,46.8,45.5,3.9,50.8,7.4,6.3,6.1,5.7,5.4,6.0,6.3,6.6,6.9,7.1,5.5,3.4,5.2,5.1,28.3,57.5,2.3,11.9,24.8,98.3,51.5,2.4,30.9,11.2,5.6,4.4,29.9,0.3,0.7,97.2,0.2,98.1,1.7,8.6,40.8,0.0,14.3,22.2,57.1,1.6,0.0,0.0,4.8,63.0,21.2,14.100000000000001
23810505,male,4019.0,6.8,9.9,9.2,28.8,30.2,45.6,25.8,7.2,5.8,5.2,6.1,5.3,6.7,5.9,5.5,5.8,6.4,6.8,3.5,3.7,6.0,38.6,58.9,1.5,1.0,35.6,98.5,32.2,3.2,37.0,18.6,5.7,5.2,40.1,0.1,0.7,97.1,0.2,98.4,1.5,7.0,36.7,2.6,35.0,9.7,42.2,0.6,0.5,5.6,3.9,1007.0,20.4,14.0
23810507,female,2699.0,6.2,8.0,8.8,50.6,52.6,1.5,9.7,5.7,5.8,5.4,7.0,6.0,5.0,5.4,6.6,6.7,8.1,5.7,4.4,5.1,6.7,28.1,56.5,3.1,12.3,24.9,96.7,56.2,1.3,32.0,8.7,3.3,2.1,29.1,0.0,0.7,95.6,0.1,96.0,4.0,2.7,21.6,0.0,7.1,57.1,32.1,0.0,3.6,0.0,0.0,28.0,23.300000000000004,15.200000000000001
23810507,male,2565.0,6.0,9.4,9.2,30.1,35.2,59.8,40.7,7.2,6.9,6.9,6.5,6.6,6.7,5.0,5.1,5.2,5.7,6.0,3.5,4.0,7.5,42.3,55.1,1.4,1.1,36.2,97.0,33.5,1.1,38.1,17.2,5.3,3.1,46.7,0.3,1.1,94.2,0.5,95.8,4.1,1.8,21.2,2.0,21.5,10.8,64.2,0.4,0.1,0.9,0.0,685.0,19.2,13.5
23810509,female,22134.0,7.3,10.4,10.2,36.8,40.9,10.0,38.1,7.8,7.4,7.5,7.7,7.1,7.3,5.8,5.5,4.2,4.8,3.1,1.8,2.2,6.0,28.8,60.7,2.9,7.6,25.2,95.8,41.7,1.7,31.5,13.2,7.5,5.2,82.5,4.4,4.9,62.1,0.0,98.4,7.0,13.1,46.2,0.0,20.0,18.3,58.0,1.0,0.0,1.1,1.5,989.0,11.900000000000002,7.1000000000000005
23810509,male,22491.0,8.4,10.9,11.1,21.9,28.3,67.4,20.7,8.1,7.2,6.3,6.8,6.9,7.3,6.1,5.2,4.3,4.4,3.2,2.0,1.7,5.8,40.0,58.4,1.1,0.6,33.1,96.5,25.0,3.0,35.1,19.7,8.5,5.5,86.7,4.8,5.2,62.0,0.1,99.1,6.0,10.1,43.3,2.0,32.8,7.9,47.2,0.7,2.3,3.6,3.5,8365.0,11.3,6.9
23810513,female,5781.0,6.7,8.4,9.1,43.6,47.7,6.6,81.3,7.0,6.6,7.0,6.4,5.8,6.1,5.6,6.2,6.2,6.6,4.8,3.0,4.3,5.0,27.2,57.1,2.8,12.9,24.7,96.9,48.8,2.6,31.8,10.3,3.8,3.8,45.9,2.4,2.7,89.8,0.5,98.6,1.7,12.1,51.0,0.0,22.4,43.5,34.1,0.0,0.0,0.0,0.0,54.0,18.7,12.1
23810513,male,5405.0,7.7,10.4,10.0,22.6,29.9,65.3,32.7,8.1,6.4,6.1,6.8,6.4,6.2,5.5,4.8,5.0,5.9,4.6,2.9,3.3,4.4,39.1,58.1,1.8,0.9,34.2,100.0,25.8,2.2,41.4,16.6,4.1,5.6,65.5,2.1,2.9,91.1,0.7,98.7,0.5,13.8,47.7,1.6,19.4,12.3,62.1,0.3,0.9,0.6,2.9,1708.0,16.7,10.8
23810515,female,8075.0,6.2,8.8,9.1,32.3,35.3,13.3,40.4,7.5,7.0,6.7,7.4,6.6,6.5,6.2,6.3,5.4,5.8,3.9,2.7,3.8,8.2,31.2,56.3,3.7,8.7,26.5,97.7,36.1,2.8,30.8,13.8,9.0,8.4,73.5,0.9,1.4,88.3,0.0,99.4,1.0,15.4,54.6,0.7,15.5,36.6,36.7,4.6,2.0,3.1,0.9,484.0,16.2,10.399999999999999
23810515,male,7592.0,7.2,9.6,10.3,16.4,21.7,66.7,29.8,8.0,6.8,6.0,5.7,6.7,7.5,6.6,4.9,5.3,5.4,4.5,2.6,2.8,8.2,42.4,55.3,1.4,0.9,35.8,98.0,18.3,2.8,38.8,19.8,9.1,7.8,79.4,1.1,1.2,88.7,0.0,99.4,1.0,9.5,51.1,4.1,31.5,10.1,48.7,0.7,1.3,2.9,0.8,2595.0,15.3,9.899999999999999
23810517,female,3977.0,5.3,7.5,8.8,41.9,45.2,7.0,50.7,7.4,7.2,6.1,5.5,5.2,7.1,6.1,6.7,6.6,7.9,5.1,3.0,4.6,4.9,30.7,53.1,3.8,12.3,24.7,95.1,46.4,0.8,32.2,11.1,6.4,4.3,46.5,0.9,1.0,93.6,0.1,99.3,0.5,8.5,37.4,0.0,16.8,24.3,56.1,0.0,0.0,1.9,0.9,107.0,20.6,12.7
23810517,male,3754.0,6.0,9.1,9.4,24.2,29.6,59.2,31.2,8.1,6.1,6.2,6.3,5.7,6.8,5.6,5.5,5.9,6.4,6.0,3.4,3.5,5.2,42.3,54.3,2.2,1.2,34.9,95.1,26.8,1.2,36.5,19.3,8.2,5.1,49.7,0.8,0.9,94.8,0.1,99.1,0.5,7.2,36.7,1.4,55.0,8.2,26.6,0.6,1.0,5.1,2.0,1154.0,19.3,12.9
23810701,female,1062.0,6.9,9.3,9.6,70.1,67.5,1.6,7.7,5.6,5.4,7.3,7.2,7.2,8.3,7.2,4.7,3.2,5.1,4.4,3.9,4.9,8.6,31.6,56.7,2.2,9.5,20.5,91.2,77.9,1.0,27.1,2.3,1.1,0.9,76.3,0.8,1.1,89.4,0.0,99.6,0.4,6.4,36.5,0.0,16.7,16.7,50.0,16.7,0.0,0.0,0.0,12.0,18.3,13.200000000000001
23810701,male,958.0,10.2,9.7,11.0,46.8,53.7,67.5,12.3,6.5,5.7,5.5,6.8,6.6,6.8,4.8,5.5,4.3,4.2,3.9,3.5,5.0,7.4,38.2,59.8,0.9,1.1,34.1,96.6,53.5,1.3,32.4,8.5,2.3,2.0,88.4,0.7,1.4,89.7,0.0,99.8,0.0,7.4,41.2,7.1,21.4,6.1,53.6,5.9,0.0,1.3,4.6,392.0,16.6,12.4
23810703,female,1178.0,4.9,7.4,7.7,54.6,50.5,3.5,39.4,6.8,6.3,5.5,5.4,5.0,7.5,5.9,7.0,6.6,8.4,6.4,3.3,5.8,12.9,30.4,52.3,2.5,14.8,25.7,98.1,59.6,1.6,28.4,11.6,3.5,4.3,67.7,0.0,0.5,97.4,0.0,100.0,0.2,15.1,61.8,0.0,20.0,55.0,25.0,0.0,0.0,0.0,0.0,20.0,23.900000000000002,15.5
23810703,male,1100.0,6.5,7.5,9.2,29.4,27.8,66.8,33.6,7.7,7.5,5.3,6.3,6.6,7.7,5.3,5.6,5.8,5.9,5.7,3.7,3.7,10.2,43.0,54.1,2.0,0.8,35.6,97.5,32.2,2.2,36.5,21.9,5.3,6.4,85.5,0.0,0.8,97.7,0.0,99.7,0.3,11.4,60.1,2.4,11.2,8.5,73.9,0.3,0.0,0.5,3.2,375.0,19.0,13.100000000000001
23810705,female,8504.0,5.6,7.6,7.7,44.1,44.7,4.5,38.6,7.1,6.4,6.2,6.1,5.8,7.0,6.3,6.2,6.6,7.4,5.4,3.7,4.9,11.5,31.3,55.5,3.5,9.7,23.2,96.4,48.2,1.5,30.8,13.3,5.7,4.1,66.8,0.5,6.6,85.3,0.2,98.7,2.2,10.7,49.5,0.5,20.6,49.1,24.4,3.2,0.0,1.6,0.5,187.0,21.4,14.000000000000002
23810705,male,7956.0,6.9,8.7,8.7,21.0,26.5,58.5,43.5,7.8,6.7,5.9,5.8,6.1,6.8,6.0,6.1,5.4,6.3,5.7,3.7,3.5,11.8,40.1,57.1,1.6,1.3,34.1,95.0,23.2,1.5,36.7,20.4,7.5,7.5,75.2,1.0,6.3,85.7,0.1,99.6,1.3,10.0,49.9,4.1,34.0,16.3,37.4,0.3,1.1,4.2,2.6,1990.0,19.2,12.9
23810707,female,7270.0,8.1,11.4,10.2,50.9,51.9,5.1,55.9,7.5,6.7,7.5,7.4,7.3,6.7,5.9,5.5,4.3,4.6,3.1,1.7,2.3,7.2,28.5,61.7,2.8,7.1,25.0,90.6,57.6,1.1,31.5,9.3,4.6,1.7,81.7,1.7,3.6,63.2,0.0,96.2,3.7,8.5,53.1,0.0,22.7,23.6,32.1,0.0,4.3,4.0,13.4,115.0,11.7,7.1
23810707,male,7405.0,8.4,10.9,11.5,33.9,39.7,67.9,31.1,9.0,7.0,6.5,6.2,7.1,7.1,6.1,5.0,4.1,4.2,3.0,2.0,2.1,6.3,39.4,58.8,1.0,0.8,32.8,92.7,39.3,1.2,33.1,18.4,5.1,2.4,89.7,2.5,4.0,64.3,0.1,98.2,2.0,8.1,52.9,2.0,32.0,4.1,42.9,0.3,2.4,3.8,12.4,2399.0,11.299999999999999,7.1
23810709,female,3680.0,7.2,9.3,9.0,56.4,58.7,3.5,51.5,8.1,5.8,7.4,6.2,7.0,7.3,6.1,5.6,4.8,4.8,4.1,2.5,4.7,9.5,28.3,61.1,1.8,8.8,24.0,91.6,62.5,0.9,26.3,8.3,2.9,2.8,96.0,0.6,1.3,63.1,0.1,99.4,0.7,12.6,41.1,0.0,2.1,63.8,27.7,0.0,0.0,0.0,6.4,47.0,16.099999999999998,11.3
23810709,male,3768.0,8.0,11.1,10.4,34.4,43.8,63.2,45.3,8.8,6.4,6.7,6.7,6.2,6.2,6.4,4.8,4.4,4.4,3.7,2.9,3.1,8.2,44.2,54.4,0.9,0.6,35.0,95.1,38.9,1.3,27.3,17.5,5.5,4.6,97.6,0.5,1.2,62.7,0.1,99.6,0.5,11.9,43.5,1.0,16.0,10.3,48.4,1.5,1.2,2.3,19.3,920.0,14.100000000000001,9.7
23810711,female,1652.0,5.1,6.9,7.0,61.9,62.5,1.6,54.5,6.1,5.5,4.7,5.1,4.8,6.5,7.0,8.7,8.3,6.6,5.6,4.8,7.4,9.8,31.1,51.1,2.8,15.0,21.3,97.8,67.2,0.8,26.5,6.2,2.2,1.8,80.0,0.2,0.3,90.9,0.1,99.6,0.4,4.2,43.2,0.0,0.0,60.0,40.0,0.0,0.0,0.0,0.0,10.0,24.4,17.799999999999997
23810711,male,1493.0,6.2,8.2,7.8,35.4,42.7,65.6,33.9,7.1,5.6,6.4,5.3,6.0,5.2,7.6,6.2,6.8,6.7,6.8,2.9,5.1,7.7,40.7,56.3,2.0,0.9,35.0,96.4,38.8,0.9,31.4,17.1,3.7,4.2,86.6,0.3,0.7,90.1,0.1,99.8,0.7,3.9,46.1,0.4,18.7,7.9,70.0,1.0,0.6,1.4,0.0,504.0,21.5,14.799999999999999
23810713,female,12600.0,7.4,10.1,10.2,46.8,47.3,7.9,44.7,8.2,7.2,6.7,7.5,6.8,7.3,5.7,6.1,3.8,4.4,3.3,2.0,3.1,5.2,28.9,58.3,2.9,9.9,24.4,95.5,52.9,2.0,30.1,12.5,4.0,3.9,94.6,3.0,13.7,25.6,0.0,99.8,1.2,10.4,45.4,0.0,8.6,14.1,73.5,2.2,0.0,1.6,0.0,396.0,12.799999999999999,8.4
23810713,male,12790.0,8.4,10.5,11.0,29.0,34.7,76.7,21.3,8.3,7.0,6.3,6.5,6.8,7.4,6.3,5.3,4.3,4.5,3.2,2.1,2.3,4.7,41.6,56.3,1.5,0.7,33.8,94.4,33.3,2.5,33.3,20.0,5.6,3.8,96.1,2.8,14.2,23.9,0.1,99.5,0.9,7.6,42.5,1.1,17.0,4.3,75.9,0.5,0.2,0.1,0.9,5416.0,12.100000000000001,7.6000000000000005
23810717,female,4809.0,7.5,9.1,9.0,54.4,54.4,2.7,20.4,7.0,6.5,6.9,7.0,6.9,7.2,6.2,5.9,5.2,4.9,4.1,2.7,3.7,5.5,29.9,58.3,2.2,9.6,24.5,95.8,60.5,0.8,28.0,10.0,3.4,3.3,55.7,1.1,1.6,87.9,0.2,99.0,0.5,8.4,32.5,0.0,7.7,53.8,33.3,1.3,0.0,0.0,3.8,78.0,15.399999999999999,10.5
23810717,male,4539.0,7.3,10.9,10.8,37.0,41.5,58.6,31.0,7.6,6.8,6.2,5.6,7.6,7.7,5.6,5.2,4.7,4.8,3.4,2.6,3.2,5.9,39.7,58.5,0.9,0.9,33.0,95.5,41.8,1.5,33.1,15.2,4.6,4.1,67.7,1.8,2.0,86.0,0.1,99.2,0.6,6.1,28.1,1.3,30.5,7.3,46.5,1.5,0.5,2.2,10.2,1303.0,14.0,9.2
24110111,female,5549.0,6.5,8.6,11.1,30.4,38.6,7.0,33.3,7.8,7.3,7.3,6.5,5.3,6.6,6.8,5.2,5.1,5.6,4.0,3.0,3.4,4.7,29.7,59.1,3.1,8.1,24.8,90.7,34.9,1.1,26.3,16.1,10.3,7.7,98.6,2.0,0.6,0.2,0.0,99.7,0.5,8.1,38.1,0.0,13.4,28.9,36.0,3.9,0.0,0.0,17.8,190.0,16.0,10.4
24110111,male,5357.0,7.1,10.5,11.8,11.6,21.1,55.7,36.0,8.3,6.0,5.3,5.9,6.3,6.5,6.3,6.1,4.7,5.1,4.2,3.0,3.0,4.7,41.1,57.0,1.5,0.5,34.3,90.6,13.2,2.2,36.6,22.9,10.8,6.4,98.0,2.0,0.5,0.4,0.0,99.8,0.3,6.1,36.8,7.2,26.6,16.2,28.5,1.3,1.9,5.7,12.5,1347.0,15.3,10.2
24110119,female,512.0,6.3,6.6,7.2,30.3,32.2,10.3,23.8,6.3,8.2,6.1,6.8,6.4,7.4,6.3,5.1,7.6,7.0,4.9,3.3,4.5,6.6,30.3,53.8,6.8,9.0,20.7,100.0,32.8,2.1,26.8,17.2,11.7,10.0,98.2,1.2,11.7,0.8,0.0,100.0,0.0,17.7,71.7,0.0,3.1,46.9,46.9,0.0,0.0,0.0,3.1,32.0,19.7,12.7
24110119,male,506.0,6.9,10.3,7.7,16.9,20.0,68.1,35.3,6.3,8.7,7.5,5.7,6.9,7.7,5.1,5.5,4.7,4.5,4.2,3.0,5.1,9.1,46.1,50.8,1.8,1.3,36.7,90.0,18.7,2.4,28.5,24.1,14.6,10.5,98.4,1.6,8.7,1.0,0.0,99.4,0.6,17.9,74.9,2.4,17.4,32.9,43.1,0.6,1.8,1.8,0.0,167.0,16.799999999999997,12.3
24110123,female,259523.0,5.4,7.3,8.1,22.2,27.5,19.0,37.4,7.3,7.3,6.8,6.7,6.3,6.7,6.5,6.6,6.2,6.3,4.5,3.3,4.6,5.2,30.4,53.7,5.4,10.5,26.4,97.0,24.4,1.5,24.3,17.1,15.3,14.4,98.8,4.9,2.6,3.0,0.0,99.6,0.7,25.0,67.9,1.4,11.4,36.6,46.0,1.2,0.4,1.0,2.0,24496.0,18.700000000000003,12.399999999999999
24110123,male,245484.0,6.0,8.3,9.1,10.1,16.7,62.8,29.0,7.8,7.3,6.6,6.6,6.5,6.5,5.6,5.7,5.7,6.1,5.1,3.5,3.7,5.1,41.0,55.6,2.4,1.0,34.6,96.7,11.2,1.9,27.3,21.8,17.8,14.6,98.9,4.3,2.5,2.5,0.1,99.5,0.8,23.1,68.4,3.8,28.2,19.3,39.6,1.0,1.0,3.2,3.8,83800.0,18.4,12.3
24110301,female,8687.0,6.7,10.2,9.8,38.3,40.7,9.2,29.7,7.3,6.4,7.1,7.2,7.6,7.1,6.7,5.5,4.8,4.5,3.0,2.4,3.5,5.6,25.5,64.7,3.0,6.8,24.1,96.5,43.1,1.7,29.5,14.3,7.8,6.0,98.9,3.0,1.2,1.5,0.0,100.0,0.2,11.2,48.7,4.3,9.5,27.5,53.8,5.0,0.0,0.0,0.0,413.0,13.4,8.9
24110301,male,9256.0,7.6,9.6,10.9,23.4,28.4,69.7,29.8,8.4,5.9,6.1,6.7,6.5,7.8,6.5,5.7,4.7,4.5,3.9,2.5,2.7,6.1,39.2,58.5,1.3,0.9,34.3,98.0,26.5,2.4,34.3,21.8,8.2,4.9,98.5,2.7,0.9,1.2,0.1,99.7,0.6,8.9,41.8,3.7,26.2,9.4,55.7,2.1,0.8,0.7,1.5,3257.0,13.600000000000001,9.100000000000001
24110303,female,2140.0,7.3,10.4,11.6,53.3,54.5,3.4,74.5,7.0,4.9,6.3,5.6,5.7,7.1,6.5,5.1,5.2,4.4,4.7,3.5,4.6,7.0,24.6,64.4,1.9,9.2,19.3,94.6,61.9,1.4,27.5,10.6,4.0,2.1,98.6,1.0,0.3,3.6,0.0,99.9,0.1,5.3,37.4,0.0,0.0,38.5,53.8,7.7,0.0,0.0,0.0,13.0,17.200000000000003,12.799999999999999
24110303,male,2246.0,8.2,10.7,10.5,31.0,39.6,68.4,41.1,7.7,6.1,4.9,6.1,6.6,7.5,6.7,5.2,4.3,4.0,4.3,3.5,3.6,7.1,38.9,59.4,0.9,0.8,34.1,93.7,35.1,1.2,35.6,15.9,4.7,2.9,98.9,0.8,0.5,2.1,0.1,99.9,0.3,4.3,36.4,0.3,36.5,15.2,42.7,2.8,0.6,0.9,0.9,639.0,15.4,11.4
24110305,female,2986.0,6.9,9.6,10.6,44.4,46.1,5.0,34.3,7.1,6.0,5.6,6.7,6.0,6.0,6.1,6.4,5.3,5.2,4.4,3.2,4.8,6.9,26.3,64.0,2.3,7.4,21.4,98.7,50.6,2.2,30.8,12.8,5.1,2.9,99.2,0.7,0.2,0.3,0.0,100.0,0.0,3.1,28.8,1.4,53.5,16.9,22.5,5.6,0.0,0.0,0.0,71.0,17.6,12.4
24110305,male,3245.0,7.2,10.0,10.0,22.5,27.1,71.5,34.2,8.1,6.4,6.8,5.9,6.2,7.1,6.3,4.7,5.1,5.1,4.5,2.7,4.0,7.0,40.8,57.0,1.8,0.5,34.3,99.0,25.1,2.9,38.5,22.1,5.9,3.4,99.4,0.4,0.2,0.1,0.0,99.9,0.1,2.7,28.4,0.6,29.0,6.3,60.0,2.5,0.1,1.3,0.2,1112.0,16.3,11.2
24110307,female,655.0,7.0,11.5,11.6,48.7,49.8,6.6,40.0,6.9,5.6,7.0,6.7,8.4,6.1,5.3,6.1,3.4,3.8,4.0,2.9,3.7,6.0,25.8,65.7,1.7,6.8,24.2,97.8,56.1,2.3,29.9,11.1,3.4,3.5,99.7,3.5,0.6,0.6,0.2,99.6,1.5,2.9,10.6,0.0,0.0,33.3,50.0,11.1,0.0,0.0,5.6,18.0,14.399999999999999,10.600000000000001
24110307,male,680.0,6.5,12.2,11.8,25.7,32.6,69.3,8.5,6.6,6.0,7.2,4.9,6.0,7.6,5.3,5.3,4.7,4.4,3.4,3.7,4.4,6.9,37.6,61.3,0.8,0.2,32.7,97.1,30.0,3.2,38.7,15.4,6.0,4.0,99.9,2.9,0.4,1.3,0.0,99.5,2.4,2.9,12.2,0.3,14.7,5.3,77.7,2.0,0.0,0.0,0.0,300.0,15.9,11.5
24110509,female,3866.0,10.0,11.6,10.2,35.9,40.4,6.4,54.1,7.6,6.1,8.1,8.7,8.0,7.3,5.2,4.3,3.6,2.8,2.3,1.7,2.6,6.0,24.0,68.6,2.0,5.4,20.5,98.3,41.0,3.3,27.7,15.4,8.4,4.9,99.4,5.6,1.0,0.2,0.1,99.9,0.7,6.7,46.8,0.0,10.3,37.2,39.7,0.0,0.0,0.0,12.8,78.0,9.4,6.6
24110509,male,4067.0,9.2,11.7,11.5,22.8,30.3,74.6,26.6,7.7,5.7,5.4,7.6,7.9,8.3,6.5,5.3,3.4,3.2,2.7,1.9,1.9,5.6,34.6,63.8,1.3,0.3,31.0,98.6,26.5,2.8,32.3,21.5,10.0,3.1,99.2,5.4,1.1,0.3,0.0,99.8,1.0,4.9,45.4,0.3,21.2,29.7,27.4,1.8,0.4,0.7,18.6,1503.0,9.700000000000001,6.5
24110511,female,1973.0,8.5,10.2,9.9,64.6,59.9,2.3,12.5,6.2,5.5,6.4,7.7,6.4,5.8,6.0,5.5,5.4,4.6,3.7,2.6,5.5,6.4,21.0,68.8,2.3,7.9,18.8,91.2,70.6,1.6,29.7,5.7,1.9,1.2,99.3,15.3,51.4,22.6,0.0,97.9,2.5,3.2,30.1,0.0,3.6,25.0,42.9,0.0,0.0,0.0,28.6,28.0,16.4,11.8
24110511,male,2293.0,7.9,9.9,10.2,40.2,37.4,68.7,22.3,6.7,6.3,6.8,6.4,7.0,6.7,5.9,4.7,4.4,5.3,4.6,2.7,4.4,8.9,41.3,56.6,0.8,1.2,32.7,91.1,43.7,1.1,35.6,18.8,4.3,2.7,99.6,15.2,51.2,23.8,0.0,99.2,1.2,3.6,32.7,3.6,8.9,4.8,77.7,0.8,0.3,0.9,3.0,880.0,17.0,11.7
24110517,female,1729.0,8.6,10.4,11.2,55.6,55.6,0.8,20.0,7.1,6.2,5.5,6.2,6.7,7.0,6.2,4.5,5.0,4.2,4.1,2.6,4.6,6.7,23.6,66.7,2.2,7.5,21.3,91.2,63.7,1.6,32.2,7.4,1.9,1.3,96.4,1.7,1.7,79.0,0.5,99.7,0.8,3.2,30.2,0.0,12.5,50.0,25.0,12.5,0.0,0.0,0.0,8.0,15.5,11.299999999999999
24110517,male,1871.0,6.7,9.5,10.1,32.7,33.7,70.4,33.0,7.9,7.6,6.7,6.8,6.8,7.4,6.1,5.4,4.2,4.8,4.5,3.0,2.6,6.0,43.1,55.3,0.7,0.9,34.4,91.3,36.8,1.2,38.8,18.0,5.6,2.7,98.1,1.8,1.6,82.7,0.6,99.7,1.3,4.2,35.7,0.5,21.4,5.4,61.7,2.6,0.5,3.5,4.5,650.0,14.9,10.1
24110519,female,2169.0,8.2,9.7,10.6,43.0,48.7,2.4,24.3,7.2,7.1,7.1,6.9,7.1,6.8,6.1,5.2,4.2,4.7,2.6,2.8,3.5,4.6,24.3,67.4,2.5,5.9,23.6,94.0,48.6,0.8,27.9,12.6,6.3,3.7,98.6,1.8,0.1,0.1,0.1,99.9,0.1,4.3,41.2,0.0,10.7,35.7,42.9,10.7,0.0,0.0,0.0,28.0,13.600000000000001,8.9
24110519,male,2371.0,8.4,11.5,10.1,28.4,36.1,64.6,32.5,8.2,6.7,6.3,6.6,6.5,7.0,5.9,4.5,3.6,4.8,3.0,2.9,4.0,5.5,38.7,59.8,1.0,0.5,32.5,95.6,32.0,1.5,34.2,19.1,6.2,3.0,98.5,1.2,0.1,0.0,0.1,99.9,0.5,3.5,39.5,1.0,14.2,5.7,70.2,0.7,0.1,2.2,5.9,724.0,14.7,9.9
25330113,female,2326.0,7.1,8.7,8.9,36.7,39.9,12.7,41.9,6.9,5.9,7.5,7.0,6.4,6.3,6.8,5.7,5.0,5.8,4.0,2.7,5.4,5.3,29.3,57.6,4.7,8.4,24.4,96.9,41.0,1.3,25.2,12.8,11.7,9.0,99.7,1.2,0.4,0.6,0.0,99.9,0.6,26.4,59.7,0.0,7.0,59.7,31.0,0.0,0.0,0.8,1.6,129.0,17.9,12.100000000000001
25330113,male,2118.0,7.6,9.9,10.4,13.3,18.9,63.7,36.0,8.7,6.8,6.2,5.8,5.1,6.1,5.9,6.3,4.9,4.6,4.2,2.5,5.0,4.8,40.8,56.8,1.4,1.0,33.1,97.6,15.1,1.9,31.3,21.2,16.2,10.4,99.6,1.7,0.7,0.4,0.0,99.7,0.6,23.6,62.8,0.6,22.3,42.2,27.4,0.6,1.0,1.8,4.0,623.0,16.3,11.7
25330115,female,21059.0,6.2,8.4,9.1,37.9,42.1,11.2,41.3,7.1,6.5,6.4,6.3,6.4,6.8,6.9,6.6,5.8,5.7,4.0,3.1,4.9,7.3,31.5,54.1,3.4,11.1,23.8,95.3,42.2,1.4,23.5,15.0,9.2,8.8,98.8,4.4,3.5,34.7,0.0,99.6,0.7,20.5,60.2,0.4,18.1,39.6,32.6,1.5,0.0,0.0,7.8,1055.0,17.7,12.0
25330115,male,19589.0,6.9,9.6,10.2,18.8,26.3,63.9,31.8,7.7,6.6,6.3,6.5,6.5,7.1,6.3,5.5,5.0,4.9,4.0,3.1,3.8,6.7,43.4,54.6,1.3,0.8,35.7,98.6,21.3,1.6,28.8,21.6,12.9,8.8,99.0,3.8,4.3,31.6,0.1,99.7,0.6,16.4,61.8,3.1,33.4,12.9,33.7,0.7,0.9,4.8,10.5,6249.0,15.8,10.899999999999999
25330133,female,52135.0,6.4,8.5,9.4,37.6,42.1,12.2,41.9,8.3,7.7,7.6,7.2,6.9,6.9,6.2,6.0,4.5,4.8,3.2,2.6,3.7,5.9,31.8,54.3,4.3,9.6,26.3,95.7,42.2,1.3,24.1,13.9,10.5,8.1,98.8,8.0,3.0,3.9,0.0,99.7,1.1,18.0,54.0,1.1,11.6,38.6,42.7,0.7,0.5,0.7,4.0,2791.0,14.3,9.5
25330133,male,48228.0,7.3,10.0,10.7,21.2,28.8,62.4,33.9,9.0,7.7,6.9,6.7,6.6,6.4,5.4,5.2,4.1,4.5,3.3,2.7,3.5,5.8,43.6,54.1,1.4,0.9,33.7,95.0,23.9,1.8,28.2,20.4,11.9,8.9,98.9,7.4,3.0,3.4,0.0,99.7,1.0,16.4,51.7,3.3,34.6,17.8,30.1,1.1,1.9,3.5,7.6,14316.0,14.0,9.5
25330305,female,431.0,7.2,10.4,12.5,64.5,68.7,0.3,100.0,11.8,9.7,7.0,7.0,7.2,7.2,5.6,4.4,3.0,2.1,2.1,1.4,1.4,2.8,33.2,64.5,0.3,2.0,24.9,71.9,73.8,0.0,23.4,4.9,2.1,0.9,98.6,1.2,0.7,0.2,0.0,100.0,0.0,9.5,69.8,,,,,,,,,0.0,7.0,4.9
25330305,male,498.0,9.0,13.7,13.3,55.1,60.0,62.1,1.0,11.0,8.8,5.8,4.8,5.4,4.4,4.2,4.2,3.2,2.8,3.0,2.4,3.8,3.2,44.2,55.2,0.6,0.0,32.3,79.1,64.6,0.0,27.9,9.6,1.4,1.0,98.6,1.8,0.4,0.0,0.0,100.0,0.0,4.6,72.8,0.0,71.4,2.6,10.7,14.8,0.0,0.0,0.5,196.0,12.0,9.2
25330315,female,1173.0,8.0,11.0,11.7,64.0,64.6,11.2,85.7,12.0,8.7,6.7,7.5,6.5,4.7,4.7,5.5,2.8,3.5,1.7,2.3,2.6,2.4,33.9,57.8,1.5,6.8,26.8,81.2,71.6,0.1,20.6,7.8,4.0,2.9,99.8,1.2,0.0,0.0,0.0,100.0,0.0,18.4,46.2,0.0,7.7,46.2,38.5,0.0,0.0,0.0,7.7,13.0,10.1,6.6
25330315,male,1143.0,7.6,12.0,13.3,48.4,51.8,79.3,69.1,11.5,8.5,6.5,6.1,5.0,4.8,3.8,4.1,3.1,4.2,2.9,2.1,4.5,3.4,45.9,53.1,0.8,0.3,33.8,84.2,56.1,0.0,29.9,14.8,2.9,0.6,99.9,0.9,0.0,0.0,0.0,99.8,0.2,10.1,45.6,0.5,24.5,20.7,23.9,2.7,0.0,1.1,26.6,188.0,13.7,9.5
25330317,female,6760.0,8.5,10.7,11.0,57.1,61.1,4.0,53.7,10.3,8.5,7.6,7.0,6.9,6.4,5.0,4.4,3.1,3.4,2.3,1.9,3.1,3.8,30.2,65.6,0.6,3.6,22.8,80.9,64.5,0.9,21.4,8.8,4.3,3.5,98.0,1.3,1.6,0.1,0.0,99.8,0.2,10.4,31.4,0.0,10.2,35.8,47.7,6.3,0.0,0.0,0.0,87.0,10.7,7.299999999999999
25330317,male,6949.0,9.0,11.6,12.5,39.2,43.5,59.2,50.9,9.7,7.7,7.5,6.7,6.3,5.4,5.9,4.0,3.2,2.9,2.3,2.3,3.0,4.0,41.4,57.8,0.6,0.2,31.3,81.8,44.7,0.5,29.9,16.2,5.7,4.2,98.7,1.0,1.9,0.1,0.1,99.4,0.4,6.6,29.6,0.9,13.5,22.8,59.9,1.7,0.0,0.0,1.2,1350.0,10.5,7.6
25330319,female,3465.0,7.0,10.2,10.4,65.5,63.9,5.0,73.8,8.5,7.1,7.3,6.9,7.9,6.4,5.4,4.7,3.9,4.0,3.3,3.1,3.9,4.9,30.8,62.1,1.7,5.4,25.9,89.2,74.1,1.1,23.9,6.3,2.7,2.1,88.0,0.8,12.6,46.8,0.2,99.2,7.9,8.9,38.8,0.0,3.0,42.4,51.5,3.0,0.0,0.0,0.0,33.0,14.3,10.3
25330319,male,3311.0,9.0,11.3,11.4,46.4,49.8,66.1,67.1,10.0,7.1,6.7,6.5,6.4,5.7,5.0,3.4,2.9,3.0,3.8,3.0,4.7,5.8,42.8,56.6,0.4,0.2,32.8,91.9,52.9,1.2,27.5,14.1,4.1,3.4,88.3,0.8,14.2,46.3,0.2,99.7,8.5,8.0,37.7,0.4,33.4,19.6,35.0,8.8,0.2,1.4,1.2,491.0,14.5,11.5
25330703,female,3765.0,8.1,9.8,10.6,58.5,59.5,7.1,80.1,7.3,5.2,6.5,6.6,6.9,6.9,6.7,5.2,4.8,5.2,3.3,3.0,4.1,4.4,28.6,64.4,1.3,5.7,21.8,84.2,65.3,1.3,23.3,9.5,4.1,2.3,97.5,0.3,0.3,51.2,0.1,99.8,0.4,10.2,54.3,2.6,7.9,42.1,39.5,7.9,0.0,0.0,0.0,38.0,15.6,10.399999999999999
25330703,male,3878.0,8.0,10.4,10.8,38.2,41.7,59.1,23.9,8.1,6.6,6.2,5.6,6.6,7.2,6.8,4.3,4.3,4.7,4.0,3.2,3.2,4.9,40.7,58.2,0.7,0.4,34.2,83.7,41.9,1.9,29.2,17.7,5.8,3.7,98.0,0.3,0.3,50.0,0.1,99.4,0.6,10.9,53.1,2.8,19.4,7.0,68.7,1.2,0.2,0.1,0.5,1235.0,15.099999999999998,10.4
25330709,female,2054.0,5.8,7.6,7.7,63.7,63.4,3.9,79.4,5.5,4.9,5.6,6.5,7.4,7.2,7.1,8.0,6.4,6.3,5.4,3.0,5.6,13.5,30.8,58.6,1.7,8.9,22.8,93.5,69.7,0.4,27.3,5.3,2.2,1.5,97.5,0.1,1.9,92.3,0.0,99.2,0.6,1.4,26.0,0.0,7.7,30.8,53.8,0.0,0.0,0.0,7.7,13.0,20.299999999999997,14.0
25330709,male,2274.0,6.8,9.1,7.6,42.9,49.6,67.8,46.4,6.1,5.1,6.3,7.3,7.7,7.8,6.0,5.7,5.1,5.1,5.5,3.9,4.9,13.5,46.3,52.0,0.9,0.8,38.7,95.5,46.8,0.5,31.7,13.8,2.9,1.5,98.8,0.1,1.7,92.3,0.0,99.4,0.8,1.9,26.7,0.2,56.5,6.8,25.6,0.6,1.3,6.0,3.0,632.0,19.4,14.3
25330713,female,2679.0,6.0,8.5,8.7,56.4,56.7,3.6,54.1,7.7,6.0,5.2,5.5,6.6,7.5,6.9,6.5,5.8,5.1,4.5,3.4,6.3,7.1,31.4,56.6,1.8,10.2,21.9,95.5,62.4,0.7,23.1,10.2,4.8,4.4,97.8,1.3,0.9,64.9,0.3,99.7,3.0,15.8,59.0,0.0,0.0,61.8,23.5,5.9,0.0,0.0,8.8,34.0,19.3,14.2
25330713,male,2612.0,6.5,10.0,10.4,32.7,37.9,57.1,28.7,8.0,6.4,5.9,5.1,6.0,5.4,7.4,6.5,4.8,4.9,4.3,3.6,4.8,8.2,40.3,57.9,1.2,0.7,35.0,95.9,36.9,1.0,29.8,17.7,7.5,6.0,98.4,2.0,0.8,60.8,0.3,99.6,2.0,13.5,58.3,0.6,17.5,10.2,39.3,1.2,0.3,2.2,28.8,777.0,17.599999999999998,12.7
25330721,female,2983.0,7.5,8.1,9.9,61.0,61.8,10.4,53.9,7.7,5.7,6.2,5.8,8.0,7.3,7.0,6.2,5.6,4.3,3.3,2.7,4.7,7.8,33.4,58.2,1.5,6.9,25.8,94.8,68.8,0.5,22.5,9.0,3.3,2.9,99.5,0.0,0.5,95.1,0.1,97.9,2.2,15.2,53.9,0.0,27.4,7.5,19.8,28.3,3.8,0.9,12.3,106.0,15.0,10.7
25330721,male,3109.0,7.5,9.1,10.1,36.5,41.9,68.4,33.2,7.9,7.3,6.8,7.0,8.0,6.4,5.7,4.7,5.1,4.4,3.5,2.4,3.9,8.2,44.3,54.1,0.7,0.9,35.8,96.0,41.2,1.1,29.8,16.3,5.9,5.0,99.6,0.2,0.6,95.9,0.2,98.0,2.1,15.3,51.5,1.2,25.2,5.9,28.9,4.8,4.3,0.4,29.4,1042.0,14.200000000000001,9.8
25330901,female,5357.0,7.1,8.5,9.4,56.5,58.4,12.1,73.2,7.9,7.7,7.2,6.6,6.9,6.5,6.3,5.7,5.2,4.4,3.4,2.7,4.3,6.0,30.8,59.1,2.3,7.8,23.0,95.2,62.8,0.6,26.8,8.9,3.9,1.5,99.4,19.2,12.3,6.2,0.0,100.0,0.5,6.3,42.1,0.0,13.2,15.1,58.6,13.0,0.0,0.0,0.0,130.0,14.8,10.399999999999999
25330901,male,5315.0,8.3,9.7,10.0,35.8,42.4,74.7,24.6,9.2,7.7,7.6,6.5,6.0,5.5,5.0,4.8,4.4,4.3,3.9,2.7,4.5,4.7,43.0,55.1,1.5,0.3,33.1,92.2,40.0,1.1,32.4,17.9,4.0,2.3,99.6,19.4,12.1,5.5,0.0,99.8,0.5,5.6,40.0,1.6,29.0,6.1,53.8,5.3,0.2,1.2,2.8,2158.0,15.399999999999999,11.1
25330907,female,4041.0,9.9,11.4,11.3,58.3,59.4,8.3,77.5,7.9,7.4,8.1,7.4,6.2,5.9,6.1,4.5,3.5,3.4,2.2,1.8,3.1,3.0,24.1,68.4,1.8,5.7,22.1,83.8,65.6,1.4,28.8,7.5,2.1,0.8,98.6,8.0,8.1,4.4,0.0,99.8,1.3,3.9,33.8,0.0,7.8,15.7,70.6,5.9,0.0,0.0,0.0,51.0,10.5,7.1
25330907,male,4176.0,10.2,12.2,10.5,39.6,45.6,79.4,15.4,9.2,7.3,7.5,6.2,6.8,6.4,5.1,4.2,4.0,3.7,2.3,1.4,2.8,3.5,37.4,61.7,0.6,0.3,30.5,90.2,44.1,1.4,34.5,14.5,2.8,1.2,98.8,7.4,8.0,3.8,0.0,99.6,1.2,3.6,33.9,0.4,27.1,2.6,57.3,8.2,0.3,4.1,0.1,1881.0,10.2,6.5
25330911,female,4017.0,7.8,8.8,9.8,51.5,54.8,3.8,46.4,8.0,6.7,7.5,7.1,7.4,7.0,5.7,5.2,4.6,4.5,3.6,2.6,3.5,4.8,27.7,62.1,2.1,8.1,24.7,93.9,57.9,1.1,29.7,9.1,3.6,1.7,98.9,1.0,2.0,21.5,0.0,99.5,0.7,7.8,41.5,1.7,20.0,28.3,36.7,6.7,1.7,3.3,1.7,60.0,14.2,9.7
25330911,male,3992.0,8.3,10.5,10.4,33.0,41.3,73.0,10.6,9.5,7.5,6.1,5.9,5.8,6.5,5.8,5.1,4.3,4.8,3.7,2.4,3.4,5.2,40.4,58.5,0.6,0.5,32.9,93.0,37.4,1.1,32.7,17.0,5.3,2.7,99.2,1.1,1.6,17.4,0.1,99.4,0.9,8.4,45.0,5.8,23.4,3.6,56.0,6.8,0.2,2.2,2.0,1844.0,14.3,9.5
30610101,female,281868.0,5.8,7.3,8.2,21.2,26.4,22.2,29.2,7.3,7.4,6.5,7.0,6.8,7.1,6.8,6.5,6.1,6.1,4.2,3.1,3.9,5.1,28.6,54.6,6.1,10.7,26.1,97.1,23.3,2.2,23.5,16.9,16.0,15.0,98.7,5.4,5.4,1.6,0.1,99.5,1.1,26.7,68.0,2.1,12.0,24.0,58.0,1.0,0.3,0.8,1.8,34881.0,17.3,11.200000000000001
30610101,male,266553.0,6.6,8.3,9.1,8.7,15.3,63.0,23.0,7.9,7.4,6.1,6.5,6.4,6.5,6.0,6.1,5.7,6.2,4.5,3.2,3.3,5.0,39.7,56.3,2.9,1.1,33.6,96.9,9.6,2.6,26.9,20.7,18.9,15.6,98.8,4.9,5.3,1.3,0.1,99.4,1.2,25.6,69.8,4.2,29.8,18.0,40.9,0.8,1.1,2.4,2.8,98135.0,17.2,11.0
30610103,female,1772.0,4.7,6.4,6.5,23.6,24.3,21.0,31.0,6.5,6.0,4.7,5.9,4.7,6.5,6.7,7.7,7.1,8.2,6.7,5.5,6.2,6.9,29.4,46.1,8.1,16.4,28.6,96.1,25.4,2.4,27.0,18.8,15.7,11.7,98.6,2.2,2.0,0.6,0.1,99.8,0.2,17.2,63.4,1.4,18.0,17.1,63.0,0.0,0.0,0.0,0.5,211.0,26.599999999999998,18.4
30610103,male,1601.0,3.9,5.3,8.2,7.8,10.3,65.6,28.2,6.7,7.2,6.7,6.5,5.6,5.7,5.4,7.9,7.2,7.6,7.3,4.7,4.0,5.9,44.9,47.4,5.5,2.2,37.5,96.4,8.6,1.8,28.8,25.8,18.9,14.4,98.9,1.9,1.8,0.4,0.0,99.6,0.4,17.4,64.7,2.3,37.4,16.4,41.5,0.6,0.6,1.0,0.2,621.0,23.599999999999998,16.0
30610105,female,8579.0,7.0,9.4,9.8,26.0,35.3,10.6,22.8,8.3,7.7,7.1,7.1,7.4,7.3,7.0,5.5,4.7,4.3,2.9,2.1,2.4,3.5,26.5,62.0,5.6,5.9,25.2,97.2,29.4,1.2,26.1,16.1,12.1,9.3,98.2,6.5,21.1,3.2,0.0,99.2,1.9,18.8,59.0,0.9,16.2,18.7,57.9,0.0,0.0,0.0,6.2,519.0,11.7,7.4
30610105,male,8311.0,7.5,9.8,10.7,12.1,22.1,59.8,11.7,8.8,7.0,6.0,6.3,6.0,6.7,5.7,6.3,5.6,5.4,3.5,2.2,2.5,3.4,36.3,61.8,1.4,0.5,32.6,96.5,13.8,1.6,29.0,19.5,16.8,10.9,98.8,6.6,20.5,2.4,0.1,99.7,1.8,16.4,63.1,2.5,37.6,17.3,31.0,1.5,1.2,1.2,7.6,3148.0,13.600000000000001,8.2
30610107,female,13742.0,6.1,7.9,8.5,24.7,28.8,19.6,30.4,7.8,7.6,6.4,6.8,6.8,7.2,7.2,6.8,5.6,5.5,3.8,2.7,3.3,5.2,27.7,57.5,6.5,8.2,25.7,96.8,27.4,2.0,23.3,16.2,16.1,13.5,96.8,10.0,10.0,2.3,0.0,99.8,1.9,27.2,64.7,1.2,18.4,25.0,49.7,1.4,0.0,0.7,3.6,1454.0,15.3,9.8
30610107,male,13226.0,6.6,8.3,9.7,12.3,18.6,61.0,20.9,8.3,7.3,5.9,6.7,6.0,6.6,6.0,6.1,6.0,6.2,4.1,3.2,3.0,5.7,38.6,57.7,2.6,1.1,33.7,97.2,13.7,2.3,26.5,18.9,17.1,16.6,97.1,9.9,10.6,1.8,0.1,99.6,2.7,26.7,64.9,4.4,30.2,20.5,35.2,1.1,0.9,3.7,4.0,4802.0,16.5,10.3
30610109,female,5119.0,5.6,7.5,8.1,31.0,34.3,8.1,11.1,6.5,6.0,5.5,6.0,6.2,6.6,7.2,7.2,7.0,6.5,5.2,3.8,5.0,6.7,25.2,53.2,4.8,16.9,23.0,93.5,34.2,1.1,28.3,13.7,12.2,10.3,99.8,2.0,0.2,3.3,0.1,99.6,1.6,13.6,54.9,1.1,22.0,34.1,33.6,1.4,0.0,4.6,3.1,290.0,20.5,14.0
30610109,male,4914.0,6.7,8.5,9.3,15.8,21.2,56.3,17.6,8.4,5.7,4.8,5.4,5.6,6.2,6.5,7.2,7.1,6.2,4.9,3.3,4.2,5.0,39.7,56.2,2.6,1.5,33.7,97.9,17.6,1.1,29.6,24.8,15.2,8.0,99.7,2.1,0.5,1.9,0.1,100.0,0.6,11.8,59.5,3.8,40.3,13.9,25.2,2.5,6.7,4.1,3.6,1715.0,18.6,12.399999999999999
30610111,female,57015.0,7.1,8.6,9.5,26.4,31.9,18.1,35.1,8.3,8.1,7.0,7.5,7.6,7.4,6.7,6.1,4.9,4.7,2.7,1.8,2.0,4.7,27.7,60.1,4.7,7.5,26.1,97.4,29.6,2.1,25.2,17.7,13.9,9.2,99.2,4.5,3.0,2.6,0.1,99.8,0.7,21.6,61.5,0.7,13.7,15.1,66.1,0.7,0.4,0.7,2.6,5005.0,11.200000000000001,6.5
30610111,male,55165.0,7.7,9.4,10.7,11.8,19.9,63.5,26.7,8.9,7.5,6.6,6.7,6.6,6.2,5.7,5.7,4.9,5.4,3.7,2.3,2.0,5.0,39.4,57.9,1.8,0.9,33.4,97.5,13.4,2.7,29.8,22.4,17.2,7.9,99.4,4.1,3.2,2.3,0.1,99.8,0.6,18.1,61.0,1.9,28.6,13.1,49.3,0.5,1.4,1.9,3.3,18541.0,13.400000000000002,8.0
30610301,female,6058.0,7.7,8.8,10.2,57.7,57.9,13.1,29.8,8.0,6.0,5.4,6.3,6.3,6.6,6.8,6.1,5.8,4.7,3.4,3.0,4.8,6.4,23.9,64.4,2.5,9.2,20.7,94.0,64.9,0.5,24.5,9.5,5.1,2.5,99.2,7.3,30.3,0.4,0.1,99.6,0.6,7.0,46.7,0.2,26.9,6.6,18.3,46.7,0.0,0.7,0.5,409.0,15.899999999999999,11.2
30610301,male,6521.0,7.7,9.4,9.7,36.6,38.4,76.7,17.4,8.9,7.1,5.1,6.0,6.5,6.3,6.5,6.0,5.9,5.2,3.0,2.8,4.1,5.8,39.4,57.5,1.8,1.3,33.1,96.3,40.9,0.6,32.8,18.4,7.0,2.8,99.2,8.0,31.3,0.3,0.0,99.8,0.4,5.2,47.9,1.3,31.2,4.0,51.3,8.4,0.1,3.0,0.7,3026.0,15.1,9.899999999999999
30610302,female,6904.0,7.7,9.5,9.5,44.9,47.9,8.7,29.5,7.5,6.2,5.6,6.9,6.8,6.7,6.6,5.8,5.7,5.3,3.2,2.9,4.0,5.1,21.8,64.5,3.7,10.1,21.6,96.7,50.6,1.0,29.7,12.1,6.5,2.8,99.3,3.5,4.0,0.8,0.1,99.7,0.8,7.8,40.8,0.0,12.5,7.1,66.9,10.9,0.0,1.6,1.0,311.0,15.4,10.1
30610302,male,7081.0,8.5,9.7,10.6,24.8,31.0,74.2,13.8,7.9,5.8,5.6,6.0,6.0,6.5,6.6,6.6,5.8,4.7,3.4,3.2,3.1,4.8,35.0,61.9,1.9,1.3,32.7,96.3,28.3,0.9,34.8,21.5,9.3,2.6,99.6,3.1,3.3,0.5,0.1,99.8,0.5,6.2,43.0,1.5,21.4,2.4,69.7,3.1,0.2,1.5,0.3,3223.0,14.4,9.7
30610305,female,1669.0,6.3,7.8,10.4,47.0,48.3,11.0,39.9,6.6,5.9,5.9,6.2,6.3,6.6,6.7,5.5,5.9,6.2,5.0,4.1,4.5,7.7,23.5,60.7,4.7,11.1,22.1,95.0,53.4,1.2,25.5,13.0,8.5,3.5,98.2,0.8,35.9,1.2,0.1,99.5,1.2,17.1,65.0,2.4,10.8,18.1,54.2,2.4,0.0,2.4,9.6,83.0,19.799999999999997,13.6
30610305,male,1606.0,8.8,7.6,9.0,24.7,32.0,68.8,16.3,6.8,6.0,5.8,7.3,7.7,6.7,6.7,6.0,4.9,5.3,4.2,3.7,3.5,8.1,37.4,60.2,1.4,1.0,34.3,97.6,27.6,1.2,31.0,19.3,12.4,4.0,98.8,0.7,37.6,0.7,0.2,99.3,1.6,15.8,64.5,2.0,7.0,9.3,65.8,2.3,0.3,2.5,10.9,690.0,16.7,11.4
30610307,female,9587.0,8.1,10.0,9.5,20.3,27.1,19.7,22.2,7.4,6.7,7.0,8.6,8.0,7.5,6.1,5.4,4.8,4.3,2.8,1.5,2.3,3.4,22.8,66.5,4.3,6.5,23.9,93.5,22.7,2.4,22.5,15.4,14.9,17.6,98.8,6.4,18.5,3.3,0.1,99.7,4.2,35.1,70.1,5.9,7.0,36.4,37.5,9.8,1.1,0.0,2.4,1063.0,10.899999999999999,6.6
30610307,male,9492.0,9.2,10.9,10.9,9.9,17.6,69.3,15.0,7.8,5.8,5.2,5.6,7.0,7.8,6.8,5.9,4.8,4.8,3.5,2.2,1.9,3.2,32.9,65.3,1.3,0.4,32.1,97.5,11.3,2.5,26.1,18.6,15.8,19.4,98.8,7.1,18.9,2.7,0.1,99.6,3.8,35.5,71.6,7.2,23.9,22.8,38.9,1.9,0.3,2.7,2.3,3858.0,12.4,7.6
30610309,female,3054.0,8.7,9.6,8.7,44.5,43.8,14.6,34.5,7.0,6.2,6.2,7.2,7.6,7.3,6.6,5.3,4.8,4.8,3.2,2.8,3.9,6.1,22.2,65.0,3.7,9.1,21.2,99.1,49.6,3.1,29.0,13.7,5.9,4.5,99.1,4.3,21.3,1.8,0.1,99.2,1.2,13.3,49.5,0.0,11.3,11.7,62.0,13.1,0.5,0.9,0.5,213.0,14.700000000000001,9.9
30610309,male,3130.0,7.2,10.4,9.9,26.4,26.4,77.2,20.5,8.0,6.4,6.5,6.2,6.4,7.7,7.1,6.5,4.4,4.6,3.0,2.8,2.8,5.5,35.9,61.0,2.2,0.9,31.4,98.2,29.9,4.3,36.1,22.4,6.4,4.5,99.2,3.6,22.1,0.7,0.0,99.4,1.2,8.6,46.6,1.7,25.6,7.8,59.1,2.0,1.8,2.0,0.0,1392.0,13.2,8.6
30610501,female,13958.0,8.2,10.5,11.2,36.4,39.5,9.9,36.0,8.6,7.0,6.3,7.1,7.9,7.6,6.3,5.3,3.7,3.7,2.4,1.8,2.6,3.7,24.5,64.7,3.9,7.0,22.2,96.6,42.0,1.8,29.4,15.4,9.6,4.3,99.3,3.4,0.9,1.5,0.0,100.0,0.3,11.2,52.9,0.0,12.0,10.7,74.4,0.0,0.0,1.5,1.5,620.0,10.5,6.800000000000001
30610501,male,14253.0,8.6,10.8,11.8,19.0,26.5,70.8,30.7,9.0,6.7,5.5,5.6,6.7,7.0,6.8,6.1,4.4,4.3,2.7,1.9,2.1,4.9,36.5,60.7,2.1,0.8,32.3,98.5,22.1,1.7,33.3,21.5,12.9,4.2,99.6,2.9,1.0,1.1,0.0,99.8,0.0,9.2,50.0,1.9,31.5,7.3,54.2,1.1,1.3,1.5,1.2,4811.0,11.0,6.699999999999999
30610503,female,10257.0,8.6,11.0,10.5,26.1,33.5,12.2,24.1,7.4,7.3,7.0,8.1,7.9,7.1,6.2,5.0,3.7,3.7,2.4,1.7,2.4,3.7,21.0,66.5,4.5,8.0,21.4,98.2,30.0,1.8,28.8,16.4,11.0,8.5,98.9,3.5,21.7,2.4,0.1,99.9,0.7,14.2,54.1,1.7,9.8,26.1,58.1,1.4,2.1,0.0,0.8,663.0,10.2,6.5
30610503,male,10399.0,9.5,10.8,10.6,11.5,20.6,71.6,15.8,8.0,6.7,5.2,6.6,7.9,7.0,6.8,5.6,4.8,4.0,3.1,1.9,1.6,3.9,34.1,63.5,1.8,0.7,30.1,96.2,13.2,2.3,31.3,23.6,13.5,8.7,98.9,4.0,26.3,1.7,0.0,99.8,0.7,15.0,58.5,2.0,24.4,15.3,49.9,2.0,1.2,1.5,3.7,4336.0,10.6,6.6
30610505,female,14735.0,9.9,10.9,10.7,45.7,47.0,4.7,32.1,9.1,7.4,6.5,6.6,6.5,6.7,5.9,5.1,3.8,3.8,2.7,1.9,2.6,5.4,22.7,67.3,2.8,7.2,20.9,92.6,52.5,1.9,31.2,11.9,5.2,2.9,98.7,1.8,0.6,1.5,0.0,99.9,0.1,7.9,40.9,0.0,18.7,9.2,64.9,1.2,3.8,0.6,1.5,326.0,11.0,7.199999999999999
30610505,male,15321.0,9.9,10.8,11.0,27.2,31.6,72.4,22.1,9.1,7.5,6.4,6.3,6.3,6.6,6.1,5.2,3.8,4.1,2.7,2.1,2.0,5.8,35.9,62.4,1.3,0.4,29.7,94.7,31.4,1.8,36.2,19.4,7.5,3.4,99.1,1.4,0.5,0.9,0.0,99.9,0.1,5.6,37.9,1.3,15.8,3.8,73.4,1.9,0.6,1.6,1.6,5892.0,10.9,6.800000000000001
30610507,female,8072.0,8.3,9.7,10.9,40.8,42.3,8.0,26.7,8.2,6.9,6.4,6.3,7.0,6.7,6.2,5.9,4.0,4.8,3.0,2.5,3.3,6.1,21.9,63.8,4.5,9.8,21.8,97.3,46.8,1.9,32.9,14.3,6.1,2.5,99.6,1.9,0.8,1.3,0.0,99.7,0.1,7.2,41.9,0.0,8.7,15.4,67.3,3.7,0.6,0.0,4.4,338.0,13.600000000000001,8.8
30610507,male,8307.0,8.8,9.4,10.9,17.8,25.7,72.1,31.0,8.9,6.8,6.2,6.2,7.0,7.0,6.1,5.3,4.0,4.7,3.1,2.5,3.0,6.4,38.7,59.0,1.8,0.6,32.6,97.4,20.2,2.3,36.4,23.0,9.2,3.3,99.5,1.1,0.5,0.7,0.1,99.7,0.4,6.5,41.0,0.5,21.2,4.5,69.5,1.1,1.6,1.4,0.3,2931.0,13.3,8.6
30610509,female,9963.0,7.3,8.4,9.6,40.8,43.6,13.4,25.9,7.8,7.5,6.7,6.9,7.1,7.2,7.1,6.3,4.9,5.4,2.9,2.2,3.0,6.0,25.0,61.6,5.5,7.9,22.1,98.3,45.9,2.2,26.4,14.8,9.2,3.8,98.8,3.9,22.5,2.7,0.0,99.7,0.6,9.4,47.0,0.3,5.7,2.9,90.4,0.1,0.0,0.1,0.4,740.0,13.5,8.1
30610509,male,10282.0,7.9,9.2,10.6,19.0,25.9,66.0,20.2,8.2,7.5,7.0,6.5,6.5,6.7,6.1,6.0,5.0,5.0,3.3,2.0,2.6,5.9,39.5,57.3,2.2,1.0,32.4,95.9,21.5,2.0,34.9,22.4,11.0,3.9,99.1,3.7,22.5,2.7,0.0,99.6,0.8,7.3,45.4,1.6,15.1,4.1,75.2,1.0,0.7,1.5,0.8,3918.0,12.9,7.9
30610701,female,2264.0,8.7,10.6,10.2,51.8,50.6,3.7,72.9,8.8,6.1,5.3,6.6,7.1,6.1,6.5,5.2,4.5,4.1,2.6,3.2,4.4,7.8,24.0,65.8,1.4,8.8,22.0,96.1,58.9,1.1,33.2,9.6,3.5,2.0,99.4,0.2,0.2,8.3,0.0,99.9,0.1,3.4,23.1,0.0,18.8,25.0,50.0,0.0,0.0,0.0,6.3,16.0,14.299999999999999,10.200000000000001
30610701,male,2463.0,9.9,10.3,10.7,27.7,32.8,75.3,34.3,10.4,6.5,5.9,6.3,6.3,6.8,6.0,4.4,4.5,4.2,2.5,2.4,2.8,7.3,40.0,58.9,0.5,0.6,32.3,97.2,31.7,1.8,39.0,18.7,6.0,1.7,99.7,0.1,0.1,9.1,0.2,99.9,0.2,3.0,22.3,0.1,28.5,3.4,59.1,7.0,0.4,1.3,0.1,842.0,11.899999999999999,7.7
30610705,female,4088.0,8.9,9.6,11.2,40.5,43.7,3.9,20.2,7.4,5.6,5.3,5.9,6.9,7.5,6.9,6.1,4.1,4.9,2.8,3.1,3.8,5.4,21.1,64.4,4.1,10.3,20.1,96.9,46.4,1.8,32.1,14.0,5.3,3.0,98.0,0.5,0.6,0.2,0.0,100.0,0.0,6.0,25.8,0.0,35.6,24.0,40.4,0.0,0.0,0.0,0.0,88.0,14.600000000000001,9.7
30610705,male,4264.0,8.5,10.1,10.8,24.6,28.7,68.0,22.1,8.1,5.6,4.2,5.9,6.3,6.6,7.6,7.0,5.3,4.7,3.4,2.5,3.2,6.0,36.6,60.7,1.8,0.9,32.7,92.8,28.2,2.0,34.1,19.1,11.7,4.4,98.9,0.2,0.0,0.0,0.1,100.0,0.1,8.6,32.0,0.9,23.8,6.6,48.2,4.6,0.5,9.4,5.9,1592.0,13.8,9.100000000000001
30610707,female,3668.0,8.0,9.2,10.1,46.2,47.9,4.0,43.5,7.3,5.5,6.3,6.6,6.7,6.5,6.1,4.9,5.5,5.3,3.5,3.6,5.0,7.4,18.9,65.9,2.5,12.7,20.0,97.3,52.5,1.2,33.1,10.5,4.5,2.7,99.3,0.3,0.1,1.2,0.0,99.9,0.1,5.7,26.5,1.6,3.3,60.7,27.9,1.6,1.6,0.0,3.3,61.0,17.4,12.1
30610707,male,4001.0,8.4,9.5,9.9,25.9,31.2,69.2,31.7,8.6,6.0,5.0,5.4,6.3,7.3,6.3,5.8,5.4,5.7,3.6,2.7,3.9,6.7,38.7,58.8,1.6,0.9,32.8,97.3,29.3,0.9,37.1,19.2,8.4,3.1,99.2,0.5,0.1,0.9,0.0,99.8,0.1,5.6,29.0,0.3,18.9,8.1,68.0,3.5,0.3,0.4,0.5,1363.0,15.9,10.200000000000001
30610709,female,4420.0,7.7,8.5,9.8,47.2,47.8,4.8,36.7,7.7,4.8,4.8,5.3,6.3,6.9,7.7,6.5,6.1,5.5,4.0,2.7,5.7,8.8,20.8,61.7,4.0,13.5,,95.3,53.4,0.8,31.9,11.5,5.0,3.0,98.7,1.2,0.9,10.4,0.0,99.1,0.0,10.4,53.2,0.0,32.6,18.7,36.3,4.5,0.0,0.0,7.9,99.0,17.9,12.4
30610709,male,4588.0,7.5,9.1,9.7,22.5,25.0,67.2,18.2,7.9,5.5,4.8,5.2,5.4,7.0,7.1,8.4,5.9,5.9,4.1,2.6,3.9,9.6,40.4,55.8,2.5,1.3,34.3,99.1,25.4,1.8,39.6,23.3,8.1,2.2,99.2,0.5,0.7,9.5,0.1,100.0,0.0,6.0,50.5,2.8,34.3,5.3,48.5,3.8,0.2,1.1,4.2,1857.0,16.5,10.6
30610711,female,5629.0,11.1,12.1,12.0,52.4,51.6,1.0,56.1,9.6,6.8,6.1,6.3,6.9,5.2,5.2,4.0,3.3,3.1,3.0,2.4,2.9,4.9,18.9,72.1,1.5,7.5,,95.4,61.7,1.3,33.5,9.6,3.4,0.6,84.1,10.5,28.3,0.1,0.0,99.2,11.1,2.0,15.8,0.0,0.0,0.0,100.0,0.0,0.0,0.0,0.0,15.0,11.4,8.3
30610711,male,6529.0,11.3,11.7,11.9,32.0,36.5,68.8,21.7,10.0,6.2,6.0,5.5,6.3,6.7,6.5,4.6,3.4,3.0,2.3,1.8,2.8,6.0,36.7,61.5,1.0,0.8,28.7,98.7,37.6,1.9,37.1,18.0,5.1,1.3,91.2,9.4,29.1,0.1,0.0,99.3,10.7,1.2,16.2,0.7,6.8,2.4,81.9,3.4,0.0,1.6,3.1,2290.0,9.899999999999999,6.8999999999999995
31310101,female,3562.0,5.7,7.5,8.8,38.6,38.6,12.1,37.2,7.8,7.1,5.9,6.5,7.1,7.4,6.9,7.0,5.5,5.9,3.6,3.1,4.4,5.1,27.3,53.1,8.9,10.7,26.8,100.0,42.9,1.2,21.5,14.2,12.4,12.0,94.0,17.1,56.2,0.2,0.2,99.7,14.2,26.9,60.5,0.0,3.5,59.0,26.9,0.0,6.2,0.0,4.3,211.0,17.0,11.100000000000001
31310101,male,3197.0,6.9,9.2,10.2,16.1,23.0,53.0,21.5,8.7,5.8,4.8,5.3,5.5,6.3,6.3,7.1,6.3,6.2,4.3,3.1,3.9,5.8,35.7,60.1,2.4,1.7,32.1,96.9,18.1,1.9,25.8,15.5,20.6,13.1,97.9,18.7,54.0,0.1,0.0,98.5,11.7,26.3,62.5,1.2,13.3,28.7,39.1,0.4,5.5,3.2,8.7,981.0,17.5,11.3
31310102,female,2392.0,6.8,7.6,8.1,43.4,50.4,8.7,38.9,8.8,6.9,7.0,6.8,6.6,7.1,6.5,6.1,5.4,4.7,4.6,3.1,3.7,4.7,23.5,56.4,7.3,12.8,25.3,94.7,47.8,0.4,18.0,13.3,9.4,8.6,95.1,17.1,67.1,0.1,0.1,97.2,26.9,17.9,48.7,3.0,6.1,67.7,20.2,0.0,1.0,0.0,2.0,99.0,16.1,11.399999999999999
31310102,male,2282.0,7.8,9.3,12.6,21.6,31.3,53.4,27.6,8.3,7.5,5.0,5.9,6.6,5.3,6.9,6.2,3.9,4.5,4.4,2.5,3.3,4.7,36.6,59.8,2.2,1.4,32.4,97.1,25.2,0.4,23.8,19.4,13.4,11.7,96.8,17.4,68.8,0.1,0.0,99.5,25.6,18.1,53.2,1.3,24.5,34.5,20.0,2.1,0.5,10.0,7.1,620.0,14.7,10.2
31310103,female,14393.0,7.9,9.4,10.4,26.5,31.5,15.7,37.1,8.3,7.9,7.1,8.0,7.4,7.1,6.1,5.4,4.1,3.9,2.6,1.9,2.5,4.2,27.5,57.7,5.9,8.9,25.7,97.4,30.1,1.7,24.4,15.9,12.7,13.9,98.5,9.9,11.9,0.4,0.0,99.9,1.8,30.1,68.2,1.9,10.6,65.9,19.8,0.5,0.0,0.0,1.2,1025.0,10.9,7.0
31310103,male,13580.0,9.2,10.9,10.4,11.1,19.4,63.5,18.2,9.3,6.5,5.1,6.2,6.6,7.1,6.6,6.1,4.7,3.8,3.0,2.5,2.0,3.7,34.8,62.1,2.5,0.6,31.7,99.3,12.7,2.6,23.9,20.3,18.5,15.3,98.8,10.3,11.4,0.3,0.1,99.9,1.3,28.7,70.8,3.5,21.1,42.6,26.3,0.4,0.6,1.4,4.1,4901.0,11.3,7.5
31310105,female,9489.0,7.8,9.1,9.9,33.3,38.3,8.4,53.4,8.7,7.9,7.3,7.3,7.6,6.8,5.6,5.4,4.5,4.8,2.3,2.3,2.8,4.0,23.5,62.0,4.8,9.6,23.3,94.5,37.6,0.7,25.3,15.6,10.7,9.3,97.5,15.9,12.9,0.1,0.1,99.9,2.6,15.0,46.8,0.0,9.8,49.7,32.1,0.0,0.0,4.8,3.6,272.0,12.2,7.3999999999999995
31310105,male,9202.0,8.8,9.9,11.2,11.0,20.1,59.6,24.5,9.2,6.7,6.0,6.4,6.3,7.2,6.6,5.0,4.1,3.9,3.2,3.0,2.6,4.4,36.4,61.3,1.8,0.5,31.2,95.3,12.7,0.7,24.7,24.3,17.3,12.9,98.4,12.7,12.9,0.1,0.1,99.8,2.7,15.5,52.7,0.1,22.8,51.0,15.4,2.1,0.8,1.8,6.0,2905.0,12.7,8.8
31310309,female,4106.0,7.2,9.0,10.0,54.8,54.5,7.9,35.3,8.3,6.1,6.4,7.0,7.5,6.6,7.0,6.1,4.6,4.2,3.5,2.4,4.3,5.7,24.2,59.6,6.0,10.2,22.9,94.4,61.6,1.6,20.5,11.2,6.6,5.7,74.2,1.2,87.7,0.2,0.1,98.3,2.1,24.8,71.3,0.0,3.2,26.3,34.0,1.3,0.0,0.6,34.6,156.0,14.399999999999999,10.2
31310309,male,3876.0,8.4,9.9,11.1,34.6,38.6,62.6,38.6,9.3,6.3,5.5,6.2,5.7,6.5,6.7,6.3,4.7,4.5,3.1,2.6,3.3,5.8,35.8,60.9,2.4,0.9,31.4,94.9,39.6,1.9,23.8,17.6,10.9,7.3,79.1,1.8,91.6,0.2,0.0,98.2,2.5,22.5,71.6,0.4,12.4,12.4,38.5,1.8,0.1,1.1,33.4,1052.0,13.5,9.0
31310311,female,12502.0,7.3,8.9,10.0,46.7,48.7,9.3,21.5,9.1,7.1,6.0,7.3,7.4,7.6,6.5,5.7,4.1,4.1,3.1,2.6,3.3,6.2,23.7,59.3,6.4,10.6,23.4,95.0,53.0,1.2,22.0,14.4,7.6,6.1,85.6,6.9,75.9,0.1,0.0,99.1,2.7,22.2,63.6,0.0,2.3,27.3,57.8,0.0,0.0,0.0,12.5,676.0,13.099999999999998,9.0
31310311,male,12172.0,9.0,9.8,10.5,27.2,33.6,65.6,10.6,9.6,6.6,5.6,6.9,7.0,6.6,6.4,6.0,3.8,3.7,3.1,2.5,3.1,6.4,35.1,62.3,1.3,1.4,30.2,94.3,31.1,1.2,26.8,20.3,11.0,7.1,90.8,6.5,77.6,0.0,0.0,99.4,2.5,20.1,65.1,6.6,11.7,7.3,54.1,1.8,0.3,1.2,17.0,5046.0,12.4,8.7
31310315,female,4311.0,5.8,7.5,8.3,50.4,50.6,4.8,35.2,8.1,6.3,4.8,5.1,6.1,7.0,7.0,7.0,6.6,6.1,4.4,4.2,5.8,6.5,23.2,57.3,6.9,12.7,24.8,96.5,55.6,1.2,19.3,13.0,8.7,7.2,92.4,3.5,87.1,0.6,0.1,96.9,7.2,21.0,57.6,0.0,8.6,55.2,30.5,0.0,0.0,4.8,1.0,105.0,20.5,14.400000000000002
31310315,male,3986.0,6.6,8.8,9.5,27.9,32.3,44.4,35.3,9.6,5.7,4.6,4.6,4.9,6.1,6.4,7.2,6.8,5.8,4.0,4.0,5.3,7.0,36.6,59.4,3.0,1.0,34.4,95.3,31.2,1.8,26.5,20.7,10.7,8.0,94.4,3.4,87.9,0.2,0.0,96.6,7.7,16.6,53.4,0.5,21.0,19.9,32.8,0.6,1.7,9.4,14.1,859.0,19.1,13.3
31310501,female,5225.0,9.1,10.1,10.5,44.5,47.4,5.1,49.1,9.0,6.2,6.1,6.0,6.6,6.6,5.9,5.8,4.4,4.4,3.4,2.3,3.7,7.0,23.8,60.0,4.7,11.5,24.2,97.7,51.1,0.7,25.6,12.7,6.5,7.1,99.5,10.7,7.8,0.0,0.0,99.8,0.9,7.0,28.6,0.0,4.4,72.6,17.5,5.6,0.0,0.0,0.0,95.0,13.8,9.399999999999999
31310501,male,5246.0,8.6,10.2,11.6,22.6,28.9,64.5,32.5,8.5,7.1,6.8,6.6,6.7,6.0,5.3,5.2,4.8,3.6,3.1,3.1,2.9,6.4,37.4,59.8,2.5,0.3,32.1,93.6,26.2,0.9,30.2,23.0,8.8,8.1,99.1,8.5,7.7,0.0,0.0,99.7,2.7,4.5,28.4,0.0,12.4,10.4,57.9,3.4,0.4,0.9,14.7,1591.0,12.700000000000001,9.1
31310503,female,2634.0,8.5,10.3,10.5,54.6,54.9,2.9,59.3,9.6,6.6,6.0,7.0,6.8,5.5,5.5,4.8,4.3,3.9,3.9,2.8,4.1,6.8,19.7,64.4,4.1,11.7,22.5,92.0,62.0,1.7,26.4,9.7,4.3,3.0,96.6,1.1,27.0,0.2,0.0,99.9,0.4,4.8,49.1,0.0,4.5,54.5,36.4,0.0,0.0,0.0,4.5,22.0,14.7,10.799999999999999
31310503,male,2796.0,9.5,9.3,11.3,32.1,38.5,63.8,52.3,9.0,7.7,7.2,6.2,6.6,6.0,5.4,4.6,4.0,3.6,3.2,3.0,3.2,6.7,37.7,59.7,1.6,0.9,30.8,96.2,37.0,1.1,27.8,19.6,7.6,5.3,97.9,0.8,26.6,0.1,0.0,100.0,0.0,3.8,47.8,0.3,9.8,10.3,35.2,0.2,0.0,0.2,44.1,594.0,13.0,9.4
31310505,female,4970.0,7.4,9.1,10.8,43.9,45.9,6.0,61.3,8.5,7.3,6.1,6.5,6.9,6.4,6.4,5.4,4.2,4.2,3.3,3.1,4.2,4.7,19.3,61.4,5.8,13.5,21.6,90.6,49.9,2.3,25.9,14.0,7.9,4.0,99.7,6.1,1.9,0.0,0.1,100.0,0.0,14.6,45.4,0.0,5.3,29.1,61.2,0.0,0.0,4.4,0.0,83.0,14.8,10.600000000000001
31310505,male,4966.0,9.5,10.7,10.3,23.4,30.4,63.8,22.5,9.2,6.3,5.5,5.7,6.5,5.5,6.3,5.9,4.7,4.4,3.1,3.0,3.5,3.8,33.4,63.1,2.5,0.9,30.2,90.5,26.7,2.9,25.8,24.6,9.0,7.3,99.7,4.6,0.9,0.0,0.0,100.0,0.6,14.1,47.0,0.4,30.0,12.0,45.1,0.2,0.3,0.2,11.9,1706.0,14.0,9.6
31310701,female,3873.0,8.6,10.1,10.1,52.1,54.6,1.3,41.7,9.1,6.3,6.1,5.6,7.5,6.1,6.0,5.4,3.7,5.0,3.2,3.2,3.9,6.2,20.0,69.1,3.2,7.7,22.6,94.8,59.3,0.2,29.3,9.0,3.9,2.9,99.4,3.2,3.7,0.0,0.0,100.0,0.1,9.6,30.3,0.0,4.8,52.4,33.3,9.5,0.0,0.0,0.0,21.0,15.299999999999999,10.3
31310701,male,3833.0,8.5,11.7,10.7,20.5,29.7,62.3,40.8,9.4,6.5,6.0,6.4,6.1,6.0,6.3,4.8,3.5,3.7,3.8,3.0,3.5,6.2,34.1,63.9,0.9,1.2,30.2,96.2,23.6,0.2,33.4,21.9,8.4,6.4,99.4,3.1,3.5,0.0,0.0,99.8,0.2,10.0,35.5,0.1,30.7,7.4,52.4,1.2,0.9,1.2,6.0,976.0,14.0,10.3
31310703,female,4195.0,8.3,10.1,10.8,50.2,52.9,3.8,65.2,8.6,7.5,6.2,6.4,7.0,7.1,5.4,5.7,4.4,3.7,3.0,2.3,3.6,3.1,19.6,66.1,2.4,11.9,22.3,92.4,57.3,0.5,27.4,10.5,4.7,4.0,95.7,9.5,3.8,0.0,0.1,99.8,0.5,11.2,43.0,0.0,2.6,43.6,46.2,0.0,0.0,0.0,7.7,39.0,12.6,8.9
31310703,male,4138.0,9.3,11.0,11.0,22.0,30.2,64.8,43.8,9.9,6.5,5.6,6.1,6.3,5.7,5.4,6.0,5.2,4.0,3.0,1.9,3.1,3.8,33.6,64.7,1.0,0.8,30.0,95.2,25.2,0.7,31.7,22.0,9.8,5.6,96.5,8.9,3.3,0.0,0.1,99.8,0.4,10.2,45.4,1.0,31.2,9.1,51.6,0.6,0.4,1.2,5.0,1035.0,12.0,8.0
31310705,female,14361.0,9.1,11.2,11.1,52.6,53.6,3.7,42.1,9.4,7.7,7.0,6.7,7.2,6.4,5.4,4.3,3.3,3.5,2.6,2.4,2.8,7.2,25.1,64.2,2.0,8.7,25.0,91.9,60.5,0.6,27.0,9.3,4.7,4.8,98.6,6.1,29.1,0.1,0.0,99.7,5.1,9.2,38.2,0.0,7.0,67.4,19.0,6.6,0.0,0.0,0.0,212.0,11.3,7.8
31310705,male,15233.0,10.2,11.4,11.3,23.8,31.7,64.5,29.7,9.9,8.6,7.5,6.8,7.0,6.4,5.1,4.2,2.6,2.4,2.3,1.9,2.4,6.0,41.8,56.9,0.7,0.6,31.1,92.9,27.2,0.6,30.7,21.2,7.0,8.9,98.4,6.2,27.6,0.3,0.0,99.6,4.9,8.0,34.1,0.7,19.2,17.1,57.5,2.5,0.2,0.9,1.8,4633.0,9.0,6.6
31310707,female,1693.0,7.6,9.6,10.3,63.2,62.1,3.1,10.5,7.1,7.2,5.5,6.3,7.6,6.4,5.7,5.3,3.7,5.3,4.3,4.4,3.8,5.0,22.2,62.6,3.6,11.7,19.9,97.6,71.9,0.1,23.0,10.2,1.9,2.6,55.6,0.8,97.3,0.3,0.0,99.6,1.9,6.2,44.4,0.0,26.5,44.1,17.6,11.8,0.0,0.0,0.0,34.0,17.8,12.5
31310707,male,1586.0,7.9,9.0,10.5,39.2,44.1,67.4,4.0,9.5,5.0,5.7,5.7,6.6,8.4,6.2,5.2,3.8,4.1,2.8,3.8,5.7,6.2,31.9,64.9,1.3,1.9,30.6,95.6,44.7,0.3,24.1,24.0,4.4,3.1,73.5,0.3,98.4,0.4,0.0,99.9,1.1,4.6,38.5,0.0,64.0,7.9,15.7,11.5,0.0,0.1,0.7,745.0,16.4,12.3
31310709,female,5661.0,9.7,11.3,11.5,58.2,59.6,7.1,4.8,9.1,7.2,6.6,6.6,7.3,6.0,5.1,5.1,3.6,3.7,2.6,2.2,2.5,5.8,20.5,67.6,2.8,9.1,22.2,82.0,66.2,0.8,24.5,8.5,3.9,2.7,98.0,5.2,0.9,0.1,0.0,99.4,0.5,14.1,46.3,0.0,7.8,10.1,11.2,69.0,0.4,0.0,1.6,258.0,11.0,7.300000000000001
31310709,male,5954.0,9.8,12.4,12.4,36.2,41.4,59.4,10.3,10.1,7.9,6.8,6.0,6.2,5.5,4.7,4.5,3.6,3.2,2.3,2.0,2.5,6.7,36.5,62.0,0.9,0.6,29.4,84.6,41.8,0.9,27.9,17.8,7.0,5.1,98.4,5.6,0.8,0.1,0.0,99.7,0.5,16.9,49.5,0.3,32.6,5.1,44.6,4.9,5.0,0.3,7.2,2075.0,10.0,6.8
31310901,female,1168.0,6.7,8.1,10.4,66.7,67.2,2.2,57.9,8.6,5.2,5.1,6.9,6.9,4.8,7.1,5.3,5.1,5.3,4.3,3.8,6.3,12.6,18.1,59.8,8.2,13.8,22.5,88.8,75.9,0.0,16.8,10.2,2.9,2.9,52.7,11.4,86.5,0.5,0.1,96.4,31.1,8.8,48.0,0.0,12.5,25.0,37.5,25.0,0.0,0.0,0.0,8.0,19.7,14.399999999999999
31310901,male,1229.0,7.5,10.4,11.1,43.5,46.5,63.6,32.3,9.8,5.5,5.8,6.7,8.6,6.3,4.1,4.5,4.5,5.2,4.2,2.7,3.2,10.3,37.0,58.5,2.4,2.1,32.8,89.5,49.8,0.0,23.8,19.6,6.8,3.4,60.7,10.8,86.3,0.3,0.0,96.0,41.2,6.0,37.4,11.4,54.8,7.7,20.5,4.5,0.0,1.1,0.0,376.0,15.3,10.100000000000001
31310903,female,887.0,6.8,7.8,8.6,67.5,65.4,2.9,55.0,5.6,5.9,3.8,7.1,6.3,7.1,6.9,7.0,4.4,3.5,4.4,5.5,9.4,13.2,18.8,55.6,8.4,17.3,25.2,97.8,74.9,0.8,15.7,9.9,4.7,3.5,55.0,0.3,97.9,0.1,0.1,98.0,3.7,19.5,70.3,0.0,0.0,66.7,33.3,0.0,0.0,0.0,0.0,9.0,22.8,19.3
31310903,male,807.0,8.6,10.0,8.7,42.9,46.0,34.8,31.4,9.7,3.7,3.7,4.3,6.9,6.7,7.4,7.1,5.1,4.7,3.8,4.0,5.6,13.6,32.5,62.5,3.1,1.9,33.3,97.8,47.4,1.4,23.5,17.6,7.8,3.7,60.6,0.6,96.9,0.2,0.0,98.9,2.1,14.9,61.1,0.7,52.9,17.1,27.9,0.7,0.0,0.0,0.7,140.0,18.1,13.399999999999999
31310905,female,1149.0,9.1,9.1,9.4,51.2,54.0,4.1,52.9,7.0,8.4,7.3,5.9,7.1,5.1,5.5,6.8,3.8,4.1,3.9,3.0,4.4,8.3,22.0,61.7,6.6,9.7,22.8,90.6,57.7,0.6,23.6,11.7,4.5,5.6,93.4,41.0,57.4,0.0,0.0,99.3,1.7,15.3,70.2,0.0,6.3,25.0,68.8,0.0,0.0,0.0,0.0,16.0,15.4,11.3
31310905,male,1143.0,8.9,9.6,12.0,26.4,33.4,55.0,31.4,9.2,5.6,5.7,6.4,7.2,5.9,5.5,6.2,2.9,4.5,2.9,4.3,3.3,7.3,35.8,59.6,3.0,1.6,31.2,93.2,30.5,0.9,32.2,19.0,8.0,6.5,95.5,38.6,59.9,0.3,0.0,99.1,3.5,8.9,68.2,2.7,24.3,9.7,54.3,3.7,0.0,3.7,1.7,300.0,15.0,10.5
31310907,female,2463.0,7.1,8.0,9.2,58.0,57.1,7.1,32.3,8.0,6.7,5.1,5.1,5.6,7.2,6.2,6.2,4.7,5.9,4.2,4.2,6.5,8.2,21.7,59.0,6.3,13.0,22.5,97.3,64.9,0.9,21.2,8.6,6.8,5.4,56.7,0.8,95.2,0.3,0.0,99.5,4.7,23.9,66.1,0.0,14.4,41.1,35.6,1.1,0.0,4.4,3.3,90.0,20.8,14.9
31310907,male,2424.0,7.5,10.3,9.9,31.2,37.4,62.9,39.6,8.7,4.9,5.2,5.5,5.9,6.4,7.3,6.0,5.5,4.1,3.8,3.5,5.6,9.3,37.0,59.2,2.6,1.3,33.9,97.2,35.3,1.6,30.2,15.1,9.0,6.7,69.0,0.6,96.3,0.3,0.0,99.3,3.6,16.5,57.1,0.0,24.9,16.5,52.0,2.1,0.2,2.1,2.3,666.0,17.0,12.899999999999999
31310913,female,1864.0,6.7,9.7,8.7,54.8,52.6,3.9,25.5,7.7,5.6,5.6,6.3,6.5,6.9,6.7,6.5,4.8,5.5,4.1,3.5,5.2,6.9,22.8,58.6,5.2,13.5,19.4,96.3,61.1,2.1,21.5,11.5,8.1,4.2,56.5,10.8,73.3,0.4,0.1,99.4,0.6,12.9,43.8,2.4,0.0,68.3,24.4,4.9,0.0,0.0,0.0,41.0,18.3,12.8
31310913,male,1703.0,7.5,9.1,11.3,28.3,31.4,61.5,33.8,9.1,5.0,4.3,4.8,6.5,6.3,7.2,7.8,5.3,4.3,4.0,2.7,4.6,6.7,33.3,63.7,1.8,1.1,32.3,98.1,32.4,1.9,26.2,18.7,15.1,6.6,59.8,11.2,73.5,0.8,0.1,99.3,0.9,8.6,45.8,4.2,27.5,14.2,42.1,3.0,0.0,6.0,3.0,499.0,15.6,11.3
31310917,female,1354.0,8.1,8.4,8.1,68.6,66.5,2.4,50.0,5.7,5.0,5.0,6.7,7.8,6.0,6.4,6.5,5.4,5.4,4.5,4.5,6.4,13.3,16.3,61.3,7.1,15.4,22.3,96.3,75.7,0.6,19.1,8.4,2.8,2.5,39.1,0.1,98.1,0.2,0.0,99.7,0.8,14.1,66.2,0.0,8.3,58.3,25.0,0.0,0.0,0.0,8.3,12.0,20.8,15.4
31310917,male,1347.0,9.6,9.9,8.4,45.3,47.1,54.2,61.3,7.1,3.6,4.3,6.5,7.6,9.0,6.0,6.5,5.0,5.6,3.9,2.7,4.5,9.7,32.1,63.9,2.3,1.7,32.9,93.8,50.2,0.9,27.8,15.7,5.6,2.9,41.3,0.1,98.6,0.1,0.0,99.0,1.3,12.3,64.6,5.9,41.2,22.5,27.9,0.5,0.0,0.0,2.0,204.0,16.7,11.1
31710101,female,9672.0,7.3,9.0,8.9,44.1,43.7,11.3,34.5,7.8,7.2,6.5,6.7,7.2,7.1,6.8,5.5,5.5,5.4,3.5,2.4,3.2,6.2,22.9,62.0,6.2,8.9,23.2,98.7,49.1,1.8,25.6,15.1,8.9,4.9,98.7,9.8,23.6,2.9,0.0,99.8,0.1,13.6,62.6,0.9,15.1,16.4,61.2,1.9,0.0,1.0,3.7,536.0,14.5,9.100000000000001
31710101,male,9486.0,8.4,9.9,10.1,26.1,29.1,72.6,21.6,8.0,7.3,5.9,7.0,6.7,6.8,6.2,5.5,4.7,4.7,3.7,2.5,2.7,7.1,37.2,59.9,2.2,0.7,32.0,98.2,29.2,2.7,33.8,19.9,9.3,5.2,98.5,8.8,19.7,1.9,0.0,99.7,0.7,10.6,55.9,2.5,32.7,8.7,50.7,0.8,0.7,1.9,2.0,3866.0,13.600000000000001,8.9
31710103,female,16945.0,7.1,8.6,9.4,30.4,34.4,16.4,30.5,8.3,7.4,6.6,7.1,7.0,7.3,6.8,6.3,5.0,4.7,3.3,2.2,3.0,5.0,26.9,58.4,5.8,8.9,24.1,97.4,34.0,1.8,26.9,15.3,11.6,10.0,99.6,5.3,2.3,10.3,0.0,100.0,0.9,22.4,63.8,0.9,17.7,21.2,46.2,0.7,0.8,1.4,11.1,1449.0,13.2,8.5
31710103,male,16103.0,7.6,10.0,11.0,13.2,20.7,64.9,19.7,8.9,7.1,6.0,6.0,6.6,6.7,6.4,5.9,4.7,4.8,3.4,2.3,2.6,4.7,38.4,58.9,2.0,0.7,32.3,95.5,15.0,1.8,32.3,21.2,13.5,10.6,99.5,4.4,3.2,8.2,0.0,99.8,0.6,18.5,64.3,3.9,28.3,13.3,39.9,1.4,1.4,2.6,9.3,5991.0,13.1,8.299999999999999
31710105,female,20849.0,6.5,8.5,8.7,27.3,33.1,20.0,31.6,7.6,6.9,6.5,7.4,7.5,7.7,6.7,6.6,5.4,5.5,3.3,2.2,3.3,4.3,26.9,57.7,6.6,8.8,25.5,97.6,30.4,1.3,24.1,16.4,13.4,11.7,98.6,10.0,19.6,3.0,0.1,99.9,1.7,24.3,68.2,0.7,14.1,34.9,44.5,1.5,0.2,1.0,3.0,2172.0,14.3,8.8
31710105,male,19886.0,7.5,8.8,10.1,12.2,20.9,64.4,16.0,8.2,6.7,5.5,6.1,6.7,7.5,6.5,6.4,5.2,5.6,3.8,2.7,2.7,4.1,37.8,58.9,2.0,1.3,33.4,96.3,13.8,1.3,26.5,19.8,18.1,13.4,99.1,10.5,18.1,1.7,0.1,99.8,1.3,23.1,72.1,3.9,26.6,28.0,34.7,1.2,0.9,2.0,2.8,7899.0,14.799999999999997,9.2
31710107,female,14386.0,7.3,8.7,9.0,36.2,39.6,11.0,39.2,8.4,7.3,6.3,7.1,6.8,7.0,6.6,6.0,5.7,5.2,3.6,2.3,2.6,6.3,25.1,59.1,5.5,10.2,25.3,97.3,40.6,1.2,28.4,16.5,8.2,6.0,98.2,4.2,3.5,4.8,0.1,99.7,0.8,17.1,60.5,0.0,14.3,14.7,65.7,0.7,0.8,1.4,2.4,720.0,13.700000000000001,8.5
31710107,male,14349.0,7.8,9.8,10.7,15.9,22.9,63.1,23.3,8.8,7.4,6.2,6.5,6.2,6.3,5.8,5.5,4.5,5.3,4.0,2.5,2.5,5.4,37.8,59.2,2.1,0.9,32.8,96.4,18.1,1.9,34.4,23.7,10.9,6.1,99.0,3.0,2.9,3.0,0.0,99.9,0.5,13.1,59.7,1.7,28.9,11.4,45.8,1.5,1.8,4.0,4.8,4977.0,14.3,9.0
31710301,female,1543.0,7.2,9.4,8.9,56.6,58.9,2.9,18.2,7.1,5.5,6.0,5.8,7.3,7.5,7.2,6.7,5.2,3.4,4.7,3.4,4.7,5.4,21.0,67.7,2.9,8.4,20.9,97.0,63.0,1.5,25.0,9.5,3.0,2.1,98.4,14.1,53.5,0.6,0.0,97.0,3.2,2.1,21.3,0.0,14.8,22.2,37.0,3.7,0.0,0.0,22.2,27.0,16.2,12.8
31710301,male,1718.0,7.5,10.9,9.1,34.0,39.0,68.2,35.4,7.7,6.7,4.1,4.9,7.1,8.2,6.8,6.7,5.3,4.6,2.7,3.0,4.8,6.0,36.5,60.8,1.1,1.5,33.8,96.3,38.1,1.6,32.3,19.7,5.4,2.1,98.7,14.0,55.8,0.4,0.1,97.7,2.5,2.2,23.3,2.0,42.3,3.3,38.5,2.9,0.5,7.7,2.7,548.0,15.100000000000001,10.5
31710303,female,8398.0,7.2,9.0,9.1,46.4,46.9,9.9,28.8,7.2,6.6,5.9,6.6,7.1,7.5,6.4,6.1,5.8,5.3,4.0,2.4,4.1,8.1,24.4,60.4,5.6,9.6,22.0,94.9,52.0,1.8,27.2,14.8,6.1,3.2,98.7,5.0,31.0,2.1,0.0,100.0,0.5,10.7,51.7,0.5,4.3,4.8,88.2,2.0,0.2,0.0,0.0,442.0,15.8,10.5
31710303,male,8514.0,7.7,9.5,9.9,24.5,28.2,67.0,21.4,8.6,6.5,6.3,6.1,6.6,6.5,6.1,6.6,5.6,5.3,3.7,2.2,2.9,7.5,37.6,59.4,2.2,0.8,32.5,91.4,27.6,2.4,35.7,24.5,6.4,2.9,99.3,5.3,30.8,1.9,0.1,99.7,0.4,6.7,46.5,1.8,12.4,4.4,76.5,0.5,0.5,1.5,2.4,3264.0,14.1,8.8
31710305,female,3909.0,6.7,9.0,9.8,44.7,47.8,7.6,21.4,7.1,6.0,5.5,6.0,7.9,6.6,7.1,6.1,5.9,5.5,3.2,3.4,4.3,6.7,21.7,62.4,4.3,11.6,22.5,96.1,50.3,1.8,26.1,14.4,6.0,3.9,98.4,1.0,43.6,2.9,0.0,99.3,1.0,12.5,51.9,0.6,11.6,15.0,69.9,2.3,0.6,0.0,0.0,173.0,16.4,10.899999999999999
31710305,male,3956.0,7.7,9.1,10.2,22.6,30.2,70.0,17.0,8.4,6.2,5.4,5.7,6.5,6.5,7.6,6.1,5.5,5.8,3.5,2.7,3.1,6.0,36.5,60.4,1.9,1.2,32.8,96.1,25.5,1.4,34.3,21.4,9.0,3.7,99.0,0.8,41.7,2.6,0.1,99.5,0.8,10.4,51.2,1.7,29.6,6.1,59.0,2.1,0.1,1.1,0.2,1675.0,15.1,9.3
31710307,female,3272.0,6.7,8.2,10.6,51.0,50.3,6.6,18.0,7.8,6.1,5.4,6.6,7.2,7.8,7.4,5.7,5.7,4.6,3.4,2.7,4.1,5.9,22.6,64.9,3.7,8.9,23.1,96.7,58.1,1.6,26.3,13.7,5.3,2.8,98.9,1.3,47.3,5.5,0.1,99.7,0.4,11.9,56.6,0.8,11.4,6.8,66.7,12.1,1.5,0.8,0.0,132.0,14.799999999999999,10.2
31710307,male,3435.0,7.7,8.8,9.5,29.2,33.2,63.8,9.4,8.2,6.4,5.7,5.9,6.6,6.6,7.6,6.6,6.0,5.5,3.5,2.4,3.1,5.5,36.8,60.0,2.2,1.0,32.4,98.2,32.8,2.2,33.0,20.8,7.9,2.9,98.9,1.4,49.1,4.3,0.1,99.4,0.9,9.6,57.4,0.5,23.8,3.5,64.3,4.3,0.1,3.4,0.0,1469.0,14.5,9.0
31710309,female,1715.0,8.7,9.5,9.6,58.8,56.7,6.1,3.9,9.2,6.3,4.9,7.3,6.4,7.0,6.5,5.1,5.2,4.9,2.8,3.0,3.4,3.8,23.3,69.0,1.5,6.1,23.5,94.9,66.3,1.3,25.9,10.7,2.7,2.6,94.0,0.1,71.1,0.3,0.0,100.0,0.2,5.9,53.8,0.0,19.2,2.7,31.5,46.6,0.0,0.0,0.0,73.0,14.1,9.2
31710309,male,1847.0,8.2,10.3,9.7,39.2,41.6,79.2,2.1,9.5,7.2,6.0,6.8,6.7,6.4,6.0,5.6,4.3,4.6,3.4,2.2,3.0,4.2,36.4,62.6,0.7,0.4,31.0,97.8,44.2,0.8,31.7,21.7,3.1,1.1,98.2,0.2,73.7,0.3,0.0,99.9,0.2,3.9,51.3,0.2,28.0,2.2,58.5,10.3,0.1,0.5,0.1,1027.0,13.2,8.6
31710501,female,11393.0,8.0,9.4,9.9,43.8,45.2,12.6,26.5,8.2,6.7,6.1,6.6,7.3,7.2,6.9,5.8,4.9,4.9,3.2,2.2,2.6,6.5,22.3,62.3,5.8,9.6,23.3,94.0,49.5,1.9,29.6,13.2,6.8,3.3,99.2,5.7,6.9,3.8,0.1,99.8,1.1,12.3,44.9,0.0,5.5,6.0,85.1,1.4,0.0,1.3,0.9,766.0,12.9,8.0
31710501,male,11387.0,8.6,9.6,10.8,23.6,29.8,72.0,18.4,8.8,7.2,6.4,6.4,6.9,7.1,6.0,6.0,4.6,4.1,2.8,2.2,2.3,6.3,36.3,61.3,1.7,0.6,31.8,96.7,27.0,2.0,34.6,21.6,8.5,3.4,99.1,5.8,5.1,3.2,0.0,99.8,1.2,10.2,45.8,1.9,12.2,4.2,78.5,1.0,0.2,1.1,1.0,4742.0,11.399999999999999,7.3
31710503,female,6758.0,8.1,10.2,9.8,47.1,49.7,8.5,37.6,7.8,7.2,6.4,6.5,7.0,7.5,6.4,5.6,4.1,4.7,3.1,2.5,3.0,6.3,22.1,63.2,3.7,11.0,21.4,93.7,53.4,0.8,27.4,13.2,5.3,3.6,98.3,9.9,21.8,4.7,0.0,99.3,1.1,8.0,40.2,0.0,6.7,9.7,68.8,0.0,0.0,0.0,14.8,259.0,13.3,8.6
31710503,male,6846.0,8.3,10.2,10.0,29.3,35.1,71.3,24.8,8.2,7.2,6.4,6.5,6.7,7.6,6.5,5.5,4.7,4.5,3.2,2.0,2.6,5.5,36.8,59.8,2.5,0.8,31.7,94.0,33.2,1.0,32.2,21.0,7.5,3.3,98.6,9.1,21.6,4.4,0.0,99.9,0.8,4.7,37.8,2.9,12.3,3.8,62.4,2.4,0.3,3.4,12.4,2623.0,12.299999999999999,7.800000000000001
31710505,female,7530.0,8.5,9.7,9.9,45.1,45.2,7.5,27.5,8.6,7.0,5.5,6.5,7.4,7.4,7.1,5.2,4.4,4.1,3.3,2.4,3.1,8.9,24.3,63.7,3.9,8.1,23.8,94.6,51.2,2.0,30.5,11.9,6.8,3.6,98.4,3.3,8.8,1.7,0.0,99.9,0.4,11.1,50.8,0.0,7.3,20.8,70.9,1.0,0.0,0.0,0.0,295.0,12.899999999999999,8.799999999999999
31710505,male,7708.0,8.4,10.3,10.2,25.3,28.0,73.8,17.3,8.7,6.8,5.8,5.9,6.4,7.6,6.8,6.2,4.5,4.1,2.9,2.7,2.7,6.5,36.4,60.6,2.1,1.0,31.8,97.4,28.6,1.7,36.5,20.8,9.3,3.8,99.0,3.0,7.5,0.9,0.1,99.9,0.3,10.3,56.8,1.5,9.8,4.1,79.8,3.0,0.0,1.3,0.5,3344.0,12.399999999999999,8.3
31710507,female,15866.0,8.4,9.8,10.4,45.7,46.4,7.0,27.3,8.4,6.8,5.9,6.8,6.9,7.4,6.5,5.4,4.7,4.4,3.1,2.2,3.0,5.7,23.3,64.7,4.3,7.8,21.0,93.6,52.2,1.8,30.8,12.9,5.0,3.1,98.3,8.7,3.7,5.0,0.1,99.4,1.4,7.9,51.8,0.0,6.4,9.8,70.1,5.9,0.0,3.7,4.1,573.0,12.7,8.3
31710507,male,16509.0,8.4,9.9,10.8,24.6,28.9,70.8,13.8,9.3,7.2,6.0,6.3,6.6,7.0,6.5,5.8,4.8,4.1,2.7,2.1,2.4,5.4,36.6,60.8,1.3,1.3,30.8,93.8,27.9,2.5,36.6,21.4,6.7,3.9,98.6,8.6,4.1,4.7,0.0,99.7,0.6,6.5,49.0,1.1,11.0,3.1,72.7,1.9,0.2,0.9,9.0,7151.0,11.3,7.200000000000001
31710701,female,3920.0,8.0,9.4,10.4,44.4,49.0,5.1,28.7,8.5,7.2,5.9,6.3,6.8,7.4,7.0,5.3,4.7,4.4,2.8,2.4,3.2,4.5,22.4,65.9,3.1,8.6,23.2,98.0,50.6,2.3,26.3,14.6,4.3,3.5,98.7,1.1,62.2,1.5,0.0,99.8,0.2,10.2,42.2,0.0,7.8,15.7,73.5,2.0,0.0,0.0,1.0,102.0,12.8,8.399999999999999
31710701,male,3986.0,8.2,9.8,10.3,26.1,33.5,76.6,14.1,8.5,6.9,5.2,6.8,6.3,7.0,6.7,6.3,5.0,4.3,3.3,2.5,2.8,4.0,34.5,63.1,1.5,0.8,31.5,97.6,29.4,2.7,30.4,23.3,6.8,3.4,99.3,0.9,66.2,1.2,0.1,99.8,0.1,7.8,40.5,1.3,22.8,3.6,65.2,3.8,0.4,2.5,0.4,1879.0,12.899999999999999,8.6
31710703,female,2793.0,7.6,8.6,9.9,48.2,52.5,4.5,26.9,8.3,5.8,5.9,6.5,7.6,8.4,6.8,5.3,4.8,5.4,3.2,2.0,3.8,5.0,20.4,70.3,2.9,6.4,22.6,94.8,54.5,1.6,25.1,13.4,5.5,1.9,86.6,6.4,67.9,0.8,0.1,97.5,2.6,6.5,35.1,0.0,7.4,5.9,82.4,2.9,0.0,1.5,0.0,68.0,14.400000000000002,9.0
31710703,male,3064.0,7.3,10.7,10.0,27.4,33.1,68.9,18.6,9.3,7.3,6.4,6.2,5.9,6.4,5.9,6.0,5.1,5.1,2.9,2.4,2.9,4.9,35.6,61.5,2.0,1.0,30.9,95.8,31.0,2.6,31.2,23.5,7.5,2.0,93.7,7.0,68.4,0.4,0.0,98.5,1.8,5.1,35.9,1.1,17.9,2.7,72.3,4.5,0.0,1.1,0.4,1238.0,13.3,8.2
31710705,female,4331.0,8.5,10.0,9.7,48.3,48.2,9.2,21.8,7.8,6.8,6.2,7.0,7.6,7.9,6.9,4.8,4.1,4.7,3.0,2.1,2.9,4.8,21.4,65.9,3.7,8.9,22.7,98.4,54.7,3.1,26.6,13.4,5.9,2.8,93.5,3.2,57.6,1.8,0.0,99.3,0.6,12.6,63.9,0.0,2.2,6.7,87.9,3.1,0.0,0.0,0.0,223.0,12.700000000000001,8.0
31710705,male,4374.0,8.4,9.6,11.1,28.5,32.8,70.8,15.0,8.2,6.6,5.8,6.3,7.5,8.1,6.6,5.9,4.4,4.3,2.6,2.0,2.7,4.9,33.6,63.4,2.0,1.0,30.7,96.9,32.8,3.1,30.4,23.6,7.4,2.8,95.2,2.7,58.6,1.5,0.0,99.7,0.3,7.9,63.0,1.1,9.0,5.1,79.3,2.0,0.5,1.8,1.1,1868.0,11.600000000000001,7.3
32310103,female,7741.0,5.7,6.3,7.3,30.8,35.0,25.1,41.5,7.4,6.3,5.4,5.6,6.3,7.0,7.1,7.3,6.9,6.7,5.4,4.3,4.9,9.1,33.9,41.2,9.4,15.5,25.8,88.8,33.5,1.4,26.8,18.7,11.3,6.8,98.1,0.9,0.4,0.2,0.0,100.0,0.2,12.2,51.3,2.6,15.8,8.0,67.3,1.1,0.0,1.6,3.5,915.0,21.300000000000004,14.6
32310103,male,7247.0,5.5,6.7,8.3,13.3,18.4,66.0,35.8,7.9,7.5,6.3,6.7,6.2,7.0,6.5,7.0,6.3,6.5,4.9,3.6,3.1,7.2,45.9,45.3,6.5,2.2,36.1,91.3,14.2,1.4,35.9,24.0,14.2,6.1,97.6,0.9,0.5,0.0,0.0,100.0,0.2,10.3,49.4,0.9,38.0,7.9,44.1,0.6,4.1,0.6,3.8,2442.0,18.1,11.6
32310115,female,27910.0,9.3,10.6,10.1,30.9,38.8,11.0,28.3,7.4,7.7,8.1,8.5,7.5,6.9,5.4,4.9,3.8,4.0,2.4,1.8,1.8,5.0,23.5,65.3,4.3,6.9,22.5,94.8,34.9,1.7,28.6,15.1,9.3,6.4,98.8,1.8,1.2,0.7,0.1,99.7,1.1,9.9,42.2,4.2,9.6,14.6,60.1,1.5,1.7,1.0,7.3,1537.0,10.000000000000002,6.0
32310115,male,28414.0,10.0,11.2,10.6,15.5,26.6,67.8,18.2,8.1,6.7,6.0,7.7,7.8,7.8,5.5,4.9,3.7,4.0,2.6,1.7,1.7,4.6,35.1,62.9,1.4,0.6,31.0,94.2,17.5,2.1,35.0,21.1,9.5,5.7,98.6,1.9,1.2,0.4,0.1,99.8,0.7,7.5,39.4,4.5,23.3,7.5,45.1,1.5,7.6,3.3,7.2,10734.0,9.999999999999998,6.0
32318103,female,5290.0,8.0,9.5,10.3,33.2,44.5,7.2,13.4,8.4,7.6,6.7,7.0,7.2,6.5,5.9,6.4,4.8,4.5,2.5,1.9,2.9,5.3,24.7,66.2,1.6,7.5,21.4,96.7,37.9,1.3,25.6,14.6,7.3,6.8,99.6,1.9,1.0,0.2,0.0,99.6,0.7,10.6,38.0,0.0,7.5,38.6,51.0,0.0,2.9,0.0,0.0,238.0,11.8,7.300000000000001
32318103,male,5728.0,9.1,10.1,10.4,18.1,29.8,64.1,7.8,9.2,6.4,6.1,6.5,6.2,7.1,6.5,5.4,4.4,4.8,3.4,2.1,2.3,3.8,36.5,61.3,1.4,0.7,32.0,96.1,20.6,2.0,31.5,21.5,8.9,6.3,99.5,1.5,0.5,0.1,0.1,99.4,0.8,8.1,38.1,1.0,22.2,7.5,58.9,1.4,3.6,2.7,2.7,2381.0,12.599999999999998,7.8
32318105,female,2760.0,6.7,9.2,9.8,35.1,39.7,12.0,53.4,7.9,7.1,5.8,6.9,7.3,7.1,7.1,5.9,4.9,5.0,3.5,2.5,3.2,6.6,26.0,60.1,3.9,10.0,22.2,98.7,39.7,0.9,29.4,15.2,10.1,4.6,98.8,1.1,0.6,0.5,0.1,99.7,1.5,5.8,23.5,0.9,21.7,11.3,62.6,1.7,0.0,0.9,0.9,115.0,14.2,9.2
32318105,male,2978.0,7.6,9.5,10.8,17.6,23.2,70.5,41.2,7.6,7.3,7.3,6.3,6.3,7.4,6.4,6.9,4.2,4.6,3.4,2.1,2.4,6.0,41.1,55.4,2.2,1.3,33.2,95.1,20.1,1.6,36.9,22.8,11.1,4.4,99.2,0.7,0.4,0.3,0.1,99.9,0.7,4.9,23.6,0.0,27.0,12.9,56.3,0.3,0.1,2.0,1.2,891.0,12.5,7.9
32710101,female,30090.0,6.0,7.8,8.4,28.0,31.7,20.1,28.6,7.1,6.5,6.3,7.1,7.1,7.6,7.1,6.8,5.8,5.7,3.9,3.0,3.8,5.5,27.0,52.5,9.5,11.0,25.4,96.9,31.0,2.2,22.8,15.6,16.2,11.5,98.0,7.4,24.0,1.7,0.1,99.7,0.7,27.0,68.3,1.0,13.5,27.7,48.7,1.7,0.1,1.5,5.7,3350.0,16.4,10.7
32710101,male,27491.0,7.0,9.2,9.8,12.1,18.1,64.8,21.0,8.0,6.4,5.6,6.1,6.3,6.9,6.6,6.4,5.5,5.9,4.0,3.1,3.3,5.2,37.3,58.4,3.2,1.0,32.7,96.0,13.5,2.2,25.9,19.5,20.1,14.3,98.7,6.5,20.7,1.6,0.1,99.5,1.1,25.5,72.7,2.9,28.4,22.7,33.3,1.2,1.0,2.5,8.0,10395.0,16.3,10.399999999999999
32710103,female,6839.0,6.9,7.9,7.6,23.8,29.7,28.1,24.7,6.9,7.9,7.5,7.2,7.3,7.4,6.6,6.4,5.5,5.1,3.5,3.0,3.2,2.3,27.7,59.4,6.5,6.5,24.1,96.6,26.1,2.4,20.2,14.8,18.5,14.5,98.5,8.6,29.6,0.4,0.0,98.4,1.7,32.8,67.3,1.6,7.6,29.9,54.9,1.0,0.6,0.9,3.5,1123.0,14.8,9.7
32710103,male,6719.0,7.3,8.9,8.6,8.8,16.7,72.2,17.9,6.9,7.1,6.5,8.1,7.4,6.6,6.1,7.1,5.6,5.0,3.3,2.5,3.0,2.9,36.6,60.3,2.3,0.8,33.2,94.4,9.7,2.4,22.6,20.4,22.1,15.8,98.9,9.6,28.0,0.4,0.1,98.7,2.3,27.3,72.2,3.1,14.5,37.6,36.9,0.7,1.4,2.1,3.8,2994.0,13.8,8.8
32710105,female,5946.0,9.7,11.2,10.5,50.6,52.9,11.2,4.6,9.3,7.9,6.4,7.7,7.6,6.5,5.1,3.9,4.4,3.9,2.2,1.8,2.1,3.5,19.5,65.9,7.4,7.2,20.8,94.1,57.7,0.4,29.5,9.9,5.9,1.3,61.9,12.1,95.8,0.2,0.0,98.5,5.0,10.1,62.9,0.0,5.0,6.3,82.6,6.1,0.0,0.0,0.0,437.0,10.0,6.1
32710105,male,6102.0,10.2,11.4,10.3,29.2,37.1,79.1,6.1,8.3,7.3,6.7,7.6,7.9,7.0,5.8,4.5,3.3,3.1,2.3,1.8,2.5,4.7,34.1,62.6,2.4,0.9,30.2,94.3,33.6,1.2,34.1,18.3,6.8,2.4,69.8,11.5,95.8,0.4,0.0,99.4,4.4,9.3,60.8,0.7,19.4,5.8,65.3,6.3,0.0,1.3,1.3,3088.0,9.7,6.6
32710107,female,5954.0,9.1,10.1,10.1,51.7,51.3,10.2,34.0,8.8,6.4,6.2,7.0,7.1,7.6,5.5,5.3,4.0,4.2,2.9,2.3,3.2,6.0,22.1,64.7,5.7,7.5,22.7,96.8,58.6,1.2,25.5,12.5,6.0,3.5,91.8,21.8,41.9,1.3,0.0,99.8,1.7,8.6,61.9,0.0,6.3,16.9,52.5,8.1,3.3,4.0,8.8,283.0,12.599999999999998,8.399999999999999
32710107,male,6246.0,9.9,10.5,10.4,36.7,39.5,74.6,7.9,8.0,7.0,5.8,6.7,6.6,7.1,6.5,5.4,3.9,3.7,3.0,2.4,3.1,5.3,33.0,63.6,2.4,1.0,30.1,95.3,42.1,1.2,28.4,19.4,8.5,3.0,95.3,23.9,43.5,1.2,0.0,99.1,1.8,8.8,61.6,0.2,24.0,8.7,51.6,3.5,0.2,1.0,11.0,2968.0,12.2,8.5
32710301,female,4604.0,6.0,6.5,8.4,48.3,49.9,11.1,44.8,8.0,6.3,4.9,6.2,6.5,7.8,8.1,6.9,5.8,5.8,3.8,3.4,5.6,7.8,24.7,55.2,7.3,12.9,25.4,95.1,53.2,1.2,20.3,12.7,8.6,7.4,89.8,0.9,67.5,0.4,0.0,99.5,1.2,25.3,71.5,1.3,13.4,25.0,49.6,4.0,0.9,2.2,3.6,224.0,18.6,12.799999999999999
32710301,male,4381.0,6.0,8.1,9.6,27.3,30.7,61.9,21.4,9.3,6.9,5.1,5.9,5.6,6.2,7.3,7.0,6.2,5.6,3.7,3.4,4.0,7.3,36.7,57.9,3.9,1.5,32.7,96.9,30.4,1.1,25.0,20.0,12.8,10.4,92.6,0.8,68.9,0.2,0.0,99.4,1.3,23.1,75.0,1.9,24.6,15.9,47.0,3.7,0.4,3.4,3.1,1626.0,16.700000000000003,11.1
32710303,female,3309.0,7.9,7.7,9.1,44.5,45.6,11.3,28.7,7.8,6.5,5.2,6.1,8.4,8.2,6.7,6.5,5.7,4.6,2.6,2.4,4.4,3.2,23.4,62.9,4.5,9.2,24.2,96.9,49.7,1.6,24.0,14.3,9.8,4.7,96.4,5.0,64.4,1.0,0.1,99.7,0.2,16.5,52.4,1.5,18.4,12.9,47.3,16.4,1.5,0.5,1.5,201.0,14.0,9.4
32710303,male,3395.0,7.8,9.4,9.5,27.0,31.0,69.5,15.0,8.5,6.5,5.2,5.4,6.3,7.4,6.5,6.5,6.3,5.3,3.4,2.6,3.5,3.4,33.8,62.8,2.0,1.4,32.1,96.2,30.2,2.0,29.2,19.3,12.4,6.1,96.6,4.8,64.5,0.8,0.1,99.1,1.0,15.7,53.7,3.3,30.0,8.4,49.8,4.3,0.5,1.6,2.0,1471.0,14.799999999999999,9.5
32710305,female,5200.0,6.2,8.3,8.6,58.6,59.6,11.8,29.9,7.8,6.5,6.1,6.4,7.2,7.9,7.0,6.6,4.6,4.6,3.8,3.5,4.7,4.6,22.7,61.3,5.4,10.6,24.0,88.7,64.8,0.4,19.0,10.2,6.9,3.9,76.3,0.4,85.9,0.4,0.1,98.6,9.0,22.3,70.2,0.3,10.9,12.4,48.6,24.5,0.3,0.6,2.4,331.0,16.599999999999998,12.0
32710305,male,5066.0,7.1,8.7,10.6,41.0,45.4,69.5,11.3,9.5,6.4,5.4,6.1,7.0,6.7,6.7,5.6,4.2,4.2,3.5,3.3,5.0,4.3,35.1,61.7,2.4,0.8,30.8,91.5,46.5,0.3,22.7,17.6,10.1,3.9,78.1,0.6,86.1,0.5,0.0,98.4,8.6,21.1,71.7,0.3,34.9,7.8,46.2,7.1,0.4,1.7,1.6,2293.0,16.0,11.8
32710307,female,8279.0,7.1,9.2,9.2,51.6,53.5,12.3,33.4,8.3,6.8,5.7,6.5,7.2,7.7,7.0,6.3,4.5,5.2,3.4,2.5,3.4,4.8,21.1,61.5,6.5,10.9,23.5,96.7,57.6,1.0,21.5,12.0,7.7,4.3,73.1,16.2,56.3,0.9,0.0,92.7,7.5,11.2,50.6,0.2,6.0,7.8,59.6,19.8,0.0,0.0,6.6,505.0,14.5,9.3
32710307,male,8162.0,7.5,9.3,10.1,34.0,39.0,72.6,13.4,9.2,7.0,5.5,6.2,6.8,7.5,6.7,6.2,4.4,4.2,3.3,3.0,3.2,4.2,34.9,62.0,2.4,0.7,30.9,95.1,38.5,0.9,26.9,18.2,10.3,4.8,75.5,17.9,56.3,0.6,0.0,93.8,6.6,10.0,50.0,0.9,31.6,5.6,48.9,7.0,1.8,0.5,3.7,3753.0,13.7,9.5
32710309,female,5064.0,6.4,8.5,9.5,44.7,47.7,11.6,14.4,8.0,5.9,5.3,6.8,7.2,8.0,6.7,6.3,5.3,5.5,3.6,2.9,3.9,6.7,24.3,61.3,4.6,9.8,24.4,91.5,50.2,2.4,19.8,14.8,8.9,6.3,95.9,22.1,38.3,2.7,0.0,99.7,1.6,15.7,56.5,2.4,6.5,8.0,47.0,20.4,11.6,1.1,3.0,379.0,15.9,10.4
32710309,male,5021.0,8.1,8.6,9.6,31.1,35.0,64.2,8.3,9.0,6.4,5.0,5.7,6.6,7.1,6.4,6.5,5.2,5.1,4.1,3.1,3.6,6.3,35.4,60.5,2.9,1.1,32.3,96.0,34.8,1.3,26.2,19.5,13.1,4.9,94.3,21.5,40.0,2.0,0.0,99.9,2.5,12.5,55.1,2.0,23.0,4.2,44.1,2.7,19.4,1.8,2.9,2176.0,15.899999999999999,10.799999999999999
32710311,female,5702.0,7.6,9.6,9.5,53.1,52.8,7.8,16.5,7.8,7.3,6.8,7.3,7.2,7.4,7.1,5.6,4.1,4.0,2.6,2.9,3.3,4.2,19.9,64.2,5.8,10.1,23.8,96.4,59.6,1.6,22.6,10.8,6.9,5.4,91.2,2.0,80.5,0.3,0.1,99.6,2.6,18.1,56.9,0.0,11.4,24.2,49.1,1.8,0.0,4.8,8.8,273.0,12.8,8.8
32710311,male,5868.0,8.2,10.6,10.1,32.1,36.1,63.8,7.0,9.1,6.7,6.4,6.8,6.6,7.3,6.7,5.6,4.6,3.8,2.6,2.2,2.8,4.1,33.1,62.9,3.2,0.8,30.0,95.9,36.4,1.5,28.0,18.3,9.7,6.4,94.5,1.8,81.5,0.3,0.0,99.4,2.8,14.4,56.9,2.1,28.4,8.2,48.6,4.6,0.1,3.9,4.0,2474.0,11.400000000000002,7.6000000000000005
34510101,female,7126.0,6.5,7.8,8.4,29.7,35.1,14.5,31.9,8.1,7.0,5.6,6.1,6.9,6.9,7.0,5.9,6.4,5.5,4.3,3.3,4.4,6.2,25.6,55.2,6.9,12.4,23.2,98.6,32.9,1.3,27.2,16.3,12.9,7.2,98.0,2.7,8.3,1.3,0.1,99.9,1.6,16.9,47.6,0.0,24.0,17.3,52.5,0.0,0.0,0.8,5.4,544.0,17.5,12.0
34510101,male,6591.0,7.0,9.5,10.3,12.5,20.1,59.4,24.0,8.7,6.0,4.7,5.6,5.8,6.1,5.8,5.8,6.4,6.1,4.9,3.3,4.1,6.2,37.3,60.1,1.3,1.3,33.1,98.3,14.1,1.9,30.0,22.4,16.4,9.2,97.9,2.1,8.7,1.0,0.1,99.8,1.7,16.1,50.4,3.7,25.6,15.1,39.4,0.5,3.3,4.5,7.9,2177.0,18.4,12.299999999999999
34510103,female,6016.0,6.0,8.3,7.7,34.8,36.8,12.5,38.7,7.6,6.6,5.8,5.9,6.8,6.8,6.8,6.9,6.2,6.6,4.6,3.0,4.4,6.3,26.0,56.9,5.8,11.3,23.4,97.2,38.2,1.0,22.2,19.4,11.6,9.0,98.2,2.3,4.2,0.3,0.0,100.0,0.5,14.1,51.4,0.0,19.8,36.7,42.1,0.0,1.3,0.0,0.0,358.0,18.6,12.0
34510103,male,5382.0,7.2,8.5,9.7,10.4,16.8,54.1,30.3,8.9,6.0,4.9,4.5,4.9,4.1,5.5,7.6,7.2,7.7,6.1,3.7,3.5,6.3,39.2,57.8,2.4,0.6,36.1,100.0,11.8,1.7,30.4,23.0,18.2,9.9,98.7,2.1,3.7,0.0,0.1,100.0,0.1,13.4,54.2,0.7,40.6,20.1,32.2,1.5,1.2,2.1,1.7,1512.0,21.0,13.3
34510105,female,11179.0,7.3,8.8,9.7,34.7,37.2,18.9,26.0,7.9,6.8,6.8,7.6,7.6,7.4,6.4,5.5,4.9,4.9,2.9,2.6,3.1,5.6,23.5,57.6,9.4,9.5,24.0,98.8,39.1,1.9,24.2,17.5,11.7,7.6,95.5,5.7,49.5,0.9,0.2,99.4,1.3,21.5,57.2,0.9,11.1,15.8,68.4,0.8,0.4,0.4,2.2,1160.0,13.5,8.6
34510105,male,10760.0,8.6,9.5,9.9,16.4,22.8,67.2,17.6,8.6,6.9,6.6,7.2,6.7,6.7,6.1,5.3,4.5,4.4,3.5,2.9,2.6,6.2,37.8,58.5,3.0,0.8,32.4,96.3,18.3,2.1,29.0,21.5,15.4,9.3,97.2,6.6,50.8,0.4,0.1,99.6,1.6,21.2,59.1,3.3,23.5,15.7,48.8,1.0,0.9,2.8,4.0,4285.0,13.4,9.0
34510107,female,9725.0,5.5,7.8,8.6,41.4,42.8,11.9,49.3,8.6,7.1,5.4,6.2,7.3,6.9,7.0,7.0,5.7,5.9,4.0,2.5,4.6,6.0,26.5,57.5,5.0,11.0,24.7,99.1,45.5,1.5,20.9,14.7,11.3,8.8,98.6,3.4,51.3,0.3,0.1,99.9,1.0,25.0,59.8,2.4,18.9,39.5,36.3,0.0,0.8,1.2,0.9,459.0,17.0,11.1
34510107,male,8743.0,6.7,9.8,10.1,19.5,29.0,51.6,38.1,10.1,6.6,5.2,4.7,5.0,4.8,5.5,7.1,5.8,7.0,4.6,3.0,4.0,5.5,38.3,59.9,0.8,1.1,33.9,98.3,22.2,1.9,25.7,21.5,13.9,8.0,99.5,2.4,49.5,0.1,0.0,99.7,1.1,21.3,56.1,1.6,32.1,17.2,44.3,0.2,0.3,2.7,1.5,2049.0,18.6,11.6
34510109,female,45345.0,5.9,7.7,8.6,27.0,30.6,20.5,32.0,7.5,6.9,6.2,6.8,7.2,7.4,7.1,6.6,5.7,6.0,3.8,2.9,3.7,5.4,27.1,55.7,6.7,10.6,25.8,96.9,29.9,1.8,22.8,16.9,16.2,11.6,99.1,3.7,22.8,1.1,0.1,99.8,1.3,25.8,70.2,0.9,15.8,30.2,48.6,0.7,0.2,1.3,2.3,4922.0,16.400000000000002,10.399999999999999
34510109,male,41390.0,7.1,9.1,9.8,10.9,18.0,57.6,24.2,8.7,6.5,5.2,5.8,5.6,5.9,5.8,6.6,6.1,6.4,4.9,3.2,3.3,5.6,38.6,58.0,2.4,1.0,33.7,96.5,12.2,2.3,27.1,20.2,19.6,12.8,99.4,2.9,21.8,0.6,0.0,99.7,1.2,24.2,70.6,2.7,26.7,24.0,37.5,0.7,1.0,2.9,4.4,13352.0,17.8,11.400000000000002
34510301,female,631.0,4.4,6.0,5.9,56.1,57.5,6.3,36.4,7.3,6.3,4.0,4.0,4.8,7.4,7.3,8.9,7.0,6.0,6.5,4.3,10.0,11.3,22.9,57.2,2.8,17.0,21.8,89.7,59.8,0.6,18.4,11.1,7.4,4.9,92.4,37.7,54.5,0.3,0.0,98.8,1.2,21.8,60.9,0.0,4.8,42.9,38.1,9.5,0.0,0.0,4.8,21.0,26.8,20.8
34510301,male,583.0,5.7,6.9,10.5,18.2,24.4,57.8,44.8,6.9,5.1,2.9,5.5,4.8,4.8,5.7,9.4,9.1,7.2,5.5,5.1,5.0,9.6,31.2,65.0,1.8,2.0,32.6,89.1,20.5,0.3,31.9,18.4,18.0,7.0,94.2,34.9,55.0,0.7,0.0,99.3,0.5,21.9,65.9,0.7,34.3,40.6,18.9,2.1,0.0,1.4,2.1,143.0,22.799999999999997,15.6
34510303,female,3365.0,7.0,8.1,8.8,44.7,47.7,5.8,56.1,8.3,6.1,5.9,5.8,6.9,7.3,5.8,6.7,5.9,6.1,3.7,3.0,4.6,5.5,25.0,60.7,3.8,10.5,22.3,98.2,49.7,0.9,22.2,14.4,8.5,6.4,98.7,11.1,17.5,0.3,0.0,99.4,2.0,10.4,47.7,1.5,4.6,36.9,56.9,0.0,0.0,0.0,0.0,65.0,17.4,11.3
34510303,male,3233.0,8.0,9.3,9.9,24.0,32.2,59.0,20.0,9.1,5.4,5.0,4.7,5.0,6.2,6.6,7.2,6.7,6.1,3.8,2.7,4.1,6.2,36.2,60.2,2.2,1.4,33.8,99.2,27.1,0.6,23.8,19.3,16.4,7.6,99.3,9.5,17.1,0.2,0.0,99.5,1.2,12.1,51.3,2.7,10.6,6.9,76.9,0.8,0.0,1.4,0.7,1109.0,16.699999999999996,10.6
34510305,female,4537.0,6.3,7.5,8.7,49.9,50.4,4.9,27.6,6.9,5.3,5.0,5.3,6.6,6.9,6.5,6.7,7.1,6.8,5.2,3.2,6.2,8.6,21.7,62.6,5.0,10.7,21.6,94.6,55.4,1.0,22.1,13.4,7.9,5.2,90.5,2.7,76.7,0.9,0.0,99.4,14.1,14.5,56.9,0.0,3.7,31.5,53.0,11.9,0.0,0.0,0.0,124.0,21.4,14.600000000000001
34510305,male,4417.0,6.6,8.4,9.2,24.4,27.9,51.7,24.7,7.4,5.3,4.7,4.9,6.1,7.0,6.6,7.4,6.9,6.8,4.4,3.5,4.7,8.3,34.5,62.0,2.7,0.7,33.4,95.0,27.4,2.0,29.8,20.4,13.4,6.6,94.3,2.2,80.0,0.1,0.0,99.2,21.8,14.7,54.6,1.5,34.1,16.0,36.5,1.8,0.7,0.7,8.8,1303.0,19.4,12.600000000000001
34510307,female,1832.0,6.1,7.9,7.6,52.5,64.2,1.5,9.5,7.3,5.3,4.7,4.5,5.7,6.6,7.0,5.9,7.3,5.7,6.5,5.0,7.0,10.2,21.7,59.0,4.2,15.1,19.6,92.5,57.6,0.5,19.0,8.6,5.1,2.6,94.9,10.5,23.7,0.3,0.0,100.0,0.0,4.0,24.6,0.0,15.8,57.9,26.3,0.0,0.0,0.0,0.0,19.0,24.2,18.5
34510307,male,1708.0,8.0,7.6,9.2,28.0,40.9,41.4,24.3,9.4,4.9,3.9,4.7,6.1,6.6,6.6,7.6,6.4,6.0,3.3,4.0,5.6,11.0,33.4,61.4,3.3,1.9,34.0,96.7,31.2,0.8,29.2,17.2,9.4,2.7,96.7,10.2,25.0,0.0,0.0,99.9,0.2,4.2,27.2,2.2,31.2,10.5,35.2,1.0,5.7,10.5,3.7,401.0,18.9,12.899999999999999
34510309,female,4442.0,6.4,7.1,7.9,62.8,60.8,2.7,43.2,7.0,5.9,4.9,5.2,6.1,6.7,7.8,7.1,5.0,6.2,5.1,4.6,7.0,8.7,25.2,59.6,3.8,11.4,20.9,97.4,69.0,0.9,19.7,10.4,5.2,2.9,88.1,4.5,67.7,0.3,0.0,99.0,1.7,14.2,44.7,0.0,17.6,33.0,41.6,7.7,0.0,0.0,0.0,53.0,22.9,16.7
34510309,male,4056.0,6.4,8.0,9.7,38.4,44.7,49.4,31.1,8.9,4.6,5.0,5.2,6.4,6.5,6.4,6.5,6.4,5.5,3.9,3.6,7.1,9.5,35.1,62.1,1.8,1.1,34.3,96.5,43.2,1.3,23.3,17.7,10.0,2.9,88.9,4.3,69.5,0.1,0.0,98.4,4.2,12.7,44.9,1.0,41.2,11.5,36.8,3.5,1.4,2.3,2.4,1048.0,20.1,14.6
34510311,female,2097.0,6.9,7.7,7.5,51.3,52.2,2.1,52.9,7.2,6.0,5.6,4.7,6.2,7.4,5.8,5.7,7.0,6.2,4.5,4.4,7.1,6.7,24.7,59.1,3.1,13.1,18.7,96.3,56.1,1.0,22.4,13.8,5.9,4.8,99.5,1.8,5.2,0.1,0.0,99.8,0.8,7.5,39.4,0.0,0.0,56.3,37.5,0.0,0.0,0.0,6.3,16.0,22.2,16.0
34510311,male,1959.0,8.0,9.6,10.4,26.7,30.1,49.2,19.0,8.5,4.3,3.7,4.4,4.8,5.3,6.5,6.9,7.3,7.0,4.1,3.3,5.9,8.1,36.1,60.9,1.8,1.3,33.9,98.7,30.1,0.8,32.6,22.1,9.6,4.8,99.6,1.4,5.5,0.0,0.1,99.7,0.4,6.6,40.1,0.2,29.9,6.4,50.5,2.1,0.4,1.2,9.3,562.0,20.299999999999997,13.3
34510313,female,3033.0,6.0,7.3,8.0,48.5,48.2,5.3,50.0,7.7,5.3,5.0,5.6,6.9,6.2,6.5,7.8,6.6,6.0,4.3,3.5,7.3,9.5,23.7,60.8,4.6,10.9,21.9,96.0,53.3,1.8,24.1,12.2,8.7,5.1,99.6,4.5,9.0,0.1,0.0,99.9,0.7,22.8,68.2,0.0,12.7,33.3,50.8,3.2,0.0,0.0,0.0,63.0,21.1,15.1
34510313,male,2838.0,7.0,8.7,11.0,22.1,26.5,46.2,45.3,10.2,5.1,3.8,3.8,4.8,4.8,5.6,8.1,7.0,6.9,4.1,3.2,5.9,10.3,34.7,61.2,2.3,1.8,33.2,98.5,25.2,2.1,32.3,20.1,13.9,5.0,99.6,3.0,9.8,0.1,0.1,99.8,0.4,19.0,72.4,1.1,19.8,18.3,55.9,1.1,0.2,3.2,0.4,526.0,20.1,13.2
34510315,female,3134.0,5.8,7.8,9.1,45.3,47.5,2.7,18.5,7.0,5.5,5.0,4.2,6.6,6.8,6.6,6.4,6.1,7.7,5.4,3.6,6.4,6.9,27.9,53.6,4.8,13.8,19.0,97.7,50.5,1.0,27.1,12.8,7.4,4.2,97.8,0.6,59.8,0.5,0.0,99.3,0.5,7.0,45.7,1.9,24.5,34.0,37.7,1.9,0.0,0.0,0.0,53.0,23.1,15.4
34510315,male,2884.0,7.3,8.9,9.8,18.8,25.2,52.7,33.4,7.6,5.0,4.4,4.0,5.5,6.4,6.8,6.3,6.2,6.8,5.6,4.3,5.0,7.1,37.0,58.9,2.4,1.7,34.7,96.9,21.0,1.5,34.7,22.5,11.0,5.1,97.9,0.6,60.7,0.2,0.0,99.4,0.4,6.3,47.8,0.7,49.0,10.1,37.0,2.1,0.4,0.7,0.0,745.0,21.7,14.899999999999999
34510317,female,732.0,8.6,9.7,9.6,73.1,67.8,1.1,0.0,8.2,4.6,5.3,6.0,7.7,6.1,5.7,5.2,3.7,5.3,3.3,4.0,7.0,8.2,19.9,63.6,3.0,13.4,22.9,98.9,81.1,0.0,16.9,8.1,4.0,3.3,12.3,98.8,0.0,0.0,0.0,99.4,0.6,9.3,23.0,0.0,0.0,100.0,0.0,0.0,0.0,0.0,0.0,6.0,19.6,14.3
34510317,male,665.0,10.8,8.0,12.3,57.8,60.2,36.9,1.8,8.1,3.5,3.3,7.5,6.5,7.5,6.9,6.2,4.1,3.8,2.7,3.5,5.4,8.9,27.3,70.1,0.4,2.2,30.9,97.4,66.4,0.0,17.9,12.8,6.0,3.2,17.3,98.2,0.0,0.0,0.0,100.0,0.0,6.1,16.2,0.0,12.7,11.4,4.2,3.6,0.0,1.8,66.3,166.0,15.4,11.600000000000001
34510501,female,14118.0,8.5,10.3,10.2,40.5,42.7,12.3,29.8,8.7,7.2,5.9,7.0,7.4,7.8,6.3,4.8,4.2,4.3,2.7,2.0,2.5,4.3,24.0,64.4,3.8,7.8,22.7,97.6,46.1,1.8,26.1,15.0,8.4,6.1,96.8,2.7,40.5,1.5,0.1,99.6,0.8,16.3,53.1,0.7,25.1,16.8,50.6,2.3,0.2,0.8,3.4,868.0,11.5,7.2
34510501,male,14237.0,8.9,10.9,11.2,21.6,27.6,70.0,19.7,8.9,6.6,5.4,6.1,6.9,7.3,6.9,5.3,4.3,3.8,2.9,2.3,2.2,5.0,34.5,62.8,1.4,1.3,30.9,96.4,24.8,2.1,31.5,22.2,10.8,5.8,97.4,3.0,43.9,1.4,0.1,99.6,0.5,14.2,53.0,1.8,17.3,11.6,60.6,2.0,3.0,1.2,2.5,5511.0,11.2,7.3999999999999995
34510503,female,9291.0,8.9,9.9,10.7,49.0,49.9,10.6,9.1,8.6,7.2,6.4,7.0,6.6,7.0,6.0,4.8,4.7,4.4,2.7,2.3,2.7,6.4,23.8,63.1,5.1,8.0,18.9,93.6,55.8,1.6,25.8,14.5,5.4,2.8,71.4,1.6,85.8,0.3,0.0,97.7,3.5,10.2,45.7,0.0,12.8,2.9,68.9,14.3,0.0,0.0,1.0,630.0,12.100000000000001,7.7
34510503,male,9410.0,9.8,9.9,10.7,26.5,31.8,73.8,11.2,9.2,7.3,6.5,6.5,6.9,6.7,6.0,4.4,4.3,3.8,3.0,2.3,2.7,6.5,36.7,60.4,2.1,0.8,29.6,97.0,30.3,1.9,31.4,21.5,9.8,3.6,79.6,1.3,88.7,0.2,0.0,98.9,2.4,10.1,47.9,1.1,22.8,4.9,64.1,3.1,0.4,2.0,1.6,4291.0,11.8,8.0
34510701,female,4806.0,7.6,8.7,10.8,50.2,52.6,8.3,4.4,8.2,6.7,5.4,6.6,6.5,7.9,6.5,5.9,4.4,5.0,2.8,3.1,3.9,5.1,22.6,67.9,2.4,7.1,20.3,85.1,55.5,0.8,26.4,11.1,6.2,2.8,91.4,1.6,55.5,0.4,0.0,99.7,4.9,8.7,42.0,0.0,38.7,5.5,32.5,23.3,0.0,0.0,0.0,278.0,14.8,9.8
34510701,male,5114.0,7.5,9.1,10.6,30.5,35.6,60.1,7.1,9.2,6.4,5.8,5.7,5.8,7.0,6.2,6.5,4.8,5.2,3.3,2.7,4.1,5.5,36.7,59.7,2.2,1.5,32.9,85.7,34.5,1.2,29.7,20.6,10.7,2.3,92.4,2.6,54.7,0.0,0.0,99.6,5.1,10.1,51.2,0.2,25.5,4.2,50.7,4.5,0.0,1.1,13.7,2078.0,15.299999999999999,10.1
34510703,female,1754.0,5.6,7.8,7.9,54.7,54.0,22.3,5.2,8.5,6.3,5.2,4.9,6.0,7.5,7.2,7.2,5.4,5.8,4.2,4.7,5.7,7.1,22.9,63.2,3.5,10.3,20.3,97.3,60.0,1.1,26.3,11.5,5.1,1.9,98.4,5.2,33.1,0.1,0.0,98.8,3.5,8.7,43.0,0.0,90.4,3.4,4.1,2.1,0.0,0.0,0.0,292.0,20.4,14.600000000000001
34510703,male,1812.0,7.2,8.1,9.1,28.7,33.8,67.2,20.6,8.5,4.8,4.7,5.2,6.1,6.0,6.1,6.7,6.7,5.2,4.5,4.3,6.6,9.0,34.2,61.7,2.5,1.7,33.7,97.8,31.8,1.7,31.5,20.9,9.7,2.5,99.0,4.1,34.1,0.1,0.0,99.3,4.0,7.2,48.4,0.0,45.1,5.2,28.5,2.9,0.3,6.3,11.8,731.0,20.6,15.4
34510705,female,3111.0,7.0,8.5,9.9,47.4,46.8,10.0,25.8,7.6,6.2,4.8,6.2,7.0,7.2,6.5,6.2,5.2,5.8,4.1,3.3,4.4,8.8,21.6,62.3,5.1,11.0,21.7,98.1,53.6,1.6,28.1,12.8,8.1,2.6,98.3,0.2,31.9,0.7,0.0,99.8,0.0,12.9,55.3,0.0,37.0,2.3,59.5,0.6,0.0,0.0,0.6,173.0,17.6,11.8
34510705,male,3017.0,8.1,9.3,8.9,22.2,25.8,65.6,33.7,8.4,5.7,5.0,5.1,5.6,7.5,7.2,6.2,5.7,5.4,4.9,3.2,3.9,8.6,34.1,61.8,2.5,1.6,32.5,97.1,24.6,2.1,33.4,23.3,12.5,2.9,98.5,0.2,31.1,0.2,0.0,99.8,0.4,9.8,56.2,0.4,37.8,4.9,54.3,0.9,0.4,1.1,0.1,967.0,17.4,12.000000000000002
34510707,female,4995.0,10.1,10.8,10.8,58.4,56.8,10.5,9.0,9.3,6.4,6.1,6.8,6.9,6.8,5.7,4.8,4.0,4.0,2.6,2.2,2.7,6.7,21.8,69.2,3.3,5.7,21.0,90.0,66.1,2.6,27.9,8.4,2.9,1.5,76.5,0.9,72.5,0.5,0.0,99.4,10.3,4.1,32.0,1.2,58.5,3.4,32.3,3.4,0.0,1.2,0.0,325.0,11.5,7.500000000000001
34510707,male,5259.0,9.3,10.7,11.3,33.8,36.4,70.2,26.8,9.2,7.1,6.1,7.0,6.8,7.1,5.7,5.1,3.9,3.5,2.5,2.0,2.7,6.1,34.7,62.9,1.5,0.8,30.1,94.5,38.3,2.1,36.2,17.3,6.0,2.0,81.6,0.7,73.8,0.4,0.0,99.6,11.5,3.9,31.9,0.9,20.1,3.8,68.5,1.8,0.1,3.4,1.3,1858.0,10.7,7.2
34510709,female,4543.0,9.8,10.0,9.7,59.6,60.5,2.2,9.9,8.8,6.3,6.3,6.2,6.8,7.5,5.7,4.7,4.2,4.3,3.1,3.2,3.4,4.9,20.5,70.1,2.4,7.0,21.2,94.1,67.4,0.8,24.9,8.6,3.4,1.8,84.8,5.6,90.5,0.3,0.1,99.4,0.7,8.0,48.2,0.0,10.9,18.8,70.3,0.0,0.0,0.0,0.0,64.0,14.000000000000002,9.700000000000001
34510709,male,4742.0,9.9,9.8,9.8,38.9,43.8,73.7,7.5,8.8,5.7,5.7,6.9,7.2,7.0,6.4,5.2,4.5,3.7,2.9,2.5,3.9,5.0,33.0,64.7,1.4,0.9,30.5,96.2,44.0,1.1,27.5,19.6,6.0,2.0,91.0,6.0,90.6,0.2,0.0,99.4,0.7,7.2,49.7,1.2,26.6,2.6,64.2,4.9,0.0,0.5,0.0,2276.0,13.0,9.3
34510711,female,6889.0,8.3,9.9,9.9,48.2,48.5,11.6,17.9,8.1,6.1,6.0,6.2,7.3,7.2,6.6,5.6,4.5,5.1,3.5,2.6,3.0,6.0,22.0,64.5,4.4,9.1,23.1,96.3,54.8,1.3,26.9,12.2,7.7,3.5,94.5,1.4,48.1,0.1,0.3,99.4,0.6,12.7,50.3,0.9,33.7,10.6,49.2,3.6,0.0,0.0,2.0,471.0,14.2,9.1
34510711,male,6859.0,8.3,10.0,10.9,29.1,32.7,63.1,29.2,9.0,5.8,5.0,5.3,6.2,7.0,6.0,6.6,4.8,5.0,3.7,2.9,3.4,8.0,33.4,64.4,1.2,1.0,31.6,99.4,33.1,1.3,31.5,21.3,9.8,3.3,95.9,0.6,47.0,0.1,0.3,99.6,0.4,8.1,45.7,3.3,19.7,6.8,66.6,0.9,0.8,1.5,0.5,2169.0,15.0,10.0
34510713,female,2904.0,8.1,9.1,9.7,58.8,56.7,3.3,33.8,7.8,6.0,5.0,6.4,6.2,6.7,6.5,6.1,4.9,5.2,4.0,3.5,4.8,7.6,19.4,66.4,3.2,11.0,20.7,92.8,66.4,1.8,25.6,9.5,5.0,1.4,91.6,0.2,85.9,0.4,0.0,100.0,0.2,10.8,57.0,0.0,4.3,23.4,53.2,14.9,0.0,2.1,2.1,47.0,17.5,12.3
34510713,male,2898.0,7.2,9.6,10.6,34.0,36.0,66.5,21.2,8.6,5.8,5.3,5.6,5.9,7.7,7.0,6.9,5.3,4.3,3.1,3.5,3.7,7.2,33.5,62.9,2.5,1.0,31.4,95.2,38.4,2.6,31.9,19.4,8.1,2.0,95.2,0.1,88.2,0.1,0.1,99.9,0.2,9.5,52.7,0.5,17.0,5.1,73.0,1.6,0.3,2.5,0.1,1103.0,14.600000000000001,10.3
35310101,female,3559.0,8.2,9.6,10.2,30.0,34.8,11.2,21.5,9.3,7.4,7.2,7.3,7.7,6.8,5.4,5.1,4.3,4.0,2.8,1.9,2.7,5.0,25.9,61.3,3.5,9.3,22.5,97.5,34.2,1.8,22.5,16.4,13.6,11.0,98.7,0.4,0.5,0.2,0.2,100.0,0.0,23.2,57.3,0.0,3.4,52.5,44.1,0.0,0.0,0.0,0.0,225.0,11.399999999999999,7.3999999999999995
35310101,male,3558.0,9.0,10.3,10.4,10.7,20.7,65.1,12.5,8.8,6.3,5.3,6.5,6.9,7.1,7.0,6.3,4.3,4.3,3.4,2.1,2.1,3.7,35.9,62.4,0.9,0.7,30.3,100.0,12.3,2.0,22.8,22.8,15.1,16.6,99.6,0.5,0.7,0.6,0.0,100.0,0.0,21.3,57.1,0.8,31.2,26.9,30.3,1.3,0.9,2.2,6.3,1425.0,11.899999999999999,7.6
35310103,female,10440.0,7.3,9.1,10.2,33.1,38.4,10.7,20.0,9.1,7.9,6.4,6.8,7.4,7.6,5.9,5.9,4.2,4.7,2.5,1.9,2.9,5.2,27.7,61.2,2.2,9.0,24.0,90.8,37.3,0.9,23.0,15.8,11.1,10.9,99.2,0.6,0.3,0.4,0.0,99.7,0.5,17.9,54.3,0.0,12.2,56.8,27.6,0.0,0.0,0.8,2.7,654.0,12.0,7.300000000000001
35310103,male,10415.0,8.1,10.3,10.4,13.7,22.9,64.5,11.8,9.6,7.2,5.6,7.0,6.5,6.7,6.3,5.7,4.9,4.4,3.3,2.1,2.0,6.0,38.8,58.7,1.7,0.8,31.8,92.4,15.4,1.3,28.9,23.2,13.1,10.6,99.3,0.6,0.3,0.1,0.1,99.8,0.1,15.4,50.2,1.2,39.5,21.9,29.0,1.2,1.0,2.5,3.6,4222.0,11.8,7.4
35310105,female,19414.0,8.1,9.8,10.0,28.9,36.2,13.9,20.6,9.0,7.4,6.9,7.4,7.1,6.6,6.1,5.5,4.7,4.4,2.8,1.8,2.6,5.0,25.8,62.0,3.9,8.2,24.0,95.7,32.7,1.3,25.0,13.2,12.7,11.6,97.9,1.2,0.4,0.8,0.2,99.8,0.5,17.7,50.9,1.0,8.5,52.7,29.3,1.8,0.0,3.1,3.5,1542.0,11.6,7.199999999999999
35310105,male,19657.0,8.3,10.6,10.2,13.7,23.2,62.0,15.6,9.4,6.5,5.4,6.1,6.7,6.4,6.3,6.1,5.2,4.8,3.5,2.1,2.6,5.4,38.6,59.2,1.4,0.9,33.4,93.8,15.4,1.9,28.0,17.5,15.1,14.3,98.4,1.5,0.6,0.6,0.1,99.8,0.4,15.8,50.7,2.6,24.7,28.8,27.8,0.6,1.8,7.3,6.3,7294.0,13.0,8.2
35310107,female,2602.0,7.4,8.5,9.6,40.0,43.4,6.9,21.6,6.9,7.4,6.8,5.5,6.5,7.3,6.4,6.2,5.2,6.0,4.0,2.5,3.9,7.7,25.8,60.9,2.9,10.4,22.9,98.6,45.1,2.0,23.3,15.1,7.0,9.2,99.3,0.3,0.5,1.5,0.0,99.8,0.4,14.0,40.7,0.0,9.5,71.4,14.3,2.9,0.0,1.0,1.0,105.0,16.4,10.4
35310107,male,2614.0,8.5,10.3,9.4,13.9,22.6,59.6,18.3,8.8,6.4,6.8,6.2,5.1,6.1,5.7,7.1,5.4,5.6,3.4,2.2,3.1,7.5,40.1,57.8,1.2,1.0,34.3,98.4,15.8,2.2,32.9,20.7,10.3,11.3,99.2,0.5,0.4,1.0,0.0,99.7,0.2,13.2,41.9,1.6,33.6,21.2,32.5,1.3,1.3,6.5,1.9,913.0,14.299999999999999,8.7
35310109,female,5872.0,9.0,10.2,10.4,39.5,45.5,9.3,28.9,9.9,8.4,7.0,6.6,7.8,6.5,5.5,4.9,3.8,3.4,2.7,1.7,2.1,4.8,26.8,64.0,2.1,7.1,24.8,96.4,44.9,0.8,21.9,11.9,9.6,10.4,98.4,0.5,0.5,0.2,0.0,99.3,1.6,20.4,55.1,0.0,8.2,67.0,23.1,1.6,0.0,0.0,0.0,272.0,9.9,6.5
35310109,male,6223.0,8.6,10.5,10.5,21.4,30.9,65.1,21.1,9.8,7.9,6.4,6.5,6.1,6.9,6.8,4.8,4.5,4.1,2.8,1.9,2.0,5.2,37.7,60.2,1.8,0.3,31.2,94.3,24.5,1.2,29.1,19.0,9.2,10.5,99.2,0.4,0.1,0.1,0.1,100.0,0.1,17.0,50.4,3.3,40.2,16.2,29.1,3.7,0.8,2.1,4.5,2244.0,10.799999999999999,6.699999999999999
35310301,female,2961.0,6.9,9.3,8.9,48.1,49.8,3.9,34.5,8.3,6.0,4.9,5.8,6.3,7.2,6.9,5.8,5.7,5.8,3.5,3.6,5.1,10.8,22.4,59.3,2.8,15.5,22.5,97.0,53.4,1.0,24.2,12.0,7.0,6.0,98.7,0.1,0.0,0.1,0.0,99.7,0.2,11.4,42.4,0.0,3.5,42.1,33.3,3.5,0.0,1.8,15.8,57.0,18.0,12.2
35310301,male,2892.0,8.1,9.5,9.7,21.6,27.0,51.2,16.3,9.2,5.4,4.4,5.9,5.9,7.5,6.4,6.5,4.7,5.7,3.9,3.3,3.8,10.4,38.1,59.9,1.1,0.9,34.7,96.3,24.3,1.1,34.5,20.6,10.3,6.4,98.8,0.1,0.0,0.0,0.0,99.8,0.3,8.6,39.8,0.4,16.6,6.7,56.2,0.9,0.0,1.8,17.4,901.0,16.7,11.0
35310303,female,7617.0,7.0,8.5,8.9,58.0,58.7,3.5,34.8,8.7,5.6,4.6,4.8,6.8,6.7,7.0,7.4,6.1,6.0,4.3,3.3,4.5,11.5,28.9,55.4,1.8,13.9,21.8,93.5,64.6,0.9,21.2,8.9,5.7,4.6,98.6,0.2,0.1,0.1,0.1,99.9,0.0,12.9,32.8,0.0,24.8,52.0,19.8,3.4,0.0,0.0,0.0,132.0,18.1,12.1
35310303,male,7579.0,8.1,9.6,10.1,30.4,37.8,57.6,10.3,8.9,5.5,4.5,5.2,6.8,6.7,6.3,6.5,5.1,4.8,4.6,3.2,4.1,12.4,35.0,61.3,1.3,2.4,32.9,94.9,34.0,0.9,33.0,16.9,7.1,4.3,99.0,0.2,0.0,0.0,0.0,99.8,0.2,8.3,32.3,0.0,59.2,7.3,22.3,3.6,0.4,1.1,6.0,2830.0,16.699999999999996,11.899999999999999
35310305,female,5839.0,6.7,9.1,9.7,54.9,55.3,5.7,42.0,8.5,4.9,4.2,5.3,6.6,7.6,7.3,6.8,5.1,5.0,4.4,3.8,5.2,8.7,24.9,61.5,3.2,10.3,24.7,95.8,61.8,1.0,23.0,10.6,5.7,4.4,98.5,0.3,0.0,0.0,0.0,100.0,0.0,16.9,52.7,2.8,45.2,37.1,12.2,2.7,0.0,0.0,0.0,145.0,18.4,13.399999999999999
35310305,male,5924.0,7.1,9.9,10.5,26.4,33.8,64.3,15.4,9.0,6.6,4.7,5.3,6.7,7.1,6.9,5.4,4.0,4.5,3.6,3.2,5.5,8.1,38.8,60.2,0.7,0.3,35.1,97.2,30.2,1.4,29.5,19.2,8.4,7.7,99.2,0.0,0.0,0.0,0.0,99.8,0.1,14.3,48.6,0.0,48.0,8.8,18.2,3.4,1.2,3.6,16.8,2332.0,16.8,12.3
35310307,female,3660.0,7.7,8.6,9.2,55.2,54.2,8.5,33.2,8.4,6.1,4.8,6.3,7.2,7.3,6.3,6.0,5.0,4.9,3.9,3.3,5.3,7.9,22.7,64.0,1.8,11.5,22.9,98.9,62.0,2.3,24.9,9.2,4.8,4.7,99.4,0.1,0.0,0.0,0.4,100.0,0.0,12.0,38.9,0.0,27.5,14.9,34.6,19.0,0.0,0.0,4.0,154.0,17.400000000000002,12.5
35310307,male,3719.0,7.4,9.2,9.5,26.2,32.4,69.0,13.0,9.9,6.6,4.6,6.5,6.1,7.3,7.7,5.7,4.8,4.5,3.6,2.8,3.7,6.6,35.9,61.7,1.2,1.3,31.7,97.4,29.5,2.0,32.8,21.7,8.5,2.7,99.7,0.0,0.2,0.1,0.0,99.5,0.3,8.2,36.5,0.5,62.2,4.1,24.7,5.9,0.6,1.5,0.6,1648.0,14.599999999999998,10.100000000000001
35310309,female,6693.0,7.0,9.1,9.8,52.5,53.9,4.2,20.3,8.2,6.3,5.4,5.7,6.7,6.7,5.9,6.6,5.0,5.2,3.6,3.4,5.3,7.0,27.2,59.2,2.1,11.5,22.7,98.3,59.1,1.1,22.5,10.5,6.9,5.1,96.0,0.4,0.0,0.1,0.1,100.0,0.1,8.9,27.8,0.0,12.8,45.6,35.6,1.2,0.6,3.0,1.2,165.0,17.5,12.3
35310309,male,6552.0,7.8,9.4,10.2,25.4,31.9,59.8,28.5,9.6,5.8,4.8,5.0,5.9,6.0,6.6,6.0,5.6,5.3,4.1,2.7,5.2,8.4,35.3,62.6,1.0,1.1,33.1,96.3,28.2,1.1,30.1,20.9,8.9,7.1,94.9,0.3,0.0,0.0,0.2,99.9,0.0,7.2,26.9,0.8,60.6,10.1,22.1,3.7,0.9,0.7,1.0,2034.0,17.299999999999997,12.0
35310311,female,7338.0,7.8,8.8,10.6,46.3,50.6,7.1,40.5,9.3,7.4,6.2,7.0,7.1,7.1,6.0,4.9,4.5,4.0,3.1,2.6,3.7,7.5,25.5,62.5,1.8,10.1,23.2,92.9,53.1,1.6,24.5,12.0,5.7,5.5,97.4,0.4,0.0,0.1,0.0,99.8,0.0,17.3,51.5,0.0,15.5,41.7,28.4,14.4,0.0,0.0,0.0,224.0,13.399999999999999,9.4
35310311,male,7606.0,7.7,9.8,10.5,20.5,36.9,64.3,16.7,9.6,7.2,5.5,6.5,7.4,7.2,7.2,5.8,4.0,3.7,2.6,2.4,3.0,7.4,39.2,58.7,0.9,1.3,33.3,94.4,23.2,2.1,27.4,20.3,8.8,4.6,98.1,0.1,0.2,0.1,0.1,99.9,0.0,10.7,46.2,6.8,44.1,5.9,38.0,3.2,0.2,0.5,1.3,2934.0,11.700000000000001,8.0
35310313,female,3997.0,7.2,10.3,10.9,58.4,57.7,7.9,37.9,10.4,6.3,5.0,6.6,7.1,6.7,5.4,5.8,5.0,4.3,3.1,3.0,2.9,8.1,26.3,63.8,1.5,8.4,24.1,97.1,66.9,1.4,23.4,10.4,4.3,2.8,98.2,0.2,0.0,0.0,0.1,99.6,0.4,13.2,43.5,0.7,34.0,19.9,25.5,19.1,0.0,0.0,0.7,141.0,13.3,9.0
35310313,male,3883.0,8.4,10.2,11.7,29.9,43.2,61.5,34.4,10.7,5.0,4.9,6.7,7.0,6.6,6.4,5.2,4.6,3.5,3.3,2.7,3.0,7.9,35.3,63.0,1.0,0.7,31.8,97.4,34.2,1.6,27.6,18.6,5.9,3.1,98.7,0.2,0.1,0.0,0.1,99.8,0.3,8.0,35.6,0.5,62.4,9.4,22.5,4.3,0.0,0.0,0.8,1091.0,12.5,9.0
35310315,female,3791.0,7.6,9.3,11.0,55.9,57.5,2.0,19.6,10.6,7.0,4.6,6.6,6.8,7.1,5.8,6.3,3.6,5.3,2.7,2.8,3.1,8.0,26.2,62.8,1.8,9.2,22.9,92.6,64.0,0.6,21.7,12.4,4.7,3.1,99.4,0.2,0.0,0.1,0.0,100.0,0.3,6.3,23.2,0.0,13.3,53.3,15.6,6.7,0.0,0.0,11.1,45.0,13.9,8.6
35310315,male,4105.0,9.1,10.2,11.4,33.9,43.4,59.5,5.8,9.6,7.6,5.0,5.2,6.4,6.9,6.2,6.5,3.4,3.9,3.2,2.1,3.4,7.6,39.0,59.1,1.0,0.9,33.0,92.6,39.1,0.8,28.0,18.5,6.6,2.9,99.5,0.0,0.0,0.0,0.0,99.8,0.2,4.1,19.2,0.5,49.9,4.9,32.1,4.6,0.2,0.6,7.1,1596.0,12.6,8.700000000000001
35310317,female,6987.0,7.8,9.8,9.6,54.1,56.2,9.5,19.4,8.7,5.7,5.2,6.3,6.9,7.1,6.7,5.8,4.8,5.1,3.6,2.9,4.1,6.0,27.1,62.5,0.8,9.7,19.3,96.3,61.1,0.9,22.8,10.5,6.5,3.0,98.0,0.2,0.1,0.1,0.0,100.0,0.0,7.4,29.5,1.0,36.6,5.5,11.9,36.7,0.0,3.5,4.7,388.0,15.7,10.6
35310317,male,7295.0,8.4,9.4,10.7,23.4,37.0,65.2,30.7,9.3,5.6,4.5,6.5,8.0,7.8,7.3,5.9,3.6,4.1,3.0,2.5,3.4,6.0,40.2,58.0,0.7,1.2,34.6,93.7,26.6,1.2,28.9,20.1,8.3,4.4,98.5,0.2,0.0,0.0,0.0,99.8,0.3,4.3,25.3,0.6,59.0,7.1,22.6,5.7,0.7,1.9,2.5,2356.0,13.0,8.9
35310319,female,6613.0,7.8,9.8,11.2,56.5,57.4,2.6,58.2,8.2,6.0,5.1,6.3,7.5,6.7,5.9,5.2,4.7,4.4,3.0,3.6,4.7,10.7,23.6,63.2,2.1,11.1,23.1,95.8,65.0,0.4,24.5,8.9,4.9,3.9,97.4,0.1,0.0,0.1,0.1,100.0,0.0,13.2,46.5,0.0,8.6,57.2,24.6,0.0,0.0,0.0,9.6,52.0,15.7,11.3
35310319,male,7022.0,7.9,9.7,11.0,26.5,39.0,66.4,43.5,10.0,6.1,4.7,5.5,7.8,7.2,7.4,5.5,4.3,3.8,2.8,2.7,3.5,9.3,38.6,59.4,0.9,1.1,33.4,95.3,30.5,2.0,27.5,19.1,8.9,3.5,99.0,0.2,0.0,0.0,0.0,99.7,0.1,10.4,38.5,0.2,61.3,7.7,16.8,2.3,0.3,2.1,9.5,1881.0,12.8,9.0
35310321,female,6361.0,7.7,9.4,10.3,53.4,54.7,4.9,32.3,9.1,6.2,4.5,5.9,6.9,6.7,5.9,6.4,4.8,4.8,3.4,3.1,4.7,8.6,23.8,63.5,2.4,10.3,20.2,98.9,60.6,0.6,25.3,10.6,5.0,3.9,99.0,0.1,0.0,0.1,0.0,99.8,0.0,9.4,31.0,0.0,18.4,12.9,32.2,34.0,0.0,0.0,2.4,153.0,16.0,11.2
35310321,male,6855.0,7.7,9.6,10.3,24.2,33.7,65.5,32.3,9.9,6.8,5.4,5.9,6.6,6.4,6.9,5.6,4.8,4.7,3.2,2.2,4.0,7.8,40.0,58.1,1.1,0.8,32.9,95.9,27.4,1.5,29.7,21.4,8.8,4.9,99.2,0.1,0.0,0.1,0.0,100.0,0.1,7.9,28.4,0.5,40.7,5.9,45.2,5.1,0.7,0.7,1.2,2199.0,14.100000000000001,9.4
35310323,female,7252.0,9.1,10.9,10.3,54.5,55.6,3.7,5.8,8.9,6.4,5.0,6.5,6.9,6.8,6.3,5.4,4.2,4.1,2.7,3.0,3.5,6.7,20.2,68.5,1.5,9.8,21.6,94.6,62.3,0.8,27.3,10.9,3.5,1.8,98.2,0.2,0.0,0.1,0.0,100.0,0.0,4.4,18.4,2.7,26.1,11.3,26.6,33.2,0.0,0.0,0.0,175.0,13.3,9.2
35310323,male,7932.0,9.9,10.7,10.6,24.8,36.0,69.1,16.0,9.4,6.4,5.4,6.5,8.0,7.3,6.5,5.1,3.6,3.1,2.4,2.4,2.7,7.3,39.0,59.8,1.0,0.3,32.7,94.2,28.5,0.6,35.6,20.3,4.5,3.1,98.2,0.1,0.0,0.0,0.1,99.9,0.0,5.4,20.6,0.5,63.9,2.5,15.2,11.8,0.3,0.1,5.7,3170.0,10.600000000000001,7.5
35310501,female,4094.0,8.9,9.6,9.2,56.3,58.5,4.8,7.1,8.8,6.9,5.3,7.4,6.4,6.8,5.7,4.9,4.6,4.3,3.2,3.3,4.4,5.2,25.4,64.4,1.6,8.6,24.3,94.7,63.0,0.7,27.4,8.6,3.0,1.8,99.3,0.1,0.0,0.1,0.0,99.8,0.2,5.4,17.4,0.0,9.9,1.5,33.6,51.1,0.8,3.1,0.0,131.0,15.200000000000001,10.9
35310501,male,4338.0,9.0,9.6,10.2,30.9,37.3,79.3,16.5,9.2,7.2,5.9,6.8,6.9,6.2,5.6,5.6,4.0,4.2,3.1,2.5,3.8,4.9,39.2,59.2,0.8,0.9,32.2,96.2,34.7,0.7,34.3,21.4,4.3,2.0,99.2,0.1,0.0,0.0,0.0,99.7,0.3,2.4,15.8,0.3,34.7,2.1,49.7,10.0,0.7,2.2,0.2,2041.0,13.600000000000001,9.399999999999999
35310503,female,6546.0,8.4,10.3,11.5,58.5,65.2,2.1,51.1,9.9,6.1,5.2,6.3,6.6,6.6,5.5,5.0,4.8,4.9,2.9,2.4,3.5,7.3,28.5,62.2,2.0,7.2,25.3,90.0,67.5,0.3,22.6,7.6,2.1,2.2,97.1,0.0,0.0,0.1,0.0,100.0,0.0,5.5,33.0,0.0,8.7,31.5,14.7,25.3,0.0,0.0,19.8,48.0,13.700000000000001,8.8
35310503,male,7221.0,8.9,10.2,11.1,35.9,47.6,63.5,17.7,10.0,8.4,6.1,6.6,6.7,5.3,5.2,4.6,4.2,4.6,2.9,2.1,3.1,6.2,41.7,56.1,0.7,1.5,32.3,87.8,41.2,0.1,31.0,13.7,5.3,2.2,98.6,0.0,0.0,0.0,0.1,99.8,0.2,4.1,26.9,0.4,42.8,3.3,26.1,4.0,1.2,1.3,20.8,2631.0,12.7,8.1
35310505,female,7949.0,8.6,10.0,11.3,59.5,59.6,8.6,7.9,8.8,6.8,5.6,6.1,6.4,7.1,5.4,5.1,4.1,4.9,3.3,2.9,3.7,8.3,24.5,62.5,2.3,10.6,24.0,94.1,68.6,0.2,23.9,9.4,4.5,2.4,99.2,0.1,0.0,0.0,0.0,100.0,0.0,2.9,17.1,0.0,27.5,7.2,11.7,53.7,0.0,0.0,0.0,443.0,14.8,9.899999999999999
35310505,male,8455.0,8.6,9.6,10.7,36.2,42.4,69.7,7.1,10.4,8.0,6.7,6.4,6.1,5.9,5.7,5.0,3.9,4.1,3.3,2.6,3.2,7.8,41.8,56.4,0.8,1.0,31.6,92.0,41.1,0.7,31.1,17.4,6.6,1.9,99.3,0.1,0.0,0.0,0.1,100.0,0.0,1.7,14.1,0.5,42.0,1.7,44.4,10.7,0.1,0.4,0.1,3889.0,13.2,9.100000000000001
35310507,female,7555.0,8.7,10.4,11.6,64.8,64.9,5.1,4.4,9.9,6.5,5.1,6.4,6.4,6.4,5.2,5.2,4.2,5.2,2.6,2.8,3.4,5.0,28.4,61.0,1.4,9.2,22.2,84.5,74.6,0.2,21.0,7.0,4.3,2.7,99.0,0.0,0.0,0.0,0.0,99.7,0.0,11.1,43.1,0.0,20.9,15.9,10.3,52.8,0.0,0.0,0.0,255.0,14.000000000000002,8.8
35310507,male,8349.0,7.9,10.1,11.4,39.3,46.6,64.3,3.1,11.5,8.5,6.7,6.4,5.6,5.5,4.6,4.8,3.7,4.5,2.8,2.5,3.3,4.8,42.2,56.4,0.6,0.9,32.2,85.6,45.5,0.2,28.3,15.3,5.6,4.0,98.5,0.1,0.0,0.1,0.0,99.5,0.2,11.5,37.3,0.0,68.2,3.2,15.4,10.3,0.8,1.3,0.8,3671.0,13.100000000000001,8.6
35310509,female,6430.0,9.7,10.9,11.7,62.6,64.5,3.4,43.6,9.6,6.8,5.3,6.3,7.0,5.9,4.9,4.6,3.8,5.0,2.9,2.3,3.1,5.5,25.7,67.6,0.8,5.8,24.4,92.6,72.5,0.1,24.5,7.2,2.4,1.4,98.9,0.1,0.0,0.0,0.0,99.6,0.4,7.4,22.9,0.0,30.4,0.0,23.1,35.2,0.0,0.0,11.3,84.0,13.299999999999999,8.299999999999999
35310509,male,7249.0,9.8,10.3,10.8,40.6,50.2,73.4,25.2,9.6,8.6,6.6,6.2,6.6,6.2,4.9,4.0,3.5,4.3,3.2,2.3,3.2,3.9,43.4,54.1,1.8,0.8,33.7,89.6,45.6,0.0,31.7,11.9,4.4,1.8,98.5,0.3,0.0,0.1,0.0,99.7,0.0,4.1,19.8,0.0,55.5,4.3,11.2,9.4,1.2,6.3,12.0,2746.0,13.0,8.7
35310511,female,11352.0,10.3,10.9,11.7,52.4,57.0,2.9,32.9,8.9,7.0,6.0,6.6,7.0,6.1,5.2,4.5,3.6,4.5,2.7,2.3,2.5,5.6,24.1,65.1,2.6,8.1,22.4,95.2,60.6,0.2,24.6,10.8,3.9,3.5,99.4,0.1,0.0,0.0,0.0,99.9,0.2,7.5,22.6,0.0,8.9,14.0,32.9,40.6,3.6,0.0,0.0,147.0,12.0,7.5
35310511,male,12328.0,10.2,11.0,10.9,30.4,39.0,73.7,12.4,9.8,7.8,6.4,6.7,7.2,6.1,5.2,4.4,3.5,3.6,2.7,2.0,2.5,6.1,40.9,58.0,0.5,0.5,31.9,94.0,34.7,0.7,30.8,20.2,5.3,4.0,99.3,0.1,0.0,0.0,0.0,99.8,0.2,6.0,23.5,0.8,29.7,2.5,59.2,6.2,0.5,0.5,0.6,5409.0,10.8,7.2
35310513,female,3225.0,6.7,8.6,10.0,57.9,58.3,14.2,5.0,9.2,6.1,4.6,5.7,7.2,6.5,6.0,6.2,5.1,5.6,3.8,3.5,5.2,5.2,26.6,60.6,1.7,11.1,25.1,93.7,65.0,0.2,24.6,11.2,3.4,2.3,98.8,0.2,0.0,0.0,0.0,99.9,0.1,1.5,9.1,0.0,21.2,1.5,23.0,54.3,0.0,0.0,0.0,326.0,18.099999999999998,12.5
35310513,male,3332.0,7.3,9.5,9.9,32.6,36.4,76.7,11.2,9.3,7.6,5.3,6.0,6.1,6.1,6.0,5.6,4.5,5.4,3.9,2.9,4.6,5.5,39.5,58.2,1.1,1.3,34.2,93.5,35.9,0.5,32.9,23.0,4.6,2.6,98.3,0.3,0.0,0.0,0.0,99.7,0.3,1.1,8.8,0.4,42.3,2.2,47.9,6.3,0.4,0.2,0.4,1663.0,16.8,11.399999999999999
35310515,female,6222.0,6.9,9.3,10.0,58.2,60.1,8.2,24.7,9.5,5.3,3.3,5.5,6.6,7.0,6.2,6.1,4.7,6.4,3.9,4.3,5.0,6.6,27.0,58.5,2.0,12.4,23.1,96.7,65.9,0.8,19.3,11.0,5.5,3.3,94.3,0.3,0.1,0.1,0.0,99.5,0.6,5.8,42.0,0.0,32.3,4.3,2.7,58.5,2.1,0.0,0.0,285.0,19.6,13.2
35310515,male,6308.0,6.9,9.7,10.7,31.2,40.8,66.7,13.4,10.1,7.4,4.9,5.2,6.0,5.6,6.0,5.3,5.5,5.0,4.1,3.0,4.6,6.3,38.9,59.5,0.6,1.0,33.9,95.4,35.4,0.5,24.4,20.6,7.8,5.9,94.4,0.1,0.0,0.0,0.0,100.0,0.0,4.6,38.7,1.6,62.7,5.2,20.3,4.7,0.4,0.8,4.3,2641.0,16.7,11.7
35310517,female,5291.0,10.6,10.5,11.2,61.8,62.9,1.5,24.1,9.9,7.3,5.6,6.3,6.0,5.7,5.0,4.4,3.5,4.7,2.7,2.7,3.9,5.7,22.0,69.2,1.2,7.6,23.4,89.8,70.8,0.5,27.8,6.0,1.8,1.0,98.8,0.1,0.0,0.0,0.1,99.8,0.1,5.1,34.4,0.0,7.3,7.3,17.1,65.9,0.0,2.4,0.0,41.0,14.000000000000002,9.3
35310517,male,5949.0,9.9,10.2,10.3,36.4,43.6,77.7,7.3,9.0,8.7,7.3,7.3,6.9,5.8,4.7,4.1,3.4,3.7,2.7,2.7,3.4,5.9,39.6,58.6,0.8,1.0,31.4,90.4,40.7,0.4,36.3,14.3,3.8,1.5,98.6,0.3,0.0,0.0,0.0,99.8,0.3,4.5,34.8,0.3,46.6,1.7,34.6,9.2,0.8,6.7,0.1,2983.0,12.500000000000002,8.8
35310701,female,7691.0,8.0,9.7,9.3,44.0,48.2,5.6,35.6,8.5,6.4,5.1,5.9,6.2,6.3,5.7,6.2,5.1,5.2,4.0,3.1,5.3,13.4,29.7,54.2,2.8,13.3,20.1,97.5,49.6,0.5,23.7,13.5,7.8,6.4,98.7,0.2,0.0,0.0,0.0,100.0,0.0,11.9,42.5,0.0,10.0,51.9,29.9,2.7,3.8,0.0,1.8,201.0,17.599999999999998,12.399999999999999
35310701,male,7424.0,9.3,10.6,10.0,18.9,28.1,56.9,27.4,8.9,5.7,5.0,6.1,5.8,6.5,7.0,5.6,4.4,4.5,3.7,3.1,4.0,11.7,40.2,57.5,1.2,1.0,34.8,98.7,21.3,1.2,31.4,25.3,7.8,6.1,98.9,0.1,0.0,0.0,0.1,99.9,0.0,8.0,38.8,3.4,43.3,9.5,37.3,1.3,0.5,2.2,2.5,2151.0,15.299999999999999,10.8
35310703,female,4554.0,7.0,8.4,8.6,47.8,51.4,6.6,57.9,8.2,6.1,5.4,5.4,6.5,7.0,6.3,6.5,6.1,5.4,4.0,3.4,5.6,7.7,27.2,57.9,2.7,12.2,21.7,97.6,53.1,0.3,24.8,11.9,5.8,5.8,99.5,0.2,0.1,0.2,0.0,100.0,0.0,4.3,22.6,0.0,7.3,66.7,14.6,11.5,0.0,0.0,0.0,96.0,18.4,13.0
35310703,male,4412.0,8.4,9.3,9.0,21.7,30.3,66.6,31.1,7.7,6.1,6.3,6.3,6.1,5.9,6.6,6.9,5.6,4.8,3.3,3.8,3.8,7.6,38.5,59.3,1.1,1.0,34.6,97.6,24.2,0.5,35.8,19.7,6.8,6.9,99.3,0.1,0.0,0.0,0.1,99.8,0.3,3.2,20.0,0.1,50.8,11.5,17.4,4.1,1.5,0.8,13.7,1481.0,15.7,10.899999999999999
35310705,female,3042.0,7.4,8.8,10.0,57.7,57.3,4.8,58.3,8.6,6.0,5.2,5.2,5.7,7.8,5.6,5.8,5.4,6.2,4.4,3.4,4.5,7.3,30.2,57.5,2.2,10.1,25.7,96.9,65.0,0.9,22.8,9.2,5.0,4.8,99.0,0.1,0.1,0.1,0.0,100.0,0.0,14.5,43.3,2.2,24.4,17.8,17.8,35.6,0.0,0.0,2.2,45.0,18.5,12.3
35310705,male,2948.0,7.9,10.4,9.9,28.7,36.6,58.4,21.0,9.3,6.4,5.1,5.7,5.8,7.2,6.2,5.5,5.1,4.7,3.9,3.0,3.9,7.7,40.8,57.1,1.0,1.1,34.6,97.2,32.3,0.9,34.4,18.1,6.0,4.0,98.6,0.1,0.0,0.0,0.1,99.8,0.0,8.3,34.0,0.6,34.8,5.5,42.0,3.6,0.3,10.5,2.7,977.0,15.5,10.8
35310707,female,5825.0,7.9,9.6,10.3,43.2,46.6,2.8,27.2,10.1,6.2,5.0,4.9,5.8,5.9,6.4,6.3,5.2,4.9,3.6,3.1,4.7,9.5,31.3,52.8,3.9,12.0,22.1,90.0,49.0,0.7,27.5,11.5,6.6,7.1,98.4,0.1,0.0,0.0,0.0,99.6,0.2,15.9,53.3,0.0,4.9,54.8,40.3,0.0,0.0,0.0,0.0,85.0,16.3,11.4
35310707,male,5739.0,8.9,9.5,10.5,23.0,30.0,47.9,10.9,9.8,7.6,5.9,6.0,5.2,5.3,6.2,6.1,4.8,3.9,3.2,3.3,3.8,10.6,44.6,53.7,1.0,0.7,33.4,88.6,26.0,0.4,29.6,21.0,9.8,9.2,98.6,0.1,0.0,0.1,0.0,99.7,0.2,12.0,51.8,0.0,49.0,8.5,24.1,1.1,1.3,1.6,14.4,1739.0,14.2,10.3
35310709,female,12361.0,8.7,10.6,11.2,54.3,55.4,3.8,41.0,9.4,5.9,5.5,6.1,6.6,6.6,5.7,5.3,4.4,4.1,3.5,2.7,3.6,8.5,28.3,60.7,2.7,8.4,23.9,95.2,62.6,0.3,25.8,10.3,4.7,3.3,97.4,0.2,0.0,0.3,0.1,99.8,0.3,10.0,37.7,0.0,13.7,45.7,23.0,13.4,0.5,0.0,3.6,193.0,13.9,9.8
35310709,male,12462.0,9.8,11.5,11.6,32.0,38.2,62.2,29.1,8.4,6.1,5.3,6.0,6.7,6.8,6.0,5.4,4.3,3.4,2.7,2.7,3.2,8.8,37.4,60.2,1.4,1.0,33.0,95.2,37.0,0.7,34.1,18.2,6.1,2.7,98.4,0.1,0.0,0.2,0.0,99.8,0.2,6.3,27.8,1.5,46.5,7.0,29.2,5.7,0.8,1.4,7.8,3689.0,12.0,8.600000000000001
35310711,female,5148.0,8.3,9.4,9.3,56.2,60.1,4.9,74.8,8.7,6.0,5.2,5.7,6.6,6.7,5.5,5.5,4.9,5.9,4.2,3.3,4.8,9.1,30.0,57.6,1.4,11.0,25.9,92.3,63.3,0.3,24.4,8.4,3.8,2.9,97.0,0.4,0.0,0.0,0.0,100.0,0.0,4.5,18.7,0.0,10.0,50.5,0.0,39.5,0.0,0.0,0.0,46.0,18.200000000000003,12.3
35310711,male,5137.0,8.7,10.6,9.9,30.1,41.6,62.8,40.1,7.6,6.1,6.5,6.1,6.8,7.2,5.5,5.2,4.0,5.0,3.8,3.3,3.8,11.4,41.6,56.0,1.5,0.9,34.3,89.1,33.8,0.2,33.8,16.9,4.9,2.5,97.7,0.2,0.0,0.0,0.0,100.0,0.0,2.0,12.8,0.7,54.6,5.8,31.3,0.5,0.0,0.4,6.7,1367.0,15.900000000000002,10.899999999999999
35310713,female,6842.0,8.5,9.6,10.8,48.6,50.8,3.7,58.2,9.0,6.8,5.2,6.6,6.9,7.0,6.1,5.9,4.0,3.9,3.2,2.8,3.7,7.8,22.3,66.0,3.2,8.5,20.9,96.5,55.8,0.3,28.2,12.7,5.4,2.7,98.0,0.8,0.1,0.2,0.0,99.9,0.1,7.9,29.8,0.0,14.7,33.8,38.4,0.0,0.0,0.0,13.1,75.0,13.599999999999998,9.7
35310713,male,7497.0,8.8,10.5,10.7,22.2,30.0,60.7,53.1,9.4,7.2,5.5,5.7,6.9,7.2,6.9,6.0,4.7,3.1,2.3,2.2,3.0,6.3,41.5,57.2,1.0,0.4,33.7,93.8,25.4,0.4,37.2,20.0,7.8,4.5,98.0,0.3,0.2,0.2,0.0,99.8,0.1,5.1,27.2,1.3,49.0,7.4,29.4,0.3,2.9,1.5,8.2,1496.0,10.600000000000001,7.5
35310715,female,3872.0,8.4,9.6,10.4,53.5,56.9,2.1,24.1,8.1,6.6,5.4,6.2,7.1,7.4,7.1,5.2,3.8,4.4,3.4,2.7,4.0,7.1,25.3,63.0,2.4,9.3,24.8,94.4,60.9,0.2,22.5,10.7,4.8,4.9,98.9,0.3,0.1,0.5,0.0,99.9,0.2,4.9,22.1,0.0,6.8,54.5,27.3,6.8,0.0,2.3,2.3,44.0,14.5,10.1
35310715,male,3839.0,8.1,10.5,10.6,35.7,42.0,55.4,27.0,10.3,6.0,4.1,5.0,6.4,6.5,7.3,6.4,5.3,4.0,3.3,3.0,3.3,7.2,37.1,61.1,0.7,1.0,33.5,92.9,40.7,0.3,25.7,19.3,7.6,5.1,98.9,0.3,0.0,0.4,0.1,99.9,0.3,4.5,23.0,0.8,39.6,7.0,33.7,0.8,0.5,2.4,15.2,1099.0,13.600000000000001,9.6
35310717,female,1967.0,5.9,7.5,7.8,50.1,49.0,2.2,41.2,7.9,4.4,3.0,4.0,7.0,6.5,7.6,7.5,7.2,6.5,5.2,4.6,7.4,13.2,29.7,50.1,5.2,15.0,18.7,99.5,55.0,0.8,31.2,11.2,4.9,2.9,98.2,0.2,0.1,0.3,0.0,99.6,0.1,5.8,30.9,0.0,0.0,35.0,65.0,0.0,0.0,0.0,0.0,20.0,23.699999999999996,17.200000000000003
35310717,male,1699.0,6.0,8.5,9.9,16.1,21.2,45.5,32.0,7.9,6.7,4.6,4.1,4.4,6.2,7.7,8.1,8.1,5.9,3.3,2.8,5.7,10.8,38.7,56.6,3.3,1.5,36.0,99.0,18.2,0.6,38.6,25.7,10.0,3.9,98.8,0.1,0.1,0.0,0.0,99.9,0.1,3.9,34.6,1.5,19.9,7.6,59.1,1.3,0.5,4.3,5.8,396.0,17.7,11.8
35310719,female,6173.0,8.2,9.6,8.7,57.2,58.9,8.9,21.6,8.3,6.1,4.6,5.7,6.4,6.3,6.3,6.1,5.7,6.0,4.4,3.3,4.1,7.1,26.9,61.2,2.3,9.5,23.6,96.5,63.6,0.3,25.2,7.9,4.5,3.1,97.0,0.2,0.1,2.4,0.0,100.0,0.3,12.6,42.9,0.0,24.0,10.4,9.5,49.6,0.0,0.0,6.5,316.0,17.799999999999997,11.8
35310719,male,6071.0,8.2,10.0,10.0,26.9,39.5,69.3,20.6,8.5,6.8,5.2,5.5,5.4,6.4,6.1,6.4,5.5,5.6,4.3,2.7,3.3,7.9,38.9,57.0,2.3,1.7,33.9,96.8,30.7,0.3,33.9,18.0,4.5,3.8,97.8,0.3,0.0,0.9,0.0,99.9,0.0,7.6,40.2,0.2,44.1,5.1,21.6,13.9,0.1,0.6,14.3,2394.0,15.899999999999999,10.3
35310721,female,3807.0,8.1,9.6,8.9,49.6,51.9,3.5,16.2,7.4,6.3,4.9,6.0,7.0,6.4,6.6,5.8,5.5,5.0,3.8,3.0,5.5,6.0,23.0,61.4,4.1,11.4,22.0,97.9,55.4,0.7,26.0,11.3,6.3,3.8,99.3,0.1,0.1,0.2,0.0,99.7,0.3,13.8,51.2,1.2,22.9,19.3,50.6,3.6,0.0,0.0,2.4,83.0,17.3,12.3
35310721,male,3732.0,8.2,9.9,11.4,19.4,27.1,61.3,24.8,10.0,6.1,4.0,4.4,5.6,6.4,7.2,7.3,5.3,3.5,3.1,2.6,4.8,7.4,37.4,59.5,1.8,1.3,33.5,96.8,22.3,1.0,35.9,20.3,11.5,4.2,99.0,0.3,0.1,0.1,0.1,99.8,0.3,9.7,54.0,0.2,37.3,6.4,30.9,4.5,0.7,2.8,17.2,1211.0,14.0,10.5
35310901,female,11282.0,9.3,10.7,11.2,52.2,53.3,5.1,35.9,9.3,6.5,5.4,6.1,6.4,6.6,5.7,5.5,4.6,4.1,3.3,2.1,3.4,9.5,27.8,62.0,2.3,7.9,23.3,97.4,60.4,1.5,24.5,11.4,6.0,3.4,99.2,0.3,0.1,0.2,0.0,100.0,0.1,6.4,26.7,0.4,18.9,30.5,42.2,7.6,0.0,0.4,0.0,253.0,12.9,8.8
35310901,male,11618.0,9.2,11.6,11.6,28.7,33.8,67.1,15.6,9.5,6.6,4.8,5.8,6.2,6.5,5.8,5.5,4.5,4.3,3.1,2.1,3.1,10.2,38.3,59.1,1.7,0.9,32.7,96.9,33.4,1.3,33.0,20.7,7.0,4.2,99.1,0.4,0.1,0.1,0.0,99.9,0.2,4.7,25.2,1.9,45.3,6.9,38.2,3.2,1.0,2.9,0.7,4454.0,12.6,8.3
35310903,female,4987.0,8.7,9.9,10.0,60.5,61.8,3.3,45.6,9.5,7.3,5.5,5.5,7.3,6.6,5.5,5.1,4.6,4.7,3.6,2.6,3.5,12.3,28.0,61.2,2.4,8.3,24.9,85.0,67.5,0.1,19.8,10.1,4.1,4.2,97.6,0.9,0.0,0.1,0.1,100.0,0.0,3.7,34.1,0.0,19.5,15.8,7.3,57.4,0.0,0.0,0.0,64.0,14.4,9.7
35310903,male,5610.0,8.0,9.9,11.3,39.0,45.7,58.2,40.8,10.2,7.8,6.5,5.6,6.2,6.0,5.0,4.9,4.0,4.4,3.9,2.5,3.7,10.0,41.0,57.0,1.3,0.6,33.2,89.0,44.2,0.1,25.4,18.4,6.4,4.0,97.8,0.7,0.0,0.2,0.0,100.0,0.0,5.5,25.0,0.3,57.0,5.4,26.2,8.5,0.0,2.6,0.0,1367.0,14.5,10.100000000000001
35310905,female,4358.0,7.4,9.7,11.0,56.3,57.3,13.1,29.9,9.8,6.3,4.2,4.8,6.0,6.3,6.5,6.5,4.5,4.7,4.2,3.4,4.5,13.0,26.5,61.0,2.1,10.4,23.7,95.7,64.6,0.6,22.2,9.6,5.8,4.5,99.3,0.2,0.0,0.1,0.0,99.7,0.4,18.9,61.3,0.3,15.3,9.0,8.3,67.0,0.0,0.0,0.0,288.0,16.8,12.1
35310905,male,4249.0,8.5,9.9,11.9,31.1,39.1,65.9,14.5,10.1,5.5,3.9,5.6,5.4,5.6,6.1,6.1,4.9,4.6,4.4,2.9,4.5,13.4,35.7,62.0,1.0,1.3,32.9,96.5,36.2,0.5,29.7,18.5,8.3,3.8,99.3,0.1,0.0,0.0,0.0,99.8,0.1,13.2,58.0,1.8,51.8,4.3,36.0,5.1,0.1,0.6,0.3,1667.0,16.4,11.8
35310907,female,7949.0,10.1,10.3,11.4,62.2,61.7,2.3,36.4,9.9,6.7,5.4,5.8,6.9,6.2,4.9,4.4,4.1,4.7,3.3,2.4,3.5,6.9,25.7,65.1,1.2,8.0,23.7,93.5,71.5,1.2,23.0,8.4,3.5,2.2,98.9,0.2,0.1,0.1,0.1,100.0,0.2,8.1,37.9,0.0,15.1,17.4,33.7,28.9,5.0,0.0,0.0,80.0,13.9,9.2
35310907,male,8380.0,9.7,11.0,10.8,35.9,42.8,73.3,12.9,10.1,7.2,5.6,6.3,6.7,6.6,5.5,4.3,3.7,3.9,3.3,1.9,3.4,7.0,39.6,58.9,0.8,0.7,32.8,94.1,40.9,1.0,31.9,17.6,4.5,2.3,98.8,0.0,0.3,0.0,0.1,99.9,0.2,4.4,30.2,1.1,54.8,2.8,23.7,9.5,4.3,3.5,0.3,3665.0,12.5,8.6
35310909,female,3552.0,10.5,11.7,11.7,60.9,60.4,1.1,19.2,9.3,6.3,5.3,5.8,5.9,6.2,5.3,4.4,3.7,4.5,3.3,2.5,3.6,7.5,22.8,67.2,1.7,8.3,22.2,93.8,71.0,1.1,27.7,7.1,2.2,1.5,99.6,0.2,0.0,0.0,0.1,99.7,0.2,8.4,29.8,0.0,28.6,14.3,19.0,38.1,0.0,0.0,0.0,21.0,13.9,9.4
35310909,male,3924.0,9.9,11.4,11.8,33.3,39.0,62.0,10.1,10.2,7.4,6.3,6.2,6.0,5.6,4.7,4.6,3.5,3.7,3.2,2.3,3.1,7.3,39.8,58.8,0.5,0.9,32.0,94.1,38.4,1.1,35.1,17.6,4.0,3.2,99.5,0.1,0.0,0.0,0.2,99.8,0.2,7.5,30.2,0.3,67.8,3.3,22.8,4.6,0.2,0.8,0.2,1464.0,12.299999999999999,8.6
35310911,female,3904.0,10.3,10.9,13.0,57.9,57.9,9.5,21.7,8.7,5.9,5.2,5.9,5.6,5.9,5.6,4.7,4.3,4.5,2.8,2.9,3.5,7.3,21.7,68.7,1.3,8.2,24.0,97.0,68.8,1.7,27.8,8.3,2.5,1.7,99.3,0.3,0.0,0.1,0.1,99.5,0.3,5.5,32.3,0.0,22.0,3.1,27.7,46.6,0.0,0.0,0.5,191.0,13.7,9.2
35310911,male,4291.0,10.1,12.0,12.3,32.9,41.0,75.0,12.2,10.3,6.6,5.7,4.8,6.1,5.9,5.5,4.3,3.7,4.4,3.0,2.4,3.1,7.6,36.4,61.8,0.9,0.9,31.0,95.8,38.5,2.0,35.8,15.7,3.7,1.8,99.6,0.1,0.0,0.1,0.0,99.6,0.2,4.1,28.5,0.4,37.0,3.3,50.7,7.2,0.5,0.2,0.8,1854.0,12.9,8.5
35310913,female,3864.0,9.7,10.0,11.3,59.0,59.3,1.3,22.9,9.9,5.3,4.8,5.9,6.8,6.3,6.4,5.5,4.0,4.4,3.3,3.0,3.4,8.3,26.6,65.5,1.7,6.2,23.3,95.5,68.0,0.5,28.0,7.6,3.3,1.4,98.2,0.1,0.0,0.0,0.0,100.0,0.1,4.6,24.9,0.0,14.8,18.5,51.9,14.8,0.0,0.0,0.0,27.0,14.1,9.7
35310913,male,3940.0,8.8,10.7,10.1,38.2,42.6,73.6,12.6,9.5,6.8,5.8,6.0,6.3,6.4,5.6,5.2,4.3,4.1,3.4,3.2,3.9,8.4,36.9,61.4,0.8,0.9,32.7,94.6,43.0,0.8,35.0,14.6,4.8,2.3,98.8,0.2,0.1,0.0,0.0,100.0,0.0,3.8,20.5,0.2,42.4,2.1,43.2,11.7,0.1,0.3,0.1,1784.0,14.6,10.5
35310915,female,4744.0,8.9,10.3,10.9,49.6,52.1,3.7,6.5,8.0,7.0,6.2,6.1,7.1,6.3,6.3,5.2,4.4,4.2,3.2,2.6,3.2,5.6,23.8,65.3,2.6,8.3,22.1,98.0,57.1,0.7,26.8,11.8,4.9,3.8,99.6,0.6,0.2,0.1,0.0,99.9,0.2,7.9,34.7,0.0,3.4,14.7,22.4,53.4,0.0,0.0,6.0,116.0,13.2,9.0
35310915,male,5019.0,9.9,10.8,10.5,27.6,34.1,57.5,17.5,8.4,6.4,6.1,6.2,6.4,6.7,6.5,5.5,4.6,3.7,3.5,2.4,2.6,5.6,37.3,60.6,0.9,1.2,32.9,98.9,31.7,0.8,33.5,21.3,7.3,3.1,99.4,0.3,0.1,0.0,0.1,99.8,0.2,4.5,34.0,0.4,20.2,4.8,68.0,2.4,0.1,1.1,2.9,1641.0,12.2,8.5
35310917,female,5299.0,8.2,10.2,11.0,53.1,55.1,3.5,11.9,9.0,6.7,5.4,5.3,6.6,6.2,6.1,5.3,4.8,5.0,3.6,2.4,4.0,11.3,26.4,62.2,1.5,9.9,23.7,96.9,61.5,0.9,24.0,10.6,5.1,4.4,99.1,0.0,0.0,0.2,0.1,100.0,0.0,9.4,44.0,0.0,3.7,43.2,21.8,23.7,7.6,0.0,0.0,116.0,15.0,10.0
35310917,male,5501.0,9.1,10.5,10.5,28.6,35.5,71.0,11.1,10.5,6.9,5.2,5.8,6.5,5.9,5.4,5.1,4.4,4.6,3.7,2.8,3.3,11.5,39.4,58.6,1.5,0.4,33.4,89.1,32.6,0.7,35.7,17.4,6.8,3.9,98.7,0.0,0.2,0.1,0.0,100.0,0.0,7.1,32.2,1.0,44.5,4.9,38.5,8.4,2.3,0.0,0.4,2429.0,14.400000000000002,9.8
35310919,female,4205.0,8.9,10.8,10.6,58.7,60.5,5.6,18.3,9.5,6.8,5.6,5.7,6.9,5.7,5.4,5.1,4.6,5.1,3.3,2.2,3.8,10.4,24.1,67.0,1.5,7.4,25.0,95.4,67.0,0.7,24.2,7.8,4.1,2.6,99.2,0.1,0.1,0.1,0.0,99.9,0.1,10.1,41.3,0.0,3.7,8.2,17.9,53.7,0.7,14.9,0.7,134.0,14.399999999999999,9.3
35310919,male,4353.0,9.5,11.6,11.4,35.1,42.5,67.7,10.3,9.1,5.9,5.3,5.3,7.0,6.1,5.4,5.1,4.4,4.4,3.4,2.6,3.6,10.5,34.1,64.2,0.9,0.9,31.4,95.7,40.6,1.1,32.3,16.6,4.9,2.7,99.3,0.2,0.0,0.0,0.0,99.9,0.2,8.0,38.3,0.2,44.2,3.5,39.6,5.4,0.1,3.5,3.5,1783.0,14.0,9.6
35310921,female,6573.0,9.3,10.7,10.5,60.2,60.9,2.4,32.0,9.2,6.5,5.3,5.5,6.4,6.5,5.7,5.2,4.5,4.7,3.2,3.0,3.8,5.3,26.8,64.2,2.4,6.5,21.5,88.5,68.8,0.5,22.8,9.5,4.0,2.2,97.6,0.3,0.0,0.0,0.0,99.4,0.6,5.7,27.6,0.0,13.5,53.9,15.0,17.6,0.0,0.0,0.0,74.0,14.7,10.0
35310921,male,6726.0,9.2,10.7,10.6,38.4,44.8,58.3,11.2,9.7,6.0,5.3,5.0,6.2,6.6,6.2,4.9,4.3,4.4,3.8,2.9,4.1,7.7,36.0,62.2,1.0,0.8,32.8,97.2,43.8,0.6,31.2,15.0,5.1,3.3,98.7,0.1,0.0,0.0,0.1,99.6,0.4,5.3,23.0,0.8,51.0,3.5,34.4,4.9,1.7,1.8,1.8,2419.0,15.2,10.799999999999999
35310923,female,8130.0,10.2,11.5,12.7,56.4,58.7,3.6,73.4,9.2,6.2,5.4,6.2,6.2,6.1,4.9,4.6,4.0,4.5,3.0,2.2,3.3,5.9,25.0,66.3,1.6,7.1,22.9,93.9,67.0,0.9,29.5,7.2,2.1,1.6,98.2,0.3,0.1,0.0,0.0,99.8,0.0,7.7,43.6,0.0,0.0,28.7,58.5,12.8,0.0,0.0,0.0,51.0,13.0,8.5
35310923,male,8850.0,10.0,11.0,11.9,35.1,41.4,69.0,23.2,10.3,7.5,5.5,5.7,6.6,6.1,5.2,3.9,3.6,4.2,3.0,2.6,2.9,5.6,38.2,60.2,0.8,0.9,31.9,93.8,40.9,0.8,36.5,14.9,3.8,2.6,98.2,0.1,0.0,0.1,0.0,99.8,0.1,8.8,42.9,1.2,58.0,3.4,23.5,11.8,0.1,1.5,0.6,3147.0,12.700000000000001,8.5
35610101,female,2236.0,6.6,8.2,9.0,38.7,41.4,13.3,38.8,7.6,6.7,6.7,5.9,7.6,7.8,7.5,5.4,5.5,5.1,4.0,2.3,4.2,6.9,27.4,58.1,3.4,11.1,25.5,98.7,43.1,2.7,22.9,13.7,8.6,10.6,96.3,0.8,0.8,76.5,0.0,99.8,0.9,32.6,77.1,0.0,7.9,56.1,32.4,0.7,0.0,0.0,2.9,139.0,15.599999999999998,10.5
35610101,male,2172.0,7.3,9.5,10.9,16.6,21.7,63.9,32.3,9.0,7.3,5.8,6.1,5.4,6.6,6.2,7.0,5.7,4.9,3.2,1.8,3.3,6.2,40.8,57.3,0.8,1.0,34.4,98.9,18.9,3.6,29.5,21.5,10.6,13.1,97.4,1.0,0.7,77.2,0.1,99.6,1.4,26.0,79.0,1.8,26.8,26.2,27.8,1.5,0.0,2.9,13.0,679.0,13.200000000000003,8.3
35610105,female,5447.0,7.5,9.9,10.0,32.6,39.4,14.6,35.0,8.8,7.1,6.2,7.1,7.6,7.1,5.8,5.5,4.4,4.6,3.2,2.1,3.1,6.6,26.9,63.9,2.3,6.9,23.3,92.6,37.0,1.4,25.4,13.7,11.1,9.0,99.2,2.0,0.7,1.4,0.0,99.2,1.7,24.2,59.1,0.0,4.6,45.8,43.3,0.0,1.6,4.7,0.0,375.0,13.0,8.4
35610105,male,5449.0,7.9,10.4,11.0,14.8,25.2,67.2,23.8,8.6,6.4,5.1,5.8,7.2,6.7,6.6,6.5,4.3,4.3,4.0,2.5,2.6,5.9,40.3,58.8,0.3,0.5,33.3,89.8,17.1,1.2,27.4,26.2,10.0,10.0,99.1,1.7,0.7,0.6,0.1,99.5,0.5,18.7,60.0,3.9,27.1,17.8,37.3,3.2,3.7,3.9,3.0,1966.0,13.4,9.1
35610107,female,15160.0,5.9,7.9,8.8,35.7,38.5,11.5,49.6,8.0,6.6,5.8,6.4,7.1,7.2,7.2,6.5,5.8,5.7,4.0,3.0,4.1,5.8,26.2,58.3,5.0,10.5,24.6,97.9,39.6,1.5,21.5,16.0,12.1,10.4,98.2,19.7,28.9,1.6,0.0,99.9,0.5,28.3,69.1,0.0,12.9,44.0,39.6,1.3,0.0,0.0,2.1,679.0,16.799999999999997,11.1
35610107,male,13430.0,7.4,9.7,10.5,17.0,26.7,51.6,28.7,8.9,6.2,4.7,5.0,5.4,5.6,5.6,6.8,5.8,6.4,5.2,3.1,3.7,6.1,37.3,60.1,1.8,0.8,33.6,95.2,19.3,2.3,24.6,20.0,15.3,11.1,98.9,17.9,28.9,1.2,0.0,99.9,0.5,26.0,71.3,3.0,30.7,19.6,38.8,1.1,0.6,2.1,4.0,3579.0,18.400000000000002,12.0
35610111,female,77769.0,5.6,7.7,8.4,29.0,34.5,18.5,28.3,7.3,7.0,6.3,6.9,7.2,7.4,6.9,6.7,5.8,5.9,3.9,2.8,4.2,5.0,29.9,56.0,3.9,10.3,26.3,97.4,32.0,1.6,20.5,15.2,13.6,14.7,99.1,2.6,1.2,5.9,0.1,99.8,0.4,27.5,67.9,1.5,10.9,42.0,41.0,1.3,0.5,0.8,2.1,8061.0,16.8,10.899999999999999
35610111,male,72027.0,6.6,8.9,9.5,11.2,19.6,59.2,21.7,8.1,6.6,5.5,6.1,6.5,6.8,6.2,6.5,5.7,6.3,4.5,3.0,3.3,5.1,39.5,57.7,1.6,1.1,34.8,95.6,12.5,2.1,23.9,21.3,17.2,15.9,99.3,2.8,1.4,4.7,0.1,99.8,0.5,25.4,68.7,3.4,28.5,27.0,33.4,1.0,1.1,2.5,3.1,25051.0,17.1,10.8
35610301,female,4387.0,6.7,9.2,8.6,54.5,54.6,8.5,66.1,7.0,5.7,5.5,6.2,7.1,6.6,5.7,7.0,6.4,6.7,4.5,2.8,4.2,9.2,27.1,58.0,3.9,11.1,24.5,94.6,60.5,1.6,24.0,11.2,4.1,4.4,70.8,0.4,1.0,94.9,0.4,98.6,2.0,10.3,40.1,0.0,10.4,50.0,35.4,4.2,0.0,0.0,0.0,96.0,18.2,11.5
35610301,male,4251.0,7.8,8.9,9.6,22.3,33.1,69.3,28.2,7.8,6.3,7.2,7.2,7.2,6.5,5.5,5.7,5.2,5.6,3.8,2.0,3.6,8.4,40.5,56.9,2.1,0.5,33.7,95.0,25.0,2.1,32.6,20.3,6.4,5.6,84.9,0.3,1.5,94.6,0.4,99.1,1.4,8.5,36.8,0.8,23.6,9.5,62.4,0.8,0.0,1.9,0.9,1557.0,14.999999999999998,9.4
35610303,female,3517.0,7.7,9.9,9.0,57.1,57.4,4.2,55.0,7.4,5.2,6.2,6.2,7.5,6.5,5.4,6.7,6.1,5.7,4.3,2.4,3.7,7.7,25.9,61.7,2.8,9.6,23.5,97.0,64.0,0.5,24.1,10.9,4.4,2.7,58.8,0.2,0.5,91.2,0.1,99.2,1.2,14.2,57.7,0.0,22.4,38.8,20.4,18.4,0.0,0.0,0.0,49.0,16.1,10.399999999999999
35610303,male,3479.0,9.4,10.2,9.3,28.8,37.1,73.2,38.1,7.4,7.0,6.0,6.8,8.6,6.5,5.1,4.9,5.5,5.5,3.4,1.7,2.9,7.4,39.7,58.2,1.5,0.6,34.0,96.6,32.2,0.7,32.7,20.6,5.7,3.2,62.8,0.1,0.9,92.5,0.1,99.6,0.8,8.5,50.4,0.2,42.3,5.5,43.1,3.4,0.4,1.9,3.2,1121.0,13.5,8.0
35610305,female,4160.0,8.2,8.8,9.4,58.3,59.4,1.6,40.0,7.0,5.7,5.7,6.1,6.3,7.4,6.2,5.5,7.1,6.4,3.9,2.9,3.5,7.2,25.9,61.7,2.7,9.7,22.2,94.5,65.2,0.4,25.6,9.5,2.4,2.8,82.2,0.1,1.1,75.6,0.1,98.9,1.6,12.7,56.4,0.0,3.3,56.7,36.7,3.3,0.0,0.0,0.0,30.0,16.700000000000003,10.3
35610305,male,3965.0,7.7,10.5,9.4,32.8,40.8,64.0,26.3,8.0,7.0,6.2,6.6,7.3,6.0,5.8,5.6,5.4,6.0,3.9,2.2,2.5,6.7,37.9,60.5,0.9,0.7,33.4,94.8,36.7,0.3,32.8,18.4,3.7,4.0,86.9,0.2,1.6,75.8,0.2,99.4,1.3,10.4,54.9,0.2,41.7,5.1,47.6,4.5,0.2,0.0,0.7,1354.0,14.600000000000001,8.6
35610307,female,1168.0,7.5,8.4,7.4,58.0,59.2,4.1,59.5,7.3,4.8,6.1,6.9,6.7,7.4,7.8,6.3,5.8,5.1,4.5,2.8,5.0,3.9,27.8,60.0,2.7,9.5,25.4,98.2,63.5,0.1,23.0,11.6,3.2,3.0,97.8,0.2,0.2,47.4,0.0,99.8,1.7,11.2,32.8,0.0,0.0,46.7,46.7,0.0,0.0,0.0,6.7,15.0,17.4,12.3
35610307,male,1160.0,6.9,10.3,8.1,29.7,36.4,60.9,46.0,7.9,6.7,5.7,6.0,8.1,5.9,5.6,5.8,5.3,6.9,4.7,2.9,3.2,4.9,37.7,60.1,1.5,0.7,34.1,97.8,32.9,0.1,32.6,23.1,3.2,4.7,98.4,0.6,0.3,49.7,0.0,99.9,1.8,8.9,31.1,0.4,29.8,13.7,51.6,2.5,0.0,1.8,0.4,285.0,17.700000000000003,10.8
35610309,female,3164.0,5.6,8.4,8.4,57.7,59.5,2.5,31.1,7.0,5.2,4.9,5.6,6.4,7.7,6.3,6.4,6.7,7.2,6.1,3.6,4.7,9.0,26.9,57.5,3.4,12.3,26.6,96.7,63.9,0.4,22.8,9.2,4.0,4.0,22.5,0.0,0.7,96.8,0.0,99.3,1.1,5.5,30.2,0.0,7.1,40.5,28.6,21.4,0.0,0.0,2.4,42.0,21.6,14.399999999999999
35610309,male,2998.0,7.6,8.6,9.6,27.1,37.6,56.2,51.4,7.9,5.4,5.9,5.7,6.0,7.0,5.9,5.4,6.0,6.8,5.5,3.1,3.5,9.6,39.8,58.1,1.1,0.9,35.2,94.8,30.5,0.2,31.5,17.0,6.3,7.4,34.9,0.1,1.1,96.8,0.1,99.4,1.3,4.2,25.1,1.0,25.5,15.9,45.3,2.8,0.0,1.0,8.6,605.0,18.9,12.1
35610311,female,2854.0,7.4,9.0,9.0,53.2,54.1,7.2,69.5,5.9,5.8,5.4,5.4,7.4,6.7,6.3,5.5,6.3,7.0,4.8,3.5,4.8,8.1,25.9,58.7,2.6,12.9,24.8,95.0,59.4,1.4,26.1,10.6,3.8,4.0,72.2,0.1,0.7,93.9,0.1,99.4,1.0,14.2,42.2,0.0,0.0,51.1,48.9,0.0,0.0,0.0,0.0,47.0,20.1,13.100000000000001
35610311,male,2580.0,8.3,9.7,9.2,24.7,34.8,68.3,48.6,7.1,6.9,6.5,7.3,6.1,6.0,4.9,4.8,6.0,7.2,5.0,2.1,2.9,7.5,37.3,60.6,1.6,0.5,33.5,95.0,27.6,1.8,29.7,20.5,6.8,6.4,82.0,0.0,1.6,93.1,0.2,99.1,1.8,14.1,45.0,0.8,39.0,17.9,39.8,1.2,0.0,1.4,0.0,659.0,17.2,10.0
35610701,female,9849.0,9.0,10.0,10.0,58.3,59.0,4.5,73.8,9.0,6.8,5.1,5.8,5.9,5.3,5.5,5.3,4.5,4.8,4.3,3.3,5.3,9.2,25.8,62.6,1.5,10.1,24.7,94.0,66.3,1.0,23.2,9.8,3.8,3.1,98.1,0.2,0.0,0.1,0.0,100.0,0.0,10.0,42.2,0.0,43.3,28.0,18.0,10.8,0.0,0.0,0.0,82.0,17.7,12.899999999999999
35610701,male,10020.0,9.1,10.3,10.4,32.6,44.7,56.3,22.9,9.2,6.9,5.7,5.9,6.3,5.8,4.4,4.7,3.9,5.0,4.0,3.3,5.1,11.1,37.9,59.7,1.3,1.1,33.6,95.9,37.1,1.7,28.6,17.4,3.6,4.0,97.9,0.2,0.1,0.1,0.1,99.9,0.1,8.1,33.9,3.5,41.1,9.4,28.3,0.5,1.4,4.0,11.8,3052.0,17.4,12.399999999999999
35610703,female,5032.0,7.8,10.0,10.8,49.5,50.9,3.8,33.4,8.8,5.8,5.8,5.5,6.5,7.2,6.8,5.7,4.6,4.6,3.2,2.7,4.4,5.7,20.6,67.6,2.5,9.4,21.6,98.1,57.0,1.2,24.9,13.5,5.2,4.3,99.4,1.5,0.0,0.2,0.0,99.8,0.7,14.4,56.5,0.0,23.3,49.5,23.1,4.1,0.0,0.0,0.0,90.0,14.9,10.3
35610703,male,5061.0,8.4,10.1,10.7,27.9,34.3,58.4,42.2,9.6,5.8,4.9,5.2,6.5,7.0,6.2,6.1,4.6,4.7,3.8,2.4,4.0,7.9,35.1,63.0,1.3,0.6,32.8,100.0,31.8,1.4,30.2,22.4,8.3,3.5,98.8,1.8,0.2,0.0,0.0,99.8,0.5,11.8,55.0,6.6,38.2,9.3,37.0,1.2,2.8,1.4,3.4,1209.0,14.9,10.2
35610705,female,4138.0,7.3,9.1,9.4,49.2,52.1,2.6,24.1,8.2,6.6,5.9,5.6,6.4,7.2,6.1,6.1,5.4,5.5,4.1,2.7,4.4,8.1,21.3,67.0,2.2,9.5,22.2,96.8,55.0,1.0,26.5,12.5,4.7,3.1,99.1,0.7,0.1,0.3,0.0,99.8,0.1,10.4,51.0,0.0,10.0,28.3,50.0,0.0,1.7,3.3,6.7,60.0,16.700000000000003,11.2
35610705,male,4365.0,8.5,10.4,10.3,28.7,35.7,61.2,33.3,8.1,6.0,4.9,5.5,7.1,5.9,6.0,6.0,4.9,5.4,4.6,2.9,3.4,8.5,35.5,62.4,1.3,0.8,32.7,97.3,32.4,1.2,29.8,22.3,6.8,4.1,99.1,0.4,0.1,0.1,0.0,99.9,0.2,8.4,50.5,1.3,32.7,8.8,54.1,0.1,0.8,0.3,2.0,1258.0,16.3,10.9
35610707,female,10756.0,8.5,10.3,9.7,54.8,54.3,2.1,52.4,8.3,6.3,5.9,5.7,6.9,7.2,5.9,5.6,4.5,5.1,3.4,2.8,4.0,7.3,24.5,65.7,1.9,7.9,23.3,94.5,61.8,1.8,27.8,10.5,3.3,2.3,99.1,0.4,0.2,0.5,0.0,99.9,0.1,13.1,54.3,0.0,6.6,36.2,57.2,0.0,0.0,0.0,0.0,75.0,15.3,10.2
35610707,male,11675.0,8.6,10.2,10.8,29.6,34.8,63.0,23.5,8.7,6.3,6.0,6.5,7.3,7.0,5.6,5.0,4.0,4.8,3.6,2.5,3.1,7.0,39.3,59.0,1.1,0.6,32.3,96.9,33.2,2.1,30.9,23.3,5.2,3.8,99.5,0.1,0.2,0.2,0.0,99.6,0.4,11.2,54.9,3.0,17.7,3.8,69.9,1.0,0.4,1.3,2.9,3961.0,14.0,9.2
35610709,female,8574.0,8.6,10.3,9.9,47.8,50.3,4.1,31.6,9.3,7.5,6.5,6.2,6.8,6.3,4.9,4.9,4.0,4.9,3.0,2.6,4.2,8.3,26.7,64.3,1.3,7.7,24.6,93.7,54.3,1.4,24.4,12.6,5.8,5.6,99.6,0.5,0.1,0.3,0.0,99.6,0.5,9.8,37.3,0.6,11.2,43.4,41.3,0.6,0.6,0.0,2.4,170.0,14.7,9.8
35610709,male,8984.0,9.2,10.7,9.7,28.8,37.0,63.1,11.0,9.2,7.8,6.3,6.7,6.8,6.2,5.5,4.9,3.8,4.1,3.2,2.6,3.3,7.8,39.8,58.6,1.1,0.5,33.0,95.3,32.4,1.9,30.4,20.7,5.2,4.8,99.2,0.2,0.1,0.3,0.1,99.8,0.3,5.2,27.6,0.8,40.0,9.0,36.8,4.8,1.2,3.7,3.8,3551.0,13.2,9.100000000000001
35610711,female,3037.0,9.3,9.4,9.8,57.6,58.2,4.7,22.5,8.3,8.1,6.2,6.1,6.3,5.4,5.4,5.8,3.6,4.9,3.7,3.5,4.2,7.5,26.5,69.0,1.0,3.5,24.7,94.9,64.8,1.1,27.2,8.1,2.4,2.9,99.3,0.2,0.0,0.0,0.0,99.7,0.3,9.4,36.7,0.0,11.4,26.6,21.5,40.5,0.0,0.0,0.0,79.0,16.3,11.4
35610711,male,3119.0,10.0,11.0,10.3,33.0,45.6,64.2,28.7,9.0,7.3,6.4,7.2,6.5,5.4,3.8,4.3,3.4,4.4,3.8,3.1,4.2,7.6,37.4,61.8,0.5,0.3,31.5,96.5,37.5,1.4,30.6,16.0,3.5,2.9,99.4,0.2,0.0,0.0,0.0,99.8,0.2,6.6,31.0,0.0,30.5,6.6,52.5,2.8,1.7,1.6,4.3,981.0,15.5,11.100000000000001
35610901,female,7618.0,7.3,9.3,9.1,52.1,51.9,3.5,40.7,8.6,5.9,5.2,5.1,6.9,6.7,6.4,5.7,5.2,5.6,4.2,3.4,5.6,7.3,24.5,61.2,2.6,11.8,21.7,96.6,58.4,1.1,26.6,12.1,4.7,3.6,85.1,19.0,75.1,0.3,0.0,98.8,2.2,16.9,54.4,0.0,6.7,30.1,36.1,3.2,0.0,0.0,23.9,119.0,18.8,13.2
35610901,male,7522.0,7.9,9.4,10.0,28.5,33.0,62.3,28.8,9.1,5.8,4.7,4.8,6.9,7.0,6.5,6.3,5.1,5.3,3.8,2.6,4.8,8.0,38.3,59.0,1.5,1.1,34.4,94.4,32.1,1.4,32.0,21.0,9.3,3.3,91.0,19.1,76.9,0.2,0.1,98.1,2.6,12.5,51.4,0.8,35.7,4.2,43.2,0.5,1.2,0.4,14.0,2422.0,16.5,11.2
35610903,female,830.0,10.4,10.7,8.9,69.8,69.9,1.2,42.9,9.0,5.3,7.5,7.8,7.2,6.1,7.0,4.1,4.2,4.3,2.4,2.2,2.8,3.3,22.7,68.8,1.2,7.2,23.8,87.4,78.7,0.8,19.5,7.0,1.4,1.3,88.4,0.1,99.3,0.5,0.0,99.0,2.0,3.0,36.9,0.0,0.0,100.0,0.0,0.0,0.0,0.0,0.0,4.0,11.7,7.3999999999999995
35610903,male,837.0,9.1,9.0,9.6,56.9,68.3,77.6,16.0,7.9,6.5,6.5,7.3,9.2,8.5,7.2,4.2,3.9,3.7,2.2,2.2,3.3,4.9,32.2,66.3,0.7,0.8,30.3,92.6,63.4,0.5,17.3,8.2,3.0,2.6,92.6,0.0,98.3,1.1,0.0,98.3,1.7,4.1,36.1,0.3,44.6,7.3,5.8,14.7,0.0,0.0,27.3,395.0,11.400000000000002,7.7
35610907,female,6058.0,6.3,7.8,9.1,51.4,52.5,4.1,42.7,7.4,5.8,4.8,5.6,7.0,8.1,7.1,6.5,5.1,5.4,4.0,3.5,6.4,6.6,25.1,59.4,3.4,12.1,24.2,98.4,57.4,0.6,19.7,14.7,6.3,6.1,98.3,5.7,43.5,0.6,0.0,99.2,2.5,18.0,59.6,0.0,23.2,39.6,36.2,0.9,0.0,0.0,0.0,108.0,19.3,13.9
35610907,male,5607.0,7.4,10.2,10.7,26.4,32.7,54.5,30.6,9.0,5.0,4.0,4.3,6.1,6.4,7.1,6.8,5.2,5.6,4.1,3.2,5.0,7.9,34.5,62.7,1.6,1.3,34.0,99.7,30.3,1.5,27.2,23.4,9.8,5.4,98.5,5.4,42.3,0.8,0.0,99.3,2.1,13.5,53.6,0.1,47.9,9.2,28.3,1.5,0.0,3.0,9.9,1522.0,17.9,12.3
35610909,female,3873.0,6.3,8.2,8.3,55.1,54.5,6.3,66.3,8.7,6.0,4.6,5.3,7.2,7.9,6.9,6.8,5.4,5.3,4.2,3.3,5.6,7.9,24.0,62.1,3.0,10.9,21.4,97.7,61.0,1.3,21.2,13.1,6.3,3.6,98.0,1.2,77.8,0.3,0.0,99.4,5.2,17.8,57.2,1.6,15.9,22.2,58.7,1.6,0.0,0.0,0.0,63.0,18.4,13.1
35610909,male,3512.0,7.8,8.9,9.9,31.4,38.5,54.8,36.1,10.5,5.2,4.2,4.8,5.8,6.2,7.4,6.2,5.6,5.5,4.2,2.7,5.1,8.9,32.5,64.9,1.5,1.1,31.4,97.4,35.4,1.9,25.5,20.4,10.1,3.7,98.2,1.3,77.8,0.5,0.0,99.6,5.1,14.3,51.8,0.4,52.5,9.5,33.5,0.6,0.2,1.0,2.2,902.0,17.5,12.0
35610911,female,985.0,6.4,7.1,8.8,62.8,63.2,6.7,86.3,9.0,6.4,4.8,5.8,7.9,6.8,6.4,6.9,5.2,5.4,3.7,3.4,6.1,5.4,23.3,62.0,3.1,11.6,24.1,94.3,69.9,0.0,21.5,8.9,4.1,2.2,96.5,0.1,95.8,0.4,0.0,100.0,0.0,15.1,60.6,0.0,0.0,85.7,14.3,0.0,0.0,0.0,0.0,7.0,18.6,13.2
35610911,male,1045.0,8.5,7.9,10.8,38.7,47.2,63.0,35.5,9.8,5.3,5.4,5.3,6.6,7.1,6.0,5.0,5.9,5.6,3.3,1.8,5.7,8.1,37.2,59.6,1.4,1.7,33.2,92.8,44.1,0.0,24.8,19.0,6.2,2.8,97.3,0.2,96.1,0.8,0.0,99.8,0.2,10.7,54.6,0.0,13.3,11.3,72.8,0.3,0.0,0.0,2.3,309.0,16.4,10.8
35610913,female,4911.0,6.6,8.6,9.3,47.4,49.1,4.7,51.4,7.6,5.9,5.2,6.2,6.4,7.4,6.4,6.7,5.7,6.0,4.0,3.2,4.9,5.7,21.8,64.1,3.5,10.5,23.9,97.6,53.1,1.4,22.3,14.1,7.9,5.2,93.1,13.7,78.8,0.5,0.0,99.4,1.1,14.9,52.8,1.2,16.7,42.9,34.5,2.4,0.0,0.0,2.4,84.0,18.1,12.100000000000001
35610913,male,4428.0,7.0,9.7,10.8,28.9,36.2,50.6,26.2,9.7,5.1,3.7,3.8,5.4,6.3,7.3,5.9,6.3,6.6,4.9,3.0,4.5,6.9,32.6,64.4,1.6,1.3,33.3,95.7,33.0,1.4,25.8,19.3,12.2,5.2,93.0,14.1,80.0,0.4,0.0,99.0,1.8,12.7,50.3,1.7,33.7,9.3,41.7,1.4,0.1,1.0,11.1,1198.0,19.0,12.4
35611101,female,4721.0,8.6,9.2,8.8,59.8,59.4,7.1,86.1,6.9,6.3,5.8,6.9,7.4,6.6,6.0,6.0,5.2,5.2,3.8,3.0,4.3,8.6,23.1,64.4,1.5,11.0,23.6,96.0,66.8,1.7,23.8,9.5,2.8,2.8,99.3,0.3,0.0,1.4,0.1,99.7,0.1,10.1,40.9,0.0,5.9,44.1,47.1,2.9,0.0,0.0,0.0,34.0,16.3,11.1
35611101,male,4911.0,9.7,9.8,9.6,30.5,38.6,69.5,39.3,7.7,5.5,5.2,6.6,7.6,7.7,6.7,5.6,5.0,4.7,3.3,2.1,3.1,8.9,37.7,60.2,1.1,1.0,34.8,96.8,34.2,2.0,31.2,19.9,5.2,3.2,99.3,0.2,0.0,1.0,0.1,99.3,0.6,6.4,36.1,0.0,40.0,6.3,44.9,2.6,0.1,0.2,5.9,1468.0,13.2,8.5
35611103,female,3249.0,7.8,9.1,8.6,63.0,63.1,2.0,25.0,8.7,5.4,5.5,6.0,6.3,6.7,7.0,4.7,5.1,6.2,4.5,3.9,4.4,9.6,28.3,57.8,1.8,12.0,24.6,92.2,69.8,0.7,26.7,6.2,1.9,1.3,99.1,0.1,0.0,0.1,0.0,99.6,0.2,2.0,17.9,0.0,13.9,8.3,63.9,13.9,0.0,0.0,0.0,36.0,19.0,12.8
35611103,male,3376.0,8.3,9.2,9.0,33.0,47.7,69.5,50.0,8.4,7.6,6.6,7.0,7.1,6.5,5.4,4.4,4.1,4.6,4.7,3.1,4.0,9.9,43.1,54.8,1.0,1.1,34.5,94.5,36.4,1.6,33.1,12.5,3.1,2.1,99.0,0.1,0.0,0.0,0.1,99.8,0.1,2.5,16.5,0.6,37.9,9.1,39.8,6.6,4.3,1.2,0.6,861.0,16.4,11.8
35611105,female,3035.0,7.9,8.8,9.0,57.1,56.9,3.5,70.0,8.3,6.1,4.6,6.2,7.3,7.6,6.5,4.9,4.6,4.9,4.2,3.6,5.3,12.1,24.4,62.0,1.9,11.7,23.3,99.1,63.9,1.1,24.5,10.8,3.7,3.0,99.4,0.2,0.2,0.3,0.1,99.6,0.4,7.7,54.4,0.0,4.2,37.5,50.0,8.3,0.0,0.0,0.0,24.0,18.0,13.100000000000001
35611105,male,2907.0,8.5,10.9,10.9,28.6,36.6,66.9,51.8,8.0,4.8,4.6,5.3,6.8,7.3,6.8,6.4,5.6,4.1,4.0,2.5,3.4,12.1,34.7,63.7,0.7,0.9,34.1,96.7,33.0,1.0,32.8,20.8,5.8,3.0,99.6,0.1,0.0,0.1,0.0,99.7,0.3,5.9,48.4,0.0,38.7,9.4,46.8,0.8,0.2,1.4,2.9,652.0,14.0,9.9
35611107,female,3620.0,6.9,8.5,8.3,60.2,60.1,3.9,55.6,8.3,5.6,5.4,5.7,5.7,6.4,6.1,7.0,6.1,7.7,4.2,3.3,5.0,12.1,28.2,56.9,2.2,12.7,25.9,94.8,66.4,1.4,22.3,8.7,4.3,3.3,99.0,0.2,0.1,0.1,0.0,99.9,0.1,10.1,44.7,0.0,4.2,58.3,31.3,2.1,2.1,0.0,2.1,48.0,20.2,12.5
35611107,male,3434.0,7.9,9.5,10.0,31.6,45.0,34.7,31.4,7.3,6.3,5.7,6.9,6.1,6.3,4.9,5.5,5.9,6.0,4.8,3.2,3.7,12.2,36.8,60.2,1.4,1.6,34.0,95.6,35.4,1.6,28.9,14.6,5.9,4.0,99.2,0.1,0.1,0.2,0.0,99.9,0.1,5.6,34.3,0.5,30.5,20.4,33.4,0.5,1.9,2.9,9.9,593.0,17.7,11.7
35611109,female,3869.0,8.2,9.3,9.9,54.5,56.0,3.3,39.1,8.1,6.2,5.5,6.1,7.3,7.6,5.7,4.9,4.0,5.4,3.8,3.2,4.7,8.1,24.3,63.1,2.0,10.6,24.6,96.8,61.7,0.9,22.3,11.6,5.2,4.1,99.4,0.3,0.0,0.2,0.0,99.7,0.2,14.1,48.3,0.0,8.9,41.1,46.4,0.0,0.0,1.8,1.8,56.0,17.099999999999998,11.7
35611109,male,3930.0,8.7,10.6,9.4,27.2,35.5,55.1,40.8,8.8,5.4,5.7,6.2,7.0,7.7,6.5,4.9,5.1,4.3,3.7,2.4,3.7,8.9,37.9,60.2,1.1,0.9,33.4,97.5,30.5,1.2,28.0,22.8,7.4,5.0,99.1,0.4,0.1,0.0,0.1,99.8,0.3,10.4,46.2,0.5,22.7,15.9,54.3,2.1,0.1,1.9,2.5,912.0,14.100000000000001,9.8
35611111,female,2970.0,7.1,9.0,8.9,61.4,61.6,4.5,56.0,8.2,5.6,5.0,5.4,6.8,6.8,6.4,5.7,5.8,6.1,3.9,3.6,5.6,11.5,24.9,63.0,1.9,10.2,22.3,97.4,68.6,0.3,23.4,8.0,4.1,2.6,99.4,0.4,0.0,0.2,0.1,99.9,0.2,19.3,67.4,2.3,13.6,27.3,18.2,38.6,0.0,0.0,0.0,44.0,19.2,13.1
35611111,male,3024.0,7.7,10.1,10.4,34.1,41.9,65.3,22.7,7.2,5.9,5.3,6.0,5.8,6.7,6.9,5.5,5.1,4.8,4.3,3.6,4.7,10.2,35.3,62.5,1.2,1.0,34.3,97.4,38.8,0.4,31.6,18.3,5.4,2.5,99.5,0.3,0.0,0.3,0.0,99.9,0.1,11.7,62.5,0.1,50.0,5.2,33.8,7.0,0.3,3.3,0.3,1095.0,17.4,12.600000000000001
35611113,female,5115.0,7.9,9.1,9.3,55.6,57.3,3.4,27.9,8.6,6.4,6.5,6.1,6.4,6.6,5.5,5.7,5.4,5.5,4.3,2.8,3.8,5.9,26.4,62.2,2.1,9.2,24.7,95.9,62.3,1.2,24.7,8.6,4.0,4.2,98.7,0.4,0.0,0.2,0.0,99.6,0.5,11.0,34.6,0.0,3.2,63.4,25.8,1.1,0.0,0.0,6.5,93.0,16.400000000000002,10.899999999999999
35611113,male,5292.0,8.8,9.0,10.6,28.8,43.6,59.6,64.7,9.9,6.9,6.5,5.9,7.4,6.4,5.1,5.5,4.9,4.6,3.4,2.4,2.7,5.6,40.2,58.1,0.7,1.0,33.0,95.4,32.8,1.2,30.3,16.1,4.9,3.9,98.7,0.4,0.1,0.1,0.1,99.8,0.3,6.8,29.5,0.1,22.4,20.0,35.6,2.9,1.0,2.6,15.5,796.0,13.100000000000001,8.5
35611115,female,2867.0,8.3,10.0,9.9,56.6,61.9,3.1,69.8,6.0,5.8,5.9,5.8,7.2,6.9,6.8,5.5,5.0,5.1,4.0,3.0,4.8,6.5,22.1,67.5,1.5,8.9,22.9,92.9,63.7,0.5,23.6,8.6,2.9,2.4,98.8,0.2,0.1,0.0,0.1,100.0,0.3,4.2,26.5,10.5,5.3,36.8,21.1,0.0,0.0,0.0,26.3,19.0,16.9,11.8
35611115,male,2906.0,9.3,9.7,9.5,37.9,47.8,57.8,27.3,7.8,4.9,4.1,5.2,7.8,7.3,6.7,6.2,4.9,5.5,3.6,2.7,4.6,7.9,35.9,62.0,1.1,1.0,34.4,94.4,42.1,0.4,27.0,17.3,5.4,2.1,99.0,0.1,0.0,0.0,0.0,99.9,0.1,2.1,26.4,18.9,45.6,3.0,8.7,0.5,0.1,2.7,20.5,873.0,16.4,10.9
35611301,female,2093.0,7.5,8.6,9.4,61.4,62.2,1.2,27.8,7.7,6.0,6.3,5.7,6.5,7.0,7.2,6.3,4.4,5.1,4.9,2.9,4.5,5.3,25.4,61.6,1.5,11.5,23.1,96.4,68.8,0.6,21.5,10.3,3.2,2.2,99.0,9.7,5.1,0.6,0.0,99.6,0.4,5.0,24.9,0.0,15.4,15.4,69.2,0.0,0.0,0.0,0.0,13.0,17.4,12.3
35611301,male,2116.0,8.8,8.7,9.8,40.6,46.6,63.7,1.7,7.3,6.0,5.5,8.0,6.1,7.3,5.4,5.5,4.5,4.7,4.9,2.8,4.7,6.8,36.3,61.3,0.8,1.5,33.7,96.1,45.8,0.5,25.4,20.6,3.8,3.1,99.6,8.1,4.5,0.0,0.0,99.9,0.3,4.1,26.5,0.1,37.1,5.8,46.9,0.9,0.3,0.1,8.7,962.0,17.1,12.4
35611303,female,8518.0,7.7,9.8,9.0,54.5,55.8,4.0,48.7,7.4,6.5,5.9,6.3,7.5,7.0,6.1,5.6,4.8,5.8,3.8,3.0,3.9,8.0,26.2,64.3,1.9,7.6,22.7,96.6,61.2,1.5,21.9,11.7,5.2,3.9,97.1,0.9,0.2,1.3,0.0,99.6,0.3,14.7,53.8,3.9,22.1,25.7,36.3,8.2,0.0,3.8,0.0,127.0,16.5,10.7
35611303,male,8804.0,8.7,10.2,9.2,27.5,33.6,63.4,33.7,8.5,6.8,5.5,6.4,7.0,6.5,6.1,4.8,4.5,5.2,4.0,2.7,3.9,8.7,39.9,57.8,1.2,1.0,34.6,93.4,30.7,2.1,27.8,22.9,9.2,4.3,97.3,0.8,0.4,0.9,0.1,100.0,0.2,11.2,49.0,1.0,26.6,5.9,60.2,2.7,0.2,2.4,1.0,2655.0,15.799999999999999,10.6
35611305,female,5323.0,8.0,11.0,9.4,56.9,57.2,1.9,55.3,9.6,6.6,5.3,5.8,6.8,7.1,5.2,5.1,4.4,4.5,3.7,2.8,4.6,12.5,27.7,61.6,1.7,9.0,22.7,95.9,64.1,0.5,24.6,10.2,3.6,3.9,99.2,0.3,0.0,0.0,0.0,100.0,0.0,10.9,39.0,0.0,0.0,73.8,26.2,0.0,0.0,0.0,0.0,32.0,15.6,11.1
35611305,male,5475.0,8.7,10.2,11.0,26.4,33.3,61.0,42.2,9.4,6.5,5.7,6.2,6.8,6.0,5.7,5.3,4.3,4.0,4.0,2.4,3.8,12.7,37.8,59.5,0.9,1.7,31.9,97.2,30.2,0.9,34.5,22.0,7.3,2.1,99.5,0.2,0.0,0.0,0.0,100.0,0.0,3.9,33.1,0.4,15.6,8.4,69.5,2.3,1.3,1.1,1.4,1352.0,14.2,10.2
35611307,female,10657.0,7.8,9.4,10.3,51.7,53.3,5.4,58.9,8.0,7.0,6.4,6.9,6.9,7.1,6.2,5.3,4.1,5.1,3.2,2.4,3.7,5.1,26.0,63.6,2.3,8.1,25.1,96.1,58.4,1.3,24.1,12.6,5.1,3.6,98.9,17.7,0.1,0.4,0.1,99.5,0.2,7.5,39.8,3.3,3.0,23.7,69.9,0.0,0.0,0.0,0.0,172.0,14.400000000000002,9.3
35611307,male,11072.0,8.2,9.6,10.2,31.0,38.3,64.7,35.8,9.3,6.8,6.4,6.3,7.0,6.7,6.3,5.0,4.1,4.7,3.5,2.5,3.5,6.4,39.7,58.2,1.2,0.8,33.9,96.6,35.1,1.0,30.8,21.9,5.4,2.6,99.1,16.1,0.3,0.3,0.2,99.7,0.2,4.5,37.2,1.1,26.6,5.3,62.5,1.1,1.3,0.0,2.1,3307.0,14.2,9.5
35611309,female,2544.0,8.1,9.2,9.5,55.6,56.7,3.8,32.9,6.8,6.0,6.6,5.5,7.8,7.3,6.4,5.0,4.4,5.9,3.5,3.6,4.4,5.2,26.2,62.9,2.5,8.4,23.4,86.3,62.3,1.0,26.7,9.9,3.1,2.6,99.0,0.8,0.3,2.2,0.0,99.6,0.4,4.1,17.9,0.0,14.9,12.8,25.5,36.2,4.3,0.0,6.4,47.0,17.4,11.5
35611309,male,2643.0,8.7,9.3,9.7,30.5,36.0,70.3,11.9,8.4,5.1,4.7,5.4,8.1,7.6,6.9,6.1,4.0,4.4,4.2,3.4,3.9,6.2,37.5,60.0,1.5,1.0,34.8,81.7,34.0,1.1,37.0,19.0,4.7,2.3,98.7,0.8,0.2,3.1,0.0,99.9,0.2,2.9,18.2,0.3,52.6,5.0,30.3,7.7,0.6,2.1,1.3,1180.0,15.900000000000002,11.5
35611311,female,1670.0,6.9,9.6,8.4,56.5,57.7,2.0,32.0,7.5,6.0,5.6,6.8,7.7,6.8,6.0,5.6,4.7,6.4,4.2,2.6,5.1,5.0,27.6,62.8,1.3,8.4,22.7,96.2,62.8,0.5,24.9,9.8,3.6,3.5,99.0,0.2,0.1,0.2,0.0,99.8,0.0,11.9,45.9,5.9,11.8,23.5,35.3,17.6,0.0,5.9,0.0,17.0,18.3,11.9
35611311,male,1752.0,8.4,9.2,9.3,25.8,34.2,66.3,13.5,8.2,4.7,5.1,6.8,7.4,7.5,6.0,6.6,5.3,4.5,3.8,3.0,4.3,5.0,38.7,59.7,1.1,0.5,34.5,98.0,28.9,1.0,34.6,21.7,5.1,3.3,98.9,0.3,0.0,0.1,0.1,99.7,0.3,7.5,39.7,1.0,49.6,5.2,36.4,5.2,0.7,1.9,0.1,734.0,15.600000000000001,11.1
35611313,female,3834.0,8.8,10.2,9.4,63.3,62.6,0.7,50.0,9.8,6.1,5.8,6.1,7.6,6.2,5.3,5.3,4.1,5.7,3.3,2.7,3.6,8.1,24.9,67.4,0.6,7.1,24.4,93.7,71.1,1.0,25.7,7.0,2.1,1.6,99.3,0.1,0.2,0.1,0.1,99.9,0.1,7.9,66.4,11.1,11.1,33.3,44.4,0.0,0.0,0.0,0.0,9.0,15.299999999999999,9.6
35611313,male,4048.0,9.7,10.0,10.5,36.0,43.5,66.0,49.1,8.9,6.3,5.6,6.6,7.4,6.2,5.3,5.8,4.0,4.2,3.6,2.7,3.2,8.7,35.2,63.2,0.5,1.1,32.1,94.6,41.1,1.4,32.3,17.5,3.1,2.1,99.5,0.2,0.1,0.1,0.0,99.8,0.1,6.1,63.7,0.4,40.3,6.1,48.6,2.1,0.5,1.7,0.2,950.0,13.7,9.5
35611315,female,3483.0,7.6,7.8,9.5,62.4,64.3,2.1,50.0,8.7,6.7,5.2,6.6,6.7,7.1,6.5,5.6,4.3,4.6,3.6,3.2,6.1,10.1,25.4,62.0,2.2,10.3,24.1,91.8,69.9,0.2,16.4,10.5,4.7,4.0,96.2,0.3,90.6,0.5,0.0,99.2,1.0,12.1,40.4,3.7,0.0,74.1,14.8,0.0,0.0,3.7,3.7,27.0,17.5,12.9
35611315,male,3288.0,8.2,8.8,10.7,39.4,49.2,56.5,29.3,9.4,5.8,5.1,6.6,6.4,6.8,6.8,5.4,4.8,4.1,2.8,2.8,5.7,10.5,33.3,64.8,0.5,1.3,31.1,96.8,45.0,0.8,22.3,14.4,8.4,5.0,96.6,0.6,89.5,0.4,0.0,99.6,0.8,9.3,38.3,0.8,61.5,15.8,16.4,3.2,0.1,0.2,1.9,949.0,15.399999999999999,11.3
35910101,female,2201.0,7.9,10.7,10.9,36.9,41.8,16.9,13.0,7.4,5.9,5.7,7.4,7.6,6.5,6.0,4.7,4.8,5.5,4.0,2.8,2.2,3.6,19.9,64.1,7.0,9.0,22.9,97.0,42.5,1.8,31.5,13.9,7.6,3.4,98.9,1.8,1.0,0.0,0.1,99.8,0.6,8.6,52.5,0.4,30.3,7.9,55.3,0.9,0.4,3.5,1.3,228.0,14.5,9.0
35910101,male,2344.0,9.9,10.3,11.0,16.7,25.3,77.0,8.4,8.3,6.3,7.0,5.2,7.9,6.7,5.9,5.2,3.5,4.6,3.1,3.2,2.0,3.8,35.9,60.6,2.4,1.0,30.9,96.3,19.0,2.2,35.3,22.3,11.0,3.9,98.9,2.4,1.3,0.0,0.0,99.8,0.9,7.5,51.2,0.5,69.7,7.6,15.8,0.5,0.3,4.6,1.0,1133.0,12.899999999999999,8.3
35910103,female,41803.0,9.5,10.9,11.3,34.5,40.5,10.1,24.4,9.4,7.7,6.7,7.2,7.6,7.5,5.8,4.4,3.6,3.5,2.0,1.3,1.7,4.3,24.1,66.5,3.7,5.6,22.9,96.1,40.0,1.5,26.8,14.8,9.3,7.1,98.6,1.0,0.9,0.6,0.0,99.6,0.3,14.7,50.2,2.5,11.8,22.8,54.4,1.7,0.0,0.7,6.1,2176.0,8.5,5.0
35910103,male,43605.0,9.6,11.3,11.4,19.5,27.7,70.4,19.3,9.9,7.4,6.1,6.5,6.9,7.1,6.1,5.0,3.7,3.7,2.3,1.6,1.4,4.3,36.2,61.6,1.8,0.5,30.1,95.6,22.4,1.7,34.3,20.5,9.8,6.1,98.6,0.9,0.8,0.5,0.0,99.8,0.3,11.1,44.7,3.0,21.5,7.2,45.0,1.1,3.7,3.9,14.6,16759.0,9.0,5.3
35910303,female,2823.0,10.9,11.9,12.6,55.5,54.8,1.5,17.9,8.8,6.3,6.9,6.5,7.2,4.9,5.3,4.7,3.3,3.3,2.7,2.0,2.7,4.4,19.3,71.8,1.3,7.6,20.5,91.4,65.8,1.8,30.2,8.7,2.7,1.7,99.2,0.5,0.0,0.1,0.1,99.3,0.7,9.0,37.1,0.0,8.7,21.7,43.5,17.4,8.7,0.0,0.0,23.0,10.7,7.4
35910303,male,3322.0,10.1,11.4,12.2,37.6,41.8,68.5,31.9,9.7,7.9,7.0,6.8,6.8,6.5,4.9,4.1,2.8,3.0,2.5,2.1,2.3,4.5,39.8,58.5,0.9,0.7,30.5,91.4,44.0,1.7,35.4,13.9,4.7,2.4,99.5,0.3,0.0,0.0,0.0,99.6,0.4,7.1,32.8,0.1,33.6,4.6,45.8,13.3,1.8,0.6,0.2,1028.0,9.899999999999999,6.8999999999999995
35910305,female,12840.0,9.1,11.3,11.0,42.6,44.7,6.0,37.0,8.8,7.2,6.3,7.2,7.6,6.3,5.6,4.7,3.9,3.7,2.5,2.1,2.5,4.9,24.5,65.5,3.5,6.5,20.5,91.6,49.1,1.8,31.6,12.0,5.9,4.1,98.2,0.9,0.4,0.5,0.0,99.1,1.0,8.9,47.3,1.3,10.5,17.5,65.8,3.1,0.0,0.0,1.8,332.0,10.8,7.1
35910305,male,13664.0,9.7,10.7,11.3,22.9,29.6,71.2,24.4,9.0,7.0,6.5,6.6,7.0,7.3,6.1,4.9,3.5,3.3,2.6,2.2,2.3,5.3,36.6,60.9,1.8,0.7,31.0,91.2,26.3,2.0,35.3,21.6,7.8,3.7,98.8,0.7,0.6,0.5,0.0,99.7,1.2,7.6,44.6,1.5,25.0,5.2,57.5,1.8,0.6,3.0,5.3,5022.0,10.400000000000002,7.1000000000000005
35910307,female,5613.0,9.5,12.2,11.4,51.9,52.6,2.2,20.5,10.2,7.2,5.5,6.6,7.1,6.0,5.0,4.6,3.6,3.5,2.7,2.2,2.6,6.0,22.1,67.7,2.3,7.9,22.3,96.3,60.6,2.0,29.3,9.9,3.7,2.4,99.4,0.3,0.0,0.0,0.0,99.9,0.1,6.1,25.4,0.0,12.1,15.2,40.9,30.3,0.0,1.5,0.0,66.0,11.0,7.5
35910307,male,6368.0,10.0,11.3,11.0,31.2,37.1,77.5,25.4,10.4,8.9,7.1,6.9,6.5,5.4,5.0,3.8,3.3,3.4,2.5,2.3,2.3,5.9,39.6,58.2,1.3,1.0,30.1,95.8,35.8,2.1,36.1,17.2,5.2,2.3,99.4,0.2,0.1,0.0,0.0,99.7,0.3,3.9,22.9,1.4,31.6,2.2,50.5,13.4,0.2,0.4,0.3,2494.0,10.5,7.1
35910501,female,5831.0,8.7,11.1,10.6,55.9,57.1,2.1,47.4,9.2,6.2,5.6,6.5,7.2,6.7,6.1,5.6,4.4,3.6,2.8,2.3,3.5,7.6,24.9,67.5,1.8,5.8,23.7,86.6,63.7,1.0,28.6,7.9,3.8,1.6,96.2,0.2,0.0,2.3,0.1,100.0,0.9,4.8,23.7,12.7,9.9,31.5,45.9,0.0,0.0,0.0,0.0,46.0,12.2,8.6
35910501,male,6523.0,9.1,9.8,9.7,32.0,36.2,59.5,47.6,9.2,8.1,6.7,7.5,6.7,6.8,5.8,5.0,4.1,3.5,2.8,2.5,2.9,6.5,40.4,57.6,1.0,1.0,32.5,95.2,36.2,2.0,37.0,17.1,5.4,2.2,97.0,0.2,0.0,1.8,0.4,100.0,0.6,5.1,20.8,0.5,21.0,10.1,42.7,1.1,3.9,4.5,16.1,1452.0,11.700000000000001,8.2
35910502,female,7163.0,9.0,10.8,10.3,49.2,51.0,3.4,24.0,8.7,7.1,6.5,6.8,7.3,6.9,6.2,4.8,4.2,3.7,2.7,2.0,2.9,4.5,24.8,64.7,3.0,7.4,22.5,90.4,56.3,1.0,26.0,12.6,5.2,4.2,98.7,0.7,0.3,0.2,0.1,99.6,0.4,11.3,48.4,0.0,10.4,26.1,53.3,0.0,0.0,6.0,4.2,130.0,11.3,7.6
35910502,male,7747.0,9.6,10.3,10.6,29.8,35.2,69.2,24.0,8.7,7.8,7.0,6.8,7.1,6.9,5.9,4.8,3.7,3.7,2.8,2.4,2.0,4.6,40.0,58.6,1.1,0.3,32.0,90.6,34.2,1.5,34.2,18.0,7.6,3.4,98.9,0.2,0.4,0.0,0.0,99.9,0.3,7.1,41.7,0.5,16.5,5.4,62.3,1.0,3.5,2.8,8.0,2831.0,10.9,7.199999999999999
35910503,female,6984.0,10.6,11.5,11.1,56.7,57.3,0.9,23.2,9.1,6.6,5.4,7.0,7.2,6.6,5.6,4.8,3.4,3.5,2.1,2.0,3.5,5.2,24.5,68.9,1.6,5.0,22.4,94.2,66.0,2.0,30.4,7.0,2.5,0.8,98.4,0.2,0.0,0.0,0.1,99.8,0.2,3.6,22.4,24.5,13.3,19.1,43.2,0.0,0.0,0.0,0.0,32.0,11.1,7.6
35910503,male,7731.0,10.5,10.9,10.9,32.7,39.8,72.6,8.0,9.0,7.6,6.9,6.7,7.7,6.3,4.8,4.2,3.5,3.5,2.5,2.3,2.7,5.6,39.8,58.5,0.6,1.1,32.1,96.8,37.9,1.7,33.7,17.2,5.1,2.6,98.3,0.1,0.0,0.1,0.1,99.9,0.3,5.3,27.3,12.2,37.2,4.2,33.7,12.0,0.6,0.2,0.0,3501.0,11.0,7.5
35910505,female,5554.0,9.7,11.3,10.7,53.4,56.3,4.3,20.7,10.0,6.3,6.3,6.2,7.7,6.5,5.7,4.4,4.0,3.7,2.4,2.3,3.0,3.3,24.7,66.4,2.3,6.6,22.3,88.1,61.6,1.3,25.5,10.4,4.0,2.5,99.7,0.4,0.4,1.1,0.0,100.0,0.1,6.6,30.2,0.0,9.5,19.0,44.2,8.1,9.0,3.6,6.5,128.0,11.399999999999999,7.699999999999999
35910505,male,5969.0,8.9,10.9,11.3,33.2,42.1,75.0,16.3,8.8,7.3,6.7,7.0,6.9,6.4,5.5,4.4,3.8,4.1,2.7,2.1,3.4,4.5,36.1,61.8,1.0,1.1,31.0,93.4,38.5,0.7,31.6,17.3,4.4,3.9,99.6,0.4,0.5,0.8,0.0,99.7,0.5,4.2,28.2,0.5,27.0,3.8,16.4,10.5,1.1,11.9,28.8,2582.0,12.3,8.200000000000001
35910507,female,4421.0,9.6,10.9,11.2,59.2,60.2,1.6,45.8,9.8,6.5,5.2,6.2,7.2,6.5,4.6,4.8,4.3,3.3,3.2,2.3,4.3,4.8,24.1,67.0,1.3,7.6,22.9,95.7,68.5,0.5,26.1,7.8,3.4,2.0,99.0,0.0,0.0,0.0,0.0,99.7,0.2,3.4,31.8,0.0,15.4,46.2,15.4,23.1,0.0,0.0,0.0,26.0,13.100000000000001,9.8
35910507,male,4977.0,10.6,11.5,10.2,33.4,42.5,76.8,9.7,9.2,7.5,6.4,7.5,6.7,5.8,4.9,4.5,3.7,3.2,2.7,2.2,3.7,5.4,40.0,58.3,0.7,1.0,32.1,96.0,38.1,0.5,34.0,16.3,4.5,2.4,98.7,0.1,0.0,0.0,0.0,99.8,0.1,2.8,27.0,0.2,31.3,5.7,42.2,7.9,0.5,3.1,9.2,2339.0,11.8,8.600000000000001
35910509,female,6079.0,9.6,11.3,11.5,52.1,58.5,1.9,5.6,9.0,7.0,6.3,7.0,7.4,6.1,5.4,4.9,3.7,3.6,2.4,2.2,2.8,5.7,26.5,67.2,1.3,4.9,23.1,80.9,60.6,1.2,26.7,8.3,2.8,2.6,97.0,0.3,0.0,0.0,0.0,100.0,0.0,5.0,20.6,0.0,15.9,14.0,6.4,51.3,0.0,0.0,12.4,74.0,11.0,7.3999999999999995
35910509,male,7009.0,10.2,11.6,9.9,30.2,43.3,68.4,17.2,9.2,7.8,6.8,7.8,7.0,5.7,5.1,4.4,3.7,3.4,2.5,2.0,2.9,4.8,40.5,58.3,0.4,0.9,31.8,79.5,34.5,0.8,34.5,14.2,5.1,2.1,97.6,0.3,0.0,0.0,0.0,99.7,0.1,4.0,18.8,0.9,31.7,7.9,31.5,11.0,13.3,0.9,2.8,2706.0,10.8,7.4
42810101,female,256638.0,6.5,7.7,7.7,18.4,24.9,26.8,21.7,7.0,8.1,7.9,8.0,7.2,7.0,6.3,6.0,5.4,5.4,3.9,2.6,3.3,4.0,29.6,55.2,6.2,9.0,26.0,95.9,20.1,1.8,21.4,16.3,17.4,18.2,98.5,5.2,2.5,0.6,0.1,99.3,1.0,29.8,69.7,2.2,9.2,23.6,60.6,0.7,0.4,0.9,2.4,42129.0,15.2,9.8
42810101,male,244134.0,7.3,8.5,8.6,7.4,15.4,63.8,19.2,7.5,7.5,7.2,7.7,6.9,6.7,5.8,5.8,5.2,5.5,4.2,2.9,2.7,3.9,38.8,57.5,2.8,1.0,32.3,95.8,8.2,2.1,24.1,19.7,19.8,18.9,98.6,5.5,2.8,0.6,0.1,99.2,1.1,29.8,70.7,4.0,23.5,18.7,45.3,0.8,1.4,2.9,3.4,95032.0,15.3,9.8
42810105,female,29506.0,8.5,8.9,8.6,17.4,26.3,26.2,17.5,7.8,8.5,9.2,9.3,8.0,6.8,5.6,5.2,4.4,3.9,2.4,1.4,1.4,3.1,26.9,60.7,6.0,6.5,25.4,96.9,19.4,1.9,23.1,18.2,17.0,13.5,98.8,3.7,2.5,0.4,0.2,99.7,0.6,29.6,69.4,1.4,7.6,15.9,69.3,0.8,0.7,0.6,3.8,4709.0,9.1,5.199999999999999
42810105,male,29020.0,8.8,9.8,9.5,8.4,18.9,67.0,15.6,7.5,7.5,7.6,8.9,7.7,7.0,5.5,5.0,4.1,4.6,3.2,1.8,1.3,3.0,37.1,59.9,2.4,0.6,31.7,96.2,9.3,1.8,25.1,21.2,18.7,14.3,98.7,4.2,2.6,0.6,0.3,99.5,0.8,29.3,72.9,3.7,25.6,19.9,42.2,0.6,1.6,1.9,4.4,11804.0,10.9,6.3
42810111,female,34835.0,7.4,8.9,9.7,35.0,40.1,14.2,25.9,8.1,8.0,6.7,7.1,6.9,7.5,6.0,5.8,4.6,5.1,2.9,2.4,2.9,4.1,25.9,58.5,5.8,9.8,24.2,94.5,39.5,1.3,23.9,16.1,10.0,8.6,98.6,2.4,0.6,0.4,0.0,99.8,0.5,14.7,44.2,0.8,17.8,26.2,50.0,0.9,0.2,1.0,3.2,2716.0,13.3,8.2
42810111,male,34201.0,7.6,9.7,10.1,18.3,28.6,65.1,16.1,8.8,7.8,6.6,7.0,6.8,7.0,5.5,5.8,4.1,5.0,3.5,2.6,2.1,4.3,39.3,57.5,2.3,0.9,31.8,95.2,20.4,1.6,28.6,19.7,12.5,9.0,98.9,2.2,0.8,0.3,0.0,99.8,0.6,12.8,41.0,2.0,45.7,11.9,27.3,1.4,2.1,3.4,6.1,13568.0,13.2,8.2
42810113,female,37741.0,8.5,9.9,10.4,34.3,38.7,17.3,31.9,9.6,8.9,7.4,7.2,7.2,7.1,5.9,5.4,4.2,3.5,2.0,1.4,1.3,2.9,25.8,63.5,4.5,6.2,24.1,95.9,39.1,1.9,26.5,17.1,10.0,5.7,98.8,7.0,2.7,0.2,0.0,99.8,1.1,13.4,46.0,0.7,20.6,7.0,64.5,2.1,1.6,1.2,2.3,3163.0,8.200000000000001,4.7
42810113,male,38486.0,9.0,10.0,10.9,18.5,26.7,69.6,20.8,9.5,8.6,7.3,7.2,6.7,6.4,5.7,5.2,4.1,4.2,2.7,1.4,1.2,4.2,37.7,60.0,1.8,0.5,30.2,96.7,21.1,2.0,32.6,23.2,10.9,4.6,99.0,6.5,2.6,0.2,0.0,99.8,1.2,10.1,43.0,1.4,36.0,8.4,46.3,1.1,2.4,2.3,2.1,14861.0,9.5,5.3
42810301,female,18527.0,11.0,11.7,11.7,48.8,52.3,13.4,29.9,9.4,8.0,7.2,7.1,7.0,6.1,5.0,4.0,3.3,3.3,1.9,1.5,1.9,3.9,21.1,66.7,4.3,7.9,20.6,94.5,56.8,1.0,24.5,13.3,6.4,2.5,99.7,0.5,0.2,0.0,0.1,99.9,0.2,7.1,38.8,0.0,6.9,2.1,83.8,1.5,0.0,0.0,5.7,1143.0,8.6,5.3
42810301,male,19408.0,11.2,11.9,11.8,30.7,37.2,72.1,15.0,9.1,7.6,7.1,7.5,7.1,6.5,5.1,4.3,3.3,3.1,1.9,1.2,1.3,4.1,33.6,64.0,1.9,0.6,27.5,95.3,35.7,1.1,34.5,19.8,5.8,1.7,99.3,0.5,0.1,0.0,0.1,99.9,0.1,4.8,32.5,0.8,30.5,2.0,52.7,2.8,0.2,1.4,9.6,7738.0,7.5,4.3999999999999995
42810305,female,11094.0,10.7,12.0,12.3,47.2,50.4,8.8,25.5,9.1,7.9,6.9,7.5,7.5,6.3,4.9,4.2,2.9,2.8,1.7,1.5,1.8,4.0,19.8,71.1,3.8,5.3,22.0,96.1,55.5,1.2,27.8,12.8,5.7,2.1,99.1,1.4,0.4,0.0,0.0,99.9,0.5,7.9,53.0,0.0,22.5,1.1,61.2,4.2,7.4,1.4,2.3,475.0,7.8,5.0
42810305,male,11558.0,10.7,12.3,11.6,29.1,36.1,71.1,15.9,9.5,7.4,6.5,7.1,7.1,7.1,5.4,4.4,3.3,2.7,1.9,1.3,1.7,4.7,33.9,64.0,1.5,0.7,28.7,96.4,33.7,1.1,35.6,19.7,5.9,1.6,99.2,1.2,0.6,0.0,0.1,99.9,0.4,6.1,50.1,1.6,29.1,3.2,50.9,1.8,7.8,2.6,3.0,4521.0,7.6,4.9
42810311,female,11630.0,9.8,10.8,11.0,42.0,46.4,11.2,16.5,8.7,7.7,6.8,7.5,7.6,6.9,5.4,4.4,3.6,3.2,2.5,2.0,2.1,3.2,23.7,66.2,3.9,6.3,21.2,93.0,48.2,0.6,26.4,16.5,6.6,3.4,97.5,0.7,0.0,0.1,0.0,99.3,0.6,9.9,41.8,2.0,24.0,4.7,65.4,3.2,0.7,0.0,0.0,742.0,9.8,6.6
42810311,male,12218.0,9.9,11.3,10.5,25.3,32.7,74.6,18.2,8.1,8.0,6.6,7.4,7.7,7.4,5.8,4.7,3.5,3.2,2.4,1.8,1.7,3.1,36.5,60.6,2.2,0.7,30.6,93.7,28.6,0.3,34.8,23.3,6.4,2.6,97.6,0.9,0.2,0.0,0.1,99.7,0.4,5.4,38.8,1.3,38.1,2.8,50.1,3.1,0.8,1.5,2.3,5096.0,9.1,5.9
42810503,female,25480.0,11.3,12.2,11.2,53.0,56.5,7.5,16.6,8.9,8.1,7.1,7.8,6.9,6.0,4.8,3.9,3.2,3.4,2.0,1.6,1.6,3.5,19.1,71.6,3.0,6.3,21.1,90.8,61.5,0.3,28.3,10.0,3.3,1.8,98.4,0.2,0.0,0.0,0.2,99.9,0.1,5.0,22.8,12.0,13.0,6.2,44.0,20.5,0.6,0.3,3.3,1046.0,8.6,5.2
42810503,male,28044.0,11.0,12.5,11.5,36.2,48.2,75.3,12.2,9.0,7.8,6.7,7.7,7.6,6.9,4.9,4.0,2.8,2.7,1.9,1.6,1.4,3.4,34.3,63.6,1.4,0.7,28.4,87.7,41.5,0.5,29.5,15.1,4.4,2.2,98.5,0.2,0.1,0.0,0.0,99.9,0.2,3.8,19.8,7.2,33.3,3.0,39.2,12.1,0.4,0.8,4.1,12044.0,7.6,4.9
42810507,female,20094.0,10.1,10.7,11.5,46.4,52.3,14.3,13.1,9.3,8.3,6.8,7.4,7.4,6.7,5.2,4.3,3.3,3.2,2.3,1.7,1.9,3.6,20.3,69.1,4.0,6.7,21.5,89.1,53.7,0.9,27.4,13.8,3.8,1.8,99.0,0.6,0.1,0.1,0.1,100.0,0.4,4.3,30.8,7.1,9.4,3.0,58.2,17.8,0.4,0.3,3.9,1689.0,9.1,5.9
42810507,male,21339.0,10.0,10.4,11.1,25.9,36.1,76.5,8.3,9.1,8.5,7.0,7.3,6.9,7.2,5.6,4.5,3.6,3.3,2.1,1.7,1.7,3.2,35.1,62.7,1.5,0.7,29.1,91.7,29.7,0.6,33.7,23.0,4.9,1.7,99.2,0.6,0.2,0.0,0.1,99.8,0.3,4.1,30.0,7.0,33.4,2.2,41.3,8.7,2.2,1.0,4.0,10235.0,8.8,5.5
42810509,female,17337.0,10.1,11.6,11.4,46.8,50.2,10.0,17.2,9.5,7.7,6.1,6.9,7.2,6.9,5.2,4.3,3.2,3.1,2.4,2.1,2.3,3.1,22.6,64.9,4.0,8.6,21.7,94.8,54.2,0.6,28.5,13.7,4.9,2.1,99.2,0.2,0.0,0.1,0.0,99.6,0.5,7.6,38.6,1.0,6.2,4.5,76.7,1.9,3.5,1.6,4.5,958.0,9.899999999999999,6.8
42810509,male,19115.0,10.3,11.5,11.9,27.3,32.6,75.0,21.1,9.6,7.9,6.2,6.7,6.9,6.7,6.2,4.9,3.2,2.7,2.1,1.5,1.6,3.9,38.1,59.4,1.7,0.7,30.2,94.6,31.6,0.5,37.9,22.3,5.2,1.5,99.0,0.2,0.1,0.0,0.1,99.9,0.1,3.9,34.6,4.7,21.2,2.4,59.5,2.9,2.9,2.0,4.3,7500.0,7.9,5.2
42810511,female,11985.0,10.6,11.7,11.9,51.5,54.6,15.3,7.8,9.3,7.8,6.4,6.8,7.5,6.9,5.0,3.9,3.2,3.2,2.1,1.8,1.9,3.8,20.5,67.9,4.2,7.4,20.3,89.0,59.8,0.8,26.4,11.5,4.5,2.2,97.8,0.4,0.0,0.2,0.1,99.9,0.2,6.6,33.9,0.4,5.2,1.3,79.2,10.2,0.0,1.3,2.4,1109.0,9.0,5.800000000000001
42810511,male,12713.0,10.4,11.8,12.2,31.0,38.4,67.0,4.7,9.7,8.2,6.4,6.6,7.0,7.2,5.4,4.4,3.1,2.9,1.7,1.5,1.5,3.3,36.2,61.3,1.7,0.8,29.4,90.7,35.5,1.0,33.6,17.1,7.1,3.0,97.9,0.2,0.1,0.1,0.0,99.8,0.3,6.9,35.3,1.3,21.1,0.7,61.0,10.2,0.4,1.4,3.8,5320.0,7.6,4.7
42810701,female,17323.0,9.5,11.1,11.0,46.0,49.1,12.0,29.3,9.0,7.2,6.3,6.8,7.2,6.8,5.5,4.7,3.7,4.0,2.5,2.0,2.6,4.7,21.9,65.0,4.5,8.6,23.0,95.7,53.0,1.1,27.6,12.6,6.0,3.5,98.9,0.2,0.1,0.3,0.1,99.9,0.1,10.3,41.9,0.2,11.7,13.5,71.6,3.1,0.0,0.0,0.0,1003.0,11.1,7.1
42810701,male,17749.0,10.3,11.1,11.4,27.5,38.1,68.4,18.6,9.7,7.4,5.8,6.4,7.0,6.7,4.8,4.7,3.7,4.0,2.8,1.9,2.3,5.0,37.3,60.2,1.5,1.0,31.0,96.8,31.4,1.4,29.1,20.6,8.0,2.8,99.0,0.2,0.1,0.1,0.1,99.9,0.0,6.2,36.3,1.9,35.1,5.7,48.6,3.3,0.8,1.5,3.3,6639.0,11.0,6.999999999999999
42810703,female,13879.0,9.7,11.1,10.9,49.0,52.7,6.5,17.6,9.5,7.5,6.5,7.0,7.2,6.6,5.4,4.5,3.5,3.4,2.5,2.3,2.6,5.2,23.0,64.6,3.7,8.8,21.0,93.3,56.4,1.2,25.9,13.4,4.3,2.5,99.3,0.2,0.0,0.0,0.1,99.9,0.2,7.5,35.0,0.0,7.0,5.9,86.2,0.9,0.0,0.0,0.0,511.0,10.799999999999999,7.4
42810703,male,14832.0,9.8,11.2,11.0,31.2,42.5,68.1,17.4,9.0,8.3,6.8,6.7,7.1,6.6,5.3,4.5,3.6,3.1,2.5,2.4,2.3,6.0,38.4,58.7,1.8,1.1,30.5,93.7,35.9,1.1,27.6,20.1,5.7,3.1,99.3,0.2,0.0,0.1,0.0,99.9,0.1,5.9,33.5,2.0,25.6,7.4,53.1,1.7,1.3,5.0,3.8,5674.0,10.3,7.2
42810705,female,5503.0,9.4,9.9,10.1,48.8,51.0,5.3,32.7,8.8,7.2,6.6,6.7,7.1,7.0,5.4,4.9,4.2,3.9,2.8,2.8,3.3,4.7,22.6,64.9,3.6,8.9,23.5,95.9,55.3,2.0,25.8,11.7,6.5,2.9,98.9,0.1,0.0,0.0,0.0,99.8,0.2,6.2,33.8,0.0,3.8,5.5,77.1,3.5,0.0,0.0,10.0,140.0,12.8,8.899999999999999
42810705,male,5735.0,8.8,9.9,10.2,29.8,37.3,67.5,26.1,9.5,7.8,6.0,7.4,7.3,6.8,5.1,5.2,3.7,3.9,3.0,2.6,2.8,3.4,37.3,60.5,1.6,0.7,31.2,98.3,33.8,3.8,26.2,19.5,10.2,3.0,98.7,0.1,0.0,0.0,0.0,99.8,0.0,5.7,31.4,1.2,28.0,5.5,38.0,3.3,1.4,4.6,17.9,2032.0,12.3,8.399999999999999
42810707,female,3088.0,8.8,9.3,10.5,60.1,61.2,8.7,29.7,8.1,5.3,5.0,6.3,5.8,6.5,5.6,5.2,5.5,4.9,4.0,3.6,5.6,11.3,19.1,64.1,3.2,13.6,22.5,97.1,68.6,0.6,21.5,10.6,4.2,1.9,98.9,0.1,0.1,0.0,0.0,99.9,0.1,4.4,22.3,0.0,4.4,11.9,74.1,9.6,0.0,0.0,0.0,135.0,18.1,13.2
42810707,male,3176.0,8.2,9.1,10.2,37.1,47.3,59.9,26.1,9.4,6.1,5.5,6.2,7.5,6.3,5.8,5.1,4.3,4.5,4.1,3.0,4.7,10.6,37.0,60.2,1.6,1.2,33.0,97.2,41.7,0.8,26.0,17.6,6.0,2.3,99.2,0.2,0.1,0.0,0.1,99.9,0.3,2.8,17.2,0.9,34.3,5.7,46.2,6.2,0.2,4.2,2.3,1017.0,16.3,11.8
42810901,female,18674.0,10.4,11.5,11.4,55.8,59.8,13.0,11.5,10.3,8.2,7.3,7.5,7.1,6.6,4.7,4.2,3.1,3.1,1.6,1.4,1.5,4.7,21.5,68.6,3.1,6.8,22.4,87.4,64.4,0.5,25.5,10.7,2.3,1.2,95.7,0.1,0.0,0.0,0.1,99.8,0.1,2.2,17.9,1.6,7.9,2.5,72.4,7.6,0.0,4.3,3.7,1434.0,7.6,4.5
42810901,male,19903.0,10.1,11.8,12.0,39.6,53.1,73.1,7.7,10.4,8.6,6.6,7.0,7.2,6.5,4.7,4.0,2.9,3.2,2.0,1.6,1.3,3.9,37.2,61.2,1.2,0.5,29.3,89.8,45.6,0.5,27.4,14.0,3.4,1.6,95.4,0.1,0.0,0.1,0.0,99.9,0.1,2.2,15.8,3.7,37.2,1.7,49.6,2.5,0.1,2.8,2.5,8873.0,8.100000000000001,4.9
42810909,female,10834.0,10.2,10.9,10.1,41.3,43.5,8.4,16.1,8.8,7.5,6.6,7.2,7.6,7.4,5.8,4.5,3.5,3.5,2.4,2.0,2.1,5.0,22.7,64.6,5.0,7.7,20.7,91.5,47.0,2.2,30.5,14.2,6.0,3.6,99.2,1.1,0.6,0.1,0.0,99.9,0.4,10.9,39.8,0.2,9.0,13.6,75.9,0.2,0.0,0.4,0.8,524.0,10.0,6.5
42810909,male,10895.0,10.3,11.7,11.2,21.7,28.4,68.0,25.9,8.5,7.1,6.2,6.3,7.3,7.5,6.3,4.9,3.6,3.4,1.9,1.8,1.9,4.9,35.5,62.6,1.0,0.9,30.3,95.5,25.1,2.1,37.9,21.0,6.9,3.7,99.1,1.0,0.8,0.0,0.1,99.9,0.3,7.3,37.5,1.4,21.2,5.4,65.5,3.5,0.6,1.6,0.8,3659.0,9.0,5.6
42810913,female,24804.0,10.4,12.0,12.0,49.8,57.2,4.7,17.1,9.2,7.9,7.0,7.5,7.3,6.4,4.7,4.1,2.9,3.4,1.9,1.6,1.7,3.8,20.1,70.3,3.7,5.9,21.4,90.3,57.9,0.1,26.4,10.5,3.8,1.8,97.9,0.2,0.1,0.0,0.0,99.7,0.3,3.9,22.2,0.7,7.2,12.7,65.6,5.7,0.0,3.9,4.2,639.0,8.6,5.2
42810913,male,27875.0,10.1,12.0,11.8,32.2,50.6,72.3,16.5,9.5,8.7,7.1,7.0,7.3,6.5,4.9,3.8,2.7,3.2,2.1,1.7,1.5,4.1,38.7,59.4,1.4,0.4,30.1,89.9,37.1,0.4,26.0,15.8,4.6,2.7,98.2,0.3,0.0,0.0,0.1,99.9,0.0,3.2,20.8,4.3,31.5,6.6,39.9,3.2,1.1,6.5,7.0,11118.0,8.5,5.3
42810915,female,11923.0,9.0,10.4,10.2,46.4,48.7,7.6,26.7,8.1,7.2,6.2,6.6,7.5,7.0,5.9,5.0,3.8,4.4,3.1,2.5,3.2,6.3,22.5,65.2,3.3,9.0,19.7,91.8,52.8,1.2,30.7,11.5,5.7,2.2,97.3,0.5,0.0,0.1,0.0,99.9,0.1,7.0,39.2,0.0,42.0,5.5,44.3,2.0,0.0,3.1,3.2,469.0,13.2,8.8
42810915,male,12267.0,9.8,10.5,10.9,24.1,36.0,69.2,18.7,8.5,7.3,5.4,6.0,7.2,7.1,6.3,5.1,4.0,4.1,3.0,2.2,2.5,5.8,36.5,61.2,1.7,0.6,30.4,91.9,27.4,1.5,32.6,19.7,8.0,2.2,97.8,0.3,0.0,0.0,0.1,99.9,0.1,5.5,36.6,4.4,26.0,5.8,47.8,4.0,0.2,2.0,9.7,4748.0,11.8,7.7
42811103,female,10628.0,9.4,12.1,10.3,56.2,57.4,10.3,12.1,7.6,6.7,7.0,9.1,8.1,6.6,4.5,4.3,4.1,3.8,2.4,1.7,2.3,3.7,22.8,65.2,4.2,7.9,23.3,94.6,64.2,1.3,30.2,7.5,2.4,1.2,98.6,0.2,0.1,0.1,0.0,100.0,0.0,5.5,26.7,0.0,1.0,6.4,68.7,23.9,0.0,0.0,0.0,653.0,10.2,6.3999999999999995
42811103,male,10746.0,10.8,12.1,10.9,35.5,48.4,74.0,10.1,7.8,6.8,7.0,7.8,8.8,6.9,4.4,3.6,3.1,3.6,2.5,2.1,1.8,4.2,33.1,64.5,1.7,0.7,29.6,94.5,40.5,2.3,31.2,12.4,3.8,1.9,98.4,0.1,0.0,0.1,0.1,99.8,0.1,4.0,24.5,4.9,25.6,3.0,54.8,11.6,0.0,0.1,0.0,4732.0,10.0,6.3999999999999995
42811105,female,17408.0,9.6,11.0,11.1,41.7,46.8,10.5,28.5,9.3,8.3,6.9,7.0,7.2,7.2,5.2,4.8,3.4,3.5,2.2,1.6,1.8,4.8,22.3,65.5,3.6,8.5,22.0,97.1,48.2,1.0,29.3,13.8,5.4,3.7,99.4,0.5,0.1,0.1,0.1,99.9,0.0,9.7,41.0,1.1,4.0,22.8,68.1,1.1,0.0,0.0,2.9,892.0,9.100000000000001,5.6000000000000005
42811105,male,18079.0,9.4,11.3,11.2,26.3,37.1,72.3,18.8,9.3,7.9,6.9,6.6,7.3,7.0,5.4,4.9,3.3,3.5,2.5,1.8,1.7,6.2,37.6,59.8,1.7,0.9,30.3,96.7,30.4,1.1,30.4,20.8,6.4,4.2,99.4,0.3,0.1,0.0,0.1,99.9,0.2,7.0,37.3,2.7,41.5,4.6,38.1,1.7,2.1,3.0,6.2,7226.0,9.5,6.0
42811107,female,16215.0,9.5,11.1,10.7,46.0,51.2,25.6,9.5,8.6,7.9,7.5,8.2,8.3,6.9,5.2,4.4,3.2,3.6,1.9,1.5,1.4,3.3,21.2,65.5,6.4,7.0,22.6,92.4,52.3,1.4,29.5,11.4,4.5,2.0,98.5,0.6,0.1,0.0,0.0,99.8,0.4,5.0,31.4,0.3,5.9,4.3,61.4,24.1,0.6,0.7,2.8,2575.0,8.4,4.8
42811107,male,16414.0,10.5,11.9,11.2,25.1,39.9,77.0,8.6,9.2,7.6,6.7,7.0,7.6,6.9,5.0,4.5,3.1,3.1,2.4,1.8,1.5,4.4,35.7,61.8,1.6,0.8,29.4,91.4,28.7,1.7,31.0,18.2,5.9,3.3,98.2,1.2,0.2,0.0,0.0,99.6,0.4,6.8,32.3,3.5,29.8,4.4,49.0,5.6,0.5,2.2,4.9,7679.0,8.8,5.7
42811111,female,10459.0,10.7,12.5,11.9,54.2,56.7,6.0,37.6,8.9,8.1,6.0,7.2,7.5,6.2,4.6,4.2,3.3,3.0,2.2,1.6,2.1,4.8,21.6,67.3,3.2,7.9,23.0,87.0,63.5,0.4,25.6,9.8,4.7,2.7,98.4,0.2,0.0,0.1,0.0,99.2,0.9,3.8,23.2,0.0,7.0,18.2,74.8,0.0,0.0,0.0,0.0,253.0,8.9,5.9
42811111,male,11151.0,10.5,12.2,11.4,34.5,45.9,69.1,16.8,10.0,8.2,7.3,7.2,6.8,6.2,4.8,3.7,3.1,3.1,2.2,1.5,1.7,3.9,37.9,60.3,1.1,0.7,29.3,88.0,40.1,0.6,27.6,17.2,5.9,2.8,98.8,0.1,0.1,0.0,0.0,100.0,0.0,2.6,18.2,1.7,21.8,3.6,64.6,4.9,0.0,1.2,2.2,4221.0,8.5,5.4
42910101,female,65685.0,5.0,7.1,8.2,30.5,34.7,16.8,40.0,7.3,7.3,6.2,6.7,6.8,7.0,7.0,7.2,6.2,6.6,4.1,3.0,4.4,5.3,28.1,53.7,6.0,12.1,26.4,96.2,33.6,1.8,20.3,16.1,16.4,10.6,98.0,9.3,36.5,0.8,0.0,99.6,1.4,25.5,66.1,1.8,16.4,37.1,37.0,1.7,0.2,1.5,4.3,5277.0,18.1,11.5
42910101,male,59838.0,6.1,8.3,9.5,11.7,20.3,54.5,29.3,8.2,7.2,5.8,6.1,5.9,5.9,5.7,6.5,5.6,6.9,5.4,3.6,3.4,5.5,40.8,55.3,2.6,1.4,35.1,94.6,13.1,2.2,23.8,21.3,20.7,11.7,98.5,8.8,34.9,0.8,0.1,99.7,1.3,23.3,67.9,3.9,33.4,25.7,27.6,0.9,1.5,2.7,4.3,17540.0,19.3,12.4
42910103,female,5764.0,6.3,7.3,8.5,33.8,35.5,15.9,32.8,8.0,7.2,6.5,6.5,5.7,6.2,7.2,6.3,5.7,5.0,4.4,3.3,5.9,6.2,29.6,51.7,5.7,13.0,27.2,99.4,37.4,2.0,21.7,16.1,15.1,9.6,99.3,2.2,1.7,0.6,0.1,99.6,1.4,22.9,65.8,0.0,10.6,47.3,33.1,2.2,0.0,0.9,6.0,479.0,18.6,13.600000000000001
42910103,male,5350.0,5.9,8.5,10.4,15.4,20.6,58.0,12.6,8.6,6.3,6.3,5.8,5.9,6.4,6.6,6.4,5.9,5.7,4.3,3.1,3.9,5.3,39.4,56.2,3.3,1.1,34.3,97.2,17.3,3.1,28.5,18.3,19.6,10.0,99.0,1.5,1.9,0.2,0.2,99.8,0.5,22.0,62.5,1.2,41.3,25.0,23.9,1.4,0.3,2.0,4.9,2033.0,17.0,11.3
42910105,female,52273.0,6.5,8.2,9.1,31.9,35.2,17.8,37.2,8.2,7.4,7.0,7.5,7.3,7.3,6.4,6.3,5.2,5.3,3.2,2.3,3.0,5.4,28.1,54.5,6.9,10.4,25.7,96.8,35.5,1.8,23.1,17.7,14.6,7.6,99.1,6.4,12.7,0.6,0.0,99.8,0.8,22.3,61.4,2.1,18.9,20.9,48.7,1.1,0.7,2.1,5.6,4448.0,13.8,8.5
42910105,male,48519.0,7.4,9.4,10.5,13.8,21.3,56.4,25.5,9.1,7.1,5.8,6.4,6.4,6.2,5.7,6.1,5.0,5.7,4.1,2.7,2.2,4.9,41.1,54.8,3.0,1.0,34.2,97.3,15.6,2.5,27.5,23.4,16.9,8.5,99.1,5.8,11.0,0.6,0.1,99.8,0.9,19.9,61.5,3.2,33.3,18.7,31.8,1.0,1.7,3.8,6.6,14804.0,14.7,9.0
42910117,female,14307.0,8.9,9.8,9.8,23.5,29.8,17.0,29.3,7.2,7.7,8.3,8.9,7.6,7.0,5.6,4.8,4.0,3.9,2.8,1.7,2.2,3.5,23.1,66.2,4.2,6.5,23.2,97.5,26.6,2.0,23.0,17.4,15.6,12.2,98.2,8.7,4.9,1.3,0.1,99.7,1.2,28.0,68.9,2.0,14.3,35.1,41.4,1.7,3.1,0.7,1.8,1232.0,10.599999999999998,6.7
42910117,male,14336.0,9.5,10.4,10.1,9.6,18.4,66.6,18.8,7.3,6.0,5.8,8.0,7.9,7.6,6.2,5.4,4.1,4.5,3.1,2.3,2.0,4.8,33.2,64.2,1.8,0.8,30.6,98.4,10.8,2.9,25.8,22.2,18.6,12.0,98.6,8.4,6.2,0.9,0.0,99.9,1.0,26.3,68.0,4.5,23.2,37.1,26.4,1.2,4.0,1.4,2.2,5421.0,11.899999999999999,7.4
42910301,female,3401.0,6.9,8.9,9.5,54.4,54.1,8.5,22.3,7.9,5.7,5.5,6.5,7.0,6.9,6.7,6.1,5.5,5.5,3.4,3.4,4.6,9.4,19.0,68.9,2.7,9.4,22.1,96.3,60.8,1.3,26.0,11.7,4.3,2.7,83.3,0.5,73.9,2.5,0.1,97.9,2.1,11.0,51.3,0.0,29.3,7.2,23.4,29.3,0.0,9.0,1.8,167.0,16.9,11.399999999999999
42910301,male,3662.0,7.5,9.8,9.9,33.4,37.0,72.1,18.5,7.6,5.0,4.5,5.3,6.3,7.4,7.7,6.0,5.8,5.6,3.6,3.1,4.9,9.8,32.6,63.7,2.4,1.3,31.8,95.9,37.7,2.2,34.1,17.9,6.7,2.2,84.7,0.5,77.0,2.2,0.1,98.2,2.1,7.8,50.5,0.9,47.9,3.5,24.8,5.9,0.4,8.7,7.9,1566.0,17.2,11.600000000000001
42910303,female,4735.0,6.8,9.2,9.5,53.8,53.0,4.9,51.7,7.4,6.6,5.6,6.4,6.0,6.9,6.1,5.7,5.1,5.1,4.0,3.6,5.9,8.1,22.8,61.6,3.4,12.2,22.5,94.7,60.3,1.6,24.3,12.5,6.2,2.5,89.2,5.4,86.8,0.3,0.0,99.2,10.1,11.0,45.0,0.0,31.3,30.1,32.5,1.2,0.0,1.2,3.6,83.0,18.6,13.5
42910303,male,4640.0,7.3,9.5,9.9,25.5,31.4,58.7,21.0,8.3,5.5,5.2,6.2,6.7,6.8,7.1,6.4,5.7,4.1,3.8,2.8,4.7,7.8,38.1,57.6,2.7,1.6,33.7,95.8,28.5,3.0,31.5,23.8,7.9,2.4,95.3,4.9,88.0,0.2,0.0,99.0,11.1,8.6,41.3,0.6,43.6,6.3,34.7,1.8,0.1,11.8,1.1,1578.0,15.399999999999999,11.3
42910305,female,2311.0,6.5,9.1,10.1,57.0,57.7,6.1,47.1,6.8,5.6,6.4,6.0,5.9,7.6,6.7,6.4,4.8,5.3,3.4,3.4,6.0,11.1,20.2,64.0,2.9,13.0,23.0,86.4,63.9,1.4,23.5,10.0,5.1,2.3,93.7,15.6,53.9,0.7,0.0,98.2,2.4,8.7,53.9,1.8,18.2,12.7,58.2,7.3,0.0,1.8,0.0,55.0,18.1,12.8
42910305,male,2365.0,7.4,8.8,10.6,34.4,41.4,66.2,41.6,7.5,6.3,4.9,5.8,6.1,6.5,7.1,7.3,4.7,5.5,3.8,2.8,4.9,11.5,36.1,60.8,2.0,1.0,33.2,84.2,37.8,1.9,25.7,19.0,8.9,3.1,95.9,16.4,53.0,0.4,0.1,97.9,2.7,7.6,55.9,0.9,36.5,11.6,42.2,4.4,3.0,0.8,0.8,666.0,17.0,11.5
42910307,female,10782.0,7.0,9.7,11.4,57.5,56.7,11.1,20.1,8.3,6.6,5.6,6.3,7.3,7.5,6.2,5.4,4.6,4.5,3.3,2.7,3.6,5.4,21.0,63.5,4.5,11.1,22.7,95.6,66.1,1.0,23.7,11.0,5.4,2.2,79.7,3.7,89.2,0.2,0.0,99.3,1.8,14.7,56.3,1.2,49.6,8.4,17.7,20.7,0.0,0.0,2.4,685.0,14.1,9.6
42910307,male,10225.0,8.5,10.9,12.8,29.6,35.8,62.6,17.9,10.0,6.6,4.7,5.3,6.3,6.8,5.7,5.0,4.4,4.2,3.2,2.6,3.1,5.5,37.9,59.9,0.9,1.3,32.4,93.7,34.7,1.8,27.9,23.0,9.5,2.0,87.9,3.2,90.4,0.3,0.0,99.6,1.7,10.4,55.6,0.8,47.5,7.7,32.1,4.7,0.6,1.5,5.2,3558.0,13.1,8.9
42910309,female,6955.0,8.3,10.1,11.8,58.5,57.1,5.1,52.3,8.0,6.5,5.7,6.3,7.1,6.5,6.0,5.2,4.3,4.4,3.3,2.7,3.7,4.9,21.0,63.2,3.1,12.7,20.2,95.4,68.1,1.0,25.6,9.3,4.8,2.2,91.7,5.2,78.0,0.3,0.0,99.3,3.6,11.3,63.0,0.0,11.4,0.0,73.6,5.5,0.0,0.0,9.5,117.0,14.100000000000001,9.7
42910309,male,6830.0,8.5,10.7,12.1,32.4,36.7,66.8,25.7,9.1,6.3,5.6,6.0,7.2,6.8,6.2,5.2,3.9,3.8,3.2,2.5,3.0,5.0,39.8,56.4,1.6,2.2,33.0,96.9,37.6,2.0,29.7,20.2,9.9,1.4,95.9,5.7,79.6,0.1,0.0,99.3,5.4,9.5,56.8,0.2,25.9,5.0,61.9,2.0,0.3,2.2,2.5,2332.0,12.5,8.7
42910311,female,7713.0,6.6,8.6,11.1,48.7,47.3,11.4,44.9,8.2,7.0,5.6,6.6,6.3,7.4,7.3,5.8,4.7,4.8,3.3,3.0,3.7,6.4,22.8,60.8,5.5,10.9,22.0,97.7,55.6,2.4,23.8,15.1,7.6,3.8,93.9,10.4,62.2,0.3,0.0,99.7,0.9,14.4,51.1,0.0,20.1,7.8,50.1,2.8,8.4,5.3,5.6,359.0,14.8,10.0
42910311,male,7733.0,7.3,8.9,10.6,28.7,31.9,65.7,22.3,9.2,7.1,5.8,6.0,6.4,6.7,7.1,6.8,4.9,4.4,3.1,2.4,3.2,7.1,39.3,56.8,2.7,1.2,32.5,98.8,32.7,4.0,27.8,23.4,10.7,2.2,96.3,9.7,63.8,0.3,0.0,99.6,0.6,9.2,44.9,1.9,28.8,3.9,50.9,2.1,6.0,3.2,3.2,2889.0,13.100000000000001,8.7
42910313,female,3423.0,7.1,8.5,9.6,59.1,58.3,2.7,44.3,7.5,5.2,5.1,5.3,6.4,7.4,7.0,6.4,5.3,5.1,4.7,3.7,5.6,5.4,20.8,63.2,3.1,13.0,20.6,95.4,66.4,0.4,25.1,9.5,4.8,1.8,95.6,13.7,57.6,0.6,0.0,98.9,0.7,4.5,50.8,0.0,2.6,12.8,79.5,5.1,0.0,0.0,0.0,39.0,19.1,14.0
42910313,male,3648.0,7.2,9.6,10.4,37.7,41.6,60.0,38.8,8.5,6.6,5.0,5.3,6.2,6.1,6.6,6.3,5.1,4.9,4.0,3.2,5.0,6.5,36.6,59.4,2.0,1.9,32.5,94.3,42.5,0.6,31.3,18.1,6.0,2.3,97.1,14.9,58.4,0.2,0.0,98.9,1.2,2.6,49.2,0.1,24.0,6.0,67.8,1.5,0.0,0.1,0.4,976.0,17.1,12.2
42910315,female,3570.0,5.8,7.4,8.2,56.6,55.2,6.6,63.2,6.9,5.6,4.4,4.9,6.2,6.5,6.9,6.4,6.2,6.9,5.1,4.3,8.3,9.3,25.3,54.7,4.9,15.2,19.5,98.5,62.3,1.9,22.3,12.2,5.9,2.5,84.0,0.6,83.9,0.9,0.0,99.6,1.0,7.4,50.0,0.0,11.8,26.5,57.4,2.9,0.0,0.0,1.5,68.0,24.6,17.7
42910315,male,3305.0,6.4,7.9,8.7,23.4,27.3,65.9,43.4,7.9,4.9,4.8,4.6,5.8,6.6,7.4,8.0,7.3,6.5,4.6,3.1,5.6,9.0,37.8,58.0,2.2,2.0,33.1,99.4,26.0,2.9,33.3,24.1,9.5,2.9,89.3,0.5,85.2,0.9,0.0,99.6,0.9,5.1,49.0,1.5,45.0,8.8,40.4,1.3,1.5,1.4,0.2,948.0,19.799999999999997,13.299999999999999
42910317,female,3861.0,5.8,8.3,10.1,52.5,53.3,5.8,26.3,6.8,4.8,4.8,5.3,7.7,6.7,7.8,6.0,6.4,5.8,4.5,3.5,5.6,5.1,24.5,58.4,3.5,13.5,21.6,97.5,59.4,1.6,21.8,13.8,6.4,3.2,98.2,12.8,48.2,0.5,0.1,99.8,3.4,15.2,52.5,1.6,20.6,24.6,51.6,0.8,0.0,0.8,0.0,126.0,19.4,13.6
42910317,male,3783.0,5.9,8.7,11.0,28.6,32.9,57.8,15.7,7.8,5.9,4.7,5.0,6.3,6.9,7.1,6.6,6.7,6.0,4.4,3.1,3.6,4.8,37.6,58.3,2.6,1.5,33.7,97.3,32.8,2.9,29.4,22.7,9.0,3.1,98.7,12.6,49.8,0.4,0.0,99.3,2.9,10.9,48.5,1.2,44.6,6.7,41.5,1.1,0.4,0.7,3.8,1370.0,17.1,11.1
42910501,female,694.0,5.9,9.2,8.9,62.6,61.2,3.2,82.4,10.5,6.5,4.2,4.9,7.3,6.5,7.6,6.9,4.5,4.2,3.9,3.2,5.8,15.9,23.3,61.7,2.5,12.5,25.0,87.5,69.8,0.3,18.7,9.5,7.2,3.0,72.3,0.3,96.4,0.0,0.0,92.3,9.1,7.7,25.5,0.0,0.0,66.7,0.0,33.3,0.0,0.0,0.0,3.0,17.1,12.899999999999999
42910501,male,760.0,6.8,6.7,11.3,36.1,41.3,46.1,18.6,10.3,8.9,5.5,5.5,5.3,6.1,7.2,5.7,3.6,5.7,3.4,4.3,3.7,13.3,41.5,55.5,1.8,1.2,34.6,91.0,41.5,0.4,25.5,18.3,10.5,3.9,82.1,0.1,95.8,0.1,0.0,94.0,10.2,6.9,24.3,0.0,52.3,15.0,26.2,1.9,0.0,4.7,0.0,214.0,17.099999999999998,11.399999999999999
42910503,female,4147.0,6.2,7.4,9.9,61.8,60.9,2.3,40.8,7.8,6.0,4.3,5.0,6.8,7.1,6.9,6.1,5.3,6.1,4.3,4.7,6.0,9.2,20.5,60.8,4.6,14.1,22.8,89.5,68.7,1.4,20.8,10.5,3.5,2.9,60.7,4.4,77.2,0.3,0.0,88.9,11.4,12.4,49.8,0.0,27.6,28.5,36.5,0.0,0.0,7.3,0.0,43.0,21.099999999999998,15.0
42910503,male,4032.0,6.3,8.1,10.1,38.2,48.7,46.4,30.9,9.3,5.3,4.4,5.6,6.0,6.8,7.0,6.9,5.1,5.0,5.2,4.2,4.8,7.8,34.2,61.0,2.7,2.0,33.4,84.8,42.7,1.3,20.6,20.3,6.7,2.4,63.3,4.8,74.6,0.4,0.0,89.1,10.9,9.4,43.9,13.6,37.9,10.2,34.0,0.9,0.0,1.3,2.1,977.0,19.2,14.2
42910505,female,1355.0,5.8,8.5,10.4,70.1,68.6,2.5,34.6,7.7,5.0,5.3,6.9,8.3,6.5,7.2,5.9,4.4,5.5,4.1,3.1,5.4,8.3,20.3,67.0,1.9,10.9,23.9,88.8,78.8,0.1,16.7,8.3,3.6,2.7,41.3,0.1,98.7,0.2,0.1,99.7,0.6,11.5,76.4,0.0,17.6,11.8,64.7,0.0,0.0,5.9,0.0,17.0,18.1,12.6
42910505,male,1522.0,6.6,8.1,11.3,54.0,57.0,61.3,4.4,8.6,5.4,5.0,5.9,6.8,7.8,6.6,5.3,6.4,4.5,3.6,3.0,5.0,7.8,34.6,61.2,3.2,1.0,32.7,91.8,61.4,0.1,21.0,13.1,6.4,2.4,47.2,0.3,98.5,0.1,0.0,99.8,0.5,9.3,68.9,0.3,51.6,4.3,20.4,5.0,0.0,17.4,1.1,657.0,16.1,11.6
42910507,female,3161.0,5.0,6.2,8.6,54.8,53.7,7.7,37.9,6.5,5.3,4.6,5.7,6.4,7.1,6.8,7.8,6.1,6.2,4.7,5.1,8.0,8.5,21.1,56.1,6.7,16.1,22.5,98.5,60.4,1.5,20.7,12.7,7.7,3.7,97.2,0.7,74.9,0.4,0.0,99.8,0.3,14.8,59.5,3.3,19.8,9.9,57.9,8.3,0.8,0.0,0.0,121.0,24.0,17.8
42910507,male,2886.0,6.5,9.7,8.7,30.7,34.3,58.8,17.0,7.4,4.9,4.1,4.5,5.8,5.9,6.5,8.0,6.7,5.6,6.0,4.1,5.7,8.0,32.6,61.6,3.9,1.9,33.0,97.9,33.9,2.6,27.5,20.0,11.7,3.9,98.3,0.3,74.3,0.4,0.1,99.4,0.8,11.4,56.3,0.5,42.9,8.7,42.0,3.9,0.2,1.0,0.8,1056.0,21.4,15.8
42910509,female,5622.0,5.9,6.6,8.5,47.7,48.8,7.5,54.8,7.4,6.6,5.0,6.1,5.7,6.6,7.1,6.5,6.9,7.0,4.3,4.0,5.9,9.9,21.7,55.8,6.8,15.7,24.2,91.7,52.5,1.3,18.8,15.5,11.1,4.5,99.0,4.4,45.3,0.3,0.1,100.0,3.6,10.2,53.2,0.0,11.1,31.1,41.5,0.0,0.0,1.3,15.0,150.0,21.200000000000003,14.200000000000001
42910509,male,5190.0,6.3,8.9,9.0,24.2,28.9,54.4,46.2,8.8,6.7,5.0,5.6,5.0,5.6,6.2,7.4,5.6,5.9,5.4,4.1,4.5,9.0,38.2,56.9,3.9,1.0,34.7,98.4,27.1,3.5,27.5,20.6,14.7,4.7,99.6,2.4,43.5,0.4,0.0,99.8,3.8,10.2,50.0,3.1,44.4,10.0,30.6,3.5,1.6,3.1,3.6,1148.0,19.9,14.0
42910511,female,9961.0,6.5,7.9,9.0,43.8,46.4,13.5,32.3,8.1,7.5,6.6,6.8,6.9,7.7,6.8,6.0,4.7,4.9,3.5,2.7,4.3,4.8,24.0,57.5,6.8,11.7,25.1,91.3,48.6,1.1,19.4,13.1,12.5,7.5,95.2,9.9,55.7,0.4,0.1,99.1,3.4,20.8,60.8,1.8,12.6,21.7,51.2,2.6,0.6,0.9,8.6,697.0,15.400000000000002,10.5
42910511,male,9617.0,7.4,9.2,9.7,26.8,33.3,65.8,17.4,8.4,7.0,6.0,7.0,6.4,7.0,6.8,6.1,4.8,4.7,3.9,2.8,2.9,5.0,37.2,58.1,3.6,1.1,32.7,89.7,29.7,1.4,23.3,18.0,15.6,8.3,94.8,10.0,54.6,0.3,0.0,99.8,3.2,19.9,61.8,1.9,28.9,12.4,36.6,5.4,0.8,5.0,9.1,3854.0,14.299999999999999,9.6
42910513,female,4610.0,5.2,7.3,8.2,55.3,57.1,9.5,28.0,7.4,5.8,5.1,6.1,6.2,6.4,7.4,7.0,5.9,6.8,4.4,3.8,7.0,10.1,22.8,57.0,5.2,15.0,23.9,87.7,60.6,0.4,16.9,13.0,8.2,4.4,95.6,1.2,50.2,0.3,0.1,99.2,2.7,13.6,66.7,0.4,10.8,19.2,64.0,1.2,0.0,0.4,4.0,250.0,22.0,15.2
42910513,male,4403.0,5.8,7.8,9.6,33.1,39.4,56.4,19.9,8.7,5.8,4.8,5.4,5.1,6.3,6.4,7.4,6.2,6.2,5.0,4.3,5.2,9.3,37.2,58.8,2.6,1.4,33.6,87.8,36.4,0.8,23.1,21.9,11.3,3.5,96.4,1.1,49.8,0.2,0.1,99.3,2.8,10.1,64.0,0.5,30.9,9.2,38.6,1.4,0.3,10.2,9.0,1526.0,20.7,14.5
42910701,female,5227.0,7.9,8.9,10.1,53.2,56.4,7.5,47.0,9.3,6.9,5.5,6.0,6.5,6.0,6.3,5.1,4.2,5.4,3.2,2.9,5.8,4.9,24.1,60.0,2.6,13.3,23.7,95.0,59.7,0.7,19.2,11.4,8.3,4.1,99.2,0.8,0.6,0.1,0.1,99.9,0.3,14.6,58.0,0.0,31.8,30.5,35.1,1.3,0.0,0.0,1.3,151.0,17.3,11.899999999999999
42910701,male,5198.0,8.4,10.4,11.0,31.8,40.8,62.4,23.2,9.7,6.4,5.8,6.0,5.5,5.8,6.8,5.5,3.8,5.1,3.5,2.3,3.9,5.9,39.2,58.3,1.9,0.7,32.7,96.8,36.4,1.1,25.1,17.8,11.0,4.2,99.3,0.3,0.5,0.0,0.1,99.7,0.4,10.3,51.2,0.9,54.5,6.9,24.7,2.1,0.6,0.6,9.8,1750.0,14.799999999999999,9.7
42910705,female,5701.0,7.3,8.5,8.8,45.9,48.8,8.7,40.2,8.3,6.5,5.8,6.8,6.3,6.9,7.3,5.3,4.9,5.4,3.6,2.9,5.4,6.2,27.9,57.2,1.9,13.1,22.3,98.1,50.9,1.1,22.2,12.0,10.2,5.7,99.3,1.9,0.7,0.0,0.4,99.5,1.0,14.6,51.0,1.8,11.2,16.3,65.0,0.0,5.7,0.0,0.0,223.0,17.3,11.9
42910705,male,5804.0,7.0,9.1,10.0,28.7,34.1,58.6,20.0,8.9,7.0,6.6,5.6,6.0,6.3,6.7,6.1,5.2,5.4,3.4,2.5,4.2,6.6,41.8,53.2,3.5,1.5,32.6,98.4,32.4,1.4,27.7,20.6,10.8,5.3,99.6,0.9,0.5,0.0,0.5,100.0,0.4,9.2,46.6,2.9,26.8,8.5,48.2,2.9,3.8,0.5,6.5,2010.0,15.5,10.100000000000001
42910707,female,7242.0,6.9,8.6,9.3,53.5,55.2,7.0,27.4,8.2,6.7,6.2,6.4,7.4,6.7,6.6,5.3,4.6,4.7,3.5,3.6,5.2,5.0,24.2,62.3,2.6,10.9,25.4,91.0,59.7,1.2,20.0,11.8,7.6,4.1,99.0,1.3,1.3,0.1,0.1,99.9,0.6,12.6,47.5,0.4,14.5,20.4,56.4,4.7,0.4,0.7,2.5,275.0,17.0,12.3
42910707,male,7546.0,7.5,9.4,10.1,33.6,40.3,61.2,13.5,8.4,6.6,5.9,6.5,6.5,6.9,6.7,6.1,4.6,4.3,3.2,2.7,4.4,5.1,39.4,58.0,1.4,1.1,33.8,91.1,37.4,1.5,25.8,18.4,9.4,4.6,99.1,0.8,0.6,0.1,0.1,99.8,0.5,9.6,41.4,0.6,39.5,6.1,33.6,4.0,0.2,3.3,12.7,2916.0,14.6,10.3
42910709,female,2529.0,7.5,9.5,10.4,60.3,61.3,3.6,59.7,8.9,6.5,4.5,5.2,6.0,5.1,6.2,6.3,4.7,4.9,3.8,4.3,6.2,11.9,23.2,59.7,2.3,14.8,23.7,94.0,68.3,0.4,18.5,10.6,6.3,2.9,98.7,1.7,0.7,0.1,0.1,99.6,0.2,7.3,56.5,3.7,11.1,48.1,29.6,0.0,0.0,3.7,3.7,27.0,19.2,14.3
42910709,male,2522.0,6.4,9.2,12.6,36.4,41.1,42.7,36.8,9.8,5.5,5.0,4.8,7.0,6.3,6.2,6.0,4.0,5.2,4.6,3.1,4.3,11.4,38.2,59.0,1.7,1.1,34.2,96.0,42.0,0.7,26.3,19.0,10.7,2.2,98.1,0.4,0.5,0.0,0.1,99.8,0.2,4.7,50.4,1.6,32.6,7.6,37.5,3.3,0.8,11.7,4.9,488.0,17.2,12.0
42910711,female,5807.0,7.8,9.3,10.1,57.7,59.4,6.9,56.1,9.3,6.4,6.2,6.3,6.9,6.8,5.8,5.1,4.4,4.4,3.0,3.1,5.2,2.9,23.4,64.5,1.8,10.3,25.6,92.1,65.2,0.2,22.0,9.6,5.4,3.4,99.8,0.5,0.4,0.0,0.1,100.0,0.0,4.5,39.8,0.0,7.2,32.5,60.3,0.0,0.0,0.0,0.0,129.0,15.7,11.3
42910711,male,6244.0,7.8,9.5,10.6,37.6,45.5,71.2,27.9,8.7,7.5,6.3,6.3,7.0,6.3,5.7,4.9,5.1,4.0,3.5,2.8,4.2,3.2,39.0,59.3,0.8,0.9,32.4,92.2,42.7,0.1,31.1,12.9,8.1,2.4,99.8,0.2,0.1,0.0,0.1,99.9,0.0,6.2,32.0,0.8,42.4,6.4,41.7,6.6,0.0,0.2,2.0,2310.0,14.5,10.5
42910713,female,5343.0,7.6,8.5,9.6,50.6,52.0,7.5,6.1,8.0,7.2,5.6,6.5,7.3,6.4,5.7,5.5,5.4,4.4,3.7,3.5,5.1,6.0,26.4,57.2,3.6,12.9,25.1,93.3,56.9,0.7,20.6,13.2,8.4,5.2,99.4,1.1,0.7,0.0,0.0,100.0,0.5,16.4,58.9,1.8,28.6,5.8,47.5,2.1,0.0,1.7,12.4,280.0,16.700000000000003,12.3
42910713,male,5320.0,8.4,9.2,9.4,30.2,35.8,66.3,13.9,8.5,6.4,5.5,5.9,5.9,6.9,6.4,6.0,4.9,5.6,3.9,3.3,3.9,5.0,38.1,58.7,2.2,1.0,32.7,93.7,33.5,0.5,27.6,19.5,11.2,5.3,99.3,0.9,0.7,0.0,0.1,100.0,0.2,12.2,53.1,3.1,49.4,6.6,28.4,3.1,0.3,1.6,7.3,2214.0,16.7,11.1
42910715,female,2248.0,6.9,8.5,10.3,58.0,59.7,11.0,77.6,8.4,5.4,5.4,5.2,5.3,7.0,6.7,5.9,5.2,5.5,3.6,4.0,6.6,8.9,24.0,62.3,1.6,12.2,24.8,94.6,65.6,0.6,19.7,11.2,5.8,3.0,98.4,0.9,0.4,0.0,0.0,99.2,1.1,8.1,48.3,0.0,17.1,39.0,31.7,2.4,0.0,2.4,7.3,41.0,19.7,14.2
42910715,male,2335.0,6.5,8.9,9.8,34.7,42.7,70.3,32.9,8.5,6.4,5.9,6.2,5.8,7.2,5.5,6.4,5.1,5.3,4.3,3.0,5.4,7.6,39.9,57.7,1.4,1.0,35.0,94.9,39.1,1.1,24.2,18.1,10.9,3.1,99.1,0.5,0.4,0.0,0.0,99.6,0.5,6.7,45.8,1.5,52.1,5.5,16.5,3.0,0.1,10.3,11.0,825.0,18.0,12.7
42910902,female,7908.0,7.6,8.8,10.3,58.5,59.7,5.9,34.6,8.1,6.6,5.7,6.5,6.7,6.8,6.3,6.1,4.5,5.1,3.6,3.1,4.2,6.0,20.0,64.9,4.1,11.0,23.0,95.9,66.0,0.5,22.7,11.8,3.9,1.4,99.5,1.0,1.2,0.0,0.1,99.9,0.1,7.9,51.8,0.0,53.5,8.3,21.2,10.5,0.0,1.8,4.8,225.0,16.0,10.9
42910902,male,8736.0,8.0,9.1,10.0,33.5,40.8,68.3,16.7,8.6,6.9,6.1,6.6,6.0,6.6,6.6,5.6,4.6,5.1,3.5,2.8,3.7,6.3,40.4,56.0,2.4,1.2,34.1,93.5,37.8,0.6,28.8,22.9,5.8,1.2,98.8,0.7,0.9,0.1,0.1,99.9,0.3,7.2,44.1,2.5,50.1,3.6,30.2,7.4,1.6,2.4,2.3,3617.0,15.099999999999998,10.0
42910903,female,2188.0,7.9,8.0,9.9,57.7,56.4,3.9,15.9,7.5,5.8,5.7,5.1,6.4,7.3,6.2,5.1,5.8,5.9,3.2,3.9,6.4,7.6,20.7,61.0,4.2,14.1,21.8,97.6,65.1,0.8,25.8,10.2,5.2,1.6,99.3,7.4,61.1,0.9,0.0,99.5,0.4,12.7,75.5,0.0,28.3,7.5,28.3,22.6,0.0,9.4,3.8,53.0,19.400000000000002,13.5
42910903,male,2206.0,7.4,8.7,9.7,28.8,31.8,68.8,13.2,7.9,5.3,4.4,6.2,7.4,6.6,7.8,7.0,5.9,5.4,3.1,2.3,4.9,7.0,35.2,59.8,4.1,0.9,32.3,98.7,32.3,1.2,36.8,20.9,8.2,1.2,99.1,6.5,64.7,0.6,0.0,99.7,0.2,8.8,74.6,2.8,36.5,3.8,40.0,6.0,0.0,2.7,8.3,976.0,15.700000000000001,10.3
42910905,female,2229.0,5.9,8.6,9.2,50.8,51.4,10.1,15.7,6.7,5.4,5.8,6.3,6.4,7.0,6.9,6.2,5.1,6.4,5.2,3.9,4.8,6.1,24.4,59.5,4.2,11.9,22.1,96.8,56.6,1.3,23.1,14.4,6.8,3.0,99.4,3.9,9.2,1.2,0.0,99.8,0.1,13.0,67.9,1.4,36.6,6.2,40.7,15.2,0.0,0.0,0.0,145.0,20.3,13.899999999999999
42910905,male,2262.0,6.2,8.7,8.3,25.2,28.1,68.4,16.3,7.4,5.6,5.3,6.9,6.4,7.0,7.3,6.9,6.1,6.0,4.3,3.8,3.8,6.8,37.8,58.4,2.5,1.3,32.9,95.4,27.6,1.3,32.2,25.3,10.0,3.1,99.4,4.1,8.8,0.6,0.0,99.7,0.4,10.6,67.8,1.3,33.9,4.8,55.7,3.5,0.1,0.2,0.4,994.0,17.900000000000002,11.899999999999999
42910907,female,1770.0,7.8,9.1,8.6,50.8,53.6,3.0,20.5,8.4,6.4,5.5,6.6,7.9,7.6,6.5,6.0,4.4,5.6,3.3,2.9,3.4,7.9,21.9,67.5,3.2,7.5,22.6,93.4,56.7,1.2,26.8,11.9,4.5,2.0,99.3,1.1,1.2,0.2,0.1,99.6,0.6,4.6,30.8,0.0,16.1,12.9,48.4,16.1,3.2,0.0,3.2,31.0,15.2,9.6
42910907,male,2039.0,7.2,9.7,10.3,29.1,34.3,67.4,19.5,8.1,7.0,5.6,5.9,6.6,7.0,7.9,5.3,4.5,5.0,3.6,2.8,3.4,6.6,38.3,58.8,1.4,1.5,32.0,93.4,33.1,1.2,34.4,21.6,5.4,3.0,99.2,1.1,0.6,0.3,0.0,99.6,0.5,5.2,30.0,1.2,45.5,4.1,37.3,7.7,0.6,3.0,0.6,805.0,14.799999999999999,9.8
42910909,female,3384.0,6.0,8.2,9.4,51.5,51.6,5.2,27.6,7.3,6.0,5.3,6.4,8.0,7.5,6.3,5.8,5.3,5.4,4.2,3.2,5.8,7.6,20.4,63.5,4.1,12.1,23.0,95.8,57.5,1.4,24.5,11.3,8.5,2.7,98.6,1.6,59.1,1.9,0.1,99.4,0.9,11.6,46.7,2.1,24.7,19.6,47.4,2.1,0.0,1.0,3.1,97.0,18.6,13.2
42910909,male,3437.0,8.4,9.0,10.8,27.3,33.5,61.3,9.9,7.9,4.5,4.5,5.0,7.2,7.1,8.1,6.2,5.6,4.5,3.9,2.5,4.8,7.0,33.4,63.0,2.6,1.0,32.2,96.2,31.1,1.4,29.7,20.1,13.1,2.2,98.8,1.3,60.5,1.7,0.0,99.6,0.5,9.0,46.3,1.8,39.4,5.9,47.0,2.8,0.6,0.7,1.7,1363.0,15.7,11.2
42910911,female,7299.0,7.8,9.5,10.3,57.6,57.9,5.6,48.2,9.3,6.4,5.7,6.2,7.2,6.6,5.4,5.2,4.6,4.9,2.9,3.2,4.6,6.8,22.7,63.4,3.5,10.3,20.6,93.7,65.1,1.2,22.5,11.1,5.8,1.4,98.0,0.8,0.9,0.1,0.1,100.0,0.4,10.7,52.7,0.0,24.1,9.2,59.4,3.6,0.0,0.0,3.7,152.0,15.6,10.7
42910911,male,7771.0,8.0,9.9,11.5,32.8,37.8,67.8,16.6,9.5,6.1,5.5,5.9,6.6,7.0,6.5,5.5,4.1,4.3,3.0,3.0,3.5,6.0,39.0,58.0,1.9,1.0,32.6,93.7,37.2,1.5,27.6,24.0,8.5,0.6,98.3,1.3,0.7,0.2,0.1,100.0,0.0,7.8,50.7,1.1,36.6,4.0,49.3,7.7,0.0,0.8,0.5,3099.0,13.8,9.5
42910913,female,7001.0,7.6,8.8,9.5,54.4,55.1,4.3,33.1,8.3,7.1,6.0,6.9,7.1,7.1,5.8,6.2,4.5,4.5,3.6,3.3,3.5,5.4,20.4,63.4,4.9,11.4,22.9,95.4,60.8,1.6,21.2,11.5,7.9,2.6,98.0,3.3,47.0,0.3,0.0,98.8,3.3,6.3,37.5,0.0,34.1,20.7,45.2,0.0,0.0,0.0,0.0,151.0,14.899999999999999,10.4
42910913,male,7020.0,7.8,9.4,10.8,30.6,35.4,55.5,20.7,9.7,6.4,5.2,5.4,7.2,7.1,6.4,5.5,4.4,4.6,3.6,2.8,3.5,5.1,37.2,60.6,1.5,0.7,32.4,97.0,34.6,2.0,27.1,21.2,11.4,2.9,98.8,3.3,48.3,0.2,0.1,98.5,2.5,5.3,36.2,4.7,39.5,6.1,43.8,4.2,0.0,0.9,0.8,2219.0,14.5,9.9
42910919,female,2507.0,9.2,9.8,10.0,51.2,53.6,8.0,37.3,9.3,7.5,6.5,6.3,5.5,7.3,5.6,6.1,3.9,4.3,3.0,2.1,3.6,4.1,24.0,67.5,2.8,5.6,21.2,93.9,57.8,1.3,25.1,13.1,4.0,2.9,99.2,3.4,1.2,0.1,0.0,99.4,0.6,11.7,54.0,0.0,30.3,4.5,42.7,22.5,0.0,0.0,0.0,89.0,13.0,8.7
42910919,male,2632.0,8.5,9.4,10.2,34.6,38.1,67.9,12.2,8.9,6.0,6.6,6.6,6.6,7.1,5.9,5.9,5.6,4.6,3.5,1.8,2.9,5.0,37.0,60.8,1.6,0.6,31.9,96.5,38.8,1.6,33.7,18.8,5.6,2.2,99.3,3.2,1.2,0.1,0.0,99.7,0.4,7.6,48.7,0.3,30.5,2.7,61.9,3.2,0.9,0.3,0.3,1129.0,12.8,8.2
44210107,female,1942.0,4.3,5.0,4.4,11.6,18.1,32.3,8.1,4.3,4.3,6.4,6.4,6.1,6.3,6.2,7.2,7.9,8.6,7.6,5.5,9.5,2.0,34.3,41.5,8.0,16.2,26.5,93.9,12.2,1.1,21.8,16.0,24.5,18.5,99.8,1.5,0.4,0.1,0.1,99.9,0.9,21.1,68.5,0.0,2.6,62.0,34.5,0.2,0.0,0.0,0.6,498.0,31.2,22.6
44210107,male,1526.0,4.7,6.1,5.7,2.6,7.9,59.0,5.1,6.8,7.5,7.3,6.9,6.4,6.6,6.2,7.1,6.8,6.4,5.2,4.4,5.8,1.7,42.5,50.9,4.4,2.2,33.9,96.2,2.7,1.4,23.2,19.1,31.4,17.0,99.8,1.2,0.4,0.0,0.0,99.8,0.5,22.0,73.4,1.1,4.2,76.2,17.4,0.1,0.1,0.0,0.8,714.0,21.8,15.400000000000002
44410108,female,21083.0,8.4,9.6,9.1,27.3,34.8,22.0,29.5,7.5,7.8,7.9,8.5,7.5,7.5,6.1,5.3,4.3,4.1,2.7,1.8,2.0,3.8,26.7,62.0,4.8,6.5,24.4,96.1,30.5,1.7,23.8,16.9,13.3,9.5,98.6,4.1,1.7,0.4,0.3,99.6,0.9,21.2,57.8,1.4,10.3,17.9,63.8,0.6,0.9,1.4,3.6,2378.0,10.6,6.5
44410108,male,21622.0,8.8,10.0,9.7,13.5,23.0,68.8,20.9,7.9,7.2,7.1,8.1,7.8,7.4,6.1,5.5,4.0,4.0,2.9,2.1,1.6,4.1,37.4,60.2,1.9,0.5,31.7,96.0,15.2,2.0,29.1,22.5,14.5,9.0,98.6,4.8,1.9,0.3,0.1,99.9,1.1,18.0,53.8,3.0,25.5,16.6,45.5,0.7,2.5,2.5,3.8,8423.0,10.6,6.6
44410111,female,10783.0,9.0,9.8,9.6,52.3,53.8,9.5,22.8,8.6,7.1,6.1,6.1,6.8,6.8,5.9,4.9,4.4,4.1,3.2,3.0,4.4,4.9,23.9,63.2,2.9,10.0,22.3,94.3,59.3,2.1,22.0,11.3,7.1,3.8,99.1,0.8,0.5,0.0,0.1,99.8,0.6,6.9,35.5,1.4,15.9,15.4,62.1,4.4,0.0,0.0,0.9,568.0,14.700000000000001,10.600000000000001
44410111,male,11498.0,8.3,9.9,9.7,31.6,38.9,71.9,17.2,8.5,6.7,6.7,7.1,6.7,7.0,6.1,4.7,4.4,4.5,3.3,2.8,3.6,3.6,38.7,58.8,1.5,1.1,33.4,94.4,35.5,1.3,30.2,17.8,8.2,3.7,99.2,1.3,0.6,0.1,0.0,100.0,0.5,5.5,31.5,0.6,45.1,4.5,42.3,6.3,0.0,0.6,0.6,4936.0,14.2,9.7
44410113,female,36523.0,10.2,11.5,10.0,34.1,37.8,17.7,21.0,8.0,7.5,8.0,8.5,8.0,7.4,5.6,4.5,3.2,2.9,1.9,1.4,1.5,3.6,22.0,67.9,3.8,6.3,22.0,95.4,38.7,2.4,26.8,16.3,10.3,6.3,98.6,3.8,1.3,0.2,0.0,99.9,0.3,15.0,57.4,0.3,16.2,19.9,54.2,4.1,0.7,0.4,4.2,3497.0,7.699999999999999,4.8
44410113,male,38552.0,10.4,11.8,10.8,19.5,26.3,75.7,16.2,8.2,7.1,6.4,7.9,8.0,8.0,6.1,4.8,3.4,2.7,2.0,1.3,1.1,3.7,35.1,62.5,1.8,0.5,30.0,94.5,22.3,2.8,31.2,22.7,11.7,5.3,98.5,3.7,1.4,0.2,0.0,99.9,0.4,12.9,54.8,1.4,32.0,16.0,40.5,1.4,1.5,2.0,5.1,16393.0,7.1,4.4
44810101,female,3957.0,9.0,10.0,10.4,31.4,34.3,12.0,22.5,7.9,7.8,7.6,7.7,7.1,6.8,5.5,4.6,4.2,3.9,2.9,2.3,2.4,5.4,25.2,62.8,3.5,8.5,23.0,97.7,35.8,2.6,26.7,16.0,11.5,8.8,98.2,0.5,0.4,0.2,0.1,99.8,0.5,10.1,44.6,1.2,11.2,34.0,49.0,0.4,0.4,1.5,2.3,259.0,11.5,7.6
44810101,male,3869.0,9.8,10.4,10.7,16.1,21.4,73.2,29.6,7.7,6.6,6.4,6.7,6.6,7.3,6.3,5.6,5.0,4.0,2.7,1.8,2.3,5.0,34.9,62.5,2.0,0.6,31.4,98.7,18.4,3.2,33.9,20.5,13.3,7.8,98.1,0.6,0.7,0.2,0.2,99.8,0.4,9.7,42.4,2.8,37.3,11.8,30.6,1.9,1.7,6.0,8.0,1376.0,10.8,6.8
44810103,female,4307.0,6.9,9.4,9.1,33.9,38.9,17.1,31.4,8.3,6.7,6.9,6.9,7.0,7.4,6.6,6.3,5.1,4.5,3.4,2.4,3.1,4.6,28.0,57.1,6.1,8.8,24.2,95.3,38.1,1.2,24.1,13.7,10.9,11.3,98.6,0.3,0.4,0.1,0.1,100.0,0.2,24.4,59.6,2.6,13.6,35.8,45.8,1.0,0.0,1.3,0.0,376.0,13.4,8.9
44810103,male,4247.0,7.3,9.6,10.1,14.6,24.5,67.3,15.2,8.8,6.7,5.3,6.1,6.4,6.9,6.5,6.2,5.3,5.3,3.7,3.2,2.7,4.9,38.5,57.6,2.9,1.0,34.5,93.8,16.4,1.4,28.4,17.8,13.4,14.5,98.7,0.7,0.3,0.1,0.0,100.0,0.2,21.1,56.6,2.0,35.9,18.3,38.0,2.0,2.8,0.4,0.5,1766.0,14.899999999999999,9.600000000000001
44810105,female,16003.0,7.8,9.5,10.6,30.5,35.9,9.5,28.9,9.3,8.4,7.3,7.3,7.7,7.4,6.1,5.1,4.2,3.9,2.2,1.5,1.8,5.1,26.5,62.5,3.3,7.8,24.2,96.8,34.9,1.9,26.9,14.1,11.8,9.3,99.5,0.7,0.4,0.5,0.1,99.8,0.3,21.7,58.9,0.0,16.7,39.1,36.3,3.3,0.7,0.6,3.3,780.0,9.4,5.5
44810105,male,15942.0,8.6,10.4,11.2,16.7,25.4,64.6,15.0,9.4,7.1,5.8,6.7,6.8,7.0,5.9,5.3,4.0,4.7,3.3,2.1,1.7,5.3,37.8,60.5,0.9,0.8,32.2,97.9,19.2,2.2,31.0,17.6,13.6,10.3,99.3,1.0,0.4,0.4,0.1,99.9,0.5,19.5,55.6,4.0,37.9,16.3,27.1,1.3,2.1,4.7,6.6,6111.0,11.799999999999999,7.1000000000000005
44810107,female,16559.0,6.7,8.5,8.9,29.7,34.2,13.3,27.7,7.6,7.5,7.0,6.9,6.8,7.3,6.9,6.0,5.5,5.2,3.4,2.7,2.9,5.3,25.9,58.6,6.3,9.2,25.0,96.6,33.1,1.0,23.8,16.4,14.0,10.6,99.0,1.9,0.7,0.5,0.1,99.9,1.2,20.1,60.6,1.4,15.2,42.8,32.8,2.0,1.2,0.8,3.8,1205.0,14.200000000000001,9.0
44810107,male,16056.0,7.3,9.3,10.1,13.7,21.8,65.6,22.9,8.1,7.2,5.8,5.9,6.5,7.3,6.4,5.8,5.1,5.5,3.8,3.1,2.8,4.8,36.4,60.4,2.3,0.9,32.4,96.5,15.2,1.0,29.6,19.0,17.2,11.4,98.5,2.6,1.0,0.3,0.1,99.6,1.1,17.4,56.8,2.7,36.5,17.2,32.8,1.6,1.5,3.7,4.1,5944.0,15.2,9.7
44810111,female,38315.0,6.1,7.5,8.2,27.0,32.5,16.1,31.1,7.2,7.2,6.1,6.4,6.6,7.1,7.0,6.6,6.0,6.2,4.4,3.2,4.0,4.6,27.4,54.6,6.1,11.9,25.1,97.9,29.8,1.1,23.7,15.5,15.0,12.1,98.9,2.1,1.3,0.5,0.1,99.7,0.8,22.4,60.0,1.3,11.5,37.6,40.6,2.0,0.6,0.9,5.5,3328.0,17.8,11.600000000000001
44810111,male,36576.0,6.7,8.6,9.2,11.8,18.5,59.8,21.8,8.1,7.1,5.9,6.1,6.1,6.2,6.2,6.5,5.8,6.3,4.7,3.5,3.3,4.8,38.2,57.4,3.2,1.3,33.2,97.2,13.1,1.4,27.9,19.3,19.3,13.6,99.2,2.3,1.3,0.6,0.0,99.7,0.6,21.7,62.0,3.0,29.0,21.6,33.2,1.4,1.4,4.3,6.1,12917.0,17.8,11.5
44810301,female,11204.0,7.2,9.6,10.0,48.4,49.9,4.7,26.5,9.0,6.3,5.1,6.4,7.4,7.7,6.1,5.5,4.9,5.1,3.3,2.5,4.0,7.0,23.7,61.2,3.4,11.7,23.7,98.1,55.0,1.9,25.8,11.8,5.7,5.0,99.3,0.2,0.1,0.2,0.0,99.9,0.1,11.6,42.6,0.0,14.6,34.9,47.2,3.3,0.0,0.0,0.0,281.0,14.899999999999999,9.8
44810301,male,11812.0,7.6,9.8,10.7,28.0,36.6,63.3,26.7,9.7,6.6,5.7,6.2,7.3,7.4,6.0,5.3,4.5,4.5,3.5,2.4,2.9,6.3,39.6,57.5,1.6,1.2,33.5,97.7,31.8,2.0,28.3,20.0,7.5,5.6,99.5,0.1,0.0,0.0,0.0,99.7,0.4,8.8,38.0,5.4,35.0,7.7,39.0,2.5,1.5,2.1,6.8,3941.0,13.3,8.8
44810303,female,3196.0,8.3,8.7,10.0,53.9,55.7,2.8,10.6,8.4,6.4,5.0,6.2,7.7,6.8,5.4,5.3,4.7,5.9,3.9,2.7,4.4,8.1,22.2,65.8,2.2,9.8,23.2,97.8,61.0,1.3,24.5,9.8,5.8,2.8,98.9,0.2,0.0,0.0,0.1,99.8,0.2,13.3,55.1,0.0,5.1,16.9,67.8,8.5,0.0,1.7,0.0,59.0,16.9,11.0
44810303,male,3427.0,7.9,9.0,9.7,37.3,44.6,67.1,1.7,8.4,5.8,5.3,6.8,7.4,7.7,6.3,5.6,4.2,5.0,3.7,3.1,3.9,8.1,36.6,60.2,1.8,1.5,33.7,98.2,41.9,1.3,25.2,18.7,6.4,3.6,99.1,0.1,0.0,0.0,0.1,99.5,0.4,14.0,51.5,0.2,36.7,3.1,41.2,17.2,0.1,1.4,0.0,1658.0,15.7,10.700000000000001
44810309,female,3765.0,8.2,10.0,9.5,56.4,54.0,4.4,52.9,10.2,7.9,5.4,5.9,6.0,7.0,5.9,5.4,4.3,4.4,3.1,2.9,3.7,5.1,27.0,62.2,1.8,9.0,23.3,98.2,63.0,1.9,23.4,9.5,6.3,5.0,99.4,0.3,0.0,0.1,0.1,99.6,0.4,9.6,42.1,0.0,5.3,26.3,64.9,3.5,0.0,0.0,0.0,57.0,14.100000000000001,9.7
44810309,male,3975.0,7.6,9.9,10.4,39.0,43.8,70.2,29.7,8.6,7.7,7.0,6.9,6.6,7.1,5.8,5.3,3.8,4.1,3.6,2.6,3.0,5.1,41.6,57.0,0.8,0.7,33.3,99.2,43.9,2.2,23.8,16.1,8.9,5.3,99.4,0.3,0.0,0.0,0.1,99.9,0.1,7.7,37.7,0.1,42.3,4.1,46.3,5.7,0.1,1.3,0.1,1414.0,13.299999999999999,9.2
44810313,female,3664.0,9.5,10.1,10.8,54.0,53.1,16.1,8.3,10.1,7.7,5.8,5.9,6.6,6.3,5.0,4.2,3.8,4.9,3.4,2.6,3.2,5.2,26.5,64.4,1.8,7.3,25.4,97.8,61.2,1.3,23.5,10.3,6.7,5.1,99.7,0.1,0.1,0.0,0.0,99.9,0.0,7.8,35.1,0.0,9.1,4.0,16.0,70.7,0.3,0.0,0.0,375.0,14.100000000000001,9.2
44810313,male,4021.0,7.6,9.6,10.4,40.1,45.3,72.5,17.5,9.2,8.9,6.9,7.4,6.5,6.8,5.5,4.7,3.7,3.9,3.2,2.9,2.8,5.2,43.9,54.5,0.7,0.8,34.3,97.5,44.8,1.0,25.0,15.3,8.6,4.8,99.9,0.0,0.0,0.0,0.0,99.9,0.1,5.3,30.2,0.0,48.9,5.6,25.1,19.6,0.2,0.5,0.1,1739.0,12.8,8.899999999999999
44810315,female,5577.0,10.1,11.5,10.1,47.3,49.2,10.8,26.4,10.5,8.1,6.2,6.7,6.6,5.4,5.3,4.0,4.0,3.6,2.5,2.0,3.6,6.5,27.9,59.5,3.7,8.9,24.4,96.5,54.2,1.5,25.2,13.9,5.6,4.7,98.8,0.1,0.3,0.0,0.1,100.0,0.0,19.3,48.5,0.0,3.7,9.4,55.1,23.8,2.5,0.0,5.6,303.0,11.7,8.1
44810315,male,6126.0,8.9,10.6,11.0,34.6,42.9,70.9,22.9,9.9,7.9,7.2,7.5,6.7,6.1,4.7,4.3,3.6,3.4,3.0,2.0,3.1,6.9,44.0,53.6,1.4,1.0,33.0,97.0,39.8,1.9,26.8,16.0,7.8,4.7,98.5,0.3,0.2,0.1,0.0,99.6,0.4,15.6,47.9,2.9,45.2,7.0,27.1,10.7,0.2,3.1,3.8,2326.0,11.5,8.1
44810317,female,7063.0,8.5,10.5,9.9,50.3,57.1,2.8,2.8,8.7,7.3,5.8,7.3,7.2,6.7,5.6,5.0,4.6,4.6,3.0,2.2,3.0,6.5,25.1,61.3,3.5,10.2,24.0,91.2,57.3,0.5,19.0,12.7,5.8,4.8,98.6,0.1,0.0,0.1,0.1,99.6,0.4,5.5,23.2,0.0,18.9,20.6,51.2,0.0,0.0,0.0,9.3,136.0,12.8,8.2
44810317,male,7421.0,8.4,10.5,11.0,32.1,45.4,64.5,19.6,9.1,7.3,6.3,6.3,7.3,7.0,6.2,4.3,4.2,4.3,3.4,2.0,2.6,5.5,39.0,58.2,1.8,1.0,31.1,94.1,36.9,1.3,24.0,17.7,7.1,4.5,97.7,0.1,0.0,0.0,0.1,99.9,0.0,3.3,19.1,2.8,22.0,3.7,48.3,3.1,0.5,0.2,19.4,2697.0,12.299999999999999,8.0
44810501,female,8991.0,8.9,10.5,10.1,46.4,47.6,3.2,37.0,8.3,7.1,6.0,6.2,7.3,7.2,5.3,5.3,4.3,4.6,3.2,2.6,3.1,7.2,21.3,66.7,3.3,8.6,22.4,96.3,52.8,1.0,30.5,11.5,5.8,3.6,98.9,0.1,0.1,0.0,0.1,99.7,0.1,4.6,26.4,0.0,3.4,19.3,77.3,0.0,0.0,0.0,0.0,128.0,13.5,8.9
44810501,male,9537.0,9.4,10.9,11.1,26.6,33.0,65.8,15.1,8.5,7.2,5.5,5.8,6.5,7.3,6.2,5.4,3.9,4.7,3.1,2.3,2.3,7.6,36.2,61.0,1.5,1.2,32.1,96.6,30.5,1.6,34.4,20.2,8.0,2.9,98.3,0.2,0.0,0.0,0.1,100.0,0.0,2.7,24.7,1.4,26.4,5.8,58.2,3.2,1.4,0.6,3.0,3651.0,12.400000000000002,7.7
44810507,female,13011.0,9.0,10.6,10.5,46.2,46.9,8.8,17.8,8.6,6.7,6.2,6.7,6.9,7.3,5.9,5.2,4.0,4.4,2.8,2.2,2.9,4.9,20.8,62.7,6.2,10.3,21.3,97.2,52.8,1.6,29.6,13.3,6.1,2.6,98.7,0.0,0.2,0.0,0.0,99.9,0.3,9.5,45.6,0.0,9.8,6.0,70.0,13.4,0.0,0.8,0.0,655.0,12.3,7.9
44810507,male,13822.0,9.0,11.2,11.4,26.0,32.4,68.6,14.7,8.7,7.1,6.2,6.3,6.6,6.9,5.9,5.0,4.0,4.3,3.2,2.1,2.1,4.8,36.9,59.8,1.9,1.5,31.5,95.1,29.9,1.3,34.4,21.2,8.3,2.4,99.0,0.1,0.1,0.0,0.0,100.0,0.2,7.1,41.8,0.5,39.0,1.8,40.3,2.7,3.2,1.8,10.8,5532.0,11.7,7.4
44810509,female,13532.0,9.7,11.0,10.9,49.2,50.3,4.0,30.5,8.7,7.3,5.9,6.3,7.1,7.6,5.3,4.7,3.6,4.3,2.7,2.3,2.5,5.1,20.5,66.8,3.8,8.8,20.8,96.5,56.7,0.7,31.2,10.6,4.9,2.4,98.1,0.2,0.0,0.0,0.0,99.9,0.3,5.8,30.0,0.0,2.5,5.7,89.8,2.0,0.0,0.0,0.0,260.0,11.8,7.5
44810509,male,14574.0,10.1,11.0,10.9,29.3,34.7,68.3,18.7,8.4,7.3,6.3,6.0,7.0,8.0,6.1,4.9,3.5,3.7,2.5,2.3,2.1,4.9,36.6,61.3,1.6,0.5,31.4,96.5,33.8,1.8,34.0,19.7,7.3,2.6,98.4,0.5,0.0,0.0,0.0,99.9,0.1,4.4,30.1,0.5,24.6,3.3,57.6,3.6,0.5,2.4,7.4,5503.0,10.6,6.9
44810705,female,13092.0,8.7,10.2,10.2,42.5,45.6,8.3,28.2,8.6,7.3,6.3,6.7,7.5,7.5,6.3,5.0,4.3,4.6,2.7,1.9,2.2,4.7,24.5,62.2,4.4,8.9,23.8,96.6,48.3,1.5,25.8,13.4,8.3,5.3,98.7,0.6,0.2,0.1,0.1,99.6,0.1,10.2,42.1,0.9,6.4,22.8,64.5,3.9,0.0,0.8,0.7,551.0,11.399999999999999,6.8
44810705,male,13154.0,9.0,10.7,10.2,26.3,32.6,70.1,13.0,8.9,6.9,5.9,6.8,7.3,7.4,6.4,5.1,4.1,4.0,3.2,2.2,2.0,4.5,36.6,61.0,1.7,0.8,30.9,97.0,30.0,3.3,29.6,19.1,10.6,4.8,98.7,0.4,0.2,0.1,0.1,99.9,0.1,6.8,38.6,2.1,29.3,5.8,55.7,1.9,1.6,1.6,2.0,5630.0,11.4,7.4
44810707,female,9934.0,8.4,10.0,11.0,51.2,51.7,2.3,46.6,9.4,6.7,5.2,6.6,7.1,7.3,5.9,5.0,4.3,4.2,3.1,2.6,3.2,8.2,23.6,63.1,3.1,10.3,22.3,95.2,58.8,1.4,26.5,11.1,6.3,2.9,98.5,0.1,0.0,0.0,0.0,99.9,0.0,9.5,37.2,0.0,20.0,28.5,45.7,0.0,0.0,5.8,0.0,84.0,13.100000000000001,8.9
44810707,male,10220.0,8.6,11.0,11.1,30.7,36.7,61.5,17.7,9.6,6.4,4.8,6.0,7.2,7.3,6.3,5.0,4.1,4.0,3.1,2.4,3.0,7.4,35.6,62.8,0.8,0.8,31.9,98.1,35.4,1.8,32.7,16.4,9.3,3.1,98.6,0.2,0.0,0.1,0.0,99.9,0.2,6.5,33.1,2.2,25.2,3.6,63.6,1.8,0.5,1.2,1.8,3587.0,12.5,8.5
44810711,female,5694.0,8.4,10.7,10.3,51.1,52.8,3.3,57.7,9.4,6.9,5.9,6.8,7.0,7.3,6.0,4.7,4.2,4.3,2.9,2.4,3.0,6.9,24.7,66.5,2.4,6.3,22.7,93.6,58.4,1.3,25.0,10.5,6.7,3.8,97.1,0.6,0.1,0.3,0.0,99.8,0.2,7.2,33.9,0.0,0.0,25.6,74.4,0.0,0.0,0.0,0.0,56.0,12.6,8.3
44810711,male,5884.0,9.0,10.7,11.0,32.0,39.8,63.0,33.6,8.4,6.6,5.5,6.0,7.7,7.5,6.1,5.2,4.0,4.4,2.9,2.4,2.7,6.2,35.4,62.7,1.3,0.7,31.3,97.1,36.2,1.5,30.5,17.7,7.4,3.1,98.3,0.2,0.0,0.1,0.1,99.2,0.5,3.8,23.4,3.2,23.8,7.7,56.5,1.5,1.2,3.6,2.3,1706.0,12.400000000000002,8.0
44810719,female,3872.0,8.7,10.3,11.6,48.7,51.2,2.8,30.7,9.2,6.3,5.8,6.3,6.8,7.1,6.3,4.8,3.9,4.2,3.1,2.3,3.4,8.9,22.4,65.0,4.3,8.3,22.1,96.7,56.8,0.7,26.6,12.9,6.2,2.4,98.4,0.2,0.1,0.1,0.0,99.9,0.2,8.1,36.8,0.0,1.9,5.8,78.8,1.9,0.0,1.9,9.6,52.0,13.000000000000002,8.8
44810719,male,4105.0,8.6,11.4,11.3,28.0,40.4,58.7,27.4,9.0,7.2,6.0,6.6,6.1,7.5,5.8,4.2,3.8,4.2,2.5,2.7,3.1,9.1,36.4,60.4,1.6,1.6,30.5,97.1,32.3,1.3,29.1,16.2,9.7,3.4,98.5,0.3,0.0,0.1,0.0,99.9,0.3,6.8,34.0,0.2,15.4,6.2,72.2,0.0,0.2,1.7,4.2,1202.0,12.5,8.3
44810721,female,7406.0,9.1,10.2,10.8,48.5,48.9,3.0,19.4,9.5,7.6,6.0,6.5,7.5,6.7,5.5,4.9,4.2,4.2,2.8,2.1,2.4,5.4,24.5,62.8,3.8,8.9,23.2,94.8,55.5,1.1,28.8,11.0,6.0,4.1,98.4,0.1,0.0,0.2,0.0,99.9,0.1,12.0,49.5,0.0,3.9,29.2,58.1,5.5,0.0,3.3,0.0,126.0,11.5,7.300000000000001
44810721,male,7607.0,9.1,10.6,11.1,28.8,34.7,59.7,24.6,9.2,6.8,6.4,7.1,6.8,7.3,5.4,4.7,3.8,4.3,3.0,2.2,2.2,5.1,38.4,59.8,1.1,0.6,32.1,98.6,33.2,1.0,30.3,21.1,9.0,3.9,98.5,0.2,0.0,0.0,0.0,100.0,0.0,8.3,49.6,0.8,29.6,9.0,49.1,1.2,3.0,1.7,5.5,2368.0,11.7,7.4
44810901,female,3659.0,7.7,9.8,11.5,51.3,53.0,5.5,50.7,8.6,6.5,5.7,7.1,6.6,7.2,6.0,5.1,4.0,4.5,3.4,3.2,3.1,4.6,23.7,65.7,2.8,7.8,22.2,93.2,59.1,1.7,25.2,10.9,6.1,3.0,97.9,0.2,0.1,0.0,0.3,99.7,0.1,3.9,26.4,0.0,5.6,12.7,76.1,1.4,0.0,2.8,1.4,71.0,14.200000000000001,9.7
44810901,male,3967.0,8.2,10.4,11.0,36.6,42.0,60.8,24.7,9.6,6.0,6.2,5.9,6.8,7.0,6.4,4.8,4.3,4.7,3.2,3.0,2.6,3.7,39.2,58.6,1.6,0.7,32.0,92.3,41.6,1.4,28.0,17.6,8.8,2.2,98.3,0.2,0.0,0.0,0.2,99.9,0.1,2.6,26.7,0.4,23.9,6.7,54.8,4.1,0.3,7.5,2.3,1280.0,13.5,8.8
44810903,female,5800.0,8.6,10.1,9.6,47.6,46.6,5.6,26.8,8.9,6.4,5.7,6.0,7.1,7.3,6.5,5.3,4.3,4.7,3.4,3.0,3.1,4.3,24.9,61.8,4.9,8.4,17.0,96.2,53.9,0.4,32.7,10.9,6.0,3.3,98.6,0.7,0.0,0.1,0.2,99.8,0.2,6.8,30.8,0.0,17.5,9.5,62.0,3.0,0.0,5.3,2.7,171.0,14.2,9.5
44810903,male,6043.0,8.2,9.6,10.2,27.5,27.8,73.9,22.7,8.5,6.2,5.6,6.9,7.4,6.8,7.2,5.3,4.6,4.3,3.8,2.3,3.1,4.4,36.9,59.1,2.7,1.3,33.0,96.7,31.5,2.1,39.9,21.6,7.1,1.6,99.5,0.6,0.1,0.2,0.0,100.0,0.0,4.5,32.9,5.3,18.2,3.3,64.9,1.6,1.1,1.6,4.1,2482.0,13.499999999999998,9.2
44810905,female,5196.0,7.7,9.5,9.8,47.1,48.6,5.4,28.6,8.5,6.2,5.4,5.9,7.4,6.8,6.4,5.4,5.3,5.1,3.7,2.6,4.4,8.5,23.7,60.2,4.6,11.4,19.4,98.0,53.5,1.2,25.5,14.8,5.9,3.9,98.3,0.6,0.0,0.2,0.2,99.5,0.2,13.6,57.7,0.0,14.7,27.7,39.5,4.0,0.0,0.0,14.1,145.0,15.8,10.700000000000001
44810905,male,5107.0,8.0,9.3,10.2,22.3,29.2,56.6,16.7,9.4,5.9,4.9,5.3,5.8,7.0,7.0,6.9,5.5,5.3,3.9,2.4,3.4,7.3,35.3,61.5,1.9,1.3,33.1,98.9,25.2,0.9,36.3,19.8,11.8,2.0,99.0,0.5,0.1,0.0,0.0,100.0,0.0,9.4,48.7,1.5,25.0,4.1,60.0,0.4,0.0,0.7,8.2,1749.0,15.0,9.7
44810907,female,5092.0,9.7,10.8,12.1,52.9,55.6,1.6,12.5,9.2,6.4,5.2,6.7,7.6,5.9,5.9,4.0,3.6,4.5,2.8,2.3,3.3,7.5,23.7,66.3,2.4,7.7,21.8,95.8,61.8,0.5,24.5,10.7,6.1,2.5,99.1,0.3,0.1,0.0,0.0,99.3,0.5,12.4,45.0,0.0,8.2,24.5,65.3,0.0,2.0,0.0,0.0,49.0,12.899999999999999,8.399999999999999
44810907,male,5274.0,9.0,11.7,11.0,31.0,37.8,62.1,3.8,9.7,6.4,5.2,6.0,6.8,6.7,6.8,4.6,3.8,3.9,2.9,2.4,3.0,6.7,36.9,61.1,1.2,0.9,31.7,95.7,35.3,0.6,29.2,20.3,9.8,2.2,99.0,0.3,0.0,0.0,0.1,99.7,0.3,9.4,44.0,0.6,24.5,3.2,68.2,2.1,0.1,0.3,0.9,2154.0,12.2,8.3
44810909,female,3602.0,9.1,10.3,11.5,48.6,48.6,2.5,25.8,9.2,6.8,6.0,6.6,6.6,6.6,5.8,4.1,4.2,4.1,3.9,2.0,3.1,4.4,21.8,67.9,2.5,7.8,22.6,98.6,56.6,1.4,29.8,11.8,5.7,2.7,99.4,0.2,0.1,0.0,0.0,99.6,0.4,5.6,24.2,2.2,0.0,32.6,65.2,0.0,0.0,0.0,0.0,46.0,13.1,9.0
44810909,male,3794.0,8.9,10.5,11.0,29.4,33.8,65.0,30.7,9.1,6.4,5.9,6.1,7.0,7.0,6.2,4.5,3.7,4.6,3.3,2.8,3.1,4.9,36.2,61.6,1.0,1.2,31.7,97.3,33.9,1.6,34.6,20.9,7.1,1.9,99.3,0.2,0.0,0.1,0.0,99.8,0.2,4.2,22.3,1.4,32.2,3.6,56.5,4.5,0.3,0.6,0.9,1191.0,13.799999999999999,9.2
44810911,female,5048.0,7.8,10.4,10.7,48.9,50.3,4.1,27.7,9.5,7.1,5.9,6.1,6.7,6.4,6.3,5.3,4.4,3.9,3.1,2.4,4.1,6.4,24.9,62.1,2.6,10.4,21.6,95.3,56.1,0.6,26.2,11.1,8.4,3.4,99.3,0.3,0.1,0.3,0.2,99.7,0.2,17.2,55.4,1.9,4.7,21.5,64.5,3.7,0.0,0.0,3.7,107.0,13.5,9.6
44810911,male,5197.0,8.6,9.7,11.5,26.7,31.6,61.3,23.2,9.7,5.9,5.1,5.3,6.7,6.3,6.6,5.6,4.8,4.8,3.5,2.7,3.1,6.3,38.4,58.9,1.5,1.2,33.0,96.2,30.9,0.5,32.0,21.6,11.6,2.6,99.1,0.3,0.2,0.3,0.2,99.9,0.1,13.5,54.2,0.5,27.7,8.2,40.1,3.6,0.2,5.6,14.1,1717.0,14.1,9.3
44810913,female,8529.0,6.6,9.0,9.9,40.7,42.6,8.1,27.0,8.1,7.0,6.0,6.2,6.7,6.9,7.0,6.0,5.3,5.1,3.6,2.5,4.1,6.7,26.5,59.6,4.5,9.3,21.5,98.4,45.9,1.2,28.4,14.3,8.7,4.9,99.3,0.9,0.3,0.4,0.1,99.7,0.3,18.0,60.9,0.0,7.2,13.6,68.2,1.1,0.3,1.3,8.3,374.0,15.299999999999999,10.2
44810913,male,8300.0,7.9,9.5,10.3,19.7,25.4,60.6,18.3,8.7,6.8,5.2,5.9,6.1,6.4,7.4,6.2,5.0,5.0,4.0,2.7,3.0,6.2,37.6,59.5,1.9,1.1,32.7,97.5,22.3,1.5,36.0,22.1,11.9,3.2,99.6,0.4,0.3,0.4,0.0,99.8,0.2,13.0,60.0,0.6,16.8,5.2,65.0,1.6,1.0,3.2,6.6,2971.0,14.7,9.7
44811103,female,17400.0,10.1,11.4,11.5,48.0,51.1,5.9,13.0,9.1,7.6,6.3,6.6,7.0,7.1,5.1,4.4,3.1,3.5,2.5,2.1,2.5,8.6,22.0,67.4,3.5,7.1,22.2,90.3,56.0,0.7,26.5,12.4,5.8,3.4,97.9,0.3,0.0,0.1,0.1,99.7,0.2,6.9,31.4,0.0,16.0,13.0,65.8,1.1,0.0,0.0,4.1,594.0,10.6,7.1
44811103,male,18672.0,10.0,10.8,11.5,31.5,40.1,66.6,18.2,8.6,7.4,6.6,7.0,7.2,7.7,6.1,4.6,3.6,3.0,2.1,1.9,2.1,7.5,37.7,60.3,1.6,0.5,31.2,93.2,36.3,0.9,30.2,18.4,7.0,3.3,98.8,0.1,0.0,0.0,0.0,99.8,0.2,4.6,26.9,0.5,43.2,3.4,43.7,3.5,0.1,2.5,3.2,6878.0,9.1,6.1
44811105,female,9233.0,10.6,11.6,10.8,41.7,48.4,4.0,21.3,8.9,7.8,6.0,6.6,6.5,6.7,5.4,4.1,3.8,3.5,2.6,2.1,2.9,4.2,20.3,67.7,3.0,9.0,18.8,96.0,48.2,1.5,29.5,11.9,5.6,3.3,97.7,0.1,0.1,0.0,0.0,99.5,0.2,6.5,35.5,0.0,2.7,10.3,80.0,4.7,0.0,2.2,0.0,195.0,11.1,7.6
44811105,male,9884.0,10.0,10.9,10.9,21.6,34.2,68.9,10.2,8.8,7.6,6.3,6.1,7.2,7.7,6.1,5.3,3.9,3.4,2.1,1.7,2.0,4.7,38.5,59.2,1.5,0.7,31.7,94.9,24.8,0.9,32.4,22.1,7.8,2.7,97.8,0.3,0.0,0.0,0.0,100.0,0.0,4.4,33.7,1.1,42.3,2.1,45.3,4.4,0.5,1.6,2.6,4171.0,9.2,5.8
44811111,female,16479.0,10.0,11.0,10.5,46.9,49.0,5.5,20.0,9.3,7.7,6.2,6.7,7.2,7.3,5.3,4.3,3.4,3.8,2.5,2.4,2.5,3.6,22.6,66.0,3.4,8.1,20.7,94.8,54.0,1.3,28.6,11.2,6.6,3.2,98.8,0.2,0.1,0.1,0.1,99.5,0.2,6.1,32.3,0.0,6.1,12.6,79.4,0.9,0.0,0.0,1.0,500.0,11.2,7.4
44811111,male,17537.0,9.9,10.7,11.0,27.7,36.5,68.4,12.2,9.2,7.3,5.9,6.5,7.1,7.7,6.5,4.8,3.4,3.4,2.6,2.0,2.0,3.4,36.0,61.9,1.5,0.6,31.0,93.5,31.6,1.8,31.9,18.4,8.1,3.3,98.7,0.1,0.1,0.0,0.0,100.0,0.0,3.2,28.9,1.0,29.8,2.7,57.5,6.8,0.7,0.8,0.7,7204.0,10.0,6.6
44910107,female,48519.0,6.6,8.1,8.9,27.7,33.7,19.0,34.2,7.6,7.2,6.6,6.8,6.7,7.3,6.8,6.3,5.4,5.7,3.8,2.7,3.4,5.3,29.3,53.5,6.4,10.7,26.1,96.4,30.8,1.3,23.5,17.7,13.3,10.5,98.8,2.2,1.6,0.8,0.1,99.8,0.7,18.2,48.7,1.3,10.3,32.2,49.3,1.3,1.3,0.8,3.6,4632.0,15.6,9.9
44910107,male,46513.0,7.2,9.2,10.1,11.3,19.2,62.4,27.5,8.3,7.3,6.4,6.6,6.2,6.6,6.1,5.7,5.2,5.8,3.9,2.7,2.7,5.0,40.6,55.3,2.7,1.4,33.5,95.7,12.6,1.8,28.7,22.5,16.1,11.7,98.8,2.0,1.5,0.6,0.1,99.8,0.7,17.6,48.8,3.1,34.3,18.7,31.9,0.9,3.2,3.2,4.8,15466.0,15.099999999999998,9.3
44910109,female,20094.0,8.2,9.3,9.5,33.2,37.3,19.9,23.3,7.8,7.6,7.3,7.5,7.2,6.9,5.7,5.1,4.7,4.5,3.3,2.5,2.9,5.6,28.2,54.6,6.2,11.1,24.1,95.9,37.3,1.1,23.1,18.0,11.4,9.1,98.9,1.7,1.0,0.2,0.1,99.9,0.2,18.4,59.5,0.0,7.0,13.3,74.0,0.5,0.5,1.2,3.7,2242.0,13.200000000000001,8.7
44910109,male,19107.0,8.8,10.4,11.0,16.2,23.8,61.1,22.7,8.3,7.1,6.2,7.3,7.0,6.9,6.0,5.3,4.1,4.1,3.0,2.3,2.3,4.1,38.8,57.6,2.5,1.1,31.3,93.2,18.2,1.4,29.1,23.0,12.6,10.1,99.2,1.9,1.4,0.3,0.3,99.7,0.8,16.7,58.8,2.4,26.6,12.3,46.5,0.5,2.2,3.6,5.9,6285.0,11.7,7.6
44910307,female,16222.0,10.5,11.6,11.8,48.7,50.5,11.1,23.0,9.0,7.6,6.5,7.5,6.9,6.2,5.1,4.0,3.7,3.8,2.0,1.7,2.1,3.8,22.3,65.5,2.7,9.5,22.1,94.4,56.8,2.2,25.7,13.7,4.7,3.3,99.0,0.3,0.0,0.0,0.0,99.9,0.0,7.5,40.7,0.9,8.1,4.6,81.7,3.8,0.5,0.0,0.5,919.0,9.6,5.800000000000001
44910307,male,16785.0,10.9,12.1,11.7,29.3,37.0,70.8,19.0,9.5,6.5,6.4,6.9,7.3,6.9,5.4,4.2,3.5,3.4,2.4,1.6,1.5,3.4,35.1,62.1,1.8,1.0,29.2,96.0,34.3,2.1,31.0,20.7,6.5,2.7,99.1,0.2,0.0,0.0,0.0,99.8,0.2,5.1,38.2,1.1,27.8,3.1,60.5,3.3,0.0,1.1,3.1,6295.0,8.9,5.5
44910315,female,12147.0,10.6,11.0,11.3,47.3,51.1,9.5,18.2,8.5,7.8,6.5,6.9,6.6,6.6,5.2,4.7,3.8,3.7,2.4,1.8,2.5,5.6,23.3,64.2,3.1,9.4,21.4,95.9,54.9,1.4,26.4,12.3,5.6,3.1,98.5,0.3,0.0,0.2,0.0,99.9,0.0,9.2,33.8,0.6,6.0,6.9,81.6,2.5,0.0,2.3,0.0,633.0,10.399999999999999,6.7
44910315,male,12597.0,10.5,10.7,10.9,28.1,39.6,67.4,17.4,9.2,7.1,7.1,7.2,7.0,6.7,5.6,4.8,4.0,3.5,2.4,1.7,1.7,4.5,40.5,56.6,1.7,1.2,31.7,95.8,31.8,1.9,29.5,20.5,5.8,2.7,98.3,0.1,0.0,0.2,0.0,99.8,0.2,5.0,29.2,1.0,29.3,4.4,60.8,2.7,0.1,1.3,0.3,4760.0,9.3,5.8
44910317,female,10520.0,10.8,12.2,11.6,49.0,51.2,5.1,33.6,9.5,8.1,6.0,7.2,7.1,6.3,4.5,4.3,3.2,3.3,2.1,1.8,2.0,4.1,21.2,69.1,2.7,6.9,20.4,87.4,56.4,1.8,27.5,11.8,4.9,2.7,98.4,0.3,0.1,0.0,0.1,99.9,0.3,5.5,36.2,2.1,16.4,17.4,53.4,8.6,0.0,2.2,0.0,231.0,9.2,5.9
44910317,male,11478.0,10.1,11.9,11.7,33.0,40.6,62.4,21.9,9.2,8.1,6.6,7.5,6.9,6.9,5.9,4.0,3.0,3.3,1.8,1.5,1.7,4.6,36.8,61.0,1.6,0.5,28.8,86.2,38.0,1.3,31.1,17.9,6.1,2.9,97.9,0.4,0.1,0.1,0.0,99.4,0.5,3.4,28.2,2.2,36.6,8.9,41.1,6.9,0.2,0.8,3.3,3705.0,8.299999999999999,5.0
44910501,female,5866.0,9.5,10.4,11.3,47.8,50.1,6.8,14.1,8.0,7.0,6.2,7.2,7.5,6.1,5.8,4.2,4.2,4.6,2.7,2.1,3.1,5.4,25.7,60.4,3.5,10.5,17.9,94.5,55.4,1.8,25.1,12.2,7.5,3.3,99.2,1.5,0.9,0.1,0.0,100.0,0.2,11.6,60.1,0.0,0.0,9.8,82.5,0.0,0.0,5.6,2.1,235.0,12.5,7.9
44910501,male,5841.0,8.9,11.1,11.9,24.4,33.1,60.5,15.4,8.1,6.1,6.8,7.3,7.4,6.5,6.0,4.2,4.2,4.7,2.8,1.8,2.1,4.5,35.3,62.9,0.9,1.0,31.0,96.1,28.0,1.9,32.5,23.2,7.9,1.4,99.0,0.6,0.1,0.0,0.0,100.0,0.0,6.1,52.7,0.7,8.5,5.8,72.3,0.3,1.2,5.9,5.3,2033.0,11.4,6.699999999999999
44910503,female,11301.0,8.8,9.7,10.0,41.3,46.2,12.3,42.0,8.2,7.1,6.2,6.7,6.6,7.3,6.4,5.4,4.6,4.9,2.8,2.4,3.0,4.1,24.7,58.4,6.6,10.3,22.7,95.0,46.8,1.2,25.8,17.3,6.4,3.0,97.8,0.7,0.0,0.1,0.0,99.9,0.2,5.1,42.2,0.8,7.0,8.1,75.3,3.1,1.3,0.7,3.7,576.0,13.1,8.2
44910503,male,11392.0,8.5,10.4,11.2,20.4,29.4,64.1,30.1,8.9,7.3,5.6,6.7,6.2,7.2,6.1,5.5,4.3,4.9,3.1,2.2,2.0,4.5,39.2,56.7,3.0,1.1,31.6,96.2,23.2,1.5,32.4,25.9,8.5,2.3,98.0,0.4,0.0,0.0,0.0,99.9,0.0,3.4,41.1,1.1,23.5,4.8,57.1,2.8,0.9,3.5,6.3,3559.0,12.2,7.300000000000001
44910505,female,16099.0,9.3,11.0,11.3,45.7,46.7,12.9,23.7,8.1,7.1,6.9,7.3,7.2,7.1,5.3,4.0,3.9,4.6,2.7,1.9,2.4,4.2,23.2,63.7,4.2,8.9,21.9,95.0,52.9,2.0,25.2,14.2,7.5,4.4,99.4,1.9,1.1,0.3,0.0,99.8,1.4,13.2,47.2,0.9,8.4,15.9,73.2,0.4,0.4,0.4,0.5,1081.0,11.6,7.0
44910505,male,16394.0,9.4,11.6,12.2,24.9,31.3,67.5,25.1,8.9,6.7,6.3,6.9,7.4,7.0,5.6,4.2,3.6,4.4,2.7,1.5,1.6,3.8,37.8,59.5,1.6,1.0,30.3,96.3,28.8,2.2,31.0,21.9,10.1,3.4,99.2,1.0,0.8,0.2,0.0,99.9,1.0,9.7,42.9,0.5,17.6,13.0,63.5,1.3,1.1,0.5,2.4,5526.0,10.200000000000001,5.800000000000001
44910509,female,10718.0,9.7,10.5,10.9,48.7,50.7,4.3,34.5,8.7,7.2,6.1,6.7,6.9,7.2,5.6,5.2,3.8,4.1,2.6,2.3,2.6,6.0,22.1,63.2,4.2,10.5,22.8,97.0,56.2,2.0,27.9,11.8,5.1,2.6,99.1,0.2,0.1,0.0,0.1,100.0,0.0,9.8,43.0,0.0,4.2,15.3,70.7,4.8,0.0,0.0,4.9,210.0,11.6,7.5
44910509,male,11681.0,9.3,11.1,11.6,28.2,39.1,69.7,28.9,8.5,7.7,6.7,6.2,6.8,6.9,6.3,5.1,3.8,3.6,2.5,2.1,1.8,4.9,38.5,57.9,2.1,1.4,31.0,95.5,32.9,2.4,29.9,19.2,6.8,2.6,99.4,0.1,0.0,0.0,0.0,99.9,0.1,6.1,41.0,1.4,17.7,7.8,66.7,0.8,0.1,1.0,4.4,3931.0,10.0,6.3999999999999995
44910511,female,6843.0,8.5,10.1,9.8,43.8,49.1,6.5,28.3,7.2,6.5,5.7,7.0,7.2,6.8,6.3,5.5,5.1,4.8,3.5,2.7,3.4,7.5,25.8,56.1,6.4,11.7,21.5,95.5,49.6,1.5,24.9,13.7,8.6,2.2,98.6,0.8,0.1,0.3,0.1,99.5,0.7,10.4,51.7,0.0,10.7,15.6,60.1,5.4,3.9,0.0,4.3,227.0,14.4,9.6
44910511,male,6648.0,8.9,10.5,11.1,20.9,29.4,62.7,23.5,7.9,6.2,5.5,6.6,6.8,7.0,6.3,5.7,5.0,4.0,3.4,2.7,2.4,6.9,39.8,56.6,2.1,1.5,33.5,96.6,23.5,0.9,33.8,23.7,9.3,2.9,98.9,0.5,0.0,0.2,0.0,99.8,0.2,9.0,52.2,0.3,30.2,5.8,55.7,3.3,3.7,0.2,0.7,2218.0,12.500000000000002,8.5
44910513,female,16176.0,9.0,11.3,11.0,45.3,47.9,5.6,38.7,9.1,7.2,6.0,6.7,7.1,7.0,5.8,4.9,3.7,4.0,2.6,1.9,2.6,4.5,22.1,64.3,4.4,9.3,21.3,97.6,52.3,1.7,27.2,14.2,6.0,3.0,99.1,0.2,0.1,0.1,0.0,99.9,0.2,3.8,25.0,0.0,4.0,9.5,64.2,0.0,0.0,9.9,12.4,383.0,11.1,7.1
44910513,male,17047.0,9.1,11.1,11.0,27.2,36.1,69.9,22.6,9.3,7.5,6.1,6.2,7.0,7.2,6.3,5.0,4.1,3.9,2.5,1.7,2.1,4.7,38.7,58.9,1.4,1.0,31.6,96.5,31.1,1.5,31.3,20.6,7.6,2.9,99.2,0.1,0.1,0.0,0.0,99.9,0.1,2.2,20.9,2.1,13.1,3.3,62.7,2.9,0.7,4.2,11.0,6335.0,10.2,6.300000000000001
45010101,female,49389.0,8.2,9.5,9.3,25.0,31.5,22.4,28.0,8.2,8.3,7.9,8.5,8.1,7.4,6.3,5.2,3.8,3.6,2.3,1.5,2.0,3.6,28.1,61.5,3.9,6.6,25.7,97.8,28.1,2.0,22.9,18.2,15.7,9.8,99.1,5.8,2.6,0.3,0.1,99.8,1.3,22.4,59.8,0.8,11.8,17.2,62.9,1.4,0.2,0.8,4.9,5818.0,9.4,5.8
45010101,male,49065.0,8.8,10.0,10.2,13.2,22.3,70.4,18.1,8.5,7.2,6.4,7.7,7.4,7.6,6.4,5.7,4.2,4.0,2.6,1.8,1.5,3.2,36.3,61.2,1.8,0.8,31.3,96.7,14.9,2.4,27.4,23.0,16.3,8.5,99.1,5.7,3.0,0.2,0.1,99.8,1.2,18.4,57.5,1.7,27.6,19.3,40.5,0.8,1.7,2.8,5.5,20049.0,9.9,5.9
45010103,female,10823.0,4.6,6.2,7.2,4.5,11.1,41.5,5.7,6.3,5.3,5.3,6.8,7.8,8.3,7.6,7.0,6.8,7.2,5.6,3.7,4.3,1.8,27.6,60.8,5.9,5.7,29.6,96.5,4.8,1.3,12.3,9.8,18.8,46.7,96.1,5.1,2.3,1.1,0.1,96.6,0.6,60.7,90.1,7.1,7.7,42.8,40.5,0.5,0.1,0.3,0.9,3468.0,20.8,13.600000000000001
45010103,male,10126.0,5.6,7.0,8.2,2.0,8.9,61.0,8.5,7.3,5.5,4.7,5.8,6.1,7.1,6.5,6.8,6.7,6.8,6.2,4.9,4.8,1.8,32.1,63.5,3.4,1.0,33.8,91.7,2.1,1.4,12.7,11.3,16.5,49.2,96.0,5.7,2.6,1.3,0.0,97.1,1.4,63.2,90.4,15.3,13.6,30.7,37.1,0.2,0.1,0.6,2.4,4470.0,22.7,15.900000000000002
45010105,female,61419.0,7.8,8.7,8.7,27.9,35.2,23.8,21.0,7.5,8.2,8.1,8.2,7.6,7.0,6.5,5.6,4.7,4.6,2.8,1.9,2.1,4.1,26.4,60.5,5.3,7.8,25.3,96.4,31.0,1.2,22.8,17.7,13.8,9.2,98.6,5.5,1.5,0.3,0.1,99.6,0.8,20.4,56.3,1.3,14.9,12.4,64.7,0.8,0.3,1.4,4.3,8624.0,11.399999999999999,6.799999999999999
45010105,male,60648.0,8.3,9.7,9.6,14.8,24.3,71.4,16.6,7.9,7.5,7.1,7.8,7.5,7.1,6.1,5.5,4.3,4.3,3.2,2.2,1.7,3.9,37.1,60.2,2.1,0.7,31.7,94.8,16.6,1.8,27.2,23.3,14.6,8.8,98.8,5.6,1.6,0.2,0.1,99.5,0.7,17.5,54.0,2.5,27.8,11.1,49.7,0.6,1.2,2.6,4.5,26128.0,11.399999999999999,7.1000000000000005
45010107,female,149436.0,6.4,7.5,7.8,15.3,22.6,32.5,18.6,6.9,7.1,7.6,8.4,7.8,7.5,6.8,6.1,5.3,5.3,3.9,2.7,2.9,3.4,29.2,58.3,5.2,7.3,27.1,96.5,16.7,1.5,18.4,14.7,17.8,24.9,98.5,9.1,3.7,0.8,0.1,99.3,1.7,40.8,78.0,1.6,7.4,38.0,50.2,0.8,0.3,0.5,1.2,30919.0,14.799999999999999,9.5
45010107,male,146170.0,7.0,8.2,8.4,6.2,14.5,66.7,16.3,7.4,6.9,6.9,7.7,7.6,7.3,6.4,6.0,5.1,4.9,4.1,3.2,2.9,3.3,37.3,59.7,2.3,0.8,33.1,96.5,6.8,1.8,20.8,17.0,20.1,25.7,98.5,9.2,4.1,0.7,0.1,99.2,1.9,40.0,78.8,4.4,20.5,30.0,40.0,0.6,0.8,1.9,1.7,62230.0,15.1,10.2
45010109,female,36923.0,9.0,9.1,8.0,18.9,27.7,29.9,19.4,6.3,7.3,9.3,10.4,9.0,8.0,5.9,4.8,3.9,3.5,2.2,1.5,1.8,2.5,24.8,62.2,6.2,6.8,23.5,95.8,20.9,1.8,22.1,17.2,17.7,13.6,98.6,7.7,2.3,0.5,0.1,99.4,1.2,25.8,66.0,1.3,10.5,17.2,65.3,0.8,0.4,1.1,3.5,6581.0,9.0,5.5
45010109,male,36357.0,9.9,9.8,9.3,9.1,20.1,76.4,13.0,6.7,5.9,6.7,9.1,9.4,8.4,6.8,5.5,3.9,3.4,2.5,1.6,1.2,3.1,33.6,63.8,2.1,0.5,31.1,95.9,10.2,1.8,25.4,21.4,18.4,12.9,98.6,7.9,2.8,0.5,0.2,99.3,1.2,24.3,65.2,2.9,21.5,17.2,50.2,0.4,0.7,2.7,4.3,17167.0,8.7,5.3
45010301,female,3572.0,5.8,7.8,8.8,13.3,19.8,43.4,9.7,6.8,4.9,5.5,7.1,8.1,9.2,8.3,6.3,5.8,5.3,3.9,2.9,3.6,2.3,25.8,64.2,4.6,5.5,27.9,99.1,14.7,1.1,15.5,11.1,13.8,38.7,96.4,3.2,1.4,0.5,0.1,96.3,0.9,58.2,85.9,5.9,8.6,29.6,51.7,1.2,0.2,0.6,2.2,1088.0,15.7,10.4
45010301,male,3571.0,5.9,8.4,9.1,7.0,13.9,71.4,8.9,7.7,5.3,5.2,6.1,6.6,7.6,7.6,7.1,6.0,5.9,4.7,3.3,3.5,2.1,31.4,65.1,2.7,0.8,32.8,97.9,7.8,1.0,18.8,15.0,11.3,40.0,97.0,4.2,2.1,0.6,0.1,96.8,1.4,55.3,84.6,8.9,13.2,23.3,49.9,0.6,0.2,0.7,3.1,1778.0,17.400000000000002,11.5
45010303,female,2011.0,7.6,8.5,8.7,36.1,39.3,15.6,30.9,7.2,7.4,7.9,6.7,7.0,7.2,7.4,6.0,5.0,4.4,2.9,2.2,4.0,3.8,25.8,63.4,3.3,7.5,24.6,97.5,40.3,1.6,23.9,18.7,11.2,5.2,99.1,2.7,1.1,0.0,0.4,99.8,1.0,8.2,40.7,1.2,14.7,9.8,58.9,11.0,1.8,1.2,1.2,163.0,13.5,9.1
45010303,male,2311.0,7.3,9.0,8.2,19.6,25.4,68.4,20.0,8.0,7.1,7.1,7.1,7.1,7.6,7.4,5.7,4.3,5.0,3.3,2.6,3.2,4.1,39.7,56.8,2.9,0.7,33.5,98.3,21.5,1.7,31.5,26.5,10.2,4.7,99.2,3.7,1.4,0.1,0.2,99.5,0.9,5.3,38.3,1.0,27.5,9.3,54.9,1.4,0.4,3.9,1.6,953.0,14.100000000000001,9.100000000000001
45010311,female,56668.0,8.3,10.0,9.9,21.8,28.9,25.8,21.3,7.9,7.6,7.5,8.4,8.4,8.3,6.7,5.3,3.7,3.1,2.0,1.2,1.6,2.4,25.9,63.2,5.0,6.0,23.8,97.4,24.7,1.7,23.5,17.4,16.6,11.9,98.3,7.6,3.1,0.4,0.1,99.0,1.1,29.4,67.9,0.9,13.0,22.4,60.2,0.9,0.2,0.3,2.1,8251.0,7.9,4.800000000000001
45010311,male,55895.0,8.8,10.5,10.8,10.9,20.4,74.1,13.6,8.6,7.0,5.9,6.7,7.3,8.1,7.4,6.0,4.5,3.7,2.2,1.3,1.1,2.4,34.4,63.3,1.9,0.5,30.9,96.9,12.4,2.0,27.7,21.1,17.5,11.3,98.2,7.7,3.8,0.3,0.2,99.1,1.3,26.0,66.6,1.5,28.2,18.9,45.0,1.6,0.7,1.7,2.4,25012.0,8.3,4.6
45010503,female,13141.0,8.3,9.0,9.0,25.4,32.4,20.6,30.6,8.0,8.6,8.8,8.4,7.8,6.5,6.3,5.5,4.2,3.9,2.3,1.6,1.7,4.0,26.8,62.0,4.5,6.7,24.7,96.5,28.5,1.8,23.6,17.0,14.1,11.2,98.4,9.0,2.2,0.3,0.1,99.5,1.6,28.6,59.9,0.9,17.5,16.1,61.9,1.4,0.0,0.4,1.8,1381.0,9.499999999999998,5.6
45010503,male,13403.0,8.7,10.6,9.8,13.6,23.5,73.6,21.9,7.4,7.2,7.1,7.8,7.7,7.3,5.6,5.5,4.8,4.0,3.2,1.9,1.4,3.8,34.8,63.1,1.7,0.5,31.0,97.1,15.3,2.4,28.9,22.4,14.5,8.3,98.7,9.1,2.5,0.3,0.1,99.5,1.9,23.2,57.9,1.6,37.5,13.7,38.4,1.1,0.6,4.7,2.3,5466.0,10.5,6.5
45010505,female,7774.0,8.0,10.0,9.5,32.1,35.0,13.6,22.7,8.5,8.2,7.5,7.1,7.3,6.6,6.4,5.2,4.5,4.0,2.6,2.0,2.5,3.7,24.8,63.5,3.3,8.4,23.5,97.4,36.3,2.8,25.6,19.6,10.8,6.2,99.2,4.8,1.7,0.2,0.0,99.8,2.2,13.3,54.3,0.0,12.9,11.5,70.1,0.7,2.2,0.8,1.8,591.0,11.1,7.1
45010505,male,7777.0,8.4,10.5,10.5,14.6,22.1,69.5,14.1,8.3,6.6,6.5,6.8,7.4,7.7,6.0,5.7,4.6,4.0,3.0,1.8,2.1,3.0,35.7,61.9,1.8,0.6,31.4,98.3,16.8,3.2,33.5,24.5,11.3,5.5,98.7,5.0,1.5,0.2,0.2,99.6,2.3,9.7,52.4,0.8,23.0,7.6,62.7,1.3,0.9,2.7,1.1,3272.0,10.9,6.9
50810101,female,23919.0,7.8,9.3,9.5,31.3,36.6,17.1,29.8,8.7,8.5,7.9,7.8,7.6,6.8,5.8,5.3,4.6,3.9,2.2,1.7,2.5,3.7,27.1,59.1,4.8,9.1,25.2,97.2,35.2,2.0,21.9,15.2,12.6,11.7,83.2,27.3,60.8,0.2,0.0,99.0,3.3,30.5,68.2,1.4,11.5,52.5,30.0,1.4,0.0,1.0,2.3,2105.0,10.3,6.4
50810101,male,23376.0,8.6,9.9,10.5,15.4,24.9,63.8,17.1,9.5,7.4,6.9,7.1,6.5,6.0,5.6,5.1,4.4,4.6,3.8,2.3,1.9,4.0,39.4,58.2,1.7,0.7,32.2,97.1,17.5,2.8,23.5,19.1,14.9,14.9,87.6,29.0,61.3,0.1,0.0,99.1,3.4,28.3,68.9,3.8,24.6,31.1,33.6,0.7,0.4,2.7,3.1,8776.0,12.6,8.0
50810103,female,17011.0,7.3,9.3,9.6,37.4,41.2,10.2,25.3,8.3,7.8,7.8,7.6,6.7,6.3,6.0,5.5,4.7,4.7,3.0,2.3,3.0,5.5,25.1,61.2,4.0,9.7,22.8,97.9,42.0,1.4,25.2,13.6,9.9,8.8,75.6,75.4,17.2,0.2,0.1,98.8,2.2,22.7,62.6,1.1,12.9,50.9,28.8,1.8,0.7,1.1,2.7,953.0,13.0,8.3
50810103,male,16617.0,7.6,9.4,10.5,17.4,28.2,62.5,14.5,9.2,7.5,7.0,7.2,6.5,6.6,5.6,5.4,4.4,4.5,3.4,2.6,2.6,5.7,39.3,59.1,0.8,0.7,31.5,96.4,19.5,2.1,25.0,19.4,12.6,12.6,81.9,76.2,17.8,0.2,0.1,99.1,2.3,21.1,60.7,1.3,26.4,20.4,40.8,1.4,0.5,4.0,5.2,6432.0,13.1,8.6
50810301,female,5790.0,9.6,10.4,11.8,55.9,55.3,5.6,5.4,9.3,7.7,5.8,7.0,6.5,5.9,5.1,4.6,3.6,3.5,2.7,2.6,3.8,4.2,21.7,67.1,2.8,8.4,23.0,90.6,64.4,1.7,25.2,10.5,5.3,2.1,17.2,48.0,51.1,0.4,0.0,93.6,7.3,3.8,34.5,0.0,8.8,12.3,34.6,44.3,0.0,0.0,0.0,209.0,12.600000000000001,9.100000000000001
50810301,male,6173.0,9.1,10.5,11.7,36.7,40.9,67.0,10.1,10.0,7.4,6.6,6.9,6.6,6.4,5.2,4.3,3.9,3.4,2.1,2.4,3.6,4.4,38.2,59.4,1.3,1.1,31.2,91.5,42.4,1.7,27.3,21.6,5.3,3.2,26.0,47.5,52.9,0.2,0.0,93.8,7.1,3.1,33.2,0.0,24.8,4.8,67.4,0.8,0.0,0.6,1.5,2558.0,11.5,8.1
50810303,female,6426.0,11.1,12.2,13.4,58.8,57.0,1.6,10.9,11.5,7.3,6.2,7.0,6.7,5.5,4.2,3.8,2.9,2.7,2.1,1.5,1.9,4.1,23.1,69.2,1.2,6.5,22.1,92.2,70.1,1.3,32.4,6.6,1.7,1.0,2.0,65.4,35.2,0.0,0.1,99.1,9.4,2.8,21.2,0.0,26.3,14.0,29.8,29.8,0.0,0.0,0.0,57.0,8.200000000000001,5.5
50810303,male,7115.0,10.7,12.3,13.9,37.0,44.1,72.4,9.2,11.5,9.1,7.3,6.2,5.8,4.8,3.5,3.1,3.4,2.6,2.4,1.6,1.8,4.4,39.0,59.9,0.5,0.5,28.0,92.6,44.0,1.2,37.1,12.1,3.2,2.2,3.7,64.8,35.9,0.0,0.0,99.4,9.6,2.6,21.0,0.3,19.9,3.8,73.8,1.6,0.1,0.2,0.4,2951.0,8.4,5.8
50810305,female,5897.0,10.1,10.8,11.5,55.6,55.2,9.9,3.8,10.6,7.9,7.6,6.7,7.1,5.3,4.8,4.4,2.9,3.4,2.6,2.1,2.4,2.8,24.2,66.1,1.1,8.7,23.3,97.9,64.7,1.0,27.8,9.2,4.3,2.5,16.0,91.2,13.4,0.1,0.1,95.4,14.0,14.3,46.4,0.3,14.7,10.2,2.4,71.2,0.0,0.3,1.0,382.0,10.5,7.1
50810305,male,6095.0,9.5,11.1,11.2,33.0,43.9,71.6,17.3,11.2,10.2,8.3,7.4,5.5,5.2,4.2,3.6,2.7,2.8,2.2,2.3,2.6,3.2,40.4,58.4,0.5,0.8,28.7,97.1,38.2,1.1,32.5,13.7,5.5,3.3,27.1,91.6,13.5,0.0,0.0,95.4,14.6,11.2,37.0,0.6,38.5,4.5,36.8,6.1,0.5,0.0,13.1,2460.0,9.9,7.1
50810307,female,11310.0,9.9,12.2,12.7,57.7,58.3,4.6,23.6,10.1,6.7,6.2,7.2,6.5,5.4,4.6,3.9,3.4,3.5,2.8,1.9,2.9,4.2,22.4,65.4,2.4,9.9,22.6,92.2,68.3,0.7,28.5,7.4,3.4,1.8,15.9,33.9,75.1,0.2,0.0,98.1,3.1,6.7,34.2,0.0,30.3,22.3,34.5,3.8,0.0,0.0,9.1,259.0,11.1,7.6
50810307,male,12221.0,9.6,11.5,11.6,37.3,44.0,72.8,28.8,10.0,7.8,7.0,7.2,6.5,5.4,4.5,4.0,3.8,3.3,2.6,2.1,3.0,4.5,42.1,56.2,0.7,1.0,30.5,92.5,43.3,1.4,32.4,14.8,4.3,3.1,27.4,33.1,76.1,0.0,0.0,97.5,3.3,5.8,30.7,0.2,30.7,8.4,55.2,1.5,0.4,0.7,3.0,4255.0,11.0,7.7
50810309,female,7748.0,9.1,10.2,10.8,50.1,50.2,5.3,7.3,10.0,7.9,7.3,7.2,6.6,6.2,5.3,4.3,3.6,3.8,2.9,1.9,2.9,3.8,23.2,65.5,3.3,7.9,23.7,97.0,57.3,1.2,28.1,10.0,5.6,4.9,17.7,1.0,97.9,0.4,0.0,98.0,4.6,10.6,36.3,0.0,18.3,31.9,10.8,39.0,0.0,0.0,0.0,265.0,11.5,7.699999999999999
50810309,male,8629.0,9.1,10.5,10.3,25.4,34.5,68.5,21.3,10.3,8.9,8.1,7.9,6.3,6.0,4.7,4.2,3.3,2.9,2.5,2.4,2.5,4.9,44.4,53.7,1.3,0.6,31.2,95.4,28.5,1.5,29.1,19.2,7.9,7.8,22.1,0.9,98.3,0.2,0.1,97.6,6.0,12.0,32.3,0.9,28.4,13.1,54.2,1.9,0.4,0.0,1.1,3256.0,10.3,7.4
50810311,female,6238.0,9.2,10.9,10.8,49.9,49.7,2.9,36.8,9.2,6.8,5.9,7.1,7.1,6.9,4.8,4.4,3.9,3.7,3.3,2.8,3.3,3.7,24.7,61.3,2.7,11.3,23.5,97.0,57.5,3.2,27.8,11.5,4.7,3.1,36.6,20.8,78.1,0.4,0.0,96.3,5.3,9.3,39.9,0.0,0.0,41.2,42.4,0.0,0.0,4.8,11.6,79.0,13.100000000000001,9.399999999999999
50810311,male,6721.0,8.9,10.0,11.6,27.6,35.6,65.5,19.1,10.1,7.5,6.8,6.7,7.1,6.4,5.5,4.2,3.6,3.3,3.0,2.1,3.2,4.3,43.6,54.2,1.0,1.2,31.5,97.2,32.0,2.4,28.0,21.5,7.5,5.1,48.2,18.3,81.3,0.1,0.0,96.0,4.6,8.1,41.5,0.5,14.3,7.0,65.5,2.4,0.2,1.0,9.1,2479.0,11.600000000000001,8.3
50810313,female,5410.0,10.4,12.0,12.6,61.6,60.1,4.9,2.3,10.5,8.3,7.1,6.5,6.0,5.5,4.8,3.8,3.1,3.4,1.9,1.8,2.2,4.0,26.5,64.5,2.7,6.3,24.1,89.0,71.0,1.6,26.4,6.8,3.1,1.9,12.4,0.3,99.2,0.1,0.0,98.3,1.9,10.2,37.6,0.0,22.4,12.4,4.7,59.4,0.0,0.0,1.2,170.0,9.3,5.9
50810313,male,5845.0,9.9,11.7,12.1,41.2,45.8,64.4,16.2,11.3,9.1,7.7,6.6,5.7,5.1,4.6,3.6,3.2,3.1,2.6,1.7,2.1,4.1,41.0,56.6,1.1,1.3,29.7,93.6,47.6,1.8,30.2,13.2,5.3,3.7,23.1,0.2,99.0,0.3,0.1,97.7,2.7,11.1,40.5,1.2,28.6,7.1,56.1,3.9,0.3,0.3,2.4,2089.0,9.5,6.4
50810501,female,4288.0,8.0,9.5,10.6,48.8,49.3,4.5,22.1,9.1,7.1,5.9,6.6,7.6,6.8,6.3,4.6,4.1,4.7,3.3,2.0,3.8,4.3,20.3,62.7,3.2,13.9,22.4,98.3,55.9,2.0,26.0,12.4,7.1,3.2,43.8,25.3,83.4,0.2,0.0,99.0,0.7,19.3,52.9,0.0,22.0,31.2,44.0,1.8,0.0,0.9,0.0,109.0,13.8,9.1
50810501,male,4368.0,8.9,10.7,11.5,24.4,30.3,65.7,11.5,9.4,5.8,5.4,6.6,6.7,7.1,6.2,5.8,4.1,3.9,3.3,2.2,2.5,3.8,36.6,61.0,1.4,0.9,31.9,98.6,28.4,1.9,31.5,21.4,10.0,4.8,47.7,26.7,83.2,0.2,0.0,99.4,0.8,17.7,54.9,1.6,30.2,6.9,56.2,1.1,0.1,1.1,2.9,1749.0,11.899999999999999,8.0
50810505,female,6128.0,7.7,10.5,10.6,53.8,52.1,2.3,60.4,9.7,6.9,5.9,5.6,6.7,6.2,6.1,5.3,3.7,4.2,2.9,3.2,4.7,4.9,20.4,63.8,3.4,12.5,21.0,95.9,61.3,1.2,28.9,10.9,3.8,3.0,72.8,49.6,44.0,0.1,0.0,98.5,1.4,9.4,48.6,0.0,16.9,22.3,60.8,0.0,0.0,0.0,0.0,40.0,15.0,10.8
50810505,male,6262.0,7.7,10.0,11.0,27.2,33.0,69.3,9.5,9.2,6.9,7.3,6.9,6.8,6.5,5.5,4.9,4.4,4.3,2.8,2.5,3.3,4.0,38.8,59.8,0.4,1.1,31.5,94.9,31.1,1.4,32.4,21.5,7.2,4.5,77.9,52.3,45.1,0.0,0.0,99.9,0.3,9.8,49.1,0.4,39.0,4.5,54.4,0.2,0.0,0.0,1.5,2798.0,12.899999999999999,8.6
50810507,female,7204.0,6.3,8.6,9.2,45.2,45.2,7.1,41.1,7.3,6.9,6.3,6.0,6.1,6.5,6.4,5.8,5.5,5.7,4.7,3.7,5.0,5.4,22.9,58.3,3.9,14.9,22.5,99.7,50.7,1.8,25.5,12.8,7.4,7.4,95.0,40.2,19.2,0.0,0.0,100.0,0.0,19.3,63.7,0.4,17.3,59.2,19.2,1.3,0.0,0.0,2.6,228.0,19.1,13.4
50810507,male,6398.0,7.9,9.8,11.1,21.4,26.2,62.4,27.4,8.9,5.4,4.7,5.1,5.8,5.5,5.9,6.5,4.8,5.3,5.2,3.1,5.1,4.9,38.1,58.4,1.8,1.6,34.4,100.0,24.6,1.9,27.4,22.8,13.0,8.7,94.4,42.0,19.0,0.1,0.1,99.7,0.4,19.2,66.3,2.3,26.1,17.3,47.0,1.8,0.4,0.8,4.2,2061.0,18.7,13.4
50810509,female,4807.0,5.8,8.1,10.3,44.5,47.3,6.3,21.2,8.3,8.2,5.8,5.8,7.0,7.3,6.5,5.9,4.6,6.2,3.3,3.1,3.8,5.0,25.5,57.9,3.9,12.8,22.6,96.3,50.3,0.5,24.8,13.1,7.2,7.1,97.7,4.5,21.1,0.1,0.0,99.9,0.3,14.6,43.8,0.5,11.5,51.1,33.5,0.5,0.0,1.1,1.6,182.0,16.4,10.2
50810509,male,4564.0,7.2,10.3,11.2,22.3,29.7,65.3,17.3,9.1,6.4,5.3,5.9,4.8,5.8,6.0,6.1,4.8,6.2,4.3,3.3,3.3,5.4,37.7,59.8,1.4,1.2,32.7,95.1,25.7,1.1,30.2,21.4,10.5,7.1,98.7,0.9,17.3,0.1,0.0,99.9,0.1,10.3,44.0,1.3,39.8,9.7,42.2,1.7,0.5,3.2,1.5,1754.0,17.1,10.899999999999999
50810511,female,6768.0,8.2,9.2,10.1,46.0,47.7,7.0,32.6,8.8,8.1,6.0,6.6,6.5,6.5,5.2,5.2,4.6,4.7,3.3,2.9,4.0,3.6,22.9,61.8,1.9,13.4,23.9,95.3,51.8,1.3,23.8,12.7,8.3,6.1,85.6,70.0,15.5,0.1,0.1,99.5,3.4,20.7,63.0,0.0,19.7,47.9,32.4,0.0,0.0,0.0,0.0,232.0,14.9,10.2
50810511,male,6630.0,8.8,10.0,11.8,24.2,29.6,57.5,20.0,8.7,6.1,5.0,6.3,6.1,5.9,5.7,5.9,4.7,4.5,4.3,2.8,3.5,5.5,37.9,59.7,1.7,0.8,31.9,96.2,27.8,1.6,28.7,23.3,9.9,7.0,88.5,71.6,15.3,0.2,0.1,99.5,2.6,15.4,59.6,0.2,30.6,24.8,31.7,1.2,1.8,1.0,8.7,2115.0,15.100000000000001,10.6
50810513,female,4713.0,8.3,10.5,11.1,52.0,52.3,1.6,35.8,8.0,5.6,6.1,6.4,7.2,6.1,5.4,5.4,3.3,4.0,3.9,3.7,4.9,4.4,19.8,66.4,2.2,11.6,20.6,97.9,60.1,1.6,28.0,11.3,4.3,2.5,99.3,20.3,14.2,0.0,0.0,99.5,4.4,6.0,34.7,0.0,0.0,50.0,44.1,2.9,0.0,0.0,2.9,34.0,16.5,12.5
50810513,male,4639.0,8.4,10.9,11.7,30.8,35.5,67.1,38.8,8.8,4.2,4.6,5.9,8.1,6.8,7.0,5.1,3.9,3.8,3.2,2.8,4.9,5.2,36.4,61.4,1.3,0.9,33.4,98.5,36.0,1.6,34.3,20.0,6.3,2.2,99.4,21.2,15.4,0.0,0.1,99.7,7.3,4.3,34.2,0.2,16.6,8.0,69.1,2.3,0.2,2.7,1.0,1313.0,14.700000000000001,10.9
50810515,female,3634.0,7.1,10.3,11.8,55.0,53.7,2.4,18.0,8.7,5.9,6.1,6.1,6.2,7.2,5.0,4.9,3.8,4.6,4.1,3.6,4.7,6.3,17.9,66.3,3.2,12.6,22.1,97.4,63.8,1.3,27.4,10.0,4.5,3.1,70.7,43.8,55.6,0.1,0.0,99.2,2.7,13.2,50.0,0.0,4.0,70.0,24.0,2.0,0.0,0.0,0.0,50.0,17.0,12.399999999999999
50810515,male,3720.0,8.3,10.9,11.0,32.3,38.9,61.7,25.7,9.0,4.8,5.2,5.7,6.5,6.5,5.7,5.8,4.7,4.8,4.2,2.8,4.2,7.8,34.3,63.1,1.7,0.9,32.1,97.8,37.1,2.2,31.9,17.3,6.2,3.5,78.3,44.0,55.7,0.1,0.0,99.2,3.3,10.6,45.1,0.2,23.5,6.3,68.7,0.6,0.4,0.2,0.2,1189.0,16.0,11.2
50810517,female,5441.0,8.0,9.5,11.0,51.1,50.7,3.3,14.0,9.0,6.3,6.2,6.9,6.7,6.5,6.3,4.9,4.1,4.5,3.3,2.8,4.0,6.1,21.3,63.6,2.3,12.9,22.6,97.9,58.8,2.2,26.8,10.7,5.2,4.4,75.4,20.7,60.7,0.1,0.0,99.5,0.6,10.6,34.4,0.0,5.4,48.6,39.6,1.8,0.0,0.0,4.5,111.0,14.6,10.1
50810517,male,5431.0,8.1,10.1,11.0,30.1,34.8,60.1,8.5,9.5,5.6,5.7,5.8,7.0,6.3,6.5,5.3,4.4,4.6,3.8,2.7,3.2,7.4,36.3,62.0,1.1,0.6,32.3,98.1,34.3,2.0,32.1,18.9,7.0,5.1,84.9,18.1,61.3,0.3,0.0,99.6,0.5,7.1,31.5,0.4,19.9,10.1,58.3,0.9,0.6,0.6,9.3,2109.0,14.299999999999997,9.7
50810519,female,4983.0,8.2,10.2,11.7,54.2,53.7,2.0,15.5,8.6,6.5,6.1,6.0,6.6,5.8,5.4,4.9,3.5,5.0,3.7,3.1,4.8,4.8,17.3,66.9,2.4,13.4,21.1,98.0,63.1,1.7,26.9,11.2,4.0,2.5,38.7,12.4,86.5,0.3,0.0,99.2,2.0,10.7,47.5,0.0,26.7,41.7,26.7,0.0,0.0,0.0,5.0,60.0,16.599999999999998,11.600000000000001
50810519,male,5271.0,9.1,10.3,11.1,27.6,33.4,62.7,9.5,8.6,6.6,5.2,6.9,6.5,6.4,5.3,4.8,4.0,3.9,3.6,3.3,4.3,5.4,37.0,60.1,1.4,1.4,32.7,97.5,31.9,2.4,31.5,21.5,7.3,3.9,44.6,11.9,87.5,0.2,0.1,99.2,1.9,9.9,44.0,0.9,20.6,7.3,60.0,0.6,0.7,1.2,8.8,2078.0,15.100000000000001,11.2
50810521,female,2850.0,7.5,8.9,10.9,52.8,52.5,2.1,22.7,9.3,6.2,5.2,6.5,6.3,6.8,5.9,5.0,4.0,4.5,4.3,2.9,5.8,6.0,19.7,65.4,2.4,12.5,21.3,99.1,60.6,1.5,24.0,12.8,6.2,3.0,92.7,18.1,32.3,0.1,0.1,99.6,0.4,10.1,47.6,0.0,5.9,52.9,32.4,0.0,0.0,0.0,8.8,34.0,17.5,13.0
50810521,male,2884.0,8.6,9.9,12.3,32.2,36.0,60.6,27.0,8.3,5.1,4.5,5.3,6.3,6.3,6.6,6.1,4.8,3.7,4.0,3.3,4.8,6.3,34.8,62.3,1.5,1.5,32.6,99.0,37.9,1.8,30.7,20.0,8.3,3.3,93.7,17.4,27.9,0.0,0.0,99.7,0.3,6.8,43.6,0.2,21.1,9.6,64.2,2.2,0.7,0.7,1.4,882.0,15.8,12.1
50810903,female,1363.0,9.2,10.5,10.6,58.9,59.0,4.0,7.9,9.0,6.3,6.0,5.9,5.4,5.5,5.2,5.4,3.2,4.3,3.5,3.3,6.5,3.6,20.5,60.6,4.7,14.1,23.0,95.2,67.7,0.2,23.6,10.6,4.0,2.7,27.7,0.4,99.7,0.1,0.1,99.1,1.1,8.4,51.3,0.0,42.9,40.0,14.3,2.9,0.0,0.0,0.0,35.0,17.6,13.3
50810903,male,1402.0,9.0,9.1,11.7,31.1,37.4,66.6,19.1,10.1,7.9,6.6,5.4,5.6,5.1,4.8,4.4,4.1,4.2,3.5,3.6,4.9,3.9,41.5,54.4,2.1,2.0,32.7,94.2,36.0,0.2,26.1,24.6,7.3,4.4,37.3,0.2,99.4,0.4,0.1,99.0,0.8,9.9,59.7,0.2,29.8,6.4,60.9,1.5,0.2,0.8,0.2,530.0,16.200000000000003,12.0
50810907,female,1740.0,9.2,8.7,11.0,54.8,54.7,4.0,30.6,9.1,8.0,7.2,6.6,6.5,7.0,5.7,4.4,3.6,4.4,2.4,2.1,4.3,5.2,23.4,62.9,5.3,8.3,24.7,90.3,63.0,0.2,22.1,11.8,6.1,5.1,18.7,2.0,96.7,0.5,0.1,98.6,2.5,4.3,34.7,0.0,8.8,79.4,5.9,2.9,0.0,0.0,2.9,34.0,13.2,8.8
50810907,male,1665.0,9.3,10.0,12.9,36.3,41.3,47.1,33.1,10.8,6.8,5.9,5.2,6.9,5.7,5.9,5.0,3.5,4.1,2.6,2.2,3.2,5.9,35.2,61.5,2.7,0.7,30.2,92.4,42.9,0.4,21.6,20.1,9.4,7.3,25.0,2.2,96.4,0.2,0.1,98.5,3.3,4.3,33.1,2.3,16.6,22.3,57.2,0.6,0.0,0.3,0.8,355.0,12.099999999999998,8.0
50810909,female,1966.0,10.6,11.9,12.5,63.8,60.9,10.1,31.0,9.8,6.9,7.0,7.1,6.3,5.4,4.9,3.6,3.7,3.0,1.8,1.8,3.8,5.2,21.6,63.1,6.6,8.7,23.1,92.1,73.8,0.6,23.0,9.3,3.4,2.7,16.6,0.0,99.2,0.5,0.0,94.7,37.9,6.2,57.0,0.0,1.1,12.4,20.2,50.6,0.0,0.0,15.7,89.0,10.399999999999999,7.4
50810909,male,2009.0,11.3,11.4,12.7,40.4,44.0,71.0,21.1,9.9,7.7,6.7,7.5,6.1,5.3,4.8,3.8,2.8,3.0,1.7,1.4,3.6,5.7,37.4,58.7,3.4,0.5,29.2,94.3,47.0,1.2,27.4,17.6,5.7,4.2,28.2,0.2,98.8,0.3,0.0,94.6,41.4,5.4,50.3,2.1,12.6,6.6,47.5,6.6,0.0,0.3,24.3,724.0,9.7,6.699999999999999
50810911,female,2322.0,7.4,8.4,10.1,53.4,53.1,4.0,53.6,8.5,6.5,5.8,5.8,6.1,6.3,6.5,5.6,4.3,5.6,3.9,3.8,5.5,8.0,21.5,62.6,3.7,12.2,21.2,96.0,60.0,0.8,23.7,13.0,6.9,2.5,38.8,0.1,98.7,0.2,0.0,98.0,1.9,11.5,38.0,0.0,15.6,34.4,46.9,3.1,0.0,0.0,0.0,32.0,18.8,13.2
50810911,male,2283.0,7.8,9.5,11.6,30.1,34.4,62.4,27.9,8.9,5.7,4.7,5.3,5.8,5.4,6.7,6.5,4.5,5.0,3.7,3.6,5.2,9.0,35.9,61.7,1.4,1.0,33.0,97.2,34.2,1.2,28.1,22.3,10.4,3.6,44.9,0.1,98.5,0.4,0.0,98.6,1.5,12.1,38.9,0.8,30.6,9.3,52.9,2.6,0.8,1.1,1.8,731.0,17.5,12.5
50810913,female,684.0,8.3,9.4,9.5,60.7,59.2,1.2,100.0,9.2,6.1,5.1,5.0,6.6,6.9,6.6,5.3,4.4,6.1,3.2,2.9,5.4,6.3,21.7,69.7,2.6,6.0,22.7,91.4,68.3,0.6,20.5,11.0,6.1,2.6,8.6,0.0,93.3,0.4,0.3,98.6,1.4,9.5,29.0,,,,,,,,,0.0,17.6,11.5
50810913,male,780.0,9.1,9.6,12.7,36.1,41.7,57.9,85.4,8.5,6.8,5.5,4.4,5.5,5.5,4.4,6.4,4.4,5.4,3.2,3.2,5.5,7.3,38.7,58.9,1.9,0.6,32.8,97.5,42.6,0.5,23.3,23.2,6.9,4.4,11.9,0.0,92.0,0.3,0.0,99.5,1.2,8.2,34.9,0.0,24.4,31.1,40.0,0.0,0.0,0.0,4.4,45.0,17.3,11.9
50810915,female,6967.0,7.0,8.4,9.5,38.5,40.5,10.4,34.0,8.7,7.2,5.9,6.1,6.9,5.9,6.0,6.4,5.7,5.1,3.6,2.8,4.9,4.6,25.8,56.2,5.3,12.7,25.3,96.8,43.3,2.5,22.7,13.9,11.8,8.6,79.5,0.6,93.6,0.2,0.0,99.2,1.8,22.3,63.9,1.1,12.1,50.6,33.2,0.0,0.3,0.0,2.8,358.0,16.4,11.3
50810915,male,6429.0,8.0,9.0,10.4,19.1,24.8,56.0,28.1,9.8,7.3,5.4,5.2,5.2,5.1,5.3,5.8,5.2,6.0,4.5,3.7,4.1,5.1,39.7,57.0,2.2,1.2,34.7,97.1,21.7,2.9,23.7,20.0,17.4,11.1,87.7,1.1,94.6,0.1,0.0,99.6,1.2,22.3,65.9,0.5,28.0,24.3,39.3,0.9,0.5,2.0,4.7,1878.0,18.299999999999997,12.299999999999999
50810917,female,1848.0,9.8,12.3,12.4,54.1,54.4,2.3,14.3,9.3,7.1,5.8,5.1,7.6,6.3,4.8,3.9,3.3,3.2,3.0,2.5,3.2,7.5,23.9,61.1,5.4,9.6,24.4,95.8,63.8,0.1,27.7,11.5,3.8,2.5,66.6,41.5,33.8,0.1,0.0,96.4,3.5,1.1,10.0,0.0,8.3,45.8,41.7,0.0,0.0,0.0,4.2,24.0,11.899999999999999,8.7
50810917,male,2029.0,10.6,12.0,11.1,33.6,40.1,57.0,14.4,10.7,6.5,6.5,5.5,6.5,5.9,6.0,3.6,3.4,3.1,2.9,2.4,3.4,8.2,41.7,53.9,2.8,1.6,32.2,95.9,39.0,0.1,32.1,20.3,4.2,3.2,67.7,41.3,32.7,0.0,0.0,98.0,2.0,1.2,8.0,0.2,27.7,6.4,50.0,6.9,0.0,0.2,8.7,656.0,11.8,8.7
50810919,female,8341.0,9.1,10.7,11.4,56.0,55.7,4.4,36.0,10.0,7.8,5.7,6.5,7.5,6.1,5.5,4.5,4.1,3.6,2.5,2.1,2.9,4.0,24.2,59.8,6.4,9.5,24.1,95.2,64.4,0.3,22.9,10.1,5.4,5.7,27.3,7.3,93.2,0.1,0.0,96.7,4.4,23.7,58.2,0.0,29.8,26.3,26.5,7.0,0.0,0.0,10.4,162.0,11.1,7.5
50810919,male,8069.0,9.9,11.5,12.6,35.9,42.4,63.9,17.3,9.8,7.8,6.1,6.3,5.9,5.5,5.2,4.1,3.4,3.7,2.9,2.1,3.2,4.0,37.0,60.9,1.5,0.6,30.5,90.6,42.0,0.9,24.6,16.0,8.1,8.0,39.2,7.3,92.9,0.1,0.0,97.4,4.4,21.2,61.4,0.3,27.4,11.3,39.8,2.2,0.5,1.2,17.1,2817.0,11.899999999999999,8.2
50810921,female,1925.0,9.6,10.0,11.1,55.1,54.9,3.4,33.3,10.6,9.1,7.1,6.9,6.5,5.1,4.6,4.5,4.4,2.9,2.9,1.9,2.9,5.9,22.5,62.3,6.5,8.7,23.0,95.3,63.3,0.7,18.1,14.1,6.6,5.6,14.5,0.3,98.9,0.4,0.1,98.7,2.3,14.7,49.6,0.0,10.0,53.3,36.7,0.0,0.0,0.0,0.0,30.0,10.6,7.699999999999999
50810921,male,1859.0,11.5,10.7,12.7,37.6,42.9,55.6,4.5,9.5,8.0,6.9,7.2,6.6,4.9,4.2,2.6,3.8,3.1,2.7,2.6,3.2,6.6,34.3,63.1,2.1,0.6,28.3,92.9,44.5,0.4,22.0,19.9,7.5,7.3,19.4,0.2,99.2,0.2,0.1,99.4,1.8,12.5,43.7,0.0,36.2,11.2,49.6,2.2,0.3,0.3,0.2,643.0,11.600000000000001,8.5
50810923,female,5552.0,9.3,11.7,12.8,52.6,55.4,4.2,12.5,9.1,7.3,6.6,6.1,6.3,5.4,5.1,4.4,3.7,3.6,2.9,2.1,3.7,3.9,25.5,60.1,4.9,9.4,23.8,91.3,62.6,0.7,25.4,10.8,4.2,3.5,17.2,22.0,86.8,0.3,0.0,97.8,4.6,9.4,52.1,0.0,8.6,66.6,12.7,7.7,0.0,0.0,4.4,134.0,12.3,8.7
50810923,male,6039.0,9.1,11.5,11.4,28.5,37.6,68.7,27.2,10.1,9.1,7.1,6.7,5.9,5.1,4.5,4.2,3.8,3.4,2.8,1.9,3.3,4.2,44.1,51.7,3.0,1.3,32.6,93.4,33.1,2.1,29.5,20.6,4.4,5.8,25.3,26.3,86.1,0.2,0.0,97.7,4.7,7.7,46.0,0.6,16.9,15.5,50.7,1.3,0.6,0.4,13.9,2052.0,11.399999999999999,7.999999999999999
50811101,female,10682.0,6.7,8.3,9.4,34.5,36.6,10.4,33.6,8.1,7.2,6.6,6.4,6.2,6.6,6.6,6.3,5.8,5.6,3.4,2.8,4.1,6.2,25.4,57.3,5.3,12.0,23.9,97.7,38.5,2.6,23.6,17.9,10.6,8.6,91.3,16.5,66.5,0.4,0.1,99.3,2.0,23.3,71.1,0.0,13.4,40.3,44.1,2.0,0.2,0.0,0.0,559.0,15.9,10.299999999999999
50811101,male,9520.0,7.5,10.5,10.8,15.9,20.6,55.3,23.0,8.7,6.4,4.9,5.3,5.8,4.9,5.9,6.1,5.5,6.1,4.7,3.6,3.2,6.3,38.4,58.6,2.1,0.9,34.2,98.5,18.1,3.0,28.4,23.1,15.8,9.1,93.4,14.8,68.2,0.2,0.0,99.5,2.0,22.5,72.8,1.4,21.8,21.6,48.3,0.3,1.7,1.9,3.0,2881.0,17.6,11.5
50811103,female,12192.0,7.4,9.6,10.4,44.5,46.1,5.0,33.8,8.1,7.1,6.6,6.6,6.5,6.4,6.5,5.5,4.4,4.6,3.3,2.9,4.1,5.5,21.8,61.3,3.5,13.5,21.9,92.8,50.7,2.0,24.5,14.1,7.4,6.0,89.8,18.8,57.6,0.4,0.0,99.1,1.7,21.8,59.9,0.0,8.9,48.6,32.3,6.5,3.8,0.0,0.0,293.0,14.899999999999999,10.299999999999999
50811103,male,11479.0,8.8,11.2,12.1,22.3,29.8,57.3,35.3,8.9,6.0,4.1,5.1,6.1,6.2,6.0,5.7,5.1,4.8,3.9,2.8,3.3,5.3,36.3,60.4,2.1,1.3,33.3,91.2,26.0,2.0,30.1,22.7,9.5,5.9,91.7,18.1,59.2,0.1,0.1,99.2,1.3,18.5,57.5,1.7,19.6,16.5,53.6,1.5,2.4,2.5,2.2,2892.0,14.8,10.0
50811105,female,743.0,9.6,10.5,8.5,54.2,54.9,1.5,0.0,9.8,5.4,7.0,6.9,6.6,5.8,4.8,4.4,3.9,4.7,3.6,4.2,4.3,3.8,20.7,62.5,4.1,12.6,22.0,98.9,60.6,0.0,27.1,12.5,4.2,1.3,54.8,0.1,99.2,0.0,0.1,100.0,0.4,2.6,53.3,0.0,0.0,37.5,50.0,0.0,0.0,12.5,0.0,8.0,16.8,12.100000000000001
50811105,male,716.0,8.5,11.0,11.5,27.4,34.2,66.6,2.4,6.8,4.6,3.4,7.7,7.5,7.0,5.6,6.0,4.1,4.6,3.8,2.8,5.2,4.2,34.2,63.0,0.8,2.0,32.6,96.7,31.8,0.0,33.2,21.9,8.1,2.5,77.8,0.3,99.0,0.3,0.0,99.0,1.0,3.1,49.8,0.0,34.6,6.5,53.6,2.8,0.0,2.2,0.3,321.0,16.4,11.8
50811125,female,3675.0,6.6,8.8,9.7,36.9,37.9,8.9,48.0,7.8,6.9,5.0,6.2,6.3,6.1,6.9,6.3,5.9,5.4,4.3,2.9,5.0,4.8,24.2,56.4,5.8,13.6,22.6,99.1,41.7,2.6,25.7,19.2,8.4,6.3,89.6,1.6,89.4,0.2,0.0,99.4,0.6,15.1,63.7,0.0,21.9,20.3,56.3,1.6,0.0,0.0,0.0,128.0,17.6,12.2
50811125,male,3177.0,8.0,9.3,11.3,18.0,22.1,58.5,38.0,8.4,5.8,5.0,4.0,5.1,5.7,6.1,6.1,5.9,6.9,4.7,4.0,3.7,5.1,36.7,59.7,2.2,1.4,34.7,99.0,20.7,3.1,29.0,25.8,13.5,6.5,92.9,1.5,91.9,0.0,0.0,99.4,0.8,14.8,68.4,1.1,33.8,14.0,47.9,0.4,0.9,1.8,0.2,823.0,19.3,12.399999999999999
50811305,female,6935.0,9.6,11.3,11.6,57.0,54.1,2.0,36.4,11.3,6.8,6.6,6.2,5.9,6.0,5.7,5.0,3.4,4.0,2.3,2.2,2.1,7.0,23.3,64.1,1.9,10.7,22.5,91.2,66.2,0.7,39.6,4.9,0.2,0.5,26.1,98.6,10.3,0.0,0.0,96.1,8.3,1.7,24.9,0.0,0.0,33.8,9.5,56.7,0.0,0.0,0.0,61.0,10.6,6.6
50811305,male,6973.0,10.0,10.8,11.8,35.6,46.7,69.6,15.8,9.8,9.2,8.7,6.5,5.5,4.2,4.5,4.0,3.3,3.7,2.8,2.7,2.7,7.2,38.9,59.2,0.7,1.2,30.0,93.1,40.9,1.0,38.9,11.1,1.5,0.9,50.1,99.2,10.7,0.1,0.0,97.2,10.5,1.3,26.8,0.0,12.4,5.6,65.5,0.7,1.3,1.3,13.2,2760.0,11.899999999999999,8.2
50811307,female,8818.0,9.8,10.1,11.7,57.5,57.9,2.1,0.0,11.1,7.8,6.9,6.4,6.1,5.9,5.3,5.0,3.3,4.4,2.4,2.0,2.0,2.5,23.5,64.9,1.9,9.7,23.3,86.8,66.9,0.8,35.4,4.2,1.3,0.4,5.8,98.1,0.8,0.0,0.0,97.9,4.1,1.9,23.8,0.0,18.5,29.4,13.4,27.7,0.0,7.8,3.2,126.0,10.8,6.4
50811307,male,9270.0,9.2,11.1,11.4,34.8,49.2,61.0,11.4,9.4,8.9,8.9,7.0,5.5,4.9,4.2,3.9,3.3,3.8,2.9,2.7,3.0,4.1,38.2,60.0,0.7,1.1,30.0,86.7,39.8,1.6,32.1,10.1,3.7,3.3,10.0,97.2,0.5,0.0,0.0,97.4,4.5,3.9,25.5,0.8,10.0,6.8,64.2,0.6,0.0,0.3,17.4,3425.0,12.399999999999999,8.6
50811309,female,7947.0,9.1,11.2,10.9,45.1,47.1,3.3,39.8,8.7,7.4,6.4,7.2,6.7,6.0,5.1,4.7,4.1,4.1,2.9,2.5,2.9,3.5,18.4,67.7,2.2,11.6,20.0,97.3,52.3,1.6,32.6,10.5,5.0,3.2,78.4,88.3,0.7,0.0,0.0,99.7,0.9,11.9,53.6,0.0,22.1,50.9,19.2,0.0,0.0,7.7,0.0,110.0,12.4,8.3
50811309,male,8607.0,9.5,9.9,10.7,27.4,35.0,71.3,21.9,8.9,7.8,7.2,7.2,6.7,6.3,5.6,4.6,3.6,3.6,2.9,2.5,2.9,3.5,38.6,59.9,0.9,0.6,31.4,96.3,31.2,1.5,34.0,18.8,6.1,4.7,82.9,89.7,0.8,0.0,0.1,99.5,0.8,9.4,51.2,0.8,22.3,3.9,64.8,0.3,1.8,2.5,3.6,3350.0,11.9,8.3
50811317,female,8781.0,9.3,11.2,11.8,51.8,50.8,1.6,45.3,9.7,7.1,6.8,6.6,6.9,5.9,5.1,4.4,3.7,4.3,2.7,1.8,2.8,4.0,18.4,71.0,2.1,8.5,21.5,93.9,60.3,1.3,33.2,9.3,3.2,2.3,37.6,80.0,18.8,0.1,0.1,98.1,2.5,6.4,38.4,0.0,20.7,36.2,43.1,0.0,0.0,0.0,0.0,52.0,11.600000000000001,7.3
50811317,male,10087.0,8.9,10.3,11.0,32.7,38.5,69.6,10.5,9.5,9.0,7.9,7.4,6.1,6.0,4.9,4.0,3.2,3.4,2.6,2.7,3.0,5.0,40.2,58.0,0.5,1.3,30.3,90.8,37.5,1.7,33.1,15.8,5.5,5.3,52.4,82.2,16.5,0.1,0.1,98.4,2.0,7.5,39.1,0.4,17.3,4.4,67.1,0.5,7.0,0.6,2.7,4379.0,11.7,8.3
50811319,female,6531.0,8.7,11.2,10.7,48.3,48.5,3.6,30.5,9.3,7.7,6.3,6.1,6.7,6.2,5.6,4.7,3.8,3.8,3.0,2.7,3.4,4.5,20.4,66.4,2.8,10.3,22.2,90.5,55.3,0.5,31.1,10.3,5.5,4.1,68.5,69.8,20.6,0.0,0.0,98.8,1.3,11.5,42.1,0.0,4.6,47.0,38.3,10.0,0.0,0.0,0.0,114.0,12.9,9.1
50811319,male,7124.0,9.8,10.8,10.3,27.7,34.0,64.8,15.3,8.3,8.1,7.1,6.8,6.6,5.8,5.4,4.7,4.2,3.1,3.2,2.3,3.5,5.0,39.5,58.8,1.1,0.6,31.7,94.3,31.7,0.6,32.9,19.7,7.3,5.4,69.7,74.3,18.1,0.1,0.0,99.3,1.6,7.9,43.1,0.7,15.1,5.8,60.8,0.0,0.0,0.2,17.6,2696.0,12.100000000000001,9.0
50811501,female,3711.0,10.1,11.2,12.4,61.2,60.3,1.6,10.0,12.5,8.0,6.6,6.3,5.7,5.9,4.6,3.4,3.8,3.7,1.8,1.3,2.5,2.3,27.5,60.8,1.4,10.3,24.0,95.5,70.2,1.3,29.7,6.1,2.0,0.7,2.6,99.3,0.2,0.0,0.1,99.6,0.4,3.4,33.5,0.0,8.3,25.0,13.9,50.0,0.0,0.0,2.8,36.0,9.3,5.6
50811501,male,4011.0,10.1,12.2,11.8,37.5,51.8,67.2,19.7,10.5,10.5,7.8,7.2,5.2,4.6,4.3,2.6,3.6,3.2,2.5,1.8,2.1,2.3,43.8,55.6,0.2,0.4,30.4,95.2,42.6,1.3,29.9,10.2,3.1,3.8,8.7,99.4,0.3,0.0,0.0,99.7,0.3,6.2,29.2,0.0,6.6,5.6,85.5,0.5,0.0,0.1,1.7,1425.0,9.6,6.4
50811503,female,8957.0,8.6,10.2,10.9,55.0,54.8,2.5,9.3,9.0,6.6,6.5,7.2,7.0,6.5,5.1,4.4,4.3,4.6,3.3,2.4,3.4,5.7,19.5,66.9,2.1,11.5,22.7,95.7,62.8,1.8,27.9,8.3,4.0,3.3,34.3,68.4,32.5,0.0,0.0,97.8,3.6,7.1,50.3,0.0,7.1,45.9,23.5,18.8,0.0,0.0,4.7,145.0,13.7,9.1
50811503,male,9491.0,8.4,9.6,11.1,31.9,36.8,64.7,9.2,9.3,7.4,7.0,7.2,7.1,6.4,4.9,4.2,3.7,4.0,3.7,3.0,2.8,5.5,38.2,60.2,0.2,1.4,31.2,95.2,36.9,2.1,32.3,17.9,5.2,5.8,45.1,67.2,33.8,0.1,0.0,97.8,3.0,8.6,49.3,0.4,8.9,8.8,79.1,1.0,0.2,0.1,1.4,3947.0,13.5,9.5
50811511,female,5665.0,7.1,9.1,9.8,43.7,45.7,7.1,59.3,7.6,6.9,6.3,6.9,6.4,7.2,6.5,5.9,4.6,5.0,4.0,2.7,3.9,4.8,23.5,60.6,3.3,12.6,19.7,96.1,49.2,1.3,26.4,13.8,6.9,5.8,77.7,85.0,9.9,0.0,0.1,99.3,1.0,16.7,55.4,4.3,4.6,57.0,34.1,0.0,0.0,0.0,0.0,121.0,15.6,10.6
50811511,male,5453.0,8.6,10.1,10.1,16.8,25.4,64.4,23.4,9.1,6.2,5.7,6.2,5.9,6.5,6.1,6.5,4.2,4.6,4.3,3.0,2.9,5.0,34.8,63.4,0.8,1.0,31.5,98.5,19.2,2.0,31.7,23.9,8.0,9.0,80.7,85.4,9.0,0.0,0.0,99.0,1.2,15.5,54.6,0.6,17.1,13.1,64.7,0.0,0.0,1.1,3.5,1912.0,14.799999999999999,10.2
50811513,female,12617.0,9.9,11.1,11.8,59.9,58.0,3.6,28.8,9.5,7.4,7.1,6.8,6.7,6.0,5.2,3.8,3.9,3.8,2.6,1.8,2.5,3.6,19.2,70.2,2.2,8.4,21.5,91.3,69.7,1.0,30.5,6.9,1.9,1.6,24.8,80.6,19.5,0.0,0.0,96.0,5.8,6.2,35.7,0.0,52.6,18.6,18.6,10.2,0.0,0.0,0.0,219.0,10.700000000000001,6.9
50811513,male,13783.0,9.9,11.1,11.3,34.6,42.9,71.9,13.1,9.8,8.6,7.9,7.2,6.9,5.2,4.5,3.7,3.4,3.4,2.7,2.0,2.4,4.1,37.3,61.4,0.5,0.9,29.0,96.9,39.9,1.1,34.2,13.2,4.7,4.0,36.5,80.3,20.0,0.0,0.0,97.7,4.8,7.0,35.4,0.5,11.4,3.9,82.4,0.8,0.1,0.3,0.6,5824.0,10.5,7.1
50811515,female,7655.0,11.1,11.9,12.7,55.6,57.9,1.1,6.8,9.7,7.1,6.5,6.5,6.0,5.7,4.8,4.9,3.4,4.1,2.1,1.8,1.6,4.5,17.2,72.2,2.2,8.4,21.1,93.2,66.0,0.5,33.8,6.0,1.1,0.6,26.3,97.7,1.5,0.1,0.0,96.7,6.6,3.7,31.0,0.0,8.7,70.8,20.5,0.0,0.0,0.0,0.0,52.0,9.6,5.5
50811515,male,8565.0,10.0,11.1,11.7,32.1,46.5,68.4,20.4,10.2,9.0,8.2,7.4,5.8,5.0,4.5,3.3,3.2,3.5,2.6,2.3,2.2,3.9,38.5,59.9,0.4,1.3,29.3,92.3,37.2,1.2,34.4,11.1,3.8,3.0,42.5,98.6,0.9,0.0,0.0,97.3,6.1,6.0,28.9,0.5,12.0,6.1,76.1,0.2,0.4,0.9,3.8,3134.0,10.599999999999998,7.1000000000000005
50811521,female,5282.0,8.6,10.0,10.4,56.5,55.9,1.5,6.2,8.6,6.1,6.4,6.8,7.2,6.1,5.5,5.6,4.7,5.2,3.1,2.4,3.2,8.5,18.7,66.2,1.6,13.5,22.6,91.4,64.3,2.3,32.0,6.2,1.7,1.9,32.9,99.7,0.8,0.0,0.0,99.3,0.5,10.1,34.5,0.0,70.6,13.6,15.8,0.0,0.0,0.0,0.0,52.0,13.900000000000002,8.7
50811521,male,5624.0,8.2,9.3,10.5,33.0,39.5,70.7,32.1,8.0,8.7,7.8,7.6,6.8,5.8,4.9,4.6,3.5,4.5,3.8,2.9,3.1,9.8,37.5,61.3,0.5,0.7,30.4,94.2,37.5,4.4,30.5,17.4,3.7,4.5,57.0,99.2,0.5,0.0,0.0,99.4,0.8,9.0,37.1,0.3,12.1,4.5,79.5,0.2,1.2,0.9,1.4,1942.0,14.3,9.799999999999999
50910101,female,108846.0,6.0,8.0,8.5,23.5,29.7,20.1,29.1,7.8,8.0,7.3,7.3,6.6,6.8,6.8,6.5,5.5,5.5,3.7,2.5,3.2,4.2,28.7,54.4,6.5,10.4,25.2,96.8,26.0,1.6,22.5,17.1,15.1,14.0,98.3,9.4,9.7,0.2,0.1,99.7,1.5,28.5,65.5,2.6,15.5,32.3,43.1,2.0,0.4,0.8,3.3,12007.0,14.899999999999999,9.4
50910101,male,100258.0,7.1,9.0,9.9,10.6,18.5,64.0,20.5,8.3,7.0,6.1,6.7,6.4,6.5,5.9,6.0,5.3,5.7,4.3,3.1,2.7,4.3,39.1,57.6,2.4,0.9,33.3,96.4,11.9,2.0,25.5,20.4,17.3,16.3,98.6,9.6,8.9,0.2,0.1,99.5,1.5,28.1,67.1,4.9,31.7,20.6,33.9,1.2,1.3,3.0,3.4,37637.0,15.8,10.100000000000001
50910103,female,10660.0,5.3,7.7,8.1,40.9,42.0,17.4,49.8,6.6,7.1,6.5,6.5,6.6,7.3,7.5,7.2,5.6,6.3,3.7,3.2,4.9,7.4,23.4,52.6,10.2,13.9,25.8,97.2,45.0,1.2,22.5,14.8,12.1,7.5,89.0,12.7,68.4,0.1,0.0,99.1,6.8,17.4,63.5,1.4,14.3,31.4,38.2,7.7,0.5,0.7,5.7,735.0,18.1,11.8
50910103,male,9299.0,6.7,8.6,9.4,18.8,24.9,61.8,35.4,7.9,7.0,5.9,6.4,5.9,6.6,5.8,5.7,5.4,6.1,5.1,3.2,4.5,6.6,37.5,57.4,3.9,1.2,33.3,99.1,21.1,1.8,24.3,21.7,17.3,9.9,94.5,11.7,69.1,0.2,0.0,98.9,6.8,20.1,68.0,3.0,30.4,20.7,34.8,1.0,2.5,3.6,4.0,2799.0,18.9,12.8
50910107,female,24995.0,5.9,7.7,8.8,31.1,35.2,13.9,41.5,7.5,7.2,6.6,6.8,6.4,7.0,7.3,7.0,5.8,5.8,3.7,2.8,3.7,5.4,26.8,55.7,5.8,11.8,24.5,97.9,34.6,1.4,24.0,17.7,12.6,9.1,99.1,5.7,10.5,0.3,0.1,99.9,0.9,23.5,62.4,0.9,21.3,36.1,35.8,0.9,0.7,0.3,3.9,1578.0,16.0,10.2
50910107,male,22404.0,6.9,9.3,10.6,12.4,20.7,59.3,31.1,9.0,6.5,5.3,5.5,5.7,5.8,6.0,6.2,5.9,6.5,4.6,3.0,3.3,5.5,37.9,58.9,2.3,0.9,33.0,95.7,13.9,1.9,27.4,23.0,16.7,10.3,99.4,4.4,10.3,0.2,0.1,99.9,0.5,21.6,67.1,2.5,29.5,28.5,29.4,0.7,0.6,3.1,5.8,6701.0,17.4,10.899999999999999
50910113,female,13242.0,5.5,7.2,8.3,40.4,43.3,15.7,55.8,7.0,6.8,6.0,6.4,6.8,7.8,7.6,6.5,5.7,6.4,4.3,3.4,4.5,5.9,24.4,53.1,7.9,14.6,25.0,96.8,44.3,1.4,20.8,15.0,11.6,7.9,97.4,13.5,44.9,0.1,0.2,99.7,1.4,17.6,58.4,2.2,22.9,34.4,32.3,2.5,1.2,1.4,3.1,727.0,18.6,12.2
50910113,male,11821.0,6.7,8.9,9.9,20.1,27.8,63.5,39.1,8.1,6.6,5.3,6.0,6.0,6.8,6.3,5.9,5.2,6.0,4.4,3.8,4.0,5.8,37.4,58.5,2.8,1.2,34.7,98.4,22.5,2.1,25.4,22.2,14.0,8.5,98.8,13.2,42.8,0.1,0.1,99.9,1.0,16.6,58.0,1.5,38.4,20.2,27.5,1.3,1.3,2.0,7.9,3400.0,18.2,12.2
50910301,female,8207.0,7.7,10.2,10.6,33.6,36.2,11.3,38.2,8.9,6.7,6.6,7.4,7.1,7.0,6.3,5.4,3.9,4.0,2.7,2.1,3.4,3.4,23.3,62.7,4.1,9.9,22.6,97.6,38.4,2.2,28.0,16.2,10.1,7.4,89.4,3.0,70.9,0.2,0.0,99.2,4.2,24.0,66.1,1.5,6.9,29.5,42.6,14.1,1.4,4.2,0.0,410.0,12.200000000000001,8.200000000000001
50910301,male,7955.0,8.3,10.8,12.1,16.2,23.3,62.2,29.7,9.6,6.8,5.0,5.2,6.0,6.2,5.5,5.7,5.3,4.6,3.7,2.3,2.8,5.0,38.2,59.4,1.8,0.7,32.7,97.5,19.0,2.3,28.4,23.1,13.8,9.1,93.7,3.6,70.9,0.3,0.1,99.8,3.7,24.3,70.0,1.0,23.0,18.0,54.0,1.3,0.9,1.1,0.6,2389.0,13.400000000000002,8.8
50910303,female,6790.0,6.1,9.0,10.4,42.3,44.7,7.0,43.5,7.7,6.6,6.1,6.2,6.9,7.5,6.8,6.1,4.6,5.6,3.7,2.5,4.2,4.7,24.7,57.6,5.1,12.6,23.2,96.8,48.0,1.3,29.0,13.8,6.7,4.5,97.6,12.4,4.0,0.2,0.0,99.8,0.5,12.4,35.4,0.0,22.1,22.5,45.7,2.2,3.0,0.0,4.5,200.0,16.0,10.4
50910303,male,6567.0,7.6,10.5,11.4,23.2,28.9,66.8,30.8,9.7,6.2,5.2,5.7,5.6,6.8,6.7,5.5,5.0,5.4,3.4,2.6,2.8,4.4,39.8,57.0,1.9,1.3,34.2,93.4,26.8,2.4,32.2,21.9,11.2,3.5,98.4,12.2,4.2,0.1,0.0,99.8,0.2,12.1,40.1,4.2,28.9,6.7,56.8,1.4,1.0,0.6,0.4,2137.0,14.2,8.8
50910305,female,11178.0,6.9,8.9,10.1,35.0,38.3,12.3,43.3,7.8,7.0,6.4,6.2,6.3,7.0,7.1,6.4,4.8,5.2,4.0,2.4,3.6,6.7,24.6,58.1,5.4,11.8,23.6,96.1,39.6,1.8,26.4,17.4,10.0,6.1,98.6,7.6,11.7,0.1,0.0,99.8,0.6,15.2,54.3,2.5,12.9,23.7,52.3,0.7,0.0,2.3,5.5,576.0,15.2,10.0
50910305,male,10457.0,8.1,10.5,11.1,18.4,24.1,67.8,29.7,8.8,6.9,5.4,5.5,5.4,5.8,6.3,6.3,5.1,5.2,4.1,3.0,2.5,6.6,36.9,59.7,2.1,1.3,32.4,97.3,20.9,2.4,30.8,24.4,13.2,5.1,98.8,5.9,10.9,0.1,0.0,99.7,0.5,12.9,55.4,2.4,20.5,9.7,60.3,1.9,0.7,1.7,2.9,3502.0,14.8,9.6
50910307,female,13873.0,6.8,8.6,9.6,43.9,46.3,8.1,34.3,7.9,6.6,6.2,6.1,5.8,6.4,7.0,6.3,5.3,5.7,4.3,3.1,4.2,4.7,25.0,57.2,5.7,12.1,20.7,96.3,49.3,0.9,23.7,16.4,7.5,5.2,99.1,2.9,1.1,0.0,0.0,99.7,0.6,12.7,50.4,2.1,10.6,18.4,51.4,6.7,1.9,5.3,3.5,552.0,17.3,11.600000000000001
50910307,male,11910.0,7.9,10.8,11.5,25.1,30.5,61.0,18.6,8.5,5.6,4.7,4.8,5.6,5.8,6.2,5.9,5.3,5.2,5.2,3.3,3.7,6.1,36.5,60.1,2.2,1.2,33.7,97.7,28.8,0.9,32.8,21.6,10.2,3.9,99.5,1.9,0.7,0.1,0.0,99.7,0.4,8.1,49.8,1.7,31.2,8.3,46.4,0.9,0.9,6.8,3.8,4126.0,17.4,12.2
50910309,female,9156.0,6.5,8.6,8.8,42.4,43.9,8.8,40.0,8.0,6.4,6.4,6.0,5.8,6.8,7.0,6.3,5.6,6.3,4.4,3.2,4.0,4.5,22.7,59.2,5.4,12.7,20.6,96.4,47.3,1.7,27.8,14.9,7.0,4.7,99.0,4.9,6.2,0.5,0.0,100.0,0.3,11.3,49.3,0.3,16.1,15.0,64.4,1.7,0.0,0.0,2.6,366.0,17.9,11.600000000000001
50910309,male,8745.0,7.4,10.0,10.4,19.5,24.0,66.6,32.2,8.5,6.7,5.8,6.0,6.1,6.0,5.9,6.0,5.2,5.3,4.3,2.9,3.3,5.5,39.1,57.1,2.3,1.5,34.6,98.9,22.2,2.8,34.9,24.4,9.0,5.0,99.3,3.4,3.5,0.4,0.1,99.9,0.4,9.4,47.7,3.3,24.0,10.0,58.7,1.0,1.6,1.0,0.4,2849.0,15.8,10.5
50910311,female,12244.0,7.6,10.0,11.1,44.0,46.0,10.1,42.8,8.5,7.3,6.4,6.6,6.9,6.7,6.4,6.0,4.3,4.1,3.1,2.2,2.8,4.4,23.5,61.3,4.8,10.4,23.2,95.2,50.1,2.3,25.0,15.3,7.2,4.3,83.9,6.7,57.4,0.2,0.0,98.1,2.5,17.9,64.8,0.0,21.6,15.5,57.4,4.3,0.0,0.0,1.2,505.0,12.2,8.100000000000001
50910311,male,11981.0,8.8,10.5,11.9,26.5,33.1,67.6,35.5,9.1,6.7,5.6,6.1,6.2,6.7,6.5,5.3,4.2,4.1,3.4,2.4,2.5,5.4,35.3,62.8,1.2,0.6,31.5,96.5,30.7,2.1,29.7,21.8,8.5,4.9,87.7,6.4,57.4,0.1,0.0,97.7,3.5,12.1,59.8,0.8,31.6,7.9,54.4,0.5,0.5,2.6,1.8,3592.0,12.4,8.3
50910501,female,6952.0,7.1,9.7,8.8,50.1,51.6,8.9,23.6,7.9,6.9,6.5,7.9,7.2,7.1,6.0,5.5,4.6,4.3,3.2,3.0,4.4,6.8,22.2,59.4,8.2,10.2,24.8,94.4,55.7,1.7,22.6,12.2,6.5,5.5,33.3,5.5,92.8,0.1,0.0,98.0,7.5,19.0,64.7,0.0,31.8,33.2,28.9,4.5,0.0,0.0,1.5,353.0,14.9,10.600000000000001
50910501,male,6420.0,9.2,11.3,10.6,35.3,41.8,74.4,9.1,7.3,5.5,5.7,6.7,7.3,7.5,6.1,5.2,3.9,3.9,3.1,2.6,4.2,6.2,34.9,60.8,3.0,1.2,32.5,94.9,40.6,1.9,27.0,16.5,7.7,5.1,36.5,6.3,93.7,0.2,0.0,98.8,7.7,13.0,61.9,1.6,57.4,8.2,20.7,6.1,0.4,0.9,4.8,2994.0,13.8,9.9
50910505,female,3872.0,10.6,11.1,11.1,61.8,60.3,16.3,2.1,9.6,7.8,6.8,6.3,6.5,5.9,5.1,4.7,3.7,3.9,2.6,1.9,2.3,4.5,22.8,62.7,5.5,9.0,23.7,94.0,71.1,2.1,24.2,8.3,3.0,2.1,18.3,15.2,81.7,0.3,0.0,95.7,21.2,15.1,51.7,0.0,6.7,14.9,12.5,65.8,0.0,0.0,0.0,415.0,10.7,6.8
50910505,male,4080.0,10.4,10.5,11.0,44.1,49.6,79.2,8.0,9.9,8.2,8.4,6.9,6.4,5.9,4.5,4.6,3.4,3.4,2.3,2.0,2.2,4.1,39.5,56.8,2.8,0.9,30.5,95.5,50.1,1.9,27.1,14.2,4.3,2.9,27.0,15.7,80.6,0.2,0.0,96.7,21.1,11.3,45.4,2.1,35.7,4.5,40.6,16.2,0.2,0.4,0.3,2023.0,9.899999999999999,6.5
50910517,female,6362.0,8.4,10.3,11.1,54.8,55.2,9.3,16.1,8.8,7.5,6.6,7.1,7.4,6.7,5.8,4.4,3.8,3.9,2.5,2.5,3.3,4.6,23.0,59.7,6.7,10.7,24.7,95.1,63.3,0.2,24.0,10.9,4.5,5.2,17.1,16.9,89.3,0.1,0.0,93.9,19.0,18.9,64.0,0.0,9.5,25.4,51.1,7.0,0.0,0.0,6.9,349.0,12.2,8.3
50910517,male,6185.0,9.7,10.9,11.2,35.1,43.4,71.7,10.1,8.4,6.4,6.9,7.2,7.4,6.6,5.6,4.3,3.8,3.0,2.6,2.3,3.7,4.4,34.9,61.7,3.1,0.4,30.7,95.9,40.7,0.2,26.4,20.1,5.7,4.1,20.9,18.1,89.2,0.1,0.0,95.5,16.6,12.4,58.3,1.1,20.0,10.8,45.6,3.5,1.0,0.5,17.4,2719.0,11.6,8.600000000000001
50910703,female,3895.0,6.7,7.8,8.7,61.7,61.5,7.3,77.2,7.3,6.2,5.8,6.1,6.8,8.0,8.0,6.1,5.4,5.3,4.1,3.5,4.2,8.2,19.6,65.9,3.8,10.7,23.3,96.7,68.5,0.8,20.4,11.5,3.9,2.0,74.3,1.2,94.0,0.3,0.1,99.0,3.8,13.7,56.7,0.0,20.0,14.0,58.0,8.0,0.0,0.0,0.0,50.0,17.099999999999998,11.8
50910703,male,3968.0,7.3,7.5,9.4,44.8,48.9,72.2,32.5,7.8,6.4,5.5,5.3,7.1,8.1,7.5,6.0,5.0,5.0,3.9,3.6,4.4,8.4,33.1,63.2,2.4,1.3,31.8,96.4,50.2,1.2,21.9,20.5,5.7,1.8,80.9,1.0,94.6,0.4,0.0,98.7,4.6,8.9,56.1,0.6,21.1,5.9,63.4,7.9,0.5,0.5,0.1,1465.0,16.9,11.9
50910707,female,13136.0,7.0,8.8,10.3,47.7,48.6,8.0,43.5,7.6,6.9,6.4,7.3,7.1,7.5,7.2,5.7,4.5,5.0,3.0,2.4,3.3,5.3,22.6,61.7,5.8,9.9,23.6,97.2,54.2,1.5,24.6,14.1,6.6,4.6,84.0,5.9,74.9,0.3,0.0,99.5,4.7,16.3,60.5,0.0,22.4,23.1,35.2,9.1,1.1,0.0,9.0,441.0,13.7,8.7
50910707,male,12715.0,7.9,10.1,10.7,27.6,33.9,63.3,26.3,8.7,6.1,5.1,5.9,6.8,7.3,6.9,5.9,4.6,4.7,3.5,2.6,3.2,5.8,35.2,60.9,3.0,1.0,31.8,96.9,31.4,1.8,28.5,21.3,10.1,4.4,89.4,4.7,75.0,0.4,0.0,99.3,4.4,13.5,61.8,0.8,35.9,8.8,39.8,2.7,2.0,1.4,8.5,4224.0,14.0,9.3
50910711,female,2589.0,7.0,9.1,9.8,65.0,62.3,15.6,9.7,7.6,5.2,6.3,7.5,8.2,8.5,5.4,4.9,4.7,5.8,2.6,3.1,4.3,5.7,16.5,67.9,4.6,10.9,23.1,97.4,73.3,1.8,19.9,10.6,3.8,1.6,22.5,0.8,86.1,0.2,0.0,99.1,0.9,14.3,59.3,0.0,29.2,3.3,13.3,52.8,0.0,1.5,0.0,271.0,15.8,10.0
50910711,male,2714.0,8.5,9.9,9.8,46.8,49.0,75.3,23.7,7.3,5.4,6.0,6.1,9.0,8.6,6.9,5.3,4.1,4.3,3.1,2.2,3.5,5.5,33.5,62.9,3.0,0.7,32.4,98.8,53.0,2.0,26.6,15.7,4.9,1.8,32.3,0.7,85.7,0.3,0.1,99.7,0.4,9.6,53.1,0.2,26.5,4.7,53.0,6.0,0.0,6.8,2.8,1119.0,13.100000000000001,8.8
50910713,female,10441.0,6.1,8.3,8.9,50.2,49.0,9.8,50.7,7.1,6.3,5.8,6.6,6.6,6.8,7.0,6.3,5.5,6.1,4.3,3.8,4.5,9.3,21.0,58.3,6.8,13.8,23.1,96.8,55.7,2.4,22.7,13.0,7.9,5.1,87.0,6.9,71.0,0.2,0.0,99.4,2.7,16.9,55.9,1.4,19.5,16.3,50.3,4.0,5.5,3.1,0.0,386.0,18.7,12.6
50910713,male,9582.0,7.5,9.7,11.1,25.6,31.2,64.3,38.0,8.9,6.0,5.1,5.6,5.8,6.1,5.5,5.4,4.8,5.4,4.9,4.0,4.3,8.1,36.5,59.8,2.7,1.0,33.0,97.5,29.6,2.5,29.0,20.5,10.6,6.2,90.1,7.4,71.0,0.1,0.1,99.7,2.6,15.4,55.8,2.3,23.8,12.8,55.7,2.8,0.3,2.0,0.3,2737.0,18.6,13.2
50910715,female,7058.0,7.3,9.8,9.7,54.0,54.9,7.6,57.2,8.2,6.6,6.2,7.6,7.0,7.1,6.1,5.7,4.4,5.0,3.2,2.5,3.6,5.1,20.9,59.8,6.8,12.5,22.6,94.6,60.7,0.4,25.7,10.8,5.1,3.1,75.9,6.7,85.7,0.1,0.0,99.3,1.5,20.8,81.3,0.0,29.2,19.9,43.0,8.0,0.0,0.0,0.0,169.0,14.299999999999999,9.3
50910715,male,6715.0,8.4,11.0,10.9,36.1,41.2,71.1,30.5,8.5,6.8,5.8,6.3,7.7,6.6,6.0,4.9,4.0,4.0,3.4,2.4,3.3,5.7,35.0,61.8,2.4,0.7,31.6,96.5,41.6,1.0,27.9,18.4,7.7,3.8,84.7,7.3,87.1,0.2,0.0,99.5,1.5,22.3,79.1,0.9,22.6,4.7,69.6,1.4,0.2,0.5,0.0,2314.0,13.100000000000001,9.1
50911101,female,6817.0,6.2,8.3,9.3,52.7,52.5,5.3,58.1,7.6,6.3,5.5,6.2,6.1,6.6,7.2,6.2,5.5,6.1,4.5,3.4,5.1,7.3,23.2,58.5,5.4,12.8,21.8,99.0,58.9,2.2,23.7,11.5,6.4,3.7,99.5,1.4,18.8,0.0,0.0,99.8,0.6,14.1,55.8,0.0,23.8,12.6,63.6,0.0,0.0,0.0,0.0,115.0,19.1,13.0
50911101,male,6336.0,7.6,9.2,10.9,30.7,33.2,69.6,28.6,7.7,5.5,5.1,6.0,6.6,6.3,6.0,5.9,5.2,5.6,5.0,3.5,4.0,8.0,38.3,58.4,2.1,1.3,35.1,97.2,35.4,2.8,35.0,18.0,7.0,3.9,99.3,1.4,16.2,0.1,0.0,99.7,0.4,11.2,52.9,1.3,27.0,7.5,57.2,3.8,0.0,1.1,1.9,2273.0,18.1,12.5
50911103,female,7594.0,7.3,9.5,11.8,46.8,50.7,5.3,36.9,9.3,6.7,5.6,6.3,7.2,6.4,6.5,5.2,4.6,4.2,3.5,2.5,3.7,5.4,21.3,62.0,4.5,12.2,22.2,97.2,54.0,0.9,24.4,14.3,6.6,3.2,98.7,1.7,1.6,0.1,0.1,99.5,1.0,7.6,43.3,0.0,27.6,10.0,37.3,6.0,0.0,0.0,19.1,181.0,13.899999999999999,9.7
50911103,male,6639.0,9.4,12.1,13.9,29.5,38.8,65.7,14.6,9.4,4.8,3.1,3.9,4.7,6.2,6.4,6.5,5.0,4.5,3.7,3.1,3.3,6.0,31.5,65.9,1.9,0.7,32.1,97.2,35.4,1.5,34.5,16.9,6.1,2.1,98.5,2.0,1.5,0.0,0.0,99.7,0.2,5.2,38.5,3.5,37.0,3.2,31.9,2.8,0.0,3.9,17.9,2412.0,14.599999999999998,10.100000000000001
50911105,female,7153.0,6.9,9.1,10.4,49.8,53.0,5.2,60.3,7.8,6.6,6.8,6.2,6.5,6.7,6.4,6.0,4.6,5.3,3.9,2.9,4.0,8.1,21.8,60.0,5.1,13.1,23.8,93.9,56.7,0.5,22.7,12.9,6.2,4.7,98.2,1.0,0.9,0.1,0.1,99.7,0.3,10.0,47.4,0.0,23.2,43.4,30.1,0.0,0.0,3.4,0.0,108.0,16.1,10.8
50911105,male,6288.0,8.5,11.5,11.5,34.3,41.7,51.8,36.9,8.4,4.9,4.1,5.7,6.0,6.0,6.2,5.5,4.9,5.2,4.4,3.4,3.8,8.5,34.5,62.2,1.4,1.9,33.5,95.1,39.5,1.1,29.6,17.6,6.2,3.8,98.5,0.4,1.0,0.0,0.0,100.0,0.1,7.2,42.6,2.2,20.5,13.8,46.7,3.1,0.0,1.3,12.5,1407.0,16.8,11.600000000000001
50911107,female,4103.0,6.8,8.4,8.9,57.2,57.7,16.4,30.3,7.4,6.2,5.7,6.1,6.6,6.4,7.9,6.7,5.0,5.4,3.9,3.5,5.1,6.2,20.2,64.0,4.6,11.2,22.2,96.5,63.7,1.4,23.0,10.1,5.4,2.3,98.5,6.9,38.4,0.2,0.0,99.8,0.7,13.3,46.5,0.0,14.6,3.4,12.6,66.3,0.0,3.1,0.0,356.0,17.9,12.5
50911107,male,4064.0,7.6,9.4,10.2,33.7,38.1,72.9,20.1,7.4,5.9,4.7,6.0,5.8,6.3,7.3,6.6,5.5,5.7,4.1,2.8,4.7,6.7,34.2,62.5,2.2,1.0,33.0,95.3,38.3,1.8,31.4,19.5,7.1,2.1,98.6,6.1,40.0,0.2,0.1,99.7,1.3,10.0,46.8,0.4,28.5,4.4,55.4,6.5,0.2,4.4,0.2,1719.0,17.3,11.6
52550105,female,51018.0,5.8,8.2,9.5,33.1,36.2,15.3,33.8,7.8,7.0,6.8,6.6,6.3,7.0,6.9,6.4,5.2,5.6,4.2,3.0,3.9,5.4,25.7,54.8,6.5,12.9,22.1,97.5,37.1,1.6,24.8,17.9,10.9,8.6,99.0,3.3,1.9,0.1,0.1,99.8,0.5,23.4,62.1,1.8,20.9,28.6,42.3,1.8,0.4,0.4,3.9,3955.0,16.7,11.1
52550105,male,46197.0,7.2,10.0,10.7,15.5,21.3,67.2,25.5,8.7,6.8,5.8,6.1,6.2,6.1,6.0,5.8,5.0,5.3,4.2,3.0,3.0,4.9,38.6,57.7,2.6,1.1,33.4,97.9,17.6,2.2,31.1,21.8,13.0,10.5,99.2,3.0,1.8,0.1,0.1,99.7,0.7,22.0,61.6,3.9,35.8,15.2,34.1,1.4,2.4,2.2,5.0,16654.0,15.5,10.2
52550109,female,12806.0,6.5,9.2,9.5,36.3,41.1,7.5,33.2,8.7,7.2,6.2,6.5,6.8,7.0,6.4,6.0,5.5,5.0,3.5,2.6,3.6,4.8,24.7,61.0,4.0,10.4,22.7,94.5,40.7,1.0,26.2,14.7,10.2,6.8,99.2,9.4,8.5,0.0,0.0,99.6,1.1,18.5,54.7,1.4,20.5,38.2,33.6,0.0,0.0,1.6,4.7,480.0,14.7,9.7
52550109,male,11757.0,7.9,10.0,10.9,18.7,27.7,59.8,30.0,9.1,6.0,5.0,5.5,6.2,6.0,6.2,6.2,4.9,5.5,4.7,3.0,2.9,5.4,37.5,59.1,2.2,1.2,33.2,95.0,21.5,1.4,30.0,21.0,13.5,6.4,99.4,6.8,7.7,0.0,0.1,99.9,1.5,14.7,54.8,1.8,37.4,15.3,30.4,1.5,1.7,4.1,7.8,3500.0,16.099999999999998,10.6
52550111,female,30837.0,6.6,8.8,10.0,34.5,39.3,12.0,33.6,8.5,7.4,7.0,6.9,6.5,6.5,6.9,6.3,4.8,5.2,3.1,2.5,2.9,5.0,26.2,57.1,5.7,11.0,24.0,96.4,39.0,1.2,25.2,16.8,9.9,7.6,98.5,7.0,5.4,0.1,0.1,99.7,0.8,18.6,52.7,1.1,16.6,28.7,47.5,2.3,0.9,0.9,2.1,1837.0,13.700000000000001,8.5
52550111,male,29334.0,7.6,10.1,11.1,19.3,27.2,65.3,22.9,8.9,6.9,6.2,6.9,6.1,6.2,6.0,5.8,4.6,4.9,3.8,2.6,2.4,5.6,39.1,58.0,2.4,0.6,33.3,96.8,22.0,1.6,31.5,20.0,11.0,8.7,98.6,5.1,4.9,0.1,0.2,99.8,1.0,16.4,51.8,3.0,34.8,10.6,43.5,1.4,1.6,2.3,2.9,10517.0,13.7,8.8
52550505,female,7381.0,7.2,9.5,10.5,44.8,47.3,2.6,47.6,7.8,5.7,6.4,7.0,6.4,6.8,6.4,6.1,4.6,5.1,3.3,3.0,4.3,6.1,20.2,64.9,4.7,10.2,20.7,86.3,51.1,0.8,29.0,14.7,5.3,2.9,98.9,4.3,2.1,0.0,0.2,99.9,0.1,5.0,28.4,0.0,38.1,33.7,21.1,7.1,0.0,0.0,0.0,73.0,15.7,10.6
52550505,male,7202.0,7.5,10.4,12.2,23.9,29.1,65.8,29.1,8.4,6.0,5.1,5.6,6.4,7.0,6.2,5.9,4.8,4.8,4.0,2.4,3.3,5.3,39.0,57.7,2.2,1.2,34.3,86.5,27.7,1.1,37.2,22.9,7.4,2.3,99.0,3.2,0.7,0.0,0.1,100.0,0.1,4.6,24.8,0.6,22.0,5.3,68.9,0.9,0.0,1.6,0.8,2348.0,14.5,9.7
52550509,female,15563.0,6.5,9.8,10.4,48.9,49.0,4.1,41.0,7.5,6.1,6.5,5.9,6.4,6.5,6.2,6.4,5.1,5.5,4.1,3.1,4.1,5.8,21.7,63.3,4.1,10.9,21.5,95.3,55.7,1.0,29.5,12.3,5.2,3.0,98.0,1.7,1.3,0.0,0.1,99.9,0.6,8.9,47.5,0.0,25.3,21.7,46.8,6.1,0.0,0.0,0.0,274.0,16.799999999999997,11.299999999999999
52550509,male,14475.0,8.1,10.9,11.7,28.8,33.5,67.6,37.9,8.7,6.0,5.1,5.4,5.8,5.9,5.9,5.5,4.9,5.3,4.3,3.2,3.3,5.8,37.1,60.5,1.5,0.9,33.2,97.5,33.5,1.2,32.6,21.0,7.3,4.4,98.8,1.3,0.7,0.0,0.0,99.8,0.5,9.2,46.1,1.4,31.6,7.7,53.5,4.1,0.7,0.9,0.1,4209.0,16.1,10.8
52550511,female,12791.0,7.2,10.0,10.3,43.1,44.4,5.3,25.2,7.6,6.5,7.0,6.7,5.7,6.1,6.5,6.0,5.0,5.2,3.7,2.7,3.9,5.0,19.4,64.1,4.2,12.3,21.1,99.1,49.0,1.3,28.9,15.2,6.0,4.2,98.9,3.5,1.5,0.0,0.0,100.0,0.5,10.4,47.7,0.0,14.7,23.3,48.6,7.1,3.1,3.2,0.0,365.0,15.500000000000002,10.3
52550511,male,11711.0,8.5,10.8,12.2,23.2,29.5,65.6,29.5,8.5,6.2,5.4,5.3,6.1,6.1,5.7,5.9,4.6,5.4,4.0,2.8,2.6,4.9,35.9,61.5,1.9,0.6,32.7,97.9,27.2,1.6,31.8,24.9,7.9,4.3,99.1,1.5,0.7,0.1,0.2,100.0,0.5,8.9,46.4,2.6,26.0,11.7,54.6,2.1,0.9,1.3,0.8,3708.0,14.799999999999999,9.4
52550513,female,6831.0,6.0,8.4,10.3,41.5,42.2,6.7,38.2,7.6,6.2,5.9,5.5,6.3,6.5,7.8,6.5,5.2,5.9,4.1,3.1,4.8,5.1,22.7,57.2,6.0,14.0,21.9,100.0,47.3,1.1,25.5,18.4,8.5,4.3,99.2,10.0,1.8,0.0,0.0,100.0,0.1,10.9,53.6,0.0,18.2,14.5,65.3,2.0,0.0,0.0,0.0,212.0,17.9,12.0
52550513,male,6139.0,7.4,10.2,11.2,19.7,26.7,64.5,38.4,8.9,5.6,5.1,4.6,5.5,6.1,6.5,6.6,5.7,6.3,4.4,2.6,3.2,6.5,38.9,56.9,3.0,1.1,34.3,100.0,22.7,1.9,27.4,26.1,13.6,4.3,100.0,5.4,0.9,0.2,0.2,99.8,0.2,11.8,54.0,1.7,20.5,11.0,63.4,1.7,0.0,1.7,0.0,1736.0,16.5,10.2
52550901,female,7124.0,6.3,8.6,9.6,44.8,49.4,6.4,43.1,8.4,6.6,5.7,6.5,5.7,6.8,6.4,6.4,5.5,6.4,4.1,2.7,4.4,6.5,23.3,62.6,3.9,10.2,19.9,95.7,50.5,0.4,23.8,13.9,7.5,4.9,98.7,1.9,0.8,0.1,0.2,99.8,0.3,13.7,48.9,2.7,7.9,33.6,53.6,2.2,0.0,0.0,0.0,195.0,17.6,11.2
52550901,male,6162.0,7.9,11.1,12.2,27.5,36.5,65.1,23.0,7.8,5.7,4.9,5.1,4.8,5.7,5.6,5.9,4.5,6.1,4.7,4.0,4.0,7.0,31.8,65.0,2.2,1.0,31.0,98.2,32.3,1.1,32.0,20.7,6.1,3.7,99.1,1.7,0.2,0.0,0.1,100.0,0.2,7.8,39.4,4.0,29.1,8.4,54.3,4.0,0.0,0.0,0.2,2124.0,18.8,12.7
52550903,female,5369.0,6.8,9.3,12.2,53.6,51.5,4.8,14.6,7.5,5.7,5.1,6.1,7.0,7.0,6.9,5.7,4.6,4.8,3.8,3.1,4.5,5.5,18.8,64.1,4.4,12.7,20.1,95.3,62.4,1.8,30.2,10.7,4.4,1.5,99.0,1.2,0.5,0.1,0.1,99.5,0.2,7.1,56.5,0.0,3.5,11.7,67.2,13.5,0.0,0.0,4.2,158.0,16.2,11.4
52550903,male,5044.0,8.0,11.5,12.7,30.3,34.3,66.4,16.4,8.8,6.7,5.6,5.6,5.8,6.3,6.0,4.9,4.2,4.3,3.6,2.8,3.1,4.3,39.4,56.8,3.2,0.6,33.8,99.3,35.9,2.2,38.1,18.1,5.0,2.3,99.0,1.2,0.5,0.0,0.0,99.7,0.5,7.3,50.6,0.9,20.2,4.4,53.7,4.1,0.9,0.8,15.0,1898.0,13.799999999999999,9.5
52550905,female,7131.0,6.3,10.3,10.6,52.4,51.1,7.1,33.5,7.4,6.1,6.3,6.5,6.4,7.5,6.4,5.7,4.9,4.9,3.9,2.7,4.1,6.4,17.7,64.8,4.9,12.5,20.7,94.8,59.7,1.8,28.4,12.2,3.6,2.8,99.6,1.0,1.4,0.1,0.1,100.0,0.3,10.9,55.0,0.0,16.3,5.9,54.3,23.5,0.0,0.0,0.0,244.0,15.6,10.7
52550905,male,6963.0,8.0,11.8,11.3,27.9,32.9,71.5,23.9,8.7,5.9,5.6,5.3,5.8,6.0,6.3,6.0,4.5,4.7,4.4,2.6,3.2,5.2,35.9,61.2,1.9,1.0,32.8,96.3,32.3,2.7,35.0,20.3,4.9,4.1,99.3,1.2,1.0,0.0,0.0,100.0,0.3,10.6,52.7,0.5,29.6,9.0,54.7,3.1,1.8,0.6,0.6,2612.0,14.900000000000002,10.2
52550907,female,19820.0,6.2,9.1,10.4,41.6,43.4,10.0,38.3,8.1,6.6,6.7,6.4,5.7,6.1,6.9,6.4,5.1,5.6,4.0,3.0,3.8,4.6,23.1,60.0,4.9,11.9,21.5,96.3,47.3,1.7,27.5,15.9,6.8,4.7,99.0,1.6,1.7,0.0,0.1,99.9,0.5,12.8,51.7,0.5,20.2,11.9,58.3,5.3,1.9,0.0,1.8,907.0,16.4,10.8
52550907,male,17186.0,7.8,11.0,12.3,22.3,28.0,69.3,31.6,9.2,6.0,4.8,5.1,5.3,5.4,5.7,5.6,5.1,5.9,4.2,3.1,3.4,4.9,35.4,61.5,2.0,1.2,33.0,95.6,26.1,2.9,34.7,22.2,7.7,4.6,99.0,1.5,1.1,0.1,0.1,99.8,0.6,8.2,46.3,3.6,36.1,8.5,42.1,3.4,2.6,1.7,2.1,5607.0,16.6,10.700000000000001
52550909,female,5214.0,5.5,8.6,9.0,50.2,51.4,7.6,42.2,7.3,5.8,5.5,5.4,5.5,6.0,7.8,6.8,6.1,6.3,5.3,3.7,5.5,5.8,23.5,57.3,4.6,14.6,22.3,97.5,55.8,0.8,26.5,11.7,6.2,3.4,98.8,1.8,1.7,0.0,0.0,100.0,0.1,14.3,50.1,0.0,10.5,13.1,69.9,4.5,0.0,0.0,2.0,175.0,20.8,14.5
52550909,male,4446.0,6.6,9.9,11.7,27.9,31.4,66.9,41.0,9.4,6.4,4.8,4.7,5.0,5.8,5.1,5.2,5.5,5.5,5.3,4.7,4.5,5.6,35.9,61.2,1.8,1.1,33.7,97.2,32.4,1.3,31.8,24.9,8.0,2.5,99.4,1.5,1.3,0.0,0.0,100.0,0.2,9.7,50.5,1.8,34.7,4.9,53.2,2.4,0.0,0.9,2.1,1259.0,20.0,14.5
52550911,female,14770.0,6.5,9.4,10.3,46.4,46.8,8.3,30.0,8.3,6.4,6.4,5.6,6.2,7.0,7.1,6.2,5.6,4.9,3.7,2.7,3.7,5.8,23.0,60.3,5.2,11.4,21.4,97.9,52.7,1.4,27.2,15.8,5.9,2.9,99.5,1.7,0.6,0.0,0.0,99.8,0.2,11.5,50.7,0.7,11.5,6.8,73.9,4.2,1.0,1.0,0.8,633.0,15.0,10.100000000000001
52550911,male,13826.0,7.0,10.8,11.2,27.6,31.3,71.5,28.1,9.1,6.8,5.7,5.5,5.4,6.4,6.3,5.9,5.0,5.5,3.9,2.8,2.7,6.4,39.1,57.7,2.2,1.0,33.7,95.4,31.6,1.5,33.0,23.6,6.8,3.9,99.6,1.2,0.5,0.0,0.0,99.9,0.1,9.1,48.7,2.1,25.2,5.6,61.7,2.3,1.5,1.2,0.4,5052.0,14.899999999999999,9.399999999999999
52551101,female,15564.0,7.1,10.4,11.3,43.7,45.7,7.6,40.8,8.1,6.7,6.6,6.7,6.6,6.5,5.9,5.5,4.5,4.9,3.3,2.6,3.4,5.0,22.9,61.1,4.5,11.5,22.5,96.9,50.4,1.8,27.8,13.3,6.7,4.7,98.9,4.2,3.3,0.0,0.1,99.9,1.1,18.6,58.1,0.0,17.1,20.1,49.2,6.6,1.0,0.0,6.0,499.0,14.2,9.3
52551101,male,14549.0,8.5,11.8,12.6,25.0,31.0,65.7,29.0,9.1,6.3,5.4,5.8,6.2,6.1,5.5,4.9,4.3,4.9,3.6,2.4,2.6,4.9,39.5,57.3,2.2,1.0,32.6,96.2,29.3,2.2,31.6,22.7,7.5,4.9,98.8,3.4,3.0,0.0,0.0,99.8,1.2,15.2,56.4,2.6,25.0,9.4,44.8,2.2,4.1,1.2,10.7,4553.0,13.5,8.6
52551103,female,20910.0,7.8,10.5,11.0,48.7,49.6,3.7,39.6,7.9,6.6,6.9,7.1,5.9,6.3,6.4,4.9,4.0,4.7,3.7,2.8,3.6,5.3,20.1,65.9,3.9,10.1,21.9,97.2,56.1,1.6,28.9,12.1,5.1,2.7,98.3,4.2,1.6,0.0,0.0,99.8,0.8,10.0,44.0,0.0,7.4,30.3,60.4,1.9,0.0,0.0,0.0,334.0,14.799999999999999,10.1
52551103,male,20242.0,8.9,12.1,12.2,29.1,33.5,68.7,36.6,8.2,6.3,5.8,6.0,6.0,6.1,5.6,5.0,4.1,4.4,3.7,2.7,2.9,5.3,36.9,60.6,1.7,0.8,32.5,98.7,34.1,2.4,35.5,19.3,5.8,3.5,98.7,3.1,0.7,0.0,0.0,99.8,0.7,8.2,40.6,1.9,27.3,8.6,58.1,1.6,0.8,1.2,0.6,5880.0,13.700000000000001,9.3
52551107,female,13598.0,8.2,10.2,10.7,46.4,47.5,3.8,34.0,7.8,6.4,6.8,6.5,6.1,6.8,6.5,5.6,4.2,4.4,3.5,2.6,3.6,5.8,20.9,64.1,3.5,11.6,19.8,99.7,53.2,1.7,27.9,14.1,5.5,3.4,99.6,3.0,4.2,0.0,0.1,99.8,0.4,10.1,51.5,2.3,24.1,21.8,45.0,4.6,0.0,0.0,2.2,240.0,14.1,9.7
52551107,male,13133.0,8.5,11.4,12.1,28.4,32.7,72.0,36.7,8.4,5.2,4.6,5.8,5.9,7.2,6.8,6.0,4.4,4.8,3.9,2.3,2.8,5.9,35.4,62.3,1.2,1.1,33.6,98.3,33.4,2.3,33.3,21.2,7.3,3.3,99.4,1.4,1.2,0.1,0.0,100.0,0.0,8.8,50.1,3.0,30.7,4.5,55.6,3.7,1.2,0.9,0.5,4067.0,13.8,9.0
53010101,female,63354.0,5.8,7.6,8.3,34.1,36.9,16.3,43.2,7.4,7.3,6.3,6.8,6.9,7.5,7.4,7.0,5.8,5.5,3.6,3.0,3.9,5.2,26.5,54.9,7.4,11.3,25.9,98.1,37.7,2.3,21.3,16.9,14.3,8.3,95.7,7.4,45.2,0.4,0.1,99.6,1.8,22.6,64.8,1.3,20.5,34.8,37.5,1.2,0.4,1.3,3.0,4602.0,16.0,10.5
53010101,male,58188.0,6.9,8.8,9.6,16.3,23.7,64.2,26.8,8.1,6.8,5.8,6.4,6.1,6.6,6.4,6.6,5.4,5.7,4.2,3.2,3.5,5.2,37.5,58.7,2.7,1.2,33.1,96.8,18.2,2.7,23.9,20.6,18.1,10.9,97.3,6.9,42.1,0.3,0.1,99.7,1.7,21.3,66.4,2.6,35.2,20.7,32.8,1.2,1.4,2.6,3.5,20404.0,16.6,10.9
53010105,female,24298.0,6.1,8.1,8.6,39.7,42.9,15.2,45.5,7.5,6.6,5.8,6.9,7.1,7.9,7.4,6.8,5.2,5.2,3.4,3.1,4.3,4.5,24.8,55.6,7.2,12.5,25.8,98.4,44.0,1.6,20.6,16.5,11.0,7.4,93.0,2.8,70.7,0.8,0.1,99.6,2.0,20.9,65.8,1.0,23.6,26.6,43.6,1.3,0.0,0.9,3.0,1554.0,16.0,10.8
53010105,male,21964.0,7.1,9.4,10.4,19.7,27.6,63.2,23.7,8.3,6.7,5.1,6.0,6.3,6.7,6.5,6.0,5.1,5.5,4.0,3.4,3.5,4.6,38.6,57.3,3.1,1.0,34.2,97.6,22.4,2.3,23.7,21.7,14.5,10.2,96.2,3.0,67.2,0.8,0.1,99.6,1.8,18.5,66.0,1.6,32.8,15.5,41.2,1.1,0.5,2.3,5.0,7737.0,16.4,10.9
53010301,female,9223.0,6.3,8.0,8.4,49.2,50.9,8.5,21.7,7.0,6.3,6.1,7.0,6.8,7.0,7.4,6.0,6.1,5.9,3.9,3.3,4.5,5.7,22.3,59.5,6.8,11.4,25.0,95.3,54.5,2.0,20.0,14.0,8.3,4.8,75.4,2.2,88.4,0.4,0.0,98.3,8.4,20.7,60.5,0.0,21.0,22.9,27.5,17.6,0.0,4.1,6.8,472.0,17.6,11.7
53010301,male,8618.0,6.7,8.4,9.9,31.5,37.3,59.2,12.5,7.8,6.5,5.9,6.0,6.7,7.0,6.6,5.6,5.1,5.7,4.2,3.3,4.7,5.6,37.1,58.8,2.8,1.3,33.8,97.3,35.3,2.0,22.0,22.4,10.7,5.5,81.4,1.9,90.0,0.3,0.0,98.9,7.6,15.5,59.6,0.9,34.0,11.6,35.5,5.3,0.9,5.0,6.8,3356.0,17.9,12.2
53010303,female,1323.0,7.5,8.8,8.7,56.2,55.8,5.6,25.0,9.0,5.8,5.2,6.0,7.6,7.3,7.3,6.3,5.1,5.1,3.4,3.3,3.7,5.5,19.1,64.0,6.3,10.5,22.8,97.9,62.5,1.4,24.0,12.1,4.8,2.0,63.8,0.5,99.0,0.0,0.0,99.6,0.6,18.4,79.6,0.0,9.5,28.6,52.4,7.1,0.0,2.4,0.0,42.0,15.5,10.399999999999999
53010303,male,1306.0,7.9,9.3,9.4,35.1,41.0,61.9,36.5,7.5,6.5,5.1,6.5,7.0,8.0,6.5,6.5,4.7,4.2,2.8,3.4,4.7,5.3,30.9,65.3,2.6,1.3,30.9,97.3,39.3,1.4,30.2,19.1,5.9,2.4,77.7,0.4,99.5,0.0,0.0,99.6,0.7,16.0,75.9,0.0,19.1,6.9,66.6,5.3,0.0,1.9,0.3,377.0,15.100000000000001,10.899999999999999
53010305,female,7350.0,5.9,7.5,8.5,48.5,49.1,9.9,45.9,8.2,6.6,5.3,6.1,7.0,8.5,7.5,6.5,5.1,5.1,3.8,3.4,5.0,7.1,25.6,58.5,5.5,10.4,24.8,96.6,53.5,2.1,21.2,13.5,7.9,6.1,68.4,11.8,72.2,0.5,0.0,99.2,7.8,17.9,59.5,0.0,22.0,26.4,33.3,7.0,0.0,0.0,11.2,307.0,17.299999999999997,12.2
53010305,male,7222.0,7.1,9.3,9.6,29.9,35.1,63.0,22.7,8.1,6.3,5.2,5.8,6.3,6.8,6.9,6.5,5.1,5.6,3.1,3.3,5.0,7.4,36.6,58.6,2.9,2.0,33.6,96.6,33.7,2.6,26.0,19.7,10.9,5.7,78.6,9.7,75.4,0.1,0.0,99.0,8.3,12.8,60.1,0.9,26.2,7.6,33.7,4.7,0.3,1.5,25.2,2601.0,17.0,11.4
53010307,female,3413.0,7.5,8.8,9.2,57.5,56.2,4.8,52.0,7.6,6.2,5.4,6.2,7.4,7.7,6.9,5.3,4.3,4.8,3.7,3.6,5.3,8.4,20.1,62.3,5.5,12.1,23.4,94.3,64.3,1.9,22.2,11.6,5.3,2.8,47.1,1.1,95.3,0.2,0.1,98.8,1.4,15.2,40.0,1.7,6.8,50.8,33.9,1.7,0.0,0.0,5.1,59.0,17.4,12.600000000000001
53010307,male,3381.0,8.3,9.0,8.8,41.8,45.2,65.7,30.4,7.9,7.0,5.7,6.5,6.7,7.9,7.7,5.4,3.8,3.7,3.4,3.5,4.8,8.1,35.5,60.9,2.7,1.0,32.0,93.7,46.4,2.1,26.0,16.3,6.6,3.8,57.2,1.3,95.4,0.1,0.1,98.4,1.9,11.7,38.4,0.1,30.5,11.0,52.7,4.4,0.0,0.5,0.8,1141.0,15.399999999999999,11.7
53010309,female,4529.0,5.8,7.7,9.4,58.4,58.2,5.9,40.6,7.0,7.0,5.8,6.4,7.6,7.9,7.8,7.0,4.7,5.1,3.8,3.3,3.8,5.6,19.7,63.3,6.8,10.2,24.2,94.4,65.2,1.0,19.1,12.8,5.7,3.2,80.7,0.4,97.2,0.2,0.0,99.0,1.6,14.7,56.5,0.0,13.0,17.9,43.1,25.2,0.0,0.0,0.8,123.0,16.0,10.899999999999999
53010309,male,4321.0,6.5,8.9,11.1,39.2,43.2,67.6,29.1,7.8,7.9,5.9,5.8,5.7,6.8,6.7,6.6,4.9,4.8,3.7,2.7,4.1,5.2,35.9,61.5,1.9,0.7,33.0,96.4,44.8,1.0,23.8,19.8,8.4,3.8,87.2,0.4,97.7,0.2,0.0,98.4,1.9,13.0,53.0,0.2,29.7,6.0,54.5,7.0,0.1,0.3,2.2,1522.0,15.299999999999999,10.5
53010311,female,3499.0,6.8,8.6,9.7,55.3,55.1,7.5,37.9,8.6,7.7,6.1,6.5,7.4,7.6,6.3,6.0,3.9,4.7,3.4,2.8,3.9,5.4,22.8,60.8,6.7,9.6,25.1,96.8,62.1,1.3,23.3,10.8,6.5,3.1,32.4,0.4,97.8,0.1,0.0,98.8,5.1,12.1,56.9,0.0,4.9,21.1,69.9,4.1,0.0,0.0,0.0,123.0,14.799999999999999,10.1
53010311,male,3412.0,7.9,9.4,10.2,34.8,40.1,71.9,34.0,8.2,6.9,6.6,6.7,7.5,7.6,6.6,5.4,3.8,3.7,3.0,2.7,3.7,5.0,37.3,59.4,2.6,0.7,33.3,96.2,39.6,1.3,24.7,17.9,10.8,5.2,41.5,0.4,98.8,0.1,0.0,99.0,3.9,12.0,58.2,0.6,30.7,6.8,55.0,4.9,0.0,1.4,0.6,1174.0,13.100000000000001,9.4
53010313,female,8258.0,6.5,8.5,8.8,51.6,53.2,6.1,49.7,7.4,6.6,6.3,7.1,7.3,7.1,7.4,6.3,5.4,4.9,3.7,3.0,3.9,7.2,22.4,54.4,10.9,12.4,25.7,95.1,57.2,0.7,19.4,13.9,9.4,3.5,68.3,0.7,88.6,0.2,0.0,99.2,1.1,21.5,63.8,0.0,11.3,24.6,49.2,1.0,0.0,6.2,7.6,194.0,15.500000000000002,10.6
53010313,male,7529.0,7.4,8.9,9.6,33.2,39.1,63.1,27.9,8.0,6.0,6.1,6.3,6.7,7.6,7.3,6.1,4.7,5.0,3.5,3.1,3.8,7.2,35.9,59.7,3.4,0.9,32.9,94.6,37.3,0.7,23.1,21.4,10.5,5.1,73.5,1.0,90.4,0.2,0.0,99.2,1.9,17.6,66.0,1.7,23.9,8.7,48.0,2.5,0.0,4.1,11.0,2534.0,15.399999999999999,10.399999999999999
53010501,female,3275.0,7.8,8.8,9.3,64.9,63.5,4.0,36.1,8.1,5.6,5.0,6.8,8.0,6.7,6.4,5.4,5.3,5.6,3.6,3.1,4.5,6.4,18.9,68.7,2.3,10.1,23.9,98.1,72.8,0.3,21.0,10.4,3.6,1.3,42.9,0.4,97.7,0.4,0.0,98.3,2.5,6.7,33.5,0.0,8.1,6.5,48.4,9.7,0.0,3.2,24.2,62.0,16.799999999999997,11.2
53010501,male,3504.0,7.2,9.0,9.3,47.5,51.2,71.5,25.9,8.4,6.3,5.5,6.3,7.3,8.3,7.2,5.0,3.8,4.7,3.7,3.0,5.1,6.8,34.3,62.2,2.4,1.2,31.9,96.9,53.2,0.4,22.2,18.3,5.8,2.1,55.3,0.5,97.7,0.1,0.1,98.4,2.6,6.4,33.3,0.9,29.3,5.4,42.8,8.1,0.0,4.9,8.6,1383.0,16.5,11.8
53010505,female,1567.0,6.1,8.1,8.0,61.1,60.7,3.5,44.2,8.2,6.2,5.2,5.6,7.2,6.9,6.9,6.9,4.6,5.8,5.0,3.4,6.0,14.3,21.6,64.1,3.3,11.1,24.6,94.5,67.2,0.6,20.4,11.3,4.9,2.2,52.4,0.1,95.7,0.1,0.1,98.7,1.3,11.5,49.9,4.2,16.7,12.5,54.2,12.5,0.0,0.0,0.0,24.0,20.200000000000003,14.4
53010505,male,1699.0,5.8,8.3,9.3,37.7,43.7,63.6,32.5,8.1,6.8,5.4,5.7,6.7,6.5,6.7,5.7,5.4,5.4,5.1,3.6,5.8,12.2,36.7,59.1,2.8,1.4,34.2,96.1,42.1,0.8,27.0,20.2,5.7,2.5,65.0,0.2,96.9,0.2,0.0,99.2,0.5,7.5,43.1,3.6,49.6,4.7,30.2,4.7,0.2,7.2,0.0,559.0,19.9,14.5
53010511,female,4181.0,7.3,8.5,9.4,56.8,56.3,7.4,55.6,7.7,6.6,5.2,6.5,8.1,7.5,6.6,6.1,5.1,4.8,3.2,2.9,4.6,6.3,20.1,67.0,3.4,9.5,23.2,97.8,63.9,1.9,23.1,11.2,5.1,2.4,68.8,0.8,89.4,0.4,0.0,99.7,0.5,15.0,63.2,0.0,18.4,26.2,43.7,9.7,0.0,0.0,1.9,103.0,15.5,10.7
53010511,male,4488.0,7.3,9.6,10.9,36.9,39.8,70.9,18.4,8.4,5.8,5.0,6.1,7.0,6.9,7.2,6.2,4.0,4.7,3.4,3.1,4.4,6.1,35.3,61.2,2.5,1.0,31.9,97.5,42.2,2.8,29.8,18.4,6.9,2.4,80.3,0.8,89.4,0.3,0.0,99.6,0.7,11.1,60.5,0.2,41.0,3.8,40.3,9.9,0.2,1.2,3.5,1875.0,15.6,10.9
53010513,female,5170.0,6.9,8.1,9.1,50.0,51.4,9.7,43.6,7.5,7.1,5.5,6.6,7.2,8.0,7.4,6.5,4.6,5.1,3.3,3.2,3.9,6.7,21.0,62.7,4.0,12.3,22.5,92.7,56.0,1.9,21.1,15.3,5.5,4.7,74.8,12.4,64.0,0.7,0.3,98.8,4.0,14.4,66.1,0.0,22.2,29.3,40.9,0.0,0.0,2.4,5.1,215.0,15.499999999999998,10.4
53010513,male,5273.0,6.9,9.3,10.1,28.6,33.1,62.7,29.7,8.6,7.2,5.6,6.0,6.7,6.9,7.0,6.8,4.9,4.5,3.5,2.4,3.7,5.8,37.8,57.7,2.9,1.6,32.7,98.4,32.5,3.1,26.6,23.0,8.4,5.8,80.9,9.1,66.3,0.5,0.3,99.5,3.3,14.9,67.2,0.2,26.0,14.5,37.7,0.3,6.6,1.7,13.1,1713.0,14.100000000000001,9.600000000000001
53010521,female,812.0,7.8,6.9,7.6,60.3,62.4,6.8,81.4,7.6,5.7,5.2,6.0,6.2,6.3,6.9,6.3,6.3,7.0,3.7,4.6,6.0,15.4,23.6,60.2,4.4,11.7,23.9,97.2,66.2,0.7,20.7,9.4,4.2,2.6,88.3,0.1,96.3,0.4,0.0,98.9,1.1,14.2,61.5,0.0,12.5,25.0,62.5,0.0,0.0,0.0,0.0,8.0,21.299999999999997,14.3
53010521,male,813.0,6.8,8.0,7.4,39.5,44.8,70.0,63.7,6.5,5.4,5.2,5.8,6.8,7.5,6.6,6.9,5.5,4.7,7.4,3.8,5.8,12.7,34.9,60.2,3.8,1.1,32.5,92.4,42.8,1.1,29.4,15.6,6.2,3.0,94.6,0.1,97.2,0.2,0.0,99.0,0.7,12.9,59.9,0.6,24.2,9.9,58.4,6.2,0.0,0.6,0.0,161.0,21.700000000000003,17.0
53010525,female,8334.0,6.9,9.1,9.5,56.6,57.3,6.2,41.0,8.3,6.7,6.0,6.2,7.0,7.7,7.2,5.8,4.9,4.9,3.2,3.0,3.6,6.1,21.1,63.0,3.7,12.1,24.3,92.4,63.6,0.6,19.7,12.0,6.8,3.6,92.2,0.6,40.7,0.2,0.1,99.5,0.5,11.9,46.2,0.0,53.2,28.1,12.6,0.9,0.0,0.0,5.2,226.0,14.700000000000001,9.8
53010525,male,8167.0,7.4,9.6,11.4,36.9,41.7,67.9,24.5,8.7,6.3,5.1,5.9,6.6,6.7,7.1,5.7,4.8,4.6,3.2,3.2,3.7,6.5,34.3,62.4,2.3,1.0,32.3,92.6,42.4,0.6,26.6,19.8,7.4,3.8,93.4,0.4,40.7,0.1,0.0,99.6,0.4,8.4,42.3,1.9,39.4,8.6,39.4,2.4,1.6,2.2,4.5,3000.0,14.7,10.100000000000001
53010703,female,18055.0,6.8,8.7,9.0,55.9,54.4,10.7,50.1,7.8,6.5,5.8,7.0,7.3,7.4,7.6,6.1,4.8,4.9,3.5,2.7,3.9,6.9,21.5,63.5,5.5,9.5,24.7,96.4,62.4,1.8,22.6,11.7,5.9,3.6,78.6,6.3,71.8,0.2,0.0,99.6,3.9,18.7,61.0,1.3,15.6,15.6,48.1,10.5,0.5,3.3,5.0,726.0,15.000000000000002,10.1
53010703,male,18500.0,7.3,8.8,9.9,36.2,40.9,70.0,26.7,8.9,6.9,6.1,6.7,7.0,7.2,6.9,5.4,4.5,4.4,3.3,2.7,3.9,6.3,36.2,60.8,2.0,1.0,32.3,95.6,40.7,2.4,26.2,18.0,8.1,4.5,85.9,6.0,74.0,0.2,0.0,99.5,3.0,15.4,57.6,1.6,28.4,7.2,39.3,3.8,0.5,11.9,7.2,7019.0,14.3,9.9
53010707,female,4766.0,6.1,7.6,8.7,57.5,56.8,5.7,11.8,7.4,6.2,4.8,6.3,6.5,7.6,6.4,6.8,5.6,5.6,4.6,3.4,6.2,7.6,20.5,63.8,4.2,11.5,23.1,98.4,63.5,1.2,20.0,11.1,7.2,3.6,67.1,0.8,86.9,0.6,0.0,99.3,6.1,13.1,55.7,0.0,4.1,6.4,64.9,24.5,0.0,0.0,0.0,187.0,19.8,14.2
53010707,male,4931.0,7.2,9.0,9.0,34.7,40.3,71.3,11.1,7.6,5.6,4.4,5.9,6.7,7.1,7.0,6.6,5.5,5.0,4.3,3.4,5.7,8.0,33.1,62.4,4.1,0.5,33.6,95.5,38.3,1.4,25.1,20.8,9.6,2.9,78.2,0.7,87.5,0.1,0.0,99.6,5.4,8.6,53.3,0.9,30.2,5.4,51.3,6.5,0.8,4.9,0.0,2339.0,18.400000000000002,13.399999999999999
53010709,female,3761.0,6.6,8.4,10.7,55.0,55.8,10.3,32.4,8.6,6.2,6.0,6.6,6.6,6.8,7.0,6.1,4.3,4.7,3.4,3.0,5.2,6.5,24.3,58.7,3.9,13.1,24.8,96.9,62.6,0.7,20.1,11.1,6.7,5.6,98.1,5.3,42.0,0.1,0.1,99.3,0.8,22.2,71.1,1.0,16.0,26.8,22.7,28.4,0.0,0.0,5.2,194.0,16.3,11.600000000000001
53010709,male,3542.0,7.0,9.5,11.0,34.6,40.1,68.7,14.2,8.7,6.6,5.6,5.7,6.1,6.5,7.5,6.0,5.0,4.4,3.1,3.0,4.4,6.3,36.3,60.6,2.1,1.0,32.7,96.8,39.7,0.8,25.0,19.1,8.7,6.4,98.4,4.5,43.9,0.1,0.0,99.4,1.0,15.6,66.3,3.1,26.4,5.5,48.7,6.3,0.1,2.0,7.8,1514.0,14.9,10.5
53010715,female,3951.0,5.8,7.3,7.8,50.5,51.7,9.8,59.3,7.9,7.0,5.8,7.1,5.8,7.6,6.8,6.5,5.9,5.8,3.6,3.6,5.6,7.0,27.5,52.9,5.6,14.0,25.2,97.3,55.2,1.1,19.2,12.6,7.8,7.6,97.7,0.6,41.8,0.1,0.0,99.5,0.6,25.8,65.4,0.0,16.1,48.4,30.6,2.4,0.0,0.8,1.6,124.0,18.6,12.8
53010715,male,3637.0,6.8,9.9,9.8,31.7,35.9,67.6,26.0,9.3,6.2,5.3,5.6,6.1,6.0,7.0,5.8,5.6,5.0,4.5,3.5,3.6,5.3,38.4,57.4,2.9,1.3,33.6,95.1,35.5,1.3,25.3,19.2,11.3,6.9,98.1,0.4,41.7,0.1,0.0,99.9,0.3,18.8,61.5,0.6,46.0,11.8,30.7,1.4,0.0,7.5,1.9,1335.0,16.6,11.6
53010717,female,3822.0,7.1,8.8,9.5,59.8,59.8,7.4,25.7,9.0,6.5,5.5,6.1,7.3,7.1,6.8,5.7,5.0,4.7,3.6,2.8,4.5,5.2,21.1,67.3,3.2,8.5,24.6,95.4,67.2,1.4,20.4,11.3,4.3,2.9,37.2,0.7,98.0,0.3,0.1,98.7,2.1,17.1,65.6,0.6,12.8,8.3,21.8,56.4,0.0,0.0,0.0,156.0,15.600000000000001,10.9
53010717,male,3999.0,7.2,9.2,10.8,40.3,44.9,70.7,17.0,9.2,5.6,5.2,6.1,6.8,6.9,6.3,5.3,4.9,4.5,4.2,2.7,5.0,5.5,34.1,62.8,2.3,0.7,32.3,96.4,46.2,2.8,24.5,18.1,6.5,3.4,48.5,0.4,98.6,0.4,0.0,99.0,2.1,14.5,66.7,0.2,48.8,4.2,36.5,6.9,0.0,3.2,0.3,1708.0,16.4,11.9
53010719,female,4078.0,6.0,7.2,9.2,58.8,59.6,7.2,54.2,8.4,7.1,5.7,5.3,6.5,7.6,7.4,6.6,4.5,5.9,3.6,3.3,5.7,10.3,24.2,58.6,4.1,13.1,25.4,96.7,65.3,0.4,17.7,10.4,7.0,4.9,80.1,0.3,83.9,0.4,0.0,99.2,6.7,11.9,41.7,0.0,20.2,26.9,38.5,14.4,0.0,0.0,0.0,104.0,18.5,12.600000000000001
53010719,male,3940.0,5.9,8.3,10.5,40.2,43.1,67.2,18.7,9.4,6.8,5.3,5.6,5.5,7.4,6.9,6.9,4.8,5.2,3.8,3.5,4.3,8.3,38.9,57.7,2.2,1.2,34.1,94.9,45.1,0.7,24.9,18.4,7.8,5.1,80.7,0.4,85.8,0.1,0.0,99.2,7.8,9.9,38.0,0.7,51.0,5.4,33.2,7.0,0.0,1.8,0.9,1619.0,16.8,11.6
53010723,female,1201.0,7.2,8.6,9.9,60.1,60.0,2.4,23.8,8.9,7.3,4.8,6.0,7.2,8.3,6.7,6.0,4.3,4.9,2.9,2.7,4.1,8.4,20.0,68.0,1.7,10.3,23.0,96.2,67.7,0.4,22.9,11.3,3.0,2.3,85.1,0.6,75.9,0.1,0.1,99.8,0.2,3.2,47.4,0.0,37.5,37.5,12.5,12.5,0.0,0.0,0.0,16.0,14.6,9.7
53010723,male,1309.0,7.1,8.0,9.9,41.2,44.3,74.6,4.2,10.2,7.0,5.3,5.7,6.8,8.3,6.7,5.0,4.8,4.3,3.1,3.7,4.3,7.8,35.7,60.2,2.3,1.7,32.4,96.1,46.4,1.0,29.3,16.6,5.6,3.3,89.2,0.2,79.4,0.2,0.2,99.7,0.5,4.1,50.1,0.1,59.4,3.4,15.1,21.4,0.0,0.1,0.4,702.0,15.400000000000002,11.100000000000001
53110101,female,25189.0,5.6,7.8,8.6,37.0,40.1,15.6,42.5,8.0,7.3,6.4,6.4,6.4,6.7,7.0,6.5,5.4,5.7,4.1,3.3,4.7,5.3,27.2,54.2,5.1,13.5,25.4,98.1,41.1,1.5,20.3,13.2,15.2,9.7,99.2,1.2,0.6,0.1,0.2,99.9,0.1,29.4,72.1,1.5,30.9,30.2,34.6,1.1,0.0,1.1,0.5,1764.0,17.8,12.1
53110101,male,22004.0,7.2,9.6,11.1,16.9,23.9,62.2,22.8,9.3,6.9,5.2,5.3,4.9,5.3,5.8,6.3,5.7,5.7,4.7,3.3,3.8,5.1,38.0,58.8,2.1,1.0,33.7,96.4,19.4,2.1,24.8,19.3,20.3,9.6,99.5,0.6,0.4,0.1,0.1,99.9,0.1,26.7,73.2,2.4,40.4,18.6,33.0,0.7,1.7,2.4,0.7,7615.0,17.5,11.8
53110103,female,7761.0,6.5,8.7,8.6,29.4,33.6,16.7,53.0,7.4,6.7,6.4,6.2,6.5,6.5,5.9,5.4,5.6,6.2,4.9,4.0,4.5,5.1,26.3,52.3,7.2,14.3,24.3,99.3,32.8,1.4,21.7,21.3,16.4,5.6,99.2,2.8,1.2,0.1,0.1,99.9,1.2,23.1,65.2,1.3,32.4,18.4,39.1,5.4,0.0,1.1,2.3,465.0,19.6,13.4
53110103,male,6960.0,7.3,9.6,10.0,7.5,15.1,64.9,37.7,8.2,6.7,5.7,6.4,6.4,6.9,5.9,5.1,4.8,4.6,5.4,4.6,2.6,5.5,40.7,54.8,3.4,1.1,33.6,97.2,8.4,1.0,28.5,27.0,21.6,6.8,99.6,1.4,0.3,0.1,0.1,99.9,0.7,22.4,72.5,2.3,30.2,14.6,45.2,0.2,0.9,4.8,1.8,2057.0,17.2,12.6
53110105,female,5094.0,6.1,8.3,8.3,33.2,35.5,13.3,31.3,7.5,6.2,5.8,6.6,5.9,6.8,6.9,6.2,5.4,6.4,4.4,4.1,5.1,5.8,24.5,54.4,6.3,14.8,21.2,97.2,36.6,1.4,22.1,21.6,13.6,5.9,99.9,2.5,0.6,0.0,0.0,99.7,0.5,22.6,69.6,0.0,27.6,15.8,46.2,0.0,3.1,0.0,7.3,360.0,20.0,13.6
53110105,male,4633.0,6.5,10.7,11.3,12.2,17.8,66.1,24.6,8.2,6.5,5.7,6.3,6.3,6.6,6.1,6.4,4.3,4.1,4.1,3.9,2.9,4.9,38.1,60.2,1.1,0.7,33.4,98.4,13.9,1.8,29.5,26.7,18.8,5.4,99.4,2.8,0.3,0.1,0.1,100.0,0.2,17.6,71.8,0.8,30.8,10.5,48.7,1.4,0.9,1.9,4.9,1651.0,15.0,10.9
53110107,female,99241.0,6.2,8.4,9.0,21.8,27.5,17.9,39.3,7.5,7.1,6.7,7.2,6.8,6.8,6.3,5.6,5.2,5.8,4.3,3.1,4.1,4.2,27.7,56.2,5.4,10.7,24.5,95.9,24.3,1.9,23.7,18.3,17.4,11.2,99.1,5.0,1.8,0.1,0.1,99.7,0.8,28.0,68.5,1.9,13.1,33.6,47.6,1.0,0.5,1.1,1.2,8220.0,17.299999999999997,11.5
53110107,male,92566.0,7.2,9.6,10.3,7.8,14.8,64.5,26.0,8.4,6.8,5.8,5.9,6.4,7.1,6.4,5.5,4.7,5.2,4.4,3.7,2.6,4.0,38.7,57.9,2.5,0.9,33.0,95.4,8.8,2.4,26.1,21.8,21.7,13.2,99.1,4.6,1.8,0.1,0.1,99.7,0.8,29.3,72.6,3.2,30.8,25.0,33.4,1.1,1.3,3.1,2.2,32246.0,15.9,10.700000000000001
53110109,female,48658.0,5.9,8.3,9.1,34.4,37.3,15.9,45.6,7.9,7.2,6.7,6.7,6.2,6.8,6.8,6.0,5.4,5.6,4.1,3.1,4.1,5.1,26.7,54.6,5.7,13.1,25.7,96.7,38.4,1.3,22.2,15.8,15.7,7.7,99.3,1.8,0.9,0.1,0.1,99.8,0.3,34.6,75.3,0.9,29.6,26.7,36.8,3.3,0.4,0.6,1.6,3220.0,16.9,11.299999999999999
53110109,male,45091.0,7.4,9.8,10.4,13.8,21.5,65.9,31.7,8.7,7.2,6.2,6.3,5.9,6.1,6.1,5.7,4.8,5.1,4.1,3.2,3.0,4.7,40.1,56.1,2.9,0.9,33.7,97.3,15.7,1.7,28.0,20.7,19.4,8.7,99.6,1.2,0.7,0.0,0.1,99.9,0.3,31.8,75.4,2.2,41.7,15.2,33.4,1.5,1.5,3.0,1.4,14696.0,15.399999999999999,10.3
53110301,female,2049.0,7.9,8.1,8.9,58.3,54.7,6.5,60.0,7.6,6.4,6.0,5.8,5.1,6.2,6.9,5.7,4.8,6.6,5.3,3.4,5.4,7.2,18.1,65.6,4.0,12.3,20.5,99.1,65.1,2.0,25.2,10.8,5.3,2.1,99.1,0.7,0.5,0.1,0.1,99.7,0.6,14.3,70.4,5.0,37.5,12.5,15.0,30.0,0.0,0.0,0.0,40.0,20.7,14.1
53110301,male,1851.0,7.5,10.8,10.0,32.1,35.6,65.3,24.0,9.7,5.7,4.2,4.1,5.5,5.0,6.3,5.8,5.3,4.9,5.0,5.1,5.0,7.4,31.7,66.1,1.0,1.1,31.5,97.9,36.7,2.2,29.2,21.7,8.9,2.4,99.1,0.6,0.2,0.0,0.2,99.4,0.7,9.9,67.5,1.1,60.0,7.2,25.3,3.3,0.6,2.0,0.6,657.0,20.0,15.1
53110303,female,2131.0,8.3,8.9,10.2,58.2,58.8,8.3,19.4,8.0,7.8,6.6,4.6,6.1,6.1,5.8,5.5,4.0,4.8,4.3,3.3,5.7,5.7,20.8,67.7,2.3,9.2,23.9,94.9,65.6,0.3,22.8,8.5,6.2,3.3,99.2,0.8,0.6,0.0,0.0,99.6,0.8,21.8,56.0,0.0,53.8,8.7,13.5,20.2,0.0,1.0,2.9,104.0,18.099999999999998,13.3
53110303,male,2060.0,7.9,9.5,9.6,41.9,46.7,67.0,16.2,8.6,7.4,5.5,6.1,5.0,6.2,6.0,5.7,4.6,4.6,4.0,3.9,5.5,6.4,35.9,62.0,1.7,0.4,32.9,97.0,47.3,1.0,25.0,14.0,10.4,2.9,98.8,0.5,0.4,0.1,0.1,99.9,0.0,18.9,53.1,0.5,46.5,8.8,23.5,4.6,0.1,1.2,14.8,843.0,18.0,13.4
53110305,female,2765.0,6.0,8.9,10.2,56.5,56.9,9.2,53.2,8.7,7.8,5.4,6.1,5.5,7.1,6.5,5.9,5.0,5.3,3.3,2.8,5.4,5.5,23.5,63.6,3.5,9.5,24.8,96.0,64.0,0.5,21.9,10.3,7.0,3.5,99.5,0.8,0.3,0.0,0.1,99.9,0.0,14.7,75.2,1.1,51.7,13.5,15.7,5.6,2.2,9.0,1.1,89.0,16.799999999999997,11.5
53110305,male,2768.0,7.2,9.8,11.2,35.9,41.8,73.0,19.5,8.9,7.9,5.6,4.9,5.6,4.7,5.7,5.3,5.8,5.1,3.8,3.7,4.9,6.4,39.7,57.6,2.0,0.7,33.6,97.5,41.2,0.5,25.0,18.3,11.1,3.2,99.6,0.3,0.0,0.0,0.0,99.9,0.1,12.2,69.6,1.2,62.6,4.8,12.7,10.0,0.3,6.7,1.7,1168.0,17.5,12.4
53110307,female,2134.0,7.5,9.9,10.0,62.3,61.6,5.7,27.0,8.9,6.7,6.2,6.3,5.9,5.7,5.8,6.3,3.9,4.6,4.8,3.6,4.0,5.2,21.0,67.3,2.1,9.6,24.3,95.4,70.3,0.7,18.9,11.3,4.8,2.7,99.1,0.2,0.9,0.0,0.0,99.8,0.3,12.9,54.4,0.0,61.5,4.6,23.1,9.2,0.0,1.5,0.0,65.0,17.0,12.4
53110307,male,2189.0,7.7,11.3,11.8,45.8,49.6,66.9,32.2,8.8,6.8,5.0,5.7,6.2,4.8,5.7,4.8,4.4,4.4,4.3,4.5,3.9,6.0,34.3,63.4,1.6,0.7,32.4,93.9,53.2,0.7,25.2,16.0,7.2,1.4,98.9,0.5,0.2,0.0,0.0,99.9,0.2,7.4,45.5,1.3,50.1,8.4,36.7,1.6,0.9,0.1,0.9,687.0,17.099999999999998,12.700000000000001
53110309,female,2820.0,5.9,9.1,11.1,56.0,59.3,10.4,31.5,9.1,6.7,4.8,5.6,6.1,6.7,7.6,5.1,4.8,5.0,3.4,3.1,5.7,5.6,22.5,64.4,1.9,11.2,23.9,96.6,64.0,0.9,20.7,9.7,6.6,2.7,99.2,0.5,0.3,0.0,0.0,99.9,0.1,12.3,41.0,0.0,12.2,9.5,4.1,74.3,0.0,0.0,0.0,148.0,17.2,12.2
53110309,male,2770.0,7.5,9.9,11.0,34.1,43.8,68.6,18.5,9.8,5.7,5.0,5.2,5.0,6.1,6.8,5.3,4.3,5.6,5.1,2.8,4.9,4.9,35.0,62.7,1.3,1.0,32.5,97.1,38.9,1.1,25.9,16.0,10.6,2.7,99.4,0.4,0.1,0.0,0.1,100.0,0.0,8.0,39.0,5.1,60.9,8.3,16.1,8.1,0.6,0.5,0.4,1109.0,18.4,12.8
53110311,female,1216.0,6.0,7.3,9.6,59.1,59.2,1.3,16.7,7.7,7.8,5.3,5.8,6.0,6.9,6.9,6.8,6.2,5.5,4.4,3.5,4.3,4.5,21.0,67.7,2.3,9.0,23.5,92.1,66.5,0.2,20.6,10.1,7.0,3.0,95.3,1.2,0.2,0.0,0.2,99.5,0.5,10.7,45.2,10.0,40.0,10.0,30.0,10.0,0.0,0.0,0.0,10.0,17.7,12.2
53110311,male,1258.0,7.7,8.8,10.2,38.0,42.8,53.5,4.5,8.2,5.9,4.9,5.6,5.6,5.2,7.0,6.0,5.3,6.7,4.0,3.6,5.2,5.9,32.6,64.9,1.5,1.0,32.8,95.4,43.0,0.2,27.2,17.5,9.7,2.6,95.6,1.3,0.2,0.0,0.3,99.7,0.2,8.0,48.5,0.8,46.1,10.2,35.2,1.1,1.9,3.0,1.7,471.0,19.5,12.8
53110313,female,1678.0,8.1,9.1,10.1,61.4,59.1,14.7,45.8,9.4,8.2,4.9,5.2,5.6,7.0,5.9,5.5,5.0,4.4,3.7,2.9,5.0,9.0,23.4,65.9,1.6,9.1,23.5,96.9,69.9,2.0,22.1,9.1,4.5,3.2,99.2,0.5,0.2,0.0,0.1,100.0,0.2,16.6,66.8,0.0,10.3,2.1,21.6,66.0,0.0,0.0,0.0,97.0,16.0,11.6
53110313,male,1675.0,7.2,9.6,11.0,36.4,38.9,73.3,15.5,9.9,6.5,6.2,6.3,5.7,5.4,5.7,5.4,4.0,5.1,4.4,2.9,4.8,7.4,37.6,60.9,0.9,0.6,32.8,97.1,41.7,2.1,31.7,17.6,7.9,1.7,99.5,0.2,0.0,0.1,0.2,99.7,0.5,10.1,59.3,0.3,49.1,4.5,28.7,7.2,3.9,5.2,1.1,749.0,17.2,12.100000000000001
53110315,female,1571.0,7.1,7.1,9.8,54.5,55.1,19.3,25.2,7.6,7.1,5.1,5.3,5.7,6.5,8.0,6.7,6.9,5.2,3.6,3.1,5.3,5.0,21.1,65.6,2.6,10.7,23.6,95.5,61.6,0.9,20.6,12.5,7.3,3.6,99.7,0.8,0.4,0.0,0.1,99.8,0.2,13.1,43.7,0.0,16.3,1.7,8.7,72.7,0.0,0.6,0.0,172.0,17.2,12.0
53110315,male,1511.0,6.4,7.8,12.2,28.0,32.2,71.4,23.5,10.6,6.7,3.8,4.2,5.6,4.8,6.8,7.0,5.7,6.8,4.5,3.0,4.0,5.2,36.1,60.1,2.9,0.9,33.8,94.5,32.5,0.8,28.9,23.2,13.0,2.0,99.7,0.3,0.4,0.0,0.1,100.0,0.0,10.8,43.4,1.0,38.3,5.3,46.5,6.4,0.3,1.7,0.5,606.0,18.3,11.5
53110501,female,2839.0,7.0,8.9,9.2,41.3,44.2,5.7,62.3,7.9,6.6,5.9,5.4,5.6,6.5,7.2,5.7,5.4,5.0,4.2,3.3,6.1,6.7,22.4,60.4,3.4,13.8,21.9,98.7,46.3,1.4,24.0,16.9,9.2,4.3,99.9,0.8,0.4,0.0,0.0,99.8,0.1,10.1,60.0,6.5,15.2,26.1,39.1,4.3,4.3,2.2,2.2,46.0,18.6,13.6
53110501,male,2778.0,7.8,10.0,11.4,15.4,23.0,60.0,46.5,9.2,6.0,5.6,5.2,5.1,5.5,6.0,6.0,5.0,5.0,5.8,3.0,3.4,6.6,40.6,57.5,1.1,0.8,33.7,98.9,17.6,1.5,31.6,26.9,13.3,3.7,99.6,0.5,0.4,0.0,0.0,99.9,0.2,7.8,62.6,4.0,25.5,12.5,50.6,1.0,3.3,0.8,2.4,631.0,17.2,12.200000000000001
53110503,female,4461.0,7.9,9.4,10.5,47.3,48.6,5.7,76.2,7.7,6.1,6.1,5.6,6.4,7.3,6.6,4.6,4.3,4.8,3.9,3.4,5.4,6.9,19.1,67.1,2.6,11.1,21.6,95.9,54.1,0.9,29.2,13.5,5.7,2.0,99.5,1.2,1.0,0.1,0.1,99.9,0.6,9.3,43.5,2.3,9.1,40.9,45.5,0.0,0.0,0.0,2.3,44.0,17.5,12.7
53110503,male,4467.0,7.9,11.2,13.0,24.5,28.1,71.2,36.1,10.0,6.1,5.7,5.1,5.3,5.7,6.2,5.3,4.5,4.3,3.4,3.0,3.2,6.9,37.6,59.4,2.2,0.8,31.4,94.9,28.7,1.0,38.9,22.4,7.5,2.1,99.4,0.8,0.7,0.0,0.2,99.7,0.5,6.0,39.6,1.6,36.5,6.0,47.8,1.1,0.9,2.4,3.7,1378.0,13.899999999999999,9.600000000000001
53110505,female,7526.0,6.2,8.7,9.2,33.1,35.9,13.0,51.2,7.5,7.1,6.4,6.6,6.9,6.9,6.1,5.6,5.1,5.7,4.8,3.4,3.8,6.1,24.7,56.9,5.1,13.3,23.3,98.3,37.0,2.0,24.8,17.9,14.0,5.4,98.9,3.8,2.7,0.0,0.0,99.8,0.9,18.6,60.2,0.0,15.9,20.7,46.3,4.4,3.2,2.1,7.3,363.0,17.7,12.0
53110505,male,7517.0,7.5,9.1,10.0,11.9,17.8,66.1,35.0,8.3,7.3,6.3,6.7,6.6,6.8,6.2,5.4,4.2,5.0,4.1,4.1,2.2,5.7,41.4,54.7,3.2,0.8,34.6,97.5,13.4,1.9,30.0,26.6,18.4,5.2,98.9,2.9,1.7,0.1,0.0,99.8,0.8,16.5,62.1,0.5,26.3,12.8,47.8,0.4,6.1,2.2,4.0,2370.0,15.399999999999999,10.399999999999999
53110507,female,4186.0,7.2,8.9,9.9,34.5,37.5,6.9,47.4,8.1,6.4,5.8,6.0,6.1,6.9,6.5,5.9,4.8,4.3,4.0,3.2,6.0,7.9,23.8,60.1,3.3,12.9,21.6,96.8,39.1,1.9,26.1,19.1,10.7,4.8,99.3,1.6,1.4,0.1,0.0,99.9,0.7,18.9,63.5,2.7,18.8,28.6,45.5,1.8,0.0,2.7,0.0,112.0,17.5,13.2
53110507,male,4104.0,8.3,9.5,10.7,12.2,18.7,70.9,32.0,9.1,4.9,5.4,6.0,5.8,6.1,7.0,6.4,6.0,5.7,4.0,2.2,3.0,7.1,36.0,60.9,2.4,0.7,32.4,95.8,13.8,1.9,32.2,27.0,15.9,4.3,99.3,1.2,1.3,0.0,0.0,99.9,0.6,20.4,68.3,0.9,25.2,24.3,45.6,1.2,0.2,2.3,0.4,1414.0,14.899999999999999,9.2
53110509,female,1408.0,8.5,10.2,10.8,55.1,56.7,6.9,82.6,6.4,6.8,5.1,7.7,5.4,6.2,5.3,4.9,4.7,5.2,4.0,3.7,5.2,5.6,15.7,74.0,2.2,8.1,22.3,96.7,63.4,0.1,27.4,10.0,4.2,1.6,99.5,0.2,0.2,0.0,0.0,99.6,0.0,2.5,46.3,0.0,0.0,50.0,25.0,25.0,0.0,0.0,0.0,12.0,18.099999999999998,12.9
53110509,male,1557.0,8.3,9.0,11.9,31.5,37.7,73.5,53.5,8.2,7.6,6.5,6.9,6.7,5.2,5.3,4.6,4.1,4.6,4.2,2.6,4.3,5.4,38.6,58.8,2.0,0.6,30.8,95.8,36.2,0.1,32.9,21.0,7.1,1.3,99.1,0.1,0.1,0.0,0.0,100.0,0.2,2.4,41.6,0.3,62.9,4.8,20.2,6.1,0.3,3.7,1.9,377.0,15.7,11.100000000000001
53110511,female,2459.0,7.9,9.8,10.5,39.6,41.4,9.3,48.8,7.4,5.4,5.3,6.5,5.8,6.3,6.0,5.6,5.5,4.6,4.2,3.4,6.0,8.3,19.1,65.1,2.9,12.9,21.1,97.6,45.2,2.4,28.2,17.5,7.7,2.7,99.6,1.1,0.4,0.0,0.1,99.8,0.5,12.8,55.9,0.0,19.0,9.5,38.1,31.0,0.0,1.2,1.2,84.0,18.200000000000003,13.6
53110511,male,2478.0,8.2,10.1,9.4,17.3,23.5,73.6,34.8,8.1,7.1,5.8,5.4,5.2,6.6,7.1,6.4,5.2,4.7,4.8,2.5,3.3,6.9,36.6,60.5,2.2,0.7,31.3,97.8,19.4,2.1,34.9,22.6,14.2,2.5,99.7,0.8,0.2,0.0,0.1,99.9,0.2,13.4,60.4,0.7,25.3,6.0,56.2,3.6,0.2,5.5,2.4,860.0,15.3,10.6
53110513,female,7880.0,8.1,10.6,9.9,32.6,36.1,14.0,34.5,8.5,6.7,6.6,7.4,6.9,6.7,6.3,4.8,4.2,4.4,3.5,2.5,2.8,4.9,24.8,62.2,2.8,10.3,24.0,95.7,36.7,2.1,28.4,16.0,11.9,5.4,99.3,2.1,1.2,0.0,0.1,99.9,0.3,27.3,74.3,0.7,18.8,21.5,41.2,16.7,0.0,1.1,0.0,515.0,13.2,8.8
53110513,male,7980.0,8.0,10.3,11.7,17.2,21.9,74.5,17.6,8.9,7.0,6.9,6.1,6.5,7.2,6.1,5.3,4.1,4.1,3.5,2.1,2.2,4.9,37.4,59.3,2.3,1.0,31.0,96.7,19.8,2.4,34.2,22.3,13.0,6.3,99.7,1.2,0.8,0.0,0.0,99.8,0.1,24.2,73.8,2.6,25.8,6.4,61.2,1.7,0.4,1.3,0.6,3429.0,11.899999999999999,7.8
53110515,female,4499.0,7.5,9.0,10.2,48.2,49.3,5.1,35.9,8.6,6.1,6.7,6.5,6.3,6.0,6.5,5.8,4.1,5.1,4.0,3.1,4.5,5.2,20.7,67.0,2.3,10.0,22.8,97.4,54.5,1.4,26.4,14.0,7.1,1.8,99.4,0.9,0.3,0.0,0.0,100.0,0.1,15.5,66.1,1.9,15.9,15.0,42.1,21.5,0.9,1.9,0.9,107.0,16.7,11.6
53110515,male,4484.0,8.4,10.9,10.5,27.4,34.2,71.7,27.5,8.2,7.3,7.3,6.4,6.0,6.0,5.3,4.5,3.9,4.5,4.5,3.3,3.2,5.2,37.3,61.0,1.2,0.5,31.6,97.3,31.1,2.3,32.4,21.5,8.1,1.5,99.6,0.6,0.2,0.0,0.0,99.7,0.3,12.3,65.0,0.4,36.6,5.1,47.7,5.0,0.2,4.7,0.2,1636.0,15.5,11.0
53110701,female,1657.0,6.4,8.6,8.8,54.2,54.1,8.0,21.8,8.0,5.9,6.2,5.4,5.7,6.6,7.1,6.2,3.9,6.1,4.8,3.2,7.2,10.5,20.6,64.8,2.8,11.8,23.8,98.8,60.2,0.9,25.3,10.7,6.5,2.4,99.6,2.1,0.6,0.0,0.0,99.8,0.5,12.6,46.2,0.0,13.9,3.8,25.3,57.0,0.0,0.0,0.0,79.0,21.299999999999997,15.2
53110701,male,1735.0,7.8,9.6,9.9,27.5,32.0,59.2,20.1,8.9,5.5,5.5,5.6,5.5,6.6,5.9,6.2,4.4,3.9,5.2,4.0,5.6,10.0,34.7,62.5,2.3,0.6,32.1,98.1,31.1,0.9,33.1,18.6,12.2,3.3,99.8,0.7,0.5,0.0,0.0,99.7,0.5,10.5,49.0,0.8,60.5,6.4,25.5,4.9,0.2,1.2,0.7,597.0,18.7,14.799999999999999
53110703,female,2250.0,6.5,8.6,10.4,51.9,51.5,16.1,20.8,7.4,6.3,6.6,5.6,6.4,6.8,6.3,5.6,5.8,5.7,4.3,3.3,4.5,7.6,19.2,67.4,2.9,10.4,23.7,97.6,59.0,0.8,24.3,12.4,8.2,2.8,99.1,1.1,0.6,0.1,0.1,99.6,0.2,14.3,54.3,0.0,16.4,3.3,9.9,70.0,0.0,0.5,0.0,213.0,17.8,12.1
53110703,male,2405.0,7.3,9.4,9.8,28.8,32.9,71.8,17.2,8.1,6.2,6.0,5.6,5.9,5.8,5.9,5.0,5.2,6.3,5.5,3.6,4.3,7.1,34.1,62.3,2.8,0.8,32.6,98.5,32.4,1.2,31.0,19.8,11.5,3.5,99.4,0.5,0.5,0.0,0.0,99.5,0.4,10.9,54.5,1.0,49.7,7.6,30.9,7.8,0.5,2.2,0.3,1050.0,19.7,13.399999999999999
53110705,female,3360.0,7.6,9.9,10.9,58.6,58.4,19.1,22.0,9.1,6.7,6.0,6.8,6.1,6.7,6.1,5.1,4.2,4.9,2.8,2.7,4.4,3.6,22.7,66.0,1.8,9.5,24.0,95.9,67.0,0.5,21.0,11.5,6.0,2.6,98.6,0.5,0.2,0.1,0.0,99.4,1.3,12.4,65.2,0.6,41.5,2.2,33.7,21.7,0.0,0.0,0.3,359.0,14.8,9.9
53110705,male,3588.0,8.3,10.6,11.6,34.8,46.8,77.1,15.1,9.4,7.4,6.5,6.7,6.6,5.7,5.4,4.1,4.1,4.6,3.0,2.3,3.6,4.3,38.7,59.7,0.8,0.8,31.7,97.1,40.2,0.6,22.4,15.6,12.0,2.7,99.4,0.2,0.1,0.0,0.1,99.7,0.4,9.6,56.8,0.6,51.0,6.8,32.6,8.0,0.2,0.1,0.8,1633.0,13.499999999999998,8.9
53110707,female,4393.0,7.8,10.1,10.8,51.1,50.5,8.3,58.7,8.3,7.3,6.2,7.0,6.2,6.0,5.1,5.5,3.6,4.9,3.9,3.1,4.2,7.0,23.7,62.5,2.5,11.3,23.5,97.9,58.6,1.2,24.0,12.4,8.5,3.5,99.6,0.5,0.3,0.0,0.1,99.9,0.2,14.0,56.0,0.9,33.6,10.3,28.0,24.3,2.8,0.0,0.0,107.0,16.1,11.2
53110707,male,4219.0,8.6,10.8,11.6,28.3,31.8,70.3,25.4,9.4,6.7,5.0,6.1,5.8,6.5,5.9,5.5,3.8,4.3,4.0,2.7,3.3,7.9,38.4,59.2,1.5,0.9,33.0,97.7,32.8,1.9,32.8,19.3,10.7,3.6,99.5,0.3,0.2,0.0,0.1,99.9,0.0,9.3,51.4,1.3,41.8,3.9,47.0,4.6,0.9,0.6,0.0,1529.0,14.3,10.0
53110709,female,3390.0,8.5,9.0,9.8,61.5,62.7,8.6,14.2,8.7,6.4,5.7,6.1,7.7,6.5,6.0,5.1,4.0,5.1,4.2,3.2,4.1,4.9,19.3,69.2,1.0,10.5,23.1,91.9,69.2,0.1,20.6,10.1,4.8,1.7,98.9,1.2,0.4,0.0,0.1,99.4,0.6,6.5,39.1,1.1,22.0,5.5,6.6,58.2,0.0,2.7,3.8,182.0,16.6,11.5
53110709,male,3515.0,8.3,11.5,11.3,36.3,43.2,71.8,9.7,9.6,6.6,5.6,5.7,5.6,5.7,6.2,6.1,4.2,3.5,3.0,3.2,3.8,4.1,35.0,62.6,1.5,0.9,30.6,93.9,41.4,0.3,30.2,17.6,7.1,1.5,99.0,0.8,0.3,0.1,0.1,99.8,0.2,5.0,33.5,3.6,47.8,2.9,24.0,15.7,0.0,2.2,3.8,1570.0,13.5,10.0
53110711,female,2744.0,7.7,8.9,11.0,53.7,58.1,12.1,35.0,8.3,6.3,5.1,6.0,6.7,6.3,5.9,5.8,4.7,5.0,3.6,3.2,5.5,6.4,22.9,63.8,1.7,11.6,25.4,91.2,61.2,0.2,18.9,10.8,8.2,3.8,97.8,0.6,0.5,0.1,0.1,99.9,0.3,6.0,30.7,1.9,12.2,7.1,7.7,61.5,0.0,7.7,1.9,156.0,17.3,12.3
53110711,male,2826.0,8.1,9.7,10.8,30.1,37.0,65.2,18.7,9.2,5.7,5.4,5.5,5.4,6.0,6.5,5.6,4.8,5.2,4.5,2.7,4.9,6.3,37.9,59.6,1.3,1.2,34.1,89.5,34.0,0.5,28.7,17.0,12.5,4.3,98.3,0.1,0.2,0.0,0.0,99.8,0.2,4.1,27.9,3.6,41.9,6.2,20.4,6.2,0.2,10.7,10.8,1070.0,17.299999999999997,12.100000000000001
53110713,female,2277.0,8.2,10.1,10.2,59.9,60.6,14.5,12.7,8.9,6.5,5.8,6.0,6.7,5.8,5.9,5.1,4.5,4.7,3.9,3.3,4.5,10.9,21.6,64.4,3.0,11.0,24.2,97.6,68.3,0.0,19.1,10.9,6.9,2.5,98.9,0.3,0.0,0.0,0.0,100.0,0.0,4.4,24.0,0.0,66.0,4.4,3.9,24.8,0.0,0.0,1.0,206.0,16.4,11.7
53110713,male,2375.0,7.3,10.8,12.0,34.8,45.0,71.5,11.9,9.3,7.5,6.1,7.0,5.6,6.7,5.2,4.6,4.5,4.3,2.4,2.4,4.4,11.8,38.1,59.4,1.7,0.8,32.1,97.5,40.3,0.0,25.7,16.3,10.2,2.7,99.2,0.2,0.0,0.0,0.1,99.7,0.5,2.5,18.3,0.4,60.7,7.1,14.1,11.1,0.0,2.2,4.5,1046.0,13.5,9.2
53110715,female,4016.0,8.8,8.5,9.8,51.1,53.7,6.1,44.6,8.4,6.5,6.8,5.7,5.9,6.4,7.0,5.5,4.4,4.3,3.9,3.1,5.0,4.3,22.2,65.9,2.0,10.0,23.5,96.6,57.8,0.7,21.2,13.4,8.0,3.0,98.2,0.7,0.8,0.1,0.2,99.8,0.1,16.9,62.9,1.0,16.3,23.5,37.8,20.4,0.0,1.0,0.0,98.0,16.299999999999997,12.0
53110715,male,4130.0,8.2,10.7,10.8,30.1,36.1,62.5,13.4,9.2,7.0,5.9,6.0,5.5,5.9,6.6,5.4,5.1,4.0,3.3,2.4,3.9,5.2,37.6,59.6,1.6,1.2,31.7,95.4,34.2,0.8,29.9,20.6,10.3,2.3,98.1,0.5,0.6,0.0,0.2,99.6,0.5,12.2,63.3,0.8,60.6,6.5,22.7,6.0,0.4,1.7,1.2,1572.0,13.6,9.6
53110717,female,3453.0,7.6,10.4,11.0,50.4,53.1,11.1,69.9,9.2,6.6,5.4,5.5,5.5,6.4,5.7,5.9,4.2,4.2,4.3,3.4,4.7,5.6,23.2,66.0,2.0,8.8,24.0,98.1,58.1,0.3,24.8,10.5,8.0,3.2,98.9,0.3,0.2,0.0,0.0,99.9,0.1,11.0,61.7,0.0,40.2,11.0,25.6,23.2,0.0,0.0,0.0,82.0,16.6,12.399999999999999
53110717,male,3459.0,8.2,10.3,10.9,29.9,37.0,73.2,35.8,9.4,6.9,4.9,6.0,5.8,5.5,6.7,5.6,4.3,4.3,3.6,2.9,4.7,6.1,37.6,60.3,1.5,0.6,32.9,99.3,34.3,0.5,28.9,19.2,11.2,3.2,98.8,0.2,0.2,0.0,0.0,99.6,0.2,11.2,60.2,0.1,64.7,4.5,24.1,5.7,0.3,0.4,0.1,1148.0,15.5,11.2
53110719,female,1257.0,7.7,9.5,11.5,51.5,54.0,4.5,57.5,8.6,5.4,4.5,6.6,7.3,6.8,6.0,5.1,4.3,4.8,3.0,3.2,5.6,4.5,19.5,67.2,0.6,12.7,23.8,98.1,59.8,1.6,24.2,12.1,5.8,2.3,99.0,1.4,0.6,0.1,0.0,99.4,0.8,12.9,63.8,0.0,5.9,64.7,17.6,11.8,0.0,0.0,0.0,17.0,16.6,11.8
53110719,male,1295.0,6.8,11.3,12.5,28.9,32.7,67.5,17.0,10.3,5.0,4.9,4.6,5.3,5.9,7.4,6.4,4.0,4.3,3.6,2.9,4.8,4.9,33.1,65.1,0.9,0.9,30.7,97.4,33.8,2.5,34.1,19.8,8.8,2.1,99.5,0.7,0.2,0.0,0.0,99.7,0.0,7.7,65.9,2.0,65.8,4.4,15.7,1.4,0.4,6.6,3.8,503.0,15.600000000000001,11.3
61110101,female,33067.0,6.9,8.3,8.7,21.5,26.7,22.3,28.3,7.2,7.5,7.6,8.0,7.1,6.9,6.5,5.8,5.1,5.1,3.5,2.3,3.4,4.3,26.7,58.0,5.7,9.6,25.0,97.7,23.8,1.6,23.0,17.5,17.5,13.7,99.4,3.9,1.5,0.4,0.1,99.7,0.9,24.5,68.0,1.7,12.3,30.3,50.6,1.8,0.1,0.6,2.5,4016.0,14.299999999999999,9.2
61110101,male,32276.0,8.0,9.2,9.1,9.0,16.1,67.2,21.1,7.7,6.9,6.6,6.9,7.3,7.3,6.1,5.8,5.1,5.1,3.9,2.7,2.5,3.7,37.0,59.6,2.3,1.1,31.7,96.5,9.9,2.4,24.9,21.4,20.4,14.8,99.4,3.9,1.8,0.3,0.1,99.7,0.8,23.6,69.0,3.9,28.5,27.1,34.4,0.8,1.3,2.3,1.8,12606.0,14.2,9.1
61110103,female,27886.0,7.6,8.7,8.7,21.0,27.8,20.5,20.0,6.9,7.5,8.0,8.3,7.7,7.1,6.1,5.5,4.7,4.9,3.5,2.3,2.5,3.2,26.4,61.1,4.1,8.4,24.3,96.1,23.4,1.4,23.4,17.0,15.6,14.7,99.0,4.8,2.5,0.3,0.1,99.4,0.9,28.7,67.2,2.1,11.2,21.9,59.0,2.5,0.4,0.5,2.5,3422.0,13.2,8.3
61110103,male,27821.0,8.1,9.0,9.1,9.7,18.7,68.4,14.5,7.7,6.9,7.3,8.0,7.5,7.3,6.2,5.4,4.4,4.7,3.8,2.6,2.1,3.2,36.8,60.4,2.1,0.6,31.9,95.6,10.8,1.8,25.2,21.0,18.0,15.5,99.2,5.2,3.0,0.2,0.0,99.4,1.1,27.6,67.1,3.7,23.1,17.8,47.2,0.8,1.0,1.9,4.4,11999.0,13.2,8.5
61110105,female,14594.0,7.1,9.7,9.2,22.5,27.7,23.2,17.4,7.4,7.1,7.1,8.0,7.9,7.7,6.3,5.5,4.7,4.6,3.3,2.1,2.4,3.5,23.7,63.9,4.8,7.6,24.3,95.5,25.1,1.5,25.7,17.0,14.8,13.3,98.4,4.4,1.0,0.2,0.1,98.4,0.8,28.0,66.1,3.7,19.0,15.3,55.2,2.4,0.2,0.0,4.2,2068.0,12.4,7.800000000000001
61110105,male,14531.0,7.7,9.5,9.9,11.1,18.8,73.5,14.4,8.0,6.8,6.5,6.9,7.3,7.4,6.6,5.8,4.9,4.5,3.7,2.4,2.1,2.7,33.8,62.1,3.1,0.9,31.4,95.3,12.3,1.8,28.8,22.1,14.3,14.2,98.2,3.6,1.2,0.1,0.0,98.7,1.0,24.9,65.3,4.0,30.2,9.6,48.8,0.9,1.6,1.4,3.6,6664.0,12.7,8.2
61110301,female,5697.0,7.8,9.8,10.6,55.7,56.8,4.9,32.6,8.4,6.4,5.7,5.8,6.5,6.6,5.4,6.2,4.4,4.4,3.0,3.7,5.3,7.8,20.4,64.7,2.5,12.5,21.9,91.4,63.1,0.2,23.2,11.3,5.6,2.8,97.9,1.0,0.6,0.1,0.2,99.8,0.5,19.2,50.6,4.1,22.8,8.3,43.6,17.3,0.0,0.0,3.9,136.0,16.400000000000002,12.0
61110301,male,5878.0,8.7,9.6,10.1,37.2,41.8,71.9,26.8,8.4,7.2,5.9,6.3,6.0,6.0,6.7,5.6,3.9,5.2,3.2,3.0,4.2,5.7,37.5,58.9,2.5,1.1,30.5,97.6,42.2,0.6,26.9,17.9,9.7,3.0,99.3,0.5,0.0,0.0,0.1,99.8,0.4,12.8,47.4,1.0,44.0,2.9,34.5,3.3,1.2,1.6,11.5,2214.0,15.600000000000001,10.4
61110305,female,6214.0,8.5,9.0,9.4,37.4,39.6,8.6,29.5,7.9,7.3,6.9,7.0,6.8,6.7,6.3,5.4,4.9,4.5,3.3,2.6,3.5,4.1,21.7,66.8,3.3,8.2,21.8,98.3,42.0,1.8,27.8,16.1,10.0,4.6,99.4,3.5,0.4,0.1,0.0,99.7,0.5,12.8,48.7,1.1,18.2,14.5,57.5,3.3,1.8,0.7,2.9,275.0,13.9,9.4
61110305,male,6483.0,7.8,9.3,9.6,19.5,23.4,69.9,17.4,8.2,7.8,6.8,6.8,6.7,6.6,6.1,6.0,5.0,4.7,3.5,2.7,2.4,4.8,36.0,61.6,1.5,0.9,31.0,98.4,21.8,2.0,32.5,24.0,13.5,4.6,99.4,2.7,0.4,0.0,0.1,99.7,0.3,10.9,49.8,0.7,26.7,5.7,56.5,0.9,0.8,1.3,7.4,2743.0,13.299999999999999,8.6
61110307,female,7647.0,8.8,10.3,10.5,49.0,51.1,4.4,31.2,8.2,7.1,6.6,7.1,6.9,6.3,5.0,5.0,4.3,4.4,3.1,2.7,3.7,6.0,20.4,66.4,3.0,10.2,22.7,88.5,55.6,0.8,24.6,12.2,6.9,4.5,97.2,1.2,0.5,0.1,0.0,100.0,0.4,5.3,33.1,0.0,27.8,34.9,37.4,0.0,0.0,0.0,0.0,165.0,13.899999999999999,9.5
61110307,male,8043.0,8.3,10.2,10.0,29.3,34.2,55.6,15.6,8.8,7.0,6.4,6.5,6.7,6.7,6.3,5.3,3.9,4.6,3.6,2.6,3.1,4.3,37.9,60.6,1.3,0.2,32.7,91.3,33.0,0.6,31.6,22.5,6.2,4.8,97.6,0.7,0.3,0.0,0.1,99.8,0.4,4.1,30.3,1.7,34.9,8.5,45.2,3.0,0.7,2.6,3.4,2696.0,13.899999999999999,9.3
61110311,female,4433.0,7.3,9.3,9.0,46.5,51.1,5.8,27.7,7.8,7.1,6.1,6.7,6.8,6.4,5.9,6.2,4.2,5.4,3.7,3.2,5.1,3.9,21.9,65.1,2.2,10.9,22.6,95.8,51.7,0.9,27.1,11.2,6.0,3.5,98.9,2.5,0.2,0.1,0.2,99.6,1.1,4.2,25.1,0.0,7.2,18.1,64.5,4.3,0.0,0.7,5.1,138.0,17.4,12.0
61110311,male,4684.0,8.4,9.5,9.1,25.6,33.5,70.9,22.2,7.9,6.7,5.9,6.8,6.9,7.3,6.2,5.0,3.9,4.8,4.4,3.7,3.7,4.4,36.3,61.6,1.5,0.6,32.0,96.6,28.6,0.6,34.6,19.9,8.2,3.2,99.1,1.6,0.2,0.0,0.2,99.9,0.2,2.8,23.7,1.1,31.1,4.6,44.5,1.7,0.6,2.7,13.7,1885.0,16.599999999999998,11.8
61110313,female,2696.0,7.4,9.8,10.9,47.8,47.8,2.6,28.0,8.0,7.6,6.1,6.0,6.2,6.9,5.8,5.2,4.2,4.9,3.0,2.9,5.0,5.0,22.0,65.5,1.6,10.9,22.0,97.6,55.0,2.1,26.9,13.4,6.2,3.6,99.6,0.9,0.1,0.1,0.1,99.7,0.4,12.3,37.9,5.6,16.7,16.7,58.3,2.8,0.0,0.0,0.0,36.0,15.8,10.9
61110313,male,2779.0,8.0,9.2,9.9,26.2,29.8,67.9,14.0,9.6,7.4,5.2,6.4,5.7,6.7,6.7,5.9,3.9,4.7,4.0,2.8,3.8,4.9,37.0,61.0,1.1,0.9,31.9,94.8,29.5,1.8,33.8,23.0,7.7,4.0,99.3,0.3,0.0,0.0,0.0,99.9,0.2,7.6,35.5,1.0,62.2,3.3,15.6,4.5,1.7,5.7,5.9,1183.0,15.3,10.6
61110315,female,4642.0,8.4,9.1,9.5,47.8,47.9,2.8,22.1,7.8,7.0,6.5,6.7,6.4,6.7,5.7,5.6,4.7,5.3,3.7,2.6,4.3,3.8,19.5,68.3,2.3,9.9,22.3,98.5,53.6,0.7,26.9,13.8,6.9,3.8,99.2,1.2,0.3,0.1,0.0,99.8,0.1,11.4,52.7,0.0,10.8,18.9,64.9,0.0,0.0,4.1,1.4,74.0,15.899999999999999,10.600000000000001
61110315,male,4970.0,8.8,9.2,9.9,27.7,32.1,61.7,14.7,7.5,7.2,5.9,6.1,6.7,6.4,6.4,6.3,4.8,4.7,3.5,3.6,3.1,4.8,34.4,63.2,1.7,0.7,31.0,98.2,31.2,0.8,33.0,21.3,9.7,3.2,99.3,0.9,0.5,0.1,0.1,99.8,0.2,9.1,49.4,1.0,30.1,3.2,56.7,2.9,0.7,5.3,0.3,1888.0,14.899999999999999,10.2
61110317,female,1996.0,5.9,7.8,8.2,53.8,54.3,4.3,59.7,7.4,6.6,5.7,5.0,6.3,7.4,6.2,6.9,4.8,6.3,4.2,3.9,7.5,4.4,22.1,62.2,2.1,13.6,22.6,93.3,59.2,0.5,22.3,11.0,7.7,4.2,99.3,1.4,0.1,0.0,0.0,99.7,0.1,19.4,53.1,0.0,3.7,37.0,51.9,7.4,0.0,0.0,0.0,27.0,21.9,15.6
61110317,male,2174.0,8.1,8.0,8.9,28.9,33.8,62.0,29.3,8.2,6.4,6.3,5.2,6.0,5.7,6.3,6.3,5.6,5.4,5.3,3.2,5.0,6.0,39.1,57.9,2.0,1.1,33.7,96.1,32.0,0.5,31.3,18.8,11.5,4.1,99.2,1.1,0.0,0.0,0.0,99.2,0.2,15.1,51.3,0.7,27.7,6.6,37.3,3.6,0.3,1.4,22.4,714.0,18.9,13.5
61110319,female,6829.0,7.5,9.2,9.2,47.2,48.1,5.4,50.7,8.5,7.3,6.2,6.9,6.6,6.3,6.1,5.4,4.4,5.0,3.2,2.6,5.5,4.9,23.3,64.0,2.5,10.2,23.2,99.4,53.0,1.2,28.8,13.7,5.6,2.7,99.3,1.7,0.2,0.2,0.0,99.8,0.0,5.2,36.7,2.9,12.1,9.7,60.0,7.0,0.0,0.0,8.3,135.0,16.299999999999997,11.3
61110319,male,7263.0,7.6,9.3,10.1,25.8,29.2,66.5,28.4,8.1,6.6,6.3,7.0,6.9,6.5,6.7,5.7,4.3,4.4,3.5,3.0,4.0,5.0,36.5,60.6,1.7,1.1,31.8,98.1,29.1,2.0,34.3,24.1,7.3,3.1,99.1,1.9,0.0,0.2,0.0,99.7,0.3,4.5,38.3,0.9,27.7,5.2,53.0,0.9,1.3,1.3,9.8,2528.0,14.9,10.5
61110501,female,2041.0,9.6,9.5,10.1,60.8,63.6,6.2,75.6,9.3,7.3,5.7,6.1,5.9,6.4,5.0,4.6,4.6,5.0,3.4,3.2,4.4,4.7,19.6,71.4,1.3,7.7,22.8,92.1,68.7,0.5,24.9,6.9,1.9,2.2,99.8,0.8,0.0,0.0,0.0,100.0,0.3,10.5,49.5,0.0,22.7,31.8,27.3,13.6,0.0,0.0,4.5,22.0,16.0,11.0
61110501,male,2215.0,6.7,9.9,10.1,40.2,48.6,80.5,4.9,9.9,8.9,6.1,7.7,6.6,5.3,4.7,4.3,5.0,4.3,3.6,2.7,4.2,4.8,37.7,61.0,0.6,0.7,30.3,91.9,45.2,0.6,32.0,14.5,3.2,1.2,99.7,0.2,0.0,0.0,0.0,99.9,0.1,6.9,41.4,0.2,49.1,2.2,20.1,25.8,0.6,1.1,1.0,1243.0,14.8,10.5
61110503,female,9164.0,8.4,10.6,11.1,30.1,34.2,10.0,31.9,8.0,6.4,7.4,8.6,8.2,7.1,5.3,5.1,3.4,3.2,2.5,1.7,3.1,4.5,20.7,70.3,1.8,7.3,21.7,94.9,34.7,0.5,27.6,15.9,14.3,7.5,98.9,4.3,2.4,0.4,0.0,99.9,0.4,24.6,62.7,0.0,5.1,54.0,31.3,3.3,0.0,0.0,6.3,437.0,10.5,7.300000000000001
61110503,male,9898.0,9.5,11.1,10.7,15.4,23.7,70.8,16.6,7.9,6.2,5.9,6.5,7.8,8.2,6.9,5.3,4.0,3.7,2.4,1.8,2.1,3.7,33.2,65.0,1.7,0.1,30.6,97.4,17.5,0.6,29.3,22.8,16.3,7.4,98.8,4.3,2.2,0.3,0.0,99.6,0.1,22.5,60.0,1.7,14.4,31.3,46.6,0.4,0.3,0.0,5.4,4017.0,10.0,6.300000000000001
61110504,female,3681.0,7.6,10.5,9.1,44.3,47.5,8.4,12.0,8.9,7.2,6.9,7.3,6.9,7.2,5.7,5.0,4.6,4.2,2.9,2.3,3.7,3.6,25.1,63.5,3.2,8.2,25.0,98.0,49.6,1.2,25.8,12.1,9.7,3.7,99.2,0.8,0.5,0.1,0.0,100.0,0.1,10.6,41.8,0.0,22.2,16.7,31.8,19.7,1.0,0.5,8.1,198.0,13.099999999999998,8.899999999999999
61110504,male,3911.0,8.7,10.3,11.0,26.7,34.3,64.9,6.0,8.9,6.7,6.7,6.5,7.3,6.1,5.8,6.0,4.8,3.7,2.5,1.8,3.2,4.1,39.2,58.7,1.1,1.0,32.0,95.6,30.3,1.3,31.8,19.8,9.9,3.0,99.5,0.8,0.3,0.0,0.0,99.8,0.1,7.4,37.5,1.3,38.4,6.3,29.3,6.5,1.3,1.7,15.1,1670.0,11.2,7.5
61110505,female,5420.0,8.2,9.5,9.4,39.3,41.6,10.3,24.3,7.1,6.8,6.8,8.0,7.7,7.2,5.8,5.5,5.5,4.5,2.9,2.3,3.1,4.7,20.5,69.8,2.8,6.9,22.8,97.6,44.0,1.2,27.0,16.2,8.1,5.9,99.3,0.8,0.4,0.1,0.1,99.4,0.6,10.0,35.0,6.5,11.7,13.9,57.9,1.0,0.0,0.3,8.7,309.0,12.799999999999999,8.299999999999999
61110505,male,5842.0,8.4,10.0,9.8,23.1,27.3,68.9,12.3,8.4,6.7,6.0,6.6,7.0,7.3,6.2,5.9,4.5,4.6,3.8,2.3,2.5,4.6,34.5,63.0,1.9,0.7,30.9,97.1,26.0,1.3,33.1,24.2,8.5,5.5,99.2,0.8,0.3,0.1,0.1,99.5,0.3,7.3,34.1,1.7,18.8,5.3,62.6,1.3,0.5,1.5,8.3,2531.0,13.2,8.6
61170103,female,84706.0,7.1,8.7,9.1,19.8,27.5,24.6,23.9,8.0,8.2,8.1,8.1,7.4,7.3,6.5,5.6,4.7,4.3,2.9,1.9,2.2,3.2,29.5,57.0,5.2,8.3,25.8,96.4,22.1,1.3,22.7,16.0,16.9,15.5,98.7,5.6,1.7,0.1,0.1,99.7,1.0,29.9,69.8,0.8,7.9,17.7,69.2,0.5,0.3,0.7,2.9,11876.0,11.3,7.0
61170103,male,82743.0,8.1,9.4,10.0,9.4,18.9,68.9,17.6,8.6,7.5,7.1,7.5,7.0,6.8,6.3,5.8,4.6,4.4,3.1,2.2,1.7,2.8,38.8,58.5,2.1,0.7,31.9,95.4,10.6,1.4,25.3,19.7,18.8,15.8,98.8,5.9,2.0,0.2,0.1,99.6,1.3,28.4,70.1,2.9,22.8,13.4,52.1,0.7,0.6,4.1,3.3,34043.0,11.399999999999999,7.000000000000001
61170105,female,47627.0,9.4,10.1,9.3,17.8,26.7,21.5,22.2,7.1,7.8,8.9,9.5,8.1,7.0,5.6,4.6,3.7,3.5,2.4,1.5,1.7,3.2,24.7,64.9,4.2,6.2,23.3,95.9,20.1,2.3,25.0,15.3,17.9,12.7,98.4,12.0,2.3,0.2,0.1,99.2,2.3,27.0,66.8,0.9,9.2,17.7,66.5,1.1,1.2,0.8,2.6,5686.0,9.1,5.6
61170105,male,48756.0,9.6,10.6,9.8,8.2,20.0,71.6,13.0,7.5,6.8,6.8,8.3,8.6,7.6,6.1,5.2,3.7,3.6,2.7,1.8,1.4,3.0,35.2,62.9,1.4,0.5,30.8,93.7,9.2,2.3,25.6,19.0,20.1,13.1,98.7,12.7,2.8,0.1,0.2,99.3,1.7,26.7,68.1,3.0,23.5,14.9,50.6,0.6,0.9,3.0,3.4,21264.0,9.500000000000002,5.9
61170107,female,10484.0,6.4,8.5,8.6,30.5,36.9,13.9,43.6,8.0,7.2,7.1,6.6,6.6,7.0,6.7,6.1,4.7,5.5,3.7,3.1,4.4,5.5,26.6,53.9,6.0,13.5,25.1,96.6,33.8,1.2,25.1,14.3,13.6,8.8,99.6,2.0,0.7,0.2,0.1,99.8,0.1,21.4,61.6,0.6,10.1,28.5,50.5,0.7,0.0,0.0,9.5,629.0,16.7,11.200000000000001
61170107,male,9982.0,7.3,9.6,9.7,14.0,20.4,65.2,32.2,8.8,7.2,6.1,6.6,6.0,6.2,6.5,6.7,4.9,5.4,3.8,2.5,2.8,4.7,40.6,55.7,3.1,0.7,33.8,97.3,15.8,1.7,31.3,15.9,18.8,11.9,99.7,1.8,0.6,0.0,0.1,100.0,0.0,22.1,61.0,3.8,33.9,15.2,33.1,0.5,0.6,2.9,9.8,3232.0,14.5,9.1
61170109,female,37274.0,8.9,10.4,10.4,20.5,29.3,22.1,21.6,7.8,7.7,8.6,9.1,8.5,7.1,5.8,4.3,3.3,3.1,2.2,1.3,1.5,3.0,24.6,64.6,4.3,6.4,23.5,96.0,23.5,2.1,27.1,17.2,14.0,10.3,98.7,9.2,2.4,0.2,0.1,99.7,1.9,22.7,67.1,1.8,10.1,11.9,72.2,0.7,0.7,0.7,1.9,4534.0,8.100000000000001,5.0
61170109,male,37487.0,9.7,11.0,10.8,11.0,21.7,74.0,14.8,8.3,6.7,6.4,7.9,7.8,7.5,6.4,5.1,3.8,3.3,2.4,1.7,1.3,3.3,34.2,64.0,1.4,0.4,30.1,94.5,12.6,2.5,28.6,21.0,15.1,11.1,98.9,9.5,2.8,0.2,0.1,99.7,2.0,23.1,68.6,3.6,26.6,6.9,56.3,0.5,1.3,2.2,2.6,16164.0,8.7,5.3999999999999995
61170111,female,5355.0,7.7,8.5,8.9,35.6,39.5,13.7,34.2,8.6,8.0,7.3,6.5,6.0,6.7,6.1,5.7,4.8,5.0,3.6,2.6,4.0,5.4,26.8,58.7,4.2,10.2,24.4,99.3,39.6,1.8,24.1,15.6,9.3,9.7,98.9,1.2,1.2,0.3,0.0,100.0,0.1,19.5,63.8,1.4,19.6,62.1,9.3,0.0,1.4,1.6,4.5,361.0,15.2,10.2
61170111,male,5539.0,7.6,9.4,9.9,20.6,24.3,69.6,26.0,9.0,7.3,6.3,6.3,6.9,5.8,6.0,6.0,5.2,4.5,3.7,2.9,3.0,4.2,38.3,58.4,2.6,0.8,32.1,95.5,22.9,1.8,33.8,17.9,12.4,9.9,99.2,1.1,0.6,0.0,0.0,99.7,0.1,14.9,59.9,1.0,57.3,11.8,22.9,1.9,1.4,2.2,1.5,2084.0,14.1,9.6
61170113,female,17166.0,8.3,9.0,9.1,28.3,33.4,19.6,25.2,7.9,7.7,7.2,7.7,7.1,7.1,6.0,5.3,4.8,4.6,3.5,2.3,2.5,4.9,23.4,61.1,7.4,8.1,22.1,98.0,31.7,1.8,26.3,18.7,11.6,8.2,99.3,5.5,1.4,0.1,0.1,99.6,0.4,20.3,58.5,0.9,18.7,12.8,61.9,1.9,0.0,0.3,3.5,1855.0,12.899999999999999,8.3
61170113,male,17262.0,8.7,10.1,10.0,14.2,21.9,72.1,22.4,8.3,6.9,6.8,7.7,7.1,7.2,6.0,5.0,4.3,4.2,3.7,2.2,1.9,4.0,35.5,61.5,2.3,0.7,30.0,97.0,15.9,2.3,32.9,22.7,12.6,7.6,99.4,5.9,1.6,0.0,0.1,99.7,0.7,17.3,55.1,3.4,38.8,6.7,43.5,0.8,0.7,2.3,3.7,6874.0,12.000000000000002,7.800000000000001
61170501,female,4031.0,8.1,9.2,9.3,53.0,55.0,4.0,36.8,8.2,6.1,5.2,5.5,6.3,6.3,6.6,5.3,5.4,5.4,3.9,3.3,6.0,5.9,20.7,63.5,2.6,13.2,22.3,93.4,59.3,0.4,26.5,9.7,5.2,3.2,99.4,1.7,0.2,0.0,0.0,99.9,0.2,15.5,56.8,1.4,12.2,24.3,36.5,23.0,0.0,0.0,2.7,74.0,18.6,13.2
61170501,male,4307.0,7.4,9.0,10.7,29.9,37.6,68.3,21.7,8.8,6.5,4.7,6.5,6.6,6.3,6.2,5.2,5.4,5.0,4.0,3.3,4.3,5.0,37.4,59.7,1.8,1.1,32.5,95.7,33.8,0.8,30.5,19.8,8.0,3.1,99.5,0.9,0.2,0.0,0.0,100.0,0.2,12.0,54.1,0.4,30.0,4.4,49.2,4.9,1.0,2.3,7.8,1678.0,16.6,11.6
61170511,female,8532.0,8.7,10.1,10.9,49.9,52.3,3.6,19.0,8.7,6.5,6.2,6.2,6.8,6.2,5.5,5.2,4.5,4.5,3.7,2.6,3.9,5.1,20.7,68.2,1.3,9.7,21.3,90.2,57.5,1.5,28.9,9.4,4.8,3.2,99.5,1.3,0.5,0.0,0.1,99.9,0.1,10.5,49.4,0.0,6.6,21.2,21.0,44.8,0.0,0.0,6.3,173.0,14.7,10.200000000000001
61170511,male,9549.0,8.5,9.8,10.5,32.7,39.0,63.2,16.9,9.1,7.0,6.4,6.5,6.6,6.8,6.4,4.7,4.0,4.3,3.6,2.8,3.0,5.3,39.2,59.5,0.4,0.9,32.2,94.5,37.3,2.2,30.7,15.7,8.2,4.1,99.3,0.7,0.4,0.0,0.1,99.7,0.2,10.7,45.7,1.9,27.3,4.6,44.5,4.7,0.3,0.9,15.9,3570.0,13.7,9.4
61170513,female,5112.0,8.6,11.1,11.2,47.4,49.2,5.0,60.6,8.5,7.6,5.9,6.5,6.6,6.1,5.9,5.1,3.7,4.4,2.8,2.4,3.6,3.6,19.8,68.5,2.0,9.7,21.0,93.3,54.9,1.4,31.4,10.5,4.6,2.8,98.7,1.1,0.2,0.0,0.1,99.9,0.4,11.9,57.5,2.9,17.4,20.3,52.2,4.3,1.4,0.0,1.4,69.0,13.2,8.799999999999999
61170513,male,5742.0,8.9,10.1,10.0,30.3,35.8,72.4,26.6,9.1,7.6,6.8,7.4,6.6,6.5,6.3,5.1,3.4,4.1,3.0,2.7,2.3,3.8,39.8,58.0,1.3,0.9,31.8,93.6,34.2,1.4,35.2,18.8,5.8,3.0,99.3,0.9,0.1,0.0,0.1,99.9,0.2,9.1,56.1,3.0,23.4,4.1,63.6,1.2,1.2,2.4,1.0,2165.0,12.100000000000001,8.0
61170527,female,3004.0,7.7,10.6,12.7,49.4,51.2,4.1,22.6,9.0,6.6,5.4,6.7,6.4,6.2,5.5,5.4,4.2,3.6,2.9,2.5,4.6,4.7,20.3,69.2,1.7,8.8,22.3,95.6,58.3,1.0,29.0,10.7,5.1,3.0,99.6,0.5,0.2,0.0,0.0,99.8,0.2,16.4,56.9,0.0,52.3,23.1,15.4,7.7,0.0,0.0,1.5,65.0,13.6,10.0
61170527,male,3137.0,9.2,11.3,10.8,30.5,37.2,75.2,14.3,9.1,7.0,5.9,5.7,6.9,6.5,5.9,5.3,4.3,4.1,2.9,2.0,3.0,4.5,36.2,62.3,0.8,0.6,31.4,96.6,35.1,1.1,32.6,19.9,6.0,3.2,98.9,0.4,0.2,0.0,0.0,99.7,0.2,12.6,52.1,0.1,42.4,3.1,35.3,8.1,0.6,2.2,8.2,1390.0,12.0,7.9
61170529,female,4443.0,8.2,9.1,9.8,41.9,44.9,6.3,30.4,8.7,7.2,7.0,6.5,7.2,6.2,5.9,5.7,4.5,4.6,3.2,2.9,3.3,3.4,25.9,63.3,2.1,8.7,23.1,94.2,47.3,1.0,29.0,12.2,7.7,5.3,99.2,1.8,0.8,0.0,0.1,99.6,0.8,7.3,36.9,0.7,11.3,9.2,72.5,6.3,0.0,0.0,0.0,142.0,14.0,9.399999999999999
61170529,male,5030.0,7.7,9.7,11.1,24.8,30.1,69.1,20.3,8.0,7.9,6.7,6.9,6.6,6.2,6.3,5.6,4.3,4.7,3.5,2.4,2.4,3.6,42.7,54.7,1.5,1.1,33.3,94.8,28.2,0.8,33.6,19.3,10.8,5.4,99.2,1.9,0.8,0.0,0.1,99.6,0.9,6.7,37.1,1.4,30.3,2.7,59.3,0.7,3.4,1.4,0.8,1978.0,13.0,8.3
61170535,female,4523.0,8.5,9.7,10.1,50.5,52.5,10.4,20.1,8.0,6.4,5.6,6.1,6.9,5.9,5.7,5.5,4.2,5.2,3.6,3.5,5.0,5.2,19.0,66.3,1.8,12.9,22.0,96.1,57.3,0.9,28.2,9.7,4.9,3.8,99.5,0.9,0.2,0.0,0.0,99.9,0.2,6.1,30.8,0.7,58.5,8.1,5.6,24.4,0.0,0.0,2.6,270.0,17.3,12.1
61170535,male,4792.0,8.7,11.4,11.1,34.0,39.2,65.4,22.1,8.2,5.7,5.3,5.4,6.0,6.5,5.9,5.3,4.8,5.1,3.9,3.3,3.5,6.1,35.0,63.1,1.0,0.9,32.7,97.3,38.8,1.6,32.0,16.6,6.2,4.5,99.3,0.5,0.1,0.0,0.1,99.9,0.2,4.0,29.1,3.8,53.6,4.0,22.2,6.2,1.1,0.5,8.5,1681.0,15.8,10.7
61170805,female,2879.0,7.3,10.5,11.3,52.3,55.1,4.1,69.9,9.1,6.4,5.2,6.6,6.5,6.6,5.6,5.4,3.6,5.1,2.5,3.2,5.2,4.7,23.5,61.9,3.1,11.5,21.1,95.1,60.3,1.1,31.2,7.2,3.8,1.7,99.5,1.3,0.6,0.0,0.0,99.7,0.4,4.4,29.3,0.0,32.0,16.0,44.0,4.0,0.0,4.0,0.0,25.0,16.0,10.9
61170805,male,3214.0,7.7,9.5,10.5,37.3,42.3,68.6,32.2,8.7,7.8,5.6,5.4,5.7,6.9,6.8,5.8,4.9,4.5,3.4,2.6,4.0,5.4,42.9,53.3,2.6,1.2,33.1,94.1,42.2,0.8,33.5,14.9,6.0,2.5,99.4,0.7,0.5,0.0,0.0,99.7,0.2,6.0,30.5,0.4,54.5,3.4,34.4,2.2,1.6,2.8,0.7,1080.0,14.5,10.0
61170807,female,5007.0,8.5,9.4,10.1,46.3,47.3,7.8,14.6,8.2,7.1,6.8,7.2,7.5,6.1,5.9,5.3,4.2,4.4,3.4,2.8,3.2,3.8,22.1,66.7,2.8,8.4,21.7,96.7,52.6,1.6,30.2,12.1,5.2,3.6,99.2,2.0,0.6,0.1,0.1,99.7,0.5,6.6,41.7,0.0,9.6,2.9,43.1,43.9,0.0,0.0,0.4,239.0,13.8,9.399999999999999
61170807,male,5726.0,8.9,10.6,10.2,29.3,32.4,69.6,20.5,8.3,6.7,6.9,7.0,7.0,5.8,6.1,4.7,4.4,4.2,4.0,2.8,2.4,4.3,39.4,58.3,1.4,0.9,31.8,97.6,33.3,1.7,36.6,18.8,7.0,3.6,99.6,1.7,0.4,0.0,0.0,99.7,0.4,5.5,41.3,1.7,17.9,2.9,69.9,2.5,0.6,1.7,2.9,2231.0,13.4,9.2
61170809,female,7298.0,9.0,10.6,10.9,47.0,50.0,5.3,60.1,8.8,7.9,5.9,6.7,6.8,6.6,5.6,4.8,4.0,4.0,2.7,2.4,3.2,3.8,22.6,65.9,1.4,10.1,22.0,92.8,54.0,0.7,27.8,11.4,6.3,3.8,99.7,1.0,0.1,0.1,0.0,100.0,0.2,26.4,77.4,0.0,0.0,29.0,71.0,0.0,0.0,0.0,0.0,107.0,12.3,8.3
61170809,male,8076.0,8.9,10.5,11.2,24.7,33.3,70.2,8.6,8.5,7.6,6.9,6.8,6.3,6.1,6.4,5.5,4.0,3.7,3.2,2.3,2.1,3.3,40.4,57.0,1.8,0.8,31.6,96.2,28.5,0.5,34.0,19.6,9.3,3.3,99.0,0.8,0.0,0.0,0.1,99.9,0.0,23.0,76.4,1.7,20.2,3.1,66.8,2.9,1.7,2.9,0.6,3598.0,11.299999999999999,7.6
61170817,female,4201.0,9.0,10.5,10.6,46.1,48.0,3.6,25.7,8.5,7.0,6.0,5.7,7.0,6.4,5.8,5.3,3.9,4.3,3.1,2.5,4.3,4.5,21.4,66.6,2.1,9.9,21.6,96.4,53.0,1.7,32.4,10.2,5.0,2.7,99.5,1.9,0.2,0.0,0.0,99.9,0.2,8.7,31.5,0.0,35.9,12.8,44.9,6.4,0.0,0.0,0.0,78.0,14.2,9.899999999999999
61170817,male,4662.0,8.7,9.3,11.0,28.3,33.1,72.3,20.9,8.6,7.6,6.3,6.2,6.6,6.6,6.3,5.5,4.3,4.2,3.3,2.6,2.9,4.8,39.8,57.7,1.7,0.9,31.7,97.6,32.2,1.6,37.2,16.8,7.5,3.9,99.3,1.4,0.3,0.0,0.2,99.8,0.2,7.0,31.8,1.2,52.6,3.4,38.5,1.8,1.0,1.4,0.1,1893.0,13.0,8.8
61170819,female,3686.0,7.6,9.3,9.7,48.8,49.3,7.7,71.6,7.3,6.1,5.6,6.4,6.1,5.9,6.7,5.6,4.8,5.2,3.8,3.9,6.0,11.6,23.4,60.3,2.8,13.5,21.7,97.5,54.9,0.7,26.3,11.0,8.1,4.7,99.7,0.8,0.3,0.0,0.0,99.9,0.2,11.1,55.0,0.0,25.4,10.2,50.8,10.2,0.0,0.0,3.4,59.0,18.9,13.7
61170819,male,3803.0,7.8,9.8,10.0,23.0,26.5,70.3,31.9,9.1,6.4,4.5,4.7,5.6,6.2,6.7,6.8,5.7,5.1,4.4,3.2,4.2,9.8,38.4,57.9,2.2,1.6,32.4,98.7,25.8,0.9,35.2,19.4,13.3,4.8,99.5,0.6,0.2,0.0,0.1,99.8,0.3,7.6,51.2,0.4,46.0,3.8,41.8,2.5,0.4,1.8,3.3,1320.0,16.9,11.8
61170820,female,9631.0,9.3,10.5,9.9,39.4,43.6,9.7,42.3,8.5,7.9,7.3,7.2,7.2,6.4,5.9,4.8,4.1,3.8,2.7,1.8,2.7,3.0,23.0,66.2,2.6,8.2,21.4,93.4,44.9,1.5,30.8,12.4,7.8,4.0,99.0,8.2,1.9,0.1,0.1,99.3,1.0,23.0,80.5,5.3,12.2,7.2,69.7,0.0,0.0,0.0,5.6,377.0,11.0,7.2
61170820,male,10332.0,8.8,10.1,10.5,25.2,30.7,74.6,18.6,9.1,7.5,7.6,7.4,6.8,6.6,6.4,5.2,4.0,3.6,2.5,1.9,1.9,3.6,38.8,59.2,1.4,0.6,31.3,96.8,28.9,1.9,35.2,20.0,8.4,3.9,99.3,8.1,1.4,0.0,0.1,99.8,0.5,19.9,83.0,2.4,22.5,4.8,61.7,1.1,1.4,1.5,4.7,4427.0,9.9,6.300000000000001
61170821,female,3181.0,7.4,9.9,9.9,42.9,46.7,3.0,37.1,7.9,6.1,5.2,6.0,7.0,6.8,6.4,5.4,4.9,5.5,3.4,3.1,5.2,6.7,22.7,62.7,1.6,13.0,21.8,97.8,48.5,2.0,28.6,11.3,7.4,4.1,99.1,3.1,0.4,0.0,0.0,99.9,0.3,8.1,35.5,0.0,6.8,29.5,47.7,11.4,2.3,0.0,2.3,44.0,17.2,11.7
61170821,male,3373.0,7.9,9.3,9.8,22.3,25.9,68.8,10.1,8.1,6.8,5.8,6.1,6.3,6.6,6.9,5.9,4.7,5.0,4.2,3.2,3.4,6.4,39.0,58.8,1.3,0.9,34.1,97.8,25.0,1.5,36.5,19.4,11.6,5.0,99.3,2.5,0.2,0.0,0.1,99.6,0.5,6.1,35.2,1.3,29.8,2.8,61.5,3.1,0.1,0.7,0.5,1521.0,15.799999999999999,10.8
61170823,female,4026.0,9.2,10.9,11.3,49.8,51.4,4.3,34.2,8.3,7.2,5.7,6.0,6.3,6.6,5.5,5.0,3.9,3.8,3.1,2.8,4.3,4.8,20.9,68.0,1.8,9.3,21.3,94.9,57.4,0.8,33.0,8.9,3.9,2.0,98.9,1.5,0.4,0.0,0.0,99.6,0.9,5.0,39.4,1.3,32.9,2.5,8.9,45.6,1.3,3.8,3.8,79.0,14.0,10.2
61170823,male,4394.0,8.6,10.3,10.3,29.7,35.6,70.6,29.5,9.3,7.9,6.1,6.3,6.1,6.4,6.1,4.8,4.2,4.2,3.5,3.0,2.8,3.9,40.2,57.9,1.2,0.7,32.3,95.2,33.7,1.1,34.3,18.9,7.6,2.6,99.1,0.7,0.3,0.0,0.0,99.6,0.9,5.0,41.9,0.5,34.2,4.1,33.9,2.1,1.1,15.3,8.9,1548.0,13.5,9.3
61170925,female,20837.0,9.0,10.4,10.3,41.3,46.5,5.5,16.2,8.5,7.6,7.0,7.3,6.8,6.5,5.8,4.7,4.0,4.1,2.9,2.2,2.8,3.6,21.0,69.1,2.0,7.9,22.4,96.1,47.0,0.8,29.8,12.0,5.9,4.9,98.1,3.4,1.8,0.0,0.0,99.7,1.1,9.3,40.2,2.4,12.3,15.2,58.2,6.1,0.0,0.7,5.1,673.0,12.0,7.8999999999999995
61170925,male,22937.0,9.0,10.4,10.3,24.9,34.2,68.7,15.8,8.9,7.5,6.5,7.1,7.0,6.8,6.1,4.8,4.0,3.9,3.2,2.4,2.2,3.7,37.5,60.5,1.4,0.6,30.2,96.4,28.2,1.2,30.3,21.1,7.7,5.4,98.6,3.2,1.4,0.0,0.0,99.8,0.5,7.7,39.7,1.7,29.1,5.1,52.2,1.6,1.1,1.7,7.6,9324.0,11.7,7.8
61170933,female,22537.0,9.1,10.8,10.4,34.0,38.9,14.5,21.2,8.1,7.4,7.2,7.8,7.4,6.9,5.9,4.9,4.0,3.7,2.5,1.8,2.1,4.2,22.7,64.0,5.0,8.3,22.1,96.9,38.9,1.3,30.5,16.4,8.0,4.8,98.2,6.1,1.3,0.2,0.1,99.5,1.7,12.1,49.6,3.2,25.4,5.0,54.2,1.4,1.1,1.5,8.2,1796.0,10.1,6.4
61170933,male,22727.0,9.3,11.0,10.8,19.3,28.4,73.8,18.1,8.4,7.2,6.6,7.4,7.6,7.6,6.3,5.1,3.7,3.5,2.3,1.7,1.6,3.9,35.4,62.1,1.8,0.7,30.2,95.9,21.8,1.7,34.1,22.6,8.7,4.6,98.5,5.8,1.2,0.0,0.0,99.6,1.3,9.1,46.9,3.5,32.8,4.0,45.7,0.5,1.8,2.4,9.2,9461.0,9.1,5.6
61410181,female,1136.0,3.4,3.3,5.7,16.9,21.3,27.2,11.9,5.3,5.6,5.5,5.5,5.2,6.7,5.8,8.1,9.8,8.6,7.5,4.3,9.7,5.6,34.5,41.8,8.1,15.6,29.1,98.4,17.9,0.6,15.8,14.2,20.4,27.7,99.4,11.1,1.1,0.1,0.1,98.7,0.8,31.7,69.5,3.4,7.1,10.9,69.7,0.4,0.0,4.2,4.2,238.0,30.1,21.5
61410181,male,948.0,2.3,4.2,7.1,3.6,9.2,54.2,17.4,7.8,7.1,6.9,6.2,6.0,4.2,6.0,6.3,6.9,9.7,7.4,6.0,5.9,3.6,45.3,49.5,3.9,1.3,37.1,100.0,3.9,0.5,17.0,15.7,26.8,30.8,99.4,11.4,0.6,0.0,0.1,99.3,0.7,33.6,69.8,7.9,15.0,10.1,49.7,1.1,0.0,10.9,5.2,366.0,29.0,19.3
61810101,female,21879.0,5.9,7.3,8.3,26.6,30.8,23.0,34.2,7.6,7.6,7.2,7.3,6.9,7.1,7.0,5.9,5.5,5.8,4.1,3.0,3.5,5.4,29.7,48.9,9.1,12.2,27.1,94.9,29.3,1.2,21.8,17.3,17.0,11.8,99.6,2.0,0.7,0.1,0.0,99.8,0.7,29.7,72.1,0.9,14.1,23.9,56.8,0.8,0.0,0.6,2.9,2602.0,16.4,10.6
61810101,male,20213.0,6.6,8.7,9.3,14.4,20.6,63.8,22.4,8.4,7.4,6.5,7.1,6.8,6.8,6.6,5.8,5.3,5.2,3.9,3.1,2.6,4.7,42.5,53.3,2.6,1.6,33.5,97.4,16.0,1.2,26.6,19.3,21.0,11.2,99.4,2.2,1.0,0.1,0.1,99.9,0.4,29.1,70.3,3.0,27.9,16.8,44.2,1.0,0.9,2.4,3.8,7528.0,14.799999999999999,9.6
61810103,female,119475.0,6.7,8.4,8.2,14.8,22.2,26.0,24.0,7.3,7.8,7.9,8.3,7.5,7.0,6.2,5.9,5.2,5.1,3.5,2.3,2.6,3.7,29.2,56.5,6.0,8.3,25.8,96.4,16.3,1.6,20.4,15.9,19.4,20.4,98.7,3.6,1.3,0.2,0.1,99.5,0.7,33.5,73.8,2.0,9.8,30.4,52.8,1.1,0.4,0.9,2.5,18134.0,13.499999999999998,8.4
61810103,male,116206.0,7.4,9.2,9.2,6.2,14.6,65.8,18.3,7.7,7.1,6.9,7.2,7.5,7.2,5.9,5.5,4.9,5.6,4.1,2.7,1.9,3.4,38.4,58.1,2.5,1.0,32.2,95.9,6.9,2.0,21.4,17.3,23.2,21.5,98.7,3.8,1.6,0.2,0.1,99.4,0.7,35.2,75.7,4.3,20.7,18.1,49.2,0.5,0.6,3.0,3.6,46360.0,14.299999999999999,8.7
61810105,female,15374.0,7.3,9.9,9.9,25.8,31.6,19.0,21.7,8.6,7.9,7.3,7.8,7.5,7.4,6.2,4.9,4.1,3.9,2.8,2.0,2.3,3.6,27.0,59.1,5.7,8.3,25.3,98.5,29.2,2.1,26.3,18.3,13.0,8.6,98.4,5.2,1.7,0.3,0.3,99.7,1.3,20.3,58.6,0.3,18.3,19.8,59.1,0.6,0.0,0.6,1.2,1665.0,11.0,7.1
61810105,male,14871.0,8.5,10.4,11.4,12.5,22.3,70.6,18.3,8.8,6.9,6.4,6.8,6.9,7.2,6.1,5.6,3.9,4.2,3.0,2.0,1.7,3.3,37.0,59.6,2.6,0.8,31.0,97.0,14.4,2.3,29.6,22.5,14.0,9.4,98.4,5.6,1.9,0.1,0.2,100.0,1.0,17.4,58.2,4.0,36.2,10.6,41.7,1.1,1.4,3.8,1.2,5977.0,10.899999999999999,6.7
61810301,female,18089.0,9.3,10.2,10.8,51.3,54.6,3.9,24.9,9.5,7.7,6.7,6.1,6.9,6.0,5.8,4.7,3.9,4.0,2.9,2.3,3.1,5.0,22.4,66.5,2.0,9.1,22.8,91.7,58.8,0.8,27.1,11.0,4.2,2.4,98.4,0.9,0.1,0.1,0.1,99.4,0.6,8.6,38.4,0.0,19.1,8.1,66.3,3.8,0.0,1.3,1.3,371.0,12.299999999999999,8.299999999999999
61810301,male,19935.0,9.0,10.4,10.6,34.8,41.5,70.7,17.4,9.2,7.9,7.2,7.3,6.7,6.4,5.7,4.7,3.7,3.8,3.0,2.4,2.1,4.4,40.4,58.2,0.9,0.6,31.8,91.2,39.5,0.8,30.9,18.4,5.6,2.8,98.7,0.4,0.1,0.1,0.0,99.8,0.2,7.2,35.7,1.9,28.2,2.0,59.4,2.7,0.8,2.7,2.3,8157.0,11.299999999999999,7.5
61810305,female,12773.0,8.8,10.8,11.5,44.6,47.9,6.1,24.0,9.0,7.3,7.0,6.8,7.2,6.7,5.7,4.5,3.2,3.8,2.7,2.1,3.1,4.6,23.5,63.5,3.5,9.5,22.7,95.7,51.7,1.7,28.8,12.6,6.0,3.0,97.7,4.0,0.6,0.0,0.1,99.7,0.7,6.9,40.7,1.2,17.9,12.1,59.6,4.8,0.0,0.0,4.4,406.0,11.7,7.9
61810305,male,13419.0,9.1,10.7,11.1,27.8,36.2,69.0,15.5,8.8,7.3,6.4,6.8,7.4,6.9,6.1,5.0,3.5,3.9,2.8,2.1,2.3,5.5,37.8,59.3,2.0,0.9,30.5,96.5,31.7,2.1,32.9,20.6,5.5,2.7,98.0,3.4,0.6,0.0,0.0,99.7,0.3,3.9,34.9,0.7,44.2,4.9,41.7,2.6,0.9,1.2,3.7,5407.0,11.099999999999998,7.2
61810307,female,10198.0,8.8,11.0,10.5,40.3,43.4,8.1,45.3,8.5,7.1,7.0,7.1,7.1,6.5,5.8,4.9,3.5,4.3,2.6,2.3,3.2,4.2,20.3,67.7,3.4,8.6,22.5,94.2,45.8,1.1,30.7,14.9,6.6,3.3,99.0,2.1,0.3,0.0,0.1,99.8,0.4,14.2,50.3,2.3,17.9,1.7,64.2,10.1,0.0,2.0,1.8,317.0,12.399999999999999,8.100000000000001
61810307,male,10726.0,8.5,10.5,10.8,24.4,31.1,69.5,18.7,8.9,6.9,6.8,6.7,7.0,6.8,6.7,4.8,4.1,4.2,3.0,2.0,2.2,3.9,35.4,61.7,2.4,0.5,30.5,95.3,27.9,1.2,33.8,22.5,7.9,3.5,99.2,1.8,0.4,0.0,0.0,99.8,0.1,11.1,47.0,2.0,30.5,3.8,60.7,1.2,0.7,0.5,0.6,4254.0,11.399999999999999,7.2
61810311,female,18766.0,8.2,10.1,10.4,43.5,45.5,12.2,31.0,9.2,7.6,6.5,6.8,7.1,6.7,6.0,5.0,4.2,4.2,2.7,2.4,2.9,5.2,25.3,58.3,5.5,11.0,23.5,96.4,49.7,1.2,27.7,14.0,7.4,4.3,98.9,2.7,0.5,0.1,0.1,99.7,0.6,13.6,51.6,1.1,17.4,8.1,67.4,2.0,0.0,0.0,4.0,1129.0,12.200000000000001,8.0
61810311,male,19349.0,8.6,10.1,10.7,26.6,33.0,72.7,22.2,9.1,7.5,6.7,6.8,6.8,6.8,6.5,4.9,4.0,4.2,3.0,2.1,2.2,4.9,40.4,56.4,2.2,1.0,31.1,95.0,30.3,1.5,33.4,21.3,7.6,3.3,99.0,2.5,0.8,0.1,0.0,99.8,0.5,9.0,46.2,2.3,29.3,4.5,56.8,1.9,0.6,1.3,3.3,7720.0,11.5,7.3
61810501,female,50463.0,9.8,11.0,10.6,32.4,38.9,12.5,25.9,8.2,8.4,8.3,8.3,7.5,6.8,5.3,4.3,3.1,3.2,2.0,1.6,1.6,4.1,21.6,66.7,4.4,7.3,21.9,95.8,37.1,1.8,27.3,16.4,9.4,6.1,98.4,2.5,1.0,0.1,0.0,99.6,0.8,14.4,49.8,1.4,17.6,11.3,61.2,1.6,0.5,1.0,5.3,3215.0,8.4,5.2
61810501,male,53292.0,10.3,11.3,10.2,17.1,28.2,72.8,18.2,8.4,7.4,7.0,7.9,8.2,7.5,5.9,4.7,3.1,3.1,2.1,1.6,1.3,4.1,35.3,62.6,1.5,0.6,29.8,93.5,19.3,1.9,31.6,22.6,10.7,5.1,98.6,2.5,1.1,0.1,0.1,99.6,0.9,10.8,45.5,2.4,25.6,6.0,56.4,0.6,1.7,2.5,4.8,21661.0,8.100000000000001,5.0
61810503,female,11965.0,9.6,11.4,11.4,50.2,54.6,4.8,27.8,9.5,7.7,6.0,6.3,6.6,6.0,5.5,4.5,3.5,3.7,3.1,2.4,2.9,4.8,19.5,68.0,2.5,10.1,20.8,94.3,58.5,0.4,28.0,10.2,4.2,2.5,98.5,0.4,0.0,0.0,0.2,99.8,0.3,10.1,48.2,0.0,6.2,16.4,66.1,5.8,0.0,5.4,0.0,279.0,12.100000000000001,8.4
61810503,male,13402.0,9.3,10.7,11.2,29.8,39.4,71.4,15.9,9.8,9.2,7.7,7.0,6.7,5.8,4.9,4.1,2.8,3.2,3.0,2.4,2.1,4.2,41.5,57.1,0.8,0.6,30.4,93.1,34.2,0.4,33.7,18.7,5.2,2.6,98.1,0.2,0.1,0.0,0.1,99.9,0.1,6.9,40.8,1.7,16.8,3.5,71.0,1.7,1.0,1.5,2.9,5535.0,10.7,7.5
61810505,female,13188.0,9.6,11.4,11.4,49.2,49.6,4.0,40.1,8.9,7.1,6.5,6.8,6.5,5.7,5.0,4.7,3.9,3.9,3.0,2.5,3.2,6.5,19.1,67.9,3.5,9.4,21.3,94.9,57.1,1.4,30.7,11.5,4.1,2.7,98.9,0.7,0.0,0.0,0.1,99.9,0.3,9.1,41.6,0.0,22.6,32.2,43.0,0.0,0.0,0.0,2.2,215.0,12.600000000000001,8.7
61810505,male,14706.0,9.6,11.3,11.3,26.2,35.1,70.6,13.4,9.3,7.8,7.0,6.8,6.9,5.9,5.0,4.7,3.6,3.2,2.9,2.5,2.1,5.4,36.6,61.6,1.0,0.7,29.1,93.9,29.9,2.0,34.8,18.0,6.6,3.6,98.9,0.4,0.0,0.0,0.2,99.9,0.0,7.0,35.6,2.1,22.3,8.6,50.7,1.8,0.6,5.6,8.4,6096.0,10.7,7.5
61810507,female,16825.0,10.1,11.7,11.5,58.5,60.4,4.6,14.8,9.2,6.9,6.2,6.6,7.0,6.4,5.3,4.5,3.2,3.6,2.6,2.3,2.9,4.3,20.4,69.9,1.6,8.1,21.7,87.9,67.6,0.5,26.3,8.1,2.8,1.8,99.4,0.2,0.1,0.0,0.0,99.8,0.3,7.4,49.4,0.0,14.8,4.9,23.4,54.1,0.0,1.5,1.4,439.0,11.4,7.800000000000001
61810507,male,19190.0,9.7,11.5,11.4,39.5,46.4,67.0,12.5,9.7,8.5,6.9,6.7,6.8,6.3,5.1,4.1,3.0,3.4,2.4,2.3,2.2,4.7,38.1,60.0,0.9,1.1,29.6,88.3,45.3,1.1,32.2,14.2,4.4,1.7,99.1,0.2,0.2,0.0,0.0,100.0,0.0,6.3,43.0,1.2,32.1,2.2,48.7,4.0,0.6,1.9,9.3,7579.0,10.3,6.8999999999999995
61810509,female,12321.0,9.8,11.0,11.4,48.7,50.6,6.5,33.6,8.7,8.0,6.5,6.9,6.6,6.3,5.6,4.6,3.2,3.6,2.5,2.2,3.1,4.8,19.6,68.0,2.5,9.8,21.0,89.3,56.4,1.7,28.3,12.4,4.0,3.0,98.4,0.3,0.0,0.1,0.0,99.8,0.3,6.4,34.5,0.0,24.7,20.8,35.8,12.5,0.0,0.0,6.1,361.0,11.4,7.800000000000001
61810509,male,13551.0,9.4,10.7,11.0,26.9,36.0,76.0,23.9,9.4,9.1,7.5,6.1,7.1,6.5,5.9,4.5,3.1,3.2,2.5,1.9,2.0,3.8,39.7,58.8,1.1,0.5,30.9,91.7,30.9,1.9,33.2,19.9,6.7,2.3,98.7,0.5,0.1,0.0,0.1,99.8,0.4,4.7,30.1,3.3,22.2,5.2,60.4,1.1,0.6,4.5,2.8,5404.0,9.6,6.4
61810511,female,5270.0,9.2,10.5,11.2,55.7,59.8,3.7,44.9,9.1,6.8,6.0,5.9,6.4,6.1,5.3,4.8,4.0,4.8,3.5,2.7,3.6,4.6,20.7,66.1,2.3,10.9,18.6,87.6,63.5,1.5,23.9,8.5,3.5,2.7,95.6,0.2,0.2,0.0,0.1,100.0,0.0,6.2,29.0,0.0,0.0,36.2,30.0,19.4,0.0,0.0,14.5,74.0,14.6,9.8
61810511,male,5768.0,10.3,10.5,10.6,37.0,46.9,66.9,11.5,9.4,7.2,6.6,7.2,6.8,5.8,5.5,4.3,2.8,3.7,3.4,3.1,2.8,5.0,38.4,59.5,0.8,1.3,31.6,89.2,42.1,1.6,27.7,15.3,5.4,3.2,95.8,0.7,0.0,0.0,0.1,99.7,0.2,4.8,32.0,1.2,34.5,3.9,19.7,3.4,2.9,3.2,31.2,2347.0,13.0,9.3
61810703,female,17045.0,9.8,11.1,10.4,47.2,49.3,8.3,32.9,9.3,7.9,7.2,7.0,6.8,6.8,5.5,4.9,3.4,3.6,2.2,1.9,2.2,3.2,22.1,66.3,2.9,8.7,23.5,91.1,53.7,1.1,28.2,11.9,5.9,3.6,98.9,2.5,0.4,0.1,0.0,99.8,0.2,12.8,49.4,0.3,15.8,16.0,50.7,10.4,0.8,2.2,3.8,655.0,9.900000000000002,6.3
61810703,male,18730.0,9.7,10.9,11.1,29.3,35.9,73.7,12.9,9.2,7.8,7.3,7.2,6.9,6.6,5.7,4.8,3.8,3.3,2.3,1.8,1.7,3.5,37.7,60.0,1.5,0.8,29.9,92.0,33.5,1.1,34.9,18.9,6.5,2.7,98.9,1.9,0.2,0.1,0.0,99.8,0.3,8.1,44.2,1.6,33.0,3.6,51.9,2.6,1.3,1.6,4.3,8217.0,9.1,5.8
61810709,female,15092.0,9.4,11.0,11.3,57.4,56.6,6.0,21.0,9.4,7.3,6.1,6.4,6.6,6.6,5.2,4.3,3.7,4.0,2.9,2.2,3.7,5.2,20.8,66.9,1.8,10.6,22.2,92.5,66.3,1.3,27.9,9.0,3.3,1.9,98.3,0.4,0.0,0.0,0.0,99.6,0.6,8.4,52.8,0.0,17.4,4.1,23.6,53.8,1.2,0.0,0.0,490.0,12.8,8.8
61810709,male,16328.0,9.2,10.6,11.0,37.3,42.5,70.8,18.1,9.3,8.0,7.0,6.5,6.8,6.1,5.6,4.5,3.7,3.9,3.0,2.2,2.5,4.5,37.4,60.1,1.5,1.1,28.9,94.4,42.5,1.4,32.5,17.2,4.4,2.0,98.8,0.2,0.0,0.0,0.0,100.0,0.1,6.9,46.7,1.1,38.8,3.6,47.1,2.6,1.4,1.2,4.1,6560.0,11.600000000000001,7.7
61810901,female,7157.0,8.0,9.2,10.1,56.2,56.7,2.3,14.8,9.0,6.7,5.6,6.3,5.7,6.8,6.4,5.6,3.7,5.3,3.1,3.7,5.0,5.5,19.6,63.9,3.1,13.4,22.8,91.4,63.8,1.4,24.6,10.1,4.0,3.3,99.8,0.2,0.3,0.1,0.0,100.0,0.7,10.9,49.6,6.3,8.6,10.1,65.8,9.2,0.0,0.0,0.0,101.0,17.1,11.8
61810901,male,7583.0,8.1,9.4,10.7,33.7,37.6,73.8,10.6,8.0,7.1,5.9,6.2,6.1,7.7,6.6,5.6,4.1,4.5,3.7,2.7,3.4,5.3,37.2,60.0,1.8,0.9,32.1,95.1,38.1,1.9,36.4,17.4,4.4,2.3,99.5,0.2,0.0,0.0,0.0,99.9,0.1,7.0,37.7,6.2,37.3,3.9,34.5,7.0,0.8,1.5,8.8,3589.0,14.299999999999999,9.8
61810903,female,4730.0,7.8,9.5,9.5,59.0,58.6,8.1,26.7,8.1,6.2,5.8,5.2,5.8,6.9,6.2,5.7,5.1,5.3,4.3,3.4,5.5,4.3,19.7,64.5,2.4,13.5,21.9,97.1,66.4,1.4,26.3,8.6,3.6,1.5,99.7,0.4,0.1,0.0,0.0,99.9,0.2,10.8,64.9,0.0,23.8,6.3,8.7,60.7,0.0,0.0,0.5,206.0,18.5,13.2
61810903,male,5091.0,8.7,9.1,11.1,36.8,41.6,72.8,26.2,8.8,6.8,5.6,5.7,6.0,6.1,6.3,5.1,4.8,4.3,4.2,3.4,3.8,4.5,37.0,60.6,1.4,1.0,31.8,96.3,42.3,2.0,34.6,16.2,4.2,1.5,99.6,0.3,0.0,0.0,0.0,100.0,0.0,8.3,63.4,0.6,47.2,3.5,41.5,4.0,1.4,0.6,1.1,1944.0,15.7,11.399999999999999
61810905,female,12824.0,7.1,9.5,10.1,54.4,54.2,6.5,18.8,8.7,6.4,5.1,5.8,6.0,7.3,6.5,5.8,4.4,5.4,4.1,3.0,4.8,4.0,20.8,64.0,2.8,12.4,23.0,96.8,61.6,1.2,24.6,10.6,5.8,3.6,98.8,0.4,0.3,0.0,0.0,100.0,0.0,11.3,40.7,0.0,23.0,20.7,9.8,45.5,0.0,0.0,1.0,496.0,17.3,11.899999999999999
61810905,male,13250.0,7.8,9.4,10.5,32.3,36.7,71.7,8.8,8.2,6.3,5.5,5.6,5.6,7.1,7.5,6.0,4.4,5.4,4.2,3.0,3.4,4.5,37.7,59.1,1.9,1.3,33.6,95.7,36.5,1.5,35.1,15.5,8.0,3.1,98.5,0.1,0.0,0.0,0.1,100.0,0.0,5.9,31.8,3.2,49.2,3.3,32.8,4.8,1.4,1.9,3.4,6259.0,16.0,10.6
61810907,female,7851.0,9.7,11.5,11.9,56.1,58.3,3.5,79.5,9.2,6.5,5.5,6.3,6.1,6.0,5.0,4.6,4.3,4.4,2.8,2.7,3.5,6.8,21.4,66.1,2.2,10.3,22.4,92.6,65.8,0.5,25.6,11.1,2.3,2.2,98.8,0.4,0.0,0.0,0.0,99.6,0.5,3.4,48.8,0.0,0.0,10.6,35.5,53.9,0.0,0.0,0.0,38.0,13.4,9.0
61810907,male,8409.0,9.6,11.1,11.6,35.8,46.4,68.6,29.9,9.6,7.4,6.2,6.1,6.5,6.2,5.4,4.3,3.5,3.6,2.9,2.9,3.1,6.7,38.8,59.7,0.7,0.8,30.9,90.6,41.0,0.8,30.7,14.5,4.3,3.3,99.1,0.4,0.0,0.0,0.1,99.9,0.1,1.9,44.5,6.4,47.1,7.1,30.6,3.1,1.2,1.9,2.8,2737.0,12.5,8.9
61810909,female,5887.0,8.9,9.6,11.2,55.2,56.9,3.5,40.7,8.9,7.0,6.0,6.1,6.1,5.7,5.5,4.8,4.5,4.7,3.4,3.3,4.6,4.4,22.2,63.8,2.6,11.4,24.4,95.1,63.6,0.9,24.4,10.2,4.5,3.0,99.5,0.8,0.1,0.0,0.0,99.8,0.2,11.9,54.1,0.0,12.6,13.8,48.4,21.0,0.0,0.0,4.1,86.0,15.999999999999998,11.299999999999999
61810909,male,6243.0,8.5,10.3,10.2,34.7,41.2,68.4,18.7,9.2,7.8,6.5,6.5,6.3,6.7,6.0,4.5,3.7,4.3,3.3,3.0,3.3,4.0,38.8,58.9,2.1,0.3,31.5,92.9,38.6,1.2,33.7,16.1,5.5,2.2,99.6,0.6,0.1,0.0,0.0,100.0,0.0,7.4,43.4,0.0,45.5,4.2,43.5,1.3,1.1,1.0,3.5,2467.0,13.899999999999999,9.6
61810911,female,4748.0,8.7,9.9,10.6,52.9,51.9,4.0,30.8,9.3,6.8,5.5,5.8,6.1,5.3,5.3,4.9,4.1,4.5,4.3,3.6,5.1,4.4,21.6,63.7,2.6,12.1,23.5,97.7,60.4,2.4,24.9,11.8,5.3,3.8,99.6,0.5,0.1,0.0,0.0,99.8,0.1,23.5,72.7,1.1,19.6,21.7,44.6,9.8,2.2,0.0,1.1,92.0,17.5,13.0
61810911,male,4893.0,8.3,9.4,11.4,29.4,32.9,72.6,10.9,8.9,7.6,6.6,6.4,6.2,6.4,5.4,4.1,4.0,4.8,4.3,3.8,2.5,4.2,39.1,59.0,1.2,0.8,31.6,98.3,33.7,2.1,37.1,19.7,6.0,2.2,99.7,0.1,0.0,0.0,0.0,99.9,0.1,13.4,66.0,0.2,42.3,2.9,46.4,3.4,1.6,2.8,0.3,2246.0,15.399999999999999,10.6
61810913,female,10051.0,8.2,9.6,10.5,38.6,41.6,12.2,23.3,8.9,7.4,6.4,6.4,6.1,6.7,6.3,5.7,4.4,3.9,3.4,2.7,3.2,4.4,25.0,59.6,4.2,11.2,24.3,95.3,44.1,1.8,24.2,14.5,9.7,8.2,98.9,0.9,0.3,0.0,0.0,99.7,0.5,16.4,55.8,0.6,18.7,41.9,32.1,2.8,0.0,2.0,1.9,675.0,13.2,9.3
61810913,male,10076.0,8.2,10.2,10.8,19.5,25.3,64.5,21.9,9.5,7.0,5.7,6.2,6.1,6.4,6.6,5.9,4.5,4.6,3.0,2.7,2.5,5.2,38.4,58.6,1.8,1.3,30.9,96.4,21.9,1.9,32.7,20.2,12.7,7.2,98.9,0.8,0.4,0.1,0.0,99.9,0.3,13.3,50.5,2.4,43.9,15.0,30.9,2.0,1.6,2.4,1.9,3586.0,12.8,8.2
61810915,female,5439.0,8.5,10.1,10.1,50.3,52.0,5.3,59.4,9.0,7.6,6.1,5.6,6.2,5.8,5.8,5.6,4.1,4.9,3.6,2.9,4.2,6.0,24.1,63.1,2.9,9.9,22.7,91.4,57.3,1.2,28.0,9.8,4.9,4.1,99.5,0.0,0.0,0.0,0.0,100.0,0.0,6.7,38.6,0.0,9.2,57.2,24.4,9.2,0.0,0.0,0.0,84.0,15.600000000000001,10.7
61810915,male,5612.0,9.2,10.5,10.6,33.8,38.3,70.9,32.9,8.7,7.1,6.2,6.1,5.9,6.3,5.7,5.4,4.3,4.0,4.0,3.2,2.6,5.8,37.4,59.8,1.3,1.5,31.5,93.5,38.4,1.1,34.5,17.2,6.0,2.8,99.6,0.2,0.0,0.0,0.0,99.9,0.0,4.6,32.3,1.3,43.4,6.7,36.1,1.1,1.4,7.9,2.3,1857.0,13.799999999999999,9.8
61810917,female,2897.0,7.9,9.4,10.1,55.9,55.3,2.4,30.0,7.4,6.8,4.9,5.3,6.2,6.3,5.9,5.0,5.3,5.6,4.5,3.3,6.0,4.8,20.8,63.8,2.3,13.1,23.5,95.6,63.6,1.5,23.9,10.1,5.7,3.4,99.6,1.5,0.1,0.0,0.0,99.7,0.1,15.7,69.7,2.9,17.1,17.1,54.3,2.9,0.0,0.0,5.7,35.0,19.4,13.8
61810917,male,3117.0,7.4,8.9,10.1,29.0,34.2,64.4,20.8,8.7,6.9,6.2,6.1,6.5,6.5,5.2,5.1,5.0,5.1,5.1,3.4,3.9,5.1,40.5,56.4,2.2,1.0,33.2,93.8,32.7,1.4,33.1,20.0,7.9,3.3,99.5,0.5,0.1,0.0,0.0,99.7,0.1,10.3,64.3,0.8,33.2,5.1,53.9,5.1,0.1,0.9,0.9,1172.0,17.5,12.4
61810919,female,16086.0,9.6,10.6,10.5,45.7,47.9,6.6,35.0,8.7,7.2,6.4,6.4,6.7,6.6,5.3,4.8,4.0,3.9,3.3,2.6,3.3,6.7,21.0,64.9,3.6,10.5,21.7,92.2,52.4,2.0,26.6,12.3,6.6,4.5,99.0,2.5,0.2,0.0,0.1,99.9,0.4,17.2,59.6,2.8,9.3,35.9,44.6,3.0,2.1,0.0,2.3,480.0,13.099999999999998,9.2
61810919,male,16605.0,9.3,10.7,10.9,25.0,33.0,72.0,18.3,9.1,7.7,6.9,6.7,6.8,6.5,5.9,4.7,3.5,3.6,2.8,2.5,2.4,5.7,37.9,59.9,1.1,1.1,30.0,92.6,28.5,2.6,32.4,18.5,8.7,4.8,99.5,2.1,0.1,0.0,0.0,99.8,0.4,11.7,51.3,1.9,31.8,7.6,51.6,3.4,0.5,1.5,1.7,6753.0,11.3,7.699999999999999
61810921,female,5603.0,9.7,10.9,10.6,52.9,54.1,3.7,21.4,10.1,7.4,6.2,5.9,5.8,5.9,5.6,4.7,4.0,4.1,3.1,2.5,3.6,6.7,20.8,66.0,3.3,9.8,22.7,91.9,60.8,0.3,27.5,10.5,4.2,3.3,98.3,0.5,0.2,0.0,0.0,99.0,0.8,11.3,42.2,0.0,0.0,47.3,44.3,4.4,4.1,0.0,0.0,111.0,13.299999999999999,9.2
61810921,male,6127.0,9.1,10.7,11.1,29.4,37.6,70.9,15.9,9.2,8.1,7.4,6.7,6.1,5.6,5.8,5.0,3.2,3.8,3.2,2.5,2.6,6.6,40.3,58.0,0.8,0.9,32.2,97.5,33.8,0.7,36.3,17.7,4.1,3.7,98.0,0.6,0.6,0.0,0.0,99.7,0.2,5.8,36.4,1.0,37.9,5.6,41.5,2.6,1.9,2.3,7.1,2522.0,12.1,8.3
61810923,female,5643.0,8.1,9.3,10.2,59.7,60.9,2.3,24.4,8.2,6.1,4.9,5.6,6.7,6.8,6.4,5.0,4.8,5.5,4.7,3.0,4.6,6.3,20.0,64.1,1.6,14.3,22.0,92.4,67.8,0.4,24.1,9.8,3.3,1.4,98.6,0.4,0.2,0.0,0.0,100.0,0.7,7.1,51.0,0.0,21.9,14.2,31.6,32.3,0.0,0.0,0.0,72.0,17.799999999999997,12.3
61810923,male,5847.0,8.0,9.6,10.7,40.3,51.6,65.9,10.7,8.3,5.8,5.5,6.4,5.7,6.7,6.8,6.1,4.4,5.2,4.2,3.6,3.0,7.0,36.6,61.5,1.0,0.9,31.1,95.4,45.9,0.4,27.3,15.1,4.1,1.4,98.4,0.9,0.0,0.0,0.0,100.0,0.6,5.5,38.6,0.6,48.7,4.4,38.9,3.5,1.3,2.4,0.2,2465.0,16.0,10.8
63550101,female,43698.0,8.6,9.7,9.7,24.2,30.7,19.0,25.2,8.1,8.2,7.9,7.9,7.2,7.3,6.1,5.0,4.2,3.8,2.6,1.6,1.9,5.0,25.7,61.8,5.0,7.5,23.6,95.6,27.3,1.7,27.9,17.9,12.8,8.9,98.7,6.2,0.8,0.0,0.1,99.7,1.3,15.1,53.5,1.1,10.9,11.4,71.9,0.7,0.3,0.3,3.3,4471.0,9.9,6.1
63550101,male,44107.0,9.2,10.4,10.3,13.9,22.3,71.6,20.6,8.4,7.3,6.8,7.5,7.1,7.3,6.3,5.5,4.3,4.0,2.8,1.6,1.3,4.8,37.2,59.9,2.3,0.6,31.1,95.4,15.7,1.8,33.9,21.2,14.0,6.9,98.7,6.3,0.7,0.1,0.1,99.7,1.6,11.9,51.2,1.9,35.3,7.6,45.7,0.3,0.8,2.1,6.2,17582.0,9.700000000000001,5.7
63550103,female,14907.0,8.3,9.5,9.0,20.5,29.7,19.4,13.1,7.4,7.6,8.1,8.5,7.5,7.4,6.3,5.3,4.3,4.0,2.8,1.9,2.2,3.3,26.8,61.0,4.7,7.5,24.3,96.2,23.0,1.5,26.2,17.3,14.6,10.7,98.8,6.1,1.8,0.1,0.0,99.7,1.2,21.6,63.4,1.9,10.8,21.3,59.4,3.1,0.9,0.6,2.0,1838.0,10.899999999999999,6.8999999999999995
63550103,male,14645.0,9.2,10.3,9.9,10.1,22.0,70.7,12.3,7.6,6.4,6.4,7.6,7.8,7.4,6.5,5.7,4.6,3.8,3.3,2.0,1.6,3.1,35.9,62.0,1.5,0.7,31.1,95.9,11.3,1.5,28.9,21.5,16.0,10.0,99.0,6.7,2.3,0.1,0.2,99.6,1.4,18.9,61.4,3.8,27.5,13.1,45.5,0.9,1.1,5.3,2.8,6399.0,10.7,6.9
63550105,female,27691.0,8.3,10.0,10.1,20.6,27.6,20.0,20.8,8.2,8.0,7.6,8.2,7.8,7.5,6.2,4.8,4.0,3.5,2.3,1.5,1.8,3.0,26.4,63.7,3.9,6.0,24.3,95.5,23.5,1.9,24.2,17.8,15.6,12.9,98.9,9.3,2.4,0.3,0.1,99.8,1.5,27.8,67.1,1.5,10.1,24.0,60.3,0.9,0.5,0.4,2.3,3146.0,9.1,5.6
63550105,male,28251.0,8.8,10.6,11.0,11.8,19.8,70.0,16.6,8.6,6.8,6.2,7.2,7.4,7.4,6.5,5.5,4.4,3.9,2.8,1.7,1.3,2.4,35.2,62.8,1.7,0.3,31.1,94.2,13.3,2.8,28.2,20.5,16.4,12.2,99.1,9.2,2.1,0.2,0.1,99.7,2.1,25.6,65.2,4.7,27.9,12.3,46.7,0.7,0.8,3.0,3.9,11495.0,9.7,5.8
63550107,female,47251.0,9.7,10.8,10.0,26.0,32.5,15.6,21.1,7.9,7.8,8.1,8.6,7.7,7.1,5.6,4.6,3.4,3.2,2.3,1.5,1.8,3.5,22.6,66.0,4.1,7.3,22.6,97.2,29.7,2.0,29.4,16.6,12.6,6.9,98.5,8.5,1.5,0.1,0.1,99.8,1.4,16.3,53.6,0.8,14.1,12.6,66.2,1.0,0.4,1.0,3.8,4055.0,8.8,5.6
63550107,male,48198.0,10.1,11.3,10.9,15.2,23.7,72.7,15.8,7.9,6.6,6.6,7.4,8.1,7.8,6.6,5.0,3.7,3.2,2.3,1.5,1.2,3.5,34.6,63.2,1.6,0.6,29.9,97.0,17.4,2.7,33.7,22.2,12.0,5.7,98.8,8.9,1.6,0.1,0.0,99.8,1.5,12.5,50.5,2.2,32.9,5.6,50.9,0.8,1.1,2.8,3.7,19962.0,8.2,5.0
63550109,female,37431.0,9.9,11.2,10.4,20.3,28.7,16.9,23.2,7.4,7.2,8.0,9.3,8.4,6.9,5.5,4.3,3.4,2.9,2.0,1.5,1.6,3.5,22.3,67.4,3.9,6.4,21.6,96.0,23.3,2.4,28.4,16.9,14.2,9.4,98.6,7.7,1.7,0.2,0.1,99.7,1.6,19.9,57.0,0.8,7.5,19.7,66.7,1.3,0.1,1.0,2.7,3315.0,8.0,5.1
63550109,male,38268.0,10.3,11.7,11.0,10.6,20.7,74.4,13.7,7.6,5.8,6.0,7.5,8.1,8.4,6.7,5.1,3.5,3.2,2.2,1.6,1.2,3.7,31.7,66.4,1.4,0.6,28.9,96.2,12.2,2.7,31.9,22.2,14.3,8.2,98.6,8.3,2.2,0.1,0.1,99.7,2.1,16.9,55.2,3.6,25.7,9.7,53.4,0.7,0.7,2.3,3.9,16464.0,8.2,5.0
63710101,female,99239.0,5.4,7.0,7.4,16.2,22.7,26.5,22.6,6.5,6.8,7.1,7.5,7.1,7.2,6.6,6.4,6.3,6.4,4.8,3.3,4.2,4.4,29.3,54.0,6.5,10.2,26.1,96.1,17.7,1.3,21.1,16.1,18.5,20.2,98.0,5.9,1.7,0.4,0.1,98.6,1.1,32.2,72.3,3.4,9.9,19.0,63.1,0.9,0.4,1.0,2.3,16340.0,18.7,12.3
63710101,male,94555.0,6.2,7.7,8.2,5.6,13.1,62.2,19.9,7.4,6.9,6.6,7.1,6.9,6.9,6.0,6.2,5.7,6.0,5.0,3.6,3.7,3.9,39.3,56.1,3.2,1.4,33.5,95.4,6.2,1.6,23.0,18.7,21.9,21.6,97.8,6.0,1.9,0.4,0.1,98.5,1.4,33.4,73.8,5.0,22.0,13.3,51.8,0.5,0.9,2.8,3.8,36691.0,18.3,12.3
63710103,female,30143.0,7.7,9.3,9.7,20.8,29.2,20.6,18.7,7.3,7.3,7.6,8.4,8.0,7.4,6.7,5.3,4.3,4.1,2.8,1.9,2.2,3.6,26.3,61.2,4.7,7.8,24.5,95.1,23.4,1.3,25.3,17.8,15.7,10.7,98.5,4.9,1.5,0.0,0.1,99.7,1.4,19.6,53.5,1.3,7.4,12.1,75.2,0.5,0.3,0.9,2.2,3707.0,11.0,6.8999999999999995
63710103,male,30423.0,7.9,10.0,10.6,10.7,19.6,67.6,15.9,8.0,7.0,6.8,7.4,7.3,7.7,6.8,5.6,4.3,3.9,2.9,2.0,1.8,3.8,37.3,60.4,1.5,0.8,31.5,95.0,12.1,1.4,29.5,22.4,17.8,9.2,98.7,5.8,1.6,0.1,0.0,99.8,1.5,17.7,54.5,1.8,21.3,8.9,60.8,0.4,0.9,2.1,3.8,12208.0,10.600000000000001,6.7
63710105,female,59021.0,8.9,10.0,9.3,21.6,29.1,21.4,20.5,6.8,7.5,8.6,9.4,8.3,7.1,5.9,4.9,3.8,3.7,2.4,1.6,1.8,3.0,22.3,64.1,6.2,7.4,23.1,96.1,24.3,1.6,26.3,17.3,15.0,10.7,98.5,6.1,1.9,0.2,0.2,99.7,1.2,21.7,60.9,1.1,15.4,15.2,62.1,1.1,0.4,0.7,4.0,7203.0,9.5,5.8
63710105,male,58628.0,9.6,10.7,9.9,11.3,21.2,72.4,15.1,7.4,6.2,6.6,8.3,8.5,8.0,6.4,5.3,3.8,3.7,2.5,1.8,1.4,3.1,32.9,64.4,2.2,0.6,30.0,96.0,12.8,2.1,29.3,21.4,16.1,9.9,98.6,6.7,1.6,0.1,0.2,99.5,1.3,20.2,60.4,2.0,28.9,10.8,51.2,0.6,0.9,2.1,3.5,25167.0,9.4,5.699999999999999
63710107,female,48340.0,9.8,10.4,9.8,26.5,34.1,15.0,21.4,7.8,8.1,8.3,8.7,7.6,6.7,5.9,4.5,3.5,3.5,2.0,1.5,1.8,3.1,23.0,66.5,3.8,6.7,21.9,94.8,29.9,1.5,26.6,18.4,12.6,6.8,98.6,5.9,1.4,0.1,0.1,99.7,1.3,12.9,52.0,2.0,10.9,9.7,71.2,1.6,0.8,1.1,2.7,3985.0,8.8,5.3
63710107,male,49671.0,10.2,10.8,10.3,14.3,24.7,71.9,16.2,7.6,6.7,6.8,8.2,8.1,7.8,6.3,4.8,3.7,3.5,2.3,1.6,1.2,3.3,34.1,63.6,1.7,0.6,29.8,96.3,16.2,1.6,31.0,22.6,14.4,5.7,98.9,6.0,1.5,0.1,0.1,99.8,1.1,11.4,50.4,1.9,24.7,7.8,57.0,0.4,0.5,2.5,5.3,20540.0,8.6,5.1
63710305,female,6304.0,8.0,8.9,9.1,36.2,39.1,12.6,29.4,7.7,8.1,6.5,6.8,6.7,7.0,6.0,5.7,4.9,4.4,3.4,2.9,3.9,3.9,25.7,60.4,3.6,10.3,22.8,98.3,40.6,0.9,25.9,17.3,10.8,5.9,98.2,3.1,1.5,0.2,0.0,99.8,0.6,9.8,49.5,0.0,9.2,17.2,71.7,0.0,0.0,0.0,1.9,414.0,14.600000000000001,10.2
63710305,male,6668.0,8.2,9.6,9.9,16.2,23.6,66.8,20.3,8.6,7.4,6.9,6.8,6.4,6.1,6.9,5.8,4.6,4.4,3.1,2.5,2.9,4.0,40.8,56.7,1.4,1.1,30.7,95.4,18.5,1.8,29.9,25.4,13.0,6.4,98.8,3.5,1.5,0.2,0.0,99.7,1.7,7.4,48.4,2.0,30.2,9.4,56.3,0.1,0.1,0.6,1.3,2566.0,12.9,8.5
63710307,female,14764.0,8.6,9.4,10.2,33.5,37.3,13.5,23.5,8.3,8.2,7.4,7.7,7.4,7.2,6.0,5.0,4.1,3.8,2.8,1.8,2.1,3.5,23.6,65.5,3.9,7.0,21.2,97.6,38.2,1.3,29.0,18.8,8.8,4.8,98.6,4.6,1.0,0.1,0.0,99.8,1.1,11.4,49.6,2.1,17.3,9.0,63.2,2.5,0.5,0.6,4.8,1095.0,10.5,6.699999999999999
63710307,male,15490.0,9.0,10.6,10.9,17.9,24.5,72.0,18.9,8.5,7.1,6.7,7.0,7.1,7.5,5.9,5.4,4.1,4.1,2.8,1.9,1.5,3.6,36.0,61.2,2.1,0.8,28.9,97.6,20.7,1.5,34.3,25.0,10.7,4.0,98.8,4.6,0.8,0.0,0.0,99.9,0.8,9.6,46.8,2.0,28.1,4.7,53.8,0.4,1.0,3.1,6.9,6301.0,10.299999999999999,6.199999999999999
63850101,female,98895.0,9.1,9.6,8.9,18.5,27.0,28.0,11.4,7.4,7.7,9.2,9.5,8.4,7.3,6.1,4.8,3.6,3.2,2.1,1.5,1.5,2.5,25.0,65.7,4.1,5.1,23.8,96.3,20.7,1.8,23.6,15.2,14.9,17.6,97.9,13.4,2.3,0.2,0.0,98.5,1.4,30.4,68.1,3.5,9.2,11.3,72.9,0.8,0.2,0.3,1.8,17736.0,8.3,5.1
63850101,male,101189.0,9.8,10.1,9.6,9.6,20.5,74.9,10.6,7.6,6.8,7.2,8.5,8.5,7.8,6.3,5.3,3.9,3.4,2.4,1.5,1.2,2.5,33.8,64.2,1.5,0.6,30.1,95.2,10.8,2.1,26.0,19.6,15.4,16.5,97.9,14.3,2.4,0.2,0.1,98.7,1.7,27.7,65.6,4.6,22.9,6.9,61.2,0.3,0.4,1.5,2.3,47820.0,8.5,5.1
63850102,female,152351.0,8.8,9.6,9.2,21.2,29.7,24.6,17.9,7.7,7.9,8.4,9.0,8.3,7.6,6.2,5.0,3.6,3.3,2.2,1.5,1.6,3.4,25.6,62.9,5.1,6.4,23.8,94.7,23.8,1.4,24.8,16.2,15.3,12.5,96.7,9.5,2.0,0.2,0.1,97.7,1.3,23.5,62.6,2.7,11.9,9.7,68.5,1.1,0.3,1.1,4.6,22279.0,8.6,5.300000000000001
63850102,male,150567.0,9.5,10.5,9.8,10.7,21.6,73.0,14.5,8.0,6.8,6.6,8.0,8.2,8.0,6.8,5.6,3.9,3.4,2.2,1.5,1.2,3.2,34.3,63.2,1.9,0.6,30.2,93.9,12.0,1.8,28.6,20.8,16.0,11.1,97.2,10.2,2.4,0.1,0.1,98.1,1.5,20.5,59.9,3.8,26.6,7.5,52.3,0.5,0.9,3.0,5.5,65995.0,8.299999999999999,4.9
63850103,female,17171.0,8.3,10.3,9.5,17.8,26.2,26.2,15.3,7.4,6.8,7.5,9.9,8.1,7.2,5.7,4.3,4.0,3.9,3.0,2.0,2.1,2.5,26.4,63.4,3.9,6.3,25.0,96.9,20.1,1.9,24.5,15.5,14.3,17.6,98.7,8.5,2.6,0.3,0.3,99.2,1.5,30.3,69.3,1.6,7.7,16.1,71.7,0.4,0.0,0.5,2.0,2739.0,11.0,7.1
63850103,male,17100.0,8.8,10.7,10.5,8.6,19.1,70.3,12.0,7.0,5.7,6.0,7.4,8.4,8.5,6.6,5.3,3.6,3.7,3.3,2.6,2.0,2.5,33.4,63.9,2.0,0.7,30.8,96.7,9.8,2.5,25.8,18.3,18.0,16.2,99.2,8.5,3.5,0.1,0.3,99.4,1.5,28.0,69.0,2.6,16.5,20.9,54.7,0.3,0.8,1.7,2.5,7409.0,11.6,7.9
63850105,female,25544.0,9.1,9.6,9.8,24.0,31.8,20.7,18.3,7.5,7.3,7.8,8.6,8.2,7.2,6.0,4.6,3.7,3.9,2.6,1.9,2.2,4.1,23.7,64.0,4.1,8.1,23.3,96.9,27.1,1.4,24.9,15.5,13.4,12.9,98.6,7.9,1.9,0.1,0.1,99.6,1.1,23.9,61.5,0.9,8.1,12.2,73.6,1.0,0.6,0.9,2.6,3083.0,10.600000000000001,6.7
63850105,male,26077.0,8.9,10.2,10.2,11.7,21.5,70.8,16.5,7.9,6.6,6.9,7.7,7.7,7.8,6.5,5.6,3.9,3.6,2.7,2.0,1.7,3.8,35.1,62.6,1.4,0.8,30.9,96.3,13.2,1.8,29.9,20.1,15.8,10.8,98.7,7.3,1.8,0.2,0.0,99.5,1.2,20.0,57.5,2.6,23.6,9.2,55.0,0.6,1.3,2.8,5.0,10898.0,10.0,6.4
63850107,female,40054.0,9.7,10.0,9.4,23.9,31.5,21.9,14.6,7.2,8.0,8.6,9.1,8.1,7.0,5.9,4.4,3.6,3.3,2.2,1.5,1.8,4.0,23.1,65.6,5.1,6.2,22.6,94.8,27.0,1.3,26.4,16.2,12.6,12.0,98.3,7.2,1.3,0.1,0.1,99.5,0.6,23.5,60.6,3.0,11.1,10.5,70.9,0.8,0.1,0.8,2.8,5315.0,8.8,5.5
63850107,male,40912.0,10.2,10.7,9.9,13.5,23.6,75.6,11.5,7.7,6.5,6.9,8.6,8.7,7.8,6.5,5.0,3.7,3.0,2.1,1.4,1.3,3.6,33.3,64.6,1.6,0.5,29.5,92.4,15.1,1.6,29.5,20.2,14.4,10.8,98.5,7.1,1.5,0.2,0.0,99.6,0.8,20.1,58.0,3.1,28.4,6.7,55.4,0.5,0.7,2.1,3.1,18948.0,7.8,4.8
64610101,female,16929.0,7.3,8.7,9.3,29.8,34.2,14.6,31.2,8.3,8.0,6.8,6.6,6.6,6.6,6.1,5.9,5.0,5.1,3.5,2.5,3.8,4.8,27.1,56.2,5.1,11.5,24.2,95.8,33.3,2.0,25.5,15.2,12.0,11.1,99.1,2.8,1.2,0.1,0.1,99.8,0.8,25.3,66.0,1.2,12.0,40.0,40.6,0.5,0.0,1.2,4.5,1269.0,14.899999999999999,9.8
64610101,male,16403.0,7.9,10.0,9.8,13.8,21.2,66.9,21.1,8.6,7.5,6.5,6.7,6.0,6.2,6.4,5.9,4.6,5.1,3.8,2.5,2.5,4.2,40.7,56.3,2.2,0.7,32.7,97.0,15.5,2.4,29.7,21.2,12.2,13.4,99.1,2.4,1.0,0.0,0.1,99.8,0.4,21.8,63.8,2.9,33.7,18.5,32.7,1.2,1.4,3.6,6.1,6248.0,13.899999999999999,8.8
64610105,female,10115.0,6.6,8.8,10.0,38.4,41.1,11.5,21.3,8.2,7.7,7.8,6.2,6.3,6.7,6.7,6.1,4.4,4.7,3.5,2.5,3.6,5.6,26.1,59.1,4.2,10.5,23.0,96.4,43.4,1.3,27.5,14.8,7.5,7.8,99.1,2.1,0.5,0.0,0.1,99.6,0.1,16.4,53.2,0.0,25.6,31.8,35.7,1.8,0.0,1.5,3.6,686.0,14.299999999999999,9.6
64610105,male,9319.0,8.2,9.7,11.3,23.9,28.3,67.5,19.9,9.1,7.4,6.7,6.2,6.2,6.6,6.0,5.6,4.2,4.0,3.4,2.7,2.7,5.8,40.6,57.6,1.1,0.6,33.9,98.0,27.5,2.6,33.9,20.1,7.2,7.9,99.3,1.0,0.5,0.0,0.0,99.8,0.2,12.1,52.4,3.2,34.0,10.9,30.0,1.7,2.0,6.0,12.3,3564.0,12.8,8.8
64610109,female,2972.0,8.5,9.5,11.4,36.4,41.0,11.1,45.3,7.9,8.3,8.1,7.3,5.8,6.3,6.0,4.7,3.6,4.2,2.8,2.3,3.2,3.3,24.8,66.0,1.5,7.7,24.1,96.7,42.0,1.9,26.7,15.4,8.5,6.6,99.2,2.1,0.8,0.0,0.1,99.9,0.3,14.2,46.1,0.0,7.9,46.5,33.1,2.4,7.1,2.4,0.8,127.0,12.5,8.3
64610109,male,2799.0,9.3,10.9,11.4,20.1,25.3,72.5,29.3,9.0,6.9,6.0,6.6,6.1,6.1,6.7,5.6,4.5,3.3,2.8,2.4,2.3,3.5,39.3,58.6,1.6,0.4,32.4,95.4,23.0,2.3,34.1,22.2,9.5,6.6,99.5,1.7,1.0,0.0,0.0,99.8,0.2,11.7,39.7,3.1,34.0,15.3,31.5,2.9,5.4,3.6,4.3,980.0,10.8,7.499999999999999
64610113,female,4087.0,6.8,8.5,9.5,35.0,39.4,13.2,15.3,7.8,7.4,7.0,6.9,6.4,6.2,5.8,5.9,5.1,5.2,3.7,3.1,4.5,4.4,27.9,55.9,3.5,12.6,23.1,85.3,39.4,0.5,23.9,16.1,11.3,8.6,98.2,1.8,0.4,0.0,0.0,99.8,0.4,15.2,60.9,0.0,20.7,40.1,26.7,1.2,0.0,2.3,9.0,343.0,16.5,11.3
64610113,male,3937.0,7.3,11.0,10.6,15.4,23.5,61.2,16.1,8.8,7.4,6.3,6.2,5.3,6.2,6.3,5.4,5.3,5.0,3.2,2.7,3.0,3.4,42.9,53.8,2.7,0.6,33.1,88.5,17.6,0.9,30.3,20.6,13.3,11.3,98.9,1.1,0.4,0.1,0.0,99.9,0.1,13.0,59.0,2.0,54.8,13.5,22.6,3.1,1.1,2.2,0.8,1436.0,13.899999999999999,8.9
64610115,female,87537.0,6.5,7.9,8.6,22.4,28.7,22.4,23.4,8.0,8.6,7.7,7.2,6.9,7.0,6.5,5.9,5.1,5.1,3.4,2.5,3.0,4.1,30.1,55.6,5.4,8.9,25.6,95.5,24.8,1.3,21.8,15.6,16.1,16.5,98.7,4.0,1.0,0.1,0.1,99.3,0.8,28.3,68.4,1.5,10.0,34.7,48.7,0.8,0.3,1.0,3.1,11586.0,14.0,8.9
64610115,male,83593.0,7.3,8.9,9.8,10.5,18.6,64.2,18.6,8.3,8.1,7.1,6.8,6.4,6.7,6.2,5.9,5.0,4.9,3.6,2.7,2.3,3.6,40.6,56.2,2.2,1.0,32.9,95.5,11.7,1.6,24.8,19.4,17.4,18.1,98.4,3.8,1.2,0.1,0.2,99.1,1.1,27.0,68.9,2.8,27.9,22.4,35.4,0.6,1.2,4.9,4.7,32321.0,13.5,8.600000000000001
64610701,female,1922.0,8.3,10.4,10.1,60.9,55.5,12.4,9.4,8.3,5.0,5.6,7.3,6.3,6.7,6.8,4.7,4.4,4.7,3.5,3.0,4.7,3.9,21.3,66.2,2.3,10.2,24.7,97.6,67.9,2.4,25.4,9.0,4.9,2.8,99.8,0.8,0.3,0.1,0.1,100.0,0.0,25.0,67.9,0.0,31.2,11.7,7.8,45.5,0.0,0.0,3.9,154.0,15.899999999999999,11.2
64610701,male,2070.0,8.6,10.3,11.6,38.7,42.4,70.3,25.8,7.4,6.9,5.9,7.0,6.2,5.7,6.1,4.6,3.6,4.5,4.6,3.2,3.9,4.7,39.0,59.0,1.4,0.7,33.9,98.5,43.7,3.6,30.0,12.6,7.1,4.2,99.9,0.2,0.0,0.0,0.1,99.9,0.2,21.4,58.3,1.1,31.3,11.1,40.6,5.2,0.1,0.3,10.4,751.0,16.2,11.7
64610703,female,5967.0,7.9,10.0,10.7,44.9,48.7,6.0,16.9,8.5,6.8,5.9,6.6,6.7,6.4,6.4,5.6,3.8,3.9,3.4,2.7,4.9,5.4,22.6,65.0,3.1,9.3,22.9,85.8,51.6,0.6,28.0,12.1,6.7,3.9,97.6,0.9,0.7,0.1,0.1,99.8,0.3,7.3,46.1,0.0,19.9,23.5,40.4,4.7,0.0,3.4,8.0,212.0,14.9,11.0
64610703,male,6125.0,8.3,11.0,11.6,26.1,33.5,71.9,7.4,8.2,6.9,5.5,5.7,5.2,6.3,7.5,6.0,4.4,3.9,3.3,2.7,3.4,4.5,40.1,58.0,1.5,0.4,34.4,82.5,30.1,1.2,36.3,18.9,6.4,3.7,97.8,0.4,0.4,0.0,0.0,99.5,0.5,5.4,40.6,0.9,43.1,5.4,35.1,2.8,0.3,3.9,8.5,2814.0,13.299999999999999,9.4
64610705,female,8508.0,8.7,11.1,11.7,56.1,59.4,8.2,10.5,9.6,6.8,6.3,6.1,7.0,6.3,5.7,5.0,3.7,3.9,2.8,2.1,3.3,5.7,24.3,65.6,1.8,8.3,23.4,87.1,64.4,0.7,23.6,8.5,4.1,3.6,97.1,0.6,0.2,0.3,0.2,99.8,0.2,10.2,32.8,0.0,49.9,9.3,7.9,16.6,0.0,3.8,12.4,428.0,12.099999999999998,8.2
64610705,male,8900.0,8.9,11.5,11.9,37.7,50.8,72.3,10.5,9.4,6.7,6.8,6.5,6.2,6.0,5.6,4.5,3.2,3.7,3.1,2.4,3.5,5.8,40.1,58.1,1.0,0.8,31.6,86.5,43.1,0.5,28.8,12.9,3.5,3.4,97.7,0.1,0.0,0.1,0.1,99.7,0.2,5.1,23.0,0.5,50.3,6.0,14.5,3.2,0.3,8.5,16.7,3900.0,12.700000000000001,9.0
64610707,female,5280.0,7.6,9.4,10.6,53.3,54.8,2.1,30.0,8.8,7.4,6.8,5.9,6.4,6.6,6.9,4.9,4.3,4.3,3.4,2.8,3.8,4.5,22.4,65.5,2.1,9.9,21.8,97.2,61.0,1.4,26.0,9.7,5.1,2.9,99.2,0.5,0.3,0.0,0.1,99.9,0.0,10.4,44.1,0.0,8.9,37.5,50.0,3.6,0.0,0.0,0.0,56.0,14.3,10.0
64610707,male,5212.0,8.9,11.9,12.3,34.7,41.1,60.8,36.0,9.0,6.7,6.5,5.2,6.3,5.6,5.8,5.3,3.9,4.1,3.1,2.4,3.2,5.1,38.2,60.2,1.1,0.5,32.5,96.5,40.7,1.3,35.6,15.6,4.2,2.1,99.4,0.2,0.1,0.0,0.0,99.7,0.1,6.3,36.9,1.3,39.9,5.0,47.0,3.2,0.1,1.5,1.9,1359.0,12.8,8.7
64610709,female,3006.0,7.9,10.2,10.2,55.0,55.4,4.5,5.1,8.6,6.4,6.1,6.3,6.4,6.7,6.9,5.1,4.1,4.3,3.8,2.3,4.8,5.5,21.4,68.0,1.8,8.7,22.3,96.8,62.2,1.2,28.9,10.2,2.4,1.8,99.6,0.5,0.1,0.0,0.0,99.7,0.2,8.0,29.6,0.0,34.4,14.0,24.7,24.7,1.1,1.1,0.0,93.0,15.2,10.899999999999999
64610709,male,3153.0,6.9,10.8,10.8,37.9,40.7,69.5,5.0,9.0,7.4,7.2,5.4,6.1,7.5,6.7,5.0,4.2,4.5,2.8,2.3,3.5,6.2,39.8,59.1,0.8,0.4,32.8,98.1,43.2,1.2,36.5,17.4,2.7,1.4,99.6,0.1,0.0,0.0,0.0,99.9,0.0,3.8,28.1,0.9,40.6,3.4,44.8,9.3,0.4,0.6,0.1,1489.0,13.1,8.6
64610711,female,2952.0,8.3,10.4,11.0,53.7,53.5,2.8,35.6,8.1,6.2,5.9,6.3,6.2,7.0,6.4,5.6,3.7,4.5,3.4,2.7,4.3,3.8,21.3,65.3,2.7,10.7,19.2,97.5,62.0,1.5,29.1,10.0,3.9,2.0,99.2,0.6,0.1,0.0,0.1,99.6,0.1,5.9,47.9,2.6,36.8,7.9,44.7,5.3,0.0,0.0,2.6,38.0,14.900000000000002,10.399999999999999
64610711,male,2919.0,7.9,11.5,12.0,35.4,38.3,65.7,23.8,9.3,6.9,5.8,5.5,5.5,5.9,6.9,5.0,4.1,4.4,3.6,3.2,2.6,3.6,38.3,59.6,1.3,0.7,32.2,97.6,41.1,1.8,38.6,16.1,3.6,1.6,99.3,0.2,0.0,0.0,0.1,99.7,0.1,3.7,41.2,2.8,32.7,6.4,50.9,5.9,0.2,1.0,0.1,1002.0,13.799999999999999,9.4
64610713,female,2650.0,6.6,9.5,11.4,51.7,55.4,3.1,25.0,7.1,6.7,6.2,5.9,6.7,6.7,7.1,4.9,5.0,4.5,4.3,2.4,4.9,4.4,21.9,65.0,2.4,10.6,21.0,97.9,59.7,0.5,28.9,9.9,3.0,2.3,99.1,0.9,0.0,0.0,0.2,99.7,0.5,3.4,19.8,0.0,20.0,28.9,33.3,15.6,0.0,2.2,0.0,45.0,16.1,11.6
64610713,male,2743.0,7.7,10.4,11.0,34.0,43.2,62.8,19.9,8.1,6.9,7.2,6.1,5.6,6.6,6.7,5.4,4.3,4.0,3.9,2.8,3.4,5.1,40.0,58.0,1.5,0.4,33.7,95.9,38.9,0.7,36.5,14.8,3.5,1.3,99.2,0.3,0.0,0.0,0.1,99.7,0.3,2.0,15.8,0.8,52.2,5.0,35.2,3.9,0.3,1.6,0.9,979.0,14.1,10.1
64610715,female,1297.0,7.0,9.9,9.7,54.0,54.1,7.6,19.4,8.6,5.6,5.4,6.0,7.0,8.2,6.4,6.4,4.8,4.2,3.2,2.5,5.2,5.3,27.7,57.2,2.8,12.2,19.4,98.7,61.1,0.8,27.4,10.6,4.7,2.3,99.2,2.9,0.5,0.0,0.1,99.8,0.6,22.8,65.3,0.0,1.7,5.2,8.6,84.5,0.0,0.0,0.0,58.0,15.100000000000001,10.9
64610715,male,1224.0,7.4,10.0,12.3,34.3,42.4,73.4,35.8,8.4,6.4,6.1,4.1,5.1,7.4,7.4,5.5,6.3,4.2,3.8,2.2,3.5,5.6,40.2,57.7,1.3,0.8,33.8,96.8,40.1,1.2,31.5,18.1,4.3,2.5,99.6,0.7,0.3,0.0,0.0,99.1,0.8,13.4,56.8,0.7,19.0,7.4,48.5,7.1,0.7,1.2,15.3,406.0,13.7,9.5
64610717,female,5437.0,9.8,10.6,12.0,55.6,56.4,10.0,28.7,9.3,6.3,6.1,6.8,7.0,5.8,5.4,4.1,3.4,4.4,2.9,2.6,3.5,3.8,23.3,66.5,1.6,8.6,23.6,94.8,65.1,1.4,24.5,9.6,4.5,3.6,98.7,0.6,0.0,0.2,0.2,99.8,0.3,13.0,51.8,0.0,40.2,7.3,23.0,28.0,0.4,0.0,1.1,261.0,13.4,9.0
64610717,male,5969.0,9.4,11.7,11.8,35.8,44.3,71.7,15.4,9.2,7.6,7.0,7.0,6.6,5.5,5.3,4.3,3.3,3.1,2.6,2.9,2.7,3.9,41.1,57.8,0.7,0.4,32.1,96.3,41.7,1.3,31.3,14.9,4.2,4.0,99.1,0.3,0.0,0.1,0.2,99.5,0.4,7.1,42.5,1.4,29.9,4.6,57.2,1.7,0.2,0.6,4.4,2430.0,11.3,8.2
64610719,female,4727.0,8.2,11.1,11.0,54.4,55.3,18.8,8.1,8.5,7.2,6.6,7.0,5.9,6.2,6.5,4.5,3.7,3.7,2.9,2.8,4.2,4.3,23.0,65.7,1.6,9.6,23.5,88.2,62.8,2.2,26.7,8.3,4.1,3.4,99.5,0.9,0.2,0.0,0.0,99.8,0.2,10.6,42.0,0.4,33.7,4.6,12.5,47.8,0.0,1.1,0.0,569.0,13.599999999999998,9.899999999999999
64610719,male,5004.0,9.0,11.6,10.3,36.3,47.3,79.2,3.8,8.1,6.9,7.1,6.5,7.5,5.7,6.3,5.0,3.8,3.0,3.5,2.6,3.1,4.5,39.5,59.0,0.9,0.6,32.9,87.3,41.4,2.4,31.7,12.4,3.4,2.8,99.3,0.2,0.2,0.1,0.0,100.0,0.1,5.6,30.8,2.3,42.6,3.9,44.2,5.9,0.2,0.9,0.0,2638.0,12.2,9.2
64610721,female,2095.0,7.7,9.4,10.5,50.6,51.3,5.3,28.4,7.9,6.8,6.4,6.2,5.8,7.4,5.4,5.8,4.0,4.1,3.7,3.4,5.4,4.7,23.0,63.3,2.1,11.7,24.1,98.5,57.7,1.1,29.8,9.3,4.1,4.5,99.7,0.6,0.1,0.0,0.2,100.0,0.3,11.1,36.2,0.0,20.7,25.9,31.0,0.0,3.4,1.7,17.2,58.0,16.6,12.5
64610721,male,2055.0,9.5,10.6,11.6,29.3,36.4,66.8,15.0,8.5,5.9,5.5,5.5,5.6,6.6,6.8,5.5,4.9,3.9,2.9,2.7,4.1,4.5,37.7,59.1,2.2,0.9,33.2,96.5,34.1,1.0,38.5,16.2,4.6,3.5,99.8,0.3,0.0,0.0,0.2,99.9,0.2,5.6,29.9,0.3,51.7,4.9,16.4,1.9,0.4,1.9,22.6,797.0,13.6,9.7
64611102,female,4189.0,9.5,10.9,11.0,50.6,52.4,2.4,25.0,7.6,7.5,5.9,6.2,5.7,6.2,5.7,5.4,4.1,3.8,3.5,2.3,4.7,4.2,21.1,66.2,2.3,10.4,22.5,96.8,58.3,0.9,27.4,11.3,4.8,3.2,99.4,0.8,0.2,0.0,0.1,99.6,1.0,3.2,24.2,0.0,9.8,13.7,76.5,0.0,0.0,0.0,0.0,51.0,14.3,10.5
64611102,male,4262.0,8.9,10.9,11.3,30.3,36.4,56.9,23.4,9.5,7.0,6.3,6.0,6.1,6.0,6.2,4.6,4.0,4.2,3.1,2.6,3.3,4.9,38.3,59.6,1.5,0.5,31.1,96.5,35.0,0.9,35.1,19.3,5.8,2.5,99.5,0.4,0.2,0.0,0.0,99.8,0.7,2.3,22.4,0.8,45.3,4.7,43.9,3.0,0.9,0.4,0.9,1279.0,13.2,9.0
64611103,female,4618.0,8.8,10.9,11.1,47.6,50.7,2.6,32.1,9.1,7.1,6.3,6.2,5.8,6.2,5.5,5.1,3.7,4.1,3.1,2.4,4.4,6.3,21.5,64.6,2.1,11.7,22.3,96.4,54.9,1.2,34.2,8.4,3.3,2.1,99.8,1.2,0.3,0.1,0.0,99.8,0.3,6.2,32.5,0.0,7.0,15.8,70.2,3.5,3.5,0.0,0.0,57.0,14.0,9.9
64611103,male,5100.0,8.2,11.1,10.8,22.0,32.1,64.7,21.8,8.3,8.8,7.0,6.7,6.7,5.8,5.4,5.1,3.5,4.2,2.9,2.5,3.1,6.0,41.5,56.6,1.2,0.8,31.8,96.5,25.0,1.6,36.3,20.3,5.7,3.9,99.7,0.4,0.1,0.0,0.0,99.9,0.1,6.5,35.0,1.4,19.2,4.3,69.2,0.9,2.8,1.2,0.8,1804.0,12.7,8.5
64611107,female,3769.0,7.7,10.1,10.5,53.2,53.9,2.4,44.6,8.8,6.7,6.7,6.0,6.1,6.9,5.9,4.9,3.8,4.6,3.6,2.6,5.0,5.7,20.6,66.1,2.2,11.2,22.9,95.1,60.8,1.2,28.4,9.3,4.8,2.4,99.4,0.9,0.3,0.0,0.1,99.9,0.2,11.4,55.8,0.0,8.3,30.6,36.1,16.7,0.0,0.0,8.3,36.0,15.799999999999999,11.2
64611107,male,3686.0,9.6,11.7,11.8,31.4,36.8,59.0,27.5,9.8,6.7,5.2,5.0,5.0,5.1,5.7,5.2,4.5,5.0,3.5,2.3,3.8,5.8,38.4,59.2,1.6,0.8,32.1,97.1,36.5,1.2,37.1,16.8,6.1,1.9,99.5,0.8,0.2,0.0,0.1,99.9,0.1,7.0,52.1,1.9,24.5,5.3,60.2,2.8,0.9,0.4,4.1,1054.0,14.600000000000001,9.6
64611113,female,3698.0,7.8,9.1,9.7,55.1,56.7,4.0,49.1,8.5,6.1,5.0,6.7,6.2,5.8,6.3,5.6,4.7,5.6,3.8,3.6,5.7,3.6,21.6,66.1,1.8,10.5,23.6,92.7,61.4,1.1,24.6,10.7,4.1,2.9,99.7,1.2,0.1,0.0,0.0,99.7,0.2,11.7,45.4,1.8,29.1,32.7,25.5,10.9,0.0,0.0,0.0,55.0,18.7,13.100000000000001
64611113,male,3810.0,7.1,9.0,11.2,34.5,37.6,68.6,27.7,8.6,6.8,5.6,5.0,5.9,6.0,6.7,6.2,4.8,5.4,4.1,3.0,4.6,4.6,35.8,61.3,2.2,0.7,31.9,95.4,39.0,2.8,33.3,18.1,5.9,2.4,99.6,0.9,0.1,0.0,0.0,99.9,0.2,7.7,41.1,0.3,56.7,5.5,31.0,4.7,0.0,0.4,1.5,1373.0,17.1,11.7
64611115,female,6209.0,9.0,10.8,11.5,50.6,51.8,4.6,69.0,8.4,6.6,6.6,7.0,6.7,6.0,5.5,4.8,3.9,4.2,3.0,2.5,3.8,5.6,21.6,69.5,1.3,7.6,22.7,88.0,58.5,0.9,30.0,10.9,4.1,2.2,97.8,1.8,0.2,0.0,0.0,100.0,0.5,8.1,43.9,0.0,17.5,37.7,18.5,10.3,0.0,0.0,16.1,61.0,13.5,9.3
64611115,male,6577.0,9.4,11.6,10.9,34.4,35.7,69.1,21.8,8.3,7.4,6.8,6.5,6.3,6.1,5.8,4.7,4.2,4.0,3.2,2.1,2.8,7.5,37.4,61.3,0.8,0.5,30.5,90.1,38.7,1.6,37.3,17.4,5.2,2.8,98.5,0.5,0.2,0.0,0.1,100.0,0.0,6.0,41.5,1.6,46.8,3.5,29.3,2.8,4.2,3.2,8.7,2422.0,12.100000000000001,8.100000000000001
64611123,female,4486.0,7.9,10.0,9.9,61.7,61.5,1.9,20.6,8.8,6.6,6.2,5.7,6.5,6.3,6.4,5.2,4.0,5.0,3.3,3.5,4.9,4.9,20.1,67.5,1.8,10.6,23.6,92.8,69.6,0.8,23.5,8.2,4.3,1.7,98.4,1.0,0.5,0.0,0.0,99.9,0.3,9.2,54.5,0.0,24.0,2.0,42.0,30.0,0.0,2.0,0.0,50.0,16.700000000000003,11.7
64611123,male,4595.0,8.7,10.5,10.9,41.4,46.3,69.2,18.9,8.5,7.1,6.0,5.8,5.6,5.6,6.8,5.0,4.2,5.4,3.5,2.5,3.9,5.0,38.1,60.2,1.1,0.6,32.7,92.8,47.3,0.7,31.8,14.4,4.9,2.0,98.7,0.5,0.2,0.0,0.0,99.9,0.2,6.5,48.3,1.9,51.2,4.4,32.5,5.8,0.9,2.3,0.9,1798.0,15.3,9.9
64611129,female,6622.0,8.0,10.6,11.6,52.0,52.6,3.3,15.5,9.0,6.4,5.3,6.0,5.8,6.1,5.9,5.1,4.5,4.8,3.1,2.9,4.8,4.8,23.5,64.6,1.7,10.2,23.2,93.7,59.6,1.3,32.0,8.2,4.3,1.7,97.0,0.7,0.0,0.0,0.1,100.0,0.0,6.3,31.3,8.1,7.6,11.6,31.0,37.7,0.0,0.0,3.9,131.0,15.600000000000001,10.8
64611129,male,7137.0,8.5,10.0,10.8,29.9,36.2,65.2,29.5,8.7,7.0,6.3,5.8,6.0,6.6,6.4,5.6,3.7,4.6,3.6,3.0,3.5,3.8,41.3,56.5,0.9,1.3,33.0,90.4,34.3,1.9,33.7,19.0,6.2,2.9,97.6,0.3,0.0,0.0,0.1,99.6,0.4,4.8,29.8,6.7,41.3,4.8,33.3,6.5,1.2,2.2,4.0,2321.0,14.7,10.1
64611131,female,4443.0,8.4,9.7,10.3,44.6,46.5,5.4,54.4,8.3,7.0,6.7,6.8,6.2,6.9,5.1,5.7,4.5,3.8,3.3,2.7,4.7,5.1,22.4,63.6,2.6,11.5,22.9,98.7,50.9,1.5,29.2,12.8,6.8,3.2,99.2,0.7,0.7,0.0,0.0,99.9,0.4,16.1,55.6,1.3,9.0,17.9,64.1,7.7,0.0,0.0,0.0,78.0,14.5,10.7
64611131,male,4529.0,8.5,10.6,10.8,25.2,29.9,68.7,26.7,7.9,7.0,5.6,6.5,6.5,6.1,6.3,5.8,5.3,4.6,3.2,2.3,3.0,5.2,38.7,58.8,1.6,0.9,32.4,97.9,28.9,1.9,37.3,20.3,7.6,3.1,99.2,0.5,0.2,0.0,0.0,99.8,0.2,10.4,49.2,1.0,34.5,3.9,55.3,2.2,0.6,2.4,0.1,1599.0,13.1,8.5
64611309,female,5400.0,8.6,10.7,10.6,48.9,54.7,3.5,65.9,8.6,6.6,5.5,6.5,6.3,6.9,5.9,4.7,4.3,4.2,3.2,3.4,4.1,4.8,21.4,67.1,2.0,9.5,22.8,95.7,56.0,1.3,29.4,8.4,3.9,2.2,99.4,0.7,0.2,0.1,0.2,99.9,0.4,9.8,43.3,0.0,28.9,8.9,51.1,2.2,0.0,2.2,6.7,45.0,14.9,10.7
64611309,male,5648.0,9.5,11.5,11.8,31.6,41.5,65.0,28.3,8.7,6.3,5.5,5.9,5.6,5.7,6.1,5.7,4.2,4.5,3.2,2.3,3.4,4.8,37.3,60.5,1.3,0.9,32.5,95.1,36.7,1.3,33.7,15.7,5.0,2.9,99.3,0.2,0.1,0.1,0.2,99.9,0.2,8.4,42.1,1.8,58.9,4.4,20.6,4.1,2.4,1.4,6.5,1770.0,13.4,8.9
64611311,female,3843.0,8.0,10.7,10.6,50.5,53.1,4.5,61.5,8.2,6.9,6.0,5.8,6.4,6.8,6.2,5.3,3.9,4.3,3.3,3.0,4.6,4.3,21.3,68.2,1.7,8.8,22.2,93.1,57.7,0.8,29.6,10.3,4.0,2.3,99.1,1.2,0.4,0.1,0.0,99.8,0.4,9.6,34.9,4.3,10.6,29.8,34.0,17.0,0.0,2.1,2.1,47.0,15.2,10.899999999999999
64611311,male,4083.0,8.9,10.8,10.8,33.1,40.8,58.3,37.5,9.9,6.9,5.8,5.8,6.0,6.2,5.8,5.0,4.7,4.4,3.0,2.6,3.4,5.0,37.4,60.5,1.4,0.7,31.2,90.9,37.9,1.0,33.6,17.8,4.8,2.0,99.2,0.5,0.1,0.0,0.0,99.6,0.3,8.4,32.6,1.4,31.3,8.6,42.6,1.7,6.1,2.0,6.3,1034.0,13.4,9.0
64611317,female,3468.0,8.0,10.1,10.1,51.7,54.6,7.7,74.5,8.9,6.9,6.0,5.4,5.5,6.9,5.7,6.1,4.0,4.3,2.9,3.5,5.7,3.5,23.2,62.1,2.0,12.7,22.4,95.3,58.7,0.5,26.2,9.9,6.0,2.8,98.8,0.6,0.2,0.0,0.1,99.8,0.5,18.6,72.2,2.0,12.2,24.5,44.9,6.1,2.0,2.0,6.1,49.0,16.4,12.100000000000001
64611317,male,3607.0,7.6,11.1,11.0,27.1,36.2,72.1,22.1,9.1,7.1,6.6,5.7,5.4,6.2,6.3,5.3,4.1,4.4,3.6,2.7,4.0,3.9,38.5,58.9,1.6,1.0,31.4,97.5,31.1,0.7,34.9,19.2,6.2,2.8,98.7,0.6,0.1,0.0,0.1,99.6,0.4,13.5,68.4,0.8,42.9,4.8,29.6,4.2,0.9,4.4,12.3,1426.0,14.7,10.3
64611319,female,4476.0,10.8,11.9,11.8,52.5,57.6,2.3,31.8,9.0,6.9,6.3,6.5,5.9,6.1,4.4,5.4,3.2,3.7,2.3,1.8,4.0,4.1,20.6,71.7,1.4,6.3,21.2,91.0,61.1,0.5,31.0,6.3,2.7,1.9,98.9,0.4,0.1,0.1,0.1,99.7,0.4,4.1,15.3,0.0,13.3,15.6,44.4,6.7,8.9,2.2,8.9,45.0,11.8,8.1
64611319,male,5037.0,11.4,11.6,13.0,36.4,45.5,71.1,15.5,8.7,6.9,6.5,5.9,6.0,6.6,5.7,3.9,3.1,3.5,2.8,2.0,2.3,4.0,38.9,59.5,0.9,0.7,30.9,91.6,42.5,0.4,35.4,13.8,2.7,2.2,99.0,0.3,0.1,0.0,0.1,99.7,0.3,2.8,13.7,0.5,27.2,3.0,34.1,1.5,6.7,5.8,21.1,1936.0,10.600000000000001,7.1
64611321,female,5807.0,7.9,10.2,12.4,53.2,55.2,2.5,50.0,7.5,6.6,6.4,6.2,6.1,7.5,6.4,4.4,4.2,4.6,3.2,2.7,3.8,5.1,20.8,66.6,1.8,10.8,22.8,94.8,61.8,0.5,26.7,10.9,4.2,2.5,99.1,0.5,0.2,0.0,0.0,99.8,0.2,11.0,38.5,0.0,16.0,42.0,24.0,12.0,0.0,0.0,6.0,50.0,14.3,9.7
64611321,male,6286.0,7.9,11.3,11.3,35.7,39.8,65.4,39.0,9.5,7.1,6.3,6.3,6.3,6.6,6.4,4.9,3.5,4.0,3.4,2.2,2.8,5.6,38.8,58.9,1.0,1.2,32.5,94.4,40.3,0.3,33.6,17.8,5.6,2.9,99.1,0.3,0.1,0.0,0.0,99.6,0.3,9.8,36.1,0.6,36.3,6.8,24.5,1.0,0.6,1.0,29.1,1744.0,12.400000000000002,8.399999999999999
64611325,female,6998.0,7.5,9.5,10.0,48.9,51.5,6.9,32.9,8.3,6.5,5.7,6.4,6.5,6.9,6.0,5.1,4.3,4.6,3.8,3.8,5.1,7.7,22.8,63.9,2.5,10.8,22.7,96.7,55.6,0.6,25.7,11.9,6.3,4.0,99.0,1.3,0.5,0.1,0.0,99.7,0.2,12.8,38.1,0.4,10.3,13.6,42.4,24.5,0.8,2.4,5.5,236.0,17.299999999999997,12.7
64611325,male,7245.0,7.8,10.2,9.9,26.8,32.5,65.1,14.3,9.3,6.8,6.1,5.8,6.1,6.3,6.8,5.6,4.2,4.4,3.2,3.5,4.1,6.8,40.3,57.0,2.0,0.7,32.9,98.4,30.1,1.3,30.5,23.2,7.2,5.3,98.9,0.4,0.2,0.0,0.0,99.5,0.3,9.3,40.4,1.8,34.1,5.4,39.3,10.5,0.9,4.2,3.8,2916.0,15.200000000000001,10.8
64611327,female,4525.0,8.0,11.3,11.2,54.9,54.2,5.7,50.0,8.8,6.1,6.0,6.2,6.2,6.8,6.3,5.2,3.6,4.1,3.6,2.5,4.1,7.6,20.5,67.5,2.4,9.5,21.1,91.4,62.8,2.1,31.4,7.7,2.8,1.8,99.8,0.2,0.0,0.0,0.0,99.9,0.1,8.0,50.5,0.0,41.1,10.0,21.1,22.2,2.2,1.1,2.2,90.0,14.299999999999999,10.2
64611327,male,4902.0,8.5,10.7,12.2,37.6,43.1,71.8,26.5,9.1,8.0,6.5,5.8,6.2,6.9,5.9,4.8,4.0,3.7,3.0,2.0,2.9,7.8,40.7,57.5,1.2,0.6,33.0,93.9,43.6,1.6,35.2,14.5,3.2,2.4,99.6,0.1,0.1,0.0,0.1,99.9,0.1,6.8,45.3,0.5,60.2,4.0,25.9,3.3,2.0,1.4,2.7,1775.0,11.6,7.9
64611333,female,10974.0,9.1,11.2,11.7,44.8,50.3,3.8,48.3,9.0,7.5,5.8,6.2,6.5,6.5,5.5,4.8,3.7,3.8,3.0,2.3,3.5,5.9,24.9,63.5,1.8,9.8,23.1,96.1,52.3,1.0,28.2,10.7,6.0,3.8,99.4,1.0,0.4,0.0,0.0,99.8,0.3,9.5,35.1,0.0,15.5,33.1,28.8,2.8,3.0,0.0,16.9,146.0,12.6,8.8
64611333,male,11383.0,8.9,11.9,11.1,25.6,35.1,57.3,37.7,9.4,7.5,6.7,5.9,5.9,6.4,5.5,4.9,4.3,4.2,2.8,2.0,2.6,5.3,41.2,55.5,2.5,0.7,30.9,92.6,29.5,1.0,33.5,19.3,7.1,3.9,99.4,0.2,0.1,0.0,0.1,99.8,0.2,6.4,32.8,1.8,31.0,7.1,29.8,1.2,10.9,1.5,16.7,2770.0,11.6,7.4
64611505,female,4092.0,6.8,8.5,11.2,51.5,52.2,3.6,32.7,8.5,6.8,6.3,5.5,5.8,6.6,5.8,5.4,5.0,5.2,4.4,3.1,5.0,8.0,22.3,64.3,2.3,11.1,22.5,97.1,59.1,1.3,25.4,11.0,5.5,4.6,99.0,0.8,0.1,0.1,0.0,99.7,0.5,8.9,44.9,0.0,8.3,20.8,56.9,1.4,1.4,0.0,11.1,72.0,17.700000000000003,12.5
64611505,male,4370.0,7.5,9.4,10.5,30.8,35.2,56.2,20.5,8.9,7.5,6.7,6.1,6.4,6.0,5.3,6.0,4.4,4.3,3.7,3.5,3.7,7.7,38.5,59.2,1.2,1.1,31.7,96.4,35.1,1.3,32.2,20.0,7.0,4.3,99.0,0.6,0.0,0.0,0.1,99.8,0.4,5.2,40.9,1.1,34.2,6.0,42.5,1.8,2.9,2.4,9.1,1417.0,15.2,10.9
64611509,female,2555.0,6.8,9.2,9.7,51.6,51.0,6.4,57.0,8.1,5.7,5.2,5.1,6.7,6.0,7.0,6.0,5.2,5.2,4.8,3.5,5.9,4.0,22.6,61.7,3.0,12.6,23.2,98.0,58.1,1.3,28.7,10.0,4.9,4.0,99.2,1.4,0.3,0.0,0.1,99.9,0.2,8.6,39.9,1.9,17.3,15.4,61.5,1.9,0.0,0.0,1.9,52.0,19.4,14.200000000000001
64611509,male,2548.0,7.1,8.9,10.0,26.2,31.0,63.4,17.2,8.3,6.7,6.3,5.3,5.3,6.0,6.9,6.0,4.6,5.7,5.1,3.9,4.0,4.8,36.9,60.7,1.5,1.0,32.5,98.6,29.4,1.2,37.7,19.2,7.2,3.8,99.4,0.6,0.3,0.0,0.0,99.9,0.1,6.8,38.8,0.8,43.6,7.2,39.1,3.5,0.7,1.3,3.7,990.0,18.700000000000003,13.0
64611511,female,3438.0,7.7,9.8,9.9,52.4,50.7,7.8,11.8,7.9,5.9,6.3,6.0,6.4,6.9,5.2,5.8,4.9,4.8,3.6,3.0,6.0,2.9,20.5,64.1,2.0,13.3,22.3,96.8,59.0,1.6,29.7,11.1,4.3,2.6,99.8,0.9,0.6,0.0,0.1,99.9,0.7,6.0,44.2,0.0,18.0,7.0,15.1,59.3,0.0,0.0,0.6,172.0,17.4,12.6
64611511,male,3580.0,7.3,9.7,10.1,29.0,31.1,70.6,20.8,8.2,6.8,5.6,6.3,6.9,6.7,5.7,5.4,5.0,4.7,3.8,3.5,4.2,3.3,36.7,60.5,1.5,1.3,32.9,97.4,32.7,2.2,39.3,18.7,5.8,2.8,99.7,0.7,0.3,0.0,0.1,99.9,0.3,3.9,38.6,0.1,61.9,3.7,22.6,6.5,2.5,2.3,0.4,1458.0,16.2,11.5
64611514,female,9607.0,8.9,10.7,10.4,47.4,50.9,6.0,31.8,8.3,7.1,6.5,6.2,6.2,6.2,5.9,5.2,4.4,4.5,3.0,2.7,3.7,5.0,19.4,67.8,1.9,10.9,21.7,92.2,54.3,1.3,29.8,10.5,4.7,2.8,98.6,1.1,0.4,0.1,0.1,99.7,1.5,6.2,31.9,0.0,11.3,20.1,47.9,19.1,0.0,1.6,0.0,274.0,13.899999999999999,9.4
64611514,male,10513.0,8.7,10.3,10.6,27.4,32.9,68.4,17.1,8.8,6.9,6.7,6.7,6.5,6.5,5.6,5.7,4.3,4.0,3.2,2.7,2.7,4.9,37.6,60.1,1.7,0.5,30.8,90.6,31.1,1.9,34.9,20.0,7.0,3.4,98.8,0.7,0.4,0.0,0.1,99.9,0.6,5.1,34.4,0.7,32.1,4.3,52.0,3.3,0.9,3.5,3.1,4203.0,12.600000000000001,8.600000000000001
64611515,female,4048.0,7.5,8.7,10.1,51.8,60.5,5.3,73.9,8.3,6.6,5.2,5.2,6.5,6.3,6.7,5.4,5.6,5.0,4.2,3.5,5.5,4.9,20.8,64.4,2.1,12.7,23.1,89.3,58.5,0.7,22.0,8.6,5.0,3.2,96.8,0.9,0.1,0.0,0.2,99.7,0.4,9.2,42.9,4.9,9.8,22.0,58.5,0.0,0.0,0.0,4.9,41.0,18.2,13.2
64611515,male,4376.0,7.5,9.5,9.3,33.8,44.2,61.0,30.0,8.5,6.6,6.8,6.7,6.1,6.3,5.7,5.3,4.4,4.9,4.2,3.8,4.4,4.9,37.4,60.0,1.2,1.4,32.9,87.4,37.6,0.5,31.1,15.5,6.1,2.5,97.0,0.5,0.0,0.0,0.1,99.8,0.3,6.9,41.4,1.5,21.4,4.0,70.2,0.5,0.7,0.2,1.5,1378.0,17.300000000000004,12.4
64611519,female,4342.0,8.0,8.8,9.6,45.8,48.5,6.3,47.8,7.6,7.3,5.6,6.4,6.1,6.3,5.8,5.4,5.2,5.4,3.8,3.7,5.0,6.7,23.7,62.3,2.6,11.4,22.6,97.4,51.7,1.0,26.0,12.3,6.5,5.6,99.3,1.4,0.4,0.2,0.1,99.3,0.8,15.0,54.7,1.0,1.9,30.5,46.7,18.1,1.9,0.0,0.0,105.0,17.9,12.5
64611519,male,4400.0,8.1,9.5,10.0,25.4,29.8,66.0,38.2,7.9,6.3,6.1,6.0,6.0,6.6,6.6,5.9,4.8,5.1,4.4,3.2,3.6,6.5,37.7,60.1,1.1,1.1,33.5,94.1,28.6,1.2,35.9,19.8,7.9,5.4,99.0,1.2,0.3,0.1,0.2,99.5,0.5,10.8,50.3,1.3,42.5,10.9,33.8,6.1,1.1,2.8,1.5,1299.0,16.3,11.200000000000001
64611525,female,6650.0,8.1,9.8,10.3,46.9,49.4,5.4,40.3,8.8,6.8,6.4,6.4,6.6,6.2,6.1,5.6,4.5,4.7,3.4,2.7,3.6,3.6,22.5,65.8,2.9,8.8,22.4,95.7,53.5,1.0,26.7,12.3,6.3,4.3,98.7,2.6,0.7,0.0,0.1,100.0,1.0,6.1,45.5,0.0,13.3,14.8,65.9,3.4,2.6,0.0,0.0,155.0,14.4,9.7
64611525,male,7513.0,8.1,10.0,10.8,27.5,32.5,71.5,12.7,9.1,7.4,6.2,6.5,6.6,6.4,5.5,5.5,4.2,4.4,3.4,2.6,3.3,3.5,40.4,56.4,1.6,1.5,32.7,95.9,31.5,1.0,34.7,20.5,8.3,3.0,99.1,1.6,0.6,0.0,0.1,99.9,0.5,3.6,36.3,1.1,27.2,3.7,63.8,3.2,0.3,0.0,0.7,3334.0,13.7,9.3
64611703,female,6285.0,9.9,12.3,12.9,60.7,60.6,1.5,79.3,9.3,7.4,5.9,6.3,6.6,6.1,5.2,4.2,3.2,2.9,2.2,2.3,3.2,3.1,17.2,72.4,2.4,8.0,21.0,82.8,71.7,0.2,29.9,7.2,1.9,0.1,98.3,0.0,0.1,0.0,0.0,99.6,0.4,2.3,20.5,0.0,100.0,0.0,0.0,0.0,0.0,0.0,0.0,13.0,10.6,7.7
64611703,male,6813.0,9.8,11.7,13.1,45.4,51.0,73.3,35.2,9.7,7.8,5.8,5.1,6.7,6.4,6.1,4.7,3.4,2.9,2.2,1.8,2.7,3.8,34.5,64.3,0.5,0.7,28.6,86.0,52.9,0.8,29.9,14.6,1.8,1.9,98.0,0.1,0.3,0.0,0.0,99.8,0.0,2.7,22.8,2.0,23.6,3.5,58.2,4.5,0.0,2.4,5.8,2115.0,9.6,6.7
64611707,female,6121.0,7.5,9.7,11.0,45.6,46.7,7.5,24.2,8.1,7.7,6.3,6.2,6.0,6.6,5.8,5.9,4.8,4.0,3.4,2.7,4.4,5.6,22.2,65.2,3.3,9.4,20.9,96.6,52.4,1.8,28.5,13.7,5.4,3.9,98.9,1.1,0.3,0.0,0.1,99.8,0.4,15.0,63.0,0.4,44.6,18.7,24.3,8.4,0.4,1.2,2.0,251.0,14.500000000000002,10.5
64611707,male,6064.0,8.8,11.8,12.5,29.0,32.9,69.6,22.4,8.7,6.0,5.3,5.3,5.4,5.9,6.1,6.1,4.7,4.4,3.0,2.6,3.5,6.0,36.8,60.8,1.3,1.1,31.6,96.9,34.2,2.3,34.9,20.7,5.9,3.2,99.3,0.8,0.2,0.0,0.1,99.8,0.3,9.8,58.4,1.6,55.8,6.8,26.1,5.5,0.7,2.0,1.5,2194.0,13.5,9.1
64611713,female,4463.0,7.9,11.6,11.2,55.2,54.9,4.2,28.7,8.8,6.5,6.3,6.0,7.1,6.1,5.6,5.5,3.6,4.5,2.9,2.4,4.1,4.6,20.1,67.8,2.8,9.3,21.7,96.9,63.7,1.2,28.1,8.4,5.0,2.4,99.7,0.8,0.0,0.0,0.0,99.9,0.4,14.8,62.5,1.1,9.8,26.1,58.7,2.2,0.0,2.2,0.0,92.0,13.9,9.399999999999999
64611713,male,4868.0,9.1,10.1,11.1,31.8,39.2,69.1,15.6,9.2,8.5,7.2,6.7,7.2,5.3,6.0,4.7,2.7,3.6,2.7,2.8,3.1,4.3,38.8,59.5,1.0,0.7,30.6,94.9,36.5,1.2,33.2,16.1,7.3,3.2,99.5,0.3,0.1,0.0,0.0,99.8,0.2,13.3,56.4,1.2,22.9,4.1,69.1,0.3,0.2,0.8,1.4,1979.0,12.200000000000001,8.6
64611721,female,6483.0,7.4,9.7,10.6,52.3,53.7,12.7,46.4,8.6,6.3,5.5,6.0,5.9,6.6,5.9,5.5,4.3,4.7,3.9,3.5,5.6,4.1,23.4,59.6,2.9,14.1,20.3,95.8,59.8,0.9,27.1,11.5,4.8,2.1,98.8,1.3,0.0,0.0,0.1,99.2,1.1,8.9,46.3,0.0,62.1,3.9,4.9,27.8,0.0,0.0,1.4,318.0,17.7,13.0
64611721,male,6670.0,8.8,9.5,10.0,32.3,35.7,71.6,18.0,8.5,6.3,5.4,5.7,6.3,6.9,7.2,5.5,4.3,4.6,3.7,3.1,4.4,7.0,38.2,57.4,3.3,1.1,33.0,96.1,36.4,0.6,41.0,14.9,5.2,2.6,99.1,0.4,0.1,0.0,0.0,100.0,0.1,5.0,40.6,0.3,62.6,4.3,19.9,10.9,1.4,0.4,0.2,2809.0,15.8,11.200000000000001
64611723,female,4055.0,7.9,10.1,10.9,54.6,54.7,7.8,6.6,7.7,5.8,5.9,5.1,6.5,7.8,6.0,5.2,4.2,4.1,4.4,3.0,5.4,4.6,21.2,68.1,2.2,8.5,22.7,95.5,62.6,0.5,28.6,9.8,4.7,1.6,98.8,1.0,0.2,0.0,0.1,99.9,0.9,5.8,36.8,10.9,28.4,2.4,17.5,39.8,0.0,0.9,0.0,211.0,16.9,12.8
64611723,male,4148.0,9.0,10.6,11.0,41.1,44.4,69.8,10.9,8.4,5.5,4.4,6.3,5.5,6.6,7.0,5.3,4.5,4.4,3.6,3.5,4.3,5.2,37.7,60.3,1.3,0.8,33.3,96.8,47.0,0.6,35.5,14.4,3.6,1.5,98.6,0.3,0.2,0.0,0.1,99.7,0.2,3.2,30.4,3.5,66.0,2.7,13.7,7.0,0.3,3.9,2.8,1790.0,15.8,11.399999999999999
64611727,female,5072.0,8.1,10.7,10.7,49.1,52.4,8.4,40.7,8.4,7.2,5.7,6.7,6.5,6.6,5.6,5.2,4.5,3.9,3.1,2.9,4.3,6.8,23.3,64.0,2.2,10.5,23.9,95.8,56.4,1.0,26.4,11.4,5.0,3.8,99.8,0.3,0.5,0.1,0.0,100.0,0.0,8.5,40.4,0.0,12.0,20.0,22.5,31.0,0.0,2.6,12.0,179.0,14.2,10.3
64611727,male,5439.0,7.8,10.9,10.7,34.2,38.5,62.6,10.0,8.8,7.1,6.6,6.6,6.3,6.3,6.3,4.8,3.8,4.4,3.4,2.5,3.6,7.3,38.1,60.2,1.0,0.7,31.4,97.6,38.7,1.6,31.9,18.3,5.8,3.9,99.8,0.1,0.4,0.0,0.0,100.0,0.0,6.1,32.8,1.3,34.6,5.5,43.8,3.9,0.6,1.6,8.8,2164.0,13.9,9.5
64611731,female,5777.0,8.8,10.9,12.5,54.7,55.9,2.0,15.2,9.0,6.0,5.7,6.0,7.0,6.2,5.6,4.5,3.8,3.7,3.0,2.7,4.3,3.9,19.7,68.2,2.3,9.9,21.6,97.1,64.5,0.5,29.5,8.4,3.7,2.1,99.4,0.6,0.1,0.0,0.0,99.9,0.3,6.9,47.4,0.0,10.4,16.4,40.3,28.4,0.0,0.0,4.5,67.0,13.7,10.0
64611731,male,6045.0,8.8,11.1,11.5,33.1,41.7,70.3,10.1,9.3,6.7,6.3,5.7,6.7,6.6,6.5,4.7,3.9,3.7,2.8,2.3,3.5,4.4,35.1,62.8,1.2,0.9,29.8,98.0,38.4,1.2,34.7,15.2,4.8,2.3,99.7,0.1,0.0,0.0,0.0,99.9,0.1,5.1,42.8,1.1,39.1,4.0,39.5,3.3,0.3,2.4,10.3,2619.0,12.3,8.6
64670105,female,10568.0,8.9,10.6,10.7,40.3,43.4,7.8,28.9,8.8,8.2,7.3,7.1,7.0,6.6,5.1,4.7,3.4,4.1,2.7,2.1,2.9,6.8,21.7,66.5,3.1,8.7,22.4,92.5,45.9,1.2,26.8,15.4,7.9,5.3,98.9,0.7,0.4,0.1,0.0,99.7,0.4,18.1,55.2,4.8,14.9,33.0,35.3,7.6,1.4,2.3,0.9,408.0,11.8,7.700000000000001
64670105,male,11148.0,9.1,10.7,11.7,26.2,34.4,70.7,16.8,8.8,7.6,6.5,6.8,7.2,6.8,5.6,5.0,3.1,3.8,2.8,2.1,2.4,5.3,36.9,61.0,1.5,0.6,31.0,92.1,29.7,2.5,29.4,20.5,8.5,4.7,98.6,0.8,0.5,0.0,0.1,99.8,0.4,14.5,49.8,11.9,24.2,8.8,45.1,2.6,1.0,2.8,3.6,4486.0,11.1,7.300000000000001
64670107,female,28209.0,7.0,8.7,9.0,28.6,34.1,19.4,25.4,8.3,8.2,7.6,7.3,7.0,7.0,6.7,5.7,4.3,4.8,3.4,2.4,2.6,4.3,26.3,57.5,6.8,9.4,23.8,96.1,31.9,1.3,24.0,17.2,12.6,10.9,98.6,1.9,0.7,0.0,0.1,99.6,0.8,25.0,64.7,2.2,13.5,37.0,41.7,1.3,0.7,1.0,2.7,3067.0,13.2,8.4
64670107,male,27907.0,8.0,9.6,10.1,14.4,23.2,69.4,19.4,8.6,7.7,6.9,7.2,6.4,6.6,6.0,5.8,4.5,4.7,3.0,2.7,2.2,4.6,38.7,58.3,2.2,0.9,31.5,94.2,16.3,1.6,28.8,21.6,12.3,12.5,98.9,2.2,0.6,0.1,0.1,99.8,0.8,22.0,61.9,3.5,33.8,18.0,32.2,1.8,1.6,3.7,5.4,11257.0,12.600000000000001,7.9
64670109,female,6990.0,8.3,9.5,10.4,26.5,33.5,14.1,17.8,8.2,8.1,7.7,7.7,7.0,7.0,5.7,5.6,3.7,4.1,2.4,2.3,2.6,4.3,25.5,62.2,5.0,7.3,24.1,95.4,30.2,1.5,26.5,14.8,12.5,11.3,99.7,1.1,0.2,0.3,0.0,99.8,1.1,17.5,62.1,0.9,2.9,59.0,27.5,0.9,1.0,0.6,7.2,582.0,11.4,7.299999999999999
64670109,male,6925.0,8.3,10.2,10.2,14.1,20.8,62.8,10.7,8.9,7.2,5.9,7.4,6.1,6.8,6.7,5.7,4.4,4.7,3.1,2.1,2.2,4.4,38.1,59.9,1.4,0.6,32.7,95.2,15.8,2.7,29.8,17.1,14.2,15.5,99.5,1.6,0.5,0.2,0.1,99.8,1.1,16.3,59.7,4.0,31.3,24.4,25.2,2.1,0.8,5.8,6.4,2769.0,12.100000000000001,7.4
64670301,female,8491.0,7.7,9.0,11.0,58.0,58.8,3.4,23.1,8.5,5.8,5.0,5.2,6.2,7.0,6.1,5.9,5.5,5.6,3.9,3.0,4.6,4.4,18.0,65.9,3.3,12.8,22.3,95.4,66.7,0.7,23.9,8.7,5.2,2.7,98.4,0.2,0.1,0.0,0.0,100.0,0.0,11.1,47.8,0.0,29.3,17.4,37.2,0.0,0.0,2.4,13.8,160.0,17.1,11.5
64670301,male,8274.0,7.6,10.5,11.6,37.3,42.1,72.0,17.3,7.6,5.3,5.0,5.1,5.8,6.9,6.9,6.1,4.4,5.8,4.6,3.3,3.6,5.6,31.3,65.7,2.0,0.9,31.9,91.8,42.9,1.4,34.3,13.3,5.0,4.0,98.7,0.2,0.1,0.0,0.0,99.8,0.1,8.3,43.5,1.2,40.1,8.8,32.9,3.9,1.3,3.9,7.9,3463.0,17.3,11.5
64670303,female,6208.0,7.5,9.9,12.0,57.0,57.5,1.2,19.5,9.5,6.0,5.4,5.0,5.7,6.1,6.4,5.5,4.3,5.0,3.9,2.9,4.8,4.1,20.2,65.8,1.8,12.2,22.3,96.8,66.7,1.2,25.0,10.3,3.1,2.9,98.8,0.2,0.0,0.1,0.0,100.0,0.0,12.4,52.0,0.0,8.0,81.1,10.9,0.0,0.0,0.0,0.0,44.0,16.6,11.6
64670303,male,6586.0,7.6,10.3,11.9,40.2,45.1,70.4,4.3,8.9,5.9,5.7,5.6,5.1,5.7,6.4,5.7,4.5,5.3,4.4,2.9,4.2,3.9,37.8,60.8,0.4,0.9,33.1,92.1,46.7,1.7,32.4,14.0,4.0,2.7,98.2,0.2,0.0,0.0,0.0,99.9,0.1,7.2,39.4,0.4,35.2,3.1,53.7,4.0,2.3,0.8,0.3,3119.0,16.8,11.5
64670309,female,2484.0,7.4,10.4,10.7,66.6,63.9,0.9,0.0,8.9,6.1,5.6,6.0,6.2,5.8,5.9,5.6,4.3,5.6,3.3,4.1,4.0,5.1,22.0,62.9,3.2,12.0,22.0,90.9,75.0,0.7,22.0,8.1,3.3,2.1,98.9,0.3,0.0,0.0,0.0,99.9,0.7,7.8,39.5,0.0,12.5,31.3,31.3,12.5,6.3,0.0,6.3,16.0,17.0,11.399999999999999
64670309,male,2765.0,8.6,10.9,12.2,45.4,48.5,43.2,14.5,9.6,8.0,6.9,6.1,5.0,5.4,4.7,5.0,3.8,4.0,3.9,2.9,3.0,4.1,41.4,55.9,1.4,1.2,32.3,87.6,51.6,1.0,28.4,14.9,4.4,2.8,99.0,0.1,0.0,0.0,0.1,99.9,0.1,7.6,34.7,0.7,46.4,7.0,15.0,4.6,2.7,3.6,19.9,698.0,13.8,9.8
64670317,female,4978.0,7.6,10.2,11.0,58.6,56.5,3.3,36.6,8.5,5.5,6.0,4.9,6.2,6.4,6.3,5.7,4.4,5.2,3.8,3.2,4.9,4.6,21.4,62.6,2.0,14.1,24.2,95.9,67.2,0.8,24.1,11.5,3.8,3.3,99.0,0.4,0.2,0.0,0.0,99.7,0.0,10.7,46.1,0.0,11.3,0.0,18.7,63.7,0.0,0.0,6.3,73.0,17.1,11.9
64670317,male,4975.0,8.6,10.2,11.8,38.4,40.5,76.4,2.1,8.7,5.1,4.5,4.4,6.1,6.7,6.3,5.9,4.9,5.5,4.1,3.6,3.7,4.9,31.5,66.4,0.7,1.4,32.1,96.1,44.6,0.8,33.0,19.8,2.7,3.3,98.7,0.1,0.0,0.0,0.0,100.0,0.0,3.5,41.6,2.1,34.5,4.0,36.7,14.0,0.8,5.4,2.6,2584.0,16.9,11.399999999999999
64670319,female,8842.0,7.0,9.6,9.8,48.7,50.0,5.4,28.1,8.8,6.7,6.0,5.7,6.3,6.6,6.4,5.6,4.8,5.0,3.8,3.1,4.7,6.3,23.4,61.2,2.9,12.5,22.8,93.2,55.1,0.5,24.9,11.7,6.2,6.7,98.7,1.0,0.2,0.0,0.1,99.8,0.1,23.7,63.5,0.0,7.2,59.6,29.5,1.2,0.0,0.0,2.6,251.0,16.6,11.600000000000001
64670319,male,8643.0,8.3,10.2,10.8,31.2,37.1,68.7,18.8,8.3,6.1,5.6,5.9,5.8,6.3,6.5,5.9,4.0,5.3,4.0,3.3,3.8,5.8,34.7,62.8,1.0,1.5,31.6,92.1,35.8,1.2,31.8,18.3,6.3,5.3,99.1,0.6,0.2,0.0,0.0,99.9,0.1,13.3,54.2,0.9,29.7,9.7,48.7,3.7,1.6,1.4,4.3,3405.0,16.400000000000002,11.1
64670325,female,4713.0,6.6,9.4,10.0,59.4,59.9,3.6,41.1,8.2,5.9,4.8,4.7,5.6,6.5,6.7,5.8,5.1,5.8,4.5,4.3,6.4,4.8,22.8,59.3,3.3,14.6,21.6,97.7,67.2,0.9,23.2,9.1,3.8,3.1,98.6,0.2,0.0,0.0,0.0,99.8,0.2,12.2,42.6,0.0,31.5,24.7,27.4,9.6,0.0,6.8,0.0,73.0,21.0,15.200000000000001
64670325,male,4486.0,8.3,10.1,10.3,34.3,40.5,68.7,13.7,8.7,6.7,5.2,5.3,6.0,6.4,6.2,5.6,4.2,4.5,4.2,3.6,4.7,4.9,36.4,61.1,1.5,1.0,32.5,95.9,38.9,1.3,32.7,17.1,5.0,3.5,98.3,0.2,0.1,0.0,0.0,99.8,0.2,7.2,36.7,1.1,55.9,6.0,27.0,4.5,1.2,3.2,1.3,1897.0,17.0,12.5
64670331,female,3077.0,6.6,9.0,10.2,63.1,61.7,2.8,30.8,8.7,5.4,5.1,5.2,5.8,6.1,5.4,6.4,5.4,5.7,4.6,3.5,6.8,6.7,22.0,63.7,1.7,12.6,23.1,96.2,71.4,1.2,21.0,8.8,4.1,3.2,99.6,0.4,0.1,0.0,0.0,99.9,0.1,18.5,60.0,0.0,24.4,46.7,8.9,20.0,0.0,0.0,0.0,45.0,20.6,14.899999999999999
64670331,male,2885.0,8.4,10.4,11.3,39.1,45.1,64.4,20.1,7.0,5.1,5.3,5.8,5.6,5.8,5.6,5.0,4.3,5.8,4.8,4.2,5.4,7.1,31.2,66.7,1.0,1.1,32.4,96.3,45.3,1.9,30.6,13.8,5.0,3.7,99.7,0.2,0.2,0.0,0.0,99.8,0.2,10.7,45.7,0.4,58.7,6.7,27.7,4.1,1.6,0.9,0.0,1036.0,20.200000000000003,14.4
64670511,female,7549.0,9.8,11.4,11.2,54.5,55.6,4.3,43.0,9.3,6.9,5.8,6.2,5.4,5.9,5.1,4.5,3.5,4.5,3.3,2.9,4.2,6.7,21.8,63.8,3.1,11.3,21.3,93.5,63.0,0.7,26.2,9.6,5.0,3.1,97.1,0.4,0.1,0.1,0.0,100.0,0.4,6.9,32.6,0.0,9.7,14.4,31.8,7.1,0.0,0.0,37.0,125.0,14.899999999999999,10.399999999999999
64670511,male,7963.0,9.4,11.0,11.8,31.9,41.5,72.5,16.3,8.7,7.7,7.0,6.7,5.8,5.8,5.6,4.0,3.2,4.0,2.9,2.8,3.7,6.0,38.9,58.7,1.3,1.1,31.4,91.6,36.7,0.6,33.2,16.9,4.3,3.5,97.4,0.2,0.1,0.0,0.0,99.9,0.1,3.2,23.6,3.1,43.9,7.1,23.4,4.5,2.4,5.3,10.4,3277.0,13.399999999999999,9.399999999999999
64670513,female,6903.0,9.3,11.6,12.6,52.9,55.4,3.0,55.6,9.6,7.0,5.4,5.8,5.7,6.0,5.2,4.8,4.0,3.7,3.0,2.6,3.7,6.1,22.9,62.7,4.1,10.3,19.6,89.4,62.0,1.3,25.4,10.1,4.9,2.8,98.6,0.2,0.0,0.0,0.0,99.9,0.2,7.4,39.9,0.0,3.2,60.6,22.5,0.0,0.0,0.0,13.6,62.0,13.0,9.3
64670513,male,7356.0,9.3,11.4,11.1,31.3,38.5,60.6,34.6,9.9,8.1,6.7,5.8,6.0,5.8,5.2,4.8,3.3,3.8,3.2,2.6,2.8,4.1,40.1,57.5,1.3,1.0,30.3,91.9,35.6,2.4,29.5,19.9,5.9,3.9,99.4,0.0,0.0,0.0,0.0,99.5,0.5,5.5,35.4,1.6,45.7,5.4,21.3,1.4,1.9,11.5,11.1,1988.0,12.399999999999999,8.600000000000001
64670515,female,6903.0,7.7,9.8,10.2,51.3,53.0,2.3,26.8,9.0,7.3,5.9,5.5,6.4,6.0,5.8,5.5,4.8,4.9,3.9,3.2,4.1,6.2,23.7,59.0,4.9,12.4,23.0,97.8,58.0,0.7,24.5,12.7,5.0,4.1,98.5,0.5,0.1,0.1,0.0,99.8,0.2,4.6,33.6,7.5,0.0,44.6,42.1,0.0,0.0,5.8,0.0,83.0,16.1,11.2
64670515,male,7094.0,8.7,10.1,9.7,28.4,35.5,61.8,31.3,9.0,7.6,6.3,6.7,5.8,6.1,6.6,5.2,3.8,4.2,3.4,3.3,3.6,6.0,40.1,57.3,1.8,0.8,33.1,99.1,31.9,1.4,35.2,17.9,5.5,4.6,99.0,0.1,0.2,0.0,0.0,100.0,0.0,3.9,25.3,0.4,33.8,6.1,39.7,3.0,8.0,3.1,5.8,2156.0,14.499999999999998,10.299999999999999
64670529,female,5938.0,8.2,10.2,10.7,49.5,50.2,5.1,27.6,10.4,7.5,6.3,5.3,6.2,5.9,5.8,4.8,4.0,4.0,3.1,3.0,4.6,8.0,24.2,59.9,3.3,12.6,20.6,96.0,56.9,0.8,25.8,13.0,5.3,4.9,97.0,0.4,0.3,0.2,0.1,100.0,0.1,13.5,47.0,0.6,10.8,52.5,35.4,0.0,0.6,0.0,0.0,155.0,14.7,10.7
64670529,male,6120.0,8.6,10.3,11.8,28.6,34.0,70.5,14.8,9.6,7.5,7.3,6.0,5.8,6.0,5.3,5.0,4.2,4.5,2.8,2.3,2.9,7.6,41.5,55.7,2.5,0.4,29.9,92.4,33.1,1.0,32.4,20.9,5.5,6.2,98.2,0.3,0.3,0.0,0.1,99.6,0.1,8.2,46.7,1.4,40.4,9.5,38.2,5.3,1.5,0.9,2.8,2543.0,12.5,8.0
64670535,female,4254.0,7.9,10.3,10.5,58.8,58.4,2.8,51.5,8.3,6.1,5.8,5.7,5.7,6.3,5.3,5.4,4.4,5.7,4.0,3.7,5.0,11.7,20.9,63.2,3.4,12.5,23.4,98.7,67.3,0.9,22.5,10.3,5.2,2.6,99.4,0.6,0.0,0.0,0.0,99.7,0.3,9.1,38.3,0.0,11.2,10.5,40.8,22.1,0.0,0.0,15.4,41.0,18.4,12.7
64670535,male,4789.0,7.5,9.8,10.8,34.9,42.2,65.3,19.7,9.0,8.8,7.5,6.3,5.8,5.8,4.9,3.9,3.8,4.8,4.2,3.5,3.5,9.1,41.5,56.7,0.6,1.3,32.2,95.0,39.6,1.2,30.7,17.2,6.6,2.1,99.6,0.1,0.0,0.0,0.0,100.0,0.0,2.8,24.6,0.6,31.6,6.3,56.3,2.7,0.0,1.3,1.1,1806.0,16.0,11.2
64670705,female,11391.0,8.1,10.7,10.4,54.5,53.9,4.0,45.1,8.9,6.9,6.2,6.3,6.5,6.1,5.8,5.2,4.2,4.9,2.8,3.0,4.0,5.9,23.5,61.4,3.6,11.4,23.8,95.1,62.1,1.5,23.7,12.5,4.5,3.9,99.0,0.1,0.1,0.0,0.0,99.7,0.3,12.2,49.8,0.0,8.5,12.9,65.8,7.0,2.6,0.0,3.1,177.0,14.7,9.8
64670705,male,12246.0,8.3,10.8,10.9,35.7,40.6,71.6,31.8,9.2,7.7,6.1,6.0,6.6,6.5,5.7,4.7,3.9,5.0,3.1,2.8,2.6,4.9,39.9,57.9,1.3,0.9,31.7,96.3,41.0,1.5,31.4,18.4,5.1,3.0,98.7,0.1,0.0,0.0,0.0,99.7,0.1,5.7,38.2,0.4,41.9,3.1,45.4,5.1,0.3,1.0,2.7,4189.0,13.499999999999998,8.5
64670707,female,9934.0,10.1,12.0,12.0,60.5,61.5,3.7,62.2,9.1,6.7,5.7,5.9,5.9,5.5,5.6,4.2,3.4,4.8,3.2,2.9,3.0,5.2,20.4,66.6,2.2,10.8,21.3,93.4,71.0,0.7,24.6,8.0,3.7,1.5,97.8,0.2,0.1,0.0,0.1,100.0,0.0,6.1,34.3,0.0,21.3,8.6,29.4,27.6,0.0,0.0,13.1,90.0,13.9,9.1
64670707,male,11137.0,9.5,11.7,11.3,33.0,45.9,71.8,32.4,9.2,8.3,7.5,6.9,6.0,5.5,5.5,3.8,2.7,3.6,3.0,3.0,2.5,4.5,41.9,56.0,1.0,1.1,31.0,92.3,38.2,0.5,32.4,14.2,3.4,3.5,98.2,0.2,0.0,0.0,0.0,99.8,0.3,3.5,27.4,0.6,50.4,5.5,34.7,2.9,1.9,1.4,2.5,3643.0,12.1,8.5
64670721,female,9068.0,7.9,10.3,10.7,48.7,49.3,6.7,27.4,9.5,7.7,5.8,6.2,6.4,6.5,6.2,5.2,4.1,4.4,3.0,2.7,3.4,5.1,25.3,59.5,3.8,11.4,22.3,94.0,55.6,1.1,28.0,14.0,4.7,2.8,98.7,0.4,0.2,0.1,0.0,100.0,0.3,9.5,39.2,0.0,7.4,16.0,55.7,19.2,0.0,1.7,0.0,314.0,13.500000000000002,9.1
64670721,male,9860.0,8.1,10.7,11.1,24.9,30.6,70.3,26.3,9.6,8.6,7.1,6.6,5.8,6.0,5.7,4.9,3.9,4.1,3.0,2.2,2.5,4.8,43.2,54.3,0.9,1.6,33.2,97.3,28.4,1.7,36.6,22.1,4.8,4.3,98.8,0.2,0.1,0.0,0.1,99.9,0.2,7.4,35.3,0.8,33.1,4.8,53.1,3.9,2.0,1.6,0.6,3578.0,11.8,7.7
64670723,female,7841.0,8.0,9.7,10.4,51.6,53.4,6.3,38.9,8.7,6.7,6.0,6.2,6.2,6.6,6.4,5.8,4.1,5.1,3.8,3.1,3.2,5.0,22.7,63.0,4.7,9.6,21.2,93.2,58.9,0.8,26.5,11.0,4.7,3.6,99.1,0.3,0.1,0.0,0.1,99.3,0.7,10.6,53.6,0.0,8.6,13.3,41.8,36.3,0.0,0.0,0.0,217.0,15.2,10.100000000000001
64670723,male,7929.0,7.9,10.2,11.0,29.5,34.3,67.0,13.8,8.9,6.4,5.8,5.7,6.3,6.8,6.1,5.7,4.7,4.8,3.8,2.8,3.1,4.0,37.0,59.4,2.1,1.5,32.1,95.5,33.8,1.2,33.8,21.9,5.1,3.8,99.5,0.1,0.0,0.0,0.1,99.8,0.2,8.1,52.2,1.4,38.5,3.5,43.5,4.6,0.6,3.1,4.9,3249.0,14.499999999999998,9.7
64670727,female,4390.0,7.4,9.6,9.8,58.1,57.5,5.3,50.0,8.0,6.0,5.5,6.1,5.9,5.9,5.8,5.1,4.2,5.6,4.5,4.3,6.2,5.0,19.1,63.7,3.8,13.4,23.7,87.1,65.4,1.0,25.5,8.9,4.5,2.6,99.0,0.6,0.0,0.0,0.0,100.0,0.0,10.5,40.7,0.0,22.9,22.5,54.6,0.0,0.0,0.0,0.0,85.0,20.599999999999998,15.0
64670727,male,4383.0,8.0,10.4,10.4,32.0,39.0,64.9,36.6,7.9,6.8,5.4,5.6,6.0,6.1,6.2,5.3,4.0,4.4,4.3,4.1,5.1,6.1,32.4,64.8,1.7,1.1,29.8,91.0,36.4,2.5,34.3,16.9,3.5,3.7,99.7,0.3,0.1,0.0,0.0,99.8,0.2,5.5,32.6,2.3,26.8,9.9,50.9,4.0,0.4,5.2,0.6,1281.0,17.9,13.499999999999998
64670733,female,9236.0,7.8,10.1,10.5,57.9,56.6,8.7,24.6,8.6,6.5,5.8,5.8,6.1,6.5,6.1,5.6,4.4,5.3,3.5,3.3,4.1,6.6,21.7,62.3,2.9,13.0,21.8,94.2,65.6,1.0,26.0,9.2,3.4,3.8,98.9,0.1,0.0,0.0,0.0,100.0,0.0,12.2,50.4,0.0,23.8,12.6,12.5,46.5,0.0,2.7,1.8,433.0,16.200000000000003,10.899999999999999
64670733,male,9291.0,7.7,10.9,10.7,32.6,40.6,72.0,14.1,8.2,6.5,6.1,5.7,6.4,6.9,6.5,5.4,3.7,4.7,3.6,3.6,3.4,6.0,36.1,61.8,1.1,1.0,31.4,92.8,36.6,1.6,32.9,16.0,4.9,4.1,99.1,0.1,0.0,0.0,0.0,99.8,0.0,8.8,40.8,0.8,57.7,4.6,20.0,12.0,1.2,0.8,2.9,4068.0,15.3,10.6
64671101,female,17077.0,9.1,10.5,10.9,49.8,50.2,6.3,27.8,8.2,7.1,5.8,6.4,5.9,6.4,5.7,4.9,4.2,5.1,3.2,2.9,3.8,6.5,20.6,62.4,5.3,11.7,21.7,95.9,57.3,1.7,27.6,12.3,4.4,3.8,98.6,0.3,0.2,0.1,0.1,99.9,0.1,12.3,51.2,1.7,21.4,18.0,45.0,2.1,1.0,4.4,6.4,541.0,15.0,9.899999999999999
64671101,male,17533.0,8.6,10.6,11.3,30.3,34.5,67.1,17.7,8.8,7.8,6.5,6.3,6.3,6.3,5.5,5.3,3.8,4.1,3.5,2.7,2.6,6.6,39.8,57.7,1.6,1.0,31.9,94.0,34.5,1.8,36.7,18.4,5.2,3.4,98.6,0.3,0.1,0.0,0.2,99.6,0.4,8.0,46.5,1.0,39.3,4.3,30.4,2.0,4.4,7.7,10.8,6735.0,12.9,8.8
64671103,female,11049.0,7.6,8.9,10.1,48.6,48.4,6.7,51.9,9.2,8.4,5.8,5.6,5.8,5.8,6.1,5.7,4.1,5.5,3.2,3.2,5.0,7.6,25.2,60.0,2.8,11.9,23.0,97.8,55.1,0.7,24.5,14.1,5.7,6.6,99.0,0.6,0.0,0.0,0.1,99.9,0.5,16.8,47.0,0.0,3.8,33.7,62.5,0.0,0.0,0.0,0.0,262.0,16.9,11.4
64671103,male,11479.0,8.0,9.4,10.3,27.9,33.6,63.4,32.4,9.3,8.1,6.7,6.2,5.8,5.8,6.0,5.5,3.8,5.0,3.6,3.0,3.4,7.6,41.9,55.5,1.6,1.0,33.4,98.2,31.5,0.9,30.0,23.8,6.2,5.5,99.0,0.5,0.1,0.0,0.1,99.9,0.1,9.0,38.6,3.1,29.0,9.3,46.9,1.1,2.5,2.0,6.1,3550.0,15.0,10.0
64671107,female,12312.0,8.2,10.8,10.6,56.7,56.6,2.7,47.4,8.5,7.0,5.9,6.1,6.1,6.1,5.6,5.5,3.9,5.1,3.3,2.9,4.4,5.8,22.5,62.7,3.6,11.2,22.5,92.3,64.7,0.8,25.7,10.0,3.2,3.6,98.2,0.2,0.0,0.0,0.1,100.0,0.0,5.1,31.5,0.0,9.5,32.4,47.0,3.8,0.0,0.0,7.2,122.0,15.7,10.6
64671107,male,12918.0,8.2,10.5,11.3,35.7,42.0,65.5,14.0,8.8,7.4,6.7,6.2,6.5,6.2,5.5,5.0,3.6,4.6,3.4,3.0,3.2,7.1,40.4,57.6,1.3,0.6,32.3,91.5,40.9,1.2,32.1,17.6,4.1,3.0,98.8,0.0,0.0,0.0,0.0,99.9,0.0,4.3,26.0,0.9,27.7,8.5,43.2,1.3,2.3,2.1,13.9,5099.0,14.2,9.600000000000001
64671109,female,14005.0,7.7,9.8,10.5,55.5,54.8,4.2,41.5,8.7,6.5,5.3,5.8,6.4,6.4,5.9,5.6,4.3,5.3,3.9,3.1,4.7,6.5,25.9,57.7,3.7,12.7,23.5,96.3,63.2,1.1,23.8,10.9,5.7,3.9,99.6,0.1,0.1,0.0,0.0,100.0,0.1,11.5,53.5,0.0,14.8,33.0,43.5,2.2,0.0,0.0,6.5,245.0,17.0,11.7
64671109,male,14309.0,8.0,10.4,10.8,32.1,36.0,64.9,28.8,8.7,7.6,6.2,6.2,5.9,6.3,5.7,5.6,3.9,4.9,3.7,2.9,3.2,5.8,41.6,55.8,1.5,1.2,33.5,91.9,36.4,1.7,32.6,19.8,6.3,3.6,99.6,0.2,0.0,0.0,0.1,100.0,0.0,7.4,45.4,1.3,41.7,5.1,37.4,3.0,2.0,0.8,8.7,4681.0,14.700000000000003,9.8
70410101,female,28331.0,7.5,9.6,10.8,30.0,34.4,12.2,32.7,9.2,7.6,7.1,7.6,7.3,7.2,6.4,5.2,4.1,3.9,2.3,1.9,2.4,3.8,27.2,61.9,2.7,8.1,23.9,97.8,34.3,2.7,26.9,16.1,11.1,8.7,88.4,73.2,3.9,0.1,0.0,99.5,4.6,24.1,67.2,1.2,13.2,36.9,44.9,0.6,0.0,1.1,2.1,1672.0,10.5,6.6
70410101,male,28505.0,8.1,10.0,10.9,14.4,24.2,69.0,17.2,9.2,7.2,6.4,6.5,6.5,6.9,6.5,5.7,4.3,4.4,3.0,2.1,2.1,3.8,38.4,59.8,1.2,0.6,31.9,97.6,16.6,3.2,28.6,21.7,11.7,10.7,90.8,75.8,3.6,0.1,0.1,99.5,4.6,22.2,66.4,2.6,25.6,15.5,49.0,0.8,1.6,1.6,3.3,11546.0,11.6,7.199999999999999
70410103,female,6934.0,6.6,8.5,9.1,35.3,37.4,12.4,24.1,8.7,6.9,6.5,6.9,6.2,6.5,6.7,5.9,5.7,5.5,3.7,3.1,3.6,5.6,24.3,58.9,3.4,13.4,23.7,98.2,39.6,2.6,26.4,15.6,8.5,9.5,85.1,83.9,7.3,0.1,0.1,99.5,5.6,24.2,68.6,1.0,9.1,43.1,42.1,1.1,0.0,2.5,1.0,493.0,15.899999999999999,10.4
70410103,male,6826.0,6.9,8.8,9.8,15.2,23.7,67.2,20.1,8.3,6.8,6.4,6.4,6.0,6.8,6.3,6.5,5.3,5.0,4.0,3.0,3.5,5.5,38.0,59.2,1.6,1.2,32.2,97.9,17.3,2.5,31.6,23.5,10.3,8.4,85.7,88.5,7.1,0.0,0.0,98.7,6.4,17.4,62.7,2.7,35.6,18.0,38.0,0.9,0.5,2.9,1.4,2725.0,15.5,10.5
70410109,female,8027.0,8.3,9.8,10.6,21.0,28.1,18.7,23.1,9.3,7.5,8.5,8.1,7.2,7.0,6.4,4.4,3.6,3.5,2.0,1.7,2.0,3.1,28.2,61.9,3.3,6.5,24.2,98.8,24.1,2.5,25.8,16.4,15.6,11.6,97.7,59.3,7.3,0.2,0.3,99.0,8.0,30.5,74.0,2.7,8.8,44.8,36.6,0.7,1.8,0.5,4.1,823.0,9.2,5.7
70410109,male,7990.0,8.8,10.1,11.4,8.4,18.9,69.1,9.4,8.8,6.6,5.5,7.0,7.5,7.1,6.7,5.8,4.3,3.6,3.1,1.9,1.9,3.5,34.6,63.3,1.1,1.0,30.4,97.9,9.6,2.9,27.6,19.0,15.0,16.6,98.0,59.7,7.6,0.1,0.2,99.2,8.3,33.8,76.7,3.2,21.1,32.8,35.6,0.5,1.1,1.0,4.7,3487.0,10.5,6.9
70410305,female,15842.0,8.2,10.6,10.5,43.1,45.1,4.0,20.1,8.6,6.6,6.7,7.6,7.3,7.0,6.2,5.2,3.9,3.8,2.8,2.2,2.8,3.5,22.0,66.6,2.7,8.8,20.8,98.5,49.4,2.1,32.0,13.3,4.7,2.9,84.3,82.6,11.0,0.0,0.1,99.5,1.2,14.8,58.8,1.2,14.3,17.8,59.9,3.3,0.9,0.0,2.6,357.0,11.600000000000001,7.8
70410305,male,17227.0,8.5,10.6,10.5,23.6,33.1,73.1,9.5,9.0,6.8,6.8,7.2,7.1,7.1,6.0,5.2,3.9,3.9,2.4,2.5,2.4,4.2,37.9,60.2,1.0,0.8,31.5,99.2,27.0,2.4,31.9,23.2,4.9,4.5,89.6,82.8,11.7,0.0,0.0,99.4,0.8,12.0,56.2,0.7,20.9,8.5,62.5,0.2,2.0,0.7,4.5,8028.0,11.200000000000001,7.300000000000001
70410309,female,10197.0,8.6,9.3,10.5,45.3,47.6,3.4,49.0,9.0,6.9,6.5,6.5,6.5,6.5,6.7,5.5,4.0,4.4,2.8,2.7,3.6,4.6,22.6,64.8,2.0,10.6,21.7,96.1,51.6,1.1,31.2,11.9,4.7,3.5,83.9,61.6,8.9,0.1,0.0,98.4,2.1,9.0,54.2,0.0,22.1,17.5,55.2,0.0,0.0,5.1,0.0,126.0,13.5,9.1
70410309,male,10791.0,8.2,10.1,10.2,30.3,36.9,73.0,17.0,8.6,6.9,6.8,6.6,6.5,7.0,6.3,5.3,4.8,4.0,3.2,2.6,2.8,5.3,37.0,61.0,1.3,0.7,30.0,98.2,34.6,1.4,32.4,19.7,5.3,4.2,82.1,60.5,8.3,0.1,0.1,99.0,1.8,7.8,48.9,1.7,24.2,4.0,61.9,1.4,1.9,1.3,3.7,4671.0,12.600000000000001,8.600000000000001
70410311,female,13562.0,8.6,10.8,10.3,45.0,44.9,5.4,28.9,8.8,7.1,7.0,6.9,6.5,6.3,5.9,4.8,4.1,4.1,3.0,2.3,3.4,4.6,21.5,66.3,1.8,10.4,22.5,96.1,51.3,3.2,32.6,11.5,4.4,3.3,72.9,90.4,4.9,0.0,0.0,99.2,1.4,10.0,46.2,0.0,10.7,21.7,61.9,4.9,0.3,0.0,0.5,368.0,12.799999999999999,8.7
70410311,male,15084.0,8.6,9.9,10.1,26.8,31.5,75.5,14.7,8.8,7.6,7.4,7.7,6.7,6.3,6.0,4.7,3.6,4.2,3.4,2.2,2.8,4.9,40.5,57.7,0.8,1.0,32.0,97.4,30.0,2.9,37.5,18.4,6.6,3.1,78.9,91.5,4.5,0.0,0.0,99.1,1.7,8.8,41.7,1.3,30.5,6.9,55.4,0.9,2.0,1.9,1.2,6941.0,12.600000000000001,8.399999999999999
70410313,female,5652.0,9.3,11.1,11.5,55.1,54.4,1.5,0.0,9.1,6.2,6.2,7.4,6.4,5.8,5.3,4.5,4.2,4.4,3.2,2.2,3.3,3.4,18.3,71.3,1.8,8.6,21.6,94.5,63.9,1.4,33.4,8.5,1.9,0.5,39.3,99.0,0.9,0.0,0.0,99.2,2.0,5.4,48.6,0.0,49.1,8.2,27.7,0.0,8.2,0.0,6.7,59.0,13.100000000000001,8.7
70410313,male,6713.0,8.4,10.2,10.6,33.5,40.8,73.0,4.9,8.3,8.7,9.3,8.7,6.9,5.5,4.4,3.6,3.0,3.4,3.6,2.5,2.9,4.8,41.8,57.1,0.3,0.8,31.2,91.3,38.2,1.9,41.9,11.5,2.3,1.7,57.4,99.3,0.9,0.0,0.1,99.1,1.5,3.8,35.6,0.6,26.7,2.9,66.8,0.2,0.2,0.3,2.3,3299.0,12.4,9.0
70410315,female,20968.0,9.1,10.5,10.6,33.6,37.5,9.1,28.1,8.8,7.4,7.1,7.7,7.4,6.9,6.0,4.8,3.6,3.4,2.4,1.9,2.3,3.7,23.7,65.6,2.8,7.9,22.1,96.1,38.6,2.8,30.7,15.6,8.2,5.2,92.8,54.9,1.6,0.1,0.0,99.4,1.2,14.6,51.1,2.3,11.3,21.6,58.6,1.8,0.7,0.1,3.6,953.0,10.0,6.6
70410315,male,22194.0,9.4,10.3,10.7,19.2,26.2,73.4,12.1,8.7,6.9,6.8,7.3,7.1,7.1,6.4,5.3,3.7,3.5,2.5,2.0,2.1,4.4,37.8,60.7,1.1,0.5,31.0,97.1,21.8,4.0,32.0,23.3,9.1,5.5,94.0,55.5,1.7,0.1,0.0,99.1,1.0,12.0,49.8,1.2,25.3,6.3,60.8,0.6,1.0,0.9,4.0,9979.0,10.1,6.6
70410319,female,7993.0,8.3,9.7,10.3,46.2,49.0,3.7,26.1,8.8,7.4,6.8,7.0,6.7,6.1,6.2,5.6,4.3,4.2,2.6,2.9,3.2,5.1,21.6,67.2,2.4,8.8,19.4,97.3,52.8,1.3,31.5,11.4,4.4,2.5,70.7,88.0,2.0,0.0,0.1,98.1,1.9,12.5,46.2,0.0,23.6,32.5,35.1,5.5,0.0,0.0,3.2,155.0,12.900000000000002,8.7
70410319,male,8892.0,8.6,9.5,9.5,27.8,34.5,72.6,9.1,8.7,7.2,8.0,7.7,6.7,6.0,5.3,5.2,4.7,4.1,3.3,2.9,2.6,6.4,40.7,57.4,0.8,1.2,31.4,93.0,30.7,1.5,31.8,21.1,6.6,4.5,73.0,89.3,1.4,0.1,0.1,98.7,1.6,13.1,46.1,0.8,24.3,6.8,63.8,0.8,0.5,0.7,2.1,4251.0,12.899999999999999,8.799999999999999
70410323,female,9620.0,7.6,9.5,9.6,55.1,54.5,3.2,15.6,8.5,6.0,5.6,6.1,6.8,7.0,6.3,6.3,4.4,4.7,3.9,3.3,4.4,4.1,21.1,66.2,1.5,11.2,24.0,96.9,62.2,2.1,28.8,9.6,2.1,2.9,54.2,97.6,1.8,0.0,0.1,97.4,12.7,11.6,55.0,0.0,12.2,12.9,70.0,4.9,0.0,0.0,0.0,189.0,16.299999999999997,11.6
70410323,male,10598.0,7.8,8.9,9.6,34.7,43.8,69.6,11.3,8.2,7.3,7.5,7.4,6.8,6.6,5.3,4.5,4.3,4.3,3.7,3.5,4.3,5.1,39.3,58.9,0.6,1.1,32.8,96.2,39.2,2.0,30.1,16.6,4.2,3.3,63.3,98.0,1.7,0.1,0.0,97.1,11.2,9.8,48.4,1.6,18.1,3.7,70.6,0.9,2.8,0.7,1.7,4817.0,15.8,11.5
70410501,female,2913.0,7.4,9.9,9.9,55.9,53.0,5.4,79.1,8.8,4.6,5.5,6.0,7.0,6.2,5.5,5.0,4.6,5.0,5.3,4.0,5.4,7.8,18.8,65.6,2.4,13.3,21.3,97.4,63.2,3.4,34.2,7.6,1.1,0.7,44.6,98.4,0.2,0.0,0.1,98.8,1.3,4.2,46.3,0.0,16.7,25.0,37.5,16.7,4.2,0.0,0.0,24.0,19.700000000000003,14.700000000000001
70410501,male,3006.0,8.4,9.2,10.7,35.0,36.9,71.4,28.4,8.3,5.5,6.2,6.8,6.6,6.8,5.7,4.7,4.4,4.1,4.3,3.5,4.9,8.6,32.9,64.2,1.5,1.4,31.6,99.4,40.0,4.9,36.9,17.1,2.4,1.9,56.7,98.7,0.5,0.0,0.1,99.1,0.9,6.0,48.4,1.4,16.3,4.6,68.7,0.6,5.1,0.9,2.4,1101.0,16.799999999999997,12.7
70410505,female,1876.0,8.6,9.2,11.1,58.1,55.2,0.8,50.0,8.5,5.0,5.7,6.7,5.8,6.2,5.9,5.9,5.0,4.6,4.7,3.7,3.5,5.9,16.2,71.8,1.7,10.3,22.3,98.8,67.2,1.8,30.7,9.6,1.8,1.0,28.6,99.6,0.2,0.0,0.0,98.6,7.0,1.9,24.9,0.0,0.0,40.0,60.0,0.0,0.0,0.0,0.0,5.0,16.5,11.9
70410505,male,2112.0,8.1,10.7,10.3,36.2,44.6,65.0,25.6,9.2,6.9,6.5,6.5,6.4,6.8,5.6,4.3,3.6,4.4,3.2,3.9,3.7,5.7,35.5,62.4,0.9,1.2,31.0,98.6,41.4,1.8,34.6,15.2,2.5,1.1,44.7,99.6,0.2,0.0,0.0,98.9,4.3,1.5,17.3,0.4,9.1,5.4,78.3,1.7,0.3,4.6,0.3,724.0,15.2,10.8
70410507,female,2958.0,8.0,9.8,9.5,58.7,56.1,1.1,33.3,7.9,5.4,6.5,7.1,6.2,5.8,6.3,5.4,4.9,5.4,4.0,3.1,4.4,4.5,16.2,70.5,1.3,12.0,21.5,98.6,66.2,2.3,31.2,7.3,2.2,0.9,25.6,99.5,0.3,0.0,0.1,99.5,0.5,4.5,53.1,0.0,6.3,37.5,56.3,0.0,0.0,0.0,0.0,16.0,16.9,11.5
70410507,male,3249.0,8.0,9.5,10.0,29.6,37.4,69.2,17.4,8.1,7.6,8.4,7.1,7.1,5.4,4.3,4.7,4.5,4.9,3.4,2.6,4.3,4.6,34.5,63.4,1.0,1.1,31.0,97.3,33.5,2.3,41.2,13.3,3.1,2.7,42.1,99.5,0.3,0.0,0.0,99.5,0.4,5.3,48.9,0.1,10.9,5.3,76.6,0.5,0.7,0.6,5.2,1348.0,15.2,10.3
70410509,female,2945.0,6.9,8.6,10.2,59.6,58.1,2.5,61.1,8.4,5.0,6.2,6.5,5.7,6.5,7.2,5.5,4.7,4.8,4.4,3.8,5.6,5.7,18.1,67.0,2.3,12.7,22.7,94.5,67.6,1.9,29.4,7.1,1.8,1.7,38.5,98.3,1.2,0.0,0.0,98.8,1.3,8.5,41.9,0.0,4.8,61.9,33.3,0.0,0.0,0.0,0.0,21.0,18.6,13.799999999999999
70410509,male,3239.0,7.7,9.2,10.2,33.0,37.4,69.0,18.1,8.1,7.2,7.4,6.6,6.3,5.6,6.1,5.4,4.3,4.4,3.3,3.6,4.6,5.5,37.5,60.5,0.6,1.3,32.7,95.1,37.3,2.9,37.5,15.5,3.5,3.2,52.4,99.0,1.6,0.0,0.0,98.3,1.8,7.6,38.5,0.7,26.9,5.1,64.6,1.0,1.0,0.1,0.6,1335.0,15.9,11.5
70410511,female,4036.0,7.0,8.2,10.6,36.3,40.0,9.0,20.5,9.0,6.8,6.9,6.8,7.3,6.6,6.3,5.4,4.5,5.0,3.5,2.6,3.5,3.6,23.5,63.7,3.4,9.4,22.1,98.5,41.3,1.0,32.0,14.5,7.7,4.8,92.9,73.8,0.4,0.1,0.0,99.4,0.5,16.9,59.2,5.2,9.9,19.2,61.5,0.9,0.0,0.0,3.3,213.0,14.6,9.6
70410511,male,4332.0,8.0,9.9,10.6,19.0,27.4,64.5,13.4,9.0,7.5,6.4,7.2,6.3,6.4,5.7,5.0,4.4,4.7,3.6,2.5,2.7,3.8,38.0,59.9,1.5,0.6,31.7,97.6,21.7,1.7,33.6,21.5,10.3,5.5,93.8,76.6,0.3,0.0,0.0,99.3,0.6,17.4,62.8,2.1,20.1,8.1,60.4,0.8,0.4,1.0,7.1,1731.0,13.5,8.8
70410513,female,2583.0,8.2,10.5,11.4,55.1,54.5,1.7,22.6,8.6,4.9,5.9,5.6,5.1,6.4,6.3,5.4,4.6,4.4,4.1,3.4,5.0,4.8,19.9,67.7,1.7,10.8,21.8,97.8,63.6,3.5,29.9,8.3,2.4,1.4,33.8,98.6,14.6,0.0,0.1,98.6,1.5,8.2,57.3,0.0,4.2,45.8,41.7,8.3,0.0,0.0,0.0,24.0,16.9,12.5
70410513,male,2686.0,8.6,10.0,11.6,35.3,40.1,63.8,21.7,9.0,6.0,5.9,6.3,6.2,6.4,5.6,5.2,4.4,4.0,3.8,2.6,4.3,5.1,34.2,63.5,1.2,1.1,30.9,96.9,40.2,3.8,37.2,13.6,3.2,2.2,40.5,99.1,14.0,0.1,0.0,99.2,0.8,8.7,51.6,0.2,20.0,5.3,72.4,0.9,0.5,0.4,0.3,937.0,14.7,10.7
70410515,female,3376.0,6.9,9.4,9.5,46.4,47.8,4.6,39.1,6.8,6.7,5.5,6.4,5.6,6.0,6.4,6.7,4.6,4.7,4.8,4.6,5.3,6.3,22.6,60.9,2.7,13.7,20.7,99.2,52.3,1.9,28.3,11.7,5.7,4.7,99.4,9.2,1.9,0.1,0.1,99.7,1.3,18.2,51.4,1.4,18.6,37.1,41.4,1.4,0.0,0.0,0.0,70.0,19.4,14.7
70410515,male,3262.0,8.0,9.2,10.2,24.1,33.5,67.4,16.2,7.7,5.8,5.8,6.3,5.9,5.9,6.2,5.8,5.4,4.7,4.6,3.8,4.8,7.8,34.8,62.6,1.3,1.3,32.6,98.7,27.2,2.5,37.6,14.0,7.3,5.1,99.8,6.2,1.2,0.0,0.1,99.8,0.9,13.5,43.6,2.2,33.2,5.9,50.1,1.0,0.1,3.3,4.2,1336.0,17.900000000000002,13.2
70410517,female,2854.0,6.9,9.5,9.4,46.8,45.8,4.7,49.5,8.2,6.4,6.1,6.3,5.4,7.0,6.8,5.8,4.2,5.9,3.9,3.7,4.4,6.7,20.8,66.0,3.1,10.1,21.7,98.5,52.6,1.9,28.6,13.0,5.8,4.9,99.1,29.0,0.5,0.1,0.0,99.6,0.4,14.7,48.9,0.0,10.0,26.0,60.0,0.0,0.0,2.0,2.0,50.0,17.9,12.0
70410517,male,2981.0,6.4,9.6,9.9,23.7,28.3,68.3,27.7,8.5,7.1,6.3,6.4,6.7,5.4,6.5,5.5,5.0,5.1,4.5,3.0,4.2,7.1,36.5,60.8,1.5,1.1,31.9,97.1,26.8,2.1,35.0,22.3,6.9,5.3,99.5,24.5,0.4,0.0,0.0,99.7,0.2,10.9,43.6,0.4,30.0,5.5,58.9,0.9,2.6,1.4,0.4,1089.0,16.8,11.7
70410519,female,2573.0,6.3,9.2,8.9,51.5,51.1,4.8,48.9,8.4,7.3,5.7,5.8,6.5,6.4,6.1,5.5,4.9,5.6,4.5,3.5,5.6,7.9,19.2,66.2,2.4,12.3,23.5,99.0,57.5,2.0,26.9,10.5,4.8,4.7,42.8,96.7,0.3,0.0,0.0,98.9,7.5,18.8,56.5,0.0,18.8,41.7,39.6,0.0,0.0,0.0,0.0,48.0,19.2,13.6
70410519,male,2606.0,7.5,9.7,9.9,22.3,27.7,62.1,10.3,9.8,6.4,4.7,6.0,5.9,5.4,6.6,5.9,5.0,4.3,3.4,3.5,5.8,8.6,33.6,64.0,1.2,1.2,31.3,97.7,25.1,3.1,37.0,20.1,6.4,5.7,52.6,96.0,0.5,0.0,0.2,99.0,10.1,10.8,50.5,0.9,42.1,9.1,43.2,1.0,0.8,0.2,2.6,1057.0,17.0,12.7
70410701,female,1754.0,9.7,9.0,10.6,60.4,59.6,1.4,17.6,10.8,6.6,5.9,6.4,5.8,4.4,6.8,6.6,4.3,5.2,3.6,1.9,2.2,2.4,22.4,67.6,1.6,8.4,23.3,94.1,69.0,0.7,28.8,9.0,1.4,0.5,24.5,95.8,3.7,0.1,0.0,98.4,1.6,3.0,22.3,0.0,0.0,28.6,64.3,0.0,0.0,0.0,7.1,14.0,12.900000000000002,7.7
70410701,male,1693.0,8.0,10.5,10.3,46.0,52.5,61.7,4.6,8.7,6.9,7.6,7.1,5.3,4.6,4.3,4.8,4.2,5.0,5.6,3.8,3.3,3.7,30.1,68.0,0.4,1.5,28.4,93.7,52.2,0.5,34.7,10.4,1.3,0.6,33.7,95.3,4.7,0.0,0.0,98.8,1.2,1.9,16.6,0.3,12.6,4.0,58.5,1.0,0.6,0.4,22.7,708.0,17.7,12.7
70410703,female,10914.0,9.0,10.0,10.5,47.0,48.3,4.0,27.5,8.5,7.0,7.2,8.0,6.4,6.6,5.4,4.7,4.0,3.8,3.3,2.6,2.9,2.9,20.9,67.9,2.0,9.2,21.7,95.8,53.8,2.2,31.0,11.8,4.1,2.8,44.5,96.9,0.3,0.0,0.1,99.2,1.8,11.0,41.0,0.0,19.5,25.2,37.3,2.3,2.1,2.4,11.3,223.0,12.6,8.8
70410703,male,11706.0,8.3,10.1,10.4,22.7,32.9,71.7,13.4,9.2,7.2,7.9,8.2,7.0,6.6,5.2,4.6,3.4,3.2,2.9,2.8,3.0,3.4,36.6,61.5,0.8,1.1,30.5,96.8,25.8,2.5,34.9,18.9,6.1,4.8,51.4,97.0,0.5,0.0,0.0,99.2,1.5,13.4,39.7,1.3,27.6,6.2,55.2,0.9,1.9,1.2,5.6,5174.0,11.899999999999999,8.7
70410705,female,2374.0,7.9,10.2,12.0,52.9,53.3,14.6,14.9,10.8,5.3,5.1,5.8,6.1,6.3,5.5,5.5,4.7,5.2,3.7,2.7,3.2,3.1,23.1,65.1,1.4,10.4,24.1,98.8,61.9,1.5,33.8,8.8,1.6,1.0,31.3,99.5,0.1,0.0,0.0,99.0,0.8,10.0,48.1,0.0,48.1,5.8,3.4,42.2,0.0,0.5,0.0,206.0,14.8,9.600000000000001
70410705,male,2292.0,10.3,10.9,11.4,23.8,46.1,65.8,22.2,9.2,4.8,5.5,6.4,5.1,6.2,5.5,4.3,4.0,3.1,4.7,4.0,4.5,4.7,30.4,67.9,0.7,1.0,29.5,99.3,27.8,2.0,34.8,13.2,2.5,1.5,45.2,99.7,0.3,0.0,0.0,99.7,0.4,7.3,40.1,0.0,22.7,5.4,62.3,3.9,0.8,0.9,4.1,790.0,16.3,13.2
70410707,female,2800.0,7.7,8.1,10.9,58.8,58.4,1.1,39.1,10.3,5.2,5.0,6.0,6.4,6.8,5.6,6.1,5.3,6.0,3.2,3.7,3.7,4.5,23.1,61.6,2.7,12.6,24.7,98.0,67.3,0.4,28.0,9.8,2.6,0.9,10.9,99.1,0.5,0.0,0.1,99.3,0.7,7.9,33.5,7.1,0.0,21.4,64.3,0.0,0.0,7.1,0.0,14.0,16.599999999999998,10.600000000000001
70410707,male,2833.0,6.6,9.9,9.7,35.1,41.5,51.9,27.6,10.6,8.0,6.5,6.8,6.9,5.1,4.1,4.4,4.1,4.7,4.7,3.6,4.3,6.2,38.2,59.2,0.9,1.8,30.9,96.9,39.5,0.6,39.4,13.6,3.3,1.6,11.4,99.4,0.4,0.0,0.1,99.4,0.5,5.7,29.6,0.6,15.4,7.1,60.1,0.8,1.9,2.3,11.7,785.0,17.3,12.600000000000001
70410709,female,2326.0,7.4,10.1,10.2,61.9,59.1,1.4,41.7,7.8,3.9,4.9,6.7,6.4,7.2,6.1,5.9,5.4,6.0,4.2,3.6,4.3,10.2,16.5,69.1,2.3,12.2,23.4,95.3,70.5,1.2,31.1,5.9,2.0,0.8,16.0,98.6,0.8,0.1,0.3,96.6,3.3,4.1,39.3,0.0,0.0,21.4,71.4,0.0,0.0,0.0,7.1,14.0,18.099999999999998,12.100000000000001
70410709,male,2456.0,7.6,9.3,9.9,39.0,47.1,68.1,17.2,9.0,7.0,7.0,6.1,5.7,5.8,5.5,5.1,5.0,4.6,4.5,3.8,4.0,9.1,34.6,62.7,0.8,1.9,30.0,96.5,43.9,1.7,36.0,11.0,2.9,1.3,25.9,98.9,0.5,0.1,0.2,97.8,2.1,4.3,33.3,0.1,5.7,5.5,68.2,0.8,7.8,2.1,9.8,1013.0,16.9,12.3
70410711,female,3715.0,7.8,9.4,9.0,52.8,50.9,3.5,3.1,9.3,6.3,5.5,6.8,7.3,6.4,6.3,5.8,5.1,4.7,3.9,2.6,3.9,4.0,21.5,65.5,1.9,11.1,23.3,98.2,59.2,2.8,27.3,10.6,5.0,3.4,32.1,98.4,0.1,0.0,0.0,99.7,0.3,10.1,46.6,0.0,7.5,25.8,60.2,4.3,0.0,0.0,2.2,93.0,15.1,10.4
70410711,male,3948.0,7.4,8.5,10.3,28.7,35.2,59.9,6.5,10.0,8.2,7.1,7.7,6.1,6.6,5.3,5.2,4.2,3.5,3.8,3.2,3.0,4.2,38.6,59.9,0.8,0.8,31.2,98.9,32.7,3.0,32.4,18.3,7.1,4.0,42.9,98.4,0.1,0.0,0.0,99.5,0.5,8.7,46.4,1.2,11.2,6.2,64.4,0.7,0.6,1.1,14.6,1630.0,13.5,10.0
70410713,female,3590.0,6.7,8.6,9.8,54.2,53.4,4.4,42.4,9.7,5.4,5.6,6.5,6.0,6.7,6.2,6.8,5.7,4.4,4.0,2.9,4.9,4.2,23.1,63.0,2.5,11.4,22.9,93.4,61.1,1.6,25.8,10.9,5.1,3.1,44.3,98.7,6.0,0.0,0.3,99.1,1.8,17.7,51.1,11.8,13.2,26.5,45.6,0.0,0.0,0.0,2.9,68.0,16.200000000000003,11.8
70410713,male,3544.0,7.6,9.0,10.0,22.1,29.9,63.7,16.4,8.9,7.2,6.5,6.2,6.8,5.6,5.1,6.3,5.5,4.3,4.4,2.9,3.8,4.8,34.7,62.2,0.8,2.2,31.0,93.4,24.6,1.6,40.4,17.7,6.3,4.1,53.6,99.0,3.5,0.1,0.5,99.3,1.9,11.0,42.1,1.6,31.2,8.2,44.4,0.9,0.3,1.3,12.1,1383.0,15.399999999999999,11.100000000000001
70410901,female,5485.0,7.9,9.3,10.9,47.9,47.8,3.1,22.3,8.4,6.0,6.4,6.5,6.7,6.3,6.6,5.1,4.0,5.2,3.4,3.0,4.4,6.7,20.1,67.0,2.3,10.7,21.6,99.0,55.0,3.4,31.8,10.6,4.1,2.4,70.9,97.0,0.6,0.0,0.0,99.0,1.1,10.9,52.4,1.1,14.9,26.6,54.3,0.0,1.1,0.0,2.1,94.0,16.0,10.8
70410901,male,5843.0,8.1,9.9,10.7,28.0,33.8,65.4,18.7,8.3,6.7,7.7,7.1,6.2,6.2,5.7,4.4,3.8,4.2,3.8,2.9,4.3,6.7,36.5,61.8,0.6,1.1,30.6,98.5,32.0,3.7,36.7,17.0,5.3,3.5,81.4,97.7,0.7,0.0,0.1,99.1,1.0,8.8,50.6,0.8,22.2,4.1,69.6,0.8,0.1,1.4,1.1,2215.0,15.2,11.0
70410903,female,2258.0,8.8,11.0,11.5,48.3,48.4,2.0,9.7,10.5,6.7,6.9,7.6,6.5,6.2,5.7,4.8,3.8,3.6,2.7,1.8,1.9,3.0,21.0,72.1,0.6,6.3,22.3,96.6,56.1,2.1,34.4,12.0,2.7,0.3,29.9,99.0,0.6,0.0,0.0,89.5,10.6,3.4,31.1,0.0,14.3,0.0,21.4,50.0,0.0,0.0,14.3,28.0,10.000000000000002,6.4
70410903,male,2532.0,10.1,9.8,10.9,28.0,36.7,75.2,15.5,8.1,9.5,9.4,8.3,5.8,6.3,5.1,3.8,3.1,3.4,2.5,2.1,2.0,4.0,37.5,61.5,0.3,0.7,29.6,94.9,31.7,2.3,33.8,20.3,4.4,2.6,41.5,99.2,0.4,0.0,0.0,91.7,8.4,5.7,30.0,0.1,31.7,3.4,40.5,0.7,1.6,0.0,22.0,1116.0,10.0,6.6
70410905,female,24315.0,9.6,10.9,10.8,38.8,41.9,5.9,17.0,9.8,7.6,7.1,7.3,7.1,6.3,5.5,4.5,3.3,3.7,2.4,1.9,2.2,3.8,21.8,67.6,2.8,7.9,22.2,97.0,44.6,2.2,33.3,13.3,5.4,4.0,70.2,89.0,4.7,0.0,0.1,99.2,1.3,14.8,52.8,3.6,21.1,16.8,54.8,0.7,0.0,2.5,0.5,814.0,10.2,6.5
70410905,male,26135.0,9.8,10.8,10.8,19.3,28.0,73.1,11.7,9.3,7.6,7.1,7.5,7.0,6.6,5.7,4.5,3.4,3.5,2.4,2.0,2.2,3.9,38.7,59.7,1.0,0.7,30.9,96.3,22.0,2.7,36.5,20.4,6.9,5.5,74.8,89.7,4.3,0.0,0.1,99.4,1.1,14.4,50.1,2.8,25.2,6.7,54.1,1.5,2.4,1.2,6.2,11580.0,10.100000000000001,6.6000000000000005
70410907,female,11508.0,9.5,10.7,11.9,50.4,50.6,3.3,49.4,9.8,6.8,6.5,6.5,6.1,6.2,5.3,5.1,3.6,4.0,2.8,2.5,2.8,4.1,22.9,64.7,2.0,10.3,22.5,94.6,58.9,3.1,33.6,8.9,2.6,1.3,49.1,98.3,1.1,0.0,0.1,97.1,5.4,5.7,34.5,12.3,3.4,14.6,57.4,0.0,0.0,4.9,7.3,132.0,12.100000000000001,8.1
70410907,male,12645.0,9.4,10.1,10.7,27.4,35.2,75.6,19.5,9.6,8.6,8.3,7.7,6.1,5.7,5.0,4.3,3.6,3.1,2.7,2.4,2.9,3.9,40.0,58.5,0.6,0.9,30.3,91.6,31.4,5.5,36.5,15.7,4.0,3.2,66.4,98.4,0.9,0.0,0.0,97.3,6.4,8.7,33.6,1.6,13.4,3.4,65.7,1.1,1.2,0.5,13.1,5378.0,11.100000000000001,8.0
70410911,female,19729.0,9.3,10.0,9.7,31.9,37.3,10.5,20.9,8.8,7.2,7.3,8.0,7.1,6.7,6.3,5.0,3.6,3.8,2.6,2.1,2.4,3.1,23.3,63.3,4.4,9.1,20.9,95.1,36.1,2.5,31.6,16.1,7.8,4.7,98.0,32.8,1.5,0.1,0.1,99.0,1.1,14.0,54.4,1.3,12.7,8.9,64.6,2.9,1.3,1.0,7.3,1163.0,10.9,7.1
70410911,male,20477.0,9.1,10.8,11.0,18.3,28.0,72.7,12.4,8.3,6.6,7.0,7.2,7.2,6.8,6.4,5.0,3.9,3.8,2.8,2.0,2.0,4.0,35.4,62.2,1.7,0.7,29.1,96.9,21.1,1.8,34.9,20.9,8.7,5.7,98.2,31.2,1.8,0.0,0.1,99.0,1.3,12.9,52.7,1.0,24.2,4.4,56.7,0.4,1.6,3.3,8.3,9005.0,10.6,6.8
70410913,female,17130.0,9.0,10.4,10.7,44.5,46.2,5.2,30.5,8.9,6.9,7.0,7.2,7.0,6.5,5.7,5.0,3.8,4.1,2.7,2.3,2.8,3.6,22.4,67.2,2.0,8.5,21.8,93.4,51.0,1.5,34.3,11.6,3.9,2.4,93.0,75.9,3.7,0.1,0.0,98.7,1.3,8.6,47.3,2.1,3.4,14.4,77.4,0.0,0.0,1.2,1.4,433.0,11.899999999999999,7.8
70410913,male,18960.0,9.1,10.2,10.6,26.5,35.0,72.9,17.3,8.9,7.3,7.3,8.0,7.2,6.0,5.4,4.6,3.7,4.1,2.8,2.0,2.8,3.8,38.3,59.5,1.1,1.1,30.8,96.2,30.2,1.3,34.4,20.0,5.4,3.9,95.1,78.1,3.7,0.1,0.0,99.1,1.4,9.2,47.3,1.1,22.9,7.1,58.7,0.5,0.9,1.6,7.2,8005.0,11.7,7.6
70411101,female,4888.0,8.0,9.3,10.2,51.3,50.4,3.1,22.9,9.0,7.1,7.2,7.0,6.3,6.1,6.0,5.3,3.9,4.8,2.9,2.9,4.1,4.3,22.3,66.3,1.5,9.8,23.9,98.3,58.3,1.8,26.9,11.6,5.2,4.2,50.6,85.5,11.2,0.0,0.0,99.5,0.8,5.7,35.4,2.4,20.2,31.0,41.7,2.4,0.0,2.4,0.0,84.0,14.7,9.899999999999999
70411101,male,5594.0,8.0,9.4,9.9,25.4,33.7,62.5,15.7,8.4,8.2,8.8,8.5,6.5,5.9,5.1,4.2,3.3,4.4,3.1,2.7,3.6,4.4,43.4,55.1,0.8,0.8,33.1,98.3,28.6,1.6,30.9,19.9,6.8,7.1,60.4,85.3,12.1,0.0,0.0,99.3,0.8,4.8,32.7,0.3,7.5,13.3,69.5,0.4,7.8,0.4,0.8,2143.0,13.799999999999999,9.4
70411103,female,4058.0,10.4,11.9,11.9,53.8,54.6,1.3,17.1,8.6,7.3,7.5,7.0,7.2,5.9,4.4,4.2,3.7,2.8,2.8,2.0,2.4,2.5,15.6,76.3,1.0,7.1,21.0,91.6,61.5,0.8,35.5,6.9,1.4,0.9,31.0,99.2,0.2,0.0,0.0,97.5,16.2,4.4,24.4,0.0,13.8,34.5,48.3,0.0,0.0,0.0,3.4,29.0,10.0,7.199999999999999
70411103,male,4666.0,9.7,11.9,10.5,31.1,38.0,71.1,12.8,10.2,9.0,8.2,7.8,6.6,5.6,4.0,4.3,2.6,2.8,2.3,2.4,2.1,2.7,38.9,60.5,0.3,0.3,29.6,93.3,34.6,1.1,39.2,15.4,3.6,2.6,48.2,99.1,0.4,0.0,0.1,97.8,14.9,4.3,27.1,0.4,4.2,5.6,87.7,0.9,0.2,0.3,0.7,1963.0,9.6,6.799999999999999
70411107,female,3908.0,9.4,11.0,11.5,55.4,53.1,0.5,0.0,11.4,6.8,6.7,7.1,6.9,6.1,5.4,3.9,3.5,3.5,2.5,2.0,2.4,4.4,22.1,69.3,1.1,7.5,22.7,98.3,64.5,2.7,30.8,9.9,2.8,0.7,20.2,99.4,0.3,0.0,0.1,99.0,1.2,3.2,33.9,0.0,0.0,46.2,38.5,7.7,7.7,0.0,0.0,13.0,10.4,6.9
70411107,male,4196.0,9.9,9.9,11.0,32.8,43.0,65.9,18.9,10.1,9.0,8.8,8.4,6.5,5.4,4.5,3.6,2.5,3.1,2.4,2.5,2.7,4.7,38.7,60.6,0.3,0.4,29.5,98.9,37.9,2.6,35.3,13.0,4.0,2.1,37.5,99.4,0.3,0.1,0.0,98.7,1.5,3.3,29.2,0.0,4.5,4.1,86.3,0.2,0.6,0.1,4.2,1554.0,10.7,7.6000000000000005
70411117,female,4626.0,7.5,9.3,9.5,56.5,55.8,1.2,43.5,8.2,5.4,5.8,6.5,6.2,7.3,6.6,6.1,4.7,5.1,3.8,3.0,4.9,6.9,16.0,70.2,3.6,10.2,19.6,98.9,63.7,1.0,31.7,8.4,2.5,0.6,59.2,95.9,0.9,0.0,0.0,98.7,1.7,4.4,32.2,0.0,13.5,0.0,30.3,56.2,0.0,0.0,0.0,24.0,16.799999999999997,11.7
70411117,male,5396.0,7.1,9.1,10.2,33.9,38.0,70.1,18.0,8.1,7.6,6.9,6.8,6.8,6.5,5.6,4.8,4.4,4.3,3.8,3.6,4.4,6.8,40.9,57.2,0.8,1.0,33.0,96.9,38.4,1.5,33.5,18.8,5.3,2.9,64.6,94.9,1.0,0.0,0.0,98.9,1.1,4.6,34.1,0.6,26.1,3.9,68.3,0.4,0.4,0.3,0.0,2281.0,16.1,11.8
70411121,female,6985.0,8.0,9.5,10.1,57.3,54.9,2.7,39.9,8.7,6.1,6.2,6.5,6.6,7.3,5.9,4.9,4.5,5.3,3.8,3.2,3.4,4.3,21.9,64.6,2.2,11.3,21.0,95.5,65.2,1.1,27.0,10.0,4.5,2.6,46.1,84.8,12.5,0.0,0.0,93.3,10.0,11.1,35.8,0.0,0.0,44.7,55.3,0.0,0.0,0.0,0.0,81.0,15.700000000000001,10.4
70411121,male,7598.0,7.7,9.7,9.9,40.3,42.6,66.8,22.4,8.3,7.4,7.4,7.4,7.0,6.5,6.1,4.1,3.5,4.3,3.4,3.4,3.7,4.1,40.5,58.0,0.6,0.9,31.9,96.5,45.2,1.3,32.2,15.9,4.1,3.8,55.7,85.7,13.2,0.0,0.0,95.3,9.3,9.9,35.3,0.0,17.1,9.9,67.8,1.0,0.8,1.2,2.2,2860.0,14.8,10.5
70411125,female,9795.0,9.1,10.4,11.3,55.8,54.4,2.2,17.4,9.5,6.5,6.3,6.2,6.4,6.2,5.9,4.9,4.1,4.3,3.0,2.6,3.2,4.2,22.1,64.7,1.9,11.4,24.0,97.8,64.7,1.3,30.4,9.6,2.3,2.0,37.5,98.3,12.1,0.1,0.0,98.1,8.2,9.8,55.9,0.0,14.4,38.5,29.6,12.8,4.6,0.0,0.0,122.0,13.100000000000001,8.8
70411125,male,11363.0,8.4,9.6,10.5,31.4,40.3,71.1,16.1,9.7,8.9,9.1,7.2,6.7,5.8,4.7,4.1,3.4,3.4,3.0,2.6,2.9,3.9,44.6,53.9,0.8,0.8,32.4,96.0,35.7,1.9,34.8,16.1,3.6,3.3,52.5,98.8,12.2,0.1,0.0,98.5,7.6,9.5,49.3,0.5,23.1,5.9,60.8,1.1,3.7,0.6,4.2,4840.0,11.9,8.5
70411127,female,5567.0,7.1,9.2,9.8,50.1,52.7,3.6,29.4,8.3,6.2,5.6,6.6,6.6,6.9,6.9,6.0,4.5,4.7,4.4,3.1,4.1,8.2,24.7,60.1,2.4,12.9,21.8,99.2,56.8,0.6,26.7,10.9,3.9,5.1,52.3,98.2,4.9,0.0,0.1,97.4,13.1,12.3,48.9,0.0,3.4,47.5,46.2,0.0,0.0,0.0,2.9,105.0,16.3,11.6
70411127,male,5834.0,7.8,9.2,9.7,28.8,37.3,71.4,19.3,7.7,7.5,6.3,6.4,6.9,6.5,6.1,5.1,4.3,4.7,4.3,3.5,4.1,7.3,37.0,61.1,0.6,1.3,30.9,97.3,32.6,0.8,32.7,17.6,5.7,5.9,61.7,98.7,4.2,0.1,0.0,98.8,12.1,13.7,46.7,0.7,19.5,9.0,66.5,0.5,1.6,1.1,1.1,2466.0,16.6,11.899999999999999
70411129,female,8746.0,8.6,9.3,10.0,59.0,56.8,3.6,15.5,8.8,6.4,6.3,6.7,7.3,6.7,6.2,5.1,4.0,4.9,3.5,2.2,3.8,7.2,21.2,65.5,1.8,11.6,24.0,94.3,66.9,1.4,29.7,8.6,2.3,1.4,26.2,96.8,4.2,0.0,0.0,98.3,5.3,4.3,37.0,0.0,46.3,10.9,9.8,21.6,0.0,8.4,3.0,190.0,14.400000000000002,9.5
70411129,male,9549.0,8.7,9.4,10.1,33.2,40.3,73.7,25.1,8.8,8.1,8.7,8.3,6.8,5.7,5.0,4.2,3.3,3.8,3.2,2.9,2.9,6.5,39.0,59.5,0.4,1.1,30.8,97.7,37.3,3.0,35.8,15.6,2.6,2.6,46.4,97.0,4.1,0.0,0.0,98.3,5.8,4.5,32.2,0.0,9.1,5.3,74.9,1.3,2.1,4.2,3.1,3778.0,12.8,9.0
71610101,female,19039.0,8.2,10.2,10.9,28.9,36.0,16.5,25.2,9.1,8.0,7.3,7.8,7.4,6.8,6.2,4.9,3.7,3.3,2.3,1.7,2.1,3.4,26.4,61.2,4.2,8.2,24.4,98.1,33.3,1.4,27.1,14.1,11.2,10.2,98.5,16.1,2.0,0.2,0.6,99.8,2.8,26.6,58.2,0.9,7.6,46.5,42.7,0.3,0.6,0.3,1.2,1664.0,9.4,6.1
71610101,male,19167.0,8.4,11.3,12.0,14.9,23.8,71.6,15.5,9.3,7.0,6.3,6.8,6.6,6.4,6.5,5.2,4.2,3.6,2.4,2.0,1.9,3.3,37.0,60.8,1.5,0.6,31.2,95.3,17.3,2.6,29.3,21.0,11.4,11.9,98.7,13.9,2.3,0.1,0.6,99.8,2.1,23.8,59.4,2.9,22.2,25.6,43.2,1.2,0.7,2.1,2.0,7904.0,9.9,6.300000000000001
71610103,female,12526.0,7.5,10.2,10.6,36.1,40.0,11.3,28.1,8.9,7.9,6.8,7.2,7.5,6.6,5.6,5.1,4.3,3.9,2.8,2.0,3.1,4.5,25.9,58.7,4.6,10.8,24.5,97.5,41.3,1.8,27.8,13.9,8.1,8.4,66.5,81.8,10.6,0.0,0.1,97.9,4.6,21.7,56.3,2.1,10.3,48.8,31.9,1.3,0.6,1.2,3.6,732.0,11.799999999999999,7.9
71610103,male,12515.0,8.3,10.6,11.1,17.3,26.9,71.4,15.7,9.0,7.0,6.5,7.3,6.9,6.6,6.0,5.2,3.9,3.9,3.1,2.0,2.6,3.6,40.2,58.1,1.2,0.6,31.8,94.0,19.9,3.1,27.6,21.7,8.7,12.0,72.7,81.8,11.1,0.0,0.2,98.0,4.8,19.4,54.4,1.9,32.2,21.2,31.3,1.5,1.8,3.2,6.8,5270.0,11.6,7.699999999999999
71610301,female,5142.0,9.9,12.3,12.3,53.2,53.0,1.7,7.1,9.9,7.2,6.6,5.8,5.7,5.1,5.8,4.5,3.7,3.6,2.7,2.3,2.7,3.8,20.1,68.8,0.9,10.2,22.7,92.9,63.0,1.7,33.1,8.2,2.4,1.6,98.1,1.7,0.1,0.0,0.1,100.0,0.7,2.1,28.6,0.0,18.8,43.3,37.8,0.0,0.0,0.0,0.0,55.0,11.3,7.7
71610301,male,5988.0,9.0,10.6,11.3,33.6,38.4,73.6,4.1,9.4,7.9,8.5,7.3,6.1,5.6,5.2,4.6,3.5,3.4,2.8,2.2,2.7,4.2,42.2,55.4,1.1,1.3,32.5,97.5,38.4,1.8,37.1,17.3,2.6,2.9,98.9,0.5,0.0,0.0,0.0,99.9,0.3,1.6,24.4,0.4,30.0,3.0,62.3,1.4,0.0,1.3,1.7,2919.0,11.099999999999998,7.7
71610303,female,4471.0,7.9,10.4,10.5,50.9,50.2,5.5,35.1,8.8,6.9,5.7,7.4,6.5,7.0,6.4,5.0,3.9,4.4,2.9,2.4,3.9,5.0,23.2,62.2,3.7,10.9,23.3,98.1,58.2,1.9,27.9,11.8,4.2,4.0,74.3,85.8,0.4,0.0,0.0,99.1,1.1,10.7,42.2,0.0,7.1,21.2,66.4,1.8,3.5,0.0,0.0,113.0,13.600000000000001,9.2
71610303,male,4373.0,7.6,10.8,11.9,28.7,35.5,64.5,24.4,8.7,6.2,5.7,6.7,6.5,6.5,6.3,6.3,3.9,3.4,3.5,2.6,3.5,5.0,36.4,61.1,1.1,1.3,31.6,97.0,33.3,1.9,32.0,20.4,5.9,4.2,79.0,87.9,0.4,0.0,0.1,99.6,0.6,7.2,36.8,0.7,22.1,10.0,57.9,0.3,6.4,1.3,1.2,1486.0,13.0,9.6
71610305,female,12731.0,9.3,11.6,11.6,49.2,50.4,3.9,33.9,9.7,6.9,6.8,6.8,6.6,6.2,5.5,4.7,3.4,3.5,2.7,2.2,2.6,4.5,21.1,67.8,2.3,8.8,21.8,97.0,57.5,2.3,30.3,10.3,4.6,2.1,98.4,6.8,0.1,0.0,0.1,99.8,0.3,12.9,41.3,0.0,10.0,24.8,55.5,0.0,0.0,2.2,7.5,220.0,11.0,7.5
71610305,male,14273.0,9.0,10.7,11.4,30.8,37.7,71.0,22.6,9.7,8.0,8.3,7.5,6.1,5.8,5.8,4.5,3.4,3.4,2.7,2.0,2.0,4.3,40.4,57.6,1.3,0.6,30.5,95.6,35.8,1.9,33.4,19.0,5.4,2.6,98.2,4.5,0.1,0.0,0.0,100.0,0.3,8.7,39.7,1.1,25.0,5.0,58.0,1.2,0.7,0.6,8.5,5410.0,10.1,6.7
71610307,female,3399.0,9.4,10.3,11.1,52.4,52.7,1.9,38.6,8.3,5.8,6.7,6.6,6.1,5.7,5.5,5.9,3.8,4.4,3.5,2.8,4.3,6.3,19.0,67.7,2.9,10.4,22.4,98.0,60.5,2.7,30.1,8.8,3.0,2.6,99.5,3.8,0.1,0.0,0.1,100.0,0.1,5.8,37.6,0.0,7.4,33.3,48.1,0.0,3.7,0.0,7.4,27.0,15.0,10.6
71610307,male,3693.0,9.5,11.2,11.3,31.5,38.9,68.8,39.9,7.3,6.8,6.9,7.6,6.2,5.4,5.5,4.5,4.0,4.3,3.6,2.3,3.5,7.4,36.5,61.4,1.3,0.8,30.9,98.8,36.6,3.7,36.3,14.3,3.8,3.1,99.6,1.2,0.0,0.0,0.1,99.9,0.2,4.8,33.9,0.2,13.9,6.4,67.4,1.1,0.2,0.1,10.8,1039.0,13.7,9.4
71610309,female,3076.0,8.3,10.0,11.2,53.9,55.2,4.3,65.6,8.9,6.6,5.7,6.4,5.8,5.7,5.0,6.0,5.0,4.6,3.7,2.7,4.2,8.1,21.9,66.2,2.3,9.6,22.3,92.8,61.9,0.4,30.1,9.0,3.0,2.3,97.5,18.7,5.6,0.0,0.0,99.1,1.2,5.4,39.7,0.0,3.1,28.1,68.8,0.0,0.0,0.0,0.0,32.0,15.2,10.600000000000001
71610309,male,3254.0,8.9,10.4,10.2,35.3,44.5,64.0,29.5,8.2,6.6,6.9,7.2,5.8,5.4,5.7,5.2,4.1,3.7,4.2,3.8,3.7,7.6,36.3,61.0,1.7,1.0,31.1,92.2,40.0,0.5,31.1,16.4,4.0,3.5,96.8,13.7,4.2,0.0,0.1,99.3,0.8,4.8,34.9,1.3,12.0,7.1,77.5,0.3,0.4,0.4,1.2,1034.0,15.399999999999999,11.7
71610311,female,13360.0,8.3,10.2,11.0,42.2,46.8,7.8,27.2,8.4,7.3,6.6,7.7,6.4,6.3,6.0,5.3,4.2,4.0,3.1,2.3,2.8,5.6,23.3,62.0,4.8,9.9,23.3,96.2,48.6,1.5,28.2,11.4,7.1,4.9,98.7,5.1,0.6,0.0,0.1,99.9,0.8,9.9,35.3,0.0,12.6,29.6,47.3,0.2,0.8,4.2,5.2,538.0,12.2,8.2
71610311,male,13682.0,8.7,11.1,10.9,24.9,33.8,69.1,24.1,8.0,6.6,6.3,7.4,6.5,6.6,6.6,5.4,3.5,3.5,3.2,2.7,3.0,4.9,38.2,59.1,1.9,0.9,30.8,94.8,28.4,2.0,34.0,16.6,7.0,6.6,98.5,3.6,0.4,0.0,0.2,99.7,1.0,7.7,28.9,2.4,30.3,9.0,41.0,1.1,1.4,5.1,9.7,4974.0,12.4,8.9
71610313,female,4176.0,7.2,8.9,10.2,46.3,48.0,5.0,40.5,8.9,6.1,6.4,6.2,6.9,6.5,6.6,5.7,5.0,4.9,3.8,2.8,3.9,5.4,22.4,66.2,3.4,8.0,22.8,97.7,52.7,2.2,27.7,13.2,4.8,4.1,98.7,11.3,0.6,0.0,0.1,99.5,0.8,8.4,44.3,0.0,8.8,30.8,56.0,1.1,0.0,0.0,3.3,91.0,15.4,10.5
71610313,male,4446.0,7.8,10.7,11.1,28.7,34.5,70.4,38.0,8.2,6.4,6.3,6.3,6.4,5.9,6.8,5.5,4.0,4.5,3.5,3.1,3.4,5.7,37.3,60.7,1.3,0.7,32.1,97.9,33.1,2.8,32.2,22.0,4.9,3.6,99.2,9.2,0.4,0.0,0.1,99.7,0.7,6.4,39.3,1.0,24.5,10.0,44.0,0.4,1.3,0.9,17.9,1365.0,14.5,10.0
71610315,female,2677.0,8.0,10.4,9.8,47.8,52.9,3.6,37.1,8.5,6.4,6.5,7.1,6.8,6.2,6.0,6.1,4.9,4.3,3.2,2.1,3.7,5.2,21.3,69.3,2.2,7.2,22.7,94.4,54.1,2.0,29.9,8.9,3.5,2.8,98.3,11.2,3.7,0.0,0.1,99.8,1.7,5.4,29.6,0.0,0.0,18.2,79.5,2.3,0.0,0.0,0.0,44.0,13.3,9.0
71610315,male,2928.0,8.8,11.1,10.7,26.2,38.8,71.3,23.5,8.0,6.4,8.0,7.7,6.8,5.2,5.2,5.6,3.2,3.6,3.9,2.4,3.5,5.2,37.5,60.9,1.1,0.6,31.5,94.4,29.9,3.7,34.1,17.4,3.3,2.7,99.2,8.7,2.8,0.0,0.3,99.9,0.9,4.5,27.8,3.0,12.7,5.1,75.8,1.6,0.3,1.0,0.5,1109.0,13.4,9.8
71610501,female,3659.0,9.7,10.9,11.5,64.5,60.1,0.7,11.1,8.6,5.6,6.2,5.2,5.7,5.9,6.3,5.7,3.9,5.0,3.9,2.5,3.3,6.5,20.5,66.9,1.8,10.8,23.4,94.7,74.1,1.1,31.7,4.9,1.0,1.1,11.2,98.8,13.3,0.5,0.0,97.5,2.6,3.0,15.9,0.0,0.0,81.3,18.8,0.0,0.0,0.0,0.0,16.0,14.7,9.7
71610501,male,3562.0,9.7,12.4,12.0,50.3,53.6,62.1,31.0,6.4,5.5,5.8,6.5,6.2,5.8,5.3,4.9,4.0,4.7,4.3,3.3,3.3,6.9,30.4,67.2,0.8,1.6,30.0,95.9,58.4,1.5,32.4,8.8,1.7,2.0,22.3,99.1,11.7,0.2,0.1,98.0,2.1,2.2,13.4,0.6,30.3,7.0,54.5,0.2,2.4,0.9,4.2,1006.0,15.600000000000001,10.899999999999999
71610503,female,2374.0,7.9,11.2,12.1,60.6,56.4,2.3,56.8,9.7,5.1,5.0,6.0,6.4,5.9,5.5,5.1,4.7,4.0,4.0,3.7,3.7,6.3,21.2,63.6,1.8,13.3,22.9,90.8,69.6,2.4,30.7,7.4,1.5,1.6,27.9,98.6,0.7,0.0,0.0,98.0,2.0,6.2,52.9,0.0,0.0,81.3,12.5,0.0,0.0,0.0,6.3,16.0,15.399999999999999,11.4
71610503,male,2271.0,9.8,12.9,10.8,43.6,46.0,56.9,35.6,7.0,4.4,5.3,5.6,6.6,6.5,6.1,5.3,4.4,4.5,4.4,2.7,3.6,5.9,31.3,66.9,0.6,1.2,31.0,91.5,49.4,2.6,34.4,11.5,2.9,2.6,41.7,98.9,0.3,0.0,0.0,98.3,1.5,6.9,41.3,0.9,11.8,9.0,40.1,0.2,0.7,0.7,36.5,553.0,15.200000000000001,10.700000000000001
71610505,female,2493.0,10.7,11.8,11.8,54.8,53.1,0.4,0.0,10.7,7.2,7.0,5.8,5.7,5.0,5.5,4.8,3.8,3.6,2.5,1.8,2.5,3.5,22.6,66.8,1.0,9.6,22.8,93.6,64.3,2.2,38.1,5.0,1.3,0.4,11.1,99.3,1.2,0.0,0.0,98.4,2.7,2.1,17.4,0.0,0.0,28.6,28.6,0.0,0.0,14.3,28.6,7.0,10.399999999999999,6.8
71610505,male,2681.0,9.9,12.2,11.9,34.3,43.1,54.6,19.9,10.1,8.2,8.2,7.5,5.4,5.0,4.3,4.1,2.9,3.2,2.9,1.9,2.5,3.8,37.4,60.6,0.8,1.2,28.8,95.4,39.8,2.3,41.8,9.6,1.9,1.3,27.0,99.3,1.2,0.0,0.1,98.5,2.4,3.4,18.0,0.0,8.1,5.2,13.3,0.4,2.6,3.0,67.4,774.0,10.5,7.3
71610507,female,2481.0,9.6,11.0,12.5,63.1,60.0,0.8,28.6,9.8,5.1,4.9,5.9,5.8,4.7,6.1,4.9,4.4,5.3,3.2,2.8,3.8,7.4,20.3,64.8,2.1,12.9,22.9,93.8,74.1,1.8,32.4,4.5,0.6,0.8,11.6,99.4,0.5,0.0,0.0,97.7,3.0,3.0,36.6,0.0,10.0,70.0,20.0,0.0,0.0,0.0,0.0,10.0,15.100000000000001,9.8
71610507,male,2550.0,9.1,12.7,12.3,46.9,50.4,69.4,38.9,7.8,8.5,6.3,6.1,5.3,4.4,4.9,4.5,3.9,4.3,3.8,2.9,3.0,6.8,36.2,62.4,0.4,1.1,30.8,95.3,54.7,1.8,36.0,9.3,1.1,1.4,17.5,99.6,0.4,0.0,0.0,98.3,2.8,3.4,30.6,0.0,33.3,6.9,59.0,0.0,0.3,0.0,0.6,712.0,14.0,9.7
71610509,female,3754.0,10.6,11.7,12.6,57.9,54.9,1.1,30.8,9.8,6.5,6.0,6.6,5.9,5.0,4.9,4.3,4.1,4.3,2.8,2.2,2.8,5.4,20.3,66.7,1.8,11.1,22.6,97.0,68.4,1.5,36.9,4.4,1.5,0.8,28.4,99.2,0.3,0.1,0.0,99.0,2.1,4.7,52.9,0.0,22.2,44.4,33.3,0.0,0.0,0.0,0.0,18.0,12.100000000000001,7.8
71610509,male,3758.0,10.5,13.3,12.4,37.4,47.3,67.7,29.4,8.0,6.7,7.3,6.9,6.5,5.1,4.6,3.1,3.9,3.9,3.3,1.8,2.7,5.6,32.3,66.0,0.8,0.8,28.6,96.9,43.9,2.6,36.6,9.4,2.0,2.1,45.2,99.4,0.2,0.1,0.0,99.5,1.1,5.5,45.8,0.2,15.5,9.5,70.0,1.0,0.1,1.2,2.5,1146.0,11.7,7.8
71610511,female,3105.0,8.1,9.9,10.2,48.2,48.6,5.2,38.3,8.3,6.6,6.1,5.9,6.2,6.3,5.8,6.0,4.4,4.4,3.5,3.3,4.8,5.3,21.2,63.6,3.2,11.9,23.3,98.3,55.1,3.3,28.5,12.5,4.0,3.1,77.2,81.7,0.8,0.0,0.0,98.4,2.0,10.0,46.1,0.0,1.4,35.2,54.9,0.0,1.4,1.4,5.6,71.0,16.0,11.6
71610511,male,3176.0,8.4,10.0,10.9,25.0,32.0,65.6,23.2,8.0,6.8,6.2,6.0,6.2,6.3,5.6,5.6,4.9,4.3,3.5,3.5,3.9,6.4,37.4,60.5,1.2,0.9,32.3,97.6,28.6,3.4,35.0,20.1,4.8,4.7,84.9,83.6,0.6,0.0,0.0,99.1,1.3,9.4,41.9,0.6,18.6,9.0,52.5,0.3,2.0,1.9,15.1,1130.0,15.200000000000001,10.9
71610513,female,2543.0,7.1,9.2,10.5,64.0,60.5,1.0,5.6,7.4,5.0,4.3,5.2,5.3,6.1,5.6,5.9,6.1,6.4,5.3,3.9,6.8,7.1,18.0,63.5,2.8,15.6,23.8,98.7,73.0,1.8,28.9,6.1,1.6,1.0,33.2,98.3,2.5,0.0,0.1,96.0,5.1,4.7,42.9,0.0,5.9,47.1,47.1,0.0,0.0,0.0,0.0,17.0,22.4,16.0
71610513,male,2363.0,8.0,10.1,11.3,42.2,46.9,49.9,10.3,8.1,4.6,5.9,5.1,5.5,5.3,5.0,4.1,3.9,5.6,5.7,4.7,7.1,7.7,30.6,66.6,1.1,1.7,32.1,98.4,48.5,3.7,32.1,12.4,2.6,2.2,51.9,98.8,1.8,0.0,0.0,95.8,5.7,4.2,37.4,0.3,33.9,7.5,54.7,0.4,1.1,0.9,1.2,746.0,23.1,17.5
71610515,female,4191.0,8.2,10.4,11.1,53.1,53.7,1.9,18.2,9.7,6.3,5.7,5.5,6.6,6.1,5.8,4.8,4.7,5.0,3.8,2.9,3.5,4.6,22.7,62.4,2.6,12.3,23.0,96.3,61.2,1.8,32.4,7.9,2.5,1.8,46.6,99.4,0.1,0.0,0.0,99.1,1.1,8.4,31.5,0.0,2.2,44.4,53.3,0.0,0.0,0.0,0.0,45.0,15.200000000000001,10.2
71610515,male,4154.0,8.7,11.4,10.7,32.7,41.2,68.3,25.1,8.6,7.3,6.6,6.9,5.8,6.5,5.1,4.5,3.6,4.0,3.6,3.0,3.7,4.9,35.7,62.2,1.1,1.0,31.0,97.0,37.4,2.5,36.6,14.4,2.6,2.6,57.0,99.6,0.0,0.0,0.0,99.5,0.7,7.2,29.3,0.1,13.4,11.4,72.5,0.3,0.5,1.2,0.5,1471.0,14.3,10.3
71610517,female,3443.0,7.3,9.8,9.5,63.1,61.1,1.3,36.4,8.1,5.8,5.1,5.9,5.6,6.9,6.4,5.5,6.0,5.4,4.0,3.2,5.5,7.5,19.7,63.4,2.1,14.8,24.2,93.7,71.0,1.0,27.6,6.3,2.4,1.5,12.8,97.9,0.5,0.0,0.1,98.5,1.4,8.0,49.4,0.0,4.8,57.1,33.3,0.0,0.0,0.0,4.8,21.0,18.1,12.7
71610517,male,3333.0,8.4,10.0,10.1,42.2,51.6,50.7,32.8,7.5,6.8,6.4,6.2,6.7,4.4,5.6,5.5,4.9,4.9,4.4,4.1,4.2,7.8,33.8,63.9,0.7,1.6,31.8,93.5,47.9,2.0,29.9,10.9,2.4,3.2,21.5,97.2,0.6,0.0,0.1,97.9,2.1,8.3,42.7,0.5,21.8,16.2,56.1,0.2,0.5,0.5,4.2,813.0,17.6,12.7
71610701,female,3378.0,9.7,9.8,10.9,57.5,58.4,1.0,12.5,10.0,6.3,6.1,5.9,5.4,5.4,5.3,6.2,5.1,4.7,3.8,2.5,2.7,3.9,20.2,66.9,1.5,11.4,22.0,94.7,66.3,1.2,31.5,7.3,1.2,0.5,30.3,99.1,0.4,0.0,0.0,98.5,1.6,2.3,41.5,0.0,9.5,52.4,23.8,4.8,0.0,0.0,9.5,21.0,13.7,9.0
71610701,male,3681.0,8.9,9.4,11.7,35.0,45.8,73.4,7.9,9.4,8.4,8.9,7.6,5.0,4.5,4.3,4.1,3.9,4.3,3.6,2.9,3.2,4.0,38.0,60.0,0.7,1.2,30.3,96.9,40.6,1.2,38.6,11.0,2.3,1.1,48.4,99.6,0.3,0.0,0.0,99.2,0.7,2.5,38.2,0.2,18.2,3.9,67.9,0.9,2.9,0.2,5.9,1739.0,14.0,9.7
71610703,female,3944.0,7.7,9.6,10.8,57.5,58.0,4.3,46.3,8.8,6.0,5.7,6.3,6.3,5.4,5.6,5.7,5.3,5.2,3.8,3.4,4.5,4.3,20.3,64.9,2.4,12.4,23.1,96.6,65.8,0.7,29.0,6.8,3.6,1.9,53.9,97.8,0.5,0.0,0.0,99.2,0.8,6.4,43.2,0.0,4.5,27.3,56.1,9.1,0.0,1.5,1.5,66.0,16.9,11.7
71610703,male,4058.0,8.2,8.9,11.7,35.2,42.0,70.1,28.8,8.1,7.0,7.0,7.3,6.3,6.2,5.5,5.3,3.9,3.6,3.5,3.5,3.8,4.6,36.4,61.6,1.1,0.9,31.8,98.8,40.8,2.4,34.7,13.3,4.8,2.8,71.7,98.2,0.3,0.0,0.0,98.9,1.3,6.1,39.3,0.8,13.7,7.6,73.8,0.9,0.8,0.3,2.1,1442.0,14.399999999999999,10.8
71610705,female,8353.0,9.1,11.1,11.6,53.5,54.2,3.4,30.0,10.0,6.4,6.0,6.6,6.0,5.6,5.5,4.9,4.3,4.2,2.9,2.1,3.7,5.8,23.7,61.2,3.4,11.7,24.0,94.7,62.1,1.1,30.8,8.2,2.6,3.2,24.5,98.2,1.0,0.0,0.0,99.1,2.2,9.5,50.9,0.0,9.8,47.6,39.3,0.0,3.4,0.0,0.0,138.0,12.899999999999999,8.7
71610705,male,8901.0,9.2,11.5,11.5,35.0,42.4,69.6,15.4,9.7,7.9,7.2,6.3,5.7,5.3,5.0,4.2,4.4,3.8,2.8,2.3,3.1,4.9,41.0,57.2,1.1,0.7,30.7,95.1,40.4,1.3,33.3,16.9,2.8,3.3,30.7,98.9,0.8,0.0,0.0,98.2,2.9,7.9,51.4,0.5,25.8,10.0,52.6,1.2,5.8,0.5,3.5,3553.0,11.999999999999998,8.2
71610707,female,5237.0,7.8,9.9,11.0,52.2,51.4,3.5,18.6,8.6,5.6,5.7,6.7,6.7,6.2,6.1,5.5,4.4,4.7,3.7,3.3,4.2,4.0,20.4,64.0,3.7,11.9,21.0,97.1,60.1,1.8,32.1,9.0,2.9,2.9,83.4,84.2,0.5,0.1,0.2,98.9,1.3,11.3,44.6,0.0,6.4,47.8,45.7,0.0,0.0,0.0,0.0,108.0,15.899999999999999,11.2
71610707,male,5437.0,7.7,10.4,10.6,31.7,34.9,67.8,19.7,8.9,6.5,5.6,6.3,6.5,5.9,6.4,5.5,3.9,4.2,3.9,3.4,4.4,5.5,36.5,60.8,1.3,1.4,32.5,95.2,36.3,3.2,38.9,13.8,5.0,4.2,87.5,84.3,0.1,0.0,0.1,98.5,1.0,7.5,38.1,1.7,20.3,3.8,70.9,0.9,0.3,1.3,0.8,2107.0,15.9,11.7
71610709,female,5439.0,10.1,12.7,12.1,62.0,57.3,3.1,80.0,10.2,6.6,5.7,7.1,5.2,5.4,5.2,5.0,4.2,3.7,2.3,2.1,2.3,7.1,23.9,61.2,1.8,13.1,24.0,94.3,70.8,1.0,37.4,2.4,1.2,0.6,34.6,98.7,0.6,0.0,0.0,98.5,1.8,3.2,23.3,0.0,0.0,100.0,0.0,0.0,0.0,0.0,0.0,22.0,10.399999999999999,6.7
71610709,male,5451.0,11.1,11.4,11.7,47.0,54.1,70.8,45.2,8.5,7.5,8.4,7.2,5.6,4.5,4.5,4.4,3.6,3.9,3.3,2.1,2.3,5.5,38.1,60.9,0.3,0.7,29.3,94.4,53.5,1.1,35.6,6.2,0.6,2.3,52.8,98.9,0.2,0.0,0.0,99.7,1.1,5.2,25.0,0.0,10.3,12.4,71.1,1.1,1.1,0.3,3.7,1393.0,11.599999999999998,7.7
71610711,female,7073.0,7.9,10.3,10.5,47.0,49.1,4.4,21.5,9.0,6.7,7.3,7.2,7.0,6.4,5.7,5.5,3.9,3.9,2.6,2.7,3.5,5.8,23.3,63.9,3.6,9.2,22.8,94.0,53.9,1.1,32.0,10.5,4.2,3.1,97.1,39.7,8.4,0.0,0.3,99.6,2.9,10.5,48.5,2.6,13.6,23.3,60.5,0.0,0.0,0.0,0.0,174.0,12.7,8.8
71610711,male,7620.0,8.5,10.6,10.7,27.8,39.4,74.4,25.0,7.8,6.3,6.5,6.8,6.9,6.2,6.4,5.8,4.3,3.8,3.0,2.8,3.6,5.0,37.5,60.2,1.4,0.9,32.6,95.6,32.0,1.2,34.7,15.0,5.5,4.2,98.6,32.0,6.9,0.0,0.8,99.7,1.7,8.5,38.5,0.7,24.1,8.4,60.3,5.0,0.7,0.3,0.4,2979.0,13.2,9.4
71610713,female,12455.0,8.6,10.7,11.1,54.2,52.4,2.8,5.0,9.0,5.9,6.0,6.1,6.7,5.6,6.0,5.7,4.6,3.9,3.3,2.8,4.0,5.5,21.4,64.6,2.7,11.3,20.5,96.1,62.5,2.8,33.0,7.0,2.7,2.0,46.5,97.7,1.8,0.0,0.0,98.9,1.0,9.8,43.5,0.0,3.8,28.6,65.4,0.0,0.0,2.2,0.0,231.0,14.0,10.1
71610713,male,12861.0,9.2,11.7,11.1,34.4,39.4,71.5,15.7,8.7,6.5,6.0,6.9,6.2,5.4,5.8,5.1,3.8,3.7,3.4,2.9,3.7,5.6,36.4,60.7,1.6,1.3,29.7,96.1,39.7,3.0,37.5,13.8,3.3,3.0,58.2,98.2,1.3,0.0,0.0,99.4,0.7,8.3,36.4,1.9,25.2,5.5,61.6,1.7,1.0,2.1,1.0,5263.0,13.7,10.0
71610715,female,5497.0,9.9,11.6,12.7,49.7,52.5,1.6,18.7,9.8,6.7,6.0,6.0,6.5,5.6,5.1,4.8,4.4,3.6,2.4,2.3,2.6,4.6,21.3,66.1,2.2,10.4,23.0,97.2,58.9,0.8,30.3,11.4,3.6,1.4,47.6,99.4,7.9,0.1,0.0,98.7,1.1,10.8,51.4,0.0,0.0,14.2,69.5,0.0,0.0,16.2,0.0,46.0,10.9,7.299999999999999
71610715,male,6225.0,9.3,11.7,11.3,33.2,43.1,69.1,16.9,9.7,8.1,9.2,6.7,6.2,5.2,4.9,4.6,2.7,3.3,2.4,2.4,2.3,4.2,43.5,55.1,0.6,0.9,31.7,94.8,38.5,2.4,31.2,15.5,3.8,4.0,61.0,99.5,4.6,0.0,0.0,98.5,1.7,9.1,45.0,0.0,22.2,3.9,70.9,0.5,0.3,0.0,2.3,2420.0,10.399999999999999,7.1
71610901,female,5057.0,7.5,10.6,11.5,62.2,60.7,0.9,27.5,8.8,4.4,4.4,4.8,6.8,6.3,5.3,6.1,5.1,5.4,4.0,3.9,5.2,5.1,18.7,65.4,2.3,13.7,23.7,90.6,71.9,1.7,29.2,6.0,1.1,1.3,58.4,88.5,12.2,0.2,0.1,98.5,6.2,6.0,43.5,0.0,0.0,56.3,43.7,0.0,0.0,0.0,0.0,24.0,18.5,13.100000000000001
71610901,male,4766.0,8.6,11.7,12.8,43.2,53.1,61.4,16.0,6.8,4.8,3.9,5.7,6.1,5.5,6.1,5.1,4.5,4.9,4.3,4.0,5.0,5.0,26.3,71.8,0.5,1.3,30.1,89.2,51.2,2.1,29.7,8.3,3.3,3.4,65.5,88.4,13.1,0.1,0.0,97.9,6.3,7.6,39.3,0.4,30.5,11.0,27.6,0.0,1.3,9.2,20.1,1639.0,18.2,13.3
71610903,female,3385.0,9.6,11.2,10.7,64.5,62.9,0.9,23.8,10.0,5.3,5.8,4.9,5.1,4.8,5.4,5.2,5.6,4.8,3.7,3.5,4.1,7.2,20.3,65.5,1.2,13.1,23.2,95.6,74.1,1.3,32.3,2.5,0.4,0.5,24.8,99.4,0.2,0.0,0.1,98.7,1.7,4.7,52.2,0.0,6.3,68.8,25.0,0.0,0.0,0.0,0.0,16.0,16.1,11.3
71610903,male,3020.0,11.4,13.3,11.5,44.9,62.2,64.4,34.1,5.7,4.0,5.4,5.7,6.1,4.8,5.1,4.8,4.6,5.7,3.8,4.0,4.2,6.2,21.9,76.2,0.6,1.3,27.4,94.2,52.5,2.1,30.8,3.4,0.9,0.7,39.3,99.5,0.4,0.0,0.0,98.4,3.4,4.0,34.4,0.1,45.4,10.9,41.0,0.6,1.0,0.2,0.7,817.0,17.7,12.0
71610905,female,2920.0,8.5,11.0,10.6,62.0,61.2,1.0,10.0,8.5,6.1,5.1,4.9,5.6,5.8,4.8,6.1,5.3,5.4,4.1,3.5,4.9,3.7,18.1,67.3,1.6,13.0,23.4,94.8,71.1,1.5,28.1,6.1,2.0,1.2,21.9,99.5,0.7,0.0,0.0,99.4,1.8,9.4,45.5,0.0,11.1,66.7,16.7,5.6,0.0,0.0,0.0,18.0,17.9,12.5
71610905,male,2785.0,8.9,11.4,11.5,42.7,56.1,62.9,39.3,7.5,5.5,5.7,4.9,6.4,5.4,5.3,4.5,4.7,4.5,4.2,4.2,5.5,4.0,27.9,70.1,0.4,1.5,29.5,96.9,49.8,1.9,28.2,9.3,2.0,2.4,34.7,99.3,0.7,0.0,0.1,99.1,1.8,8.8,37.2,0.3,41.2,8.8,23.7,0.6,9.7,1.1,14.6,725.0,18.4,13.9
71610907,female,1799.0,8.7,9.4,10.8,62.8,61.2,1.6,20.0,8.4,5.7,5.6,4.2,6.5,5.6,5.6,4.8,5.1,5.9,4.4,3.4,5.8,6.3,21.9,60.3,2.0,15.9,26.4,95.9,72.1,1.5,27.2,7.1,1.6,1.4,23.6,98.7,0.6,0.0,0.0,98.4,1.5,3.5,38.7,0.0,0.0,87.5,12.5,0.0,0.0,0.0,0.0,16.0,19.5,13.600000000000001
71610907,male,1572.0,9.5,12.8,12.6,40.7,56.7,63.9,39.0,6.6,3.4,4.3,5.5,6.4,4.4,5.1,5.9,4.6,4.8,3.4,3.8,7.0,8.5,25.3,71.5,1.0,2.2,30.7,97.1,48.3,3.0,27.1,10.1,1.4,1.7,37.2,98.9,0.7,0.0,0.0,99.3,1.0,1.7,29.2,0.5,50.1,14.0,33.6,0.0,0.0,0.3,1.5,399.0,19.0,14.2
71610909,female,2429.0,9.3,10.6,10.4,61.3,61.1,1.6,14.8,8.6,5.0,6.3,5.7,4.2,5.6,5.5,6.1,4.7,5.1,3.4,3.7,5.8,8.3,19.6,64.3,1.9,14.2,23.3,90.0,70.2,0.7,30.9,4.9,1.1,1.3,74.9,99.1,0.2,0.0,0.0,97.7,2.4,4.9,44.5,0.0,8.7,65.2,26.1,0.0,0.0,0.0,0.0,23.0,18.0,12.899999999999999
71610909,male,2430.0,8.6,11.8,11.5,44.3,51.3,66.1,35.5,7.7,5.8,7.0,6.3,5.3,4.7,4.7,4.9,4.5,4.7,3.5,3.0,5.8,7.7,34.6,63.8,0.7,0.8,32.0,94.3,51.4,1.4,34.8,9.0,2.1,1.5,88.4,99.4,0.2,0.0,0.0,99.0,1.0,4.4,36.2,0.1,61.6,6.7,28.2,0.4,0.4,1.0,1.6,705.0,17.0,12.3
71610911,female,3713.0,8.2,10.0,10.9,63.2,62.3,1.6,20.9,8.7,5.1,5.0,6.2,5.2,5.4,5.8,5.5,4.8,5.4,4.7,3.7,5.4,6.3,19.7,62.7,2.6,15.0,22.9,94.5,72.6,0.8,28.4,6.0,1.3,1.2,24.1,99.3,0.4,0.0,0.0,99.3,1.0,8.1,51.3,2.9,0.0,41.2,52.9,0.0,0.0,0.0,2.9,34.0,19.200000000000003,13.8
71610911,male,3342.0,10.6,11.6,11.7,46.3,55.8,62.2,22.2,6.7,4.4,4.9,6.1,6.1,5.6,4.9,4.9,4.5,4.8,4.2,4.3,4.7,7.3,26.7,71.4,0.6,1.3,29.7,95.0,54.0,2.5,28.7,9.0,1.8,2.2,36.1,99.3,0.4,0.0,0.1,99.1,1.1,9.5,42.2,1.2,12.9,16.0,58.0,0.2,1.1,1.0,9.5,1067.0,18.0,13.2
71610913,female,4689.0,8.4,11.6,11.4,61.2,58.4,2.3,6.9,9.0,5.6,5.7,6.4,5.9,6.0,4.7,4.4,4.1,4.7,4.1,3.5,4.6,4.7,20.8,65.1,1.7,12.4,23.7,97.7,70.9,1.7,28.6,6.8,1.9,2.6,42.1,98.5,0.8,0.0,0.0,99.7,0.7,15.6,62.9,0.0,0.0,83.1,16.9,0.0,0.0,0.0,0.0,70.0,16.9,12.2
71610913,male,4671.0,9.5,12.3,12.8,35.9,48.9,64.7,20.2,8.2,5.8,5.5,6.2,6.6,6.0,4.9,4.6,2.9,3.4,3.3,3.4,4.6,5.9,33.2,65.0,0.5,1.3,30.8,94.6,42.3,2.0,31.2,10.2,3.6,4.0,60.9,97.6,1.8,0.0,0.0,99.2,0.8,12.6,51.5,1.0,24.2,13.7,53.1,0.8,0.3,0.0,6.8,1576.0,14.7,11.299999999999999
71610915,female,2910.0,9.7,10.4,10.1,66.6,61.7,0.7,6.7,9.2,5.9,5.1,5.3,6.5,4.9,5.0,5.3,5.1,5.2,4.1,3.2,5.0,4.0,20.3,65.8,1.3,12.5,22.8,95.9,74.2,1.6,29.9,4.8,1.2,0.8,28.6,99.2,0.1,0.1,0.0,99.0,0.9,3.7,20.8,0.0,0.0,71.4,28.6,0.0,0.0,0.0,0.0,14.0,17.5,12.3
71610915,male,2672.0,10.3,11.5,11.7,50.5,56.7,55.8,5.4,6.7,4.2,4.8,5.8,6.6,6.0,5.1,5.9,3.0,5.1,3.6,3.8,6.0,4.6,25.9,72.3,0.7,1.1,29.3,96.0,57.1,2.0,30.7,7.1,1.8,1.7,44.7,99.5,0.3,0.0,0.0,98.9,1.3,4.3,19.9,0.2,19.1,9.0,57.7,0.0,0.0,0.5,13.5,938.0,18.5,13.4
71910103,female,54864.0,6.6,9.0,9.8,28.9,34.0,15.5,24.4,8.4,8.1,7.7,7.2,6.3,6.8,6.4,5.8,4.7,4.7,3.1,2.3,2.9,4.1,27.2,56.8,6.0,10.0,24.2,97.0,32.6,1.3,24.7,16.2,12.0,11.8,99.2,2.2,0.9,0.1,0.1,99.8,0.7,23.8,57.7,1.5,15.4,46.0,30.2,1.8,0.5,1.8,2.7,4794.0,13.000000000000002,8.3
71910103,male,50330.0,7.8,10.3,11.4,13.4,22.3,62.3,22.6,9.2,7.2,6.2,6.3,5.9,5.8,5.8,5.7,4.2,4.9,3.8,2.9,2.5,4.1,38.9,58.1,2.2,0.8,32.5,97.3,15.4,1.9,28.6,20.9,14.1,12.2,99.4,2.0,0.9,0.0,0.1,99.8,0.8,20.6,55.2,2.8,35.9,24.1,24.7,1.0,2.3,4.4,4.7,17096.0,14.1,9.2
71910105,female,19338.0,8.2,10.1,11.0,32.1,38.3,9.6,37.6,9.1,8.1,7.9,7.7,6.6,6.7,6.1,5.4,3.6,3.8,2.3,1.6,1.9,3.6,23.9,63.2,4.6,8.3,23.6,94.1,36.8,1.8,27.3,15.3,9.6,7.7,98.8,12.3,2.6,0.0,0.3,99.5,2.2,19.6,51.4,2.4,10.7,43.4,37.9,1.4,1.3,0.6,2.3,816.0,9.6,5.8
71910105,male,19064.0,8.5,11.3,12.1,16.2,27.3,65.6,24.2,9.1,7.0,6.4,6.9,5.9,6.2,6.1,5.0,3.8,4.4,3.2,2.2,1.9,4.3,38.7,59.7,1.0,0.5,32.6,97.5,18.8,1.6,31.0,20.2,10.8,9.0,99.0,11.9,2.6,0.0,0.2,99.6,2.3,17.6,50.2,3.7,29.9,16.5,41.7,1.4,2.1,2.4,2.3,6448.0,11.700000000000001,7.300000000000001
71910107,female,5235.0,6.8,8.9,10.0,38.8,41.7,9.9,23.5,8.1,7.0,6.3,7.0,6.5,6.8,6.6,5.8,4.9,5.1,3.6,3.0,3.7,3.9,26.5,58.0,3.6,11.9,23.2,97.5,44.1,1.2,25.7,14.8,8.3,8.3,98.7,15.8,2.7,0.0,0.0,100.0,0.4,16.9,57.8,0.0,2.4,51.6,46.0,0.0,0.0,0.0,0.0,295.0,15.399999999999999,10.3
71910107,male,5023.0,7.3,8.8,9.3,22.1,28.3,66.4,19.7,8.9,6.7,6.8,7.4,5.7,6.4,7.2,5.6,4.9,4.4,4.2,3.3,3.2,4.0,40.8,56.4,1.8,1.0,33.3,98.8,24.8,1.4,28.5,22.9,9.8,9.2,98.8,10.7,2.2,0.0,0.0,99.8,0.3,12.7,52.9,0.3,33.8,15.2,47.3,1.6,0.2,1.3,0.4,1994.0,15.100000000000001,10.7
71910109,female,10306.0,8.2,9.7,10.3,32.0,36.6,12.4,29.5,8.7,8.3,7.0,7.5,6.2,6.5,6.9,5.0,4.2,3.6,3.0,2.0,2.8,3.6,24.3,60.3,4.0,11.5,22.6,98.7,36.5,0.9,29.5,16.4,8.6,7.9,99.5,5.1,1.0,0.1,0.0,100.0,0.1,17.8,52.2,4.1,16.6,26.2,48.2,0.0,0.0,0.0,4.8,647.0,11.399999999999999,7.8
71910109,male,10222.0,8.5,10.3,11.1,17.3,25.3,70.2,17.4,9.0,7.0,6.8,6.8,5.9,6.8,6.6,5.7,4.2,4.0,2.9,2.4,2.1,4.3,37.7,60.6,1.3,0.4,31.4,97.9,19.6,2.2,29.9,23.7,9.8,9.2,99.4,4.2,0.4,0.0,0.1,99.9,0.2,15.6,47.8,2.6,32.5,14.4,35.8,3.1,1.2,1.3,9.0,4142.0,11.4,7.4
71910503,female,7252.0,9.5,11.1,10.1,47.5,50.3,2.7,33.2,8.2,7.3,6.9,6.9,6.2,6.3,5.9,4.6,3.7,4.2,3.0,2.8,3.1,8.1,21.6,66.2,2.0,10.2,20.6,93.0,53.9,0.7,31.1,10.2,4.1,3.7,98.8,5.0,1.5,0.1,0.1,99.7,0.5,9.2,41.1,0.0,17.1,50.8,26.3,0.0,0.0,5.8,0.0,91.0,13.1,8.9
71910503,male,7434.0,9.4,11.3,10.9,26.8,36.5,65.2,25.1,7.5,6.1,6.1,7.0,6.5,6.8,6.8,4.9,3.9,4.0,3.6,2.5,2.8,5.4,36.4,62.1,0.7,0.8,31.7,93.0,30.7,1.6,32.2,16.6,7.1,5.9,98.8,1.3,0.1,0.0,0.0,99.7,0.3,8.7,39.3,0.5,41.2,7.4,44.4,0.9,1.5,2.1,2.1,2482.0,12.899999999999999,8.899999999999999
71910505,female,5906.0,8.3,10.9,11.6,43.0,43.2,2.5,42.9,9.5,6.5,6.7,7.0,6.1,7.0,5.9,4.6,3.1,4.1,2.6,2.9,3.2,5.4,20.4,67.5,2.5,9.6,21.6,97.4,50.2,2.2,31.4,14.7,5.3,3.1,99.0,4.7,0.2,0.1,0.1,99.7,0.4,15.2,55.5,0.0,9.6,17.9,65.5,0.0,7.1,0.0,0.0,58.0,12.8,8.7
71910505,male,6343.0,8.9,10.5,12.2,25.0,31.8,67.9,21.3,9.1,6.2,6.4,6.5,6.3,6.5,7.7,4.7,4.2,3.4,2.6,1.9,2.8,5.4,39.8,58.6,0.9,0.7,33.7,95.0,29.1,0.8,32.8,25.5,5.4,3.8,99.3,1.7,0.6,0.0,0.1,99.9,0.2,11.5,53.1,0.2,32.7,7.9,53.2,2.3,1.3,1.5,1.0,2317.0,10.7,7.3
71910507,female,5646.0,8.3,10.6,12.6,45.0,47.4,1.9,37.5,9.2,6.2,6.1,7.0,5.9,6.2,6.6,4.9,2.9,4.7,3.6,2.2,3.0,2.9,17.9,69.8,2.9,9.3,21.3,98.5,53.1,1.2,33.2,12.8,3.4,1.9,99.3,3.4,2.7,0.0,0.0,99.8,1.0,6.3,31.7,0.0,13.3,33.3,51.1,0.0,2.2,0.0,0.0,45.0,13.5,8.8
71910507,male,5880.0,8.9,11.5,12.7,27.9,35.8,64.1,32.2,9.1,6.6,6.2,6.2,6.1,6.1,6.2,5.0,3.2,3.3,3.2,2.9,2.9,4.3,38.2,60.5,1.0,0.3,32.4,98.7,33.1,1.5,33.0,22.7,4.6,2.3,99.4,2.1,2.3,0.0,0.0,99.8,0.5,5.6,31.3,1.1,28.0,3.8,59.7,2.6,3.0,1.3,0.5,1709.0,12.3,9.0
71910509,female,5298.0,6.9,10.8,12.8,48.7,51.5,3.7,46.8,8.9,6.7,6.2,6.7,6.0,6.7,6.6,4.8,3.7,4.5,3.1,2.0,3.6,4.6,20.9,63.7,2.9,12.5,21.0,96.3,57.5,0.8,28.0,12.4,3.6,3.7,98.3,3.8,0.2,0.0,0.0,99.8,0.4,8.6,30.5,0.0,5.2,24.2,64.7,0.0,0.0,0.0,6.0,72.0,13.2,8.7
71910509,male,5423.0,8.6,11.6,12.5,33.3,42.1,61.2,22.2,8.7,6.4,6.4,5.6,5.0,6.6,6.1,5.3,3.7,4.2,3.5,2.6,3.1,3.6,36.8,61.0,1.2,1.0,30.0,96.3,39.2,2.2,31.6,16.6,4.0,3.6,99.6,3.6,0.1,0.0,0.0,100.0,0.7,3.4,23.0,1.9,20.3,4.3,62.3,0.8,4.2,0.0,6.2,1734.0,13.4,9.2
71910515,female,4564.0,7.3,11.1,12.0,48.6,50.4,2.5,54.4,8.7,6.9,6.6,6.3,5.6,7.0,6.4,5.3,3.3,4.1,2.5,2.8,4.1,4.5,18.9,67.5,3.3,10.3,22.3,96.4,56.7,1.3,29.5,11.7,4.3,2.7,99.4,1.5,0.7,0.0,0.0,99.9,0.7,9.2,43.5,0.0,8.3,27.8,58.3,2.8,0.0,0.0,2.8,36.0,13.499999999999998,9.399999999999999
71910515,male,4748.0,7.9,10.9,12.1,32.6,40.1,62.0,41.9,9.6,6.6,6.4,5.3,5.2,6.1,6.3,5.4,4.5,4.3,3.1,3.1,3.2,5.3,39.1,58.7,1.6,0.6,32.7,96.4,37.7,1.3,31.6,18.6,5.7,2.7,99.6,0.7,0.4,0.0,0.0,99.8,0.5,8.7,39.7,0.3,22.6,5.3,64.7,1.6,2.5,1.9,0.9,1181.0,13.7,9.4
71910516,female,2898.0,8.3,10.6,11.1,47.5,49.6,6.4,43.1,8.0,7.0,7.0,6.9,6.2,7.1,6.2,4.8,4.1,4.6,2.4,2.4,3.2,3.8,18.9,66.6,4.2,10.2,21.6,99.5,54.8,0.7,31.3,11.7,4.1,2.6,99.3,8.4,0.1,0.0,0.1,99.8,0.3,11.4,62.2,0.0,31.1,8.1,55.4,2.7,1.4,0.0,1.4,74.0,12.600000000000001,8.0
71910516,male,3011.0,8.6,10.0,11.4,26.5,35.8,75.6,19.3,8.1,7.3,7.0,7.3,6.5,6.7,6.1,4.7,3.9,3.7,3.3,2.4,3.0,3.5,38.8,59.7,0.9,0.6,32.5,98.7,30.7,0.7,35.7,19.4,5.0,3.5,99.3,6.9,0.1,0.0,0.0,99.7,0.3,9.7,55.3,0.7,29.7,3.6,59.4,2.3,2.1,1.0,1.2,1286.0,12.4,8.7
71910521,female,5387.0,8.6,10.2,11.0,43.4,45.2,4.1,45.2,8.9,7.1,6.4,6.1,5.4,6.6,6.5,5.2,4.1,4.1,3.6,2.6,3.5,7.1,23.0,64.9,2.9,9.2,22.4,99.0,50.0,2.5,28.8,12.6,6.0,5.0,99.4,1.9,1.0,0.1,0.0,99.7,0.8,15.0,44.5,0.0,2.4,51.8,43.5,2.4,0.0,0.0,0.0,85.0,13.799999999999999,9.7
71910521,male,5399.0,8.4,10.6,10.9,21.8,28.6,67.0,51.3,8.5,6.9,6.0,6.3,6.0,6.6,6.6,5.4,4.3,4.5,3.5,2.8,2.6,6.8,39.2,58.9,1.1,0.9,33.6,98.6,25.1,3.6,31.7,21.3,8.4,6.4,99.6,0.5,0.2,0.1,0.1,99.9,0.2,12.4,41.8,1.1,23.2,10.0,61.8,2.0,1.1,0.6,0.2,1235.0,13.4,8.9
71910523,female,2998.0,8.2,11.5,12.2,46.9,47.5,1.6,31.3,8.2,6.5,6.4,6.9,6.9,5.4,5.8,4.7,3.3,4.4,3.5,2.6,3.3,3.4,18.1,68.5,2.8,10.5,21.0,98.3,55.3,2.2,31.5,11.2,5.4,2.2,99.7,3.1,0.1,0.0,0.1,99.7,0.2,14.0,59.3,0.0,13.6,31.8,45.5,0.0,0.0,0.0,9.1,22.0,13.8,9.399999999999999
71910523,male,3067.0,8.9,11.8,11.7,30.9,36.3,70.6,24.9,7.9,4.6,6.4,6.6,6.9,7.0,6.8,5.1,2.9,3.7,3.5,3.0,3.3,3.4,34.9,63.4,1.0,0.7,32.5,99.3,36.1,2.0,34.2,18.7,5.6,3.1,99.6,0.7,0.0,0.0,0.1,99.8,0.1,12.3,59.8,0.6,22.6,5.6,30.7,3.1,1.1,1.7,34.5,1098.0,13.5,9.8
71910711,female,5135.0,8.7,12.2,11.7,49.4,50.1,5.3,17.2,8.6,6.0,6.4,6.0,5.8,6.4,6.6,5.1,4.2,3.4,2.9,2.3,3.7,4.2,18.1,69.2,2.7,10.0,19.1,95.2,57.6,1.3,32.8,10.1,3.9,1.7,99.4,1.8,0.8,0.0,0.0,99.6,0.0,14.7,66.8,0.0,62.1,2.7,28.6,6.5,0.0,0.0,0.0,151.0,12.3,8.899999999999999
71910711,male,5458.0,7.4,10.3,12.3,30.8,37.4,74.1,22.8,10.0,7.1,7.3,6.5,5.3,6.1,6.0,4.8,4.5,4.0,3.1,2.8,2.7,5.3,43.7,55.1,0.9,0.3,32.3,95.5,36.2,2.1,33.1,20.4,4.0,3.0,99.3,0.6,0.0,0.0,0.0,100.0,0.0,11.3,59.9,2.5,20.6,3.4,67.9,1.8,0.9,2.9,0.0,2184.0,12.599999999999998,8.600000000000001
71910713,female,5064.0,7.8,9.9,10.5,50.4,49.7,6.8,55.5,8.0,6.4,6.5,6.0,5.9,7.0,7.1,5.8,4.7,4.2,3.8,2.9,3.5,3.6,22.4,63.4,3.1,11.0,23.8,95.4,57.6,2.0,26.1,13.8,4.5,3.9,98.6,3.4,0.9,0.0,0.0,99.7,0.0,12.2,56.4,0.0,36.3,23.4,36.8,3.6,0.0,0.0,0.0,111.0,14.4,10.2
71910713,male,5216.0,7.9,10.3,10.8,32.8,38.1,68.4,19.2,8.9,6.1,7.1,6.0,4.8,6.1,6.4,5.4,4.3,5.0,4.0,3.5,3.4,4.7,40.8,56.0,1.9,1.3,34.5,98.5,37.7,1.8,29.8,21.1,5.7,3.5,98.7,2.2,0.4,0.0,0.2,100.0,0.2,8.4,49.2,0.5,20.5,4.4,67.8,2.0,2.1,1.5,1.1,2045.0,15.9,10.9
71910731,female,7074.0,8.0,10.4,11.5,53.3,52.9,1.7,12.3,9.8,6.4,6.2,6.0,6.4,6.7,6.4,5.3,4.1,4.5,3.0,2.1,3.3,4.0,20.0,66.6,3.3,10.1,18.7,95.3,61.8,1.6,27.0,11.8,4.3,2.4,97.7,6.2,0.7,0.0,0.1,99.5,0.3,7.9,35.8,0.0,9.1,23.6,67.3,0.0,0.0,0.0,0.0,74.0,12.899999999999999,8.399999999999999
71910731,male,7848.0,8.1,10.4,10.9,33.0,36.7,69.7,13.4,9.4,7.4,7.3,6.5,5.8,6.9,6.3,5.0,4.3,3.9,2.8,2.3,2.8,4.3,38.9,59.3,1.3,0.5,32.3,95.2,37.9,1.7,33.7,19.4,5.2,3.3,98.6,3.9,0.9,0.0,0.0,99.9,0.2,5.8,37.1,1.7,20.6,3.5,59.8,2.6,1.0,0.9,9.9,3342.0,11.8,7.8999999999999995
71910733,female,14325.0,7.8,10.0,10.6,50.9,51.4,3.6,24.8,8.2,6.8,6.5,7.0,5.8,6.8,6.4,5.5,3.9,4.8,3.4,2.9,3.5,3.9,22.3,65.0,2.2,10.5,22.4,97.4,58.0,1.3,28.1,10.7,4.4,4.1,97.1,10.4,1.0,0.0,0.0,99.6,1.1,13.6,48.4,2.0,7.9,46.2,40.1,2.0,0.0,0.0,1.8,281.0,14.6,9.8
71910733,male,15234.0,7.8,9.6,10.7,28.5,35.0,69.3,19.4,8.5,6.5,7.0,6.6,6.1,7.2,6.3,5.8,4.1,4.4,3.4,3.0,2.9,4.7,41.0,56.8,1.3,0.9,33.8,98.1,32.6,1.7,31.0,21.2,6.4,4.7,97.4,8.7,0.7,0.0,0.0,99.6,0.6,10.5,44.3,1.2,26.6,3.8,62.9,3.5,0.6,0.3,1.1,6118.0,13.700000000000001,9.3
71910901,female,7883.0,9.0,11.5,10.6,41.2,45.1,2.5,7.1,8.7,7.2,6.9,6.7,5.8,6.2,6.1,4.7,3.8,4.2,2.9,2.3,3.3,4.4,20.1,66.6,3.8,9.6,19.3,94.0,47.5,1.3,31.4,12.8,5.0,4.4,97.7,4.8,0.4,0.0,0.1,99.7,0.9,7.4,26.9,0.0,11.4,56.3,30.7,0.0,1.6,0.0,0.0,124.0,12.7,8.5
71910901,male,8340.0,9.9,11.2,11.6,19.3,28.4,61.2,23.8,8.3,6.9,6.8,6.9,5.8,6.6,5.8,5.0,3.8,3.6,2.8,2.6,2.7,4.6,37.7,60.3,1.4,0.7,31.1,96.8,22.5,0.9,37.4,20.5,5.8,7.1,97.9,1.2,0.3,0.0,0.1,99.9,0.6,4.9,24.5,0.8,42.2,7.3,34.0,1.3,2.6,2.2,9.5,2622.0,11.7,8.100000000000001
71910917,female,4705.0,8.4,11.1,11.8,49.4,49.0,1.8,21.1,7.6,5.7,6.4,6.4,6.8,7.0,6.0,4.4,3.2,4.1,3.5,3.4,4.2,5.5,21.5,64.7,2.7,11.0,21.2,98.9,57.8,1.6,31.7,10.6,4.1,3.0,99.3,2.1,0.6,0.0,0.0,99.8,0.2,8.3,41.0,0.0,8.9,62.2,28.9,0.0,0.0,0.0,0.0,45.0,15.2,11.100000000000001
71910917,male,4419.0,10.3,12.6,12.2,31.1,36.1,65.4,30.3,8.2,4.8,4.5,5.1,6.7,6.9,6.4,5.3,3.6,3.8,2.8,3.3,3.6,5.1,34.2,64.3,0.6,0.9,32.2,99.0,36.6,1.4,36.7,19.6,3.8,2.5,99.1,0.8,0.1,0.0,0.1,99.9,0.1,4.4,39.2,0.4,32.1,5.8,44.1,1.1,0.0,0.7,15.7,1307.0,13.499999999999998,9.7
71910919,female,5320.0,8.6,10.8,11.8,46.6,49.0,3.4,34.1,9.7,7.2,6.5,6.4,6.2,6.3,6.1,5.0,3.3,3.9,2.5,2.4,3.3,4.3,21.5,66.7,3.6,8.1,21.1,95.9,54.3,0.9,31.5,11.7,3.9,3.0,98.4,2.6,2.5,0.0,0.0,99.9,0.7,5.8,35.5,0.0,22.2,23.5,30.9,21.0,0.0,0.0,2.5,81.0,12.100000000000001,8.2
71910919,male,5625.0,9.9,12.1,13.0,28.1,36.8,59.6,23.9,9.0,5.9,6.6,6.0,5.8,6.0,6.0,4.5,3.6,3.5,3.1,2.5,2.6,5.3,37.2,61.1,1.2,0.5,31.4,96.4,33.3,1.1,33.1,20.8,5.2,3.1,98.9,0.8,0.5,0.0,0.0,99.8,0.3,4.1,33.0,1.0,55.1,5.2,29.6,5.8,0.7,0.6,2.0,1660.0,11.7,8.2
71910925,female,4468.0,10.5,10.7,12.0,44.5,44.7,2.0,35.0,8.7,7.7,6.3,5.8,5.4,5.7,5.5,5.0,3.6,4.1,2.5,2.6,3.9,6.8,19.7,65.7,2.6,12.0,20.9,99.3,52.3,3.8,30.5,12.3,4.8,3.8,99.6,5.8,0.1,0.0,0.0,99.8,0.8,12.5,43.6,0.0,12.8,51.3,33.3,0.0,0.0,0.0,2.6,39.0,13.1,9.0
71910925,male,4704.0,9.9,11.7,11.9,18.9,23.9,63.9,19.9,9.4,7.0,6.7,6.4,5.3,6.3,5.6,4.9,3.5,3.0,3.1,2.4,2.8,7.2,38.7,59.4,1.2,0.7,31.2,99.3,21.9,4.1,37.9,22.9,6.5,4.7,99.9,0.4,0.0,0.0,0.0,99.8,0.1,8.5,40.7,1.2,26.5,7.9,55.6,1.7,0.3,2.7,4.1,1601.0,11.3,8.3
71910927,female,9485.0,8.2,11.7,12.2,49.0,48.5,2.4,38.7,8.6,6.6,6.7,6.7,6.2,6.3,5.3,5.1,3.4,4.5,3.0,3.0,2.4,5.6,18.4,67.9,3.8,9.9,21.0,96.4,57.8,1.8,30.6,12.7,3.3,3.2,98.1,1.3,0.1,0.0,0.0,99.9,0.5,8.7,39.8,0.0,8.7,39.8,46.9,0.0,4.7,0.0,0.0,94.0,12.9,8.4
71910927,male,9676.0,8.2,12.3,13.0,33.9,37.1,65.6,36.4,9.4,6.2,5.6,5.8,6.1,6.7,5.6,4.6,3.5,4.1,2.8,3.2,2.7,5.7,36.4,61.2,1.7,0.7,31.5,93.6,40.1,2.7,35.7,18.8,3.9,1.8,97.8,0.4,0.0,0.0,0.0,99.8,0.1,5.3,31.4,0.2,23.2,3.9,67.6,1.7,1.3,1.8,0.4,2685.0,12.8,8.7
71910929,female,1880.0,8.2,10.4,10.9,45.0,46.9,3.0,45.0,7.8,6.1,6.4,6.8,6.1,6.2,5.8,4.4,3.8,5.9,4.0,2.9,4.4,8.2,20.5,67.2,2.6,9.7,20.4,98.5,52.0,0.8,32.0,11.3,5.3,3.8,99.1,3.0,4.9,0.1,0.0,100.0,1.4,5.2,14.3,0.0,4.5,36.4,59.1,0.0,0.0,0.0,0.0,22.0,17.200000000000003,11.3
71910929,male,1875.0,8.8,10.7,11.9,18.8,26.9,65.8,36.3,8.4,6.3,5.2,5.8,6.7,7.0,6.3,4.5,3.9,3.2,3.9,3.7,3.6,7.1,37.2,60.4,1.6,0.7,33.7,99.2,21.9,1.8,36.6,24.2,6.7,3.8,98.9,1.4,1.7,0.0,0.0,100.0,0.3,3.4,13.7,0.6,31.0,6.7,54.8,2.6,0.4,2.8,1.1,538.0,14.4,11.2
71911107,female,4736.0,8.5,10.7,12.3,40.2,41.9,4.8,26.8,9.3,7.0,6.5,7.6,6.4,5.4,6.3,5.2,4.0,3.2,3.0,2.3,2.4,4.6,21.2,64.3,5.1,9.4,22.8,98.4,47.2,1.8,32.3,14.2,5.2,4.6,99.5,1.0,0.2,0.0,0.0,99.8,0.3,16.9,52.7,0.0,18.3,18.3,61.7,0.9,0.9,0.0,0.0,115.0,10.9,7.699999999999999
71911107,male,4732.0,8.7,11.8,11.7,27.4,32.5,70.6,41.8,9.6,6.1,6.9,6.4,5.9,6.2,5.9,4.8,3.8,3.6,3.6,2.3,2.5,6.3,37.8,59.2,2.3,0.7,31.8,98.8,31.7,2.8,38.2,19.1,4.6,2.9,99.6,0.6,0.2,0.0,0.0,100.0,0.0,8.9,42.5,0.2,29.6,5.4,59.4,1.2,3.7,0.4,0.1,1317.0,12.0,8.4
71911111,female,6241.0,9.5,11.3,13.0,46.6,47.4,3.5,23.2,9.5,7.6,6.4,6.7,6.4,6.4,5.5,4.6,3.1,3.1,2.6,2.1,2.1,5.1,22.3,67.7,2.0,8.0,20.8,98.7,55.5,1.9,30.8,11.3,5.3,3.2,99.1,1.0,0.2,0.0,0.0,99.8,0.2,9.8,36.2,0.0,3.2,19.2,57.4,20.2,0.0,0.0,0.0,110.0,9.9,6.800000000000001
71911111,male,6622.0,9.5,12.1,12.7,30.9,37.6,69.7,19.4,10.5,7.3,6.6,6.4,6.8,5.5,5.5,4.6,2.9,3.2,2.4,2.4,1.7,3.4,37.7,60.5,1.0,0.8,29.9,96.5,36.4,1.7,36.4,16.2,4.9,3.1,99.6,0.3,0.0,0.0,0.0,99.8,0.0,7.8,28.5,0.6,29.5,2.6,56.5,9.8,0.7,0.3,0.0,2450.0,9.7,6.5
71911113,female,5517.0,9.2,11.8,12.1,47.6,50.0,1.9,46.4,8.4,5.9,7.3,7.8,5.7,5.7,5.3,4.7,3.6,4.1,3.2,2.7,2.5,5.8,16.4,70.9,3.4,9.3,20.8,95.7,55.9,1.4,32.6,10.9,3.1,2.0,99.1,0.3,0.1,0.0,0.0,99.9,0.2,7.3,38.0,0.0,13.5,29.7,43.2,5.4,0.0,5.4,2.7,37.0,12.5,8.4
71911113,male,5349.0,10.2,14.6,14.1,32.6,41.6,60.6,52.5,10.1,4.5,4.0,5.6,5.6,5.8,5.5,3.9,3.5,4.3,3.7,2.4,2.1,6.9,35.8,61.6,2.0,0.6,31.7,95.8,39.3,1.5,36.1,16.3,3.0,1.5,99.0,0.0,0.1,0.0,0.0,99.9,0.0,3.9,32.3,2.4,32.4,7.1,44.4,3.0,1.2,4.7,4.8,940.0,12.5,8.2
71911115,female,5520.0,8.1,11.5,12.2,50.2,50.3,4.0,63.3,8.9,6.0,6.6,6.3,6.3,6.8,6.5,5.4,3.6,3.5,2.7,2.4,3.2,3.6,17.2,70.7,3.2,9.0,18.2,97.1,58.8,1.4,34.1,11.0,1.8,1.4,99.0,1.9,0.9,0.0,0.0,100.0,0.0,2.6,32.5,0.0,67.7,15.2,17.0,0.0,0.0,0.0,0.0,55.0,11.8,8.3
71911115,male,5923.0,8.0,11.6,12.7,31.4,36.6,76.9,28.9,10.8,6.5,6.1,5.9,5.6,6.0,6.6,4.8,3.9,3.5,2.9,2.7,2.3,3.9,37.6,61.0,0.8,0.6,31.5,98.5,36.9,2.8,37.2,19.6,2.0,1.9,98.9,2.6,0.6,0.0,0.1,100.0,0.1,4.0,26.6,0.2,28.7,3.5,61.8,3.2,1.3,1.0,0.4,2191.0,11.400000000000002,7.8999999999999995
71911121,female,3579.0,8.3,11.7,12.9,49.9,48.8,2.2,43.4,8.9,5.6,6.7,6.5,6.9,6.5,5.4,4.9,3.4,3.0,2.5,2.3,4.3,4.7,18.7,68.4,2.7,10.2,21.6,98.8,59.3,3.0,29.7,11.3,4.4,2.8,99.6,1.1,0.4,0.0,0.0,99.9,0.1,17.6,58.9,0.0,26.7,13.3,53.3,3.3,0.0,3.3,0.0,30.0,12.1,9.1
71911121,male,3606.0,8.5,12.7,12.5,36.9,43.4,72.2,38.1,9.0,5.5,4.8,6.1,7.0,6.6,6.2,5.1,4.0,3.6,3.2,2.5,2.6,4.9,33.9,63.7,1.5,0.8,31.4,98.6,43.4,2.7,34.1,14.3,3.3,2.2,99.6,1.1,0.2,0.0,0.1,99.8,0.1,9.9,50.4,1.1,34.6,5.1,46.2,11.2,0.2,1.0,0.6,1069.0,11.9,8.3
71911123,female,4135.0,7.6,12.5,13.2,43.2,44.0,3.6,21.0,9.7,5.6,7.2,8.2,5.2,5.8,6.3,4.4,3.0,3.6,3.2,2.3,2.3,3.6,17.5,69.8,3.8,8.9,21.0,98.5,51.2,2.3,35.2,13.4,3.4,1.7,99.6,0.6,0.2,0.0,0.0,99.9,0.1,3.6,18.8,0.0,31.6,11.4,53.2,3.8,0.0,0.0,0.0,79.0,11.400000000000002,7.8
71911123,male,3587.0,10.1,13.7,15.3,32.2,38.5,59.8,25.2,10.5,3.7,4.1,5.8,5.0,5.1,4.7,4.2,4.1,4.9,3.4,3.4,2.1,3.7,33.5,64.4,1.1,1.0,31.2,99.0,40.1,2.6,35.3,18.9,3.3,1.4,99.7,0.3,0.1,0.0,0.0,99.8,0.2,3.5,16.2,0.5,35.5,3.4,54.5,3.8,0.6,1.5,0.2,976.0,13.8,8.9
71911129,female,3176.0,7.7,11.3,11.6,46.4,47.0,6.0,44.7,8.9,6.8,7.0,6.7,7.1,6.5,6.2,4.7,3.4,3.4,3.2,2.5,2.9,5.3,20.0,66.7,3.4,9.9,21.7,98.2,54.1,2.0,31.2,11.4,4.6,3.8,99.7,0.5,0.0,0.0,0.0,99.9,0.1,8.6,33.8,0.0,26.0,19.2,41.1,13.7,0.0,0.0,0.0,73.0,12.0,8.6
71911129,male,3336.0,8.2,12.9,12.6,26.6,32.7,69.3,35.1,9.5,6.4,5.8,6.3,5.9,6.7,6.2,5.3,3.4,3.5,2.5,2.6,2.2,6.2,37.2,60.4,1.6,0.8,31.7,98.2,31.3,3.1,36.8,18.7,5.1,3.5,99.7,0.3,0.0,0.0,0.1,99.9,0.2,3.9,27.5,0.2,23.4,7.2,65.0,2.5,0.3,1.1,0.3,996.0,10.8,7.3
71911131,female,3423.0,8.1,11.6,12.2,44.6,48.0,2.5,45.8,9.3,6.1,6.5,6.5,5.0,7.0,6.3,5.2,3.6,4.1,3.2,2.5,3.0,6.6,19.5,67.8,3.7,9.0,20.9,97.5,52.4,0.8,30.4,12.9,4.4,3.4,99.3,0.8,0.1,0.0,0.1,99.8,0.6,1.2,10.2,0.0,25.0,37.5,37.5,0.0,0.0,0.0,0.0,32.0,12.8,8.7
71911131,male,3368.0,8.4,11.5,12.6,27.2,35.3,60.8,57.7,11.0,5.6,5.5,4.8,6.0,5.8,5.9,4.8,5.1,4.6,3.3,2.3,2.8,6.9,39.9,58.3,1.2,0.6,33.2,99.0,32.3,1.1,34.1,20.5,5.6,3.4,99.0,0.3,0.0,0.0,0.2,99.9,0.1,1.4,10.2,0.9,19.9,10.6,63.7,1.5,1.2,1.5,0.7,584.0,13.0,8.399999999999999
71911133,female,6340.0,9.6,10.9,11.3,48.6,51.3,6.4,51.8,9.4,7.4,6.8,6.5,5.9,6.4,6.2,4.7,3.7,3.4,2.6,2.3,2.9,3.3,24.5,64.5,2.9,8.2,22.8,95.7,56.4,0.4,28.2,10.8,5.2,4.1,99.0,0.2,0.3,0.1,0.2,100.0,0.0,8.8,29.5,0.0,35.3,16.7,25.7,22.4,0.0,0.0,0.0,134.0,11.200000000000001,7.800000000000001
71911133,male,6902.0,8.7,11.5,11.9,29.6,40.8,71.0,15.5,9.1,7.0,6.8,7.0,6.5,6.4,6.3,4.7,3.8,3.4,2.7,2.0,2.2,2.3,40.2,58.0,0.8,1.0,32.4,98.1,34.6,0.9,34.2,16.0,4.5,3.7,99.3,0.2,0.2,0.0,0.1,99.7,0.3,5.3,21.7,0.5,54.8,6.6,24.4,4.1,0.2,0.7,8.7,2812.0,10.3,6.9
71911141,female,3563.0,7.7,11.5,12.0,40.7,42.5,4.9,43.0,9.3,6.6,7.1,6.3,6.7,7.6,6.4,5.6,3.3,2.8,2.3,2.0,2.7,3.7,21.2,66.3,4.0,8.4,21.7,98.3,47.4,1.4,32.9,14.2,5.1,3.9,99.6,1.9,0.1,0.0,0.0,99.8,0.5,9.6,42.0,1.4,11.6,20.3,60.9,1.4,2.9,0.0,1.4,69.0,9.8,7.0
71911141,male,3667.0,8.2,11.1,13.0,24.6,31.7,72.1,36.1,10.5,7.3,6.0,5.2,5.5,6.4,6.6,5.8,4.0,3.9,2.1,2.2,2.0,4.0,39.3,58.7,1.5,0.6,31.9,97.2,29.1,1.2,35.9,22.9,4.6,3.7,99.6,1.6,0.1,0.0,0.1,99.6,0.5,7.5,36.9,0.3,32.6,4.7,52.5,0.3,8.5,0.4,0.6,1143.0,10.2,6.300000000000001
71911301,female,4403.0,7.5,11.1,12.7,45.8,46.7,3.2,59.8,9.3,6.3,6.0,7.2,6.2,6.5,5.8,4.9,3.0,3.7,4.0,2.7,3.0,5.0,18.6,68.0,3.2,10.2,21.5,96.7,54.0,1.6,32.8,11.7,3.9,3.3,99.4,0.9,0.2,0.0,0.0,99.9,0.4,8.4,30.7,0.0,12.8,38.5,46.2,2.6,0.0,0.0,0.0,39.0,13.4,9.7
71911301,male,4077.0,8.5,13.4,14.0,33.2,38.4,66.1,31.2,10.2,4.9,4.3,4.7,4.8,6.1,5.9,5.2,4.5,4.1,3.7,3.0,2.9,5.9,33.9,63.8,1.6,0.8,31.4,98.2,40.1,1.9,36.0,18.4,3.3,2.1,99.4,0.1,0.0,0.0,0.0,99.9,0.0,4.5,25.2,0.3,29.4,4.2,62.0,1.3,0.5,0.5,1.9,1189.0,13.700000000000001,9.6
71911303,female,3681.0,7.1,10.2,12.5,42.2,42.0,5.5,59.2,9.0,7.4,6.4,6.2,5.9,6.8,6.6,4.4,4.2,3.8,2.8,2.8,3.7,4.8,21.4,63.3,4.1,11.2,23.0,98.9,49.4,1.7,30.8,14.8,5.6,5.2,99.6,1.1,0.1,0.0,0.2,99.9,0.2,6.3,31.1,0.0,8.6,60.3,31.0,0.0,0.0,0.0,0.0,58.0,13.099999999999998,9.3
71911303,male,3248.0,8.3,13.5,13.9,25.0,27.2,66.2,33.2,9.7,5.1,4.3,5.1,4.4,5.4,6.1,4.9,4.9,4.9,3.5,2.9,3.3,6.0,33.7,64.2,1.5,0.7,31.3,99.8,30.2,3.5,38.9,21.7,5.4,3.4,99.4,0.6,0.2,0.0,0.3,99.9,0.3,3.6,24.4,1.1,26.7,7.2,61.7,1.0,1.1,0.5,0.6,925.0,14.600000000000001,9.7
71911305,female,4393.0,7.4,10.5,11.2,44.3,45.4,3.5,42.7,9.8,6.8,6.2,6.0,6.2,7.0,6.4,5.6,3.8,3.8,3.1,2.8,3.5,4.4,21.5,64.9,3.3,10.4,21.6,98.1,51.0,1.7,30.0,14.8,4.6,3.6,99.7,0.4,0.4,0.0,0.0,100.0,0.3,5.1,27.3,0.0,11.1,39.7,49.2,0.0,0.0,0.0,0.0,63.0,13.2,9.4
71911305,male,4221.0,8.0,10.9,12.9,28.6,33.8,73.2,42.2,9.5,7.0,6.2,5.9,4.7,6.5,5.9,5.4,4.3,3.9,3.5,2.6,2.8,4.9,38.0,59.1,1.8,1.1,32.1,98.7,33.7,2.4,34.9,22.3,3.5,3.1,99.7,0.1,0.2,0.0,0.0,100.0,0.2,3.4,19.4,0.4,25.8,8.0,63.7,1.3,0.2,0.7,0.0,1220.0,12.8,8.899999999999999
71911309,female,2502.0,6.6,11.2,12.1,40.5,44.6,5.0,51.7,9.1,6.8,6.8,7.5,4.8,6.6,5.8,4.5,3.9,4.8,3.3,2.6,3.5,2.8,20.0,67.3,3.5,9.2,22.2,96.3,47.3,0.4,33.3,14.3,4.2,3.3,98.6,1.0,0.2,0.0,0.0,99.9,0.5,4.2,20.5,0.0,9.5,21.4,57.1,11.9,0.0,0.0,0.0,42.0,14.2,9.4
71911309,male,2330.0,8.6,12.4,13.4,29.1,37.0,66.9,29.3,10.3,5.3,5.0,4.8,5.2,5.5,6.1,5.1,3.7,3.7,4.1,3.3,3.3,3.9,35.7,61.8,2.1,0.5,31.5,96.5,34.4,0.2,34.8,20.1,4.5,3.5,98.7,0.6,0.1,0.0,0.0,99.9,0.2,4.0,20.6,1.1,35.9,8.3,49.2,3.7,1.0,0.1,0.7,722.0,14.399999999999999,10.7
71911317,female,3494.0,8.1,12.2,13.1,48.5,49.3,2.4,33.3,8.8,6.1,6.7,6.5,6.4,6.0,5.6,4.4,3.1,3.8,2.8,2.8,3.6,4.5,17.3,68.9,3.5,10.3,21.3,98.9,57.7,1.2,32.1,10.6,4.0,2.8,99.6,0.6,0.2,0.1,0.0,99.9,0.2,11.0,47.8,0.0,21.1,34.2,34.2,7.9,0.0,0.0,2.6,38.0,12.999999999999998,9.2
71911317,male,3502.0,8.5,13.0,13.6,35.5,40.0,66.2,30.7,10.4,6.1,5.2,5.9,5.5,5.3,5.2,4.5,3.5,3.7,2.7,3.4,3.5,6.2,38.0,59.8,1.4,0.8,31.9,98.1,42.5,0.7,35.6,16.7,4.1,2.9,99.8,0.1,0.0,0.1,0.0,99.8,0.1,7.6,44.2,0.2,23.3,6.7,65.3,3.6,0.2,0.2,0.5,1043.0,13.3,9.6
71911319,female,3192.0,7.7,11.4,12.9,43.3,46.2,2.0,30.2,9.0,5.5,6.6,6.5,6.2,6.3,6.8,4.7,3.2,3.6,2.9,3.1,3.9,5.2,19.5,66.8,3.0,10.7,21.2,99.2,51.3,1.4,31.8,13.0,4.7,2.9,99.4,1.0,0.3,0.0,0.0,99.9,0.3,8.0,27.4,0.0,26.7,30.0,36.7,0.0,3.3,0.0,3.3,30.0,13.5,9.9
71911319,male,3097.0,8.4,14.1,13.4,27.7,33.5,61.9,39.2,10.1,4.9,4.1,4.1,4.5,5.8,7.2,5.2,4.1,3.9,3.1,2.7,4.4,6.3,34.1,62.5,1.9,1.6,32.2,97.6,33.0,1.5,36.5,21.6,4.4,2.4,99.4,0.3,0.2,0.0,0.0,99.8,0.2,5.9,25.8,1.3,53.9,5.5,34.4,1.1,1.6,1.5,0.7,747.0,14.1,10.200000000000001
71911325,female,2220.0,8.0,10.8,12.2,45.2,45.5,1.9,37.9,9.0,6.5,6.5,5.9,6.1,6.5,6.4,3.6,4.0,4.1,2.9,3.0,4.3,5.4,19.6,65.7,2.9,11.8,22.1,100.0,53.1,1.9,30.0,14.0,4.9,3.7,99.5,1.7,0.1,0.0,0.0,99.8,0.3,11.3,55.5,0.0,16.7,27.8,55.6,0.0,0.0,0.0,0.0,18.0,14.3,10.2
71911325,male,1968.0,8.4,13.0,12.3,29.7,34.0,65.8,19.2,8.1,5.2,3.8,5.1,5.0,6.5,7.3,4.7,5.0,5.4,3.5,3.8,3.0,6.1,30.6,65.6,2.8,1.1,31.5,98.7,34.9,2.0,34.5,21.1,4.6,3.8,99.6,0.6,0.0,0.0,0.1,99.8,0.1,7.4,48.5,0.1,24.2,5.8,66.4,2.2,1.0,0.3,0.0,694.0,15.7,10.3
71911327,female,3099.0,7.7,11.0,11.8,44.5,47.0,5.4,52.1,7.9,6.1,6.8,7.0,6.7,6.4,5.9,4.6,4.4,3.9,2.8,2.6,4.2,7.2,20.0,67.2,2.9,9.9,23.3,97.0,51.9,0.7,31.8,12.7,4.2,3.6,99.4,0.3,0.1,0.0,0.1,99.9,0.2,8.7,50.1,1.8,10.7,21.4,57.1,7.1,0.0,0.0,1.8,56.0,13.5,9.600000000000001
71911327,male,3111.0,9.1,12.9,11.9,29.6,36.5,71.6,33.0,9.2,6.5,4.9,5.0,5.7,6.3,6.1,4.5,3.8,4.4,3.5,2.7,3.5,6.3,36.2,61.4,1.7,0.6,31.3,97.7,34.6,1.0,34.9,19.4,4.6,3.7,99.5,0.3,0.0,0.0,0.0,99.9,0.2,6.5,45.7,1.1,27.0,4.0,57.1,10.2,0.3,0.3,0.0,987.0,14.100000000000001,9.7
71911335,female,4741.0,9.9,12.5,11.6,48.4,47.8,3.4,17.8,9.0,5.7,7.4,6.6,7.1,5.8,5.1,4.5,3.4,3.6,2.9,2.2,2.8,3.0,18.0,71.0,2.5,8.5,21.2,98.0,56.7,3.0,34.7,10.2,2.8,1.4,99.5,0.4,0.0,0.0,0.0,99.9,0.2,3.6,25.9,0.0,25.0,5.7,56.8,12.5,0.0,0.0,0.0,88.0,11.5,7.8999999999999995
71911335,male,4897.0,9.9,12.5,12.2,36.5,40.0,76.8,13.2,8.0,6.7,5.5,6.3,7.1,6.3,5.9,4.2,3.5,3.5,2.7,2.9,2.8,3.4,35.2,62.8,1.2,0.8,31.5,97.2,43.1,4.5,36.6,14.8,2.3,1.8,99.8,0.1,0.0,0.0,0.0,99.7,0.4,2.7,20.5,1.2,39.1,2.7,46.3,9.5,0.2,1.0,0.1,2134.0,11.899999999999999,8.399999999999999
71911337,female,4437.0,7.8,10.9,11.8,47.4,48.5,2.9,24.7,9.2,7.2,6.9,6.7,5.9,6.1,6.6,4.4,4.1,3.5,2.8,2.3,3.8,2.8,21.7,67.1,3.5,7.7,22.8,95.4,55.2,1.2,28.0,13.5,4.3,4.4,99.2,0.9,0.2,0.0,0.0,99.7,0.3,7.3,34.5,0.0,10.4,34.3,44.8,6.0,0.0,4.5,0.0,67.0,12.399999999999999,8.899999999999999
71911337,male,4144.0,8.6,12.9,12.5,33.6,39.4,65.5,9.9,9.6,7.3,4.7,4.9,5.6,6.6,5.6,4.0,3.4,4.1,3.5,2.8,3.8,3.6,36.2,61.9,1.4,0.6,31.6,93.9,39.9,1.1,31.9,20.2,3.7,3.7,99.2,0.7,0.2,0.0,0.0,99.5,0.4,5.0,27.1,0.1,15.3,4.8,76.6,1.5,0.1,1.5,0.2,1613.0,14.2,10.1
71911339,female,2538.0,7.9,11.5,11.8,49.9,49.4,2.6,75.6,8.7,6.4,6.0,6.7,6.8,6.5,6.0,5.0,3.6,4.7,2.7,2.8,3.0,2.8,15.8,73.4,2.3,8.5,20.8,97.8,57.8,1.5,33.6,9.9,3.8,1.7,99.6,0.6,0.1,0.2,0.0,99.8,0.5,5.4,25.8,0.0,27.3,27.3,45.5,0.0,0.0,0.0,0.0,11.0,13.2,8.5
71911339,male,2679.0,8.5,11.6,13.0,37.7,40.4,66.6,61.1,10.2,5.0,5.0,5.7,6.0,6.4,6.2,4.9,4.6,3.7,2.9,3.4,2.8,4.0,38.1,60.0,1.3,0.6,33.3,98.8,44.4,1.5,36.7,16.9,3.1,1.5,99.5,0.5,0.0,0.0,0.0,99.8,0.1,4.0,26.3,0.9,45.7,5.6,45.0,1.9,0.2,0.4,0.2,464.0,12.8,9.1
72110101,female,1760.0,8.1,10.7,10.5,40.8,47.8,6.5,11.1,9.8,7.0,7.2,7.8,6.5,5.6,4.4,4.8,4.4,3.8,3.4,2.7,3.4,2.3,23.5,64.2,2.8,9.6,24.1,90.9,46.3,1.1,26.4,9.3,7.8,7.5,19.7,95.9,2.5,0.1,0.0,94.8,28.6,5.1,24.6,0.0,5.6,56.9,22.2,0.0,1.4,1.4,12.5,72.0,13.299999999999999,9.5
72110101,male,1869.0,9.5,11.2,13.6,19.6,34.3,64.5,10.1,6.8,7.1,6.0,6.8,6.3,6.7,6.2,3.6,3.6,3.5,2.4,3.2,3.3,4.2,34.3,63.1,1.3,1.3,30.0,88.2,22.8,1.3,30.7,14.7,7.4,11.6,24.5,94.9,2.8,0.1,0.1,96.7,28.0,5.3,24.0,1.3,25.7,24.0,10.3,0.6,0.7,1.3,36.2,712.0,12.400000000000002,8.899999999999999
72110103,female,2656.0,6.6,8.4,10.2,37.5,42.4,11.0,28.4,9.6,7.4,7.2,6.3,6.1,7.1,6.8,5.9,4.6,4.5,3.0,2.3,4.0,6.4,25.9,60.8,3.1,10.2,24.8,98.8,42.6,1.6,24.5,13.2,8.2,10.2,99.4,5.8,0.7,0.1,0.0,99.8,0.4,21.9,51.0,0.6,10.3,50.0,37.8,0.0,0.0,0.0,1.3,156.0,13.8,9.3
72110103,male,2583.0,8.1,8.9,9.9,20.7,28.2,66.1,17.9,9.0,6.5,5.7,7.0,6.1,7.0,5.7,6.0,5.0,4.8,4.6,2.5,3.1,6.2,36.2,61.2,1.6,1.0,31.9,97.9,23.5,2.0,29.8,23.7,7.4,8.9,99.7,4.2,0.9,0.0,0.0,99.9,0.5,15.0,48.4,1.6,50.1,17.4,23.6,1.2,0.1,1.8,4.3,1018.0,14.999999999999998,10.2
72110105,female,41668.0,5.8,7.4,8.2,22.5,29.8,23.7,23.2,7.7,7.7,6.8,7.4,7.2,7.4,6.9,6.5,5.5,5.4,3.8,2.8,3.5,4.3,29.1,53.1,7.0,10.7,25.4,96.2,24.8,1.7,21.7,15.6,17.9,13.3,97.4,18.3,1.4,0.7,0.1,98.3,1.2,28.5,69.9,3.3,11.6,30.5,48.4,1.7,0.2,1.1,3.3,5960.0,15.5,10.1
72110105,male,40468.0,6.0,7.9,8.9,9.5,17.9,65.9,15.2,7.9,7.1,6.4,7.2,6.9,7.0,6.8,6.6,5.7,5.7,4.1,3.2,2.7,4.1,41.7,54.4,2.7,1.2,33.4,95.3,10.4,1.9,23.9,20.8,20.4,15.0,97.8,17.9,1.4,0.8,0.1,98.4,1.3,28.8,71.1,5.1,33.5,17.5,35.1,0.7,0.4,4.4,3.3,17434.0,15.7,10.0
72110107,female,2281.0,8.1,9.4,9.1,40.2,45.2,13.7,21.3,7.7,7.2,7.1,6.9,7.2,6.0,5.9,5.3,4.8,4.9,3.6,2.8,3.9,5.9,22.2,64.9,2.6,10.3,24.0,98.1,45.2,1.4,23.2,11.3,9.6,9.3,99.3,1.3,0.5,0.0,0.1,99.8,0.2,17.2,46.7,0.6,3.3,51.4,43.6,0.6,0.0,0.0,0.6,181.0,15.200000000000001,10.3
72110107,male,2357.0,9.7,9.3,9.5,22.6,31.4,64.5,30.6,7.6,6.2,5.6,6.4,6.9,7.2,6.7,5.9,4.3,4.7,3.4,3.6,3.1,5.6,37.6,60.0,1.7,0.7,32.2,96.6,25.2,1.5,24.7,20.1,11.5,10.8,99.6,1.1,0.8,0.0,0.2,99.6,0.1,13.9,44.8,0.9,30.0,27.6,29.7,0.5,1.6,4.8,4.9,754.0,14.799999999999999,10.1
72110109,female,5707.0,8.1,10.3,10.5,44.8,46.5,7.7,20.2,8.6,7.2,6.6,6.4,6.8,6.8,6.3,5.1,3.7,4.4,3.2,2.3,3.7,8.0,25.3,62.6,1.9,10.2,24.5,97.7,51.1,1.9,28.4,9.3,6.4,7.5,47.9,95.9,0.4,0.1,0.0,98.9,1.9,19.9,52.5,5.3,2.6,66.9,25.2,0.0,0.0,0.0,0.0,248.0,13.600000000000001,9.2
72110109,male,5909.0,7.5,10.3,10.7,18.4,28.4,70.5,8.6,8.2,8.0,5.9,6.5,6.2,7.0,6.1,5.9,4.9,3.4,3.1,3.0,3.2,6.5,38.3,59.4,1.4,1.0,32.2,96.7,20.8,1.5,32.0,18.4,7.8,12.0,64.4,93.5,0.6,0.1,0.0,98.9,2.7,20.2,49.1,1.5,21.5,22.3,49.7,1.0,0.8,3.2,0.0,2716.0,12.7,9.3
72110303,female,7625.0,7.6,10.1,11.0,56.1,57.2,9.5,59.0,9.8,6.6,5.1,5.6,6.2,6.2,6.0,5.0,4.4,4.9,3.6,3.1,4.9,5.3,21.0,63.3,1.7,14.0,22.5,98.8,64.4,1.5,26.0,8.8,4.1,2.4,98.1,0.5,0.1,0.0,0.0,100.0,0.0,9.4,33.8,0.0,14.3,34.7,27.4,23.5,0.0,0.0,0.0,211.0,16.5,11.600000000000001
72110303,male,8356.0,7.3,8.6,10.3,38.3,46.5,70.6,17.6,9.5,7.3,6.0,6.0,6.5,6.2,6.5,5.1,4.8,4.6,3.6,3.2,4.4,4.6,40.2,57.5,1.5,0.8,32.1,98.8,43.4,1.4,28.2,15.4,5.0,3.4,98.7,0.3,0.1,0.0,0.1,99.5,0.3,7.2,26.0,2.2,33.5,5.5,51.9,3.6,0.0,1.7,1.5,3588.0,15.799999999999999,11.200000000000001
72110305,female,4560.0,7.4,9.2,10.0,49.8,51.8,4.5,27.0,8.2,7.3,6.3,6.8,6.2,7.9,5.7,5.1,4.3,4.6,3.2,3.5,4.4,4.6,22.4,63.2,2.0,12.4,24.1,98.0,56.3,2.1,26.0,10.3,5.3,4.5,98.9,4.1,0.1,0.0,0.0,99.3,0.2,11.1,39.4,0.9,21.6,47.7,26.1,0.9,0.9,0.9,0.9,111.0,15.700000000000001,11.100000000000001
72110305,male,4875.0,7.9,9.6,10.3,30.9,37.7,65.1,40.7,8.3,6.3,4.8,6.4,5.7,7.3,6.8,5.9,4.6,5.2,3.7,3.2,4.0,6.1,37.3,59.9,1.7,1.2,32.0,97.4,35.2,2.9,29.6,20.4,6.2,3.1,98.8,2.2,0.0,0.0,0.1,99.4,0.2,6.9,31.1,0.7,44.0,8.6,35.8,0.7,0.7,4.1,5.5,1355.0,16.1,10.9
72110321,female,2642.0,6.7,9.8,10.1,54.9,54.1,9.5,82.6,9.3,6.2,5.2,6.0,7.0,6.5,5.6,6.0,4.8,4.8,3.2,3.3,5.5,5.4,19.9,67.1,2.0,11.0,22.5,97.5,62.3,2.0,30.4,8.1,3.3,2.0,99.1,0.9,0.1,0.0,0.0,98.6,0.1,7.2,38.6,6.3,31.3,18.8,34.4,9.4,0.0,0.0,0.0,32.0,16.8,12.0
72110321,male,2966.0,6.8,9.6,10.0,35.0,40.6,72.4,17.8,8.1,6.8,5.9,6.1,6.8,7.3,5.3,6.0,3.9,4.8,4.1,3.6,4.8,4.9,39.6,58.0,1.5,0.9,31.9,97.4,39.4,1.8,33.1,17.5,4.9,2.1,99.4,0.4,0.1,0.0,0.1,99.1,0.0,5.2,33.5,1.8,19.1,4.5,66.8,1.2,0.3,1.2,5.0,1298.0,17.299999999999997,12.5
72110325,female,2498.0,8.4,10.6,11.2,55.9,56.8,1.7,16.7,10.2,6.6,4.6,6.5,5.4,6.0,4.7,6.2,3.4,4.6,4.0,3.4,4.0,3.9,20.0,68.3,1.7,10.0,22.4,96.7,64.5,1.2,29.9,6.7,3.2,2.2,99.1,0.4,0.0,0.1,0.0,100.0,0.1,6.7,30.2,0.0,8.0,48.0,40.0,0.0,0.0,0.0,4.0,25.0,16.0,11.4
72110325,male,2564.0,9.3,11.3,11.6,41.8,50.7,66.3,12.9,7.5,5.6,5.3,6.3,6.4,5.8,5.6,5.0,4.4,4.4,3.7,3.2,4.8,4.4,30.9,66.4,1.4,1.3,30.6,96.2,48.4,1.7,30.3,11.1,3.9,2.3,99.4,0.5,0.0,0.0,0.0,99.9,0.1,5.6,28.1,0.5,30.1,6.6,50.7,0.3,0.6,0.2,11.1,1004.0,16.1,11.7
72110331,female,6404.0,7.3,9.2,10.0,48.8,50.7,6.1,20.4,8.3,7.1,6.3,6.8,6.3,6.1,6.6,5.6,4.5,4.6,3.3,3.0,4.8,6.9,21.1,65.8,2.1,11.0,23.7,94.6,55.2,1.6,28.2,10.0,5.9,3.7,94.6,30.0,0.5,0.2,0.0,99.3,5.9,13.1,45.2,1.8,15.8,24.0,54.9,0.0,0.4,0.9,2.2,226.0,15.7,11.1
72110331,male,6813.0,7.4,8.8,9.7,31.2,39.9,68.8,15.5,8.2,5.9,5.4,6.7,6.5,6.4,6.3,6.0,5.1,5.4,4.4,3.3,4.6,8.1,35.0,61.2,2.5,1.3,31.1,94.2,35.2,2.4,30.4,17.1,6.3,3.9,97.6,27.3,0.4,0.2,0.0,98.5,5.2,9.9,38.4,0.2,32.6,5.6,45.3,0.1,0.9,1.2,14.0,2934.0,17.700000000000003,12.3
72110333,female,3006.0,8.0,10.0,11.2,58.8,58.3,2.9,24.2,8.5,5.0,4.9,5.2,6.4,7.1,5.7,4.9,4.7,5.2,4.2,3.6,5.3,5.9,17.6,66.2,2.6,13.5,22.3,96.6,68.1,1.6,28.9,6.3,2.8,2.1,100.0,0.3,0.0,0.0,0.0,100.0,0.1,7.0,51.0,0.0,4.3,14.9,61.7,4.3,2.1,0.0,12.8,47.0,18.3,13.100000000000001
72110333,male,3048.0,8.9,11.0,11.2,42.0,48.6,67.0,14.3,6.3,4.8,3.7,5.1,5.5,7.4,6.8,6.1,5.0,5.1,4.6,3.9,4.8,6.4,32.8,65.1,1.4,0.7,32.7,96.4,48.5,1.9,31.8,11.6,3.5,2.6,99.8,0.0,0.0,0.0,0.1,100.0,0.0,5.7,36.0,0.2,55.9,5.3,24.8,1.2,0.8,1.7,10.0,1204.0,18.4,13.3
72110337,female,2911.0,6.1,9.1,10.2,59.5,60.4,2.4,32.1,9.2,5.9,5.2,5.2,6.0,6.9,6.0,5.3,4.7,5.8,4.9,3.9,5.5,5.8,22.0,62.5,1.8,13.7,24.2,92.2,67.3,1.2,23.8,7.5,3.7,3.3,99.0,0.4,0.0,0.1,0.0,99.8,0.1,4.3,18.6,2.8,13.9,30.6,36.1,2.8,2.8,0.0,11.1,36.0,20.1,14.3
72110337,male,3188.0,7.6,9.9,10.5,45.0,51.9,60.9,10.1,8.2,5.7,4.5,5.9,6.1,6.6,5.8,5.9,4.5,5.2,4.5,4.2,5.2,6.6,40.5,56.6,1.3,1.6,34.6,91.6,51.0,2.0,28.7,11.4,4.0,2.0,99.3,0.1,0.1,0.2,0.0,99.8,0.1,2.2,14.7,1.4,56.3,4.7,17.6,4.1,0.9,1.0,14.2,1257.0,19.099999999999998,13.899999999999999
72110341,female,4818.0,9.5,11.0,11.2,48.2,52.2,4.1,13.4,9.0,7.1,6.4,6.3,6.4,5.8,5.4,4.5,3.7,4.2,3.0,2.4,3.9,6.2,18.9,70.0,1.9,9.2,22.5,96.6,56.1,2.6,30.5,8.7,3.7,2.4,99.3,0.5,0.2,0.0,0.1,99.8,0.3,13.3,45.7,0.0,31.0,23.3,24.1,16.4,0.0,1.7,3.4,116.0,13.5,9.3
72110341,male,5237.0,9.1,10.6,11.4,36.5,45.8,74.9,9.2,8.5,6.4,6.1,6.1,6.8,7.3,5.6,4.5,3.9,4.2,3.4,2.3,3.8,6.3,36.1,62.3,1.1,0.6,30.9,97.7,42.2,2.6,31.9,13.6,3.5,2.5,99.4,0.3,0.1,0.0,0.0,99.9,0.1,9.4,40.5,0.7,42.6,4.2,32.7,2.9,1.9,1.1,13.8,2455.0,13.7,9.5
72110343,female,5206.0,7.7,10.0,12.7,58.0,58.7,2.5,38.2,11.0,5.9,4.2,5.1,5.7,5.5,5.5,5.5,4.6,4.3,3.8,3.2,5.1,6.3,24.3,60.7,2.4,12.6,22.5,95.3,68.0,1.1,29.6,6.4,2.8,1.4,99.5,0.2,0.0,0.0,0.0,99.6,0.4,6.3,36.2,0.0,0.0,36.8,52.0,11.2,0.0,0.0,0.0,55.0,16.4,12.1
72110343,male,5398.0,7.7,10.4,12.0,43.2,52.9,59.6,21.0,9.3,6.8,6.0,5.5,5.8,5.2,5.5,5.0,5.2,3.9,3.7,3.0,5.1,8.0,39.6,58.1,1.1,1.2,33.6,96.4,50.1,0.6,32.1,9.2,3.2,1.9,100.0,0.2,0.0,0.0,0.0,100.0,0.0,4.5,30.4,0.0,39.5,6.8,40.5,1.6,0.9,0.7,10.1,1773.0,15.7,11.8
72110349,female,4921.0,6.4,9.2,11.1,52.4,55.2,3.0,52.3,9.0,6.4,4.8,4.5,6.3,6.2,6.9,5.7,4.3,5.0,4.3,4.2,5.6,5.2,22.2,61.8,2.0,14.0,25.0,99.1,60.2,1.8,24.0,10.6,4.6,3.7,99.1,1.3,0.2,0.0,0.1,99.8,0.3,13.1,32.6,0.0,3.8,36.5,55.8,0.0,3.8,0.0,0.0,52.0,19.1,14.1
72110349,male,5072.0,6.6,10.4,10.3,34.2,42.9,60.8,68.3,8.2,6.1,5.5,5.7,5.9,6.5,6.7,5.6,4.8,5.0,4.3,3.5,4.8,6.5,38.7,58.0,2.0,1.2,34.1,97.2,38.8,1.8,31.1,16.8,4.9,2.5,99.2,0.4,0.0,0.1,0.1,99.9,0.1,6.6,25.8,0.0,28.5,12.0,52.9,1.6,1.8,2.1,1.1,709.0,17.6,12.6
72110351,female,3679.0,8.0,10.0,11.2,46.9,50.6,7.6,30.7,9.4,6.7,6.3,5.7,6.6,6.7,6.0,4.3,4.5,4.5,3.3,2.7,4.3,6.9,22.5,64.1,2.9,10.6,24.2,97.3,54.2,2.4,26.0,10.3,5.8,4.8,99.4,1.0,0.2,0.0,0.0,99.9,0.5,18.3,52.2,0.0,13.8,41.3,29.0,13.8,0.0,0.7,1.4,138.0,14.8,10.3
72110351,male,3623.0,8.4,10.3,11.1,30.4,41.3,68.7,19.9,8.4,6.4,4.7,6.3,5.7,6.0,6.8,5.1,4.6,5.1,3.8,3.1,4.2,7.7,34.4,63.1,1.3,1.2,31.6,98.1,35.0,3.0,29.5,15.2,6.0,5.1,99.5,0.4,0.2,0.0,0.1,99.6,0.6,12.5,43.9,1.4,40.6,11.2,37.6,1.3,1.6,2.1,4.1,1398.0,16.2,11.100000000000001
72110505,female,2656.0,6.3,8.9,11.0,54.7,53.2,4.9,30.2,8.2,6.3,5.4,5.5,6.6,6.1,6.2,6.5,5.1,4.8,3.8,3.6,5.8,7.6,20.5,64.8,3.0,11.7,23.3,96.9,62.4,2.1,28.3,9.1,4.0,3.4,61.6,91.2,0.4,0.0,0.1,94.1,1.1,13.4,57.1,6.0,29.9,14.9,43.3,0.0,1.5,3.0,1.5,67.0,18.0,13.2
72110505,male,2714.0,6.9,8.7,10.5,32.5,38.1,65.0,12.7,9.0,5.9,5.8,6.0,5.7,6.7,6.6,5.1,4.1,5.5,4.0,4.1,5.5,7.4,34.4,62.2,1.8,1.5,31.7,96.8,36.7,2.2,33.3,16.5,5.6,4.2,73.2,91.5,0.4,0.0,0.0,95.8,1.2,9.8,50.0,1.0,60.0,4.0,22.9,0.4,2.9,3.3,5.6,1136.0,19.1,13.6
72110507,female,1384.0,5.7,6.9,9.9,65.0,66.2,1.2,15.4,8.5,4.7,3.6,3.8,4.5,5.3,7.0,7.0,6.7,7.3,6.1,5.1,7.9,6.1,22.6,58.9,1.3,17.1,28.3,95.2,73.2,0.3,19.9,7.7,4.0,2.0,24.1,99.0,0.4,0.0,0.0,96.9,6.9,2.6,18.0,0.0,9.1,72.7,18.2,0.0,0.0,0.0,0.0,11.0,26.4,19.1
72110507,male,1179.0,4.7,8.6,11.5,38.3,55.3,54.4,27.2,7.5,4.8,4.5,4.0,3.7,4.6,6.2,5.9,6.1,5.6,6.7,6.5,9.0,8.7,30.4,67.2,0.9,1.5,34.1,97.9,43.9,1.3,25.1,9.2,5.0,4.2,40.4,98.9,0.4,0.4,0.0,97.9,8.4,2.1,10.5,0.3,57.3,16.2,21.4,0.3,0.6,0.6,3.4,351.0,27.8,22.2
72110517,female,3639.0,9.1,10.7,10.1,57.1,59.9,1.5,25.6,8.8,6.4,5.5,7.0,6.2,6.1,5.6,5.0,4.6,3.9,3.4,3.3,4.3,3.2,17.5,70.4,1.3,10.8,22.0,89.8,65.1,0.9,29.0,6.4,2.2,1.7,34.4,99.4,0.2,0.0,0.2,98.8,3.4,5.9,36.4,0.0,34.5,31.0,31.0,3.4,0.0,0.0,0.0,29.0,14.899999999999999,11.0
72110517,male,3965.0,8.4,9.8,11.0,28.5,38.6,68.9,7.1,8.9,6.8,6.1,6.6,6.5,6.5,6.2,4.6,4.1,4.4,3.3,2.7,4.0,4.3,35.2,62.6,1.1,1.2,31.0,87.0,32.7,0.7,35.2,18.1,4.3,3.1,47.8,99.4,0.1,0.0,0.2,99.0,2.3,5.9,34.5,0.7,24.9,5.0,66.2,0.1,0.2,2.1,1.0,1793.0,14.4,10.0
72110519,female,2480.0,7.7,9.4,9.9,57.1,57.0,1.1,0.0,7.9,6.3,5.2,6.0,5.6,6.7,5.8,6.5,5.1,4.5,4.2,3.5,5.6,4.0,18.8,66.9,2.0,12.3,22.9,97.9,64.8,2.6,31.3,5.8,2.0,1.3,9.3,99.2,21.9,0.0,0.1,99.3,0.6,5.1,48.9,0.0,15.8,42.1,36.8,0.0,0.0,5.3,0.0,19.0,17.799999999999997,13.3
72110519,male,2606.0,8.6,10.4,8.7,24.9,38.0,63.6,7.7,7.9,7.6,6.4,5.6,5.7,6.7,5.8,5.8,4.8,3.7,3.9,3.6,4.9,5.1,36.2,62.4,0.5,0.9,31.9,99.0,27.8,3.1,33.0,18.4,3.6,4.0,19.3,99.4,22.6,0.1,0.1,99.6,1.1,6.4,45.1,0.4,8.4,5.9,80.1,0.5,1.2,2.9,0.6,1105.0,16.1,12.4
72110521,female,1705.0,6.7,8.4,10.1,65.8,64.3,0.5,16.7,8.9,4.2,4.8,5.6,5.1,5.7,6.2,6.2,7.2,4.2,3.5,4.6,8.6,7.7,19.2,65.9,1.5,13.4,24.0,91.7,74.5,1.5,26.6,5.2,1.3,1.0,12.5,99.4,0.2,0.0,0.0,99.4,1.2,3.4,7.1,0.0,0.0,80.0,20.0,0.0,0.0,0.0,0.0,5.0,20.9,16.7
72110521,male,1802.0,6.2,8.9,11.3,37.0,44.7,51.4,5.6,8.8,6.1,5.6,5.5,5.6,5.2,5.3,5.0,5.5,4.8,4.0,4.4,7.8,8.9,34.7,62.4,1.1,1.8,32.2,96.0,42.6,3.3,31.5,12.2,3.4,4.9,28.6,99.6,0.1,0.0,0.0,99.5,0.7,6.0,12.7,0.5,6.8,8.7,58.4,0.2,0.8,0.6,24.1,644.0,21.0,16.2
72110523,female,2392.0,7.0,8.1,10.4,66.0,64.2,1.6,35.7,9.4,5.1,4.3,4.3,6.0,5.9,5.8,6.4,5.7,5.4,4.5,4.2,7.5,6.5,21.2,64.4,1.3,13.1,25.3,94.7,74.5,1.0,23.7,5.9,3.2,2.0,7.8,99.4,0.5,0.0,0.0,98.6,1.9,5.8,35.5,0.0,0.0,38.9,44.4,16.7,0.0,0.0,0.0,18.0,21.6,16.2
72110523,male,2423.0,7.1,9.0,12.0,45.8,50.3,59.5,11.2,8.5,6.7,5.2,5.0,5.7,5.3,5.0,6.2,4.7,4.7,3.8,4.1,6.9,7.5,34.8,63.5,0.3,1.4,32.7,97.2,52.4,1.8,27.9,11.1,5.0,4.0,14.6,99.5,0.5,0.0,0.0,98.5,1.5,3.5,30.8,0.5,10.0,6.1,81.1,0.2,0.7,0.2,1.2,921.0,19.5,14.8
72110525,female,3633.0,7.9,9.0,11.5,59.6,59.2,2.3,11.7,9.6,5.8,4.4,5.0,6.0,5.6,4.8,6.4,5.3,4.8,4.1,3.9,6.0,7.0,20.2,66.2,1.7,11.9,22.9,98.0,69.0,1.3,26.4,7.3,3.2,2.6,16.6,99.4,0.3,0.0,0.0,98.5,0.8,16.0,45.4,0.0,1.9,30.2,62.3,3.8,0.0,0.0,1.9,53.0,18.799999999999997,14.0
72110525,male,3490.0,7.8,11.5,10.8,33.3,46.8,63.3,7.8,8.8,5.4,4.5,6.0,5.6,6.2,5.8,5.6,4.8,4.8,3.7,3.8,5.0,7.7,31.3,67.2,0.6,0.9,30.4,97.2,38.3,1.9,29.2,13.2,5.6,3.2,26.4,99.0,0.6,0.0,0.1,98.8,1.0,10.5,37.7,0.4,24.6,5.3,67.4,0.3,0.1,0.5,1.3,1425.0,17.3,12.5
72110527,female,2540.0,8.1,9.3,9.7,56.1,56.0,1.4,4.0,9.7,6.9,5.0,6.0,5.6,5.8,5.7,4.6,4.6,5.9,4.1,4.0,5.0,3.8,18.3,68.2,1.6,11.8,22.4,94.2,63.2,1.4,32.6,5.9,2.8,1.3,20.6,98.4,3.7,0.0,0.1,98.8,0.9,8.0,29.5,8.3,37.5,16.7,25.0,0.0,0.0,4.2,8.3,24.0,19.0,13.1
72110527,male,2693.0,8.2,9.0,10.0,28.9,36.4,67.5,14.2,8.1,6.5,7.5,6.9,6.7,5.5,5.8,4.8,3.6,5.0,3.5,3.2,5.9,4.6,35.8,61.6,1.1,1.4,32.3,94.8,32.6,1.5,38.8,18.1,3.2,2.0,29.9,98.3,3.2,0.0,0.0,98.9,1.3,5.4,27.7,0.2,5.6,2.1,84.8,0.1,0.2,0.9,6.2,1136.0,17.6,12.600000000000001
72110529,female,2834.0,7.9,10.2,11.3,65.9,62.5,1.5,20.0,8.1,4.3,4.2,5.5,5.9,6.3,5.3,5.4,5.6,5.5,4.6,3.8,6.2,4.3,18.3,67.8,1.1,12.9,23.7,93.8,76.2,2.0,26.6,6.0,1.8,1.1,21.3,98.3,1.0,0.0,0.0,96.8,4.0,3.0,48.3,0.0,12.5,50.0,25.0,0.0,0.0,8.3,4.2,24.0,20.099999999999998,14.599999999999998
72110529,male,2720.0,7.5,10.7,10.6,50.3,54.0,60.9,8.4,8.1,4.0,3.6,5.1,5.8,6.1,6.3,5.6,5.3,5.6,4.9,5.0,5.9,5.6,29.5,68.4,0.6,1.4,32.0,92.8,57.4,3.0,26.0,11.9,2.7,2.4,35.8,98.9,0.5,0.0,0.1,95.0,5.8,4.8,40.6,0.2,39.2,5.9,44.8,1.7,0.2,1.1,7.0,1079.0,21.4,15.8
72110533,female,2293.0,6.2,8.9,9.4,62.0,59.2,2.7,30.4,8.8,6.5,4.6,5.1,5.3,6.5,7.4,6.6,5.2,5.3,3.8,4.1,6.3,9.6,22.8,68.0,1.1,8.1,25.0,94.7,69.2,0.7,25.6,7.6,3.7,3.2,17.0,98.8,27.7,0.0,0.0,96.6,5.4,9.9,40.1,0.0,18.8,37.5,21.9,18.8,0.0,0.0,3.1,32.0,19.5,14.2
72110533,male,2433.0,6.5,8.9,11.0,35.0,40.8,60.8,16.9,9.1,7.5,4.9,4.9,5.3,6.2,6.7,5.5,4.3,4.8,4.2,3.5,6.7,8.5,36.4,62.2,0.7,0.7,34.0,96.5,39.6,0.9,29.1,18.0,5.3,5.9,26.6,98.4,25.0,0.0,0.1,98.2,4.0,8.1,36.1,0.3,45.1,11.3,39.2,0.4,1.5,0.6,1.5,906.0,19.2,14.4
72110535,female,1786.0,7.2,7.8,9.4,64.4,64.2,1.4,5.3,7.6,4.8,5.8,5.6,5.1,5.7,5.7,6.8,5.5,6.1,5.2,4.6,7.1,5.4,20.0,64.1,2.2,13.6,23.8,93.8,72.2,0.9,26.6,5.0,2.2,1.1,40.1,99.0,0.6,0.0,0.0,99.3,0.2,8.9,65.0,0.0,5.6,33.3,50.0,11.1,0.0,0.0,0.0,18.0,23.0,16.9
72110535,male,1762.0,8.1,7.8,9.6,39.7,50.5,56.1,7.9,8.1,5.6,3.9,6.1,5.1,6.4,6.3,6.1,4.8,5.3,5.3,4.5,6.8,6.7,32.2,64.6,1.9,1.3,32.6,94.9,44.7,1.1,27.9,14.4,3.7,2.4,65.6,99.1,0.7,0.0,0.0,99.4,0.1,9.3,49.8,0.0,31.0,6.2,53.2,1.6,0.4,1.6,5.9,677.0,21.9,16.6
72110537,female,2381.0,7.7,8.4,8.8,49.6,52.3,5.4,21.6,8.2,6.6,5.1,6.1,6.5,6.7,7.4,6.0,4.5,5.0,3.7,3.7,5.6,5.5,22.1,64.1,3.0,10.8,22.2,96.6,55.2,0.8,27.8,8.1,6.2,4.8,63.5,91.6,0.7,0.1,0.0,92.4,0.7,11.0,43.6,6.6,25.0,7.9,51.3,1.3,0.0,0.0,7.9,76.0,18.0,13.0
72110537,male,2496.0,7.2,8.3,8.9,32.2,38.3,66.3,12.6,7.0,5.8,5.8,6.3,6.5,5.7,7.0,6.3,4.9,5.8,4.8,4.4,5.4,6.0,34.8,61.3,2.3,1.6,31.3,95.2,35.7,1.1,29.7,18.6,7.5,4.7,68.6,92.0,0.5,0.2,0.1,94.3,1.0,9.4,41.6,1.3,49.9,4.4,35.7,0.3,0.3,1.0,7.1,1094.0,20.4,14.6
72110539,female,4315.0,6.9,9.4,10.4,46.6,51.4,3.6,8.8,9.3,8.0,5.9,7.2,6.6,5.8,5.9,5.5,4.8,4.2,3.1,2.7,4.4,5.3,22.8,64.2,2.1,10.9,24.0,92.6,52.6,0.9,26.3,9.5,6.4,5.5,31.7,96.5,1.0,0.0,0.1,97.6,3.5,15.4,43.5,0.0,6.8,55.3,27.2,0.0,0.0,0.0,10.7,103.0,14.4,10.200000000000001
72110539,male,4568.0,7.9,9.6,11.2,21.2,30.2,63.3,18.3,9.0,7.1,6.7,6.7,6.4,6.1,5.8,6.2,4.4,4.1,3.1,2.3,3.5,5.4,37.6,60.1,1.0,1.3,32.0,93.7,24.2,1.2,34.6,18.1,8.3,7.7,39.8,95.9,0.8,0.1,0.2,98.4,2.9,12.8,40.1,1.2,23.9,11.6,49.1,0.9,0.4,2.4,10.5,1681.0,13.0,8.9
72110541,female,2404.0,9.9,9.7,9.3,53.4,55.3,2.3,15.4,7.2,6.9,6.3,6.8,6.4,5.4,5.1,5.3,5.0,5.0,3.8,3.5,4.2,10.0,16.7,72.2,1.8,9.4,21.9,92.9,60.0,2.4,34.5,4.2,1.7,2.0,43.2,98.8,0.6,0.0,0.0,97.5,3.5,7.2,47.7,6.1,15.2,24.2,51.5,0.0,3.0,0.0,0.0,33.0,16.5,11.5
72110541,male,2595.0,8.4,9.5,9.7,29.4,40.4,70.4,7.9,7.9,7.6,6.8,7.1,8.2,6.1,5.8,4.5,3.9,3.6,3.4,3.0,4.6,9.1,35.3,62.7,1.1,0.9,31.2,97.3,33.0,2.4,32.4,17.7,3.5,3.5,65.4,99.0,0.3,0.0,0.1,98.1,4.4,7.8,48.7,3.0,5.3,3.7,85.8,0.0,1.5,0.2,0.7,1219.0,14.6,11.0
72110547,female,3070.0,8.6,9.6,9.3,57.4,56.2,1.3,24.1,8.2,6.6,5.3,6.5,5.7,5.4,6.3,5.7,4.9,4.6,3.5,3.6,6.1,5.7,20.1,67.1,1.8,11.1,23.6,95.4,64.4,2.7,30.7,6.3,2.1,1.9,8.6,99.6,12.2,0.1,0.2,98.6,12.7,5.2,33.3,0.0,22.7,54.5,18.2,0.0,0.0,4.5,0.0,22.0,17.799999999999997,13.2
72110547,male,3288.0,7.9,10.3,9.1,31.8,39.1,68.1,13.1,7.9,7.8,7.1,5.9,6.8,5.7,6.2,5.0,4.4,3.9,3.7,3.3,4.9,5.8,38.0,60.4,0.7,0.9,31.8,97.4,35.5,3.6,34.4,15.3,4.5,3.0,15.6,99.4,12.5,0.1,0.0,99.6,11.1,6.4,30.6,0.2,15.6,4.0,72.6,0.1,1.4,5.4,0.6,1414.0,15.799999999999999,11.9
72110549,female,1915.0,6.6,9.4,10.1,59.0,56.4,6.0,60.0,8.0,7.1,5.1,5.5,5.5,5.3,5.1,5.4,6.3,6.2,4.3,4.3,5.8,5.1,20.8,63.5,2.6,13.1,24.5,97.5,67.0,2.2,29.7,6.5,2.9,2.3,28.9,98.0,2.9,0.0,0.1,99.4,0.9,9.4,36.7,5.9,2.9,26.5,35.3,0.0,0.0,5.9,23.5,34.0,20.6,14.399999999999999
72110549,male,1855.0,7.2,9.2,9.9,34.0,39.7,71.5,6.7,7.5,5.8,4.7,6.5,5.9,5.6,5.2,5.2,5.9,4.9,5.2,4.6,6.7,5.8,33.5,63.7,1.2,1.7,31.6,97.6,38.5,3.2,35.5,15.4,3.2,2.9,41.2,98.4,1.8,0.0,0.1,99.5,1.0,6.0,29.2,8.3,34.8,6.1,22.0,1.1,0.3,2.4,24.9,912.0,21.400000000000002,16.5
72110551,female,2317.0,9.2,10.7,9.7,51.5,50.8,0.8,7.7,7.8,7.0,7.0,5.8,6.0,6.5,4.9,5.0,5.3,4.0,3.3,3.1,4.7,6.2,16.1,70.9,1.5,11.5,21.5,97.2,58.4,5.2,33.5,6.6,2.9,1.0,9.4,99.3,0.3,0.0,0.0,98.4,1.6,5.8,41.9,0.0,16.7,50.0,25.0,0.0,0.0,0.0,8.3,12.0,15.100000000000001,11.100000000000001
72110551,male,2629.0,10.0,10.0,9.7,24.0,35.5,70.5,6.1,7.3,7.9,7.7,7.2,7.2,5.7,5.7,5.2,3.8,2.9,3.5,2.1,4.1,6.0,37.0,61.9,0.4,0.7,31.4,97.9,27.1,3.7,35.1,17.6,3.8,4.3,18.2,99.1,0.5,0.0,0.0,99.6,0.5,7.7,38.0,0.1,8.3,4.7,84.0,0.3,0.2,0.5,1.8,1222.0,12.6,9.7
72110701,female,818.0,4.9,8.9,11.0,63.4,62.7,2.0,58.3,10.8,4.3,5.1,4.0,4.5,5.7,6.0,5.5,6.1,5.1,5.0,5.0,7.9,6.7,22.3,62.4,1.5,13.8,26.3,97.0,72.7,1.7,24.8,7.2,2.9,0.6,19.3,98.3,1.3,0.0,0.1,98.4,1.6,11.2,54.7,0.0,0.0,60.0,40.0,0.0,0.0,0.0,0.0,5.0,23.0,17.9
72110701,male,838.0,6.0,10.0,13.2,31.3,39.3,54.1,27.7,7.3,6.4,6.0,4.7,4.7,6.2,4.7,4.9,3.9,4.4,5.0,4.2,8.5,7.8,33.7,63.1,1.0,2.2,33.1,97.7,36.9,3.9,34.6,12.6,5.4,4.2,42.2,98.6,1.1,0.0,0.1,99.0,0.6,14.9,48.3,1.3,34.5,20.7,29.7,0.0,2.2,1.7,9.9,232.0,22.1,17.7
72110703,female,3339.0,6.7,10.1,12.5,63.4,61.2,7.6,2.8,8.8,4.8,4.8,4.9,5.5,5.2,5.8,5.0,5.7,5.3,4.3,4.2,6.3,5.9,19.3,64.0,2.2,14.5,24.1,96.2,74.4,1.3,27.6,6.0,2.4,1.5,24.6,99.1,0.5,0.0,0.0,99.4,0.8,10.9,65.7,0.0,80.6,9.7,4.6,3.4,0.0,0.0,1.7,175.0,20.1,14.8
72110703,male,3160.0,8.7,11.4,13.4,37.8,49.9,56.4,11.9,7.6,4.8,3.7,5.1,5.8,6.0,4.8,5.1,4.4,4.5,4.2,4.3,6.1,7.8,29.2,69.0,0.9,0.9,30.2,97.3,44.8,1.5,30.7,10.2,4.0,3.7,38.9,99.2,0.6,0.0,0.1,99.0,1.5,12.4,55.0,0.5,28.3,11.4,47.8,0.6,0.1,0.4,10.9,1043.0,19.1,14.6
72110709,female,2312.0,8.3,9.8,12.6,68.5,66.3,3.5,89.3,9.9,5.0,3.7,4.3,5.4,5.3,5.1,5.3,5.1,6.0,4.5,3.9,5.8,9.8,20.0,65.1,1.5,13.4,23.8,88.3,79.3,2.5,28.5,2.3,0.2,0.2,13.1,99.2,0.3,0.0,0.0,93.6,10.9,0.2,13.6,0.0,16.7,50.0,16.7,0.0,16.7,0.0,0.0,6.0,20.2,14.2
72110709,male,2125.0,8.1,11.1,12.7,42.7,52.8,49.6,47.3,8.1,3.5,4.2,5.4,5.6,4.9,5.8,4.8,5.1,5.0,5.1,4.0,6.6,9.7,28.1,70.1,0.6,1.2,30.3,90.0,49.5,8.2,27.2,7.8,1.9,2.1,22.4,99.2,0.5,0.0,0.1,94.7,8.5,1.2,14.7,1.6,33.5,21.6,38.0,0.8,0.5,1.8,2.1,379.0,20.7,15.7
72110711,female,3574.0,7.8,9.9,11.9,60.1,57.6,3.0,45.3,9.4,5.5,4.6,5.3,5.5,5.7,6.2,6.2,4.3,5.1,3.9,3.6,5.0,4.1,19.4,66.2,1.7,12.6,22.9,96.2,69.8,1.6,29.4,7.0,2.4,2.0,26.6,98.6,0.8,0.0,0.1,97.9,2.5,6.1,40.3,0.0,9.8,63.4,19.5,2.4,0.0,0.0,4.9,41.0,17.6,12.5
72110711,male,3503.0,8.4,10.7,11.9,43.4,47.4,61.3,17.8,7.4,5.7,4.9,5.7,5.5,7.0,5.7,5.2,4.7,4.5,3.9,4.0,4.9,6.0,29.8,68.0,1.0,1.2,30.6,98.3,50.0,1.8,31.5,11.1,4.4,3.8,36.3,98.3,0.9,0.0,0.0,98.3,2.2,5.5,31.5,0.4,37.5,12.3,37.0,0.1,0.0,0.8,11.8,1216.0,17.3,12.8
72110713,female,2041.0,6.6,9.9,11.7,65.6,64.0,1.3,0.0,10.4,5.2,3.7,4.5,4.9,5.2,4.8,6.6,5.0,4.7,5.0,4.0,7.7,7.5,21.6,63.4,0.7,14.4,25.4,89.0,75.3,0.1,30.3,3.6,0.6,1.3,4.9,98.0,0.1,0.0,0.0,99.0,1.0,1.9,11.3,0.0,0.0,89.5,10.5,0.0,0.0,0.0,0.0,19.0,21.4,16.7
72110713,male,1899.0,8.0,10.1,12.8,43.0,54.6,48.3,18.5,8.1,4.7,4.3,5.2,4.4,5.5,6.6,4.7,4.6,3.9,5.1,4.5,7.5,9.0,30.0,67.5,1.1,1.4,31.3,94.6,50.3,0.6,29.6,8.7,3.4,3.1,8.5,98.5,0.6,0.0,0.1,98.2,2.3,4.4,17.6,0.6,16.6,12.2,60.7,0.4,0.6,5.8,3.1,517.0,21.0,17.1
72110715,female,2886.0,8.0,11.0,12.5,59.3,58.0,1.1,9.5,8.9,5.4,5.0,5.5,5.1,5.9,5.3,5.4,4.9,5.3,3.2,3.2,5.6,6.0,17.7,70.6,1.3,10.4,22.9,96.3,70.1,2.0,31.9,4.7,2.2,1.1,48.0,98.9,0.3,0.0,0.0,98.8,8.2,3.3,42.6,0.0,5.3,52.6,42.1,0.0,0.0,0.0,0.0,19.0,17.299999999999997,12.0
72110715,male,2932.0,8.5,11.7,11.5,40.0,50.6,65.5,15.3,8.9,5.0,5.2,5.7,5.8,6.3,5.6,4.9,4.7,3.6,3.4,4.1,4.9,6.3,30.3,67.8,0.8,1.1,30.2,97.8,46.7,2.9,28.6,10.6,4.7,2.5,59.9,99.1,0.3,0.0,0.0,98.8,5.9,4.5,36.0,0.3,39.3,6.0,37.3,0.5,0.2,0.8,15.7,1109.0,16.0,12.4
72110731,female,1975.0,7.4,10.8,12.3,61.5,60.7,0.9,16.7,8.3,4.5,4.3,5.8,5.5,6.8,5.7,5.5,5.3,5.9,3.9,3.2,4.8,5.1,18.4,67.5,2.2,11.9,23.2,96.4,72.2,0.7,29.6,5.9,2.2,1.0,25.9,77.1,24.2,0.0,0.1,99.7,0.2,5.0,43.2,0.0,30.0,70.0,0.0,0.0,0.0,0.0,0.0,10.0,17.8,11.899999999999999
72110731,male,2075.0,9.0,12.0,10.9,35.6,50.0,65.1,2.5,8.0,5.6,4.9,5.4,6.4,5.9,4.7,5.0,4.7,2.9,4.9,4.8,4.9,6.3,33.7,64.8,0.3,1.2,32.5,97.9,41.3,0.8,30.4,11.7,4.4,2.7,42.6,75.7,25.8,0.0,0.0,99.6,0.4,6.7,40.4,0.2,49.4,6.2,41.0,0.8,0.7,0.8,0.9,898.0,17.5,14.6
72110743,female,1518.0,7.4,10.0,12.6,65.8,63.6,3.0,0.0,8.0,4.0,3.6,4.9,5.0,5.7,5.9,5.9,5.1,5.2,4.1,4.9,7.5,11.7,16.9,64.3,1.8,17.0,23.1,95.0,77.2,1.6,27.5,5.2,1.4,0.7,29.3,99.4,0.4,0.0,0.1,99.3,0.7,7.0,54.5,0.0,34.4,18.8,3.1,28.1,0.0,0.0,15.6,32.0,21.700000000000003,16.5
72110743,male,1392.0,7.5,12.3,12.8,40.6,56.4,66.6,8.0,7.7,3.9,4.6,4.7,4.2,5.9,5.4,5.7,5.2,4.7,4.1,4.0,7.3,12.0,26.2,71.1,1.2,1.5,30.0,99.5,47.9,1.4,28.2,10.1,2.2,1.7,54.2,99.6,0.4,0.0,0.0,98.5,2.3,3.8,47.6,0.2,24.5,8.2,43.7,0.9,0.2,0.5,21.9,575.0,20.1,15.399999999999999
72110745,female,1670.0,5.8,8.5,10.6,66.2,64.3,2.4,26.7,9.8,5.0,3.5,4.4,4.5,5.2,6.2,6.0,6.8,6.0,5.3,4.5,7.9,6.5,20.3,64.4,0.7,14.6,25.0,91.8,75.2,0.7,25.3,4.9,2.6,2.3,16.8,99.2,0.4,0.0,0.1,96.1,4.3,8.3,37.4,0.0,0.0,63.6,27.3,9.1,0.0,0.0,0.0,22.0,23.700000000000003,17.700000000000003
72110745,male,1539.0,7.1,9.8,12.7,44.1,56.1,55.8,17.1,7.3,4.0,3.5,4.5,4.2,4.9,4.9,6.0,6.0,5.5,6.0,5.8,7.7,8.3,25.8,71.4,1.2,1.7,31.0,90.8,51.9,1.2,28.4,8.2,3.4,2.7,26.7,99.1,0.2,0.0,0.0,98.5,2.0,5.7,29.2,0.0,23.6,9.4,56.7,0.8,0.0,0.4,9.2,501.0,25.0,19.5
72110901,female,2964.0,7.4,10.2,11.1,60.9,59.9,0.4,12.5,9.1,5.3,4.5,5.1,7.0,5.6,7.1,5.4,5.1,4.7,3.4,3.6,5.3,7.5,20.4,66.2,0.9,12.5,23.3,92.0,69.9,1.4,28.0,6.3,2.6,1.8,88.5,38.4,1.9,0.1,0.0,98.2,2.5,9.3,42.7,0.0,14.3,0.0,71.4,0.0,0.0,0.0,14.3,7.0,17.0,12.3
72110901,male,3063.0,8.0,10.3,12.4,43.7,48.6,57.9,34.1,7.4,4.9,3.8,5.0,5.2,7.1,6.1,5.9,4.7,5.4,4.6,3.2,5.9,9.4,32.1,65.8,1.0,1.2,32.4,95.2,50.7,1.4,33.5,11.6,2.9,2.0,92.2,34.2,0.4,0.0,0.0,98.7,1.5,6.0,31.5,0.2,52.4,7.8,20.3,0.1,5.2,1.0,13.0,808.0,19.1,13.7
72110907,female,2833.0,8.4,11.2,11.3,55.9,54.9,2.7,11.3,8.6,6.5,4.9,6.6,5.9,6.8,5.0,5.1,4.3,4.6,2.7,3.8,4.3,4.4,17.2,71.2,1.0,10.6,22.0,96.4,64.9,1.8,29.7,8.3,3.1,2.1,98.3,1.1,0.1,0.1,0.2,99.8,0.3,9.5,52.0,0.0,8.5,25.5,14.9,38.3,0.0,0.0,12.8,47.0,15.399999999999999,10.8
72110907,male,3101.0,8.6,10.8,10.2,40.0,46.8,63.7,20.1,8.2,6.1,6.4,7.2,5.9,6.0,6.5,4.3,4.2,4.0,3.7,3.7,4.2,6.0,34.6,63.4,1.1,0.9,30.8,95.2,45.5,1.6,32.7,13.7,3.6,1.6,99.0,0.3,0.0,0.0,0.0,99.5,0.2,5.5,41.2,0.0,26.3,3.9,19.1,1.8,3.4,0.8,44.7,1111.0,15.600000000000001,11.600000000000001
72110909,female,4548.0,7.8,9.7,11.0,54.1,54.2,3.4,23.4,8.7,6.3,5.4,6.3,6.2,6.2,6.4,5.3,4.5,4.6,3.6,3.2,4.8,7.8,21.6,65.0,1.4,12.0,25.0,97.2,62.4,1.3,25.4,7.9,5.5,5.7,97.8,6.9,0.6,0.0,0.0,99.4,0.7,11.9,38.5,0.0,0.0,68.2,31.8,0.0,0.0,0.0,0.0,84.0,16.2,11.600000000000001
72110909,male,4928.0,8.0,10.6,10.9,36.5,43.2,64.3,10.5,8.2,6.1,5.3,6.0,6.9,5.7,6.4,5.6,4.0,4.4,3.9,3.6,4.5,7.3,36.2,60.8,1.4,1.7,33.6,96.9,41.8,3.2,29.6,13.1,6.0,4.8,99.0,5.0,0.8,0.0,0.0,99.8,1.1,7.1,29.8,1.0,30.8,7.3,36.5,0.5,1.8,0.8,21.2,1997.0,16.4,12.0
72110911,female,3300.0,7.6,9.8,11.2,54.1,57.9,2.0,29.8,9.2,6.3,6.0,5.9,5.8,7.0,5.9,6.9,3.2,5.0,2.9,2.9,4.4,6.6,21.1,66.0,1.8,11.0,24.1,92.4,62.4,1.7,24.8,10.2,2.8,2.6,98.6,3.3,0.3,0.1,0.2,99.5,0.6,7.7,33.4,0.0,3.0,36.4,42.4,0.0,0.0,0.0,18.2,33.0,15.200000000000001,10.2
72110911,male,3399.0,7.5,10.1,11.6,43.1,51.6,58.6,22.6,7.9,5.2,5.9,5.8,5.5,7.3,6.0,6.0,4.9,4.6,4.3,3.3,4.2,7.2,33.9,63.5,1.3,1.3,31.0,91.3,49.8,1.4,29.5,13.4,2.3,1.7,99.0,0.8,0.0,0.1,0.1,99.8,0.1,4.4,24.8,0.4,46.0,6.3,18.9,1.0,3.4,1.2,22.9,1092.0,16.4,11.8
72110913,female,2357.0,7.4,9.2,10.3,55.3,56.7,2.5,34.9,8.2,7.1,4.8,5.3,6.3,6.4,6.3,5.7,4.6,4.7,3.5,3.4,6.7,7.6,20.1,67.1,1.5,11.3,22.1,97.4,63.0,1.8,25.9,10.0,2.6,3.0,99.6,5.1,0.8,0.0,0.0,99.8,0.6,11.2,36.8,0.0,10.7,42.9,35.7,3.6,3.6,0.0,3.6,28.0,18.3,13.600000000000001
72110913,male,2575.0,8.0,9.5,10.1,36.8,43.0,65.4,29.3,7.0,6.4,6.3,6.1,5.9,5.8,6.7,5.7,5.0,5.6,4.0,2.8,5.2,7.7,37.4,59.0,2.1,1.5,32.9,98.3,41.7,3.4,32.1,17.3,2.4,1.9,99.7,1.4,0.2,0.0,0.0,99.7,0.1,5.9,27.2,0.5,54.4,4.4,22.5,2.7,1.7,3.6,10.2,862.0,17.599999999999998,12.0
72110915,female,3143.0,7.3,10.1,10.9,52.9,54.1,2.8,14.3,8.9,6.5,5.3,6.7,6.1,6.8,5.9,5.1,3.9,4.6,3.7,3.4,4.7,5.3,20.3,66.7,1.6,11.4,24.1,98.4,60.7,1.7,25.6,8.6,5.4,4.6,99.6,2.1,0.0,0.0,0.1,99.6,0.6,16.2,47.1,0.0,11.1,38.9,46.3,0.0,0.0,0.0,3.7,54.0,16.400000000000002,11.8
72110915,male,3336.0,8.2,10.2,9.8,34.3,43.4,70.0,5.0,8.5,6.0,6.1,6.8,6.7,6.4,6.4,5.5,4.2,4.2,3.6,2.7,4.9,5.2,35.5,62.2,1.4,0.8,32.0,97.9,38.8,1.8,30.2,15.0,5.7,3.9,99.7,0.7,0.0,0.0,0.1,99.9,0.1,7.1,39.9,0.1,52.6,4.4,38.7,2.5,0.9,0.5,0.3,1593.0,15.4,11.200000000000001
72110917,female,2108.0,8.1,10.0,11.6,58.3,57.5,3.4,18.0,9.8,5.6,4.3,6.6,6.0,6.7,5.5,5.6,4.4,4.2,3.2,3.6,4.8,2.5,20.4,67.7,1.3,10.7,22.8,98.6,67.5,1.9,23.8,7.6,5.6,3.6,97.7,48.4,0.2,0.0,0.0,99.7,0.6,12.5,46.8,2.4,17.1,39.0,34.1,2.4,0.0,2.4,2.4,41.0,15.8,11.600000000000001
72110917,male,2270.0,8.5,10.7,11.7,41.3,46.1,66.7,5.7,8.7,5.2,5.4,4.3,5.1,6.6,7.5,5.3,5.3,4.0,4.3,3.0,4.5,4.5,35.1,62.7,0.7,1.5,31.8,98.7,48.1,2.1,28.9,12.9,5.9,4.1,97.7,47.4,0.4,0.1,0.0,99.6,0.5,12.2,38.9,1.0,52.1,8.3,34.5,2.3,0.0,0.2,1.5,984.0,15.8,11.8
72110919,female,2693.0,7.5,12.1,11.1,54.0,54.7,4.5,58.3,9.9,4.9,4.8,5.3,5.6,6.2,6.1,5.3,5.2,4.3,4.1,2.8,4.8,4.9,19.7,67.8,1.4,11.0,23.5,97.4,62.6,1.0,29.8,7.9,3.9,2.7,99.3,26.7,0.7,0.0,0.2,99.8,0.5,7.4,30.8,0.0,14.3,45.7,22.9,0.0,0.0,2.9,14.3,35.0,16.0,11.7
72110919,male,2623.0,8.2,10.5,12.5,35.5,46.2,70.6,19.2,7.7,6.1,4.4,6.3,5.1,6.1,6.2,5.3,4.6,5.1,4.3,2.9,4.8,5.9,30.7,68.1,0.5,0.7,31.2,97.7,41.6,1.2,32.4,13.5,3.7,3.0,99.5,23.6,0.1,0.0,0.1,99.7,0.1,4.0,21.7,0.9,35.6,5.6,37.7,1.2,0.0,1.8,17.2,1029.0,17.099999999999998,12.0
72110923,female,1826.0,7.9,9.7,11.9,57.4,57.2,3.2,4.9,9.5,5.9,4.9,5.2,5.0,6.2,7.4,4.7,4.5,4.4,3.7,3.8,5.2,5.3,20.6,65.5,1.3,12.6,23.8,95.9,67.0,1.6,27.9,7.7,3.2,2.4,99.4,1.0,0.0,0.0,0.1,100.0,0.2,14.5,59.0,0.0,17.9,46.2,28.2,7.7,0.0,0.0,0.0,39.0,17.1,12.7
72110923,male,1747.0,7.3,11.8,11.4,43.9,50.5,69.0,7.9,7.7,5.2,4.8,5.8,5.2,5.6,6.5,6.0,5.5,4.5,3.8,3.0,5.8,5.7,29.5,68.6,0.9,1.0,30.4,98.3,51.0,1.8,31.5,11.7,2.2,2.1,99.7,0.6,0.1,0.0,0.0,100.0,0.1,9.2,49.6,2.1,29.9,4.9,58.4,1.4,0.1,2.5,0.7,769.0,17.1,12.6
72110927,female,3320.0,7.7,10.2,12.5,56.0,56.8,2.4,14.3,10.0,5.8,4.3,5.4,5.8,6.6,5.6,5.5,4.6,4.3,3.0,3.3,5.2,5.1,20.8,67.1,1.3,10.9,23.4,96.3,65.9,1.9,28.5,7.0,3.4,2.4,99.5,0.3,0.1,0.0,0.1,99.8,0.6,12.8,59.0,0.0,0.0,56.3,39.6,4.2,0.0,0.0,0.0,48.0,15.8,11.5
72110927,male,3168.0,8.3,10.4,13.4,46.3,53.6,66.8,38.7,7.4,4.4,4.2,5.8,5.1,6.3,6.2,6.0,5.0,4.8,4.0,3.8,4.8,6.1,28.5,69.4,1.0,1.0,30.6,98.7,55.4,1.8,29.1,10.8,2.9,1.8,99.5,0.2,0.1,0.0,0.1,99.8,0.2,9.5,49.4,0.5,40.6,6.0,49.7,1.9,0.0,1.1,0.1,881.0,17.400000000000002,12.6
72110929,female,1891.0,8.1,9.3,11.4,54.4,57.4,3.1,26.2,8.4,6.5,5.8,7.0,6.5,6.8,6.2,5.9,3.4,3.8,3.5,3.6,4.1,4.8,21.1,64.8,2.2,11.9,23.2,93.6,63.0,1.1,26.2,8.9,3.4,3.0,99.0,1.2,0.0,0.0,0.2,100.0,0.1,5.1,39.7,0.0,3.2,19.4,41.9,0.0,0.0,0.0,35.5,31.0,15.0,11.2
72110929,male,2060.0,8.7,10.6,12.1,35.7,43.3,66.1,13.6,7.9,6.4,5.4,5.6,6.2,7.1,7.0,5.0,4.2,3.9,3.3,3.0,3.5,5.7,36.8,60.9,1.2,1.1,32.4,91.9,41.7,1.6,34.5,13.7,4.1,2.8,99.1,0.3,0.0,0.0,0.3,100.0,0.0,4.4,38.4,0.4,15.8,3.3,31.4,2.0,0.9,3.2,43.1,806.0,13.7,9.8
72110935,female,3693.0,8.7,10.8,11.1,55.0,55.8,1.8,29.8,9.2,6.1,4.9,5.7,5.8,6.2,5.7,4.9,4.2,5.2,3.9,3.3,4.1,6.0,17.7,69.4,1.0,11.9,22.1,92.3,63.6,1.7,30.0,7.9,2.7,1.9,99.2,0.6,0.1,0.0,0.1,99.9,0.1,10.6,48.1,0.0,15.2,30.3,27.3,9.1,0.0,0.0,18.2,33.0,16.5,11.299999999999999
72110935,male,3874.0,8.7,11.3,10.9,37.2,47.6,70.2,20.7,7.4,5.2,5.7,6.6,6.5,5.7,6.3,5.7,4.8,3.7,4.1,3.5,4.0,5.9,32.7,64.8,1.2,1.3,31.5,96.2,42.8,1.5,36.4,11.4,1.9,1.1,99.1,0.0,0.0,0.0,0.0,99.8,0.1,4.2,32.7,0.1,44.9,6.2,32.8,2.4,0.2,0.5,12.8,1489.0,15.3,11.6
72110939,female,3839.0,8.1,10.5,12.4,53.5,54.3,6.0,19.5,10.0,6.2,4.6,6.4,6.0,5.9,5.1,5.4,3.9,4.0,4.0,3.1,4.4,6.9,20.0,68.1,1.2,10.6,23.0,97.2,63.0,1.6,28.8,8.7,3.8,2.8,99.7,0.2,0.1,0.0,0.0,100.0,0.3,13.6,43.7,0.0,29.7,21.1,30.5,8.6,0.0,0.0,10.2,128.0,15.5,11.5
72110939,male,3842.0,8.5,11.9,13.0,38.3,49.7,68.6,17.8,7.4,4.7,5.1,5.9,6.0,6.6,5.9,5.5,4.5,4.2,2.9,3.0,5.0,6.8,30.1,68.2,0.9,0.8,30.0,97.8,45.6,2.2,31.8,11.1,3.1,2.0,99.7,0.1,0.0,0.0,0.0,99.9,0.0,6.3,33.5,0.3,24.8,7.4,38.9,1.2,3.5,1.3,22.6,1441.0,15.1,10.9
72110945,female,2155.0,8.2,10.5,10.8,57.1,59.0,2.3,11.4,9.1,5.2,5.7,6.0,5.0,6.3,6.0,5.8,4.3,5.0,3.0,3.8,5.3,10.3,19.7,67.2,1.3,11.7,23.1,94.7,65.3,0.7,28.7,7.1,2.2,2.2,99.1,0.5,0.1,0.0,0.0,99.7,0.1,5.2,28.5,0.0,9.7,67.7,22.6,0.0,0.0,0.0,0.0,31.0,17.1,12.1
72110945,male,2151.0,8.2,10.7,11.9,43.7,53.0,62.2,9.7,7.6,6.1,5.1,6.2,5.6,5.5,6.4,5.5,4.9,4.5,3.7,3.3,4.9,9.9,31.3,66.8,1.3,0.6,31.2,89.2,50.8,0.9,32.7,9.6,2.1,1.6,99.0,0.1,0.1,0.0,0.0,99.7,0.6,2.9,21.3,0.1,51.3,6.1,22.1,1.0,0.0,0.1,19.3,836.0,16.4,11.9
72110947,female,3616.0,8.2,9.8,11.5,46.2,49.3,6.8,26.0,8.9,7.8,5.9,6.9,5.7,6.0,6.2,5.5,4.7,3.5,2.5,3.3,3.4,6.0,22.0,67.1,1.5,9.4,23.9,96.1,53.6,1.3,27.1,10.2,6.2,5.9,99.2,2.5,0.5,0.0,0.1,99.9,1.5,15.8,48.2,0.0,10.9,54.7,32.0,0.0,0.8,0.0,1.6,128.0,12.700000000000001,9.2
72110947,male,3726.0,7.9,11.1,11.1,32.4,40.8,71.1,24.9,7.9,5.9,5.1,6.7,6.8,7.1,6.3,5.6,4.4,4.1,3.5,2.8,3.7,7.0,34.6,63.7,0.7,1.0,31.4,95.3,37.3,2.0,31.2,15.1,6.5,4.5,99.4,1.5,0.5,0.0,0.0,99.8,1.3,9.3,37.6,0.6,40.9,12.6,38.6,1.3,1.2,2.7,2.1,1385.0,14.099999999999998,10.0
73510101,female,6241.0,4.0,4.8,5.8,24.6,30.0,25.8,21.5,5.9,6.5,5.6,6.7,5.8,6.7,6.2,6.8,8.1,8.7,6.1,4.9,7.2,5.6,35.6,44.6,6.6,13.2,27.4,93.8,26.2,1.2,18.3,16.8,18.1,15.6,96.0,12.9,1.8,0.0,0.1,96.8,1.8,31.6,71.8,6.7,13.2,14.4,63.6,0.0,0.0,1.2,0.9,1082.0,26.9,18.2
73510101,male,5745.0,4.7,5.6,7.1,8.8,16.7,63.9,23.5,7.3,8.0,6.9,6.9,5.6,5.7,5.8,7.1,7.2,7.5,6.4,3.7,4.4,4.5,44.2,49.5,5.3,1.0,34.0,96.9,9.4,1.1,23.1,21.4,21.2,16.5,96.6,10.6,1.7,0.0,0.2,97.6,1.1,30.7,71.1,7.7,31.0,11.2,47.0,0.5,0.6,0.5,1.5,2317.0,22.0,14.500000000000002
73510113,female,51965.0,9.2,10.8,10.7,25.8,31.9,15.0,27.3,8.7,7.4,7.6,8.1,7.7,7.0,5.9,4.8,3.6,3.3,2.3,1.6,1.7,4.3,23.5,66.0,3.8,6.7,22.7,97.5,29.6,3.1,29.3,17.6,11.2,6.8,97.2,22.3,2.3,0.1,0.1,98.8,1.6,18.5,53.1,3.3,15.8,17.0,58.7,1.4,1.1,0.5,2.2,3927.0,8.899999999999999,5.6
73510113,male,54028.0,9.5,10.8,11.0,15.5,22.6,73.8,17.0,8.9,6.7,6.2,7.1,7.3,7.5,6.7,5.3,4.1,3.5,2.3,1.6,1.5,4.3,36.1,61.6,1.7,0.7,30.5,96.0,17.6,3.6,33.3,21.5,11.8,7.2,97.9,19.4,2.0,0.1,0.1,99.1,1.5,17.0,51.4,2.8,32.3,7.7,49.5,0.4,3.0,2.3,2.1,22717.0,8.9,5.4
73510201,female,18349.0,8.8,10.0,10.4,33.9,39.1,7.9,19.0,8.3,7.4,7.1,7.6,6.9,7.1,6.2,5.2,3.9,3.8,2.5,2.1,2.6,3.6,22.6,66.1,3.3,8.0,21.5,95.6,38.9,1.5,30.0,16.5,8.1,4.7,97.6,15.0,1.5,0.0,0.1,98.7,1.0,11.2,42.4,4.2,18.2,7.1,63.7,0.0,0.0,1.7,5.2,835.0,11.0,7.199999999999999
73510201,male,19099.0,9.1,10.4,10.6,20.3,28.1,72.3,14.3,8.8,6.8,6.6,7.0,7.0,6.9,6.5,5.2,4.1,3.9,3.0,2.0,2.1,4.6,36.4,61.6,1.4,0.7,31.0,96.0,23.3,2.1,31.1,22.7,9.7,6.3,98.4,12.8,1.1,0.0,0.1,98.8,0.8,12.0,44.0,1.7,28.1,6.1,52.1,0.8,0.6,2.2,8.3,8280.0,11.0,7.1
73510207,female,17921.0,9.2,10.9,11.0,25.8,32.3,12.2,22.6,9.2,8.1,8.0,8.0,7.3,6.8,5.8,4.4,3.3,3.2,1.9,1.3,1.4,2.6,22.7,68.3,3.2,5.8,22.4,98.4,29.9,2.8,29.1,17.6,10.4,7.9,98.6,15.5,3.8,0.0,0.1,99.5,0.9,16.9,52.5,2.4,15.6,15.6,58.5,3.0,1.0,0.5,3.4,1164.0,7.799999999999999,4.6
73510207,male,18527.0,10.2,11.0,11.1,15.9,24.9,74.2,15.1,9.0,6.9,6.5,7.4,7.2,6.9,6.1,5.4,3.6,3.4,2.3,1.5,1.4,2.9,33.6,64.9,1.0,0.5,29.5,97.2,18.1,3.0,31.1,21.1,11.8,8.0,98.9,14.1,3.5,0.0,0.1,99.5,0.7,15.9,50.5,1.4,35.6,7.3,47.9,0.4,1.6,2.4,3.4,7896.0,8.6,5.199999999999999
73510209,female,13404.0,7.8,9.7,10.5,39.6,42.0,8.2,20.7,8.8,7.0,7.0,6.6,6.8,7.0,6.9,5.7,4.0,4.0,3.1,2.3,2.8,3.9,25.7,61.1,4.0,9.2,21.3,93.9,45.2,1.3,30.1,14.3,8.1,4.2,98.5,8.1,1.0,0.0,0.0,99.5,0.8,9.1,39.4,0.5,25.0,8.3,50.4,1.8,1.2,0.0,12.8,629.0,12.2,8.2
73510209,male,13837.0,8.2,9.4,9.7,26.2,30.6,73.5,12.9,9.4,7.1,7.0,6.9,6.2,6.4,7.0,6.0,4.1,4.3,3.1,2.7,2.5,4.8,38.7,58.3,1.7,1.3,31.7,94.7,29.4,1.6,32.9,20.9,9.5,4.5,99.1,5.8,0.8,0.0,0.2,99.7,1.5,7.7,37.1,1.0,32.7,6.2,41.2,1.0,2.0,2.0,13.9,6431.0,12.600000000000001,8.3
73510303,female,51489.0,9.7,11.2,11.3,26.2,32.8,13.4,28.5,9.1,7.8,7.7,8.1,7.5,6.9,5.8,4.3,3.3,2.9,1.7,1.3,1.4,3.2,23.8,65.9,3.8,6.5,22.2,97.0,30.2,2.2,29.7,16.9,11.0,7.4,97.4,13.9,6.1,0.1,0.2,99.5,2.9,17.3,53.5,2.1,12.9,18.9,60.6,0.6,0.1,1.1,3.6,3342.0,7.299999999999999,4.4
73510303,male,52706.0,9.7,11.6,11.9,15.7,25.5,72.8,16.3,9.3,7.1,6.4,6.5,7.1,7.1,6.2,5.3,3.8,3.3,2.1,1.4,1.1,3.7,35.2,62.9,1.4,0.5,30.0,93.4,18.3,2.4,31.7,21.1,11.6,7.7,97.7,13.5,6.1,0.1,0.1,99.7,2.7,16.3,51.1,2.5,34.0,9.3,44.9,0.5,0.9,2.7,5.2,21467.0,7.9,4.6
73510305,female,6596.0,8.9,10.3,10.9,45.2,45.4,4.8,17.8,8.7,6.4,6.0,6.5,6.7,6.4,6.2,5.6,3.9,4.1,3.0,2.5,3.8,6.1,24.2,62.3,3.4,10.0,21.6,95.4,52.1,2.7,30.0,12.3,6.6,3.0,99.1,2.0,0.8,0.0,0.0,99.9,0.2,13.5,51.5,0.0,12.4,20.7,59.0,8.0,0.0,0.0,0.0,183.0,13.399999999999999,9.3
73510305,male,6965.0,8.7,10.5,11.4,30.6,34.5,69.3,19.2,9.0,7.5,6.2,6.5,6.6,6.2,6.4,5.3,4.0,4.0,2.6,2.3,2.8,7.2,37.6,60.6,1.2,0.6,30.6,95.4,35.3,3.0,31.4,19.6,7.5,4.0,99.3,1.2,0.4,0.0,0.0,100.0,0.3,10.7,45.7,4.2,25.4,4.7,60.1,2.3,1.6,1.3,0.4,2709.0,11.7,7.7
73510311,female,6984.0,9.4,11.2,11.2,51.8,51.9,2.6,40.9,8.9,6.3,6.3,5.9,5.8,6.3,6.5,4.7,4.1,4.0,3.0,2.8,3.7,7.6,22.4,65.2,1.9,10.5,19.6,96.4,59.5,1.7,31.7,9.1,4.1,1.5,98.7,4.0,0.5,0.1,0.0,100.0,1.2,6.7,37.8,0.0,11.7,28.7,46.0,0.0,0.0,0.0,13.7,74.0,13.5,9.5
73510311,male,7479.0,8.0,11.3,11.1,34.5,40.8,68.9,27.1,9.7,8.0,6.9,6.0,5.4,6.1,6.0,4.7,3.9,4.1,3.1,2.5,3.3,7.5,38.2,59.3,1.2,1.3,30.9,94.7,39.4,1.1,33.6,17.2,5.0,2.4,99.7,1.2,0.1,0.1,0.2,99.9,0.8,4.6,31.9,0.5,28.2,5.8,36.2,2.4,0.3,1.2,25.5,2616.0,13.0,8.899999999999999
73510501,female,8582.0,8.6,9.6,10.8,42.6,43.2,4.6,30.9,9.2,7.0,7.0,7.2,6.9,6.5,6.1,5.9,3.6,3.6,3.1,2.5,2.3,4.6,22.3,65.2,3.7,8.8,20.5,98.4,48.9,2.9,32.7,13.3,6.0,2.0,97.9,16.9,2.3,0.0,0.2,99.8,0.6,7.9,45.8,0.0,7.7,7.1,75.1,2.1,0.0,0.0,8.0,192.0,11.5,7.8999999999999995
73510501,male,9187.0,8.4,9.9,10.8,25.0,31.2,70.4,16.0,9.1,7.2,7.4,7.4,6.4,6.1,6.3,5.9,3.8,3.7,2.6,2.5,2.4,3.7,36.9,60.3,1.6,1.2,30.6,98.9,28.1,3.3,32.6,23.0,7.6,2.2,98.6,16.1,1.9,0.0,0.1,99.6,1.6,7.0,44.4,1.8,19.0,4.5,61.5,0.6,4.8,0.3,7.5,3854.0,11.200000000000001,7.5
73510503,female,6978.0,7.6,10.2,10.5,46.0,45.7,3.1,30.1,8.7,7.2,7.0,7.2,6.3,5.7,6.0,6.2,3.7,4.3,3.3,3.3,2.9,4.9,22.3,64.8,2.0,11.0,19.8,97.0,52.4,2.5,32.5,10.4,6.2,2.8,98.5,9.1,1.2,0.0,0.0,100.0,0.4,6.8,37.2,3.0,3.6,20.9,67.2,0.0,5.3,0.0,0.0,110.0,13.799999999999999,9.5
73510503,male,7620.0,7.9,9.9,10.5,26.4,31.0,70.5,26.7,8.6,7.2,7.3,7.4,5.9,5.9,6.5,5.8,3.8,3.7,3.4,3.3,3.0,4.5,38.9,58.2,2.1,0.8,30.3,95.8,29.8,3.2,34.2,21.8,7.3,2.5,99.4,6.7,0.5,0.0,0.1,100.0,0.3,5.6,35.0,0.9,18.6,4.3,72.5,1.1,1.4,0.5,0.7,2826.0,13.399999999999999,9.7
73510505,female,18650.0,8.6,9.7,10.8,40.3,42.4,7.8,35.0,9.2,7.2,6.8,6.7,6.5,6.3,6.5,5.5,4.1,4.1,2.7,2.3,2.7,4.9,23.7,63.6,3.4,9.4,21.7,96.6,46.3,2.1,31.5,13.5,6.5,3.9,98.9,8.9,1.2,0.1,0.1,100.0,1.7,10.1,38.9,0.6,21.9,14.0,58.9,0.6,0.7,2.6,0.7,671.0,11.8,7.7
73510505,male,19596.0,8.5,9.8,10.7,24.7,30.1,74.9,15.3,9.1,7.5,7.3,6.8,6.1,6.0,6.5,5.5,4.2,4.2,3.0,2.5,2.2,4.9,39.9,57.7,1.4,0.9,31.6,95.4,28.2,2.3,33.1,23.4,7.5,3.5,99.0,6.1,1.1,0.1,0.0,99.8,1.9,7.3,36.2,1.4,24.4,4.5,65.6,0.5,0.7,1.0,1.8,8812.0,11.899999999999999,7.7
73510509,female,8519.0,7.0,9.6,10.7,41.6,44.7,10.5,37.6,9.2,7.7,6.8,7.1,6.5,7.0,5.9,5.8,4.1,4.7,3.0,2.2,2.7,7.4,24.6,58.1,6.3,11.0,22.5,98.9,47.5,1.3,26.3,15.1,6.8,5.7,98.8,11.3,1.2,0.0,0.0,99.8,0.5,11.5,44.7,1.1,22.3,13.2,54.9,1.2,1.4,0.0,5.8,404.0,12.600000000000001,7.9
73510509,male,8609.0,8.1,10.6,10.8,22.6,30.6,71.0,20.4,9.0,8.0,6.9,7.4,5.9,5.8,6.0,5.5,4.0,3.6,3.4,2.4,2.6,6.4,40.6,57.4,1.4,0.7,31.9,97.8,25.9,3.1,30.4,20.5,9.5,5.8,98.9,8.5,1.3,0.0,0.1,99.9,0.7,9.8,37.1,1.2,29.7,5.6,58.1,0.4,1.0,0.7,3.2,3431.0,12.0,8.4
73510707,female,44841.0,8.7,10.4,10.4,27.7,32.5,13.3,24.9,8.9,8.0,7.6,7.7,7.5,7.2,5.9,4.8,3.9,3.3,2.3,1.7,1.8,3.9,24.1,65.8,3.6,6.5,22.9,98.2,31.7,2.6,30.4,16.5,10.8,7.2,98.5,20.3,3.1,0.1,0.1,99.5,1.3,18.3,58.2,0.8,12.6,18.7,62.5,1.8,0.8,1.5,1.3,3148.0,9.1,5.8
73510707,male,47043.0,9.1,10.8,10.9,16.0,24.1,73.7,16.1,9.0,6.9,6.7,7.2,6.9,7.1,6.4,5.5,4.1,3.6,2.5,1.8,1.5,4.1,36.7,61.5,1.4,0.4,31.2,96.3,18.2,3.2,33.4,21.6,11.1,6.7,98.6,17.6,3.2,0.1,0.1,99.7,1.2,15.3,54.5,2.4,28.0,6.6,53.7,0.7,2.4,3.5,2.8,20151.0,9.399999999999999,5.8
73510711,female,15915.0,8.6,10.1,10.9,36.5,40.0,8.1,33.3,9.2,7.5,6.6,6.9,7.1,6.7,6.3,5.3,4.0,3.6,2.5,2.1,2.4,4.5,23.8,62.7,3.9,9.6,21.1,99.2,42.1,2.3,33.2,14.7,7.1,2.7,98.9,10.7,5.3,0.2,0.0,99.7,1.7,10.3,44.4,1.0,17.5,5.2,69.1,2.5,1.0,1.0,2.8,604.0,10.6,7.0
73510711,male,16585.0,8.3,10.1,10.8,23.3,28.9,71.9,20.4,9.7,7.6,6.9,6.6,6.3,6.4,6.5,5.6,4.4,4.0,2.8,2.1,2.0,3.7,39.9,57.8,1.5,0.8,30.6,98.7,26.4,1.8,34.9,23.5,7.9,3.0,99.2,10.1,6.2,0.1,0.1,99.7,1.6,8.9,43.6,1.5,22.5,7.4,57.9,0.8,2.1,1.2,6.6,6725.0,10.9,6.9
74270101,female,56701.0,8.1,9.6,10.1,26.3,32.5,17.5,33.0,8.2,8.2,8.2,8.2,7.7,6.7,5.9,5.1,3.8,4.0,2.4,1.7,2.1,3.6,25.6,61.8,4.3,8.3,24.0,97.9,30.0,2.1,24.7,16.9,13.5,10.2,99.1,4.5,2.2,0.1,0.3,99.7,0.9,26.7,64.9,1.9,11.0,34.7,48.4,0.7,0.6,0.6,2.0,4794.0,10.2,6.199999999999999
74270101,male,57754.0,8.9,10.3,10.4,13.9,22.9,71.7,17.2,8.4,7.2,7.2,7.6,7.1,7.2,6.3,5.2,3.5,4.0,3.0,2.2,1.6,3.7,37.5,60.3,1.5,0.7,31.1,96.7,15.8,2.9,26.0,21.3,16.1,10.7,99.1,4.5,2.3,0.2,0.3,99.7,0.9,25.3,66.0,2.9,26.4,20.7,42.3,0.8,1.2,2.1,3.5,24129.0,10.799999999999999,6.800000000000001
74270117,female,6104.0,8.6,9.6,10.2,27.7,33.1,15.9,35.4,9.0,8.4,7.8,7.8,7.3,6.4,6.0,4.9,3.7,3.6,2.6,1.9,2.1,2.7,24.7,63.9,2.9,8.5,23.8,97.3,31.7,2.2,30.3,17.0,9.8,7.6,98.9,4.9,3.2,0.0,0.0,100.0,1.3,22.3,53.7,0.0,12.4,27.7,56.6,2.3,0.9,0.0,0.0,449.0,10.2,6.6
74270117,male,6378.0,8.6,9.7,10.3,17.2,24.6,74.0,22.7,9.1,6.9,8.2,7.4,7.5,6.3,6.0,5.3,3.8,4.1,2.6,2.3,1.7,3.6,39.6,58.7,0.9,0.8,32.9,98.5,19.6,2.8,32.4,23.0,9.3,8.0,98.8,3.0,2.9,0.0,0.2,99.9,0.6,20.4,52.0,1.2,28.8,10.2,54.8,1.3,1.2,1.9,0.6,2606.0,10.7,6.6000000000000005
74270701,female,3387.0,8.2,10.9,10.7,56.6,57.9,2.1,31.4,8.6,6.7,5.8,6.1,6.7,6.1,5.4,5.7,3.7,5.0,3.3,2.8,4.3,5.1,20.6,68.1,2.3,9.0,22.0,93.7,64.9,0.6,25.4,9.5,3.7,3.0,98.1,1.0,0.3,0.0,0.2,99.9,0.4,2.4,10.5,0.0,17.1,14.3,45.7,2.9,5.7,8.6,5.7,35.0,15.400000000000002,10.399999999999999
74270701,male,3801.0,9.3,9.9,11.5,35.4,43.9,57.5,10.0,9.1,7.6,7.5,6.8,6.4,5.5,5.7,4.4,3.9,4.1,2.8,2.7,2.8,4.5,40.4,58.2,0.9,0.5,32.1,92.6,40.8,0.7,28.3,19.7,4.4,2.9,98.8,0.4,0.1,0.0,0.4,99.9,0.4,1.4,6.8,0.2,27.6,7.4,41.5,0.6,3.4,12.8,6.5,1364.0,12.399999999999999,8.3
74270703,female,3837.0,9.1,10.5,11.9,57.8,58.7,3.8,72.3,9.8,6.0,5.9,6.2,6.0,6.3,5.9,4.8,3.5,3.8,3.0,3.3,3.9,5.4,19.9,68.9,1.8,9.4,22.1,96.6,67.4,1.4,27.4,7.7,3.0,1.7,99.5,0.7,0.1,0.0,0.1,99.8,0.3,8.0,37.3,0.0,10.7,14.3,71.4,3.6,0.0,0.0,0.0,28.0,14.0,10.2
74270703,male,4221.0,8.8,10.9,11.8,40.8,50.9,75.2,14.2,8.8,7.0,7.3,6.3,6.6,6.3,5.4,4.6,3.9,3.6,2.6,3.2,3.0,5.2,37.7,60.4,0.9,1.0,31.4,96.8,47.3,1.1,30.7,12.7,2.8,1.8,99.5,0.2,0.0,0.0,0.0,99.8,0.2,5.1,30.2,0.2,34.3,5.2,57.0,1.6,0.6,0.2,1.0,1867.0,12.4,8.8
74270705,female,4626.0,8.8,9.6,11.7,52.8,52.6,4.8,40.3,8.8,6.9,5.5,6.5,6.2,6.6,6.1,4.6,3.9,4.1,3.7,3.0,4.1,4.9,21.0,65.3,2.7,11.0,22.3,98.3,61.3,1.9,26.0,10.5,5.0,4.1,99.4,1.2,0.3,0.0,0.0,99.9,0.1,8.7,44.8,0.0,9.8,46.7,40.2,0.0,0.0,0.0,3.3,92.0,14.9,10.8
74270705,male,4965.0,8.5,10.2,11.6,32.6,40.0,69.8,32.8,9.3,7.3,7.8,6.0,6.3,6.6,6.0,4.5,3.8,3.7,3.4,2.6,2.4,4.3,39.8,58.2,1.2,0.8,31.5,97.4,37.5,1.9,29.8,18.7,5.2,4.4,99.5,0.4,0.2,0.0,0.1,100.0,0.0,5.8,37.3,0.2,38.4,11.8,39.2,0.9,1.7,6.0,1.8,1624.0,12.1,8.4
74270707,female,4989.0,9.0,11.4,13.0,53.1,54.1,3.0,59.6,9.7,6.8,6.6,6.9,6.4,6.6,5.2,4.1,3.1,3.7,2.6,2.4,2.6,5.1,20.9,70.3,1.4,7.4,22.2,97.9,63.1,1.7,27.5,9.6,4.5,2.6,98.8,1.1,0.1,0.0,0.1,99.8,0.4,12.9,47.6,0.0,2.5,47.5,42.5,5.0,0.0,2.5,0.0,40.0,11.3,7.6
74270707,male,5700.0,8.9,12.1,12.3,36.6,41.8,66.9,41.4,9.4,7.3,7.5,6.8,5.9,6.4,5.9,4.3,2.9,3.4,2.5,2.1,2.3,4.3,38.5,60.2,0.8,0.4,30.9,98.2,43.0,1.8,31.1,16.5,5.2,3.5,98.8,0.3,0.1,0.0,0.1,99.9,0.2,10.9,47.9,0.3,17.3,9.2,64.5,1.5,0.0,0.5,6.6,1488.0,10.3,6.8999999999999995
74270709,female,5676.0,8.7,10.7,10.8,51.5,51.2,5.2,57.0,8.5,6.8,6.6,7.1,7.1,6.7,5.7,4.8,3.8,4.1,2.9,2.3,3.5,4.5,22.0,66.1,1.5,10.5,23.3,96.5,58.9,1.4,30.8,9.2,3.9,3.5,99.6,1.1,0.2,0.0,0.1,100.0,0.0,9.1,38.8,0.0,6.4,22.6,52.1,5.0,4.4,0.0,9.4,89.0,12.8,8.7
74270709,male,6509.0,8.3,10.7,11.6,37.6,40.1,74.4,21.7,9.0,6.7,7.0,7.2,6.6,6.7,6.3,4.5,3.5,4.0,3.0,2.2,2.6,4.8,39.8,57.8,1.2,1.2,32.0,97.5,43.8,1.9,32.2,16.6,5.6,3.6,99.4,0.2,0.0,0.0,0.0,100.0,0.0,5.8,35.8,0.4,21.3,4.8,48.3,1.6,4.3,0.0,19.4,2631.0,11.799999999999999,7.800000000000001
74270711,female,2191.0,8.1,9.9,10.6,54.3,54.2,3.0,55.3,8.4,7.6,5.9,5.8,6.0,6.3,6.2,5.2,4.7,4.2,3.1,3.1,4.8,12.6,21.7,66.1,2.4,9.9,22.3,95.9,62.2,1.1,25.2,11.0,4.4,4.1,99.2,1.4,0.3,0.0,0.4,100.0,0.0,13.7,40.7,0.0,4.8,61.9,33.3,0.0,0.0,0.0,0.0,21.0,15.2,11.0
74270711,male,2342.0,8.2,9.1,11.1,34.8,39.2,68.5,58.1,9.5,7.2,6.8,7.3,5.5,5.5,5.2,5.7,4.8,4.7,3.5,2.9,2.9,9.5,39.1,58.9,1.5,0.5,32.1,92.9,39.4,1.1,29.3,21.8,4.7,3.9,99.5,0.3,0.0,0.0,0.5,99.8,0.2,8.2,35.7,0.6,31.8,14.8,37.6,0.4,2.9,0.6,11.2,481.0,14.0,9.3
74270713,female,3757.0,9.2,10.9,11.3,45.4,47.6,4.4,29.8,8.5,7.5,6.5,7.2,7.0,6.1,5.5,4.3,3.1,3.8,2.6,2.7,3.6,5.3,21.2,67.7,2.3,8.8,23.2,98.4,52.8,2.0,27.8,13.1,6.0,3.5,99.7,0.8,0.2,0.0,0.2,99.7,0.3,16.0,62.3,0.0,5.0,18.8,48.8,15.0,1.3,3.8,7.5,80.0,12.700000000000001,8.9
74270713,male,4035.0,8.9,9.9,11.2,26.1,34.0,70.4,11.9,8.1,6.7,6.7,7.6,7.0,7.2,6.2,4.8,3.5,4.0,3.7,2.2,2.4,5.6,37.6,59.7,1.9,0.7,32.1,98.3,30.0,1.6,32.0,21.8,7.5,3.0,99.8,0.3,0.1,0.0,0.3,100.0,0.1,11.2,57.6,0.3,29.9,3.4,47.4,1.3,1.0,5.4,11.4,1752.0,12.3,8.3
74270715,female,4472.0,9.1,11.0,11.8,56.1,56.6,1.4,38.1,8.7,6.2,6.2,6.5,6.4,5.9,5.8,4.8,4.0,3.9,3.4,2.5,3.8,7.2,17.5,72.7,2.0,7.9,22.1,96.2,65.4,1.2,29.3,8.4,2.5,2.0,99.3,0.4,0.3,0.0,0.1,99.7,0.2,10.9,44.7,0.0,7.7,34.6,46.2,11.5,0.0,0.0,0.0,26.0,13.600000000000001,9.7
74270715,male,4975.0,8.2,10.7,11.5,35.5,42.1,66.3,19.5,8.9,7.5,6.9,6.8,6.6,5.7,6.0,4.5,4.0,4.3,3.2,2.8,2.5,6.1,37.3,61.3,0.9,0.5,31.1,97.7,41.1,1.3,34.9,15.7,3.4,2.6,99.2,0.2,0.0,0.0,0.0,99.8,0.2,6.9,37.1,0.2,23.6,4.3,68.0,1.1,1.1,0.9,0.8,1850.0,12.8,8.5
74270717,female,3182.0,8.0,10.1,12.3,49.4,50.1,4.5,26.3,9.4,5.7,5.7,6.0,6.8,7.6,5.8,5.6,3.6,3.9,3.6,2.5,3.6,5.2,22.2,66.5,1.8,9.6,21.5,99.3,57.9,1.6,28.7,12.4,4.2,3.1,99.3,1.7,0.1,0.0,0.3,99.7,0.2,10.3,45.2,0.0,23.3,13.7,47.9,15.1,0.0,0.0,0.0,73.0,13.6,9.7
74270717,male,3536.0,8.2,10.5,11.6,34.0,37.3,71.4,26.3,9.3,6.1,6.8,6.8,6.1,6.5,6.2,4.6,3.9,4.6,3.5,2.3,3.0,5.5,39.8,57.6,1.5,1.1,32.5,99.0,39.4,2.1,32.7,20.5,4.7,2.7,99.2,0.4,0.1,0.0,0.7,99.8,0.2,8.0,42.2,0.1,25.5,3.0,65.9,2.5,1.6,0.8,0.5,1296.0,13.399999999999999,8.8
74270719,female,3793.0,8.2,9.7,11.8,65.5,64.6,1.5,20.0,8.8,5.4,4.7,6.5,6.1,5.7,6.0,5.0,4.4,5.3,4.3,3.5,4.8,3.8,19.3,70.9,1.2,8.6,23.4,91.3,75.5,0.4,23.8,6.7,2.5,2.0,99.2,0.5,0.2,0.0,0.0,99.7,0.4,11.1,65.0,0.0,9.4,40.6,21.9,0.0,6.3,0.0,21.9,32.0,17.9,12.6
74270719,male,4246.0,8.2,9.3,10.0,49.7,53.3,62.6,16.2,8.7,7.2,6.7,7.6,5.7,6.3,5.4,4.0,4.1,4.7,4.0,3.3,4.8,5.1,38.9,59.5,0.7,0.9,33.0,92.0,56.0,0.3,29.7,11.8,2.8,2.1,99.5,0.2,0.0,0.0,0.0,99.6,0.5,11.5,56.8,0.2,46.3,6.1,22.5,2.5,10.9,0.6,10.9,1619.0,16.8,12.1
74270721,female,2214.0,8.2,10.7,12.1,59.5,57.4,2.7,56.1,8.1,5.1,5.2,6.5,5.9,7.0,6.1,4.9,4.1,5.1,4.0,2.7,4.4,4.3,18.3,70.2,1.4,10.1,22.5,96.6,69.7,1.4,27.6,9.3,3.0,1.4,98.8,0.9,0.0,0.0,0.0,100.0,0.0,8.2,43.1,0.0,5.6,27.8,55.6,0.0,0.0,0.0,11.1,18.0,16.200000000000003,11.100000000000001
74270721,male,2552.0,8.1,9.8,10.9,41.7,45.0,66.6,27.8,8.3,7.5,7.0,6.2,6.3,6.7,6.3,3.8,3.8,4.5,3.9,3.2,3.7,4.8,38.8,58.9,1.4,0.9,32.5,95.5,47.6,2.4,31.8,15.4,3.1,2.3,98.9,0.5,0.0,0.0,0.0,99.7,0.3,4.4,33.4,0.6,23.3,5.8,49.0,1.3,2.4,1.7,15.9,872.0,15.3,10.8
74270723,female,7553.0,7.3,9.7,10.4,44.5,48.0,10.0,39.8,9.0,7.0,6.7,6.7,6.8,7.1,6.2,5.4,4.3,4.3,3.1,2.6,3.5,5.8,24.1,62.7,2.9,10.3,23.7,98.0,50.6,1.6,24.5,12.6,7.9,5.5,99.1,2.7,0.7,0.0,0.1,99.8,0.3,17.2,54.3,0.0,2.1,49.8,44.5,2.2,0.3,0.0,1.1,332.0,13.5,9.2
74270723,male,8004.0,7.9,10.1,11.2,28.9,36.1,67.9,21.3,9.0,6.6,6.7,7.1,5.6,6.8,6.5,5.1,4.7,4.1,3.7,2.2,2.5,5.7,38.1,59.5,1.4,1.0,31.9,97.5,33.2,1.3,29.5,19.7,8.1,5.2,99.5,1.4,0.4,0.0,0.0,99.8,0.2,13.1,48.9,1.0,26.9,11.3,54.1,0.4,0.9,1.1,4.3,3021.0,12.5,8.4
74270725,female,3787.0,9.7,11.1,12.1,57.6,58.8,4.3,67.3,8.4,6.0,6.6,6.4,6.9,5.8,5.5,4.4,4.2,4.1,2.9,2.1,3.7,5.1,16.5,73.6,1.3,8.7,21.7,91.5,67.4,1.2,30.6,6.6,1.7,1.0,99.4,0.8,0.6,0.0,0.1,99.7,0.7,4.4,36.5,2.8,11.1,25.0,55.6,2.8,0.0,0.0,2.8,36.0,12.8,8.7
74270725,male,4090.0,9.2,11.8,12.3,40.3,46.1,69.3,34.1,8.9,6.5,6.4,6.8,6.6,5.9,5.8,4.1,3.4,3.0,3.4,2.9,3.2,5.5,34.3,64.2,0.8,0.6,29.9,93.9,47.1,1.3,34.2,13.3,2.8,2.3,99.7,0.1,0.1,0.0,0.0,99.8,0.1,3.7,32.1,1.4,12.9,6.2,76.3,1.0,0.3,0.3,1.6,1247.0,12.5,9.5
74270901,female,2249.0,9.5,12.9,12.1,59.5,57.1,1.8,70.4,8.8,4.9,6.1,5.8,7.3,5.6,5.6,4.8,4.1,3.1,3.2,2.1,3.9,3.2,16.0,71.0,2.2,10.8,20.3,97.7,70.4,2.6,28.4,8.7,2.4,0.8,99.4,1.2,0.4,0.0,0.1,100.0,0.0,8.4,63.9,0.0,12.5,25.0,50.0,12.5,0.0,0.0,0.0,8.0,12.3,9.200000000000001
74270901,male,2546.0,8.6,11.4,11.2,42.2,45.5,67.5,6.3,8.6,7.8,8.9,7.0,5.5,5.7,5.3,4.1,3.4,3.9,3.0,2.5,3.0,4.7,39.8,59.0,0.5,0.6,30.8,98.0,48.8,2.0,32.7,14.7,2.7,2.5,99.6,0.3,0.1,0.0,0.0,99.9,0.3,7.8,60.0,0.1,23.7,4.1,70.5,1.2,0.2,0.2,0.1,1110.0,12.4,8.5
74270903,female,3012.0,9.0,10.6,11.9,51.9,51.7,1.5,12.9,9.6,5.4,6.5,6.4,6.3,6.3,5.9,6.2,3.7,3.1,2.8,2.7,3.4,5.8,20.0,71.2,1.2,7.6,20.9,95.4,60.4,0.7,35.2,7.8,3.2,1.4,99.4,1.5,0.6,0.0,0.0,99.8,0.4,7.5,34.3,0.0,33.3,11.1,55.6,0.0,0.0,0.0,0.0,27.0,12.000000000000002,8.9
74270903,male,3304.0,8.2,10.1,11.3,39.5,42.2,69.8,9.6,9.1,6.5,7.6,6.5,5.9,6.5,6.5,5.4,3.7,4.1,2.8,2.3,3.3,6.4,36.4,62.3,0.8,0.6,30.8,97.9,45.3,0.8,35.9,14.0,5.3,2.0,99.5,0.7,0.3,0.0,0.0,99.8,0.2,6.8,36.8,0.2,31.4,3.3,56.9,1.1,0.9,0.3,6.0,1468.0,12.5,8.399999999999999
74270905,female,6256.0,8.5,10.6,10.8,45.0,46.8,4.8,51.1,8.8,7.3,6.4,6.4,6.4,7.7,6.2,5.1,3.6,4.2,2.9,2.3,3.0,6.5,22.9,65.1,2.7,9.2,18.8,98.2,51.7,1.7,30.0,12.7,4.5,4.2,98.1,3.4,0.7,0.1,0.0,99.8,1.0,7.3,29.2,0.0,15.3,6.6,54.0,9.4,9.8,0.0,4.9,103.0,12.399999999999999,8.2
74270905,male,6923.0,8.5,10.3,11.1,27.5,33.2,70.9,38.3,9.0,7.0,7.1,6.4,5.7,6.6,7.4,5.0,3.7,3.8,3.1,2.7,2.6,7.3,38.5,59.1,1.2,1.2,31.5,98.8,31.9,2.0,34.4,20.8,5.9,3.7,98.2,1.7,0.4,0.0,0.0,100.0,0.1,5.2,28.0,1.1,16.0,4.0,68.9,1.7,5.6,2.2,0.5,2122.0,12.200000000000001,8.4
74270906,female,5412.0,8.5,9.3,10.7,46.2,46.2,4.2,37.3,9.1,6.8,5.9,6.6,6.2,6.9,6.6,5.3,4.6,4.2,2.9,2.6,3.8,7.5,23.1,63.6,4.0,9.3,19.6,96.7,52.9,2.6,32.1,12.6,4.2,2.4,98.5,5.9,0.8,0.0,0.0,99.2,0.9,6.6,44.0,0.0,5.7,8.1,75.9,0.0,0.0,0.0,10.3,102.0,13.5,9.3
74270906,male,6099.0,8.2,9.7,10.0,29.0,33.1,70.7,27.9,8.8,7.9,6.9,7.1,6.0,5.8,7.2,5.1,4.4,4.8,2.8,2.3,3.0,6.3,39.7,57.5,1.4,1.4,32.2,98.9,33.0,3.0,33.9,22.7,4.7,2.6,98.4,3.0,0.2,0.0,0.1,100.0,0.2,4.9,37.0,0.2,18.2,2.4,73.4,0.5,0.6,1.3,3.3,2243.0,12.899999999999999,8.1
74270907,female,4487.0,9.3,11.1,11.6,48.9,50.9,2.1,31.7,9.9,7.0,7.2,6.6,5.7,6.1,6.2,3.9,3.7,4.2,2.7,2.4,2.6,5.1,21.1,70.1,1.5,7.2,21.1,97.1,56.5,1.8,28.5,11.7,4.2,2.9,99.0,1.0,0.3,0.0,0.0,99.9,0.2,5.5,26.2,0.0,9.3,46.5,34.9,7.0,0.0,0.0,2.3,43.0,11.9,7.699999999999999
74270907,male,4982.0,9.9,12.2,11.4,31.1,37.9,67.6,25.5,8.6,6.4,6.8,6.4,6.2,5.9,6.1,4.6,4.0,3.7,3.1,2.1,2.5,5.2,36.0,62.0,1.2,0.8,31.1,95.8,35.8,2.0,35.7,17.7,3.5,3.2,98.9,0.2,0.0,0.0,0.1,99.7,0.4,3.5,25.8,2.2,35.7,5.9,43.5,5.9,0.2,2.5,4.0,1666.0,11.4,7.7
74270909,female,7437.0,10.6,11.9,11.8,34.2,39.2,9.4,35.8,8.4,7.5,7.9,8.2,8.0,6.5,4.8,3.4,2.9,3.0,1.5,1.4,2.2,4.3,22.4,67.5,3.0,7.1,23.3,97.0,40.2,1.9,28.1,14.6,8.7,7.4,98.2,6.8,3.2,0.0,0.3,99.6,1.0,21.3,64.5,0.0,7.6,39.8,45.5,2.8,0.0,1.4,3.0,295.0,8.100000000000001,5.1
74270909,male,7758.0,10.6,12.0,11.2,24.1,33.1,71.7,18.0,8.3,6.1,6.7,7.1,7.6,7.6,6.6,4.6,3.0,3.1,1.9,1.7,1.9,3.8,33.2,64.8,1.3,0.8,29.6,96.5,27.9,1.5,28.8,19.2,12.3,5.1,99.0,5.7,3.8,0.1,0.2,100.0,0.9,19.9,62.4,0.8,12.3,38.1,42.7,2.1,0.0,1.4,2.5,3015.0,8.6,5.5
74270911,female,4552.0,9.0,10.3,10.6,50.9,52.4,2.1,64.7,9.3,5.4,5.8,7.1,7.5,7.2,5.5,5.3,4.1,4.1,2.7,2.4,3.6,7.5,18.1,70.6,1.8,9.5,21.4,96.3,58.3,1.2,30.9,10.0,3.8,1.7,99.0,1.6,0.4,0.0,0.0,99.9,0.3,10.1,40.7,0.0,0.0,37.5,58.3,4.2,0.0,0.0,0.0,24.0,12.799999999999999,8.7
74270911,male,5107.0,8.7,11.3,11.5,33.4,39.4,66.8,28.3,8.6,6.4,6.3,6.5,6.8,5.9,6.5,5.1,4.1,4.8,3.0,2.2,2.3,7.5,34.8,63.6,1.1,0.5,30.8,96.5,38.7,1.3,35.8,16.9,4.4,2.2,99.1,0.5,0.4,0.0,0.0,99.9,0.3,7.3,39.8,0.7,16.4,4.5,73.0,0.2,0.7,1.0,3.5,1675.0,12.3,7.5
74270913,female,7754.0,8.6,10.8,10.6,44.1,45.4,4.7,26.1,9.3,6.9,7.0,6.6,6.3,6.2,5.9,5.0,4.0,3.9,3.0,2.5,3.4,5.0,22.2,67.2,2.6,7.9,18.5,94.9,50.6,1.1,32.6,13.1,4.1,3.7,98.5,4.3,1.1,0.0,0.1,100.0,0.5,13.9,50.7,0.0,6.0,26.5,56.6,2.6,0.0,3.5,4.9,189.0,12.8,8.9
74270913,male,8573.0,9.9,10.1,11.3,29.6,33.6,74.3,13.0,9.0,6.8,6.7,6.7,5.8,6.3,7.2,5.1,3.5,3.7,3.0,2.3,2.6,3.8,38.5,59.1,1.7,0.6,31.4,98.7,34.2,1.1,34.9,21.4,5.4,3.7,99.2,2.4,0.7,0.0,0.0,100.0,0.3,10.5,46.0,2.1,27.2,3.8,59.6,2.3,0.8,2.5,1.6,3805.0,11.6,7.9
74270915,female,2743.0,9.3,10.4,12.0,53.1,52.6,2.3,54.5,9.1,5.3,6.3,6.7,6.3,5.9,6.3,5.0,4.0,3.4,3.4,2.7,4.0,8.8,18.9,68.7,2.4,10.0,20.9,98.4,62.2,1.9,31.4,9.6,3.6,1.0,99.4,2.4,0.1,0.0,0.0,100.0,0.2,4.5,18.9,0.0,15.0,5.0,60.0,20.0,0.0,0.0,0.0,20.0,13.5,10.1
74270915,male,2985.0,9.2,10.2,10.8,36.5,41.8,71.3,21.4,8.9,6.1,6.4,6.7,6.3,6.4,6.2,5.4,4.1,4.2,3.1,2.7,3.1,6.7,36.7,61.6,1.0,0.7,31.6,98.5,42.0,1.4,32.9,17.5,4.3,2.1,99.4,0.8,0.0,0.0,0.1,99.9,0.1,3.7,20.0,0.6,28.9,6.0,62.7,1.2,0.3,0.3,0.0,1168.0,13.1,8.9
74270919,female,4536.0,8.6,10.3,10.5,46.9,49.4,3.5,70.3,9.0,7.1,6.4,6.3,6.3,6.6,6.3,5.2,4.3,4.3,2.6,2.4,3.6,5.7,20.9,67.3,2.2,9.7,20.5,97.7,53.8,1.3,30.6,10.4,4.9,3.4,99.2,2.8,1.9,0.0,0.1,99.9,1.4,13.8,42.3,0.0,15.2,48.5,33.3,0.0,0.0,3.0,0.0,33.0,12.9,8.6
74270919,male,5050.0,8.3,10.4,11.2,26.6,34.5,71.6,23.5,9.5,7.1,7.1,5.9,5.6,6.3,6.7,5.8,3.7,4.3,3.0,2.5,2.7,6.2,39.0,58.7,1.5,0.8,31.8,99.4,30.8,1.3,32.4,20.1,6.3,5.4,99.3,1.3,1.2,0.0,0.1,99.7,1.0,11.7,42.3,0.7,23.8,5.4,64.6,0.8,0.5,1.2,3.1,1938.0,12.5,8.2
74310103,female,163354.0,6.1,7.7,8.2,22.9,28.6,20.7,31.7,7.5,7.6,6.9,7.1,6.8,7.1,6.6,6.3,5.4,5.8,4.0,3.2,3.9,5.3,28.6,53.7,6.3,11.4,25.8,96.4,25.3,1.4,23.6,16.8,17.1,12.6,98.9,2.1,0.6,0.2,0.1,99.8,0.4,23.9,64.8,1.4,11.7,30.4,52.5,0.9,0.4,0.9,1.8,18054.0,16.9,11.1
74310103,male,158227.0,6.7,8.3,8.9,10.8,17.6,62.9,24.2,8.0,7.2,6.5,6.9,6.8,7.1,6.3,6.1,5.3,5.5,4.2,3.3,3.0,5.1,41.4,54.8,2.6,1.3,33.5,96.7,12.0,1.7,27.2,20.7,20.3,12.5,99.0,2.0,0.6,0.2,0.1,99.8,0.4,22.7,64.0,3.0,28.1,16.7,45.0,0.7,1.1,2.6,2.9,57327.0,16.0,10.5
74310109,female,5883.0,6.9,8.7,9.6,28.5,32.6,20.3,53.7,8.9,8.3,7.4,6.4,6.4,6.4,6.8,5.8,5.0,4.5,3.3,2.5,3.1,5.6,29.7,53.5,3.9,12.9,25.3,95.3,32.0,1.6,26.2,18.0,11.7,10.1,98.8,1.4,0.2,0.0,0.1,99.9,0.1,17.5,55.4,0.9,9.9,41.7,45.3,1.1,0.0,1.1,0.0,414.0,13.4,8.9
74310109,male,5977.0,7.3,9.7,10.7,12.8,19.4,72.6,34.4,8.9,8.0,6.5,6.5,6.3,6.2,6.3,5.7,4.8,4.8,3.8,2.8,2.0,6.0,41.5,56.2,1.8,0.5,32.5,98.1,14.6,1.4,32.1,22.2,14.1,10.8,99.1,1.1,0.3,0.0,0.2,100.0,0.0,16.3,55.4,0.9,33.7,23.4,31.6,0.5,3.2,5.5,1.2,2054.0,13.399999999999999,8.6
74310111,female,12445.0,8.2,10.3,11.0,34.1,41.0,15.5,33.2,9.5,8.4,7.5,7.1,6.6,7.0,5.6,5.0,3.8,3.7,2.2,1.9,2.2,4.2,26.8,59.0,4.6,9.7,22.6,96.6,39.3,1.5,27.4,13.4,10.8,6.0,99.1,2.1,0.3,0.0,0.2,99.9,0.2,13.5,50.2,0.0,24.9,12.4,57.6,0.5,0.0,0.5,4.1,906.0,10.0,6.3
74310111,male,12151.0,8.6,10.6,11.5,20.1,30.7,71.8,14.1,9.5,8.0,6.1,6.3,6.8,6.4,6.3,5.7,4.0,4.1,2.4,2.1,1.8,4.6,37.8,59.4,1.8,0.9,31.0,96.4,22.9,1.5,33.7,16.8,10.8,6.6,99.1,1.9,0.3,0.0,0.1,99.6,0.4,11.9,47.6,2.5,48.1,8.2,27.7,1.2,1.4,5.4,5.6,5183.0,10.4,6.3
74310301,female,7357.0,8.0,9.8,10.7,48.8,51.3,4.0,33.9,9.0,7.7,6.5,6.2,6.4,5.7,5.3,5.0,4.3,4.8,3.0,3.1,4.5,6.0,21.8,64.8,2.3,11.1,23.8,95.3,55.9,1.1,26.3,12.3,4.9,4.1,99.1,0.8,0.1,0.1,0.1,99.5,0.8,12.4,37.0,0.0,14.7,26.9,34.4,21.1,0.0,0.0,2.8,140.0,15.4,10.6
74310301,male,8349.0,8.1,10.7,10.3,28.5,34.0,69.2,24.7,8.4,7.5,6.7,6.9,6.5,6.2,5.5,4.6,3.8,4.2,3.3,3.3,4.0,6.8,41.5,55.6,1.3,1.6,31.5,95.4,31.9,1.6,34.8,22.3,4.9,2.6,99.1,0.7,0.1,0.0,0.0,100.0,0.3,6.1,31.6,0.7,50.4,6.0,35.2,2.7,2.2,1.5,1.4,3077.0,14.8,10.6
74310302,female,4935.0,7.4,10.6,11.6,48.7,48.8,4.2,31.0,9.0,7.0,5.3,6.0,6.4,6.7,5.6,5.0,3.7,4.1,3.1,3.8,4.6,7.8,23.2,60.5,3.0,13.3,24.3,94.1,56.3,1.3,29.3,11.4,4.2,5.1,99.1,0.9,0.4,0.0,0.2,100.0,0.5,11.1,43.8,0.0,11.7,19.8,34.1,34.4,0.0,0.0,0.0,101.0,15.6,11.5
74310302,male,5514.0,8.3,9.6,10.2,24.0,28.8,64.9,27.5,9.5,6.7,6.1,5.6,6.6,6.5,6.3,6.0,3.9,3.8,3.4,3.0,4.3,6.7,42.3,54.3,1.7,1.7,34.4,98.9,27.2,1.5,39.6,22.7,4.8,2.6,99.2,0.4,0.1,0.0,0.1,99.9,0.0,6.6,34.4,1.0,48.9,5.6,27.3,3.4,0.6,1.0,12.2,1865.0,14.5,10.7
74310303,female,5385.0,8.9,11.1,10.9,43.9,44.4,4.3,52.9,9.4,6.6,6.1,5.7,5.9,5.7,5.3,5.0,3.8,4.2,3.6,3.4,4.3,8.7,23.6,59.3,2.4,14.7,20.4,97.5,50.7,2.9,30.9,11.9,7.1,2.9,99.3,0.1,0.0,0.1,0.0,100.0,0.0,9.1,34.4,0.0,4.2,11.3,76.0,8.6,0.0,0.0,0.0,75.0,15.5,11.3
74310303,male,5474.0,8.4,10.9,10.9,25.8,29.9,63.9,23.2,9.4,7.4,6.4,6.2,5.8,5.9,6.1,5.1,3.6,4.3,3.4,2.7,3.5,8.2,41.8,56.4,1.1,0.8,28.9,95.6,29.7,3.0,37.2,20.5,7.3,2.1,98.7,0.3,0.0,0.0,0.1,99.8,0.2,5.0,29.2,0.6,31.6,3.7,59.4,0.2,3.1,1.0,0.3,1874.0,13.899999999999999,9.6
74310305,female,6590.0,8.8,10.4,10.8,47.1,47.8,4.2,58.1,9.1,6.9,5.9,5.7,6.1,5.1,5.4,5.1,4.2,5.1,3.8,3.0,4.5,6.2,24.8,58.4,2.8,13.9,22.7,93.9,54.3,2.0,28.6,11.8,7.1,2.8,98.6,0.7,0.3,0.0,0.0,100.0,0.2,4.8,38.3,0.0,0.0,31.0,64.1,4.9,0.0,0.0,0.0,81.0,16.4,11.3
74310305,male,7140.0,8.3,10.4,10.8,25.2,29.9,68.3,26.3,8.9,7.7,6.7,6.8,5.8,6.0,5.5,4.9,4.4,4.4,3.5,2.4,3.4,7.1,41.7,55.2,2.1,1.1,32.1,95.9,28.9,1.6,35.1,23.1,8.0,2.2,99.2,0.0,0.1,0.0,0.1,100.0,0.0,2.5,33.3,2.0,31.5,4.8,44.0,3.3,3.8,7.1,3.4,2533.0,13.700000000000001,9.3
74310307,female,6288.0,7.2,9.7,10.7,50.7,48.2,6.7,44.6,9.2,7.6,5.4,5.6,5.9,5.2,6.1,5.6,4.6,5.1,4.2,3.1,4.9,7.4,27.0,57.3,2.3,13.4,24.2,97.9,58.0,1.6,27.1,10.5,7.1,5.5,99.2,0.2,0.2,0.1,0.0,99.7,0.5,10.3,48.0,0.0,16.8,5.1,72.2,2.9,3.0,0.0,0.0,170.0,17.3,12.200000000000001
74310307,male,6521.0,7.9,9.2,10.0,30.3,29.3,65.4,27.8,9.6,7.1,6.8,6.3,6.6,6.3,5.4,5.2,4.6,4.8,3.7,2.7,3.8,5.7,44.2,54.0,0.7,1.1,32.7,96.9,34.1,2.2,36.4,19.1,9.9,3.2,99.7,0.0,0.1,0.0,0.0,99.9,0.1,4.8,33.7,1.8,34.5,3.2,51.7,4.2,2.9,1.3,0.4,2247.0,15.0,10.2
74310309,female,8427.0,9.8,11.9,12.0,54.8,55.1,5.9,37.3,9.5,6.6,6.3,6.7,5.9,5.7,4.4,4.6,3.5,4.0,3.1,2.5,3.5,5.4,19.5,67.7,1.9,10.9,22.0,90.7,64.3,1.5,28.7,9.6,3.4,1.7,98.8,0.5,0.1,0.0,0.0,99.8,0.2,5.6,44.8,0.0,12.4,10.8,20.0,52.8,0.0,1.7,2.3,208.0,13.1,9.1
74310309,male,9570.0,8.8,11.0,11.0,35.9,44.0,72.7,11.2,10.0,7.9,7.4,7.4,6.3,5.7,4.9,3.9,3.3,3.7,2.9,2.5,3.1,4.3,42.5,55.5,1.1,0.9,32.0,93.0,41.0,1.7,30.2,18.8,4.0,1.2,98.8,0.0,0.0,0.0,0.0,99.9,0.1,2.3,38.3,0.9,47.5,2.4,29.9,3.4,2.5,2.2,11.2,4276.0,12.2,8.5
74310311,female,4939.0,8.6,10.8,12.5,53.4,52.6,2.4,68.1,9.1,6.2,4.9,6.3,6.0,5.6,5.3,4.8,4.2,4.6,3.5,3.2,4.4,6.9,20.3,66.5,2.1,11.2,23.1,96.7,62.9,2.9,28.8,9.4,3.6,2.7,98.2,0.8,0.4,0.0,0.0,99.7,0.7,12.0,45.3,0.0,0.0,83.2,16.8,0.0,0.0,0.0,0.0,26.0,15.700000000000001,11.100000000000001
74310311,male,5504.0,8.8,10.4,10.9,32.0,35.9,68.8,21.1,9.3,7.7,6.6,6.4,6.1,5.5,5.7,4.5,3.6,4.2,3.9,3.0,3.3,6.1,40.2,57.7,1.6,0.5,32.0,97.4,37.0,3.8,34.7,18.6,4.6,2.4,98.4,0.4,0.0,0.1,0.2,100.0,0.0,6.1,38.0,0.5,21.2,8.5,55.2,2.3,2.5,6.5,3.3,2089.0,14.399999999999999,10.2
74310313,female,4636.0,8.1,10.2,11.0,49.6,50.3,7.0,73.4,8.0,6.6,5.4,5.9,6.1,5.3,5.8,5.0,4.7,5.0,3.8,3.1,5.9,7.8,22.3,60.5,2.8,14.4,21.7,98.5,57.1,1.6,27.0,11.6,5.6,4.0,99.4,0.4,0.0,0.0,0.0,99.8,0.4,13.5,45.6,1.6,3.3,42.6,47.5,1.6,3.3,0.0,0.0,61.0,17.8,12.8
74310313,male,4891.0,8.3,10.0,10.7,31.0,35.4,67.4,34.7,9.4,7.6,5.5,5.6,5.9,5.4,6.5,5.4,4.2,4.4,3.9,3.0,4.1,7.1,41.6,56.0,1.4,1.0,32.8,98.0,35.4,1.7,32.6,19.7,7.3,3.4,99.3,0.3,0.0,0.0,0.0,99.9,0.1,8.2,39.0,0.8,39.9,5.9,47.1,2.0,2.6,0.7,1.1,1530.0,15.4,11.0
74310315,female,7949.0,9.4,11.0,11.8,54.4,54.2,2.0,45.8,10.2,6.8,6.2,6.3,5.4,5.6,5.3,4.8,3.5,4.0,2.7,3.0,3.9,6.1,19.9,67.1,2.1,10.9,21.3,92.6,63.3,2.4,29.7,8.2,3.9,1.6,99.2,1.0,0.3,0.0,0.1,99.9,1.1,3.8,36.0,0.0,0.0,10.8,72.8,16.3,0.0,0.0,0.0,58.0,13.6,9.6
74310315,male,9248.0,8.9,10.6,11.3,36.1,40.3,63.4,20.6,9.4,8.4,7.8,7.2,6.2,5.7,4.7,4.0,3.4,3.8,2.8,2.5,3.4,6.1,43.5,53.7,1.3,1.5,32.9,95.9,41.3,2.1,35.0,17.2,3.6,1.8,99.4,0.3,0.3,0.0,0.0,100.0,0.3,3.2,30.5,1.0,25.7,4.7,54.8,1.8,4.4,4.1,3.5,3221.0,12.5,8.7
74310701,female,5046.0,8.5,10.5,10.9,54.2,57.0,3.3,14.7,9.7,6.3,5.4,6.2,5.6,6.3,5.6,5.0,3.7,4.6,3.5,3.9,4.3,5.3,20.5,63.9,3.2,12.4,20.1,95.6,62.7,0.5,32.4,7.1,2.2,0.8,98.0,0.0,0.0,0.0,0.0,99.2,0.5,2.3,27.4,0.0,9.6,20.6,64.1,0.0,0.0,0.0,5.6,100.0,16.3,11.7
74310701,male,5332.0,8.4,10.5,11.3,41.6,50.1,68.7,9.0,8.5,7.5,5.3,6.0,6.1,6.2,5.9,4.9,3.5,4.3,3.5,3.4,4.7,4.9,36.3,62.3,0.3,1.1,30.1,94.3,48.1,1.0,34.0,10.9,2.8,1.2,99.2,0.0,0.0,0.0,0.0,100.0,0.0,1.9,23.4,0.0,44.8,4.4,40.7,3.7,0.5,1.1,4.9,2324.0,15.899999999999999,11.600000000000001
74310703,female,10977.0,8.2,11.0,11.6,57.9,55.6,2.6,17.9,10.0,5.7,5.5,5.9,6.4,5.6,4.9,4.9,3.9,4.6,3.4,3.2,5.2,6.4,20.8,66.7,1.1,11.4,21.2,94.0,66.6,2.1,30.4,7.4,2.8,1.8,99.5,0.5,0.2,0.0,0.0,100.0,0.0,6.3,40.8,0.0,5.8,21.6,59.3,13.2,0.0,0.0,0.0,165.0,16.4,11.8
74310703,male,12130.0,8.3,10.5,12.0,36.9,45.2,69.0,15.0,8.9,7.7,5.9,6.1,6.3,5.7,5.3,4.7,4.1,3.8,3.4,3.3,4.1,6.7,39.7,56.6,2.2,1.5,31.7,96.3,42.9,1.6,34.7,13.6,3.4,1.5,99.5,0.2,0.0,0.0,0.0,99.9,0.1,2.8,31.6,1.0,34.4,5.6,48.0,2.6,2.2,1.8,4.4,4922.0,14.6,10.799999999999999
74310705,female,7847.0,8.6,9.3,10.3,49.0,53.5,6.1,15.8,8.2,7.7,5.8,6.4,6.4,6.4,5.8,5.2,4.1,4.5,3.5,3.5,4.2,3.5,22.4,63.3,2.6,11.7,23.0,94.7,55.9,1.0,25.5,9.6,6.4,4.0,98.3,0.5,0.0,0.0,0.2,100.0,0.0,8.1,35.1,0.0,19.6,11.1,34.8,1.5,4.1,0.0,28.8,291.0,15.7,11.2
74310705,male,8844.0,8.3,9.1,10.2,27.8,34.6,67.3,8.9,8.7,8.0,6.6,7.0,6.5,6.3,6.0,5.0,4.4,4.1,3.2,3.0,3.6,5.4,42.3,55.5,1.1,1.1,32.9,93.3,31.5,1.1,33.3,19.9,7.9,3.3,99.1,0.2,0.0,0.0,0.3,99.9,0.1,4.7,28.1,0.8,43.7,3.8,41.0,0.8,1.6,1.0,7.4,3927.0,13.9,9.8
74310707,female,5487.0,9.1,10.2,11.6,57.5,58.7,3.4,55.9,10.6,6.8,5.4,6.3,6.3,5.2,5.4,4.6,4.0,4.2,3.0,2.9,4.4,5.5,20.6,66.8,2.4,10.2,22.4,92.5,66.2,0.5,27.7,8.0,3.5,1.6,98.7,0.3,0.2,0.1,0.0,100.0,0.0,2.8,17.5,0.0,0.0,35.1,57.4,7.5,0.0,0.0,0.0,57.0,14.5,10.3
74310707,male,6536.0,7.7,10.1,11.8,42.3,46.2,71.2,19.3,9.7,8.8,7.8,7.2,6.4,5.3,4.5,4.0,3.8,3.8,2.6,2.4,4.2,5.7,43.2,54.4,1.5,0.9,31.2,88.7,48.4,1.8,31.5,15.4,3.9,1.2,98.9,0.0,0.0,0.0,0.0,100.0,0.0,1.8,12.1,0.4,23.7,4.2,64.3,0.2,0.4,0.6,6.2,2643.0,13.0,9.2
74310709,female,7502.0,8.6,9.7,10.6,47.8,52.0,3.1,29.7,9.5,6.6,6.2,6.4,6.3,6.1,6.0,4.9,3.7,4.2,3.8,3.2,4.3,4.1,18.5,68.0,1.7,11.8,21.6,96.2,54.8,1.4,30.4,9.0,4.9,2.3,99.6,0.4,0.0,0.0,0.0,99.7,0.1,12.5,52.6,0.0,24.0,17.0,48.2,4.3,0.0,6.5,0.0,118.0,15.5,11.3
74310709,male,8324.0,8.1,10.0,10.0,34.0,39.7,71.3,9.1,8.7,7.4,6.3,7.3,6.6,6.6,5.7,4.7,4.2,3.9,3.4,3.2,3.8,5.1,36.5,60.9,1.6,1.0,31.4,97.6,38.5,2.5,33.1,13.9,6.7,4.1,99.5,0.1,0.1,0.0,0.1,99.9,0.0,11.4,54.6,2.6,45.3,5.1,39.1,3.2,0.5,3.3,1.0,3877.0,14.3,10.399999999999999
74310711,female,10402.0,9.3,10.9,11.5,52.8,54.6,4.0,12.4,9.1,6.6,6.0,5.8,5.7,6.2,5.5,4.6,3.7,3.8,3.5,3.4,4.5,8.2,18.4,68.0,1.9,11.8,21.0,96.2,61.1,1.4,30.4,8.9,3.2,1.6,99.3,0.5,0.1,0.0,0.0,99.9,0.3,6.9,42.9,0.0,12.6,18.1,63.1,2.0,2.1,0.0,2.0,252.0,15.2,11.4
74310711,male,11591.0,8.2,9.8,11.0,32.1,42.3,70.1,20.4,9.0,8.1,7.4,6.7,6.7,5.9,5.5,4.9,3.3,3.7,3.0,2.7,4.1,6.4,40.8,55.9,2.1,1.2,31.7,96.6,36.8,1.1,34.3,15.8,4.6,1.9,99.4,0.0,0.1,0.0,0.1,99.7,0.1,5.4,38.1,1.4,35.2,3.8,51.5,1.4,1.8,1.7,3.3,4596.0,13.5,9.8
74310713,female,7763.0,8.6,9.9,10.1,51.5,54.0,5.0,24.6,9.4,7.4,6.0,5.7,5.8,5.9,5.8,5.2,4.2,4.6,3.4,3.2,4.7,5.4,21.4,65.1,1.7,11.8,22.4,95.6,58.5,1.9,29.5,8.5,3.7,2.4,98.9,0.8,0.1,0.0,0.2,99.8,0.5,6.9,37.0,0.0,16.6,4.4,56.9,16.7,0.0,0.0,5.4,209.0,15.899999999999999,11.3
74310713,male,8694.0,7.8,9.7,9.9,33.4,41.1,72.4,16.5,9.2,7.8,7.1,7.2,6.2,5.7,5.3,4.9,3.9,4.6,3.4,2.9,4.4,5.8,41.3,55.3,1.8,1.5,31.2,94.6,37.5,2.4,32.7,16.3,5.1,2.4,98.1,0.3,0.1,0.0,0.0,100.0,0.1,4.7,34.2,0.3,29.3,4.1,52.9,2.6,1.7,1.3,7.7,3814.0,15.3,10.7
74310901,female,14806.0,9.6,11.0,11.2,43.1,46.1,7.0,28.1,9.4,8.6,6.7,6.6,6.0,5.4,4.9,4.7,4.2,3.7,2.9,2.3,3.0,6.7,24.8,63.3,2.5,9.4,22.8,96.0,49.6,1.9,28.5,11.7,6.8,5.0,98.8,0.4,0.1,0.0,0.0,99.8,0.2,13.5,39.7,0.2,22.3,20.7,37.8,18.4,0.0,0.4,0.2,509.0,11.899999999999999,8.2
74310901,male,16061.0,9.3,10.7,11.0,26.6,35.0,73.6,17.5,9.5,9.1,7.2,7.0,6.8,5.5,4.7,4.5,3.6,3.6,2.7,2.2,2.6,5.5,42.4,55.8,1.1,0.7,31.9,96.7,30.6,1.9,30.2,20.0,7.4,5.5,99.0,0.2,0.0,0.0,0.0,99.5,0.5,8.8,36.0,4.0,16.7,4.7,68.8,2.3,1.0,2.3,0.3,6729.0,11.1,7.5
74310903,female,5619.0,9.0,10.0,11.2,50.8,52.1,4.3,52.9,9.2,7.0,6.2,5.8,6.0,5.6,6.0,5.2,3.8,4.4,3.3,2.9,4.5,7.1,21.8,63.3,1.9,13.0,22.7,94.2,58.6,1.8,25.4,11.1,5.9,3.7,99.5,0.4,0.0,0.0,0.1,100.0,0.0,4.6,24.0,0.0,11.9,5.1,83.0,0.0,0.0,0.0,0.0,79.0,15.1,10.7
74310903,male,6330.0,7.3,10.3,11.2,29.9,32.7,65.1,20.8,9.1,8.1,6.8,6.4,6.3,6.3,6.1,5.1,3.6,3.7,3.1,3.1,3.5,7.0,44.3,52.9,1.4,1.4,33.7,97.6,34.5,1.3,38.4,18.3,6.5,2.9,99.0,0.5,0.1,0.0,0.1,100.0,0.1,2.8,14.1,1.1,44.4,1.9,46.8,1.6,1.4,1.2,1.5,2323.0,13.4,9.7
74310905,female,6592.0,10.0,10.5,12.3,52.6,54.1,1.0,13.6,9.6,8.5,5.8,5.7,6.5,5.9,5.0,4.9,3.6,3.7,2.4,2.5,3.0,5.8,19.3,68.2,0.9,11.6,21.2,95.8,61.0,1.4,32.1,8.3,2.6,1.6,99.1,0.2,0.1,0.1,0.0,99.7,0.3,1.6,28.9,0.0,19.9,35.9,44.2,0.0,0.0,0.0,0.0,38.0,11.6,7.9
74310905,male,7684.0,8.4,10.4,10.8,33.4,39.3,73.7,11.5,9.8,9.5,7.6,7.1,6.4,5.6,4.9,4.6,3.6,3.6,3.0,2.0,2.7,5.8,41.4,56.6,0.9,1.1,29.6,94.9,38.2,1.4,37.6,16.4,3.8,1.5,98.8,0.3,0.1,0.0,0.0,99.9,0.1,2.4,23.9,0.4,12.6,4.7,79.0,1.6,0.1,0.5,1.0,3526.0,11.3,7.7
74310907,female,13929.0,9.0,10.7,11.3,43.8,46.2,4.2,26.2,9.7,7.8,6.2,6.1,6.5,6.4,5.4,4.8,3.7,3.9,2.7,2.4,3.3,5.3,20.3,67.2,2.4,10.1,19.9,96.5,50.9,1.8,31.9,11.8,4.9,3.4,99.2,0.2,0.1,0.1,0.1,99.8,0.3,6.7,33.1,0.3,12.0,12.1,64.6,4.9,0.0,0.0,6.1,297.0,12.3,8.399999999999999
74310907,male,15801.0,8.5,10.2,10.5,26.4,31.2,66.9,15.7,9.6,8.5,7.2,6.6,6.2,6.0,5.5,4.9,4.2,4.1,3.0,2.4,2.7,6.3,41.1,56.4,1.4,1.0,30.4,94.6,29.9,1.5,37.0,22.0,5.1,3.1,99.4,0.3,0.1,0.0,0.1,99.8,0.1,4.2,31.5,1.1,28.5,4.6,57.2,2.2,1.4,1.8,3.3,6303.0,12.2,8.100000000000001
74310909,female,7291.0,8.7,10.1,11.4,49.5,50.1,3.3,32.7,9.2,6.7,5.6,5.8,5.5,6.0,6.2,5.2,4.1,4.1,3.7,2.7,4.9,6.4,22.5,60.8,3.1,13.6,20.8,96.9,57.1,1.5,28.9,11.5,4.1,3.9,98.5,0.3,0.1,0.0,0.0,99.8,0.1,13.9,54.8,0.0,0.0,18.8,81.2,0.0,0.0,0.0,0.0,112.0,15.4,11.3
74310909,male,8064.0,7.9,10.1,11.0,31.4,35.3,71.0,33.7,9.0,8.6,6.9,6.0,6.2,5.6,6.0,5.5,3.7,3.8,3.0,2.8,3.9,6.1,43.0,53.3,2.1,1.6,33.0,97.5,36.1,2.0,33.8,19.8,6.6,2.5,99.1,0.3,0.1,0.0,0.1,100.0,0.0,9.1,51.0,1.1,24.8,6.1,60.6,2.8,1.1,3.3,0.3,2695.0,13.5,9.7
74310915,female,8558.0,9.2,10.6,11.4,46.7,49.7,4.8,14.2,8.8,7.9,6.4,6.5,6.3,5.7,5.1,4.9,3.8,4.1,2.9,2.8,3.6,3.5,20.9,68.0,2.1,9.0,22.1,90.4,53.9,1.0,31.6,9.8,5.2,2.7,98.5,0.2,0.1,0.0,0.1,99.7,0.2,4.8,26.7,1.8,43.2,7.5,20.3,27.2,0.0,0.0,0.0,242.0,13.4,9.299999999999999
74310915,male,9576.0,8.7,10.1,10.1,26.9,33.5,70.5,8.3,9.1,7.7,6.8,7.5,6.8,6.3,5.6,4.4,3.7,4.1,3.1,2.5,3.4,4.6,40.2,57.5,0.9,1.4,32.2,93.6,30.4,1.4,38.3,18.9,6.1,1.8,98.6,0.3,0.0,0.0,0.1,99.7,0.4,3.4,25.4,2.1,27.2,2.4,62.7,0.8,0.9,1.3,2.5,4396.0,13.1,9.0
75850107,female,13003.0,7.7,9.1,9.9,33.2,37.9,12.4,39.5,8.6,8.4,8.0,7.0,6.5,6.6,5.7,5.2,4.1,4.6,3.0,2.6,3.0,4.7,25.9,59.9,4.4,9.9,23.2,97.6,37.6,1.3,24.9,15.3,10.3,10.3,99.1,2.6,0.8,0.0,0.2,99.9,0.9,15.7,50.4,0.6,10.5,60.5,24.3,2.8,0.7,0.0,0.6,715.0,13.2,8.6
75850107,male,13011.0,8.7,10.3,10.8,15.7,23.3,71.4,28.3,8.4,7.3,6.6,7.2,6.8,6.5,5.6,5.3,4.0,4.0,3.5,2.7,2.3,5.1,38.4,58.9,1.9,0.7,31.6,96.8,17.8,2.5,30.0,23.2,10.9,10.2,99.0,2.0,0.6,0.0,0.1,99.8,1.0,11.1,45.4,1.3,38.7,21.7,23.6,0.7,1.5,3.3,9.2,4672.0,12.5,8.5
75850113,female,33861.0,6.6,8.7,9.1,26.7,32.2,14.7,39.6,7.3,6.8,6.7,7.3,7.1,7.0,5.9,5.5,5.1,6.1,4.4,3.0,3.5,5.2,28.5,54.9,5.9,10.7,24.9,96.0,29.8,1.2,24.6,18.0,14.8,9.2,99.2,3.0,0.9,0.1,0.1,99.9,0.7,21.2,58.4,1.7,13.5,35.5,44.0,0.7,0.2,1.7,2.7,2280.0,17.0,10.9
75850113,male,31741.0,7.2,10.0,10.0,11.2,19.3,61.0,31.3,7.9,6.2,5.7,6.5,6.8,7.8,6.2,5.1,4.1,4.7,4.6,4.2,2.9,4.9,38.3,58.2,2.4,1.1,33.7,94.2,12.5,1.6,28.4,23.3,17.5,9.8,99.3,2.6,0.5,0.1,0.1,100.0,0.6,19.3,59.4,2.9,29.8,18.7,40.1,0.7,0.6,3.0,4.2,9656.0,16.4,11.700000000000001
75850507,female,10379.0,9.2,11.5,12.9,52.8,52.9,3.6,27.8,10.2,6.3,6.4,6.2,6.5,6.0,5.2,4.1,3.4,3.8,2.8,2.1,3.4,5.1,20.4,68.6,1.4,9.7,21.5,93.9,62.6,2.4,28.9,10.0,3.0,2.8,99.3,0.9,0.1,0.0,0.0,99.8,0.4,7.9,45.3,0.0,9.9,31.8,58.3,0.0,0.0,0.0,0.0,179.0,12.1,8.3
75850507,male,11697.0,8.9,10.7,12.1,35.1,40.8,72.8,23.7,9.3,7.1,7.5,7.3,7.0,6.0,5.0,4.2,3.4,3.7,3.3,2.1,2.4,4.9,39.4,58.2,1.5,0.9,30.4,95.6,40.8,2.5,33.7,17.5,3.6,1.9,99.5,0.2,0.0,0.0,0.0,100.0,0.0,4.9,41.2,0.3,27.4,5.2,61.7,0.8,0.3,0.8,3.3,4435.0,11.5,7.800000000000001
75850509,female,9199.0,10.2,11.4,12.4,52.1,52.4,6.5,17.2,9.9,6.9,5.9,5.5,5.8,5.4,5.2,4.5,3.8,4.1,2.9,2.6,3.4,5.0,22.2,64.4,1.6,11.8,22.4,94.9,61.7,2.6,27.4,10.6,4.0,3.0,98.9,0.8,0.2,0.0,0.2,100.0,0.0,4.8,36.7,0.0,60.2,1.2,33.2,3.4,0.0,2.0,0.0,326.0,13.0,8.9
75850509,male,10191.0,9.5,10.7,11.6,31.2,37.3,76.1,13.2,9.3,8.5,7.5,7.2,6.0,5.7,4.8,4.1,3.3,3.7,2.8,2.3,2.9,4.7,40.4,57.8,1.1,0.6,30.9,96.6,36.3,3.0,33.9,17.3,6.0,2.5,98.9,0.0,0.1,0.1,0.1,100.0,0.0,4.4,28.3,0.3,36.1,3.7,57.2,1.0,0.4,1.1,0.1,4587.0,11.700000000000001,8.0
75850511,female,9254.0,10.1,12.1,12.9,51.5,51.6,1.4,8.3,10.2,6.8,6.4,6.1,6.2,5.6,4.6,4.5,3.3,3.4,2.8,2.1,2.7,4.5,20.7,67.7,2.1,9.4,22.5,95.7,61.3,2.2,30.9,10.8,2.4,2.1,99.0,0.6,0.1,0.0,0.0,100.0,0.0,4.7,28.4,0.0,22.6,26.5,42.3,8.6,0.0,0.0,0.0,77.0,11.0,7.6000000000000005
75850511,male,10500.0,9.7,11.8,12.2,32.2,38.7,73.8,11.6,10.3,7.9,7.7,6.9,5.5,5.9,4.8,4.2,3.2,3.3,2.6,2.0,2.0,4.7,40.4,57.8,1.2,0.5,30.4,98.8,37.7,3.4,34.7,19.2,2.4,1.6,99.0,0.1,0.1,0.0,0.1,99.9,0.0,2.1,22.3,0.1,42.7,4.2,49.7,1.3,1.0,0.7,0.2,4544.0,9.9,6.6
75850517,female,9615.0,10.6,12.9,12.9,52.5,53.7,3.6,24.3,10.2,7.0,6.6,6.3,5.9,5.1,5.0,4.0,3.0,3.5,2.5,1.8,2.4,5.2,20.5,69.2,1.0,9.3,21.4,93.3,62.0,1.5,33.4,8.1,1.5,1.8,96.8,0.9,0.1,0.0,0.0,100.0,0.3,7.7,44.2,0.0,15.7,34.6,28.1,21.6,0.0,0.0,0.0,167.0,10.2,6.699999999999999
75850517,male,10675.0,10.0,11.7,12.2,35.6,41.1,75.2,9.8,10.1,8.1,8.1,7.0,5.5,5.8,5.1,4.1,2.7,2.9,2.7,1.8,2.2,4.8,39.5,59.0,1.1,0.4,28.3,94.1,41.5,2.6,38.7,12.7,2.5,2.4,98.3,0.3,0.0,0.0,0.0,99.9,0.2,7.3,44.9,0.9,36.3,4.6,51.2,1.1,1.0,2.3,2.5,4788.0,9.6,6.7
75850701,female,3282.0,8.0,11.1,11.3,50.2,49.8,7.4,31.5,10.4,5.9,5.6,6.4,6.3,6.9,4.6,5.1,4.1,4.8,3.3,2.6,3.7,3.8,23.8,63.3,3.1,9.8,21.5,98.0,58.3,2.9,27.4,12.6,4.3,3.0,99.3,0.9,0.1,0.1,0.0,99.6,0.3,21.5,69.2,0.9,8.7,13.0,43.5,33.0,0.0,0.0,0.9,115.0,14.399999999999999,9.600000000000001
75850701,male,3492.0,9.4,11.4,13.0,28.5,33.5,73.4,26.8,8.7,7.5,6.2,6.3,6.0,6.0,5.8,4.6,4.0,3.8,2.8,2.1,2.6,3.6,40.0,57.9,1.3,0.8,31.5,98.5,33.9,2.5,37.5,19.8,4.3,2.3,99.6,0.3,0.1,0.0,0.1,99.8,0.2,11.6,64.7,2.0,25.5,5.0,57.6,0.9,1.9,5.7,1.4,1243.0,11.299999999999999,7.5
75850703,female,8461.0,7.7,9.9,10.2,43.5,44.9,7.6,43.0,8.2,6.5,6.0,6.4,6.1,6.9,5.9,5.5,4.9,5.0,3.9,3.1,4.1,7.5,22.5,58.8,5.8,12.9,22.4,98.5,49.2,2.0,28.8,13.5,7.1,3.7,99.2,1.9,0.3,0.0,0.1,99.7,0.5,11.4,47.2,2.1,10.3,18.4,52.5,13.0,0.0,1.9,1.9,263.0,16.1,11.1
75850703,male,8809.0,8.1,9.9,10.5,25.8,29.2,67.9,34.8,8.9,7.6,6.6,6.7,6.4,6.3,5.6,5.0,4.7,4.8,3.7,2.7,2.4,6.0,41.5,54.5,3.1,0.9,32.3,97.9,29.3,2.5,34.6,22.5,8.4,2.7,99.3,0.4,0.2,0.0,0.1,99.9,0.1,7.0,44.9,0.1,24.8,6.7,54.0,0.5,1.7,0.9,11.3,2787.0,13.6,8.8
75850705,female,6914.0,8.5,10.5,12.1,49.4,50.4,2.9,41.9,9.5,7.0,5.5,6.0,6.2,5.8,6.0,4.9,3.9,4.3,3.2,2.4,4.2,5.5,21.7,63.7,3.2,11.4,20.2,95.6,57.7,1.6,30.3,10.5,4.6,2.6,98.1,0.8,0.1,0.0,0.0,99.7,0.2,8.5,38.4,0.0,25.5,32.0,36.7,0.0,0.0,0.0,5.8,80.0,14.100000000000001,9.8
75850705,male,7730.0,8.6,10.8,11.8,28.0,34.0,65.9,22.3,10.2,7.4,7.0,7.1,5.2,5.8,5.4,4.8,4.0,3.6,3.4,2.5,2.4,5.8,40.5,57.4,1.7,0.5,31.4,95.1,32.3,2.0,35.1,20.9,5.6,2.4,98.5,0.7,0.1,0.0,0.0,100.0,0.1,5.3,34.6,0.4,20.2,5.7,59.9,0.7,0.6,0.4,12.1,2725.0,11.9,8.3
75850713,female,7215.0,9.3,12.2,11.6,56.1,55.2,4.9,16.0,9.0,6.3,5.8,6.5,6.3,6.0,4.8,4.6,3.9,4.2,3.3,2.9,3.4,5.3,20.7,66.2,2.7,10.4,20.3,94.4,65.4,2.3,28.4,10.6,2.2,1.2,96.8,0.5,0.1,0.0,0.1,99.8,0.2,4.3,30.9,0.0,0.0,13.2,86.8,0.0,0.0,0.0,0.0,199.0,13.8,9.6
75850713,male,7403.0,9.7,11.8,12.8,37.1,41.6,67.9,22.2,9.1,7.1,6.1,6.3,6.5,5.5,5.4,3.9,3.9,3.6,3.2,2.1,3.1,5.6,38.2,59.9,1.1,0.8,30.4,92.5,43.2,3.6,35.7,16.4,1.9,0.7,96.3,0.2,0.0,0.0,0.1,99.7,0.1,2.4,27.4,0.2,26.5,2.0,66.3,1.0,0.0,1.1,2.8,2565.0,12.0,8.4
75850715,female,9145.0,9.8,12.1,12.4,56.2,55.5,2.5,25.6,9.0,6.3,6.4,6.8,6.0,6.1,4.8,4.2,3.8,3.7,3.0,2.4,3.2,3.8,18.8,68.4,2.4,10.4,20.3,97.3,66.4,2.5,27.9,10.3,2.2,1.6,97.4,1.1,0.1,0.0,0.0,99.8,0.0,6.6,38.0,0.0,9.0,31.2,34.4,25.4,0.0,0.0,0.0,112.0,12.3,8.600000000000001
75850715,male,9943.0,10.3,12.2,12.1,36.5,40.4,72.7,16.6,9.2,7.1,6.5,6.4,6.1,5.9,5.0,4.0,3.8,3.3,3.3,2.5,2.2,4.3,39.7,58.4,1.1,0.7,31.7,97.0,42.5,3.1,34.8,16.4,3.8,1.6,97.6,0.3,0.1,0.0,0.2,100.0,0.0,4.0,32.6,0.1,29.5,4.3,61.7,3.1,0.5,0.5,0.3,3939.0,11.3,8.0
82010101,female,14367.0,7.8,9.6,11.4,21.1,28.9,9.6,27.4,8.8,7.8,7.0,7.3,6.9,7.3,6.4,5.5,4.3,3.8,2.4,1.7,2.1,3.7,26.4,60.0,4.2,9.3,24.8,97.4,24.4,2.3,28.8,18.6,11.9,9.4,98.4,8.4,11.7,0.1,0.5,99.4,4.3,16.4,48.1,0.0,4.4,60.8,34.2,0.0,0.0,0.0,0.7,714.0,10.0,6.199999999999999
82010101,male,14509.0,8.7,10.5,10.9,7.9,17.7,62.5,20.6,9.4,7.5,6.1,6.7,6.2,6.4,6.2,5.6,4.1,4.6,2.9,2.2,2.0,4.0,39.1,59.0,1.5,0.5,32.1,97.7,9.1,2.6,29.0,22.7,14.3,13.8,98.1,9.0,10.9,0.0,0.4,99.4,4.0,20.8,55.1,2.3,24.2,28.1,36.1,0.8,1.6,2.0,5.0,5032.0,11.7,7.1
82010103,female,6502.0,8.2,9.1,10.6,23.6,30.6,10.2,28.8,8.7,7.6,6.6,7.3,6.7,6.9,5.6,5.9,4.3,4.0,2.8,2.2,3.7,3.7,28.2,55.5,6.0,10.3,24.1,96.5,27.0,1.4,28.7,18.8,11.6,8.8,91.2,11.3,19.3,0.4,0.0,99.6,1.3,14.0,51.3,0.0,8.2,29.1,56.7,4.4,1.7,0.0,0.0,341.0,12.7,8.7
82010103,male,6012.0,9.2,11.4,11.4,11.3,22.1,60.5,9.7,9.1,6.3,6.2,6.4,5.6,5.6,6.1,5.4,4.5,4.4,3.5,2.2,2.8,3.0,37.0,61.5,1.3,0.3,31.6,94.4,13.1,1.5,28.7,24.6,15.4,7.7,94.1,12.3,16.8,0.1,0.1,99.5,1.8,12.5,56.8,1.4,20.9,25.4,45.4,2.2,0.0,2.6,2.0,2233.0,12.900000000000002,8.5
82010105,female,48818.0,7.4,9.2,10.0,16.1,23.0,15.9,34.9,8.7,8.1,7.0,7.0,6.8,7.2,6.8,5.9,4.6,4.2,2.7,2.0,2.4,3.1,28.0,59.8,4.7,7.5,25.6,97.2,18.2,2.6,25.4,17.6,16.1,15.2,98.5,11.2,18.8,0.3,0.1,99.8,1.9,26.9,64.2,1.0,7.9,53.2,35.3,0.7,0.3,0.4,1.2,3709.0,11.3,7.1
82010105,male,46906.0,8.2,9.9,11.0,5.0,13.5,60.7,18.7,9.3,6.9,6.1,6.0,6.0,6.1,6.5,5.8,5.4,4.8,3.4,2.3,2.4,3.4,37.0,61.3,1.3,0.4,32.2,97.1,5.7,2.6,25.1,20.8,20.1,17.9,98.9,9.9,18.4,0.1,0.1,99.8,2.1,27.6,70.8,2.2,23.6,43.3,25.9,0.9,0.4,1.4,2.3,16422.0,12.9,8.1
82010109,female,7789.0,5.7,8.0,9.4,30.4,33.2,11.3,45.0,8.0,6.6,5.4,6.7,6.7,7.1,7.3,7.0,5.5,5.6,3.4,3.5,4.2,4.1,29.6,50.4,7.7,12.3,28.2,97.7,33.9,2.4,22.1,17.5,14.7,10.1,85.8,1.9,38.9,0.2,0.0,99.7,1.8,16.6,58.7,1.6,12.5,57.0,27.7,0.0,0.0,0.0,1.3,371.0,16.7,11.100000000000001
82010109,male,6834.0,7.4,9.5,11.2,9.3,15.0,55.6,22.4,9.2,7.2,5.2,5.6,4.6,5.6,5.5,6.3,5.3,6.1,4.3,3.2,3.9,4.2,39.4,57.9,1.6,1.2,34.3,98.2,10.7,2.2,28.5,20.8,18.2,15.4,92.8,1.5,36.0,0.1,0.0,99.9,1.5,19.7,65.6,1.6,23.8,33.9,36.7,1.1,0.0,1.7,1.2,2120.0,17.499999999999996,11.4
82010111,female,6067.0,8.0,9.4,11.2,28.2,35.1,6.0,41.9,8.6,6.9,6.9,6.7,5.9,7.0,6.4,5.4,4.4,4.6,3.3,2.3,3.0,7.2,22.8,61.1,6.0,10.1,25.3,92.8,32.6,1.4,29.2,16.8,9.5,8.1,98.1,3.6,1.5,0.0,0.0,99.6,1.3,11.6,27.4,0.0,11.0,73.4,12.3,0.0,0.0,0.0,3.3,150.0,13.2,8.6
82010111,male,5797.0,8.5,10.3,11.6,13.3,21.3,64.9,17.5,8.7,7.4,6.5,6.7,6.6,5.7,5.5,5.0,4.1,4.6,3.3,2.4,3.0,5.5,38.1,60.1,1.0,0.8,33.0,94.6,15.1,1.5,38.1,21.7,8.5,9.0,98.7,2.7,1.0,0.0,0.0,99.7,1.4,9.0,25.2,0.8,22.3,11.4,48.0,3.3,8.0,2.0,4.1,2161.0,13.299999999999999,8.7
82010113,female,11138.0,8.9,10.6,11.1,24.4,33.6,8.9,39.3,9.1,7.5,7.4,7.5,6.7,7.2,6.0,4.6,3.9,3.6,1.9,1.7,2.2,2.4,26.7,59.0,5.1,9.2,25.3,96.5,28.3,2.0,27.3,16.9,10.0,10.2,98.5,4.2,19.6,0.0,0.4,99.7,2.3,21.6,56.9,1.4,11.4,66.9,19.2,0.0,0.0,0.0,1.0,417.0,9.4,5.8
82010113,male,10935.0,9.2,10.6,11.7,9.9,21.7,68.7,15.2,9.4,7.2,6.2,7.0,6.4,6.8,5.9,4.8,3.6,4.2,2.7,2.2,2.0,3.1,39.4,58.9,1.0,0.7,32.7,95.6,11.4,1.7,30.2,23.8,9.6,13.0,99.0,3.8,18.4,0.0,0.5,99.6,2.3,21.4,57.3,2.1,32.1,23.3,25.9,2.4,2.7,3.9,7.6,4356.0,11.100000000000001,6.9
82010115,female,4801.0,7.6,9.2,9.8,23.7,29.2,9.7,24.3,8.1,7.2,6.7,8.2,7.0,7.2,6.5,5.2,4.5,4.1,3.1,2.2,3.5,2.4,26.3,60.1,5.7,7.9,23.3,99.8,26.4,2.0,26.0,18.2,12.5,12.0,81.3,3.9,82.6,0.1,0.0,98.2,5.3,24.0,56.7,0.0,15.0,44.4,33.4,3.8,0.0,1.6,1.8,259.0,12.899999999999999,8.8
82010115,male,4724.0,9.5,10.4,11.0,8.1,16.8,66.6,10.2,8.2,6.8,6.6,6.6,6.1,6.2,5.9,5.6,4.3,4.4,3.4,2.0,2.9,2.7,38.1,59.9,1.0,1.0,32.9,98.9,9.3,1.5,27.5,22.9,16.4,15.1,84.1,3.3,83.8,0.2,0.0,99.3,4.1,26.3,66.3,3.8,29.7,21.9,34.4,4.2,2.2,3.0,0.8,1952.0,12.700000000000001,8.3
82010301,female,2314.0,9.6,10.6,11.6,29.7,39.9,1.7,37.0,8.0,6.6,7.2,7.6,7.0,6.4,4.7,4.3,4.6,4.2,2.7,2.2,2.9,8.4,19.6,66.7,4.2,9.4,22.8,98.3,34.5,1.4,34.6,14.0,6.2,3.9,98.4,1.0,2.5,0.0,0.0,99.8,0.2,6.2,18.0,0.0,0.0,41.2,23.5,35.3,0.0,0.0,0.0,17.0,12.000000000000002,7.800000000000001
82010301,male,2444.0,9.7,11.7,13.2,17.0,25.4,65.1,25.8,8.9,6.4,6.0,6.6,7.2,6.6,5.8,3.1,3.3,3.8,3.2,1.9,2.7,9.1,35.2,62.7,1.3,0.8,30.6,99.0,20.1,1.6,37.8,20.8,8.6,5.9,98.4,0.7,2.1,0.0,0.1,99.9,0.2,5.6,20.3,0.9,7.8,4.3,84.7,1.8,0.1,0.1,0.3,772.0,11.600000000000001,7.8
82010303,female,9991.0,9.0,10.8,11.9,27.5,35.0,3.1,37.2,9.9,7.5,5.9,6.5,6.5,7.2,5.7,5.0,3.5,3.8,2.6,1.9,2.2,5.3,22.2,64.2,4.7,8.9,22.9,93.8,32.2,2.3,33.4,16.5,8.3,4.5,94.5,1.2,0.2,0.0,0.1,99.5,0.7,8.0,29.0,3.2,10.6,40.0,42.1,0.0,0.0,4.1,0.0,134.0,10.5,6.7
82010303,male,10547.0,9.1,11.1,12.4,12.1,20.0,61.9,11.2,9.4,7.1,6.1,6.7,5.9,7.0,6.3,4.7,3.3,3.3,2.9,2.1,2.5,4.5,34.7,63.0,1.5,0.8,30.2,93.4,14.0,1.7,34.3,28.1,9.3,6.7,96.5,0.9,0.4,0.0,0.0,99.8,0.2,8.6,31.1,0.6,14.0,10.8,64.1,0.8,1.1,2.6,5.9,3903.0,10.799999999999999,7.5
82010307,female,3182.0,9.3,11.4,12.0,35.1,42.0,2.1,68.2,9.2,5.8,6.3,6.8,6.4,5.9,5.5,4.9,4.2,4.1,3.6,2.5,2.1,3.4,22.0,62.9,4.2,10.9,23.1,98.9,41.4,2.6,30.5,14.9,6.6,3.3,97.0,0.1,16.0,0.1,0.1,99.6,0.3,1.2,13.3,0.0,0.0,57.1,28.6,7.1,0.0,0.0,7.1,14.0,12.299999999999999,8.2
82010307,male,3349.0,10.4,11.6,12.0,20.6,28.1,65.6,16.0,8.9,8.2,8.0,6.8,6.4,5.5,4.5,4.0,2.2,2.8,3.0,2.8,2.7,3.8,40.4,58.3,0.9,0.4,30.9,98.5,24.1,2.8,32.8,17.3,9.1,9.9,97.0,0.1,17.8,0.0,0.1,99.9,0.1,2.7,17.0,0.4,13.2,6.0,52.6,2.5,1.3,0.3,23.6,1216.0,11.3,8.5
82010309,female,2250.0,8.6,10.2,10.8,33.6,37.7,2.9,50.0,9.6,7.2,5.5,6.2,6.2,6.9,6.3,5.5,3.4,4.2,3.6,2.8,3.2,3.8,22.7,60.7,6.1,10.6,24.1,97.3,38.6,2.0,32.1,13.8,8.4,6.0,99.3,4.0,1.0,0.0,0.0,99.8,0.7,6.2,44.0,0.0,0.0,34.8,21.7,26.1,0.0,0.0,17.4,23.0,13.8,9.600000000000001
82010309,male,2149.0,9.4,11.3,12.4,17.1,22.7,62.7,15.6,10.0,7.0,5.7,5.2,6.3,6.0,5.6,4.5,4.3,3.8,3.5,2.5,2.7,5.7,37.9,59.6,1.7,0.7,31.8,96.9,19.7,2.4,39.6,19.4,9.0,6.9,99.3,2.2,0.9,0.0,0.0,100.0,0.4,5.7,43.9,0.3,4.5,5.3,41.4,1.2,0.0,0.8,46.6,760.0,12.5,8.7
82010701,female,4787.0,6.9,9.4,9.4,37.7,38.0,4.5,30.2,7.8,6.0,5.1,5.8,6.8,6.7,6.6,5.4,4.2,4.8,4.3,4.2,6.7,6.0,22.4,57.1,5.5,15.0,24.8,98.9,42.4,2.9,29.5,14.8,8.8,6.0,96.0,11.6,29.4,0.1,0.0,99.3,1.0,11.1,50.8,1.8,11.7,38.7,41.4,1.8,0.0,2.7,1.8,111.0,20.0,15.2
82010701,male,4099.0,8.4,11.4,11.8,11.3,16.8,63.1,19.3,9.1,5.4,4.4,5.1,5.2,6.0,7.0,5.3,4.7,4.3,4.1,3.2,4.6,5.6,32.5,64.8,1.4,1.2,32.1,99.2,13.1,3.1,34.6,24.6,13.8,7.1,97.4,10.2,28.0,0.2,0.0,99.5,0.7,10.2,54.2,0.8,15.4,12.9,64.1,1.7,0.6,1.2,3.2,1424.0,16.199999999999996,11.899999999999999
82010703,female,9129.0,8.7,10.7,10.5,27.1,32.0,4.0,45.0,8.2,6.7,6.1,6.5,6.5,7.4,6.7,5.4,4.2,3.9,2.9,2.4,3.2,4.6,24.8,60.7,3.5,11.0,22.3,96.3,30.8,2.5,31.7,17.2,10.9,5.7,98.1,6.5,8.3,0.0,0.0,99.7,1.4,13.1,43.1,0.0,20.5,31.2,47.6,0.7,0.0,0.0,0.0,139.0,12.399999999999999,8.5
82010703,male,8354.0,9.9,11.9,12.1,12.0,18.1,63.7,11.7,9.1,6.3,4.7,5.8,5.8,6.8,6.6,5.0,4.2,3.7,2.8,2.5,2.7,5.6,31.7,66.5,1.1,0.7,29.7,98.3,14.1,2.7,33.9,27.1,11.5,6.6,97.9,5.4,7.5,0.1,0.1,99.8,1.1,12.0,48.6,0.8,30.8,17.4,44.2,0.8,1.6,1.1,3.3,3107.0,11.7,8.0
82010705,female,6545.0,8.6,9.7,11.4,32.2,37.6,3.2,33.2,8.8,6.2,5.7,6.3,6.4,6.7,6.2,5.0,4.1,4.2,4.0,3.4,3.4,6.1,21.4,62.4,3.6,12.6,24.3,97.3,36.8,1.7,31.0,16.5,7.6,5.6,91.6,17.7,11.0,0.0,0.0,99.9,0.9,5.4,29.1,0.0,19.6,64.9,15.5,0.0,0.0,0.0,0.0,100.0,15.0,10.8
82010705,male,6307.0,9.6,11.3,11.9,13.2,20.8,64.9,17.8,9.8,6.2,5.1,4.8,5.7,5.9,6.0,5.3,4.3,4.3,3.5,3.2,3.2,4.8,32.8,65.0,0.7,1.4,30.2,99.3,15.4,2.0,36.9,23.0,11.1,6.3,91.9,15.4,10.7,0.0,0.0,100.0,0.9,5.0,27.1,1.4,57.9,7.5,23.5,0.4,0.0,1.1,8.1,2258.0,14.2,9.9
82010707,female,9287.0,8.5,9.8,10.8,29.1,34.4,8.5,42.9,8.0,7.1,6.5,6.8,7.1,7.5,6.3,5.0,4.0,3.9,2.7,2.4,3.5,5.0,26.4,61.0,3.9,8.7,23.5,96.5,33.1,2.0,28.1,17.2,11.0,7.3,92.9,2.0,40.0,0.0,0.1,99.5,1.0,12.9,49.1,0.0,18.7,17.6,55.2,5.7,1.5,1.3,0.0,319.0,12.5,8.6
82010707,male,8932.0,9.9,11.9,12.1,12.7,21.8,64.3,20.1,9.9,5.9,5.3,5.4,5.5,6.3,6.4,6.0,4.4,3.8,2.8,1.9,2.5,4.4,37.3,61.0,1.0,0.7,32.2,97.3,14.8,1.9,30.4,25.0,12.9,8.1,95.4,1.5,39.8,0.0,0.0,99.9,0.3,13.3,55.8,1.2,21.3,18.8,54.5,1.5,0.4,1.7,0.5,3033.0,11.0,7.199999999999999
82010709,female,2973.0,9.4,10.2,11.1,40.6,44.7,6.3,18.6,8.0,5.5,6.0,5.9,5.6,7.0,6.0,5.1,4.3,4.5,3.3,3.2,4.9,6.1,26.0,57.0,5.9,11.1,22.0,97.5,46.1,1.7,31.3,12.2,5.2,4.8,90.9,7.4,42.6,0.0,0.0,99.3,4.6,10.1,36.0,0.0,1.0,17.1,81.0,0.0,1.0,0.0,0.0,105.0,15.9,11.4
82010709,male,2734.0,10.5,12.0,12.5,23.0,30.4,61.1,21.2,9.6,5.9,4.8,5.6,5.2,5.9,5.8,4.8,4.4,4.2,3.1,2.1,3.6,5.8,36.1,61.5,1.7,0.7,31.6,96.1,26.6,2.1,33.0,21.8,7.9,4.8,94.6,6.6,46.1,0.1,0.0,99.3,6.1,10.3,44.1,0.4,18.5,8.5,64.3,2.0,0.2,0.9,5.2,854.0,13.0,8.8
82011101,female,5909.0,8.5,10.8,11.8,32.6,40.5,2.6,59.6,8.8,6.4,5.5,6.9,6.4,6.3,5.6,4.6,4.2,4.6,3.6,3.1,2.8,6.3,23.3,58.5,4.5,13.6,24.2,98.4,38.0,3.0,29.1,15.4,6.4,5.6,98.6,0.0,0.3,0.0,0.2,99.8,0.4,13.6,40.7,0.0,0.0,57.8,31.5,0.0,0.0,10.7,0.0,42.0,14.099999999999998,9.5
82011101,male,6016.0,9.0,10.9,11.7,15.1,25.1,62.6,17.2,9.1,7.4,7.5,7.1,5.8,6.4,5.3,3.9,3.2,3.5,2.8,2.7,3.8,7.0,39.0,58.2,2.1,0.7,31.4,99.2,17.3,3.0,31.2,21.1,8.4,11.1,98.6,0.1,0.2,0.0,0.0,99.9,0.3,15.1,46.6,0.6,24.8,14.1,44.7,1.1,8.4,1.2,5.1,2136.0,12.8,9.3
82011103,female,1961.0,10.1,11.1,12.5,42.1,48.1,1.3,17.6,9.4,7.3,7.8,7.1,4.9,5.4,5.0,4.2,4.1,3.5,2.9,2.0,2.7,4.3,25.8,60.8,5.6,7.8,24.0,98.6,49.5,2.2,34.1,8.3,4.2,3.1,78.4,20.0,46.5,0.0,0.1,98.9,1.2,2.0,7.0,0.0,0.0,92.9,7.1,0.0,0.0,0.0,0.0,14.0,11.100000000000001,7.6000000000000005
82011103,male,2115.0,10.4,12.6,10.3,25.7,34.8,61.8,48.3,9.4,9.1,9.3,7.6,5.5,4.7,4.3,4.2,2.5,2.8,2.8,2.1,2.4,3.7,46.0,53.0,0.6,0.4,31.9,97.4,29.6,2.0,35.8,16.3,4.5,6.6,86.9,21.4,49.2,0.0,0.0,99.4,0.8,4.1,9.8,0.4,14.2,13.7,63.4,3.5,0.7,0.7,3.3,451.0,10.1,7.300000000000001
82011105,female,4341.0,7.8,9.8,11.3,38.3,43.2,1.2,10.5,10.2,6.9,6.0,5.5,6.4,6.0,5.7,5.6,4.5,4.7,3.2,3.3,3.3,5.9,25.7,58.2,4.9,11.1,24.7,97.0,44.2,2.5,28.4,14.3,6.8,4.9,98.9,0.3,3.4,0.0,0.0,99.8,0.2,10.6,37.3,0.0,5.9,76.5,14.7,0.0,0.0,0.0,2.9,34.0,14.5,9.8
82011105,male,4245.0,8.6,10.1,11.8,19.8,27.7,58.3,13.3,9.7,8.0,7.8,6.5,4.8,5.8,5.0,4.0,3.0,4.1,4.0,2.9,3.8,6.7,39.2,58.8,1.6,0.4,31.1,98.2,22.9,3.0,31.8,22.2,6.2,9.0,99.1,0.1,3.4,0.0,0.0,99.9,0.1,11.1,37.4,0.6,19.1,11.3,55.4,1.1,1.7,1.1,9.7,1492.0,14.8,10.7
82011107,female,4332.0,9.9,11.1,10.5,37.6,42.6,4.3,4.7,8.5,7.3,8.8,8.3,7.5,6.8,4.6,3.5,3.5,3.0,2.5,1.8,2.5,1.2,26.8,60.7,4.7,7.8,25.3,97.2,42.7,2.5,29.7,13.0,6.4,5.8,73.6,53.4,42.4,0.1,0.2,96.4,4.8,10.3,42.3,1.6,13.9,41.8,30.3,1.6,0.0,1.6,9.0,122.0,9.8,6.8
82011107,male,4669.0,9.8,11.5,10.3,24.6,32.4,68.7,11.4,9.0,8.2,8.1,8.1,7.2,6.4,5.5,4.1,3.3,2.7,2.2,1.4,2.3,1.5,44.7,54.2,0.5,0.6,33.0,96.3,27.6,2.6,28.2,22.0,7.9,7.0,75.5,52.9,42.9,0.1,0.2,96.0,5.1,15.3,54.2,3.4,24.4,10.4,39.1,0.8,0.9,1.0,20.0,1945.0,8.600000000000001,5.9
82011109,female,933.0,10.7,11.8,10.4,58.0,59.4,3.4,0.0,8.9,7.3,8.0,9.4,6.6,5.8,4.1,2.8,3.5,3.3,2.3,1.8,3.2,1.6,26.8,63.6,3.8,5.8,25.4,95.5,65.2,0.2,27.2,7.1,3.5,2.6,20.6,0.2,94.3,0.1,0.1,97.7,3.0,5.6,28.6,0.0,4.8,90.5,4.8,0.0,0.0,0.0,0.0,21.0,10.6,7.3
82011109,male,1033.0,9.9,11.2,11.1,39.9,46.4,68.7,17.0,10.6,9.1,7.6,6.7,7.5,7.1,3.6,2.5,3.0,3.1,2.0,1.8,3.2,1.9,44.4,54.6,0.4,0.6,31.9,91.3,44.7,0.4,27.3,16.5,5.3,4.2,33.2,0.3,94.1,0.3,0.0,99.0,2.0,10.2,29.0,0.8,8.3,14.0,72.7,3.5,0.0,0.3,0.5,399.0,10.1,7.0
82011302,female,2440.0,8.0,10.4,11.6,50.6,50.6,6.2,33.0,9.1,6.4,5.0,6.0,6.6,5.7,5.9,4.4,4.8,4.0,3.7,3.0,5.5,6.5,22.7,58.6,6.4,12.3,24.5,98.5,58.7,1.4,25.0,10.9,6.5,5.7,26.8,1.7,97.5,0.2,0.0,99.1,1.6,25.4,70.1,0.0,2.8,62.0,21.1,14.1,0.0,0.0,0.0,71.0,16.2,12.2
82011302,male,2266.0,9.0,10.0,13.2,23.5,28.8,60.5,36.0,10.1,6.4,5.0,4.9,5.2,5.7,5.1,6.1,4.5,4.1,2.8,2.8,5.0,7.6,38.2,58.7,2.3,0.8,33.1,98.1,27.9,1.5,28.8,20.6,12.5,7.8,36.8,2.2,97.4,0.2,0.0,99.3,1.7,23.0,74.1,0.5,18.7,24.7,51.6,2.0,0.2,1.7,0.7,595.0,14.7,10.6
82011307,female,6328.0,7.0,9.2,9.8,33.7,38.3,4.8,57.2,8.7,6.7,6.0,6.8,6.5,7.3,6.7,5.5,4.9,4.6,2.8,3.1,4.4,4.8,28.8,54.5,5.1,11.6,25.9,96.9,38.0,1.1,23.7,17.4,10.4,9.1,74.1,11.6,86.1,0.1,0.0,99.1,2.9,9.7,51.5,0.0,21.0,32.2,30.6,5.4,5.6,5.2,0.0,96.0,14.9,10.3
82011307,male,5864.0,8.3,10.2,11.7,14.6,22.5,58.4,25.9,8.8,7.2,6.2,6.2,5.5,5.8,5.8,5.4,4.3,4.5,3.0,2.7,4.4,5.2,38.8,57.5,2.3,1.4,33.3,95.6,16.8,1.3,30.7,24.4,11.9,9.2,80.8,10.5,86.6,0.1,0.1,99.2,2.1,10.5,51.3,1.7,32.8,11.9,48.7,1.5,0.9,1.0,1.5,1772.0,14.6,10.100000000000001
82011309,female,3558.0,7.4,9.3,9.6,35.3,40.1,2.9,38.2,7.5,5.9,5.8,7.0,6.7,8.2,6.0,5.6,4.6,5.6,2.9,3.5,4.4,5.5,26.3,57.3,5.2,11.2,24.9,97.3,39.8,1.4,28.8,15.1,8.3,6.4,97.1,14.8,52.6,0.1,0.0,98.1,8.8,13.1,40.1,0.0,19.1,40.4,29.8,4.3,2.1,2.1,2.1,47.0,16.4,10.8
82011309,male,3319.0,9.4,11.2,12.3,13.7,21.9,59.7,16.1,8.1,6.2,5.0,6.6,6.3,5.6,6.3,5.3,3.5,4.1,3.4,2.7,3.9,6.7,36.8,60.8,1.4,1.0,33.0,99.0,15.9,1.6,34.8,24.6,9.6,7.5,97.4,15.4,51.4,0.1,0.1,98.3,8.2,10.6,43.7,4.4,14.5,9.5,59.6,1.3,0.8,1.5,8.4,1115.0,14.1,10.0
82011313,female,3415.0,6.8,7.9,8.9,47.0,48.0,12.5,32.0,6.9,6.3,5.7,5.9,6.1,6.9,7.1,5.7,5.2,5.9,4.2,4.3,6.3,5.9,27.1,51.2,7.8,13.8,24.8,96.7,52.0,0.8,22.8,14.0,8.1,6.3,29.7,0.4,98.4,0.2,0.0,99.4,5.3,15.5,54.0,0.0,34.4,11.8,12.7,35.3,0.0,5.9,0.0,221.0,20.700000000000003,14.8
82011313,male,2601.0,9.1,11.1,11.9,23.0,28.8,55.2,25.7,9.2,5.2,4.2,5.6,4.0,4.4,5.3,6.2,4.7,4.7,4.1,4.2,6.1,7.0,36.3,60.2,1.9,1.5,34.0,95.0,26.2,1.3,28.6,19.9,13.6,7.7,38.8,0.4,98.5,0.2,0.0,99.3,5.8,16.6,65.1,0.1,28.5,17.1,40.2,3.2,0.1,10.1,0.7,724.0,19.1,14.4
82011501,female,5372.0,10.0,10.6,11.4,47.2,46.7,8.7,48.3,8.6,7.4,7.4,7.1,5.9,5.5,5.0,4.3,3.1,3.7,2.9,2.6,4.3,5.7,27.4,59.5,4.2,8.9,25.6,98.1,54.4,1.3,26.6,13.5,6.7,5.2,15.9,0.2,98.9,0.1,0.1,98.8,1.2,7.0,39.7,0.0,34.1,29.3,16.5,16.5,0.6,0.6,2.4,164.0,13.5,9.8
82011501,male,5300.0,10.6,11.1,12.0,24.8,30.0,64.4,30.8,8.8,8.7,7.2,7.2,5.7,5.4,4.7,3.5,3.2,3.2,2.3,2.7,3.9,6.0,41.1,57.7,0.7,0.6,31.5,97.1,28.5,1.5,33.0,19.7,9.1,6.8,22.0,0.2,98.7,0.1,0.1,99.1,1.0,4.8,39.2,0.3,11.2,8.2,76.9,2.7,0.3,0.3,0.2,1568.0,12.1,8.9
82011503,female,11937.0,7.9,9.8,10.3,30.0,34.3,7.5,48.9,8.3,7.5,6.8,6.9,6.6,7.2,5.8,5.6,4.0,3.8,3.1,2.2,4.2,3.7,28.4,56.8,5.7,9.2,25.1,97.8,34.3,2.5,27.4,17.7,8.6,9.5,36.3,12.5,85.8,0.2,0.0,97.8,8.7,13.3,53.7,0.0,16.9,46.3,34.9,0.3,0.0,0.0,1.6,327.0,13.3,9.5
82011503,male,11425.0,9.1,10.5,11.5,13.0,19.6,65.6,18.3,9.0,7.2,7.0,7.2,6.2,6.2,5.2,4.7,3.8,4.0,2.9,1.9,3.5,3.1,41.1,56.8,1.5,0.5,32.5,96.5,15.1,2.7,32.4,22.5,12.1,10.7,42.0,12.8,85.6,0.0,0.0,98.5,8.6,15.9,57.7,2.0,27.9,8.9,56.8,1.2,1.0,0.3,2.1,4219.0,12.3,8.3
82011505,female,6008.0,7.8,9.0,8.8,34.6,41.1,5.3,45.2,6.9,6.6,6.5,7.6,6.4,7.5,6.4,5.4,4.5,4.8,3.2,3.2,5.2,5.4,26.0,58.3,5.6,10.1,25.6,98.6,38.7,2.4,26.1,15.3,8.1,7.1,78.8,3.4,29.1,0.0,0.1,99.5,2.0,4.2,19.5,3.8,25.4,21.7,37.6,7.5,0.0,4.0,0.0,130.0,16.4,11.600000000000001
82011505,male,5867.0,8.8,10.2,10.5,13.7,22.4,66.1,27.2,8.5,7.6,8.3,7.3,6.2,6.1,5.6,4.2,3.3,4.0,3.0,2.1,4.4,5.1,41.2,57.0,0.8,1.0,33.0,98.4,15.5,1.8,33.4,25.6,9.1,7.8,81.3,2.3,27.3,0.0,0.0,99.5,1.9,4.7,24.3,0.7,14.8,7.5,55.2,0.4,1.0,0.7,19.7,1989.0,13.5,9.5
82011511,female,8916.0,8.3,10.7,11.7,37.8,42.1,4.8,42.8,9.0,6.6,6.9,6.7,6.1,6.3,5.5,4.7,3.6,3.9,2.8,3.0,4.0,6.5,25.0,56.3,6.8,11.9,25.1,93.8,44.0,1.8,28.1,14.3,7.6,6.2,57.0,3.4,74.7,0.8,0.1,96.2,15.2,7.9,40.1,2.1,6.7,39.6,46.6,0.0,2.4,0.0,2.6,168.0,13.7,9.8
82011511,male,8313.0,10.1,12.5,13.1,19.2,28.7,60.6,25.6,9.1,6.7,6.1,6.2,5.3,5.7,5.2,3.7,3.6,3.9,2.4,2.6,3.9,6.5,38.8,58.6,1.3,1.2,32.1,92.5,22.2,1.5,31.8,21.2,7.4,9.5,64.1,3.8,73.5,0.4,0.0,97.3,12.7,6.5,40.9,0.5,17.7,14.6,50.5,0.4,2.9,1.8,11.5,2409.0,12.8,8.9
83630103,female,32126.0,6.9,8.5,9.3,26.6,29.8,15.7,34.9,7.6,7.2,6.6,7.0,6.9,7.6,6.8,6.3,4.8,4.9,3.5,2.5,3.7,5.7,26.1,55.4,7.9,10.6,24.1,98.4,29.8,2.1,26.7,17.3,14.1,10.0,97.1,4.1,41.4,0.2,0.1,99.8,2.6,21.5,60.5,1.2,14.1,38.4,36.2,2.3,1.0,1.2,5.4,2467.0,14.600000000000001,9.7
83630103,male,30023.0,8.1,10.0,10.5,11.3,17.5,64.8,21.8,8.3,6.6,5.6,6.1,6.0,6.8,6.3,6.3,5.1,4.8,3.6,2.9,2.9,5.3,36.6,59.5,3.0,0.9,32.4,98.0,12.6,2.8,27.7,23.7,16.9,11.5,98.4,3.9,39.2,0.2,0.1,99.8,2.7,19.8,65.6,3.6,29.0,23.0,33.2,1.7,0.6,3.1,5.8,10812.0,14.200000000000001,9.4
83630107,female,14597.0,7.0,9.1,10.3,26.9,32.0,10.7,41.5,9.0,7.8,6.4,7.0,7.0,7.2,6.8,6.0,4.7,4.1,2.9,2.1,2.7,3.6,26.3,58.5,6.8,8.4,25.3,97.7,30.6,1.7,26.6,16.6,12.1,11.0,92.9,11.1,66.7,0.4,0.0,99.5,2.9,24.9,67.7,1.0,7.6,62.0,25.7,1.5,0.0,0.0,2.2,670.0,11.8,7.7
83630107,male,13855.0,8.3,10.6,11.2,10.4,18.5,59.6,24.8,9.4,6.9,5.2,6.0,5.4,6.0,6.4,5.6,4.4,5.0,4.0,3.1,2.5,3.9,38.5,59.0,1.8,0.6,33.4,98.1,12.0,1.7,26.4,23.6,15.9,13.9,96.4,10.6,66.7,0.3,0.0,99.0,4.1,23.6,73.4,2.4,21.9,29.2,36.1,1.6,0.8,1.2,6.8,4331.0,14.6,9.6
83630115,female,11269.0,7.4,8.8,9.3,43.8,45.1,14.3,29.6,7.9,6.8,6.5,8.1,6.9,8.2,7.5,5.8,4.2,4.6,3.1,2.1,2.8,4.5,22.4,56.5,11.1,10.1,24.2,93.0,49.0,2.0,23.9,15.4,8.4,5.2,88.4,1.4,84.6,0.2,0.1,99.3,3.6,18.3,54.3,1.2,15.8,19.3,54.6,0.5,0.0,1.2,7.6,842.0,12.599999999999998,8.0
83630115,male,10440.0,8.2,10.1,10.5,23.9,30.7,68.5,18.2,8.0,6.8,5.9,6.6,6.8,7.3,6.8,5.7,4.1,4.6,3.3,2.5,2.7,4.5,33.9,62.1,3.3,0.7,31.4,97.2,27.0,2.2,27.6,22.3,10.2,7.1,94.4,1.3,84.4,0.2,0.0,99.6,4.7,13.8,54.3,3.7,28.6,9.3,48.5,2.4,0.5,0.7,6.3,4154.0,13.099999999999998,8.5
83630501,female,5232.0,7.6,9.9,10.5,50.8,50.5,7.8,22.9,7.6,7.2,6.3,6.9,7.2,8.0,7.6,5.2,3.8,4.0,2.4,2.2,3.4,5.9,19.6,64.4,7.1,8.9,23.6,97.4,58.0,1.8,25.0,12.7,5.5,4.4,53.4,0.4,95.4,0.4,0.1,99.6,1.2,16.2,61.9,0.4,12.4,21.7,40.7,3.1,0.4,0.9,20.4,226.0,12.000000000000002,8.0
83630501,male,5062.0,8.3,9.7,10.8,32.3,37.0,71.7,21.0,8.8,6.3,6.0,6.1,6.6,8.4,7.5,5.6,4.1,4.3,2.7,1.8,3.0,5.7,32.5,63.7,3.1,0.7,30.8,98.4,37.1,2.3,27.9,20.3,7.6,4.8,63.3,0.5,95.3,0.6,0.0,99.6,1.4,13.2,59.7,1.1,23.2,6.6,47.8,5.9,0.1,3.0,12.3,2038.0,11.8,7.5
83630521,female,2432.0,9.4,11.1,12.0,65.8,63.9,4.9,9.9,8.1,6.8,6.1,6.7,7.6,6.0,5.6,4.8,3.6,4.0,2.7,2.1,3.5,7.9,14.7,68.3,6.2,10.8,21.6,88.5,75.2,1.8,23.4,6.3,2.4,2.2,15.7,0.4,98.8,0.2,0.2,99.7,0.6,4.1,44.3,2.7,5.5,31.5,39.7,1.4,0.0,0.0,19.2,73.0,12.3,8.3
83630521,male,2441.0,10.0,11.6,11.5,47.6,55.1,76.1,8.1,9.4,7.1,6.5,6.5,7.1,5.9,5.4,4.1,2.5,4.1,3.2,1.8,3.2,8.6,31.5,65.2,2.5,0.9,28.4,89.6,53.8,2.2,25.7,12.0,2.7,2.3,24.1,0.1,99.7,0.1,0.0,99.3,1.0,2.0,37.4,8.9,11.3,6.2,49.4,6.8,0.1,0.8,16.6,1140.0,12.3,8.2
83630523,female,1436.0,6.3,8.9,11.1,59.1,57.5,3.6,42.1,9.0,5.9,5.1,5.8,6.5,9.2,7.3,4.6,3.6,5.2,3.6,2.9,5.2,8.8,18.0,65.3,4.7,12.0,21.7,96.0,68.0,1.8,22.6,12.7,3.3,2.0,52.7,0.2,97.7,0.3,0.0,98.8,1.4,11.8,75.3,0.0,4.5,36.4,54.5,4.5,0.0,0.0,0.0,22.0,16.900000000000002,11.7
83630523,male,1398.0,7.2,8.7,10.2,42.0,45.1,77.1,29.4,8.3,7.2,5.6,7.1,7.8,6.9,7.8,6.0,3.4,3.8,3.1,2.6,4.2,7.5,30.6,64.9,3.2,1.4,30.1,96.9,47.3,1.9,25.5,20.0,4.9,2.7,66.3,0.1,98.3,0.1,0.0,99.7,0.9,11.9,75.7,0.2,31.4,5.7,48.1,11.2,0.0,3.4,0.0,561.0,13.7,9.9
83630525,female,1404.0,8.5,8.6,9.0,64.3,63.8,2.7,32.1,6.8,6.0,6.1,7.8,6.6,8.1,7.2,5.8,4.8,5.3,2.8,3.1,3.6,7.0,13.0,72.4,4.6,10.0,20.9,93.9,71.5,1.7,20.8,9.2,2.7,1.8,31.1,0.6,97.9,0.4,0.1,97.1,3.4,12.5,66.1,0.0,0.0,26.3,57.9,15.8,0.0,0.0,0.0,19.0,14.799999999999999,9.5
83630525,male,1432.0,7.7,9.1,9.0,51.3,53.8,84.8,3.4,7.4,5.9,5.9,7.8,7.3,9.6,6.1,5.1,4.2,5.2,2.9,2.7,4.1,6.6,27.0,69.4,2.4,1.2,29.3,92.7,56.7,1.3,21.4,15.6,5.4,2.4,39.7,0.6,98.3,0.1,0.3,99.0,1.7,13.3,67.2,0.0,35.9,3.1,40.0,20.7,0.0,0.1,0.2,870.0,14.9,9.7
83630705,female,6490.0,8.2,10.0,9.9,47.0,46.4,8.1,26.5,8.0,6.5,6.7,7.3,6.7,7.3,6.3,5.8,4.3,3.9,3.2,2.6,3.3,6.3,19.8,62.3,7.2,10.7,22.7,95.8,53.3,2.9,27.1,14.2,5.8,3.6,53.6,20.7,78.1,0.1,0.0,99.6,0.7,19.5,67.8,0.0,0.0,10.9,74.1,1.7,0.0,0.0,13.3,279.0,13.0,9.100000000000001
83630705,male,6442.0,8.2,10.2,10.3,25.2,27.7,71.2,15.8,7.9,6.7,6.5,7.0,6.8,6.9,6.5,6.1,4.2,3.7,2.9,2.4,3.6,6.0,33.3,63.0,2.6,1.1,31.2,97.3,28.8,3.6,32.3,20.7,10.4,5.4,59.5,19.6,80.2,0.1,0.0,99.5,1.0,18.7,65.4,3.3,26.3,2.3,48.1,7.6,0.0,4.2,8.1,2752.0,12.6,8.9
83630707,female,1898.0,7.3,8.6,9.0,54.0,53.2,7.9,48.7,7.4,5.7,6.0,6.8,6.0,6.9,6.8,5.8,6.2,4.8,3.5,3.4,5.5,5.7,20.1,61.3,5.3,13.3,23.8,98.5,60.1,2.5,24.2,12.0,4.5,3.7,95.7,1.3,35.6,0.0,0.0,99.9,0.3,4.8,34.2,0.0,0.0,29.3,67.2,1.7,0.0,1.7,0.0,58.0,17.200000000000003,12.4
83630707,male,1845.0,8.3,9.8,9.3,31.8,34.6,68.0,27.3,7.9,5.7,4.6,7.5,6.2,6.3,5.9,6.3,5.8,5.0,3.3,3.9,4.2,6.2,32.6,63.5,2.8,1.1,32.4,95.8,35.7,2.4,31.2,22.2,6.7,2.8,95.9,0.8,34.6,0.1,0.0,99.8,0.7,2.9,33.6,0.0,13.0,4.8,78.4,2.4,0.0,1.4,0.0,662.0,16.400000000000002,11.399999999999999
83630709,female,3680.0,8.2,10.3,10.9,44.3,45.2,5.0,36.2,7.9,6.4,5.8,7.1,7.3,6.5,6.1,5.2,4.3,4.0,3.1,2.2,4.6,5.8,22.6,58.6,6.7,12.1,22.4,94.0,50.8,2.3,27.3,13.8,8.5,3.0,78.6,11.3,78.2,0.1,0.0,99.3,10.5,14.9,56.3,0.0,18.1,18.1,36.1,7.2,0.0,1.2,19.3,83.0,13.9,9.9
83630709,male,3550.0,9.6,10.5,12.3,23.0,28.3,65.2,16.6,9.0,6.0,4.4,5.9,6.8,6.6,6.6,5.3,4.3,4.0,3.1,2.2,3.4,4.8,36.3,60.7,2.0,1.0,32.0,94.1,26.9,2.0,29.7,23.1,13.5,3.4,85.4,11.6,78.1,0.0,0.1,99.5,13.1,13.2,63.1,0.2,31.2,13.8,29.1,1.8,0.0,0.4,23.6,1306.0,12.700000000000001,8.700000000000001
83630711,female,2966.0,9.0,10.5,10.9,49.9,49.9,3.9,26.3,8.1,6.1,6.4,6.9,6.5,6.7,6.3,4.7,3.8,3.8,3.5,2.7,4.0,5.2,20.3,63.2,4.8,11.6,22.9,99.0,57.5,1.8,31.4,11.1,3.1,2.8,72.7,15.0,55.5,0.6,0.0,99.2,1.0,8.7,50.8,0.0,5.1,44.1,47.5,0.0,0.0,0.0,3.4,59.0,14.0,10.2
83630711,male,3055.0,9.5,10.3,11.2,28.0,32.3,72.3,20.9,8.7,6.2,6.0,7.5,6.4,6.1,6.1,5.6,3.4,3.2,3.5,2.9,3.4,5.6,35.4,61.1,2.1,1.3,31.3,98.5,32.3,1.7,34.8,22.2,6.4,2.6,76.9,15.4,55.0,0.5,0.0,99.4,0.7,8.5,56.1,1.0,12.0,4.6,62.7,1.2,0.0,1.7,16.8,1205.0,13.0,9.8
83630717,female,5466.0,5.8,8.2,9.3,44.7,45.2,7.2,33.0,7.8,6.5,5.1,6.3,7.3,7.2,7.0,6.4,5.9,6.0,3.4,3.1,4.6,9.3,22.5,57.3,7.5,12.7,24.1,97.8,49.9,2.2,25.5,13.6,8.0,5.6,84.1,7.7,67.2,0.3,0.0,99.3,3.9,18.3,60.6,1.0,18.2,34.5,39.9,0.5,0.0,0.5,5.4,203.0,17.1,11.1
83630717,male,5047.0,7.5,8.9,10.8,27.0,31.7,64.5,22.1,8.8,6.2,5.6,6.2,5.4,6.6,6.7,6.1,5.1,5.6,3.4,3.2,4.1,8.0,33.8,61.8,3.3,1.1,30.8,98.2,30.9,1.9,28.1,20.2,11.0,7.0,86.6,6.6,67.6,0.3,0.0,99.3,3.3,19.6,65.5,0.4,39.6,11.5,29.1,2.4,0.1,1.0,15.8,1849.0,16.299999999999997,10.7
83630719,female,1486.0,9.4,10.3,10.0,53.2,55.0,2.7,32.1,7.3,6.9,7.1,5.9,7.7,6.9,5.5,5.2,4.4,3.6,3.6,2.8,3.4,5.5,19.3,64.5,7.4,8.8,22.2,84.7,59.1,0.4,27.3,10.8,3.6,3.0,84.1,15.1,41.8,0.1,0.0,100.0,0.5,14.0,66.3,0.0,10.5,57.9,15.8,10.5,0.0,0.0,5.3,19.0,13.4,9.8
83630719,male,1566.0,8.2,10.5,11.0,36.4,39.3,63.6,19.9,9.7,7.0,6.0,6.4,7.0,5.5,5.6,6.4,4.5,3.9,3.2,2.7,2.4,5.4,36.0,59.4,3.5,1.1,30.9,91.7,40.5,0.9,32.1,18.0,6.8,2.9,91.7,14.5,42.8,0.1,0.0,99.1,1.5,13.5,64.8,0.0,17.4,3.9,43.1,0.9,0.0,0.2,34.5,559.0,12.200000000000001,8.3
83630729,female,7392.0,7.1,9.5,10.7,41.9,43.8,9.9,30.4,8.6,6.8,6.3,7.0,7.5,7.6,7.7,5.6,4.0,4.0,2.9,2.0,2.7,4.8,23.4,60.8,6.9,8.9,24.1,97.0,47.7,2.6,26.2,14.6,8.5,4.4,89.6,6.5,62.0,0.5,0.2,99.1,3.0,10.4,45.5,1.2,18.8,21.4,56.2,1.3,0.0,0.0,1.1,370.0,11.600000000000001,7.6000000000000005
83630729,male,7057.0,8.2,10.3,11.6,26.1,30.3,68.2,20.4,9.5,6.2,5.9,6.3,5.9,6.8,6.7,6.5,4.6,4.0,2.9,2.2,2.3,4.5,34.0,63.0,2.1,0.8,31.0,97.0,29.9,2.4,28.6,23.1,10.2,5.4,92.0,6.9,61.9,0.4,0.0,99.5,1.5,9.0,51.2,0.4,31.1,7.0,54.0,1.3,0.2,0.4,5.7,2674.0,11.400000000000002,7.3999999999999995
83630901,female,2325.0,10.3,11.2,10.9,61.3,60.2,4.5,8.6,9.3,6.9,6.0,6.7,5.6,5.4,6.0,4.9,4.3,3.2,3.2,2.7,3.5,5.1,21.6,62.6,5.7,10.0,22.3,91.0,68.1,2.1,24.0,8.1,3.8,1.8,24.7,41.6,93.6,0.2,0.0,99.3,25.6,11.0,60.3,0.0,9.4,12.5,34.4,42.2,0.0,0.0,1.6,64.0,12.600000000000001,9.4
83630901,male,2548.0,10.3,10.9,12.8,40.5,45.1,68.4,19.6,9.2,6.8,7.1,6.4,5.3,4.6,6.6,5.1,3.6,4.4,1.6,2.2,3.2,5.2,39.4,57.9,1.9,0.8,32.0,93.6,46.2,2.0,27.3,16.6,5.8,3.3,30.5,40.9,93.2,0.2,0.0,98.7,26.4,8.7,65.6,0.2,28.9,7.2,48.8,6.9,2.1,1.2,4.8,925.0,11.399999999999999,7.0
83630903,female,8047.0,9.3,10.1,11.5,48.5,48.7,6.8,39.9,10.0,7.1,6.8,6.7,5.6,5.8,5.8,4.6,4.3,3.8,2.6,2.2,3.8,2.8,25.8,58.5,5.4,10.3,23.0,95.8,54.7,2.3,28.6,11.2,5.4,3.8,44.2,7.2,87.9,0.2,0.0,99.6,3.6,13.3,65.0,1.3,22.8,33.0,38.6,0.0,0.0,1.7,2.6,228.0,12.400000000000002,8.600000000000001
83630903,male,7888.0,9.4,11.7,12.3,29.7,34.4,64.6,32.9,10.5,7.2,6.2,6.2,5.0,5.3,4.6,4.8,4.0,3.9,3.6,2.3,3.2,4.7,38.2,59.6,1.6,0.6,30.5,94.7,34.3,2.4,29.8,19.8,8.2,5.4,49.3,8.3,87.6,0.1,0.0,99.7,3.2,13.4,66.6,2.5,38.3,12.7,37.3,0.8,0.0,2.7,5.8,2279.0,13.0,9.100000000000001
83630905,female,7539.0,8.6,11.1,11.3,46.3,47.6,5.7,50.9,8.2,7.0,5.9,7.1,6.4,6.2,5.8,4.8,4.0,3.5,3.2,2.8,4.0,5.8,23.1,59.4,6.0,11.6,24.1,97.0,53.4,1.5,28.8,10.9,6.1,5.1,44.6,24.3,78.3,0.2,0.0,97.0,10.2,9.6,49.4,0.0,8.3,45.5,30.2,13.0,0.0,0.0,3.0,145.0,13.5,10.0
83630905,male,7480.0,9.4,11.2,11.8,25.5,32.1,62.5,32.4,9.9,6.8,5.9,6.4,5.5,5.5,6.1,5.7,4.1,3.5,2.8,2.5,2.8,5.5,39.8,58.2,1.6,0.4,32.6,96.4,29.4,1.6,25.9,23.8,9.7,7.0,50.8,23.5,78.3,0.2,0.0,97.4,11.0,8.8,57.1,0.5,21.3,10.4,50.4,0.5,0.0,0.7,16.2,2133.0,11.600000000000001,8.1
83630907,female,2232.0,10.3,10.2,11.1,52.7,53.7,2.4,59.5,8.2,7.6,7.2,6.7,5.0,5.7,5.4,3.8,3.5,3.9,3.4,2.9,5.2,8.0,22.9,55.9,8.0,13.2,18.8,93.3,60.1,1.7,29.6,9.9,3.1,2.0,40.4,52.6,42.0,0.0,0.0,99.0,3.0,6.7,36.9,0.0,0.0,53.3,40.0,0.0,0.0,0.0,6.7,15.0,15.399999999999999,11.5
83630907,male,2131.0,11.7,12.4,11.9,33.5,39.7,64.0,58.1,9.9,5.7,6.1,6.9,5.9,5.2,5.3,3.8,3.8,3.5,2.8,2.0,3.1,7.0,36.0,61.6,1.7,0.7,30.3,97.7,39.3,2.6,27.7,21.5,5.9,2.7,46.0,56.0,39.5,0.0,0.0,99.2,3.2,6.3,40.7,0.0,15.9,9.6,40.0,0.3,0.0,0.0,34.2,365.0,11.4,7.9
83630909,female,3714.0,7.6,10.4,11.6,49.9,50.3,1.9,43.1,9.2,6.8,5.0,6.1,7.2,7.4,5.9,4.6,3.2,3.7,3.6,3.1,4.6,8.1,23.0,59.5,6.9,10.7,22.9,98.6,57.8,1.3,26.9,11.4,6.5,3.7,52.9,0.1,98.5,0.2,0.0,99.7,1.1,16.2,52.3,0.0,6.9,62.1,24.1,3.4,0.0,0.0,3.4,29.0,15.0,11.3
83630909,male,3788.0,8.9,10.0,13.3,21.9,28.9,63.5,31.0,10.4,6.8,5.3,5.1,4.9,6.0,6.8,6.4,3.8,2.9,2.6,2.8,4.0,7.6,38.9,57.7,2.1,1.3,32.7,97.8,25.9,1.3,31.8,22.5,10.7,4.8,65.7,0.1,98.7,0.3,0.0,99.4,0.8,12.5,55.0,0.0,20.0,7.3,66.5,1.5,0.3,1.1,3.4,1125.0,12.3,9.4
83630911,female,5684.0,9.5,11.1,11.6,46.8,47.9,5.4,38.2,8.1,6.7,6.6,7.4,6.8,6.4,5.6,4.8,3.1,3.3,3.0,2.5,3.4,4.9,22.0,63.3,6.4,8.3,23.3,97.9,54.5,1.5,31.0,12.2,4.4,3.0,42.4,3.6,93.9,0.2,0.0,98.6,3.5,13.5,59.7,0.0,8.5,8.3,52.5,26.8,0.0,0.0,3.9,128.0,12.200000000000001,8.9
83630911,male,5877.0,10.1,12.0,11.8,25.6,31.2,66.7,22.8,9.3,6.1,5.9,5.6,6.3,6.6,6.8,5.5,3.9,3.0,2.3,1.9,2.9,3.5,35.6,62.1,2.0,0.4,31.7,92.1,29.7,2.2,30.8,22.2,9.8,3.8,57.6,3.1,94.4,0.1,0.0,99.9,2.2,14.9,60.4,0.7,38.6,5.2,43.6,0.8,2.8,1.2,7.1,2000.0,10.1,7.1
83630913,female,2547.0,10.1,10.1,10.5,58.0,57.4,2.9,19.6,8.7,7.1,7.9,6.4,6.8,5.1,5.1,4.6,4.2,4.6,3.1,2.5,3.0,3.3,19.1,66.2,4.4,10.3,22.4,92.8,65.6,1.5,25.7,8.8,3.7,2.9,45.3,2.8,95.9,0.4,0.0,99.6,0.7,16.4,58.7,0.0,14.6,53.7,29.3,2.4,0.0,0.0,0.0,41.0,13.2,8.6
83630913,male,2701.0,9.8,10.3,10.4,30.2,34.5,72.1,11.7,10.2,6.5,8.3,7.9,6.7,5.4,5.7,4.8,3.4,2.9,2.5,2.1,3.1,4.0,36.9,60.5,1.2,1.4,30.2,93.6,33.4,1.5,39.8,16.7,4.4,3.1,62.5,2.6,96.4,0.3,0.0,99.6,0.5,11.3,53.1,0.3,37.2,5.6,49.9,6.8,0.0,0.1,0.2,1195.0,10.6,7.699999999999999
83631501,female,2051.0,10.6,10.8,11.1,60.3,58.8,21.1,0.7,8.4,6.9,7.4,6.0,6.5,5.1,4.2,3.9,4.1,3.7,4.7,2.9,3.7,4.1,18.8,66.5,5.9,8.7,23.0,99.6,69.7,0.0,24.1,10.8,3.5,2.7,7.8,0.1,98.5,0.2,0.0,99.8,0.6,9.8,31.2,0.0,15.5,11.0,1.4,71.7,0.0,0.0,0.3,290.0,15.0,11.3
83631501,male,2242.0,11.2,10.9,9.8,32.7,40.5,75.1,8.3,9.0,7.7,7.0,7.9,6.8,5.6,4.3,3.3,3.4,3.0,3.0,3.3,3.8,4.2,39.7,56.8,2.6,1.0,31.9,96.8,37.0,0.0,29.0,21.5,4.8,4.1,10.1,0.0,99.5,0.3,0.0,99.7,0.9,5.7,24.5,0.1,51.5,5.1,31.2,10.8,0.0,0.4,0.9,1052.0,13.100000000000001,10.1
83631503,female,2149.0,8.7,9.8,11.4,61.1,60.7,28.5,1.6,7.9,6.6,6.7,7.1,6.6,5.8,4.4,4.7,4.9,4.5,3.8,3.4,3.7,4.3,21.7,61.8,7.2,9.4,24.0,93.5,70.4,0.0,21.0,10.1,4.8,3.5,21.5,0.3,97.3,0.2,0.0,99.1,3.8,16.9,59.9,0.0,19.7,8.5,2.4,69.2,0.0,0.0,0.2,422.0,15.400000000000002,10.899999999999999
83631503,male,2213.0,9.0,9.4,9.6,34.0,37.8,67.3,4.2,8.6,7.1,7.2,8.1,6.2,6.3,6.4,4.2,3.0,3.5,3.4,3.7,4.2,5.9,41.2,55.6,1.9,1.3,33.4,93.3,37.5,0.0,30.4,17.1,8.4,6.4,33.9,0.2,98.2,0.2,0.1,99.2,3.4,11.1,54.4,0.3,55.1,7.1,32.3,4.6,0.3,0.0,0.3,1027.0,14.8,11.3
83631505,female,4874.0,9.9,10.8,11.7,55.6,55.4,18.2,13.5,11.6,7.9,6.7,5.9,4.9,5.6,5.3,4.6,3.2,3.4,2.8,2.4,3.2,4.7,26.3,58.6,5.5,9.6,24.1,96.2,64.9,1.9,21.4,11.2,5.7,4.4,17.0,0.1,99.1,0.1,0.1,94.1,8.6,9.9,47.4,0.0,33.9,9.1,2.3,53.8,0.0,0.6,0.4,519.0,11.8,8.399999999999999
83631505,male,5223.0,10.0,11.0,10.6,37.1,41.9,71.2,17.7,9.6,9.1,8.4,6.8,5.3,4.7,4.5,3.9,3.8,4.0,3.0,2.6,2.9,5.2,45.6,51.7,1.2,1.5,32.6,96.6,42.1,2.4,26.5,18.6,5.2,5.4,25.9,0.3,99.1,0.1,0.1,92.9,9.6,8.9,39.7,0.2,43.7,5.0,36.7,11.6,0.9,1.1,0.8,2093.0,12.5,8.5
83631507,female,4445.0,10.5,12.1,10.7,63.9,61.2,5.0,20.3,9.8,7.8,6.3,6.1,5.6,5.7,5.4,4.7,3.2,3.1,2.8,2.4,3.8,10.4,22.9,61.8,5.2,10.1,23.1,88.7,72.1,1.2,21.5,8.3,4.0,3.9,22.4,8.5,89.9,0.5,0.0,98.6,11.2,16.2,45.9,0.0,10.2,50.0,16.9,22.0,0.0,0.0,0.8,118.0,12.100000000000001,9.0
83631507,male,4714.0,9.6,10.6,10.5,40.2,45.1,65.0,34.3,9.7,8.6,7.6,7.3,5.3,5.5,5.3,4.1,3.9,3.9,2.6,2.0,3.6,9.5,41.3,55.9,1.9,0.9,31.8,92.9,45.4,1.2,24.9,16.4,5.8,6.6,38.7,8.7,89.6,0.4,0.0,98.6,10.1,12.4,38.2,0.3,45.7,12.1,32.2,3.2,0.1,0.2,6.1,1397.0,12.1,8.2
83631509,female,3260.0,9.7,11.0,10.4,59.8,57.9,31.9,3.4,9.0,8.1,6.6,6.0,6.3,5.6,5.2,4.6,3.6,3.7,3.0,3.1,4.3,5.1,21.8,60.6,5.9,11.7,23.0,97.9,68.6,2.3,21.2,9.9,4.5,4.2,24.5,1.6,97.1,0.2,0.0,99.1,2.3,16.1,62.4,0.0,22.4,7.1,1.3,68.2,0.0,0.4,0.6,692.0,14.100000000000001,10.399999999999999
83631509,male,3503.0,9.3,10.9,9.9,35.9,38.6,66.8,8.1,9.9,8.3,7.9,7.5,5.9,5.1,5.4,4.1,3.2,2.9,3.1,3.0,3.6,5.0,43.0,54.3,1.3,1.4,32.5,97.8,40.8,1.9,28.6,18.6,6.2,6.1,42.4,1.5,97.6,0.3,0.0,99.2,2.1,14.0,57.8,0.3,46.4,7.1,40.0,5.4,0.4,0.3,0.2,1503.0,12.6,9.7
83631703,female,1856.0,9.6,9.4,10.0,61.6,60.0,2.5,15.2,8.7,7.1,6.9,6.4,6.4,6.3,4.1,5.3,3.7,5.2,2.8,3.4,4.7,7.1,19.4,65.6,4.4,10.6,22.9,94.7,70.2,2.4,20.3,8.4,6.1,2.7,20.5,0.0,99.2,0.3,0.0,99.3,0.7,34.5,79.7,0.0,0.0,50.0,28.6,21.4,0.0,0.0,0.0,28.0,16.1,10.899999999999999
83631703,male,1966.0,9.3,9.5,9.9,41.8,44.6,70.0,9.1,7.7,7.6,7.0,7.8,7.5,5.6,5.1,4.2,4.1,3.9,2.6,4.3,3.9,6.7,36.9,59.6,2.3,1.2,31.9,94.4,47.5,3.0,26.3,16.7,6.1,3.4,31.9,0.2,99.2,0.1,0.0,99.9,0.3,25.8,72.6,0.0,50.1,6.6,24.1,12.3,0.1,0.1,6.6,892.0,14.700000000000001,10.8
83631713,female,2439.0,9.7,11.4,10.9,66.5,59.3,3.0,20.0,9.6,7.8,7.3,6.2,6.0,6.5,5.2,4.5,3.5,3.9,2.3,2.5,2.8,4.6,20.5,63.8,6.6,9.1,22.7,92.7,74.4,3.2,22.9,9.6,3.2,1.8,17.5,0.9,98.4,0.1,0.0,96.3,20.4,9.3,42.6,0.0,15.0,47.5,30.0,2.5,2.5,0.0,2.5,40.0,11.5,7.6
83631713,male,2695.0,8.2,10.5,10.3,53.7,50.4,69.2,6.3,10.2,8.5,8.3,7.8,6.1,5.4,4.6,4.8,3.5,3.4,3.2,2.3,2.9,4.3,42.2,54.3,2.2,1.3,31.7,96.3,59.2,2.9,27.0,12.1,5.0,2.7,29.9,0.9,98.2,0.4,0.1,97.3,23.0,7.9,36.2,0.2,47.2,6.4,15.1,10.2,0.1,1.2,19.6,1241.0,11.799999999999999,8.4
83631727,female,6687.0,6.8,8.9,10.2,53.0,52.7,6.2,44.4,8.9,7.9,6.6,6.9,6.9,7.0,6.2,5.8,3.9,4.6,2.6,2.7,4.0,4.5,21.3,60.2,7.5,11.1,23.7,90.2,60.0,1.5,22.7,11.9,5.6,5.6,39.2,0.2,96.1,0.0,0.0,98.2,2.8,12.7,58.4,8.4,0.6,46.3,27.6,11.2,0.0,3.3,2.5,170.0,13.899999999999999,9.3
83631727,male,6683.0,8.5,9.1,10.2,32.0,37.3,65.7,23.5,9.4,8.0,6.7,7.3,5.8,6.7,6.4,5.1,3.7,4.3,2.7,2.6,3.6,4.4,38.6,58.7,2.2,0.5,32.5,94.8,36.0,1.9,24.3,20.1,9.0,7.4,43.2,0.3,96.5,0.0,0.0,98.2,3.0,11.2,54.0,3.2,23.2,13.5,38.6,7.2,0.5,1.0,12.7,2428.0,13.2,8.9
84010107,female,38613.0,7.6,9.5,9.8,19.8,25.9,18.7,30.5,8.4,7.5,7.5,7.9,7.7,7.4,6.2,5.4,4.5,3.7,2.7,1.8,2.3,3.8,31.3,58.0,3.8,6.8,25.3,98.1,22.3,2.7,25.3,17.1,15.4,13.6,87.7,55.9,17.6,0.2,0.2,99.3,4.1,29.5,67.1,1.5,9.0,43.1,43.4,0.8,0.4,0.6,1.3,3655.0,10.5,6.8
84010107,male,37234.0,8.6,10.4,10.5,6.5,15.4,64.8,19.5,8.9,6.9,6.2,6.6,6.6,6.8,6.3,5.7,4.8,4.3,3.1,2.4,2.1,4.6,39.0,58.9,1.4,0.7,32.6,97.9,7.4,3.2,25.3,20.6,18.4,17.1,90.6,56.2,17.0,0.3,0.2,99.4,4.7,30.8,73.1,4.3,19.8,34.3,35.5,0.7,1.0,2.5,2.0,13693.0,11.9,7.6
84010109,female,4147.0,8.4,10.3,10.0,31.4,35.7,12.0,30.5,8.7,7.6,7.0,7.3,7.3,7.2,6.5,5.3,4.1,3.7,2.6,1.4,2.6,3.6,32.5,57.9,3.4,6.2,27.2,100.0,35.5,2.3,28.2,16.0,9.5,8.3,67.8,93.3,2.9,0.0,0.0,97.3,3.6,27.6,66.2,0.0,37.0,33.0,26.6,0.0,1.9,1.5,0.0,248.0,10.3,6.6
84010109,male,4118.0,8.7,10.8,10.2,11.0,22.7,70.0,12.8,7.9,7.7,6.1,7.3,7.1,7.1,6.2,5.3,4.3,3.8,3.0,2.1,2.3,3.7,42.0,55.7,1.2,1.0,33.3,97.3,12.6,2.7,27.0,22.8,12.3,12.5,78.1,92.4,3.3,0.0,0.0,99.9,2.3,26.1,67.3,2.8,34.8,16.8,32.0,1.3,1.0,4.5,6.7,1758.0,11.2,7.3999999999999995
84010301,female,5570.0,7.9,8.6,8.5,40.7,44.9,8.2,24.8,7.5,5.9,6.5,6.8,7.3,8.3,6.0,5.7,4.4,4.6,4.4,3.1,4.3,6.1,28.7,58.0,3.7,9.6,26.6,98.3,45.3,0.7,29.0,12.9,8.1,4.4,47.4,96.2,1.4,0.0,0.0,98.9,1.3,20.4,60.5,0.0,21.3,19.7,53.0,0.0,0.0,6.0,0.0,259.0,16.4,11.8
84010301,male,4959.0,9.2,10.3,10.0,15.7,26.0,65.4,12.1,8.7,6.0,6.1,6.7,6.7,6.9,5.3,4.8,4.0,4.0,4.2,3.6,3.6,5.6,34.9,63.0,1.5,0.6,31.0,96.4,17.8,1.4,33.5,21.3,11.9,5.9,57.1,96.2,1.6,0.0,0.0,99.6,0.9,19.3,62.6,2.7,44.6,9.7,33.5,3.7,0.9,3.6,1.2,2005.0,15.399999999999999,11.4
84010303,female,4618.0,7.7,8.5,9.6,44.5,45.8,3.9,21.6,8.4,6.1,5.7,7.4,7.1,6.8,6.1,5.8,5.3,3.9,3.7,3.1,4.7,5.7,30.0,57.2,3.2,9.6,25.4,97.6,50.2,1.6,31.9,10.2,7.0,3.6,50.7,97.8,0.9,0.0,0.0,98.6,1.8,17.2,58.1,0.0,30.5,33.3,31.4,1.9,0.0,1.0,1.9,105.0,15.399999999999999,11.5
84010303,male,4065.0,9.5,10.3,10.6,21.9,32.7,59.7,18.6,7.7,5.5,5.6,6.5,6.4,6.8,5.2,4.8,4.6,4.4,4.1,3.4,4.6,6.7,33.6,65.3,0.6,0.5,31.7,98.0,25.0,1.8,34.3,16.2,9.3,5.7,65.2,97.2,1.0,0.0,0.0,99.1,1.8,16.3,58.4,0.9,28.1,7.9,56.8,0.6,0.6,1.2,3.9,1375.0,16.5,12.1
84010305,female,6234.0,6.9,8.5,8.9,52.7,52.9,3.2,18.7,8.7,7.3,6.7,6.9,6.1,7.0,6.3,5.8,5.4,4.7,3.9,2.5,4.4,7.3,31.8,55.6,2.5,10.1,29.9,99.1,58.7,0.7,27.1,9.6,4.5,5.1,22.1,99.2,13.6,0.2,0.0,98.3,4.3,12.2,37.7,0.0,15.1,55.6,26.1,3.2,0.0,0.0,0.0,124.0,15.5,10.8
84010305,male,5719.0,7.9,9.7,11.1,27.6,38.3,57.7,20.9,8.7,6.3,7.0,6.4,6.2,6.0,5.2,4.4,4.8,4.7,3.5,3.3,4.7,6.5,39.6,59.3,0.4,0.6,32.9,97.8,31.4,1.3,32.9,14.9,6.1,6.6,36.9,98.9,13.6,0.1,0.3,99.1,2.3,10.8,33.6,0.3,36.4,13.1,44.6,0.7,2.4,0.8,1.6,1859.0,16.2,11.5
84010307,female,6924.0,7.8,8.3,9.3,44.1,47.3,4.6,14.5,7.3,6.1,6.7,7.8,7.3,7.3,6.3,5.3,4.8,5.0,3.7,2.6,4.3,9.5,29.2,56.7,3.0,11.1,27.5,91.0,49.7,1.4,31.1,10.4,5.1,4.5,45.7,91.7,7.9,0.0,0.0,97.6,4.4,14.1,48.4,0.0,6.1,44.5,46.5,0.0,0.0,0.0,2.8,201.0,15.599999999999998,10.600000000000001
84010307,male,6802.0,8.8,8.9,9.5,19.9,32.9,58.8,20.5,8.1,7.2,8.0,8.2,6.8,7.1,5.0,4.2,3.4,4.1,4.0,3.0,3.7,8.1,41.1,56.9,1.2,0.9,33.7,92.5,22.5,2.1,32.1,18.8,7.3,6.8,60.7,92.3,6.5,0.1,0.0,98.1,4.2,13.0,46.3,0.5,12.3,15.4,56.9,0.3,0.4,3.0,11.2,2314.0,14.8,10.7
84010309,female,3929.0,7.7,8.3,9.6,59.5,56.4,4.4,1.6,8.0,6.2,8.1,8.0,7.9,6.5,5.5,5.5,4.9,4.2,3.1,2.5,3.8,5.3,32.3,54.3,2.3,11.1,29.7,96.7,66.9,2.6,31.1,7.1,1.5,1.3,6.9,99.4,0.3,0.0,0.1,99.4,0.7,6.3,32.5,0.0,70.1,17.3,2.4,7.9,0.0,0.8,1.6,127.0,13.600000000000001,9.399999999999999
84010309,male,3392.0,9.2,10.8,11.5,38.4,43.3,57.6,13.1,6.7,4.6,6.5,7.0,6.3,6.3,5.2,4.9,3.8,4.7,4.2,4.0,4.5,6.0,32.8,65.5,0.6,1.1,32.6,97.1,44.4,3.1,41.4,8.5,1.9,1.9,13.2,99.6,0.2,0.0,0.1,99.6,0.4,4.9,28.8,0.2,23.7,8.2,47.6,2.1,0.4,2.4,15.4,1164.0,17.4,12.7
84010311,female,6546.0,7.1,8.3,8.5,48.5,51.9,2.9,42.4,7.2,6.1,5.8,6.8,8.1,6.9,6.3,6.1,4.9,5.6,4.1,3.4,4.9,5.6,34.3,53.1,2.3,10.2,29.1,95.1,53.9,1.7,27.3,9.3,5.3,4.5,22.5,98.3,12.4,0.1,0.1,94.5,6.4,13.6,42.7,8.6,9.9,49.1,32.4,0.0,0.0,0.0,0.0,84.0,18.0,12.4
84010311,male,5925.0,8.4,9.4,10.6,24.7,34.1,49.9,12.9,8.0,5.7,6.4,6.9,6.3,6.6,4.8,4.8,4.4,4.3,4.3,3.9,5.5,6.2,40.6,57.8,0.8,0.8,35.3,95.1,27.7,2.5,29.2,20.9,6.9,6.4,35.6,98.1,11.5,0.3,0.0,95.1,6.2,14.4,46.1,1.9,26.4,10.5,40.4,0.9,0.3,0.0,19.8,1844.0,18.0,13.7
84010313,female,4562.0,6.3,8.9,9.6,53.5,50.7,17.0,17.6,8.6,6.2,5.5,6.5,6.8,7.1,6.9,5.8,5.4,5.0,3.4,3.4,4.6,5.7,32.7,57.6,1.9,7.8,29.8,96.9,60.0,2.1,33.3,8.1,2.9,2.9,23.0,88.0,11.9,0.0,0.0,99.7,0.5,7.6,35.4,0.0,58.4,4.2,4.0,26.8,6.0,0.2,0.4,481.0,16.4,11.399999999999999
84010313,male,4022.0,7.7,9.1,10.4,32.4,39.9,61.3,27.8,8.5,5.4,5.3,5.2,6.0,6.2,5.6,5.6,5.0,5.3,4.6,3.7,6.4,6.7,36.1,62.0,0.9,1.0,34.6,98.5,36.7,2.8,29.1,15.6,5.7,6.8,35.0,87.2,12.6,0.0,0.0,99.5,0.7,11.7,38.8,0.4,34.8,11.4,38.3,2.9,0.9,6.2,5.1,1296.0,20.0,14.700000000000001
84010315,female,6197.0,7.7,7.7,8.3,53.5,53.1,2.5,33.9,7.3,6.5,6.9,7.4,7.9,6.9,6.0,5.9,4.7,4.6,4.3,3.1,4.9,4.5,31.3,55.2,3.3,10.2,28.7,96.8,59.3,1.4,29.3,9.9,4.2,2.0,26.8,98.5,9.6,0.0,0.2,97.1,4.7,11.3,50.7,0.0,0.0,52.0,11.5,5.9,0.0,12.4,18.2,79.0,16.9,12.3
84010315,male,6198.0,8.7,9.0,9.2,27.9,37.6,67.4,16.3,8.2,6.9,8.3,7.8,7.3,5.8,5.1,4.0,4.0,4.1,4.1,3.1,4.3,6.1,43.5,55.5,0.2,0.8,33.2,96.8,31.2,2.7,31.9,16.8,6.6,4.5,38.1,98.8,8.2,0.1,0.0,98.6,2.3,12.0,47.3,1.0,39.0,22.6,20.6,0.6,1.4,0.8,13.9,2557.0,15.599999999999998,11.5
84010317,female,7452.0,8.5,9.3,10.1,47.9,48.5,3.4,24.6,9.2,6.9,6.8,7.4,6.7,7.0,6.1,4.4,4.1,3.9,3.4,2.5,3.6,6.1,29.3,58.8,3.0,8.9,27.3,94.8,54.4,2.0,28.7,12.4,5.3,3.0,21.5,98.1,0.9,0.0,0.0,95.3,6.5,12.3,41.5,0.0,10.2,64.6,11.0,6.3,0.0,0.0,7.9,136.0,13.4,9.5
84010317,male,7365.0,9.4,10.0,11.1,22.1,35.5,63.9,22.7,8.5,6.9,7.5,7.7,6.4,6.2,4.5,4.0,3.7,3.6,3.5,3.1,3.8,6.7,41.5,57.1,0.4,0.9,32.6,91.4,25.6,3.0,34.7,17.0,4.9,4.9,27.7,98.6,1.2,0.0,0.1,95.1,6.0,7.8,34.2,1.7,18.2,13.9,47.0,0.2,0.8,2.3,15.8,2531.0,14.0,10.399999999999999
84010701,female,3727.0,7.5,9.1,9.0,51.8,52.6,2.4,21.2,6.8,5.2,6.4,7.6,7.4,7.1,6.2,4.7,4.3,4.9,3.9,4.2,5.8,5.2,28.2,57.1,2.7,12.0,27.0,95.5,57.9,1.7,31.8,7.4,3.9,2.6,38.6,98.8,0.7,0.0,0.0,99.1,1.1,6.7,27.4,0.0,5.8,42.3,50.0,0.0,0.0,0.0,1.9,52.0,18.8,13.899999999999999
84010701,male,3431.0,9.7,9.0,9.4,27.0,35.3,60.2,40.8,8.2,6.2,6.6,6.8,6.3,6.2,5.0,5.6,3.4,3.7,4.3,4.2,5.5,7.0,37.2,61.2,0.8,0.9,33.5,96.4,30.4,2.2,33.6,16.8,7.4,4.8,47.1,99.0,0.4,0.0,0.0,99.3,1.1,5.7,29.7,0.0,49.1,19.3,28.7,0.7,1.6,0.5,0.1,879.0,17.7,14.0
84010703,female,4595.0,6.9,9.6,9.6,39.9,42.5,4.0,48.1,8.1,5.6,5.8,6.1,7.6,8.0,6.8,5.7,3.8,4.8,4.0,3.6,3.8,6.1,31.7,57.9,2.5,8.0,24.7,96.7,44.8,2.2,31.7,11.9,6.4,5.4,95.7,20.1,13.2,0.0,0.0,99.1,1.0,14.1,37.4,0.0,24.3,45.7,20.0,1.4,0.0,1.4,7.1,70.0,16.2,11.399999999999999
84010703,male,4085.0,9.6,11.1,12.1,14.3,22.2,58.3,14.3,9.8,5.9,4.9,4.9,5.7,7.0,6.2,5.5,3.3,3.2,3.5,3.8,3.3,5.8,36.4,61.7,0.7,1.2,32.4,95.9,16.7,2.4,35.2,23.1,9.3,8.0,96.1,16.9,11.8,0.0,0.0,99.5,0.8,12.9,41.0,0.7,42.6,12.6,12.2,0.8,1.1,4.1,25.9,1372.0,13.8,10.6
84010705,female,9825.0,10.0,9.6,10.6,55.5,55.1,2.9,46.1,9.9,7.2,6.8,6.7,6.5,6.0,5.5,4.3,3.8,3.9,3.2,2.9,2.9,5.5,31.0,55.7,1.6,11.7,26.6,88.9,62.7,0.9,30.8,8.9,2.3,2.0,15.4,97.6,8.2,0.0,0.0,95.0,8.0,7.1,33.1,0.0,6.4,56.5,10.3,0.0,21.7,0.0,5.1,106.0,12.9,9.0
84010705,male,9909.0,10.0,10.7,11.3,30.8,40.0,65.5,17.2,10.1,9.2,8.4,7.4,5.4,5.4,4.2,3.3,2.9,2.4,2.6,2.9,3.7,5.0,43.6,54.8,0.6,1.0,31.9,92.8,34.9,1.6,33.2,16.7,3.6,4.9,23.0,98.4,8.6,0.0,0.0,95.8,7.1,7.6,32.0,0.7,40.1,10.2,24.1,1.1,6.1,3.7,14.1,3655.0,11.600000000000001,9.2
84010707,female,12316.0,8.1,9.6,9.9,39.8,42.4,7.9,38.1,8.5,6.7,6.6,7.0,6.4,6.7,5.9,5.9,4.0,4.5,3.2,2.8,4.1,3.6,28.3,56.2,3.8,11.7,25.6,94.9,44.7,1.6,30.3,10.8,8.6,6.3,77.6,35.5,8.7,0.0,0.0,98.5,2.5,14.7,42.9,1.3,10.6,27.3,42.9,16.7,0.2,0.0,0.9,435.0,14.6,10.1
84010707,male,11737.0,8.9,10.6,11.1,17.4,24.6,62.4,22.5,8.6,7.0,6.5,6.5,5.9,6.3,5.7,5.6,3.9,3.5,3.6,2.9,3.4,4.6,37.8,60.1,1.2,0.9,31.8,95.4,19.6,1.9,34.9,20.0,9.8,8.9,82.3,32.5,7.6,0.0,0.1,98.6,2.5,13.7,46.1,0.8,28.1,15.1,49.2,1.2,0.6,0.9,4.1,3936.0,13.4,9.9
84010709,female,24006.0,7.8,9.4,10.3,28.8,34.1,10.4,44.3,8.7,7.7,6.8,7.7,7.4,7.4,6.4,5.4,4.0,3.8,2.6,2.0,2.5,3.2,33.1,56.6,3.3,7.0,26.1,98.1,32.6,2.3,27.4,15.8,11.4,8.9,76.2,73.1,9.7,0.0,0.1,98.1,7.9,20.1,54.2,1.7,17.1,29.7,44.3,2.0,0.5,0.9,3.7,1007.0,10.9,7.1
84010709,male,22957.0,8.9,10.6,11.7,11.9,21.5,62.2,17.4,9.6,6.9,6.1,6.6,6.5,6.6,5.5,5.3,4.3,3.6,3.1,2.5,2.3,3.7,40.8,57.9,0.7,0.6,33.3,95.2,13.6,2.7,29.8,22.6,13.1,10.4,80.2,71.8,10.8,0.0,0.1,97.8,7.9,19.0,57.5,1.5,30.0,17.4,37.0,0.8,1.7,3.3,8.3,8122.0,11.5,7.8999999999999995
84010711,female,5293.0,8.3,9.3,9.2,48.8,51.3,3.5,21.5,8.4,7.1,6.1,7.6,7.0,5.7,5.8,5.5,3.8,4.9,3.8,3.2,4.3,5.5,26.6,54.1,3.6,15.8,26.3,97.9,54.8,1.9,29.2,9.1,4.6,3.9,34.8,96.6,9.2,0.0,0.0,98.0,2.2,13.9,39.0,0.0,6.6,52.8,27.4,1.9,0.0,0.9,10.4,106.0,16.2,11.3
84010711,male,4881.0,9.4,9.7,10.5,17.3,26.2,67.5,33.6,8.7,8.0,7.7,7.8,7.4,6.4,4.7,4.5,3.3,3.3,2.6,2.9,3.0,5.1,41.7,56.4,1.4,0.6,32.7,98.0,19.8,1.8,38.6,20.1,6.5,6.8,43.0,97.4,5.5,0.0,0.0,98.0,2.4,12.6,41.6,0.5,44.4,12.1,18.6,1.3,3.0,7.0,13.1,1541.0,11.8,8.5
85770103,female,6363.0,7.9,8.8,9.9,34.0,40.1,10.8,36.4,8.0,7.5,6.3,7.6,7.5,7.0,5.8,5.6,4.7,4.2,3.0,2.2,3.8,3.3,30.6,52.5,6.4,10.6,26.6,96.6,38.2,1.4,26.0,13.9,9.3,9.3,44.2,3.1,92.0,0.1,0.0,99.3,3.8,28.2,66.9,2.5,7.4,36.6,38.6,2.6,0.0,6.9,5.5,322.0,13.2,9.0
85770103,male,5711.0,9.5,10.6,11.6,10.1,20.2,68.5,19.0,8.2,6.1,5.1,7.1,6.5,6.5,5.7,4.9,4.5,4.8,3.7,1.8,3.2,3.5,37.8,60.2,1.5,0.4,33.4,96.5,11.4,2.5,27.0,23.0,14.4,12.9,54.7,2.6,92.5,0.1,0.1,98.2,6.1,29.6,73.5,3.1,25.7,27.6,37.3,0.9,1.6,2.6,1.3,2161.0,13.5,8.7
85770105,female,9095.0,9.3,10.6,10.1,38.1,43.3,9.2,31.0,8.2,7.3,6.9,7.3,7.6,6.4,5.7,4.7,4.3,3.9,2.6,2.3,2.9,3.4,25.0,60.7,5.7,8.6,24.6,94.1,43.6,2.4,27.1,14.1,7.4,5.6,32.7,18.6,84.6,0.1,0.0,97.9,8.5,14.3,49.7,0.0,24.5,28.3,33.6,7.1,0.0,1.3,5.3,404.0,11.700000000000001,7.800000000000001
85770105,male,8642.0,9.7,11.5,12.9,14.8,23.3,67.7,19.3,8.8,5.6,6.3,6.5,6.7,6.4,5.6,4.7,3.6,3.8,3.0,2.5,2.3,4.3,38.1,59.6,1.7,0.5,32.7,91.6,17.5,2.7,32.2,21.0,9.5,11.3,39.7,18.3,86.2,0.2,0.1,98.1,7.5,14.7,54.5,3.6,33.9,20.6,25.0,1.7,1.0,1.1,13.2,3108.0,11.600000000000001,7.8
85770111,female,22612.0,7.8,9.7,9.5,28.2,32.6,12.1,37.9,7.2,6.7,6.7,7.4,7.8,7.2,6.4,5.6,4.9,4.3,3.0,2.3,3.5,2.4,26.9,57.3,6.2,9.6,26.4,94.5,31.7,1.8,27.9,17.0,11.5,9.2,51.0,17.4,79.8,0.2,0.0,97.8,8.9,20.9,54.2,1.2,11.2,42.4,38.0,3.2,0.9,0.8,2.4,1238.0,13.1,8.8
85770111,male,21544.0,8.5,11.0,10.6,9.3,17.6,69.1,22.0,7.6,5.9,5.7,7.0,7.8,7.1,6.1,5.6,4.3,4.1,3.4,2.5,3.0,3.6,38.9,58.8,1.6,0.7,34.3,94.5,10.6,2.1,32.2,21.9,12.5,13.7,60.0,17.9,79.6,0.2,0.0,98.3,9.4,21.1,59.1,3.0,31.2,20.9,35.3,2.5,2.1,1.9,3.1,8114.0,13.0,8.9
85770205,female,10704.0,8.8,11.1,10.6,38.8,40.3,4.3,24.6,8.1,7.3,8.3,7.7,6.3,5.6,4.8,4.0,3.4,3.8,3.3,2.9,4.0,6.0,28.8,57.5,4.4,9.3,26.8,97.4,44.6,2.6,31.3,12.3,7.6,5.9,22.5,0.8,96.3,0.3,0.0,98.4,12.1,15.9,53.8,1.9,26.1,43.4,21.3,6.8,0.0,0.4,0.0,242.0,14.0,10.2
85770205,male,9744.0,10.6,12.8,12.6,17.8,25.9,61.6,13.6,8.3,6.4,7.3,7.2,6.0,5.7,3.8,3.6,2.8,2.8,3.3,3.1,3.7,5.0,41.4,57.5,0.7,0.4,33.1,99.3,21.1,2.9,33.1,20.6,9.0,8.6,28.3,1.3,96.0,0.1,0.0,98.3,11.4,14.2,54.8,2.1,26.7,14.3,53.5,2.4,0.2,0.7,0.2,3318.0,12.899999999999999,10.100000000000001
85770211,female,6187.0,9.5,13.6,13.3,44.5,42.5,3.0,29.7,10.0,6.5,7.8,6.6,5.2,4.8,4.2,3.6,3.2,3.9,2.5,2.3,3.1,5.0,24.7,65.3,3.1,7.0,23.8,97.7,52.6,2.4,35.4,13.0,4.5,2.2,9.2,12.7,87.9,0.5,0.0,98.2,6.6,5.9,36.4,0.0,13.3,73.5,13.3,0.0,0.0,0.0,0.0,83.0,11.799999999999999,7.9
85770211,male,5526.0,12.0,16.0,14.4,25.0,30.6,62.2,39.3,9.8,5.3,5.1,6.2,5.4,4.3,3.4,3.0,2.6,3.0,3.1,2.8,3.7,6.0,37.3,61.9,0.3,0.4,30.9,97.1,29.7,3.2,37.5,18.7,5.1,4.8,16.7,12.7,88.1,0.7,0.0,98.0,6.7,7.2,35.7,0.4,28.3,13.3,55.4,1.2,0.2,0.6,0.6,1202.0,12.599999999999998,9.600000000000001
85770221,female,2867.0,9.7,11.6,10.1,47.3,47.4,2.3,23.9,8.1,7.5,9.0,7.0,5.4,5.1,4.3,3.7,3.1,5.3,3.7,3.0,3.5,7.5,26.5,60.9,4.5,8.1,25.2,94.8,53.2,2.2,32.7,9.6,3.8,4.3,14.8,22.7,97.6,0.7,0.1,96.0,6.1,4.1,28.7,0.0,2.9,60.0,25.7,5.7,0.0,0.0,5.7,35.0,15.5,10.2
85770221,male,2588.0,11.3,14.3,10.9,30.8,35.5,62.3,35.3,8.3,6.9,6.3,6.8,6.0,5.0,3.3,3.3,2.5,3.1,3.5,4.7,3.7,8.1,39.4,58.9,0.7,1.0,32.4,95.1,34.8,3.4,34.4,16.1,4.1,6.6,22.1,26.2,97.6,0.7,0.0,96.2,5.9,6.2,29.6,0.6,6.8,12.7,29.4,1.5,0.2,0.0,48.9,663.0,15.0,11.899999999999999
85770301,female,5472.0,10.2,11.3,11.3,57.5,57.1,3.8,39.9,9.6,7.6,7.1,6.5,5.6,5.2,4.6,4.1,3.5,3.7,3.2,2.5,4.0,5.5,24.8,59.2,5.6,10.5,24.6,92.7,65.2,2.1,20.4,10.0,5.3,5.0,10.9,1.6,98.8,0.2,0.0,98.1,2.9,16.0,60.6,0.0,14.5,57.8,20.5,6.0,0.0,1.2,0.0,83.0,13.4,9.7
85770301,male,5648.0,11.2,12.2,12.3,36.8,40.0,67.2,32.5,9.8,6.4,7.2,6.8,5.5,5.7,4.7,3.8,3.1,2.7,2.7,2.4,3.5,6.0,40.9,56.6,1.4,1.0,31.8,93.4,42.5,2.5,29.1,17.5,5.8,5.0,17.3,1.7,98.9,0.2,0.0,99.2,2.4,10.2,53.0,1.2,19.8,7.4,57.1,3.5,0.6,2.3,8.0,1644.0,11.3,8.6
85770305,female,3478.0,9.1,9.1,10.3,48.0,50.1,4.3,34.3,9.1,5.8,6.4,6.8,6.0,6.5,5.3,4.7,4.4,4.3,4.1,3.2,5.0,7.1,23.4,56.4,8.6,11.6,23.4,96.7,53.7,0.4,24.2,12.3,7.6,5.4,12.6,18.9,98.8,0.1,0.0,99.6,0.8,16.7,51.3,0.0,7.0,66.2,21.1,4.2,0.0,0.0,1.4,71.0,16.599999999999998,12.3
85770305,male,3347.0,9.0,10.7,11.1,20.8,27.3,59.4,29.1,9.0,6.9,6.2,6.4,6.1,6.1,5.6,5.3,3.7,3.0,3.2,3.2,4.6,7.2,40.7,56.4,1.6,1.3,33.7,95.4,23.1,0.4,29.4,23.3,10.3,9.1,17.5,15.0,98.5,0.1,0.0,99.6,1.3,16.0,56.2,0.4,39.9,16.0,30.4,2.9,0.3,0.7,9.4,976.0,14.0,11.0
85770505,female,2494.0,9.0,10.5,10.5,49.5,48.9,3.3,33.3,8.3,6.3,8.0,6.5,6.0,6.5,5.6,4.4,4.0,3.7,3.7,3.1,3.7,8.8,25.3,58.5,5.7,10.5,24.3,97.8,56.5,2.5,27.3,11.8,5.5,3.9,26.5,0.3,98.2,0.1,0.0,98.5,3.4,12.8,51.3,0.0,0.0,60.5,39.5,0.0,0.0,0.0,0.0,38.0,14.2,10.5
85770505,male,2484.0,10.3,11.2,11.1,20.4,26.5,68.1,29.5,8.5,6.4,7.8,8.7,7.2,5.6,5.3,4.4,2.3,2.5,2.6,2.9,3.2,7.2,40.5,58.1,1.0,0.4,32.4,97.6,23.2,3.6,33.5,18.2,9.7,8.4,44.8,0.3,99.0,0.1,0.1,98.1,5.5,14.5,51.7,0.1,11.7,9.1,74.4,1.5,1.5,0.5,1.2,804.0,11.2,8.7
85770507,female,2653.0,7.4,9.0,9.1,47.1,48.8,10.6,28.2,7.8,7.5,6.8,6.6,6.5,7.2,6.4,4.9,4.6,4.7,3.2,3.8,4.6,4.1,27.2,54.9,6.7,11.2,25.9,95.5,52.3,2.3,25.0,11.9,6.0,6.0,35.1,2.7,98.5,0.2,0.0,98.0,9.5,14.7,53.5,0.0,23.3,20.0,25.3,27.3,0.0,2.0,2.0,150.0,16.299999999999997,11.6
85770507,male,2575.0,8.7,11.3,8.8,17.3,23.8,66.2,13.6,8.7,7.3,7.5,7.3,6.8,6.2,6.3,4.8,4.0,2.9,3.1,2.7,3.6,3.4,42.6,55.6,1.6,0.2,34.5,98.0,19.3,3.3,32.2,21.3,8.8,10.6,51.8,3.0,98.5,0.3,0.1,98.8,9.6,19.3,61.9,2.3,25.0,9.4,56.0,3.5,1.8,1.0,1.0,1048.0,12.299999999999999,9.4
85770513,female,2330.0,8.7,10.2,8.7,41.5,46.4,2.1,28.6,8.1,7.5,7.3,7.0,6.4,5.9,6.0,4.9,4.9,4.6,3.0,2.7,4.1,2.7,26.4,57.3,5.5,10.9,24.5,98.5,46.3,3.5,32.4,8.4,5.2,4.1,14.7,0.3,98.8,0.4,0.0,88.3,45.1,5.8,40.6,4.0,0.0,56.0,36.0,0.0,0.0,4.0,0.0,25.0,14.4,9.8
85770513,male,2350.0,10.3,11.2,11.7,17.5,25.8,62.3,33.4,8.3,6.6,6.4,7.3,6.9,5.1,4.9,4.2,3.7,3.7,4.0,2.6,3.1,2.4,42.1,56.6,0.8,0.5,34.0,97.2,20.1,4.4,32.8,19.7,8.7,8.6,23.7,0.6,99.0,0.2,0.0,91.2,49.3,8.1,50.7,2.9,30.7,13.8,49.6,0.6,0.6,0.6,1.1,651.0,13.4,9.7
85770517,female,8639.0,10.4,12.1,12.6,45.2,46.8,2.8,27.9,9.9,6.8,7.2,7.4,6.1,5.3,4.0,3.8,3.1,3.6,2.5,2.0,3.2,4.7,29.8,60.1,2.7,7.4,26.5,91.9,53.7,1.9,32.8,10.5,4.5,3.5,13.9,1.4,95.7,0.2,0.0,96.3,16.3,9.7,51.0,0.0,5.1,65.7,24.9,0.0,0.0,0.0,4.3,114.0,11.3,7.7
85770517,male,9068.0,10.9,11.6,12.9,24.6,33.5,60.3,15.3,9.7,8.1,8.7,7.8,6.3,5.1,3.7,3.0,2.7,2.5,2.6,2.0,2.6,4.4,47.8,51.3,0.6,0.3,33.5,92.0,29.3,1.7,31.0,18.0,6.6,9.2,20.2,1.3,96.5,0.7,0.0,95.9,23.4,10.4,53.7,1.3,8.8,6.2,74.4,1.4,1.2,1.8,5.0,2997.0,9.7,7.199999999999999
85770521,female,4064.0,9.6,11.2,12.5,45.1,44.2,2.8,28.9,11.3,7.8,6.7,5.8,5.6,4.9,4.8,4.5,4.0,3.0,2.1,2.4,3.8,5.2,26.5,57.6,4.8,11.1,24.4,98.0,52.6,3.6,28.0,12.2,7.0,4.9,3.3,12.3,98.2,0.3,0.0,97.5,3.8,11.3,39.9,0.0,7.4,66.7,25.9,0.0,0.0,0.0,0.0,54.0,11.3,8.3
85770521,male,4622.0,9.5,11.0,11.6,21.9,26.1,64.5,46.2,10.5,9.0,9.2,7.5,5.8,4.9,4.0,3.7,3.0,3.0,2.3,2.0,3.1,5.3,50.5,47.7,1.1,0.8,34.1,97.1,24.9,2.8,31.9,20.8,9.4,9.0,4.8,12.7,98.4,0.4,0.0,97.8,4.7,10.9,41.3,0.4,12.7,15.8,64.3,1.5,3.6,0.5,1.3,1088.0,10.4,7.4
85770529,female,5644.0,10.5,11.7,12.3,51.5,51.8,8.0,45.7,10.3,7.9,6.6,6.1,5.6,4.0,4.0,3.8,3.5,4.0,3.3,2.4,3.8,4.0,22.8,62.6,4.4,10.2,23.2,96.8,60.8,1.8,26.5,12.3,4.1,3.4,9.1,0.1,99.3,0.5,0.0,89.4,19.5,8.4,32.6,0.0,25.1,36.8,10.7,27.4,0.0,0.0,0.0,161.0,13.5,9.5
85770529,male,6047.0,10.4,10.9,12.0,29.5,36.2,65.9,25.8,10.4,9.0,7.9,6.3,5.4,5.4,4.3,3.8,2.7,3.1,2.6,2.7,3.0,5.2,43.0,55.1,1.0,0.9,31.5,96.2,34.1,0.9,33.2,18.8,5.5,5.5,17.5,0.2,98.7,0.5,0.2,88.2,20.5,4.4,27.9,0.0,47.0,6.6,41.7,1.6,1.0,2.2,0.0,1973.0,11.4,8.3
85770701,female,2910.0,9.2,10.4,13.3,43.3,45.2,2.0,12.8,9.5,6.9,6.8,7.0,5.2,5.7,5.3,4.0,3.5,3.5,2.9,3.0,3.9,6.8,26.4,61.3,4.6,7.7,25.0,92.4,51.5,2.8,30.6,13.4,4.5,3.5,0.8,6.3,99.0,0.4,0.2,96.9,30.6,10.9,42.5,0.0,2.9,73.5,17.6,0.0,0.0,0.0,5.9,34.0,13.3,9.8
85770701,male,2743.0,10.7,14.4,15.0,28.3,33.2,56.9,28.1,9.9,6.1,5.6,6.1,4.6,5.3,3.6,3.2,2.3,3.6,2.4,2.8,4.4,7.4,39.8,58.8,0.6,0.8,31.8,97.4,34.6,4.2,34.1,17.6,4.7,6.2,0.7,7.0,99.1,0.3,0.1,96.9,33.3,8.9,40.8,1.0,17.1,12.8,47.1,3.9,0.6,1.2,16.3,673.0,13.200000000000001,9.6
85770719,female,2172.0,9.0,9.9,11.9,34.6,40.3,6.1,39.1,8.8,8.0,7.9,7.1,5.8,6.0,4.3,4.4,4.3,3.6,2.9,2.6,3.5,5.1,28.5,56.1,3.5,11.9,25.8,96.6,40.4,1.9,29.2,15.0,8.2,5.4,24.0,2.3,99.1,0.0,0.0,98.8,17.6,22.4,68.8,0.0,14.3,37.5,32.1,5.4,0.0,7.1,3.6,56.0,12.6,9.0
85770719,male,2122.0,10.6,12.7,11.7,16.6,26.2,61.6,20.7,10.6,7.2,6.6,6.7,6.8,5.2,4.1,3.9,3.6,2.5,2.3,2.5,3.1,4.9,44.2,54.9,0.4,0.5,33.0,96.5,19.4,2.3,29.5,22.1,11.5,8.3,32.7,3.0,99.2,0.2,0.0,97.6,21.2,21.8,74.2,1.8,14.4,8.9,63.5,0.6,0.9,0.9,9.1,674.0,10.4,7.9
85770723,female,5920.0,10.4,12.1,12.5,40.2,43.3,3.1,29.9,10.2,7.5,7.1,7.2,5.8,5.1,3.7,3.7,3.6,3.1,2.9,1.9,3.1,3.7,29.3,55.9,4.4,10.4,25.4,94.2,47.2,1.6,35.6,12.1,5.5,1.9,0.5,25.0,74.7,0.1,0.0,96.8,14.1,5.5,32.6,0.0,25.8,18.7,36.6,18.9,0.0,0.0,0.0,85.0,11.0,7.9
85770723,male,6130.0,10.5,12.3,13.4,19.6,27.9,70.8,14.5,8.9,7.2,7.9,8.2,6.2,5.1,4.4,3.4,2.7,2.4,2.4,2.2,2.7,2.8,44.3,54.1,0.8,0.8,32.9,94.5,23.6,2.0,36.0,22.6,6.6,4.9,0.6,25.4,74.0,0.3,0.2,97.3,12.4,3.6,36.7,1.9,12.3,6.9,74.5,0.6,0.8,0.5,2.4,2363.0,9.7,7.3
85770727,female,8260.0,8.8,11.2,11.4,38.1,42.2,5.0,32.9,8.2,6.8,6.9,6.9,6.4,5.8,5.5,4.3,4.4,4.0,3.4,2.3,3.5,5.6,26.8,55.6,8.7,8.8,25.8,94.4,44.3,1.4,30.0,13.9,6.4,6.1,17.1,2.6,96.8,0.3,0.0,98.0,27.2,15.3,59.9,2.3,7.9,70.2,19.6,0.0,0.0,0.0,0.0,190.0,13.2,9.2
85770727,male,7394.0,10.5,13.2,12.8,20.2,29.1,62.2,26.2,9.2,5.6,5.5,6.3,6.0,5.9,4.6,4.2,3.4,3.0,3.2,2.9,3.7,5.5,40.6,57.2,1.6,0.6,32.9,95.2,23.9,1.3,31.8,22.6,6.7,8.5,23.7,2.0,97.0,0.2,0.1,97.6,30.4,12.8,65.6,1.5,30.0,23.4,34.0,0.8,0.0,3.7,6.7,2158.0,12.8,9.8
85770731,female,2732.0,6.3,8.2,9.6,38.4,41.9,3.4,47.9,6.6,5.1,4.4,6.1,6.7,8.6,7.4,5.9,5.9,5.6,3.8,3.9,6.0,4.9,21.4,56.0,8.6,14.0,27.8,98.0,42.9,2.2,28.0,14.2,7.3,6.4,2.6,1.4,98.0,0.3,0.0,97.6,2.4,8.9,35.8,0.0,2.7,43.2,43.2,8.1,0.0,2.7,0.0,37.0,19.299999999999997,13.7
85770731,male,2352.0,7.1,9.9,11.1,14.1,19.1,66.0,27.1,7.6,5.2,4.8,5.1,6.3,7.7,7.2,6.2,5.6,4.7,4.5,2.5,4.5,4.8,38.1,59.6,1.7,0.6,36.3,97.1,15.8,2.0,37.2,25.2,8.8,7.7,3.4,1.4,98.4,0.3,0.0,98.7,1.7,8.6,41.9,1.6,20.9,11.9,62.6,1.4,0.2,0.6,0.7,813.0,16.2,11.5
85770733,female,7499.0,7.4,9.0,8.7,35.9,41.2,4.5,45.3,6.3,6.1,6.7,8.0,7.8,7.9,5.9,5.2,4.7,5.2,3.8,2.7,4.4,6.1,31.9,49.9,7.2,11.1,29.5,92.3,39.9,1.0,24.1,15.6,9.0,9.0,33.1,17.5,82.2,0.2,0.0,97.8,3.3,10.8,38.8,2.8,10.6,39.1,34.2,0.0,6.9,0.0,6.4,139.0,16.1,10.9
85770733,male,6391.0,9.2,10.2,10.4,15.0,23.6,56.3,31.2,7.9,6.5,6.2,7.4,6.7,6.9,5.9,4.5,3.5,3.2,4.0,3.1,4.2,5.5,40.3,56.9,1.3,1.4,33.8,90.7,17.1,1.9,32.1,25.1,8.3,9.0,45.6,15.7,84.3,0.0,0.1,99.0,2.6,8.6,36.9,1.5,20.8,19.7,46.1,1.6,0.3,0.9,9.0,1739.0,14.5,11.3
85770903,female,4546.0,9.2,10.9,10.7,52.2,51.5,18.7,3.6,7.9,6.5,7.1,7.0,6.5,6.6,5.3,4.4,4.0,4.6,3.1,2.6,3.6,2.8,26.0,60.5,3.3,10.2,25.4,96.9,59.8,3.6,27.9,10.2,3.7,3.0,18.3,1.4,98.6,0.2,0.0,91.8,12.0,7.5,35.0,0.4,27.1,3.7,6.0,62.0,0.4,0.2,0.4,568.0,13.899999999999999,9.3
85770903,male,4339.0,9.1,12.1,11.5,27.2,33.5,65.2,23.3,9.3,7.3,6.7,6.2,6.9,6.5,5.1,3.8,3.2,3.8,3.5,2.5,2.3,2.3,40.4,58.3,1.1,0.3,32.3,97.4,31.3,3.6,31.1,18.9,6.1,6.7,25.5,1.7,98.5,0.1,0.0,91.1,13.7,8.4,39.2,0.9,24.4,7.7,42.7,4.7,7.1,1.6,10.9,1458.0,12.100000000000001,8.3
85770909,female,7943.0,9.0,10.8,11.4,49.1,51.6,3.2,34.3,8.1,6.4,6.3,7.7,6.7,6.1,5.5,5.1,3.9,4.2,3.1,2.5,3.2,4.3,24.6,60.8,5.1,9.6,25.1,95.6,56.4,2.9,26.3,11.4,5.1,2.7,19.8,11.1,98.0,0.3,0.0,95.0,7.7,11.2,36.0,3.9,0.0,31.9,56.4,0.0,0.0,0.0,7.9,115.0,13.0,8.8
85770909,male,7477.0,9.7,12.0,12.4,28.5,34.6,67.3,17.1,8.7,5.7,5.7,6.5,6.9,6.2,5.4,4.2,3.6,4.1,2.9,2.7,3.3,4.3,38.0,60.5,1.1,0.5,32.1,94.8,33.4,2.3,31.8,19.5,6.3,5.5,25.7,10.5,98.5,0.3,0.0,95.4,7.3,11.8,37.6,4.3,22.7,6.5,62.3,0.8,0.9,0.6,2.0,2744.0,13.0,8.899999999999999
85770911,female,10296.0,8.8,11.1,11.5,49.9,49.8,3.7,51.6,8.5,6.5,6.1,7.3,7.3,6.7,5.3,4.7,3.8,3.6,3.1,2.4,3.1,5.6,24.5,60.9,5.0,9.6,23.7,92.9,57.6,3.5,28.1,11.7,4.8,2.1,22.8,15.5,93.5,0.3,0.1,98.5,5.9,13.0,49.3,0.0,23.8,46.1,24.6,5.5,0.0,0.0,0.0,127.0,12.2,8.6
85770911,male,9689.0,9.8,12.2,12.8,28.5,34.1,60.3,23.8,9.8,6.6,5.7,6.3,6.4,6.3,5.0,4.0,3.1,3.3,2.6,2.5,3.4,5.6,38.9,59.6,0.8,0.8,31.7,96.6,33.5,2.8,32.1,19.5,7.0,4.6,29.8,13.3,95.4,0.2,0.0,97.4,8.2,12.6,50.5,1.2,32.4,6.9,49.3,1.8,3.5,1.7,3.2,2901.0,11.8,8.5
85770915,female,11499.0,10.5,11.7,12.8,53.9,53.5,17.9,3.7,9.9,7.7,7.1,6.6,5.9,5.0,4.7,4.3,3.3,3.4,2.3,1.9,2.9,4.9,30.4,55.5,3.7,10.4,26.5,88.8,62.9,2.0,30.2,8.8,3.2,2.3,4.9,12.8,94.4,0.3,0.0,96.5,6.6,8.9,41.4,0.4,16.1,11.0,8.4,61.5,0.9,0.8,0.8,1288.0,10.5,7.1
85770915,male,11719.0,10.8,12.0,12.7,35.9,43.3,74.7,15.0,9.6,8.8,7.9,7.0,5.9,4.7,3.5,3.4,2.8,3.0,2.4,2.1,3.0,5.4,45.2,52.8,1.0,1.1,32.2,93.2,41.9,2.0,29.4,16.5,4.5,4.4,7.9,14.7,94.4,0.2,0.1,96.6,9.1,5.6,38.9,0.6,32.6,5.8,51.5,7.3,1.1,0.6,0.4,4796.0,10.5,7.5
85770925,female,8398.0,8.1,10.0,9.8,42.6,45.8,5.2,27.2,7.9,6.0,5.6,6.6,7.3,7.4,6.0,5.4,4.5,4.6,3.7,3.0,4.3,4.1,25.5,56.3,5.1,13.1,25.8,97.2,48.3,2.1,26.1,13.0,7.2,5.8,24.3,34.7,84.3,0.3,0.0,97.5,12.5,15.2,52.3,0.0,2.9,44.3,48.3,2.4,0.0,0.0,2.1,228.0,15.600000000000001,11.0
85770925,male,7756.0,8.8,11.2,11.8,17.5,23.1,60.8,20.0,9.2,5.4,5.3,5.9,6.4,6.3,5.6,5.2,4.4,4.0,3.8,3.2,3.6,4.1,39.7,58.1,1.2,1.0,35.2,100.0,20.5,3.1,30.4,22.0,10.3,11.1,32.0,35.8,82.9,0.4,0.0,98.8,15.8,16.3,58.0,2.5,22.2,14.4,51.9,1.7,0.9,2.2,4.2,2570.0,14.6,10.6
85870101,female,5630.0,8.7,10.1,11.5,30.6,38.1,9.3,27.8,9.5,8.0,6.5,7.4,7.0,6.7,5.6,4.5,3.9,3.6,2.9,1.7,2.5,3.6,31.8,58.6,3.3,6.3,25.2,99.0,35.7,1.5,26.0,12.1,10.6,11.8,92.6,66.3,20.2,0.1,0.3,99.0,17.1,18.2,52.1,0.0,12.8,48.5,37.3,1.4,0.0,0.0,0.0,264.0,10.7,7.1
85870101,male,5550.0,10.0,11.7,12.2,13.7,23.1,66.7,20.2,9.6,7.3,5.8,6.2,6.6,6.1,6.0,5.2,3.3,3.2,2.4,2.2,2.2,2.5,39.6,59.3,1.0,0.0,32.0,96.5,16.2,1.5,30.5,20.4,9.7,14.8,92.9,63.7,20.6,0.2,0.2,98.6,15.3,21.0,56.6,2.5,20.5,31.4,31.3,1.1,0.3,0.8,12.1,1953.0,10.0,6.8
85870113,female,20793.0,8.7,10.1,10.5,25.9,35.9,11.1,28.4,9.2,8.9,8.2,7.9,6.8,6.4,5.5,4.6,3.4,3.2,2.5,2.0,2.3,4.0,31.2,58.0,3.5,7.3,26.2,96.3,29.6,1.2,24.5,15.7,11.5,11.2,97.1,12.2,13.0,0.1,2.7,99.5,3.0,18.9,51.8,0.9,9.0,60.4,25.5,0.4,2.4,0.0,1.4,1171.0,10.0,6.8
85870113,male,20863.0,10.2,10.8,11.8,10.8,22.6,61.5,18.7,9.0,7.7,7.4,7.8,6.1,5.9,4.8,4.5,3.9,3.1,2.5,2.1,2.4,4.4,42.2,56.4,0.9,0.5,32.4,95.1,12.6,1.4,29.6,18.8,11.4,16.0,97.4,12.1,12.7,0.1,2.8,99.7,3.0,20.7,51.5,2.2,23.1,35.2,20.6,2.0,3.9,4.8,8.3,7006.0,10.1,7.0
85870301,female,3484.0,8.8,9.6,10.4,43.7,47.8,3.3,20.5,8.3,7.0,6.3,7.3,5.6,6.4,5.1,5.2,3.8,4.6,3.8,3.5,4.4,7.4,26.0,57.9,3.9,12.2,24.8,96.7,50.0,1.3,26.9,12.4,6.6,5.1,55.9,98.2,20.5,0.1,0.0,98.4,1.9,9.6,42.6,0.0,4.5,57.6,19.7,7.6,1.5,0.0,9.1,66.0,16.299999999999997,11.7
85870301,male,3173.0,11.2,13.5,12.4,15.8,26.3,52.6,10.1,10.8,7.5,5.2,6.3,5.2,5.2,4.2,3.4,2.8,2.9,3.3,2.7,3.4,6.8,37.7,61.3,0.5,0.7,29.2,95.5,18.7,1.6,36.1,19.8,7.5,8.8,62.0,97.9,19.8,0.1,0.0,99.0,1.3,7.6,39.1,0.7,20.3,12.8,56.2,1.6,1.3,0.5,6.6,946.0,12.299999999999999,9.4
85870303,female,4044.0,7.7,10.1,10.4,45.4,48.1,4.0,34.8,9.5,7.8,6.2,5.9,5.6,6.1,5.8,4.9,4.2,4.6,3.6,3.2,4.5,6.3,31.7,53.5,3.9,10.8,27.5,96.7,51.8,1.3,25.9,11.6,6.1,7.0,49.1,57.1,31.6,0.0,0.0,99.0,1.4,18.5,53.4,0.0,5.3,50.7,29.3,2.7,0.0,5.3,6.7,75.0,15.899999999999999,11.3
85870303,male,3510.0,9.2,10.7,12.5,20.0,26.8,52.2,27.4,10.4,8.1,5.9,6.1,5.6,5.4,4.8,3.6,3.5,3.6,3.4,2.8,4.3,7.2,41.0,57.2,1.1,0.8,32.0,95.4,22.9,1.4,38.6,19.1,6.5,7.5,56.8,53.1,35.5,0.0,0.0,99.4,1.0,13.3,45.1,0.7,21.9,10.0,34.1,1.3,0.3,20.2,11.5,898.0,14.100000000000001,10.5
85870321,female,3770.0,8.3,8.8,9.7,43.0,45.1,3.6,42.4,9.5,8.8,6.4,6.8,5.6,6.3,4.7,4.7,4.8,4.5,3.3,3.6,4.1,4.2,32.5,53.6,2.4,11.6,26.3,98.8,48.7,1.9,25.9,10.6,7.3,9.3,42.2,98.2,0.5,0.0,0.0,98.6,1.8,27.5,58.1,0.0,1.8,54.4,29.8,3.5,1.8,3.5,5.3,57.0,15.5,11.0
85870321,male,3314.0,10.1,9.9,11.9,16.9,23.7,50.7,21.7,10.4,8.4,7.0,6.2,5.3,5.6,5.0,3.7,3.4,3.0,3.2,2.2,4.8,5.4,40.8,57.9,0.6,0.7,30.9,97.7,19.3,2.0,33.1,21.2,7.3,12.7,46.8,97.8,1.2,0.0,0.1,98.9,1.3,22.1,55.3,0.6,23.9,14.0,29.6,0.9,12.6,1.2,17.3,896.0,13.2,10.2
85870327,female,5220.0,8.6,10.0,11.5,41.6,54.1,1.9,16.2,10.3,8.4,6.6,6.7,6.5,6.8,4.9,4.2,3.0,3.5,3.0,3.0,3.1,2.4,32.4,59.7,2.3,5.5,27.0,88.7,47.6,0.0,22.8,11.4,5.2,6.4,98.9,2.7,2.6,0.1,0.1,99.6,0.5,2.8,9.8,0.0,3.5,71.9,17.5,0.0,0.0,3.5,3.5,57.0,12.6,9.1
85870327,male,5466.0,10.9,11.5,12.7,22.7,38.1,43.9,15.5,11.0,8.1,7.0,6.7,5.4,5.5,4.2,4.0,2.2,2.7,2.4,2.8,2.8,2.5,42.6,56.3,0.5,0.6,30.7,89.6,26.1,0.0,29.8,17.8,4.7,9.5,98.9,2.3,2.3,0.1,0.2,99.6,0.6,3.5,10.7,0.1,42.3,11.1,33.1,0.2,0.7,8.1,4.5,1318.0,10.7,7.999999999999999
85870337,female,5435.0,9.6,10.6,11.3,42.7,47.4,5.3,63.8,9.2,7.6,7.0,7.3,6.7,5.3,4.7,4.3,3.3,4.1,3.3,2.5,3.3,4.9,29.8,59.1,2.9,8.2,26.2,96.6,49.4,2.3,25.7,11.8,6.4,6.4,58.7,69.1,28.6,0.1,0.0,97.8,2.5,19.1,55.2,0.0,2.8,66.2,25.4,4.2,0.0,0.0,1.4,71.0,13.2,9.1
85870337,male,5515.0,10.0,11.6,11.9,18.6,28.0,63.3,23.5,10.4,8.7,7.6,7.2,6.2,5.7,4.4,3.3,3.0,2.7,2.5,2.0,2.7,5.1,43.9,55.3,0.6,0.2,31.4,96.1,21.7,2.7,33.6,18.0,7.1,10.6,68.9,70.0,28.1,0.1,0.0,98.5,2.2,16.1,52.3,1.1,14.9,12.3,60.8,0.7,0.5,0.5,9.3,1771.0,9.9,7.2
85870339,female,5754.0,8.4,10.3,10.0,43.4,46.6,4.8,55.1,7.6,6.7,6.3,6.8,6.4,6.6,5.6,5.5,4.1,4.5,3.5,3.4,4.3,3.3,30.8,57.3,3.4,8.5,25.7,97.0,49.2,2.4,28.9,10.4,5.7,6.0,38.2,88.0,10.8,0.0,0.1,97.5,8.8,14.8,40.6,0.0,2.2,76.4,16.9,3.4,0.0,0.0,1.1,89.0,15.7,11.2
85870339,male,5608.0,10.1,11.3,11.0,20.3,27.3,55.3,24.9,9.6,7.3,6.4,6.4,6.2,6.0,5.2,3.7,3.4,3.7,2.9,2.8,4.2,3.9,42.1,56.8,0.4,0.6,32.7,96.0,23.2,2.7,33.3,21.1,7.6,8.0,47.1,87.5,11.9,0.0,0.1,98.0,8.6,11.9,39.4,0.7,25.5,12.1,55.8,1.1,1.0,2.0,1.8,1575.0,13.599999999999998,9.899999999999999
85870709,female,2082.0,11.0,12.5,12.1,44.7,47.0,2.5,39.4,9.3,8.1,7.5,7.3,6.0,6.6,3.7,3.5,2.3,2.9,2.3,2.1,2.7,11.0,29.0,64.8,1.1,5.1,25.6,96.5,52.2,3.8,29.8,10.1,5.3,3.9,98.5,9.0,0.6,0.0,0.7,99.9,0.3,5.7,20.4,0.0,5.0,60.0,25.0,0.0,0.0,5.0,5.0,20.0,10.0,7.1000000000000005
85870709,male,2227.0,12.3,13.2,12.9,22.5,31.0,64.9,32.4,9.2,7.9,8.3,7.9,6.0,4.9,4.6,3.2,1.7,2.1,1.6,1.6,2.7,11.5,39.8,59.5,0.3,0.4,29.5,98.6,26.4,4.1,31.2,19.0,7.2,7.5,98.9,7.4,0.9,0.0,0.8,99.7,0.6,5.5,21.9,0.5,8.0,13.0,53.8,0.8,1.0,4.2,18.8,602.0,8.0,5.9
85870711,female,7767.0,9.9,11.1,12.3,39.1,43.8,3.0,17.5,10.0,7.6,7.0,6.6,5.5,6.1,4.7,3.8,3.3,3.4,2.9,2.6,3.2,2.9,27.3,60.7,2.3,9.8,22.3,98.0,46.3,1.9,29.3,11.7,8.2,5.2,87.1,29.1,23.9,0.0,0.1,99.6,1.1,3.6,23.6,0.0,0.0,65.5,30.5,0.0,0.0,4.0,0.0,130.0,12.100000000000001,8.7
85870711,male,8473.0,10.1,11.5,13.3,21.6,26.1,59.2,14.2,9.7,9.4,8.5,6.7,4.5,5.2,4.1,3.6,2.9,2.7,2.4,2.0,3.3,3.1,39.3,59.0,1.1,0.6,28.4,96.7,25.3,2.1,36.9,19.1,5.6,10.1,87.0,30.0,23.1,0.0,0.1,100.0,1.4,4.9,19.5,0.3,8.5,10.9,37.3,1.6,6.1,5.7,29.6,2798.0,10.399999999999999,7.7
85870713,female,5031.0,9.5,11.2,12.6,46.7,48.5,1.2,28.2,10.3,7.0,6.5,6.9,5.9,6.1,4.9,4.3,2.9,3.7,3.0,2.2,3.0,3.9,28.3,63.1,1.6,7.0,25.0,97.0,55.2,1.8,27.0,12.1,6.4,4.2,95.4,3.7,20.9,0.0,0.0,99.4,0.8,12.0,34.3,0.0,3.6,53.6,35.7,0.0,3.6,0.0,3.6,28.0,11.9,8.2
85870713,male,4941.0,11.2,13.2,13.1,27.8,32.7,48.2,32.0,10.2,7.2,6.5,6.3,4.9,5.7,4.5,3.6,2.7,2.8,2.7,2.6,2.7,3.7,37.4,61.8,0.4,0.5,29.7,97.2,33.2,2.0,33.9,18.3,5.4,7.7,96.7,3.4,22.2,0.0,0.0,99.7,0.6,12.9,36.5,2.0,29.5,9.1,47.2,2.6,1.0,0.5,8.1,1012.0,10.8,8.0
85870715,female,4514.0,10.1,11.9,13.0,43.2,47.1,1.1,43.8,9.2,7.4,6.6,7.2,6.0,6.0,4.4,4.3,3.7,3.1,2.3,2.5,2.4,3.1,25.0,66.7,1.8,6.5,24.3,94.4,51.4,1.8,32.4,10.3,4.9,3.5,97.5,18.5,0.8,0.0,0.0,99.1,0.8,6.2,20.9,0.0,5.6,55.6,33.3,0.0,0.0,0.0,5.6,18.0,10.3,7.199999999999999
85870715,male,5005.0,9.8,12.4,13.6,25.6,31.3,55.2,14.4,10.1,8.0,8.4,7.1,5.4,4.9,4.0,3.3,2.9,2.6,2.2,2.5,2.9,4.0,41.3,57.6,0.5,0.6,30.1,96.2,30.5,1.3,35.3,16.6,6.1,9.4,97.6,19.3,0.3,0.0,0.1,99.7,0.4,7.3,22.8,0.8,40.1,9.0,32.4,2.1,0.4,0.4,14.8,1518.0,10.200000000000001,7.6
85870729,female,2202.0,10.4,11.7,11.9,49.4,48.5,2.6,52.6,10.4,5.8,5.9,7.4,6.0,6.0,3.7,4.1,3.4,3.0,3.8,2.9,3.6,9.2,23.1,65.8,3.0,8.1,23.2,98.5,57.9,3.9,26.2,11.9,6.7,2.8,37.6,97.4,3.3,0.0,0.0,98.7,1.4,14.2,62.4,22.2,5.6,44.4,16.7,11.1,0.0,0.0,0.0,18.0,13.299999999999999,10.299999999999999
85870729,male,2459.0,10.7,11.9,12.4,29.2,32.9,56.5,28.0,10.4,8.9,8.4,6.4,4.6,5.2,4.3,2.8,3.1,2.3,2.6,2.4,3.6,9.2,43.7,55.5,0.4,0.4,31.1,99.2,34.3,3.7,31.0,17.0,7.6,7.8,59.9,97.2,2.2,0.0,0.0,98.8,1.0,13.1,61.0,16.7,28.7,10.0,37.0,0.6,0.8,2.5,3.7,651.0,10.9,8.6
85870743,female,7639.0,11.0,11.8,13.0,39.7,45.1,2.9,28.6,9.3,7.4,6.7,7.2,5.9,5.4,3.9,4.2,3.2,3.4,2.5,2.5,2.6,4.5,27.3,62.5,3.2,7.0,24.6,91.7,47.7,2.0,32.2,10.4,5.6,4.6,90.9,32.0,3.7,0.0,0.5,99.9,0.3,9.4,29.1,0.0,10.4,40.2,40.5,2.9,0.0,0.0,6.0,103.0,11.0,7.6
85870743,male,8031.0,11.2,11.6,13.1,21.9,28.6,63.3,16.6,9.7,8.1,8.0,7.2,5.8,4.8,3.9,3.4,2.6,2.6,2.7,2.5,2.7,4.9,42.4,56.8,0.5,0.4,30.4,97.1,25.7,1.4,35.6,20.5,5.5,8.4,93.2,28.3,4.4,0.0,0.4,98.9,1.6,7.2,27.5,0.2,34.2,8.0,33.2,5.4,1.5,3.3,14.2,2714.0,10.5,7.9
85870745,female,7369.0,9.4,10.4,11.6,38.0,44.8,5.0,16.2,9.5,8.2,7.2,6.8,6.4,6.4,5.1,4.0,3.3,3.7,2.8,2.5,2.9,5.0,29.3,60.5,2.3,8.0,25.6,86.5,44.3,2.8,23.2,14.2,6.6,8.4,97.8,9.9,3.2,0.1,0.2,100.0,2.9,14.4,38.3,0.0,0.0,57.3,28.3,0.0,0.0,0.0,14.4,213.0,11.9,8.2
85870745,male,7281.0,10.0,12.3,12.0,17.5,25.2,57.3,31.1,9.7,8.2,7.5,6.9,5.9,5.6,4.8,3.8,2.7,2.6,2.8,2.6,2.6,5.7,41.0,57.7,0.9,0.3,30.7,83.3,20.5,2.4,36.0,19.0,6.5,10.8,98.0,10.7,2.9,0.0,0.6,99.5,3.6,10.8,34.5,1.7,17.1,18.2,17.1,0.9,6.3,4.9,33.8,1889.0,10.6,8.0
85870917,female,4044.0,10.6,11.4,11.9,41.2,44.0,1.6,19.0,9.6,8.4,7.4,7.2,5.0,5.7,4.4,3.6,2.6,3.9,2.9,2.3,3.1,4.3,26.7,63.1,2.4,7.9,24.3,98.9,48.0,1.3,32.3,11.2,6.7,4.4,79.3,56.8,22.5,0.2,0.0,98.3,1.9,4.5,24.1,0.0,5.9,76.5,17.6,0.0,0.0,0.0,0.0,34.0,12.2,8.299999999999999
85870917,male,3957.0,11.0,13.3,13.8,21.4,29.3,51.2,14.6,9.2,8.0,8.4,7.7,4.2,5.4,3.4,2.6,2.3,2.8,2.8,2.2,2.9,4.6,37.0,62.4,0.4,0.3,28.6,97.3,25.2,1.4,34.3,21.6,6.1,7.3,79.4,57.2,22.7,0.2,0.0,98.9,1.3,6.4,25.0,0.4,29.0,12.2,54.8,0.6,1.9,0.3,0.8,1071.0,10.7,7.9
85870919,female,3242.0,8.0,10.2,10.8,45.9,46.2,3.7,61.6,9.0,6.9,7.3,6.8,5.8,6.5,4.6,4.8,4.5,4.4,3.5,3.1,3.8,5.9,29.1,61.1,2.6,7.2,27.3,97.2,52.5,2.6,29.9,10.3,5.2,5.8,83.3,57.4,1.0,0.0,0.2,99.7,1.2,11.4,35.5,0.0,3.0,63.6,24.2,3.0,0.0,0.0,6.1,33.0,14.8,10.399999999999999
85870919,male,2915.0,10.8,11.5,13.4,23.0,28.7,53.5,21.0,9.4,6.0,5.5,6.9,4.6,4.9,4.5,3.9,3.1,3.2,3.5,3.8,5.0,7.3,34.2,64.4,1.0,0.5,30.6,97.1,27.5,3.6,35.0,18.6,6.2,7.9,81.6,59.8,1.4,0.0,0.3,99.7,1.7,10.2,35.1,0.8,8.2,18.9,32.1,4.9,0.4,0.3,34.5,792.0,15.5,12.3
85870923,female,3087.0,8.2,8.5,8.6,32.0,40.0,11.0,73.5,8.3,7.3,8.7,8.6,6.5,7.1,5.5,4.6,4.5,4.4,3.2,2.7,3.3,7.0,31.3,53.8,5.2,9.8,29.1,99.1,35.5,1.3,22.6,13.7,10.8,11.6,97.8,9.6,7.5,0.1,16.4,99.3,1.0,7.8,28.8,6.0,1.5,62.7,25.4,0.0,0.0,1.5,3.0,67.0,13.600000000000001,9.2
85870923,male,3034.0,10.5,10.8,11.2,14.4,25.2,62.2,51.1,8.8,6.3,7.8,8.0,6.0,5.5,4.8,4.0,4.3,3.8,2.7,2.1,3.3,7.2,46.2,52.1,1.1,0.6,35.1,98.8,16.6,1.5,24.5,24.3,12.4,12.1,98.5,8.7,7.6,0.1,16.4,99.7,1.0,12.7,33.1,0.8,13.6,50.4,24.2,0.6,3.4,0.8,6.1,623.0,11.899999999999999,8.100000000000001
85870933,female,7258.0,8.8,9.9,10.8,36.4,43.1,5.5,45.8,9.0,7.9,7.4,6.9,6.0,6.5,4.8,4.6,4.3,3.8,3.1,2.9,3.3,6.5,27.7,60.1,4.2,8.1,24.5,93.6,41.8,1.6,25.9,12.5,7.9,8.9,86.8,35.7,1.1,0.1,1.2,99.6,1.7,12.2,31.6,0.0,0.0,69.9,30.1,0.0,0.0,0.0,0.0,153.0,13.100000000000001,9.3
85870933,male,7155.0,10.7,11.3,11.0,16.7,26.2,54.6,19.3,8.4,6.6,7.0,8.4,5.8,5.3,4.6,4.1,3.8,2.9,3.2,2.7,4.2,6.3,36.4,62.2,0.5,0.9,31.6,95.1,19.0,2.1,29.8,20.6,9.5,11.8,87.7,36.3,1.1,0.3,1.8,99.2,2.4,10.4,31.7,1.0,19.3,42.3,25.0,0.4,2.6,0.6,8.8,2115.0,13.0,10.100000000000001
85870935,female,9869.0,9.5,10.4,11.4,38.1,42.4,4.0,32.8,8.7,7.6,7.0,7.3,5.9,6.3,4.8,4.7,3.5,3.7,3.1,2.6,3.5,6.6,28.6,58.4,4.2,8.8,24.3,94.9,44.5,2.2,28.4,13.7,7.1,6.1,91.6,55.2,7.8,0.0,0.3,98.5,3.3,10.2,29.8,0.0,25.7,41.4,20.3,0.0,0.0,10.0,2.6,184.0,12.9,9.2
85870935,male,9331.0,10.7,12.1,12.8,17.3,23.1,52.9,22.7,10.1,6.6,6.8,6.9,4.8,5.6,4.3,4.0,3.0,3.1,2.7,2.7,3.7,6.2,37.1,61.7,0.6,0.6,30.0,93.7,20.1,2.6,35.5,19.8,8.5,10.5,93.8,56.8,7.5,0.1,0.1,98.8,2.9,10.7,29.9,0.3,30.3,15.5,30.1,3.0,12.5,4.2,4.2,2455.0,12.2,9.100000000000001
85871105,female,2480.0,10.0,11.9,11.9,52.5,54.1,0.7,8.3,9.2,5.8,6.6,6.2,5.2,5.6,4.6,3.8,4.1,4.0,3.5,3.3,4.2,4.2,27.0,60.4,3.5,9.1,25.7,94.8,61.5,0.6,28.5,11.2,3.5,2.1,28.5,53.1,46.3,0.0,0.0,93.3,24.9,1.0,30.1,0.0,0.0,63.6,27.3,0.0,0.0,0.0,9.1,11.0,15.0,11.0
85871105,male,2277.0,10.8,14.3,17.0,30.5,37.0,44.9,20.4,9.4,5.7,6.2,4.7,4.6,4.7,3.0,2.4,2.3,2.9,3.3,3.6,5.0,4.8,39.9,59.1,0.5,0.5,31.8,94.5,38.4,1.2,31.6,17.1,5.2,7.8,36.5,53.0,45.9,0.1,0.0,94.9,25.4,1.9,34.1,0.6,16.9,14.2,4.4,0.4,0.4,0.2,62.7,472.0,14.799999999999999,11.9
85871107,female,5798.0,10.3,12.7,12.7,45.9,48.5,3.1,12.1,8.7,6.9,7.4,7.0,5.9,5.3,4.7,3.5,3.4,3.5,2.9,2.1,3.0,3.2,26.5,62.4,3.5,7.6,24.5,96.1,54.2,1.4,33.1,9.8,3.6,3.5,11.6,11.2,98.5,0.4,0.0,94.7,21.4,8.2,41.1,1.0,14.7,43.1,20.6,9.8,2.0,0.0,8.8,102.0,11.5,8.0
85871107,male,5953.0,10.8,12.3,13.3,24.4,32.7,62.7,13.8,9.4,8.0,7.8,6.7,6.0,5.1,4.3,3.4,2.6,2.4,2.5,2.5,2.8,4.1,42.9,56.3,0.4,0.4,31.8,96.4,29.1,1.4,31.6,18.8,6.8,8.7,17.1,12.1,98.5,0.5,0.0,94.2,18.9,11.7,45.0,1.0,36.0,8.8,25.3,1.5,0.7,1.3,25.4,2047.0,10.2,7.8
85871125,female,3888.0,9.5,10.6,12.0,47.3,52.4,2.8,5.4,8.1,6.8,6.4,8.2,6.9,5.6,4.3,4.2,3.4,4.0,3.0,3.0,4.3,2.0,26.0,61.3,3.6,9.1,24.1,92.4,54.9,0.4,25.3,11.0,6.6,4.3,11.4,34.6,79.8,0.3,0.0,95.4,19.9,6.7,24.3,0.0,8.6,51.4,34.3,1.4,1.4,0.0,2.9,70.0,14.3,10.3
85871125,male,3854.0,10.5,12.3,11.3,27.2,37.0,58.0,17.8,7.7,6.7,7.4,7.5,6.9,5.9,5.1,3.9,2.8,3.0,2.3,2.4,4.5,2.6,40.3,58.1,1.1,0.5,32.7,95.8,31.3,0.7,30.7,16.9,6.4,8.2,15.5,36.7,76.3,0.4,0.0,95.9,16.4,5.9,25.0,1.0,24.2,14.7,20.7,1.5,0.1,1.2,36.7,1212.0,12.2,9.2
85871131,female,4863.0,10.4,11.4,12.4,45.2,45.3,2.0,44.4,9.5,7.2,7.9,6.7,5.4,5.1,4.4,3.5,3.7,3.2,3.1,2.8,3.3,4.0,29.8,56.8,3.2,10.2,26.3,96.8,51.8,1.5,30.1,13.9,5.2,4.0,13.2,1.4,97.6,0.3,0.0,98.1,2.2,1.1,21.0,0.0,17.1,54.3,20.0,5.7,0.0,0.0,2.9,35.0,12.400000000000002,9.2
85871131,male,4313.0,13.4,13.9,14.3,26.7,32.7,61.1,56.5,10.6,6.9,5.8,5.7,5.3,4.4,3.1,2.5,2.3,2.9,2.7,2.6,3.6,5.0,43.2,55.7,0.4,0.7,31.5,98.7,31.2,1.6,31.9,21.7,5.1,6.9,20.2,1.3,97.5,0.4,0.0,99.2,1.5,4.0,25.7,2.2,41.3,18.1,15.1,0.3,1.0,0.3,21.6,670.0,11.799999999999999,8.9
85871141,female,7089.0,9.7,11.5,11.2,43.9,46.7,3.0,10.1,9.0,7.2,7.6,7.2,5.9,5.6,4.7,3.8,3.6,3.8,3.0,2.7,3.5,4.4,29.0,58.0,3.3,9.7,24.6,91.7,50.3,0.3,28.7,12.0,6.6,5.8,18.1,46.0,72.1,0.1,0.0,97.2,4.9,14.2,49.6,0.0,2.9,67.5,6.8,8.5,4.3,0.0,9.9,129.0,13.0,9.2
85871141,male,6806.0,11.5,12.3,12.4,23.1,31.2,49.8,15.2,9.6,6.8,7.1,6.7,5.8,5.2,4.5,3.6,2.6,3.0,3.0,2.4,3.5,5.4,41.9,57.3,0.3,0.5,32.7,96.8,27.5,0.2,28.3,21.5,7.7,11.1,22.7,46.8,71.8,0.1,0.0,98.1,3.9,17.4,59.5,1.8,13.2,21.4,13.0,2.9,4.6,2.4,40.8,1837.0,11.9,8.9
90010101,female,253492.0,6.1,7.6,8.2,18.4,25.7,26.2,26.9,7.6,8.2,7.9,8.1,7.7,7.5,6.8,6.2,5.2,4.8,3.2,2.2,2.8,3.2,31.1,54.8,5.9,8.1,27.1,96.9,20.3,2.1,21.9,15.3,16.6,18.4,93.7,50.6,3.3,0.4,1.1,98.7,3.0,36.5,73.8,2.5,10.4,20.8,63.1,0.9,0.4,0.8,1.1,37924.0,13.0,8.2
90010101,male,248305.0,6.5,8.5,8.9,7.4,15.6,66.6,17.2,8.0,7.9,7.1,7.3,7.1,7.1,6.2,6.0,5.4,5.0,3.6,2.6,2.7,3.2,41.4,55.6,2.2,0.8,33.7,96.7,8.1,2.5,23.7,19.5,19.2,19.5,94.9,52.9,3.6,0.4,0.9,98.7,3.2,35.7,75.7,5.8,25.1,16.9,46.2,0.6,0.7,3.1,1.8,104144.0,13.899999999999999,8.9
90010501,female,4697.0,6.6,8.8,8.4,50.6,50.3,6.9,22.3,6.8,6.1,6.4,6.7,8.1,7.5,6.8,6.1,5.0,4.9,3.4,3.2,5.2,4.6,25.4,62.3,3.1,9.2,26.4,98.5,55.9,2.4,27.3,12.9,3.5,3.6,43.5,97.9,0.7,0.0,0.0,98.0,1.8,9.6,54.0,0.0,0.5,5.4,92.5,1.6,0.0,0.0,0.0,193.0,16.7,11.8
90010501,male,4920.0,7.2,8.7,9.0,25.4,33.0,65.8,20.7,7.0,5.6,5.8,7.6,7.6,7.1,6.3,5.9,5.1,4.6,4.0,3.7,4.9,5.2,38.7,58.6,1.4,1.3,34.0,96.7,28.1,2.7,33.4,20.1,7.2,3.5,56.1,98.4,0.2,0.0,0.0,99.7,0.7,9.3,51.0,0.4,28.4,8.8,59.5,1.4,0.6,0.9,0.1,1928.0,17.200000000000003,12.600000000000001
90010509,female,52563.0,8.5,10.7,10.7,29.8,36.0,13.0,30.4,8.9,8.1,7.6,8.4,8.0,7.2,5.8,4.9,3.4,2.8,1.8,1.4,1.8,3.8,25.9,65.2,2.9,6.0,24.6,96.7,34.2,2.6,29.3,15.0,8.8,8.2,76.7,74.2,6.0,0.1,0.6,99.2,3.0,20.6,58.1,1.1,11.9,15.3,68.9,1.0,0.1,0.2,1.4,3327.0,7.8,5.0
90010509,male,54904.0,9.2,11.0,11.1,16.4,26.2,73.5,15.6,8.7,7.2,6.2,7.1,7.5,7.5,6.2,5.6,4.0,3.3,2.2,1.6,1.6,3.9,37.5,61.2,0.9,0.4,31.4,96.8,18.9,3.7,31.2,22.0,9.2,7.7,81.2,75.1,6.2,0.1,0.5,99.0,3.6,17.7,55.4,2.9,32.0,7.7,51.0,0.6,0.6,2.7,2.5,23402.0,8.7,5.4
90010511,female,1369.0,5.6,7.0,6.6,66.3,65.7,1.5,58.8,6.4,5.1,5.0,5.7,6.6,6.7,6.6,7.3,6.7,6.1,6.4,4.3,7.7,7.9,22.0,63.3,2.2,12.5,26.2,96.5,71.8,1.3,23.8,5.8,2.0,1.4,19.5,99.3,0.1,0.0,0.2,98.5,2.2,6.2,38.2,0.0,0.0,28.6,71.4,0.0,0.0,0.0,0.0,7.0,24.5,18.4
90010511,male,1346.0,6.8,7.9,8.8,33.5,43.4,55.4,24.4,6.8,5.0,6.1,7.4,7.8,4.8,6.2,5.2,5.6,5.0,4.8,5.6,6.1,7.5,34.3,64.0,1.0,0.7,34.0,97.0,37.1,1.6,32.5,14.9,4.8,2.7,43.8,99.3,0.3,0.1,0.0,98.6,2.0,7.3,29.9,0.7,28.3,12.1,54.8,0.5,1.4,0.7,1.6,431.0,21.5,16.5
90010703,female,22328.0,7.0,9.0,9.3,29.9,36.0,12.9,28.2,8.4,8.6,7.6,7.7,7.4,7.1,6.7,6.0,4.7,3.9,2.4,1.8,2.4,2.6,27.9,61.4,3.3,7.4,25.2,97.3,33.6,2.2,28.9,13.7,10.3,8.9,70.8,79.7,6.0,0.1,0.1,97.3,8.2,19.8,50.8,0.6,12.0,11.5,72.4,0.0,0.6,1.7,1.2,1543.0,10.5,6.6
90010703,male,23551.0,7.5,8.5,9.3,13.0,23.8,68.3,14.4,8.1,8.3,7.4,7.5,7.3,6.6,6.3,6.0,5.0,4.7,3.3,2.0,2.2,3.2,41.4,57.0,1.0,0.6,33.0,96.8,14.5,2.5,30.2,22.6,13.7,7.2,75.4,79.7,6.1,0.2,0.1,98.2,6.5,18.5,51.0,2.0,19.6,6.7,67.8,0.5,0.5,1.4,1.6,10279.0,12.2,7.5
90010705,female,1662.0,6.2,6.7,7.4,59.0,58.0,3.2,26.2,7.9,6.1,4.6,5.7,5.6,6.9,6.4,6.4,6.4,6.3,5.4,4.0,8.1,9.1,25.5,56.9,2.6,15.0,25.4,97.2,64.1,2.0,25.4,9.0,3.4,2.2,7.9,99.3,0.2,0.0,0.1,97.5,3.4,10.1,42.7,3.2,0.0,32.3,51.6,0.0,0.0,3.2,9.7,31.0,23.799999999999997,17.5
90010705,male,1671.0,6.3,7.1,7.7,25.1,31.2,50.5,18.7,6.6,7.7,5.4,7.4,6.2,5.6,6.3,6.3,6.0,5.9,5.0,4.5,6.2,9.5,40.9,57.3,0.9,0.8,35.0,96.8,27.3,4.1,36.0,17.8,7.1,3.9,19.0,99.1,0.3,0.1,0.0,98.6,1.6,10.0,43.8,1.7,21.8,12.0,54.2,0.2,0.2,1.7,8.3,542.0,21.6,15.7
90010707,female,1136.0,4.1,5.2,9.4,66.4,68.5,1.4,7.7,9.1,4.9,3.9,5.0,5.6,5.3,6.5,8.4,7.7,6.4,4.7,4.3,9.5,7.1,27.4,55.4,2.3,15.0,28.8,87.3,73.9,0.0,26.1,3.8,1.1,0.5,23.2,99.5,0.1,0.1,0.1,99.1,1.2,0.9,19.9,0.0,8.3,25.0,58.3,0.0,0.0,0.0,8.3,12.0,24.900000000000002,18.5
90010707,male,917.0,7.2,9.1,11.6,42.2,54.7,55.6,34.0,6.3,3.1,3.1,3.2,4.6,5.0,5.6,8.3,5.9,5.9,5.3,6.1,9.9,9.5,23.0,74.6,0.6,1.8,31.8,93.0,48.8,0.1,30.2,9.6,3.6,1.7,39.4,99.3,0.3,0.0,0.0,99.3,1.4,1.1,14.6,0.0,75.3,16.0,6.6,0.0,0.0,0.0,2.1,243.0,27.199999999999996,21.299999999999997
90010713,female,2104.0,4.8,6.5,8.8,63.1,64.1,5.8,72.4,8.7,5.0,4.2,5.4,5.9,5.8,6.9,7.3,7.0,6.7,4.9,4.1,7.8,8.2,27.7,58.3,1.7,12.2,26.9,85.9,69.7,0.3,26.0,4.9,2.0,2.6,22.5,98.8,0.2,0.0,0.0,97.7,4.8,12.3,46.4,0.0,3.7,63.0,3.7,25.9,0.0,3.7,0.0,27.0,23.5,16.8
90010713,male,1979.0,5.8,8.2,9.9,33.9,48.3,55.2,40.0,7.2,7.2,4.5,5.1,4.6,5.3,5.8,6.1,5.9,6.7,5.2,5.6,7.0,11.5,37.1,61.0,0.8,1.1,34.5,92.6,37.8,0.1,31.8,10.5,6.1,3.3,38.2,98.8,0.3,0.1,0.0,97.6,4.4,10.9,42.3,0.2,25.9,23.0,47.5,0.4,0.0,2.4,0.6,499.0,24.5,17.8
90010715,female,3440.0,7.7,7.6,8.9,53.0,56.3,2.9,13.3,7.9,7.8,5.6,6.4,6.5,6.1,6.2,6.3,5.0,4.4,4.1,3.4,6.0,7.1,19.1,69.0,2.1,9.8,22.6,97.3,58.5,1.3,31.2,7.0,2.4,1.9,30.2,99.0,0.4,0.0,0.1,96.1,3.6,6.5,28.1,1.5,13.8,29.2,53.8,0.0,0.0,0.0,1.5,65.0,17.9,13.5
90010715,male,3656.0,7.8,9.3,8.3,26.6,36.2,66.4,11.7,7.4,7.9,7.0,7.8,6.9,6.6,5.2,5.7,4.3,3.6,3.5,3.5,5.0,7.2,35.3,62.9,1.0,0.8,31.4,97.9,28.5,2.2,34.6,18.1,5.2,3.7,47.9,98.7,0.3,0.0,0.0,97.6,2.5,7.4,29.2,1.4,8.8,5.1,83.0,0.4,0.4,0.7,0.3,1598.0,15.6,12.0
90010721,female,1539.0,6.2,6.8,7.5,67.9,68.0,1.0,16.7,7.8,5.0,3.1,4.9,5.5,6.2,7.5,5.7,5.9,6.8,6.7,5.7,8.6,9.6,22.3,61.4,0.8,15.5,27.4,96.3,74.2,0.1,19.6,7.7,2.5,2.1,4.8,99.4,0.4,0.0,0.1,99.3,0.7,14.5,58.3,0.0,20.0,60.0,20.0,0.0,0.0,0.0,0.0,10.0,27.799999999999997,21.0
90010721,male,1348.0,5.2,8.5,9.1,45.9,56.5,55.1,34.3,8.0,4.6,3.6,4.6,5.3,5.3,6.2,6.8,5.4,6.6,5.9,5.6,9.3,11.3,31.1,67.6,0.6,0.7,35.7,96.6,50.8,0.1,23.7,12.6,3.8,3.2,8.3,99.3,0.5,0.0,0.1,98.9,1.1,9.0,48.6,0.5,60.2,15.1,16.4,0.5,1.9,5.0,0.3,377.0,27.400000000000002,20.8
90010723,female,2306.0,5.8,7.4,8.5,44.9,48.1,6.8,29.3,7.3,8.3,6.6,6.0,6.4,6.9,7.0,6.8,4.7,5.5,2.9,4.2,5.6,8.2,22.5,62.2,2.4,12.8,24.7,94.5,49.5,1.4,26.1,12.7,6.4,5.3,33.7,96.7,4.9,0.0,0.2,96.4,4.8,15.4,50.1,2.3,13.8,16.1,67.8,0.0,0.0,0.0,0.0,87.0,18.200000000000003,12.7
90010723,male,2548.0,6.6,7.6,8.6,21.8,30.3,60.3,16.2,7.8,7.1,6.6,7.4,6.4,6.8,6.5,6.5,4.8,4.8,4.6,3.3,4.6,7.8,42.0,55.6,1.6,0.8,35.0,94.4,24.1,1.9,28.4,24.9,9.4,5.1,46.9,97.3,4.7,0.0,0.0,97.7,4.3,18.1,50.2,1.2,19.2,15.7,63.0,0.0,0.0,0.3,0.6,990.0,17.299999999999997,12.5
90010725,female,9308.0,8.8,9.8,9.2,48.4,49.1,5.6,44.4,8.1,7.3,6.6,7.0,7.2,6.7,5.4,5.7,4.3,4.2,3.3,2.7,3.7,4.2,21.4,66.6,2.2,9.7,21.6,92.9,54.3,2.7,32.9,8.2,4.0,3.1,37.2,97.6,1.5,0.0,0.0,98.1,6.8,13.7,50.8,0.0,8.2,32.4,59.4,0.0,0.0,0.0,0.0,211.0,13.899999999999999,9.7
90010725,male,10253.0,8.0,8.8,8.5,24.3,30.8,71.4,13.8,7.5,8.0,7.9,8.2,7.8,7.0,6.1,5.2,4.1,3.8,2.8,2.8,3.5,4.9,40.3,58.1,0.7,0.9,33.1,90.7,26.9,3.6,31.0,22.3,6.4,5.9,52.3,97.5,1.9,0.0,0.0,98.2,5.1,14.9,51.3,1.0,17.7,7.3,70.9,0.3,0.5,1.1,1.3,4711.0,12.899999999999999,9.1
90010729,female,3236.0,6.5,8.4,9.0,63.3,62.4,6.6,37.4,7.6,5.4,5.0,5.8,6.7,5.5,6.5,6.5,5.7,5.7,5.0,4.3,6.3,6.7,22.3,63.7,1.1,12.9,26.7,96.7,70.6,1.1,23.3,7.6,2.8,2.9,18.5,99.3,3.2,0.0,0.0,98.9,3.2,11.8,62.0,0.0,45.1,20.6,15.7,9.8,0.0,4.9,3.9,102.0,21.3,15.600000000000001
90010729,male,3142.0,7.0,9.3,9.7,38.2,47.3,61.0,24.7,8.9,5.1,4.6,6.0,6.4,5.6,5.4,5.9,4.4,5.9,4.3,4.6,6.8,7.3,33.3,64.6,0.8,1.4,32.7,97.3,42.9,0.8,29.5,14.5,5.3,2.6,29.5,99.2,3.1,0.0,0.0,99.4,2.4,9.5,54.6,0.2,47.9,9.8,38.9,1.0,0.3,1.1,0.7,1068.0,21.599999999999998,15.7
91630101,female,54460.0,9.3,10.6,10.2,41.3,47.0,30.4,12.8,8.5,7.9,7.6,8.7,8.4,8.2,6.3,4.6,3.1,2.6,1.4,1.1,1.4,3.8,25.1,62.2,6.2,6.5,24.0,94.8,47.1,1.9,28.6,13.0,5.7,3.8,84.8,40.4,12.2,0.2,0.1,95.7,1.4,13.8,54.3,0.1,3.1,2.2,93.7,0.5,0.1,0.1,0.2,10082.0,6.5,3.9
91630101,male,58745.0,9.1,10.4,10.4,22.6,33.9,80.5,11.7,9.2,9.0,8.3,8.1,7.8,7.6,6.3,4.8,2.9,2.5,1.5,1.1,1.2,4.0,40.7,57.0,1.8,0.4,30.5,95.7,25.6,2.4,30.7,19.6,9.0,4.5,86.8,39.8,12.9,0.2,0.1,93.1,1.3,12.7,55.2,1.2,13.9,2.6,80.0,0.3,0.4,0.8,0.8,29300.0,6.3,3.8
91630103,female,2989.0,6.1,9.0,9.4,37.9,46.9,15.5,30.8,7.5,7.6,5.7,7.7,6.5,7.3,7.1,6.8,5.7,4.6,3.3,2.1,3.7,6.2,28.8,58.2,2.5,10.5,24.9,100.0,42.6,2.2,22.4,11.1,7.8,9.7,48.0,95.8,1.2,0.0,0.0,100.0,6.0,30.3,69.2,0.0,2.6,35.5,61.9,0.0,0.0,0.0,0.0,243.0,13.7,9.100000000000001
91630103,male,3018.0,7.5,9.8,9.6,17.2,29.0,70.5,15.9,8.3,6.6,6.7,7.3,6.7,7.1,6.1,6.0,4.8,4.2,3.0,2.5,3.8,4.4,39.7,58.8,0.6,0.9,33.4,96.8,19.2,1.8,26.5,15.8,11.5,15.5,60.6,92.4,3.0,0.0,0.2,99.8,3.8,31.1,72.0,1.0,25.0,26.7,41.8,0.9,0.9,2.8,0.9,1306.0,13.5,9.3
91630111,female,25346.0,7.3,9.4,10.0,28.6,36.2,24.7,20.5,8.4,7.8,7.9,8.4,8.4,7.7,7.1,5.3,3.7,3.3,1.9,1.4,1.9,2.5,27.6,59.6,5.8,7.0,24.9,97.6,32.4,2.3,25.6,16.0,10.0,9.9,86.7,62.5,6.6,0.2,0.8,99.4,2.9,23.5,62.0,1.0,4.2,17.7,74.8,0.9,0.3,0.4,0.7,3648.0,8.5,5.199999999999999
91630111,male,25099.0,8.5,10.0,10.6,12.2,23.0,73.0,12.1,8.8,7.4,6.4,7.0,7.6,7.4,6.9,6.2,4.3,3.4,2.1,1.5,1.9,2.5,38.3,59.7,1.7,0.3,31.4,94.2,13.8,2.9,28.4,20.2,13.7,11.8,89.7,64.3,7.1,0.2,1.0,99.5,3.2,21.5,63.0,4.0,19.0,14.9,58.2,1.0,0.4,1.4,1.1,11410.0,8.9,5.5
91630127,female,34970.0,8.8,10.1,10.8,35.3,40.3,19.1,19.1,8.3,7.8,7.5,8.1,8.1,7.7,6.2,4.9,3.4,3.0,1.9,1.4,1.9,3.5,25.1,63.4,3.7,7.8,24.9,97.2,40.5,2.8,29.3,13.9,7.2,6.5,85.9,64.6,2.0,0.1,0.3,98.3,2.5,18.4,54.7,0.3,5.2,6.3,86.4,0.1,0.1,0.1,1.5,3800.0,8.200000000000001,5.199999999999999
91630127,male,37240.0,9.1,10.7,10.8,17.3,26.3,75.8,15.4,8.9,7.6,6.8,7.4,7.6,7.5,6.4,5.4,3.5,3.1,1.9,1.5,1.7,3.1,39.2,58.7,1.6,0.5,30.6,96.2,19.8,3.5,32.3,21.3,10.2,6.5,90.4,63.4,2.4,0.2,0.2,98.3,2.7,14.5,52.6,2.1,19.8,5.9,67.2,0.5,0.6,0.9,3.0,16599.0,8.2,5.1
91630305,female,1712.0,5.7,5.9,7.4,59.7,64.7,3.8,58.5,6.8,5.1,3.7,4.7,6.7,5.8,6.3,8.4,8.0,7.1,4.6,5.5,8.4,5.4,28.5,52.0,2.5,16.9,24.9,96.8,64.9,0.4,23.3,7.1,3.0,1.5,40.7,98.7,0.5,0.0,0.1,99.7,0.3,12.0,59.8,0.0,9.1,0.0,81.8,9.1,0.0,0.0,0.0,22.0,25.6,18.5
91630305,male,1453.0,4.9,8.8,9.0,25.7,41.5,63.8,36.2,5.5,5.0,4.9,5.7,5.6,5.7,6.8,7.6,5.4,5.8,5.8,4.3,9.2,6.6,37.9,59.5,1.1,1.5,34.2,96.0,28.3,0.8,33.3,14.3,4.5,5.6,71.9,99.0,0.3,0.0,0.1,99.2,0.6,13.8,51.0,1.1,41.8,19.5,35.7,1.3,0.0,0.4,0.2,457.0,25.099999999999998,19.299999999999997
91630307,female,2605.0,5.7,7.9,8.2,64.9,67.7,1.3,18.5,7.6,3.6,3.8,5.1,6.0,6.0,6.4,7.1,6.8,6.2,4.9,4.3,10.3,7.6,20.5,58.0,2.6,18.9,25.8,94.9,71.6,0.2,25.1,4.3,2.0,0.8,11.5,99.6,0.5,0.0,0.2,94.9,5.6,3.5,23.5,0.0,0.0,22.7,77.3,0.0,0.0,0.0,0.0,22.0,25.700000000000003,19.5
91630307,male,2346.0,6.6,8.2,9.8,33.4,53.1,58.9,16.1,8.9,4.3,4.3,4.7,6.1,5.8,6.1,7.0,5.5,5.5,4.8,4.5,8.1,9.5,33.9,63.8,1.0,1.2,34.4,97.3,37.6,0.3,25.9,11.6,6.0,3.1,23.1,99.9,0.3,0.0,0.0,96.2,4.4,6.1,24.3,0.8,22.3,7.6,67.7,0.5,0.1,0.6,0.5,873.0,22.9,17.4
91630309,female,1654.0,2.5,4.5,5.4,72.4,73.4,1.9,14.3,5.6,4.7,3.3,3.7,4.0,5.1,7.5,8.5,8.6,8.2,8.7,7.3,12.5,11.5,22.5,54.2,3.3,20.0,28.0,99.0,76.8,0.2,17.0,5.3,2.1,2.1,24.4,99.6,0.2,0.1,0.1,99.8,0.9,15.6,49.8,0.0,0.0,91.7,4.2,4.2,0.0,0.0,0.0,24.0,36.7,28.5
91630309,male,1212.0,4.2,5.1,7.9,25.6,37.3,49.8,26.5,6.8,3.8,3.3,4.7,4.1,5.0,5.6,7.3,7.1,8.5,8.3,6.6,11.5,12.9,28.9,68.1,1.8,1.2,34.1,97.7,27.8,0.2,38.6,10.9,7.9,5.1,61.4,99.5,0.1,0.0,0.0,98.7,0.9,10.8,43.0,0.5,33.2,23.7,41.4,0.3,0.0,0.5,0.3,367.0,34.9,26.4
91630313,female,1026.0,5.0,5.3,8.1,66.7,69.3,0.7,50.0,6.8,4.5,3.4,4.2,4.7,5.1,7.9,9.5,6.2,7.7,6.2,5.4,10.1,11.0,25.1,55.1,2.1,17.7,30.3,93.2,73.2,0.2,22.1,5.3,1.9,1.2,16.1,99.6,0.3,0.1,0.1,99.0,0.7,6.5,66.1,0.0,0.0,33.3,33.3,0.0,0.0,33.3,0.0,3.0,29.4,21.700000000000003
91630313,male,832.0,5.9,7.1,8.3,24.4,44.6,57.1,43.0,6.3,4.6,3.4,5.3,4.7,6.0,4.9,7.9,6.7,6.7,6.4,6.4,9.5,11.4,31.9,65.0,1.5,1.5,35.3,90.1,26.9,0.0,35.8,12.1,3.8,3.6,34.3,99.0,0.1,0.0,0.0,99.5,0.5,9.1,47.9,0.5,36.6,24.9,29.1,0.9,0.0,2.3,5.6,213.0,29.0,22.3
91630315,female,1101.0,3.9,5.1,5.3,56.9,62.8,7.3,29.0,4.9,3.4,5.1,5.4,4.7,6.7,5.8,7.4,8.1,8.0,6.6,6.8,12.8,7.4,25.7,47.0,4.9,22.4,27.5,98.6,60.3,0.4,21.1,7.9,3.5,4.5,36.8,98.2,0.5,0.0,0.2,98.6,6.3,16.0,49.8,0.0,18.4,26.5,18.4,0.0,0.0,36.7,0.0,49.0,34.2,26.2
91630315,male,919.0,4.8,6.1,7.3,15.4,32.0,60.2,38.1,5.9,3.9,5.3,6.0,5.3,7.1,6.6,6.7,7.9,6.7,7.2,5.2,7.8,7.0,35.5,59.0,3.3,2.1,34.7,93.1,16.6,0.7,33.9,16.0,9.0,8.4,63.6,97.5,0.9,0.1,0.1,99.3,5.8,17.2,53.8,1.8,39.3,39.6,15.0,0.0,0.4,1.1,2.9,280.0,26.900000000000002,20.2
91630325,female,3457.0,5.7,7.6,9.0,63.1,66.0,1.5,0.0,8.1,4.7,3.1,5.0,5.6,6.5,6.9,7.1,7.1,6.3,4.7,4.2,8.6,8.4,21.0,63.1,2.9,13.0,26.3,94.3,70.3,0.3,23.8,5.7,2.3,1.9,9.2,99.0,0.6,0.0,0.0,99.5,0.7,9.9,51.3,0.0,5.0,32.5,62.5,0.0,0.0,0.0,0.0,40.0,23.799999999999997,17.5
91630325,male,3120.0,5.4,8.3,9.5,34.7,48.6,53.9,24.9,8.0,4.9,4.5,5.1,5.3,6.0,6.0,5.8,6.3,5.0,5.8,5.3,8.7,11.3,34.3,63.7,0.9,1.1,35.0,97.3,38.9,0.8,27.7,12.5,5.8,4.6,19.5,98.9,0.5,0.0,0.1,99.1,1.0,12.2,47.4,0.5,25.1,14.9,57.7,0.3,0.3,0.9,0.3,969.0,24.8,19.799999999999997
91630333,female,1119.0,2.9,2.8,5.4,62.8,73.4,3.8,28.9,5.5,4.4,2.9,3.5,3.4,4.5,7.6,8.6,10.4,9.7,8.8,7.5,12.2,8.0,26.6,45.8,3.8,23.8,25.7,94.2,66.6,0.4,13.1,4.8,4.6,3.8,39.6,98.4,0.3,0.1,0.0,99.0,1.3,29.0,55.2,0.0,25.9,25.9,44.4,0.0,0.0,3.7,0.0,27.0,38.2,28.5
91630333,male,827.0,3.4,4.6,6.0,15.1,34.0,53.9,33.5,7.6,5.3,3.7,4.6,5.3,4.0,5.7,8.3,7.4,6.7,9.3,7.1,10.9,7.0,35.0,60.9,2.3,1.8,33.4,91.3,16.0,0.7,34.1,14.4,7.5,9.3,76.7,98.3,0.5,0.0,0.0,99.2,1.9,23.4,57.7,3.1,35.0,26.8,29.1,0.4,0.0,5.5,0.0,254.0,34.0,27.299999999999997
91630335,female,1880.0,3.4,5.8,6.3,70.8,73.5,0.3,25.0,7.1,5.3,4.1,4.8,4.1,6.0,8.7,7.3,7.3,7.6,6.5,5.6,10.2,12.2,26.8,54.9,2.8,15.4,29.7,84.7,75.9,0.0,21.5,3.4,1.2,0.4,10.5,99.1,0.7,0.1,0.0,99.0,1.2,6.2,62.5,0.0,0.0,33.3,66.7,0.0,0.0,0.0,0.0,3.0,29.9,22.299999999999997
91630335,male,1428.0,5.0,6.3,7.8,39.8,57.8,41.3,24.1,7.4,3.4,3.6,4.3,4.5,4.6,6.5,6.9,6.0,7.1,7.7,8.2,10.7,13.5,29.2,67.1,1.6,2.0,36.3,94.1,43.3,0.0,23.2,10.3,5.5,3.2,20.5,99.0,0.3,0.0,0.1,99.5,0.5,9.8,50.6,0.8,29.6,17.1,38.4,1.4,0.3,0.8,11.6,362.0,33.7,26.599999999999998
91630337,female,2193.0,3.6,6.4,7.4,63.4,65.0,3.4,59.7,6.7,5.6,3.5,4.0,5.4,6.3,7.5,8.3,8.3,7.5,5.1,5.2,9.2,9.9,27.4,53.9,2.8,16.0,28.4,97.8,69.0,0.3,21.3,6.5,3.9,3.0,18.8,99.3,0.5,0.0,0.0,99.2,2.2,22.0,63.2,0.0,0.0,24.0,64.0,0.0,4.0,8.0,0.0,25.0,27.0,19.5
91630337,male,1837.0,5.1,7.3,10.9,30.0,39.7,54.2,34.6,7.2,5.3,3.5,4.0,4.4,5.4,6.2,6.4,5.3,6.9,6.6,5.8,9.7,13.0,31.9,66.0,0.5,1.6,34.7,96.0,34.1,0.5,38.0,11.8,5.7,4.2,32.3,99.2,0.8,0.0,0.0,99.5,1.7,14.5,49.9,0.2,23.8,12.2,60.7,0.2,0.4,0.6,1.8,499.0,29.0,22.099999999999998
91630339,female,602.0,4.5,3.0,4.7,66.8,74.9,2.1,27.3,4.8,3.0,3.3,4.3,5.6,6.0,5.5,9.8,8.1,8.0,7.5,7.5,14.5,9.3,28.2,48.2,2.6,21.0,28.8,100.0,69.6,0.2,16.1,3.0,4.5,1.3,1.0,99.0,0.0,0.0,0.0,97.8,1.6,18.9,47.0,0.0,62.5,25.0,12.5,0.0,0.0,0.0,0.0,8.0,37.5,29.5
91630339,male,480.0,5.2,5.6,5.8,19.9,52.7,55.3,52.9,5.8,5.2,5.0,4.2,5.6,4.8,6.3,6.9,7.7,6.5,6.7,5.8,12.9,7.3,33.8,61.8,2.0,2.5,34.4,94.1,21.3,0.4,21.3,10.4,8.1,7.1,1.7,98.5,0.4,0.2,0.0,98.8,0.9,19.0,46.9,0.0,26.9,44.2,27.9,0.0,0.0,0.0,1.0,104.0,31.9,25.4
91630503,female,4497.0,5.9,7.9,9.2,56.5,61.0,3.9,10.7,7.8,5.0,4.0,4.5,6.0,6.7,8.0,7.6,6.7,5.5,3.8,4.2,7.2,7.0,20.4,58.9,3.5,17.2,25.5,94.0,63.1,1.4,21.2,10.2,3.4,2.9,7.9,99.3,0.8,0.0,0.0,95.0,8.1,7.8,51.5,0.0,0.0,20.4,75.9,3.7,0.0,0.0,0.0,121.0,20.7,15.2
91630503,male,4106.0,5.7,8.6,10.4,23.5,29.8,56.1,27.8,8.5,5.4,4.1,4.8,5.0,6.4,7.2,6.7,6.4,5.4,4.3,4.3,6.6,6.8,33.8,64.2,1.4,0.7,33.7,97.0,26.6,2.8,37.3,18.1,6.1,6.0,14.0,97.9,1.3,0.0,0.0,92.6,9.9,10.3,45.2,1.1,26.6,11.4,56.1,0.3,1.0,0.6,2.8,1252.0,20.6,15.2
91630511,female,17630.0,8.4,10.2,10.2,40.4,44.7,15.7,17.3,8.2,6.7,6.6,7.2,8.0,7.7,6.3,5.3,4.2,3.8,2.2,1.7,3.3,3.9,23.9,62.7,3.4,10.0,24.5,97.8,46.1,3.1,27.5,12.6,6.7,5.4,57.0,86.3,4.1,0.1,0.5,97.9,6.3,17.0,55.2,0.2,2.9,11.7,83.4,1.4,0.0,0.2,0.2,1628.0,11.0,7.2
91630511,male,18876.0,8.2,10.3,10.2,17.7,28.3,74.3,12.5,8.3,7.6,6.5,7.2,7.6,7.5,6.5,5.9,4.2,3.2,2.2,1.8,2.7,3.8,38.1,60.3,1.1,0.6,31.7,95.9,19.8,3.8,31.4,20.4,9.0,7.2,64.9,84.4,4.5,0.1,0.3,96.9,5.8,15.4,55.5,2.4,16.9,7.1,70.9,0.4,0.0,1.0,1.3,8735.0,9.9,6.7
91630519,female,19928.0,8.6,10.1,10.0,39.2,43.8,19.9,14.5,7.6,7.2,7.3,7.9,8.0,7.9,6.1,5.6,4.0,3.2,2.1,1.6,2.7,4.0,23.3,63.8,4.6,8.3,22.6,95.3,44.5,2.4,29.3,12.3,7.1,5.1,77.0,73.0,4.5,0.1,0.2,99.1,1.8,17.7,57.4,0.2,4.3,3.0,91.4,0.8,0.0,0.2,0.0,2420.0,9.600000000000001,6.4
91630519,male,22739.0,8.1,10.1,9.3,18.2,28.2,77.7,10.4,8.4,8.9,8.3,8.3,7.8,7.5,6.1,5.2,3.6,2.7,2.0,1.7,2.1,3.5,42.4,55.4,1.6,0.6,31.3,97.6,20.3,3.1,31.5,20.6,10.4,6.3,81.6,68.4,5.2,0.2,0.2,95.9,1.1,15.8,57.3,2.2,15.2,4.0,76.7,0.3,0.2,0.7,0.6,11479.0,8.5,5.800000000000001
91630521,female,8989.0,5.8,7.7,8.7,40.5,45.1,10.4,24.8,7.7,6.3,5.3,6.1,6.7,7.7,7.8,6.6,5.9,5.5,3.8,2.9,5.4,4.9,24.5,58.5,4.3,12.7,26.2,98.5,44.9,2.4,26.1,13.0,6.5,6.8,56.1,93.4,0.6,0.0,0.9,98.8,6.5,21.6,64.2,1.5,12.1,17.3,66.4,0.9,0.7,0.0,1.2,548.0,17.6,12.1
91630521,male,8865.0,6.5,8.5,9.4,13.7,20.9,65.2,24.1,9.0,6.8,5.4,5.7,6.1,6.9,7.0,6.3,5.7,5.2,3.9,3.0,4.6,4.0,42.4,55.9,1.0,0.7,36.0,97.6,15.2,3.5,28.9,23.0,13.4,10.3,68.8,94.4,0.6,0.0,1.1,98.9,5.6,21.4,70.2,1.9,27.0,12.4,53.0,0.3,0.7,2.3,2.3,3314.0,16.7,11.5
91630531,female,4777.0,5.7,8.2,8.9,37.2,43.9,11.1,21.7,7.1,6.6,5.4,6.2,7.4,8.0,6.9,7.3,5.8,4.8,3.8,2.8,5.2,4.6,26.6,58.3,2.4,12.8,26.2,96.8,41.3,1.8,25.9,11.7,8.8,7.9,25.2,92.4,10.8,0.0,0.1,99.7,1.2,27.4,56.1,0.0,5.6,15.9,53.4,24.2,0.0,1.0,0.0,319.0,16.599999999999998,11.8
91630531,male,5162.0,6.2,7.9,8.6,11.6,19.1,71.0,16.0,9.1,7.5,6.7,6.3,6.4,7.3,6.8,6.1,5.8,4.4,4.0,3.1,3.7,4.6,44.8,53.7,0.7,0.9,35.1,99.3,12.9,3.0,30.4,26.1,13.2,8.3,32.0,88.6,10.4,0.0,0.8,98.7,1.4,21.0,61.4,1.2,30.3,9.5,55.0,3.1,0.6,0.4,0.0,2377.0,15.2,10.8
91630717,female,5102.0,6.8,8.5,8.7,53.6,59.8,4.3,34.6,7.4,5.3,4.4,5.3,6.5,7.7,7.2,6.9,6.0,5.6,4.0,3.8,5.9,8.7,25.2,58.8,2.9,13.1,24.2,99.1,59.6,1.5,25.5,6.7,3.5,3.0,37.3,98.9,0.9,0.1,0.0,99.3,0.9,10.5,47.7,0.0,14.5,28.0,57.5,0.0,0.0,0.0,0.0,109.0,19.299999999999997,13.7
91630717,male,5210.0,7.9,8.6,9.2,26.9,34.4,67.0,37.8,7.9,5.8,5.0,5.9,6.4,6.4,7.3,6.3,5.2,4.7,3.9,3.5,6.1,8.3,37.5,59.9,1.2,1.4,34.2,98.9,30.1,1.5,38.4,14.8,5.5,5.4,52.6,98.5,1.0,0.0,0.1,99.1,0.9,12.3,47.5,0.7,33.6,6.1,56.2,0.8,0.0,0.9,1.7,1614.0,18.2,13.5
91630723,female,40843.0,8.6,10.5,10.6,39.3,44.6,16.5,22.3,8.6,7.5,7.0,7.7,7.9,7.7,6.5,5.1,3.7,3.2,1.9,1.5,2.0,3.3,24.0,63.5,4.5,8.0,23.5,96.6,45.0,2.0,29.0,13.4,6.2,4.8,75.3,75.1,6.0,0.1,0.9,99.2,1.8,16.5,54.6,0.2,4.3,6.0,88.0,0.7,0.6,0.2,0.1,3681.0,8.6,5.4
91630723,male,42487.0,8.9,10.5,11.0,20.7,31.2,75.1,14.6,9.3,7.6,6.4,6.9,7.0,7.3,6.5,5.6,4.0,3.3,2.1,1.7,1.8,3.5,37.9,60.0,1.5,0.6,30.4,96.7,23.8,2.7,32.7,20.2,7.7,5.6,80.7,74.9,6.7,0.1,0.8,99.2,1.8,14.2,51.7,2.4,21.0,5.4,67.3,0.7,0.4,1.8,1.1,18968.0,8.9,5.6
91630729,female,4233.0,6.3,8.3,8.0,60.2,61.3,6.4,28.2,6.8,5.2,4.2,5.7,6.7,7.4,7.7,6.5,6.6,4.9,4.1,4.6,7.2,7.2,25.8,55.4,3.1,15.7,26.1,96.8,66.3,1.9,22.5,7.1,3.9,3.4,14.1,99.4,0.5,0.0,0.0,96.4,18.8,12.7,47.4,0.0,0.7,9.3,88.0,0.7,0.7,0.7,0.0,150.0,20.8,15.899999999999999
91630729,male,4102.0,6.5,9.1,8.7,29.5,38.6,64.1,25.4,8.4,6.2,4.7,5.9,6.5,7.0,6.5,6.9,5.5,4.7,4.4,3.6,5.5,7.1,41.0,56.8,0.9,1.3,34.8,98.0,32.7,2.5,30.4,15.7,7.2,5.6,23.3,99.3,0.5,0.0,0.0,96.6,16.4,10.2,43.8,0.7,15.1,8.1,73.9,0.2,0.1,0.7,1.2,1485.0,18.200000000000003,13.5
92730105,female,105229.0,7.0,9.2,9.5,26.5,33.1,19.3,26.2,8.4,8.3,7.6,8.0,7.8,7.7,6.6,5.5,4.2,3.8,2.3,1.7,2.2,3.6,28.9,58.8,4.7,7.6,26.1,97.7,29.8,2.7,25.5,16.0,11.4,11.4,89.2,64.7,2.4,0.2,0.8,99.2,2.8,26.0,64.3,0.6,8.6,16.5,71.1,0.6,0.8,0.3,1.5,11118.0,10.0,6.2
92730105,male,105251.0,7.7,9.6,10.1,11.6,20.9,69.9,17.5,8.6,7.7,6.8,7.2,7.2,7.3,6.4,5.9,4.5,4.1,2.6,2.0,2.1,3.6,40.5,57.4,1.4,0.6,32.8,96.7,13.1,3.3,27.6,21.5,14.7,12.0,92.3,67.1,2.6,0.2,0.7,99.0,3.2,23.9,65.0,3.2,29.8,11.5,48.8,0.7,1.0,2.8,2.2,44031.0,10.799999999999999,6.699999999999999
92730113,female,55748.0,6.4,8.4,8.8,21.1,27.9,22.7,31.2,7.4,7.5,7.5,8.4,8.0,7.8,6.7,6.2,4.9,4.4,2.8,2.0,2.7,3.8,29.4,56.7,5.7,8.2,26.6,97.8,23.4,2.8,22.0,16.9,16.3,14.1,92.8,60.4,3.0,0.3,0.3,99.6,2.8,31.9,72.4,1.3,10.4,22.7,62.7,0.6,0.2,0.5,1.5,6650.0,11.899999999999999,7.5
92730113,male,54964.0,7.2,9.2,9.3,7.6,15.9,68.2,18.2,8.0,7.1,6.4,6.8,7.6,7.9,6.9,6.3,5.2,4.5,3.1,2.1,2.4,3.7,40.5,56.5,2.1,0.9,33.2,98.2,8.5,3.1,24.8,21.1,20.6,14.5,95.1,61.7,3.5,0.3,0.4,99.5,3.3,30.9,75.4,2.9,23.6,22.9,44.2,0.6,0.5,2.8,2.4,22756.0,12.1,7.6
92730115,female,68075.0,6.7,8.4,9.0,29.2,35.2,19.7,33.2,8.1,8.2,7.3,7.7,7.4,7.3,6.6,6.0,4.8,4.8,2.9,2.2,2.7,4.4,29.4,56.2,5.3,9.1,25.8,98.3,32.6,2.4,24.6,16.3,12.7,8.9,94.2,48.9,1.7,0.4,0.2,99.5,1.1,24.5,63.2,0.5,15.3,12.3,68.4,0.7,0.5,0.6,1.8,6820.0,12.599999999999998,7.8
92730115,male,68928.0,7.0,9.0,9.5,15.5,23.4,70.9,20.4,8.5,7.7,6.8,7.2,7.3,7.2,6.4,6.0,4.7,4.5,3.3,2.6,2.6,4.4,42.7,54.2,2.2,0.9,33.7,97.5,17.3,2.9,28.9,21.9,14.9,8.1,96.2,49.9,1.7,0.4,0.2,99.7,1.2,21.4,61.0,2.7,40.8,8.2,41.7,1.2,0.5,2.9,2.1,28970.0,13.0,8.5
92730117,female,50698.0,7.5,9.6,9.9,34.4,39.0,22.9,26.9,8.7,8.2,7.8,8.0,7.8,7.6,6.7,5.6,4.1,3.4,2.0,1.4,1.7,3.9,27.1,59.2,6.2,7.5,25.6,96.9,38.8,2.6,27.2,14.8,9.7,6.6,93.7,42.4,2.7,0.1,0.5,98.7,2.5,19.1,55.7,0.3,7.2,7.8,81.6,0.5,0.4,0.3,1.8,6199.0,8.5,5.1
92730117,male,50652.0,8.5,10.0,10.5,18.9,28.4,72.2,18.0,9.2,8.0,7.0,7.3,7.2,6.9,6.2,5.5,4.2,3.9,2.4,1.6,1.5,4.2,39.6,58.0,1.9,0.5,31.7,96.8,21.5,3.0,29.8,20.8,11.5,6.3,95.6,43.3,2.6,0.1,0.5,98.2,2.2,16.0,53.5,1.9,30.7,7.7,50.5,0.9,1.0,3.5,3.7,21275.0,9.4,5.5
92730519,female,7956.0,6.4,8.4,9.4,39.9,42.6,12.7,31.5,8.4,7.1,5.6,6.8,7.2,7.3,7.5,6.4,4.9,4.4,3.5,2.6,4.0,4.6,25.3,60.0,5.4,9.2,25.2,95.8,44.7,2.9,25.5,13.8,7.5,7.7,94.2,25.5,0.8,0.0,3.1,99.7,2.4,17.1,55.5,0.0,4.2,21.0,73.9,0.0,0.9,0.0,0.0,524.0,14.5,10.1
92730519,male,7741.0,7.6,9.9,9.6,20.5,25.8,66.8,20.1,8.7,6.5,5.9,6.5,6.0,7.0,6.9,6.4,5.0,5.2,3.2,2.2,3.4,5.1,37.9,59.4,1.8,0.9,33.2,97.7,22.9,3.1,30.6,20.1,11.2,9.2,94.9,24.2,0.8,0.0,3.3,99.9,1.9,15.2,55.2,2.3,18.0,11.2,63.7,0.1,0.8,2.8,1.1,3013.0,14.000000000000002,8.8
92730527,female,25872.0,7.5,9.6,10.5,34.5,39.9,12.4,35.8,9.0,8.3,6.9,7.5,7.5,7.4,6.6,5.8,4.2,3.5,1.9,1.6,2.2,4.1,26.8,62.6,3.5,7.1,25.3,96.5,39.3,2.1,27.6,14.9,8.4,7.1,84.2,82.2,2.0,0.0,0.2,99.3,2.9,17.0,56.9,0.0,10.1,11.7,74.1,1.3,0.3,0.0,2.4,1492.0,9.2,5.7
92730527,male,26749.0,7.7,10.1,10.8,17.9,27.1,71.9,18.3,9.0,7.9,6.7,6.8,6.8,6.9,6.3,5.9,4.3,4.4,2.7,1.9,2.0,4.3,38.8,59.2,1.2,0.7,32.4,96.3,20.3,2.8,30.7,21.4,11.0,7.0,89.6,82.4,2.5,0.0,0.1,99.2,2.8,16.2,54.1,1.9,30.5,7.0,54.4,0.7,1.2,1.9,2.4,11214.0,11.0,6.6
95410101,female,8680.0,7.0,8.4,10.2,29.7,35.5,15.5,41.3,9.4,8.3,7.0,7.3,7.5,7.8,6.2,5.7,4.9,3.6,2.6,1.8,2.2,4.1,29.5,60.5,3.6,6.5,25.3,95.9,33.7,1.3,26.3,16.6,10.6,9.7,92.5,48.2,3.2,0.1,0.7,99.3,3.5,25.4,57.4,1.6,9.2,26.1,61.6,0.8,0.0,0.6,0.0,586.0,10.2,6.6000000000000005
95410101,male,8609.0,7.4,9.5,10.4,13.7,21.2,68.2,21.6,9.4,7.9,6.7,7.1,6.9,6.7,6.5,5.9,4.5,3.8,3.1,1.9,2.1,5.0,39.1,59.2,1.0,0.6,32.7,99.0,15.5,2.4,29.5,24.2,12.8,9.9,96.6,47.9,3.6,0.2,1.0,99.8,3.9,22.3,58.4,1.9,19.4,14.0,58.5,1.1,1.4,1.7,1.9,3343.0,10.9,7.1
95410102,female,9822.0,7.6,9.0,10.0,43.2,46.5,5.4,23.9,8.6,6.6,6.3,7.0,7.2,6.9,6.7,5.8,4.4,4.2,3.1,2.6,3.9,4.7,25.9,63.5,2.6,7.9,24.6,97.0,48.9,1.3,30.7,11.5,4.5,5.4,66.8,95.3,0.3,0.0,0.2,98.5,2.8,17.8,47.9,0.0,4.8,45.9,44.4,0.0,0.0,1.8,3.2,295.0,13.8,9.6
95410102,male,9710.0,8.6,10.1,11.0,19.2,29.1,66.8,11.2,9.1,5.8,6.2,6.7,6.8,7.4,5.9,5.5,4.4,3.5,3.3,2.6,3.3,5.9,36.2,62.0,0.4,1.4,32.3,90.7,22.0,2.2,32.5,20.5,7.3,8.4,74.4,95.2,0.5,0.0,0.2,98.3,3.8,17.2,46.8,4.6,28.0,14.1,43.2,1.0,0.9,3.7,4.4,4051.0,12.7,9.2
95410103,female,6953.0,7.2,9.7,9.3,32.3,37.6,18.3,32.9,8.5,7.6,6.7,7.2,8.0,7.8,6.2,5.4,4.9,4.2,2.7,2.1,2.6,6.0,26.9,58.5,6.5,8.1,24.7,98.7,36.3,2.8,26.2,14.2,10.2,9.0,97.6,23.5,0.3,0.1,0.6,99.9,2.2,23.0,58.4,0.0,3.1,21.2,71.2,0.9,0.0,0.0,3.6,629.0,11.6,7.4
95410103,male,6790.0,7.2,9.2,11.5,15.4,21.3,67.9,21.7,9.5,7.2,6.3,6.5,6.3,7.4,6.1,6.0,4.9,4.3,2.9,2.1,2.7,5.9,36.4,61.9,1.3,0.4,31.3,95.0,17.7,3.4,29.0,24.2,10.9,11.2,97.9,21.2,0.5,0.0,0.4,99.8,2.9,19.7,57.9,2.6,18.5,14.4,60.1,0.4,0.6,2.6,0.8,2599.0,12.0,7.7
95410105,female,2008.0,5.4,8.0,8.1,49.3,54.0,7.5,40.3,7.5,5.7,5.3,6.9,6.5,7.7,6.6,6.6,5.7,6.1,4.4,3.9,5.6,6.8,32.8,53.9,2.8,10.5,25.5,94.7,54.1,1.2,22.6,10.4,5.1,6.8,37.6,96.5,0.4,0.0,0.3,97.2,11.3,20.0,55.0,1.4,1.4,62.0,33.8,0.0,0.0,0.0,1.4,71.0,20.0,13.9
95410105,male,2113.0,6.4,7.7,9.1,10.2,20.8,72.2,24.3,7.0,6.9,8.2,8.3,7.8,6.4,7.6,6.2,3.5,3.9,3.3,2.7,4.8,5.1,45.1,53.1,0.9,0.8,35.5,96.6,11.4,1.0,29.6,25.3,10.7,12.6,60.2,91.6,1.2,0.0,0.1,98.8,11.7,17.9,57.9,2.7,16.3,21.4,56.5,0.3,0.2,1.5,1.0,886.0,14.7,10.8
95410107,female,15047.0,7.4,9.6,10.8,37.6,41.3,7.4,22.9,9.4,7.9,6.9,7.5,7.2,7.2,6.0,5.5,4.1,3.7,2.5,1.9,2.4,3.1,25.1,65.5,3.1,6.2,24.6,95.0,43.0,1.1,29.1,14.1,7.7,6.7,87.1,68.4,3.7,0.0,0.6,97.8,5.8,17.2,54.9,0.7,6.2,40.0,35.3,3.9,0.0,1.6,12.4,622.0,10.5,6.800000000000001
95410107,male,15227.0,8.2,10.2,11.0,17.3,27.7,68.8,12.9,9.0,7.2,6.4,7.0,6.7,6.9,6.5,5.9,4.0,3.7,2.7,2.3,2.4,3.9,37.0,61.9,0.8,0.3,31.1,97.7,19.8,1.7,32.9,20.1,8.6,9.0,91.0,67.4,3.4,0.0,0.2,98.3,4.8,15.3,51.3,2.9,23.9,12.6,46.8,1.7,1.2,2.1,8.8,6433.0,11.1,7.4
95410109,female,49970.0,7.1,9.3,10.0,31.0,37.4,14.5,33.7,8.6,7.9,7.0,7.4,7.5,7.5,6.7,5.8,4.4,4.2,2.5,1.9,2.4,4.8,26.6,60.3,5.0,8.1,25.4,97.2,35.1,1.7,27.0,14.6,10.1,9.2,96.8,32.2,2.1,0.1,0.2,99.5,2.1,22.4,56.4,1.4,9.7,25.6,58.8,0.6,0.2,1.7,2.1,3535.0,11.0,6.800000000000001
95410109,male,50202.0,7.5,9.6,10.7,15.7,24.8,69.6,19.5,9.2,7.6,6.4,6.6,6.8,7.0,6.4,5.9,4.6,4.2,2.9,2.1,2.5,4.4,40.0,57.5,1.6,0.8,32.4,96.1,17.7,2.0,28.4,21.4,12.5,10.9,97.8,30.3,1.8,0.1,0.3,99.7,2.0,20.6,57.8,3.2,30.1,11.7,44.6,1.2,1.3,3.5,4.5,20307.0,11.7,7.5
95410111,female,3605.0,7.4,8.7,10.0,34.2,38.8,10.0,21.1,8.2,7.2,6.6,6.2,7.0,6.8,6.4,6.5,4.9,4.0,3.1,2.5,4.4,3.0,29.7,59.2,1.9,9.2,24.5,99.3,38.6,2.0,26.8,15.6,8.0,8.8,56.9,94.5,0.6,0.0,0.1,99.4,6.6,18.7,55.4,0.5,8.6,52.9,37.1,0.0,0.0,1.0,0.0,210.0,14.0,10.0
95410111,male,3364.0,9.0,10.2,10.6,9.7,19.1,66.9,7.3,9.3,5.9,5.9,6.8,6.9,6.8,6.2,5.2,5.6,3.2,2.5,2.5,3.3,3.3,36.7,61.6,1.1,0.6,31.9,98.0,10.7,2.3,33.4,21.2,10.1,13.9,62.8,94.3,0.8,0.0,0.1,99.3,6.0,18.7,57.9,3.0,24.4,22.8,43.4,1.6,0.7,1.5,2.7,1460.0,11.5,8.3
95410113,female,42298.0,5.9,7.7,9.0,26.4,32.6,19.1,36.8,8.3,7.3,6.8,7.1,7.1,7.3,6.9,6.7,5.4,5.1,3.5,2.5,3.4,4.8,30.5,54.6,5.0,9.9,26.4,97.2,29.4,2.3,23.9,15.9,13.4,11.8,94.8,47.7,2.2,0.1,0.1,99.6,3.4,25.9,60.4,1.0,10.0,37.1,45.9,1.1,0.4,1.1,3.4,3950.0,14.5,9.4
95410113,male,40519.0,6.3,8.4,9.7,10.5,17.8,67.1,21.0,8.9,7.1,6.5,6.9,6.4,6.6,6.7,6.7,5.4,5.1,3.6,2.5,3.2,5.2,41.2,55.7,2.1,1.0,33.4,98.1,11.7,2.5,27.7,22.4,16.9,12.8,96.5,46.3,2.0,0.1,0.2,99.6,3.4,24.5,63.0,2.8,27.8,18.5,40.5,1.2,1.1,3.8,4.3,16225.0,14.399999999999999,9.3
95410301,female,1886.0,3.3,4.9,7.3,66.0,65.9,3.8,25.0,5.5,4.9,4.5,4.6,5.9,7.1,7.8,8.6,7.3,7.4,6.0,4.9,9.7,9.2,33.2,46.6,2.5,17.7,33.8,96.4,71.7,0.3,23.2,5.5,2.2,3.0,22.6,99.2,0.2,0.0,0.0,99.8,2.7,18.2,61.8,0.0,4.4,75.6,17.8,0.0,0.0,2.2,0.0,45.0,28.0,20.6
95410301,male,1152.0,5.3,11.1,11.0,27.3,36.1,53.0,44.0,5.7,3.5,4.3,3.6,2.6,4.0,4.1,4.8,6.4,6.3,7.5,6.9,13.0,10.7,28.0,68.2,1.1,2.8,35.8,99.4,31.5,2.1,45.4,10.2,3.2,3.0,50.1,99.4,0.0,0.0,0.0,99.4,3.6,11.6,45.6,0.4,19.8,37.1,41.5,0.4,0.0,0.4,0.4,248.0,33.7,27.4
95410303,female,955.0,3.2,4.6,4.8,68.4,69.7,2.8,34.8,3.6,4.0,3.6,4.6,5.3,7.9,7.1,6.9,6.8,11.2,6.1,6.8,13.5,6.0,33.2,43.5,2.4,20.9,27.4,93.8,71.8,0.3,16.8,6.0,3.7,3.6,32.9,96.0,0.2,0.1,0.1,96.4,9.0,11.9,64.4,0.0,13.3,60.0,26.7,0.0,0.0,0.0,0.0,15.0,37.599999999999994,26.4
95410303,male,639.0,6.6,7.0,7.0,26.4,36.8,59.6,24.5,4.9,3.9,2.5,6.6,6.6,4.4,7.4,7.0,6.6,6.7,5.5,6.4,11.0,6.9,30.2,66.3,0.2,3.4,34.7,90.5,28.4,0.8,34.0,13.9,6.9,7.7,68.4,93.4,0.6,0.0,0.2,98.5,4.2,12.6,58.4,0.0,20.6,27.6,49.1,0.4,0.0,0.9,1.3,228.0,29.6,22.9
95410305,female,1227.0,3.7,7.1,7.3,67.9,66.6,0.3,33.3,7.2,4.5,4.3,5.1,5.8,6.9,5.8,7.1,6.5,9.3,6.4,4.6,8.6,6.6,26.2,53.0,1.9,18.9,31.1,90.1,73.3,0.1,26.2,4.4,2.0,0.8,22.2,99.5,0.3,0.0,0.1,98.9,4.5,6.3,65.9,0.0,0.0,0.0,100.0,0.0,0.0,0.0,0.0,2.0,28.9,19.6
95410305,male,961.0,6.2,8.3,10.5,41.3,48.8,47.2,16.8,8.3,5.1,3.7,5.7,5.7,4.7,4.5,6.2,6.8,5.6,5.5,5.2,7.8,7.3,34.9,62.5,1.0,1.7,34.8,95.1,46.8,0.1,32.6,12.4,2.9,3.2,49.0,99.5,0.2,0.0,0.0,99.0,7.9,6.2,62.4,0.0,22.6,11.7,57.6,0.4,6.7,1.1,0.0,283.0,24.1,18.5
95410307,female,2209.0,5.8,7.1,7.6,62.3,63.2,1.4,8.0,6.7,4.4,5.6,5.6,6.0,6.6,6.9,6.1,6.1,6.6,6.1,5.3,7.7,10.5,27.4,56.2,2.6,13.8,28.3,94.3,68.0,0.2,27.7,5.0,2.3,1.7,14.4,98.8,10.9,0.1,0.0,97.7,8.7,8.3,23.0,0.0,0.0,73.9,21.7,0.0,0.0,4.3,0.0,23.0,25.7,19.099999999999998
95410307,male,1738.0,7.8,10.4,10.2,31.6,47.8,46.7,50.1,6.6,3.3,4.3,4.8,5.6,6.2,4.0,5.2,4.9,4.6,6.6,6.6,8.9,11.4,28.1,69.2,0.6,2.1,33.8,91.9,36.0,0.2,35.0,8.7,3.7,4.5,30.6,98.8,7.5,0.1,0.1,97.4,8.4,8.1,21.3,0.0,8.6,36.2,36.9,0.0,0.3,14.5,3.4,290.0,26.699999999999996,22.1
95410309,female,1237.0,5.4,7.4,7.3,67.7,66.2,0.6,0.0,7.0,3.8,3.2,5.3,5.9,6.9,7.5,6.0,7.1,7.0,6.1,6.1,8.1,8.5,29.7,49.7,3.5,17.1,28.7,97.7,73.6,0.8,24.4,4.8,2.9,0.9,19.8,98.1,3.8,0.1,0.0,98.6,1.7,6.0,30.2,0.0,0.0,100.0,0.0,0.0,0.0,0.0,0.0,6.0,27.299999999999997,20.299999999999997
95410309,male,732.0,6.0,10.8,12.2,40.9,48.0,33.7,14.3,5.9,2.5,2.7,4.0,4.0,6.3,3.7,6.4,6.3,4.2,7.5,7.7,10.0,13.4,27.1,66.9,1.5,4.4,32.3,97.1,47.1,3.0,33.7,9.8,3.3,2.2,40.4,99.0,3.1,0.0,0.1,97.8,1.9,5.8,24.4,0.0,31.3,20.7,34.7,0.7,0.7,2.0,10.0,150.0,29.4,25.2
95410311,female,538.0,3.0,3.9,4.8,71.9,71.7,1.5,0.0,2.6,3.2,3.5,5.2,5.4,4.5,5.4,9.3,7.4,10.0,8.7,8.7,14.3,19.3,23.8,51.4,2.7,22.1,29.8,100.0,75.6,0.2,21.2,3.5,1.1,2.2,29.7,97.6,8.6,0.0,0.0,98.6,2.1,11.3,43.3,0.0,0.0,100.0,0.0,0.0,0.0,0.0,0.0,7.0,41.7,31.7
95410311,male,435.0,3.7,5.7,4.4,27.4,44.6,37.9,26.1,4.6,6.2,5.5,6.0,5.1,6.0,4.8,6.0,5.1,4.4,7.1,9.4,16.1,18.4,30.4,66.4,1.1,2.1,30.7,100.0,28.8,0.0,34.9,12.2,4.8,3.4,69.9,96.6,11.3,0.0,0.0,98.3,5.2,6.6,32.9,0.0,6.7,32.4,47.6,1.0,0.0,0.0,12.4,105.0,37.0,32.6
95410313,female,856.0,3.9,5.8,7.6,60.0,56.9,4.1,37.9,7.1,5.3,4.1,4.8,6.2,6.2,6.5,6.9,7.2,6.7,6.5,6.4,8.8,7.6,28.8,54.2,3.7,13.3,29.0,92.9,65.4,0.7,27.1,7.0,4.1,4.2,17.4,98.8,1.2,0.2,0.0,99.4,0.6,7.4,24.3,0.0,5.6,22.2,72.2,0.0,0.0,0.0,0.0,18.0,28.400000000000002,21.700000000000003
95410313,male,586.0,7.5,9.2,10.8,19.5,27.0,52.0,40.7,7.2,4.1,3.2,3.2,4.9,6.7,5.6,4.9,4.8,6.8,5.5,4.6,10.9,7.0,32.2,65.4,1.9,0.5,34.1,97.0,22.4,2.2,44.0,15.5,6.1,5.1,31.6,98.6,2.2,0.0,0.0,99.7,1.0,5.6,27.5,0.8,19.8,23.7,43.5,0.0,1.5,6.9,3.8,131.0,27.799999999999997,21.0
95410315,female,802.0,3.5,5.6,4.9,66.9,67.3,1.3,11.1,5.4,4.2,4.5,3.9,5.9,7.9,5.9,8.2,6.2,9.9,6.7,5.4,12.1,7.1,23.0,60.0,1.7,15.2,31.1,94.8,70.6,0.4,20.8,6.0,3.1,2.4,18.8,99.1,0.6,0.0,0.0,98.3,1.7,5.4,28.2,0.0,0.0,87.5,12.5,0.0,0.0,0.0,0.0,8.0,34.1,24.200000000000003
95410315,male,631.0,4.0,7.8,9.5,20.6,32.8,34.6,10.5,7.3,6.7,6.2,4.8,5.1,3.2,5.4,6.5,6.3,6.2,6.8,4.8,9.7,7.4,33.0,64.8,1.0,1.2,34.5,100.0,23.1,0.3,35.8,20.0,6.3,4.8,47.9,98.1,0.6,0.0,0.0,98.6,1.6,3.6,24.9,0.0,26.0,27.9,42.9,1.3,0.6,0.0,1.3,154.0,27.5,21.299999999999997
95410317,female,1341.0,3.4,4.5,5.7,65.0,67.0,1.8,28.6,5.7,3.8,4.8,4.5,5.2,7.5,7.2,8.2,7.6,8.9,6.4,4.8,11.8,13.7,33.1,45.0,4.0,17.9,31.4,98.8,69.2,0.5,20.7,4.8,3.9,3.2,18.9,99.1,0.4,0.0,0.0,99.8,0.7,13.6,43.6,0.0,0.0,93.3,6.7,0.0,0.0,0.0,0.0,15.0,31.900000000000002,23.0
95410317,male,839.0,5.7,7.0,10.0,17.8,31.5,51.3,39.8,7.9,3.9,4.1,5.2,5.0,4.6,5.4,6.1,5.2,6.8,6.8,5.6,10.6,13.5,36.9,60.3,1.5,1.2,37.0,95.3,20.1,0.4,36.7,16.4,7.6,7.4,48.8,98.8,0.4,0.0,0.0,99.8,1.0,8.8,38.2,0.0,24.5,26.5,31.0,0.0,1.5,7.5,9.0,200.0,29.799999999999997,23.0
95410319,female,809.0,3.1,5.7,4.3,66.8,69.0,1.3,22.2,5.2,5.3,4.0,4.6,5.7,5.6,6.9,7.2,8.9,7.8,8.2,6.4,11.2,7.5,33.1,52.8,2.1,11.9,28.7,96.0,70.0,0.1,17.8,5.4,4.4,3.2,21.8,98.9,1.0,0.0,0.0,93.1,6.9,12.2,32.7,0.0,0.0,57.1,42.9,0.0,0.0,0.0,0.0,7.0,33.599999999999994,25.799999999999997
95410319,male,558.0,5.7,7.7,7.5,19.0,43.9,39.0,26.2,7.3,5.2,3.6,3.9,5.2,7.3,5.6,5.2,7.2,6.1,6.5,5.7,10.2,8.8,36.7,61.5,0.5,1.4,32.7,100.0,20.9,0.9,29.7,13.8,6.5,5.2,47.1,99.1,0.4,0.0,0.0,94.1,6.1,7.4,25.8,0.8,22.0,34.6,17.3,0.8,0.0,0.0,24.4,127.0,28.5,22.4
95410321,female,492.0,3.3,4.7,3.7,75.9,77.0,2.5,0.0,4.9,3.7,4.9,4.1,4.5,6.1,7.1,9.3,6.7,10.8,9.1,6.7,10.6,17.9,26.0,45.1,4.8,24.1,32.4,95.2,79.1,0.0,15.4,4.3,2.0,1.2,31.9,98.2,0.6,0.0,0.0,99.1,3.7,11.0,50.5,0.0,0.0,63.6,36.4,0.0,0.0,0.0,0.0,11.0,37.199999999999996,26.4
95410321,male,322.0,4.0,5.0,7.1,47.1,58.7,31.5,10.6,5.0,2.8,2.5,6.2,7.8,4.7,3.4,5.9,6.2,8.7,8.1,10.6,12.1,26.1,27.8,66.7,0.7,4.8,34.1,88.5,51.1,0.0,26.4,7.5,3.1,4.3,68.3,98.8,0.0,0.6,0.0,99.4,3.2,7.7,34.2,1.3,13.2,59.2,22.4,0.0,0.0,0.0,3.9,76.0,39.5,30.799999999999997
95410323,female,2153.0,5.5,7.6,8.9,60.5,60.8,1.8,45.2,7.0,5.9,3.7,6.4,6.5,7.2,6.4,6.4,6.4,6.1,5.7,3.4,7.1,8.7,25.8,57.4,2.1,14.7,29.0,96.2,67.3,1.2,25.9,6.9,2.8,2.4,24.4,99.0,0.7,0.0,0.0,97.8,2.6,15.7,49.5,0.0,0.0,76.5,23.5,0.0,0.0,0.0,0.0,17.0,22.3,16.2
95410323,male,1610.0,7.5,10.1,11.0,31.2,42.7,50.1,28.1,8.8,5.3,3.4,4.0,4.7,6.2,5.5,4.8,5.0,5.8,5.5,5.3,7.0,11.7,31.6,65.9,0.7,1.8,33.2,96.8,35.9,1.7,32.2,11.2,6.7,5.5,47.1,98.9,0.4,0.0,0.0,98.8,2.3,17.0,45.2,0.5,50.0,20.0,26.1,0.7,0.5,1.2,1.0,414.0,23.6,17.8
95410325,female,1122.0,2.5,5.5,5.3,75.9,75.0,1.2,0.0,5.3,3.5,4.8,5.1,5.6,7.3,7.0,7.7,8.8,9.7,5.1,6.4,10.4,15.1,35.5,44.0,4.2,16.3,34.8,84.9,79.7,0.1,21.8,1.3,0.6,1.2,10.6,98.3,9.1,0.3,0.0,92.8,8.4,6.0,34.1,0.0,0.0,83.3,8.3,0.0,0.0,8.3,0.0,12.0,31.6,21.9
95410325,male,731.0,5.3,9.0,7.9,49.8,57.2,41.0,27.0,4.4,2.6,2.9,4.4,3.6,6.3,6.0,5.1,5.9,6.8,8.3,6.6,14.9,15.7,26.4,68.3,1.9,3.3,37.8,84.4,54.2,0.1,27.5,8.9,2.6,3.7,29.4,97.5,9.8,0.1,0.0,96.2,5.1,9.2,33.4,1.2,21.8,31.2,16.5,0.0,1.2,25.9,2.4,170.0,36.6,29.8
95410327,female,802.0,3.5,4.7,7.2,65.8,67.1,3.1,19.0,5.2,5.5,3.9,5.4,5.0,6.6,6.2,8.5,6.6,9.1,5.4,6.9,10.3,13.0,27.9,51.6,2.9,17.6,28.6,85.0,71.2,0.4,23.1,4.2,2.2,3.0,16.0,97.9,0.6,0.0,0.0,100.0,0.0,14.3,53.2,0.0,0.0,94.1,5.9,0.0,0.0,0.0,0.0,17.0,31.7,22.6
95410327,male,612.0,7.7,8.3,8.7,25.9,43.6,44.5,44.4,7.7,5.2,3.3,5.7,5.1,5.1,5.2,4.6,5.6,5.1,6.2,5.4,11.3,13.4,35.1,62.0,1.1,1.7,35.7,83.8,28.4,0.8,35.5,14.4,3.3,2.5,31.2,98.9,0.2,0.0,0.0,99.7,0.3,11.0,47.5,0.0,24.6,34.2,36.8,0.9,0.9,2.6,0.0,114.0,28.000000000000004,22.900000000000002
95410329,female,592.0,4.1,5.2,8.1,64.6,65.9,0.6,100.0,9.5,5.4,3.7,4.4,4.2,5.1,6.4,7.3,9.1,7.8,5.2,6.1,8.4,10.5,30.1,52.1,2.7,15.1,31.6,93.8,70.8,0.0,22.5,5.9,4.7,1.0,26.7,98.1,1.5,0.0,0.0,97.4,3.2,7.4,24.2,,,,,,,,,0.0,27.5,19.700000000000003
95410329,male,469.0,4.9,6.8,9.8,27.1,35.4,32.6,48.3,7.0,5.8,4.5,5.8,3.0,4.1,5.1,6.8,6.8,7.5,6.8,5.8,9.6,12.6,34.8,62.5,0.5,2.2,34.8,95.9,29.9,0.0,45.6,10.4,4.9,3.6,52.0,98.7,0.6,0.0,0.0,99.0,1.3,6.6,17.2,0.0,25.8,45.2,21.0,3.2,4.8,0.0,0.0,62.0,29.700000000000003,22.2
95410331,female,846.0,2.5,4.1,6.0,65.1,67.6,2.8,76.2,6.5,5.8,3.4,5.3,6.3,8.9,5.1,6.1,8.0,7.8,7.7,5.9,10.5,12.6,32.7,42.5,3.7,21.1,35.0,95.8,69.4,0.6,19.7,6.1,2.5,3.4,31.1,99.1,0.5,0.0,0.0,98.6,2.2,15.9,58.7,0.0,0.0,100.0,0.0,0.0,0.0,0.0,0.0,5.0,31.9,24.1
95410331,male,617.0,4.4,6.5,8.8,32.9,46.7,38.6,40.8,9.2,5.7,4.4,5.8,5.5,5.0,5.3,5.7,6.3,5.3,4.9,4.9,12.3,12.8,40.9,55.6,0.8,2.6,37.9,94.7,36.1,2.4,27.7,10.7,6.2,6.3,64.8,99.4,0.3,0.0,0.0,99.2,1.6,14.1,49.9,0.0,21.2,34.5,31.0,2.7,1.8,0.9,8.0,113.0,27.4,22.1
95410409,female,4040.0,7.1,8.7,10.0,48.3,50.2,3.1,29.3,9.1,6.3,5.5,5.6,7.3,6.4,5.9,5.9,5.9,5.2,3.1,3.1,4.8,6.5,28.0,63.1,1.5,7.4,25.6,94.6,54.5,1.7,29.6,9.4,4.3,4.8,73.9,87.0,9.9,0.1,0.0,98.2,2.0,17.0,49.9,0.0,7.7,40.0,33.8,9.2,3.1,4.6,1.5,65.0,16.2,11.0
95410409,male,3792.0,7.4,9.9,10.7,28.2,35.0,60.0,35.9,8.6,5.0,5.6,5.4,6.1,6.3,6.0,6.5,5.1,4.4,3.9,3.8,5.2,9.0,35.3,63.0,0.8,0.9,32.7,97.3,32.2,1.7,37.2,15.3,5.3,5.6,81.3,88.2,9.8,0.0,0.0,98.9,1.2,15.3,44.8,1.3,20.5,11.8,59.9,2.1,0.0,1.0,3.3,1048.0,17.3,12.899999999999999
95410413,female,5562.0,7.1,8.4,8.9,56.9,56.4,3.5,38.5,7.6,5.5,5.5,6.7,5.8,6.9,6.5,6.1,5.1,5.2,4.4,4.2,6.2,5.7,27.2,60.1,1.3,11.5,26.9,97.1,63.5,1.0,29.5,7.8,2.2,3.1,37.5,99.0,0.5,0.0,0.0,99.8,0.4,11.4,53.6,0.0,10.3,37.3,47.4,0.0,0.0,0.0,5.0,90.0,20.0,14.8
95410413,male,4991.0,8.5,9.9,10.7,33.3,41.3,62.5,18.6,6.7,4.5,4.7,6.6,7.0,6.1,5.4,4.8,5.0,4.6,4.9,4.4,6.0,8.4,31.2,66.0,0.8,2.0,32.7,98.9,37.8,1.6,36.0,12.4,4.3,4.4,53.2,98.5,0.9,0.1,0.0,98.9,2.1,9.3,46.9,0.2,24.0,6.8,59.6,0.6,1.0,2.9,4.9,1801.0,19.9,15.3
95410417,female,3001.0,7.3,11.2,9.1,54.3,54.7,1.1,16.0,9.0,5.6,5.4,6.4,6.6,6.6,6.1,5.8,4.7,5.0,3.8,2.8,4.7,4.6,23.0,68.1,1.5,7.5,23.9,93.6,60.9,1.9,32.9,6.5,2.5,1.5,39.2,97.1,0.1,0.0,0.0,86.8,15.4,10.1,38.0,0.0,9.5,23.8,57.1,4.8,0.0,0.0,4.8,21.0,16.3,11.3
95410417,male,3035.0,7.5,9.0,10.6,33.8,40.5,62.5,24.7,8.7,6.9,5.8,6.6,7.1,6.7,5.2,6.0,4.3,4.1,3.8,3.0,4.5,5.7,34.6,64.0,0.4,1.0,30.9,94.1,37.9,1.7,35.8,13.9,3.6,4.6,43.4,97.8,0.2,0.0,0.1,88.4,15.1,9.8,38.7,0.8,31.7,5.2,60.8,0.3,0.3,0.0,1.0,1039.0,15.399999999999999,11.3
95410421,female,3978.0,6.5,7.8,9.3,52.2,52.0,3.3,35.6,7.4,6.4,5.6,6.1,5.9,6.0,7.0,7.3,4.8,5.6,3.8,3.7,6.8,6.6,28.6,56.7,2.3,12.3,25.1,98.8,58.5,2.4,27.1,10.0,4.5,4.1,49.0,84.4,14.9,0.0,0.0,98.2,2.1,20.0,64.1,0.0,1.5,41.5,50.8,0.0,0.0,0.0,6.2,65.0,19.9,14.3
95410421,male,3565.0,7.2,9.2,9.8,26.4,30.2,56.3,18.6,8.3,5.5,5.4,6.3,6.1,6.2,6.1,6.6,4.5,4.3,4.6,3.7,6.1,7.8,36.0,62.0,0.7,1.3,32.8,99.1,29.8,3.7,37.3,17.4,5.7,5.8,66.0,84.4,15.0,0.1,0.0,99.0,1.4,15.7,59.2,0.7,15.4,7.2,60.6,0.5,0.6,0.7,14.3,1205.0,18.699999999999996,14.4
95410423,female,6920.0,7.9,9.1,9.4,42.4,46.2,8.2,21.4,8.9,6.9,5.7,6.8,7.0,7.1,6.9,6.0,4.7,4.0,3.0,2.5,4.0,4.5,28.2,62.3,1.7,7.9,25.1,100.0,47.7,1.6,29.3,11.2,5.6,6.0,97.9,30.9,1.3,0.0,0.1,99.6,2.1,15.1,43.2,0.0,33.5,18.7,42.1,3.8,0.0,1.9,0.0,328.0,13.5,9.5
95410423,male,6911.0,7.9,9.6,10.5,22.9,26.4,65.4,7.8,8.4,7.0,6.1,7.0,6.6,6.8,6.3,6.4,5.0,3.8,3.0,2.1,3.5,4.6,38.0,60.8,0.7,0.4,31.7,97.5,26.2,2.7,37.9,22.8,5.6,4.6,98.0,29.5,0.6,0.0,0.1,99.9,1.1,11.2,38.6,1.1,32.0,3.9,56.1,4.2,0.2,0.9,1.7,2997.0,12.4,8.6
95410425,female,5314.0,7.7,9.2,9.5,40.7,45.3,6.2,25.9,8.5,6.5,6.9,7.2,6.1,7.7,6.9,6.6,4.6,3.8,2.8,2.5,3.6,5.4,25.4,63.9,3.2,7.5,25.2,89.7,45.6,0.4,32.9,12.2,4.7,4.5,96.8,41.3,0.3,0.1,0.2,99.8,6.0,15.4,49.8,0.0,14.7,40.8,39.1,5.3,0.0,0.0,0.0,179.0,12.7,8.9
95410425,male,5642.0,8.0,10.1,9.7,22.4,30.8,70.2,12.0,9.3,7.2,6.4,7.0,6.2,6.3,6.6,5.9,4.6,4.0,3.0,2.4,3.3,5.6,40.9,57.4,1.3,0.4,32.2,88.7,25.0,0.4,38.0,22.5,3.9,4.4,97.8,33.4,0.4,0.0,0.2,99.9,9.3,7.8,45.3,1.2,23.5,10.2,61.1,1.4,0.9,0.3,1.5,2517.0,12.7,8.7
95410429,female,5931.0,7.0,8.8,10.0,45.8,48.2,5.0,40.2,8.3,7.2,5.8,5.9,7.2,6.8,6.7,6.5,4.7,4.5,3.5,3.1,3.8,7.5,26.6,63.4,1.3,8.7,25.1,95.0,51.8,1.7,30.7,10.5,4.9,4.0,80.6,89.8,1.1,0.0,0.6,99.4,0.9,15.9,48.3,0.0,2.9,49.3,24.7,0.0,0.0,0.0,23.1,132.0,14.899999999999999,10.399999999999999
95410429,male,5689.0,8.5,9.7,11.2,25.7,33.2,67.4,12.3,8.5,6.2,5.0,5.6,6.1,6.6,6.7,7.1,4.3,4.1,3.2,3.4,3.8,7.5,32.4,64.8,1.1,1.7,31.1,96.6,29.5,3.1,36.8,16.8,5.3,4.8,83.4,91.6,1.2,0.0,0.9,99.2,1.6,11.8,45.0,2.5,19.3,7.8,48.4,1.5,0.5,0.9,19.1,2373.0,14.5,10.399999999999999
95410433,female,5838.0,7.6,9.2,10.3,35.4,41.6,7.4,25.0,9.5,6.9,6.5,6.9,7.0,7.2,7.1,5.4,4.0,4.6,2.9,2.0,2.9,5.3,27.3,63.1,3.4,6.2,23.7,99.0,40.2,1.8,31.9,11.9,7.2,5.7,92.8,34.5,3.3,0.0,0.1,96.9,3.4,12.7,38.0,2.3,12.3,21.1,64.3,0.0,0.0,0.0,0.0,237.0,12.4,7.800000000000001
95410433,male,5892.0,7.7,9.8,10.3,17.7,25.0,71.7,7.5,8.8,6.9,6.6,6.4,7.1,7.1,6.5,5.8,4.9,4.2,3.1,2.1,2.8,4.3,37.1,61.4,0.9,0.6,31.4,99.2,20.2,2.5,39.5,20.4,7.4,5.2,95.5,26.4,2.3,0.0,0.1,98.6,1.9,8.9,36.4,1.6,23.3,8.3,59.8,2.0,0.2,4.7,0.2,2825.0,12.2,8.0
95410435,female,3683.0,6.8,8.1,8.6,59.0,58.6,1.2,2.9,9.1,5.4,5.6,6.0,6.1,7.2,7.0,7.0,5.3,5.1,4.2,3.7,4.7,5.0,25.1,62.3,1.9,10.8,27.3,93.6,65.4,0.7,28.8,7.4,2.6,1.9,19.2,98.9,0.7,0.0,0.0,99.2,1.1,11.3,48.8,3.0,3.0,66.7,9.1,12.1,0.0,0.0,6.1,33.0,17.7,12.600000000000001
95410435,male,3359.0,7.8,9.4,10.3,32.9,40.5,57.2,15.7,6.9,5.0,5.6,6.3,5.5,5.4,6.7,5.8,5.2,5.1,5.0,4.2,5.8,7.1,28.0,69.8,0.6,1.6,30.7,95.8,37.5,1.2,38.5,12.6,4.1,3.2,24.4,99.2,0.4,0.0,0.0,99.8,0.4,9.8,40.6,0.3,20.4,7.6,52.7,0.7,0.3,1.1,17.0,1175.0,20.1,15.0
95410439,female,1528.0,9.2,8.3,9.4,61.1,61.5,1.7,10.5,8.7,5.6,5.0,5.8,6.0,6.1,6.2,6.2,5.1,5.9,4.8,2.9,5.2,5.8,22.5,64.6,1.5,11.4,25.5,95.0,68.8,1.0,31.5,3.7,1.1,1.1,40.9,99.3,0.3,0.0,0.0,100.0,0.2,7.3,76.8,0.0,5.9,58.8,29.4,5.9,0.0,0.0,0.0,17.0,18.8,12.899999999999999
95410439,male,1475.0,7.9,9.2,9.2,31.9,37.5,69.6,22.3,6.8,7.1,6.4,6.0,7.1,5.8,5.4,4.5,5.4,5.3,4.2,3.9,6.0,7.0,33.4,64.0,0.7,1.9,31.0,96.4,35.5,4.0,43.3,11.1,2.2,2.0,62.6,99.7,0.1,0.0,0.1,100.0,0.4,7.3,63.1,1.0,9.4,10.0,68.2,2.4,0.0,1.0,8.0,588.0,19.4,14.1
95410447,female,4656.0,7.6,9.4,10.1,53.4,54.1,2.5,18.2,8.3,6.3,5.4,6.1,6.9,7.5,6.7,5.9,4.5,4.4,3.0,2.9,4.9,5.1,23.2,64.6,2.1,10.1,24.4,92.0,60.8,0.9,28.9,10.3,3.8,2.0,34.9,95.0,1.3,0.0,0.0,96.1,7.1,11.0,24.2,0.0,12.7,16.3,62.2,0.0,8.8,0.0,0.0,69.0,15.200000000000001,10.8
95410447,male,4539.0,8.1,9.3,10.9,24.9,35.6,61.7,17.1,8.8,6.5,5.9,6.4,6.6,6.1,5.8,6.4,4.6,3.4,3.3,3.3,4.8,6.2,33.8,64.2,1.0,0.9,29.2,94.2,28.1,0.8,35.6,16.4,6.0,5.5,39.3,92.2,2.0,0.0,0.0,98.6,5.4,7.5,24.7,2.9,21.4,7.8,65.8,0.9,0.9,0.0,0.3,1666.0,14.8,11.399999999999999
95410449,female,2793.0,6.6,7.6,9.3,54.8,53.0,4.6,62.2,8.4,7.2,5.0,6.2,6.6,6.6,6.4,6.9,5.3,5.1,4.3,3.1,5.3,4.1,24.1,61.4,2.2,12.2,23.9,97.2,60.7,0.5,29.1,8.6,4.4,4.6,22.0,96.6,1.0,0.0,0.0,98.4,2.2,16.6,51.4,0.0,2.7,54.1,43.2,0.0,0.0,0.0,0.0,37.0,17.799999999999997,12.7
95410449,male,2876.0,7.7,7.5,10.2,23.5,26.1,62.8,20.8,8.7,7.4,6.5,6.7,6.4,6.3,6.4,5.8,4.9,4.1,3.4,3.4,4.6,4.8,37.7,60.4,0.8,1.1,32.4,96.4,26.1,0.9,40.4,19.1,6.2,7.3,29.7,96.9,1.5,0.0,0.1,98.9,2.0,13.4,52.2,0.1,14.2,11.1,71.7,0.4,0.2,2.3,0.2,1066.0,15.5,11.399999999999999
95410453,female,2619.0,7.9,8.6,9.6,54.3,56.1,2.0,12.8,9.2,5.6,5.2,6.3,7.1,6.1,6.1,6.8,5.8,4.0,3.3,3.1,5.4,4.0,21.9,66.3,1.5,10.3,24.5,92.9,61.3,0.3,33.4,6.1,2.2,2.0,28.4,98.7,0.3,0.0,0.2,99.9,0.4,11.5,63.9,0.0,5.9,47.1,41.2,0.0,2.9,2.9,0.0,34.0,15.8,11.8
95410453,male,2615.0,8.0,8.9,11.2,24.0,32.0,63.4,19.8,8.3,6.5,6.4,6.2,6.7,6.0,5.0,5.2,5.7,4.0,3.9,3.4,4.7,5.0,31.7,66.5,1.1,0.7,30.0,95.2,27.6,0.5,43.1,15.7,5.4,3.4,36.1,99.5,0.3,0.0,0.1,99.7,0.4,13.3,62.8,0.4,46.8,5.4,42.6,2.8,0.4,1.1,0.3,957.0,16.0,12.0
95410459,female,1943.0,7.7,9.6,10.5,59.8,58.8,0.9,15.4,9.7,6.9,5.5,5.9,6.8,6.3,6.3,5.3,3.3,4.9,3.3,4.1,4.0,7.6,26.4,63.3,1.0,9.3,26.0,92.1,68.1,0.2,29.7,7.2,2.7,1.4,3.0,99.4,0.2,0.1,0.1,98.9,1.5,12.8,55.0,0.0,0.0,90.9,9.1,0.0,0.0,0.0,0.0,11.0,16.299999999999997,11.399999999999999
95410459,male,1924.0,10.1,9.3,11.3,37.9,48.2,57.4,22.6,8.2,6.0,5.2,6.8,6.0,6.3,5.1,4.8,4.6,3.5,3.4,4.3,5.0,8.4,33.2,65.4,0.2,1.2,30.8,96.8,43.9,0.2,35.4,11.4,2.5,2.3,4.8,99.5,0.6,0.1,0.1,99.2,1.8,9.5,52.9,0.0,45.8,9.0,15.5,1.2,0.2,2.4,26.0,592.0,16.2,12.7
95410461,female,3069.0,6.9,9.3,8.5,48.0,49.2,3.9,36.7,9.4,6.6,5.5,6.5,7.3,6.9,6.8,6.4,4.4,4.6,3.5,3.1,4.4,4.6,28.5,61.1,2.6,7.8,23.4,94.4,53.3,1.6,28.0,11.1,5.3,4.8,51.8,96.5,3.2,0.3,0.2,99.6,0.5,13.2,43.4,0.0,10.5,29.8,56.1,0.0,1.8,0.0,1.8,57.0,15.6,11.0
95410461,male,3047.0,7.9,10.2,10.0,23.6,30.5,64.3,9.2,8.8,5.9,6.0,6.7,6.9,6.3,6.7,6.0,4.7,3.5,3.2,3.5,3.6,5.9,37.6,60.3,0.8,1.3,31.8,96.5,26.8,1.3,38.7,18.5,6.1,4.9,55.3,96.8,3.5,0.3,0.2,99.7,0.4,9.2,42.6,0.2,17.1,5.2,74.5,0.8,1.5,0.5,0.2,1277.0,13.799999999999999,10.3
95410467,female,1706.0,6.8,7.9,9.8,57.9,58.1,1.1,28.6,9.3,5.2,5.5,5.4,7.4,7.3,7.2,6.0,5.7,4.8,4.2,3.3,4.3,7.9,19.8,66.9,2.1,11.2,23.8,96.0,65.5,0.2,29.7,6.4,3.3,2.2,36.5,99.2,0.5,0.1,0.0,99.8,0.7,16.8,65.8,0.0,0.0,40.0,60.0,0.0,0.0,0.0,0.0,10.0,16.6,11.8
95410467,male,1882.0,7.2,6.7,9.3,22.2,34.4,65.5,26.4,9.7,9.7,7.4,6.3,6.9,5.0,5.8,6.1,4.0,4.0,3.5,4.3,3.9,8.5,38.4,58.1,0.8,2.7,30.9,96.2,24.9,0.1,41.4,14.8,5.4,3.9,58.8,99.6,0.5,0.0,0.0,99.7,0.2,12.9,58.2,0.1,32.3,4.5,58.0,0.3,0.1,1.1,3.4,696.0,15.700000000000001,11.7
95410469,female,2950.0,4.2,6.7,7.4,63.6,63.3,1.4,21.2,7.3,5.6,4.4,5.1,5.2,6.1,6.3,7.9,6.9,7.6,5.4,4.9,9.1,6.5,28.4,53.8,2.5,15.3,29.3,97.1,69.3,0.5,26.0,5.8,2.8,1.6,29.8,99.3,0.3,0.1,0.0,98.6,1.6,13.0,67.8,0.0,3.8,84.6,7.7,0.0,0.0,0.0,3.8,26.0,27.0,19.4
95410469,male,2085.0,7.6,8.7,11.4,44.6,55.1,48.3,34.7,5.0,2.7,3.8,4.4,5.0,5.2,5.5,6.2,5.7,5.8,6.4,6.7,10.0,8.7,24.6,72.1,0.9,2.3,34.5,98.5,51.6,0.7,31.8,7.4,2.8,2.2,43.1,98.7,0.6,0.0,0.0,99.6,0.7,10.1,53.5,0.0,32.1,12.4,43.1,1.9,5.9,2.1,2.5,476.0,28.9,23.1
95410501,female,3728.0,6.8,8.7,9.0,46.4,52.7,3.0,34.5,8.1,5.7,5.4,5.8,7.0,6.5,7.4,6.7,5.6,5.0,3.6,3.5,5.2,4.2,23.2,62.7,2.8,11.3,23.1,98.1,51.9,1.3,25.8,10.8,5.6,3.8,99.5,6.3,1.3,0.0,0.1,99.9,0.1,9.4,36.9,0.0,12.7,27.3,60.0,0.0,0.0,0.0,0.0,55.0,17.3,12.3
95410501,male,3768.0,6.7,9.4,9.5,25.4,31.0,69.9,26.1,7.9,7.0,6.2,6.2,6.4,6.4,6.8,6.7,5.6,5.2,3.5,2.4,3.9,5.1,37.1,61.0,1.0,1.0,33.2,98.6,28.4,2.2,30.0,21.7,9.1,5.9,99.5,4.2,0.8,0.0,0.1,99.9,0.3,9.2,40.7,3.0,24.1,5.3,64.2,1.1,1.0,0.6,0.8,1446.0,15.0,9.8
95410505,female,1989.0,4.9,7.4,8.5,63.1,63.7,2.7,52.4,6.6,6.2,4.0,5.0,6.0,6.9,7.4,6.8,6.7,7.1,5.1,4.2,6.9,5.7,24.6,61.0,2.9,11.6,27.9,96.7,69.8,0.8,23.9,6.3,3.2,2.2,27.8,99.0,0.6,0.0,0.0,99.7,0.3,9.9,45.7,0.0,0.0,5.0,95.0,0.0,0.0,0.0,0.0,20.0,23.299999999999997,16.200000000000003
95410505,male,1603.0,5.2,8.2,9.6,40.0,49.7,55.9,31.8,7.0,3.6,4.2,4.9,4.6,5.6,6.8,7.1,6.2,7.7,6.2,5.0,8.0,8.1,26.5,71.2,1.1,1.3,33.8,100.0,44.8,0.9,33.0,9.1,4.0,3.3,40.5,98.9,0.8,0.0,0.0,100.0,0.0,6.9,38.0,0.6,28.9,10.4,55.1,0.9,0.4,2.1,1.5,470.0,26.9,19.2
95410511,female,11691.0,7.6,9.0,9.8,40.5,45.4,5.7,21.4,8.4,7.0,6.7,6.5,6.7,7.3,6.8,5.7,4.7,4.6,3.1,2.5,3.6,5.3,23.8,64.5,3.0,8.8,23.6,95.2,45.7,1.5,28.6,12.2,6.4,5.8,99.0,7.1,0.5,0.0,0.9,99.8,0.5,14.7,45.1,0.0,4.4,24.5,66.6,2.0,0.0,1.2,1.4,388.0,13.799999999999999,9.2
95410511,male,11972.0,7.5,9.8,9.9,25.2,31.6,67.8,23.4,8.9,6.8,6.3,6.3,6.6,7.1,6.9,6.2,4.8,4.4,2.8,2.4,3.4,4.9,37.5,60.0,1.6,0.9,32.5,97.3,28.6,1.5,30.9,21.7,8.9,5.5,99.0,5.0,0.4,0.0,0.9,99.5,0.7,11.0,43.0,2.4,19.0,4.8,70.1,0.7,0.5,1.5,1.1,4523.0,13.0,8.6
95410517,female,9613.0,7.2,8.8,9.7,46.4,50.9,4.2,25.3,7.8,6.3,5.8,6.4,6.9,7.4,7.3,7.0,4.9,5.0,3.0,2.4,3.9,4.5,24.8,62.1,3.1,10.0,23.6,95.0,52.4,1.2,25.8,11.5,5.9,4.7,99.1,7.3,1.3,0.1,0.1,99.7,0.6,13.8,47.2,0.0,10.3,30.0,53.2,0.0,0.0,4.3,2.3,223.0,14.3,9.3
95410517,male,9842.0,7.4,8.4,10.1,29.1,36.1,68.4,15.0,8.2,6.8,6.3,6.0,6.7,6.9,7.3,6.9,4.9,5.2,3.2,2.4,3.5,3.8,37.9,59.0,2.0,1.0,32.3,93.7,32.8,1.0,29.7,19.3,7.6,6.3,99.2,3.9,0.7,0.0,0.2,100.0,0.2,10.7,45.5,4.0,16.4,8.8,64.0,0.3,0.7,2.4,3.5,4241.0,14.3,9.1
95410519,female,5375.0,7.4,8.5,9.6,36.2,43.0,10.2,24.0,8.3,7.5,6.3,6.8,6.8,7.1,6.5,6.1,5.1,5.2,3.2,2.4,3.2,3.0,24.5,63.9,3.1,8.4,25.1,98.0,40.7,3.1,28.2,13.1,6.2,6.4,98.0,21.2,1.7,0.1,0.2,99.8,0.3,17.2,56.5,1.0,2.3,12.5,82.6,1.0,0.0,0.6,0.0,311.0,14.0,8.8
95410519,male,5331.0,7.8,9.3,10.0,19.4,26.2,63.3,17.2,8.7,6.7,6.5,6.0,6.7,6.4,6.1,6.2,5.2,5.0,3.2,2.7,3.3,3.5,35.8,62.7,1.0,0.6,31.9,99.0,22.0,3.5,33.9,20.8,9.6,5.9,98.7,18.9,1.7,0.0,0.3,99.9,0.1,15.3,56.7,1.0,16.5,6.1,70.9,0.8,0.3,2.4,1.9,2034.0,14.2,9.2
95410521,female,5960.0,7.8,9.1,9.4,39.8,45.3,4.4,28.9,8.2,6.9,5.7,6.9,6.5,7.5,6.7,6.3,4.7,4.4,3.3,2.9,3.6,4.5,21.0,63.7,4.3,11.0,23.2,95.5,44.6,1.7,30.8,12.3,5.7,4.1,98.7,6.9,0.2,0.0,0.2,100.0,0.8,9.3,35.7,0.0,7.9,23.3,68.7,0.0,0.0,0.0,0.0,137.0,14.2,9.799999999999999
95410521,male,5950.0,8.2,8.9,10.5,22.6,29.5,66.0,14.9,8.3,6.8,6.2,6.4,6.9,7.2,6.7,5.7,5.2,4.3,3.0,2.5,3.1,3.4,34.9,63.6,0.8,0.7,30.5,94.5,25.9,2.1,33.8,21.5,6.6,6.5,98.6,5.3,0.3,0.0,0.0,100.0,1.1,11.8,37.1,1.6,21.5,4.5,69.8,0.7,0.3,0.7,0.9,2417.0,12.9,8.6
95410523,female,6210.0,6.1,8.1,10.0,36.1,42.7,8.9,22.0,7.7,6.9,6.2,6.3,6.5,6.9,7.4,7.4,5.4,5.4,3.5,2.2,4.1,4.7,28.0,57.8,4.0,10.2,23.4,95.6,40.8,1.7,27.1,15.0,6.8,6.7,97.0,27.2,1.2,0.0,0.0,100.0,5.1,12.0,44.9,0.0,6.9,27.9,61.3,2.0,0.0,1.9,0.0,329.0,15.200000000000001,9.8
95410523,male,6022.0,7.3,8.8,9.6,16.5,24.1,60.8,20.4,8.6,7.3,6.4,6.3,5.4,6.0,6.6,6.2,5.7,5.7,4.0,2.5,3.6,4.6,38.9,59.1,1.1,1.0,31.9,97.7,18.7,2.2,32.4,23.0,9.8,8.4,98.8,21.9,1.1,0.0,0.0,99.8,3.4,13.2,47.1,1.7,24.2,12.0,56.9,0.4,0.0,1.4,3.4,2164.0,15.799999999999999,10.1
95410525,female,8781.0,7.7,8.7,10.5,39.6,46.0,6.0,20.1,8.3,7.0,6.2,7.1,7.1,6.9,6.7,5.9,4.6,4.6,3.0,2.2,3.6,3.4,24.0,64.2,2.9,8.9,24.3,97.1,45.0,1.4,27.7,13.0,6.2,5.8,98.7,13.5,1.1,0.1,0.2,99.9,0.8,17.5,51.8,0.0,3.8,36.1,54.3,4.3,0.0,0.0,1.4,305.0,13.4,8.8
95410525,male,9117.0,7.6,9.9,10.7,22.7,30.2,70.1,21.9,8.9,7.2,6.6,6.1,6.8,6.6,6.8,5.6,5.0,4.5,2.9,2.0,2.8,3.7,35.9,62.2,1.3,0.6,30.9,96.4,26.0,1.8,32.0,22.2,8.5,5.2,98.8,11.0,1.9,0.1,0.0,99.8,0.3,15.8,51.2,1.6,20.5,6.4,65.2,1.0,1.8,1.8,1.6,3582.0,12.2,7.7
95410527,female,11528.0,7.6,9.3,10.1,34.4,41.6,10.6,34.2,8.3,7.2,6.9,7.4,7.1,7.5,6.8,6.0,4.4,4.0,2.7,2.0,3.0,6.5,25.1,62.3,4.5,8.1,22.9,98.4,39.2,1.7,29.5,14.1,7.2,5.8,97.5,22.8,2.7,0.0,0.1,99.9,0.3,19.5,53.6,0.0,8.5,13.2,73.5,4.3,0.0,0.0,0.6,589.0,11.7,7.7
95410527,male,11612.0,7.9,10.1,11.0,18.4,27.1,73.6,19.6,9.0,6.7,6.5,6.7,6.5,7.1,6.7,6.3,4.4,4.1,2.8,1.8,2.4,6.0,36.7,61.3,1.2,0.8,32.0,95.3,21.1,1.9,30.7,23.4,10.0,7.0,98.7,21.8,3.1,0.0,0.1,99.8,0.7,16.5,56.2,3.1,20.7,6.1,66.3,1.3,1.0,1.2,0.3,4874.0,11.1,7.0
95410533,female,2378.0,5.1,6.6,7.8,60.9,62.6,2.8,11.3,7.4,5.3,4.5,5.4,5.3,6.4,8.5,8.1,6.8,6.3,4.5,5.3,6.7,8.3,26.5,60.4,1.8,11.2,28.0,97.5,66.6,0.0,26.1,6.9,3.1,1.3,35.3,98.8,0.1,0.0,0.1,93.7,9.3,9.1,33.8,0.0,4.3,10.6,80.9,2.1,0.0,0.0,2.1,47.0,22.8,16.5
95410533,male,2017.0,6.1,7.2,7.9,34.9,46.3,55.7,32.5,6.9,4.7,4.8,6.3,5.7,5.6,6.2,7.3,5.9,6.4,5.3,5.7,7.9,9.4,30.8,66.7,0.9,1.5,33.8,96.1,38.3,0.1,30.6,12.2,5.5,5.3,59.1,99.1,0.2,0.0,0.0,95.2,9.9,12.6,38.1,0.5,16.2,11.2,70.0,0.0,0.0,1.2,0.8,597.0,25.299999999999997,18.9
95410701,female,4151.0,7.4,9.2,9.9,54.9,56.2,1.6,22.9,8.3,6.0,5.9,6.4,6.0,6.8,6.0,5.8,5.3,5.3,4.2,3.5,4.0,13.8,28.6,61.1,1.8,8.4,27.1,95.8,62.2,0.4,28.9,9.1,3.1,2.3,35.5,99.4,0.2,0.0,0.0,98.5,11.2,13.9,49.9,0.0,2.7,81.1,16.2,0.0,0.0,0.0,0.0,37.0,17.0,11.7
95410701,male,3353.0,10.7,12.6,12.5,27.3,42.3,56.1,42.5,5.6,3.7,3.9,5.7,6.1,6.0,5.3,5.4,4.0,3.9,4.8,4.7,5.0,16.0,26.4,72.2,0.4,1.0,31.4,95.4,32.4,0.4,38.5,12.3,3.1,3.4,53.4,99.1,0.3,0.0,0.2,98.6,10.8,10.2,40.5,0.4,19.7,15.7,50.7,1.0,1.4,2.4,8.5,694.0,18.4,14.5
95410703,female,2678.0,7.9,9.7,11.1,56.5,56.5,0.7,15.4,10.9,5.1,5.4,5.3,6.5,6.0,5.2,5.9,5.1,4.1,4.3,3.3,4.1,6.2,26.8,60.7,1.7,10.7,24.9,90.6,65.0,1.6,31.6,7.3,2.3,0.7,34.6,99.4,0.3,0.0,0.0,98.0,3.5,8.4,50.5,0.0,0.0,63.6,0.0,0.0,0.0,18.2,18.2,11.0,15.799999999999999,11.7
95410703,male,2518.0,8.9,10.4,11.2,27.7,41.8,62.7,34.3,8.4,6.8,7.1,7.3,4.8,4.5,5.0,4.8,4.1,4.0,4.2,4.5,4.1,5.8,36.7,61.3,0.6,1.4,31.7,90.6,32.0,1.8,43.1,8.8,2.6,1.9,49.5,99.1,0.4,0.0,0.1,98.6,3.3,6.1,39.7,0.0,7.3,7.5,35.5,0.6,0.3,16.6,32.2,723.0,16.799999999999997,12.799999999999999
95410705,female,3584.0,5.9,7.8,9.4,55.6,55.1,19.3,1.3,9.5,6.9,5.8,7.0,7.3,6.5,6.2,5.4,5.6,5.1,3.3,3.1,5.4,3.2,33.0,56.1,2.1,8.7,29.3,96.1,62.3,1.9,24.7,10.1,4.2,4.0,13.1,98.3,0.6,0.0,0.0,99.2,1.9,12.3,48.5,0.0,16.2,8.6,8.2,66.9,0.0,0.0,0.2,526.0,16.9,11.8
95410705,male,3229.0,8.6,10.0,10.4,30.0,39.4,73.2,5.5,7.1,5.9,5.7,6.7,5.7,5.7,5.5,5.2,3.9,4.5,5.0,4.1,6.0,3.3,33.0,65.4,0.5,1.1,32.1,95.3,34.3,2.6,34.1,12.9,6.3,4.7,18.5,95.9,1.6,0.0,0.0,99.3,1.3,8.4,40.2,0.5,35.3,6.0,52.4,4.7,0.3,0.6,0.3,1585.0,19.6,15.1
95410707,female,3312.0,6.6,7.5,8.9,62.0,61.5,3.4,44.8,7.7,5.0,5.1,6.6,7.3,7.2,6.5,6.6,5.0,6.0,4.5,3.9,5.6,9.1,30.1,56.1,2.2,11.6,30.2,95.8,69.1,0.5,28.4,7.2,1.4,0.9,4.6,87.3,12.9,0.0,0.0,93.8,6.1,5.3,24.9,0.0,4.2,22.9,14.6,0.0,0.0,58.3,0.0,48.0,20.0,14.0
95410707,male,2622.0,8.8,10.8,11.9,38.3,49.2,52.8,31.4,7.3,3.4,4.1,4.1,5.8,5.0,5.5,5.2,5.2,5.2,4.5,5.0,8.2,11.6,28.5,69.6,0.4,1.4,32.7,93.9,44.4,0.7,33.5,10.7,3.7,2.2,6.6,86.0,13.8,0.0,0.0,95.5,4.5,6.1,21.7,0.3,30.0,9.2,27.1,1.7,0.6,12.9,18.2,650.0,22.9,17.7
95410709,female,4201.0,7.5,8.7,9.3,47.6,51.0,2.4,35.5,8.0,7.2,5.7,6.1,6.6,6.5,5.6,6.3,5.2,4.4,3.8,3.0,6.0,5.4,28.5,60.7,1.5,9.3,26.8,97.6,53.4,0.9,31.3,8.9,4.1,3.7,44.1,98.7,1.2,0.1,0.6,99.1,1.6,16.2,57.7,2.0,2.0,51.0,38.8,4.1,0.0,0.0,2.0,49.0,17.2,12.8
95410709,male,3845.0,8.8,9.7,10.9,20.8,31.4,58.0,20.6,8.2,5.7,5.8,6.2,6.1,6.3,4.8,5.9,4.8,3.8,3.6,3.6,5.9,7.0,33.2,65.5,0.4,0.9,32.1,97.9,23.8,1.1,41.1,14.7,6.0,5.7,59.7,98.8,0.8,0.0,0.4,98.7,2.0,14.7,54.0,0.6,35.4,12.5,41.5,0.7,0.9,3.6,4.8,1249.0,16.9,13.100000000000001
95410711,female,2367.0,7.2,10.8,12.3,57.3,56.7,1.0,47.1,8.8,5.4,4.7,5.4,6.0,6.0,5.4,5.5,5.2,5.1,4.4,3.0,4.9,5.0,24.9,63.3,1.2,10.7,26.2,95.6,67.4,1.2,32.4,7.2,1.8,0.7,9.5,99.1,1.9,0.0,0.0,92.8,24.6,2.2,19.7,0.0,0.0,88.9,11.1,0.0,0.0,0.0,0.0,9.0,17.4,12.3
95410711,male,1873.0,10.2,13.4,13.1,39.3,48.5,50.0,26.2,7.0,4.6,3.7,4.9,4.0,5.3,5.5,4.4,4.3,4.3,4.5,4.6,6.1,7.6,27.9,70.1,0.8,1.2,31.1,96.7,47.3,2.2,31.2,10.0,4.3,3.7,14.5,98.7,1.7,0.0,0.1,95.6,23.0,6.7,25.2,0.0,24.3,22.9,33.4,0.9,1.6,1.6,15.3,437.0,19.5,15.2
95410713,female,4127.0,7.3,9.2,10.2,56.0,56.9,1.1,15.2,9.5,5.8,5.3,6.4,6.8,6.3,5.8,6.3,4.9,4.6,3.4,3.0,5.0,8.3,26.4,61.9,1.9,9.8,25.5,94.9,63.6,1.2,31.6,6.5,2.3,1.5,23.1,99.4,0.1,0.0,0.0,98.4,11.0,9.0,52.7,3.6,0.0,85.7,10.7,0.0,0.0,0.0,0.0,28.0,16.0,11.4
95410713,male,3822.0,8.4,10.2,11.8,31.5,41.2,55.6,13.0,8.1,5.9,5.7,6.5,6.0,5.8,5.7,4.0,4.7,4.9,3.1,3.5,5.8,10.0,31.7,66.3,0.6,1.4,31.2,92.9,36.7,3.7,40.3,9.8,3.3,1.8,33.8,99.4,0.2,0.0,0.0,99.3,11.4,6.7,45.9,0.6,14.2,6.7,51.6,0.5,1.5,0.5,24.3,1286.0,17.3,12.399999999999999
95410715,female,3611.0,6.0,8.6,9.1,53.0,53.2,2.1,12.3,8.0,6.2,4.7,5.7,7.0,6.5,6.7,6.6,6.0,5.3,4.4,3.0,6.4,4.9,29.7,56.0,1.9,12.4,27.6,99.0,59.2,1.1,27.9,9.6,4.9,3.4,29.7,98.8,0.5,0.0,0.1,98.3,1.7,14.5,54.8,0.0,24.0,36.0,36.0,2.0,2.0,0.0,0.0,50.0,19.1,13.8
95410715,male,3095.0,7.8,10.1,11.5,21.0,29.1,61.2,10.2,7.9,5.5,4.8,5.3,5.3,5.9,6.6,5.8,5.0,4.5,4.5,3.6,6.2,5.8,33.1,65.0,1.1,0.8,32.7,98.3,24.3,1.2,41.9,16.4,6.0,5.4,46.5,98.4,0.5,0.0,0.0,99.1,1.3,11.6,46.5,0.7,39.8,8.0,39.8,1.8,0.4,3.1,6.3,1201.0,18.8,14.3
95410717,female,3797.0,8.3,8.9,9.7,58.3,56.9,4.0,15.2,9.7,5.9,5.9,7.0,5.8,6.6,5.1,5.8,4.4,4.7,4.0,3.1,5.2,5.1,27.6,60.5,1.6,10.3,27.6,95.3,65.8,1.1,31.6,6.7,2.0,1.7,15.1,98.8,1.3,0.0,0.0,98.9,1.3,3.7,31.9,1.1,21.1,23.2,6.3,9.5,0.0,38.9,0.0,95.0,17.0,12.3
95410717,male,3272.0,9.9,9.8,10.2,32.6,43.9,56.6,15.1,6.7,5.1,6.2,7.2,6.2,5.9,4.4,4.4,4.7,4.2,3.9,4.4,6.8,6.3,31.7,66.4,0.6,1.4,31.6,93.9,37.0,1.5,38.8,9.7,2.8,3.2,28.2,98.5,1.2,0.0,0.1,99.2,1.5,4.0,26.0,0.1,44.7,10.0,36.5,0.7,0.8,6.2,1.0,1101.0,19.3,15.100000000000001
95410719,female,3223.0,6.1,7.7,9.2,56.3,56.3,1.5,30.6,7.8,5.5,5.0,5.6,5.8,6.4,6.6,6.1,6.6,6.1,4.9,3.5,7.1,5.4,25.2,57.7,2.1,15.0,26.9,95.5,62.7,1.6,28.9,8.2,2.8,2.3,21.0,98.8,0.2,0.0,0.2,99.4,0.7,13.5,40.5,0.0,8.0,68.0,20.0,0.0,0.0,0.0,4.0,25.0,21.6,15.5
95410719,male,2765.0,8.2,10.2,11.5,19.4,27.8,57.7,32.7,7.1,5.2,4.3,5.2,6.0,5.1,6.0,5.9,5.2,5.2,4.8,3.8,6.3,5.6,32.3,65.9,0.7,1.1,33.2,97.0,22.0,2.8,43.8,16.6,3.8,5.3,29.3,99.0,0.1,0.0,0.1,99.5,1.3,10.6,41.6,0.1,54.9,9.4,26.3,2.1,0.5,0.9,5.6,752.0,20.1,14.899999999999999
95410721,female,2642.0,6.2,7.5,9.7,55.0,57.4,3.1,3.2,8.7,5.4,4.2,5.1,6.4,7.3,5.9,6.7,5.7,6.0,4.2,4.1,6.7,5.9,29.0,55.8,2.8,12.5,27.1,93.4,61.9,0.9,30.8,6.7,2.5,1.7,29.1,99.3,0.3,0.0,0.0,99.3,1.6,9.2,36.1,0.0,6.6,36.1,8.2,34.4,0.0,0.0,14.8,61.0,21.0,15.0
95410721,male,2011.0,8.0,10.8,11.8,26.7,41.2,60.3,19.8,7.4,2.8,3.1,4.4,5.4,7.0,5.7,4.8,5.7,5.3,3.9,5.4,8.5,8.1,25.7,71.8,0.7,1.7,32.7,95.7,31.0,1.2,38.9,12.0,3.8,2.7,40.2,99.3,0.4,0.0,0.0,99.2,1.7,8.1,31.4,0.0,42.4,8.9,42.7,0.6,0.0,2.8,2.5,674.0,23.1,17.8
95410723,female,4539.0,8.5,11.3,11.5,55.2,54.9,2.2,5.8,9.7,6.3,5.6,6.6,5.5,6.3,4.7,4.8,4.8,4.9,3.3,2.9,3.5,6.1,25.7,61.6,1.9,10.7,25.7,97.0,64.1,1.5,34.2,6.5,1.7,1.3,22.3,99.0,21.1,0.0,0.0,99.3,1.0,8.2,56.6,0.0,12.3,70.8,7.7,3.1,0.0,0.0,6.2,65.0,14.6,9.7
95410723,male,3997.0,10.3,11.4,13.1,32.6,42.7,58.5,9.1,8.1,5.6,6.0,6.1,6.3,5.4,4.1,4.4,3.1,4.6,3.3,3.5,4.8,6.5,31.2,67.2,0.5,1.0,29.7,97.7,38.9,2.8,41.2,9.2,2.6,1.5,32.5,99.3,20.0,0.0,0.0,99.6,0.4,7.3,49.7,0.1,28.5,11.0,20.6,1.5,4.0,2.5,31.9,1386.0,16.2,11.6
95410725,female,4032.0,7.3,9.5,9.8,54.4,53.3,3.3,34.7,8.6,6.4,5.0,6.3,6.1,6.6,6.5,5.7,4.8,5.1,3.8,3.2,5.3,4.7,30.6,57.5,1.7,10.2,28.5,96.1,61.1,1.2,31.3,8.2,3.7,2.4,7.2,99.4,1.1,0.0,0.0,99.3,1.2,15.2,50.3,0.0,1.6,59.4,39.1,0.0,0.0,0.0,0.0,64.0,17.4,12.3
95410725,male,3366.0,9.1,10.2,11.7,31.9,36.7,64.3,28.7,8.9,5.1,4.3,5.8,5.6,5.5,5.9,5.1,4.1,5.2,4.1,3.7,5.7,6.0,32.1,66.4,0.6,0.9,31.2,96.8,36.8,2.9,39.0,13.4,4.8,3.2,10.5,99.3,0.8,0.0,0.0,99.4,1.2,11.4,42.4,0.3,35.4,7.8,47.4,1.9,2.3,4.7,0.2,1065.0,18.7,13.5
95410737,female,4122.0,7.5,9.0,9.7,51.5,52.5,3.4,18.4,8.5,6.9,5.7,6.2,6.6,6.7,7.1,5.9,4.8,4.4,3.3,3.5,4.2,4.7,29.3,58.6,2.2,9.9,27.1,96.1,58.0,1.4,29.8,8.5,4.5,3.3,18.7,98.2,1.0,0.0,0.1,98.7,1.6,16.4,59.9,0.0,19.0,46.4,33.3,1.2,0.0,0.0,0.0,84.0,15.399999999999999,11.0
95410737,male,3855.0,7.8,10.2,11.1,27.5,35.9,60.6,13.0,9.1,6.3,6.2,6.5,6.0,5.9,5.7,6.3,3.8,3.8,3.4,3.5,4.6,5.7,35.7,62.5,0.8,1.0,32.0,98.0,31.6,2.1,36.2,15.8,5.4,4.5,20.2,98.6,0.9,0.0,0.1,98.5,1.7,13.1,56.7,0.0,39.9,9.3,45.6,0.1,0.9,0.4,3.7,1442.0,15.299999999999999,11.5
95410765,female,2898.0,6.7,8.4,9.5,57.5,57.5,4.7,78.6,8.5,6.0,5.1,5.6,6.9,7.3,6.9,6.9,5.5,4.5,4.2,3.6,4.4,4.9,28.1,59.1,2.2,10.6,27.9,97.8,64.4,0.2,29.4,7.8,2.7,2.4,9.7,99.6,0.1,0.0,0.3,98.8,8.0,10.6,47.8,0.0,0.0,50.0,45.5,0.0,0.0,0.0,4.5,22.0,16.7,12.200000000000001
95410765,male,2710.0,7.5,7.7,10.3,32.1,39.2,60.7,17.6,8.6,7.3,7.0,6.7,6.3,6.0,5.1,5.1,4.2,5.1,3.9,4.2,5.0,5.4,37.1,61.4,0.5,1.0,32.9,98.0,36.1,0.4,37.3,15.4,3.8,3.9,12.9,99.6,0.3,0.0,0.1,99.0,6.8,9.5,40.2,0.4,13.7,6.6,74.9,0.7,1.7,0.7,1.3,1012.0,18.2,13.1
95410903,female,5064.0,8.2,9.1,10.2,47.0,47.7,2.2,31.7,8.4,6.0,5.7,7.2,7.4,7.0,6.2,5.2,5.3,4.5,3.4,3.0,3.3,4.8,22.9,66.0,1.7,9.4,24.6,98.5,53.6,1.9,33.4,10.4,4.1,2.5,69.7,89.3,5.4,0.1,0.0,99.7,0.5,14.7,54.0,0.0,5.4,32.1,57.1,3.6,1.8,0.0,0.0,56.0,14.2,9.7
95410903,male,5314.0,7.8,10.5,11.0,24.8,29.2,69.4,22.4,8.3,6.6,5.8,6.9,7.2,7.2,6.1,5.7,4.3,3.6,2.9,3.1,3.2,5.3,35.5,62.8,0.8,1.0,32.2,98.8,28.6,3.0,38.7,18.7,6.9,3.5,81.2,91.5,5.5,0.0,0.0,99.7,0.8,11.7,50.7,0.9,14.6,4.3,73.4,1.4,1.3,4.0,0.1,2024.0,12.8,9.2
95410905,female,2010.0,6.7,8.1,8.3,57.1,57.9,2.7,24.4,6.9,5.4,5.1,7.1,6.4,7.8,6.4,6.6,6.4,5.3,4.0,3.8,5.8,5.3,23.1,64.8,2.5,9.6,24.6,90.5,63.0,1.8,30.2,6.1,2.2,1.7,72.9,67.7,0.5,0.0,0.0,98.8,1.2,7.1,39.3,0.0,0.0,22.6,71.0,6.5,0.0,0.0,0.0,31.0,18.900000000000002,13.6
95410905,male,2125.0,7.0,8.6,9.0,36.1,42.3,62.1,22.4,7.0,7.6,6.1,6.4,6.4,5.4,6.4,6.2,5.4,4.8,4.2,3.8,5.8,7.1,37.0,61.0,0.9,1.1,31.7,94.3,40.4,2.2,37.3,11.7,3.7,2.7,79.8,63.3,0.4,0.0,0.0,98.7,1.3,5.6,35.1,0.8,11.2,5.2,80.9,1.2,0.0,0.0,0.8,771.0,18.6,13.8
95410911,female,2683.0,6.1,8.8,10.3,58.3,57.9,0.9,27.8,8.8,5.3,5.4,5.4,6.8,8.0,5.8,6.2,5.4,5.0,4.2,3.5,4.9,5.6,27.1,61.4,1.1,10.4,28.0,97.8,66.0,1.5,36.2,3.2,0.7,0.6,7.7,99.5,0.4,0.0,0.0,98.7,1.3,2.4,51.5,0.0,23.1,30.8,30.8,7.7,0.0,0.0,7.7,13.0,17.6,12.600000000000001
95410911,male,2312.0,8.5,10.7,11.2,40.8,47.5,64.5,23.1,6.8,3.2,4.4,5.4,6.8,7.0,5.7,5.5,5.5,4.7,4.5,3.7,6.2,6.3,24.7,73.4,0.3,1.6,31.4,96.4,47.2,2.2,39.9,7.1,1.9,1.4,16.2,99.7,0.3,0.0,0.0,99.2,1.0,4.6,42.0,0.1,60.1,4.9,29.5,0.6,0.0,1.4,3.4,797.0,19.099999999999998,14.399999999999999
95410915,female,4414.0,6.8,8.4,10.3,42.6,48.3,2.1,25.7,8.2,6.8,6.1,6.1,7.4,7.5,6.4,6.5,5.6,4.5,3.1,2.4,3.8,4.8,25.4,64.8,2.3,7.4,23.7,96.0,48.4,0.8,29.5,12.0,5.7,3.6,98.0,24.0,0.1,0.1,0.7,99.9,0.7,5.0,19.6,0.0,7.7,42.3,44.2,1.9,0.0,0.0,3.8,52.0,13.8,9.3
95410915,male,4590.0,7.6,8.5,11.0,25.1,34.3,62.1,27.0,9.1,7.0,6.9,6.6,5.7,6.9,6.6,5.9,5.0,4.4,3.1,2.3,3.3,4.2,37.7,60.9,0.7,0.7,32.5,97.1,28.6,1.1,30.9,22.9,6.8,4.1,98.6,22.5,0.2,0.1,0.7,99.7,0.5,4.0,18.3,1.1,18.1,15.8,56.4,1.9,0.7,1.6,4.4,1517.0,13.100000000000001,8.7
95410927,female,3547.0,6.5,8.5,9.4,54.9,56.6,1.2,3.2,9.5,6.1,3.7,5.3,5.9,6.7,6.6,6.3,5.9,6.3,4.5,3.6,5.3,4.2,22.8,64.0,1.7,11.5,26.1,96.2,61.7,0.6,29.0,8.5,3.6,1.7,42.5,99.1,0.2,0.0,0.0,96.0,4.5,13.9,60.9,0.0,10.0,53.3,26.7,10.0,0.0,0.0,0.0,30.0,19.7,13.399999999999999
95410927,male,3342.0,6.9,8.8,11.8,22.9,32.7,57.1,9.1,8.8,5.8,4.5,5.8,5.3,5.9,5.5,6.3,5.1,5.4,4.6,4.2,5.3,3.9,31.4,66.6,0.7,1.4,32.2,96.3,26.6,0.4,46.8,12.9,4.3,2.8,61.2,98.9,0.2,0.0,0.0,97.4,2.8,8.2,52.3,0.1,50.4,7.2,30.0,1.9,0.4,0.6,9.5,1257.0,19.5,14.100000000000001
95410941,female,2059.0,6.9,8.2,9.6,54.7,55.4,0.7,72.7,10.2,6.4,5.7,6.7,5.8,5.8,6.1,6.7,6.0,5.4,3.7,3.2,3.7,5.3,27.3,65.2,1.6,5.9,26.9,91.5,61.6,1.2,36.8,5.2,1.2,0.2,22.7,99.0,0.4,0.0,0.0,98.7,1.3,2.7,57.4,0.0,0.0,33.3,66.7,0.0,0.0,0.0,0.0,3.0,16.0,10.600000000000001
95410941,male,1979.0,7.3,9.4,11.4,32.7,40.0,63.8,24.1,9.5,6.1,6.6,7.0,5.6,5.5,5.9,5.8,4.2,4.4,3.5,2.9,4.9,5.8,35.6,62.6,0.5,1.3,31.6,93.9,37.6,1.3,39.1,13.7,4.1,1.8,39.6,99.4,0.4,0.0,0.0,99.2,1.2,5.7,59.1,0.1,6.7,3.8,61.8,0.3,5.8,2.0,19.5,688.0,15.700000000000001,11.3
95410943,female,5303.0,7.1,9.5,10.1,40.2,44.7,7.7,47.1,8.4,6.5,5.9,6.6,7.2,7.8,6.3,6.4,4.9,4.6,3.3,2.3,3.4,5.8,24.9,61.5,3.7,9.9,24.5,98.4,45.5,1.5,27.9,15.3,6.5,4.2,94.9,50.5,0.3,0.0,0.0,99.6,0.6,18.3,42.2,0.0,0.0,13.4,75.0,4.7,3.3,0.0,3.6,158.0,13.6,9.0
95410943,male,5433.0,8.2,9.6,10.2,23.9,29.4,75.5,14.0,8.0,7.0,6.3,6.8,6.9,7.0,6.6,5.5,5.1,4.3,3.1,2.6,2.9,5.7,37.1,60.3,1.7,0.8,31.7,97.3,27.3,1.9,35.5,20.2,7.6,5.4,95.6,47.4,0.6,0.0,0.0,99.9,0.5,14.4,40.1,0.2,17.6,7.4,72.3,0.7,0.2,1.2,0.4,2541.0,12.9,8.6
95410945,female,7453.0,8.0,9.7,10.9,38.4,41.5,16.9,35.1,8.5,7.2,6.8,7.9,7.2,7.0,6.6,5.7,4.1,3.8,2.3,1.7,2.7,4.3,27.3,61.0,4.5,7.2,25.2,97.8,44.2,2.3,32.0,15.1,5.3,3.8,90.0,56.9,1.0,0.0,0.6,99.7,0.5,12.7,51.8,0.0,6.4,6.2,86.6,0.0,0.8,0.0,0.0,586.0,10.5,6.7
95410945,male,7425.0,8.3,10.7,10.6,20.7,26.3,76.2,16.2,9.6,7.3,7.0,7.2,6.9,6.7,6.2,5.4,3.9,3.4,2.8,1.9,2.2,5.1,38.4,59.8,1.5,0.4,31.4,97.1,23.5,3.7,35.0,24.0,6.7,4.2,95.3,54.3,1.3,0.1,0.7,99.5,0.7,9.6,49.9,1.5,19.3,3.3,73.3,1.0,0.4,1.0,0.1,3344.0,10.3,6.8999999999999995
95410951,female,3320.0,6.4,8.0,10.4,58.9,58.4,2.6,14.1,7.6,6.6,5.7,6.0,6.2,6.7,6.2,6.1,6.1,5.9,4.2,3.6,4.4,4.5,21.1,65.7,2.4,10.8,25.5,96.0,66.6,0.7,30.6,6.2,2.7,1.4,20.1,99.5,0.2,0.0,0.0,99.6,0.4,8.8,57.4,0.0,60.0,9.1,25.5,5.5,0.0,0.0,0.0,55.0,18.1,12.200000000000001
95410951,male,3284.0,7.4,9.7,9.8,35.2,42.7,59.0,50.2,8.9,6.2,6.1,7.3,5.8,6.2,5.1,5.2,4.2,4.8,4.9,3.3,5.2,5.7,33.5,64.0,1.3,1.2,31.8,97.4,39.8,4.6,34.3,13.0,3.3,2.1,35.9,99.3,0.1,0.0,0.1,99.8,0.2,8.2,50.9,0.6,28.8,8.8,59.3,0.7,1.4,0.0,0.4,705.0,18.2,13.399999999999999
95410955,female,2088.0,5.6,8.1,9.9,42.1,49.5,2.1,18.2,8.3,6.6,5.8,6.4,8.0,7.2,6.3,5.9,5.0,4.9,4.4,3.1,4.4,3.7,20.2,69.3,2.3,8.2,23.9,97.2,47.6,0.9,31.3,11.3,4.6,2.4,32.2,98.1,0.4,0.0,0.0,99.4,0.5,5.2,24.4,0.0,3.7,18.5,74.1,0.0,3.7,0.0,0.0,27.0,16.8,11.9
95410955,male,2152.0,7.2,9.2,10.7,20.2,29.1,59.7,18.4,8.7,5.6,6.6,6.2,6.6,6.1,6.7,5.9,3.7,4.8,3.8,3.9,4.2,4.1,32.8,65.8,0.9,0.5,30.7,94.9,23.2,2.8,40.3,20.2,4.7,2.9,40.0,98.1,0.5,0.0,0.1,99.7,0.3,3.8,24.8,2.5,8.4,8.4,77.7,0.4,0.7,1.8,0.1,762.0,16.7,11.899999999999999
95410957,female,3648.0,6.5,8.3,9.8,50.9,51.8,5.2,31.0,8.3,6.1,5.2,6.3,6.7,7.3,6.6,7.4,5.0,5.5,3.6,2.8,4.7,5.8,28.3,60.2,2.9,8.6,23.5,99.0,57.5,2.0,28.5,9.6,4.9,3.2,54.7,96.2,0.4,0.0,0.2,99.5,0.9,16.1,58.9,0.0,1.0,25.5,69.4,3.1,0.0,0.0,1.0,98.0,16.599999999999998,11.100000000000001
95410957,male,3208.0,7.9,10.2,11.1,27.0,36.3,64.6,21.6,8.1,4.2,4.6,5.7,6.8,6.4,6.6,6.5,4.5,5.4,3.9,2.5,5.7,6.4,29.7,68.5,0.7,1.2,31.5,97.5,31.1,1.8,38.5,14.9,5.4,3.1,71.6,96.8,0.3,0.0,0.2,99.6,0.7,11.7,51.2,0.5,17.3,9.6,70.7,0.4,0.1,0.4,1.0,1152.0,17.5,12.100000000000001
95410963,female,1534.0,6.0,7.4,9.6,53.9,52.6,1.1,7.7,7.7,6.2,5.7,5.1,5.9,7.0,6.6,8.0,6.1,6.5,4.4,2.9,4.6,7.3,27.0,60.4,1.9,10.6,24.1,98.1,60.3,1.8,28.9,8.4,4.7,3.7,48.5,99.0,0.3,0.0,0.2,99.7,0.5,8.3,35.0,8.3,0.0,50.0,41.7,0.0,0.0,0.0,0.0,12.0,18.4,11.9
95410963,male,1483.0,6.5,9.8,11.2,29.0,31.8,51.8,29.5,8.9,6.6,4.6,5.3,5.8,6.0,6.5,5.8,5.1,5.3,3.9,3.2,5.5,9.0,35.8,62.6,0.7,0.9,32.2,97.8,33.5,2.4,43.2,13.0,4.9,4.8,53.2,98.9,0.3,0.0,0.5,99.4,0.8,6.9,31.9,0.5,21.2,17.1,51.3,1.3,0.0,0.3,8.4,392.0,17.9,12.6
95411101,female,10622.0,7.7,9.6,10.8,39.7,43.5,7.3,33.8,8.9,7.1,7.0,7.0,7.5,7.4,6.3,5.9,4.1,3.9,2.4,1.6,2.9,4.1,23.6,66.4,3.2,6.8,23.5,98.3,45.6,2.5,31.4,11.9,6.2,4.4,96.0,36.9,0.8,0.1,0.1,99.3,1.2,12.8,40.7,1.9,16.2,13.6,65.5,2.9,0.0,0.0,0.0,368.0,10.8,6.9
95411101,male,11006.0,7.5,9.9,10.9,19.3,25.2,67.7,18.6,9.4,7.7,6.8,6.6,6.6,7.0,6.5,6.1,4.6,3.9,2.6,1.8,2.3,4.3,36.3,61.7,1.2,0.9,29.6,97.0,22.1,3.8,37.6,22.1,7.2,4.2,98.0,33.9,0.6,0.0,0.1,99.4,0.9,7.4,37.2,1.8,13.3,5.3,70.5,0.9,0.5,1.6,6.1,4347.0,10.600000000000001,6.7
95411103,female,2023.0,8.3,8.2,8.1,61.9,61.7,2.8,34.9,8.0,6.2,5.8,5.2,6.5,6.3,7.3,5.7,6.3,5.2,4.6,3.2,5.2,4.4,22.2,64.5,1.9,11.4,24.8,94.1,68.2,0.2,24.3,8.0,3.0,2.7,11.2,98.5,2.3,0.0,0.0,97.4,2.0,9.9,48.1,0.0,10.7,46.4,35.7,0.0,0.0,7.1,0.0,28.0,18.2,13.0
95411103,male,2042.0,7.5,10.0,9.5,37.9,42.7,57.1,26.8,8.4,5.5,5.7,6.4,6.4,5.8,5.8,6.3,5.1,5.3,4.6,3.9,3.9,4.4,35.5,63.6,0.4,0.5,33.7,92.7,42.7,0.3,32.9,13.8,6.6,3.7,19.3,98.7,2.5,0.0,0.1,97.4,3.0,7.1,43.8,0.2,12.7,14.6,57.0,1.0,0.0,5.9,8.7,623.0,17.7,12.4
95411107,female,1984.0,7.5,7.5,7.8,61.5,62.4,1.0,18.8,6.7,6.6,4.9,6.2,6.9,6.5,6.0,6.6,5.0,6.4,5.2,4.3,6.0,7.9,22.0,66.2,2.1,9.7,26.7,95.2,67.3,0.3,24.1,7.0,3.5,2.7,20.5,97.3,0.6,0.1,0.2,99.2,0.8,14.8,67.2,0.0,0.0,53.8,30.8,0.0,0.0,0.0,15.4,13.0,21.900000000000002,15.5
95411107,male,2190.0,7.1,7.8,7.5,32.5,40.5,46.0,27.4,7.5,7.4,6.6,7.3,7.8,5.8,5.3,5.9,3.6,5.0,4.8,4.4,6.0,8.9,40.8,56.8,1.1,1.3,35.1,93.2,35.6,0.0,32.3,16.0,6.8,4.4,36.8,97.9,0.3,0.0,0.0,99.0,0.9,16.9,66.4,0.2,12.3,15.7,56.3,0.5,0.5,7.9,6.5,567.0,20.200000000000003,15.2
95411109,female,3690.0,7.8,10.0,10.4,52.5,54.3,1.7,11.4,7.9,6.2,5.9,7.0,7.0,7.9,6.0,5.7,4.8,4.0,3.5,2.7,3.3,3.3,21.3,70.3,1.8,6.6,24.0,95.3,59.9,1.3,29.9,8.7,3.4,2.4,55.3,97.0,0.4,0.0,0.1,98.1,2.2,11.6,39.7,0.0,5.1,20.5,59.0,12.8,0.0,2.6,0.0,39.0,13.5,9.5
95411109,male,4077.0,8.0,9.7,10.4,33.7,41.2,68.9,13.7,8.2,7.4,5.3,8.0,7.5,6.4,6.7,5.6,3.7,4.3,3.0,2.2,3.5,4.1,37.9,60.3,0.9,0.9,33.0,97.1,38.2,1.3,33.4,15.5,5.2,3.4,65.8,97.5,0.7,0.0,0.0,98.6,1.3,11.5,40.3,1.0,18.1,4.8,72.4,0.5,1.6,1.0,0.7,1741.0,13.0,8.7
95411113,female,2539.0,9.2,10.6,10.9,59.3,59.4,2.2,15.4,9.1,7.6,5.7,5.8,5.5,5.9,5.4,4.7,5.0,5.0,3.5,2.4,3.7,4.4,22.7,66.0,2.6,8.8,23.6,95.8,68.1,0.1,32.2,6.2,1.5,0.7,15.9,99.3,0.5,0.0,0.0,99.4,1.7,1.3,24.7,0.0,27.3,30.3,9.1,3.0,0.0,0.0,30.3,33.0,14.600000000000001,9.600000000000001
95411113,male,2428.0,10.6,12.3,12.4,41.5,54.2,60.8,15.9,7.5,6.3,5.5,6.6,5.4,5.1,4.0,4.4,4.0,4.7,3.4,3.7,4.1,5.0,30.4,67.0,0.5,2.0,29.1,98.6,48.9,0.3,33.3,8.5,2.5,1.3,29.6,99.3,0.3,0.0,0.1,99.3,1.2,1.8,19.5,0.5,33.0,6.6,38.9,0.9,0.7,1.5,17.9,803.0,15.9,11.2
95411115,female,6526.0,7.0,9.5,10.0,41.7,46.7,6.9,33.2,8.4,6.6,6.0,6.8,7.1,7.9,6.8,5.8,4.7,4.4,3.0,2.3,3.8,3.3,22.6,65.1,3.1,9.2,22.5,100.0,47.4,2.0,29.4,11.8,6.3,3.8,98.3,19.2,1.6,0.1,0.2,98.5,0.6,25.8,68.2,0.0,11.2,26.9,60.0,0.0,0.0,0.0,1.9,222.0,13.5,9.1
95411115,male,6714.0,7.8,9.4,9.6,20.8,27.4,70.7,12.6,8.5,7.0,6.0,6.9,7.0,7.6,6.6,5.9,4.6,4.6,3.5,2.0,3.1,4.1,36.0,60.6,1.4,2.0,31.3,99.5,23.4,1.8,36.3,20.3,7.5,6.8,98.6,17.1,0.9,0.1,0.0,99.1,1.2,26.1,69.3,2.4,29.1,4.8,56.3,0.4,2.2,1.8,3.0,3035.0,13.2,8.6
95411119,female,2865.0,7.8,8.7,8.8,51.0,54.5,2.5,20.4,8.4,6.4,6.0,6.5,6.6,7.1,6.9,5.4,4.4,5.5,4.0,3.3,4.2,7.9,20.3,70.2,1.6,7.8,23.4,95.0,56.9,0.5,30.5,8.7,3.9,1.9,91.0,47.5,0.2,0.0,0.0,99.6,0.3,16.1,61.0,2.3,4.7,27.9,65.1,0.0,0.0,0.0,0.0,43.0,17.0,11.5
95411119,male,2968.0,7.9,8.6,10.7,30.9,36.3,67.8,20.6,7.7,5.7,6.0,6.9,6.4,7.8,6.2,6.6,4.3,4.1,3.6,2.7,4.6,7.6,32.2,65.8,1.0,1.1,31.0,95.2,35.2,0.8,40.6,14.6,4.3,3.4,95.6,44.1,0.1,0.0,0.0,99.5,0.2,13.7,55.7,2.4,18.8,5.5,67.8,0.7,1.7,2.4,0.6,1162.0,14.999999999999998,10.9
95411129,female,8531.0,8.4,10.3,11.3,43.6,47.9,4.7,43.5,9.1,7.0,6.2,7.0,7.3,7.6,5.7,5.3,3.7,3.7,2.2,2.2,2.9,3.9,23.8,68.7,2.1,5.4,22.8,96.9,50.6,1.0,27.7,11.8,6.6,4.9,98.2,14.1,1.5,0.1,0.0,100.0,0.6,22.5,62.8,0.0,20.6,46.1,33.3,0.0,0.0,0.0,0.0,158.0,11.000000000000002,7.300000000000001
95411129,male,9130.0,8.4,9.8,10.9,29.5,36.3,70.2,9.1,8.9,7.0,6.2,6.3,7.7,8.0,7.1,5.7,3.6,3.7,2.4,1.6,2.8,4.5,36.7,61.5,1.1,0.7,32.2,94.8,33.9,1.8,29.7,19.8,6.0,6.4,98.8,12.5,1.4,0.0,0.0,99.8,0.7,18.3,60.4,3.7,13.9,5.8,74.3,0.1,1.5,0.5,0.2,4126.0,10.5,6.8
95411131,female,1692.0,6.1,7.2,8.4,57.0,59.1,1.4,5.6,8.2,4.8,4.0,5.4,7.3,6.9,6.7,6.4,7.1,5.9,4.6,4.3,6.6,7.2,19.4,67.7,1.7,11.1,24.2,91.9,62.8,0.6,28.2,6.9,2.7,2.5,19.0,96.2,0.4,0.0,1.8,90.0,15.9,11.4,43.2,0.0,0.0,52.9,47.1,0.0,0.0,0.0,0.0,17.0,21.4,15.499999999999998
95411131,male,1728.0,6.8,9.5,10.2,25.1,33.4,46.8,5.9,7.2,5.0,4.3,4.9,5.6,6.6,6.9,6.4,5.2,6.4,4.1,4.1,6.8,9.1,29.8,67.7,1.1,1.4,32.4,93.0,28.1,1.2,44.3,13.5,4.5,3.1,25.0,97.2,0.7,0.0,1.1,88.3,19.3,8.5,38.9,2.2,29.9,9.7,51.4,0.7,0.2,4.5,1.4,558.0,21.4,15.0
95411133,female,1739.0,7.8,9.5,11.4,55.1,55.3,1.7,23.8,9.9,4.9,5.3,5.9,5.6,5.7,5.9,5.5,5.4,5.6,4.1,3.3,4.2,6.1,20.9,65.6,2.0,11.5,24.5,96.6,63.7,0.3,32.0,8.5,2.2,1.7,10.5,99.1,0.3,0.0,0.1,99.7,0.3,2.0,15.0,0.0,0.0,87.5,6.3,0.0,0.0,6.3,0.0,16.0,17.2,11.6
95411133,male,1597.0,9.3,10.5,11.8,36.1,48.3,44.7,22.7,8.0,5.6,5.1,5.9,5.4,4.7,5.2,5.2,5.7,6.0,3.8,3.2,4.6,5.8,29.0,68.9,1.2,0.9,30.4,98.1,41.8,1.4,35.1,10.2,3.2,1.9,18.5,99.2,0.2,0.0,0.0,99.8,0.2,2.0,11.5,0.3,38.7,16.7,35.5,0.3,0.8,0.5,7.2,377.0,17.6,11.6
95411171,female,6628.0,7.8,8.6,10.3,42.5,47.1,7.0,25.4,9.2,7.2,6.4,7.0,7.4,7.3,6.3,5.8,4.3,4.2,2.8,2.5,3.0,3.5,22.6,63.8,5.0,8.6,23.6,97.7,48.5,0.9,28.0,13.7,5.6,4.8,92.8,24.8,2.1,0.0,0.2,99.8,0.8,17.3,53.0,3.7,1.9,14.1,66.4,4.7,0.0,0.0,9.2,254.0,12.5,8.3
95411171,male,6833.0,8.1,9.5,10.4,27.0,34.2,72.2,14.9,8.5,7.8,6.0,6.7,7.0,7.4,6.6,5.6,4.2,3.9,2.6,2.3,3.2,4.1,35.2,62.9,0.9,1.0,31.8,98.8,30.6,1.1,31.6,20.5,7.8,4.7,95.0,22.7,2.3,0.0,0.0,99.5,1.2,13.0,55.2,9.0,12.7,5.9,47.9,1.9,0.3,2.1,20.2,3024.0,12.0,8.100000000000001
95510101,female,3067.0,8.0,9.2,8.8,34.2,38.4,11.2,57.5,7.2,7.2,6.6,8.3,7.8,6.5,5.1,4.9,5.1,5.0,3.3,2.5,4.4,4.2,32.1,53.1,3.7,11.0,28.2,99.4,38.1,2.6,25.9,13.5,8.5,11.1,72.6,77.8,1.5,0.1,4.2,99.2,4.1,22.0,49.4,0.0,8.3,57.4,31.5,1.9,0.0,0.0,0.9,108.0,15.200000000000001,10.2
95510101,male,2508.0,10.2,11.8,11.2,12.2,21.9,58.6,32.1,9.4,5.4,5.2,6.7,6.7,5.4,4.2,4.8,4.0,3.7,3.9,3.5,3.9,5.0,39.8,58.6,1.0,0.6,34.0,99.2,14.1,3.6,31.1,20.8,9.7,12.9,80.7,75.0,1.8,0.0,5.1,99.7,4.9,17.7,50.4,0.7,19.3,43.6,26.1,0.6,1.2,5.1,3.3,667.0,15.0,11.3
95510103,female,2565.0,7.1,9.4,8.7,37.4,43.6,10.9,58.1,7.3,6.2,6.4,6.9,7.0,7.1,5.5,5.8,5.4,5.1,4.3,3.1,4.6,5.5,27.7,55.2,3.9,13.2,28.1,98.6,41.6,2.8,21.4,12.4,8.3,11.5,45.3,92.0,1.1,0.1,0.9,99.7,5.0,28.7,54.1,0.0,8.0,59.1,27.3,3.4,0.0,0.0,2.3,88.0,17.099999999999998,12.0
95510103,male,2300.0,7.6,9.6,11.0,16.1,24.7,65.4,36.1,8.3,6.9,5.6,6.7,5.9,5.9,6.0,6.1,5.0,3.5,4.3,3.0,4.6,6.0,41.2,56.5,1.1,1.2,34.8,100.0,18.3,3.0,24.0,21.1,11.2,16.0,54.7,91.0,1.1,0.0,1.8,99.3,5.5,26.6,56.2,0.4,33.1,41.5,22.7,0.7,0.1,0.4,0.9,691.0,15.4,11.899999999999999
95510105,female,4256.0,8.9,8.8,9.9,36.0,41.0,9.7,41.1,7.1,6.1,7.1,7.7,7.4,7.1,5.4,4.7,5.1,4.3,3.8,2.5,4.2,5.4,28.2,59.4,4.0,8.4,26.7,92.0,40.8,1.2,25.7,13.8,8.9,9.4,99.2,15.5,4.6,0.0,0.2,99.0,1.5,16.2,42.6,0.0,5.7,64.8,25.3,2.0,0.0,0.0,2.2,176.0,14.8,10.5
95510105,male,3788.0,10.3,12.8,10.1,16.9,27.5,65.0,14.6,8.4,5.6,5.1,6.8,6.0,7.2,5.5,5.0,3.7,3.6,3.8,3.0,3.0,5.4,34.7,64.5,0.5,0.3,32.1,90.4,19.4,1.1,31.8,21.8,7.9,9.9,99.5,16.6,6.9,0.1,0.1,99.1,1.1,13.6,40.7,0.6,19.5,32.9,31.0,5.5,0.0,2.8,7.8,1405.0,13.4,9.8
95510107,female,9508.0,7.8,9.2,9.0,27.4,32.6,15.8,35.9,8.2,7.7,7.8,8.1,7.5,7.4,5.4,5.3,4.5,3.9,3.0,2.3,3.0,3.1,34.4,52.7,3.9,9.1,28.3,97.4,30.6,2.1,24.2,12.1,11.2,18.0,81.3,67.3,3.4,0.1,5.9,99.7,1.2,35.0,71.7,1.0,7.6,66.7,22.3,0.9,0.0,0.0,1.5,711.0,12.2,8.3
95510107,male,8851.0,9.1,10.5,11.2,9.0,18.5,63.7,14.8,8.7,6.9,6.7,7.5,7.2,6.2,5.2,5.2,3.9,3.7,3.1,2.6,2.3,2.9,41.3,56.6,1.0,1.1,33.6,99.2,10.3,2.1,25.5,18.0,15.7,20.2,85.7,64.8,3.7,0.1,5.4,99.6,1.2,34.4,74.5,2.5,22.8,47.6,20.0,0.6,1.6,2.3,2.5,3326.0,11.7,8.0
95510301,female,1282.0,5.3,5.9,8.0,43.1,50.4,6.4,13.6,9.0,7.6,6.6,4.8,6.4,6.8,5.1,6.2,5.9,5.3,5.9,4.4,6.9,15.7,33.7,45.2,3.3,17.9,31.1,98.2,47.1,0.2,22.8,11.5,5.7,9.4,36.7,98.9,0.4,0.1,0.5,72.6,43.4,9.6,37.9,0.0,5.3,28.1,26.3,10.5,0.0,29.8,0.0,57.0,22.5,17.200000000000003
95510301,male,852.0,6.9,10.4,11.3,15.6,27.0,40.9,16.9,10.4,7.0,6.0,5.8,5.6,4.3,3.9,4.5,4.8,4.9,6.2,4.6,3.3,11.9,40.5,57.6,0.8,1.2,32.9,99.0,18.1,0.2,34.9,20.3,6.5,11.2,47.1,98.7,0.6,0.0,1.8,77.2,39.8,10.6,37.8,0.0,19.9,33.5,38.3,1.0,1.0,4.9,1.5,206.0,19.0,14.100000000000001
95510303,female,3542.0,5.9,7.0,8.1,49.4,50.5,3.9,71.6,7.9,7.4,7.2,7.3,8.0,6.7,5.0,5.5,5.0,5.6,4.2,3.5,5.7,4.8,39.3,42.9,3.8,14.0,32.5,98.8,54.3,1.6,21.7,11.9,6.3,8.0,30.0,98.6,0.5,0.0,0.1,97.2,2.9,14.7,46.9,0.0,0.0,80.6,19.4,0.0,0.0,0.0,0.0,31.0,19.0,13.4
95510303,male,2225.0,10.5,10.6,13.0,23.7,36.0,49.2,71.9,9.6,6.8,5.4,5.0,4.4,4.7,3.6,3.8,4.3,4.4,4.7,4.3,4.9,5.8,40.0,58.7,1.1,0.3,33.6,97.4,28.0,2.2,31.5,16.0,4.8,9.6,44.4,98.8,0.2,0.0,0.0,97.7,3.0,12.4,41.1,0.0,13.3,38.9,40.4,0.5,0.0,3.9,3.0,203.0,18.300000000000004,13.9
95510305,female,2928.0,4.9,6.4,7.5,54.2,57.0,2.0,27.1,6.5,5.6,5.4,5.5,6.6,6.7,6.2,7.0,6.9,6.6,5.4,4.3,8.6,11.7,29.8,54.1,2.9,13.2,29.9,97.1,58.7,1.0,21.0,10.4,4.6,6.1,7.5,99.3,0.3,0.0,0.2,98.2,2.3,11.4,37.4,0.0,2.9,74.3,17.1,0.0,0.0,2.9,2.9,35.0,24.9,18.299999999999997
95510305,male,2068.0,7.2,8.6,10.8,30.8,39.6,41.9,34.6,8.9,4.6,4.3,5.4,4.7,4.4,6.0,4.7,6.0,4.8,5.5,5.3,8.8,12.1,34.3,63.1,0.9,1.7,35.2,98.3,34.9,1.4,27.8,16.0,6.8,8.5,13.2,98.7,0.4,0.0,0.2,98.1,2.7,12.5,37.8,0.2,26.9,32.0,15.1,0.5,0.0,4.1,21.2,416.0,24.400000000000002,19.6
95510307,female,1152.0,7.5,9.3,9.0,42.6,46.4,2.8,54.2,7.5,6.3,4.4,6.4,7.1,7.2,6.3,5.3,3.9,3.8,5.5,4.4,6.1,15.2,28.2,52.0,4.1,15.7,27.9,99.2,47.6,0.7,30.2,9.3,6.9,6.5,30.3,94.9,4.8,0.1,3.2,98.9,1.1,18.4,52.9,0.0,0.0,90.9,9.1,0.0,0.0,0.0,0.0,11.0,19.8,16.0
95510307,male,856.0,10.0,14.4,13.2,16.1,25.7,54.3,76.9,8.8,4.9,3.4,4.1,5.0,6.2,5.8,5.4,4.6,3.5,4.6,3.4,2.8,13.4,34.5,64.4,0.7,0.4,32.7,97.2,19.3,2.1,35.4,20.2,7.8,8.8,36.1,93.9,2.9,0.0,3.6,98.7,1.5,12.9,46.8,1.5,3.0,50.7,19.4,0.0,0.0,22.4,3.0,67.0,14.3,10.8
95510501,female,1317.0,6.6,6.9,9.0,57.0,56.7,13.2,89.6,7.6,6.5,4.6,6.9,4.5,6.1,7.3,5.8,5.5,6.9,4.5,4.9,6.4,12.8,26.1,59.3,2.5,12.1,29.2,98.3,63.4,0.0,26.3,9.2,3.3,4.4,0.6,98.2,2.1,0.1,0.0,98.8,1.2,12.4,45.5,0.0,0.0,92.9,7.1,0.0,0.0,0.0,0.0,14.0,22.700000000000003,15.8
95510501,male,1079.0,8.4,8.3,8.9,37.1,42.5,62.3,37.8,7.2,4.4,4.0,5.4,6.2,8.0,5.2,5.5,4.9,5.7,5.7,4.9,7.3,11.5,28.1,69.8,1.2,0.9,33.2,97.5,41.1,0.3,35.0,13.3,4.8,4.1,1.2,98.2,1.3,0.0,0.1,98.8,0.9,8.0,41.2,1.0,10.6,14.8,72.3,0.3,0.0,1.0,0.0,311.0,23.6,17.900000000000002
95510503,female,3418.0,6.1,8.2,7.9,47.3,46.1,7.4,41.8,7.5,7.3,6.5,7.6,6.4,6.7,6.1,5.9,5.4,5.3,4.3,3.9,4.9,6.3,33.5,51.0,3.7,11.8,29.8,98.8,52.0,2.2,24.8,12.0,5.1,9.9,26.3,90.3,14.1,0.4,1.1,98.6,1.6,26.0,49.2,0.0,8.8,36.0,33.3,0.9,0.0,9.6,11.4,114.0,18.4,13.1
95510503,male,2625.0,9.5,11.2,11.4,20.9,28.2,55.9,25.2,7.8,6.0,4.4,6.1,5.6,5.6,5.8,4.4,4.7,4.2,3.9,4.4,5.1,8.5,36.2,62.1,0.8,0.8,34.1,98.4,24.3,3.6,33.9,18.2,6.5,9.6,34.2,87.5,15.4,0.4,1.9,99.0,1.4,19.6,46.9,0.5,29.8,22.4,30.7,1.5,0.9,2.8,11.4,746.0,17.6,13.4
95510505,female,4341.0,8.7,9.8,10.1,46.2,47.8,9.8,51.8,8.8,7.8,7.0,7.7,6.6,6.0,4.4,5.1,3.9,3.7,3.4,3.0,4.0,6.8,34.4,54.5,1.8,9.3,28.5,97.2,52.4,2.0,25.9,11.6,5.9,6.9,89.7,39.7,4.5,0.1,0.1,99.1,1.0,21.8,62.8,0.0,15.6,39.5,37.4,3.4,0.0,0.0,4.1,147.0,14.1,10.4
95510505,male,3907.0,10.4,11.8,11.6,24.0,32.5,63.1,35.6,9.3,6.8,7.5,7.1,6.2,5.9,4.5,3.8,3.1,2.6,2.7,3.3,3.3,7.3,41.2,57.5,0.8,0.6,32.4,97.8,27.9,2.3,31.8,20.5,5.5,7.5,93.8,36.2,4.4,0.1,0.2,99.6,0.6,15.1,58.6,0.2,35.5,14.7,45.3,1.0,0.8,0.2,2.4,1050.0,11.900000000000002,9.3
95510507,female,1401.0,5.7,8.5,8.6,59.1,56.4,1.6,11.8,7.2,6.0,4.1,6.5,5.0,7.2,6.4,6.9,6.3,6.2,4.0,4.4,7.0,5.9,32.2,51.0,2.3,14.5,23.7,98.6,65.3,1.7,29.4,7.6,2.6,2.2,30.0,98.7,0.7,0.0,0.1,99.6,3.5,9.6,43.9,0.0,0.0,60.0,6.7,20.0,0.0,13.3,0.0,15.0,21.6,15.4
95510507,male,1129.0,8.3,11.0,11.2,22.8,31.1,45.3,18.6,8.6,6.1,4.1,4.5,4.4,4.5,5.8,5.8,5.1,4.3,5.1,5.3,5.8,6.9,34.7,62.5,1.0,1.8,34.2,98.7,26.3,2.5,40.0,14.1,5.6,6.7,55.4,99.2,0.6,0.1,0.1,99.1,3.1,11.9,39.8,0.3,34.3,14.5,47.4,1.4,0.7,0.7,0.7,289.0,20.5,16.2
95510509,female,4833.0,8.5,9.2,9.5,38.8,43.7,3.2,38.9,6.8,7.7,7.3,7.5,7.3,6.8,5.2,4.6,4.6,3.9,3.7,3.1,4.4,3.3,31.2,55.3,3.2,10.3,28.8,98.2,43.8,1.5,25.6,11.8,7.3,10.1,85.4,86.3,1.4,0.1,6.6,99.5,2.0,6.9,28.0,0.0,13.0,55.1,27.5,2.9,0.0,1.4,0.0,69.0,15.1,11.200000000000001
95510509,male,3940.0,10.9,11.3,12.1,16.4,26.4,51.4,10.6,9.7,5.9,5.1,6.2,5.4,5.6,4.9,4.4,3.9,2.9,3.5,3.5,4.7,4.5,36.9,61.4,1.0,0.6,32.2,98.4,19.0,1.9,30.6,21.0,9.8,10.2,90.5,85.3,1.7,0.1,6.6,99.5,2.6,5.6,30.1,0.8,33.2,21.6,30.4,1.5,0.1,10.9,1.5,1188.0,14.600000000000001,11.7
95510511,female,2309.0,7.8,8.6,9.1,54.0,56.0,2.0,2.9,8.4,7.0,7.2,7.1,7.0,7.1,5.2,6.0,4.3,4.4,3.8,2.9,4.3,8.2,36.5,52.6,1.6,9.4,30.3,95.0,60.5,0.1,26.5,7.8,4.6,4.9,19.5,97.9,18.9,0.0,0.1,99.2,0.9,17.6,39.7,0.0,9.1,66.7,18.2,0.0,3.0,0.0,3.0,33.0,15.399999999999999,11.0
95510511,male,1857.0,8.6,10.8,12.7,29.3,37.1,40.1,12.6,9.7,5.1,5.2,6.7,5.2,5.6,5.0,4.0,4.4,3.1,5.1,3.5,5.5,10.2,35.8,63.0,0.8,0.4,31.9,97.3,34.6,0.6,34.8,14.6,6.8,6.1,30.7,98.6,18.7,0.1,0.0,99.4,1.0,13.9,36.8,7.4,9.5,26.2,30.7,0.9,0.2,2.9,22.1,443.0,17.2,14.1
95510701,female,3302.0,7.0,7.6,8.1,35.8,38.7,4.9,44.4,7.0,7.0,6.4,7.9,7.0,7.6,5.8,5.3,5.2,4.1,4.6,3.9,5.6,3.1,36.3,48.2,3.6,11.9,30.5,95.2,39.5,1.4,26.9,12.1,7.1,13.9,74.0,97.0,0.3,0.0,1.3,99.2,0.8,18.0,43.1,0.0,5.7,45.7,31.4,0.0,1.4,12.9,2.9,70.0,18.2,14.1
95510701,male,2925.0,8.8,9.9,10.4,9.8,18.4,58.6,10.7,8.3,7.8,7.2,8.2,7.0,6.4,4.7,4.6,3.1,3.4,3.5,3.1,3.8,3.0,45.8,52.5,0.9,0.8,35.8,92.7,11.1,2.0,30.1,25.1,9.0,15.5,86.1,96.5,0.1,0.0,1.3,99.7,0.4,13.3,43.5,0.6,10.9,13.2,19.9,4.1,0.0,50.2,1.2,1085.0,13.8,10.399999999999999
95510703,female,1659.0,3.7,6.0,6.5,64.3,62.4,2.7,18.4,6.6,6.0,4.7,4.3,5.5,5.2,8.0,6.9,7.5,7.2,7.1,5.2,9.6,9.3,31.5,45.8,4.4,18.3,27.0,97.6,69.2,0.8,19.3,7.2,4.8,5.5,24.2,97.3,0.7,0.0,0.1,97.6,2.6,12.5,60.9,0.0,3.2,83.9,12.9,0.0,0.0,0.0,0.0,31.0,29.1,21.9
95510703,male,1335.0,6.1,7.6,9.8,23.0,33.6,47.1,32.6,8.5,5.8,5.4,4.4,6.1,5.5,4.6,5.6,6.6,5.0,6.5,4.1,8.2,9.4,40.3,55.4,1.3,3.0,35.7,95.7,25.7,1.0,27.8,16.0,9.4,12.2,39.9,96.5,0.6,0.0,0.0,97.1,3.3,11.2,56.4,0.0,30.6,45.7,17.6,0.9,0.3,0.9,4.0,324.0,23.799999999999997,18.799999999999997
95510705,female,1762.0,8.5,7.7,9.8,32.8,43.0,4.7,52.5,7.1,6.1,6.9,7.5,7.5,6.9,6.1,4.8,4.9,3.3,4.1,3.6,5.3,2.4,31.2,55.4,4.4,9.0,29.9,93.4,37.0,1.5,25.0,11.9,8.2,10.4,98.8,41.3,0.2,0.0,0.5,99.6,0.4,11.3,32.5,3.4,6.9,51.7,24.1,0.0,0.0,3.4,10.3,29.0,16.3,13.0
95510705,male,1381.0,11.2,10.4,11.7,15.1,32.7,47.4,22.0,10.1,5.3,4.1,5.5,5.9,5.8,5.1,5.9,3.3,3.2,4.4,4.4,3.8,3.0,37.9,61.1,0.8,0.2,34.3,94.0,17.7,1.8,29.6,18.0,9.3,8.7,99.1,38.4,0.4,0.0,0.4,99.6,0.5,10.9,31.7,0.9,12.9,46.6,11.7,0.0,0.0,10.6,17.3,341.0,15.8,12.600000000000001
95510707,female,2464.0,5.3,7.2,8.1,58.4,58.5,2.8,33.3,7.1,5.2,4.3,5.3,6.4,6.3,7.6,7.5,7.3,5.4,4.9,5.2,7.0,10.8,33.4,47.9,4.5,14.2,25.1,94.6,64.3,1.1,20.4,9.8,5.4,4.8,13.7,98.5,0.6,0.0,0.1,95.7,7.3,16.5,58.9,0.0,0.0,58.3,38.9,0.0,0.0,2.8,0.0,36.0,22.5,17.1
95510707,male,1833.0,7.8,8.8,10.7,18.9,29.0,55.9,35.8,9.7,5.7,5.1,6.0,5.1,5.6,4.9,5.8,3.6,5.3,4.9,4.3,6.8,11.3,41.7,55.9,1.3,1.1,35.8,90.9,21.5,1.2,36.9,16.5,7.7,8.7,28.4,98.4,0.6,0.1,0.1,96.9,5.9,13.5,48.4,1.3,14.6,19.7,42.7,0.2,0.2,17.8,3.6,478.0,21.3,16.0
95510709,female,2004.0,6.0,6.8,7.0,39.0,40.5,6.8,50.9,7.0,6.0,5.3,5.7,7.2,7.2,6.4,6.0,5.9,6.3,5.7,4.2,7.2,4.3,33.5,48.4,4.2,13.9,29.1,99.4,42.3,2.6,28.4,9.2,8.0,11.3,49.2,96.9,1.2,0.0,0.2,98.8,3.2,19.3,50.5,0.0,14.8,63.0,20.4,1.9,0.0,0.0,0.0,54.0,23.4,17.1
95510709,male,1596.0,7.5,9.0,10.3,11.5,17.8,53.5,30.7,9.8,6.6,5.5,6.3,4.6,5.3,4.8,6.2,4.9,4.0,4.9,4.5,5.9,5.5,42.3,56.0,0.9,0.7,34.3,98.9,13.0,3.2,31.3,21.0,13.4,13.3,64.3,96.2,1.8,0.0,0.2,98.7,3.1,15.4,53.0,0.2,39.3,27.5,24.0,0.5,0.2,2.3,6.0,433.0,19.3,15.3
95510711,female,1963.0,4.7,5.7,7.2,61.5,63.8,1.8,51.7,6.6,5.2,4.9,4.8,4.8,6.8,6.8,8.0,7.6,8.5,5.8,4.5,8.0,10.8,36.8,45.7,1.7,15.8,27.7,98.8,66.7,0.8,23.3,6.3,2.7,3.1,16.0,76.5,21.0,0.1,0.2,98.8,4.9,9.2,41.2,0.0,0.0,92.9,7.1,0.0,0.0,0.0,0.0,14.0,26.8,18.3
95510711,male,1393.0,6.5,9.6,9.9,32.5,42.1,42.6,34.9,7.8,5.1,5.2,5.0,4.2,5.5,3.7,6.2,5.3,5.6,6.9,5.1,8.5,9.8,37.3,58.9,1.1,2.7,35.0,98.9,36.8,1.7,28.0,14.4,6.3,7.5,34.8,74.4,23.3,0.0,0.4,99.0,4.1,9.8,44.7,0.7,32.2,36.7,29.7,0.0,0.0,0.0,0.7,286.0,26.1,20.5
95810105,female,3015.0,5.6,7.9,9.3,33.7,37.8,14.0,35.2,8.2,7.7,6.8,7.3,6.6,7.0,7.4,5.7,5.9,4.9,3.5,2.6,3.6,3.0,27.4,58.2,3.1,11.3,26.1,100.0,37.7,2.1,24.9,15.1,11.3,8.7,62.1,92.1,4.3,0.0,0.0,98.1,7.0,23.6,56.3,0.0,3.8,30.3,65.9,0.0,0.0,0.0,0.0,211.0,14.6,9.7
95810105,male,3098.0,6.7,8.4,8.9,12.2,20.0,73.8,16.0,8.5,7.4,6.2,7.0,7.5,5.5,6.4,6.4,5.7,6.0,3.8,3.1,2.5,2.7,40.4,57.6,0.8,1.1,31.7,100.0,13.1,3.0,30.3,18.9,13.4,14.4,73.4,91.7,5.4,0.0,0.0,98.5,8.7,19.7,58.9,4.3,33.8,21.9,36.7,2.1,0.2,0.0,1.0,1455.0,15.4,9.4
95810107,female,43874.0,6.0,8.4,9.3,27.3,34.6,16.9,31.0,8.1,6.8,6.3,7.3,7.4,7.6,7.2,6.0,5.2,4.6,3.1,2.4,4.2,3.2,27.6,57.1,4.4,10.9,26.0,98.7,30.6,2.6,25.3,13.0,13.1,11.4,71.0,88.8,0.8,0.1,0.5,98.8,3.8,33.2,69.8,1.6,9.9,37.3,48.3,0.8,0.4,0.7,1.2,3894.0,14.3,9.7
95810107,male,41956.0,6.7,9.7,10.1,8.6,17.7,67.4,16.6,8.7,6.8,5.5,6.4,6.7,7.0,6.9,6.5,5.3,4.4,3.2,2.5,3.6,3.0,39.6,58.2,1.3,0.8,33.5,97.4,9.5,3.0,26.1,20.5,16.9,15.7,79.0,89.4,0.8,0.0,0.4,99.3,3.8,32.9,76.3,4.7,29.8,24.4,36.4,0.9,0.3,2.3,1.3,17304.0,13.700000000000001,9.3
95810301,female,1308.0,3.7,4.7,6.0,76.1,74.8,1.4,6.3,6.0,4.6,3.6,2.5,4.7,6.7,7.0,8.6,7.7,7.2,6.5,6.6,14.0,8.2,23.1,59.9,2.2,14.8,29.3,92.9,81.3,0.0,14.4,5.6,3.3,1.8,5.7,99.0,1.1,0.2,0.1,90.9,9.8,11.5,51.7,0.0,6.7,33.3,46.7,6.7,0.0,0.0,6.7,15.0,34.3,27.1
95810301,male,1014.0,3.6,6.2,8.4,40.2,51.4,42.7,5.4,6.3,4.6,3.6,4.1,4.3,4.4,6.0,7.7,6.5,6.2,8.0,7.6,12.2,7.7,27.1,70.4,1.1,1.3,34.8,89.8,44.0,0.2,30.0,9.4,5.3,3.7,15.9,99.2,0.8,0.1,0.1,95.8,5.0,8.1,38.4,0.6,18.6,22.5,52.7,0.6,0.0,1.8,3.3,334.0,34.0,27.799999999999997
95810303,female,3234.0,5.3,7.2,8.0,64.0,65.2,5.0,73.6,6.8,5.4,4.0,4.9,5.9,6.0,6.6,7.0,7.8,6.2,5.4,5.4,7.9,9.1,21.0,65.3,2.3,11.4,26.5,99.0,70.3,0.2,21.1,6.7,4.0,2.9,13.6,98.4,0.4,0.0,0.0,97.7,4.9,14.9,54.6,0.0,8.8,44.1,35.3,8.8,0.0,2.9,0.0,34.0,24.9,18.700000000000003
95810303,male,2855.0,5.3,8.1,9.3,26.2,34.6,59.6,25.8,7.3,5.7,4.5,4.9,5.3,5.3,5.8,6.3,6.4,5.7,5.5,4.9,9.6,11.3,31.6,66.4,0.9,1.1,34.6,98.0,29.3,0.4,35.9,15.2,6.3,7.5,24.9,98.4,0.4,0.0,0.1,98.8,4.1,12.2,45.8,0.9,35.1,21.1,33.6,1.7,0.1,0.5,6.9,976.0,25.700000000000003,20.0
95810305,female,2111.0,4.2,6.2,7.1,71.1,70.6,2.6,19.6,6.2,4.5,3.5,4.6,4.4,6.3,7.2,7.7,8.7,8.1,6.4,5.2,9.8,11.7,19.6,59.4,2.1,18.9,28.2,94.9,77.0,0.3,19.2,5.5,2.4,1.9,13.3,98.7,0.5,0.0,0.5,97.3,3.5,11.0,47.7,0.0,2.7,43.2,43.2,10.8,0.0,0.0,0.0,37.0,29.5,21.400000000000002
95810305,male,1738.0,5.2,8.7,8.6,33.3,42.9,49.7,37.1,8.1,4.6,4.3,5.8,4.3,4.5,5.1,5.5,5.8,7.3,7.4,6.2,8.5,12.7,31.5,66.5,0.6,1.4,34.9,97.9,36.9,0.3,32.1,11.2,6.4,7.1,31.6,98.7,0.6,0.0,0.5,97.8,3.0,13.4,42.9,1.0,22.1,30.2,40.1,2.1,0.0,0.5,4.0,421.0,29.4,22.1
95810307,female,2355.0,4.5,5.1,7.3,69.8,70.6,1.7,26.5,6.0,4.5,3.1,4.4,5.6,6.5,6.7,7.1,8.1,9.3,6.4,5.8,9.6,6.8,21.8,59.2,2.5,16.5,29.0,96.5,75.4,0.9,18.0,6.0,2.3,2.2,22.3,99.4,0.3,0.0,0.0,97.7,7.2,15.1,63.0,0.0,0.0,52.0,32.0,16.0,0.0,0.0,0.0,25.0,31.1,21.799999999999997
95810307,male,1870.0,4.1,8.4,10.1,33.5,42.6,49.7,46.4,8.4,4.3,3.7,4.2,5.2,4.4,5.2,5.2,4.9,6.4,7.5,7.3,10.7,8.0,30.1,67.5,0.8,1.6,34.5,99.0,37.6,2.0,34.0,10.3,6.6,4.5,44.2,99.4,0.4,0.0,0.1,98.1,7.4,12.3,52.1,1.0,28.0,29.8,38.6,0.3,0.0,1.3,1.0,386.0,31.9,25.5
95810309,female,1830.0,5.7,7.2,8.4,55.5,55.4,3.5,13.7,5.7,5.2,5.6,5.2,6.0,7.0,6.6,6.7,7.0,5.7,5.4,4.2,8.4,7.7,26.4,56.5,2.9,14.2,26.6,98.3,61.3,1.5,27.6,7.9,4.3,3.3,31.9,99.3,0.4,0.0,0.1,99.2,2.0,3.9,52.3,0.0,4.5,36.4,52.3,4.5,0.0,2.3,0.0,44.0,23.700000000000003,18.0
95810309,male,1452.0,7.6,9.6,10.4,22.1,27.0,57.8,45.0,6.7,5.4,3.9,5.6,5.0,6.8,6.2,5.0,5.0,5.2,5.0,5.5,7.0,6.6,31.9,65.9,0.6,1.6,33.7,99.4,25.1,2.3,39.6,17.6,7.0,6.6,48.9,99.2,0.3,0.0,0.1,98.6,2.4,4.4,54.1,3.3,29.0,18.6,38.6,0.6,0.0,1.2,8.7,334.0,22.7,17.5
95810311,female,1061.0,4.0,4.5,4.5,71.4,77.2,2.0,66.7,5.2,3.7,2.6,3.7,5.6,5.1,5.7,8.4,9.1,8.9,8.5,8.0,12.5,11.8,19.2,57.0,3.1,20.7,28.1,95.1,75.1,1.6,13.4,4.2,1.9,1.7,7.2,97.1,1.3,0.0,0.0,99.6,4.3,7.9,29.5,0.0,16.7,66.7,0.0,0.0,0.0,0.0,16.7,6.0,37.9,29.0
95810311,male,911.0,3.8,6.0,6.3,23.1,42.5,48.0,39.5,5.7,5.5,6.6,4.8,6.0,5.6,4.7,5.8,7.1,6.0,6.7,7.0,12.2,11.6,35.6,62.4,1.0,0.9,38.2,85.1,24.7,2.1,29.0,11.4,5.8,9.2,21.3,96.4,1.6,0.0,0.0,98.3,5.4,8.7,35.3,0.5,34.2,23.4,20.3,1.8,1.4,3.6,14.9,222.0,31.9,25.9
95810313,female,2978.0,5.8,8.0,9.1,62.8,62.9,3.5,43.8,7.7,4.4,3.9,4.6,5.0,7.9,6.3,6.4,6.9,6.3,5.3,4.7,7.7,5.3,21.6,59.6,2.0,16.8,26.7,97.3,70.1,0.5,23.0,7.2,3.9,2.5,16.6,99.7,0.1,0.0,0.0,99.2,2.1,17.5,58.8,0.0,20.0,48.9,22.2,2.2,0.0,0.0,6.7,45.0,24.0,17.7
95810313,male,2500.0,6.4,9.8,11.0,26.8,31.9,60.5,15.8,7.4,4.0,3.2,5.1,5.9,6.4,6.4,6.3,4.7,5.2,5.3,4.4,8.6,7.6,29.2,68.6,0.8,1.4,33.4,97.8,30.6,0.7,41.8,13.0,6.3,6.2,31.5,99.5,0.0,0.0,0.0,99.1,2.4,16.1,51.4,1.9,33.1,16.1,32.1,0.5,0.0,1.5,14.7,925.0,23.5,18.299999999999997
95810315,female,1968.0,4.5,5.6,7.5,66.9,68.0,2.3,37.8,5.4,4.2,3.2,4.6,5.1,5.5,6.9,7.3,7.8,7.1,6.5,7.0,11.9,6.1,21.3,55.9,3.0,19.8,27.4,97.4,72.6,2.3,16.6,7.1,3.6,2.5,19.0,98.4,0.5,0.0,0.1,99.5,1.5,19.3,46.9,0.0,4.3,69.6,21.7,4.3,0.0,0.0,0.0,23.0,32.5,25.4
95810315,male,1543.0,4.7,7.1,8.6,28.0,47.1,45.3,23.7,6.4,4.0,3.4,4.6,4.5,6.2,6.4,6.2,6.6,6.2,6.7,6.9,11.5,8.2,27.4,70.3,1.3,1.0,33.8,98.1,30.8,0.3,30.8,9.9,6.7,5.2,39.2,97.8,0.3,0.0,0.1,99.7,1.1,12.7,34.0,1.4,29.2,32.3,31.1,1.2,0.0,1.9,2.8,424.0,31.3,25.1
95810317,female,870.0,4.0,4.7,6.2,68.5,71.7,8.9,75.8,5.7,4.3,3.3,2.9,4.3,5.3,7.1,7.5,7.8,8.4,6.8,7.8,13.9,22.0,16.9,59.9,2.2,21.1,28.3,92.7,73.2,1.0,13.7,6.3,4.1,3.1,33.1,99.2,0.5,0.0,0.3,95.2,6.0,16.0,44.8,0.0,12.5,31.3,43.8,12.5,0.0,0.0,0.0,16.0,36.9,28.5
95810317,male,815.0,2.6,6.7,8.3,17.3,31.9,56.5,45.4,8.0,7.1,5.3,4.3,4.2,5.3,6.9,6.0,7.5,6.1,5.2,6.9,9.7,17.4,34.6,63.3,1.2,0.9,35.6,95.6,18.6,2.3,31.8,14.1,10.4,9.4,73.3,99.4,0.1,0.0,0.5,95.4,5.1,17.7,41.1,8.7,19.3,27.1,39.6,1.4,1.0,1.4,1.4,207.0,27.900000000000002,21.8
95810901,female,1350.0,3.9,5.8,6.8,57.8,56.6,10.3,42.2,6.0,5.3,4.7,5.5,5.5,5.6,5.4,5.9,9.3,6.8,6.4,5.6,11.6,6.0,27.6,46.8,3.7,21.9,26.6,98.0,62.4,3.4,21.9,6.8,5.9,5.4,53.7,97.0,1.2,0.0,0.0,99.6,0.8,26.6,61.7,0.0,19.4,28.4,46.3,1.5,0.0,4.5,0.0,67.0,30.4,23.6
95810901,male,1062.0,6.1,8.7,8.2,17.2,29.6,63.1,34.9,6.5,5.1,4.0,4.7,5.5,5.8,6.8,5.7,8.0,6.7,5.7,6.1,6.4,6.4,33.7,62.3,2.0,2.0,34.3,99.1,18.9,4.4,36.0,14.6,7.3,8.2,83.5,95.8,0.8,0.0,0.0,99.6,0.7,17.9,51.9,1.8,17.3,25.6,53.6,0.9,0.0,0.9,0.0,336.0,24.9,18.200000000000003
95810903,female,1910.0,3.6,5.0,7.2,64.1,65.4,2.9,34.8,7.0,4.0,4.6,4.1,4.9,6.0,7.3,6.9,8.0,7.1,6.8,5.7,11.9,9.4,29.6,48.6,2.5,19.3,28.1,98.6,69.4,0.4,17.9,8.0,5.1,3.4,23.1,99.2,0.5,0.0,0.0,99.5,1.8,10.8,40.5,3.3,23.3,40.0,30.0,0.0,0.0,3.3,0.0,30.0,31.5,24.4
95810903,male,1343.0,6.4,7.5,9.8,34.8,44.1,47.4,29.5,9.0,5.0,3.8,4.5,3.6,5.1,5.7,4.7,4.7,6.0,6.6,5.2,12.3,9.7,32.9,64.0,1.1,2.1,36.1,97.9,39.0,1.0,29.5,10.0,7.8,7.6,41.3,99.2,0.2,0.0,0.1,99.5,2.5,10.3,35.3,1.5,32.7,30.4,34.5,0.3,0.0,0.3,0.3,342.0,30.1,24.1
95810905,female,1566.0,2.4,3.1,4.0,55.8,62.3,5.6,29.1,5.7,4.3,2.9,3.4,3.6,6.1,5.9,9.5,9.1,9.6,9.1,8.1,13.1,8.2,32.3,39.4,4.1,24.2,26.1,98.4,58.2,3.8,17.8,6.6,6.1,3.5,68.3,99.0,0.5,0.1,0.0,96.5,5.7,14.1,45.9,0.0,14.3,16.1,28.6,16.1,0.0,3.6,21.4,56.0,39.9,30.299999999999997
95810905,male,1170.0,3.1,4.8,6.0,20.4,30.9,48.9,20.7,5.8,7.2,6.6,4.2,3.4,4.7,5.5,6.7,7.4,8.5,7.4,8.4,10.4,7.9,41.2,54.2,2.2,2.5,37.2,87.7,21.6,4.7,30.3,14.1,10.8,9.3,87.5,99.1,0.3,0.1,0.1,98.7,2.6,15.0,53.8,1.0,29.4,22.0,32.0,0.8,0.3,4.1,10.5,391.0,34.7,26.200000000000003
95810907,female,711.0,2.3,5.1,4.9,62.4,64.8,5.6,28.6,4.2,3.1,4.2,3.0,5.2,6.2,8.0,7.5,8.4,9.3,6.6,8.6,13.5,10.8,24.4,48.4,4.3,22.9,27.7,97.4,65.9,3.1,17.3,5.6,4.4,4.8,47.1,97.9,0.0,0.3,0.0,100.0,4.4,24.2,57.3,0.0,4.0,44.0,48.0,0.0,4.0,0.0,0.0,25.0,38.0,28.7
95810907,male,618.0,3.9,6.1,8.7,17.6,22.0,55.0,36.0,7.3,5.7,4.2,4.7,3.9,6.6,4.2,8.4,6.1,8.4,6.5,5.2,10.0,10.7,37.1,58.6,3.0,1.4,35.1,97.9,19.3,8.4,38.0,14.1,9.9,7.6,82.1,98.1,0.0,0.0,0.2,99.8,6.1,16.9,59.0,1.1,10.8,34.1,50.6,0.0,0.0,0.0,3.4,176.0,30.1,21.7
95810909,female,1077.0,3.2,6.4,6.1,59.6,62.9,4.5,34.1,5.0,4.7,3.4,4.2,4.5,5.5,6.0,8.4,8.3,7.8,6.5,5.8,14.0,8.5,25.2,49.1,3.6,22.1,26.2,98.8,63.9,1.2,19.4,8.4,4.1,4.1,45.6,99.4,0.4,0.0,0.0,99.5,2.5,23.2,53.4,0.0,11.1,25.9,37.0,25.9,0.0,0.0,0.0,27.0,34.1,26.3
95810909,male,862.0,4.3,7.1,7.7,21.3,36.2,49.4,29.4,7.0,4.4,3.7,4.8,5.2,6.1,6.1,5.6,8.0,8.0,6.5,5.2,10.3,7.5,35.7,60.2,1.9,2.3,34.5,98.7,23.1,1.3,33.3,14.0,8.4,6.8,74.4,99.5,0.3,0.0,0.0,99.5,3.5,22.0,56.9,2.5,37.4,21.8,28.0,0.4,0.8,2.1,7.0,243.0,30.0,22.0
95810911,female,606.0,2.1,6.4,5.6,59.2,65.0,2.5,46.2,4.3,3.6,3.3,4.3,4.1,5.3,6.8,7.8,7.8,10.4,7.6,6.8,13.9,15.0,24.8,45.2,4.4,25.6,28.5,100.0,62.9,0.3,25.1,5.6,1.5,2.5,39.8,99.7,0.3,0.0,0.2,99.6,0.4,9.3,24.8,0.0,0.0,57.1,42.9,0.0,0.0,0.0,0.0,7.0,38.7,28.299999999999997
95810911,male,477.0,3.6,7.8,5.5,20.3,35.6,46.1,27.9,5.5,3.1,3.6,6.1,4.6,5.7,6.1,6.9,6.7,9.6,8.8,6.3,10.3,12.8,34.5,59.2,4.3,2.0,38.8,97.2,21.7,1.0,38.2,13.2,5.5,6.5,75.5,99.4,0.6,0.0,0.0,99.4,1.5,9.5,31.8,0.8,24.2,29.5,34.1,0.0,0.0,0.0,11.4,132.0,35.0,25.400000000000002
95811101,female,2493.0,4.9,6.1,7.1,61.0,63.9,3.6,37.8,5.9,5.3,4.0,4.7,5.4,6.5,6.5,6.5,7.9,8.0,5.4,5.3,10.4,5.2,20.8,62.3,1.9,15.0,27.7,96.9,66.3,0.6,18.6,8.1,4.9,4.0,21.7,99.1,0.4,0.0,0.2,97.8,13.1,17.0,60.2,0.0,2.2,21.7,65.2,8.7,0.0,0.0,2.2,46.0,29.1,21.1
95811101,male,2105.0,5.2,7.3,8.5,25.5,35.6,49.0,23.3,7.5,4.7,3.6,4.0,6.4,4.8,6.6,6.1,6.3,5.8,6.0,5.8,11.5,6.4,28.7,69.3,0.5,1.4,34.6,96.7,28.0,0.4,33.8,14.5,8.8,6.8,39.7,98.7,0.4,0.0,0.3,98.5,8.0,14.1,57.8,1.3,18.2,18.5,54.2,0.6,0.0,0.6,6.5,626.0,29.1,23.3
95811103,female,4506.0,4.6,6.6,8.2,57.1,57.7,4.0,14.9,7.0,5.6,4.3,4.9,6.3,6.8,7.5,7.5,6.4,7.1,4.6,4.1,8.6,6.4,23.5,59.2,3.5,13.8,26.8,98.7,62.7,1.1,22.2,9.5,4.7,4.8,25.8,99.1,0.2,0.0,0.4,97.1,10.2,7.9,41.8,6.4,5.0,23.5,58.0,3.9,0.0,3.2,0.0,123.0,24.4,17.299999999999997
95811103,male,4203.0,5.8,8.0,10.1,23.7,31.0,55.6,25.0,7.7,6.0,4.6,4.5,5.7,5.7,6.1,6.5,5.9,5.9,4.7,5.5,7.3,4.4,33.2,64.2,1.2,1.4,34.4,99.1,26.5,2.1,33.8,17.2,9.2,6.7,41.7,98.6,0.2,0.0,0.4,98.0,5.8,8.3,45.2,2.0,29.4,15.5,46.8,0.0,0.2,1.2,4.9,1334.0,23.400000000000002,17.5
95811105,female,4454.0,5.4,8.1,8.8,57.9,58.4,3.6,25.9,6.7,5.8,4.4,5.8,6.1,7.0,6.9,6.7,6.2,6.3,3.9,3.6,8.1,6.1,24.2,60.0,1.4,14.4,29.3,95.3,64.3,1.2,23.0,7.8,5.3,4.2,37.3,98.8,0.6,0.0,0.0,98.8,3.3,19.6,60.0,0.0,3.8,24.7,50.5,11.8,0.0,9.2,0.0,92.0,21.9,15.6
95811105,male,4426.0,6.4,9.6,9.7,28.0,36.9,64.8,20.8,8.1,5.7,4.7,4.9,5.4,5.3,6.4,6.2,5.5,5.2,4.8,4.2,7.8,6.3,34.6,63.7,0.6,1.2,34.4,99.0,31.7,2.1,32.3,15.3,6.7,6.7,53.1,98.8,0.7,0.0,0.0,99.0,5.9,13.7,55.3,0.6,29.5,11.5,54.9,0.4,0.3,2.2,0.7,1686.0,22.0,16.8
95811107,female,3196.0,5.1,6.0,7.5,50.9,52.5,7.5,28.9,7.2,5.7,4.1,5.6,6.4,6.7,7.5,7.3,7.2,6.7,4.8,3.4,8.8,6.4,25.0,54.3,3.7,17.0,27.4,98.0,55.3,2.4,23.7,9.0,6.6,5.8,54.6,81.4,0.3,0.0,1.3,99.6,0.5,24.0,71.4,0.0,3.6,15.9,73.2,5.8,0.7,0.7,0.0,138.0,23.700000000000003,17.0
95811107,male,2806.0,5.8,9.0,8.9,16.4,24.1,53.5,22.7,7.8,6.0,3.9,5.7,5.5,5.8,5.6,7.4,6.1,5.2,5.2,4.3,7.8,6.8,36.2,60.9,1.8,1.1,34.5,97.2,18.1,2.5,36.6,19.6,9.2,8.0,70.8,79.4,0.3,0.0,1.3,99.9,0.4,19.9,71.2,0.6,28.6,9.7,58.4,0.8,0.3,1.1,0.5,885.0,22.5,17.3
95811109,female,2147.0,4.1,5.6,8.8,57.6,61.1,3.3,37.9,6.8,5.0,4.3,4.2,5.3,6.4,6.9,7.4,7.9,6.3,6.1,4.9,9.8,5.8,21.8,59.1,3.3,15.9,28.3,97.3,63.8,0.5,20.3,8.1,6.1,4.0,27.4,99.4,0.2,0.0,0.0,99.1,0.9,22.9,57.0,0.0,8.3,19.4,47.2,5.6,2.8,11.1,5.6,36.0,27.099999999999998,20.8
95811109,male,1924.0,4.8,7.1,8.4,22.7,29.0,49.1,18.3,7.5,6.2,4.8,5.1,5.1,5.6,6.2,6.8,6.2,5.0,6.4,5.6,9.2,8.5,34.4,63.5,1.0,1.2,35.9,96.2,24.9,0.1,36.9,16.1,9.7,8.3,48.9,99.7,0.1,0.1,0.0,98.5,2.5,18.0,56.3,1.0,33.2,13.0,22.0,1.3,2.6,2.9,24.1,615.0,26.2,21.2
95811111,female,6482.0,5.5,8.6,9.1,41.7,46.7,9.5,38.4,7.8,5.8,4.5,5.3,6.5,7.5,6.6,6.9,5.8,5.0,4.5,3.7,6.7,5.4,23.7,59.8,2.8,13.7,26.2,100.0,46.7,2.4,26.3,10.8,8.2,5.6,91.0,59.4,1.2,0.0,0.8,99.4,3.1,19.0,53.1,0.0,14.6,19.6,47.5,12.6,3.5,2.1,0.0,292.0,19.9,14.899999999999999
95811111,male,6028.0,6.4,9.5,9.9,15.1,25.4,60.1,22.5,8.4,7.0,4.7,5.7,5.5,6.2,6.6,6.6,5.2,4.4,4.1,3.3,6.6,5.7,37.1,59.3,1.9,1.7,34.6,97.0,17.1,2.6,28.7,19.0,13.9,10.4,94.2,58.7,1.5,0.1,1.1,99.1,6.5,19.6,60.3,2.1,27.3,17.5,42.8,0.4,0.8,3.8,5.3,2088.0,18.4,14.0
95811113,female,2433.0,5.4,7.6,8.7,58.0,58.6,2.5,42.6,8.2,5.7,4.2,5.2,6.2,6.3,6.5,7.0,6.9,6.7,4.2,3.5,7.6,8.5,22.9,64.6,2.2,10.3,26.9,96.5,64.4,1.0,26.4,7.4,3.6,3.0,25.9,99.5,0.5,0.0,0.1,95.1,24.8,16.7,63.1,3.7,3.7,29.6,48.1,0.0,0.0,0.0,14.8,27.0,22.0,15.3
95811113,male,2174.0,7.5,8.9,9.8,27.6,39.8,61.3,29.2,7.5,5.3,3.4,5.3,5.2,5.5,6.5,6.3,6.7,6.1,4.0,4.8,7.2,7.5,31.0,67.5,0.9,0.6,33.8,98.4,31.0,1.5,33.2,16.8,4.7,4.0,46.2,99.4,0.7,0.0,0.1,94.0,25.5,13.4,54.5,0.9,30.8,10.6,56.0,0.4,0.7,0.4,0.1,697.0,22.099999999999998,16.0
95811115,female,5117.0,4.9,6.9,7.2,39.7,43.1,9.0,32.8,6.1,5.2,4.8,5.5,6.1,7.5,7.5,7.6,7.4,6.7,5.0,3.8,8.1,6.5,27.5,53.0,3.1,16.5,26.0,98.5,43.2,2.5,28.9,11.3,7.3,6.9,39.8,88.6,1.6,0.0,0.8,98.7,2.2,22.3,54.7,2.3,15.8,19.6,57.7,2.2,0.0,0.0,2.3,250.0,23.6,16.9
95811115,male,4746.0,5.4,8.2,7.9,10.2,16.8,62.8,15.1,7.6,5.8,5.2,5.5,5.6,6.3,6.5,6.9,6.8,6.0,4.8,4.3,7.3,4.2,33.0,63.0,1.8,2.2,33.6,99.1,11.2,4.0,31.5,21.9,15.0,10.7,47.6,88.9,2.1,0.1,0.8,99.6,1.4,18.8,62.9,1.5,26.0,21.4,46.4,0.3,0.7,0.6,3.1,1986.0,22.400000000000002,16.4
100710101,female,7898.0,8.0,8.7,9.1,32.6,38.4,22.6,71.3,8.5,8.2,7.9,8.0,8.6,7.5,5.6,5.4,4.1,3.3,2.6,1.9,2.6,4.1,34.3,52.6,4.4,8.8,29.1,98.0,36.5,2.6,17.9,10.5,10.6,20.0,75.9,20.8,3.5,0.2,57.6,99.6,2.6,16.7,51.7,0.0,8.3,78.2,8.7,2.8,0.0,0.0,1.9,380.0,10.4,7.1
100710101,male,7532.0,9.0,10.1,10.8,14.2,25.5,65.9,44.1,9.5,7.2,7.6,7.9,6.9,6.3,5.2,5.2,3.8,3.4,3.0,2.2,1.9,4.3,46.4,52.0,1.6,0.0,34.6,98.0,16.4,1.8,22.7,15.4,11.9,22.6,76.9,21.2,4.3,0.2,56.2,99.7,2.3,13.1,50.7,1.7,16.5,57.9,12.8,1.2,0.3,1.2,8.3,1945.0,10.500000000000002,7.1
100710103,female,2323.0,8.9,12.3,10.7,29.3,37.5,10.6,45.2,7.7,7.9,8.4,8.3,7.5,7.1,5.5,4.6,3.5,2.5,2.1,1.4,1.7,4.7,28.9,61.5,4.4,5.3,26.9,97.9,33.6,1.5,24.0,12.4,10.9,13.7,93.3,16.3,3.8,0.1,40.8,99.5,1.2,16.8,54.0,0.0,3.3,65.2,20.7,2.2,0.0,1.1,7.6,92.0,7.7,5.2
100710103,male,2369.0,9.5,11.7,11.1,16.6,27.1,56.6,20.5,8.8,7.3,6.7,7.5,7.2,6.1,6.3,4.9,3.5,3.9,2.7,1.5,1.5,5.8,42.3,56.1,1.1,0.4,33.5,98.4,19.2,1.5,21.8,17.6,15.6,16.4,93.6,13.8,4.6,0.2,41.6,99.6,1.0,15.4,54.6,0.6,17.7,52.8,21.9,1.4,1.1,0.4,4.2,722.0,9.6,5.7
100710301,female,1211.0,5.9,7.6,8.9,47.1,54.4,9.8,67.4,8.4,8.6,6.8,7.8,8.1,8.5,6.4,6.5,4.0,4.6,2.5,2.3,3.0,3.1,37.6,49.1,4.8,8.5,31.8,87.4,50.3,0.9,14.8,9.1,7.8,13.0,97.0,5.4,0.1,0.0,94.6,98.9,1.1,40.3,71.3,0.0,16.7,73.3,10.0,0.0,0.0,0.0,0.0,30.0,12.399999999999999,7.8
100710301,male,1315.0,7.1,8.7,9.4,30.4,41.4,52.0,36.6,8.9,10.0,8.5,7.9,6.8,4.6,5.3,6.0,4.9,4.4,3.3,1.9,2.1,3.0,54.2,43.6,1.7,0.4,37.4,92.0,32.5,1.2,17.6,11.1,10.0,18.7,97.3,5.6,0.1,0.0,94.8,99.1,0.9,39.7,70.0,0.0,43.8,34.0,16.0,4.9,0.6,0.6,0.0,324.0,11.7,7.299999999999999
100710303,female,1675.0,7.5,9.2,9.1,41.4,47.1,23.7,85.4,8.3,7.8,8.5,8.7,6.9,7.4,5.1,5.9,4.5,3.2,2.3,2.0,3.5,6.3,30.4,55.8,6.3,7.5,27.9,91.8,45.7,2.8,19.9,11.6,10.0,8.5,97.6,1.6,0.1,0.1,90.8,99.9,0.1,22.9,53.7,0.0,4.7,72.1,20.9,2.3,0.0,0.0,0.0,43.0,11.0,7.8
100710303,male,1692.0,9.0,10.8,9.8,24.3,32.1,68.2,76.2,9.6,7.8,8.0,7.2,5.4,5.9,5.3,4.6,4.3,3.2,3.5,2.2,3.5,7.0,45.3,53.0,1.6,0.1,35.2,97.7,27.4,3.8,24.4,16.7,10.5,12.5,97.5,1.2,0.1,0.0,91.9,99.9,0.1,20.4,53.7,1.6,16.6,61.1,20.2,0.0,0.0,0.0,0.5,193.0,12.4,9.2
100710305,female,492.0,10.0,3.9,2.0,51.9,57.7,15.7,87.7,3.3,9.8,7.9,10.8,8.9,8.1,7.9,8.3,5.3,3.5,2.2,3.7,4.5,3.7,26.1,65.2,3.1,5.6,28.6,83.3,51.7,2.6,8.3,7.9,7.5,15.9,66.1,27.4,1.6,0.0,66.5,100.0,0.0,13.7,52.0,0.0,25.0,50.0,0.0,25.0,0.0,0.0,0.0,8.0,13.9,10.4
100710305,male,491.0,11.2,4.5,2.6,33.8,46.8,75.6,51.5,3.1,8.8,7.9,12.0,6.3,9.4,6.3,6.1,4.3,6.5,4.5,3.1,3.5,4.3,39.4,58.6,1.7,0.2,36.0,80.0,33.4,3.3,8.1,8.6,9.4,23.8,69.0,27.9,1.6,0.0,71.7,99.6,0.4,15.7,61.3,4.1,42.9,32.7,12.9,6.1,0.0,1.4,0.0,147.0,17.6,11.1
100710501,female,264.0,8.0,12.1,8.0,47.4,49.6,21.1,25.0,6.1,9.8,8.7,8.0,7.2,4.9,7.2,8.3,2.3,3.0,1.9,2.7,1.9,1.5,27.9,59.5,7.9,4.7,27.1,96.9,51.1,4.9,18.9,7.2,7.6,11.7,91.3,1.9,0.0,0.0,94.3,100.0,0.9,29.7,58.6,0.0,3.3,56.7,3.3,30.0,3.3,3.3,0.0,30.0,9.5,6.5
100710501,male,318.0,6.0,11.6,9.1,26.3,35.8,81.5,11.6,6.9,9.4,8.5,6.9,6.3,5.0,7.9,6.3,5.7,4.1,1.9,1.3,3.1,2.2,44.2,54.9,0.4,0.4,35.8,97.6,28.3,2.5,21.4,14.5,9.7,16.0,95.0,6.3,0.0,0.0,85.5,100.0,0.5,26.9,57.0,1.2,29.8,26.8,28.0,5.4,0.0,8.9,0.0,168.0,10.4,6.300000000000001
100710503,female,514.0,10.1,10.9,10.9,50.7,56.0,6.9,33.3,9.1,10.5,9.5,8.8,7.4,3.7,7.0,4.3,1.8,2.1,0.8,1.4,1.8,3.5,35.1,56.6,2.3,6.0,27.2,87.1,56.3,1.2,20.8,6.4,6.0,9.5,77.2,13.2,7.6,0.4,85.2,100.0,0.5,6.5,52.5,0.0,0.0,75.0,12.5,6.3,0.0,0.0,6.3,16.0,6.1000000000000005,4.0
100710503,male,542.0,9.0,12.9,10.1,39.0,45.8,71.7,26.5,11.3,10.3,7.0,7.4,5.5,5.4,4.4,5.0,4.8,2.4,2.2,0.6,1.7,3.3,47.0,51.1,1.6,0.3,32.5,89.9,42.9,3.0,18.5,10.9,9.4,12.5,83.6,15.1,7.4,0.2,83.0,99.6,0.4,8.1,50.0,0.0,31.4,36.6,16.0,4.6,2.1,5.7,3.6,194.0,6.8999999999999995,4.5
102610101,female,7917.0,8.5,10.2,9.1,27.5,34.3,12.1,42.9,7.6,7.9,7.8,9.7,8.0,6.7,5.6,5.2,3.9,3.7,2.1,1.8,2.3,3.4,26.8,62.6,3.6,7.0,25.2,98.8,31.0,2.9,23.9,14.7,11.7,12.5,79.0,71.2,2.7,0.2,4.9,97.4,11.6,25.5,58.7,0.9,14.0,47.9,28.7,4.9,0.0,0.9,2.7,394.0,9.9,6.2
102610101,male,8036.0,9.2,10.7,10.6,11.9,22.0,68.4,17.1,7.5,5.7,6.1,7.4,8.7,8.4,6.2,4.7,4.0,4.5,2.6,1.8,2.0,3.5,36.5,61.5,1.4,0.6,31.6,96.5,13.4,3.1,24.3,21.1,15.2,14.4,86.5,69.2,2.7,0.0,3.5,96.6,14.1,25.1,66.3,2.2,21.4,48.7,21.5,0.7,0.3,2.0,3.2,3159.0,10.9,6.4
102610103,female,64618.0,7.0,9.1,9.3,27.3,34.2,15.8,50.1,7.7,7.8,7.4,8.3,7.7,7.4,6.2,5.8,4.5,4.1,2.7,2.0,3.0,3.5,30.3,55.3,5.4,9.0,28.0,96.9,30.7,2.5,21.4,16.2,12.4,13.2,93.8,30.4,3.1,0.1,18.7,99.7,2.0,26.6,62.1,0.8,10.4,49.8,34.6,0.9,0.0,0.8,2.6,3814.0,11.8,7.7
102610103,male,61746.0,8.1,10.1,10.3,12.0,22.9,64.5,28.7,8.3,7.2,6.6,7.4,7.0,7.0,5.9,5.3,4.3,4.2,3.3,2.5,2.7,3.6,42.8,55.1,1.6,0.6,34.6,97.5,13.6,3.0,23.6,20.7,14.7,15.1,95.3,30.5,3.2,0.1,17.3,99.6,2.3,25.5,61.3,3.3,27.5,33.1,29.5,0.7,0.7,2.5,2.7,20318.0,12.7,8.5
102610301,female,1508.0,5.6,7.4,9.4,52.4,52.7,4.3,30.0,7.2,5.3,4.8,6.2,7.8,7.1,5.6,5.0,7.3,5.0,4.7,4.2,7.2,10.7,26.5,55.7,4.2,13.7,29.4,97.3,58.7,2.3,20.3,11.9,5.4,7.4,20.7,99.4,0.5,0.1,0.3,99.5,8.3,28.2,69.0,0.0,0.0,51.4,48.6,0.0,0.0,0.0,0.0,35.0,21.099999999999998,16.1
102610301,male,1317.0,6.1,10.6,11.3,20.4,22.9,52.1,58.3,8.3,6.3,6.1,5.8,5.2,6.1,4.6,4.0,5.7,5.5,3.3,4.2,7.0,10.3,38.3,59.1,1.6,1.1,34.7,98.9,23.4,3.0,34.7,21.6,7.8,9.9,31.2,99.2,0.8,0.0,0.2,99.7,6.2,20.7,62.4,0.0,11.2,35.4,49.5,1.0,0.0,0.5,2.4,206.0,20.0,14.5
102610303,female,458.0,6.1,6.3,8.1,55.1,59.0,11.0,80.0,12.0,5.2,6.8,6.1,6.8,6.6,5.2,6.1,6.6,5.5,3.5,3.9,5.2,5.9,29.7,56.9,2.5,11.0,28.4,70.3,60.7,0.0,18.1,10.0,8.5,4.4,0.9,99.8,1.1,0.0,0.0,71.1,27.2,8.3,46.1,0.0,25.0,75.0,0.0,0.0,0.0,0.0,0.0,8.0,18.1,12.600000000000001
102610303,male,483.0,5.8,9.5,9.7,29.8,37.5,70.4,42.7,7.9,5.0,5.8,8.1,7.5,7.5,6.0,3.9,4.3,6.4,5.0,2.1,5.6,6.4,40.9,55.2,2.5,1.4,36.7,87.7,33.7,0.0,27.1,17.4,9.1,8.9,0.8,98.8,1.2,0.0,0.0,71.4,33.4,10.5,34.1,1.4,68.5,20.5,2.1,0.0,0.0,0.7,6.8,146.0,19.1,12.7
102610305,female,617.0,7.8,8.6,8.6,59.1,58.3,1.9,11.1,8.9,4.5,4.7,5.5,5.5,7.0,5.0,4.9,4.2,7.5,6.2,5.7,5.5,10.4,22.9,62.2,3.0,11.9,27.6,96.4,65.4,2.8,24.0,7.5,4.9,2.6,14.6,98.9,0.5,0.2,0.0,98.1,8.5,17.1,62.1,0.0,12.5,75.0,0.0,0.0,0.0,12.5,0.0,8.0,24.9,17.4
102610305,male,520.0,8.1,12.9,10.4,38.4,43.8,53.8,49.0,7.3,3.1,3.1,5.6,6.0,6.0,4.6,3.3,4.8,4.0,5.4,6.5,9.0,14.2,28.9,68.6,0.8,1.7,34.6,97.1,44.3,3.5,30.4,13.7,5.2,3.5,21.0,98.8,0.8,0.0,0.0,98.4,11.1,11.1,58.9,1.0,15.3,38.8,32.7,0.0,2.0,4.1,6.1,98.0,24.9,20.9
102610307,female,5451.0,6.0,7.9,8.8,46.8,51.8,4.1,32.8,7.4,6.1,4.4,6.3,6.1,6.7,6.1,6.5,5.8,5.7,4.2,4.1,8.1,7.2,24.7,57.0,3.4,14.9,26.3,96.8,51.9,1.7,21.5,10.5,7.0,7.5,19.1,97.9,0.8,0.0,0.1,99.1,18.6,22.9,62.4,0.9,3.4,63.2,29.1,1.7,0.0,0.0,1.7,117.0,22.1,16.4
102610307,male,4864.0,6.6,9.7,11.0,13.8,20.3,55.6,29.8,8.9,6.2,4.5,5.2,6.6,6.2,6.0,5.7,4.8,4.4,4.7,3.8,5.8,6.5,38.4,59.5,1.0,1.1,34.8,98.0,15.7,2.7,33.3,19.9,12.1,11.7,30.5,97.0,1.0,0.1,0.1,99.3,18.2,20.2,65.2,1.7,27.3,24.6,37.6,0.7,0.4,1.5,6.3,1378.0,18.700000000000003,14.3
102610309,female,1965.0,6.5,8.5,10.0,48.2,50.3,5.2,34.2,8.2,5.6,5.2,7.2,6.6,8.3,6.6,6.6,4.8,4.5,3.3,2.6,5.3,5.2,24.5,59.4,4.8,11.2,27.4,96.3,54.4,1.8,23.0,11.8,6.2,6.9,16.4,93.5,0.6,0.0,0.6,98.7,2.2,19.1,56.7,0.0,22.0,36.0,36.0,2.0,0.0,2.0,2.0,50.0,15.7,11.2
102610309,male,2016.0,7.3,12.1,10.3,20.5,27.5,50.9,22.5,9.0,5.9,4.6,6.2,6.0,6.9,6.5,5.7,4.7,4.4,3.0,3.4,4.0,5.5,39.3,57.9,1.5,1.3,34.1,97.0,23.0,2.8,28.6,19.7,10.8,10.6,19.8,93.1,0.5,0.0,0.7,99.1,2.2,17.8,53.4,1.3,37.7,17.4,34.7,0.9,0.2,1.8,6.1,559.0,14.8,10.4
102610311,female,4580.0,6.4,8.2,8.8,48.1,51.2,4.2,39.0,7.8,6.4,5.9,5.8,6.5,6.7,6.2,6.1,5.8,5.1,4.3,3.4,6.6,9.3,24.7,59.1,5.1,11.1,26.7,94.9,53.0,1.9,21.9,12.0,6.6,6.4,20.2,99.2,0.6,0.0,0.1,95.7,5.5,21.2,58.8,0.0,6.1,54.5,39.3,0.0,0.0,0.0,0.0,90.0,19.4,14.299999999999999
102610311,male,4453.0,7.8,10.0,10.4,21.1,29.4,55.7,36.8,9.8,6.7,5.5,6.5,5.8,4.9,5.3,5.0,4.7,4.2,3.9,3.6,5.9,7.2,40.4,56.6,2.1,0.9,34.3,96.3,23.4,1.8,27.4,17.5,12.2,11.7,24.9,98.0,0.6,0.1,0.3,95.6,6.4,20.2,57.5,1.3,28.1,24.4,34.2,0.9,1.7,2.5,6.9,1126.0,17.6,13.4
102610313,female,2514.0,5.3,7.5,9.1,47.6,49.8,3.7,38.9,8.5,6.0,5.3,5.3,6.1,7.2,7.1,5.4,6.4,6.0,4.3,3.9,6.6,5.8,25.3,58.4,3.4,12.9,27.4,98.5,53.1,0.8,24.7,9.7,6.8,8.1,24.8,96.5,0.8,0.0,0.3,99.0,14.5,23.3,65.2,0.0,9.1,40.9,43.2,0.0,2.3,0.0,4.5,44.0,20.8,14.799999999999999
102610313,male,2359.0,6.2,9.4,11.4,16.5,23.2,50.5,31.0,9.7,7.3,5.2,5.1,5.4,6.0,6.5,5.6,4.8,4.5,4.5,3.1,5.3,6.6,38.9,58.2,1.8,1.1,34.5,95.5,18.8,1.1,33.9,19.9,11.9,10.0,31.1,95.4,1.0,0.0,0.5,98.4,13.9,20.7,68.4,1.8,46.7,17.9,25.4,0.3,0.2,3.5,4.2,599.0,17.4,12.899999999999999
102610503,female,455.0,7.7,10.1,8.1,53.7,51.4,8.9,86.7,6.4,4.2,6.4,8.4,6.6,4.8,6.8,5.5,6.4,3.5,5.1,2.6,7.5,6.6,19.3,63.8,3.6,13.4,24.8,95.3,59.6,4.0,20.7,12.5,6.4,5.1,99.6,5.7,0.0,0.0,84.4,100.0,0.0,12.1,63.6,0.0,0.0,50.0,50.0,0.0,0.0,0.0,0.0,4.0,18.7,15.2
102610503,male,503.0,10.7,8.5,7.4,32.3,38.8,67.5,77.5,8.9,6.0,7.0,6.8,7.4,6.4,3.6,6.8,4.2,4.6,2.4,5.4,4.2,8.9,43.6,54.7,1.6,0.0,35.2,100.0,35.2,4.4,21.1,20.7,10.7,4.4,99.8,2.8,0.2,0.0,85.9,99.6,0.0,10.5,58.9,0.0,16.1,58.9,25.0,0.0,0.0,0.0,0.0,56.0,16.6,12.0
102610505,female,1670.0,6.9,8.9,10.1,39.5,44.2,13.9,73.8,7.5,5.3,5.1,6.2,7.4,7.1,7.2,6.2,4.7,5.1,4.3,3.0,5.1,5.7,28.1,54.2,6.4,11.4,28.2,96.9,44.8,2.4,24.3,12.3,8.4,8.5,78.6,15.2,0.3,0.1,39.5,98.9,0.1,23.9,62.1,2.2,11.1,35.6,40.0,6.7,0.0,4.4,0.0,45.0,17.5,12.399999999999999
102610505,male,1547.0,6.4,10.3,9.8,21.6,28.2,62.2,42.1,9.0,6.5,5.3,5.2,6.3,6.2,6.4,5.6,5.4,3.6,4.0,3.8,6.2,6.9,42.8,53.3,3.0,0.9,36.9,98.3,24.1,2.3,28.2,22.6,10.0,8.7,78.1,13.7,0.1,0.0,40.8,98.7,0.4,20.7,64.5,4.9,26.3,19.8,33.2,2.2,0.0,2.0,11.7,410.0,17.599999999999998,14.0
102610509,female,1855.0,6.1,7.5,8.9,42.0,46.4,6.8,54.6,7.1,6.8,6.2,6.5,6.8,7.3,6.4,5.9,5.8,4.7,4.9,3.0,6.1,4.7,27.5,54.4,4.9,13.2,28.9,96.9,46.6,2.6,20.8,12.3,8.3,9.6,75.2,72.1,1.0,0.0,13.7,99.5,2.2,17.4,44.2,0.0,13.6,38.6,36.4,6.8,0.0,0.0,4.5,44.0,18.700000000000003,14.0
102610509,male,1656.0,7.9,11.1,9.8,21.2,28.8,48.3,35.8,8.2,8.0,5.6,4.8,6.2,5.3,4.9,5.6,4.6,4.6,4.2,3.8,5.5,4.3,42.3,56.0,1.0,0.7,36.6,96.7,23.8,3.6,28.3,18.4,12.0,9.0,79.6,69.1,1.1,0.0,16.2,99.7,2.3,15.3,45.6,1.1,27.9,18.0,36.3,4.1,0.0,4.1,8.5,366.0,18.1,13.5
102610521,female,394.0,8.6,10.2,11.4,29.7,48.0,16.7,89.1,8.1,8.9,5.8,7.6,4.8,5.1,7.9,5.8,3.8,3.8,1.5,2.0,4.6,2.0,29.1,58.5,2.5,9.8,25.2,89.8,34.5,0.3,21.1,12.7,8.9,9.1,99.2,1.3,0.5,0.0,93.1,99.1,1.3,40.0,75.1,60.0,20.0,20.0,0.0,0.0,0.0,0.0,0.0,5.0,11.899999999999999,8.1
102610521,male,404.0,8.9,12.1,8.9,9.4,28.5,76.0,71.2,8.7,8.7,6.7,7.2,5.0,6.4,5.2,7.2,6.4,2.7,1.2,2.2,2.5,2.0,42.4,53.4,3.5,0.7,34.5,97.8,10.6,0.0,25.0,21.0,13.9,11.6,100.0,1.0,0.0,0.0,93.6,100.0,1.4,48.8,81.3,33.9,22.6,33.9,3.2,1.6,0.0,4.8,0.0,62.0,8.600000000000001,5.9
102610701,female,1504.0,9.2,10.6,11.1,45.0,46.2,9.2,78.1,7.2,5.4,6.1,7.8,6.2,7.0,5.7,4.8,4.5,4.5,2.9,2.2,4.9,2.9,22.5,62.8,3.8,11.0,25.9,97.0,52.1,3.9,27.9,11.2,5.7,5.1,89.6,82.2,0.6,0.0,4.4,99.1,1.2,20.3,49.8,0.0,14.3,38.1,38.1,9.5,0.0,0.0,0.0,21.0,14.500000000000002,10.0
102610701,male,1428.0,8.3,11.1,9.9,21.6,27.3,66.3,46.3,8.3,6.2,5.0,5.7,6.5,6.7,8.1,6.4,4.3,4.1,2.9,3.6,3.0,2.9,36.9,60.7,1.7,0.7,31.8,96.6,24.7,4.1,30.4,21.6,10.2,6.4,95.8,80.6,0.6,0.1,3.4,98.8,1.3,20.0,57.9,1.1,29.5,13.4,36.5,1.7,0.3,0.6,17.0,359.0,13.6,9.5
102610707,female,452.0,6.9,6.4,5.3,44.4,53.3,24.7,98.9,4.2,7.1,6.6,6.9,7.1,6.0,6.0,5.8,8.8,5.8,5.1,4.4,7.7,2.4,30.4,51.9,5.4,12.2,31.4,96.4,47.3,0.2,20.8,11.7,8.0,6.0,62.2,1.5,0.4,0.2,97.3,100.0,0.0,23.9,53.7,0.0,0.0,100.0,0.0,0.0,0.0,0.0,0.0,1.0,23.0,17.2
102610707,male,470.0,6.4,8.7,7.2,23.3,38.7,71.2,50.8,5.1,5.5,8.1,7.7,7.9,5.1,4.7,4.7,3.0,7.9,4.7,6.0,7.4,3.4,41.6,56.2,1.6,0.5,38.6,98.0,25.5,1.3,28.5,17.0,9.6,4.9,72.1,1.3,0.0,0.0,97.0,99.7,0.0,15.4,50.7,1.6,47.7,25.8,22.7,0.8,0.0,1.6,0.0,128.0,26.0,18.1
102610711,female,221.0,5.4,6.3,10.0,35.4,55.7,1.2,50.0,5.0,2.7,6.3,7.2,7.7,5.4,8.6,6.8,5.9,6.8,4.1,5.0,6.8,5.9,20.2,54.3,10.4,15.0,26.9,96.3,39.3,0.9,25.3,7.7,8.1,2.3,94.6,8.1,0.0,0.0,92.8,99.2,0.8,0.8,30.2,0.0,0.0,100.0,0.0,0.0,0.0,0.0,0.0,1.0,22.7,15.899999999999999
102610711,male,211.0,10.4,10.0,7.1,18.5,37.9,67.3,14.6,7.1,4.7,4.3,6.2,8.5,9.0,5.7,3.8,3.3,6.6,3.3,2.4,7.6,1.9,37.3,57.5,5.2,0.0,36.0,95.2,20.3,0.5,30.8,22.7,5.7,2.4,97.6,9.5,0.0,0.0,90.5,100.0,0.0,2.2,39.4,2.3,23.9,17.0,47.7,6.8,0.0,2.3,0.0,88.0,19.9,13.299999999999999
102610713,female,1289.0,7.0,9.5,8.5,41.5,45.5,14.2,68.6,8.3,6.8,4.9,7.0,7.1,7.8,8.0,6.0,4.3,4.8,2.2,2.6,5.2,4.4,29.1,51.3,6.1,13.5,28.1,100.0,46.2,1.7,21.2,14.0,9.9,7.7,82.2,17.8,2.1,0.0,62.1,99.8,0.2,26.1,64.1,0.0,7.0,34.9,55.8,2.3,0.0,0.0,0.0,43.0,14.8,10.0
102610713,male,1265.0,7.1,9.2,10.8,20.3,29.1,70.1,41.6,8.3,7.4,6.8,5.5,5.8,6.5,7.7,6.6,5.3,4.2,3.6,1.9,3.5,3.7,44.7,51.7,2.9,0.7,35.1,99.3,23.0,1.0,27.4,21.8,12.7,7.9,84.2,19.1,2.1,0.2,60.9,99.6,0.5,22.3,62.8,1.3,20.4,26.8,48.3,0.8,0.3,1.3,0.8,377.0,13.200000000000001,9.0
102610715,female,396.0,5.8,9.3,9.8,40.5,50.3,7.7,82.6,7.1,5.6,5.8,6.6,5.8,5.6,7.8,6.6,4.3,5.8,4.5,4.5,5.1,3.0,23.2,58.6,6.4,11.8,23.4,93.5,45.5,4.3,26.0,9.3,4.5,5.6,96.5,2.8,0.0,0.0,93.2,99.5,0.5,0.5,1.5,0.0,0.0,50.0,25.0,25.0,0.0,0.0,0.0,4.0,19.9,14.1
102610715,male,419.0,6.0,7.4,7.4,27.3,35.3,69.3,41.3,7.9,6.2,4.5,6.4,7.2,7.2,7.2,5.3,6.2,7.9,3.1,4.3,6.0,2.4,39.2,55.4,4.8,0.6,37.1,94.6,29.8,7.6,25.5,17.9,8.8,4.8,98.6,3.8,0.0,0.2,90.7,99.6,0.0,0.4,2.3,1.5,23.7,22.2,29.6,3.0,0.0,18.5,1.5,135.0,21.3,13.4
102610717,female,456.0,3.9,5.3,7.9,39.6,39.0,11.4,51.2,9.0,5.0,3.7,5.3,6.6,8.8,9.6,9.2,5.0,6.1,5.5,3.9,5.0,4.4,29.4,47.6,8.2,14.8,29.1,100.0,43.4,4.2,29.4,11.0,9.4,7.0,97.4,27.2,1.1,0.0,4.8,99.6,2.0,22.8,54.8,0.0,14.3,28.6,57.1,0.0,0.0,0.0,0.0,21.0,20.5,14.4
102610717,male,409.0,4.9,8.8,10.5,12.7,18.3,56.5,24.6,9.0,5.4,5.4,4.6,5.6,7.1,7.6,6.1,4.6,6.6,2.9,5.4,5.4,5.1,45.2,51.6,2.6,0.6,39.6,100.0,14.2,5.1,37.2,17.4,15.2,6.8,97.8,26.9,2.2,0.0,6.8,99.4,1.3,16.9,62.3,0.0,31.8,18.2,48.5,0.0,0.0,0.0,1.5,132.0,20.3,13.700000000000001
102610719,female,282.0,3.5,4.6,5.7,56.8,57.8,7.8,15.8,3.5,3.9,5.0,7.8,9.6,8.2,6.7,9.9,6.0,6.4,6.4,3.9,8.9,4.3,19.8,63.0,7.4,9.9,28.5,100.0,60.5,0.4,24.1,10.3,3.5,3.9,100.0,22.7,0.7,0.0,5.0,99.1,0.9,7.1,39.3,0.0,0.0,6.3,25.0,31.3,0.0,6.3,31.3,16.0,25.6,19.200000000000003
102610719,male,353.0,7.1,10.8,7.6,27.6,34.3,70.3,13.0,6.8,4.8,6.2,9.1,5.9,4.2,5.9,4.2,3.7,4.0,6.2,4.8,8.5,5.9,43.0,54.4,1.9,0.8,38.3,97.6,30.4,1.4,29.5,23.5,6.5,4.8,99.7,14.2,0.3,0.0,4.0,99.5,0.5,7.1,51.9,1.2,8.1,14.9,8.1,2.5,0.0,0.0,65.2,161.0,23.5,19.5
104730101,female,2775.0,6.5,8.9,10.4,44.3,46.3,7.7,34.0,8.4,6.5,5.9,6.9,7.9,8.1,6.7,5.1,4.3,3.9,3.1,2.8,4.7,3.4,26.5,58.4,2.8,12.3,27.1,95.6,50.4,1.9,21.8,11.7,8.5,9.7,25.0,97.1,3.3,0.0,0.3,96.9,13.1,21.8,55.9,0.0,5.7,67.6,25.7,0.0,0.0,1.0,0.0,105.0,14.5,10.600000000000001
104730101,male,2824.0,7.3,10.5,10.8,17.3,26.6,62.8,27.8,9.0,6.0,4.8,6.1,7.6,7.7,6.9,6.2,4.9,3.6,2.8,1.8,4.0,3.5,39.8,58.4,0.9,0.9,34.3,95.2,19.9,2.1,25.1,19.9,12.3,14.0,36.2,95.8,4.3,0.1,0.2,96.9,11.6,18.1,54.0,1.3,27.2,26.1,40.5,0.8,0.4,3.1,0.5,915.0,12.200000000000001,8.6
104730103,female,11198.0,6.7,8.3,8.2,29.1,37.0,13.8,27.9,6.4,6.1,6.2,7.9,7.2,7.6,6.4,6.6,6.0,5.0,3.6,2.6,5.2,5.6,26.0,56.1,5.1,12.7,25.2,98.3,32.2,2.1,23.6,15.3,11.0,11.0,94.7,54.4,2.8,0.2,1.8,99.4,3.9,20.4,58.0,2.7,20.4,50.8,21.4,1.7,0.5,1.2,1.3,859.0,16.4,11.4
104730103,male,11131.0,6.8,8.4,8.9,11.3,21.8,68.3,17.0,7.0,6.1,6.7,7.4,7.8,7.1,6.8,6.4,5.6,5.2,3.2,2.6,3.9,5.6,42.4,54.6,2.3,0.8,33.6,97.1,12.4,2.4,24.6,22.4,14.6,14.2,97.3,53.3,2.8,0.1,1.5,99.3,4.5,21.0,59.4,3.4,25.5,33.1,28.9,1.2,0.9,4.2,2.7,4784.0,14.9,9.700000000000001
104730107,female,4763.0,7.3,9.4,9.4,33.2,42.1,8.2,27.3,7.3,6.2,6.1,7.6,7.5,6.4,6.5,6.0,5.4,4.3,3.1,2.8,4.5,2.4,22.1,64.2,4.2,9.5,23.8,96.8,37.4,1.2,28.3,12.5,9.6,6.3,67.2,94.0,0.4,0.0,1.0,98.4,1.4,19.4,54.2,3.3,18.7,30.4,33.6,5.2,0.0,0.0,8.7,210.0,14.7,10.4
104730107,male,4968.0,7.4,9.1,10.3,15.1,26.8,69.3,13.9,7.3,6.3,6.2,6.7,7.6,7.3,6.0,5.8,4.9,4.5,3.2,3.1,4.3,3.5,37.6,59.6,1.9,0.9,33.5,96.3,17.1,1.2,27.2,18.9,14.4,11.4,79.5,93.6,0.6,0.1,0.9,99.4,1.5,25.7,65.6,3.4,32.7,19.0,22.9,1.2,0.2,8.3,12.2,2168.0,15.100000000000001,10.600000000000001
104730501,female,1322.0,5.2,7.5,8.9,61.3,60.7,3.7,42.1,7.5,5.5,4.8,6.6,5.2,6.9,6.0,6.9,5.1,6.4,6.5,4.5,6.5,6.4,24.4,57.5,4.1,14.0,28.8,98.5,68.1,0.8,20.5,7.6,5.4,5.0,11.4,99.2,0.4,0.0,0.1,99.6,0.9,16.3,53.2,0.0,0.0,63.6,36.4,0.0,0.0,0.0,0.0,22.0,23.9,17.5
104730501,male,1349.0,5.3,8.6,9.0,30.5,41.7,58.4,26.7,8.7,7.6,6.5,6.0,6.4,5.9,6.2,5.8,5.0,4.4,5.2,3.9,5.4,6.6,43.3,54.6,1.3,0.9,36.4,96.6,33.7,0.8,24.4,14.5,9.7,8.9,19.5,99.9,0.1,0.0,0.1,99.9,1.5,11.3,46.2,0.4,15.5,18.7,64.9,0.2,0.0,0.2,0.0,445.0,18.900000000000002,14.5
104730503,female,1009.0,6.7,11.6,10.2,56.8,56.5,2.2,62.5,7.0,6.0,5.7,6.4,6.0,6.1,7.7,5.6,4.7,3.8,3.6,3.6,5.2,3.3,26.4,59.2,4.6,9.8,26.1,98.4,64.6,2.3,23.1,10.0,5.4,2.8,3.6,96.2,0.1,0.0,0.7,100.0,0.0,5.3,21.6,0.0,50.0,33.3,16.7,0.0,0.0,0.0,0.0,6.0,16.2,12.4
104730503,male,943.0,9.1,10.7,9.4,34.3,42.7,65.2,42.1,7.3,5.3,4.3,5.5,7.3,7.3,6.3,5.7,4.1,6.0,3.3,3.8,4.3,3.5,38.7,58.0,2.4,0.9,35.3,97.2,38.5,2.1,26.0,18.1,6.7,4.3,5.1,94.4,0.1,0.0,1.4,99.4,0.6,5.8,20.5,1.6,27.8,15.9,50.8,2.0,0.0,2.0,0.0,252.0,17.400000000000002,11.399999999999999
104730505,female,1209.0,6.7,8.4,7.5,53.3,53.6,3.2,30.0,6.6,6.0,4.7,6.0,7.9,8.1,6.2,7.1,5.1,4.6,4.0,3.9,7.0,6.8,23.7,55.9,4.5,15.9,28.4,96.4,58.2,2.6,19.3,11.7,5.6,7.2,51.4,90.7,0.2,0.0,4.1,99.4,0.8,14.6,53.1,0.0,0.0,52.4,38.1,0.0,0.0,9.5,0.0,21.0,19.5,14.9
104730505,male,1293.0,6.3,8.3,10.8,22.2,31.3,57.3,33.9,7.1,6.4,6.3,5.9,4.9,6.3,8.0,6.3,6.1,3.9,4.6,3.4,5.3,5.8,42.8,52.7,3.4,1.0,36.1,97.5,25.2,2.3,26.1,22.2,9.0,9.0,64.3,89.4,0.5,0.1,5.5,99.2,1.3,11.3,44.6,0.0,26.0,24.9,45.8,1.1,0.8,0.3,1.1,365.0,17.2,13.3
104730509,female,1281.0,6.4,7.3,5.9,60.7,60.4,2.9,50.0,6.4,5.1,5.5,7.1,5.9,6.4,6.9,6.9,5.8,6.5,5.1,3.5,9.4,5.8,23.6,53.9,6.0,16.5,27.9,98.0,65.1,2.3,20.9,9.1,4.4,2.9,99.2,18.7,3.0,0.1,3.9,100.0,0.5,7.8,32.2,0.0,6.7,53.3,40.0,0.0,0.0,0.0,0.0,15.0,24.5,18.0
104730509,male,1325.0,6.3,7.8,6.8,29.4,39.7,63.5,71.8,5.1,6.7,6.4,7.5,6.4,7.2,5.7,5.5,5.3,4.8,6.0,5.1,7.5,8.5,43.2,52.2,3.1,1.5,36.2,96.5,31.7,4.5,23.5,21.8,6.4,4.0,99.5,16.8,1.4,0.0,4.4,100.0,0.1,6.0,28.5,0.5,26.1,48.4,22.9,1.6,0.5,0.0,0.0,188.0,23.4,18.6
104730511,female,2009.0,7.2,9.2,8.2,59.8,60.3,2.3,11.4,7.6,5.5,4.6,5.2,7.0,5.8,6.5,5.5,6.6,5.9,5.5,3.2,6.5,5.9,22.6,57.3,4.4,15.7,26.5,96.7,66.0,0.4,22.7,8.3,4.2,4.0,16.2,99.2,0.0,0.0,0.6,99.6,0.3,6.5,30.2,0.0,6.5,48.4,45.2,0.0,0.0,0.0,0.0,31.0,21.1,15.2
104730511,male,1831.0,6.7,9.7,9.0,28.7,46.0,54.2,21.5,7.2,5.7,5.2,6.5,4.9,6.4,6.4,6.0,5.8,5.5,5.2,3.5,6.2,7.5,37.0,60.1,1.6,1.2,35.1,96.7,32.0,0.6,22.4,16.9,6.9,7.2,21.7,99.5,0.2,0.0,0.1,99.5,0.4,5.5,26.6,0.9,41.6,19.4,37.3,0.0,0.0,0.5,0.3,582.0,20.4,14.899999999999999
104730513,female,4990.0,7.2,9.1,9.9,54.0,55.0,7.6,48.7,7.0,5.6,4.4,7.1,6.5,6.7,6.4,5.9,5.0,5.0,4.2,3.4,6.6,5.5,22.9,60.8,1.8,14.4,26.8,95.9,61.3,1.2,24.6,9.0,4.3,6.0,28.7,97.9,1.1,0.1,0.9,98.2,6.5,11.2,57.5,0.0,3.0,80.2,13.2,3.6,0.0,0.0,0.0,143.0,19.2,14.2
104730513,male,4937.0,7.5,10.7,9.5,28.2,41.5,60.4,20.2,8.1,5.2,4.9,5.5,6.3,7.1,5.9,6.2,5.4,4.4,3.8,3.6,5.9,6.0,39.4,58.0,1.6,1.0,34.8,96.3,31.9,3.1,24.7,15.3,8.3,7.2,45.2,97.2,1.5,0.0,0.4,98.9,3.1,14.1,47.4,1.3,26.9,19.1,42.7,0.3,0.3,0.9,8.5,1721.0,17.7,13.3
104730515,female,1599.0,6.3,8.1,8.1,56.8,57.5,2.5,22.6,8.3,5.6,6.3,5.7,6.6,5.4,5.4,6.6,5.9,5.3,4.6,3.7,8.3,11.4,23.3,57.8,4.8,14.1,26.5,98.6,62.6,2.4,24.1,7.9,4.8,3.3,33.7,99.0,0.1,0.1,0.4,97.6,6.9,9.1,47.5,0.0,0.0,50.0,45.8,0.0,0.0,0.0,4.2,24.0,21.9,16.6
104730515,male,1613.0,6.7,9.2,8.2,24.2,38.6,45.1,27.0,6.4,7.9,5.6,6.9,6.9,4.8,5.8,5.5,5.4,5.4,3.4,4.7,6.9,9.1,41.0,56.1,2.1,0.8,34.9,97.7,26.6,3.0,24.9,18.6,8.6,6.4,52.6,99.1,0.1,0.0,0.5,97.9,7.6,8.0,45.5,1.0,23.1,25.1,43.4,0.2,0.2,1.0,6.0,403.0,20.4,15.0
104730701,female,2263.0,7.4,10.0,9.9,55.3,53.6,4.2,15.9,6.8,5.6,5.6,6.9,6.4,6.1,5.8,5.5,5.3,4.9,4.1,4.2,5.5,4.4,20.4,66.9,2.9,9.8,25.4,98.1,62.8,2.7,26.6,8.4,4.4,4.4,17.9,99.5,0.2,0.0,0.1,99.4,1.6,24.3,73.1,0.0,3.4,50.0,46.6,0.0,0.0,0.0,0.0,58.0,18.7,13.8
104730701,male,2221.0,8.4,10.7,10.8,23.1,34.6,61.7,35.7,7.9,5.2,4.8,6.8,6.4,6.2,5.9,4.7,4.8,4.1,3.6,4.0,5.6,5.8,34.4,63.8,0.8,1.0,33.1,96.5,26.5,2.8,29.6,17.5,7.1,8.4,29.9,99.5,0.3,0.0,0.0,99.3,1.6,23.2,66.2,0.3,23.8,25.2,48.4,1.1,0.2,0.5,0.5,618.0,17.299999999999997,13.2
104730703,female,2169.0,4.6,6.8,8.2,62.3,63.9,3.9,45.6,7.9,4.8,4.6,4.1,5.9,5.3,6.1,7.2,6.2,7.2,6.6,5.8,8.5,11.9,24.2,57.4,2.5,15.9,30.0,97.5,68.7,1.0,20.6,7.8,3.2,3.5,15.8,98.6,0.6,0.0,0.3,98.6,2.1,16.9,51.7,0.0,5.4,70.3,21.6,2.7,0.0,0.0,0.0,37.0,28.1,20.9
104730703,male,1634.0,6.2,9.2,10.0,40.5,52.9,50.6,32.7,8.2,4.0,4.3,3.9,4.7,4.5,5.3,5.5,4.3,5.4,8.1,8.1,8.4,12.2,29.0,67.7,1.1,2.1,34.4,97.8,45.8,2.4,22.5,11.0,5.0,6.3,26.0,99.1,0.6,0.0,0.2,98.4,2.4,13.0,48.7,1.7,32.5,33.0,29.4,0.2,1.4,0.5,1.2,415.0,30.0,24.6
104730705,female,1489.0,4.8,7.5,9.4,60.0,59.8,12.1,78.7,7.3,6.1,4.6,6.9,5.6,6.5,5.7,5.2,6.3,6.2,5.0,5.4,7.5,8.2,26.6,59.3,0.9,13.2,31.2,98.8,67.2,1.1,21.9,9.6,3.8,3.8,33.5,99.5,0.1,0.0,0.3,99.6,0.4,31.2,86.4,0.0,0.0,80.0,20.0,0.0,0.0,0.0,0.0,30.0,24.1,17.9
104730705,male,1204.0,6.5,11.0,12.5,37.9,44.0,47.9,30.5,9.7,4.5,2.8,3.9,4.2,5.3,4.7,4.5,5.3,5.3,6.2,5.6,7.9,9.6,31.2,66.7,0.4,1.7,34.2,100.0,44.3,2.4,26.9,13.5,7.7,5.5,46.9,99.0,0.1,0.0,0.7,99.8,0.2,35.0,77.5,0.4,19.3,25.7,53.2,1.1,0.0,0.0,0.4,280.0,25.0,19.700000000000003
104730707,female,1820.0,4.9,7.1,8.4,62.8,61.8,4.1,60.0,8.5,6.0,3.6,4.5,5.3,5.4,7.5,6.3,7.3,6.8,4.9,5.0,8.3,6.8,24.2,57.3,2.8,15.6,28.9,98.9,69.4,1.6,21.0,7.6,4.1,3.9,17.6,99.0,0.4,0.0,0.3,99.2,2.0,25.2,79.7,0.0,0.0,70.8,29.2,0.0,0.0,0.0,0.0,24.0,25.0,18.200000000000003
104730707,male,1429.0,6.2,8.7,11.5,31.6,38.5,54.4,36.5,9.9,4.4,3.7,3.6,5.2,5.0,5.6,5.1,5.2,6.1,6.0,5.9,7.8,6.6,31.7,65.8,1.2,1.2,34.4,96.1,36.3,2.2,32.3,12.8,7.0,7.1,31.6,98.8,0.3,0.0,0.1,99.4,3.6,24.2,63.2,0.8,29.5,26.4,39.4,0.8,0.6,1.4,1.1,363.0,25.8,19.7
104730709,female,3153.0,6.7,9.1,9.0,59.7,58.7,2.4,29.3,7.8,5.4,5.6,6.4,6.7,6.5,6.2,5.0,5.6,5.8,5.0,3.8,5.4,5.6,22.5,66.1,2.2,9.2,26.1,98.9,66.6,1.5,23.3,8.5,4.7,3.2,13.3,99.1,0.6,0.0,0.0,90.7,22.4,10.8,38.4,0.0,0.0,43.9,56.1,0.0,0.0,0.0,0.0,41.0,20.0,14.200000000000001
104730709,male,2894.0,7.9,10.0,10.7,27.3,37.5,49.7,38.1,9.5,5.6,4.4,5.6,5.8,6.5,5.7,5.5,4.3,4.5,4.4,4.8,4.8,6.4,34.2,64.3,0.4,1.0,33.0,98.4,31.2,4.2,26.9,15.4,8.3,7.6,23.8,99.3,0.4,0.0,0.0,90.6,25.3,11.1,34.3,0.9,20.3,23.9,48.6,0.3,0.3,1.3,4.4,636.0,18.5,14.0
104730711,female,1745.0,5.0,8.3,11.0,58.6,57.1,1.8,25.0,9.7,5.0,5.7,5.4,6.5,5.8,5.8,6.9,6.4,5.6,3.8,4.1,4.9,4.4,23.6,61.7,3.4,11.2,25.8,98.0,67.0,0.1,26.2,9.9,4.0,2.8,1.9,99.4,25.3,0.1,0.0,96.3,4.0,16.5,72.8,0.0,0.0,44.4,55.6,0.0,0.0,0.0,0.0,18.0,18.4,12.8
104730711,male,1779.0,6.5,9.6,10.7,32.9,39.2,59.6,37.9,10.3,6.3,5.6,6.2,6.0,6.6,4.9,4.8,4.5,4.0,4.8,3.9,5.3,5.2,37.7,59.5,1.2,1.6,33.6,95.0,37.6,0.9,31.5,15.9,6.0,6.5,3.0,99.6,24.8,0.1,0.1,96.8,3.8,16.2,69.8,0.2,20.6,16.2,61.5,0.0,0.4,0.4,0.6,481.0,18.0,14.0
104730713,female,2425.0,4.9,8.0,8.6,55.9,57.1,4.7,34.4,7.4,5.1,4.7,4.6,6.4,7.7,7.2,6.4,5.6,6.9,4.2,4.4,7.9,8.2,23.0,63.0,3.2,10.9,26.6,97.6,61.8,2.1,23.3,7.9,4.3,5.4,3.8,99.1,0.7,0.0,0.0,98.5,1.7,20.2,55.6,0.0,5.1,22.0,66.1,0.0,1.7,1.7,3.4,59.0,23.400000000000002,16.5
104730713,male,2337.0,6.4,7.3,9.9,20.3,29.7,56.8,32.7,8.6,6.5,4.7,5.6,5.9,5.9,6.5,6.7,5.1,5.9,4.4,4.1,6.4,8.0,37.5,60.1,1.4,1.0,34.5,97.9,22.6,2.2,29.2,19.3,9.1,10.4,7.2,99.3,0.7,0.0,0.0,99.3,1.4,18.7,58.9,0.6,26.0,15.5,37.2,0.3,0.3,2.5,17.6,682.0,20.8,14.9
104730715,female,2508.0,6.7,8.6,9.6,58.7,58.2,3.1,42.4,7.7,5.1,4.9,5.5,6.3,6.7,5.7,6.2,5.6,5.7,4.6,4.5,6.7,10.3,21.9,62.7,2.9,12.5,25.8,96.2,66.1,1.4,24.1,7.9,4.3,4.1,20.6,99.6,0.2,0.0,0.0,98.1,2.7,16.9,60.2,0.0,5.9,58.8,32.4,0.0,0.0,0.0,2.9,34.0,21.5,15.8
104730715,male,2378.0,6.9,10.1,10.2,30.3,39.3,55.0,41.9,7.9,4.6,3.7,5.5,6.3,6.9,6.3,5.9,5.7,5.5,4.0,4.0,6.6,10.7,33.9,62.9,1.2,2.0,34.1,98.0,34.4,3.4,28.2,15.6,7.9,5.5,34.1,99.5,0.3,0.0,0.0,98.7,2.8,12.3,50.1,0.9,37.2,15.7,42.1,0.0,0.2,0.4,3.6,554.0,20.1,14.6
104730717,female,3175.0,6.1,8.4,8.4,57.5,58.7,3.7,43.3,7.9,5.5,5.0,5.3,7.0,7.7,6.1,4.9,7.0,5.9,5.0,3.9,5.9,4.9,26.4,59.2,3.4,10.9,28.2,97.7,63.7,1.3,20.3,8.3,5.9,5.5,16.8,98.7,2.0,0.1,0.3,99.3,11.5,23.6,67.3,0.0,3.9,60.8,35.3,0.0,0.0,0.0,0.0,51.0,20.700000000000003,14.8
104730717,male,2662.0,6.5,11.1,10.2,26.4,34.4,52.3,31.3,8.0,4.6,4.1,4.8,5.8,6.6,5.9,5.9,4.5,5.9,5.6,4.5,6.0,5.9,34.1,63.4,1.1,1.4,35.0,96.3,29.9,3.6,30.7,15.0,7.4,9.1,31.3,98.4,2.8,0.1,0.3,99.4,10.5,17.3,58.7,1.2,28.0,28.9,36.1,0.3,0.0,0.7,4.8,692.0,22.0,16.1
105210101,female,38655.0,7.6,9.4,9.4,27.0,34.7,18.0,38.7,7.9,7.7,7.5,7.9,7.9,7.8,6.4,5.6,4.4,4.2,2.6,1.7,2.1,3.5,30.5,54.6,6.4,8.5,27.7,97.1,30.4,2.4,22.3,17.0,13.0,10.5,90.6,21.2,3.1,0.8,27.1,99.6,2.5,20.5,53.8,0.5,8.8,26.0,59.2,0.8,0.4,1.4,2.9,3138.0,10.6,6.4
105210101,male,37308.0,8.4,10.2,10.2,13.3,24.2,66.7,24.9,8.8,7.1,6.4,7.4,6.8,6.6,6.1,5.5,4.4,4.2,3.1,2.4,2.2,4.1,41.9,55.5,1.9,0.7,34.1,97.8,15.1,3.1,26.1,21.0,14.6,11.0,92.0,21.6,3.2,0.9,25.6,99.8,2.4,18.4,55.4,1.9,28.0,26.7,33.0,1.1,0.9,4.8,3.6,13290.0,11.900000000000002,7.7
105210103,female,5681.0,11.2,12.0,10.0,18.3,28.6,13.2,22.9,7.7,8.0,9.8,9.8,8.5,7.0,4.9,4.1,2.7,1.9,1.1,0.5,0.7,2.5,23.7,69.8,2.6,3.9,23.8,96.5,21.0,2.7,29.0,19.3,11.7,8.8,95.8,18.8,5.7,1.2,12.9,99.8,1.5,15.5,50.2,0.0,10.2,28.3,57.4,1.7,0.0,0.0,2.3,387.0,4.2,2.3
105210103,male,7220.0,10.2,10.6,9.6,11.2,21.6,79.9,9.6,7.6,7.4,8.0,8.6,7.8,8.7,6.3,5.3,3.6,3.2,1.4,1.1,0.7,2.5,40.1,57.5,2.3,0.1,31.2,98.7,12.6,2.9,28.9,23.4,13.3,9.9,96.5,20.0,6.0,1.6,9.6,99.8,5.8,13.6,50.1,2.8,17.4,20.6,50.5,0.2,1.6,2.3,4.6,3622.0,6.3999999999999995,3.2
105210301,female,704.0,6.7,7.0,8.1,34.2,61.2,6.7,62.2,7.8,6.5,8.2,11.9,10.7,6.8,6.0,4.8,3.8,4.3,2.1,1.3,4.0,2.7,52.1,36.7,2.4,8.9,36.3,73.2,36.3,0.1,22.7,8.2,4.1,3.6,96.7,0.9,0.0,0.1,93.5,99.8,0.3,3.5,24.3,0.0,0.0,50.0,21.4,14.3,0.0,14.3,0.0,14.0,11.7,7.4
105210301,male,795.0,5.0,7.2,7.7,28.7,51.6,81.3,37.8,8.8,8.3,9.9,10.8,9.3,6.9,6.8,4.0,3.4,2.4,3.1,2.9,3.4,2.4,63.7,33.4,0.6,2.2,42.4,81.8,29.7,0.1,27.9,10.8,5.8,3.8,96.1,0.8,0.8,0.0,91.4,100.0,0.0,1.2,31.1,0.6,9.0,9.9,15.2,15.8,0.0,43.2,6.2,322.0,11.8,9.4
105210303,female,353.0,6.5,10.2,7.6,20.4,43.6,6.0,50.0,7.9,5.4,7.4,8.2,7.4,8.5,6.8,6.8,5.1,2.8,4.2,0.6,4.5,3.1,33.0,53.6,4.1,9.4,28.8,97.3,22.5,0.6,18.4,12.2,16.4,8.8,9.1,0.8,0.3,0.8,92.6,100.0,0.0,17.9,45.3,0.0,12.5,62.5,12.5,12.5,0.0,0.0,0.0,8.0,12.1,9.3
105210303,male,392.0,10.2,11.5,8.7,8.1,34.9,57.5,33.8,6.9,6.9,4.6,8.4,6.9,6.4,6.1,5.4,3.8,4.6,3.3,2.3,4.1,5.1,46.9,52.0,0.4,0.7,37.9,94.2,9.2,0.8,23.7,17.3,11.2,12.0,11.7,1.3,0.5,0.5,91.8,100.0,0.0,19.9,52.8,0.0,23.1,60.6,9.6,5.8,0.0,1.0,0.0,104.0,14.299999999999999,9.7
105210501,female,318.0,6.9,8.5,8.2,31.2,52.2,5.8,42.9,5.7,10.4,8.8,7.9,8.2,7.9,7.5,4.1,6.0,2.2,2.8,2.2,2.8,1.9,44.9,46.9,0.4,7.8,28.1,96.9,34.2,0.0,16.0,7.9,12.3,11.6,42.1,3.8,0.3,0.0,84.6,99.5,1.1,6.5,36.8,0.0,50.0,37.5,0.0,12.5,0.0,0.0,0.0,8.0,10.0,7.8
105210501,male,329.0,8.8,7.3,9.4,10.9,37.1,75.5,5.9,7.9,7.0,9.1,7.0,5.5,7.6,7.3,7.3,5.8,3.3,2.7,1.5,2.4,1.5,49.0,49.0,1.2,0.8,36.7,97.3,12.2,0.0,23.7,12.5,13.4,13.4,48.0,1.8,0.3,0.0,76.6,100.0,0.0,8.1,40.2,0.6,42.0,31.6,13.2,12.6,0.0,0.0,0.0,174.0,9.9,6.6
105210503,female,177.0,10.2,7.3,7.9,39.0,44.6,5.3,14.3,6.8,6.2,6.8,8.5,9.6,9.0,7.9,2.8,2.8,2.8,4.0,2.3,5.1,1.1,31.1,51.5,6.8,10.6,28.9,100.0,43.2,2.8,19.2,12.4,15.3,5.6,79.1,6.8,1.1,0.0,86.4,100.0,1.1,1.1,52.8,0.0,16.7,16.7,0.0,66.7,0.0,0.0,0.0,6.0,14.2,11.399999999999999
105210503,male,198.0,6.6,5.6,9.1,36.8,40.9,78.2,23.8,11.1,6.6,6.6,7.6,7.1,8.6,6.1,5.6,4.5,7.6,1.0,2.5,4.0,0.0,44.2,51.3,4.5,0.0,34.0,100.0,40.4,0.0,19.7,20.2,12.6,6.6,78.3,6.1,0.5,0.0,87.9,100.0,0.9,3.6,55.5,9.7,25.8,16.1,41.9,6.5,0.0,0.0,0.0,93.0,15.1,7.5
105210505,female,63.0,9.5,12.7,6.3,36.7,47.6,11.1,20.0,7.9,3.2,6.3,7.9,6.3,4.8,7.9,6.3,6.3,3.2,4.8,1.6,4.8,3.2,24.4,62.2,4.4,8.9,28.3,100.0,40.0,0.0,12.7,14.3,11.1,14.3,84.1,1.6,0.0,0.0,92.1,100.0,0.0,16.1,64.5,0.0,25.0,50.0,25.0,0.0,0.0,0.0,0.0,4.0,14.399999999999999,11.2
105210505,male,119.0,0.8,4.2,0.8,28.3,32.8,77.7,1.1,5.0,5.9,8.4,7.6,10.9,10.9,8.4,7.6,10.1,3.4,5.0,4.2,6.7,6.7,39.3,56.3,3.6,0.9,36.2,100.0,28.6,0.8,29.4,17.6,6.7,12.6,93.3,13.4,1.7,0.0,66.4,100.0,2.5,8.6,28.4,0.0,59.3,5.8,34.9,0.0,0.0,0.0,0.0,86.0,19.3,15.899999999999999
111210101,female,26893.0,9.5,10.7,10.1,27.0,34.9,13.8,44.2,8.4,9.3,9.3,8.7,7.6,7.0,5.7,4.5,3.1,2.5,1.5,1.0,1.1,3.0,27.8,63.2,4.1,4.9,25.1,94.3,30.8,2.4,25.9,14.8,12.7,9.2,91.2,12.5,3.4,0.1,20.6,99.5,0.8,19.7,52.4,1.4,18.0,36.9,37.2,1.3,1.0,2.1,2.0,1446.0,6.1,3.6
111210101,male,29968.0,9.7,10.5,9.7,16.4,28.5,75.3,16.1,8.6,8.4,8.2,8.3,6.9,6.9,6.1,5.3,3.7,3.3,1.9,1.5,1.0,2.9,40.3,57.8,1.5,0.4,31.3,96.1,18.5,2.0,28.5,19.2,12.9,8.9,93.1,13.6,3.4,0.1,18.7,99.7,0.9,16.4,50.3,5.1,18.3,18.0,40.8,0.7,1.5,13.7,1.8,13260.0,7.699999999999999,4.4
111210301,female,28.0,3.6,3.6,3.6,61.5,64.3,16.0,50.0,3.6,10.7,10.7,17.9,3.6,3.6,0.0,3.6,7.1,10.7,3.6,0.0,14.3,14.3,32.0,44.0,0.0,24.0,,0.0,64.0,0.0,25.0,3.6,0.0,7.1,85.7,0.0,25.0,0.0,75.0,100.0,20.0,10.0,10.0,0.0,0.0,0.0,0.0,100.0,0.0,0.0,0.0,2.0,28.6,17.900000000000002
111210301,male,61.0,6.6,6.6,1.6,22.6,44.3,92.3,4.2,3.3,4.9,9.8,18.0,13.1,8.2,4.9,1.6,6.6,3.3,8.2,0.0,3.3,16.4,44.2,51.9,1.9,1.9,33.6,,23.1,0.0,31.1,13.1,8.2,3.3,95.1,1.6,14.8,0.0,83.6,100.0,19.5,0.0,14.6,0.0,21.7,15.2,19.6,15.2,0.0,26.1,2.2,46.0,14.8,11.5
111210303,female,108.0,3.7,4.6,1.9,42.4,63.9,6.2,0.0,2.8,4.6,7.4,10.2,8.3,9.3,6.5,3.7,8.3,4.6,10.2,7.4,6.5,2.8,34.0,54.6,3.1,8.2,33.3,100.0,43.3,0.9,9.3,8.3,4.6,13.0,7.4,2.8,0.0,0.0,94.4,100.0,0.0,3.5,22.8,0.0,16.7,33.3,50.0,0.0,0.0,0.0,0.0,6.0,28.7,24.1
111210303,male,727.0,1.2,1.0,0.8,28.1,34.8,91.4,0.5,5.9,13.3,10.2,10.5,8.3,9.9,11.7,10.2,6.7,3.9,2.1,1.9,2.5,1.7,43.1,53.3,3.4,0.1,33.4,87.5,28.4,0.0,27.0,24.8,9.2,4.3,80.7,10.6,1.4,0.1,21.1,99.8,0.4,2.3,17.8,4.6,14.8,5.2,32.1,0.2,0.2,42.4,0.6,635.0,10.4,6.5
111210305,female,57.0,1.8,0.0,1.8,75.0,75.4,16.4,22.2,0.0,3.5,7.0,5.3,5.3,8.8,7.0,8.8,10.5,14.0,5.3,14.0,7.0,21.1,21.8,43.6,16.4,18.2,,100.0,76.4,0.0,8.8,10.5,3.5,1.8,12.3,5.3,0.0,0.0,91.2,100.0,0.0,0.0,0.0,0.0,0.0,42.9,28.6,28.6,0.0,0.0,0.0,7.0,40.3,26.3
111210305,male,248.0,1.2,0.8,0.4,35.8,46.0,94.6,1.7,6.0,10.1,10.5,10.1,12.1,12.9,8.5,8.9,5.2,4.0,3.2,0.4,5.6,4.4,39.3,56.2,4.1,0.4,31.8,100.0,36.0,0.4,19.8,15.7,9.7,8.5,81.9,27.8,0.8,0.0,19.0,100.0,0.0,12.2,13.5,1.8,4.4,13.3,79.1,0.9,0.0,0.4,0.0,225.0,13.2,9.2
112210101,female,26731.0,8.5,9.7,9.8,23.2,32.9,15.6,53.4,8.4,8.7,8.6,8.3,7.3,7.0,6.1,5.1,4.1,3.5,2.1,1.3,1.7,3.0,30.8,57.2,5.5,6.4,26.7,96.5,26.2,2.3,21.9,15.5,12.5,14.9,84.9,7.4,4.4,0.1,29.7,99.4,2.0,19.4,46.5,1.4,15.1,61.9,18.1,0.7,0.5,0.0,2.4,1402.0,8.6,5.1000000000000005
112210101,male,27459.0,8.9,9.5,9.9,11.6,22.9,68.9,32.2,8.5,8.0,8.5,7.8,7.5,6.8,5.8,5.3,4.4,4.0,2.4,1.4,1.3,2.9,43.2,54.5,1.7,0.6,33.1,96.9,13.1,2.5,21.8,19.9,17.9,15.0,87.7,8.7,4.8,0.3,25.7,99.4,2.5,19.2,48.0,1.4,22.1,53.5,16.9,1.0,0.7,1.5,3.1,9209.0,9.100000000000001,5.1
112210301,female,101.0,3.0,8.9,6.9,12.4,45.5,7.3,0.0,9.9,8.9,8.9,6.9,4.0,6.9,8.9,4.0,1.0,6.9,5.0,5.0,5.0,3.0,36.6,48.8,3.7,11.0,33.6,81.8,12.2,0.0,11.9,12.9,6.9,22.8,9.9,4.0,2.0,2.0,78.2,98.7,0.0,15.4,25.6,0.0,16.7,83.3,0.0,0.0,0.0,0.0,0.0,6.0,21.9,15.0
112210301,male,181.0,4.4,5.5,6.1,8.0,37.0,69.1,0.0,9.9,7.7,4.4,8.8,7.2,8.3,8.3,9.9,5.0,5.5,3.3,2.8,2.8,1.7,38.8,56.6,4.6,0.0,33.1,88.2,7.2,0.0,13.8,17.1,9.9,22.1,14.4,10.5,7.7,1.7,74.6,100.0,4.7,10.0,23.3,5.7,17.1,30.5,41.9,1.9,0.0,0.0,2.9,105.0,14.400000000000002,8.899999999999999
112210303,female,90.0,5.6,12.2,2.2,23.0,65.6,23.6,100.0,11.1,7.8,11.1,4.4,5.6,5.6,6.7,8.9,1.1,5.6,3.3,4.4,4.4,1.1,30.6,56.9,5.6,6.9,,66.7,23.6,0.0,11.1,5.6,5.6,12.2,6.7,0.0,0.0,0.0,97.8,100.0,0.0,17.5,38.6,,,,,,,,,0.0,17.7,12.100000000000001
112210303,male,168.0,7.7,7.1,4.8,9.8,48.8,78.5,30.2,4.8,7.1,8.9,10.1,6.5,10.1,6.0,8.3,6.5,3.6,1.8,0.6,6.0,3.6,44.4,51.9,3.0,0.7,36.7,92.9,9.6,0.0,20.2,10.1,6.5,14.3,8.9,1.8,0.6,0.0,94.6,99.2,0.0,13.2,51.9,1.4,20.3,20.3,47.3,5.4,0.0,5.4,0.0,74.0,12.0,8.4
112210305,female,126.0,7.1,7.1,10.3,36.1,55.6,1.1,0.0,12.7,7.1,8.7,4.8,7.9,15.9,4.8,4.0,4.0,1.6,0.8,0.0,3.2,1.6,42.1,54.7,1.1,2.1,30.6,86.7,37.9,0.8,17.5,4.8,12.7,8.7,7.9,0.0,3.2,0.0,96.0,100.0,0.0,7.2,18.8,0.0,0.0,0.0,100.0,0.0,0.0,0.0,0.0,1.0,5.6000000000000005,4.0
112210305,male,192.0,6.3,9.4,8.9,15.4,42.2,64.1,0.0,6.8,7.3,9.9,7.3,6.3,6.8,7.3,8.3,6.3,3.6,1.0,1.6,3.1,0.0,49.7,49.0,1.4,0.0,36.6,91.7,16.6,0.5,24.0,15.6,9.4,8.3,21.4,1.6,2.6,0.0,83.3,100.0,0.0,2.9,20.4,0.0,7.5,16.1,25.8,7.5,0.0,3.2,39.8,93.0,9.299999999999999,5.7
112210307,female,142.0,5.6,3.5,4.9,42.6,50.7,10.7,23.1,3.5,5.6,2.8,5.6,9.2,5.6,7.7,12.0,4.9,10.6,6.3,4.2,7.7,2.8,18.0,59.0,9.0,13.9,19.6,100.0,45.1,1.4,16.9,10.6,13.4,7.0,54.9,1.4,0.0,0.0,97.2,100.0,0.0,18.9,70.3,0.0,0.0,100.0,0.0,0.0,0.0,0.0,0.0,10.0,28.799999999999997,18.2
112210307,male,187.0,5.9,7.0,3.2,23.3,35.8,79.0,16.1,3.2,5.3,7.5,13.4,8.6,4.8,5.9,8.6,4.8,7.0,6.4,3.2,5.3,1.6,40.8,51.6,5.7,1.9,35.1,100.0,24.2,0.5,20.9,18.2,13.9,10.7,74.3,2.7,1.1,0.0,90.9,100.0,0.0,9.6,60.8,4.8,11.5,28.8,44.2,2.9,0.0,4.8,2.9,104.0,21.900000000000002,14.900000000000002
112210309,female,31.0,3.2,3.2,9.7,37.9,48.4,3.8,0.0,12.9,3.2,6.5,6.5,6.5,12.9,3.2,3.2,3.2,3.2,6.5,9.7,6.5,0.0,23.1,53.8,11.5,11.5,27.5,100.0,42.3,0.0,22.6,12.9,9.7,6.5,3.2,0.0,0.0,0.0,100.0,100.0,0.0,22.2,38.9,0.0,100.0,0.0,0.0,0.0,0.0,0.0,0.0,1.0,25.9,22.7
112210309,male,52.0,3.8,3.8,9.6,35.4,48.1,79.1,14.7,3.8,1.9,3.8,13.5,7.7,3.8,9.6,5.8,9.6,7.7,1.9,7.7,5.8,1.9,32.6,62.8,4.7,0.0,36.5,100.0,39.5,0.0,23.1,9.6,7.7,11.5,7.7,1.9,0.0,1.9,92.3,100.0,0.0,25.8,48.4,17.2,41.4,17.2,10.3,6.9,0.0,0.0,6.9,29.0,23.1,15.399999999999999
113210101,female,12686.0,11.4,11.9,10.0,20.8,32.4,24.4,14.1,7.2,8.2,9.8,10.5,9.3,8.1,5.1,3.4,2.0,1.4,0.8,0.4,0.5,2.3,23.5,65.7,7.0,3.8,21.3,96.3,24.0,2.3,31.6,17.8,11.3,4.6,94.4,24.8,6.0,1.9,9.9,99.0,2.3,14.1,45.9,1.3,7.1,8.2,81.2,1.2,0.0,0.0,1.1,1774.0,3.1,1.7000000000000002
113210101,male,15715.0,9.7,10.1,8.9,10.7,22.1,85.3,8.5,7.2,9.2,8.6,9.7,9.1,9.0,6.8,5.0,3.0,1.9,0.9,0.5,0.3,2.4,42.2,55.7,1.7,0.4,31.6,95.7,11.9,2.9,32.2,24.5,12.8,5.5,93.3,30.4,5.3,2.1,7.5,98.3,3.2,14.2,42.0,2.2,13.7,7.0,70.0,0.4,0.7,1.6,4.3,8723.0,3.5999999999999996,1.7
113210103,female,129244.0,8.5,9.8,9.3,18.0,27.8,21.1,46.7,7.6,7.7,8.3,8.8,8.2,7.3,6.2,5.3,4.0,3.5,2.2,1.5,1.6,3.2,29.0,56.6,7.6,6.9,26.4,97.4,20.2,2.7,23.7,17.2,16.9,11.6,81.8,11.7,3.1,0.3,41.8,99.5,1.5,23.3,56.6,1.3,16.1,38.1,37.7,1.0,0.3,1.6,3.8,10491.0,8.8,5.300000000000001
113210103,male,128989.0,9.1,10.5,9.8,7.9,19.4,70.6,24.0,8.0,7.1,7.1,8.0,7.8,7.4,6.1,5.4,4.0,3.7,2.6,1.8,1.6,2.9,41.2,55.8,2.5,0.5,32.9,96.5,8.8,2.9,25.1,20.6,19.4,12.5,84.0,12.6,3.6,0.3,39.3,99.5,1.7,23.1,58.1,2.6,24.2,31.1,33.6,0.8,0.7,4.0,2.9,48863.0,9.700000000000001,6.0
113210301,female,459.0,11.5,10.2,2.8,29.2,42.7,8.7,60.0,1.5,3.5,8.1,8.7,8.1,8.3,6.3,7.6,3.9,4.4,4.6,2.4,8.1,3.9,10.7,69.1,4.0,16.2,23.1,84.4,30.3,2.4,22.9,11.8,8.7,11.5,66.0,6.5,0.2,0.0,83.2,99.2,1.6,29.1,55.1,0.0,25.0,66.7,8.3,0.0,0.0,0.0,0.0,12.0,19.5,15.1
113210301,male,563.0,9.6,9.2,2.5,12.0,23.4,82.8,14.7,2.3,4.1,5.5,10.3,12.1,9.4,10.1,7.6,4.6,3.2,1.8,3.2,4.4,3.0,32.3,61.4,5.2,1.1,34.6,94.3,12.2,2.8,21.3,19.5,18.3,14.6,75.8,7.3,0.9,0.2,80.8,100.0,0.2,33.8,70.4,0.3,6.7,16.9,71.9,0.3,0.0,1.6,2.2,313.0,12.6,9.4
113210303,female,410.0,3.9,6.3,6.3,41.6,47.1,21.9,74.7,4.6,6.3,5.4,5.1,5.4,8.5,5.6,7.8,5.4,5.6,8.8,6.1,8.8,6.1,25.7,48.0,7.0,19.3,32.8,100.0,44.7,1.0,18.0,12.9,11.0,10.0,49.8,0.7,0.2,0.0,98.0,100.0,0.0,16.7,49.3,0.0,10.5,78.9,10.5,0.0,0.0,0.0,0.0,19.0,29.3,23.700000000000003
113210303,male,491.0,4.3,3.5,5.7,25.8,36.7,63.8,36.9,5.7,5.5,4.1,5.1,7.7,9.0,7.5,8.1,5.1,7.3,5.1,6.7,9.6,3.3,31.3,61.6,4.7,2.4,36.1,100.0,27.3,0.8,19.6,19.8,15.3,7.9,58.9,3.7,0.8,0.2,93.9,99.7,0.6,7.7,35.7,2.9,11.7,39.8,43.9,1.2,0.0,0.0,0.6,171.0,28.699999999999996,21.4
113210305,female,838.0,11.3,10.5,9.9,18.0,39.1,13.3,72.4,8.6,6.4,6.9,6.6,8.2,6.8,6.8,5.8,4.2,2.5,1.8,2.0,1.6,3.2,28.8,62.6,3.8,4.7,24.6,92.7,20.6,0.4,23.0,17.2,12.9,7.4,56.4,14.0,0.5,0.2,50.2,98.9,0.6,17.5,43.9,0.0,4.8,38.1,47.6,0.0,0.0,0.0,9.5,21.0,7.9,5.4
113210305,male,1006.0,8.0,9.3,10.2,7.1,26.2,75.1,24.2,7.4,7.2,5.5,7.7,6.7,6.8,7.8,9.5,4.3,4.2,2.2,1.4,2.1,2.1,43.9,52.9,2.9,0.3,35.2,95.8,8.1,0.2,26.8,20.2,16.9,9.6,58.0,16.8,0.7,0.5,49.8,98.8,0.1,17.6,46.7,1.4,5.6,26.8,19.1,0.0,0.2,2.4,44.4,414.0,9.9,5.7
115370105,female,4817.0,9.7,11.0,10.3,22.4,30.4,18.8,43.9,7.1,8.2,8.6,8.9,8.0,7.0,5.6,4.8,3.0,2.9,2.0,1.3,1.5,3.5,26.7,62.3,4.8,6.2,22.9,98.2,25.7,1.4,28.1,15.5,12.4,12.2,82.7,9.5,4.1,0.1,33.0,100.0,0.8,26.1,62.3,0.0,27.6,46.0,23.5,3.0,0.0,0.0,0.0,350.0,7.7,4.8
115370105,male,5203.0,9.6,10.8,8.3,14.4,23.5,76.8,11.3,8.1,7.0,7.1,7.8,7.7,8.2,7.0,6.1,3.7,3.7,2.1,1.5,1.2,3.1,38.6,58.8,2.4,0.1,32.2,96.5,16.1,2.6,27.0,20.8,15.0,11.1,84.9,10.5,3.1,0.1,32.0,100.0,0.7,21.8,59.3,1.5,22.9,25.3,44.0,1.5,0.7,3.1,1.0,2520.0,8.5,4.8
115370303,female,428.0,5.8,4.0,5.6,48.2,58.6,2.5,22.2,3.0,5.1,6.3,7.0,5.4,7.9,9.1,7.0,6.8,6.8,6.5,4.4,9.1,2.8,25.7,46.4,10.5,17.4,27.8,86.7,51.4,1.6,12.9,13.3,7.7,5.8,91.6,1.4,0.0,0.0,96.0,99.0,2.0,2.0,13.0,0.0,0.0,100.0,0.0,0.0,0.0,0.0,0.0,7.0,26.800000000000004,20.0
115370303,male,474.0,2.1,5.7,4.2,31.1,43.2,35.3,4.8,3.2,4.6,7.2,7.4,7.0,9.5,8.6,9.3,7.0,5.3,5.5,4.6,8.9,2.5,33.8,62.6,2.9,0.7,35.1,84.0,32.4,1.7,13.9,17.3,16.0,7.8,93.9,2.3,1.3,0.2,91.8,100.0,0.7,6.3,21.3,0.7,27.9,43.6,25.0,0.0,0.0,1.4,1.4,140.0,24.3,19.0
115370305,female,282.0,7.1,6.7,6.0,16.9,27.3,38.1,97.7,7.1,8.2,9.2,9.2,6.7,9.9,5.0,7.8,5.7,6.0,2.5,1.4,1.4,1.1,42.0,49.6,2.2,6.2,33.9,95.2,18.1,0.0,31.6,12.4,21.6,7.1,29.8,0.7,0.0,0.0,97.5,99.5,0.0,29.7,66.8,0.0,0.0,50.0,50.0,0.0,0.0,0.0,0.0,2.0,11.3,5.3
115370305,male,279.0,7.5,10.0,6.8,4.8,16.1,85.8,53.6,5.0,7.9,8.6,8.2,7.5,5.7,4.7,5.0,6.5,5.0,6.8,2.5,2.2,1.4,45.5,53.1,0.9,0.5,38.4,88.6,5.2,0.0,31.5,9.3,30.1,12.9,36.6,0.4,0.0,0.0,98.2,99.5,0.5,28.3,77.2,50.0,2.4,38.1,6.0,2.4,0.0,0.0,1.2,84.0,16.5,11.5
115370501,female,1288.0,10.8,10.8,9.4,31.0,39.5,11.4,13.9,7.2,8.8,8.1,8.5,8.2,6.7,5.9,4.1,3.1,2.5,3.0,1.5,1.5,1.7,25.6,64.2,4.8,5.3,25.9,98.2,35.1,1.2,27.6,13.0,10.1,8.5,87.1,18.9,0.5,0.0,46.5,99.3,0.6,19.9,55.7,3.4,12.6,31.0,39.1,13.8,0.0,0.0,0.0,87.0,8.5,6.0
115370501,male,1553.0,9.1,10.8,7.9,18.2,31.0,77.1,7.0,7.0,7.1,8.8,7.4,7.8,7.7,5.6,5.9,4.8,4.2,2.7,2.0,1.3,2.4,41.3,53.8,4.3,0.6,31.9,97.7,20.1,1.7,30.5,16.8,11.1,8.9,86.1,23.1,0.8,0.1,39.6,98.5,1.1,18.1,50.2,2.8,35.4,12.8,42.7,4.1,0.3,0.8,1.3,797.0,10.200000000000001,6.0
115370507,female,434.0,8.8,9.2,9.2,46.1,49.3,6.6,0.0,9.7,6.0,4.6,7.4,6.9,6.2,7.1,6.9,5.3,4.6,1.8,2.5,3.7,5.5,22.2,62.7,4.7,10.4,22.5,95.1,51.9,3.2,24.0,10.4,5.5,7.6,97.7,2.1,1.8,0.0,22.1,100.0,0.0,7.8,44.3,0.0,28.6,52.4,19.0,0.0,0.0,0.0,0.0,21.0,12.599999999999998,8.0
115370507,male,460.0,8.5,10.7,10.2,30.4,35.9,72.0,0.0,7.4,5.9,6.3,5.7,6.7,5.9,7.6,5.9,4.3,5.7,3.7,3.3,2.4,4.1,34.2,62.8,2.2,0.9,30.8,100.0,34.5,3.7,25.4,19.6,9.1,6.3,98.5,1.5,1.1,0.0,20.9,100.0,0.4,6.2,43.2,2.1,20.5,15.8,59.8,0.0,0.0,0.4,1.3,234.0,15.1,9.4
120660305,female,65.0,3.1,4.6,16.9,16.7,38.5,20.4,10.0,3.1,4.6,6.2,7.7,10.8,6.2,3.1,6.2,1.5,10.8,7.7,6.2,1.5,3.1,22.4,51.0,8.2,18.4,30.0,77.8,20.4,3.1,27.7,20.0,6.2,4.6,89.2,0.0,1.5,0.0,84.6,100.0,0.0,4.0,10.0,0.0,11.1,22.2,0.0,55.6,0.0,0.0,11.1,9.0,26.2,15.4
120660305,male,208.0,3.4,1.9,2.9,19.3,50.0,95.8,1.6,2.4,10.6,12.5,14.4,11.5,7.7,9.1,6.7,6.3,2.4,3.4,2.4,2.4,2.4,42.9,51.8,4.2,1.0,31.2,100.0,19.9,1.0,23.6,8.7,11.1,5.8,63.9,4.3,0.5,0.0,80.8,98.7,1.3,6.9,19.5,3.3,16.1,16.1,47.2,6.7,0.0,0.6,10.0,180.0,10.6,8.2
120660307,female,59.0,20.3,11.9,11.9,15.0,59.3,6.1,50.0,10.2,10.2,10.2,6.8,1.7,5.1,0.0,5.1,1.7,1.7,1.7,1.7,0.0,0.0,27.3,66.7,6.1,0.0,,14.3,15.2,0.0,11.9,10.2,15.3,3.4,44.1,8.5,0.0,0.0,55.9,100.0,0.0,5.9,17.6,0.0,0.0,100.0,0.0,0.0,0.0,0.0,0.0,1.0,5.1,3.4
120660307,male,80.0,15.0,12.5,5.0,17.2,42.5,87.0,10.6,3.8,5.0,1.3,18.8,12.5,6.3,8.8,2.5,5.0,1.3,0.0,2.5,0.0,1.3,35.2,57.4,7.4,0.0,25.2,87.5,18.5,0.0,18.8,20.0,3.8,15.0,23.8,3.8,0.0,0.0,76.3,100.0,0.0,4.2,16.7,4.8,23.8,11.9,57.1,2.4,0.0,0.0,0.0,42.0,3.8,2.5
120660503,female,1162.0,13.7,13.3,9.8,14.9,26.2,19.2,31.9,7.6,8.7,9.3,9.5,7.7,7.4,4.5,3.9,2.0,1.2,0.8,0.7,0.1,1.0,22.1,70.2,5.4,2.3,21.4,98.2,17.2,4.0,30.6,18.1,12.6,8.6,74.7,17.0,3.0,0.7,50.1,99.7,2.9,17.9,54.0,1.0,13.5,62.5,18.8,0.0,0.0,1.0,3.1,96.0,2.8000000000000003,1.6
120660503,male,2260.0,6.8,6.9,5.3,13.5,26.2,91.1,7.9,6.1,10.2,9.2,11.4,9.8,10.0,9.2,7.0,3.8,2.5,1.2,0.4,0.3,1.5,41.4,56.2,2.2,0.2,32.0,98.1,14.3,2.7,27.4,21.0,14.3,8.4,84.9,36.3,2.5,0.7,26.8,99.3,2.9,12.7,38.8,6.6,15.3,15.7,55.3,0.2,0.8,2.1,4.0,1534.0,4.4,1.9000000000000001
123910101,female,73121.0,10.4,10.8,9.6,19.5,30.3,23.8,23.6,7.9,9.2,10.0,10.0,8.3,7.0,5.4,3.9,2.7,2.1,1.2,0.7,0.7,2.7,27.1,61.1,6.9,4.9,24.2,94.5,22.1,2.2,27.5,16.3,14.4,9.2,89.4,13.8,4.6,0.3,14.0,96.4,2.0,18.4,56.0,1.0,9.5,22.5,63.4,0.5,0.1,0.8,2.2,9196.0,4.7,2.5999999999999996
123910101,male,88602.0,9.0,9.0,8.3,10.6,22.0,81.3,10.4,7.1,8.4,10.0,9.7,8.9,8.2,6.6,5.6,3.8,2.6,1.4,0.8,0.6,2.1,41.4,56.0,2.3,0.3,31.7,93.0,11.6,2.3,29.6,20.7,15.4,10.0,90.6,14.9,8.5,0.3,12.4,96.1,2.6,16.6,55.1,2.7,17.6,18.0,53.6,0.5,0.7,4.1,2.7,47472.0,5.3999999999999995,2.8000000000000003
123910501,female,24.0,8.3,4.2,4.2,28.6,45.8,15.0,0.0,0.0,8.3,12.5,4.2,4.2,12.5,4.2,4.2,4.2,8.3,8.3,8.3,4.2,0.0,30.0,35.0,15.0,20.0,,100.0,30.0,0.0,25.0,8.3,8.3,12.5,70.8,0.0,0.0,0.0,91.7,100.0,0.0,13.3,20.0,0.0,66.7,33.3,0.0,0.0,0.0,0.0,0.0,3.0,29.1,20.8
123910501,male,1709.0,0.1,0.2,0.2,19.1,24.0,98.8,1.0,4.1,11.9,14.2,12.7,12.8,15.3,12.8,8.5,4.1,2.2,0.5,0.2,0.2,0.9,40.9,56.3,2.8,0.0,31.2,100.0,19.1,0.4,34.8,25.3,10.2,5.4,97.5,8.0,5.0,0.2,5.2,99.1,2.4,8.9,30.8,0.4,24.9,1.1,25.8,0.1,0.1,47.0,0.8,1660.0,3.1000000000000005,0.8999999999999999
123910503,female,7.0,0.0,0.0,0.0,100.0,100.0,0.0,,0.0,0.0,14.3,0.0,28.6,0.0,0.0,0.0,14.3,14.3,0.0,28.6,0.0,0.0,57.1,42.9,0.0,0.0,,,100.0,0.0,0.0,0.0,0.0,0.0,0.0,28.6,0.0,0.0,71.4,,,,,,,,,,,,,0.0,42.900000000000006,28.6
123910503,male,27.0,3.7,0.0,3.7,50.0,63.0,88.0,0.0,0.0,3.7,3.7,14.8,7.4,22.2,11.1,3.7,3.7,3.7,3.7,14.8,0.0,3.7,36.0,64.0,0.0,0.0,,,52.0,0.0,22.2,14.8,0.0,0.0,48.1,25.9,0.0,0.0,74.1,100.0,23.1,0.0,15.4,4.5,18.2,0.0,9.1,4.5,0.0,0.0,63.6,22.0,22.200000000000003,18.5
123910507,male,13.0,0.0,0.0,0.0,7.7,15.4,100.0,0.0,0.0,7.7,7.7,7.7,15.4,15.4,15.4,15.4,15.4,0.0,0.0,0.0,0.0,0.0,23.1,69.2,7.7,0.0,,,7.7,0.0,61.5,23.1,0.0,0.0,92.3,61.5,0.0,0.0,30.8,100.0,50.0,0.0,8.3,7.7,30.8,0.0,30.8,0.0,0.0,23.1,7.7,13.0,0.0,0.0
123910901,female,521.0,6.3,7.1,4.2,35.0,38.5,47.0,4.2,5.6,9.4,11.5,10.2,11.3,8.3,7.3,4.6,4.4,1.3,2.5,3.3,2.7,0.0,41.4,49.4,6.6,2.6,32.0,100.0,36.8,2.0,18.1,15.6,8.5,17.3,79.5,13.5,6.4,0.0,13.1,92.0,1.2,33.2,64.0,0.0,0.0,5.6,91.1,3.4,0.0,0.0,0.0,193.0,9.8,8.5
123910901,male,10037.0,0.5,0.3,0.4,14.9,20.5,98.8,0.3,6.9,19.9,17.2,12.5,10.5,11.0,9.6,6.1,3.0,1.3,0.4,0.2,0.2,1.0,58.0,39.5,2.4,0.1,35.5,100.0,15.0,0.6,26.3,32.5,14.6,5.5,95.1,21.5,17.7,0.6,2.1,98.0,4.1,11.4,33.3,0.7,3.4,2.9,85.1,0.0,0.2,7.6,0.2,9765.0,2.1,0.8
123910903,female,14.0,7.1,7.1,7.1,41.7,50.0,27.3,0.0,0.0,7.1,7.1,7.1,0.0,0.0,14.3,0.0,14.3,0.0,14.3,7.1,7.1,0.0,18.2,45.5,18.2,18.2,,100.0,45.5,0.0,21.4,14.3,0.0,14.3,57.1,0.0,0.0,0.0,42.9,100.0,0.0,0.0,28.6,0.0,33.3,0.0,66.7,0.0,0.0,0.0,0.0,3.0,28.5,28.5
123910903,male,3331.0,0.0,0.0,0.1,19.3,29.7,99.0,0.1,4.2,9.6,13.8,12.3,13.1,15.6,14.7,8.4,4.9,2.2,0.8,0.2,0.1,1.1,39.2,58.2,2.6,0.0,33.0,50.0,19.3,1.6,38.7,22.5,5.4,2.0,95.3,48.8,0.5,0.0,3.5,99.6,4.1,2.6,15.3,0.9,6.3,1.4,4.4,0.3,0.0,86.6,0.2,3292.0,3.3000000000000003,1.1
