code24,milieu,population24,age_0_4,age_5_9,age_10_14,pct_illiterate,pct_no_education,activity_rate,unemployment_rate,pct_women_divorced,age_15_19,age_20_24,age_25_29,age_30_34,age_35_39,age_40_44,age_45_49,age_50_54,age_55_59,age_60_64,age_65_69,age_70_74,age_75plus,pct_disability,pct_single,pct_married,pct_divorced,pct_widowed,age_first_marriage,completed_fertility,school_enrolment,pct_illiterate_15plus,edu_preschool,edu_primary,edu_lower_secondary,edu_upper_secondary,edu_higher,lang_darija,lang_tachelhit,lang_tamazight,lang_tarifit,lang_hassania,read_arabic,read_tifinagh,read_english,read_french,pct_employer,pct_self_employed,pct_public_employee,pct_private_employee,pct_family_worker,pct_apprentice,pct_partner,pct_status_other,pct_female,isf,pop_active_occupee,age_60plus,age_65plus,n_households,hh_size_avg,pct_owner,pct_renter,pct_electricity,pct_water,dwell_villa,dwell_apartment,dwell_moroccan,dwell_rural,dwell_other,persons_per_room,tenure_other,dwell_age_lt10,dwell_age_10_19,dwell_age_20_49,dwell_age_50plus,pct_kitchen,pct_toilet,pct_bathroom,sewer_public,sewer_septic,sewer_other,waste_bin,waste_truck,cook_gas,cook_electricity,cook_charcoal,cook_wood,cook_other,road_distance,pct_slum,waste_other
1511010,urban,1272718.0,8.3,9.2,8.6,14.5,26.3,52.1,15.3,5.0,7.4,8.5,9.1,9.2,8.2,7.1,5.7,4.8,3.8,3.7,2.6,1.8,2.0,3.7,36.8,56.1,3.4,3.7,29.0,2.7,95.9,16.0,1.4,25.8,19.6,14.4,12.5,98.4,2.5,1.4,4.6,0.1,99.3,1.0,21.4,54.5,2.7,16.6,8.0,67.3,0.6,0.6,2.1,2.1,49.4,1.89,414399.0,10.100000000000001,6.4,362062.0,3.5,46.5,43.4,99.4,98.8,1.5,25.6,71.7,0.1,0.7,1.4,10.1,24.8,35.7,35.5,4.0,98.7,99.8,73.7,99.2,0.5,0.2,90.1,9.2,99.3,0.6,0.0,0.0,0.1,,0.4,0.7
3231010,urban,1164481.0,7.2,8.8,9.3,20.6,27.5,41.6,22.5,5.2,8.5,7.7,6.5,7.1,7.1,7.2,6.2,5.7,4.8,5.0,3.5,2.7,2.7,5.0,34.3,56.9,3.7,5.1,29.1,2.6,96.0,23.1,1.8,25.6,17.4,14.3,13.3,98.7,2.0,1.3,0.9,0.1,99.5,0.6,21.3,59.6,3.0,22.9,15.5,49.0,0.8,2.1,3.0,3.6,50.7,1.86,279955.0,13.899999999999999,8.9,307322.0,3.8,63.3,24.6,99.6,99.4,2.4,28.8,63.5,0.2,1.4,1.3,12.1,21.3,23.5,47.8,7.5,98.5,99.7,70.1,99.4,0.3,0.2,84.5,12.9,99.5,0.4,0.0,0.0,0.1,,3.8,2.5
4421010,urban,503375.0,4.5,5.9,6.8,11.1,17.5,46.6,18.2,6.6,6.8,7.1,6.8,6.7,6.5,6.9,6.8,6.9,6.6,6.5,5.3,4.2,5.7,4.2,37.5,50.4,5.1,6.9,31.7,1.8,96.3,12.0,1.2,19.3,15.2,20.0,26.9,96.6,7.9,3.1,0.9,0.3,97.4,1.5,36.0,76.7,5.2,15.9,27.5,44.7,0.6,0.7,2.0,3.4,51.8,1.19,158698.0,21.7,15.2,156398.0,3.2,60.7,29.7,99.8,99.4,7.8,36.3,54.0,0.1,1.0,1.1,9.7,9.1,10.4,62.3,18.2,98.1,99.7,80.4,99.0,0.8,0.2,92.6,6.6,98.6,1.2,0.0,0.0,0.2,,0.8,0.8
4441010,urban,938863.0,6.8,8.0,8.3,15.0,22.0,45.7,20.9,5.3,7.5,7.5,7.2,7.7,7.4,7.2,6.5,6.1,5.3,5.2,3.8,2.7,2.8,4.0,34.4,56.8,3.9,4.9,29.6,2.3,96.8,16.5,2.1,22.0,18.1,19.6,16.1,98.4,7.5,3.2,0.6,0.1,99.1,1.2,28.4,68.9,2.0,20.9,27.0,43.5,0.7,1.0,2.4,2.6,50.7,1.64,260952.0,14.5,9.3,256144.0,3.7,59.6,29.8,99.3,98.5,1.4,32.5,64.3,0.6,0.5,1.3,10.6,16.6,22.9,55.3,5.2,99.0,99.8,78.9,98.6,1.1,0.4,70.2,28.8,99.2,0.7,0.0,0.0,0.1,,0.8,1.0
6141010,urban,3197332.0,5.9,7.3,7.9,12.3,19.9,45.6,19.0,5.9,7.3,7.3,7.2,7.3,6.9,7.0,6.6,6.4,5.8,5.7,4.4,3.2,3.7,4.1,36.2,53.7,4.4,5.7,29.9,2.1,95.6,13.5,1.5,22.9,17.6,20.0,18.0,97.6,8.7,1.8,0.2,0.1,98.3,1.3,28.9,70.8,3.8,19.7,10.6,58.7,0.6,0.7,2.5,3.5,50.9,1.55,930632.0,17.0,11.3,909228.0,3.5,62.8,29.0,99.2,98.5,3.2,47.6,40.8,0.1,1.1,1.3,8.2,16.0,22.2,43.1,18.7,96.5,99.6,76.3,98.2,1.4,0.4,91.4,7.7,99.1,0.7,0.0,0.0,0.1,,7.2,1.0
7351010,urban,996643.0,6.5,8.0,8.7,13.8,20.7,45.0,19.9,6.0,8.0,7.7,7.3,7.5,6.9,6.9,6.3,6.0,5.2,5.2,3.8,2.9,3.1,3.9,36.2,54.1,4.3,5.3,29.5,2.3,96.5,15.3,2.1,22.9,18.3,19.0,17.0,97.7,14.8,2.5,0.1,0.2,98.7,1.5,32.5,71.2,3.8,22.8,16.0,50.7,0.6,1.1,2.3,2.6,51.4,1.63,276335.0,15.0,9.799999999999999,268925.0,3.7,61.7,28.6,98.6,98.3,5.5,30.1,59.3,0.5,0.7,1.2,9.7,22.4,32.6,36.8,8.1,98.7,99.7,80.8,97.7,1.7,0.6,88.8,9.7,99.1,0.7,0.0,0.0,0.1,,3.9,1.5
10510101,urban,49561.0,6.3,8.0,8.2,18.8,26.8,43.6,18.4,3.5,6.6,6.4,7.0,7.7,7.4,7.6,6.2,6.0,5.5,6.1,4.3,3.0,3.6,4.5,38.4,53.8,2.3,5.5,30.9,2.3,96.0,20.7,1.7,23.8,15.9,14.8,17.0,71.0,1.3,2.2,84.4,0.2,98.9,2.5,23.8,64.2,3.6,20.9,34.8,36.0,0.8,0.3,2.4,1.4,51.1,1.59,13647.0,17.0,10.9,14351.0,3.5,65.7,22.5,99.5,98.9,0.7,15.2,82.7,0.3,0.4,1.2,11.8,31.3,31.9,33.9,2.9,99.0,99.7,89.0,97.6,1.1,1.2,95.3,3.5,99.5,0.4,0.0,0.0,0.1,,0.6,1.2
10510103,urban,20005.0,7.6,9.9,9.6,31.0,37.8,37.6,27.3,3.5,7.5,7.1,7.1,6.9,7.1,7.0,5.8,5.7,5.0,4.9,3.5,2.3,2.9,4.8,40.4,53.7,2.2,3.7,30.6,2.4,93.5,34.9,1.0,27.5,15.7,8.2,9.8,35.6,0.6,1.9,94.0,0.2,97.9,4.5,16.6,46.5,3.9,19.2,21.1,40.6,1.0,3.2,2.7,8.3,50.5,2.27,3978.0,13.6,8.7,4969.0,4.0,59.2,15.3,98.0,89.2,0.5,4.3,94.0,0.2,0.8,1.5,25.5,38.1,44.3,17.5,0.1,98.9,99.4,80.7,75.0,24.0,0.9,79.5,4.1,99.5,0.2,0.0,0.2,0.1,,0.2,16.5
10510105,urban,34497.0,7.8,10.3,9.3,27.2,35.1,39.0,24.2,3.5,7.0,6.5,7.4,7.4,7.5,7.0,6.0,5.5,4.7,4.9,3.6,2.4,2.7,6.2,38.4,54.0,2.4,5.1,30.6,2.5,94.9,30.5,1.9,28.3,15.0,9.4,10.4,61.1,0.9,1.9,91.2,0.2,98.6,4.0,15.6,47.9,3.2,28.9,24.1,35.4,1.3,1.6,2.5,3.0,50.9,2.04,7398.0,13.600000000000001,8.7,8677.0,4.0,55.7,19.7,98.7,94.0,0.4,7.2,91.8,0.0,0.5,1.5,24.7,34.3,41.0,24.3,0.4,98.9,99.9,80.9,91.5,7.2,1.3,85.8,9.3,99.5,0.1,0.1,0.1,0.3,,0.1,5.0
10510107,urban,14628.0,8.6,10.2,9.9,21.2,31.0,41.4,20.5,4.4,7.8,6.8,7.6,7.6,8.0,7.2,5.7,4.8,4.5,4.1,2.9,2.0,2.2,4.5,38.0,54.1,2.8,5.1,29.1,2.3,95.5,24.0,1.3,27.5,15.9,9.3,15.0,96.1,0.6,0.6,11.5,0.0,99.6,0.7,23.0,66.1,3.4,31.4,29.9,29.9,2.1,0.0,2.5,0.8,48.9,2.22,3410.0,11.2,7.1000000000000005,3756.0,3.9,51.8,34.2,98.5,97.5,0.0,12.2,83.3,1.9,1.3,1.5,14.0,19.9,45.0,31.8,3.3,96.8,99.2,69.8,99.0,0.7,0.4,65.6,32.2,99.6,0.1,0.0,0.0,0.3,,1.3,2.1
10510109,urban,5608.0,6.3,8.8,7.8,21.1,27.3,43.0,25.6,2.8,6.2,6.2,5.9,6.3,7.6,7.3,7.3,6.8,6.0,5.3,4.1,3.4,4.5,6.8,38.5,54.9,1.9,4.6,30.3,2.2,95.5,23.2,1.6,27.8,16.2,12.9,14.2,81.5,1.9,1.7,89.5,0.4,99.3,2.8,24.2,67.9,3.0,21.1,31.5,39.9,0.9,0.3,1.9,1.4,50.2,1.58,1382.0,17.299999999999997,12.0,1500.0,3.7,81.2,7.1,97.9,96.7,2.3,2.9,92.3,0.7,0.7,1.2,11.7,21.5,45.2,28.4,4.9,99.4,99.7,64.9,61.5,36.6,1.8,76.1,0.9,99.6,0.1,0.1,0.1,0.1,,1.2,23.0
10510301,rural,8387.0,6.6,7.4,8.3,39.8,47.8,33.7,41.5,0.8,7.7,6.8,6.7,7.6,7.0,6.4,5.9,5.6,5.7,6.4,4.5,3.0,4.4,8.3,43.2,51.8,0.7,4.3,31.3,1.9,94.9,43.9,0.3,24.0,12.4,7.3,8.2,99.0,0.3,0.3,1.2,0.0,99.8,0.2,10.9,38.2,0.5,17.4,20.5,34.2,3.1,0.5,1.2,22.5,50.4,1.8,1282.0,18.3,11.9,2083.0,4.0,75.0,3.4,96.3,25.2,0.1,0.0,56.2,42.1,1.1,1.6,21.6,10.6,29.7,36.4,23.4,95.1,93.7,23.7,12.9,13.3,73.8,4.4,6.2,89.9,0.1,0.8,9.0,0.2,1.8,0.4,89.4
10510303,rural,7741.0,8.1,10.5,11.0,37.9,45.7,30.5,7.8,0.8,9.0,7.0,7.1,7.0,7.3,6.3,4.9,4.7,4.2,4.6,3.1,2.3,2.9,5.1,44.6,51.4,0.7,3.3,30.8,3.6,98.1,43.6,0.4,30.9,12.5,5.9,4.6,99.1,0.2,0.1,0.6,0.1,99.9,0.1,9.1,30.0,0.3,63.3,7.1,8.4,11.8,0.2,2.8,6.1,49.4,1.98,1530.0,12.9,8.3,1546.0,5.0,74.4,0.9,98.2,3.9,0.1,0.3,73.8,23.9,1.8,1.8,24.7,8.9,33.9,45.4,11.9,97.1,94.3,25.8,2.9,55.9,41.2,2.3,0.3,96.0,0.3,1.4,2.3,0.1,1.4,0.2,97.3
10510305,rural,7214.0,9.3,10.8,10.1,39.3,54.6,37.5,22.2,1.2,8.2,7.2,7.8,8.7,8.0,6.0,4.8,3.8,3.8,4.0,3.0,2.0,2.5,5.9,43.4,51.9,0.9,3.8,32.1,3.6,95.3,44.6,0.5,26.6,11.6,3.7,3.0,99.2,0.6,0.0,0.3,0.0,99.8,0.3,7.6,39.0,0.3,57.6,5.9,13.5,14.6,0.0,7.4,0.7,48.0,2.97,1469.0,11.5,7.5,1481.0,4.9,85.0,0.1,98.5,0.3,0.1,0.0,55.4,43.4,0.5,1.9,14.9,11.5,26.3,47.7,14.5,94.0,94.3,19.2,3.0,74.0,23.0,0.0,0.1,94.7,0.0,0.5,4.3,0.5,2.3,0.5,100.0
10510307,rural,8059.0,7.7,9.2,9.2,44.7,48.0,33.5,23.7,1.3,7.1,6.3,6.9,6.5,6.5,6.1,5.7,5.6,5.9,5.9,4.6,2.7,4.1,9.0,40.9,53.2,1.3,4.6,29.5,2.8,95.5,50.1,0.4,29.4,13.1,4.6,4.5,97.9,0.2,0.8,27.5,0.0,99.8,0.4,9.5,46.8,0.5,35.5,8.0,28.0,5.9,0.3,4.1,17.8,49.3,2.19,1519.0,17.299999999999997,11.399999999999999,1992.0,4.0,79.0,0.6,94.6,9.3,0.1,0.1,62.0,31.2,6.4,1.5,20.5,6.6,31.3,35.5,26.7,90.6,87.9,15.4,0.3,47.3,52.5,2.5,0.7,70.0,0.2,5.5,24.1,0.3,1.9,0.2,96.80000000000001
10510703,rural,7580.0,8.9,11.4,11.8,38.3,44.0,45.1,7.6,1.5,9.9,7.4,6.5,7.5,6.7,5.9,5.2,4.9,3.6,3.3,2.6,2.1,2.3,6.6,37.8,57.4,1.1,3.7,29.7,4.8,96.4,44.6,0.6,36.3,12.9,3.6,2.6,95.1,0.1,0.0,0.1,0.0,99.8,0.3,7.3,44.5,0.0,59.8,2.9,6.9,27.4,0.4,2.4,0.2,47.4,2.78,2139.0,10.3,7.0,1617.0,4.7,95.7,0.6,94.8,0.9,0.0,0.0,21.3,77.5,0.6,2.1,3.7,8.6,17.5,35.6,38.3,66.2,91.9,10.7,0.2,49.5,50.3,0.0,0.0,90.1,0.3,1.3,7.9,0.3,5.5,0.6,100.0
10510705,rural,5580.0,9.8,12.6,11.0,42.0,45.9,35.3,7.9,1.3,7.8,6.0,6.2,6.4,7.7,6.9,5.2,4.4,3.7,4.3,3.2,2.1,2.7,7.7,34.4,60.9,0.9,3.8,29.3,3.8,98.0,48.7,2.0,30.3,11.9,3.8,6.0,74.0,0.4,1.0,93.0,0.1,99.4,0.4,17.9,58.5,0.4,48.7,12.6,16.1,10.5,0.0,9.9,1.8,49.3,2.91,1208.0,12.3,8.0,1242.0,4.5,70.0,4.6,96.9,18.0,0.0,0.0,20.7,77.6,1.1,1.6,25.4,9.5,13.5,26.2,50.7,84.9,78.3,33.3,17.6,38.0,44.4,15.4,0.2,90.6,0.1,0.0,8.9,0.4,1.6,0.6,84.5
10510707,rural,5401.0,9.8,11.4,11.8,39.1,47.1,49.9,4.7,0.9,9.7,7.8,6.9,7.6,6.3,5.7,4.6,4.6,3.9,3.5,2.6,1.8,1.9,4.7,40.8,54.3,0.8,4.1,30.8,4.4,96.6,45.8,0.3,32.8,13.5,3.7,2.6,95.4,0.5,0.1,13.6,0.0,99.4,0.5,7.4,30.3,0.0,53.6,3.3,1.9,40.7,0.0,0.1,0.5,48.9,2.47,1721.0,9.799999999999999,6.300000000000001,1078.0,5.0,90.2,0.6,95.8,0.3,0.0,0.0,10.8,88.0,1.2,2.0,9.3,8.0,13.0,23.5,55.5,68.5,79.4,12.4,0.5,38.0,61.6,0.0,0.0,89.1,0.1,0.9,9.7,0.1,5.7,0.0,100.0
10510711,rural,6495.0,9.4,9.3,8.9,31.6,40.7,38.7,18.4,1.3,7.6,7.5,7.7,9.4,7.7,6.8,4.7,5.0,4.4,3.8,3.2,2.1,2.5,9.1,41.3,53.3,1.1,4.4,31.9,3.1,97.7,35.4,0.9,29.4,18.4,4.8,5.8,84.0,0.1,15.8,0.1,0.0,99.8,0.4,8.2,36.4,0.5,52.7,6.0,3.6,25.4,0.1,0.7,11.0,47.6,2.72,1483.0,11.6,7.800000000000001,1357.0,4.8,77.9,0.7,96.5,0.5,0.9,0.1,33.1,64.5,1.0,1.8,21.5,8.6,13.2,25.3,52.9,86.9,88.7,21.9,0.4,73.1,26.5,0.0,0.4,98.5,0.1,0.1,1.0,0.4,3.2,0.4,99.6
10510719,rural,8460.0,8.3,10.2,10.3,33.3,42.7,32.5,18.1,2.0,8.6,6.8,5.9,6.9,7.4,6.8,5.7,5.4,4.6,4.4,3.6,2.3,2.8,7.4,41.6,52.2,1.6,4.6,30.6,3.0,95.8,37.8,0.3,29.8,14.5,5.2,7.4,81.2,0.4,0.3,5.8,0.0,99.6,0.4,8.8,29.1,0.3,38.5,15.7,31.3,12.0,0.1,1.2,0.9,49.7,2.2,1604.0,13.100000000000001,8.7,1886.0,4.5,78.5,5.2,96.1,43.8,0.2,0.2,42.3,53.1,1.9,1.5,16.3,5.2,18.4,43.8,32.6,94.4,88.2,53.5,28.3,25.4,46.4,26.2,0.5,94.7,0.2,0.8,4.1,0.2,2.0,2.3,73.3
10510721,rural,2756.0,9.4,12.3,11.0,46.0,50.1,51.0,4.4,3.2,7.7,6.8,5.6,6.6,7.5,6.5,5.5,4.3,4.6,4.4,2.8,2.2,2.6,11.1,37.2,56.4,2.4,4.0,30.1,3.0,97.7,53.3,1.9,27.5,11.7,4.4,4.5,66.0,0.1,0.8,98.0,0.1,99.4,0.5,20.9,79.9,0.3,43.3,3.9,7.7,41.0,0.0,3.7,0.1,52.3,2.83,904.0,12.0,7.6,598.0,4.6,73.8,0.0,96.8,0.7,0.0,0.0,4.9,93.6,1.3,1.7,26.2,8.9,6.7,17.8,66.6,88.8,70.8,2.5,0.3,0.0,99.7,0.0,0.0,77.9,0.3,0.3,21.3,0.2,3.5,0.2,100.0
10510727,rural,5601.0,10.4,10.9,10.4,37.8,44.7,38.2,44.7,2.0,8.2,7.6,7.8,7.4,7.5,6.3,5.2,4.9,3.7,3.6,2.4,2.0,1.7,7.7,42.5,52.9,1.4,3.3,30.7,3.9,94.6,43.4,1.7,31.3,13.4,4.2,4.7,97.8,0.3,0.0,1.6,0.0,99.6,0.4,4.2,18.0,0.9,40.9,8.6,30.5,12.9,0.1,4.1,2.0,47.7,2.47,806.0,9.7,6.1000000000000005,1178.0,4.8,62.8,0.7,97.7,16.5,0.1,0.0,34.5,64.5,0.9,1.9,36.5,9.8,18.8,27.6,43.8,76.5,65.8,25.7,11.7,29.8,58.6,11.2,0.1,87.4,0.3,1.4,10.7,0.2,1.0,0.1,88.69999999999999
10510901,rural,24435.0,9.8,10.0,9.1,36.6,47.5,43.7,11.7,2.0,7.4,7.6,8.1,9.0,8.2,6.9,5.2,4.8,3.6,3.9,2.7,1.8,1.9,6.5,37.1,57.4,1.5,4.0,29.8,4.0,93.8,40.7,1.2,28.5,13.6,5.1,4.2,98.4,5.0,0.2,28.3,0.0,99.8,0.3,5.7,26.4,1.9,60.5,4.5,11.1,21.3,0.2,0.4,0.1,46.0,2.79,6695.0,10.3,6.4,5156.0,4.7,92.1,1.5,96.8,0.8,0.1,1.4,75.5,21.2,0.9,1.8,6.3,10.8,28.5,51.5,9.2,90.9,94.6,66.5,0.9,10.2,88.9,2.1,0.0,87.7,0.2,0.1,11.7,0.3,6.6,0.9,97.9
10510909,rural,8909.0,10.0,11.2,12.6,37.2,43.1,38.3,15.4,1.9,9.6,7.4,7.1,6.7,6.7,5.0,4.7,5.0,3.7,3.4,2.9,1.8,2.2,7.3,35.9,58.7,1.2,4.2,29.1,4.5,96.0,43.7,0.7,36.6,13.3,4.1,2.2,98.3,1.3,0.1,0.2,0.1,99.9,0.0,5.3,42.9,1.4,37.9,5.6,24.4,16.7,0.4,0.3,13.3,46.6,3.08,1912.0,10.3,6.9,1826.0,4.9,77.2,0.5,95.8,8.3,0.0,0.7,36.4,61.2,1.0,2.2,22.2,19.3,27.8,25.8,27.1,66.2,85.4,15.9,2.4,10.1,87.6,0.0,1.5,37.7,0.1,0.4,61.3,0.4,11.0,0.7,98.4
10510913,rural,15144.0,10.9,11.5,10.0,30.3,46.7,41.2,21.6,1.9,8.2,7.7,7.6,8.3,7.9,6.8,5.3,3.9,3.6,3.3,2.6,1.4,1.1,6.4,38.6,56.6,1.1,3.7,29.9,3.6,91.0,34.4,0.5,28.8,16.2,4.9,2.9,96.0,2.8,1.5,19.5,0.0,99.0,1.4,5.7,24.3,5.5,35.9,3.5,21.0,9.4,0.0,18.5,6.3,47.3,3.29,3307.0,8.4,5.1,3068.0,4.9,77.5,0.9,96.6,0.2,0.3,0.0,69.0,27.2,2.2,1.9,21.7,11.6,24.2,41.9,22.3,95.7,97.6,57.2,5.1,59.0,35.9,0.1,0.7,97.9,0.2,0.2,1.3,0.4,4.6,1.3,99.19999999999999
10510913,urban,2688.0,11.8,10.2,8.5,22.0,35.1,52.7,15.2,4.7,6.7,7.9,9.5,11.0,8.6,7.5,5.7,4.2,2.8,2.7,1.6,0.7,0.7,5.7,35.5,58.9,3.3,2.3,27.8,3.3,97.0,24.3,0.1,28.8,17.2,9.6,9.2,94.9,3.5,1.8,5.5,0.0,99.6,1.2,15.0,47.0,3.1,23.0,17.2,50.6,3.6,0.6,1.2,0.7,43.6,3.28,832.0,5.700000000000001,3.0,835.0,3.2,22.3,57.9,91.3,77.1,1.9,8.2,73.9,4.8,5.1,1.8,19.8,20.9,29.7,49.1,0.4,91.9,95.2,43.7,87.0,1.3,11.7,70.0,9.0,98.9,0.1,0.0,0.5,0.5,,6.0,21.0
10510915,rural,16688.0,9.2,9.2,9.1,31.3,43.2,45.8,41.6,2.1,7.2,7.5,8.1,9.4,9.4,7.5,5.7,4.2,3.6,3.8,2.4,1.7,1.9,6.2,38.9,54.6,1.7,4.7,31.5,3.6,97.0,35.0,1.0,30.5,15.4,5.4,4.5,98.9,0.4,0.1,0.2,0.1,99.9,0.1,3.9,30.2,0.7,62.3,4.8,11.5,18.1,0.0,2.3,0.3,47.1,2.44,3232.0,9.799999999999999,6.0,3699.0,4.5,93.2,1.4,96.9,0.8,0.3,0.0,64.6,32.9,1.0,1.9,5.4,9.4,28.6,53.9,8.1,95.7,97.3,36.8,1.6,34.4,64.0,0.2,0.4,98.0,0.3,0.7,1.0,0.0,5.2,1.3,99.39999999999999
10510917,rural,9357.0,10.4,11.3,9.9,32.7,50.5,26.7,43.4,1.1,8.2,7.6,8.0,8.9,7.6,6.6,4.9,3.7,3.6,3.7,2.4,1.6,1.4,5.9,38.6,56.6,1.0,3.8,30.1,3.7,93.7,37.2,0.7,25.5,13.8,4.8,4.7,99.1,6.6,19.6,43.6,0.1,99.5,0.6,8.1,22.7,5.5,24.5,8.3,11.5,12.7,0.0,10.5,27.0,46.8,2.76,966.0,9.1,5.4,1836.0,5.1,80.7,0.3,98.7,9.6,0.1,0.3,37.7,59.8,1.4,2.0,19.0,10.5,18.5,53.1,18.0,87.2,96.3,56.5,1.7,58.4,39.9,2.6,0.2,87.0,0.2,2.1,10.6,0.2,1.8,0.8,97.2
10510923,rural,4116.0,9.0,9.3,10.3,42.3,46.4,28.1,80.2,2.1,7.5,5.8,5.7,6.2,6.3,5.7,6.3,6.0,5.2,5.1,4.4,3.5,3.8,10.7,30.1,62.3,1.6,6.0,28.7,4.4,96.9,48.0,0.6,36.9,11.3,3.2,1.7,79.9,0.9,16.3,0.3,0.0,99.6,0.4,2.1,22.0,0.0,16.0,30.1,36.8,3.1,0.0,6.7,7.4,50.3,2.6,163.0,16.8,11.7,993.0,4.1,89.1,0.1,98.0,0.1,0.7,0.0,5.9,90.1,1.0,2.3,10.8,7.0,14.5,17.0,61.5,83.9,95.7,2.1,0.5,27.3,72.2,0.0,0.0,80.4,0.3,0.2,18.4,0.6,3.3,2.2,100.0
10510925,rural,12856.0,9.6,10.2,10.3,35.7,49.2,35.5,30.3,1.2,8.2,7.7,7.8,9.4,8.6,6.4,4.7,3.9,3.3,3.9,2.7,1.6,1.6,7.0,38.9,55.1,0.7,5.2,30.5,3.7,96.5,40.8,0.6,29.0,13.8,4.5,2.8,98.0,0.2,0.0,0.2,0.0,100.0,0.0,6.1,22.0,1.0,63.7,5.3,24.2,4.2,0.0,0.4,1.1,47.5,2.81,2225.0,9.799999999999999,5.9,2761.0,4.7,88.4,0.7,85.2,0.3,0.1,0.0,34.2,57.1,0.6,1.9,10.9,11.8,25.1,49.3,13.7,85.0,91.3,25.8,0.0,53.5,46.5,0.0,0.0,92.3,0.0,0.9,6.5,0.3,3.5,8.0,100.0
10511101,rural,5129.0,6.4,9.4,9.4,39.0,40.3,33.6,49.1,2.4,6.7,5.7,5.6,5.8,6.6,6.2,6.7,6.4,6.3,6.7,4.9,3.0,4.4,6.9,40.7,51.4,1.8,6.0,28.6,2.1,99.3,43.7,2.0,31.6,14.0,5.8,6.3,17.2,0.2,0.4,98.2,0.2,98.5,1.6,8.6,40.5,7.3,16.6,17.8,37.8,0.0,0.5,4.1,15.9,51.6,1.55,656.0,19.0,12.3,1332.0,3.9,91.4,0.7,96.0,88.3,0.1,0.1,95.9,1.1,2.9,1.6,7.9,11.4,69.7,18.3,0.7,97.9,98.0,15.0,13.7,37.6,48.7,10.5,0.3,96.7,0.6,0.7,1.9,0.2,1.8,0.1,89.2
10511101,urban,2332.0,12.0,13.2,9.0,17.7,29.1,41.8,14.6,2.3,5.6,5.9,7.8,10.2,8.6,7.3,5.0,4.1,3.0,3.0,2.4,1.2,1.6,3.2,25.0,71.5,1.6,1.9,22.7,2.5,95.9,20.0,0.6,27.7,18.4,15.2,9.1,72.9,4.9,3.3,47.9,0.6,93.4,22.7,23.3,59.6,0.2,8.1,65.5,18.0,0.9,0.4,0.4,6.6,48.8,2.14,545.0,8.200000000000001,5.199999999999999,625.0,3.7,34.3,53.2,98.2,97.2,0.7,42.4,56.3,0.2,0.5,1.6,12.5,31.4,61.6,6.5,0.5,98.5,98.9,68.0,83.3,15.6,1.1,86.5,0.3,99.0,0.5,0.0,0.5,0.0,,0.0,13.200000000000001
10511107,rural,4866.0,6.1,9.2,9.2,45.1,46.7,30.6,58.0,2.1,6.6,6.2,5.5,5.3,6.9,6.2,7.1,6.6,5.8,6.2,5.0,3.4,4.6,9.4,41.6,51.7,1.6,5.2,31.8,2.0,97.3,50.5,1.1,28.5,11.0,5.5,7.1,57.1,0.1,0.8,98.0,0.2,98.7,1.9,13.8,48.8,0.2,19.7,25.5,46.7,3.6,0.0,2.8,1.5,52.0,1.81,471.0,19.2,13.0,1283.0,3.8,92.1,0.2,91.6,44.6,0.1,0.1,83.2,14.3,2.0,1.9,7.7,7.9,68.8,12.8,10.5,92.5,88.8,36.6,1.0,50.2,48.8,3.6,1.8,93.4,0.3,0.1,5.9,0.3,2.0,0.4,94.60000000000001
10511109,rural,2608.0,7.0,9.9,8.9,41.7,44.4,31.7,28.2,2.2,6.6,5.9,6.0,5.9,6.9,6.3,7.0,6.1,6.1,6.3,4.3,2.8,4.1,7.8,39.1,55.3,1.7,4.0,29.5,2.4,96.8,46.4,0.7,31.8,13.0,5.3,4.9,72.3,0.0,1.7,95.4,0.1,98.9,1.1,4.3,20.9,0.0,33.9,11.6,43.0,2.3,1.4,1.8,6.1,50.6,2.72,440.0,17.5,11.2,681.0,3.8,75.3,0.0,94.7,51.8,0.7,0.1,54.4,42.4,1.6,1.6,24.7,4.9,48.3,16.8,30.0,97.6,88.9,34.3,0.4,40.5,59.1,0.1,0.3,98.8,0.4,0.1,0.4,0.1,1.1,0.7,99.5
10511109,urban,2110.0,6.9,10.1,10.6,28.6,32.9,30.5,1.7,2.1,8.4,6.5,6.2,6.4,6.6,6.6,6.1,6.4,4.8,4.7,3.7,2.8,3.2,3.5,36.1,58.5,1.8,3.5,30.6,2.7,99.3,32.7,1.3,28.3,14.8,9.6,13.0,80.5,0.5,1.0,91.8,0.2,99.1,2.5,30.5,63.8,0.2,30.6,29.7,35.6,3.1,0.0,0.7,0.2,51.2,2.12,458.0,14.399999999999999,9.7,555.0,3.8,64.4,28.7,99.1,96.2,0.0,0.5,98.2,0.9,0.2,1.4,6.9,10.8,60.3,27.3,1.6,99.1,99.5,97.8,84.5,2.0,13.5,27.6,57.6,99.6,0.0,0.0,0.2,0.2,,0.2,14.8
10511115,rural,6345.0,8.2,10.4,9.3,28.7,35.9,33.8,17.9,2.5,6.8,6.2,6.2,7.6,7.7,6.7,5.1,5.4,5.1,5.2,4.5,2.5,3.0,4.5,34.7,58.8,1.7,4.9,29.0,2.6,96.7,32.1,0.7,32.7,15.1,8.8,6.8,67.6,0.7,11.2,83.7,0.1,99.0,1.3,11.4,45.4,1.1,35.4,22.8,36.2,1.0,0.2,2.8,0.5,51.0,2.03,1269.0,15.2,10.0,1682.0,3.8,81.2,6.2,97.8,95.1,0.8,0.4,95.1,2.7,0.8,1.7,12.6,32.3,44.4,19.0,4.2,99.6,99.5,31.2,54.5,29.5,15.9,74.9,0.7,99.3,0.1,0.4,0.1,0.1,0.6,0.2,24.5
10511121,rural,6838.0,7.5,9.8,8.7,43.4,47.1,28.9,28.2,1.6,6.8,6.1,5.3,6.3,6.7,6.5,6.6,5.6,5.4,6.0,4.6,3.3,4.8,8.8,39.6,53.6,1.2,5.6,29.0,2.5,97.6,48.3,1.1,27.1,12.8,5.8,6.1,54.3,0.2,0.9,95.9,0.2,99.3,0.7,13.9,52.3,0.8,34.6,19.7,39.2,0.1,0.2,2.0,3.4,53.0,2.24,1049.0,18.7,12.7,1741.0,3.9,85.2,2.4,96.6,23.4,0.1,0.0,75.3,22.8,1.3,1.4,12.4,13.9,39.6,26.1,20.3,95.5,89.1,17.4,11.9,52.0,36.1,11.8,0.1,96.3,0.2,1.3,2.0,0.1,1.1,0.6,88.0
10511125,rural,4150.0,9.1,12.0,10.8,48.8,54.5,33.2,21.4,1.6,7.3,5.5,5.9,6.7,7.7,7.0,5.2,5.4,4.3,4.5,3.7,2.0,2.9,8.4,38.5,55.2,1.5,4.7,28.1,2.9,96.5,56.0,0.1,30.0,9.4,3.1,2.9,23.7,0.0,1.0,97.7,0.0,99.3,0.8,7.3,36.4,0.3,57.6,7.9,28.1,5.0,0.3,0.7,0.1,52.1,2.6,736.0,13.1,8.6,1009.0,4.1,67.8,0.2,94.3,0.7,0.0,0.1,33.4,65.9,0.4,1.2,32.0,9.0,12.5,24.8,53.8,88.4,52.3,16.4,4.6,32.0,63.4,0.0,0.6,96.4,0.1,0.1,3.2,0.2,2.0,0.2,99.4
10511303,rural,9927.0,6.5,9.1,8.5,33.4,39.8,31.4,16.8,2.0,6.7,6.3,6.7,6.9,6.9,7.5,6.2,6.6,5.7,5.9,4.3,3.0,3.1,6.8,42.2,52.3,1.4,4.1,31.3,2.1,96.9,36.9,1.0,32.1,13.5,6.9,6.7,26.1,0.3,1.3,96.1,0.3,99.4,0.8,3.6,21.9,1.6,23.8,13.0,38.7,1.1,6.8,7.0,8.0,50.2,1.8,1967.0,16.3,10.4,2406.0,4.1,91.5,0.8,95.6,82.5,0.7,0.2,96.8,0.8,1.2,1.7,7.7,43.3,42.4,13.7,0.6,98.8,99.2,64.7,19.8,66.2,14.1,33.8,10.0,99.3,0.0,0.0,0.3,0.4,1.3,0.2,56.1
10511303,urban,3884.0,7.5,8.7,8.4,27.0,33.2,39.2,23.3,3.1,6.3,6.8,7.2,7.8,6.9,8.0,5.8,5.7,5.4,5.4,4.1,2.5,3.7,3.7,40.4,53.4,1.9,4.3,30.0,2.4,98.3,29.8,1.4,29.1,15.5,9.8,11.0,35.1,0.6,2.2,93.6,0.1,98.2,1.7,15.3,47.4,1.7,26.8,19.2,39.0,1.4,1.6,3.3,7.1,49.9,1.32,877.0,15.7,10.3,1045.0,3.7,61.7,9.8,98.5,92.1,0.2,0.2,96.6,2.2,0.6,1.5,28.6,49.3,36.5,13.6,0.7,99.2,99.7,73.2,80.3,19.0,0.7,76.5,14.7,99.4,0.1,0.0,0.0,0.5,,0.2,8.799999999999999
10511305,rural,3798.0,7.6,9.1,9.6,49.7,51.7,31.9,19.2,2.1,6.5,5.7,6.5,6.7,7.2,7.6,6.0,6.0,6.1,5.6,4.9,1.9,3.1,11.3,41.5,53.1,1.4,4.0,31.7,2.1,97.3,55.9,1.0,30.5,9.9,3.6,3.4,29.7,0.2,1.1,97.7,0.4,98.7,1.6,9.2,42.6,0.1,52.0,10.3,24.3,7.2,0.3,1.9,3.9,51.3,2.08,721.0,15.5,9.9,922.0,4.1,57.6,0.4,97.1,20.2,0.0,0.0,22.9,75.6,1.5,1.5,42.0,7.2,12.5,39.4,41.0,90.7,70.1,65.7,0.4,52.4,47.2,0.0,0.3,98.5,0.0,0.4,1.0,0.1,6.6,0.0,99.7
10511311,rural,3290.0,9.3,11.6,8.8,53.2,56.4,32.8,33.6,0.7,7.5,7.0,7.1,6.7,7.1,7.8,5.9,4.3,4.3,5.0,3.8,1.7,2.3,6.9,41.0,55.4,0.8,2.8,31.1,3.2,92.9,59.4,0.3,29.2,9.1,3.1,1.9,11.6,0.0,0.8,98.5,0.2,97.0,3.0,3.6,28.5,0.2,62.0,7.0,11.5,10.1,0.0,1.8,7.4,53.3,2.57,503.0,12.8,7.8,773.0,4.3,50.8,0.1,95.2,0.0,0.0,0.0,3.1,94.6,1.3,2.0,49.0,4.9,5.2,30.4,59.5,34.6,20.9,0.0,0.0,8.2,91.8,0.0,0.0,73.0,0.3,0.3,25.8,0.6,4.6,1.0,100.0
10511313,rural,5186.0,6.2,8.8,8.7,44.2,48.4,33.7,58.3,1.3,7.2,6.2,6.2,6.0,6.7,6.3,6.7,6.7,6.7,5.8,4.4,3.2,4.2,7.3,44.5,48.8,1.3,5.4,30.1,2.2,87.0,49.1,0.9,29.3,11.7,4.4,5.3,39.3,0.0,1.7,97.4,0.1,98.8,2.0,8.3,48.1,0.4,15.0,13.7,19.7,2.3,0.0,11.4,37.5,51.7,1.71,554.0,17.599999999999998,11.8,1366.0,3.8,91.9,0.0,94.0,55.0,0.1,0.1,79.6,16.7,2.2,1.6,8.1,5.8,59.4,21.0,13.7,96.3,85.9,36.4,1.8,65.9,32.4,0.1,0.0,98.2,0.9,0.1,0.7,0.1,2.1,1.3,99.9
10511313,urban,1796.0,6.1,10.2,7.6,31.5,34.6,24.7,32.3,1.8,7.6,6.7,5.5,6.6,6.5,7.8,6.5,7.1,4.8,5.0,4.2,3.1,4.8,13.2,40.8,51.9,1.5,5.8,30.4,2.5,93.1,34.4,1.2,27.5,17.1,7.7,11.8,62.0,0.0,1.1,95.6,0.1,99.8,1.0,4.7,47.7,0.9,11.8,32.9,18.9,1.3,0.0,2.6,31.6,51.2,1.56,228.0,17.099999999999998,12.100000000000001,470.0,3.8,67.5,7.3,98.9,97.6,0.6,1.1,97.0,0.9,0.4,1.7,25.2,12.8,73.5,13.2,0.4,99.8,99.1,95.7,54.7,41.2,4.1,5.1,56.2,99.4,0.2,0.0,0.4,0.0,,0.0,38.6
10511317,rural,4408.0,7.7,10.6,8.9,37.6,40.3,32.1,35.6,2.0,6.4,6.4,6.7,6.5,7.0,7.4,6.1,6.9,4.9,5.6,3.9,2.3,2.7,7.3,40.1,52.6,1.6,5.7,30.9,2.3,97.3,42.0,1.9,36.1,12.4,3.9,5.4,35.9,0.0,0.4,99.0,0.2,97.9,2.5,3.1,39.7,0.6,38.3,10.1,48.1,0.2,0.8,1.8,0.2,48.9,2.49,663.0,14.5,8.899999999999999,1050.0,4.2,90.3,0.0,93.7,36.4,0.2,0.2,90.9,7.3,0.9,1.8,9.7,21.3,67.7,9.0,2.0,97.0,97.0,59.3,1.2,95.8,3.0,0.3,0.0,96.6,0.4,0.2,2.9,0.0,0.9,0.6,99.69999999999999
10511319,rural,7720.0,7.6,9.5,8.8,45.9,47.5,34.7,44.7,1.6,6.7,6.9,6.8,6.6,7.2,6.9,5.5,6.2,5.8,5.7,4.2,2.3,3.3,5.3,43.3,49.9,1.2,5.6,32.8,2.4,97.2,51.2,1.4,30.3,11.7,4.6,4.5,45.6,0.2,0.7,98.6,0.2,99.5,0.6,7.2,40.7,0.5,20.5,10.6,45.5,0.7,0.7,0.7,20.8,51.6,2.28,1098.0,15.5,9.8,1956.0,3.9,84.2,0.5,95.1,38.0,0.1,0.0,62.7,36.3,1.0,1.5,15.3,10.2,29.6,48.3,11.8,96.1,92.5,37.3,8.9,53.6,37.6,28.8,0.1,98.4,0.0,0.1,1.4,0.2,0.8,0.0,71.2
10511323,rural,3318.0,9.7,10.7,8.3,46.2,51.7,34.0,77.0,2.1,6.3,5.8,6.5,6.4,6.6,6.8,5.7,6.0,4.9,5.7,4.8,2.8,3.0,6.3,38.0,55.5,1.4,5.0,32.1,2.6,97.4,51.5,0.0,31.9,10.2,3.6,2.6,21.5,0.0,0.8,99.0,0.1,99.5,0.8,10.6,52.0,0.0,34.1,18.9,15.1,0.0,0.0,0.5,31.4,48.9,3.18,185.0,16.3,10.6,800.0,4.1,41.0,0.0,98.1,0.9,0.1,0.1,77.6,21.8,0.0,1.8,59.0,1.9,46.5,13.1,38.5,96.3,60.1,0.5,0.8,60.3,39.0,0.0,0.0,66.9,0.5,0.0,32.4,0.3,0.5,0.4,100.1
11510101,urban,46005.0,7.0,8.7,9.1,16.9,26.5,49.0,23.6,4.1,8.2,7.6,7.0,7.7,7.9,7.2,6.2,5.5,4.7,4.5,3.1,2.4,3.1,4.7,37.3,55.0,2.8,5.0,29.9,2.9,98.4,18.8,0.7,25.6,18.0,13.6,15.7,99.0,0.7,0.5,0.7,0.0,99.7,0.4,23.7,55.2,2.6,30.7,27.5,33.3,1.5,0.4,3.8,0.3,49.7,1.64,12949.0,13.1,8.6,12474.0,3.7,52.5,35.0,99.5,97.8,0.9,15.7,81.7,0.7,0.5,1.4,12.5,17.2,34.1,35.3,13.4,99.0,99.7,73.1,93.4,2.6,4.1,98.1,0.2,99.6,0.2,0.0,0.0,0.1,,0.4,1.7
11510303,rural,18795.0,8.2,8.9,8.8,28.5,41.6,43.5,23.8,1.9,7.4,7.9,8.7,9.8,9.5,7.3,5.2,4.1,3.7,3.7,2.4,1.8,2.6,5.2,39.9,55.6,1.4,3.1,31.6,3.7,95.7,31.8,1.8,29.5,17.9,5.2,3.9,99.1,0.1,0.0,0.2,0.0,99.9,0.1,4.9,29.1,5.5,53.3,2.7,22.8,11.6,0.0,2.8,1.4,46.0,1.96,4616.0,10.5,6.800000000000001,4069.0,4.6,89.1,0.5,94.6,0.5,0.1,0.0,63.2,35.9,0.5,1.5,10.4,10.8,37.7,40.6,10.9,97.7,98.2,70.9,1.2,24.8,74.0,0.3,0.4,99.9,0.1,0.0,0.0,0.0,4.2,0.2,99.30000000000001
11510303,urban,5947.0,10.3,10.8,11.7,21.1,35.0,43.4,16.2,3.1,7.7,6.6,8.2,9.3,9.0,7.5,5.5,4.2,2.4,2.4,1.5,1.1,1.7,3.5,34.3,61.8,2.1,1.8,28.4,3.4,97.8,24.6,0.4,29.6,19.0,9.0,6.9,99.2,0.6,0.3,0.4,0.0,99.8,0.2,22.4,64.0,2.1,25.9,14.6,44.4,1.9,0.5,3.4,7.2,46.4,2.62,1446.0,6.7,4.3,1488.0,4.0,39.9,38.7,97.1,88.1,0.1,12.5,79.1,4.7,2.9,1.5,21.4,2.5,47.6,47.7,2.1,97.3,99.3,57.5,96.1,1.4,2.5,90.3,9.3,99.8,0.1,0.0,0.0,0.1,,0.6,0.4
11510313,rural,19494.0,9.9,10.4,10.0,30.3,48.3,44.0,8.6,1.3,8.3,7.6,8.0,9.1,9.4,6.7,4.4,3.6,3.4,3.7,2.4,1.3,1.8,5.7,38.7,56.7,1.2,3.3,30.1,3.5,94.3,34.3,1.8,29.7,13.2,4.0,3.0,99.2,0.1,0.1,0.1,0.0,99.8,0.1,4.0,31.5,0.5,57.0,3.4,15.7,21.9,0.3,0.7,0.5,47.1,2.93,5472.0,9.2,5.5,3966.0,4.9,85.0,0.6,94.0,0.3,0.4,0.0,56.8,42.3,0.2,1.8,14.4,11.5,33.9,40.7,13.9,96.8,97.3,27.2,1.5,55.8,42.7,0.0,0.0,98.5,0.3,0.4,0.7,0.1,5.5,0.2,100.0
11510323,rural,24258.0,10.0,10.1,10.6,32.0,46.5,45.9,16.3,0.8,7.9,7.7,8.1,9.0,9.0,7.1,4.9,3.8,3.0,3.3,2.2,1.6,1.7,5.8,35.0,60.7,0.7,3.6,28.5,3.5,93.4,36.6,1.4,31.0,13.1,5.0,3.0,98.8,0.1,0.1,0.2,0.0,99.7,0.2,8.9,40.1,3.0,57.5,3.8,13.4,20.1,0.3,0.9,0.9,47.6,2.35,6456.0,8.799999999999999,5.5,5304.0,4.6,92.4,0.3,95.4,1.5,0.7,0.0,39.2,57.7,0.5,1.6,7.2,16.3,31.3,40.1,12.3,95.4,97.4,39.3,0.7,50.4,48.9,0.1,0.1,97.6,0.3,0.3,1.7,0.2,6.4,1.9,99.9
11510501,rural,23849.0,8.6,10.2,10.8,28.6,46.7,43.1,11.9,1.7,8.5,8.3,8.6,9.0,8.1,6.2,4.6,3.8,3.4,3.8,2.1,1.6,2.3,6.0,39.2,56.2,1.3,3.3,30.6,4.4,96.2,32.6,0.7,31.3,13.7,3.9,3.7,98.0,0.2,0.0,0.1,0.1,100.0,0.0,6.3,30.9,0.4,59.1,2.7,22.4,14.9,0.1,0.3,0.1,46.8,2.3,6379.0,9.8,6.0,4784.0,5.0,87.5,0.3,96.6,1.3,0.0,0.1,66.0,32.5,0.8,1.7,12.2,16.3,36.8,37.3,9.6,98.2,98.4,30.7,4.0,34.8,61.1,1.5,0.6,93.1,0.0,0.4,6.3,0.1,1.6,0.6,97.9
11510501,urban,6046.0,10.2,11.7,10.8,17.1,33.1,46.9,22.2,1.8,8.7,7.0,8.0,8.6,8.6,6.5,5.3,4.1,2.9,2.7,1.6,1.6,1.7,3.0,33.1,63.3,1.3,2.4,27.3,4.1,98.3,19.7,0.6,28.7,19.1,8.8,9.6,99.4,0.9,1.1,0.5,0.0,99.9,0.3,7.3,35.6,2.1,38.7,15.3,41.8,1.7,0.2,0.1,0.1,47.6,1.91,1485.0,7.6000000000000005,4.9,1462.0,4.1,45.1,38.8,97.9,97.0,0.2,4.0,93.9,0.6,0.8,1.6,16.1,13.9,54.5,30.0,1.6,97.8,99.5,92.1,66.4,6.0,27.6,93.8,0.0,99.8,0.1,0.0,0.0,0.1,,0.4,6.2
11510503,rural,13984.0,8.8,10.2,10.7,25.2,44.2,42.7,12.3,1.1,8.6,8.1,7.7,8.1,8.1,6.0,5.0,4.7,3.3,3.5,2.3,2.0,2.9,7.9,40.1,54.1,1.3,4.5,31.4,3.4,94.7,28.8,0.4,31.1,14.4,5.5,4.5,99.5,0.0,0.0,0.1,0.0,100.0,0.0,7.4,33.5,0.2,71.3,4.3,18.8,4.7,0.3,0.2,0.2,45.9,2.59,3682.0,10.7,7.199999999999999,2870.0,4.9,78.8,2.6,96.5,18.8,0.1,0.0,63.0,36.4,0.4,1.8,18.7,8.2,45.8,32.6,13.4,97.5,98.2,49.7,8.3,38.7,53.0,5.9,2.1,99.0,0.0,0.2,0.7,0.1,1.9,0.1,92.0
11510505,rural,9260.0,8.2,9.3,10.6,39.3,46.8,31.7,18.3,1.1,9.1,8.3,7.9,8.4,8.1,6.2,5.4,4.4,3.3,3.8,2.4,2.0,2.4,6.1,37.1,57.6,0.9,4.4,29.9,4.1,95.4,44.9,0.0,24.1,16.9,5.6,6.5,99.6,0.1,0.0,0.0,0.0,99.8,0.2,6.4,35.2,0.3,53.1,6.3,32.6,6.2,0.1,1.4,0.0,47.0,2.28,1726.0,10.6,6.800000000000001,2165.0,4.3,78.7,0.4,90.1,0.3,0.0,0.1,13.0,85.1,0.6,1.6,20.8,16.1,41.7,28.9,13.3,96.4,98.7,14.1,0.4,5.6,94.0,0.0,0.1,97.6,0.2,0.0,2.0,0.2,3.8,1.2,99.9
11510507,rural,10535.0,11.0,11.1,11.7,28.5,45.8,43.4,18.2,0.8,9.0,8.6,8.4,8.8,7.6,5.5,3.9,3.5,2.8,3.0,1.7,1.5,1.9,3.8,36.1,60.7,0.8,2.4,28.6,5.2,96.5,33.2,0.4,31.7,15.3,4.2,2.6,99.6,0.1,0.0,0.1,0.0,99.9,0.1,3.9,21.9,0.4,66.6,2.8,5.8,22.5,0.0,1.5,0.4,46.2,2.9,2475.0,8.1,5.1,2057.0,5.1,83.4,0.2,96.9,0.9,0.2,0.1,66.9,31.2,1.3,1.8,16.3,22.1,42.5,27.7,7.7,99.0,98.9,58.5,1.3,41.9,56.8,0.0,0.2,97.2,0.1,0.1,2.3,0.2,1.3,0.3,99.80000000000001
11510509,rural,11276.0,8.6,10.2,10.4,30.3,44.8,46.3,1.8,1.5,8.4,7.4,7.3,7.8,8.4,6.5,5.4,4.3,3.6,3.6,2.6,2.3,3.1,5.7,35.6,59.3,0.9,4.2,29.7,3.3,98.6,34.5,0.7,33.5,14.2,4.7,2.1,97.4,0.1,0.0,0.2,0.2,99.9,0.1,2.1,16.9,0.8,61.2,3.9,13.0,19.8,0.0,0.7,0.6,47.8,1.72,3625.0,11.6,8.0,2506.0,4.5,89.0,0.7,97.0,3.7,0.0,0.0,54.7,44.3,1.0,1.4,10.3,20.0,38.0,30.2,11.8,97.0,96.9,21.8,1.5,53.9,44.6,0.2,0.3,97.2,0.0,0.4,1.9,0.5,5.4,0.0,99.5
11510511,rural,6762.0,6.9,8.8,10.2,32.6,43.6,43.6,22.2,0.7,9.2,6.9,6.2,6.9,8.1,7.6,6.8,5.0,4.2,4.0,3.2,2.2,3.7,8.5,38.4,56.1,0.7,4.8,31.1,3.4,88.3,37.0,0.0,27.1,15.5,7.0,6.8,99.6,0.0,0.1,0.1,0.0,99.9,0.1,12.8,38.5,0.1,63.7,7.6,24.0,3.8,0.0,0.6,0.1,48.9,1.77,1701.0,13.100000000000001,9.100000000000001,1627.0,4.2,87.1,2.2,87.6,7.7,0.1,0.0,14.6,85.1,0.2,1.6,10.7,9.0,25.7,33.1,32.2,81.9,92.7,9.8,0.1,0.7,99.3,5.7,0.2,78.1,0.1,0.3,21.4,0.1,3.0,0.1,94.19999999999999
11510513,rural,6454.0,8.6,10.2,11.8,27.8,42.3,44.7,9.9,1.9,9.7,6.8,5.2,6.7,6.9,6.5,6.1,4.7,3.5,4.0,3.1,2.6,3.6,7.6,34.3,59.1,1.7,4.9,29.8,4.0,98.1,32.4,1.1,30.6,15.1,5.0,5.9,99.5,0.1,0.2,0.2,0.0,99.7,0.3,3.9,19.3,0.3,52.8,8.8,14.7,20.9,0.1,2.3,0.1,48.2,2.57,1806.0,13.299999999999999,9.3,1526.0,4.2,89.1,2.0,97.8,13.3,0.0,1.4,13.9,84.2,0.4,1.5,8.9,14.1,23.5,37.1,25.4,88.7,93.5,6.5,3.9,60.6,35.5,8.0,0.7,81.8,0.1,2.5,15.3,0.3,4.5,0.1,91.3
11510515,rural,8097.0,8.9,9.3,11.2,31.4,46.4,43.5,23.0,1.0,9.6,7.7,7.1,7.7,7.4,6.3,5.0,4.6,3.7,3.5,2.4,2.5,3.2,5.9,37.7,58.0,0.8,3.5,29.6,4.5,97.6,36.2,1.1,29.0,15.2,4.3,4.1,99.4,0.1,0.0,0.0,0.0,100.0,0.2,5.8,31.9,0.2,54.8,5.7,16.0,17.0,0.2,5.6,0.5,46.1,2.42,1915.0,11.600000000000001,8.100000000000001,1808.0,4.5,83.4,2.3,96.1,22.3,0.1,0.1,23.2,76.2,0.4,1.9,14.3,16.6,29.3,29.5,24.6,97.8,98.9,12.9,1.4,63.6,35.0,5.8,0.2,83.9,0.2,3.6,11.6,0.7,3.2,0.1,94.0
11510605,rural,10800.0,8.8,9.7,10.4,36.1,42.3,41.0,10.4,3.5,8.7,6.6,6.3,6.7,7.6,6.7,5.9,5.5,4.2,4.0,3.3,2.4,3.2,6.7,31.0,61.4,2.7,4.9,28.2,3.1,96.6,41.0,0.9,30.3,16.7,5.6,4.3,98.9,0.1,0.1,0.1,0.1,99.9,0.1,8.3,34.9,0.5,48.7,7.4,32.5,7.2,0.1,2.3,1.3,48.2,1.78,2819.0,12.899999999999999,8.899999999999999,2668.0,4.0,81.5,5.1,92.6,0.6,0.0,0.0,20.7,77.4,0.6,1.2,13.5,9.1,33.5,35.4,22.1,96.9,97.3,23.2,0.7,19.6,79.7,1.4,0.1,98.4,0.2,0.0,1.2,0.2,2.8,1.3,98.5
11510607,rural,10623.0,7.8,8.4,10.0,41.5,47.8,39.3,9.8,2.7,9.0,7.8,7.2,7.2,7.8,7.0,6.2,5.8,4.1,3.9,2.7,2.2,3.0,7.5,33.4,60.2,2.3,4.1,29.8,3.6,94.3,46.9,0.2,27.1,13.9,6.3,4.7,99.0,0.1,0.1,0.0,0.0,99.9,0.1,6.4,29.3,1.2,64.7,4.5,21.9,6.3,0.0,1.1,0.2,46.7,2.83,2773.0,11.8,7.9,2655.0,4.0,88.4,0.2,92.6,1.3,0.2,0.0,30.3,69.0,0.4,1.3,11.5,10.1,29.7,41.7,18.6,94.6,94.9,50.0,1.5,31.6,66.9,0.0,0.3,97.9,0.0,0.2,1.9,0.0,2.0,0.1,99.7
11510615,rural,13526.0,9.3,10.6,11.3,40.7,48.8,49.0,6.5,0.7,9.6,7.5,6.7,7.5,7.5,6.9,5.5,4.9,3.0,3.4,2.3,1.8,2.2,6.3,34.7,61.2,0.8,3.3,29.0,4.1,96.3,47.1,0.4,27.2,14.2,5.4,4.0,98.2,0.3,0.0,0.1,0.0,99.9,0.1,5.9,24.0,0.0,51.1,3.8,22.8,21.5,0.0,0.7,0.1,46.6,2.96,4259.0,9.7,6.3,2960.0,4.6,84.1,0.2,79.5,0.3,0.0,0.0,17.9,82.0,0.0,1.5,15.7,18.6,25.0,34.8,21.7,82.5,93.5,29.3,3.6,9.2,87.2,0.1,0.0,94.2,0.0,0.2,5.7,0.0,5.1,0.1,99.9
11510621,rural,12075.0,9.1,10.2,11.3,36.7,48.0,45.4,8.0,0.5,9.5,7.4,7.1,7.4,8.0,6.8,5.9,4.6,3.3,3.2,2.1,1.8,2.4,4.0,35.6,60.2,1.0,3.2,28.6,4.5,94.9,41.9,0.3,30.2,13.0,4.6,4.0,99.2,0.0,0.0,0.0,0.0,100.0,0.0,3.0,21.7,0.2,60.1,3.5,11.2,17.1,0.2,6.0,1.7,47.1,2.81,3503.0,9.5,6.300000000000001,2638.0,4.6,93.3,0.8,88.9,0.0,0.0,0.0,13.2,86.2,0.5,1.5,5.9,15.4,27.2,39.4,18.1,97.1,93.0,2.3,2.0,0.9,97.0,0.7,0.0,97.8,0.0,0.4,1.3,0.6,2.4,0.0,99.30000000000001
11510701,rural,15888.0,9.3,11.4,10.5,35.4,53.0,49.5,18.5,0.9,9.0,7.7,8.1,7.9,7.2,6.1,4.9,3.9,3.6,3.5,2.3,1.7,2.7,5.3,37.0,59.0,0.6,3.4,28.0,4.6,95.5,40.5,1.8,29.2,9.8,3.3,2.9,99.5,3.0,0.2,0.2,0.0,99.9,0.3,7.5,36.7,1.8,39.2,6.6,37.0,12.2,0.4,0.9,1.9,50.0,1.82,4402.0,10.2,6.7,3363.0,4.7,83.6,4.4,97.3,36.5,0.1,0.1,95.5,3.7,0.4,1.6,12.0,14.6,26.8,53.3,5.3,96.4,97.9,19.3,1.8,69.9,28.4,15.6,9.2,91.6,0.0,0.1,8.0,0.2,5.1,0.1,75.19999999999999
11510707,rural,10896.0,9.1,10.6,10.8,32.3,47.7,43.2,23.6,1.4,9.8,7.3,7.3,7.8,7.2,6.2,4.9,4.6,3.6,3.6,2.5,2.0,2.8,3.8,38.1,57.2,0.9,3.7,30.5,4.3,95.1,36.9,0.6,28.1,13.7,4.1,5.7,99.4,0.3,0.5,0.0,0.0,99.8,0.2,9.9,32.8,1.0,40.2,14.5,31.2,10.9,0.0,2.0,0.2,46.8,2.36,2498.0,10.899999999999999,7.3,2432.0,4.5,71.1,10.2,93.0,32.4,0.6,0.0,93.0,5.6,0.6,1.6,18.8,11.9,38.3,41.6,8.2,95.4,96.9,31.8,0.8,62.0,37.1,27.5,0.4,91.7,0.0,0.5,7.5,0.3,3.3,0.2,72.0
11510709,rural,8007.0,7.9,9.1,11.1,31.8,43.2,53.5,15.0,0.9,10.0,9.8,9.0,8.7,7.5,5.6,4.7,4.0,3.4,2.8,2.1,1.7,2.6,4.4,43.7,52.6,0.8,3.0,31.4,5.5,97.8,36.4,0.9,30.5,18.6,3.6,3.1,98.2,0.2,0.0,0.1,0.0,99.8,0.1,6.7,24.9,0.2,51.1,3.4,18.9,25.9,0.3,0.0,0.1,44.8,1.94,2617.0,9.200000000000001,6.4,1598.0,5.0,81.5,1.5,95.9,1.3,0.1,0.0,66.2,31.5,1.5,2.0,17.0,11.8,20.8,46.6,20.8,93.7,96.8,25.6,13.2,38.2,48.6,0.1,0.9,98.6,0.4,0.1,0.8,0.2,6.2,0.6,99.0
11510711,rural,6924.0,9.9,11.3,10.2,33.6,48.3,46.0,25.9,1.0,9.4,8.2,7.4,7.9,6.9,5.7,4.9,4.4,3.1,3.7,2.4,1.8,3.0,7.0,38.4,57.0,0.9,3.8,29.6,4.9,98.1,38.3,3.0,33.6,10.5,2.7,1.9,99.5,0.2,0.0,0.1,0.0,99.9,0.1,3.6,14.1,0.2,40.9,4.7,32.3,20.3,0.0,1.4,0.1,47.9,2.72,1618.0,10.899999999999999,7.2,1459.0,4.7,94.7,1.0,88.7,23.2,0.1,0.0,77.7,21.7,0.4,1.7,4.4,14.1,23.2,53.6,9.2,87.9,93.1,12.7,0.4,80.9,18.7,0.3,0.7,92.5,0.0,0.2,7.1,0.2,3.8,0.1,99.0
11510713,rural,12287.0,9.4,10.4,11.1,32.6,44.5,41.8,20.7,1.6,8.6,7.6,7.9,7.4,7.6,6.3,4.8,4.2,3.4,3.8,2.5,2.0,3.1,5.7,35.9,58.6,0.9,4.6,29.1,3.6,96.6,37.6,1.8,31.4,13.8,4.7,3.9,98.7,0.3,0.0,0.2,0.0,100.0,0.0,9.9,42.7,3.8,39.2,10.7,39.4,5.6,0.4,0.0,0.8,48.5,2.49,2815.0,11.4,7.6,2804.0,4.4,73.3,6.4,95.0,52.9,0.1,0.0,90.1,8.8,0.8,1.6,20.3,11.9,31.9,46.8,9.4,98.8,99.6,43.7,2.6,75.4,22.0,50.5,0.8,96.7,0.4,0.0,2.7,0.2,3.8,0.2,48.699999999999996
11510901,rural,8568.0,8.5,10.4,10.8,32.9,52.1,44.3,10.1,0.6,9.4,7.5,8.0,8.0,7.1,5.3,5.4,4.4,4.1,3.7,2.5,2.1,3.0,4.4,39.7,56.5,0.6,3.2,30.1,4.6,97.4,37.8,1.7,26.7,10.8,4.7,4.0,99.1,0.4,0.2,0.1,0.0,99.8,0.3,3.8,15.4,0.7,39.8,8.5,24.2,23.5,1.2,2.0,0.0,49.4,2.14,2398.0,11.3,7.6,1814.0,4.7,74.7,5.4,95.4,34.1,0.2,0.9,56.4,41.7,0.7,1.6,19.9,7.3,19.5,52.6,20.6,94.9,95.2,17.1,32.2,19.7,48.1,22.9,7.9,93.4,0.1,0.5,5.9,0.2,1.9,0.1,69.2
11510909,rural,16539.0,9.6,10.6,9.7,30.3,46.2,45.5,17.4,0.3,8.2,7.7,7.8,9.0,8.5,6.4,5.2,4.0,3.8,3.8,2.1,1.6,2.1,5.8,37.1,58.4,0.6,3.9,29.4,3.9,96.0,34.4,1.0,28.8,15.4,4.5,4.1,99.2,0.3,0.1,0.4,0.0,99.9,0.1,6.5,36.0,1.5,58.2,5.3,18.8,13.1,0.0,1.3,1.8,48.0,2.64,4358.0,9.6,5.800000000000001,3366.0,4.9,83.5,4.2,90.3,9.6,0.2,0.0,48.2,50.8,0.2,1.8,12.3,12.0,28.8,44.7,14.4,97.0,97.9,36.2,11.0,3.2,85.8,9.6,0.6,98.9,0.3,0.4,0.4,0.0,5.1,0.7,89.8
11510911,rural,13918.0,10.1,11.9,11.8,32.4,50.4,46.0,14.3,0.9,9.2,8.0,7.5,8.4,7.7,5.0,4.5,3.7,3.6,3.0,2.1,1.5,1.9,5.9,36.8,59.1,0.5,3.6,29.5,5.2,97.0,37.6,1.3,30.0,11.7,3.5,3.1,98.8,0.5,0.0,0.1,0.1,100.0,0.0,5.7,27.3,0.3,45.9,7.9,18.9,19.3,0.0,7.6,0.0,47.9,3.22,3630.0,8.5,5.5,2780.0,5.0,77.9,2.2,97.2,5.6,0.0,0.4,65.1,33.3,0.7,1.5,19.9,11.4,33.3,47.9,7.4,92.2,94.3,13.4,7.3,23.4,69.4,7.8,3.6,96.4,0.1,0.3,3.1,0.0,10.0,0.6,88.60000000000001
11510917,rural,5865.0,7.8,10.7,9.5,42.3,53.9,40.4,37.5,0.7,7.9,7.7,7.3,8.7,8.7,5.7,4.8,4.5,4.4,4.1,3.7,2.2,2.4,7.2,42.6,53.4,0.6,3.5,33.3,4.4,94.0,47.5,0.7,26.7,13.0,2.4,3.2,97.5,0.1,0.0,0.3,0.0,99.9,0.1,3.2,17.2,0.3,53.6,4.0,27.2,8.9,0.3,3.2,2.5,47.9,1.71,1067.0,12.4,8.3,1243.0,4.7,84.4,0.2,94.0,0.3,0.3,0.2,73.9,24.3,1.3,1.5,15.4,8.9,37.0,47.4,6.7,87.2,87.4,17.5,1.0,54.5,44.5,0.1,0.6,50.4,0.2,6.1,42.4,0.9,4.9,0.1,99.30000000000001
11510917,urban,4460.0,7.8,10.1,10.4,24.9,35.5,40.5,12.0,2.1,8.3,6.8,7.1,9.1,7.2,6.9,6.2,4.9,3.8,3.7,2.6,2.2,2.9,4.8,35.4,58.4,1.5,4.7,28.3,2.4,97.0,28.5,1.3,27.2,16.0,9.4,10.7,99.6,0.8,0.5,1.1,0.0,99.7,0.3,19.6,57.5,3.2,24.2,23.3,44.7,1.2,0.4,1.1,1.8,49.0,1.31,1133.0,11.4,7.700000000000001,1187.0,3.8,50.7,25.6,99.2,94.4,0.3,0.6,96.3,0.2,2.0,1.4,23.7,11.0,33.6,50.2,5.2,98.0,99.5,59.5,93.1,6.4,0.5,97.1,0.2,99.7,0.1,0.0,0.0,0.3,,0.6,2.7
11510919,rural,12766.0,10.3,11.9,10.5,38.0,50.9,47.7,8.7,0.3,8.3,6.8,7.6,8.4,8.3,6.6,4.6,3.9,3.7,3.7,2.4,1.5,1.5,10.9,38.0,57.8,1.0,3.2,29.6,4.5,95.3,43.6,0.7,29.4,12.7,4.4,1.9,99.0,1.8,0.0,0.2,0.0,100.0,0.1,4.9,29.0,0.7,59.0,4.0,27.7,7.6,0.0,0.3,0.6,46.6,2.76,3739.0,9.1,5.4,2771.0,4.6,63.6,0.6,93.4,2.5,0.0,0.0,48.4,51.0,0.4,1.7,35.8,12.1,35.1,36.8,16.0,90.9,88.1,6.5,0.8,47.6,51.6,1.3,0.2,89.0,0.5,1.8,8.7,0.0,6.7,0.2,98.6
11511103,rural,16660.0,10.0,11.7,12.2,36.8,56.2,44.8,17.5,0.8,10.1,8.1,8.0,8.3,7.2,5.2,4.6,3.8,2.9,2.6,2.0,1.4,1.9,5.4,37.9,58.6,0.7,2.8,28.6,5.3,92.0,43.0,1.0,29.7,10.0,1.9,1.1,98.5,0.9,0.0,0.0,0.0,99.9,0.1,3.2,22.8,0.1,56.7,3.8,8.5,24.4,0.6,0.4,5.5,47.5,2.28,4067.0,7.9,5.3,3154.0,5.3,77.6,0.1,95.8,0.7,0.0,0.1,84.7,14.2,0.6,2.2,22.3,6.2,31.0,51.7,11.1,93.1,96.1,19.7,0.6,69.1,30.2,0.0,0.0,96.0,0.0,0.2,3.8,0.0,3.2,0.4,100.0
11511105,rural,21413.0,9.1,10.3,11.1,31.2,51.3,46.3,23.1,0.9,8.9,8.8,9.3,8.8,7.8,5.8,4.0,4.0,3.1,3.0,2.2,1.6,2.3,5.7,39.6,57.0,1.0,2.4,29.7,5.2,90.1,35.8,2.4,26.8,13.4,3.2,2.9,98.2,0.1,0.0,0.0,0.0,99.7,0.3,5.2,26.8,0.5,54.4,4.0,11.2,27.4,0.3,1.6,0.6,46.4,2.07,5302.0,9.100000000000001,6.1,3958.0,5.4,85.2,1.0,97.9,2.7,0.0,0.0,79.2,19.9,0.9,1.8,13.8,12.9,36.4,45.5,5.2,97.0,97.2,41.2,5.1,9.2,85.7,0.5,3.6,98.5,0.3,0.0,1.0,0.2,2.1,0.1,95.89999999999999
12270305,rural,13488.0,9.0,9.9,9.7,31.7,52.5,45.1,18.4,1.0,8.7,7.9,7.7,7.2,7.5,6.3,5.4,4.5,4.0,3.7,2.9,2.0,3.4,6.0,37.3,56.8,0.8,5.2,29.5,3.8,97.3,35.8,2.0,27.2,11.2,3.4,3.6,98.6,0.0,0.1,0.1,0.0,100.0,0.0,7.0,30.2,0.0,56.2,6.2,32.6,3.9,0.7,0.3,0.2,48.9,3.16,3544.0,12.0,8.3,3093.0,4.4,94.8,0.4,96.2,8.6,0.5,0.0,65.4,32.5,0.0,1.6,4.8,14.9,25.6,30.3,29.2,98.7,99.0,18.9,4.9,53.8,41.3,8.0,1.1,92.0,0.0,1.9,5.9,0.2,1.2,1.6,90.80000000000001
12270305,urban,3726.0,9.3,10.8,10.2,17.8,30.5,47.9,28.6,1.8,9.1,8.8,8.5,8.3,7.6,6.3,5.0,4.4,3.7,3.0,2.1,1.2,1.6,4.5,35.7,59.9,1.5,2.9,28.4,4.0,95.9,20.2,4.8,28.5,16.6,9.1,10.5,99.6,1.2,0.2,0.4,0.0,99.7,0.7,15.5,54.6,2.1,42.0,17.7,35.4,1.7,0.0,1.1,0.0,48.9,1.67,888.0,7.9,4.9,899.0,4.1,73.9,16.9,99.0,90.5,0.3,0.3,97.1,0.7,0.7,1.6,9.2,12.0,39.9,44.6,3.4,98.7,99.6,55.6,88.8,9.6,1.7,74.9,4.0,99.2,0.2,0.0,0.3,0.2,,0.9,21.2
12270311,rural,10036.0,10.6,11.2,10.5,24.6,45.8,50.0,10.8,1.8,8.4,7.6,8.0,8.2,7.6,6.5,5.3,4.3,3.0,3.0,2.1,1.8,2.0,5.6,33.9,62.0,1.2,2.8,27.4,3.4,96.8,28.1,1.1,28.4,14.8,6.4,3.5,99.5,1.2,0.3,1.5,0.0,99.8,0.4,6.7,29.0,0.6,22.7,4.8,61.5,8.2,0.4,1.7,0.1,46.8,2.77,3031.0,8.899999999999999,5.9,2416.0,4.2,82.4,6.9,91.3,51.0,0.8,0.0,71.9,25.7,0.7,1.7,10.8,40.1,27.1,17.9,14.9,96.1,96.9,60.8,3.3,77.0,19.7,38.8,0.4,94.6,0.1,1.0,4.4,0.0,1.1,0.8,60.8
12270313,rural,12642.0,10.0,10.1,8.6,29.4,42.7,43.7,12.9,2.8,7.1,8.4,8.8,9.3,7.9,6.3,5.7,4.5,3.6,3.3,2.0,1.8,2.5,5.5,33.1,61.3,1.9,3.6,27.8,3.2,97.2,32.8,1.5,29.0,14.7,7.7,4.5,98.8,2.0,1.4,0.7,0.1,99.2,0.4,11.7,37.8,1.0,24.7,5.8,59.1,1.4,0.0,4.1,3.7,46.7,2.56,3431.0,9.6,6.3,3437.0,3.7,72.8,18.8,98.6,51.4,1.1,3.9,84.6,9.1,1.0,1.3,8.3,16.0,39.3,34.4,10.4,98.7,99.7,50.7,17.6,28.0,54.4,41.6,1.3,99.4,0.1,0.1,0.0,0.4,1.8,0.3,57.1
12270321,rural,9305.0,8.1,9.2,8.8,27.3,48.9,48.5,18.5,1.3,8.1,7.5,8.1,7.9,7.3,6.5,6.1,5.7,4.1,4.1,2.8,2.2,3.5,4.4,35.2,58.0,1.1,5.6,26.1,3.0,97.6,30.5,2.1,30.1,11.4,4.2,3.3,99.4,0.3,0.1,0.4,0.1,99.9,0.0,6.5,30.9,0.2,28.9,6.4,60.2,3.3,0.0,0.9,0.0,48.9,2.09,2718.0,12.6,8.5,2385.0,3.9,90.9,3.3,98.1,21.9,0.3,1.0,70.8,27.1,0.5,1.2,5.8,16.7,28.9,32.8,21.5,99.3,99.6,39.9,4.1,2.8,93.1,8.4,0.6,95.6,0.5,3.2,0.8,0.0,2.9,0.3,90.9
12270501,rural,15457.0,10.0,11.0,10.6,19.9,33.3,43.1,14.6,2.4,8.6,7.1,7.2,7.7,8.1,7.2,6.0,4.3,3.1,3.5,2.2,1.6,1.8,3.0,31.0,63.8,1.8,3.5,27.5,2.8,96.8,23.0,1.9,31.7,18.8,9.9,4.5,98.9,1.6,0.5,2.7,0.0,99.6,0.5,8.8,35.7,1.2,21.3,4.6,65.9,1.0,2.8,1.6,1.5,48.8,2.32,3884.0,9.100000000000001,5.6000000000000005,3912.0,4.0,71.8,16.0,94.1,85.8,2.5,0.2,92.4,3.5,0.9,1.5,12.2,47.8,27.6,19.8,4.8,99.1,99.7,63.1,76.7,15.7,7.6,78.8,0.0,99.6,0.3,0.0,0.1,0.0,0.2,0.6,21.2
12270505,rural,16559.0,10.3,10.0,9.3,25.5,41.5,45.5,22.3,2.5,7.6,7.7,8.0,8.2,7.4,6.5,5.7,4.8,3.8,3.5,2.5,1.8,2.8,4.7,31.4,62.7,1.6,4.3,26.5,3.3,98.4,28.8,2.3,27.4,14.9,8.8,5.1,99.0,1.2,1.6,1.2,0.0,99.4,0.5,14.3,45.1,1.5,19.6,11.1,64.8,0.8,0.2,1.3,0.7,47.8,2.81,4121.0,10.6,7.1,4391.0,3.8,72.8,17.0,98.4,31.6,1.8,6.9,73.8,16.2,1.3,1.3,10.2,22.9,36.5,31.9,8.7,99.5,99.7,80.8,28.4,21.3,50.4,34.3,0.3,99.5,0.2,0.0,0.1,0.2,0.4,0.0,65.4
12270509,rural,18188.0,10.9,11.1,9.9,27.9,46.6,51.6,10.0,1.9,7.9,7.6,7.8,8.4,7.7,6.4,5.3,4.2,3.5,3.0,2.2,1.8,2.3,4.5,31.0,64.5,1.3,3.2,26.8,3.5,91.6,31.6,1.5,27.6,15.0,6.4,2.9,98.9,1.9,1.4,1.1,0.1,99.7,0.4,8.1,35.5,0.9,31.3,3.8,54.2,7.0,1.4,1.1,0.3,47.7,3.33,5753.0,9.3,6.3,4627.0,3.9,85.5,7.4,95.2,52.0,0.2,0.0,77.7,19.7,1.1,1.4,7.0,34.7,30.6,20.1,14.6,98.2,99.0,41.2,2.4,77.1,20.5,11.6,13.5,98.4,0.0,0.1,1.4,0.1,1.2,1.3,74.8
13310101,urban,124655.0,6.9,8.9,9.3,21.8,29.6,39.7,24.4,5.2,8.2,7.3,6.5,7.0,7.0,6.8,6.0,5.8,4.9,5.5,4.0,2.8,3.1,4.8,33.7,56.1,3.9,6.2,29.8,2.8,96.7,24.4,1.3,27.1,18.2,12.4,11.4,98.9,0.7,0.6,0.8,0.1,99.8,0.4,16.4,50.9,2.6,34.5,16.7,34.8,1.2,2.4,3.2,4.7,50.7,1.64,27970.0,15.4,9.9,33188.0,3.8,66.7,20.6,97.5,97.9,0.3,7.7,91.2,0.1,0.5,1.4,12.7,19.6,35.5,39.4,5.6,98.8,99.7,74.4,99.4,0.5,0.1,97.7,1.9,99.7,0.2,0.0,0.0,0.1,,0.2,0.4
13310103,urban,133592.0,7.5,9.6,9.5,18.4,26.2,46.5,19.6,5.5,7.7,7.0,7.0,7.6,7.7,7.2,5.8,5.4,4.6,5.0,3.5,2.4,2.7,4.3,32.3,57.9,4.2,5.6,28.9,2.8,94.9,20.7,1.9,29.5,19.2,12.3,10.8,98.5,2.0,1.4,3.4,0.1,99.7,0.9,18.2,53.4,3.0,23.8,15.8,50.4,1.0,1.1,2.6,2.4,50.4,1.8,36674.0,13.600000000000001,8.600000000000001,35818.0,3.7,62.7,21.2,97.1,91.8,1.4,12.7,72.6,1.5,0.7,1.4,16.0,18.3,31.2,41.9,8.6,98.7,99.5,73.5,93.1,6.2,0.7,89.0,4.6,99.5,0.3,0.0,0.1,0.1,,11.2,6.4
13310701,rural,9623.0,7.9,9.8,10.0,42.8,50.6,37.2,33.1,2.2,7.4,6.1,6.4,7.4,7.6,6.9,5.9,5.3,4.4,4.7,3.3,2.7,4.1,7.0,28.2,62.5,1.9,7.4,28.4,3.8,91.6,48.4,0.7,30.1,10.9,5.0,2.7,96.1,0.2,0.1,0.0,0.1,100.0,0.0,3.2,18.4,0.0,42.8,7.7,43.6,3.7,0.0,0.0,2.2,47.7,1.66,1733.0,14.799999999999999,10.1,2639.0,3.6,93.3,0.0,97.1,29.0,0.0,0.0,8.6,91.2,0.2,1.4,6.7,8.2,16.0,33.4,42.5,99.3,99.3,5.1,1.8,46.9,51.3,0.0,0.2,99.0,0.1,0.1,0.5,0.1,1.4,0.0,99.8
13310703,rural,17182.0,8.7,11.5,11.8,40.0,44.9,39.2,9.4,3.7,9.3,6.9,6.2,7.5,7.7,7.1,5.1,4.7,3.0,3.7,2.5,1.9,2.4,5.1,30.3,62.6,2.9,4.3,27.5,3.6,95.2,46.5,1.5,28.6,16.5,5.3,3.3,99.5,0.2,0.2,0.2,0.0,100.0,0.0,5.2,26.4,0.8,29.6,2.9,52.5,2.9,5.6,0.1,5.6,49.1,2.03,4151.0,10.5,6.800000000000001,4028.0,4.3,95.1,0.3,92.5,80.3,0.2,0.0,58.5,38.5,0.7,1.9,4.6,25.3,33.4,31.0,10.3,94.8,94.2,45.8,2.6,50.9,46.4,0.2,0.0,91.7,0.9,0.1,7.3,0.0,0.8,2.0,99.8
13310705,rural,38217.0,10.7,12.9,11.8,36.0,42.4,45.1,14.2,3.5,8.4,7.0,7.2,7.9,8.0,6.5,4.5,3.2,3.1,3.7,2.0,1.3,1.7,3.8,27.7,66.4,2.4,3.4,25.7,3.8,96.1,41.9,1.6,36.3,14.8,3.2,1.7,98.7,0.2,0.1,0.2,0.1,99.7,0.1,3.4,33.2,1.5,20.8,1.9,59.5,9.9,0.1,1.7,4.8,49.2,2.63,9546.0,8.7,5.0,6747.0,5.7,89.9,0.0,93.6,18.9,0.4,0.0,68.1,26.2,0.6,1.9,10.1,24.3,33.1,41.2,1.5,95.3,97.9,63.8,2.0,66.7,31.3,0.1,0.3,98.4,0.2,0.3,0.8,0.3,1.0,4.7,99.6
13310705,urban,9939.0,9.6,11.4,10.3,29.1,35.2,50.1,14.4,5.5,8.4,8.1,7.1,7.9,8.2,7.4,5.3,4.1,3.6,3.9,2.1,1.2,1.5,3.0,30.2,62.6,3.3,3.9,26.7,3.3,96.9,33.2,2.0,32.4,17.7,8.1,4.6,99.0,1.6,0.5,2.2,0.0,99.9,0.3,8.5,37.1,3.8,19.6,7.0,65.4,1.6,1.2,1.0,0.6,48.5,1.75,2927.0,8.7,4.8,2202.0,4.5,80.9,13.7,92.9,17.0,0.1,0.1,95.2,1.1,0.7,1.6,5.4,28.4,31.7,28.0,11.9,96.7,99.4,63.7,18.3,63.5,18.2,13.9,14.5,100.0,0.0,0.0,0.0,0.0,,2.9,71.6
13310711,rural,13590.0,8.1,9.3,8.8,36.4,52.7,44.7,17.7,1.8,9.0,8.7,8.2,7.6,6.9,6.2,5.7,5.2,4.1,3.8,3.0,2.3,3.1,7.0,37.8,56.5,1.6,4.1,30.9,4.2,93.3,40.5,0.6,27.5,12.0,4.3,2.9,97.2,0.1,0.0,0.1,0.0,99.9,0.1,2.1,8.0,0.1,45.8,4.3,24.5,17.1,0.1,1.8,6.3,44.7,2.85,3681.0,12.2,8.4,3176.0,4.3,91.2,0.1,98.4,6.1,0.1,0.0,5.4,94.3,0.3,1.5,8.7,11.4,14.8,45.5,28.3,97.5,98.4,15.6,0.8,44.9,54.3,0.3,0.3,85.3,0.2,3.1,11.3,0.2,1.5,0.0,99.4
13310715,rural,8657.0,8.2,9.7,9.4,46.1,50.3,38.6,24.7,3.5,8.5,5.9,5.2,6.7,7.2,6.9,6.6,4.8,4.6,4.6,3.7,3.5,4.5,6.1,27.6,63.3,2.5,6.6,28.5,3.1,98.5,51.9,1.8,26.4,14.4,5.1,2.0,99.2,0.3,0.0,0.0,0.0,99.9,0.1,9.8,37.6,0.5,54.0,3.3,33.8,6.3,0.0,2.1,0.0,47.1,4.5,1827.0,16.3,11.7,2317.0,3.7,90.5,0.0,88.9,47.5,0.1,0.0,15.1,84.0,0.4,1.7,9.5,10.6,12.1,31.8,45.6,92.8,93.9,24.3,0.8,7.9,91.3,0.3,0.0,96.9,0.0,1.3,1.0,0.8,2.7,0.4,99.7
13310717,rural,25286.0,10.0,12.3,10.8,38.2,45.2,42.1,11.9,4.3,8.2,6.8,7.0,7.5,8.0,6.4,5.0,3.9,3.5,4.3,2.4,1.7,2.1,4.7,28.6,64.1,3.0,4.2,26.8,3.3,97.8,44.1,1.5,31.6,13.6,5.1,2.9,98.8,0.1,0.2,0.2,0.1,99.9,0.1,6.4,27.6,0.6,24.1,4.6,62.4,4.6,0.2,0.9,2.7,49.4,2.08,6278.0,10.499999999999998,6.199999999999999,5050.0,5.0,91.2,0.1,93.5,40.0,0.1,0.0,70.7,28.2,0.9,1.7,8.7,24.8,24.9,40.6,9.8,93.5,94.5,63.3,2.1,67.2,30.7,0.1,0.0,95.7,0.1,2.2,1.7,0.3,1.5,0.2,99.89999999999999
13310901,rural,6925.0,8.2,9.5,9.0,38.3,53.7,37.9,8.4,2.0,8.7,7.1,6.5,6.8,6.6,6.3,6.1,4.8,4.8,4.9,3.6,2.9,4.3,8.0,37.1,56.7,1.7,4.6,31.1,3.8,93.6,42.8,0.3,26.7,12.6,4.0,2.7,98.3,0.2,0.3,0.2,0.0,99.7,0.3,2.1,18.1,0.6,54.0,7.3,19.8,9.4,0.2,6.6,2.1,45.3,2.77,1762.0,15.7,10.8,1775.0,3.9,81.9,5.6,95.5,66.5,0.4,0.1,35.3,59.4,1.1,1.8,12.5,7.3,10.7,45.5,36.4,94.4,96.4,31.9,6.0,42.4,51.6,7.7,0.2,98.9,0.1,0.1,0.8,0.2,3.0,3.7,92.2
13310903,rural,7333.0,7.1,8.1,9.2,37.9,53.4,40.9,30.0,1.8,7.8,7.8,6.5,6.3,6.1,6.3,6.3,5.7,4.9,5.3,3.6,3.2,5.7,8.3,37.7,54.5,1.7,6.0,31.1,3.7,97.1,42.3,0.5,23.5,13.8,4.7,4.0,99.4,0.3,0.3,0.2,0.0,99.9,0.2,5.0,22.7,0.8,34.2,14.0,41.7,4.8,0.3,3.0,1.3,46.1,2.31,1586.0,17.8,12.5,1971.0,3.7,80.0,3.2,94.0,48.0,0.3,0.1,15.9,82.8,0.8,1.5,16.8,8.2,9.4,40.3,42.1,94.9,97.3,6.1,1.3,25.6,73.1,0.4,1.5,98.1,0.5,0.8,0.2,0.5,1.6,0.2,98.1
13310905,rural,11310.0,8.4,10.4,10.6,40.3,49.9,39.5,37.0,1.3,9.5,8.1,5.6,6.2,6.3,6.2,5.7,5.1,4.3,4.3,3.3,2.6,3.5,6.2,36.5,58.0,1.0,4.5,28.8,3.7,98.2,45.9,2.1,28.1,14.2,3.7,2.1,99.0,0.2,0.2,0.1,0.0,99.6,0.5,3.7,33.1,7.7,36.9,8.3,38.0,5.9,0.0,2.2,0.9,45.7,2.88,1987.0,13.7,9.4,2713.0,4.2,84.5,2.0,86.0,22.2,0.0,0.0,7.6,90.3,2.0,1.8,13.5,11.1,13.1,28.2,47.7,96.3,96.9,14.8,4.2,39.5,56.3,2.5,2.5,99.3,0.3,0.1,0.0,0.3,1.7,0.1,95.0
13310913,rural,5448.0,7.8,9.1,8.1,35.8,56.0,38.1,48.9,1.5,7.9,7.7,6.8,6.8,7.2,6.6,5.8,5.7,4.5,5.3,3.7,2.9,4.1,9.9,38.1,56.3,1.3,4.3,32.0,3.9,93.0,39.4,0.3,24.3,11.3,4.9,3.3,98.8,0.3,0.0,0.1,0.0,99.9,0.1,9.6,31.8,1.3,40.6,15.2,27.5,4.5,1.0,2.1,7.8,46.7,2.22,794.0,16.0,10.7,1354.0,4.0,96.6,1.0,95.7,22.4,0.1,0.0,11.6,87.5,0.6,1.6,2.4,5.8,9.1,56.4,28.7,94.8,97.1,26.2,2.7,59.8,37.5,0.1,0.0,91.4,0.1,0.9,7.3,0.2,2.7,0.2,99.89999999999999
13310915,rural,8611.0,7.6,9.8,9.4,45.6,58.7,30.4,55.6,1.0,9.2,7.5,6.1,6.5,6.8,6.5,5.6,5.2,4.7,4.4,3.5,3.0,4.0,7.8,35.4,58.4,1.2,5.1,30.8,4.2,96.0,51.2,0.0,23.7,12.0,3.6,2.0,98.9,0.2,0.1,0.1,0.0,99.8,0.2,3.4,20.0,0.2,52.7,12.7,22.9,1.8,0.0,2.5,7.2,46.4,2.38,850.0,14.9,10.5,2226.0,3.9,73.2,0.3,96.2,6.7,0.0,0.0,2.6,96.7,0.6,2.0,26.6,5.1,8.0,39.2,47.8,98.3,98.7,17.3,0.9,44.0,55.1,0.0,0.2,85.2,0.1,8.3,5.6,0.8,1.4,0.1,99.8
13311103,rural,13408.0,9.6,12.2,11.2,44.2,48.5,41.3,16.3,2.9,8.3,6.7,6.4,7.5,7.9,6.5,5.1,4.5,3.7,3.8,2.5,1.8,2.3,5.6,27.6,66.4,2.4,3.6,26.0,3.4,97.4,51.3,2.2,31.8,13.2,2.5,1.9,99.1,0.0,0.1,0.0,0.1,99.8,0.1,5.3,30.8,1.7,20.9,3.8,65.0,3.0,1.2,1.1,3.3,48.2,1.91,3106.0,10.399999999999999,6.6,2765.0,4.8,97.9,0.0,94.9,81.7,0.0,0.0,72.2,26.1,0.3,2.1,2.1,14.2,20.1,52.6,13.1,90.8,96.5,57.0,1.1,63.8,35.1,0.0,0.1,97.9,0.2,0.7,0.9,0.3,1.0,1.4,99.9
13311107,rural,12961.0,10.1,11.6,10.7,41.1,46.4,41.7,13.2,1.9,8.9,7.5,6.4,7.0,7.4,6.2,5.0,4.2,3.7,3.9,2.6,2.0,2.8,6.1,33.0,61.8,1.7,3.6,27.6,4.4,95.6,47.4,1.9,31.2,14.4,4.4,1.7,97.6,0.2,0.3,0.1,0.1,99.9,0.3,5.7,39.3,2.1,39.2,4.8,45.7,6.2,0.0,1.0,1.0,47.1,2.26,3169.0,11.3,7.3999999999999995,2797.0,4.6,93.3,1.1,85.1,77.8,0.0,0.0,32.6,66.3,0.6,1.9,5.6,16.4,23.6,32.8,27.2,92.1,92.5,34.9,1.3,69.1,29.6,2.3,0.5,93.1,0.6,0.6,5.5,0.3,1.9,0.5,97.19999999999999
13311109,rural,17878.0,10.4,11.4,10.6,49.5,54.5,45.4,24.6,1.9,8.8,7.7,7.0,7.7,7.3,6.3,4.7,4.2,3.5,3.8,2.6,1.7,2.3,8.6,32.9,61.5,1.8,3.8,27.6,3.8,88.9,56.5,2.5,25.5,13.0,2.9,1.7,97.9,0.3,0.1,0.4,0.0,99.8,0.4,4.4,27.9,0.3,26.5,4.0,59.1,9.0,0.5,0.3,0.2,47.8,2.9,4127.0,10.399999999999999,6.6,3814.0,4.7,91.5,0.0,89.2,31.7,0.0,1.1,23.9,73.7,0.6,2.0,8.5,17.8,23.4,30.5,28.4,88.7,90.1,9.2,1.7,65.3,33.1,0.1,0.3,97.8,0.1,1.0,0.9,0.1,2.8,0.6,99.6
13311111,rural,11176.0,9.0,10.1,9.3,38.6,46.8,42.3,19.1,2.3,8.2,7.1,7.0,7.4,7.4,6.8,5.6,4.5,3.8,4.5,3.5,2.3,3.5,5.7,33.4,59.8,1.7,5.1,29.5,3.1,95.2,43.5,1.8,29.0,16.8,3.8,1.9,98.5,0.7,0.7,5.9,0.0,99.7,0.2,4.5,26.6,0.2,28.3,5.8,61.1,2.6,0.2,1.0,0.9,48.5,2.0,2739.0,13.8,9.3,2716.0,4.1,74.3,1.2,94.4,51.9,0.4,0.0,49.8,47.3,1.2,1.6,24.6,11.1,28.0,37.3,23.7,98.2,97.9,40.3,1.7,74.3,24.1,3.8,2.3,92.3,5.9,0.6,1.0,0.2,1.9,1.3,93.89999999999999
13311111,urban,7060.0,8.9,10.5,9.2,31.1,40.0,41.2,26.9,3.1,7.2,6.9,6.7,8.3,8.7,7.2,5.5,4.9,3.6,4.5,3.3,2.3,2.4,4.1,36.0,57.5,2.4,4.0,30.6,2.4,95.6,34.9,1.3,28.3,18.7,7.0,4.7,98.7,0.2,0.5,21.2,0.1,99.6,0.4,8.4,32.3,1.2,15.8,12.1,60.0,0.9,0.4,1.7,7.9,49.3,2.39,1516.0,12.5,8.0,1753.0,4.0,68.0,12.7,90.7,72.8,0.3,0.3,93.8,1.7,0.5,1.7,19.2,15.6,42.7,37.4,4.2,97.2,98.5,67.7,80.6,17.1,2.3,83.3,5.4,99.0,0.2,0.3,0.3,0.2,,3.4,11.3
13311112,rural,12582.0,10.0,11.2,10.9,44.3,52.8,41.7,15.4,2.0,8.9,7.1,6.4,6.7,7.4,6.6,5.4,4.4,3.7,3.8,2.9,2.1,2.7,5.4,29.8,63.7,1.7,4.8,28.0,4.3,97.6,51.1,2.2,26.7,11.3,4.4,2.6,99.0,0.1,0.0,0.0,0.0,99.5,0.1,3.2,22.5,13.3,31.3,5.5,22.1,9.5,1.2,8.0,9.0,48.1,2.52,3013.0,11.5,7.7,2699.0,4.7,98.4,0.0,96.3,82.0,0.1,0.1,50.6,47.9,0.2,2.0,1.6,14.5,20.6,32.3,32.5,98.4,96.2,45.4,21.9,52.4,25.7,0.7,0.0,98.3,0.0,0.2,1.6,0.0,0.9,1.1,99.30000000000001
13311113,rural,12854.0,9.6,11.2,10.1,44.2,53.3,39.9,10.9,2.3,8.8,6.9,6.3,7.1,7.5,6.8,5.3,4.5,3.9,3.9,2.8,2.3,2.9,4.8,29.0,63.9,2.1,5.0,28.0,4.6,83.1,50.3,1.5,26.7,12.2,4.0,2.3,96.2,0.1,0.0,0.1,0.1,99.9,0.0,5.0,19.6,0.7,43.2,3.9,29.5,10.2,0.3,1.4,10.9,47.5,2.81,3154.0,11.9,8.0,2894.0,4.4,93.3,0.0,89.2,80.8,0.0,0.0,43.9,55.5,0.4,2.0,6.7,9.0,21.6,43.4,25.9,94.2,92.6,49.3,2.8,61.1,36.0,1.5,0.0,98.2,0.0,0.3,1.1,0.4,0.8,0.2,98.5
14050109,urban,57356.0,6.7,8.0,8.8,19.5,27.1,40.0,24.6,4.9,8.2,7.1,5.9,6.8,7.0,7.0,6.5,6.2,5.4,5.7,4.2,2.9,3.7,5.2,34.3,55.6,3.8,6.3,29.7,2.6,96.9,21.6,2.1,25.1,18.3,14.3,13.1,98.6,1.1,0.3,0.1,0.1,99.8,0.3,19.8,54.6,2.7,28.4,26.6,32.4,0.8,1.1,2.5,5.5,50.1,1.91,13235.0,16.5,10.8,16266.0,3.5,61.0,25.8,99.0,99.1,1.1,8.9,87.7,0.6,0.7,1.4,13.2,13.2,35.1,40.4,11.3,98.4,99.6,65.3,98.5,0.8,0.7,70.9,28.0,99.5,0.1,0.0,0.0,0.3,,1.1,1.1
14050701,rural,13551.0,6.7,8.1,8.8,40.0,45.5,31.6,36.6,3.2,9.3,6.3,4.7,5.5,6.9,7.1,7.0,5.9,5.6,5.6,4.3,3.5,4.8,9.9,30.8,61.3,2.4,5.5,29.4,2.9,93.4,44.4,1.1,24.5,18.8,6.3,3.8,97.4,0.3,0.1,0.1,0.0,99.8,0.2,3.8,27.9,0.2,57.6,5.5,20.4,3.1,2.8,6.9,3.5,48.4,2.15,2075.0,18.2,12.6,3752.0,3.6,91.7,0.1,94.4,7.7,0.2,0.0,8.6,90.4,0.3,1.5,8.1,13.2,21.0,26.2,39.6,96.8,97.4,19.4,2.4,29.0,68.6,0.3,0.0,98.0,0.7,0.4,0.9,0.1,1.7,0.4,99.7
14050705,rural,14594.0,6.5,8.3,9.0,43.9,47.6,35.4,33.3,4.0,9.1,6.2,4.8,6.0,7.6,7.0,6.3,6.0,5.1,5.9,4.3,3.5,4.5,7.8,32.4,58.0,2.8,6.7,30.6,3.1,96.7,48.9,1.8,24.7,16.5,6.3,3.2,97.9,0.1,0.0,0.0,0.0,99.9,0.1,5.4,35.7,2.5,41.8,5.0,41.5,4.1,2.0,2.1,0.9,48.9,1.99,2628.0,18.2,12.3,4006.0,3.6,94.5,2.0,97.2,7.8,0.1,0.2,31.9,66.5,0.4,1.6,3.5,13.1,18.3,28.3,40.3,89.8,94.7,30.6,11.4,75.7,12.9,1.2,4.2,95.6,0.2,0.5,3.4,0.4,0.3,0.8,94.6
14050707,rural,6226.0,7.3,8.0,8.5,45.6,49.1,35.5,26.8,3.0,9.2,5.2,4.3,5.4,7.6,7.5,6.0,6.2,5.3,5.9,4.4,4.0,5.1,12.8,29.6,60.5,2.2,7.7,29.1,2.9,98.7,50.6,2.1,23.8,14.0,7.8,3.2,99.7,0.2,0.0,0.0,0.1,99.9,0.1,12.3,44.4,0.3,41.0,5.6,40.5,4.3,0.4,0.8,7.1,50.9,2.27,1230.0,19.4,13.5,1798.0,3.5,95.4,0.2,93.5,0.7,0.4,0.1,44.4,52.7,0.7,1.5,4.4,15.3,22.8,30.6,31.3,89.3,93.4,2.2,0.6,49.5,49.9,0.0,0.3,97.6,0.1,0.3,1.7,0.3,1.1,1.7,99.7
14050715,rural,13791.0,6.6,8.7,9.6,35.6,42.1,29.5,13.9,3.5,9.1,6.1,4.0,5.3,6.7,7.2,6.2,6.1,5.1,5.3,4.8,3.8,5.4,7.2,28.0,62.3,2.7,7.0,27.2,3.5,96.9,40.0,0.3,27.6,17.0,8.5,4.6,97.6,0.2,0.0,0.2,0.1,99.9,0.3,8.0,38.2,3.4,32.0,4.6,42.4,5.0,0.8,0.8,10.8,50.8,1.8,2635.0,19.299999999999997,14.0,4000.0,3.4,91.2,0.2,95.1,24.8,0.1,0.0,6.7,92.9,0.2,1.5,8.7,6.6,21.0,39.4,33.1,97.1,97.0,23.9,0.5,18.9,80.6,0.1,0.5,96.9,0.4,0.2,2.4,0.0,1.0,0.1,99.3
14050715,urban,4112.0,9.3,12.0,11.6,17.9,27.3,29.8,21.6,2.8,9.8,6.7,5.4,6.3,6.8,6.4,6.0,4.8,4.1,4.1,2.9,1.7,2.2,1.9,30.3,62.6,2.0,5.2,26.7,3.5,98.0,21.1,2.8,29.7,17.7,12.6,9.9,99.4,0.7,0.1,0.2,0.1,99.7,0.3,21.7,59.5,1.2,22.0,31.5,39.1,1.1,0.2,2.3,2.5,51.9,2.16,644.0,10.899999999999999,6.8,1124.0,3.7,69.2,21.6,98.0,87.6,0.0,1.2,79.0,19.3,0.4,1.4,9.3,21.5,40.1,30.3,8.1,99.6,99.7,78.2,62.6,16.6,20.9,35.2,53.6,99.1,0.7,0.0,0.1,0.1,,0.2,11.2
14050901,rural,10359.0,6.8,8.9,10.3,35.1,41.4,38.2,12.2,2.4,9.9,6.6,5.2,6.2,7.4,7.4,6.5,6.0,4.3,4.3,3.4,2.9,3.9,7.2,33.7,59.6,1.9,4.8,30.3,3.4,99.6,39.9,1.6,26.2,16.0,8.8,5.9,98.7,0.1,0.0,0.0,0.0,99.9,0.0,13.6,48.4,0.8,45.5,6.7,30.3,7.7,0.0,3.5,5.5,48.3,1.81,2568.0,14.5,10.2,2690.0,3.9,83.1,0.0,98.3,14.3,0.1,0.0,12.7,86.8,0.3,1.4,16.9,10.7,24.8,41.4,23.1,89.0,93.3,8.8,1.1,49.5,49.4,0.9,0.0,84.5,0.0,4.2,11.2,0.2,4.1,0.1,99.10000000000001
14050903,rural,11479.0,6.6,8.6,9.5,41.8,45.2,37.9,26.5,2.6,9.5,6.5,5.2,6.6,8.0,7.1,6.6,5.4,4.7,5.3,3.6,2.8,4.0,11.5,34.1,56.6,2.1,7.2,30.8,2.9,96.6,46.8,1.0,24.9,16.9,6.5,5.6,98.2,0.1,0.0,0.0,0.0,99.7,0.5,12.6,45.3,6.9,24.0,9.5,38.7,5.5,1.0,9.7,4.9,48.0,1.79,2406.0,15.7,10.4,3048.0,3.8,81.1,2.1,95.6,37.8,0.0,0.0,41.5,57.2,0.6,1.7,16.8,7.2,21.3,44.9,26.6,97.1,97.4,17.0,14.5,9.2,76.4,23.2,0.4,82.9,0.2,1.6,15.2,0.1,1.0,0.8,76.5
14050905,rural,7621.0,6.1,7.8,9.7,43.9,47.7,32.6,28.5,3.0,9.3,5.4,4.7,6.7,7.9,7.8,7.5,5.8,4.5,5.7,3.9,2.9,4.5,11.5,31.4,61.5,1.7,5.3,29.2,2.9,94.8,49.4,0.6,26.1,15.7,6.3,3.7,97.0,0.2,0.0,0.3,0.0,100.0,0.0,6.4,34.2,1.3,63.5,3.9,25.9,2.6,0.0,0.2,2.5,48.5,1.24,1356.0,17.0,11.3,2120.0,3.6,93.5,0.4,90.1,17.8,0.0,0.0,7.8,89.9,0.6,1.7,6.1,12.5,18.9,33.8,34.8,88.7,92.0,25.7,0.2,46.8,53.1,0.0,0.0,60.1,0.5,24.3,14.9,0.2,1.7,1.7,100.0
14050905,urban,1156.0,6.5,8.0,6.4,36.9,41.8,30.3,6.5,1.9,7.4,5.4,6.7,4.8,6.2,6.7,6.7,8.6,6.0,6.1,4.6,3.4,6.7,8.1,30.3,57.4,2.3,10.1,27.7,2.4,96.3,39.0,0.1,20.0,13.6,12.8,11.8,99.7,0.3,0.5,0.1,0.1,100.0,0.0,22.3,62.5,0.4,25.5,38.2,29.0,2.3,0.8,1.5,2.3,50.3,2.41,259.0,20.8,14.7,388.0,3.0,81.4,7.5,95.3,80.6,0.0,4.7,35.1,58.4,0.8,1.3,11.1,7.2,45.2,24.5,23.0,97.9,98.2,48.1,54.0,15.2,30.7,0.3,0.5,97.7,0.0,2.1,0.3,0.0,,1.0,99.2
14050909,rural,7406.0,6.5,7.9,8.8,33.2,40.3,33.2,13.5,2.0,8.3,6.4,5.8,6.8,6.9,7.0,6.6,6.6,4.6,5.0,4.0,3.8,5.1,9.0,34.3,57.0,1.4,7.3,29.3,2.6,98.2,37.0,0.5,26.8,18.6,7.9,6.0,99.2,0.1,0.1,0.0,0.0,99.9,0.5,5.7,25.5,0.0,43.4,8.7,37.1,1.0,0.0,0.3,9.5,48.2,1.88,1633.0,17.9,12.899999999999999,2037.0,3.6,92.3,1.0,93.6,1.9,0.0,0.0,9.9,89.8,0.2,1.4,6.7,9.1,21.6,38.1,31.2,94.5,97.4,22.0,0.7,75.8,23.4,3.2,0.0,98.6,0.4,0.3,0.6,0.2,1.3,0.1,96.8
14050909,urban,2007.0,6.3,11.2,11.1,15.8,22.8,39.2,18.3,2.6,9.6,6.2,6.6,7.3,7.7,7.2,7.4,4.8,3.5,3.4,3.4,2.1,2.1,4.7,32.1,63.2,1.9,2.8,28.9,3.5,99.6,18.1,3.6,24.5,18.5,12.6,17.9,99.4,0.7,0.6,0.3,0.7,100.0,0.2,33.7,74.8,0.0,34.6,45.5,17.4,0.9,0.0,0.7,0.9,50.3,1.02,459.0,11.0,7.6,548.0,3.7,46.0,34.1,96.2,86.1,0.4,2.0,66.1,29.4,1.8,1.4,19.9,13.9,38.9,44.0,3.3,95.4,97.4,54.7,65.3,33.6,1.1,94.2,0.5,98.4,0.0,0.2,0.0,1.5,,0.4,5.300000000000001
14051107,rural,13999.0,6.8,8.9,10.3,35.6,41.2,32.8,22.5,2.4,10.4,7.4,5.4,6.8,8.1,7.7,6.2,5.2,3.7,3.9,3.3,2.4,3.4,8.5,31.7,61.0,1.8,5.5,28.2,3.3,97.7,40.5,0.9,26.3,17.9,8.4,5.3,98.7,0.1,0.1,0.0,0.1,99.9,0.1,8.4,31.6,0.6,44.3,7.7,9.6,5.9,0.4,1.1,30.4,47.6,1.34,2633.0,13.0,9.1,3767.0,3.7,82.6,1.8,85.4,2.4,0.0,0.0,14.8,84.0,0.6,1.5,15.6,10.0,25.5,44.8,19.6,86.3,92.9,13.0,1.1,58.9,40.0,0.0,0.0,88.2,0.6,1.6,9.3,0.2,1.4,0.5,100.0
14051111,rural,31911.0,7.1,8.4,10.4,34.5,41.4,33.9,45.5,3.1,10.3,7.0,5.2,6.8,7.9,7.5,6.0,5.0,3.9,4.4,3.5,2.9,3.8,8.5,34.1,58.5,2.4,5.0,29.5,3.3,92.7,39.2,1.2,25.9,18.0,8.8,4.7,97.6,0.1,0.1,0.0,0.0,99.9,0.1,8.2,32.6,0.5,48.5,8.6,29.1,5.5,0.1,4.4,3.2,48.0,1.97,4377.0,14.600000000000001,10.2,8355.0,3.8,91.5,0.5,92.1,6.7,0.0,0.0,11.8,87.3,0.5,1.5,8.0,11.7,27.6,43.0,17.7,95.4,97.2,21.3,1.5,58.5,40.0,0.0,0.0,90.7,0.0,1.4,7.4,0.5,3.5,0.5,100.0
14051111,urban,4662.0,7.0,8.8,10.0,23.9,31.1,34.5,19.4,4.9,9.0,6.9,6.0,7.6,6.6,7.8,6.5,5.2,4.7,5.5,3.5,2.9,2.1,4.9,31.5,60.0,3.5,5.0,28.9,3.2,97.2,27.1,0.7,24.5,17.6,13.2,13.0,99.1,0.3,0.0,0.0,0.1,99.7,0.5,16.9,56.4,0.8,43.5,28.8,7.1,0.8,0.7,0.6,17.6,49.3,1.73,960.0,14.0,8.5,1407.0,3.3,53.4,21.6,94.6,89.4,0.2,0.0,62.5,33.5,0.9,1.3,24.9,8.3,45.4,45.0,1.3,95.9,98.0,56.7,66.5,20.9,12.6,61.0,0.9,99.5,0.2,0.0,0.2,0.1,,2.9,38.1
14051303,rural,12236.0,7.4,9.2,9.9,40.6,45.8,36.1,36.1,2.4,8.9,6.3,5.2,6.0,7.3,6.8,6.3,5.0,5.3,5.4,3.6,3.1,4.5,9.7,28.2,63.5,2.0,6.3,28.8,3.3,96.0,46.0,2.4,25.1,15.6,6.9,4.1,99.2,0.4,0.2,0.1,0.0,99.9,0.4,8.3,34.6,0.2,38.1,15.0,39.2,2.8,2.2,1.7,0.8,50.6,2.12,2077.0,16.6,11.2,3260.0,3.8,92.5,0.7,94.9,6.3,0.0,0.0,10.5,85.3,4.2,1.4,6.8,14.9,20.6,39.3,25.1,97.2,99.0,27.2,6.5,61.9,31.6,0.0,3.6,94.9,0.3,0.9,3.6,0.3,1.0,0.0,96.4
14051303,urban,4852.0,10.6,10.8,10.6,18.9,30.8,37.0,13.1,3.4,8.4,7.2,7.3,8.5,8.3,6.0,6.2,4.2,3.4,3.0,2.5,1.3,1.6,2.5,29.1,65.7,2.2,3.0,27.0,3.3,97.6,21.7,1.9,25.1,16.3,13.4,12.5,99.1,0.5,0.4,0.1,0.2,99.8,0.4,16.5,46.8,2.0,27.8,37.0,18.6,1.0,1.0,2.5,10.1,50.3,2.7,1059.0,8.4,5.4,1319.0,3.7,55.7,35.6,98.2,95.2,0.1,2.7,82.9,11.7,1.6,1.4,8.7,50.4,31.1,15.8,2.7,99.5,99.8,74.9,88.1,10.2,1.7,35.4,50.0,99.8,0.1,0.0,0.0,0.2,,1.1,14.600000000000001
14051309,rural,12123.0,8.1,8.8,8.9,38.3,45.8,35.2,26.8,2.5,9.0,7.5,5.9,7.3,7.7,6.3,5.7,4.0,4.7,5.3,3.9,2.8,3.9,10.9,34.6,58.2,1.6,5.7,30.4,3.7,96.6,42.8,1.7,26.0,13.8,7.5,5.1,98.3,0.1,0.0,0.0,0.0,100.0,0.0,9.9,34.1,0.0,49.8,13.7,23.5,6.4,1.4,2.1,3.2,49.0,2.34,2318.0,15.9,10.6,3185.0,3.8,97.4,0.2,95.4,7.0,0.1,0.1,7.7,90.8,0.1,1.6,2.4,12.4,18.4,38.3,30.8,96.2,98.0,42.4,0.9,66.3,32.8,0.0,0.1,96.3,0.3,0.5,2.8,0.1,1.4,1.2,99.89999999999999
14051311,rural,7913.0,7.2,8.6,9.9,43.6,46.4,28.1,23.8,2.9,9.4,5.5,4.0,5.3,6.2,7.1,6.0,5.8,5.5,5.6,4.3,3.5,6.1,7.7,27.2,62.5,2.1,8.1,28.4,3.6,97.5,49.1,1.9,24.8,14.9,7.9,4.2,99.2,0.1,0.0,0.0,0.0,99.6,0.3,12.1,50.4,1.2,25.3,11.0,45.3,1.6,0.3,5.7,9.6,51.2,2.52,1256.0,19.5,13.899999999999999,2171.0,3.6,93.2,0.3,95.9,5.6,0.0,0.0,8.6,90.8,0.4,1.5,6.5,13.7,18.3,35.8,32.2,95.9,96.1,34.7,1.0,21.9,77.1,0.3,0.0,99.3,0.3,0.1,0.2,0.2,0.9,0.2,99.60000000000001
14051313,rural,9671.0,7.1,9.4,10.0,38.2,42.7,29.1,45.5,3.1,9.3,5.9,4.8,5.9,6.5,6.4,6.2,5.8,5.3,4.7,4.4,3.3,5.2,8.1,29.0,60.8,2.3,7.8,28.7,2.9,92.6,43.2,2.3,26.7,14.8,8.8,4.6,99.1,0.1,0.1,0.0,0.0,100.0,0.2,8.5,37.8,0.0,29.0,18.2,51.5,0.7,0.0,0.1,0.5,51.2,2.5,1130.0,17.6,12.9,2696.0,3.6,90.0,1.9,94.8,17.6,0.0,0.0,17.7,81.8,0.2,1.4,8.1,9.9,15.8,24.5,49.8,96.0,96.7,34.9,8.2,54.8,37.1,1.4,11.2,91.2,0.1,1.6,6.5,0.7,0.6,0.3,87.4
14051317,rural,11673.0,7.3,9.0,9.6,38.9,46.8,31.9,59.9,4.0,9.0,5.7,4.9,6.4,6.9,6.9,6.5,6.1,4.9,5.4,3.8,3.2,4.4,9.2,29.3,60.0,3.1,7.6,28.4,3.4,95.7,43.9,1.2,25.5,14.9,7.2,4.4,95.9,0.2,0.0,0.2,0.0,100.0,0.0,9.6,29.2,2.6,36.4,19.3,37.7,1.3,0.0,1.5,1.2,49.7,2.01,1106.0,16.799999999999997,11.4,3322.0,3.5,81.4,2.6,94.2,23.1,0.0,0.3,14.3,85.0,0.5,1.5,16.0,8.9,21.6,43.8,25.8,87.8,92.2,23.3,2.3,79.2,18.5,0.0,24.2,96.7,0.1,0.1,2.6,0.4,0.6,0.0,75.8
14051319,rural,13415.0,7.0,9.4,10.5,41.2,48.5,20.7,41.0,3.9,9.4,6.3,4.7,5.7,6.7,6.8,5.9,6.3,4.7,5.4,3.4,3.3,4.5,10.5,31.1,59.0,2.7,7.2,29.7,2.9,97.5,46.9,1.0,25.5,13.3,7.8,3.9,97.3,0.2,0.2,0.2,0.1,99.9,0.1,10.0,38.0,0.9,36.1,22.3,30.8,0.6,0.7,0.4,8.2,51.1,1.85,1199.0,16.6,11.2,3637.0,3.7,93.6,0.6,92.2,1.8,0.0,0.0,10.1,88.9,0.4,1.7,5.8,12.3,17.5,44.8,25.4,89.5,97.9,36.1,0.7,43.1,56.3,0.0,0.0,97.9,0.1,0.0,1.5,0.5,0.7,0.6,100.0
15110101,urban,33975.0,7.3,8.6,8.4,16.0,24.2,45.2,21.4,5.4,7.2,7.3,7.0,7.6,7.4,6.9,5.7,5.8,5.1,5.3,4.0,2.9,3.4,4.7,34.7,54.8,4.2,6.3,29.5,2.4,96.5,17.6,1.8,29.6,19.5,12.6,12.4,98.9,2.3,0.7,3.8,0.1,99.6,0.8,20.6,57.4,3.1,28.9,16.0,45.5,1.7,0.6,1.8,2.3,49.8,1.56,9134.0,15.600000000000001,10.3,9745.0,3.5,66.4,19.4,87.3,82.0,0.8,9.2,77.1,0.2,0.7,1.3,14.2,22.4,30.9,35.8,11.0,98.7,99.6,68.3,92.6,6.0,1.4,68.9,28.9,99.7,0.2,0.0,0.0,0.1,,12.0,2.0999999999999996
15110109,urban,88673.0,10.9,11.5,9.7,12.9,27.2,55.2,12.5,4.4,7.0,7.5,8.6,9.9,9.7,7.8,5.4,3.8,2.4,2.3,1.5,0.9,0.9,2.6,30.7,63.6,3.1,2.6,27.0,2.6,97.1,14.5,1.5,26.8,19.6,13.9,11.0,98.4,4.0,2.3,3.5,0.1,99.6,1.8,21.8,55.9,1.9,13.6,8.7,68.8,0.6,0.5,2.2,3.6,48.6,2.37,29055.0,5.6000000000000005,3.3,25039.0,3.5,56.6,35.7,97.9,93.9,0.8,45.3,52.6,0.1,0.9,1.3,7.7,72.2,24.7,2.6,0.5,98.4,99.6,84.7,97.4,1.9,0.8,96.3,2.6,99.5,0.4,0.0,0.1,0.1,,0.3,1.0
15110303,rural,4627.0,7.7,8.9,9.2,30.7,35.8,41.0,22.3,3.0,6.7,6.6,5.8,6.4,7.9,7.8,6.5,6.3,4.2,4.5,3.5,3.3,4.8,5.4,33.0,58.2,2.4,6.3,30.3,2.8,90.1,34.3,2.2,29.0,19.0,8.1,5.9,99.3,0.8,0.2,1.7,0.1,99.2,0.3,13.0,60.6,1.6,27.7,6.8,54.4,0.8,0.0,7.7,1.0,48.4,2.43,1093.0,16.1,11.6,1190.0,3.9,79.4,3.5,92.1,60.6,2.0,0.8,20.4,75.4,0.9,1.4,17.0,16.9,21.4,46.4,15.3,97.7,99.2,35.2,25.4,73.4,1.2,15.2,0.8,99.2,0.2,0.2,0.3,0.1,1.0,0.4,84.0
15110311,rural,5028.0,8.2,8.7,8.7,37.8,44.9,50.9,9.7,2.5,8.3,7.6,6.8,6.8,6.9,6.7,5.9,5.4,5.0,4.6,3.5,2.5,4.6,4.1,34.8,58.0,1.8,5.3,29.6,3.4,97.8,42.1,1.1,31.1,14.7,4.8,3.4,99.7,0.4,0.1,3.1,0.0,99.6,0.2,9.2,40.0,1.2,30.1,3.1,52.6,8.7,0.4,3.8,0.1,47.2,2.38,1719.0,15.2,10.6,1235.0,4.1,82.5,1.1,98.1,64.9,0.6,0.1,47.4,51.3,0.6,1.5,16.4,20.9,21.6,32.6,24.9,98.2,98.8,31.3,0.6,68.0,31.4,7.9,0.8,98.5,0.2,0.6,0.6,0.1,0.9,0.1,91.3
15110313,rural,9585.0,9.7,11.5,10.5,35.1,39.2,53.3,10.5,1.9,8.0,6.7,6.5,6.7,7.4,6.0,5.4,4.6,4.1,4.1,3.7,2.0,3.2,6.5,34.9,57.6,2.0,5.5,28.9,3.6,99.0,40.4,2.6,32.0,17.8,5.7,2.7,99.6,0.2,0.1,1.3,0.0,99.6,0.4,4.1,35.0,0.5,49.8,2.4,32.8,13.0,0.1,1.1,0.4,47.1,2.64,3122.0,13.0,8.9,2108.0,4.5,88.9,0.5,97.9,90.2,0.3,0.0,30.1,68.0,1.3,1.9,10.7,16.5,15.7,32.9,34.9,95.4,97.4,24.2,0.1,27.2,72.6,2.4,0.0,99.4,0.4,0.0,0.1,0.0,0.9,0.2,97.5
15110313,urban,1030.0,8.3,8.5,8.3,25.4,32.9,43.6,14.9,2.9,7.4,8.5,7.9,7.5,7.0,6.0,5.1,5.5,5.0,5.1,3.5,2.6,3.7,4.5,35.3,56.5,2.2,6.0,30.0,2.7,97.8,28.0,2.2,25.4,18.3,11.0,10.2,98.6,1.1,0.2,7.6,0.2,99.8,0.0,23.8,73.7,0.3,45.5,24.5,23.1,2.4,0.0,3.1,1.0,49.7,2.98,286.0,14.899999999999999,9.8,279.0,3.7,69.2,24.4,97.1,96.4,0.0,0.0,92.1,3.6,1.4,1.2,6.5,15.4,63.8,19.4,1.4,99.6,100.0,24.4,62.7,35.1,2.2,59.1,1.1,99.6,0.4,0.0,0.0,0.0,,2.9,39.800000000000004
15110315,rural,12835.0,8.1,9.1,8.8,34.8,39.5,57.0,13.9,3.0,7.4,7.1,6.2,6.5,7.0,6.6,6.4,5.7,5.3,5.0,3.8,2.9,4.1,10.0,36.0,55.1,2.4,6.4,28.7,2.3,95.7,38.6,2.4,29.7,16.8,6.7,4.8,99.0,0.5,0.6,0.9,0.1,99.6,0.2,10.0,36.8,1.5,34.4,5.2,39.7,17.4,0.0,1.5,0.4,48.1,2.55,4657.0,15.8,10.799999999999999,3084.0,4.2,82.0,2.6,96.8,60.7,0.5,1.1,20.4,76.5,1.0,1.6,15.3,16.0,11.0,27.2,45.8,95.6,96.3,40.9,2.4,56.7,40.9,14.1,6.6,97.5,0.4,1.3,0.7,0.2,0.9,0.5,79.30000000000001
15110501,rural,2680.0,7.7,10.0,9.6,37.3,46.3,45.7,24.3,1.1,7.6,8.5,7.5,6.3,5.7,6.2,5.9,5.7,4.5,4.2,3.3,2.8,4.4,12.5,36.6,57.2,1.4,4.7,30.5,4.0,98.8,42.0,3.1,31.6,13.2,2.9,2.9,99.7,0.2,0.1,0.1,0.1,99.9,0.1,5.7,34.0,0.4,37.4,8.2,37.1,5.6,0.1,10.7,0.4,45.6,3.11,674.0,14.700000000000001,10.5,629.0,4.3,92.1,0.2,92.7,69.5,0.2,0.0,15.6,83.5,0.5,1.8,7.8,13.7,15.1,20.3,50.9,91.3,97.5,19.4,0.2,2.4,97.5,0.0,0.0,82.0,0.0,9.2,8.4,0.3,1.4,0.3,100.0
15110505,rural,7263.0,10.3,11.2,10.5,31.7,42.7,43.7,24.6,1.4,8.8,7.0,7.3,7.3,7.9,7.0,5.4,4.2,3.4,3.3,2.1,1.7,2.4,3.6,33.2,61.6,1.3,4.0,28.4,4.1,98.1,36.3,1.1,32.8,15.9,5.0,2.5,99.7,0.3,0.4,2.2,0.0,99.9,0.1,5.5,41.1,0.3,24.7,4.9,65.4,3.6,0.5,0.4,0.1,46.6,3.22,1626.0,9.5,6.199999999999999,1729.0,4.2,92.8,1.7,97.8,75.9,0.2,0.0,67.8,29.7,0.8,1.7,5.6,38.6,24.2,17.2,20.0,98.3,98.8,38.3,2.4,78.0,19.6,0.6,0.1,99.3,0.3,0.1,0.2,0.2,1.2,1.6,99.30000000000001
15110507,rural,2975.0,7.1,9.0,10.4,34.6,50.9,36.6,19.6,0.3,10.0,8.2,7.0,6.8,6.7,6.4,6.2,4.6,3.7,5.2,2.9,2.4,3.5,3.5,42.1,51.0,0.5,6.5,32.0,3.9,97.7,39.4,1.6,27.6,13.3,4.3,2.3,99.9,0.0,0.0,0.1,0.0,99.9,0.1,2.0,21.1,0.2,42.8,7.0,44.5,4.4,0.2,1.1,0.0,46.6,2.43,643.0,14.0,8.8,677.0,4.4,72.2,0.3,97.0,4.7,0.4,0.0,15.5,83.2,0.6,1.7,27.5,11.8,13.4,14.2,60.6,94.8,97.2,5.3,0.6,38.6,60.9,0.0,0.0,83.6,0.1,1.0,14.9,0.3,0.5,0.3,100.0
15110507,urban,1494.0,7.8,7.2,9.6,21.2,30.5,42.3,20.8,3.0,8.1,7.8,7.8,6.8,7.6,5.7,6.0,5.4,6.0,4.8,4.3,2.1,3.1,4.4,35.3,58.0,2.2,4.5,28.2,3.1,98.1,23.8,1.8,32.6,17.1,11.8,6.3,99.9,2.3,0.4,2.6,0.0,99.7,0.2,18.3,64.8,1.1,26.0,17.0,50.1,1.3,0.0,4.5,0.0,47.3,1.95,377.0,14.299999999999999,9.5,401.0,3.7,78.6,9.7,99.3,93.5,0.7,0.0,67.1,30.7,0.7,1.3,11.7,18.7,31.9,25.7,23.7,100.0,100.0,35.2,53.1,13.7,33.2,49.1,1.2,100.0,0.0,0.0,0.0,0.0,,0.7,49.6
15110517,rural,19052.0,10.5,12.3,10.8,22.4,37.5,44.9,13.0,2.1,7.8,7.1,6.8,8.2,8.7,7.2,5.8,4.3,3.2,2.9,1.7,1.0,1.7,2.7,29.2,66.7,1.7,2.4,26.0,3.5,96.8,25.9,2.3,31.9,17.5,7.1,3.7,99.0,1.4,1.8,4.3,0.0,99.7,0.6,5.5,33.2,0.8,23.4,5.7,66.7,1.6,0.8,0.8,0.4,47.7,2.38,4954.0,7.3,4.4,4618.0,4.1,79.8,8.9,96.6,95.2,0.5,1.0,95.4,1.5,0.6,1.7,11.3,75.9,14.7,7.6,1.8,99.1,100.0,65.8,9.5,85.8,4.7,43.5,10.9,99.9,0.0,0.0,0.0,0.1,0.6,0.9,45.6
15110519,rural,25301.0,11.1,12.0,11.2,21.2,33.9,48.1,17.6,2.3,7.5,7.1,7.0,8.1,8.8,7.7,5.4,4.3,2.8,2.8,1.8,1.2,1.3,3.8,28.8,66.9,1.6,2.7,26.8,3.3,97.8,24.7,1.3,31.8,20.9,8.2,3.9,98.4,3.0,1.2,3.1,0.0,99.8,0.5,4.7,32.0,4.4,14.6,4.0,70.7,0.7,0.8,1.3,3.3,47.8,2.36,6584.0,7.1,4.3,6048.0,4.2,81.5,11.7,86.3,68.1,1.6,0.2,91.7,5.0,1.4,2.1,6.9,54.5,25.8,13.6,6.0,98.5,99.4,61.6,53.3,35.1,11.6,46.7,1.4,99.2,0.4,0.2,0.0,0.1,0.6,0.2,51.900000000000006
15710107,urban,11388.0,8.2,9.6,9.7,24.9,34.1,45.0,35.9,2.9,7.9,7.0,6.6,7.0,7.3,7.3,6.0,5.9,4.4,4.8,2.8,2.2,3.4,4.6,32.3,60.0,2.2,5.4,27.3,3.3,98.9,28.1,1.3,29.5,18.4,7.4,9.4,99.5,1.0,0.7,1.7,0.0,99.8,0.6,19.5,57.6,3.6,41.9,22.8,25.1,3.9,0.8,0.8,1.1,50.8,1.61,2373.0,13.200000000000001,8.4,3153.0,3.6,66.9,24.6,93.5,84.5,0.5,12.3,82.5,4.1,0.5,1.5,8.5,17.3,50.2,29.3,3.2,98.5,98.5,54.3,67.6,21.0,11.3,78.8,4.3,97.8,0.0,0.0,1.5,0.7,,0.1,16.900000000000002
15710111,urban,419038.0,6.6,8.5,8.9,16.1,26.0,46.0,25.7,4.4,7.8,7.2,6.8,7.7,7.7,7.3,6.3,5.8,5.1,5.1,3.6,2.5,3.2,4.8,36.3,55.1,3.4,5.3,29.6,2.5,97.0,17.9,1.4,26.1,18.9,13.5,14.1,98.8,1.2,0.7,4.9,0.1,99.6,0.6,20.7,55.6,3.3,24.7,16.7,49.5,0.9,0.6,2.1,2.3,50.6,1.61,108883.0,14.399999999999999,9.3,113837.0,3.7,58.2,27.3,98.9,97.4,1.1,26.5,71.5,0.1,0.4,1.3,14.5,17.2,33.4,41.7,7.7,99.1,99.5,70.6,98.6,1.0,0.4,98.1,1.1,99.6,0.2,0.0,0.0,0.1,,0.4,0.8
15710301,rural,7450.0,9.1,9.9,9.9,32.6,50.6,43.2,17.4,1.2,8.1,7.9,6.4,7.9,6.4,6.2,5.8,5.2,4.4,3.7,2.8,2.5,3.7,6.7,35.5,58.3,1.0,5.2,28.3,3.2,97.5,36.9,1.2,28.7,11.9,4.7,2.8,99.4,0.3,0.1,0.4,0.1,99.9,0.1,4.4,23.7,0.6,34.1,6.0,41.6,10.9,0.3,5.7,0.8,49.4,2.72,1888.0,12.7,9.0,1888.0,3.9,86.5,1.3,93.6,22.6,0.2,0.1,58.7,39.0,0.4,1.9,12.3,25.1,27.5,23.8,23.6,92.1,95.3,16.1,1.8,83.9,14.3,0.1,0.1,95.8,0.6,2.8,0.7,0.1,0.9,1.5,99.9
15710303,rural,2099.0,9.7,9.6,9.3,36.7,56.8,43.0,11.5,0.7,8.9,8.0,6.2,6.1,6.3,5.3,5.9,4.7,4.6,4.8,2.5,3.2,5.1,10.2,35.6,58.7,0.7,4.9,29.1,4.0,97.5,41.4,0.8,25.5,11.0,4.4,1.6,98.4,0.5,0.0,0.0,0.2,100.0,0.2,4.4,28.7,0.0,37.7,6.8,41.1,9.5,0.0,4.9,0.0,48.8,3.3,570.0,15.6,10.8,509.0,4.1,87.8,0.0,94.1,2.8,0.4,0.0,1.6,97.2,0.8,2.1,12.2,5.1,15.5,38.5,40.9,86.2,92.7,0.8,5.1,92.3,2.6,0.0,0.2,90.0,0.2,9.4,0.2,0.2,0.8,0.0,99.8
15710305,rural,6238.0,8.6,10.2,11.0,33.3,56.7,49.8,2.6,0.8,10.1,8.1,7.1,7.1,6.5,5.9,4.9,4.8,3.5,3.6,2.6,2.3,3.6,6.9,37.1,57.4,0.7,4.8,30.0,4.5,96.8,38.4,2.0,27.0,10.1,2.9,1.3,99.4,0.1,0.0,0.0,0.0,99.9,0.1,2.5,32.1,0.5,53.4,3.7,13.0,26.2,0.0,3.0,0.2,48.6,2.56,2122.0,12.1,8.5,1386.0,4.5,67.9,0.4,96.1,0.1,0.0,0.0,12.0,87.7,0.3,2.2,31.7,8.8,17.5,31.8,41.9,81.9,91.8,10.6,0.2,38.6,61.2,0.0,0.1,92.0,0.3,6.9,0.6,0.1,0.6,0.1,99.8
15710307,rural,6423.0,7.5,8.7,10.1,35.3,55.7,41.5,15.3,0.8,9.5,8.1,7.0,6.7,7.1,5.5,5.9,5.3,4.5,4.7,3.3,2.2,3.9,8.4,39.5,55.4,0.6,4.5,31.6,4.0,97.9,40.0,1.1,26.4,10.6,3.7,2.5,99.0,0.1,0.0,0.2,0.0,99.9,0.2,5.3,20.6,0.2,43.1,5.1,36.3,13.3,0.2,0.6,1.4,47.7,2.42,1660.0,14.1,9.4,1511.0,4.3,92.8,0.3,94.4,6.3,0.1,0.0,12.6,85.9,1.3,1.9,7.0,10.4,14.7,19.0,55.9,90.5,95.7,5.4,0.3,54.8,44.9,0.0,0.3,88.3,0.0,10.4,1.2,0.1,1.9,0.2,99.7
15710309,rural,2632.0,8.9,10.2,9.2,33.6,46.8,46.4,3.2,1.8,7.9,6.5,5.9,7.0,6.8,6.2,6.2,5.4,4.6,4.6,3.8,2.7,4.1,9.4,33.9,58.3,1.6,6.1,27.5,3.3,97.8,37.7,0.5,30.9,12.1,6.3,3.3,99.6,0.3,0.1,2.7,0.1,99.9,0.1,23.3,75.7,0.1,46.1,3.1,35.3,11.9,3.2,0.2,0.1,46.0,1.89,849.0,15.199999999999998,10.6,714.0,3.7,51.3,0.7,87.8,4.3,0.4,0.0,20.9,77.0,0.6,1.8,48.0,9.1,22.1,44.1,24.6,97.6,98.2,1.7,0.3,0.6,99.2,4.3,0.0,99.9,0.0,0.1,0.0,0.0,1.3,1.1,95.6
15710309,urban,1494.0,9.4,11.2,10.8,20.4,30.5,47.4,7.6,2.4,8.5,7.6,6.1,8.5,7.4,6.9,5.2,4.6,3.5,3.3,2.9,1.9,2.2,5.3,30.1,63.5,1.9,4.5,27.4,2.9,99.5,23.4,3.9,31.7,15.8,10.6,7.6,99.6,1.3,0.5,7.9,0.1,100.0,0.2,33.9,76.8,4.0,27.7,14.8,45.4,4.0,0.2,3.6,0.2,48.9,2.62,447.0,10.3,7.0,395.0,3.8,51.9,31.5,97.4,97.2,0.0,0.0,90.0,6.4,3.6,1.5,16.6,12.3,61.1,25.6,1.0,95.9,98.2,9.0,68.5,0.0,31.5,93.6,1.0,99.7,0.0,0.0,0.0,0.3,,0.0,5.4
15710311,rural,4659.0,9.8,11.4,11.4,37.4,55.7,61.0,6.3,0.4,9.6,8.0,7.2,7.8,6.7,5.8,4.4,3.8,3.9,3.9,2.0,2.1,2.4,5.4,39.0,57.2,0.4,3.5,29.7,4.5,98.1,43.4,2.1,28.2,9.5,3.2,1.4,99.0,0.2,0.0,0.0,0.1,99.9,0.0,2.2,18.5,0.0,49.2,2.3,5.1,42.5,0.1,0.7,0.1,49.2,3.28,1796.0,10.4,6.5,983.0,4.7,97.3,0.2,97.9,0.6,0.0,0.0,15.7,83.9,0.2,2.4,2.5,11.3,25.4,34.1,29.2,85.4,97.9,20.3,3.1,71.8,25.2,0.0,0.1,94.8,0.5,0.4,4.2,0.1,1.8,0.2,99.9
15710315,rural,10874.0,8.0,9.5,9.5,27.2,39.9,45.4,18.5,2.4,8.0,7.1,7.0,8.1,7.5,7.1,6.1,5.1,4.6,4.2,3.2,2.0,2.9,3.1,38.2,56.5,1.5,3.7,31.7,2.9,95.7,30.5,2.1,28.9,17.4,5.2,6.4,99.4,1.2,0.8,3.7,0.0,99.9,0.4,8.2,44.2,1.6,32.6,5.4,44.2,3.5,0.8,2.1,9.9,48.2,1.71,2941.0,12.3,8.1,2691.0,4.0,78.4,4.5,95.9,44.2,2.5,0.1,84.0,11.9,0.6,1.5,17.1,14.5,23.4,47.6,14.4,98.9,99.7,41.2,30.8,27.5,41.7,47.5,0.0,98.3,0.2,1.2,0.4,0.0,2.2,0.9,52.4
15710317,rural,7619.0,8.8,10.2,10.6,27.2,43.5,43.1,22.2,1.3,9.3,6.7,7.7,7.3,7.5,6.8,5.7,5.0,3.9,3.5,2.3,1.9,2.8,4.0,37.7,56.5,1.0,4.8,29.5,3.6,98.4,31.1,2.9,28.5,14.7,6.5,3.8,99.3,0.3,0.1,0.3,0.0,99.8,0.2,9.0,34.9,0.2,26.7,6.7,60.9,2.5,0.3,1.4,1.2,48.0,2.44,1797.0,10.5,6.999999999999999,1802.0,4.2,94.8,0.4,91.3,39.3,0.3,0.0,84.2,14.2,0.4,1.7,4.8,17.9,30.0,32.4,19.8,95.8,97.7,1.7,22.5,44.1,33.4,33.0,13.5,99.3,0.2,0.2,0.1,0.2,0.2,0.9,53.5
15710319,rural,8699.0,8.6,9.9,10.1,32.0,49.5,43.3,19.3,1.9,9.3,8.1,7.5,7.8,6.9,6.0,4.7,5.0,4.1,3.4,2.7,2.4,3.5,4.6,38.7,55.2,1.4,4.6,28.8,4.0,97.1,36.1,2.4,26.9,14.1,3.9,3.2,99.4,0.3,0.0,0.4,0.0,99.8,0.1,5.7,37.4,0.1,34.4,6.4,52.5,5.7,0.3,0.5,0.1,48.5,2.43,2176.0,12.0,8.6,1986.0,4.4,89.4,0.6,97.0,21.9,0.2,0.0,58.8,40.4,0.3,2.0,10.1,19.0,30.2,27.3,23.5,94.9,94.8,3.8,2.0,86.5,11.5,25.2,10.4,96.9,0.1,0.0,2.5,0.5,0.9,0.4,64.4
15710321,rural,8733.0,10.1,10.9,10.0,32.0,56.5,47.9,10.1,1.1,8.6,7.6,8.7,8.2,7.1,5.9,4.1,4.6,3.6,3.4,2.5,1.8,2.8,4.6,34.4,61.3,0.9,3.3,28.6,4.4,93.9,36.4,0.2,29.1,9.1,2.8,2.3,98.9,0.1,0.0,0.1,0.0,99.8,0.2,8.2,36.1,0.4,50.1,4.9,25.1,18.3,0.2,0.8,0.2,47.3,3.28,2596.0,10.5,7.1,1987.0,4.4,87.4,0.2,94.7,23.9,0.3,0.1,42.9,56.0,0.6,2.0,12.5,19.2,25.2,28.3,27.3,96.2,97.4,13.9,3.7,20.9,75.3,32.8,0.1,97.7,0.1,0.6,1.4,0.2,1.4,0.3,67.1
15710501,rural,11877.0,8.2,10.5,10.6,34.0,47.3,63.0,6.9,0.7,9.8,8.6,8.1,7.5,6.7,6.2,5.2,4.3,3.7,3.7,2.2,1.7,3.0,4.6,40.9,54.1,0.9,4.1,30.2,3.4,97.6,39.0,1.6,27.3,14.7,4.9,4.1,99.5,0.1,0.2,0.0,0.0,100.0,0.0,11.5,44.6,1.6,40.7,2.3,19.4,34.6,0.1,1.0,0.1,47.9,1.96,4928.0,10.600000000000001,6.9,2399.0,5.0,94.7,2.6,97.1,16.6,0.2,0.3,59.4,39.6,0.3,1.8,2.7,24.3,35.4,25.1,15.2,93.9,97.8,11.8,14.1,41.3,44.7,14.4,0.5,91.3,0.2,0.2,8.3,0.0,1.3,0.3,85.1
15710505,rural,10875.0,9.0,9.9,9.5,38.1,51.1,55.6,5.4,1.1,9.3,8.0,7.8,7.5,7.2,6.2,4.8,4.4,3.4,3.9,2.8,2.2,4.0,5.7,40.2,54.3,1.0,4.4,31.6,4.0,97.6,43.0,1.7,29.3,12.2,3.4,2.3,99.3,0.0,0.0,0.0,0.0,99.8,0.0,12.0,64.3,0.2,45.7,2.9,12.3,37.9,0.4,0.7,0.0,46.9,2.67,4099.0,12.899999999999999,9.0,2238.0,4.9,97.0,0.1,96.3,0.2,0.0,0.0,73.2,26.3,0.4,2.0,2.8,16.1,30.4,32.9,20.6,95.3,94.1,0.9,1.3,17.3,81.3,0.0,0.0,97.4,0.0,0.0,2.2,0.4,3.2,0.1,100.0
15710507,rural,22985.0,8.8,10.4,9.8,31.0,42.5,46.6,32.1,2.2,8.1,6.8,6.7,7.7,8.5,7.7,6.1,4.8,3.9,3.7,2.5,1.8,2.7,3.9,33.7,60.7,1.6,4.0,28.7,2.7,95.7,35.1,1.4,29.6,17.3,5.1,4.1,98.6,1.1,0.7,2.2,0.1,99.8,1.0,6.3,31.5,2.3,29.1,5.0,56.4,1.7,3.1,1.2,1.3,48.7,2.08,5159.0,10.7,7.0,5553.0,4.1,75.4,8.1,96.8,88.0,0.9,1.7,92.8,3.9,0.4,1.7,16.5,18.4,41.8,30.9,8.9,97.9,98.7,57.6,46.0,50.6,3.4,62.3,8.5,98.1,0.6,0.2,1.0,0.1,0.6,0.3,29.3
15710513,rural,5004.0,8.0,9.9,10.5,36.1,54.6,71.7,0.7,0.7,8.5,8.5,7.3,9.0,7.5,6.0,4.9,4.1,3.6,4.1,2.8,1.8,3.4,4.3,39.4,56.5,0.5,3.5,31.6,4.6,98.4,41.3,1.0,24.5,15.0,3.3,1.5,99.8,0.0,0.0,0.1,0.0,100.0,0.0,8.3,41.6,0.1,47.2,2.2,2.9,47.1,0.2,0.4,0.0,47.4,2.59,2545.0,12.1,8.0,1004.0,5.0,93.4,0.0,95.6,0.8,0.0,0.1,31.9,66.9,0.7,2.0,6.6,13.1,22.5,28.5,35.9,90.1,98.7,0.7,2.4,56.4,41.2,0.1,0.0,99.1,0.5,0.0,0.3,0.1,3.7,0.4,99.9
15710515,rural,10465.0,8.5,10.6,10.3,36.5,48.9,52.0,14.0,1.3,10.6,8.5,6.4,6.4,6.7,7.0,5.6,5.0,3.4,3.5,2.4,1.8,3.4,3.9,38.1,56.5,0.7,4.6,28.5,4.9,98.0,41.9,0.6,28.8,14.6,4.6,2.5,98.6,0.1,0.0,0.0,0.1,100.0,0.0,12.2,55.7,0.2,48.7,2.2,21.8,25.9,0.4,0.2,0.6,48.9,2.92,3303.0,11.1,7.6,2358.0,4.4,90.1,4.6,91.9,56.1,0.0,0.7,64.5,34.4,0.0,2.1,5.3,12.2,33.1,42.9,11.8,97.7,92.7,15.0,5.7,75.4,18.8,14.2,1.0,96.2,0.4,1.1,2.1,0.2,2.0,0.3,84.7
15710517,rural,6002.0,8.8,10.7,10.8,24.7,42.4,40.7,19.8,1.9,8.3,6.9,7.9,7.9,7.9,7.1,5.0,5.0,3.4,4.0,2.2,1.8,2.2,3.3,35.2,60.1,1.4,3.3,29.5,3.6,97.7,28.4,0.1,28.2,16.8,7.5,5.1,99.1,0.3,0.2,1.9,0.0,99.6,1.3,9.2,31.4,0.6,28.6,6.7,61.5,1.6,0.1,0.4,0.4,49.8,1.92,1365.0,10.2,6.2,1389.0,4.3,77.9,3.0,99.2,7.7,1.1,0.1,96.8,1.8,0.2,1.6,19.1,23.3,43.3,22.4,11.1,99.8,99.8,16.7,1.6,97.4,1.0,31.6,42.4,99.5,0.4,0.0,0.1,0.1,0.0,0.1,26.0
15710517,urban,4113.0,7.3,8.3,9.9,21.0,32.8,37.0,22.3,3.5,8.1,6.9,7.2,8.4,7.2,6.8,5.8,5.6,4.8,5.3,3.3,2.3,2.7,3.5,35.7,57.0,2.5,4.8,28.6,2.6,91.9,23.8,1.0,28.6,17.3,11.6,8.7,99.1,0.9,0.7,6.9,0.0,99.6,1.1,12.9,36.8,1.9,29.0,11.8,54.6,0.9,0.1,1.0,0.6,49.8,1.96,879.0,13.599999999999998,8.3,1104.0,3.7,67.8,20.8,99.2,96.2,1.0,2.1,95.2,0.6,0.7,1.6,11.4,15.4,49.6,29.2,5.8,99.4,99.3,38.9,59.6,34.6,5.8,64.9,32.9,99.5,0.2,0.0,0.2,0.2,,0.4,2.0999999999999996
15710519,rural,4683.0,7.3,7.9,9.9,41.6,61.6,60.7,1.1,0.9,10.9,10.1,9.6,7.9,6.8,5.5,4.1,4.6,3.5,3.7,2.6,2.7,3.0,7.2,49.2,46.2,0.9,3.7,33.9,5.5,90.5,45.4,0.2,26.8,8.4,1.9,1.1,99.8,0.1,0.0,0.0,0.0,100.0,0.0,3.7,26.8,0.1,34.9,1.1,5.6,57.2,0.1,0.9,0.1,44.9,2.37,2105.0,12.0,8.3,850.0,5.5,98.5,0.0,91.8,0.1,0.1,0.0,44.4,54.8,0.5,2.1,1.5,12.8,14.8,25.0,47.3,91.8,94.0,48.4,0.1,61.5,38.4,0.0,0.0,88.1,0.0,0.4,11.3,0.2,4.3,0.2,100.0
15710523,rural,13472.0,8.9,10.1,9.7,22.3,38.1,42.8,22.6,2.6,9.0,8.0,7.2,7.8,7.8,7.0,5.7,5.2,3.8,3.7,2.4,1.6,2.2,5.0,34.2,59.4,1.7,4.7,28.4,3.6,94.7,25.3,1.7,31.2,17.9,6.3,4.8,99.7,0.5,1.0,2.1,0.3,100.0,0.2,10.8,40.3,1.5,25.8,5.1,64.1,1.4,1.2,0.2,0.8,49.1,2.05,3182.0,9.899999999999999,6.2,3192.0,4.2,67.4,13.7,98.8,79.3,0.6,3.8,86.6,8.7,0.1,1.6,18.9,12.3,46.6,33.9,7.2,99.3,99.7,64.7,74.1,21.3,4.6,80.0,0.2,94.5,0.3,0.5,4.7,0.0,0.3,0.2,19.9
15710525,rural,12851.0,9.1,10.6,11.1,38.5,56.3,43.7,44.9,1.3,10.1,9.1,7.7,7.8,6.5,6.1,4.7,4.1,3.0,3.3,2.3,1.9,2.6,8.6,36.7,59.3,1.0,3.0,28.3,4.0,89.9,43.8,1.9,27.7,9.5,2.5,2.1,99.2,0.2,0.0,0.5,0.0,99.8,0.2,3.8,25.0,4.8,48.7,8.5,20.7,8.5,1.4,2.4,5.0,47.3,2.16,2141.0,10.1,6.799999999999999,2729.0,4.7,82.6,3.1,95.1,5.6,1.2,0.3,64.5,33.3,0.7,2.2,14.3,18.2,41.3,32.0,8.5,88.1,91.7,11.1,8.4,57.6,34.0,11.8,10.0,75.4,0.5,0.6,23.5,0.0,3.8,0.0,78.2
15710527,rural,8214.0,9.4,10.6,10.7,39.5,52.6,49.3,9.8,1.3,8.8,8.0,7.7,7.2,7.5,5.7,5.1,4.4,3.3,3.5,2.6,2.0,3.4,6.4,38.9,55.1,1.1,4.9,29.9,4.2,96.2,44.7,0.5,28.5,12.6,3.3,2.6,99.6,0.2,0.0,1.4,0.0,99.9,0.2,2.8,7.8,0.4,32.1,3.8,35.3,21.2,0.8,6.2,0.2,48.7,2.78,2529.0,11.5,8.0,1726.0,4.8,84.3,0.8,92.9,3.0,1.2,0.0,54.4,41.5,0.5,1.9,14.9,16.2,28.2,31.0,24.6,95.8,97.7,20.2,1.2,30.1,68.7,13.0,1.6,80.6,0.1,1.0,17.8,0.5,1.2,2.4,85.5
15730101,urban,76293.0,7.5,10.5,10.6,19.5,30.5,45.0,34.5,4.7,8.1,7.2,6.8,7.6,7.5,7.5,6.5,5.7,4.3,4.1,2.6,1.8,1.9,5.1,35.2,57.3,3.4,4.0,29.4,2.8,95.0,22.2,1.2,30.0,20.6,10.5,7.2,99.1,1.3,0.7,9.4,0.1,99.6,1.0,12.2,40.6,1.7,28.8,13.0,44.7,1.4,0.9,2.9,6.5,50.6,1.81,16061.0,10.4,6.300000000000001,20061.0,3.8,56.9,32.8,98.0,96.4,0.2,26.2,72.6,0.1,0.4,1.6,10.3,17.9,48.2,32.5,1.4,99.3,99.8,75.1,94.1,3.4,2.5,93.2,5.2,99.8,0.1,0.0,0.0,0.1,,0.5,1.5
15730103,urban,95895.0,7.3,9.3,9.4,15.5,26.0,47.0,25.4,5.2,8.3,8.1,7.6,8.2,7.9,7.2,5.9,5.3,4.3,4.3,2.9,1.9,2.0,4.0,36.0,56.4,3.7,3.9,29.4,2.8,96.1,17.4,1.1,25.9,18.9,13.0,15.0,98.1,2.7,1.2,4.8,0.1,99.3,0.8,21.6,57.4,4.1,24.1,18.3,45.5,1.1,1.3,2.3,3.3,50.1,1.69,24864.0,11.1,6.8,26886.0,3.6,53.9,34.5,99.3,93.8,1.4,39.7,58.1,0.1,0.6,1.5,11.6,33.1,47.1,18.6,1.2,98.9,99.4,76.2,97.7,2.1,0.2,80.5,18.8,98.9,1.0,0.0,0.0,0.1,,0.1,0.7
15730105,urban,67393.0,7.8,9.9,9.9,20.6,31.7,43.4,25.6,3.5,8.1,7.9,7.5,8.0,7.7,7.2,5.8,5.4,4.1,4.2,2.7,1.9,1.9,4.5,36.0,57.5,2.6,3.8,29.2,2.8,95.5,23.2,1.2,27.3,19.2,10.9,9.7,99.0,1.7,0.9,7.7,0.0,99.8,0.6,13.0,45.8,2.1,20.5,14.6,49.7,0.6,0.6,3.7,8.3,49.9,1.83,15765.0,10.700000000000001,6.5,17498.0,3.9,57.2,26.1,98.8,95.3,0.7,8.8,89.8,0.0,0.5,1.7,16.7,17.7,61.3,20.4,0.6,99.1,99.8,84.3,96.5,2.5,1.0,73.8,24.0,97.8,2.0,0.0,0.1,0.1,,0.1,2.2
15730107,rural,8109.0,9.1,9.9,9.3,30.5,49.8,40.8,38.7,2.0,7.3,6.8,7.4,8.1,8.0,6.9,5.7,5.3,4.2,4.2,2.7,2.3,2.8,5.7,33.8,60.6,1.4,4.2,27.9,2.8,97.5,34.5,0.8,29.0,12.6,4.9,2.9,98.9,0.2,0.3,0.7,0.0,99.4,0.5,5.9,29.6,1.0,21.0,9.7,56.4,1.4,0.1,0.6,9.8,48.3,2.28,1455.0,12.0,7.8,2131.0,3.8,90.4,4.2,94.5,42.0,0.9,0.1,78.9,18.7,0.8,2.0,5.4,24.2,27.8,30.1,17.9,96.3,98.8,41.9,2.5,95.2,2.3,17.9,11.8,97.6,0.3,1.1,0.9,0.1,2.7,0.6,70.3
15730109,rural,4593.0,7.4,8.6,8.6,26.5,41.8,47.1,52.2,1.8,8.4,8.0,7.2,7.1,7.1,6.9,5.7,5.7,5.3,5.4,3.7,1.9,3.1,7.6,36.6,57.1,1.9,4.5,29.3,3.1,94.0,29.3,1.2,32.5,15.5,5.1,4.0,99.5,0.5,0.3,0.7,0.1,99.3,0.1,8.0,25.3,0.8,26.3,15.0,46.2,0.3,0.4,2.3,8.8,49.9,2.24,775.0,14.100000000000001,8.7,1221.0,3.8,85.4,5.0,96.2,74.1,0.4,0.2,92.5,6.2,0.3,1.5,9.6,8.5,15.8,61.9,13.8,99.3,99.6,54.6,45.1,53.2,1.7,55.6,1.3,99.6,0.1,0.0,0.3,0.0,1.1,0.4,43.099999999999994
21130101,urban,15857.0,4.8,6.0,7.4,21.0,25.5,36.6,33.6,5.6,7.0,5.9,6.0,5.6,5.1,6.0,6.4,6.6,6.9,7.8,6.7,4.6,7.2,7.1,33.9,54.9,3.9,7.3,29.1,2.2,96.5,22.8,1.5,24.9,17.1,17.8,13.2,99.5,1.7,0.9,1.4,0.0,99.9,0.5,22.5,62.7,8.0,30.7,27.3,26.5,1.8,0.3,3.5,1.8,53.3,1.45,3154.0,26.3,18.5,4612.0,3.4,62.2,18.8,99.8,99.7,0.2,4.2,93.6,0.1,0.5,1.0,19.1,9.0,18.0,59.2,13.8,99.4,99.6,91.3,99.4,0.2,0.4,73.7,23.9,99.9,0.0,0.0,0.0,0.1,,1.5,2.4
21130105,urban,2391.0,4.4,7.8,8.9,27.8,28.9,33.7,43.9,5.8,7.6,6.1,5.2,4.5,5.4,7.0,6.3,6.1,5.9,7.1,6.6,4.6,6.4,6.6,34.5,53.7,4.5,7.3,29.7,2.2,98.7,30.9,2.6,31.5,18.6,12.5,5.9,99.7,0.5,0.1,20.9,0.0,99.4,0.3,17.9,52.2,5.1,29.2,22.8,39.3,1.7,0.6,1.1,0.3,53.1,1.19,356.0,24.699999999999996,17.6,658.0,3.6,72.0,9.4,99.4,96.7,0.0,0.8,95.9,3.0,0.3,1.3,18.5,2.1,12.9,78.4,6.5,99.5,100.0,87.4,95.6,2.9,1.5,49.7,50.2,99.8,0.0,0.0,0.0,0.2,,0.0,0.2
21130107,urban,8613.0,5.5,8.2,9.6,28.0,33.1,38.6,25.3,3.7,7.5,6.6,6.0,6.4,6.4,6.4,6.0,6.3,6.0,6.4,4.4,3.5,4.7,5.9,33.2,57.9,2.3,6.6,29.1,2.8,97.7,31.5,2.9,28.9,19.1,9.4,6.6,98.4,6.4,4.7,33.7,0.0,99.8,0.5,14.0,52.3,3.9,30.7,16.3,29.7,1.7,0.8,3.2,13.7,52.9,1.28,1904.0,19.0,12.600000000000001,2330.0,3.7,56.5,21.6,99.6,99.6,1.2,1.3,95.7,0.4,0.6,1.3,22.0,5.2,33.5,59.9,1.4,98.9,99.7,86.5,99.2,0.6,0.1,97.8,1.8,99.8,0.2,0.0,0.0,0.0,,0.6,0.4
21130109,urban,98838.0,5.5,7.5,8.3,22.5,27.4,38.8,26.2,6.1,7.3,6.8,6.6,6.4,6.1,6.6,6.0,6.6,6.2,6.7,5.1,3.7,4.6,6.4,34.9,53.9,4.4,6.8,30.4,2.4,96.1,24.8,1.6,29.4,19.1,12.7,9.8,98.7,4.5,3.3,13.8,0.0,99.6,0.9,18.1,56.3,5.1,28.0,15.3,40.8,2.1,1.1,3.4,4.2,51.6,1.36,22262.0,20.1,13.4,27454.0,3.6,69.3,17.8,99.6,99.2,0.4,5.3,92.9,0.1,0.5,1.2,12.9,14.0,31.7,47.2,7.1,97.4,99.8,84.3,99.1,0.8,0.1,87.2,12.3,99.6,0.2,0.0,0.0,0.1,,0.9,0.6000000000000001
21130125,urban,10440.0,6.8,8.0,8.4,19.1,25.5,47.1,23.3,8.7,6.3,6.1,6.8,8.1,7.2,7.5,6.2,6.0,5.5,5.7,4.7,3.5,3.4,4.8,34.4,52.8,6.7,6.1,29.8,2.2,97.7,21.2,1.3,29.9,19.2,14.2,9.9,99.1,4.8,2.6,3.3,0.0,99.4,0.2,17.3,64.1,5.0,29.3,14.1,46.5,1.4,0.6,1.8,1.2,50.7,2.02,2884.0,17.3,11.6,3220.0,3.2,54.7,29.4,98.5,95.3,3.6,21.5,68.0,1.9,3.1,1.2,15.8,25.6,33.7,36.7,4.0,95.7,98.4,89.2,79.7,17.8,2.5,94.5,4.9,99.5,0.3,0.0,0.0,0.3,,1.8,0.6000000000000001
21130129,urban,30130.0,6.1,8.7,9.6,26.6,31.9,37.4,26.7,5.0,7.6,6.9,6.5,6.6,6.4,7.1,6.0,6.4,5.6,5.9,4.2,3.1,3.2,5.6,35.0,55.9,3.6,5.5,30.7,2.4,96.1,29.8,1.4,30.3,18.3,10.3,7.8,98.8,6.1,2.9,22.0,0.0,99.7,0.5,17.8,60.6,2.3,31.5,13.0,43.7,1.1,1.1,4.1,3.3,51.3,1.31,6228.0,16.400000000000002,10.5,7689.0,3.9,70.4,12.5,99.9,99.7,0.0,1.3,95.4,0.0,1.3,1.5,17.1,16.4,40.8,41.1,1.7,97.4,99.7,79.5,98.6,1.2,0.2,78.4,21.0,99.8,0.1,0.1,0.0,0.1,,2.0,0.6
21130301,rural,16081.0,6.1,8.9,9.3,30.1,34.9,38.4,35.2,3.1,7.3,6.2,5.3,6.2,6.2,7.0,6.4,6.8,6.1,6.4,5.0,3.3,3.8,7.4,31.9,60.5,2.7,4.9,27.8,2.7,95.5,33.6,1.6,30.8,18.7,8.4,5.5,99.3,4.9,0.3,1.2,0.0,99.8,0.3,9.1,39.6,2.2,26.8,10.8,57.6,1.6,0.2,0.8,0.1,49.9,1.97,3034.0,18.5,12.100000000000001,4288.0,3.8,73.6,5.3,96.0,87.4,0.7,3.6,71.3,16.2,1.0,1.5,21.1,23.2,32.5,26.6,17.7,97.4,97.5,80.2,35.1,48.6,16.2,18.2,30.5,96.8,0.0,0.0,3.0,0.2,0.1,7.2,51.3
21130307,rural,5777.0,6.4,9.8,9.7,34.2,39.0,39.1,45.0,3.9,7.1,5.8,5.8,5.9,6.4,7.8,6.5,6.3,5.9,5.6,4.4,3.1,3.9,5.2,32.9,58.1,3.1,5.8,27.9,2.4,96.4,38.4,1.8,34.4,14.5,7.4,3.0,99.3,0.6,5.8,16.3,0.0,99.7,0.1,11.7,53.3,2.3,19.9,12.8,56.1,1.1,0.5,6.6,0.7,49.8,1.58,920.0,17.0,11.4,1517.0,3.8,61.1,2.4,95.0,82.5,0.5,0.1,70.9,26.2,1.8,1.7,36.5,31.0,27.0,25.5,16.6,97.1,94.9,55.5,14.8,55.8,29.4,17.8,33.2,77.4,0.1,0.0,22.4,0.2,1.0,0.5,49.1
21130309,rural,14561.0,6.5,8.3,9.4,30.6,32.6,39.7,23.0,5.8,7.0,6.2,6.4,6.4,6.3,7.2,6.8,6.4,5.5,5.9,4.5,3.3,3.9,6.6,33.3,56.6,3.8,6.3,29.8,2.3,98.0,34.1,1.9,33.5,19.5,8.5,4.0,99.4,1.9,3.2,1.8,0.0,99.7,0.2,12.5,56.5,3.5,11.0,6.8,75.0,1.5,0.9,0.6,0.6,50.2,1.51,3372.0,17.599999999999998,11.7,3766.0,3.9,80.9,4.3,96.7,83.4,0.2,0.0,82.4,8.4,1.3,1.5,14.8,13.4,25.4,35.3,25.9,96.0,97.7,74.3,7.3,84.9,7.8,33.1,29.3,96.9,0.0,0.4,2.7,0.0,0.4,7.8,37.6
21130311,rural,7689.0,5.9,8.7,9.0,33.0,35.1,35.4,18.7,3.9,6.8,6.5,5.9,6.1,6.1,7.0,6.3,6.6,6.2,6.2,5.0,3.5,4.3,6.0,34.2,56.7,3.0,6.1,29.5,2.3,97.3,36.7,2.0,32.7,18.4,8.1,3.7,99.6,1.5,3.1,3.9,0.0,99.7,0.1,6.6,36.8,0.6,13.8,5.2,78.5,1.3,0.2,0.4,0.0,50.4,1.42,1691.0,19.0,12.8,1971.0,3.9,85.4,1.8,96.5,86.0,1.3,0.0,79.0,18.2,1.0,1.5,12.8,11.6,20.5,35.1,32.8,96.9,98.5,63.5,41.4,47.0,11.6,65.3,8.4,99.6,0.1,0.0,0.3,0.1,0.7,0.6,26.3
21130311,urban,6461.0,6.7,8.4,9.8,23.5,36.2,38.5,23.0,4.5,7.5,6.6,6.6,7.1,6.1,6.8,6.1,6.0,5.4,6.1,4.2,3.1,3.7,3.2,33.9,58.1,3.0,4.9,29.5,2.5,98.4,26.2,1.8,28.5,19.1,9.1,5.3,99.5,5.2,1.4,5.3,0.0,99.8,0.5,6.2,27.9,0.6,13.7,8.5,68.5,0.4,0.2,1.4,6.7,51.6,1.73,1443.0,17.1,11.0,1694.0,3.8,69.5,16.1,98.4,97.8,0.0,0.0,99.0,0.3,0.1,1.5,14.5,18.7,38.3,42.6,0.4,96.9,99.2,58.6,98.9,0.6,0.5,91.7,6.9,99.9,0.0,0.0,0.1,0.0,,0.6,1.4
21130503,rural,19012.0,6.0,8.5,9.5,36.3,42.7,36.4,35.3,2.7,7.2,6.5,5.7,5.9,6.6,7.1,6.7,6.7,5.8,5.9,4.4,3.4,4.0,6.8,36.7,54.2,2.4,6.7,29.5,2.4,95.9,40.7,1.6,30.9,14.9,6.3,3.6,97.5,3.9,2.3,41.9,0.0,99.8,0.7,10.2,47.7,3.1,10.2,6.4,76.6,0.2,0.3,2.2,1.1,50.0,1.08,3398.0,17.700000000000003,11.8,4777.0,4.0,72.3,0.6,96.5,61.2,0.1,0.0,60.2,37.7,1.2,1.4,27.1,17.0,21.8,31.5,29.7,97.5,97.2,46.1,14.7,32.4,52.9,8.2,18.8,87.5,0.2,0.0,12.0,0.2,0.5,0.8,73.1
21130505,rural,11249.0,6.6,8.6,9.3,43.1,46.5,35.9,31.4,4.1,7.3,5.9,5.5,6.1,6.3,7.5,6.6,6.3,5.7,5.7,4.5,3.4,4.7,9.0,35.0,55.8,2.8,6.5,30.3,1.9,97.8,48.3,0.6,32.1,13.4,4.8,2.6,94.4,2.3,1.8,68.9,0.0,99.6,0.4,9.4,49.1,3.2,14.2,7.0,62.9,2.3,0.0,7.1,3.3,50.1,1.93,2090.0,18.3,12.600000000000001,2893.0,3.9,83.6,0.4,98.2,94.5,0.6,0.0,61.4,37.5,0.6,1.4,16.0,15.0,28.2,27.3,29.6,98.4,98.7,44.7,16.1,6.9,77.0,7.0,21.3,93.7,0.4,0.3,5.4,0.2,0.8,0.0,71.7
21130513,rural,3783.0,6.6,8.5,8.8,43.0,48.0,31.6,73.1,1.7,6.5,6.3,5.9,5.9,6.5,6.8,6.0,6.3,6.1,6.4,5.1,3.6,4.8,11.0,35.0,57.8,1.2,6.0,29.7,2.0,97.7,47.6,0.1,29.7,14.4,4.2,3.6,78.2,1.5,40.6,32.5,0.2,84.8,21.4,9.9,29.5,0.8,42.4,31.0,9.4,1.6,0.0,3.7,11.0,50.8,2.39,245.0,19.9,13.5,1015.0,3.7,87.0,0.3,95.3,87.2,0.1,0.1,34.9,60.2,1.0,1.7,12.7,12.4,29.4,30.8,27.3,96.8,92.5,85.1,15.0,71.2,13.8,15.5,0.1,77.5,0.3,0.1,21.8,0.3,0.3,3.7,84.4
21130515,rural,4069.0,6.6,8.6,9.9,41.6,45.2,21.8,46.3,3.0,7.6,5.8,5.3,5.0,5.2,6.5,5.9,6.9,5.8,6.1,4.4,4.0,6.3,5.9,29.8,61.2,2.0,7.0,29.1,2.5,73.6,46.9,0.9,31.4,14.3,5.4,2.9,86.8,1.0,13.0,74.5,0.0,99.4,0.9,9.1,39.2,8.1,23.5,16.2,44.3,1.1,0.0,1.7,5.0,51.2,2.22,357.0,20.8,14.7,1115.0,3.6,53.3,1.0,96.1,82.2,0.2,0.0,52.7,41.5,2.0,1.4,45.7,19.0,27.7,22.2,31.2,96.1,95.1,72.3,22.1,74.7,3.2,10.7,11.5,87.7,0.1,0.0,12.1,0.1,0.6,3.7,77.8
21130517,rural,2362.0,5.9,7.2,9.6,32.9,37.0,34.0,43.0,4.0,7.8,6.2,5.5,5.0,5.4,5.3,6.5,8.2,7.5,6.6,5.0,3.6,4.7,8.0,34.4,56.6,3.3,5.7,30.1,2.6,96.2,36.9,1.1,30.1,17.6,8.7,5.4,97.7,0.4,60.8,1.0,0.0,99.6,0.1,12.8,60.2,0.8,18.6,28.0,44.9,1.7,1.1,0.0,4.8,50.1,1.6,354.0,19.9,13.3,623.0,3.8,74.5,3.2,97.3,92.3,0.3,0.2,40.0,58.7,0.8,1.5,22.3,7.5,12.0,15.2,65.2,98.2,95.5,27.9,32.3,64.0,3.7,35.5,6.9,84.6,0.0,0.0,15.2,0.2,0.5,0.0,57.6
21130519,rural,23846.0,7.2,9.9,10.8,27.9,32.4,41.7,26.2,5.2,8.3,6.5,5.9,6.6,7.1,7.9,6.7,6.1,4.9,4.6,3.2,2.3,2.1,5.3,33.1,58.4,3.8,4.7,28.7,2.4,92.3,31.8,2.3,34.8,18.8,7.8,4.0,99.4,1.7,4.4,19.4,0.0,99.8,1.6,10.6,46.1,2.6,21.8,7.8,52.1,0.5,0.1,5.9,9.3,49.0,1.56,5283.0,12.2,7.6,6021.0,4.0,76.6,6.7,96.9,71.4,2.2,8.7,75.3,11.9,1.3,1.7,16.8,42.9,29.9,14.7,12.5,98.5,99.1,81.0,54.1,28.8,17.1,48.5,18.2,97.3,0.1,0.1,2.5,0.0,0.9,0.6,33.4
21670103,urban,14999.0,7.0,9.7,9.6,33.3,38.1,36.5,25.5,4.3,7.0,6.5,6.7,7.1,7.0,7.5,5.5,5.9,5.1,5.6,4.3,2.6,3.0,8.5,35.9,55.9,3.0,5.2,29.6,2.1,95.3,37.4,2.0,33.2,12.4,7.3,7.0,61.2,1.1,2.4,90.0,0.1,98.8,2.3,14.2,53.6,4.0,40.8,15.5,32.5,1.6,0.6,3.5,1.4,51.8,2.41,3009.0,15.499999999999998,9.9,3877.0,3.9,55.7,27.4,98.6,73.4,0.1,4.5,93.7,1.1,0.3,1.4,16.8,24.6,37.1,37.0,1.4,99.1,99.8,77.6,63.4,20.9,15.7,30.4,68.2,99.2,0.3,0.0,0.5,0.0,,0.3,1.4000000000000001
21670109,urban,15653.0,8.2,10.2,9.7,29.8,36.0,40.6,21.7,6.2,7.6,7.2,7.8,7.7,7.4,6.9,5.5,5.0,4.1,4.3,3.2,2.4,2.9,7.5,35.9,55.0,4.3,4.9,29.2,2.9,96.1,33.6,1.4,29.5,14.8,8.4,10.0,94.3,2.5,6.9,63.4,0.1,99.7,0.8,19.5,47.5,5.1,28.0,21.9,37.1,1.2,0.7,1.6,4.4,51.1,1.97,3581.0,12.8,8.5,4168.0,3.8,46.2,28.2,99.1,80.2,0.0,13.5,80.6,0.1,1.7,1.3,25.5,19.6,30.7,44.6,5.1,97.4,99.2,69.3,65.2,15.8,19.0,95.8,0.9,99.9,0.1,0.0,0.0,0.0,,4.1,3.3
21670113,urban,15348.0,6.6,9.1,9.2,29.6,33.8,35.8,26.9,3.8,7.0,6.8,6.9,6.9,6.6,6.5,6.3,5.9,5.3,5.8,4.5,2.8,3.9,6.6,35.7,54.9,2.6,6.8,30.0,2.6,96.9,32.8,1.7,32.9,14.8,6.9,10.0,75.4,2.3,1.5,88.8,0.1,99.7,0.6,16.1,54.0,2.7,32.8,20.3,39.5,1.2,0.4,0.7,2.4,51.4,1.15,3018.0,17.0,11.2,3975.0,3.9,62.1,18.0,98.7,89.3,0.1,1.7,88.7,6.2,1.1,1.3,19.9,18.8,30.1,42.6,8.5,98.2,99.4,70.5,53.7,16.3,30.0,57.8,28.4,98.1,0.0,0.0,1.8,0.1,,2.2,13.8
21671105,rural,4950.0,4.4,5.6,7.9,39.6,44.8,23.6,55.3,3.7,6.8,5.7,5.4,5.8,5.9,6.1,5.5,7.2,8.7,8.2,7.0,4.0,5.7,8.9,37.6,50.9,2.8,8.7,32.4,1.9,95.1,43.3,1.2,30.4,12.7,4.8,6.2,42.4,0.1,1.5,98.0,0.0,99.4,0.9,8.0,47.2,3.5,26.4,20.8,44.4,0.2,0.2,2.3,2.1,55.1,1.38,428.0,24.9,16.7,1410.0,3.5,90.0,0.1,98.0,2.8,0.1,0.0,62.5,37.2,0.1,1.3,9.9,8.5,15.3,39.7,36.5,99.4,99.5,41.3,1.6,0.6,97.8,0.0,14.1,98.5,0.3,0.0,1.1,0.1,0.8,0.1,85.9
21671107,rural,7994.0,6.7,7.7,7.7,46.8,48.3,28.6,41.1,2.6,6.4,5.3,5.9,6.5,6.3,6.3,6.4,6.8,6.2,7.4,5.6,3.7,5.1,9.1,37.2,54.7,1.9,6.2,30.5,1.9,96.9,51.2,2.4,28.4,11.5,4.3,5.1,46.6,0.1,0.9,96.7,0.0,99.8,0.5,12.8,49.4,2.0,42.5,18.4,29.3,0.7,0.3,2.1,4.8,54.5,1.73,1051.0,21.799999999999997,14.4,2161.0,3.7,82.8,3.9,98.0,78.1,0.2,4.2,64.0,30.6,0.9,1.1,13.3,12.9,17.5,38.1,31.5,98.4,98.8,39.0,1.0,17.6,81.4,11.2,9.3,92.9,0.1,0.4,6.5,0.1,0.4,0.1,79.5
21671111,rural,5301.0,7.4,9.5,8.3,52.8,55.4,30.9,42.4,1.8,6.8,5.3,6.1,6.7,7.9,7.5,6.4,5.5,5.6,5.6,4.7,3.1,3.4,8.3,41.2,53.5,1.5,3.9,32.9,2.5,94.8,58.3,1.3,29.7,8.4,2.6,2.6,30.8,0.1,1.2,98.3,0.1,99.3,0.6,4.2,28.8,0.3,53.1,11.5,30.3,1.0,0.1,2.6,1.1,49.7,1.82,704.0,16.8,11.200000000000001,1351.0,3.9,64.3,0.0,93.1,1.3,0.1,0.1,25.5,71.8,2.1,1.6,35.7,6.3,11.9,23.8,58.0,97.3,94.4,16.9,0.4,24.6,75.0,0.0,0.0,86.1,0.4,0.1,12.8,0.7,3.7,0.4,100.0
21671119,rural,5755.0,7.3,9.4,8.9,47.3,51.2,34.0,28.5,1.4,6.7,5.9,6.4,6.8,7.9,7.0,6.1,6.1,5.5,5.2,4.7,2.6,3.6,7.0,38.8,54.6,1.0,5.5,29.6,2.5,96.8,52.7,1.4,30.2,10.2,4.1,2.9,33.7,0.2,0.9,97.9,0.2,97.1,3.1,8.1,35.6,1.6,10.1,10.4,70.8,0.6,0.0,1.3,5.2,52.2,2.29,1042.0,16.1,10.9,1422.0,4.0,87.2,1.0,98.9,4.4,0.1,0.2,56.4,41.0,2.1,1.2,11.8,21.5,30.5,32.3,15.6,98.7,99.3,32.6,0.6,70.8,28.6,0.0,0.2,98.3,0.4,0.1,1.1,0.2,0.9,0.2,99.80000000000001
21671125,rural,9340.0,6.0,8.0,8.5,39.1,43.6,33.0,54.2,3.3,7.4,5.9,5.8,5.6,6.6,6.8,6.7,6.6,6.4,6.4,5.7,3.2,4.4,8.4,40.1,50.4,2.4,7.2,31.0,2.5,84.9,43.2,2.9,29.9,12.5,5.1,6.1,52.0,0.2,1.4,97.4,0.1,98.3,1.5,18.2,57.5,2.2,28.0,16.8,45.5,0.5,0.8,2.9,3.3,51.8,0.93,1095.0,19.700000000000003,13.3,2479.0,3.8,79.2,0.2,99.2,12.5,0.3,0.0,61.5,37.1,1.0,1.2,20.6,8.5,11.4,49.9,30.2,98.8,98.7,47.8,2.7,1.3,96.0,0.3,1.6,98.0,0.1,0.2,1.4,0.3,1.1,0.0,98.1
21671125,urban,2854.0,8.1,10.3,9.9,27.2,33.5,40.1,32.4,4.1,6.8,6.0,7.3,6.9,7.1,7.6,4.9,5.8,4.8,5.2,3.7,2.3,3.1,4.3,33.3,57.9,2.8,6.0,30.2,3.0,95.8,30.8,4.6,29.9,15.6,6.8,9.7,67.0,0.8,1.3,95.0,0.1,99.4,0.8,23.9,54.6,4.0,35.6,24.4,27.5,2.4,0.5,5.2,0.4,50.4,1.72,553.0,14.299999999999999,9.1,789.0,3.6,49.2,28.4,99.4,89.4,0.0,10.4,88.0,0.5,0.9,1.4,22.4,25.7,38.3,33.6,2.3,98.7,99.1,67.8,42.2,7.9,49.9,92.6,1.5,99.6,0.0,0.0,0.0,0.4,,0.1,5.9
21671127,rural,11346.0,8.0,9.3,8.2,41.4,45.9,33.9,30.1,1.9,7.1,6.4,6.8,6.8,7.4,7.1,5.5,6.0,5.5,6.1,3.9,2.7,3.2,7.0,39.4,52.9,1.8,5.9,30.2,2.1,94.9,45.7,2.4,29.9,14.3,4.0,3.6,30.0,0.1,1.1,97.0,0.1,99.5,0.6,7.4,33.5,0.8,14.1,11.0,69.2,0.7,0.3,0.7,3.4,50.9,2.06,2003.0,15.899999999999999,9.8,2754.0,4.1,76.6,2.4,94.9,41.0,0.1,0.1,78.5,19.6,1.3,1.4,21.0,24.5,28.2,32.5,14.8,97.4,97.9,42.8,2.5,33.2,64.3,16.7,12.7,97.8,0.2,0.0,1.7,0.3,1.0,0.4,70.69999999999999
21671301,rural,4002.0,7.0,9.8,9.2,40.6,44.0,28.1,49.5,3.8,6.6,5.3,5.1,5.9,7.1,6.7,6.8,6.0,5.2,5.2,4.9,3.6,5.2,9.8,33.0,55.3,3.1,8.6,30.2,2.0,95.7,45.5,3.3,33.0,11.0,4.4,4.3,70.0,0.2,1.2,96.3,0.1,99.2,0.5,15.0,49.6,1.4,23.6,17.1,44.0,0.0,0.2,4.0,9.5,51.8,1.89,420.0,18.900000000000002,13.7,1102.0,3.6,68.6,5.0,98.3,46.5,0.8,0.0,74.5,22.1,2.3,1.2,26.4,20.3,20.9,40.0,18.8,97.3,97.8,51.6,26.5,62.8,10.7,38.1,2.1,99.1,0.0,0.0,0.9,0.0,0.8,0.4,59.800000000000004
21671309,rural,4873.0,7.2,9.3,9.1,40.2,44.8,31.7,50.0,3.8,6.4,5.3,5.1,5.5,7.0,6.4,5.8,5.9,5.6,6.7,6.4,3.6,4.9,9.2,33.5,57.0,2.8,6.7,29.9,2.3,98.7,45.0,2.2,31.8,11.6,4.8,4.7,42.8,0.1,0.8,97.1,0.0,99.8,0.2,15.7,54.1,1.6,34.4,17.4,35.5,3.5,0.7,7.0,0.0,52.8,1.43,575.0,21.6,14.9,1311.0,3.7,70.0,0.3,98.2,8.2,0.1,0.0,28.1,68.5,3.2,1.5,29.7,10.2,11.7,24.8,53.3,96.1,97.5,20.1,1.6,29.6,68.8,0.2,0.0,91.3,0.3,0.8,7.2,0.3,1.6,0.2,99.7
21671315,rural,8008.0,6.8,9.2,8.8,48.8,47.6,31.6,44.9,3.6,7.3,5.7,6.0,5.7,6.3,6.9,6.8,6.3,5.9,6.2,5.1,3.3,3.6,6.4,35.1,55.7,2.8,6.4,29.4,2.0,97.2,54.3,1.9,31.6,11.7,3.5,3.6,50.9,0.1,0.4,98.0,0.1,99.5,0.6,8.6,39.2,1.1,35.0,10.2,39.4,1.0,0.3,1.3,11.7,52.1,1.7,1047.0,18.200000000000003,11.999999999999998,2062.0,3.9,62.9,0.6,97.3,3.4,0.3,0.1,57.0,41.2,1.3,1.4,36.5,14.7,22.9,34.6,27.8,97.6,97.6,21.5,0.9,0.1,99.0,1.6,36.7,91.6,0.2,0.1,8.0,0.2,0.7,0.1,61.599999999999994
21671317,rural,7030.0,7.1,9.2,9.3,40.1,43.3,33.3,30.5,3.6,6.9,6.0,6.2,6.2,6.8,6.1,6.3,7.1,5.7,5.9,4.7,2.7,3.9,10.2,35.6,55.6,2.4,6.4,30.2,2.4,98.3,44.8,2.6,33.2,12.5,4.2,4.1,58.9,0.3,0.7,97.7,0.1,98.9,1.1,9.9,44.9,3.5,44.7,6.2,37.6,1.8,0.0,2.6,3.6,52.7,1.88,1210.0,17.2,11.3,1765.0,4.0,63.7,1.6,98.1,7.8,0.3,0.0,78.1,17.1,1.0,1.5,34.6,17.5,26.6,35.1,20.8,99.2,99.5,45.4,4.6,0.3,95.0,1.1,87.8,95.8,0.3,0.1,3.7,0.1,0.2,3.5,11.100000000000001
21671321,rural,5238.0,5.5,7.5,8.4,37.6,38.5,28.1,47.4,2.7,7.6,6.9,6.1,4.9,5.8,7.2,6.4,6.4,6.3,6.9,5.6,3.9,4.5,8.4,38.7,51.4,2.1,7.8,32.0,2.2,98.8,41.6,1.9,35.6,13.2,4.9,5.9,63.0,0.1,0.8,96.9,0.2,99.4,0.6,10.0,48.9,1.5,37.9,12.3,8.9,3.4,0.5,2.0,33.5,51.2,1.92,609.0,20.9,14.0,1443.0,3.6,71.4,0.2,96.5,15.5,0.0,0.1,74.1,24.5,1.3,1.3,28.3,14.4,18.6,38.0,29.0,97.1,97.6,18.7,0.3,0.3,99.4,20.7,37.5,95.3,0.1,0.5,3.4,0.7,0.3,0.1,41.9
21671321,urban,2956.0,7.1,8.4,8.7,30.7,33.7,36.5,44.2,3.8,7.2,6.7,6.2,5.9,6.3,6.4,6.2,6.2,4.9,6.2,6.0,3.8,4.0,7.1,35.4,55.0,2.5,7.0,29.4,2.3,97.4,34.2,2.8,32.0,16.0,6.1,9.4,71.1,0.6,0.8,95.5,0.1,99.4,0.3,18.6,56.4,3.5,22.6,22.4,11.2,1.5,0.0,2.0,36.8,51.0,2.16,456.0,20.0,13.8,828.0,3.6,72.2,10.6,98.5,84.4,0.2,0.1,85.3,10.8,3.2,1.3,17.3,6.9,13.9,53.7,25.5,96.0,97.1,52.1,39.4,0.7,59.9,40.7,46.5,95.0,0.1,0.0,4.6,0.2,,0.4,12.7
21671323,rural,3881.0,4.2,7.0,7.8,52.0,53.5,17.1,35.8,4.6,7.3,5.7,5.6,5.1,6.0,6.0,6.5,7.2,8.0,8.1,6.6,3.6,5.5,12.9,37.5,52.4,3.3,6.9,30.9,2.3,95.4,56.7,1.7,27.2,10.1,4.0,3.5,34.0,0.0,1.1,98.5,0.1,98.9,1.3,3.4,20.5,3.8,26.3,15.6,47.1,2.0,0.0,1.4,3.8,54.2,1.0,346.0,23.8,15.7,1134.0,3.4,86.2,0.0,96.6,0.3,0.1,0.1,79.6,18.1,1.9,1.3,13.8,9.2,21.0,49.0,20.8,98.1,98.5,57.8,0.4,34.7,64.9,0.0,0.0,98.9,0.3,0.1,0.3,0.4,1.1,0.2,100.0
21671329,rural,5525.0,7.4,8.8,8.2,43.4,48.5,31.8,39.9,2.4,6.9,6.3,6.0,5.7,6.6,6.6,6.5,6.4,5.7,6.2,5.9,3.3,3.5,6.5,38.1,52.8,2.1,7.1,31.6,2.4,96.9,48.0,1.1,28.7,11.4,5.0,5.3,29.0,0.0,0.9,98.4,0.1,98.7,15.7,3.7,44.1,1.1,28.5,9.4,51.0,1.0,0.6,4.4,3.9,50.4,2.26,796.0,18.900000000000002,12.7,1412.0,3.9,80.0,0.4,96.9,3.6,0.3,0.1,47.5,50.5,1.0,1.5,19.6,14.5,22.1,35.2,28.2,96.5,94.6,36.1,3.1,6.5,90.4,0.9,2.1,97.6,0.3,0.0,2.1,0.1,1.4,0.6,97.0
21671329,urban,2852.0,7.4,9.5,9.5,30.6,35.5,31.4,15.8,3.8,7.8,6.1,7.6,7.3,6.5,7.4,5.4,4.9,4.5,6.0,4.4,2.1,3.8,5.7,33.7,57.7,2.4,6.2,29.6,3.0,95.5,34.3,4.5,28.1,12.3,9.2,10.4,64.8,0.7,2.0,88.7,0.1,99.5,0.4,21.9,49.7,6.7,23.6,21.6,37.5,2.9,0.7,6.5,0.5,51.2,1.96,555.0,16.3,10.3,756.0,3.8,50.0,25.1,99.5,85.1,0.7,4.2,94.4,0.0,0.5,1.4,24.9,26.7,42.1,31.2,0.0,98.1,99.9,98.7,65.9,2.1,32.0,86.2,3.6,99.3,0.1,0.4,0.0,0.1,,0.1,10.200000000000001
21671503,rural,4695.0,6.6,8.8,8.4,45.7,48.3,32.4,43.8,2.5,7.1,4.9,5.5,5.5,6.8,7.1,6.6,6.6,5.6,6.7,5.8,3.7,4.5,11.1,36.8,54.9,2.1,6.1,29.9,1.9,94.2,50.3,1.7,31.0,10.9,4.1,4.0,64.4,0.7,1.1,94.1,0.0,99.8,0.4,18.3,56.1,1.4,33.7,11.3,46.6,1.8,0.2,3.7,1.4,52.6,2.03,653.0,20.7,14.0,1254.0,3.7,74.2,0.3,93.0,2.5,0.2,0.0,46.3,51.3,2.2,1.3,25.4,10.3,15.4,34.5,39.8,95.1,92.7,44.3,1.4,8.7,90.0,8.4,1.7,94.1,0.1,0.3,4.9,0.6,1.5,0.0,89.9
21671505,rural,4083.0,6.5,9.1,9.4,48.0,50.3,25.0,52.7,2.7,6.6,4.9,4.8,5.7,6.7,7.4,6.3,6.3,6.2,6.2,5.5,3.4,4.9,18.6,35.2,56.3,2.2,6.4,29.9,2.1,98.5,53.8,2.1,28.8,11.4,4.2,3.2,45.9,0.4,1.0,95.4,0.1,97.7,0.9,11.8,53.5,1.9,16.3,19.6,57.5,0.3,0.0,3.3,1.1,52.7,1.94,362.0,20.0,13.8,1087.0,3.8,64.0,2.6,96.0,1.5,0.3,0.1,35.9,59.3,4.2,1.4,33.4,17.9,16.7,18.1,47.3,95.8,95.0,32.2,0.6,0.3,99.2,0.0,0.1,91.6,0.2,0.5,7.1,0.6,1.3,0.2,99.9
21671507,rural,4923.0,4.8,8.2,8.1,41.6,45.3,27.2,48.4,3.5,7.2,6.2,5.7,6.0,6.2,6.5,5.9,7.0,6.2,8.0,5.5,3.8,4.8,7.8,38.9,51.5,2.5,7.1,30.8,2.0,97.1,45.7,0.6,29.6,13.8,5.6,5.1,38.5,0.5,0.5,97.3,0.1,99.1,0.8,12.5,57.0,2.9,16.7,14.7,43.1,0.2,0.0,1.1,21.3,54.1,1.63,545.0,22.1,14.100000000000001,1349.0,3.6,78.8,1.1,98.2,34.2,0.1,0.1,50.7,48.3,0.4,1.3,20.1,11.4,15.7,24.9,48.0,98.5,99.1,22.6,2.4,1.0,96.6,0.1,11.3,99.8,0.0,0.0,0.1,0.1,0.7,0.2,88.7
21671507,urban,3521.0,7.0,9.1,9.9,30.2,37.1,32.1,32.3,3.6,8.0,6.0,5.8,6.1,7.0,6.3,5.6,5.8,5.5,4.9,4.9,3.4,4.7,7.4,34.8,54.7,2.7,7.9,28.4,2.5,97.8,34.1,1.6,27.4,16.8,8.6,8.5,60.5,1.4,1.5,87.9,0.1,99.6,0.9,17.2,55.7,3.5,24.7,28.4,37.6,0.9,0.4,2.5,2.1,55.2,1.62,567.0,17.900000000000002,13.0,978.0,3.6,52.7,20.8,98.3,84.1,0.3,1.0,96.2,1.5,0.5,1.3,26.5,23.3,30.7,40.9,5.0,98.9,99.9,85.7,52.5,37.3,10.2,36.4,48.8,99.4,0.2,0.0,0.2,0.2,,0.4,14.8
21671513,rural,3454.0,5.7,7.9,8.4,49.5,50.7,27.3,51.1,4.3,6.0,5.0,5.1,6.9,7.7,7.2,6.3,5.5,6.1,7.2,6.6,4.2,4.1,5.7,38.5,50.7,3.2,7.6,30.2,2.0,98.5,54.8,2.3,28.7,11.8,3.1,3.4,28.8,0.5,1.1,97.6,0.0,97.8,2.1,11.5,49.7,3.6,15.6,22.0,23.7,6.4,0.6,7.5,20.6,55.6,1.6,359.0,22.1,14.9,927.0,3.7,83.5,2.6,97.8,0.5,0.5,0.1,54.5,42.8,1.4,1.4,13.9,11.6,23.2,26.2,39.0,98.0,98.2,14.5,0.9,0.2,98.9,0.0,0.0,94.3,0.2,0.0,5.3,0.2,0.5,0.7,100.0
21671701,rural,8704.0,7.7,9.7,9.9,47.4,52.3,24.5,37.3,3.0,8.5,7.0,6.3,6.5,6.6,6.5,5.5,4.8,4.3,4.8,3.6,3.4,4.7,6.5,35.7,56.8,2.3,5.2,30.0,3.1,97.2,53.6,1.4,25.8,13.0,3.5,4.0,77.1,0.7,0.7,91.5,0.2,99.4,0.6,11.2,50.5,1.0,23.9,20.7,40.4,1.4,0.0,1.1,11.4,55.0,1.61,973.0,16.5,11.7,2163.0,4.0,69.6,6.0,93.5,11.7,0.4,0.0,63.7,34.5,1.4,1.4,24.4,12.3,20.3,42.5,24.9,96.8,97.8,33.3,0.3,0.2,99.5,10.3,0.4,99.0,0.1,0.0,0.6,0.3,0.6,0.1,89.3
21671709,rural,16594.0,7.8,10.2,9.9,41.7,44.5,36.9,34.5,4.0,7.9,6.7,7.1,6.8,6.9,6.6,6.1,4.8,4.3,4.9,3.9,2.6,3.5,9.6,36.5,54.0,3.0,6.5,30.4,3.1,96.2,47.0,1.8,31.9,12.8,4.2,4.7,86.3,1.1,1.2,65.6,0.1,99.3,0.3,11.7,56.0,4.8,26.0,8.8,58.1,1.4,0.4,0.3,0.2,51.2,1.38,2887.0,14.9,10.0,3960.0,4.2,76.2,0.9,97.9,4.7,1.9,0.0,73.2,23.9,0.6,1.5,22.9,19.8,29.7,33.3,17.2,97.7,97.6,44.1,3.5,13.1,83.3,2.0,0.4,97.6,0.4,0.0,1.9,0.1,1.3,0.3,97.69999999999999
21671711,rural,3701.0,6.9,8.9,9.1,52.2,54.7,24.6,36.0,3.1,6.9,6.5,5.9,6.6,7.1,6.9,6.2,5.4,4.2,5.5,3.9,3.4,6.5,9.1,37.1,55.1,2.2,5.6,29.2,2.2,93.3,57.7,1.2,29.1,9.6,2.8,2.6,78.1,0.9,0.6,88.8,0.0,99.3,0.5,9.5,40.1,3.0,25.6,14.0,50.8,3.0,0.2,3.4,0.0,55.3,1.94,437.0,19.3,13.8,932.0,4.0,82.4,0.1,95.5,3.8,0.5,0.1,43.5,54.5,1.3,1.3,17.5,15.1,21.5,31.7,31.7,98.6,96.9,66.0,0.2,1.3,98.5,0.0,0.1,95.7,0.1,0.0,4.1,0.1,0.6,0.1,99.9
22510101,urban,27485.0,7.6,9.3,9.9,20.8,27.4,38.8,31.6,4.2,7.7,7.0,8.2,7.7,7.2,6.5,6.0,5.1,4.5,4.8,3.2,2.2,3.1,4.6,36.0,55.3,3.1,5.5,30.0,2.6,94.9,23.5,1.5,27.7,18.2,13.5,11.7,99.1,5.1,3.2,0.4,0.1,99.8,0.9,19.5,55.0,1.7,21.2,45.4,21.6,0.9,3.1,1.3,4.8,51.3,1.85,5336.0,13.299999999999999,8.5,6715.0,4.1,58.0,26.0,98.7,98.9,1.1,4.2,92.9,0.3,0.5,1.5,16.0,9.3,29.1,57.3,4.3,98.9,99.6,74.6,97.5,1.8,0.7,68.2,31.0,99.7,0.1,0.1,0.0,0.2,,1.0,0.7999999999999999
22510103,urban,9903.0,5.6,7.3,8.0,16.6,20.2,36.6,35.0,7.0,6.9,6.4,6.1,5.9,5.6,5.6,6.1,6.4,6.9,7.1,5.8,3.8,6.3,6.5,36.2,51.6,5.0,7.3,27.0,2.2,94.0,18.2,2.0,31.5,16.8,15.3,14.1,92.4,2.2,16.1,0.7,0.1,99.6,2.9,20.4,63.0,1.6,23.7,40.3,23.8,0.9,0.0,1.4,8.3,53.1,1.96,1862.0,23.0,15.899999999999999,2843.0,3.5,63.4,18.3,97.5,98.7,1.7,1.3,91.7,0.6,3.7,1.0,18.4,16.2,21.2,48.1,14.4,97.7,98.4,80.4,41.9,56.4,1.8,45.4,45.1,97.3,1.2,0.0,1.2,0.3,,1.0,9.5
22510301,rural,705.0,6.5,9.1,8.5,24.5,25.7,35.4,42.9,7.9,6.8,6.4,7.2,7.0,6.8,6.7,6.0,7.4,5.2,4.1,3.7,2.6,6.1,8.9,34.8,52.5,4.9,7.9,30.0,3.0,98.7,27.1,3.0,34.3,20.3,8.7,8.1,99.7,0.0,4.5,0.0,0.0,99.8,1.1,13.6,69.4,0.9,3.7,68.5,22.2,0.9,0.0,2.8,0.9,53.0,2.13,108.0,16.5,12.4,185.0,3.8,0.0,0.6,98.9,99.4,0.0,0.0,42.0,56.3,1.1,1.5,99.4,9.8,8.6,79.9,1.7,98.9,98.9,82.2,97.1,2.3,0.6,0.0,98.3,99.4,0.0,0.0,0.0,0.6,1.0,0.6,1.7
22510303,rural,7976.0,9.7,10.8,11.3,47.2,48.4,32.3,25.5,7.8,9.5,6.3,6.2,6.7,5.5,5.5,5.3,4.6,4.3,4.3,3.4,2.7,4.3,10.4,27.0,60.0,5.5,7.5,24.7,3.6,90.3,53.5,2.0,28.8,12.5,4.6,3.7,71.8,22.9,62.8,0.1,0.0,99.3,1.1,10.4,42.0,0.7,7.2,9.3,17.8,1.4,0.2,1.2,62.2,52.4,2.5,1311.0,14.7,10.399999999999999,2022.0,3.9,81.4,1.9,84.0,50.6,0.0,0.0,1.7,95.3,2.6,1.6,16.8,29.8,21.0,26.5,22.8,86.7,67.9,12.7,5.9,43.8,50.4,0.1,0.1,62.1,0.0,0.0,37.4,0.5,2.0,0.3,99.8
22510303,urban,9111.0,8.4,9.0,10.3,24.3,29.2,33.1,16.0,4.8,9.1,6.8,6.8,6.9,5.9,7.2,6.3,6.1,4.4,4.5,3.2,2.4,3.0,5.0,31.1,59.1,4.2,5.6,28.4,2.7,97.2,27.6,1.9,26.2,19.7,12.0,10.9,97.2,20.6,37.1,0.3,0.1,99.5,1.6,20.9,57.0,2.6,27.2,24.2,28.2,2.9,5.2,2.5,7.2,52.1,2.68,1832.0,13.1,8.6,2316.0,3.9,69.9,20.5,99.2,97.1,0.3,0.2,96.6,2.3,0.4,1.3,9.5,28.0,49.9,21.6,0.5,99.1,99.2,38.7,97.0,0.9,2.1,52.6,42.3,99.0,0.0,0.0,0.9,0.1,,0.2,5.1000000000000005
22510305,rural,6660.0,10.5,11.8,11.8,46.1,48.4,31.9,16.9,3.3,10.2,7.0,7.2,6.7,5.7,5.8,4.6,4.0,3.7,3.5,2.3,2.0,3.3,7.9,32.8,61.3,2.0,3.9,26.7,4.3,92.1,53.0,1.3,27.3,16.0,4.2,2.7,99.5,1.5,0.6,0.0,0.1,99.9,0.7,6.6,36.8,0.5,41.6,9.7,43.5,2.5,0.1,0.5,1.5,49.6,3.24,1163.0,11.1,7.6,1263.0,5.3,55.3,1.0,74.5,11.4,0.0,0.0,20.4,67.2,12.2,2.3,43.7,38.2,27.6,28.0,6.2,83.4,61.4,2.3,0.1,58.1,41.8,0.0,0.0,44.0,0.3,0.0,55.3,0.3,11.4,0.2,100.0
22510305,urban,4041.0,8.3,10.1,10.4,22.2,27.8,37.6,26.1,5.3,8.6,7.2,7.1,7.7,6.2,6.7,6.4,4.8,4.9,3.9,2.7,2.1,3.0,4.9,34.1,56.6,3.5,5.8,29.0,3.0,99.6,25.4,2.5,28.3,17.7,14.1,9.6,99.5,10.7,0.9,0.4,0.1,99.7,0.5,28.9,72.4,2.1,17.1,35.5,40.6,1.1,1.6,0.8,1.1,52.9,2.17,799.0,11.7,7.800000000000001,980.0,4.1,59.1,27.9,97.7,94.9,0.3,0.3,84.2,14.8,0.4,1.4,13.1,18.6,37.2,43.9,0.3,96.6,98.5,36.3,94.3,4.4,1.3,23.3,72.8,97.1,0.0,0.0,2.8,0.1,,0.0,4.0
22510313,rural,1499.0,7.6,10.3,9.5,32.4,35.2,34.0,23.2,4.9,7.7,5.0,7.2,6.4,7.5,6.9,6.0,4.7,5.1,4.5,4.2,2.5,4.5,3.0,32.1,62.6,3.3,2.0,28.0,2.8,92.7,35.9,3.3,28.6,17.7,6.7,8.5,99.9,0.3,31.4,0.3,0.0,100.0,0.1,23.9,73.5,0.0,62.7,25.7,6.7,2.8,0.4,0.0,1.8,51.9,2.14,284.0,15.7,11.2,397.0,3.8,54.8,7.8,97.2,74.7,0.0,0.3,81.1,15.2,3.5,1.5,37.4,24.5,31.6,38.6,5.3,95.7,94.7,5.3,71.5,23.5,5.1,26.8,50.0,98.7,0.3,0.0,1.0,0.0,0.2,0.0,23.3
22510501,rural,1789.0,12.1,13.6,13.9,46.8,49.9,44.6,8.5,1.1,10.2,7.3,8.0,7.5,5.6,3.7,5.0,3.0,2.8,2.3,2.1,1.1,2.0,3.5,29.6,65.8,0.6,4.0,24.5,5.6,86.1,54.3,1.8,37.3,8.8,1.2,1.0,99.8,0.1,0.2,0.0,0.0,100.0,0.0,0.8,16.5,0.0,39.0,6.1,30.4,24.5,0.0,0.0,0.0,49.6,2.87,441.0,7.5,5.2,295.0,6.1,89.8,0.3,90.2,6.4,0.0,0.0,5.8,35.9,58.3,3.6,9.8,81.4,6.1,11.9,0.7,32.2,15.6,4.7,5.1,7.1,87.8,0.0,0.0,14.9,0.0,0.0,84.7,0.3,5.9,0.0,100.0
22510503,rural,8249.0,10.1,11.4,12.1,48.6,52.5,38.3,26.2,2.0,9.9,7.4,8.0,6.5,6.7,5.8,5.1,4.4,3.3,3.4,2.6,1.5,1.8,1.9,32.1,63.4,1.5,3.0,27.4,4.1,91.4,56.2,0.6,29.9,11.5,3.1,2.6,99.7,0.8,1.1,0.0,0.0,99.9,0.3,5.8,49.3,0.3,36.8,7.1,39.9,15.4,0.1,0.3,0.1,49.0,2.45,1550.0,9.3,5.8999999999999995,1828.0,4.5,80.7,0.3,76.7,14.0,1.3,0.1,7.2,64.4,26.4,2.9,19.0,55.3,23.9,18.2,2.7,58.3,46.3,5.0,4.8,16.5,78.7,0.0,0.2,64.7,0.2,0.1,34.7,0.3,3.2,0.7,99.80000000000001
22510505,rural,6552.0,10.0,13.2,13.7,50.7,53.6,35.6,30.9,1.6,9.9,7.8,7.8,6.6,5.9,5.0,4.2,3.8,2.8,3.1,2.2,1.6,2.5,2.7,32.6,62.1,1.4,3.9,26.9,5.4,88.4,60.5,1.3,31.4,9.3,2.6,1.8,99.1,2.1,0.9,0.1,0.0,99.9,0.0,0.9,17.0,2.3,41.2,8.4,32.1,7.2,0.0,1.9,7.0,50.3,2.48,1016.0,9.4,6.300000000000001,1334.0,4.9,85.6,2.3,70.1,0.1,0.0,0.5,7.5,52.5,39.5,3.0,12.1,31.4,38.8,28.6,1.3,50.7,26.3,5.0,2.4,5.4,92.1,0.0,0.0,68.6,0.4,0.8,15.0,15.2,9.2,0.0,100.0
22510507,rural,4763.0,8.9,11.3,12.3,55.6,57.0,38.0,35.2,3.0,10.4,6.8,7.1,6.2,6.3,6.4,5.5,4.2,3.9,3.8,2.5,1.8,2.6,3.8,33.7,60.8,2.0,3.5,28.1,4.3,90.1,63.5,0.4,28.3,9.2,3.1,2.0,99.8,0.1,0.2,0.0,0.0,99.9,0.2,6.6,45.5,1.4,45.4,4.9,29.1,17.4,0.1,1.3,0.4,49.9,2.35,791.0,10.7,6.9,1007.0,4.7,86.5,1.4,60.7,8.0,0.0,0.0,1.5,49.6,48.5,3.1,12.1,59.7,19.1,16.0,5.2,82.2,32.9,2.5,0.0,37.6,62.4,0.0,0.1,81.1,0.3,0.0,3.9,14.6,8.3,0.3,99.89999999999999
22510507,urban,8838.0,7.6,10.0,11.8,32.4,36.3,29.5,39.1,4.2,8.9,7.1,7.4,7.0,6.6,6.3,5.2,4.8,3.6,4.2,2.7,2.4,4.5,5.1,35.7,53.8,2.9,7.6,29.4,3.3,96.1,37.4,2.2,26.6,16.2,10.1,8.7,99.1,2.9,1.6,0.2,0.1,99.9,0.8,14.7,53.5,0.7,19.3,46.7,28.1,0.5,0.0,2.4,2.2,53.8,1.85,1120.0,13.8,9.6,2181.0,4.1,57.8,17.3,92.9,90.5,0.1,5.5,50.7,33.1,9.0,1.7,24.9,21.5,36.3,37.4,4.8,89.5,91.4,46.9,90.7,1.0,8.4,7.2,83.9,96.5,0.3,0.0,3.0,0.2,,1.5,8.9
22510707,rural,15239.0,11.5,12.2,13.0,73.2,72.3,33.7,25.0,4.3,11.7,8.6,7.6,6.3,4.6,4.4,4.0,3.6,3.0,3.2,2.5,1.7,2.1,4.4,28.4,63.0,3.1,5.6,23.9,4.6,54.4,79.3,0.6,22.1,2.8,1.2,1.1,35.4,0.4,92.4,0.3,0.1,97.1,4.1,5.2,24.3,0.3,24.5,6.8,47.6,3.5,0.5,0.6,16.1,49.4,2.66,2436.0,9.5,6.300000000000001,3554.0,4.3,92.3,0.7,62.2,16.2,0.0,0.0,4.5,91.6,2.8,2.3,7.0,37.7,36.2,23.7,2.4,78.1,18.4,5.1,0.1,18.3,81.5,0.0,0.0,56.1,0.1,0.0,40.2,3.6,25.6,1.1,100.0
22510709,rural,8063.0,10.0,10.9,12.4,55.1,54.2,34.2,23.5,9.9,9.7,7.7,6.5,6.7,5.3,5.7,5.0,4.1,3.4,3.7,2.9,2.4,3.7,4.6,27.4,61.4,6.9,4.4,25.3,4.4,88.3,62.9,1.8,27.1,11.4,2.5,3.0,49.8,0.2,97.0,0.4,0.1,98.7,2.9,9.2,40.9,0.2,7.7,8.7,43.5,7.2,0.1,0.4,32.3,49.5,2.93,1409.0,12.7,9.0,2124.0,3.8,88.8,1.5,74.6,48.9,0.0,0.0,13.1,86.5,0.4,1.8,9.7,30.2,26.4,32.0,11.4,84.4,46.1,12.0,1.9,26.9,71.2,0.0,0.0,59.1,0.0,0.2,40.5,0.1,14.7,0.0,100.0
22510711,rural,6177.0,10.4,9.9,11.5,59.1,59.3,36.9,22.4,8.5,10.5,6.7,7.1,7.0,5.2,5.2,4.8,4.2,3.6,4.3,3.0,2.6,3.9,7.3,27.9,59.8,5.7,6.6,25.3,4.9,86.5,66.1,0.6,25.6,9.4,2.5,2.6,33.6,0.2,97.9,0.2,0.0,98.0,2.3,6.9,34.0,0.0,23.5,7.1,63.5,5.1,0.2,0.2,0.4,50.3,3.65,1206.0,13.8,9.5,1599.0,3.9,86.9,0.5,80.6,38.4,0.1,0.0,9.8,89.4,0.5,1.9,12.6,34.0,21.7,29.2,15.1,87.1,43.3,10.8,7.8,8.8,83.4,0.1,0.1,43.5,0.0,0.0,56.0,0.5,2.1,0.3,99.8
22510711,urban,12629.0,8.4,10.2,10.6,35.9,39.0,35.0,34.1,11.3,9.6,6.8,6.9,7.0,6.5,6.7,5.8,5.0,3.9,4.0,3.1,2.5,3.0,5.1,28.9,57.9,7.3,5.8,26.9,3.1,97.7,41.2,2.7,26.5,15.3,7.0,9.5,85.8,0.6,81.1,0.1,0.0,99.9,3.1,19.6,62.0,2.9,17.2,30.2,37.6,0.9,2.4,4.1,4.7,51.9,2.09,2063.0,12.6,8.6,3462.0,3.6,68.1,16.5,90.0,83.7,0.1,0.4,80.1,17.1,2.0,1.4,15.4,45.8,32.6,21.0,0.7,94.0,90.1,36.3,74.2,11.9,13.9,41.0,39.7,95.2,0.0,0.0,4.8,0.1,,0.3,19.2
22650103,urban,79267.0,7.6,9.5,10.2,22.7,30.2,38.4,22.4,4.0,8.7,7.4,6.7,7.1,7.2,6.9,6.5,5.4,4.3,4.3,3.1,2.2,2.7,4.5,33.0,59.8,2.7,4.5,28.3,2.8,96.7,25.7,2.1,25.7,19.2,12.8,10.0,98.4,9.3,10.9,4.1,0.0,99.7,1.2,22.7,61.7,2.5,23.6,29.7,36.8,0.8,1.5,2.1,3.0,51.7,1.8,17143.0,12.3,8.0,18585.0,4.3,50.3,31.9,99.1,96.3,0.3,10.9,82.3,1.4,4.0,1.5,17.8,43.0,33.6,21.7,1.6,97.3,99.4,74.6,95.3,4.0,0.7,61.2,37.1,99.6,0.3,0.0,0.1,0.1,,1.1,1.8
22650501,rural,7136.0,8.9,10.4,10.5,41.8,46.9,32.8,20.6,1.8,9.1,6.8,7.8,7.0,6.6,6.3,5.9,4.5,3.1,3.9,2.8,2.6,3.8,4.0,29.4,65.3,1.3,4.0,26.7,4.1,92.7,47.8,1.6,31.4,13.4,3.4,3.3,97.7,0.7,39.9,0.3,0.0,99.0,1.2,11.2,49.9,1.5,43.3,9.7,39.7,2.5,1.8,0.9,0.5,49.4,2.02,1302.0,13.099999999999998,9.2,1382.0,5.2,94.6,0.1,92.2,51.9,0.2,0.0,13.4,84.9,1.1,1.8,5.2,18.0,27.4,39.5,15.1,90.4,89.6,2.5,1.1,30.5,68.4,0.5,0.4,57.3,0.2,0.5,41.2,0.8,1.8,0.4,99.1
22650503,rural,6785.0,8.5,10.4,10.3,49.6,52.7,35.4,28.8,1.8,10.2,7.5,7.0,6.5,6.1,5.9,5.4,4.6,4.0,3.8,3.0,2.4,4.3,4.0,32.3,61.7,1.3,4.7,28.0,4.2,95.4,56.6,1.6,22.2,11.9,5.8,5.8,72.1,1.9,98.0,0.4,0.1,99.2,1.1,16.1,60.8,0.2,61.4,15.3,17.0,3.9,0.1,2.0,0.2,50.5,2.3,1211.0,13.5,9.7,1419.0,4.8,85.1,2.5,91.1,54.3,0.0,0.0,4.6,94.6,0.8,2.2,12.4,5.3,9.5,35.7,49.5,96.7,89.4,7.6,3.7,38.5,57.8,0.6,0.1,44.7,0.1,0.0,55.0,0.1,3.6,0.0,99.3
22650505,rural,39687.0,8.3,10.3,10.2,37.3,41.3,38.5,22.0,2.4,8.6,7.4,6.9,7.0,7.3,6.6,5.8,5.1,4.1,4.2,2.8,2.2,3.1,4.9,32.1,61.8,1.9,4.3,28.4,3.3,94.4,42.2,1.8,30.5,16.4,6.1,3.8,97.7,5.6,9.4,7.3,0.0,99.8,1.1,11.6,46.5,2.8,21.1,8.2,53.1,5.6,0.4,1.1,7.7,50.0,1.95,8461.0,12.299999999999999,8.1,8400.0,4.7,66.6,6.2,95.3,43.9,0.5,0.4,47.5,47.5,1.6,1.8,27.2,23.7,33.7,34.7,7.9,95.6,96.1,47.8,17.7,47.7,34.5,10.2,17.0,95.2,0.4,0.1,4.2,0.2,0.7,2.6,72.7
22650507,rural,14451.0,8.9,10.2,10.8,38.9,43.6,35.9,21.9,2.6,9.2,7.3,6.9,6.6,6.7,6.2,5.8,4.9,4.0,3.7,3.0,2.3,3.6,5.3,30.9,64.3,1.8,3.0,27.5,3.4,90.3,44.2,1.4,29.9,14.5,6.7,4.0,99.1,9.9,16.2,0.3,0.0,99.2,0.9,6.8,35.0,0.7,18.9,8.4,65.9,1.5,0.8,0.9,2.9,50.4,2.18,2840.0,12.6,8.9,3013.0,4.8,77.7,2.9,91.4,16.8,0.0,0.3,18.4,78.4,1.5,1.8,19.3,10.5,27.2,41.7,20.6,97.0,95.1,30.9,8.3,54.0,37.7,0.0,6.6,65.4,0.5,0.0,34.0,0.1,1.3,1.3,93.4
22650515,rural,20849.0,9.6,11.4,11.6,47.4,51.7,37.2,21.6,1.5,9.3,7.5,7.3,7.0,6.6,5.6,5.0,4.4,3.6,3.4,2.6,2.1,3.0,5.7,33.7,61.3,0.9,4.0,27.6,4.1,91.6,54.8,1.3,30.3,10.7,4.0,2.0,84.4,3.1,3.0,75.2,0.0,99.4,0.6,9.4,45.7,1.8,36.8,6.4,44.6,6.3,0.6,3.3,0.2,49.9,2.24,4092.0,11.1,7.7,4381.0,4.8,75.7,3.7,91.6,34.1,0.0,0.6,32.2,64.9,0.6,1.9,20.6,26.6,29.0,34.4,9.9,96.9,92.6,23.4,7.9,22.4,69.7,9.5,1.3,91.9,0.6,0.3,6.9,0.2,1.5,1.7,89.10000000000001
22650709,rural,6131.0,8.2,10.2,10.7,45.4,48.3,31.1,53.3,1.3,8.3,7.0,6.7,6.1,6.6,6.1,5.6,4.9,4.3,4.8,3.5,2.7,4.2,8.5,36.8,57.2,1.0,5.0,30.7,3.4,97.4,52.1,1.5,26.3,15.2,4.8,4.0,88.6,0.4,0.8,90.5,0.1,99.6,0.7,10.9,57.9,0.6,31.9,22.3,36.8,7.0,0.0,1.3,0.2,52.1,2.01,631.0,15.2,10.4,1479.0,4.1,62.2,2.2,92.8,51.6,0.1,1.4,32.9,62.1,1.6,1.8,35.6,7.7,11.4,38.0,42.8,96.8,89.9,12.2,20.7,22.0,57.3,0.2,6.7,89.7,0.3,0.0,9.7,0.3,2.0,1.8,93.1
22650711,rural,1117.0,8.1,11.5,10.3,45.9,48.1,29.2,28.8,1.8,7.7,6.4,6.2,8.0,6.7,6.5,6.0,3.8,4.4,5.0,3.8,2.5,3.1,7.4,33.5,60.3,1.4,4.7,28.4,3.8,100.0,52.4,1.0,31.6,13.2,3.2,3.0,99.2,0.6,1.9,47.5,0.0,99.4,0.2,11.9,58.2,0.0,59.5,14.7,17.8,7.4,0.0,0.0,0.6,48.9,1.3,163.0,14.4,9.4,266.0,4.2,77.1,1.1,87.6,0.8,0.8,0.0,11.7,85.7,1.5,1.7,21.8,4.9,12.0,20.7,62.4,95.1,73.7,1.5,0.4,1.9,97.7,0.0,0.0,79.7,0.8,0.4,18.8,0.4,6.9,0.4,100.0
22650713,rural,12085.0,8.7,9.7,9.8,46.4,51.7,32.1,15.3,1.7,9.9,7.3,6.6,7.0,6.8,6.6,6.2,4.9,3.7,3.9,3.0,2.7,3.3,3.5,32.4,61.9,1.1,4.6,29.1,3.9,96.3,52.5,1.4,21.1,13.5,5.9,6.4,81.8,13.2,78.5,0.2,0.0,99.4,1.3,13.0,43.7,0.2,64.1,10.7,21.0,2.9,0.1,0.4,0.7,49.9,2.38,2355.0,12.900000000000002,9.0,2712.0,4.5,96.2,0.7,87.8,55.0,0.1,0.0,11.9,87.1,0.8,1.5,3.1,8.3,21.0,49.0,21.7,97.9,96.6,4.5,1.0,59.5,39.5,0.4,0.0,61.6,0.2,0.2,37.5,0.4,3.1,0.1,99.6
22650717,rural,26403.0,8.3,9.9,10.6,38.0,42.4,35.0,17.9,2.5,8.4,7.2,6.5,6.9,7.1,7.2,6.5,4.9,3.6,4.0,3.1,2.5,3.2,4.7,30.9,63.0,1.9,4.3,28.5,3.1,90.0,43.3,1.7,27.5,15.8,7.4,5.3,97.4,8.6,32.2,1.7,0.0,99.5,0.8,16.0,60.7,1.4,42.2,9.0,37.7,7.4,0.2,1.2,0.9,50.1,2.18,5401.0,12.8,8.8,5901.0,4.5,84.5,1.4,90.9,51.3,0.3,0.8,26.2,61.1,0.4,1.5,14.2,18.6,28.9,43.5,9.0,98.7,99.1,25.9,12.6,77.5,9.8,11.4,7.1,93.3,0.2,0.2,6.0,0.3,0.9,11.2,81.5
22750103,urban,15487.0,6.7,9.2,10.4,30.7,34.9,38.3,43.5,4.3,8.7,7.3,7.6,7.0,6.9,6.9,5.3,5.0,4.1,4.2,3.6,2.8,4.2,5.8,35.7,54.3,3.4,6.6,29.2,2.8,97.1,34.8,1.6,26.8,17.5,11.2,8.1,99.2,0.9,0.8,0.8,0.1,99.8,0.7,15.1,48.9,5.5,27.2,26.3,32.9,1.3,0.4,3.9,2.6,52.3,2.05,2468.0,14.8,10.600000000000001,3605.0,4.3,66.0,16.1,97.5,96.1,0.2,1.3,94.9,0.2,0.6,1.7,17.9,9.0,44.4,44.3,2.3,97.6,98.3,70.2,98.1,0.6,1.2,51.2,45.3,99.2,0.4,0.0,0.4,0.0,,2.9,3.5
22750117,urban,40882.0,6.7,8.1,8.7,25.3,30.6,36.9,47.6,4.4,6.8,6.6,7.0,7.5,7.5,6.9,6.2,5.8,5.4,5.5,4.2,3.2,3.9,6.8,36.5,53.5,3.2,6.8,28.6,2.1,92.9,28.0,1.5,23.8,20.8,12.9,10.4,99.4,11.8,7.3,0.5,0.0,99.7,0.8,15.3,51.1,1.4,23.3,38.0,30.4,0.5,0.8,2.9,2.7,52.1,1.85,6054.0,16.799999999999997,11.3,10141.0,4.0,72.1,12.3,99.3,99.2,2.3,1.9,92.7,0.1,1.6,1.4,15.6,10.8,24.3,58.2,6.7,98.2,99.3,68.1,98.9,0.4,0.7,64.4,28.1,99.5,0.2,0.0,0.2,0.1,,1.4,7.6000000000000005
22750135,urban,3065.0,6.6,8.1,8.5,25.0,29.9,29.9,39.2,4.7,6.8,6.2,6.7,6.3,6.8,6.9,6.7,5.4,5.7,5.9,5.0,3.7,4.9,5.0,33.6,58.3,3.1,5.0,28.4,2.4,97.2,27.7,0.6,25.8,18.8,14.4,10.5,99.5,1.1,0.0,0.1,0.1,99.7,0.2,16.9,56.9,0.9,14.5,44.2,28.5,0.0,0.5,0.2,11.2,51.0,1.8,428.0,19.5,13.6,808.0,3.8,75.5,9.8,99.6,98.8,16.5,2.0,72.6,0.7,3.0,1.5,14.7,14.9,12.5,20.4,52.2,99.8,99.5,48.3,97.5,1.6,0.9,97.6,0.0,99.1,0.4,0.0,0.5,0.0,,5.2,2.4
22750501,rural,10463.0,8.3,10.9,11.9,43.5,46.7,37.6,25.6,2.9,8.8,7.4,7.1,6.9,6.8,6.7,5.0,4.6,3.9,4.1,2.7,2.0,2.8,3.8,33.6,60.6,1.9,3.8,27.9,3.5,95.5,50.5,1.5,30.5,13.2,5.1,3.0,98.3,0.7,0.1,0.1,0.1,99.9,0.2,3.0,28.5,1.0,28.5,7.4,50.1,11.5,0.0,1.2,0.1,49.2,1.98,2016.0,11.600000000000001,7.5,2223.0,4.7,77.3,2.2,76.2,38.0,0.0,2.6,35.2,40.8,21.2,2.5,20.6,38.8,30.7,23.7,6.8,74.6,71.4,31.5,13.5,26.3,60.1,2.9,0.2,84.5,0.3,0.1,15.0,0.1,2.2,0.2,97.0
22750511,rural,2881.0,8.9,12.2,12.1,41.0,44.0,31.7,2.0,2.7,8.7,8.3,8.8,6.8,5.4,4.9,4.6,4.4,3.5,3.6,2.3,2.3,3.2,3.2,33.5,60.2,2.0,4.3,27.6,4.5,90.3,47.9,0.7,29.4,14.3,6.1,5.6,98.1,0.2,0.1,0.9,0.1,99.6,0.5,3.2,8.1,1.5,29.0,10.6,42.9,13.9,0.2,0.2,1.8,51.1,2.47,597.0,11.399999999999999,7.8,563.0,5.1,70.7,14.0,73.5,30.7,0.0,0.2,38.2,48.5,11.9,1.9,15.3,25.2,27.4,45.1,2.3,89.5,58.4,38.0,24.3,26.6,49.0,21.3,6.0,98.6,0.4,0.0,0.4,0.7,1.9,1.2,72.6
22750513,rural,4656.0,8.7,12.7,12.5,44.7,47.4,32.6,58.5,1.6,9.5,9.2,8.6,6.4,5.6,4.3,4.1,4.0,3.1,2.9,2.5,2.6,3.4,5.0,35.1,60.0,1.0,3.9,28.2,5.4,91.3,52.4,1.3,33.0,12.6,3.6,2.1,99.5,0.3,0.0,0.0,0.0,99.9,0.0,5.4,44.5,1.7,61.2,11.8,20.9,1.9,0.2,1.2,1.2,52.2,2.17,417.0,11.4,8.5,856.0,5.4,89.5,0.5,80.5,2.5,0.0,0.0,14.6,79.0,6.0,2.4,10.0,11.1,25.8,59.8,3.3,87.5,32.6,11.8,1.6,17.3,81.1,0.0,0.1,98.1,0.1,0.0,1.8,0.0,2.6,0.5,99.89999999999999
22750515,rural,1274.0,9.3,10.5,11.1,60.7,63.3,38.2,56.3,0.9,9.6,8.5,8.1,6.1,7.0,6.4,4.2,4.3,3.6,3.4,2.9,2.4,2.6,3.8,36.9,61.1,0.5,1.6,29.2,4.2,76.1,66.8,0.1,24.3,8.6,1.8,1.8,98.7,0.5,0.0,0.0,0.1,99.3,0.5,2.5,52.6,2.0,61.2,19.0,15.6,2.0,0.0,0.0,0.0,47.2,1.78,147.0,11.299999999999999,7.9,254.0,5.0,70.9,0.0,90.2,2.0,0.0,0.0,19.3,48.4,32.3,2.6,29.1,43.3,28.3,26.4,2.0,45.7,27.6,12.6,0.0,28.0,72.0,0.0,0.0,87.4,7.5,0.0,3.5,1.6,9.0,0.0,100.0
22750703,rural,2602.0,6.9,8.8,8.5,40.8,43.7,30.5,63.0,3.4,6.6,6.3,7.4,7.0,7.2,6.6,5.4,5.4,5.5,5.6,4.4,3.5,5.1,5.9,33.5,58.3,2.4,5.8,29.3,2.9,93.6,45.3,2.2,27.0,13.1,8.6,5.5,99.8,0.5,0.5,17.7,0.0,100.0,0.1,10.9,49.4,2.2,13.0,28.3,22.0,1.3,0.0,1.8,31.4,51.2,1.78,223.0,18.6,13.0,621.0,4.2,52.8,2.3,84.9,76.5,0.6,0.0,15.1,79.1,5.0,1.8,44.9,18.5,24.6,40.4,16.4,85.5,76.0,30.6,0.2,1.1,98.7,50.4,0.2,68.9,0.0,0.3,30.4,0.3,0.9,0.2,49.5
22750707,rural,4071.0,7.5,9.8,9.9,39.8,43.2,30.7,24.0,2.5,7.1,5.7,7.0,6.8,6.8,7.0,6.1,5.0,5.5,4.5,3.3,2.8,5.0,5.5,35.1,57.8,1.8,5.3,27.4,2.8,96.2,45.0,1.8,27.6,17.3,5.9,4.2,99.6,4.8,13.1,0.3,0.0,99.9,0.4,10.7,45.6,0.7,36.6,14.5,37.0,7.4,0.0,0.4,3.5,50.5,2.17,692.0,15.6,11.1,930.0,4.4,78.0,0.4,90.9,44.8,0.0,0.0,40.5,44.6,9.9,2.0,21.6,21.6,20.8,42.4,15.3,87.6,70.2,39.9,0.6,14.6,84.7,0.3,0.1,66.1,0.3,0.0,33.1,0.4,1.5,4.9,99.60000000000001
22750709,rural,2541.0,6.9,9.4,10.4,40.9,41.3,36.0,32.9,1.7,7.3,5.5,6.1,7.0,7.6,6.9,7.0,4.9,5.5,3.9,3.8,2.5,5.3,8.9,33.2,60.5,1.7,4.6,30.6,3.0,98.7,46.6,2.1,24.9,13.9,9.1,8.7,99.8,0.0,0.0,61.2,0.0,99.8,0.8,18.4,59.2,0.9,13.8,11.1,72.2,2.0,0.0,0.0,0.0,50.8,2.22,450.0,15.5,11.6,592.0,4.3,86.8,0.3,91.4,62.0,0.3,0.0,40.2,56.9,2.5,2.0,12.8,19.1,25.8,39.4,15.7,88.9,74.8,48.6,0.5,0.3,99.2,0.2,0.0,80.2,0.3,0.0,19.4,0.0,0.4,0.0,99.8
22750905,rural,5709.0,6.9,8.9,9.3,38.2,41.6,37.2,45.0,3.1,7.9,6.1,6.1,6.7,7.3,7.1,6.6,5.7,5.1,5.2,4.0,3.1,4.0,4.0,35.6,57.4,2.2,4.7,29.0,2.4,97.3,42.6,0.8,29.0,15.9,8.4,4.3,98.9,1.1,6.5,1.0,0.0,99.8,0.2,14.7,56.9,0.6,34.4,11.2,44.5,0.9,0.3,1.7,6.4,49.0,1.56,875.0,16.299999999999997,11.1,1359.0,4.2,67.8,4.0,97.9,47.2,1.0,0.1,59.2,36.8,2.3,1.9,28.2,19.1,18.2,33.8,29.0,94.6,89.4,59.9,35.0,2.9,62.0,35.1,1.2,82.9,0.2,0.2,16.5,0.2,0.3,0.6,63.7
22750913,rural,1275.0,4.6,8.4,9.5,38.4,39.9,30.5,74.8,1.7,8.3,6.9,6.1,5.9,5.4,6.0,7.1,7.3,6.1,6.3,3.8,2.9,5.5,11.1,38.4,55.6,1.3,4.8,32.5,2.7,96.5,43.0,0.1,30.0,19.6,7.4,3.1,98.8,0.0,0.1,0.0,0.0,100.0,0.0,9.8,37.8,3.9,6.6,39.5,48.7,0.0,0.0,1.3,0.0,48.5,2.47,76.0,18.5,12.2,312.0,4.1,88.8,0.0,92.9,59.0,0.3,0.0,4.5,90.7,4.5,2.3,11.2,20.2,22.4,14.7,42.6,89.7,37.2,12.2,0.0,16.0,84.0,0.0,0.0,21.2,0.0,0.0,78.2,0.6,1.0,0.0,100.0
22750915,rural,604.0,6.0,8.4,9.9,28.2,29.8,36.3,62.0,3.4,9.1,6.1,6.0,6.6,5.8,6.8,5.1,5.1,6.1,6.0,5.0,3.6,4.3,6.6,37.4,55.1,2.4,5.0,31.5,2.6,98.4,31.5,3.0,31.0,21.2,8.4,6.6,99.8,1.2,0.2,0.0,0.0,100.0,0.0,15.4,66.6,0.0,42.9,22.2,33.3,1.6,0.0,0.0,0.0,49.0,1.47,63.0,18.9,12.899999999999999,135.0,4.5,84.4,0.7,96.3,62.2,0.0,0.0,3.7,95.6,0.7,1.7,14.8,4.4,7.4,7.4,80.7,95.6,77.8,30.4,0.0,50.4,49.6,0.0,0.0,87.4,0.0,0.0,12.6,0.0,0.7,0.0,100.0
22750915,urban,1747.0,6.6,9.3,9.1,23.7,28.0,29.1,50.7,4.3,7.9,4.9,5.8,6.0,6.8,6.1,4.9,5.6,6.0,6.8,5.8,3.7,4.6,8.5,29.8,60.4,3.3,6.6,27.9,2.0,94.1,26.5,1.8,31.3,18.1,15.7,5.1,93.2,0.7,0.0,0.3,0.0,99.9,0.4,11.7,58.3,0.0,16.0,13.8,53.2,0.0,0.0,0.5,16.5,52.5,1.92,188.0,20.9,14.1,459.0,3.8,47.9,2.4,98.9,96.9,1.1,0.0,59.7,29.1,1.5,1.5,49.7,18.4,0.9,7.4,73.3,99.6,99.6,84.0,88.4,9.8,1.8,47.5,44.2,99.8,0.2,0.0,0.0,0.0,,8.5,8.3
22750921,rural,2895.0,7.5,10.5,11.0,42.8,44.3,29.7,45.0,1.1,8.2,6.8,5.8,5.6,6.9,7.2,5.7,4.7,3.9,4.0,3.9,3.2,5.1,4.3,33.3,61.6,1.3,3.8,29.1,3.3,96.6,49.1,1.7,31.5,15.3,5.0,2.2,99.4,0.4,0.1,0.1,0.0,99.6,0.2,8.1,57.3,0.0,36.0,11.9,49.1,1.5,0.3,0.3,0.9,47.4,2.34,336.0,16.200000000000003,12.2,625.0,4.6,78.6,1.9,93.0,28.0,0.0,0.0,4.8,84.8,10.4,2.0,19.5,15.2,8.2,18.1,58.6,88.2,49.9,35.5,5.3,31.5,63.2,0.0,0.5,79.4,0.0,0.0,18.9,1.8,1.5,0.0,99.6
22750921,urban,1407.0,4.5,7.7,10.9,32.2,33.8,30.1,54.5,1.5,8.9,7.4,6.3,6.2,6.1,7.2,7.6,5.7,6.3,5.1,4.2,2.3,3.7,5.3,38.6,54.8,1.5,5.2,31.6,2.5,81.0,36.5,1.3,25.3,19.1,14.2,6.3,99.6,1.8,0.0,0.2,0.1,99.9,0.1,48.5,88.2,0.7,13.5,14.9,65.5,0.0,0.7,0.0,4.7,49.9,1.62,148.0,15.3,10.2,350.0,4.0,78.3,4.0,94.3,94.3,10.9,0.0,85.7,0.6,2.9,1.5,17.7,3.4,29.4,63.1,4.0,98.3,97.7,91.7,86.0,12.0,2.0,3.1,84.0,97.4,0.6,0.0,1.7,0.3,,0.0,12.799999999999999
23810101,urban,46527.0,7.1,9.6,9.4,30.6,36.0,38.4,27.8,4.9,7.4,7.0,7.0,7.5,7.1,7.1,5.9,5.6,4.6,5.3,3.7,2.6,3.1,5.3,35.2,55.9,3.3,5.6,29.4,2.5,96.2,34.3,1.6,30.0,15.7,8.3,8.5,79.5,1.6,2.2,78.0,0.1,99.0,1.5,19.7,54.4,4.8,28.1,17.5,42.3,1.2,0.9,1.8,3.5,51.8,1.8,9520.0,14.7,9.4,11844.0,3.9,58.8,21.4,98.2,84.0,0.7,12.5,85.1,0.5,0.6,1.3,19.7,19.2,47.1,32.9,0.8,98.9,99.4,77.9,75.4,16.6,8.0,42.2,49.5,99.3,0.2,0.0,0.1,0.3,,0.6,8.3
23810103,urban,50113.0,6.7,9.1,9.3,22.0,28.2,38.9,29.8,3.8,7.6,7.2,7.1,7.1,6.8,7.2,6.3,6.1,5.0,5.2,3.8,2.5,2.9,5.8,36.2,55.5,2.7,5.5,29.9,2.5,95.0,24.6,1.4,34.0,18.1,10.1,8.3,79.0,2.7,8.0,73.4,0.1,98.2,5.5,12.7,49.5,3.0,24.9,21.9,41.5,0.8,0.6,2.9,4.3,50.7,1.42,10237.0,14.4,9.2,13404.0,3.7,68.6,22.2,98.7,81.8,0.4,12.8,85.6,0.4,0.5,1.3,9.1,14.7,29.2,51.3,4.7,98.3,99.3,79.2,65.7,16.2,18.2,71.0,9.1,99.5,0.1,0.0,0.1,0.2,,0.3,19.9
23810105,urban,155611.0,6.4,8.6,8.9,19.8,26.5,41.9,24.7,5.2,7.4,7.0,7.2,7.4,6.9,7.2,6.1,5.9,5.3,5.7,4.1,2.7,3.1,5.1,37.2,53.4,3.8,5.6,30.0,2.4,95.7,22.0,1.6,29.8,17.3,12.4,12.4,84.3,2.3,4.7,73.8,0.1,98.8,4.4,17.5,55.6,5.5,28.4,16.9,39.0,1.3,0.7,3.7,4.4,50.6,1.68,37328.0,15.6,9.9,43049.0,3.6,61.9,24.7,98.8,91.6,0.9,18.0,80.2,0.1,0.6,1.3,13.4,12.2,32.0,52.6,3.2,97.8,99.5,81.1,95.2,3.8,1.0,74.1,23.4,99.3,0.4,0.0,0.0,0.2,,0.3,2.5999999999999996
23810107,urban,36759.0,6.1,8.7,9.8,29.7,35.2,37.3,33.8,4.1,7.6,6.8,6.3,6.4,6.5,7.1,6.4,5.9,5.3,5.7,4.6,3.3,3.6,7.0,33.4,56.9,3.2,6.4,29.1,2.6,97.1,33.4,1.2,28.9,17.0,8.2,9.5,97.9,4.4,6.1,32.7,0.0,99.8,1.9,17.6,55.2,3.5,29.3,19.1,39.3,1.0,0.8,2.5,4.4,51.4,1.83,6843.0,17.200000000000003,11.5,9646.0,3.8,70.3,13.6,95.0,91.9,0.8,1.0,96.8,0.2,0.2,1.4,16.1,27.0,31.0,39.8,2.2,98.7,99.1,56.1,91.1,7.0,2.0,20.0,77.4,99.2,0.2,0.0,0.4,0.2,,0.9,2.5999999999999996
23810109,urban,31346.0,5.9,8.4,9.3,24.6,29.4,38.8,29.1,4.5,7.6,6.9,6.3,6.4,6.0,6.7,5.9,6.0,5.9,6.7,5.1,3.2,3.9,5.7,35.5,53.5,3.6,7.4,30.3,2.7,97.1,27.4,1.8,32.8,16.6,9.6,9.8,80.6,0.8,1.3,89.5,0.0,99.6,0.7,18.0,59.5,3.5,34.5,17.4,37.3,1.3,1.1,3.1,1.8,52.0,1.41,6580.0,18.9,12.200000000000001,8355.0,3.8,68.4,18.1,98.7,85.5,0.3,4.7,94.0,0.4,0.4,1.3,13.5,13.1,33.3,48.6,5.0,99.2,99.7,80.6,82.8,12.2,5.0,70.0,27.1,99.8,0.0,0.0,0.0,0.2,,0.2,2.9000000000000004
23810115,urban,7524.0,6.1,8.0,8.2,32.3,35.4,32.7,23.6,3.0,6.9,6.2,6.6,6.5,6.0,7.5,6.3,6.4,5.8,6.8,5.3,3.7,3.7,7.7,34.3,55.2,2.1,8.5,29.2,2.0,95.3,35.4,1.5,31.0,18.3,7.2,6.5,95.2,3.1,3.7,70.1,0.1,98.8,2.9,12.0,52.5,4.6,20.6,15.7,54.2,1.0,0.0,1.4,2.6,50.8,1.61,1458.0,19.5,12.7,2077.0,3.6,66.9,11.7,94.4,62.5,1.0,2.7,95.2,0.0,1.1,1.3,21.5,18.4,43.0,29.1,9.5,98.0,98.9,69.6,22.2,18.3,59.5,57.1,20.4,96.4,0.0,0.0,3.2,0.4,,0.0,22.5
23810119,urban,28435.0,7.6,9.8,9.8,18.1,25.3,43.1,21.8,3.8,7.6,7.1,7.1,7.6,7.3,6.9,5.9,5.3,4.9,4.9,3.5,2.3,2.4,5.2,32.6,60.3,2.6,4.4,28.6,2.5,97.7,20.5,1.8,27.1,17.1,13.6,15.0,92.3,3.3,6.1,58.3,0.2,99.4,1.2,28.3,68.2,2.9,19.4,25.1,46.4,0.5,0.8,2.1,2.8,50.8,1.56,6981.0,13.1,8.2,7568.0,3.8,60.9,25.4,98.6,96.9,3.2,27.0,68.0,0.2,1.3,1.2,13.7,37.3,35.7,24.8,2.1,98.1,99.5,88.6,82.5,15.7,1.8,80.3,15.4,99.7,0.1,0.0,0.1,0.0,,0.4,4.3
23810501,rural,6844.0,7.0,8.9,9.7,26.8,32.0,35.6,26.0,3.8,8.5,7.1,6.7,6.6,6.5,6.9,5.8,5.7,5.0,5.9,3.8,2.8,3.2,5.5,36.3,54.3,2.8,6.6,29.9,2.7,97.1,30.1,2.3,36.3,17.4,6.8,5.2,80.7,1.1,0.8,85.7,0.1,99.3,0.7,8.0,41.1,2.1,31.1,7.1,45.2,1.4,1.9,2.3,8.8,50.7,1.67,1343.0,15.7,9.8,1683.0,4.1,70.6,6.4,97.4,85.1,0.8,2.2,83.3,13.3,0.2,1.5,22.9,16.1,34.2,37.0,12.7,97.0,88.5,57.7,25.1,70.6,4.3,24.1,63.0,99.2,0.1,0.0,0.6,0.1,0.8,0.2,12.8
23810503,rural,17938.0,6.5,9.1,9.1,34.5,34.2,35.3,47.5,2.5,8.0,6.6,6.3,6.0,6.0,6.4,6.1,6.2,5.7,6.1,4.7,3.1,4.0,6.8,35.9,55.4,2.0,6.7,29.9,2.4,97.5,38.4,2.0,41.4,15.3,4.2,3.0,62.4,1.2,4.8,92.2,0.0,99.2,0.6,6.8,40.0,4.1,28.0,8.4,55.7,0.9,0.7,2.0,0.2,52.0,2.02,2504.0,17.9,11.8,4683.0,3.8,83.1,2.0,97.9,16.8,0.3,0.0,66.3,33.1,0.4,1.6,14.9,7.3,18.3,37.4,37.0,98.4,90.8,70.1,2.0,49.4,48.6,18.6,3.1,98.6,0.6,0.0,0.8,0.1,1.1,0.0,78.3
23810503,urban,4360.0,6.0,8.8,9.8,25.5,27.8,37.2,50.8,3.1,7.7,7.9,6.6,6.3,6.8,6.1,6.5,5.7,5.6,5.6,4.2,2.7,3.8,6.1,37.5,53.7,2.4,6.4,29.8,2.7,98.6,28.6,1.3,36.6,18.5,6.4,9.5,38.5,1.8,1.9,90.8,0.3,98.5,1.4,14.7,61.4,3.0,20.9,24.9,48.8,1.0,0.3,1.0,0.0,51.4,1.64,602.0,16.3,10.7,1162.0,3.8,69.5,12.9,98.7,90.4,0.6,0.3,98.1,0.6,0.3,1.5,17.6,7.0,34.4,50.4,8.2,97.0,98.1,95.8,21.6,36.1,42.3,37.4,35.4,99.4,0.1,0.0,0.2,0.3,,0.1,27.2
23810505,rural,8194.0,6.3,8.9,8.7,38.1,38.0,23.8,28.0,2.3,7.3,6.1,5.7,5.9,5.4,6.4,6.1,6.0,6.3,6.8,6.2,3.5,4.5,5.5,33.2,58.2,1.9,6.7,30.1,2.6,98.4,42.3,2.8,33.9,14.9,5.7,4.8,34.9,0.2,0.7,97.1,0.2,98.3,1.6,7.7,38.5,2.4,33.7,10.5,43.1,0.7,0.5,5.2,3.9,51.0,1.91,1070.0,21.0,14.2,2136.0,3.8,82.0,0.7,97.2,71.2,0.2,0.0,57.4,41.9,0.4,1.4,17.4,12.2,13.5,40.1,34.2,98.4,98.5,28.6,0.8,76.2,23.0,0.3,3.9,99.6,0.1,0.0,0.0,0.3,1.7,0.1,95.8
23810507,rural,5264.0,6.1,8.7,9.0,40.7,44.1,29.6,39.9,3.1,6.4,6.3,6.1,6.8,6.3,5.9,5.2,5.9,6.0,6.9,5.9,4.0,4.6,7.1,34.9,55.8,2.3,6.9,30.8,2.6,96.9,45.3,1.2,35.0,12.8,4.3,2.6,37.7,0.2,0.9,94.9,0.3,95.9,4.1,2.2,21.4,2.0,20.9,12.6,63.0,0.4,0.3,0.8,0.0,51.3,1.56,713.0,21.4,14.5,1387.0,3.8,64.9,0.3,97.7,27.5,0.6,0.1,48.7,49.8,0.7,1.3,34.8,13.5,20.2,28.2,38.1,98.4,98.3,23.6,1.6,65.8,32.7,2.2,9.1,99.1,0.4,0.0,0.2,0.2,0.6,0.1,88.7
23810509,rural,44625.0,7.9,10.7,10.6,29.3,34.6,38.4,23.0,2.9,8.0,7.3,6.9,7.2,7.0,7.3,6.0,5.4,4.3,4.6,3.1,1.9,1.9,5.9,34.3,59.5,2.0,4.1,29.1,3.0,96.1,33.5,2.3,33.3,16.4,8.0,5.3,84.6,4.6,5.0,62.0,0.0,98.8,6.5,11.4,44.6,1.7,31.4,9.0,48.4,0.7,2.1,3.3,3.3,49.6,1.82,9354.0,11.5,6.9,10534.0,4.2,70.6,10.2,96.7,68.2,0.9,0.2,92.2,4.7,1.2,1.6,19.3,25.6,41.0,28.9,4.6,97.2,98.7,49.1,11.6,60.2,28.1,15.9,50.9,98.7,0.4,0.1,0.7,0.1,1.1,0.8,33.2
23810513,rural,11186.0,7.1,9.4,9.5,33.6,39.1,34.2,37.6,2.8,7.5,6.5,6.6,6.6,6.1,6.2,5.6,5.6,5.6,6.2,4.7,3.0,3.8,4.7,32.8,57.6,2.3,7.3,29.3,2.9,98.6,38.0,2.4,36.4,13.3,4.0,4.7,55.4,2.2,2.8,90.4,0.6,98.7,1.1,13.0,49.2,1.5,19.4,13.2,61.2,0.3,0.8,0.6,2.8,51.7,1.0,1762.0,17.7,11.5,2925.0,3.8,80.3,2.5,98.2,68.7,1.6,1.1,86.2,10.4,0.5,1.2,17.2,7.7,27.6,48.1,16.5,98.9,99.4,91.2,14.3,0.8,84.9,16.6,0.7,99.6,0.0,0.0,0.4,0.0,0.4,0.1,82.7
23810515,rural,1904.0,7.7,11.9,12.3,33.0,31.8,42.9,29.1,3.6,8.8,6.6,5.8,5.8,7.7,8.4,6.4,5.9,4.6,3.1,2.0,1.2,1.8,2.9,34.0,60.2,2.5,3.4,28.6,2.9,98.7,38.5,3.4,39.2,15.0,6.8,3.8,56.9,1.8,1.4,67.2,0.0,99.6,0.5,6.5,39.9,0.5,26.6,6.6,61.3,0.3,2.5,2.3,0.0,49.4,1.24,395.0,8.1,5.0,433.0,4.4,83.4,1.4,94.7,55.4,0.5,0.0,86.4,12.5,0.5,1.8,15.2,39.3,37.9,12.2,10.6,98.6,98.6,36.5,0.7,96.5,2.8,45.5,0.2,97.7,0.0,0.7,1.4,0.2,1.7,0.2,54.199999999999996
23810515,urban,13763.0,6.6,8.8,9.3,23.6,28.3,38.1,32.1,3.7,7.6,6.9,6.4,6.7,6.5,6.8,6.4,5.6,5.5,5.9,4.5,2.9,3.5,8.9,36.9,55.3,2.7,5.2,31.2,2.5,97.7,26.3,2.7,34.0,16.9,9.3,8.7,79.0,0.9,1.3,91.4,0.0,99.4,1.1,12.9,54.2,4.0,29.3,15.4,44.7,1.5,1.3,3.0,0.9,51.8,1.41,2684.0,16.8,10.9,3459.0,4.0,67.4,8.0,98.2,80.1,0.7,4.5,94.0,0.4,0.4,1.4,24.6,19.5,46.4,32.2,1.9,98.9,99.6,81.4,57.7,35.2,7.1,49.8,44.4,99.6,0.1,0.0,0.0,0.3,,0.0,5.8
23810517,rural,7731.0,5.6,8.3,9.1,33.4,37.6,31.8,33.5,3.8,7.7,6.7,6.2,5.9,5.4,6.9,5.9,6.1,6.2,7.2,5.5,3.2,4.0,5.1,36.2,53.7,3.0,7.0,29.8,2.6,95.1,37.1,1.0,34.3,15.1,7.3,4.7,48.0,0.9,1.0,94.2,0.1,99.2,0.5,7.8,37.0,1.3,51.8,9.6,29.1,0.6,1.0,4.8,1.9,51.4,1.53,1261.0,19.9,12.7,1967.0,3.9,80.1,1.0,96.9,66.2,0.8,0.1,70.2,28.4,0.4,1.5,18.9,8.7,28.5,44.5,18.3,98.9,99.2,34.3,6.2,79.6,14.2,28.5,54.9,99.3,0.3,0.0,0.1,0.3,0.7,0.1,16.7
23810701,rural,2020.0,8.5,9.5,10.2,59.3,60.9,31.7,12.2,2.2,6.0,5.5,6.4,7.0,6.9,7.6,6.0,5.1,3.7,4.7,4.2,3.7,5.0,8.0,34.6,58.1,1.6,5.7,28.4,2.5,93.8,66.8,1.1,29.6,5.2,1.7,1.4,82.0,0.8,1.2,89.5,0.0,99.7,0.1,7.0,39.3,6.9,21.3,6.4,53.5,6.2,0.0,1.2,4.5,52.6,2.66,404.0,17.6,12.9,457.0,4.4,72.6,0.2,93.0,1.5,0.4,0.0,19.5,78.8,1.3,1.8,27.1,8.8,13.3,11.2,66.7,96.7,88.6,17.3,0.2,0.0,99.8,0.0,0.0,91.0,0.2,0.0,8.3,0.4,1.8,0.0,100.0
23810703,rural,2278.0,5.7,7.4,8.4,42.5,39.6,33.4,33.9,2.5,7.2,6.8,5.4,5.8,5.8,7.6,5.6,6.4,6.2,7.2,6.1,3.5,4.8,11.6,36.4,53.2,2.3,8.2,30.8,1.7,97.8,46.6,1.9,32.3,16.6,4.3,5.3,76.3,0.0,0.7,97.5,0.0,99.8,0.3,12.9,60.8,2.3,11.6,10.9,71.4,0.3,0.0,0.5,3.0,51.7,1.65,395.0,21.6,14.399999999999999,632.0,3.6,78.3,0.0,96.0,0.3,0.3,0.0,41.1,57.9,0.6,1.5,21.7,15.5,21.8,11.6,51.1,97.5,98.6,6.3,0.8,65.3,33.9,0.0,0.0,98.3,0.2,0.2,0.9,0.5,0.7,0.0,100.0
23810705,rural,11875.0,6.1,8.3,8.3,35.6,38.7,31.1,54.3,3.6,7.5,6.5,5.8,5.8,6.0,7.0,6.1,6.4,6.1,6.8,5.5,3.6,4.3,12.9,35.9,55.7,2.7,5.6,28.3,2.3,95.4,39.2,1.1,34.4,16.3,5.3,4.2,63.6,0.5,8.5,85.0,0.1,99.2,1.3,8.1,44.6,2.6,31.6,14.0,45.7,0.0,1.4,2.6,2.0,50.8,2.1,1304.0,20.2,13.399999999999999,3117.0,3.8,70.4,0.5,95.8,7.9,2.1,0.0,45.9,50.8,0.9,1.5,29.2,16.9,22.1,25.6,35.4,98.8,98.6,21.9,4.2,66.6,29.3,0.0,3.7,91.9,0.4,1.1,6.0,0.5,1.6,0.4,96.3
23810705,urban,4585.0,6.6,7.8,7.9,26.7,28.7,27.2,10.0,3.4,7.2,6.7,6.7,6.2,5.9,6.8,6.3,5.5,5.8,7.2,5.7,3.9,3.8,8.4,34.1,57.6,2.4,5.9,29.5,2.4,96.3,29.3,2.6,31.6,17.8,9.7,9.5,89.8,1.4,1.3,86.8,0.3,99.3,2.6,15.3,61.3,5.5,34.7,26.7,22.3,1.4,0.3,6.0,3.1,53.8,1.15,873.0,20.6,13.399999999999999,1307.0,3.5,57.2,15.5,99.1,97.9,2.8,1.1,93.3,0.0,2.6,1.2,27.3,6.2,31.3,60.7,1.8,98.9,99.5,89.5,80.4,11.0,8.6,12.7,68.6,99.9,0.0,0.0,0.0,0.1,,0.2,18.700000000000003
23810707,rural,14675.0,8.2,11.1,10.8,42.3,45.8,36.5,32.8,2.8,8.3,6.9,7.0,6.8,7.2,6.9,6.0,5.2,4.2,4.4,3.0,1.8,2.2,6.7,33.9,60.2,1.9,3.9,28.9,2.9,91.7,48.4,1.2,32.3,13.9,4.8,2.1,85.7,2.1,3.8,63.8,0.0,97.4,2.7,8.3,53.0,1.9,31.6,5.0,42.4,0.3,2.5,3.8,12.4,49.5,1.63,2513.0,11.400000000000002,7.0,3302.0,4.4,72.9,1.5,95.4,23.2,1.4,0.1,81.1,16.6,0.7,1.8,25.6,39.0,35.9,17.0,8.2,97.2,99.1,44.2,2.5,79.2,18.4,1.2,0.9,97.0,0.1,0.1,2.6,0.1,1.6,0.1,97.89999999999999
23810709,rural,7448.0,7.6,10.2,9.7,45.4,51.2,33.0,45.6,1.8,8.5,6.1,7.0,6.4,6.6,6.7,6.2,5.2,4.6,4.6,3.9,2.7,3.9,8.8,36.1,57.8,1.4,4.7,29.8,2.9,93.5,50.8,1.1,26.8,13.0,4.2,3.7,96.8,0.5,1.3,62.9,0.1,99.5,0.6,12.2,42.5,0.9,15.3,12.9,47.4,1.4,1.1,2.2,18.7,49.4,1.7,967.0,15.1,10.5,1713.0,4.3,69.8,2.2,95.4,23.0,0.2,0.1,38.3,59.6,1.8,2.0,28.0,15.8,19.2,26.6,38.4,96.7,88.0,15.5,0.8,56.0,43.2,0.0,17.1,86.7,0.2,0.1,12.7,0.2,1.9,0.1,83.0
23810711,rural,3145.0,5.6,7.5,7.4,49.5,53.1,31.4,34.4,2.8,6.6,5.6,5.5,5.2,5.4,5.9,7.2,7.5,7.6,6.6,6.2,3.9,6.3,8.8,35.6,53.5,2.4,8.4,28.6,1.9,97.1,54.0,0.9,28.8,11.4,2.9,2.9,83.1,0.3,0.5,90.5,0.1,99.7,0.6,4.0,45.0,0.4,18.3,8.9,69.5,1.0,0.6,1.4,0.0,52.5,1.88,514.0,23.0,16.4,909.0,3.5,75.5,0.1,97.0,19.7,0.3,0.0,31.8,67.4,0.3,1.4,24.4,11.0,16.0,31.4,41.7,98.6,97.9,42.2,0.2,93.9,5.8,0.0,2.0,99.7,0.1,0.0,0.2,0.0,1.2,0.1,98.1
23810713,rural,25390.0,7.9,10.3,10.6,37.9,41.0,42.0,23.5,2.9,8.2,7.1,6.5,7.0,6.8,7.3,6.0,5.7,4.1,4.5,3.2,2.1,2.7,5.0,35.2,57.3,2.2,5.3,29.2,2.7,94.9,43.2,2.3,31.7,16.3,4.8,3.9,95.3,2.9,13.9,24.7,0.1,99.6,1.0,8.8,43.7,1.0,16.4,4.9,75.7,0.7,0.2,0.2,0.8,49.6,2.11,5812.0,12.5,8.0,5981.0,4.2,76.7,4.0,91.3,43.3,0.3,0.1,73.3,19.5,1.1,1.7,19.2,21.3,39.5,31.3,7.9,96.0,96.9,38.4,2.2,62.6,35.2,27.3,5.7,95.8,0.4,0.1,3.2,0.4,0.9,5.8,67.0
23810717,rural,4763.0,7.4,9.8,10.2,50.9,53.6,25.8,30.9,2.2,6.9,6.3,6.7,6.4,7.6,7.6,6.3,5.4,4.6,4.6,3.9,3.0,3.1,4.7,35.8,58.0,1.6,4.5,28.8,2.5,94.8,57.8,0.4,30.1,10.2,3.1,2.7,51.9,1.6,1.3,84.0,0.2,98.9,0.5,4.7,23.5,0.7,15.4,7.8,52.2,1.1,0.3,1.5,21.0,51.1,1.46,615.0,14.6,10.0,1181.0,4.0,50.3,0.0,92.5,7.4,0.2,0.0,44.6,42.3,12.7,1.7,49.7,25.5,33.5,16.3,24.7,98.3,98.5,9.0,1.3,63.5,35.2,0.3,0.2,97.1,0.2,0.1,2.5,0.2,1.1,0.3,99.6
23810717,urban,4585.0,7.4,10.1,9.5,41.0,42.6,32.8,30.2,2.3,7.6,7.1,6.5,6.2,7.0,7.3,5.5,5.8,5.3,5.1,3.5,2.2,3.8,6.8,33.2,58.8,1.6,6.4,28.3,2.6,96.5,45.2,1.9,30.9,15.0,4.9,4.7,71.5,1.2,2.3,90.1,0.1,99.3,0.6,9.2,35.6,1.7,40.2,11.6,40.6,1.7,0.7,2.6,0.9,51.8,1.94,766.0,14.600000000000001,9.5,1179.0,3.9,62.9,9.0,95.8,86.8,0.4,2.1,96.1,0.4,0.8,1.6,28.1,18.1,38.8,41.4,1.8,97.8,99.7,49.0,1.9,24.1,74.0,27.5,65.6,99.0,0.3,0.0,0.6,0.2,,0.1,7.0
24110111,urban,10906.0,6.8,9.5,11.5,21.3,30.0,30.4,35.7,3.1,8.0,6.6,6.3,6.2,5.8,6.5,6.6,5.6,4.9,5.4,4.1,3.0,3.2,4.7,35.2,58.1,2.3,4.4,29.1,2.7,90.6,24.5,1.6,31.3,19.4,10.6,7.1,98.3,2.0,0.6,0.3,0.0,99.8,0.4,7.0,37.4,6.3,25.0,17.8,29.4,1.6,1.7,5.0,13.2,50.9,1.84,1537.0,15.7,10.3,2595.0,4.2,59.6,16.2,99.2,96.8,0.2,2.2,96.8,0.2,0.4,1.4,24.2,29.0,50.6,19.5,0.9,99.0,99.7,92.7,95.5,3.1,1.4,96.0,2.1,99.0,1.0,0.0,0.0,0.0,,0.3,1.9
24110119,urban,1018.0,6.6,8.4,7.5,23.8,26.1,38.1,33.7,6.8,6.3,8.4,6.8,6.3,6.7,7.6,5.7,5.3,6.2,5.8,4.5,3.1,4.8,7.9,37.9,52.3,4.4,5.3,29.1,1.9,94.3,26.0,2.3,27.6,20.6,13.2,10.2,98.3,1.4,10.2,0.9,0.0,99.7,0.3,17.8,73.4,2.0,15.1,35.2,43.7,0.5,1.5,1.5,0.5,50.3,1.83,199.0,18.2,12.399999999999999,257.0,4.0,68.0,12.5,94.9,90.6,0.0,4.3,87.1,0.4,4.3,1.3,19.5,8.2,18.4,66.0,7.4,94.9,94.1,86.3,73.8,21.1,5.1,24.2,65.6,98.0,1.2,0.0,0.8,0.0,,3.9,10.200000000000001
24110123,urban,505007.0,5.7,7.8,8.6,16.4,22.3,39.9,31.1,5.4,7.6,7.3,6.7,6.7,6.4,6.6,6.1,6.2,6.0,6.2,4.8,3.4,4.2,5.1,35.5,54.6,4.0,6.0,30.4,2.4,96.8,18.1,1.7,25.7,19.4,16.5,14.5,98.8,4.6,2.5,2.8,0.1,99.5,0.8,24.0,68.1,3.2,24.4,23.2,41.1,1.1,0.8,2.7,3.4,51.4,1.53,108296.0,18.6,12.399999999999999,134330.0,3.8,67.4,19.0,99.5,99.3,4.0,8.9,86.3,0.1,0.5,1.2,13.6,21.1,37.3,36.9,4.8,98.9,99.8,86.2,99.4,0.4,0.2,80.2,19.2,99.5,0.4,0.0,0.0,0.1,,0.2,0.7
24110301,rural,17943.0,7.2,9.9,10.3,30.6,34.4,40.2,29.8,3.0,7.8,6.2,6.6,6.9,7.1,7.5,6.6,5.6,4.8,4.5,3.5,2.4,3.1,5.9,32.5,61.5,2.2,3.8,29.3,2.5,97.3,34.6,2.1,32.0,18.2,8.0,5.4,98.7,2.9,1.1,1.3,0.0,99.8,0.4,9.9,44.8,3.7,24.3,11.4,55.5,2.4,0.7,0.6,1.3,48.4,1.88,3671.0,13.5,9.0,4292.0,4.2,68.9,4.2,97.2,77.8,1.3,0.3,58.5,38.4,1.0,1.7,26.9,30.2,20.7,30.1,19.0,97.6,97.4,40.8,28.7,56.8,14.5,37.0,4.4,95.4,0.1,0.1,3.7,0.7,0.6,0.6,58.7
24110303,rural,4386.0,7.8,10.6,11.0,41.9,46.9,36.6,42.6,1.9,7.3,5.5,5.6,5.9,6.2,7.3,6.6,5.2,4.7,4.2,4.5,3.5,4.1,7.0,31.9,61.8,1.4,4.9,27.5,2.5,94.1,48.2,1.3,31.6,13.3,4.3,2.5,98.7,0.9,0.4,2.9,0.0,99.9,0.2,4.7,36.8,0.3,35.7,15.6,42.9,2.9,0.6,0.9,0.9,48.8,2.48,652.0,16.299999999999997,12.1,1039.0,4.2,67.4,1.2,95.2,76.3,0.4,1.3,31.0,65.8,1.0,2.0,31.4,14.6,12.9,8.7,63.8,94.9,86.8,9.9,4.5,51.9,43.5,5.2,1.4,82.4,0.1,0.2,17.2,0.1,1.1,0.5,93.4
24110305,rural,6231.0,7.0,9.8,10.3,33.1,36.3,39.6,34.2,2.3,7.6,6.2,6.2,6.3,6.1,6.6,6.2,5.5,5.2,5.1,4.4,3.0,4.3,6.9,33.8,60.3,2.0,3.8,28.6,2.8,98.9,37.4,2.6,34.8,17.7,5.5,3.2,99.3,0.5,0.2,0.2,0.0,99.9,0.1,2.9,28.6,0.7,30.5,6.9,57.7,2.7,0.1,1.2,0.2,47.9,2.0,1183.0,16.8,11.7,1456.0,4.3,85.4,0.1,95.0,65.2,0.2,0.0,56.1,40.7,2.2,1.9,14.6,14.0,27.4,28.7,29.9,98.0,93.5,53.8,1.1,37.2,61.7,0.2,0.1,88.2,0.1,0.0,11.7,0.0,0.9,0.8,99.7
24110307,rural,1335.0,6.7,11.8,11.7,37.0,41.0,38.5,11.2,1.7,6.7,5.8,7.1,5.8,7.2,6.9,5.3,5.7,4.0,4.1,3.7,3.3,4.0,6.4,31.8,63.5,1.3,3.4,28.5,4.2,97.4,42.9,2.8,34.4,13.3,4.7,3.7,99.8,3.2,0.5,1.0,0.1,99.6,2.0,2.9,11.5,0.3,13.8,6.9,76.1,2.5,0.0,0.0,0.3,49.1,1.81,318.0,15.1,11.0,325.0,4.1,44.0,0.0,80.3,40.9,0.6,0.0,48.9,39.7,10.5,1.8,56.0,12.9,15.4,29.2,42.5,89.5,88.3,58.2,1.2,38.5,60.3,11.7,0.0,98.5,0.6,0.0,0.6,0.3,1.0,0.3,88.3
24110509,rural,7933.0,9.6,11.6,10.9,29.2,35.2,41.2,28.8,2.0,7.7,5.9,6.7,8.1,7.9,7.8,5.9,4.8,3.5,3.0,2.5,1.8,2.3,5.8,29.4,66.1,1.7,2.8,25.8,3.0,98.5,33.6,3.0,30.0,18.5,9.2,4.0,99.3,5.5,1.0,0.3,0.1,99.8,0.9,5.7,46.0,0.3,20.6,30.0,28.0,1.7,0.4,0.7,18.3,48.7,2.35,1581.0,9.6,6.6,1831.0,4.3,51.9,5.0,97.7,66.3,0.8,19.3,54.0,20.4,2.5,1.7,43.1,34.9,25.6,27.1,12.4,96.1,96.0,54.6,54.4,41.7,3.9,24.1,0.1,95.8,0.3,0.1,3.5,0.3,0.7,3.1,75.9
24110511,rural,4266.0,8.2,10.1,10.0,51.4,47.8,38.1,22.1,2.3,6.5,5.9,6.6,7.0,6.8,6.3,6.0,5.1,4.9,5.0,4.2,2.7,4.9,7.8,32.0,62.2,1.5,4.3,26.5,2.7,91.2,56.1,1.4,32.9,12.8,3.2,2.0,99.5,15.2,51.3,23.2,0.0,98.8,1.6,3.5,31.8,3.5,8.7,5.4,76.7,0.8,0.3,0.9,3.7,46.2,2.05,908.0,16.799999999999997,11.8,1023.0,4.2,79.7,0.3,93.4,61.1,0.3,0.1,17.1,77.6,2.5,1.8,20.0,15.5,28.0,40.3,16.3,97.1,93.9,49.6,9.9,32.2,57.9,0.5,0.0,91.6,0.2,0.3,7.7,0.2,1.2,2.4,99.5
24110517,rural,3600.0,7.6,9.9,10.6,43.5,44.2,37.9,32.9,2.2,7.5,6.9,6.1,6.5,6.8,7.2,6.2,5.0,4.6,4.5,4.3,2.8,3.5,6.3,34.0,60.6,1.4,3.9,28.7,3.1,91.2,49.4,1.4,35.6,12.9,3.8,2.1,97.3,1.8,1.6,80.9,0.5,99.7,1.1,3.8,33.7,0.5,21.3,5.9,61.2,2.7,0.5,3.5,4.4,48.0,2.11,658.0,15.100000000000001,10.6,776.0,4.6,80.1,0.0,91.5,66.5,0.0,0.0,30.5,68.3,1.0,2.0,19.9,15.5,18.5,49.7,16.3,97.2,95.3,8.8,0.9,95.6,3.5,0.0,0.0,72.0,1.0,0.1,26.9,0.0,0.8,0.1,100.0
24110519,rural,4540.0,8.3,10.7,10.4,35.5,42.1,34.5,32.2,2.5,7.7,6.9,6.7,6.8,6.8,6.9,6.0,4.8,3.9,4.8,2.8,2.9,3.8,5.1,31.8,63.4,1.7,3.1,28.2,3.3,94.8,40.0,1.1,31.2,16.0,6.2,3.3,98.5,1.5,0.1,0.1,0.1,99.9,0.3,3.8,40.2,0.9,14.1,6.8,69.1,1.1,0.1,2.1,5.7,47.8,2.3,752.0,14.3,9.5,1005.0,4.5,68.9,0.1,88.6,49.9,2.5,0.0,48.3,44.6,3.7,2.1,31.0,30.2,20.4,26.5,22.9,91.3,86.2,44.8,3.3,56.7,40.0,0.0,0.2,98.3,0.4,0.0,0.9,0.4,0.8,1.0,99.80000000000001
25330113,urban,4444.0,7.3,9.2,9.6,25.7,29.9,36.4,37.1,4.7,7.7,6.3,6.9,6.4,5.8,6.2,6.4,6.0,5.0,5.2,4.1,2.6,5.2,5.1,34.7,57.2,3.2,4.9,28.6,2.3,97.2,29.0,1.6,28.1,16.8,13.9,9.7,99.6,1.4,0.5,0.5,0.0,99.8,0.6,24.8,61.4,0.5,19.7,45.2,28.1,0.5,0.8,1.6,3.6,52.3,1.76,752.0,17.1,11.899999999999999,1128.0,3.9,62.3,23.2,98.8,98.8,0.3,1.5,89.4,6.4,1.6,1.4,14.6,23.2,17.6,45.8,13.5,99.1,99.4,84.2,97.5,1.4,1.1,98.4,0.6,97.9,0.1,0.0,1.9,0.2,,0.8,0.9
25330115,urban,40648.0,6.5,9.0,9.6,28.8,34.5,36.0,33.4,3.4,7.4,6.5,6.3,6.4,6.5,7.0,6.6,6.0,5.4,5.3,4.0,3.1,4.4,7.0,37.1,54.3,2.4,6.2,29.9,2.4,97.0,32.4,1.5,26.1,18.2,11.0,8.8,98.9,4.1,3.9,33.2,0.1,99.6,0.7,18.3,61.1,2.8,31.2,16.7,33.5,0.8,0.8,4.1,10.1,51.8,1.77,7304.0,16.8,11.5,9657.0,4.2,73.1,9.9,98.0,97.3,0.2,0.7,97.1,0.4,1.0,1.5,17.0,16.3,40.9,40.3,2.5,98.4,99.6,80.2,96.6,1.6,1.8,37.3,59.7,99.5,0.2,0.0,0.3,0.1,,0.6,3.0
25330133,urban,100363.0,6.8,9.2,10.0,29.9,35.7,35.7,35.3,4.3,8.6,7.7,7.3,7.0,6.8,6.6,5.8,5.6,4.4,4.7,3.3,2.6,3.6,5.8,37.3,54.2,2.9,5.5,29.8,2.9,95.3,33.6,1.5,26.1,17.0,11.2,8.5,98.8,7.7,3.0,3.7,0.0,99.7,1.0,17.1,52.8,3.0,30.8,21.2,32.2,1.0,1.7,3.1,7.0,51.9,1.39,17107.0,14.2,9.5,23633.0,4.2,64.4,16.8,98.9,99.4,0.6,3.8,93.8,0.1,1.2,1.6,18.7,21.8,43.1,34.3,0.8,97.5,99.7,79.0,99.2,0.5,0.2,79.0,20.6,99.6,0.1,0.0,0.0,0.2,,0.5,0.5
25330305,rural,929.0,8.2,12.2,12.9,59.6,64.0,32.1,1.5,0.3,11.4,9.3,6.4,5.8,6.2,5.7,4.8,4.3,3.1,2.5,2.6,1.9,2.7,3.0,38.9,59.7,0.5,1.0,28.7,4.5,76.2,69.0,0.0,25.8,7.4,1.7,1.0,98.6,1.5,0.5,0.1,0.0,100.0,0.0,6.7,71.6,0.0,71.4,2.6,10.7,14.8,0.0,0.0,0.5,46.4,1.6,196.0,9.7,7.2,183.0,5.1,0.5,0.0,66.7,0.0,0.0,0.0,1.6,82.0,16.4,3.2,99.5,10.4,59.0,30.6,0.0,73.8,1.1,0.0,0.0,0.0,100.0,0.0,0.0,64.5,0.0,0.0,32.8,2.7,17.9,0.0,100.0
25330315,rural,2316.0,7.8,11.5,12.5,56.3,58.3,44.2,71.2,1.5,11.8,8.6,6.6,6.8,5.7,4.7,4.2,4.8,3.0,3.8,2.3,2.2,3.5,2.9,39.7,55.5,1.1,3.6,30.2,5.3,82.8,64.1,0.0,25.2,11.2,3.5,1.8,99.9,1.0,0.0,0.0,0.0,99.9,0.1,13.6,45.8,0.5,23.4,22.4,24.9,2.5,0.0,1.0,25.4,50.6,1.82,201.0,11.8,8.0,416.0,5.6,84.4,0.2,87.5,41.8,0.0,0.0,1.4,92.5,5.8,2.8,15.4,52.6,36.5,10.3,0.5,85.8,42.5,1.0,0.7,21.4,77.9,0.5,0.0,51.9,0.2,0.0,47.6,0.2,9.1,0.2,99.6
25330317,rural,13709.0,8.7,11.2,11.8,48.1,52.2,31.4,51.1,0.6,10.0,8.1,7.5,6.8,6.6,5.9,5.5,4.2,3.1,3.2,2.3,2.1,3.0,3.9,35.8,61.7,0.6,1.9,27.2,4.1,81.4,54.7,0.7,25.7,12.6,5.0,3.9,98.4,1.2,1.7,0.1,0.0,99.6,0.3,8.2,30.4,0.9,13.3,23.6,59.2,2.0,0.0,0.0,1.1,49.3,2.04,1438.0,10.6,7.4,2660.0,5.2,86.6,0.1,89.6,23.0,0.0,0.0,26.4,71.5,1.9,2.0,13.3,20.2,24.9,41.7,13.2,92.7,74.5,49.8,0.1,29.0,70.9,0.2,0.0,77.5,0.0,0.2,22.1,0.2,2.9,0.3,99.8
25330319,rural,6776.0,8.0,10.8,10.9,56.3,57.0,34.0,67.7,1.7,9.2,7.1,7.0,6.7,7.2,6.1,5.2,4.1,3.4,3.5,3.6,3.1,4.3,5.3,36.5,59.5,1.1,2.9,29.2,3.7,90.6,64.1,1.1,25.6,10.1,3.4,2.7,88.1,0.8,13.4,46.6,0.2,99.5,8.2,8.4,38.1,0.4,31.5,21.0,36.1,8.4,0.2,1.3,1.1,51.1,2.09,524.0,14.5,11.0,1386.0,4.9,88.4,0.3,85.8,8.6,0.1,0.0,10.8,86.6,2.2,2.4,11.3,9.7,27.1,48.4,14.8,89.7,49.9,8.0,0.5,34.9,64.5,0.0,0.1,50.8,0.8,0.1,47.8,0.4,2.9,0.4,99.89999999999999
25330703,rural,7643.0,8.0,10.1,10.7,48.2,50.5,33.4,29.8,1.3,7.7,5.9,6.3,6.1,6.7,7.1,6.7,4.7,4.5,4.9,3.6,3.1,3.7,4.7,34.7,61.3,1.0,3.0,28.5,2.6,83.9,53.5,1.6,26.3,13.6,5.0,3.0,97.8,0.3,0.3,50.6,0.1,99.6,0.5,10.7,53.6,2.8,19.1,8.0,67.9,1.4,0.2,0.1,0.5,49.3,2.13,1273.0,15.3,10.4,1751.0,4.4,78.9,0.1,92.5,41.6,0.2,0.1,25.8,72.8,0.9,2.1,21.0,13.6,21.5,39.7,25.1,93.8,84.8,48.4,2.4,13.6,84.0,4.2,0.1,87.3,0.2,0.2,12.1,0.2,1.4,0.3,95.8
25330709,rural,4328.0,6.3,8.4,7.6,52.9,56.1,37.0,48.1,1.7,5.8,5.0,6.0,6.9,7.5,7.5,6.5,6.8,5.7,5.7,5.5,3.5,5.2,13.5,38.8,55.2,1.3,4.7,32.0,1.6,94.6,57.8,0.5,29.6,9.7,2.6,1.5,98.2,0.1,1.8,92.3,0.0,99.3,0.7,1.7,26.5,0.2,55.5,7.3,26.2,0.6,1.2,5.9,3.1,47.5,1.69,645.0,19.9,14.2,1065.0,4.1,66.0,0.0,92.2,44.1,0.0,0.0,12.3,86.7,0.5,1.8,34.0,3.4,11.9,25.7,59.0,95.2,65.6,42.5,0.2,27.2,72.6,4.5,0.5,68.4,0.1,0.3,31.2,0.1,2.3,0.6,95.0
25330713,rural,5291.0,6.3,9.3,9.5,44.8,47.4,29.3,30.3,1.8,7.8,6.2,5.5,5.3,6.3,6.4,7.1,6.5,5.3,5.0,4.4,3.5,5.6,7.7,35.6,57.3,1.5,5.6,29.0,2.3,95.7,50.1,0.9,26.4,13.9,6.1,5.2,98.1,1.6,0.9,62.9,0.3,99.6,2.4,14.4,58.6,0.6,16.8,12.3,38.6,1.4,0.2,2.1,28.0,50.6,1.34,811.0,18.5,13.5,1245.0,4.2,73.1,0.2,95.2,26.5,0.3,0.1,16.5,81.4,1.7,2.2,26.7,11.9,14.2,49.2,24.7,96.0,85.1,45.9,5.4,38.7,55.9,0.0,0.0,88.0,0.1,0.2,11.5,0.2,2.2,0.1,100.0
25330721,rural,6092.0,7.5,8.6,10.0,48.6,51.7,39.8,35.9,1.5,7.8,6.5,6.5,6.5,8.0,6.9,6.4,5.4,5.4,4.3,3.4,2.6,4.3,8.0,38.9,56.1,1.1,3.8,31.6,2.6,95.4,54.8,0.8,26.2,12.7,4.6,4.0,99.5,0.1,0.6,95.5,0.2,97.9,2.1,15.3,52.4,1.0,25.4,6.0,28.0,7.0,4.3,0.4,27.8,49.0,2.24,1148.0,14.599999999999998,10.3,1320.0,4.6,94.4,0.1,86.7,13.7,0.0,0.0,3.3,95.8,0.7,2.5,5.5,6.4,15.6,28.6,49.4,90.5,58.4,28.1,0.2,41.5,58.3,0.1,0.0,53.6,0.2,0.0,46.1,0.2,1.8,0.2,99.89999999999999
25330901,rural,10672.0,7.7,9.1,9.7,46.4,50.4,42.7,31.7,2.3,8.5,7.7,7.4,6.5,6.5,6.0,5.7,5.3,4.8,4.3,3.6,2.7,4.4,5.3,36.8,57.2,1.9,4.1,28.2,3.0,93.7,51.7,0.8,29.6,13.4,3.9,1.9,99.5,19.3,12.2,5.8,0.0,99.9,0.5,5.9,40.8,1.5,28.1,6.6,54.0,5.7,0.2,1.1,2.7,50.2,1.86,2289.0,15.000000000000002,10.700000000000001,2166.0,4.9,88.8,0.0,91.8,25.9,0.3,0.3,50.3,45.7,1.7,1.9,11.2,9.5,26.5,35.7,28.4,89.8,76.9,56.0,0.7,57.8,41.5,1.3,0.5,85.4,0.0,0.0,14.4,0.2,1.5,1.8,98.2
25330907,rural,8217.0,10.0,11.8,10.9,48.9,52.4,44.4,21.1,1.8,8.6,7.3,7.8,6.8,6.5,6.2,5.6,4.3,3.7,3.5,2.3,1.6,2.9,3.2,30.9,65.0,1.2,2.9,26.5,3.8,87.0,54.7,1.4,31.7,11.1,2.5,1.0,98.7,7.7,8.0,4.1,0.0,99.7,1.2,3.7,33.9,0.4,26.6,2.9,57.7,8.1,0.3,4.0,0.1,49.2,2.61,1932.0,10.3,6.8,1632.0,5.0,73.0,0.1,87.7,18.9,0.2,0.0,32.5,51.0,15.0,2.4,26.9,34.9,24.1,26.3,14.7,78.0,67.2,18.0,0.1,38.5,61.4,0.1,0.1,83.0,0.1,0.1,16.4,0.5,1.8,1.3,99.89999999999999
25330911,rural,8009.0,8.0,9.7,10.1,42.4,48.1,37.6,12.4,2.1,8.8,7.1,6.8,6.5,6.6,6.8,5.8,5.2,4.4,4.6,3.6,2.5,3.4,5.0,33.9,60.4,1.3,4.4,28.7,3.0,93.5,47.9,1.1,31.2,13.0,4.4,2.2,99.0,1.1,1.8,19.4,0.0,99.4,0.8,8.2,43.5,5.7,23.3,4.4,55.4,6.8,0.2,2.3,1.9,50.2,2.07,1904.0,14.1,9.5,1786.0,4.5,86.9,1.9,94.5,79.9,0.1,0.1,53.1,43.3,1.1,1.9,11.2,13.5,25.7,46.0,14.9,96.4,94.2,57.5,19.2,67.9,12.9,7.3,12.2,91.0,0.0,0.0,8.9,0.1,0.9,2.4,80.5
30610101,urban,548421.0,6.2,7.8,8.6,15.2,21.0,41.7,24.7,6.1,7.6,7.4,6.3,6.8,6.6,6.8,6.4,6.3,5.9,6.1,4.4,3.2,3.6,5.0,33.9,55.4,4.6,6.1,29.6,2.3,97.0,16.8,2.4,25.2,18.8,17.4,15.3,98.7,5.2,5.4,1.5,0.1,99.5,1.1,26.1,68.9,3.6,25.2,19.5,45.4,0.8,0.9,2.0,2.6,51.4,1.55,133016.0,17.3,11.200000000000001,154528.0,3.5,59.2,28.8,99.2,98.9,2.4,26.5,69.1,0.1,0.8,1.2,12.0,21.2,29.6,40.0,9.2,98.0,99.7,77.6,99.1,0.6,0.2,83.5,15.8,99.5,0.4,0.0,0.0,0.1,,1.1,0.7
30610103,urban,3373.0,4.3,5.9,7.4,16.0,17.7,42.2,28.9,8.1,6.6,6.6,5.6,6.2,5.1,6.2,6.0,7.8,7.1,7.9,7.0,5.1,5.1,6.4,36.8,46.7,6.9,9.6,33.0,2.2,96.3,17.4,2.1,27.8,22.1,17.2,13.0,98.8,2.1,1.9,0.5,0.0,99.7,0.3,17.3,64.1,2.0,32.5,16.6,47.0,0.5,0.5,0.7,0.2,52.5,1.79,832.0,25.1,17.2,1065.0,3.2,47.2,36.0,99.0,98.6,6.5,0.7,88.3,0.2,4.3,1.2,16.9,1.3,2.3,27.7,68.7,92.1,99.4,28.2,99.4,0.2,0.4,99.8,0.0,99.9,0.0,0.0,0.0,0.1,,0.0,0.2
30610105,urban,16890.0,7.3,9.6,10.3,19.2,28.8,34.5,13.5,5.6,8.5,7.3,6.5,6.7,6.7,7.0,6.3,5.9,5.2,4.8,3.2,2.2,2.4,3.5,31.3,61.9,3.5,3.3,28.8,2.5,96.8,21.8,1.4,27.5,17.8,14.4,10.1,98.5,6.6,20.8,2.8,0.1,99.5,1.9,17.5,61.1,2.3,34.6,17.5,34.8,1.3,1.0,1.0,7.4,50.8,2.54,3667.0,12.6,7.800000000000001,4093.0,4.1,60.8,30.3,99.7,94.8,1.0,8.4,84.6,3.3,1.7,1.4,8.9,40.3,45.0,13.6,1.1,99.3,100.0,83.2,90.8,8.5,0.7,52.3,42.1,99.7,0.1,0.1,0.0,0.0,,1.0,5.6
30610107,urban,26968.0,6.4,8.1,9.1,18.6,23.8,39.6,23.3,6.5,8.0,7.4,6.1,6.7,6.4,6.9,6.6,6.5,5.8,5.8,3.9,3.0,3.2,5.4,33.0,57.6,4.6,4.8,29.6,2.3,97.0,20.8,2.2,24.9,17.5,16.6,15.0,97.0,9.9,10.3,2.1,0.0,99.7,2.3,26.9,64.8,3.7,27.4,21.5,38.6,1.2,0.7,3.0,4.0,51.0,1.38,6256.0,15.899999999999999,10.100000000000001,7215.0,3.7,66.9,23.9,99.7,98.8,12.7,18.9,67.1,0.2,0.7,1.2,9.2,47.9,32.8,18.5,0.8,99.1,99.5,92.7,98.6,1.3,0.1,85.5,13.3,99.3,0.3,0.2,0.0,0.2,,0.4,1.3
30610109,urban,10033.0,6.2,8.0,8.7,23.7,27.9,31.1,16.7,4.8,7.4,5.9,5.1,5.7,5.9,6.4,6.8,7.2,7.1,6.4,5.1,3.5,4.6,5.9,32.1,54.6,3.8,9.5,28.1,2.6,95.8,26.3,1.1,29.0,19.2,13.6,9.2,99.7,2.0,0.4,2.6,0.1,99.8,1.1,12.7,57.4,3.4,37.6,16.8,26.4,2.3,5.7,4.1,3.5,51.0,1.87,2004.0,19.6,13.2,2947.0,3.4,63.2,27.6,99.8,99.8,0.0,1.6,98.2,0.0,0.0,1.4,9.2,3.9,17.6,63.4,15.2,97.6,99.9,68.3,99.7,0.2,0.2,99.5,0.5,99.8,0.0,0.0,0.0,0.2,,0.3,0.0
30610111,urban,112180.0,7.4,9.0,10.1,19.2,26.0,40.0,28.6,4.7,8.6,7.8,6.8,7.1,7.1,6.8,6.2,5.9,4.9,5.0,3.2,2.1,2.0,4.8,33.4,59.0,3.3,4.3,29.6,2.8,97.5,21.8,2.4,27.5,20.0,15.5,8.6,99.3,4.3,3.1,2.5,0.1,99.8,0.6,19.8,61.2,1.6,25.4,13.5,52.8,0.6,1.2,1.7,3.1,50.8,1.66,23546.0,12.299999999999999,7.300000000000001,27967.0,4.0,61.9,26.2,99.6,98.9,1.0,25.5,72.7,0.1,0.4,1.4,12.0,29.9,50.0,19.3,0.8,98.6,99.8,76.3,99.3,0.6,0.1,96.9,2.7,99.6,0.2,0.0,0.1,0.1,,0.3,0.4
30610301,rural,10241.0,8.1,9.2,10.0,49.8,50.0,46.5,16.5,2.0,8.9,6.5,5.2,6.1,6.3,6.4,6.7,5.8,5.8,4.6,3.2,2.9,4.4,4.6,31.8,61.8,1.8,4.6,27.1,3.0,94.7,55.9,0.7,29.1,13.3,4.9,2.0,99.1,9.4,32.9,0.3,0.0,99.7,0.4,6.3,46.7,0.8,33.3,1.9,45.0,15.2,0.0,3.0,0.7,47.7,2.69,2888.0,15.1,10.5,2256.0,4.5,88.9,0.0,96.5,22.0,0.1,0.0,21.9,72.9,1.4,2.0,11.1,11.9,18.4,40.3,29.3,93.1,86.0,22.4,1.7,37.5,60.8,0.0,0.0,91.4,0.2,0.0,8.2,0.1,2.3,3.7,99.89999999999999
30610301,urban,2338.0,6.2,8.6,9.7,33.8,37.9,44.6,30.6,4.5,6.5,6.9,5.4,6.4,6.7,6.5,6.3,7.2,6.3,6.6,3.2,3.0,4.4,12.5,32.7,56.6,3.5,7.3,28.9,2.6,97.7,37.9,0.0,27.4,17.8,11.2,5.6,99.7,0.4,21.8,0.7,0.2,99.8,0.7,4.9,49.9,2.9,16.6,16.8,60.1,0.9,0.7,1.5,0.4,50.2,1.32,547.0,17.200000000000003,10.600000000000001,662.0,3.5,80.4,12.7,97.0,84.1,0.5,0.3,83.4,2.0,0.8,1.3,6.9,60.6,24.3,11.6,3.5,98.9,95.9,57.3,83.8,14.7,1.5,30.5,26.3,92.3,0.5,0.0,6.9,0.3,,13.1,43.2
30610302,rural,8434.0,8.0,9.9,10.6,39.9,42.1,42.1,15.3,3.4,7.6,5.3,5.2,6.3,6.4,6.6,7.0,6.0,5.9,4.8,3.2,3.2,4.0,4.8,27.3,64.2,2.7,5.8,26.6,2.7,96.2,45.6,0.8,32.8,16.4,5.8,2.1,99.6,1.4,4.8,0.4,0.0,99.7,0.5,5.3,38.8,1.1,24.1,2.1,66.1,5.6,0.1,0.6,0.2,49.0,2.47,2154.0,15.2,10.4,1947.0,4.3,79.4,0.1,96.2,68.6,0.3,0.1,54.1,43.3,0.8,1.9,20.5,14.4,29.1,33.2,23.4,96.2,94.6,10.8,21.3,41.3,37.4,0.4,7.0,99.5,0.2,0.1,0.1,0.2,0.8,1.5,92.7
30610302,urban,5551.0,8.4,9.2,9.1,27.1,35.0,40.2,15.7,4.1,7.9,7.0,6.1,6.7,6.4,6.6,6.0,6.6,5.6,5.3,3.5,2.8,2.8,5.1,30.0,61.6,2.9,5.5,28.1,2.7,97.0,30.3,1.1,31.5,17.5,11.1,3.7,99.2,6.1,1.8,0.9,0.2,99.8,0.8,8.9,46.2,1.8,15.1,3.8,74.6,1.0,0.2,2.8,0.7,49.9,2.45,1380.0,14.400000000000002,9.1,1307.0,4.2,91.6,5.0,94.2,96.2,0.7,0.2,90.2,1.8,0.3,1.4,3.4,17.4,45.0,33.6,4.1,97.2,98.7,56.4,87.8,8.3,4.0,41.6,8.9,99.6,0.3,0.0,0.0,0.1,,6.8,49.5
30610305,rural,3275.0,7.5,7.7,9.7,36.2,40.3,39.2,19.6,4.7,6.7,6.0,5.8,6.7,7.0,6.7,6.7,5.7,5.4,5.7,4.6,3.9,4.0,7.9,30.3,60.4,3.1,6.2,28.5,2.3,96.3,40.8,1.2,28.2,16.1,10.4,3.8,98.5,0.8,36.7,1.0,0.2,99.4,1.4,16.4,64.7,2.1,7.4,10.2,64.6,2.3,0.3,2.5,10.7,51.0,2.48,773.0,18.200000000000003,12.5,889.0,3.7,45.8,6.2,95.3,81.2,0.8,0.0,41.6,55.7,0.9,1.6,48.0,7.3,8.3,35.8,48.5,94.9,92.5,47.3,32.9,46.1,21.1,51.7,0.0,94.9,0.1,0.0,4.3,0.7,1.2,1.0,48.3
30610307,rural,4662.0,7.6,9.4,9.2,37.3,37.4,47.1,20.1,4.0,6.3,6.3,5.3,6.2,6.9,7.1,7.2,6.3,5.5,6.0,3.9,2.7,4.1,4.7,27.0,64.1,3.2,5.7,26.3,2.3,98.9,41.7,2.4,32.5,17.1,7.9,2.7,98.9,4.9,43.8,4.1,0.2,99.7,0.4,8.2,43.3,1.5,35.1,4.9,43.0,12.6,0.2,2.3,0.5,48.6,1.82,1295.0,16.700000000000003,10.7,1205.0,3.9,56.8,0.3,95.4,79.8,6.3,0.2,17.8,52.0,1.2,1.6,42.8,11.5,13.5,42.4,32.6,95.9,94.8,31.5,2.2,25.2,72.6,14.6,0.2,94.4,0.2,0.0,5.2,0.2,0.7,22.5,85.3
30610307,urban,14417.0,9.0,10.8,10.5,7.8,17.5,42.6,15.4,4.4,8.1,6.2,6.4,7.4,7.7,7.9,6.2,5.5,4.6,4.1,2.9,1.5,1.4,2.8,27.9,66.6,2.7,2.8,28.2,2.8,94.7,8.8,2.5,21.7,16.9,17.7,23.6,98.8,7.4,10.6,2.6,0.1,99.6,4.8,41.4,77.1,8.9,15.0,33.2,37.0,0.4,0.5,2.0,2.9,50.8,2.36,3626.0,9.9,5.800000000000001,3842.0,3.8,75.9,15.8,99.9,99.3,10.5,54.0,34.4,0.4,0.2,0.9,8.3,94.5,4.5,0.3,0.7,100.0,99.9,99.7,98.6,0.8,0.6,98.2,1.1,98.7,1.0,0.1,0.0,0.2,,0.5,0.7
30610309,rural,6184.0,7.9,10.0,9.3,35.3,35.0,46.1,22.7,3.7,7.5,6.3,6.3,6.7,7.0,7.5,6.8,5.9,4.6,4.7,3.1,2.8,3.3,5.8,29.1,63.0,3.0,4.9,26.5,2.8,98.6,39.7,3.7,32.6,18.1,6.2,4.5,99.1,3.9,21.7,1.2,0.0,99.3,1.2,10.6,47.8,1.4,23.7,8.3,59.4,3.5,1.6,1.9,0.1,49.4,2.48,1605.0,13.900000000000002,9.2,1496.0,4.1,72.9,3.0,91.0,78.1,0.9,3.9,66.1,21.1,3.0,1.9,24.1,18.0,30.3,40.2,11.4,93.0,94.1,43.0,43.4,11.5,45.1,31.4,11.2,99.3,0.1,0.0,0.4,0.2,0.3,4.9,57.400000000000006
30610501,rural,13962.0,8.5,10.8,11.3,28.4,33.4,38.6,25.8,4.4,8.4,6.1,5.8,6.4,7.5,7.1,6.7,5.7,4.2,4.3,2.6,1.8,2.9,3.7,29.6,62.6,3.3,4.4,27.6,2.7,99.0,32.9,2.0,30.6,18.8,10.9,4.2,99.5,3.1,1.4,1.5,0.0,99.9,0.1,13.0,59.4,1.6,26.7,11.8,54.8,1.7,0.2,1.2,2.0,50.0,2.71,2781.0,11.600000000000001,7.300000000000001,3324.0,4.2,78.2,6.9,94.5,82.7,0.6,13.6,67.2,11.9,0.9,1.5,14.9,22.4,33.3,27.5,16.8,95.6,97.0,67.1,57.6,31.2,11.2,31.0,19.0,98.1,0.1,0.0,1.3,0.5,0.3,5.8,50.0
30610501,urban,14249.0,8.2,10.6,11.7,26.9,32.4,42.0,36.3,3.3,9.2,7.6,6.0,6.3,7.1,7.4,6.4,5.8,3.8,3.8,2.4,1.8,1.8,4.9,31.3,62.7,2.6,3.3,27.2,3.2,96.2,31.2,1.5,32.1,18.1,11.6,4.3,99.4,3.2,0.5,1.0,0.0,99.9,0.1,7.2,43.5,1.8,31.9,3.5,58.3,0.2,2.1,1.9,0.4,49.0,2.49,2650.0,9.799999999999999,6.0,3250.0,4.4,83.7,5.9,96.2,89.1,1.8,0.0,96.2,0.4,0.3,1.9,10.4,26.0,56.4,12.2,5.4,98.3,99.2,55.5,75.9,16.7,7.5,64.6,7.8,99.4,0.1,0.0,0.3,0.1,,1.4,27.5
30610503,rural,20656.0,9.0,10.9,10.5,18.8,27.0,42.0,17.0,4.5,7.7,7.0,6.1,7.3,7.9,7.1,6.5,5.3,4.3,3.8,2.8,1.8,2.0,3.8,27.6,65.0,3.1,4.3,25.6,2.7,97.1,21.6,2.0,30.0,20.0,12.3,8.6,98.9,3.8,24.0,2.0,0.0,99.9,0.7,14.6,56.5,2.0,22.5,16.7,51.0,1.9,1.4,1.3,3.3,49.7,2.32,4999.0,10.4,6.6,4909.0,4.2,57.7,14.6,98.0,66.2,1.2,27.9,47.3,21.5,0.7,1.7,27.8,42.4,31.7,10.7,15.2,98.2,98.2,77.1,66.7,23.1,10.2,64.7,11.1,98.5,0.4,0.1,1.0,0.0,0.5,1.4,24.1
30610505,rural,23091.0,10.3,11.1,10.7,38.7,41.3,39.3,21.5,2.4,9.0,7.4,6.5,6.4,6.4,6.6,5.9,5.0,3.8,3.8,2.6,2.1,2.2,6.0,29.2,65.2,1.9,3.7,25.1,3.0,92.5,44.6,1.4,34.7,15.2,5.2,2.3,98.8,0.7,0.1,0.4,0.0,99.9,0.1,5.6,34.8,0.9,14.2,2.4,76.6,1.9,0.6,1.4,1.9,48.9,2.58,4831.0,10.7,6.9,4790.0,4.8,85.2,0.4,95.3,83.9,0.0,0.0,40.1,58.1,1.3,2.0,14.4,16.6,21.6,35.9,25.9,94.8,94.7,32.8,20.5,54.7,24.7,57.2,3.3,98.2,0.1,0.0,1.6,0.1,1.5,0.5,39.5
30610505,urban,6965.0,8.4,10.2,11.2,28.4,32.2,38.7,26.7,4.0,9.3,7.6,6.3,6.4,6.3,6.7,6.3,5.7,4.0,4.5,2.9,1.8,2.5,4.4,29.9,63.7,2.6,3.9,26.8,3.1,97.6,32.8,3.4,30.7,17.5,10.4,5.8,99.4,4.7,2.1,4.2,0.0,99.9,0.2,9.2,51.1,2.4,22.3,9.7,60.1,1.7,1.3,2.0,0.5,49.5,1.69,1386.0,11.700000000000001,7.2,1634.0,4.3,67.9,19.5,98.1,97.5,2.0,1.6,94.8,1.2,0.4,1.7,12.6,22.5,58.3,17.7,1.5,99.3,99.6,69.9,68.7,31.2,0.1,85.0,13.4,99.8,0.1,0.0,0.1,0.0,,0.1,1.5
30610507,rural,12320.0,8.7,9.5,10.6,30.9,35.6,39.9,31.7,4.4,8.5,6.8,6.6,6.3,7.2,6.7,6.1,5.6,3.9,4.7,3.1,2.5,3.2,5.1,30.7,60.9,3.0,5.3,27.3,2.9,97.8,35.2,1.9,34.9,18.5,6.7,2.4,99.5,1.0,0.2,0.4,0.1,99.7,0.2,5.2,37.0,0.0,20.5,4.9,70.7,1.4,1.0,0.7,0.8,49.3,1.71,2391.0,13.5,8.8,2741.0,4.5,85.9,0.4,92.3,35.0,0.8,0.0,56.5,34.4,1.0,1.6,13.8,15.6,23.0,46.9,14.5,94.7,93.8,44.5,0.9,79.0,20.1,0.9,0.3,97.5,0.4,0.2,1.5,0.4,0.7,7.3,98.7
30610507,urban,4059.0,8.0,9.6,11.7,23.8,28.9,42.1,27.4,4.8,9.0,6.9,5.6,6.1,6.5,7.4,6.3,5.6,4.5,4.6,2.8,2.3,3.0,10.0,29.3,62.6,3.6,4.5,27.5,3.1,95.9,27.7,2.7,33.8,19.2,10.7,4.7,99.7,2.9,2.1,2.8,0.0,99.7,0.4,11.1,53.2,1.7,18.2,7.6,65.5,1.4,2.6,2.6,0.3,49.2,2.06,877.0,12.7,8.1,995.0,4.1,71.5,11.5,94.4,90.6,0.6,0.2,86.1,7.9,0.5,1.5,17.0,33.3,36.8,27.0,2.9,97.4,98.4,57.4,52.7,39.3,8.0,58.6,21.6,96.8,0.0,0.0,3.1,0.1,,4.7,19.9
30610509,rural,13218.0,7.6,8.6,10.2,28.6,34.3,37.6,22.0,4.4,8.1,7.5,7.0,6.5,6.4,6.8,6.5,6.0,5.1,5.5,3.1,2.1,2.9,6.1,32.6,60.2,3.2,4.0,26.9,3.0,97.4,32.4,2.1,31.7,19.0,8.9,4.1,98.7,4.4,26.5,2.8,0.0,99.6,0.9,7.4,42.3,1.3,13.0,5.0,77.4,1.1,0.6,0.7,0.9,49.1,2.39,2848.0,13.6,8.1,3135.0,4.2,61.1,5.9,94.1,27.4,1.3,0.1,71.5,16.6,1.0,1.7,33.1,24.8,30.8,30.7,13.8,97.2,98.9,74.3,29.3,56.3,14.4,31.0,5.1,98.9,0.0,0.0,1.1,0.0,0.9,9.6,63.900000000000006
30610509,urban,7027.0,7.7,9.2,9.7,32.2,35.3,43.8,19.7,7.6,7.9,7.5,6.4,7.1,7.4,7.2,6.8,6.3,4.5,4.5,3.1,2.0,2.7,5.6,31.6,58.1,5.1,5.1,28.5,2.5,96.4,36.2,2.2,29.0,17.9,12.3,3.3,99.4,2.6,15.1,2.4,0.1,99.7,0.4,9.6,53.7,1.5,14.5,2.2,78.0,0.5,0.6,2.2,0.6,49.5,2.34,1810.0,12.3,7.8,1881.0,3.7,55.5,32.9,95.0,85.2,0.4,0.2,85.7,0.1,1.5,1.6,11.7,37.3,25.4,34.4,2.9,83.3,99.4,21.4,88.9,11.0,0.2,88.4,6.5,99.8,0.1,0.0,0.0,0.2,,12.2,5.1000000000000005
30610701,rural,4727.0,9.3,10.5,10.5,39.3,41.3,40.6,36.0,1.4,9.6,6.3,5.6,6.4,6.7,6.5,6.2,4.8,4.5,4.1,2.6,2.8,3.6,7.6,32.3,62.2,1.0,4.5,27.7,3.5,96.7,44.9,1.5,36.2,14.3,4.8,1.9,99.6,0.2,0.1,8.8,0.1,99.9,0.2,3.2,22.6,0.1,28.3,3.8,59.0,6.9,0.3,1.3,0.2,47.9,2.83,858.0,13.1,9.0,1141.0,4.1,87.7,0.0,90.8,0.4,0.0,0.0,5.3,94.6,0.2,2.0,12.3,11.9,12.2,33.3,42.7,98.2,98.7,42.6,9.4,27.4,63.2,0.0,0.0,99.7,0.1,0.0,0.0,0.2,0.4,0.0,100.0
30610705,rural,8352.0,8.7,9.9,11.0,32.4,36.0,36.6,22.0,4.1,7.7,5.6,4.7,5.9,6.6,7.0,7.3,6.6,4.7,4.8,3.1,2.8,3.5,5.7,29.0,62.5,2.9,5.5,26.5,2.7,94.8,37.1,1.9,33.1,16.6,8.6,3.7,98.4,0.3,0.3,0.1,0.1,100.0,0.1,7.5,29.3,0.9,24.4,7.5,47.8,4.4,0.5,8.9,5.6,48.9,1.85,1681.0,14.2,9.4,2175.0,3.8,82.3,3.9,96.6,88.7,0.1,0.2,68.2,30.4,0.6,1.7,13.8,2.7,17.8,36.5,43.0,91.2,96.3,34.0,82.2,10.8,7.0,53.2,20.5,96.0,0.2,0.0,3.1,0.7,0.9,0.5,26.4
30610707,rural,6673.0,8.2,9.5,10.2,38.0,41.2,38.3,33.8,2.4,8.3,5.6,5.6,5.8,6.5,6.8,6.1,5.4,5.3,5.3,3.6,3.2,4.5,7.5,29.1,62.0,2.0,6.9,26.4,3.1,97.1,43.2,0.7,36.1,14.6,5.7,1.6,99.1,0.2,0.1,0.2,0.0,99.9,0.0,2.3,19.9,0.2,18.5,5.9,71.3,3.5,0.2,0.3,0.1,47.7,2.55,1218.0,16.6,11.3,1757.0,3.8,82.1,2.9,96.5,95.5,0.2,0.0,31.7,67.4,0.5,1.6,15.1,7.0,11.9,33.2,48.0,93.4,97.5,11.1,64.2,18.0,17.7,0.9,0.6,93.1,0.1,0.1,6.2,0.5,1.2,0.2,98.5
30610707,urban,996.0,8.0,8.2,8.6,20.0,25.9,35.3,22.0,3.4,6.0,6.8,5.7,6.7,6.6,7.5,6.7,5.1,6.4,6.8,3.4,2.9,4.2,3.9,29.7,63.8,2.5,4.0,27.4,2.4,99.0,22.3,3.5,28.8,17.9,12.6,11.3,99.8,1.5,0.3,6.7,0.0,99.6,0.4,22.5,69.4,1.0,16.5,36.9,36.9,2.9,1.5,0.5,3.9,48.8,2.65,206.0,17.3,10.5,305.0,3.3,47.2,25.2,96.4,96.7,1.3,5.9,80.3,11.5,1.0,1.5,27.5,2.3,30.2,61.0,6.6,93.8,97.0,41.3,91.1,6.9,2.0,1.6,85.6,100.0,0.0,0.0,0.0,0.0,,0.0,12.8
30610709,rural,9008.0,7.6,8.8,9.7,34.7,36.2,36.5,19.4,4.0,7.8,5.2,4.8,5.2,5.8,6.9,7.4,7.5,6.0,5.7,4.1,2.6,4.8,9.2,30.8,58.7,3.2,7.3,25.2,2.6,97.2,39.2,1.3,35.8,17.5,6.6,2.6,98.9,0.8,0.8,9.9,0.0,99.6,0.0,7.8,51.6,2.6,34.2,5.9,47.8,3.8,0.2,1.0,4.3,49.1,2.47,1956.0,17.2,11.5,2366.0,3.8,90.6,0.2,94.0,35.3,0.0,0.0,42.5,56.0,0.8,1.5,9.2,6.0,15.1,28.7,50.1,95.5,97.1,48.2,12.6,42.9,44.5,0.6,0.0,89.7,0.0,0.3,8.8,1.2,0.3,0.6,99.39999999999999
30610711,rural,12158.0,11.2,11.9,12.0,41.4,43.5,37.5,22.1,1.5,9.8,6.4,6.0,5.9,6.6,6.0,5.9,4.3,3.3,3.1,2.7,2.0,2.9,5.5,28.5,66.4,1.2,3.9,22.6,3.8,97.1,48.7,1.6,35.5,14.1,4.3,1.0,87.9,9.9,28.7,0.1,0.0,99.3,10.8,1.5,16.1,0.7,6.8,2.4,82.0,3.4,0.0,1.6,3.1,46.3,3.31,2306.0,10.700000000000001,7.6,2474.0,4.9,91.8,0.2,93.7,81.0,0.0,0.0,42.9,54.1,0.5,2.0,7.9,9.0,25.9,27.3,37.8,93.0,98.6,11.9,45.5,36.0,18.5,15.0,0.2,89.8,0.2,3.5,6.4,0.1,0.4,2.5,84.89999999999999
31310101,urban,6759.0,6.2,8.3,9.4,28.2,31.2,30.9,24.8,8.9,8.2,6.5,5.4,5.9,6.3,6.9,6.6,7.0,5.9,6.0,3.9,3.1,4.2,5.5,31.2,56.3,5.9,6.6,28.9,1.8,98.4,31.5,1.5,23.5,14.8,16.3,12.5,95.8,17.8,55.1,0.2,0.1,99.0,12.9,26.6,61.5,1.0,11.5,34.1,37.0,0.3,5.6,2.6,7.9,52.7,1.24,1192.0,17.2,11.2,1947.0,3.5,63.3,22.0,99.3,96.4,0.3,0.8,86.6,5.8,0.2,1.3,14.7,9.7,29.7,54.7,5.9,98.6,96.2,64.8,92.8,3.1,4.1,84.9,8.9,99.5,0.5,0.0,0.0,0.0,,6.4,6.2
31310102,urban,4674.0,7.3,8.4,10.3,33.0,41.1,29.4,29.4,7.3,8.6,7.2,6.0,6.4,6.6,6.3,6.7,6.2,4.7,4.6,4.5,2.8,3.5,4.7,29.6,58.0,4.9,7.5,28.5,2.5,96.1,37.3,0.4,20.8,16.3,11.3,10.1,95.9,17.2,67.9,0.1,0.0,98.4,26.2,18.0,51.2,1.5,22.0,39.1,20.0,1.8,0.6,8.6,6.4,51.2,1.42,719.0,15.399999999999999,10.8,1355.0,3.4,59.5,21.1,99.0,98.2,0.3,0.0,95.0,0.6,0.7,1.3,19.4,14.6,30.8,52.5,2.0,97.3,96.6,35.4,91.2,6.9,1.8,98.8,0.9,99.6,0.1,0.0,0.3,0.1,,3.5,0.30000000000000004
31310103,urban,27973.0,8.6,10.1,10.4,19.2,25.6,38.4,22.2,5.9,8.8,7.2,6.1,7.1,7.0,7.1,6.3,5.7,4.4,3.9,2.8,2.2,2.2,4.0,30.9,59.8,4.3,5.0,28.4,3.0,98.3,21.8,2.1,24.2,18.0,15.5,14.6,98.7,10.1,11.7,0.3,0.1,99.9,1.5,29.4,69.6,3.3,19.3,46.6,25.2,0.4,0.5,1.1,3.6,51.5,2.17,5926.0,11.099999999999998,7.2,7162.0,3.9,55.0,30.4,94.3,91.5,1.2,4.6,84.9,0.1,0.5,1.5,14.6,13.1,32.3,54.2,0.4,98.4,97.3,62.3,89.9,2.9,7.2,35.6,56.6,98.3,0.3,0.0,1.3,0.1,,8.8,7.8
31310105,urban,18691.0,8.3,9.5,10.5,22.4,29.3,33.1,28.3,4.8,8.9,7.3,6.7,6.8,7.0,7.0,6.1,5.2,4.3,4.4,2.7,2.6,2.7,4.2,29.7,61.7,3.4,5.2,26.9,3.2,94.9,25.6,0.7,25.0,19.9,14.0,11.1,98.0,14.3,12.9,0.1,0.1,99.8,2.6,15.3,50.1,0.1,21.7,50.9,16.8,1.9,0.7,2.0,5.8,50.8,2.41,3177.0,12.400000000000002,8.0,4533.0,4.1,58.8,23.7,99.1,97.8,0.2,3.8,91.5,2.9,0.3,1.4,17.6,7.9,38.9,51.9,1.3,99.7,99.5,71.6,91.6,7.0,1.4,27.4,69.5,98.8,0.0,0.0,1.0,0.1,,1.4,3.1
31310309,rural,7982.0,7.8,9.4,10.5,45.1,46.8,33.9,38.1,6.0,8.7,6.2,6.0,6.6,6.6,6.5,6.8,6.2,4.7,4.3,3.3,2.5,3.8,5.7,29.7,60.2,4.3,5.8,27.0,3.0,94.6,51.1,1.7,22.1,14.3,8.7,6.5,76.6,1.5,89.6,0.2,0.1,98.2,2.3,23.4,71.5,0.3,11.2,14.2,37.9,1.7,0.1,1.1,33.5,51.4,1.8,1208.0,13.899999999999999,9.6,2146.0,3.7,72.1,5.5,91.2,65.9,0.0,0.0,21.4,76.1,1.4,1.4,22.3,13.2,32.3,25.2,29.3,82.9,75.0,15.8,0.6,37.1,62.3,25.4,11.8,75.8,0.6,0.3,23.1,0.3,1.3,1.1,62.800000000000004
31310311,rural,11764.0,8.4,9.6,10.4,41.8,44.2,35.1,12.6,5.1,9.0,6.1,5.3,7.0,7.2,7.5,6.6,5.6,3.8,3.8,3.3,2.8,3.7,7.7,27.0,63.1,3.4,6.5,26.3,2.9,94.4,47.7,1.1,26.0,17.5,7.2,3.9,84.7,1.0,91.4,0.0,0.0,99.7,3.0,17.0,60.7,5.9,7.9,8.0,53.0,2.3,0.0,1.5,21.4,49.6,2.94,2583.0,13.599999999999998,9.8,2756.0,4.3,81.3,3.5,88.4,51.0,0.0,0.0,32.2,48.9,0.4,1.8,15.2,11.0,18.5,32.3,38.2,78.8,73.7,9.9,0.9,8.6,90.5,9.3,11.0,86.2,0.0,0.4,13.4,0.0,1.2,18.4,79.6
31310311,urban,12910.0,7.9,9.1,10.1,33.2,38.5,37.7,11.5,7.6,9.6,7.5,6.3,7.1,7.2,6.7,6.3,6.1,4.1,4.0,2.9,2.3,2.8,4.9,31.2,58.6,4.5,5.8,26.9,2.9,94.8,37.7,1.4,22.9,17.1,11.1,9.0,91.3,11.8,63.4,0.1,0.0,98.9,2.3,24.1,67.4,5.7,12.9,11.1,55.7,1.0,0.5,0.7,12.3,51.6,1.94,3139.0,12.0,7.999999999999999,3212.0,4.0,66.6,24.7,98.1,98.2,0.1,0.0,90.9,0.3,0.2,1.5,8.6,5.9,21.0,71.6,1.5,98.6,98.5,58.9,1.7,83.9,14.3,30.4,69.3,99.7,0.2,0.0,0.0,0.1,,8.5,0.3
31310315,rural,5665.0,6.2,8.2,8.5,45.1,46.5,23.4,38.7,6.2,8.8,5.6,4.6,4.9,5.5,6.8,6.5,7.3,6.7,6.0,4.1,4.3,6.1,7.7,29.2,58.5,4.7,7.6,29.4,2.6,95.0,49.8,0.9,22.2,16.3,8.4,5.6,92.3,2.9,91.7,0.3,0.0,95.0,11.2,14.7,47.0,0.0,16.9,14.5,34.9,0.8,2.1,13.1,17.7,51.4,1.9,627.0,20.5,14.499999999999998,1661.0,3.4,78.7,1.1,90.3,64.2,0.4,0.0,38.0,60.4,0.7,1.7,20.2,9.8,21.1,33.3,35.9,89.8,78.9,20.1,0.6,20.4,79.0,3.0,37.3,89.8,0.2,0.3,9.3,0.4,0.8,0.4,59.8
31310315,urban,2632.0,6.0,7.9,9.8,28.3,31.6,23.3,27.8,8.3,9.0,7.0,5.0,4.9,5.5,6.0,7.1,6.6,6.8,5.8,4.4,3.8,4.4,4.7,30.0,57.8,5.8,6.4,28.8,2.8,97.6,31.8,2.9,23.9,17.6,12.2,11.8,95.5,4.7,78.5,0.5,0.1,99.6,1.4,24.9,68.7,1.2,24.6,40.9,28.2,0.0,0.6,1.2,3.3,53.3,1.7,337.0,18.4,12.6,810.0,3.2,60.0,24.9,97.9,95.8,0.1,0.2,90.3,6.7,0.7,1.2,15.0,12.8,27.4,53.2,6.6,93.8,97.1,41.6,1.2,2.0,96.8,0.6,91.4,99.6,0.0,0.0,0.2,0.1,,1.9,7.9
31310501,rural,10471.0,8.8,10.1,11.0,33.5,38.1,34.7,33.7,4.7,8.8,6.6,6.4,6.3,6.6,6.3,5.6,5.5,4.6,4.0,3.3,2.7,3.3,6.7,30.6,59.9,3.6,5.9,28.4,2.9,95.6,38.7,0.8,27.9,17.9,7.7,7.6,99.3,9.6,7.8,0.0,0.0,99.7,1.9,5.5,28.5,0.0,12.0,13.9,55.7,3.5,0.3,0.8,13.8,49.9,2.05,1685.0,13.3,9.3,2507.0,4.2,82.7,3.4,93.6,87.7,0.1,0.1,18.6,80.2,0.6,1.4,13.9,14.7,17.3,48.0,20.1,93.6,90.5,22.9,3.2,2.1,94.7,0.0,0.0,78.1,0.3,0.0,21.2,0.4,1.3,0.3,100.0
31310503,rural,5430.0,9.0,9.8,10.9,43.0,46.5,34.1,52.6,4.1,9.3,7.2,6.6,6.6,6.7,5.8,5.5,4.7,4.1,3.8,3.6,2.9,3.6,6.7,28.9,62.0,2.9,6.2,27.0,3.6,94.1,49.2,1.4,27.1,14.8,6.0,4.2,97.3,0.9,26.8,0.1,0.0,100.0,0.2,4.2,48.3,0.3,9.6,11.9,35.2,0.2,0.0,0.2,42.7,48.5,3.12,616.0,13.9,10.1,1212.0,4.5,86.6,0.2,88.3,53.1,0.0,0.0,11.9,86.5,0.7,1.6,13.2,13.3,24.4,43.9,18.4,92.6,80.0,12.6,1.2,7.6,91.2,0.4,0.0,50.1,0.0,0.0,49.0,0.9,1.9,0.9,99.60000000000001
31310505,rural,9936.0,8.5,9.9,10.5,33.9,38.2,34.2,25.9,5.8,8.8,6.8,5.8,6.1,6.7,5.9,6.4,5.6,4.4,4.3,3.2,3.1,3.8,4.2,26.2,62.3,4.2,7.3,25.7,3.1,90.5,38.6,2.6,25.9,19.3,8.4,5.6,99.7,5.4,1.4,0.0,0.0,100.0,0.4,14.3,46.3,0.4,28.8,12.7,45.8,0.2,0.3,0.4,11.3,50.0,2.64,1789.0,14.399999999999999,10.100000000000001,2348.0,4.2,86.2,1.7,93.9,81.5,0.7,0.0,32.4,66.3,0.2,1.6,12.1,9.6,42.9,36.4,11.1,93.7,90.9,9.0,3.3,53.5,43.2,7.1,28.9,88.7,0.0,0.1,10.8,0.4,1.6,0.5,64.1
31310701,rural,7706.0,8.6,10.9,10.4,36.6,42.2,31.2,40.9,3.2,9.2,6.4,6.1,6.0,6.8,6.1,6.2,5.1,3.6,4.3,3.5,3.1,3.7,6.2,26.9,66.5,2.0,4.5,26.5,3.4,95.6,41.8,0.2,31.3,15.4,6.2,4.6,99.4,3.2,3.6,0.0,0.0,99.9,0.1,9.8,33.5,0.1,30.2,8.3,52.0,1.4,0.9,1.2,5.9,50.3,2.72,997.0,14.600000000000001,10.3,1608.0,4.8,92.7,0.2,97.5,80.9,0.0,0.0,22.1,77.7,0.2,1.9,7.0,12.6,21.7,34.9,30.8,98.0,97.6,7.2,1.1,0.2,98.6,0.2,0.1,84.5,0.1,0.7,14.5,0.2,1.3,0.0,99.7
31310703,rural,8333.0,8.8,10.5,10.9,36.4,41.7,33.6,45.0,2.4,9.3,7.0,5.9,6.2,6.7,6.4,5.4,5.8,4.8,3.9,3.0,2.1,3.4,3.4,26.4,65.4,1.7,6.5,26.1,3.6,93.8,41.6,0.6,29.5,16.2,7.2,4.8,96.1,9.2,3.6,0.0,0.1,99.8,0.4,10.6,44.4,0.9,30.2,10.3,51.4,0.6,0.4,1.1,5.1,50.3,2.4,1074.0,12.4,8.5,1765.0,4.7,90.8,0.5,96.0,84.9,0.3,0.0,36.8,61.8,1.0,1.8,8.7,29.2,27.4,34.8,8.6,97.2,93.0,13.7,1.0,0.3,98.7,0.5,0.0,59.1,0.2,0.2,40.3,0.2,1.2,0.2,99.5
31310705,rural,29594.0,9.7,11.3,11.2,37.9,42.3,34.7,30.3,2.0,9.7,8.2,7.2,6.8,7.1,6.4,5.2,4.2,2.9,2.9,2.4,2.1,2.6,6.6,33.6,60.5,1.3,4.6,28.3,4.1,92.4,43.6,0.6,28.9,15.4,5.8,6.9,98.5,6.1,28.3,0.2,0.0,99.6,5.0,8.4,35.6,0.7,18.7,19.3,55.8,2.7,0.2,0.9,1.7,48.5,2.27,4845.0,10.0,7.1,5726.0,5.2,88.7,2.3,94.9,86.7,0.1,0.0,31.5,67.6,0.7,1.8,9.0,15.1,28.3,38.1,18.5,98.3,98.4,20.4,2.8,50.3,47.0,21.5,0.8,57.5,0.2,0.3,41.7,0.3,0.9,0.1,77.7
31310707,rural,3279.0,7.7,9.3,10.4,51.5,53.4,34.2,4.3,3.6,8.3,6.1,5.6,6.0,7.1,7.3,5.9,5.2,3.8,4.7,3.6,4.1,4.7,5.6,26.9,63.7,2.5,6.9,25.2,4.3,96.7,58.7,0.2,23.5,16.9,3.1,2.8,64.3,0.5,97.8,0.4,0.0,99.8,1.4,5.2,40.8,0.0,62.4,9.5,15.8,11.6,0.0,0.1,0.6,51.6,1.66,779.0,17.1,12.399999999999999,740.0,4.4,84.7,0.5,81.4,25.4,0.1,0.0,3.8,94.9,0.9,1.6,14.7,2.7,3.2,18.6,75.4,76.5,66.5,1.8,0.1,1.4,98.5,0.0,0.0,78.5,0.1,0.0,21.4,0.0,3.4,0.3,100.0
31310709,rural,11615.0,9.7,11.9,12.0,47.0,50.3,33.5,9.7,2.8,9.6,7.5,6.7,6.3,6.8,5.8,4.9,4.8,3.6,3.4,2.4,2.1,2.5,6.3,28.6,64.8,1.8,4.8,26.0,4.4,83.4,53.9,0.8,26.2,13.3,5.5,3.9,98.2,5.4,0.8,0.1,0.0,99.6,0.5,15.8,48.3,0.3,29.8,5.6,40.9,12.0,4.5,0.3,6.6,48.7,2.58,2333.0,10.4,7.0,2270.0,5.1,90.6,2.5,91.7,45.1,0.2,0.0,18.7,76.1,1.1,2.0,6.9,29.8,32.2,31.6,6.3,94.0,76.4,17.6,2.2,19.0,78.8,0.6,33.3,65.5,0.1,0.1,25.6,8.8,4.0,3.8,66.0
31310901,rural,2397.0,7.1,9.3,10.7,55.0,56.6,32.9,33.1,8.2,9.3,5.3,5.4,6.8,7.8,5.5,5.6,4.9,4.8,5.3,4.3,3.2,4.7,11.4,27.5,59.2,5.3,8.0,27.9,4.0,89.2,62.9,0.0,20.4,15.0,4.9,3.2,56.8,11.1,86.4,0.4,0.0,96.1,37.5,7.0,41.3,11.2,53.9,8.1,20.8,4.9,0.0,1.0,0.0,48.7,1.83,384.0,17.5,12.2,637.0,3.8,84.3,0.5,92.9,57.8,0.0,0.0,21.5,73.3,1.4,2.0,15.2,7.7,15.2,22.9,54.2,48.8,41.6,1.7,5.8,28.9,65.3,0.0,0.3,32.2,0.5,0.0,66.4,0.9,1.0,3.8,99.7
31310903,rural,1694.0,7.6,8.9,8.6,56.1,56.1,17.7,33.5,8.4,7.6,4.8,3.8,5.8,6.6,6.9,7.1,7.0,4.7,4.1,4.1,4.8,7.6,13.4,25.1,58.8,5.9,10.2,28.5,3.3,97.8,62.2,1.1,19.4,13.6,6.2,3.6,57.7,0.5,97.4,0.2,0.1,98.6,2.7,16.7,64.7,0.7,49.7,20.1,28.2,0.7,0.0,0.0,0.7,52.4,2.22,149.0,20.6,16.5,486.0,3.5,83.1,0.6,93.4,71.8,1.2,0.0,35.2,61.1,1.9,1.6,16.3,6.2,27.2,32.5,34.2,44.0,51.9,9.7,5.6,11.1,83.3,0.0,0.0,50.8,0.6,0.2,48.1,0.2,1.1,0.6,100.0
31310905,rural,2292.0,9.0,9.4,10.7,38.9,43.8,29.0,32.9,6.6,8.1,7.0,6.5,6.2,7.2,5.5,5.5,6.5,3.4,4.3,3.4,3.7,3.8,7.8,28.7,60.6,4.9,5.8,26.6,3.8,92.0,44.4,0.7,27.9,15.3,6.3,6.0,94.4,39.8,58.7,0.1,0.0,99.2,2.8,11.5,69.0,2.5,23.4,10.4,55.1,3.5,0.0,3.5,1.6,50.1,1.66,316.0,15.2,10.899999999999999,560.0,4.1,91.8,0.7,99.1,1.1,0.0,0.0,8.2,91.1,0.5,1.9,7.5,10.0,24.1,37.1,28.8,79.3,65.7,2.7,1.1,56.4,42.5,0.0,0.2,92.5,0.5,0.0,6.3,0.7,1.1,0.2,99.80000000000001
31310907,rural,4887.0,7.3,9.1,9.5,44.9,47.3,34.2,38.8,6.3,8.3,5.8,5.2,5.3,5.7,6.8,6.7,6.1,5.1,5.0,4.0,3.9,6.0,8.7,29.1,59.1,4.5,7.3,28.1,3.4,97.3,50.5,1.2,25.7,11.8,7.9,6.1,62.8,0.7,95.7,0.3,0.0,99.4,4.0,19.4,60.6,0.0,23.7,19.4,50.0,2.0,0.1,2.4,2.4,50.4,1.87,756.0,18.9,13.9,1360.0,3.6,69.0,4.6,89.6,76.5,0.2,0.0,31.3,67.5,0.7,1.4,26.4,13.8,17.9,37.4,31.0,76.8,71.0,29.4,0.0,56.6,43.4,0.0,0.1,76.5,0.1,0.0,22.4,1.0,2.8,0.2,99.9
31310913,rural,3567.0,7.1,9.4,10.0,42.2,42.5,30.8,33.3,5.2,8.4,5.3,5.0,5.6,6.5,6.6,7.0,7.1,5.1,4.9,4.1,3.1,4.9,6.8,27.7,61.0,3.6,7.7,25.8,2.6,97.3,47.7,2.0,23.7,15.0,11.5,5.4,58.1,11.0,73.4,0.6,0.1,99.4,0.8,10.4,44.9,4.1,25.4,18.3,40.7,3.1,0.0,5.6,2.8,52.3,2.15,540.0,17.0,12.1,1040.0,3.4,77.0,4.5,95.4,66.3,0.0,0.2,22.6,76.5,0.5,1.4,18.5,11.5,27.8,40.2,20.5,95.6,92.6,31.3,1.9,41.3,56.7,1.5,0.0,99.3,0.4,0.0,0.3,0.0,0.8,0.2,98.5
31310917,rural,2701.0,8.8,9.1,8.2,57.2,56.8,27.6,60.8,7.1,6.4,4.3,4.7,6.6,7.7,7.5,6.2,6.5,5.2,5.5,4.2,3.6,5.4,11.5,24.0,62.6,4.7,8.7,27.1,2.9,94.9,63.3,0.7,23.5,12.0,4.2,2.7,40.2,0.1,98.3,0.2,0.0,99.3,1.2,13.0,65.2,5.6,39.4,24.5,27.8,0.5,0.0,0.0,2.3,50.1,3.03,216.0,18.7,13.200000000000001,668.0,4.0,91.8,0.3,87.9,17.2,0.4,0.0,48.4,50.4,0.7,1.7,7.9,9.1,11.2,25.1,54.5,73.5,68.7,10.8,0.6,0.6,98.8,0.1,0.0,26.9,0.0,0.0,72.9,0.1,3.1,0.0,99.8
31710101,urban,19158.0,7.8,9.4,9.5,35.3,36.5,41.0,23.4,6.2,7.9,7.2,6.2,6.9,7.0,6.9,6.5,5.5,5.1,5.0,3.6,2.5,2.9,6.7,29.8,61.0,4.3,4.9,27.6,2.9,98.5,39.5,2.3,29.7,17.5,9.1,5.0,98.6,9.3,21.7,2.4,0.0,99.7,0.4,11.9,58.9,2.3,30.6,9.7,52.0,0.9,0.6,1.7,2.2,50.5,2.22,4402.0,14.0,9.0,4819.0,4.0,48.7,29.9,98.8,95.5,0.3,0.9,95.8,0.6,0.7,1.8,21.5,16.6,49.4,29.2,4.8,96.6,99.0,51.0,96.9,2.1,1.0,78.6,19.7,99.3,0.0,0.0,0.6,0.1,,1.8,1.7
31710103,urban,33048.0,7.4,9.3,10.2,22.1,27.7,39.5,22.0,5.8,8.6,7.2,6.3,6.6,6.8,7.0,6.6,6.1,4.8,4.8,3.4,2.3,2.8,4.9,32.4,58.6,4.0,5.0,28.0,2.6,96.4,25.0,1.8,29.5,18.1,12.5,10.3,99.5,4.9,2.7,9.3,0.0,99.9,0.7,20.3,64.1,3.3,26.3,14.8,41.1,1.3,1.2,2.4,9.6,51.3,1.74,7441.0,13.3,8.5,8342.0,4.0,53.7,29.6,99.6,96.8,0.8,15.4,79.9,0.6,0.8,1.3,16.7,23.5,42.4,32.7,1.4,97.8,99.5,79.4,95.5,2.7,1.8,82.1,17.6,99.8,0.1,0.0,0.1,0.0,,2.6,0.30000000000000004
31710105,urban,40735.0,7.0,8.6,9.4,20.0,27.1,41.2,20.0,6.6,7.9,6.8,6.0,6.8,7.1,7.6,6.6,6.5,5.3,5.5,3.5,2.4,3.0,4.2,32.1,58.3,4.4,5.2,29.2,2.2,96.9,22.4,1.3,25.2,18.1,15.7,12.5,98.8,10.2,18.9,2.4,0.1,99.8,1.5,23.7,70.2,3.2,23.9,29.5,36.9,1.3,0.8,1.8,2.8,51.2,1.76,10071.0,14.4,8.9,11069.0,3.7,49.8,38.6,99.2,98.4,1.6,5.5,90.9,0.8,1.0,1.3,11.7,28.0,25.0,42.4,4.6,97.2,99.8,77.1,98.5,1.3,0.2,66.8,31.9,99.7,0.2,0.0,0.1,0.0,,0.2,1.3
31710107,urban,28735.0,7.6,9.3,9.8,26.2,31.3,36.4,25.8,5.5,8.6,7.4,6.2,6.8,6.5,6.7,6.2,5.8,5.1,5.3,3.8,2.4,2.6,5.8,31.3,59.2,3.8,5.7,29.0,2.6,96.8,29.6,1.6,31.4,20.1,9.6,6.0,98.6,3.6,3.2,3.9,0.0,99.8,0.6,14.8,60.0,1.5,27.1,11.8,48.3,1.4,1.7,3.6,4.5,50.1,2.04,5697.0,14.1,8.799999999999999,6926.0,4.1,64.5,16.5,97.8,81.8,0.4,2.0,89.7,2.1,0.3,1.6,19.0,20.5,36.8,39.7,2.9,97.2,98.1,64.4,75.5,16.9,7.6,73.2,9.3,98.2,0.6,0.2,1.0,0.1,,5.4,17.4
31710301,rural,3261.0,7.3,10.2,9.0,44.8,48.4,36.8,34.7,2.9,7.4,6.1,5.0,5.4,7.2,7.9,7.0,6.7,5.2,4.0,3.6,3.2,4.8,5.7,29.1,64.1,2.0,4.8,27.7,2.6,96.6,50.1,1.5,28.8,14.8,4.3,2.1,98.6,14.1,54.7,0.5,0.1,97.4,2.8,2.2,22.6,1.9,41.0,4.2,38.4,3.0,0.5,7.3,3.7,47.3,2.36,575.0,15.600000000000001,11.600000000000001,856.0,3.8,51.3,0.1,93.2,27.5,1.2,0.2,20.1,66.3,1.5,1.7,48.6,5.7,8.0,73.0,13.3,97.7,95.2,41.0,1.9,65.6,32.6,0.2,0.6,96.7,1.6,0.0,1.5,0.1,2.7,10.7,99.2
31710303,rural,11879.0,7.2,8.8,9.2,38.2,40.1,36.5,21.9,5.3,7.5,6.3,5.8,6.1,7.0,7.0,6.3,6.5,6.0,5.5,4.2,2.5,4.2,7.8,31.2,59.5,3.8,5.5,27.3,2.5,91.2,42.7,1.5,32.4,18.7,5.0,2.4,99.0,3.1,39.9,2.0,0.0,99.9,0.1,5.3,39.7,1.6,9.8,3.3,79.6,0.8,0.4,1.5,3.0,49.4,1.49,2534.0,16.4,10.9,3026.0,3.9,76.6,0.0,96.0,54.8,1.0,0.0,15.2,46.3,0.9,1.6,23.4,8.7,22.1,37.8,31.5,96.2,94.7,55.4,1.3,83.6,15.1,0.0,3.0,98.3,0.4,0.1,0.4,0.7,0.8,36.5,97.0
31710303,urban,5033.0,7.9,10.4,10.1,28.8,31.4,42.5,23.5,6.2,8.7,7.3,6.7,6.8,6.5,6.9,6.1,6.1,4.8,4.8,3.1,1.8,1.9,7.9,30.6,60.9,4.1,4.4,28.3,3.1,97.2,32.7,3.5,29.3,22.0,9.2,4.6,99.0,10.0,9.8,1.8,0.0,99.7,1.1,15.0,67.5,1.7,15.0,6.7,74.4,0.5,0.5,0.9,0.2,50.2,1.64,1172.0,11.600000000000001,6.800000000000001,1213.0,4.1,57.1,25.0,99.4,98.7,0.2,0.0,99.3,0.1,0.4,1.4,17.9,36.0,61.2,2.6,0.2,98.4,99.3,49.5,96.6,3.3,0.1,0.2,97.9,99.5,0.1,0.0,0.1,0.3,,0.1,2.0
31710305,rural,3591.0,7.3,9.3,9.7,33.6,42.7,38.7,24.8,3.6,7.9,6.3,5.0,5.9,7.5,6.3,7.4,6.2,6.4,5.2,3.0,2.8,3.8,5.3,30.7,60.5,2.5,6.2,28.0,2.4,93.7,37.6,1.2,29.9,17.0,6.9,2.2,98.5,0.3,46.5,2.8,0.0,99.3,1.0,7.4,41.4,2.5,20.6,4.5,68.8,3.0,0.0,0.4,0.1,48.1,2.21,770.0,14.8,9.6,836.0,4.3,78.9,0.6,98.0,50.4,0.2,0.0,33.6,61.1,1.6,1.7,20.5,13.4,26.2,39.7,20.7,97.7,96.8,60.3,13.8,77.4,8.9,13.8,0.4,96.5,1.4,0.0,0.6,1.4,1.4,3.5,85.9
31710305,urban,4274.0,7.1,8.8,10.3,33.7,35.8,38.5,11.3,4.9,7.7,6.0,5.8,5.8,7.0,6.8,7.3,6.0,5.0,6.0,3.6,3.3,3.6,7.2,27.7,62.1,3.6,6.6,27.6,2.6,98.2,38.2,2.0,30.5,18.6,8.0,5.1,98.9,1.4,39.4,2.7,0.1,99.4,0.8,14.5,59.8,1.0,33.0,8.7,53.8,1.6,0.2,1.4,0.3,51.1,1.75,1078.0,16.5,10.5,1131.0,3.8,65.4,11.2,94.0,66.2,0.5,1.8,75.3,1.2,1.7,1.3,23.4,20.9,21.5,40.6,17.0,97.9,98.8,55.5,87.0,5.5,7.5,1.1,85.5,99.7,0.1,0.0,0.2,0.0,,19.6,13.5
31710307,rural,6707.0,7.2,8.5,10.0,40.0,41.5,35.8,10.2,3.7,8.0,6.2,5.6,6.2,6.9,7.2,7.5,6.1,5.8,5.1,3.4,2.5,3.6,5.7,29.8,62.4,2.9,4.9,27.8,2.7,97.4,45.2,1.9,29.7,17.3,6.6,2.9,98.9,1.3,48.2,4.9,0.1,99.5,0.7,10.5,57.1,0.6,22.7,3.8,64.5,4.9,0.2,3.2,0.0,48.8,2.08,1601.0,14.6,9.5,1744.0,3.8,64.4,15.9,92.7,60.4,0.1,4.9,60.6,24.4,1.7,1.8,19.7,20.0,33.9,33.7,12.4,95.9,88.6,29.3,36.5,41.0,22.5,33.3,14.7,96.8,0.3,0.0,2.8,0.2,1.7,8.4,52.0
31710309,rural,3562.0,8.5,9.9,9.7,48.7,48.9,43.9,2.2,1.5,9.4,6.8,5.5,7.1,6.5,6.7,6.2,5.4,4.7,4.7,3.1,2.6,3.2,4.0,30.1,65.7,1.1,3.2,27.6,3.4,96.4,54.9,1.1,28.9,16.4,2.9,1.8,96.2,0.2,72.5,0.3,0.0,99.9,0.2,4.7,52.3,0.2,27.5,2.3,56.7,12.7,0.1,0.5,0.1,48.1,2.69,1100.0,13.600000000000001,8.9,806.0,4.4,70.7,0.1,91.7,19.1,0.2,0.0,12.8,58.9,1.2,2.0,29.2,14.8,15.8,59.7,9.8,82.8,53.6,17.4,0.0,41.3,58.7,0.0,0.1,65.1,0.0,0.0,34.9,0.0,2.3,26.8,99.8
31710501,rural,12362.0,7.9,9.2,10.3,33.8,37.3,39.3,15.5,4.1,8.4,6.9,5.8,6.3,6.9,6.9,6.6,6.1,4.9,5.1,3.3,2.5,2.8,5.2,29.3,63.3,2.7,4.7,27.9,2.9,92.3,38.4,1.9,31.9,18.8,7.5,2.6,99.1,4.1,3.5,2.8,0.0,99.9,0.8,10.5,48.0,2.2,9.2,3.7,83.5,0.8,0.0,0.1,0.5,49.6,2.21,2985.0,13.7,8.6,2908.0,4.3,69.0,5.2,95.0,75.7,0.4,0.1,55.7,37.6,0.4,1.6,25.8,14.1,28.1,40.8,17.0,96.5,98.7,45.6,23.4,47.2,29.5,39.8,39.8,99.0,0.2,0.0,0.7,0.2,0.1,5.8,20.4
31710501,urban,10418.0,8.8,10.0,10.4,33.7,37.8,45.1,24.1,7.9,8.5,7.1,6.7,6.7,7.4,7.4,6.4,5.7,4.6,3.8,2.6,1.9,2.0,7.8,29.1,60.0,5.1,5.7,27.6,2.5,98.8,38.4,2.1,32.4,15.8,7.9,4.1,99.2,7.6,9.1,4.3,0.1,99.7,1.5,11.8,42.2,1.0,13.7,5.3,74.6,1.3,0.3,2.4,1.4,50.5,2.4,2523.0,10.3,6.5,2766.0,3.8,52.0,34.1,97.6,96.1,0.1,0.4,94.3,0.9,1.8,1.8,13.9,23.8,39.0,34.8,2.4,84.8,98.2,33.3,85.4,12.5,2.1,65.3,23.2,99.6,0.3,0.0,0.0,0.2,,2.4,11.399999999999999
31710503,rural,13604.0,8.2,10.2,9.9,38.2,42.3,40.0,26.2,3.7,8.0,7.2,6.4,6.5,6.9,7.5,6.5,5.5,4.4,4.6,3.2,2.2,2.8,5.9,29.5,61.5,3.1,5.9,26.8,2.7,93.9,43.2,0.9,29.8,17.2,6.4,3.4,98.5,9.5,21.7,4.6,0.0,99.6,0.9,6.1,38.8,2.7,11.8,4.3,63.0,2.2,0.3,3.1,12.6,49.7,2.63,2882.0,12.8,8.2,3260.0,4.2,72.1,1.9,95.0,42.5,0.3,0.6,37.8,31.7,0.5,1.8,26.0,13.4,22.2,49.2,15.2,96.4,93.7,32.4,0.4,49.8,49.7,8.4,12.2,98.2,0.5,0.8,0.4,0.1,0.8,29.2,79.3
31710505,rural,15238.0,8.5,10.0,10.1,35.1,36.5,40.8,18.2,3.9,8.6,6.9,5.6,6.2,6.9,7.5,6.9,5.7,4.5,4.1,3.1,2.6,2.9,7.7,30.4,62.1,3.0,4.5,27.9,2.9,96.0,39.8,1.8,33.5,16.4,8.0,3.7,98.7,3.1,8.1,1.3,0.0,99.9,0.4,10.7,54.3,1.4,9.6,5.5,79.1,2.8,0.0,1.2,0.5,49.4,2.38,3638.0,12.7,8.6,3664.0,4.2,66.5,1.3,92.5,82.3,0.2,0.0,38.8,52.3,0.6,1.6,32.2,16.6,29.9,38.8,14.7,93.8,94.3,49.9,1.0,32.5,66.5,3.1,16.8,98.1,0.4,0.0,1.4,0.1,1.0,8.0,80.2
31710507,rural,32375.0,8.4,9.9,10.6,34.9,37.5,39.4,14.9,4.3,8.9,7.0,6.0,6.6,6.8,7.2,6.5,5.6,4.7,4.2,2.9,2.1,2.7,5.5,30.1,62.7,2.8,4.5,26.2,2.8,93.7,39.9,2.2,33.7,17.3,5.9,3.5,98.4,8.7,3.9,4.8,0.1,99.6,1.0,7.1,50.2,1.0,10.7,3.6,72.5,2.2,0.1,1.1,8.7,49.0,2.6,7724.0,11.899999999999999,7.7,7632.0,4.2,69.2,2.7,85.9,39.1,0.6,0.2,38.9,47.9,0.9,1.9,28.1,18.7,24.9,39.1,17.2,91.8,96.2,30.5,7.2,35.8,57.0,11.1,20.9,99.2,0.3,0.1,0.4,0.1,1.0,11.5,68.0
31710701,rural,7906.0,8.1,9.6,10.4,35.2,41.2,41.0,15.0,3.1,8.5,7.1,5.6,6.6,6.6,7.2,6.8,5.8,4.9,4.4,3.0,2.5,3.0,4.3,28.5,64.5,2.3,4.7,27.3,3.2,97.8,39.9,2.5,28.3,19.0,5.5,3.4,99.0,1.0,64.2,1.3,0.0,99.8,0.1,8.8,41.2,1.3,22.0,4.2,65.6,3.7,0.4,2.4,0.4,49.6,2.68,1981.0,12.9,8.5,1785.0,4.4,54.8,0.6,91.1,48.2,0.4,0.1,30.0,52.4,0.8,1.9,44.6,8.2,27.1,46.1,18.6,96.4,90.9,38.3,1.0,57.5,41.6,0.4,0.3,99.6,0.1,0.0,0.2,0.2,1.2,16.3,99.3
31710703,rural,5857.0,7.5,9.7,9.9,37.4,42.3,37.8,19.0,2.9,8.8,6.6,6.2,6.4,6.7,7.3,6.3,5.7,5.0,5.3,3.0,2.2,3.3,5.0,28.3,65.7,2.4,3.6,27.2,3.1,95.4,42.3,2.2,28.3,18.7,6.6,1.9,90.3,6.7,68.2,0.6,0.1,98.1,2.1,5.7,35.6,1.0,17.4,2.9,72.8,4.4,0.0,1.1,0.4,47.7,2.39,1306.0,13.8,8.5,1348.0,4.3,63.8,0.7,97.8,15.9,1.4,0.1,42.2,46.7,0.5,1.9,35.5,10.4,26.9,32.9,29.8,95.8,74.0,46.8,1.9,57.2,40.9,0.1,0.9,81.6,0.3,0.0,17.8,0.3,1.0,9.1,99.10000000000001
31710705,rural,8705.0,8.5,9.8,10.4,38.3,40.5,40.0,15.8,3.7,8.0,6.7,6.0,6.7,7.5,8.0,6.7,5.4,4.3,4.5,2.8,2.1,2.8,4.9,27.5,64.6,2.8,5.0,26.7,2.6,97.6,43.7,3.1,28.5,18.5,6.6,2.8,94.3,3.0,58.1,1.7,0.0,99.5,0.4,9.9,63.4,1.0,8.3,5.3,80.2,2.2,0.4,1.6,1.0,49.8,2.33,2091.0,12.2,7.7,2127.0,4.1,53.0,2.1,89.7,48.5,0.9,0.0,55.2,29.7,3.3,1.8,44.8,21.4,21.2,35.1,22.3,93.6,87.6,24.7,4.5,1.9,93.6,3.0,0.0,98.1,0.5,0.6,0.7,0.1,0.6,10.9,97.0
32310103,urban,14988.0,5.6,6.5,7.8,22.3,27.0,44.7,37.4,9.4,7.6,6.9,5.8,6.1,6.2,7.0,6.8,7.1,6.6,6.6,5.2,4.0,4.0,8.2,39.7,43.2,8.0,9.1,31.2,1.8,90.1,24.2,1.4,31.2,21.3,12.7,6.5,97.9,0.9,0.5,0.1,0.0,100.0,0.2,11.2,50.3,1.4,31.9,7.9,50.4,0.7,3.0,0.9,3.7,51.6,1.41,3357.0,19.8,13.2,4503.0,3.3,38.7,47.5,98.8,95.1,0.0,0.9,98.6,0.0,0.4,1.8,13.8,1.4,0.5,6.1,91.9,88.9,97.1,22.3,99.0,0.2,0.7,78.9,20.4,99.6,0.0,0.0,0.0,0.4,,0.2,0.7999999999999999
32310115,rural,11729.0,8.9,10.7,10.5,32.2,35.4,35.3,21.2,3.6,8.8,7.0,6.3,6.8,6.6,7.0,5.6,5.4,4.3,4.5,2.9,2.2,2.6,5.2,29.4,63.5,2.6,4.4,26.0,3.1,94.9,36.8,2.3,37.8,16.6,5.3,2.6,99.4,0.7,0.8,0.1,0.0,99.8,0.2,5.6,37.4,2.4,20.4,3.3,51.5,3.0,7.3,2.7,9.3,48.4,2.19,2280.0,12.200000000000001,7.699999999999999,2540.0,4.6,80.7,0.8,94.6,94.1,2.2,0.0,82.4,13.3,1.5,1.9,18.4,16.0,28.9,32.0,23.0,93.4,96.2,33.1,1.9,86.7,11.4,23.8,42.2,93.9,0.2,0.0,0.2,5.6,0.7,0.6,33.9
32310115,urban,44595.0,9.9,11.0,10.3,20.7,31.9,40.3,19.3,4.5,7.5,7.2,7.2,8.4,7.9,7.5,5.4,4.7,3.6,3.9,2.4,1.6,1.5,4.7,29.2,64.2,2.9,3.6,26.9,2.6,94.4,23.5,1.8,30.3,18.5,10.5,7.0,98.5,2.2,1.3,0.7,0.1,99.8,1.0,9.2,41.4,4.9,21.8,9.6,46.0,1.2,6.8,3.0,6.7,49.9,2.41,9991.0,9.4,5.5,11014.0,4.0,63.1,24.8,98.9,99.4,0.6,41.1,48.7,0.1,0.8,1.4,12.1,68.2,25.4,5.3,1.1,99.3,99.8,83.0,99.0,0.7,0.3,93.3,1.6,99.3,0.5,0.0,0.0,0.2,,8.7,5.1
32318103,rural,11018.0,8.6,9.8,10.3,25.4,36.9,36.4,8.4,1.6,8.8,7.0,6.4,6.7,6.7,6.8,6.2,5.9,4.6,4.6,2.9,2.0,2.6,4.5,30.8,63.7,1.5,4.0,26.9,3.1,96.4,29.1,1.7,28.6,18.2,8.1,6.5,99.5,1.7,0.7,0.2,0.0,99.5,0.8,9.2,38.0,0.9,20.9,10.3,58.2,1.3,3.5,2.4,2.5,48.0,1.53,2619.0,12.1,7.5,2457.0,4.5,81.3,3.8,98.2,94.6,2.3,6.2,68.5,19.3,1.0,1.6,14.9,21.6,30.3,38.1,9.9,98.2,98.5,66.5,74.9,13.7,11.4,51.9,44.2,98.4,0.5,0.0,0.8,0.3,0.8,2.7,3.8
32318105,rural,2292.0,7.5,10.5,11.7,30.2,33.1,39.6,43.7,2.4,8.8,7.2,6.3,5.8,6.6,7.5,7.1,5.8,4.1,3.4,2.8,2.3,2.5,9.3,30.8,63.9,2.1,3.2,27.6,3.4,99.3,35.0,0.6,35.8,18.2,9.0,3.3,99.8,0.8,0.2,0.1,0.0,100.0,0.3,3.7,13.6,0.0,21.7,16.1,57.5,0.6,0.3,0.8,3.1,47.0,2.05,360.0,11.0,7.6,530.0,4.3,77.2,1.1,86.2,88.1,0.0,2.3,46.4,47.7,3.0,1.8,21.7,18.5,27.4,28.3,25.8,87.7,90.6,28.5,66.6,22.6,10.8,36.4,2.8,98.3,0.2,0.0,0.9,0.6,0.4,0.6,60.7
32318105,urban,3446.0,7.0,8.6,9.4,23.5,29.9,43.4,42.5,4.7,7.1,7.2,6.8,7.1,6.9,7.1,6.5,6.8,4.7,5.7,3.9,2.4,2.9,4.3,35.6,53.8,3.6,7.0,28.8,2.4,94.7,26.3,1.7,31.6,19.8,11.7,5.3,98.5,1.0,0.7,0.6,0.1,99.7,1.5,6.2,29.5,0.2,29.1,10.8,56.8,0.5,0.0,2.5,0.2,48.8,1.68,646.0,14.9,9.2,920.0,3.7,67.3,10.4,91.0,89.0,0.1,0.0,84.5,2.8,0.3,1.7,22.3,4.1,59.9,35.0,1.0,99.0,99.6,35.8,90.4,8.9,0.7,72.3,24.7,99.3,0.4,0.0,0.1,0.1,,12.3,3.0
32710101,urban,57581.0,6.5,8.5,9.0,20.5,25.2,40.8,23.0,9.5,7.5,6.4,5.9,6.6,6.7,7.3,6.9,6.6,5.6,5.8,4.0,3.0,3.5,5.4,31.8,55.2,6.6,6.4,28.8,2.4,96.4,22.8,2.2,24.3,17.4,18.1,12.8,98.3,7.0,22.4,1.6,0.1,99.6,0.9,26.2,70.6,2.4,24.8,23.9,37.1,1.3,0.8,2.3,7.5,52.3,1.88,13745.0,16.3,10.5,16228.0,3.5,51.1,34.9,99.3,99.0,1.1,5.8,91.0,0.8,0.5,1.3,14.0,33.7,27.4,31.0,7.9,96.6,98.9,65.3,99.0,0.4,0.5,96.1,2.7,99.7,0.1,0.0,0.0,0.1,,0.9,1.2
32710103,urban,13558.0,7.1,8.4,8.1,16.4,23.3,49.6,19.9,6.5,6.9,7.5,7.0,7.6,7.4,7.0,6.4,6.8,5.5,5.1,3.4,2.7,3.1,2.6,32.0,59.8,4.4,3.7,28.8,2.3,95.5,18.1,2.4,21.4,17.6,20.3,15.1,98.7,9.1,28.8,0.4,0.0,98.6,2.0,29.9,70.0,2.7,12.6,35.5,41.8,0.8,1.2,1.8,3.7,50.4,1.65,4117.0,14.299999999999999,9.2,3814.0,3.6,47.3,32.1,100.0,100.0,7.1,24.1,63.3,0.2,4.5,1.3,20.7,20.7,26.0,45.8,7.5,98.2,99.9,84.7,99.5,0.4,0.1,98.8,1.2,99.5,0.4,0.0,0.0,0.1,,0.7,0.0
32710105,rural,12048.0,9.9,11.3,10.4,39.8,44.9,45.5,5.9,7.4,8.8,7.6,6.5,7.6,7.7,6.7,5.5,4.2,3.8,3.5,2.3,1.8,2.3,4.1,26.9,64.2,4.9,4.0,25.5,4.0,94.2,45.6,0.8,31.8,14.2,6.4,1.9,65.9,11.8,95.8,0.3,0.0,99.1,4.7,9.6,61.7,0.6,17.6,5.8,67.4,6.3,0.0,1.1,1.1,49.4,3.0,3525.0,9.899999999999999,6.3999999999999995,2818.0,4.3,70.0,1.6,92.1,0.9,0.7,0.7,48.8,48.5,1.3,1.9,28.4,17.5,23.3,47.6,11.6,81.9,67.5,23.1,0.4,42.3,57.2,13.1,0.0,83.0,0.1,0.0,16.9,0.0,1.3,0.0,86.89999999999999
32710107,rural,12200.0,9.5,10.3,10.2,44.1,45.2,42.8,11.0,5.7,8.4,6.7,6.0,6.9,6.9,7.3,6.0,5.3,4.0,4.0,3.0,2.3,3.1,5.6,27.6,64.1,4.0,4.2,26.5,2.5,96.0,50.2,1.2,27.0,16.0,7.3,3.3,93.6,22.9,42.7,1.2,0.0,99.4,1.8,8.7,61.7,0.1,22.4,9.4,51.7,3.9,0.4,1.3,10.8,48.8,2.42,3251.0,12.4,8.4,2763.0,4.4,75.7,3.6,91.0,42.0,1.1,0.0,49.6,42.9,1.0,1.9,20.7,20.9,31.1,27.7,20.2,85.1,73.9,24.6,12.4,47.6,39.9,5.6,12.9,96.1,0.2,0.0,3.4,0.2,1.7,5.4,81.5
32710301,rural,4215.0,6.0,7.4,9.0,49.6,50.2,33.1,12.9,3.9,9.2,6.6,4.7,6.1,6.7,7.7,7.7,7.0,5.1,5.3,3.6,3.1,4.7,6.5,29.1,60.9,3.5,6.5,28.6,2.8,93.3,54.8,0.7,21.0,14.9,8.6,4.7,83.6,0.7,90.1,0.3,0.0,99.0,1.5,21.2,72.3,1.4,27.8,6.4,53.1,6.1,0.1,4.3,0.8,49.0,1.07,944.0,16.7,11.4,1245.0,3.4,58.4,0.8,90.0,5.2,0.9,0.0,36.1,42.7,1.5,1.6,40.8,21.7,23.9,34.7,19.7,67.6,62.0,6.1,0.7,47.1,52.2,26.5,1.3,70.8,0.6,0.2,28.2,0.2,1.2,18.9,72.2
32710301,urban,4770.0,6.0,7.2,9.0,28.0,32.0,37.5,34.9,10.1,8.1,6.6,5.2,6.1,5.5,6.4,7.8,6.8,6.7,6.1,3.9,3.7,4.9,8.4,31.6,52.6,7.6,8.2,29.5,2.2,98.5,31.2,1.5,24.0,17.5,12.5,12.5,97.8,1.0,48.8,0.4,0.0,99.7,1.1,25.9,74.2,2.3,18.5,28.0,41.4,1.2,0.9,2.1,5.5,53.2,2.04,906.0,18.6,12.5,1486.0,3.2,52.9,32.8,98.3,92.0,0.7,2.3,82.4,6.6,1.1,1.2,14.4,6.3,16.2,50.7,26.8,93.4,98.0,37.4,88.2,10.4,1.4,98.0,0.5,98.3,0.5,0.3,0.3,0.5,,6.9,1.5
32710303,rural,6704.0,7.9,8.6,9.3,35.7,38.2,40.4,16.9,4.5,8.2,6.5,5.2,5.7,7.3,7.8,6.6,6.5,6.0,5.0,3.0,2.5,3.9,3.3,28.6,62.9,3.2,5.3,28.2,2.5,96.5,39.9,1.8,26.7,16.8,11.1,5.4,96.5,4.9,64.4,0.9,0.1,99.4,0.7,16.0,53.2,3.1,28.6,8.9,49.5,5.7,0.6,1.5,2.0,49.4,2.33,1672.0,14.4,9.4,1698.0,3.9,66.5,6.3,96.0,66.9,3.6,1.9,59.4,25.9,2.2,1.5,27.2,11.6,26.6,36.7,25.1,87.7,87.2,23.3,36.9,32.8,30.2,42.9,22.9,91.1,0.1,0.0,8.5,0.2,0.5,7.0,34.199999999999996
32710305,rural,7374.0,6.7,8.4,9.4,55.1,57.4,39.2,7.9,3.5,8.7,6.5,5.8,6.4,7.1,7.4,6.7,6.2,4.4,4.2,3.6,3.4,5.1,4.4,28.1,64.1,2.7,5.1,27.2,3.0,90.1,61.4,0.2,20.2,12.3,7.0,2.9,69.5,0.5,94.3,0.3,0.0,97.8,13.1,17.0,65.2,0.2,35.8,3.9,44.9,11.8,0.4,1.7,1.1,49.6,1.68,2012.0,16.3,12.1,1910.0,3.9,81.7,0.5,86.1,14.5,0.3,0.0,11.5,85.1,1.7,2.0,17.8,17.1,16.5,50.2,16.3,72.1,48.1,23.9,11.0,26.3,62.8,9.1,3.4,59.0,0.1,0.4,40.1,0.4,1.0,1.4,87.60000000000001
32710305,urban,2892.0,6.6,8.8,10.2,36.9,40.4,40.6,29.9,10.1,8.6,6.4,5.7,5.8,7.2,7.2,7.2,6.0,4.3,4.9,3.6,3.4,4.2,4.5,30.2,54.6,7.4,7.9,27.5,2.5,90.3,41.7,0.8,22.2,17.6,12.4,6.6,96.8,0.6,64.8,0.8,0.0,99.8,0.9,30.1,81.7,0.7,19.0,23.2,51.8,0.8,0.2,0.8,3.6,53.4,1.3,612.0,16.1,11.2,911.0,3.2,48.0,30.3,95.6,96.0,0.0,0.0,79.9,2.8,0.4,1.4,21.7,33.6,41.6,15.4,9.4,95.4,96.7,36.5,96.0,1.2,2.8,91.5,2.0,99.6,0.1,0.1,0.1,0.1,,16.9,6.5
32710307,rural,11416.0,7.3,9.3,9.6,47.0,50.0,44.0,16.5,4.8,8.8,6.8,5.6,6.4,6.9,7.6,7.0,6.2,4.3,4.6,3.3,2.8,3.4,4.8,27.2,63.9,3.5,5.4,26.8,2.9,94.7,52.8,0.9,24.4,14.5,6.5,3.7,65.4,19.6,63.3,0.6,0.0,90.0,10.4,7.7,39.2,0.4,33.9,3.0,48.4,11.1,2.1,0.4,0.8,49.0,2.06,3095.0,14.1,9.5,2865.0,4.0,74.6,3.6,92.7,15.3,0.4,0.0,30.6,61.1,2.6,1.8,21.8,11.0,24.3,50.5,14.1,89.7,60.0,20.3,9.5,32.7,57.8,16.9,1.2,91.7,0.7,0.0,7.6,0.0,1.1,5.3,81.9
32710307,urban,5025.0,7.4,9.1,9.6,33.4,37.9,37.3,16.0,10.0,8.7,7.1,5.6,6.1,7.4,7.5,6.6,6.4,4.7,4.8,3.3,2.6,3.1,3.7,29.4,57.0,6.7,6.9,27.9,2.4,98.6,37.6,0.9,23.8,16.4,14.6,6.5,94.5,11.0,40.5,1.2,0.1,99.2,0.8,15.6,70.2,2.1,14.4,13.6,54.9,1.7,0.2,0.5,12.7,53.3,1.74,1163.0,13.799999999999999,9.0,1399.0,3.6,40.8,43.1,99.4,97.4,0.4,1.0,94.1,2.9,0.5,1.5,16.0,28.3,25.7,45.3,0.7,92.4,97.9,25.5,95.2,2.9,1.9,97.3,0.2,99.1,0.3,0.0,0.0,0.6,,1.1,2.5
32710309,rural,10085.0,7.3,8.5,9.6,38.0,41.4,37.4,9.2,4.6,8.5,6.2,5.2,6.2,6.9,7.6,6.5,6.4,5.3,5.3,3.8,3.0,3.7,6.5,29.8,60.9,3.8,5.5,28.3,3.0,93.8,42.6,1.9,23.0,17.1,11.0,5.6,95.1,21.8,39.2,2.4,0.0,99.8,2.1,14.0,55.7,2.0,20.5,4.8,44.5,5.3,18.2,1.7,2.9,50.2,2.0,2555.0,15.8,10.5,2543.0,4.0,57.8,11.1,90.4,57.5,1.1,0.0,50.9,44.1,1.3,1.7,31.0,11.1,23.3,39.0,26.7,89.0,76.2,40.7,48.6,23.0,28.4,61.6,0.9,89.0,8.1,0.0,2.9,0.0,1.8,2.6,37.5
32710311,rural,6989.0,8.0,9.7,9.9,48.6,49.6,34.1,3.0,3.3,8.5,6.9,6.3,7.0,6.7,7.2,6.7,5.8,4.7,4.0,2.7,2.8,3.3,4.4,25.0,66.9,3.2,4.9,26.5,3.4,93.8,54.8,0.8,25.2,13.8,6.5,4.2,89.6,0.5,89.0,0.3,0.1,99.2,0.9,10.4,55.0,1.9,26.6,5.8,56.9,6.3,0.0,2.0,0.4,48.3,1.97,1674.0,12.8,8.8,1726.0,4.0,67.9,0.4,91.7,48.4,0.1,0.0,18.6,80.1,0.7,1.8,31.7,13.8,23.1,30.4,32.7,88.6,72.6,13.5,1.2,65.7,33.1,0.3,0.1,96.1,0.3,0.0,3.1,0.5,2.2,0.6,99.60000000000001
32710311,urban,4581.0,7.7,10.7,9.7,33.2,36.3,38.4,15.0,9.5,8.4,7.2,7.0,7.1,7.2,7.6,7.1,5.3,3.8,3.8,2.4,2.1,2.7,3.8,28.8,58.4,6.6,6.3,27.2,2.7,99.5,37.5,2.7,25.5,15.9,11.1,8.6,97.8,4.0,68.8,0.2,0.0,99.8,4.8,22.4,59.2,1.9,26.8,16.1,35.8,1.2,0.3,7.0,10.9,50.7,1.45,1073.0,11.0,7.2,1278.0,3.6,43.8,38.2,98.6,96.5,0.8,0.0,90.0,5.2,1.5,1.6,18.0,16.0,39.1,37.7,7.1,95.3,97.5,23.8,91.8,6.2,2.0,97.0,0.9,99.8,0.1,0.0,0.1,0.1,,2.6,2.1
34510101,urban,13717.0,6.7,8.6,9.3,21.6,27.9,35.4,25.8,6.9,8.4,6.5,5.2,5.9,6.3,6.5,6.4,5.9,6.4,5.8,4.6,3.3,4.3,6.2,31.1,57.5,4.3,7.2,27.7,2.9,98.4,24.2,1.6,28.5,19.3,14.6,8.2,97.9,2.4,8.5,1.1,0.1,99.8,1.7,16.5,49.1,3.0,25.3,15.5,42.0,0.4,2.6,3.8,7.4,52.0,1.78,2721.0,18.0,12.2,3982.0,3.4,60.1,28.1,99.4,98.9,6.0,7.7,76.3,5.0,1.7,1.4,11.7,12.2,33.2,48.7,5.9,95.5,99.2,47.4,93.0,6.1,0.9,80.9,17.1,99.9,0.1,0.0,0.0,0.0,,3.3,2.0
34510103,urban,11398.0,6.6,8.4,8.7,23.4,27.4,31.7,32.1,5.8,8.2,6.4,5.4,5.2,5.9,5.5,6.2,7.2,6.7,7.1,5.3,3.3,4.0,6.3,32.1,57.3,4.2,6.4,28.8,2.7,98.6,26.0,1.3,26.1,21.1,14.7,9.4,98.5,2.2,4.0,0.2,0.0,100.0,0.3,13.7,53.0,0.6,36.6,23.3,34.1,1.2,1.2,1.7,1.3,52.8,1.94,1871.0,19.7,12.6,3241.0,3.5,59.2,22.7,99.0,99.0,0.6,1.4,94.1,1.4,0.9,1.2,18.1,7.2,16.2,71.0,5.6,97.0,98.7,62.4,95.6,2.2,2.3,45.3,53.4,99.4,0.2,0.0,0.4,0.0,,1.6,1.3
34510105,urban,21939.0,7.9,9.2,9.8,25.9,30.1,42.2,19.6,9.4,8.2,6.9,6.7,7.4,7.2,7.1,6.2,5.4,4.7,4.7,3.2,2.7,2.8,5.9,30.4,58.1,6.3,5.3,28.2,2.5,97.5,29.0,2.0,26.5,19.5,13.5,8.4,96.3,6.2,50.1,0.7,0.2,99.5,1.5,21.4,58.2,2.8,20.9,15.7,53.0,1.0,0.8,2.3,3.6,51.0,2.16,5446.0,13.400000000000002,8.7,5942.0,3.7,47.4,31.7,98.2,94.0,4.0,8.6,77.3,1.1,3.7,1.5,20.9,15.4,26.0,55.0,3.7,94.9,97.7,41.9,81.3,15.6,3.1,66.0,20.5,98.1,0.5,0.2,1.2,0.1,,5.3,13.399999999999999
34510107,urban,18468.0,6.1,8.7,9.3,31.2,36.3,30.1,40.5,5.0,9.3,6.9,5.3,5.5,6.2,5.9,6.2,7.1,5.8,6.5,4.3,2.7,4.3,5.8,31.9,58.6,3.1,6.5,28.8,2.8,98.7,34.8,1.7,23.2,17.9,12.5,8.4,99.0,2.9,50.5,0.2,0.1,99.8,1.1,23.0,57.8,1.8,29.7,21.3,42.8,0.2,0.4,2.5,1.4,52.7,1.35,2509.0,17.8,11.3,4958.0,3.7,68.8,22.1,99.3,98.8,0.7,0.1,96.5,1.2,0.7,1.3,9.1,27.0,38.0,30.4,4.6,97.8,99.3,62.8,81.2,14.2,4.6,69.5,27.0,99.5,0.2,0.0,0.2,0.1,,0.8,3.4
34510109,urban,86735.0,6.5,8.4,9.2,19.5,24.6,37.7,26.4,6.7,8.1,6.7,5.7,6.3,6.4,6.7,6.4,6.6,5.9,6.2,4.3,3.1,3.5,5.5,32.5,56.8,4.7,6.1,29.3,2.4,96.7,21.7,2.0,24.8,18.5,17.8,12.2,99.2,3.3,22.3,0.9,0.0,99.7,1.3,25.0,70.4,2.2,23.8,25.7,40.5,0.7,0.8,2.5,3.8,52.3,1.73,18273.0,17.1,10.9,24625.0,3.5,59.8,28.9,99.6,96.1,2.3,7.2,87.0,0.2,1.4,1.3,11.3,19.8,31.2,42.0,7.0,95.6,99.3,69.6,98.8,0.9,0.3,90.3,8.5,99.8,0.1,0.0,0.1,0.1,,2.0,1.2
34510301,rural,1214.0,5.0,6.4,8.1,38.1,41.6,29.9,43.8,2.8,7.1,5.8,3.5,4.7,4.8,6.2,6.5,9.1,8.0,6.6,6.0,4.7,7.6,10.5,26.7,60.8,2.4,10.1,26.9,2.2,89.3,41.8,0.5,24.9,14.6,12.5,5.9,93.2,36.4,54.7,0.5,0.0,99.1,0.8,21.8,64.0,0.6,30.5,40.9,21.3,3.0,0.0,1.2,2.4,52.0,1.71,164.0,24.9,18.299999999999997,374.0,3.2,42.9,4.3,94.1,86.9,0.5,3.5,20.4,74.3,1.1,1.2,52.8,3.8,12.6,15.3,68.4,85.8,88.7,20.4,0.5,91.7,7.8,0.0,0.0,70.2,0.3,0.0,29.0,0.5,0.3,0.3,100.0
34510303,rural,2309.0,8.1,9.1,9.1,41.5,44.8,30.0,14.1,3.9,7.8,4.5,5.1,4.5,6.0,6.9,6.6,6.2,6.5,6.3,4.1,3.0,6.1,5.9,26.3,63.9,3.2,6.6,27.3,3.0,99.6,46.4,0.9,24.0,15.8,9.5,5.0,97.9,0.5,49.0,0.6,0.0,99.2,1.1,8.3,73.0,1.4,13.9,6.4,74.7,0.5,0.0,1.4,1.8,50.9,2.93,438.0,19.5,13.2,606.0,3.8,85.8,0.5,96.4,88.8,1.0,0.0,76.2,20.7,1.8,1.5,13.7,8.3,21.5,37.9,32.4,97.7,98.2,31.6,2.1,96.2,1.7,0.2,18.3,97.5,0.0,0.3,2.1,0.0,0.7,0.3,81.5
34510303,urban,4289.0,7.2,8.5,9.5,31.1,37.6,32.0,28.2,3.8,9.2,6.4,5.6,5.7,6.0,6.7,6.0,7.3,6.2,6.0,3.6,2.8,3.4,5.8,32.5,58.6,2.9,5.9,28.0,3.0,98.3,34.9,0.7,22.4,17.3,13.9,8.1,99.6,15.6,0.2,0.1,0.0,99.6,1.7,12.8,39.3,3.4,8.0,9.9,76.5,1.0,0.0,1.2,0.0,51.0,1.99,736.0,15.799999999999999,9.8,1144.0,3.7,69.3,9.0,98.7,99.7,1.1,0.1,91.6,5.6,0.3,1.6,21.7,19.2,43.3,36.4,1.1,99.6,99.8,78.2,0.9,99.0,0.2,20.5,79.1,99.6,0.3,0.1,0.1,0.0,,1.2,0.4
34510305,rural,8954.0,6.4,7.9,9.0,37.4,39.3,27.7,24.9,5.0,7.1,5.3,4.8,5.1,6.4,6.9,6.5,7.1,7.0,6.8,4.8,3.3,5.4,8.4,27.9,62.3,3.9,5.8,27.5,2.7,94.8,41.7,1.5,25.9,16.8,10.6,5.9,92.4,2.5,78.3,0.5,0.0,99.3,18.7,14.6,55.5,1.4,31.5,17.3,37.9,2.6,0.6,0.7,8.0,50.7,1.54,1427.0,20.299999999999997,13.5,2426.0,3.7,83.7,4.9,97.2,97.6,0.5,0.0,53.3,44.7,1.5,1.4,11.5,8.9,29.3,32.7,29.1,96.6,96.7,61.9,16.2,41.2,42.6,14.3,2.4,96.3,0.0,0.2,3.2,0.3,1.9,0.0,83.3
34510307,rural,3540.0,7.0,7.7,8.4,40.8,52.9,20.3,23.8,4.2,8.3,5.1,4.3,4.6,5.9,6.6,6.8,6.7,6.9,5.8,5.0,4.5,6.4,10.6,27.2,60.1,3.8,8.9,26.8,2.6,94.7,45.2,0.6,23.9,12.7,7.1,2.7,95.8,10.4,24.3,0.1,0.0,99.9,0.1,4.1,26.1,2.1,30.5,12.6,34.8,1.0,5.5,10.0,3.6,51.8,2.24,420.0,21.700000000000003,15.9,1026.0,3.5,81.9,1.2,95.5,47.3,0.0,0.0,41.9,46.0,1.0,1.3,16.9,8.4,24.9,47.8,18.9,96.4,84.8,9.8,2.3,85.9,11.8,0.0,0.0,80.5,0.3,0.0,19.0,0.2,1.0,11.2,100.0
34510309,rural,8498.0,6.4,7.5,8.8,51.2,53.1,24.6,31.8,3.8,7.9,5.2,4.9,5.2,6.2,6.6,7.1,6.8,5.6,5.9,4.5,4.1,7.1,9.1,29.8,60.8,2.9,6.6,27.7,2.5,96.9,56.9,1.1,21.4,13.9,7.5,2.9,88.5,4.4,68.5,0.2,0.0,98.6,3.2,13.3,44.8,1.0,40.1,12.5,37.0,3.7,1.3,2.2,2.3,52.3,2.91,1101.0,21.6,15.7,2271.0,3.7,88.4,0.7,95.8,59.9,0.4,0.0,63.5,34.2,0.6,1.4,10.9,7.5,23.4,35.2,33.9,95.3,93.6,15.4,0.2,74.0,25.8,0.0,0.2,71.2,0.0,0.0,28.7,0.1,0.8,1.2,99.8
34510311,rural,4056.0,7.4,8.7,8.9,39.6,41.5,23.9,20.6,3.1,7.8,5.2,4.7,4.6,5.5,6.4,6.1,6.3,7.1,6.6,4.3,3.9,6.5,7.4,30.0,59.9,2.5,7.6,25.7,2.5,97.7,44.1,0.9,27.3,17.8,7.7,4.8,99.6,1.6,5.4,0.0,0.0,99.8,0.6,7.0,39.8,0.2,29.1,7.8,50.2,2.1,0.3,1.2,9.2,51.7,2.17,578.0,21.299999999999997,14.7,1110.0,3.7,94.2,0.5,98.3,96.4,0.1,0.0,69.5,29.0,1.4,1.5,5.3,5.0,9.3,52.4,33.3,93.8,94.6,25.0,6.7,9.6,83.7,0.3,0.0,98.0,0.5,0.2,1.0,0.4,0.4,0.0,99.8
34510313,rural,5871.0,6.5,8.0,9.5,35.9,37.7,24.4,45.8,4.6,8.9,5.2,4.4,4.7,5.9,5.5,6.1,7.9,6.8,6.4,4.2,3.3,6.6,9.8,28.8,60.9,3.5,6.7,27.0,2.6,97.4,40.2,2.0,28.1,16.0,11.2,5.0,99.6,3.7,9.4,0.1,0.1,99.9,0.5,20.6,70.6,1.0,19.0,19.9,55.3,1.4,0.2,2.9,0.3,51.7,2.06,589.0,20.5,14.1,1658.0,3.5,77.6,5.4,96.7,94.9,6.8,0.2,54.9,36.5,1.0,1.4,17.0,5.0,13.4,37.9,43.7,95.8,96.4,35.5,27.7,68.0,4.3,0.3,45.2,94.4,0.2,0.8,4.6,0.0,0.7,0.6,54.5
34510315,rural,6018.0,6.5,8.4,9.4,32.8,36.8,26.1,32.6,4.8,7.2,5.3,4.7,4.1,6.1,6.6,6.7,6.3,6.2,7.2,5.5,4.0,5.7,7.0,32.1,56.1,3.7,8.1,26.9,2.5,97.3,36.7,1.2,30.7,17.4,9.1,4.7,97.9,0.6,60.2,0.3,0.0,99.4,0.5,6.6,46.9,0.8,47.4,11.7,37.1,2.1,0.4,0.6,0.0,52.1,2.12,798.0,22.4,15.2,1629.0,3.7,87.0,2.7,97.4,95.9,0.5,0.4,38.0,60.2,0.7,1.4,10.3,6.7,20.2,50.5,22.5,97.6,98.5,38.5,5.2,93.0,1.8,0.1,4.7,98.3,0.1,0.0,1.7,0.0,0.8,0.1,95.19999999999999
34510317,rural,1397.0,9.7,8.9,10.9,65.8,64.1,17.7,1.7,3.0,8.2,4.1,4.4,6.7,7.1,6.8,6.3,5.7,3.9,4.6,3.0,3.7,6.2,8.5,23.3,66.6,1.8,8.2,26.1,3.1,98.2,74.2,0.0,17.4,10.3,4.9,3.2,14.7,98.5,0.0,0.0,0.0,99.7,0.3,7.5,19.0,0.0,12.2,14.5,4.1,3.5,0.0,1.7,64.0,52.4,2.95,172.0,17.5,12.9,326.0,4.3,85.6,0.0,97.5,95.4,0.0,0.0,0.0,97.2,2.8,2.6,14.4,0.3,2.1,9.8,87.7,20.6,59.2,0.3,0.0,1.5,98.5,0.0,0.0,4.3,0.0,0.0,95.7,0.0,0.7,0.0,100.0
34510501,rural,12424.0,8.7,10.5,10.8,38.4,40.4,42.1,17.7,2.8,8.8,6.3,5.5,6.2,7.1,7.9,6.6,5.0,4.1,4.0,2.9,2.6,2.9,5.3,26.4,67.1,2.1,4.4,25.8,3.0,96.6,44.1,2.2,29.6,17.7,6.5,3.5,97.1,0.6,67.2,0.5,0.1,99.3,0.7,10.8,44.5,1.5,19.7,4.4,65.1,3.9,4.1,1.2,0.3,48.9,2.26,3012.0,12.4,8.4,2838.0,4.4,89.7,0.9,94.1,91.6,4.4,0.2,75.2,16.7,2.9,1.9,9.4,12.3,38.9,30.9,17.9,96.0,95.1,34.6,1.4,80.4,18.2,9.0,6.3,93.3,0.4,0.0,5.9,0.3,0.9,0.6,84.69999999999999
34510501,urban,15931.0,8.7,10.7,10.6,25.3,30.9,39.8,24.1,4.5,8.8,7.4,5.7,6.9,7.1,7.3,6.6,5.2,4.3,4.1,2.8,1.8,1.9,4.1,31.3,60.9,3.0,4.7,27.5,2.8,97.2,28.9,1.7,28.1,19.4,12.0,7.8,97.1,4.6,22.7,2.3,0.1,99.7,0.5,17.9,58.5,1.8,17.2,19.4,54.0,0.5,1.4,1.1,4.7,50.5,2.22,3366.0,10.6,6.5,3931.0,4.1,63.7,17.5,93.4,97.9,0.7,6.2,80.0,3.7,0.9,1.6,18.8,48.4,30.8,17.0,3.8,97.7,99.4,69.3,70.2,17.5,12.4,70.5,28.7,99.4,0.0,0.0,0.5,0.1,,8.5,0.8
34510503,rural,18701.0,9.4,9.9,10.7,37.7,40.8,42.2,10.9,5.1,8.9,7.2,6.4,6.7,6.7,6.9,6.0,4.6,4.5,4.1,2.9,2.3,2.7,6.4,30.3,61.8,3.6,4.4,24.6,3.5,95.3,43.1,1.7,28.6,18.1,7.6,3.2,75.5,1.4,87.3,0.2,0.0,98.4,2.8,10.1,47.0,1.0,21.5,4.6,64.7,4.6,0.4,1.8,1.5,49.7,3.01,4922.0,12.0,7.8999999999999995,4603.0,4.1,81.3,2.2,94.7,42.4,0.1,0.1,68.9,27.0,2.6,1.9,16.5,11.4,31.3,42.2,15.1,89.4,86.3,26.4,8.4,43.7,47.8,0.7,1.0,89.4,1.3,0.3,8.9,0.2,0.8,1.3,98.30000000000001
34510701,rural,9920.0,7.6,8.9,10.7,40.1,43.8,35.0,6.8,2.4,8.7,6.5,5.6,6.1,6.1,7.4,6.4,6.2,4.6,5.1,3.1,2.9,4.0,5.3,29.8,63.7,2.3,4.2,27.1,2.8,85.4,44.7,1.0,28.1,16.0,8.5,2.6,91.9,2.1,55.1,0.2,0.0,99.6,5.0,9.6,47.4,0.2,27.1,4.4,48.6,6.7,0.0,1.0,12.1,48.4,2.16,2356.0,15.1,10.0,2451.0,4.0,76.3,1.5,96.1,76.1,1.6,0.0,56.3,37.8,1.7,1.7,22.3,17.1,36.4,29.2,17.3,90.7,86.4,21.7,17.3,60.5,22.2,14.4,3.5,94.4,0.0,0.2,4.8,0.6,2.2,2.6,82.0
34510703,rural,3566.0,6.4,7.9,8.5,41.6,43.8,44.7,16.8,3.5,8.5,5.6,5.0,5.0,6.0,6.8,6.7,7.0,6.1,5.5,4.4,4.5,6.2,8.1,28.5,62.4,3.0,6.0,27.3,2.6,97.6,46.0,1.4,28.9,16.3,7.5,2.2,98.7,4.7,33.6,0.1,0.0,99.1,3.8,7.8,46.3,0.0,58.1,4.7,21.5,2.6,0.2,4.5,8.4,49.2,2.26,1023.0,20.6,15.100000000000001,964.0,3.7,96.2,0.2,97.8,95.6,0.2,0.0,19.3,79.3,0.9,1.5,3.6,11.7,31.3,40.6,16.4,93.8,94.7,19.3,0.9,67.4,31.6,0.0,0.0,97.2,0.1,0.0,2.5,0.2,2.0,0.3,100.0
34510705,rural,6128.0,7.5,8.9,9.4,35.2,36.4,37.2,32.6,5.1,8.0,6.0,4.9,5.6,6.3,7.4,6.9,6.2,5.5,5.6,4.5,3.3,4.2,8.7,27.7,62.1,3.8,6.4,27.0,2.7,97.6,39.4,1.8,30.7,18.0,10.3,2.8,98.4,0.2,31.5,0.5,0.0,99.8,0.2,11.1,55.8,0.4,37.7,4.5,55.1,0.9,0.4,1.0,0.2,50.8,2.35,1140.0,17.599999999999998,12.0,1623.0,3.8,85.0,2.5,92.1,95.1,1.4,0.0,52.0,43.7,2.6,1.5,12.5,15.9,19.4,35.2,29.6,87.2,90.1,19.4,0.7,3.1,96.2,0.4,18.6,87.4,0.0,0.2,12.0,0.5,0.5,0.3,81.0
34510707,rural,10254.0,9.7,10.7,11.0,45.7,46.3,41.2,24.6,3.3,9.2,6.8,6.1,6.9,6.8,7.0,5.7,4.9,4.0,3.8,2.6,2.1,2.7,6.4,28.4,66.0,2.4,3.2,26.0,3.4,92.2,51.8,2.3,32.1,12.9,4.5,1.8,79.1,0.8,73.2,0.4,0.0,99.5,11.0,4.0,31.9,1.0,25.8,3.8,63.1,2.1,0.0,3.1,1.1,48.7,2.63,2183.0,11.2,7.4,2303.0,4.5,71.4,0.3,92.4,52.3,1.0,0.0,14.4,82.0,1.3,2.1,28.2,16.8,20.5,34.1,28.6,69.0,60.5,12.5,0.3,48.2,51.6,2.2,0.1,64.4,0.1,0.1,35.1,0.3,1.0,1.3,97.7
34510709,rural,9285.0,9.8,9.9,9.7,49.0,52.0,38.7,7.6,2.4,8.8,6.0,6.0,6.6,7.0,7.2,6.1,4.9,4.4,4.0,3.0,2.8,3.6,4.9,26.9,67.3,1.9,3.9,26.0,3.3,95.2,55.4,0.9,26.3,14.2,4.7,1.9,87.9,5.8,90.5,0.2,0.0,99.4,0.7,7.5,49.1,1.2,26.2,3.1,64.4,4.7,0.0,0.5,0.0,48.9,2.97,2340.0,13.4,9.4,2195.0,4.2,77.8,0.2,89.4,58.6,0.9,0.1,14.4,83.0,0.6,1.9,21.9,12.3,31.9,46.0,9.9,73.9,65.4,9.2,0.1,41.1,58.7,0.1,0.0,90.6,0.1,0.0,9.2,0.1,0.9,1.0,99.89999999999999
34510711,rural,13748.0,8.3,10.0,10.4,38.7,40.6,37.1,27.5,4.4,8.6,6.0,5.5,5.8,6.8,7.1,6.3,6.1,4.6,5.0,3.6,2.8,3.2,7.0,27.7,64.4,2.8,5.1,27.2,3.3,97.9,44.1,1.3,29.2,16.7,8.7,3.4,95.2,1.0,47.5,0.1,0.3,99.5,0.5,10.0,47.7,2.9,22.2,7.5,63.5,1.4,0.6,1.2,0.7,50.1,2.29,2640.0,14.599999999999998,9.600000000000001,3513.0,3.9,73.7,5.8,95.7,89.2,1.1,0.3,61.3,34.8,2.1,1.6,20.4,23.2,29.5,32.1,15.1,88.5,84.4,33.1,33.1,52.3,14.6,16.9,22.2,95.6,0.5,0.5,3.2,0.2,0.2,0.5,61.0
34510713,rural,5802.0,7.6,9.3,10.2,46.4,46.4,34.8,21.8,3.2,8.2,5.9,5.2,6.0,6.0,7.2,6.8,6.5,5.1,4.8,3.5,3.5,4.2,7.4,26.4,64.7,2.8,6.0,26.1,3.0,94.0,52.5,2.2,28.7,14.5,6.5,1.7,93.4,0.2,87.1,0.3,0.1,100.0,0.2,10.0,54.4,0.4,16.4,5.8,72.2,2.2,0.3,2.5,0.2,50.1,2.3,1150.0,16.0,11.2,1523.0,3.8,86.5,3.2,92.8,73.0,0.3,0.0,16.2,82.9,0.5,1.5,10.2,9.2,27.2,34.8,28.8,83.7,79.4,15.6,0.8,43.5,55.7,9.5,18.5,68.5,0.1,0.3,30.9,0.2,0.9,0.1,72.10000000000001
35310101,urban,7117.0,8.6,9.9,10.3,20.4,27.7,37.8,13.8,3.5,9.1,6.9,6.2,6.9,7.3,6.9,6.2,5.7,4.3,4.2,3.1,2.0,2.4,4.4,30.8,61.9,2.2,5.1,26.1,3.1,98.8,23.4,1.9,22.6,19.6,14.3,13.8,99.1,0.5,0.6,0.4,0.1,100.0,0.0,22.2,57.2,0.7,27.4,30.4,32.2,1.1,0.8,1.9,5.5,50.0,1.48,1650.0,11.700000000000001,7.5,1894.0,3.8,52.4,30.2,98.9,90.6,0.5,2.7,73.5,11.3,0.7,1.6,17.3,17.0,47.1,31.7,4.2,97.8,99.3,74.9,82.9,15.0,2.1,49.5,38.8,99.1,0.0,0.0,0.7,0.1,,11.3,11.7
35310103,urban,20855.0,7.7,9.7,10.3,23.5,30.6,37.2,13.0,2.2,9.4,7.5,6.0,6.9,7.0,7.2,6.1,5.8,4.6,4.6,2.9,2.0,2.4,5.6,33.1,60.0,1.9,4.9,27.8,3.3,91.7,26.5,1.1,25.9,19.5,12.1,10.8,99.2,0.6,0.3,0.3,0.1,99.8,0.2,16.5,52.0,1.0,35.9,26.6,28.8,1.1,0.9,2.3,3.5,50.1,1.48,4876.0,11.9,7.300000000000001,5112.0,4.1,66.9,23.1,98.3,95.2,0.7,1.8,82.3,11.6,0.6,1.6,10.0,27.4,33.5,36.1,3.0,97.5,98.3,66.4,90.5,8.9,0.6,33.4,58.8,99.2,0.2,0.0,0.3,0.2,,3.0,7.7
35310105,urban,39071.0,8.2,10.2,10.1,21.3,29.7,37.9,16.5,3.9,9.2,6.9,6.1,6.8,6.9,6.5,6.2,5.8,4.9,4.6,3.1,1.9,2.6,5.2,32.2,60.6,2.7,4.6,28.4,3.1,94.7,24.1,1.6,26.5,15.4,13.9,13.0,98.2,1.3,0.5,0.7,0.1,99.8,0.5,16.6,50.8,2.4,21.9,32.9,28.0,0.8,1.5,6.6,5.8,49.7,2.23,8835.0,12.2,7.6,10078.0,3.9,62.0,28.9,99.2,96.1,0.2,1.3,92.6,4.4,0.4,1.6,9.1,19.1,41.4,33.9,5.6,97.8,99.0,75.9,87.5,6.4,6.1,40.9,47.6,99.4,0.1,0.0,0.4,0.1,,1.1,11.5
35310107,urban,5216.0,8.0,9.4,9.5,27.2,33.0,32.8,18.6,2.9,7.9,6.9,6.8,5.8,5.8,6.7,6.0,6.6,5.3,5.8,3.7,2.4,3.5,7.6,32.9,59.3,2.0,5.8,28.9,3.2,98.5,30.7,2.1,28.1,17.9,8.6,10.3,99.2,0.4,0.4,1.2,0.0,99.7,0.3,13.5,41.4,1.5,31.1,26.4,30.6,1.5,1.2,5.9,1.8,49.9,2.5,1018.0,15.4,9.6,1406.0,3.7,69.4,13.7,96.4,68.4,0.1,0.1,65.6,32.1,0.9,1.6,17.0,14.4,22.9,43.7,19.0,94.7,96.0,53.3,37.8,60.5,1.7,13.0,31.8,92.5,0.1,0.0,7.4,0.0,,1.3,55.199999999999996
35310109,urban,12095.0,8.8,10.4,10.5,30.2,38.0,38.0,22.1,2.1,9.8,8.2,6.7,6.5,6.9,6.7,6.1,4.9,4.1,3.8,2.8,1.8,2.1,5.0,32.4,62.1,1.9,3.6,28.0,3.5,95.3,34.4,1.0,25.6,15.5,9.4,10.4,98.8,0.4,0.3,0.1,0.0,99.7,0.7,18.4,52.4,2.9,36.7,21.7,28.5,3.5,0.7,1.9,4.0,48.5,2.02,2516.0,10.5,6.699999999999999,2783.0,4.3,62.4,25.6,98.6,73.0,0.1,1.4,72.4,23.8,0.7,2.0,12.0,19.5,35.7,44.2,0.5,98.6,99.1,53.0,69.7,13.0,17.3,58.2,15.2,98.9,0.2,0.0,0.6,0.3,,1.7,26.599999999999998
35310301,rural,5853.0,7.5,9.4,9.3,35.1,38.5,26.9,17.7,2.8,8.8,5.7,4.6,5.9,6.2,7.3,6.7,6.1,5.2,5.7,3.7,3.5,4.5,10.6,30.0,59.6,2.0,8.4,28.5,3.0,96.7,39.3,1.1,29.3,16.2,8.6,6.2,98.8,0.1,0.0,0.1,0.0,99.7,0.3,9.8,40.9,0.4,15.9,8.8,54.8,1.0,0.0,1.8,17.3,50.6,2.48,958.0,17.4,11.7,1623.0,3.6,85.8,1.4,92.2,43.1,0.0,0.0,24.9,74.4,0.4,1.5,12.9,9.2,14.4,33.1,43.3,72.7,92.4,15.0,0.7,66.8,32.5,0.4,0.1,48.7,0.0,0.6,50.0,0.7,0.9,0.2,99.5
35310303,rural,15196.0,7.5,9.0,9.5,44.4,48.3,29.9,11.7,1.8,8.8,5.5,4.5,5.0,6.8,6.7,6.7,6.9,5.6,5.4,4.4,3.2,4.3,12.0,31.9,58.3,1.6,8.3,27.8,2.6,94.2,49.7,0.9,27.1,12.9,6.4,4.4,98.8,0.2,0.0,0.1,0.1,99.8,0.1,10.1,32.5,0.0,57.7,9.3,22.2,3.6,0.4,1.1,5.7,50.1,2.68,2962.0,17.3,11.9,4132.0,3.7,87.0,2.6,97.4,11.2,0.1,0.0,10.3,89.1,0.4,1.7,10.4,6.8,11.1,40.1,42.1,89.8,86.2,21.6,8.5,42.8,48.8,0.7,7.8,84.5,0.4,0.4,13.9,0.8,2.8,0.0,91.5
35310305,rural,11763.0,6.9,9.5,10.1,40.7,44.5,34.8,17.6,3.2,8.8,5.7,4.4,5.3,6.6,7.3,7.1,6.1,4.5,4.8,4.0,3.5,5.3,8.4,31.8,60.9,2.0,5.3,30.3,2.9,96.5,46.1,1.2,26.2,15.0,7.1,6.0,98.8,0.1,0.0,0.0,0.0,99.9,0.1,15.3,50.2,0.2,47.8,10.5,17.8,3.4,1.1,3.4,15.8,49.6,1.97,2477.0,17.6,12.8,3260.0,3.6,97.3,0.9,94.6,3.6,0.1,0.0,6.5,93.1,0.2,1.5,1.8,15.3,21.1,30.8,32.8,87.3,83.9,7.6,1.8,0.1,98.1,0.0,0.0,90.9,0.4,0.7,7.8,0.1,1.6,0.1,100.0
35310307,rural,7379.0,7.6,8.9,9.4,40.6,43.2,38.8,15.2,1.8,9.1,6.4,4.7,6.4,6.6,7.3,7.0,5.8,4.9,4.7,3.7,3.1,4.5,7.2,29.3,62.8,1.5,6.3,27.4,3.1,98.1,45.7,2.1,28.9,15.5,6.7,3.7,99.6,0.1,0.1,0.1,0.2,99.7,0.2,9.6,37.4,0.4,59.2,5.0,25.5,7.0,0.5,1.4,0.9,49.6,2.17,1803.0,16.0,11.3,2103.0,3.5,90.3,0.7,86.9,0.2,0.0,0.0,6.5,93.5,0.0,1.5,9.0,8.3,22.2,38.4,31.1,91.0,92.0,34.1,0.8,23.5,75.7,0.0,0.2,87.4,0.0,0.5,11.9,0.2,8.8,0.0,99.69999999999999
35310309,rural,11181.0,7.2,9.1,9.8,42.9,46.3,29.7,32.1,2.2,9.1,6.0,4.9,5.1,5.9,6.4,6.4,6.5,5.5,5.3,3.9,3.2,5.7,8.6,31.7,59.9,1.6,6.8,28.2,2.8,97.1,48.1,0.8,26.3,15.5,6.7,4.3,94.7,0.2,0.0,0.1,0.2,99.9,0.0,3.6,17.6,0.0,63.2,4.0,25.7,4.2,1.1,0.6,1.2,50.5,2.88,1667.0,18.099999999999998,12.8,3012.0,3.7,91.0,0.3,97.8,1.5,0.0,0.0,8.4,91.3,0.3,1.6,8.7,6.8,18.5,50.3,24.4,75.1,80.7,11.3,2.7,6.0,91.3,0.0,0.0,88.2,0.0,0.0,11.6,0.2,4.0,0.0,100.0
35310309,urban,2064.0,8.5,9.7,10.8,18.4,25.0,41.0,10.9,1.7,7.8,6.3,6.2,6.7,8.3,6.3,5.9,5.2,4.6,4.9,4.0,2.0,2.9,2.6,28.0,66.5,1.5,4.0,27.6,2.7,98.1,21.0,2.6,26.0,16.5,14.3,15.6,99.4,1.4,0.2,0.1,0.0,99.9,0.3,24.3,64.8,3.2,37.7,40.2,15.0,1.3,0.4,1.7,0.6,50.5,2.3,533.0,13.8,8.9,623.0,3.3,55.9,28.6,99.2,98.1,0.2,0.0,87.1,11.6,1.0,1.2,15.5,33.9,11.5,44.1,10.5,99.5,99.7,88.0,82.7,0.0,17.3,5.0,77.1,95.2,0.0,0.2,4.5,0.2,,0.2,18.0
35310311,rural,14944.0,7.8,9.3,10.6,33.3,43.6,36.1,19.0,1.8,9.5,7.3,5.8,6.7,7.2,7.1,6.6,5.3,4.2,3.8,2.8,2.5,3.3,7.5,32.5,60.6,1.3,5.6,28.4,4.2,93.6,37.9,1.9,26.0,16.2,7.3,5.0,97.8,0.2,0.1,0.1,0.0,99.9,0.0,13.3,48.3,6.3,42.1,8.4,37.3,4.0,0.2,0.5,1.2,49.1,2.86,3158.0,12.399999999999999,8.6,3848.0,3.9,90.9,1.7,92.8,1.8,0.1,0.0,20.0,79.4,0.3,1.6,7.4,15.6,34.1,28.6,21.7,85.4,89.2,39.3,2.5,23.1,74.4,0.5,0.7,75.5,0.0,0.1,23.0,1.4,1.2,0.2,98.8
35310313,rural,7880.0,7.8,10.3,11.3,44.5,50.5,34.0,34.8,1.5,10.6,5.7,5.0,6.7,7.0,6.7,5.9,5.5,4.8,3.9,3.2,2.8,2.9,8.0,30.7,63.4,1.2,4.7,27.8,3.7,97.2,51.0,1.5,25.5,14.5,5.1,3.0,98.5,0.2,0.0,0.0,0.1,99.7,0.3,10.0,38.6,0.6,59.2,10.6,22.8,6.0,0.0,0.0,0.8,50.7,2.16,1232.0,12.799999999999999,8.9,2147.0,3.7,94.1,0.8,66.5,1.7,0.0,0.0,4.9,93.2,0.7,1.8,5.1,18.2,25.9,37.5,18.4,54.5,77.2,4.4,0.6,18.4,81.1,0.0,0.0,92.7,0.4,0.0,6.6,0.3,4.5,1.2,100.0
35310315,rural,7896.0,8.3,9.8,11.2,44.6,50.1,31.4,6.2,1.8,10.1,7.3,4.8,5.9,6.6,7.0,6.0,6.4,3.5,4.6,3.0,2.5,3.3,7.8,32.7,60.9,1.4,4.9,28.3,3.5,92.6,51.3,0.7,25.0,15.6,5.6,3.0,99.5,0.1,0.0,0.1,0.0,99.9,0.3,4.9,20.8,0.5,48.9,6.3,31.7,4.6,0.2,0.6,7.3,48.0,2.59,1641.0,13.399999999999999,8.8,1947.0,4.1,92.9,0.9,93.1,5.7,0.0,0.3,4.0,94.8,0.9,1.7,6.3,14.4,19.1,44.0,22.5,95.4,97.5,37.0,1.9,32.8,65.3,3.1,0.4,93.2,0.2,0.2,6.1,0.3,4.2,0.1,96.5
35310317,rural,14282.0,8.1,9.6,10.2,38.5,46.4,37.7,29.3,0.8,9.0,5.6,4.9,6.4,7.4,7.5,7.0,5.8,4.2,4.6,3.3,2.7,3.7,6.0,33.7,60.2,0.8,5.4,27.6,2.5,95.0,43.7,1.1,25.9,15.4,7.5,3.8,98.2,0.2,0.0,0.0,0.0,99.9,0.2,5.4,26.8,0.6,55.8,6.9,21.1,10.1,0.6,2.1,2.8,48.9,2.71,2744.0,14.3,9.7,3654.0,3.9,95.9,0.4,92.8,0.8,0.0,0.0,11.2,88.7,0.1,1.7,3.7,15.4,31.9,35.4,17.3,90.7,92.0,45.8,1.1,28.6,70.2,0.0,0.1,99.0,0.0,0.0,1.0,0.0,1.4,0.1,99.9
35310319,rural,13635.0,7.9,9.7,11.1,41.0,47.9,35.5,44.0,2.1,9.1,6.0,4.9,5.9,7.6,7.0,6.7,5.3,4.5,4.1,2.9,3.1,4.1,10.0,31.4,61.3,1.4,5.9,28.3,3.1,95.5,47.2,1.2,26.1,14.2,7.0,3.7,98.3,0.2,0.0,0.1,0.0,99.8,0.1,11.4,41.4,0.2,59.9,9.0,17.0,2.2,0.3,2.0,9.5,48.5,2.24,1933.0,14.2,10.1,3422.0,4.0,97.7,0.2,86.8,0.5,0.0,0.0,7.8,92.0,0.0,1.6,2.1,12.8,24.1,29.2,33.9,94.2,93.3,24.5,1.2,22.1,76.7,0.0,0.0,93.1,3.0,0.6,3.3,0.0,4.5,0.1,100.0
35310321,rural,13216.0,7.7,9.5,10.3,38.3,43.8,36.3,32.3,2.4,9.5,6.5,5.0,5.9,6.8,6.6,6.4,6.0,4.8,4.8,3.3,2.6,4.3,8.2,32.2,60.7,1.7,5.4,27.2,3.3,97.3,43.4,1.0,27.6,16.2,7.0,4.4,99.1,0.1,0.0,0.1,0.0,99.9,0.1,8.5,29.3,0.5,39.3,6.4,44.3,7.0,0.7,0.7,1.3,48.1,2.18,2351.0,15.0,10.2,3387.0,3.9,93.3,3.2,88.2,7.2,0.0,0.0,9.2,90.5,0.2,1.8,3.5,10.2,17.6,31.8,40.4,93.4,87.3,25.1,0.3,36.3,63.4,0.2,0.0,94.1,0.0,0.8,5.1,0.0,3.9,0.0,99.80000000000001
35310323,rural,15184.0,9.5,10.8,10.4,39.0,45.4,37.7,15.6,1.5,9.2,6.4,5.2,6.5,7.4,7.1,6.4,5.2,3.9,3.6,2.6,2.7,3.1,7.0,29.9,64.0,1.2,4.8,27.6,3.5,94.4,44.8,0.7,31.6,15.8,4.0,2.5,98.2,0.1,0.0,0.0,0.1,99.9,0.0,5.0,19.8,0.6,61.9,3.0,15.8,12.9,0.3,0.1,5.4,47.8,3.31,3345.0,12.0,8.4,3644.0,4.2,96.0,0.0,94.8,0.7,0.0,0.0,9.3,90.5,0.2,1.5,4.0,22.3,35.0,30.5,12.3,90.8,87.3,22.0,3.2,24.6,72.2,0.0,0.2,88.7,0.2,0.3,10.7,0.2,1.5,0.0,99.8
35310501,rural,8432.0,9.0,9.6,9.7,43.2,47.6,42.8,16.0,1.6,9.0,7.0,5.6,7.1,6.7,6.5,5.7,5.3,4.3,4.3,3.2,2.9,4.1,5.1,32.5,61.7,1.2,4.7,28.5,3.2,95.5,48.6,0.7,31.0,15.2,3.7,1.9,99.2,0.1,0.0,0.1,0.0,99.7,0.3,3.5,16.4,0.3,33.2,2.0,48.8,12.5,0.7,2.3,0.2,48.6,2.55,2172.0,14.5,10.2,1896.0,4.4,96.0,0.0,96.9,1.1,0.2,0.0,8.7,90.9,0.2,1.9,4.0,9.8,13.0,29.4,47.8,96.0,93.8,19.0,1.0,62.3,36.7,0.1,0.2,99.8,0.1,0.0,0.1,0.1,1.2,0.1,99.8
35310503,rural,13767.0,8.7,10.3,11.3,46.7,56.0,34.3,18.7,2.0,10.0,7.3,5.6,6.4,6.7,5.9,5.3,4.8,4.5,4.8,2.9,2.3,3.3,6.7,35.4,59.0,1.3,4.2,29.5,4.2,88.8,53.7,0.2,27.0,10.8,3.7,2.2,97.9,0.0,0.0,0.0,0.0,99.9,0.1,4.6,29.2,0.4,42.2,3.8,25.9,4.4,1.2,1.3,20.8,47.5,1.96,2679.0,13.3,8.5,3028.0,4.5,75.4,0.2,95.5,3.2,0.0,0.0,1.5,98.4,0.0,1.9,24.4,6.7,11.8,33.5,48.0,96.4,96.2,32.7,0.4,16.5,83.1,0.0,0.0,100.0,0.0,0.0,0.0,0.0,2.2,0.0,100.0
35310505,rural,16404.0,8.6,9.8,11.0,47.5,50.7,40.3,7.2,2.3,9.6,7.4,6.1,6.2,6.2,6.4,5.5,5.0,4.0,4.5,3.3,2.7,3.4,8.0,33.5,59.4,1.5,5.7,28.2,3.1,93.0,54.3,0.4,27.6,13.5,5.6,2.1,99.2,0.1,0.0,0.0,0.0,100.0,0.0,2.1,15.2,0.4,40.5,2.2,41.1,15.1,0.1,0.4,0.1,48.5,2.6,4332.0,13.9,9.4,3669.0,4.5,96.0,0.0,94.8,6.1,0.0,0.0,7.3,92.2,0.2,1.7,4.0,15.6,10.4,35.0,39.0,97.3,96.5,14.4,0.5,22.6,76.9,0.0,0.0,99.7,0.1,0.1,0.0,0.1,2.2,0.3,100.0
35310507,rural,15904.0,8.3,10.2,11.5,51.4,55.3,36.4,3.1,1.4,10.7,7.6,6.0,6.4,6.0,5.9,4.9,5.0,3.9,4.9,2.7,2.6,3.4,4.9,35.7,58.5,0.9,4.8,28.1,4.2,85.1,59.2,0.2,24.8,11.3,5.0,3.4,98.7,0.0,0.0,0.0,0.0,99.6,0.1,11.3,39.3,0.0,65.1,4.1,15.1,13.0,0.8,1.2,0.8,47.5,1.49,3926.0,13.600000000000001,8.700000000000001,3294.0,4.8,90.8,0.2,97.4,1.0,0.0,0.0,1.1,98.7,0.1,1.9,9.1,6.9,18.6,51.0,23.5,97.3,96.3,26.2,1.0,11.7,87.4,0.0,0.0,98.0,0.0,0.7,1.1,0.2,5.2,0.1,100.0
35310509,rural,13679.0,9.8,10.6,11.2,50.9,56.9,40.8,25.9,0.8,9.6,7.8,5.9,6.2,6.8,6.1,4.9,4.3,3.6,4.6,3.1,2.3,3.2,4.6,35.2,60.4,1.3,3.1,29.7,4.4,91.1,58.1,0.1,28.3,9.7,3.4,1.6,98.7,0.2,0.0,0.1,0.0,99.7,0.1,5.3,20.9,0.0,54.7,4.1,11.6,10.2,1.2,6.1,12.0,47.0,2.67,2830.0,13.2,8.600000000000001,2904.0,4.7,94.2,0.0,97.9,4.2,0.1,0.0,1.0,98.6,0.3,2.3,5.8,3.8,7.7,23.1,65.4,98.4,92.6,22.3,0.9,39.4,59.7,0.0,0.0,99.2,0.2,0.0,0.2,0.4,5.3,0.0,100.0
35310511,rural,23680.0,10.2,10.9,11.3,40.9,47.6,40.0,13.1,2.6,9.4,7.4,6.2,6.7,7.1,6.1,5.2,4.5,3.6,4.0,2.7,2.2,2.5,5.9,32.9,61.4,1.5,4.1,27.7,3.7,94.6,47.0,0.5,27.8,15.7,4.6,3.8,99.3,0.1,0.0,0.0,0.0,99.9,0.2,6.6,23.1,0.8,29.2,2.8,58.5,7.2,0.6,0.5,0.6,47.9,2.49,5556.0,11.4,7.4,4942.0,4.8,89.5,1.5,96.7,14.4,0.0,0.0,19.4,80.1,0.4,1.9,9.0,13.8,24.2,39.5,22.4,97.8,86.7,56.6,8.0,26.1,66.0,0.1,7.4,97.8,0.5,0.0,1.1,0.5,1.1,0.1,92.5
35310513,rural,6557.0,7.0,9.1,9.9,45.2,47.2,45.7,10.2,1.7,9.3,6.9,5.0,5.9,6.6,6.3,6.0,5.9,4.8,5.5,3.8,3.2,4.9,5.4,33.1,59.4,1.4,6.1,30.0,3.0,93.6,50.4,0.3,28.8,17.2,4.0,2.5,98.5,0.2,0.0,0.0,0.0,99.8,0.2,1.3,8.9,0.3,38.8,2.1,43.8,14.2,0.3,0.2,0.4,49.2,2.28,1989.0,17.4,11.9,1556.0,4.2,96.1,0.0,96.7,2.6,0.0,0.0,2.8,96.7,0.3,1.6,3.9,8.5,16.5,54.9,20.0,97.3,96.7,48.5,2.6,20.5,76.9,0.2,0.3,99.4,0.1,0.0,0.3,0.1,2.8,0.2,99.60000000000001
35310515,rural,12530.0,6.9,9.5,10.4,44.6,50.4,37.4,14.7,2.0,9.8,6.4,4.1,5.3,6.3,6.3,6.1,5.7,5.1,5.7,4.0,3.6,4.8,6.4,33.0,59.0,1.3,6.7,29.2,3.6,96.0,50.7,0.6,21.9,15.8,6.7,4.6,94.3,0.2,0.0,0.0,0.0,99.8,0.2,5.0,39.9,1.4,59.8,5.1,18.6,9.9,0.6,0.7,3.9,49.7,1.54,2926.0,18.099999999999998,12.399999999999999,3133.0,4.0,96.3,1.6,98.4,7.4,0.1,0.0,10.1,86.8,0.2,1.6,2.1,7.1,14.6,45.9,32.4,96.7,85.4,17.3,1.3,40.6,58.0,0.2,0.0,100.0,0.0,0.0,0.0,0.0,2.6,2.8,99.9
35310517,rural,11240.0,10.2,10.3,10.7,48.3,52.7,42.4,7.6,1.2,9.4,8.0,6.5,6.9,6.4,5.8,4.8,4.3,3.5,4.2,2.7,2.7,3.6,5.8,31.5,63.5,1.0,4.1,28.0,4.7,90.1,54.7,0.4,32.3,10.4,2.8,1.3,98.7,0.2,0.0,0.0,0.0,99.8,0.2,4.7,34.6,0.3,46.1,1.8,34.4,10.0,0.8,6.7,0.1,47.1,2.99,3024.0,13.200000000000001,9.0,2096.0,5.4,96.6,0.1,97.2,9.7,0.0,0.0,1.8,97.9,0.2,2.1,3.3,9.2,12.2,32.3,46.3,98.0,91.4,35.9,3.1,43.2,53.8,0.2,0.0,99.7,0.0,0.0,0.1,0.1,2.7,0.1,99.8
35310701,rural,15115.0,8.6,10.1,9.6,31.8,38.3,30.3,28.2,2.8,8.7,6.0,5.0,6.0,6.0,6.4,6.3,5.9,4.7,4.9,3.8,3.1,4.7,12.5,34.8,55.8,2.0,7.4,27.9,2.8,98.1,36.0,0.9,27.5,19.3,7.8,6.3,98.8,0.2,0.0,0.0,0.1,99.9,0.0,9.6,40.3,3.1,40.4,13.2,36.6,1.4,0.8,2.0,2.4,50.9,3.27,2352.0,16.5,11.600000000000001,3779.0,4.0,86.5,7.3,98.5,49.3,0.2,0.7,16.9,81.7,0.4,1.7,6.1,10.8,20.2,28.8,40.3,91.4,96.6,39.4,14.7,61.7,23.7,13.6,6.2,92.4,0.9,0.0,6.6,0.1,0.9,0.1,80.10000000000001
35310703,rural,8966.0,7.7,8.8,8.8,35.1,41.0,35.6,33.7,2.7,7.9,6.1,5.8,5.8,6.3,6.5,6.4,6.7,5.9,5.1,3.7,3.6,4.7,7.7,32.7,58.6,2.0,6.8,28.7,3.0,97.6,39.1,0.4,30.2,15.8,6.3,6.3,99.4,0.2,0.1,0.1,0.0,99.8,0.2,3.7,21.1,0.1,48.1,14.9,17.2,4.6,1.4,0.8,12.9,50.8,2.45,1577.0,17.1,12.0,2525.0,3.6,79.2,7.1,96.8,24.9,0.1,0.0,36.9,61.8,0.5,1.6,13.8,7.8,19.1,30.1,43.0,89.1,93.1,14.1,23.5,43.7,32.8,13.6,6.5,91.5,0.1,0.1,8.2,0.1,2.4,0.6,79.9
35310705,rural,5990.0,7.7,9.6,9.9,43.6,47.1,30.8,24.0,2.2,8.9,6.2,5.1,5.4,5.7,7.5,5.9,5.7,5.3,5.5,4.2,3.2,4.2,7.5,35.4,57.3,1.6,5.7,30.3,3.1,97.0,49.1,0.9,28.5,13.6,5.5,4.4,98.8,0.1,0.1,0.1,0.0,99.9,0.0,10.7,37.6,0.7,34.3,6.1,40.9,5.0,0.3,10.1,2.6,50.8,2.64,1022.0,17.099999999999998,11.600000000000001,1456.0,4.1,86.3,0.3,93.3,5.4,0.1,0.0,11.4,86.0,1.1,2.0,13.3,11.5,13.9,36.1,38.5,66.6,68.1,7.8,0.6,47.4,52.0,0.0,0.1,62.1,0.0,0.0,37.3,0.7,5.1,1.4,99.89999999999999
35310707,rural,11564.0,8.4,9.6,10.4,33.2,38.4,25.0,11.8,3.9,9.9,6.9,5.5,5.4,5.5,5.6,6.3,6.2,5.0,4.4,3.4,3.2,4.2,10.1,37.8,53.3,2.5,6.4,28.4,3.3,89.3,37.7,0.6,28.5,16.2,8.2,8.1,98.5,0.1,0.0,0.0,0.0,99.7,0.2,13.6,52.4,0.0,46.9,10.7,24.8,1.0,1.2,1.6,13.7,50.4,1.6,1823.0,15.2,10.8,2957.0,3.9,82.8,2.1,96.8,2.8,0.0,0.2,32.2,64.5,0.1,1.4,15.0,7.6,14.8,44.9,32.7,95.2,95.4,22.6,4.0,50.2,45.8,8.7,3.3,98.0,0.2,0.2,1.0,0.6,1.0,3.1,88.0
35310709,rural,21327.0,9.3,11.2,11.4,46.9,49.5,32.3,31.2,2.8,9.0,5.7,5.2,5.9,6.6,6.7,5.8,5.4,4.5,3.8,3.2,2.8,3.5,9.0,33.1,59.8,2.2,5.0,29.0,3.7,94.8,54.2,0.4,30.1,13.8,4.3,2.0,98.1,0.1,0.0,0.2,0.0,99.8,0.1,5.0,28.4,1.3,47.8,4.2,32.2,7.2,0.8,0.5,6.0,49.5,2.11,3228.0,13.3,9.5,4806.0,4.4,91.8,0.3,94.9,9.9,0.0,0.0,22.3,74.5,0.2,1.7,7.9,12.1,25.5,29.8,32.6,89.2,91.5,27.2,2.0,47.4,50.5,0.1,0.7,78.8,0.4,0.2,20.4,0.1,4.2,2.9,99.19999999999999
35310709,urban,3496.0,9.2,10.3,11.6,20.9,30.1,35.0,22.2,2.2,8.4,7.4,6.4,6.7,7.2,6.8,6.4,5.3,3.3,3.5,2.5,2.0,3.0,6.3,30.8,64.6,1.5,3.1,26.9,3.4,97.5,24.1,1.4,29.4,17.3,12.4,9.4,96.7,0.5,0.2,0.2,0.1,99.6,0.5,18.9,45.7,2.1,30.6,32.4,12.4,0.8,0.9,5.2,15.6,51.3,1.77,654.0,11.0,7.5,940.0,3.7,53.7,23.0,99.4,97.6,0.5,0.0,97.7,1.1,0.5,1.3,23.3,29.5,43.1,26.1,1.4,99.5,99.8,82.3,67.4,7.9,24.7,58.0,32.9,99.6,0.2,0.0,0.1,0.1,,0.2,9.1
35310711,rural,10285.0,8.5,10.0,9.6,43.3,50.9,33.4,42.7,1.4,8.1,6.0,5.8,5.9,6.7,7.0,5.5,5.4,4.4,5.5,4.0,3.3,4.3,10.2,35.7,56.8,1.4,6.1,30.4,2.9,90.6,48.8,0.3,29.1,12.6,4.4,2.7,97.3,0.3,0.0,0.0,0.0,100.0,0.0,3.0,15.1,0.7,53.1,7.2,30.3,1.8,0.0,0.4,6.5,50.1,2.35,1414.0,17.1,11.6,2538.0,4.1,91.2,0.9,95.4,5.5,0.0,0.0,20.6,78.2,0.4,1.7,8.0,11.8,14.9,30.2,43.1,72.7,80.1,22.0,0.7,48.8,50.5,0.0,1.9,59.2,0.0,0.6,40.2,0.0,8.6,0.7,98.1
35310713,rural,14339.0,8.7,10.1,10.7,34.9,39.9,33.3,53.4,3.2,9.2,7.0,5.4,6.1,6.9,7.1,6.5,5.9,4.4,3.5,2.7,2.5,3.3,7.0,32.3,61.4,2.0,4.3,27.9,3.2,95.1,40.0,0.4,32.9,16.5,6.7,3.6,98.0,0.5,0.2,0.2,0.0,99.8,0.1,6.1,28.2,1.2,47.4,8.6,29.8,0.3,2.8,1.4,8.4,47.7,2.81,1571.0,12.0,8.5,3584.0,4.0,89.7,1.4,88.5,7.7,0.0,0.4,54.7,43.8,0.4,1.5,8.9,14.2,36.2,42.0,7.6,93.5,93.7,39.0,1.6,43.9,54.5,0.3,0.3,97.2,0.5,0.3,1.8,0.2,1.9,0.6,99.4
35310715,rural,7711.0,8.3,10.0,10.5,44.7,49.5,28.5,26.9,2.4,9.2,6.3,4.8,5.6,6.7,6.9,7.2,5.8,4.6,4.2,3.4,2.8,3.6,7.1,31.2,62.1,1.6,5.2,28.8,3.2,93.6,50.9,0.3,24.1,15.0,6.2,5.0,98.9,0.3,0.1,0.4,0.1,99.9,0.3,4.7,22.6,0.8,38.3,8.8,33.4,1.0,0.5,2.4,14.7,50.2,2.59,1143.0,13.999999999999998,9.799999999999999,1921.0,4.0,89.2,0.6,97.2,13.3,0.1,0.0,20.7,78.3,0.9,1.8,10.2,16.5,35.6,29.2,18.7,98.3,98.4,29.2,2.0,41.0,57.0,0.1,0.1,99.1,0.2,0.1,0.3,0.3,1.5,0.1,99.89999999999999
35310717,rural,3666.0,5.9,8.0,8.8,34.4,36.1,21.8,32.5,5.2,7.9,5.5,3.8,4.1,5.8,6.4,7.6,7.8,7.6,6.2,4.3,3.8,6.6,12.1,33.7,53.1,4.3,8.9,28.3,2.0,99.2,38.3,0.7,34.6,17.9,7.3,3.4,98.5,0.1,0.1,0.2,0.0,99.8,0.1,4.7,33.1,1.4,19.0,8.9,59.4,1.2,0.5,4.1,5.5,53.7,1.75,416.0,20.9,14.7,1130.0,3.2,91.1,0.1,97.5,1.1,0.0,0.0,22.7,76.1,0.7,1.4,8.8,7.8,10.8,28.1,53.3,86.9,84.4,16.3,0.9,36.1,63.1,0.1,0.1,75.2,0.2,0.4,23.7,0.5,2.1,0.4,99.8
35310719,rural,12244.0,8.2,9.8,9.4,42.2,49.3,38.5,20.8,2.3,8.4,6.5,4.9,5.6,5.9,6.4,6.2,6.3,5.6,5.8,4.3,3.0,3.7,7.5,32.8,59.2,2.3,5.7,28.9,2.9,96.6,47.5,0.3,29.5,12.9,4.5,3.5,97.4,0.3,0.0,1.6,0.0,99.9,0.1,9.5,41.2,0.2,41.7,5.7,20.2,18.1,0.1,0.5,13.4,50.4,3.31,2710.0,16.8,11.0,3124.0,3.9,92.9,0.8,97.2,0.3,0.1,0.0,7.0,92.5,0.4,1.9,6.2,5.4,10.7,30.0,53.9,93.4,87.4,21.5,0.7,48.3,51.0,0.1,0.5,84.5,0.4,0.0,15.1,0.1,5.2,0.0,99.30000000000001
35310721,rural,7539.0,8.2,9.8,10.1,34.7,39.6,31.5,24.3,4.1,8.7,6.2,4.5,5.3,6.3,6.4,6.9,6.6,5.4,4.3,3.4,2.8,5.2,6.7,30.0,60.5,3.0,6.5,27.5,2.9,97.3,39.3,0.8,30.9,15.8,8.8,4.0,99.1,0.2,0.1,0.1,0.1,99.8,0.3,11.3,52.9,0.3,36.4,7.2,32.1,4.4,0.7,2.6,16.2,50.5,2.74,1294.0,15.7,11.399999999999999,2106.0,3.6,92.0,0.6,96.8,14.1,0.1,0.0,50.1,49.0,0.6,1.4,7.4,14.2,31.1,38.6,16.1,97.5,98.3,52.2,2.6,74.6,22.8,0.1,0.0,99.1,0.3,0.0,0.5,0.0,1.7,0.2,99.8
35310901,rural,16620.0,9.2,11.1,11.7,45.8,48.0,35.0,18.2,2.2,9.7,6.3,4.7,5.4,6.1,6.5,5.8,5.4,4.7,4.2,3.5,2.2,3.6,11.7,33.2,60.3,2.1,4.4,28.3,3.3,96.8,53.4,1.2,28.4,15.5,4.7,2.1,99.1,0.2,0.0,0.1,0.0,99.9,0.1,2.3,17.4,1.0,48.4,2.5,40.8,4.3,0.8,1.7,0.5,49.5,2.56,3233.0,13.5,9.3,3681.0,4.5,89.0,0.0,94.4,8.0,0.1,0.0,16.9,82.3,0.5,1.8,11.0,6.6,17.2,27.5,48.7,96.1,95.7,22.0,4.5,53.1,42.3,0.0,0.3,95.5,0.3,0.1,3.9,0.2,3.8,0.2,99.8
35310901,urban,6280.0,9.5,11.1,10.5,26.0,31.2,39.8,14.3,2.4,8.7,7.4,6.1,7.2,6.9,6.6,5.6,5.6,4.1,4.0,2.5,1.8,2.4,4.9,32.8,61.4,1.7,4.1,27.9,3.5,98.1,29.8,2.0,29.9,17.5,11.1,8.2,99.2,0.8,0.2,0.1,0.0,99.9,0.2,11.3,42.2,3.5,34.0,20.6,33.2,1.5,1.3,5.0,0.8,48.5,2.22,1474.0,10.700000000000001,6.699999999999999,1511.0,4.2,66.1,20.2,98.8,85.4,0.3,1.3,84.8,12.5,0.6,1.7,13.7,27.6,42.2,22.9,7.2,97.5,98.3,43.3,51.3,47.6,1.1,41.1,26.0,99.6,0.0,0.1,0.1,0.2,,0.6,32.9
35310903,rural,10597.0,8.3,9.9,10.7,49.0,53.3,32.3,41.1,2.4,9.9,7.6,6.0,5.6,6.7,6.3,5.2,5.0,4.3,4.6,3.7,2.5,3.6,11.1,34.9,59.0,1.9,4.3,29.5,3.2,87.2,55.2,0.1,22.7,14.5,5.3,4.1,97.7,0.8,0.0,0.2,0.0,100.0,0.0,4.8,28.3,0.3,55.3,5.9,25.3,10.7,0.0,2.5,0.0,47.1,2.19,1432.0,14.4,9.8,2601.0,4.1,92.8,0.5,98.6,8.6,0.1,0.0,12.5,86.9,0.4,2.0,6.6,7.4,18.6,21.2,52.8,95.5,93.0,25.7,5.3,30.4,64.3,0.5,0.8,98.8,0.0,0.0,1.0,0.1,2.1,0.2,98.69999999999999
35310905,rural,8607.0,7.9,9.8,11.4,43.9,48.4,38.8,17.2,2.1,9.9,5.9,4.1,5.2,5.7,6.0,6.3,6.3,4.7,4.7,4.3,3.2,4.5,13.2,30.9,61.5,1.6,6.0,28.3,3.5,96.1,50.8,0.5,25.9,14.0,7.1,4.1,99.3,0.2,0.0,0.1,0.0,99.7,0.2,15.5,59.3,1.6,46.4,5.0,31.9,14.2,0.1,0.5,0.3,50.6,2.68,1955.0,16.7,12.0,2178.0,4.0,93.9,0.7,97.7,2.1,0.0,0.0,11.3,87.8,0.6,1.7,5.4,9.8,10.7,20.1,59.4,93.9,94.8,4.3,0.8,51.1,48.1,0.0,0.0,98.9,0.1,0.1,0.9,0.0,2.5,0.3,100.0
35310907,rural,16329.0,9.9,10.6,11.1,48.7,52.0,38.8,13.6,1.2,10.0,6.9,5.5,6.1,6.8,6.4,5.2,4.4,3.9,4.3,3.3,2.1,3.5,7.0,32.9,61.9,1.0,4.2,28.6,4.1,93.8,55.7,1.1,27.6,13.1,4.0,2.2,98.9,0.1,0.2,0.1,0.1,99.9,0.2,5.7,33.0,1.1,53.9,3.1,23.9,9.9,4.3,3.5,0.3,48.7,2.59,3746.0,13.2,8.9,3596.0,4.5,95.4,0.6,97.6,5.1,0.0,0.0,5.4,93.8,0.7,1.6,4.0,9.7,14.0,27.1,49.2,96.5,92.5,3.7,5.0,30.9,64.1,0.1,0.1,99.4,0.1,0.0,0.3,0.1,4.4,0.1,99.69999999999999
35310909,rural,7476.0,10.2,11.6,11.7,46.3,49.2,33.3,10.3,1.7,9.8,6.9,5.8,6.0,6.0,5.9,5.0,4.5,3.6,4.1,3.3,2.4,3.3,7.4,31.8,62.8,1.1,4.4,27.8,4.4,94.0,53.8,1.1,31.6,12.6,3.1,2.4,99.6,0.1,0.0,0.0,0.1,99.8,0.2,7.8,30.1,0.3,67.2,3.5,22.8,5.1,0.2,0.7,0.2,47.5,3.08,1485.0,13.099999999999998,9.0,1608.0,4.6,96.5,0.0,99.3,3.9,0.0,0.0,5.2,93.7,0.7,2.1,3.5,8.5,8.9,18.8,63.9,98.8,98.8,27.6,2.1,63.4,34.6,0.1,0.0,99.6,0.2,0.0,0.1,0.1,2.0,0.4,100.0
35310911,rural,8195.0,10.2,11.5,12.7,44.9,49.0,43.8,13.2,1.3,9.6,6.3,5.5,5.3,5.9,5.9,5.5,4.5,4.0,4.5,2.9,2.6,3.3,7.4,29.4,65.1,1.1,4.4,27.7,4.9,96.4,53.0,1.9,32.0,12.2,3.1,1.8,99.4,0.2,0.0,0.1,0.0,99.6,0.2,4.6,29.9,0.3,35.6,3.3,48.6,10.9,0.4,0.1,0.8,47.6,3.57,2045.0,13.3,8.8,1750.0,4.7,93.3,0.0,95.2,0.9,0.1,0.0,18.7,80.9,0.3,2.1,6.7,15.0,22.8,23.3,38.9,98.7,98.9,5.5,1.4,56.3,42.3,0.0,0.2,99.6,0.1,0.1,0.2,0.1,2.1,0.1,99.8
35310913,rural,7804.0,9.3,10.3,10.7,48.5,50.9,38.2,12.8,1.7,9.7,6.1,5.3,6.0,6.5,6.4,6.0,5.3,4.1,4.2,3.4,3.1,3.6,8.3,31.8,63.4,1.2,3.5,28.6,3.8,95.1,55.3,0.6,31.5,11.1,4.0,1.8,98.5,0.1,0.0,0.0,0.0,100.0,0.0,4.1,22.3,0.2,42.0,2.3,43.3,11.7,0.1,0.3,0.1,49.5,3.09,1811.0,14.299999999999999,10.1,1698.0,4.6,85.5,0.2,98.3,2.8,0.1,0.0,7.6,91.9,0.3,2.0,14.3,6.8,6.6,20.9,65.7,97.5,98.0,10.3,0.3,53.1,46.6,0.1,0.6,99.1,0.2,0.1,0.6,0.1,4.9,0.2,99.39999999999999
35310915,rural,9763.0,9.4,10.5,10.7,38.4,42.8,31.2,16.8,2.6,8.2,6.7,6.2,6.1,6.8,6.5,6.4,5.4,4.5,3.9,3.4,2.5,2.9,5.6,30.7,62.9,1.7,4.6,27.8,3.3,98.5,44.1,0.7,30.2,16.7,6.1,3.4,99.5,0.4,0.1,0.1,0.1,99.8,0.2,5.9,34.3,0.4,19.1,5.4,65.0,5.8,0.1,1.0,3.1,48.6,2.68,1757.0,12.700000000000001,8.8,2186.0,4.5,83.3,1.0,94.4,94.4,0.1,0.2,46.8,49.1,1.2,2.4,15.7,19.9,33.9,32.6,13.7,96.5,96.4,23.0,15.3,47.2,37.6,0.0,0.0,99.3,0.0,0.0,0.4,0.3,1.0,2.6,100.0
35310917,rural,10800.0,8.7,10.4,10.8,40.7,45.1,37.8,11.1,1.5,9.8,6.8,5.3,5.5,6.5,6.0,5.8,5.2,4.6,4.8,3.6,2.6,3.7,11.4,33.0,60.4,1.5,5.1,28.9,3.9,92.9,46.8,0.8,29.9,14.1,6.0,4.1,98.9,0.0,0.1,0.2,0.0,100.0,0.0,8.0,36.8,0.9,42.7,6.6,37.8,9.1,2.6,0.0,0.4,49.1,3.37,2545.0,14.7,9.9,2391.0,4.5,80.6,1.3,98.4,10.7,0.0,0.0,19.4,80.2,0.0,1.8,18.1,9.7,12.9,35.3,42.0,89.2,98.5,10.1,2.1,62.0,35.8,5.2,0.2,99.6,0.2,0.0,0.0,0.2,4.0,0.4,94.69999999999999
35310919,rural,8558.0,9.2,11.3,11.0,46.8,51.3,36.7,10.9,1.5,9.3,6.3,5.5,5.5,6.9,5.9,5.4,5.1,4.5,4.7,3.4,2.4,3.7,10.4,29.1,65.6,1.2,4.1,28.1,3.9,95.6,53.7,0.9,28.3,12.3,4.5,2.6,99.2,0.2,0.0,0.1,0.0,99.9,0.1,8.8,39.4,0.2,41.4,3.8,38.1,8.8,0.2,4.3,3.3,49.1,2.31,1917.0,14.2,9.5,1912.0,4.5,90.7,0.8,97.9,5.2,0.0,0.0,50.5,49.2,0.2,2.0,8.4,18.7,33.1,20.9,27.2,97.0,93.0,9.3,2.6,34.7,62.7,0.0,0.0,96.4,0.1,0.0,3.0,0.5,4.5,0.1,100.0
35310921,rural,13299.0,9.3,10.7,10.5,49.2,52.8,30.7,12.0,2.4,9.5,6.2,5.3,5.3,6.3,6.6,6.0,5.0,4.4,4.6,3.5,2.9,3.9,6.5,31.5,63.2,1.7,3.6,27.5,3.6,92.8,56.2,0.6,27.1,12.2,4.6,2.8,98.2,0.2,0.0,0.0,0.1,99.6,0.4,5.4,24.8,0.8,49.9,5.0,33.9,5.3,1.7,1.7,1.7,49.4,2.62,2494.0,14.9,10.3,2995.0,4.4,94.7,0.4,98.7,15.1,0.0,0.0,10.7,88.5,0.6,1.8,4.9,10.3,13.1,35.6,40.9,97.1,95.8,31.1,2.1,25.9,72.0,0.1,0.0,99.4,0.0,0.1,0.0,0.4,3.4,0.2,99.89999999999999
35310923,rural,16980.0,10.1,11.3,12.3,45.2,49.7,38.1,25.4,1.6,9.8,6.8,5.4,5.9,6.4,6.1,5.0,4.3,3.8,4.3,3.0,2.4,3.1,5.8,31.9,63.1,1.2,3.8,27.9,4.4,93.8,53.3,0.8,33.2,11.2,3.0,2.1,98.2,0.2,0.0,0.1,0.0,99.8,0.1,8.4,43.2,1.2,57.0,3.8,24.1,11.8,0.1,1.4,0.6,47.9,3.27,3198.0,12.799999999999999,8.5,3485.0,4.9,83.0,0.0,98.8,4.8,0.2,0.1,9.6,89.5,0.5,1.7,17.0,10.8,12.4,32.2,44.6,94.1,91.9,25.7,0.7,27.4,71.9,0.0,0.1,93.2,0.7,0.4,5.3,0.4,2.0,0.1,99.89999999999999
35610101,urban,4408.0,6.9,8.8,9.9,27.9,31.7,37.6,33.5,3.4,8.3,7.0,6.3,6.0,6.5,7.2,6.9,6.2,5.6,5.0,3.6,2.0,3.7,6.6,33.8,57.7,2.2,6.3,29.9,2.5,98.8,31.5,3.2,26.2,17.5,9.6,11.9,96.8,0.9,0.8,76.8,0.1,99.7,1.2,28.9,78.2,1.5,23.6,31.3,28.6,1.3,0.0,2.4,11.2,50.7,1.58,818.0,14.3,9.3,1208.0,3.6,56.3,25.4,98.3,93.4,0.3,2.9,82.8,1.7,1.9,1.3,18.4,7.0,18.1,66.0,8.9,96.9,99.0,63.6,84.2,12.3,3.5,72.3,25.4,96.8,0.3,0.1,2.7,0.2,,10.4,2.2
35610105,urban,10896.0,7.7,10.2,10.5,23.8,32.3,40.6,25.9,2.3,8.7,6.8,5.6,6.4,7.4,6.9,6.2,6.0,4.4,4.5,3.6,2.3,2.9,6.2,33.5,61.4,1.3,3.7,28.1,3.2,91.1,27.2,1.3,26.4,19.9,10.6,9.5,99.1,1.8,0.7,1.0,0.1,99.4,1.0,21.1,59.6,3.2,23.5,22.3,38.3,2.7,3.4,4.0,2.6,50.0,1.29,2342.0,13.299999999999999,8.8,2544.0,4.3,51.0,34.1,100.0,98.6,0.5,5.9,92.4,0.4,0.9,1.5,14.9,17.0,40.8,41.6,0.6,99.4,100.0,90.7,95.5,2.8,1.7,98.5,0.0,99.1,0.2,0.0,0.3,0.4,,0.0,1.5
35610107,urban,28590.0,6.6,8.7,9.6,27.1,32.9,29.7,33.1,5.0,8.4,6.4,5.3,5.8,6.3,6.5,6.4,6.6,5.8,6.1,4.6,3.1,3.9,6.0,31.2,59.2,3.6,6.1,28.5,2.4,96.5,30.4,1.9,22.9,17.9,13.6,10.7,98.5,18.8,28.9,1.4,0.0,99.9,0.5,27.1,70.3,2.6,27.8,23.5,38.9,1.1,0.5,1.8,3.7,53.0,1.43,4258.0,17.7,11.6,7619.0,3.8,68.8,19.9,99.3,98.9,0.1,0.9,97.7,0.2,0.5,1.3,11.3,14.3,36.8,46.9,1.9,98.7,99.7,76.5,91.9,7.1,1.0,30.3,66.8,99.8,0.1,0.0,0.1,0.1,,0.5,3.0
35610111,urban,149796.0,6.1,8.3,8.9,20.5,27.3,37.6,23.4,3.9,7.7,6.8,5.9,6.5,6.9,7.1,6.6,6.6,5.8,6.1,4.2,2.9,3.8,5.0,34.4,56.8,2.8,6.0,30.3,2.3,96.5,22.8,1.8,22.1,18.1,15.3,15.3,99.2,2.7,1.2,5.3,0.1,99.8,0.5,26.4,68.3,2.9,24.2,30.7,35.3,1.0,1.0,2.1,2.8,51.9,1.49,33112.0,17.0,10.899999999999999,40727.0,3.7,60.0,27.1,99.2,98.2,0.8,22.8,72.7,0.2,0.6,1.3,12.9,23.3,21.2,42.1,13.3,98.6,99.7,83.3,97.8,1.7,0.5,65.3,31.4,99.7,0.2,0.0,0.1,0.1,,2.9,3.3
35610301,rural,7270.0,7.2,8.8,9.0,40.8,46.4,36.4,31.5,3.6,7.5,5.9,6.1,6.7,7.0,6.7,5.6,6.7,5.8,6.2,4.4,2.5,4.0,9.7,33.6,57.6,2.8,5.9,29.8,2.7,93.9,45.5,1.3,28.4,15.3,4.5,4.0,76.1,0.2,1.3,96.5,0.5,98.8,1.5,8.9,38.1,0.6,22.5,6.6,67.8,0.9,0.0,1.0,0.6,50.6,2.57,1358.0,17.1,10.9,1907.0,3.8,73.7,0.6,98.1,17.6,0.1,0.2,38.5,59.3,1.1,1.4,25.8,11.4,15.1,39.4,34.1,91.0,95.0,50.4,10.0,62.4,27.6,7.6,1.6,93.8,0.3,0.4,5.3,0.2,1.7,0.9,90.80000000000001
35610301,urban,1368.0,7.5,10.1,9.6,27.7,31.3,47.3,37.4,5.3,7.2,6.4,7.8,6.9,7.7,5.8,5.8,4.8,5.8,6.1,3.0,1.9,3.5,4.2,33.5,56.4,3.8,6.3,27.7,2.2,98.8,31.2,4.6,27.3,17.4,9.1,10.3,86.5,1.3,1.1,85.7,0.1,99.4,2.1,10.2,37.9,1.7,24.4,35.9,28.8,1.7,0.0,5.4,2.0,51.5,1.93,295.0,14.5,8.4,381.0,3.6,51.7,33.8,99.5,96.3,0.3,0.3,95.3,2.4,1.6,1.4,14.5,5.0,14.2,58.3,22.4,98.2,99.2,62.5,95.0,2.4,2.6,67.3,27.7,99.5,0.0,0.0,0.3,0.3,,0.3,5.0
35610303,rural,6996.0,8.5,10.0,9.1,43.2,47.3,38.0,39.1,2.8,7.4,6.1,6.1,6.5,8.0,6.5,5.3,5.8,5.8,5.6,3.8,2.1,3.3,7.6,32.6,60.0,2.2,5.2,29.1,3.1,96.8,48.4,0.6,28.4,15.7,5.1,2.9,60.8,0.1,0.7,91.9,0.1,99.4,0.9,10.7,53.2,0.2,41.5,6.9,42.1,4.0,0.4,1.8,3.1,50.3,2.36,1170.0,14.799999999999997,9.2,1770.0,4.0,68.2,2.4,97.6,16.9,0.1,0.0,33.2,53.7,0.6,1.6,29.4,10.5,14.9,32.7,41.9,95.5,92.0,43.0,9.1,35.6,55.3,0.1,10.0,97.1,0.1,0.1,2.2,0.6,3.2,12.5,90.0
35610305,rural,8125.0,8.0,9.6,9.4,46.0,50.3,31.8,26.6,2.7,7.5,6.4,5.9,6.3,6.8,6.7,6.0,5.5,6.2,6.2,3.9,2.6,3.0,7.0,31.7,61.1,1.9,5.3,28.2,2.9,94.6,51.4,0.3,29.1,13.8,3.0,3.4,84.5,0.1,1.3,75.7,0.1,99.2,1.4,11.3,55.5,0.2,40.8,6.2,47.3,4.5,0.2,0.0,0.7,51.2,2.24,1384.0,15.7,9.5,2081.0,3.9,72.3,0.0,96.3,0.8,0.1,0.1,25.3,71.5,0.9,1.6,27.7,11.1,12.2,29.6,47.1,96.2,96.1,23.0,1.3,69.6,29.1,0.0,0.0,85.7,0.1,0.1,14.0,0.1,2.3,2.1,100.0
35610307,rural,2328.0,7.2,9.3,7.8,44.0,47.8,32.1,46.9,2.7,7.6,5.8,5.9,6.5,7.4,6.7,6.7,6.1,5.5,6.0,4.6,2.9,4.1,4.4,32.7,60.0,2.1,5.2,29.9,2.4,98.0,48.4,0.1,27.8,17.3,3.2,3.8,98.1,0.4,0.2,48.5,0.0,99.8,1.7,9.7,31.7,0.3,28.3,15.3,51.3,2.3,0.0,1.7,0.7,50.2,2.26,300.0,17.6,11.6,640.0,3.6,78.3,0.6,93.0,4.8,0.2,0.0,25.3,73.3,1.1,1.7,21.1,12.7,31.4,29.4,26.6,96.1,92.2,25.0,0.0,24.5,75.5,0.0,0.0,65.9,0.0,0.0,33.8,0.3,1.9,0.2,100.0
35610309,rural,6162.0,6.6,8.5,9.0,43.0,48.8,28.0,50.5,3.4,7.4,5.3,5.4,5.6,6.2,7.4,6.1,5.9,6.3,7.0,5.8,3.4,4.1,9.3,33.0,57.8,2.3,6.9,30.9,2.4,95.7,48.0,0.3,27.1,13.0,5.1,5.7,28.5,0.1,0.9,96.8,0.0,99.4,1.2,4.7,27.1,0.9,24.3,17.5,44.2,4.0,0.0,0.9,8.2,51.3,2.25,647.0,20.299999999999997,13.299999999999999,1698.0,3.6,70.6,1.2,97.9,6.9,0.3,0.3,59.9,37.1,1.4,1.4,28.1,9.6,19.8,37.1,33.5,96.2,97.0,62.3,1.8,55.3,42.8,0.1,0.2,86.5,0.1,0.1,13.1,0.2,1.5,1.0,99.80000000000001
35610311,rural,3759.0,7.5,8.7,8.3,44.3,49.2,33.6,53.7,2.6,6.4,6.1,6.1,6.5,6.7,6.0,5.8,4.8,6.5,7.7,5.6,3.2,4.2,9.3,31.5,59.6,2.3,6.7,30.0,2.2,92.9,48.9,1.1,27.2,14.2,4.4,3.9,71.3,0.0,1.4,95.8,0.2,98.9,1.4,13.3,40.7,0.5,47.7,12.7,36.4,1.6,0.0,1.1,0.0,52.5,2.14,442.0,20.7,13.0,1026.0,3.7,50.5,0.2,94.3,4.8,0.2,0.0,44.3,54.4,1.0,1.4,49.3,13.9,14.0,24.5,47.6,98.1,94.1,53.8,0.1,2.0,98.0,0.2,1.3,95.4,0.1,0.0,4.5,0.0,2.2,0.1,98.5
35610311,urban,1675.0,8.6,10.6,10.9,29.5,35.5,41.1,45.1,2.6,6.7,6.7,5.6,5.9,7.0,7.2,5.4,5.9,5.3,5.7,3.3,2.1,3.3,4.4,30.7,59.6,1.8,7.9,28.5,2.5,98.7,33.9,2.6,29.3,17.8,7.0,7.8,89.4,0.2,0.6,88.4,0.0,99.7,1.7,15.5,49.7,1.1,17.4,32.6,47.0,0.4,0.0,1.5,0.0,52.5,2.13,264.0,14.399999999999999,8.7,464.0,3.6,41.8,34.4,98.9,95.7,0.0,7.8,88.5,1.9,0.6,1.4,23.8,6.3,7.6,67.5,18.6,98.5,99.4,73.4,90.0,9.5,0.4,0.6,98.1,99.8,0.2,0.0,0.0,0.0,,1.1,1.3
35610701,rural,19869.0,9.0,10.2,10.2,45.4,51.8,30.5,26.6,1.5,9.1,6.9,5.4,5.9,6.1,5.6,4.9,5.0,4.2,4.9,4.1,3.3,5.2,10.2,31.9,61.1,1.4,5.5,29.4,3.7,95.0,51.7,1.4,25.9,13.7,3.7,3.5,98.0,0.2,0.0,0.1,0.1,99.9,0.1,8.8,37.1,3.4,41.2,9.9,28.0,0.8,1.4,3.9,11.5,49.6,2.72,3134.0,17.5,12.6,4668.0,4.3,89.8,2.3,97.1,21.2,0.0,0.0,29.5,69.4,1.1,1.8,7.9,9.5,12.5,23.3,54.6,88.4,91.3,20.0,13.0,3.3,83.6,10.0,2.2,99.2,0.0,0.0,0.8,0.0,3.6,0.0,87.8
35610703,rural,10093.0,8.1,10.1,10.8,38.7,42.6,31.1,41.7,2.5,9.2,5.8,5.3,5.3,6.5,7.1,6.5,5.9,4.6,4.6,3.5,2.5,4.2,6.8,27.8,65.3,1.9,5.0,27.2,3.2,99.0,44.4,1.3,27.5,18.0,6.8,3.9,99.1,1.7,0.1,0.1,0.0,99.8,0.5,12.9,55.7,6.2,37.1,12.1,36.1,1.4,2.6,1.3,3.2,49.9,2.1,1299.0,14.8,10.2,2396.0,4.2,87.9,1.3,97.0,80.3,0.0,0.1,64.6,34.6,0.7,1.6,10.8,18.6,25.4,36.5,19.6,95.2,89.2,41.7,13.4,47.9,38.7,0.0,0.0,80.8,0.0,0.4,18.2,0.6,0.7,0.0,100.0
35610705,rural,8503.0,8.0,9.8,9.9,38.8,43.7,31.9,32.9,2.2,8.1,6.3,5.4,5.5,6.8,6.5,6.0,6.1,5.2,5.5,4.3,2.8,3.9,8.3,28.4,64.7,1.7,5.2,27.4,2.5,97.1,43.6,1.1,28.2,17.5,5.8,3.6,99.1,0.5,0.1,0.2,0.0,99.9,0.1,9.2,50.7,1.2,31.6,9.7,53.9,0.1,0.8,0.5,2.2,48.7,2.32,1318.0,16.5,11.0,2007.0,4.2,91.5,1.7,96.6,90.0,0.1,0.1,81.7,16.8,1.2,1.6,6.8,15.9,22.2,39.8,22.1,97.5,96.6,32.4,1.4,91.8,6.8,0.3,0.2,91.2,0.1,0.0,8.5,0.1,1.6,0.0,99.39999999999999
35610707,rural,22431.0,8.6,10.2,10.3,41.7,44.1,33.5,24.3,1.9,8.5,6.3,5.9,6.1,7.1,7.1,5.8,5.3,4.2,4.9,3.5,2.6,3.5,7.2,32.2,62.2,1.5,4.1,28.1,2.5,95.8,47.0,1.9,29.4,17.2,4.3,3.1,99.3,0.3,0.2,0.3,0.0,99.7,0.3,11.9,54.7,2.9,17.5,4.4,69.7,1.0,0.4,1.3,2.9,48.0,2.58,4037.0,14.5,9.6,4703.0,4.8,95.5,0.9,94.5,72.5,0.2,0.0,65.4,33.9,0.4,1.9,3.6,17.9,24.1,36.3,21.7,91.6,96.3,48.9,0.9,4.6,94.5,13.1,6.7,81.9,0.0,0.5,17.1,0.4,1.8,0.1,80.10000000000001
35610709,rural,10875.0,9.2,10.1,9.7,42.9,47.7,34.6,11.2,0.7,9.3,7.7,6.4,6.5,6.6,6.1,5.2,4.7,3.9,4.4,3.1,2.9,4.2,6.5,34.2,61.0,0.9,3.9,29.4,4.4,92.4,48.4,1.0,28.4,15.4,4.3,3.2,99.2,0.3,0.0,0.3,0.1,99.6,0.4,5.0,28.9,0.3,37.6,6.9,44.9,6.3,0.0,3.8,0.2,47.9,2.16,2370.0,14.600000000000001,10.2,2204.0,4.9,88.5,0.3,97.5,17.7,0.0,0.0,44.1,55.6,0.1,1.9,11.3,19.1,24.2,30.2,26.4,97.4,97.8,23.1,1.6,31.2,67.2,0.7,4.7,98.2,0.4,0.0,1.4,0.0,1.9,0.1,94.60000000000001
35610709,urban,6683.0,8.4,11.0,10.0,30.5,36.7,33.4,14.0,2.4,9.2,7.7,6.5,6.5,7.1,6.4,5.2,5.1,3.9,4.6,3.2,2.1,2.9,10.7,32.0,62.0,1.7,4.3,28.4,3.5,97.8,34.6,2.6,26.0,18.9,7.3,8.4,99.6,0.4,0.3,0.3,0.0,99.9,0.3,9.9,35.3,1.6,40.5,17.0,23.1,1.8,3.1,3.1,9.8,50.4,1.93,1351.0,12.8,8.200000000000001,1512.0,4.4,53.4,31.2,99.5,98.4,0.0,3.5,95.3,0.1,1.0,1.7,15.3,29.3,26.4,40.1,4.2,97.8,99.5,50.8,88.0,11.0,1.0,78.5,20.1,99.9,0.1,0.0,0.0,0.1,,0.1,1.3
35610711,rural,6156.0,9.6,10.2,10.0,45.3,51.8,34.2,28.2,1.0,8.6,7.7,6.3,6.7,6.4,5.4,4.6,5.1,3.5,4.7,3.7,3.3,4.2,7.6,31.9,65.4,0.8,1.9,28.2,4.2,95.8,51.3,1.3,28.9,12.1,3.0,2.9,99.4,0.2,0.0,0.0,0.0,99.7,0.3,7.7,33.2,0.0,29.1,8.1,50.2,5.6,1.6,1.5,4.0,49.3,2.52,1060.0,15.899999999999999,11.2,1352.0,4.6,88.7,0.6,93.5,4.3,0.0,0.1,23.4,75.5,0.9,2.0,10.7,17.9,10.2,13.9,58.0,88.6,87.7,28.9,0.2,0.4,99.3,0.0,0.0,95.3,0.2,0.0,4.2,0.4,2.7,0.1,100.0
35610901,rural,15140.0,7.6,9.3,9.6,40.4,42.5,32.4,29.5,2.6,8.8,5.9,4.9,4.9,6.9,6.8,6.5,6.0,5.2,5.4,4.0,3.0,5.2,7.6,31.3,60.1,2.1,6.5,28.2,3.6,95.4,45.5,1.3,29.3,16.5,7.0,3.4,88.0,19.0,76.0,0.3,0.1,98.4,2.4,14.3,52.6,0.8,34.3,5.4,42.9,0.7,1.2,0.4,14.5,50.3,2.24,2541.0,17.6,12.2,4098.0,3.7,88.3,2.4,92.6,82.4,0.1,0.0,42.1,57.0,0.4,1.4,9.3,18.4,21.1,34.7,25.8,96.1,91.1,35.4,0.4,50.7,49.0,5.4,5.2,89.4,0.0,0.0,10.2,0.4,1.2,0.3,89.5
35610903,rural,1667.0,9.7,9.8,9.2,63.2,69.1,40.2,16.4,1.2,8.5,5.9,7.0,7.6,8.2,7.3,7.1,4.1,4.1,4.0,2.3,2.2,3.1,4.1,27.5,67.6,0.9,4.0,27.2,5.0,90.0,70.9,0.7,18.4,7.6,2.2,2.0,90.5,0.1,98.8,0.8,0.0,98.6,1.8,3.6,36.4,0.3,44.1,8.3,5.8,14.5,0.0,0.0,27.1,49.8,2.72,399.0,11.6,7.6,363.0,4.6,93.6,0.3,71.3,0.6,0.0,0.0,1.2,97.6,0.6,2.6,6.1,1.5,6.4,18.7,73.4,50.5,58.1,8.6,0.0,55.4,44.6,0.0,0.0,7.3,0.0,0.0,92.7,0.0,1.7,0.6,100.0
35610907,rural,9242.0,6.9,8.8,9.5,42.0,45.2,26.2,28.1,3.5,8.0,5.2,4.4,4.8,6.5,7.6,7.3,6.6,5.1,5.4,4.1,3.5,6.3,7.9,29.0,61.1,2.6,7.3,28.7,2.7,99.2,47.3,1.0,22.9,19.1,6.6,5.2,98.3,3.9,50.8,0.5,0.0,99.1,2.9,12.9,54.3,0.0,46.0,7.9,29.5,1.7,0.0,3.6,11.4,51.9,1.99,1304.0,19.3,13.899999999999999,2301.0,4.0,93.1,1.3,95.4,91.5,0.0,0.0,76.1,23.2,0.6,1.6,5.6,9.4,16.5,35.9,38.2,96.2,97.8,41.8,5.9,69.9,24.3,12.2,5.9,87.4,0.0,2.5,8.6,1.5,0.9,0.1,82.0
35610907,urban,2423.0,6.5,9.3,11.3,30.9,34.5,32.3,42.8,3.0,8.7,6.3,4.5,5.6,7.0,6.1,6.6,6.8,5.3,5.9,3.8,2.8,3.4,4.9,31.2,60.1,2.4,6.2,29.1,2.7,99.0,35.4,1.3,25.0,18.0,13.4,7.8,98.8,11.8,12.8,1.4,0.0,99.6,0.4,23.6,62.1,0.3,47.5,24.5,26.4,0.6,0.0,0.0,0.6,52.0,2.1,326.0,15.9,10.0,641.0,3.8,38.8,10.8,95.5,98.8,0.2,0.3,68.8,26.5,0.9,1.5,50.4,13.6,17.3,37.1,32.0,97.7,99.5,48.5,73.0,5.1,21.8,82.1,0.0,100.0,0.0,0.0,0.0,0.0,,3.3,17.9
35610909,rural,7385.0,7.0,8.5,9.1,44.0,46.9,28.7,39.6,3.0,9.5,5.6,4.4,5.1,6.5,7.1,7.1,6.6,5.5,5.4,4.2,3.0,5.3,8.3,28.0,63.4,2.3,6.4,26.3,2.8,97.6,49.1,1.6,23.2,16.5,8.1,3.6,98.1,1.3,77.8,0.4,0.0,99.5,5.2,15.8,54.1,0.5,50.2,10.4,35.1,0.6,0.2,0.9,2.1,52.4,2.01,965.0,17.900000000000002,12.5,1893.0,3.9,86.7,1.4,93.6,47.1,0.2,0.1,66.6,32.2,0.6,1.6,11.9,13.6,18.2,36.3,31.9,96.5,97.6,30.9,1.6,74.1,24.3,33.2,12.0,78.1,0.0,0.3,21.3,0.3,3.0,0.3,54.7
35610911,rural,2030.0,7.5,7.5,9.9,50.6,55.0,34.8,40.4,3.1,9.4,5.8,5.1,5.5,7.2,6.9,6.2,5.9,5.6,5.5,3.4,2.6,5.9,6.8,30.2,60.8,2.3,6.7,28.6,3.5,93.5,57.0,0.0,23.2,14.1,5.2,2.5,96.9,0.1,96.0,0.6,0.0,99.9,0.1,12.3,56.8,0.0,13.0,13.0,71.5,0.3,0.0,0.0,2.2,48.5,2.49,316.0,17.4,11.9,576.0,3.5,95.7,0.5,93.4,6.8,0.2,0.0,6.4,93.4,0.0,2.1,3.8,4.3,11.3,8.7,75.7,98.6,89.9,0.5,0.9,82.5,16.7,0.0,0.2,7.3,0.0,1.0,91.5,0.2,6.2,0.0,99.8
35610913,rural,5040.0,6.9,9.0,9.6,46.2,48.9,28.8,19.1,3.0,8.5,5.1,4.2,5.0,6.0,7.6,7.4,6.2,6.2,5.8,4.0,3.3,5.2,6.6,25.2,66.2,2.2,6.3,27.4,2.8,96.3,52.0,1.2,23.7,16.3,6.9,3.0,90.0,3.7,93.5,0.5,0.0,99.0,1.6,6.9,40.0,0.9,35.5,6.1,40.3,1.7,0.1,0.2,15.2,50.6,2.56,874.0,18.3,12.5,1334.0,3.8,83.9,1.7,97.4,40.5,0.6,0.1,13.4,84.2,0.6,1.5,14.4,12.0,17.3,29.5,41.2,96.9,95.9,17.3,2.9,91.6,5.6,0.9,5.9,72.6,0.1,0.3,26.9,0.1,1.7,1.1,93.2
35610913,urban,4299.0,6.7,9.3,10.4,29.9,36.1,22.6,43.0,4.1,8.7,6.1,4.7,5.1,5.8,6.0,6.1,6.4,5.8,6.8,4.9,3.0,4.1,5.8,28.7,62.0,3.2,6.2,28.3,2.4,97.1,34.1,1.6,24.2,16.9,13.5,7.8,96.6,25.8,62.9,0.4,0.0,99.4,1.3,19.8,61.7,3.2,26.5,23.0,43.4,1.0,0.0,2.5,0.5,54.9,1.83,408.0,18.799999999999997,12.0,1178.0,3.6,64.3,20.1,99.4,98.5,0.3,0.1,98.0,0.6,0.3,1.2,15.6,16.9,26.1,53.7,3.3,99.5,99.7,80.6,87.0,11.8,1.2,64.9,31.3,99.8,0.1,0.0,0.0,0.1,,0.8,3.8
35611101,rural,9632.0,9.2,9.5,9.2,45.0,48.8,38.4,43.6,1.5,7.3,5.9,5.5,6.8,7.5,7.1,6.3,5.8,5.1,4.9,3.6,2.5,3.7,8.8,30.4,62.3,1.3,6.0,29.3,3.1,96.4,50.4,1.8,27.6,14.8,4.0,3.0,99.3,0.3,0.0,1.2,0.1,99.5,0.4,7.7,37.9,0.0,39.2,7.2,44.9,2.6,0.1,0.2,5.7,49.0,2.43,1502.0,14.7,9.8,2363.0,4.1,87.7,1.0,83.3,3.8,0.1,0.2,16.2,80.4,0.8,1.8,11.3,9.9,10.2,26.7,53.3,97.0,89.1,21.9,1.9,35.6,62.5,0.0,3.1,59.4,0.2,0.0,29.7,10.7,2.3,2.3,97.0
35611103,rural,6625.0,8.1,9.2,8.8,47.8,55.3,36.2,49.3,1.8,8.6,6.5,6.1,6.6,6.7,6.6,6.2,4.5,4.6,5.4,4.6,3.5,4.2,9.7,35.8,56.3,1.4,6.5,30.3,3.2,93.4,52.9,1.1,30.0,9.4,2.5,1.7,99.0,0.1,0.0,0.1,0.1,99.8,0.1,2.3,17.0,0.6,36.9,9.0,40.8,6.9,4.1,1.1,0.6,49.0,2.82,897.0,17.7,12.3,1462.0,4.5,88.8,0.1,95.1,0.5,0.1,0.0,7.1,92.5,0.3,1.9,11.2,6.9,7.3,21.2,64.7,83.8,87.9,4.2,0.4,28.7,70.9,0.0,0.0,50.2,0.3,0.3,48.9,0.3,2.2,0.1,100.0
35611105,rural,5942.0,8.2,9.8,9.9,43.4,47.0,33.5,52.9,1.9,8.2,5.5,4.6,5.8,7.1,7.5,6.7,5.7,5.1,4.5,4.1,3.1,4.4,12.1,29.3,62.8,1.3,6.6,28.7,3.1,97.8,49.3,1.0,28.5,15.7,4.7,3.0,99.5,0.2,0.1,0.2,0.1,99.7,0.3,6.6,50.8,0.0,37.4,10.4,46.9,1.0,0.1,1.3,2.8,51.1,2.94,676.0,16.1,11.6,1462.0,4.1,81.8,0.5,85.1,0.1,0.0,0.0,18.6,81.0,0.3,1.8,17.7,9.5,8.2,19.2,63.2,97.1,93.6,4.8,1.5,25.6,72.9,0.0,0.2,53.8,0.1,0.0,44.8,1.2,1.5,0.1,99.8
35611107,rural,7054.0,7.4,9.0,9.1,46.4,52.7,18.5,34.1,2.2,7.8,5.9,5.5,6.3,5.9,6.3,5.5,6.3,6.0,6.9,4.5,3.2,4.4,12.2,32.2,58.5,1.8,7.4,30.2,3.3,95.2,51.7,1.5,25.5,11.6,5.0,3.6,99.1,0.2,0.1,0.2,0.0,99.9,0.1,7.3,38.3,0.5,28.5,23.2,33.2,0.6,1.9,2.7,9.4,51.3,2.22,641.0,19.0,12.100000000000001,1846.0,3.8,93.4,1.1,91.9,2.1,0.0,0.7,6.8,92.0,0.4,1.6,5.5,7.6,7.9,21.8,62.7,69.5,79.3,5.3,0.0,63.4,36.6,0.1,0.0,36.4,0.1,0.0,63.1,0.5,3.1,0.2,99.89999999999999
35611109,rural,7799.0,8.4,10.0,9.7,40.9,45.6,29.1,40.7,2.0,8.4,5.8,5.6,6.1,7.2,7.7,6.1,4.9,4.6,4.8,3.7,2.8,4.2,8.5,31.1,61.7,1.6,5.7,29.0,2.9,97.2,46.1,1.1,25.2,17.2,6.3,4.5,99.2,0.4,0.1,0.1,0.1,99.8,0.3,11.8,47.0,0.5,21.9,17.4,53.8,2.0,0.1,1.9,2.5,49.6,2.34,968.0,15.5,10.7,1957.0,4.0,78.5,6.7,93.6,18.4,0.2,0.1,34.7,62.0,3.0,1.8,14.8,11.2,16.2,34.4,38.1,95.3,93.3,32.0,16.4,46.9,36.7,9.6,6.0,62.1,0.0,0.1,37.1,0.8,1.7,0.1,84.39999999999999
35611111,rural,5994.0,7.4,9.6,9.7,47.8,51.7,34.5,24.9,1.9,7.7,5.8,5.1,5.7,6.3,6.8,6.7,5.6,5.5,5.4,4.1,3.6,5.2,10.9,30.0,62.8,1.5,5.7,28.7,3.3,97.4,53.9,0.3,27.6,13.2,4.7,2.6,99.4,0.3,0.0,0.2,0.0,99.9,0.1,14.5,64.3,0.2,48.6,6.1,33.2,8.3,0.3,3.2,0.3,49.5,2.03,1139.0,18.3,12.899999999999999,1527.0,3.9,88.5,0.3,92.5,2.0,0.0,0.0,6.6,93.3,0.1,1.6,11.2,8.4,8.1,14.4,69.1,97.1,95.8,1.2,0.3,39.0,60.8,0.0,0.1,72.8,0.1,0.2,26.4,0.5,3.7,0.0,99.9
35611113,rural,8872.0,8.4,9.2,10.3,43.7,52.5,31.6,68.0,1.7,9.5,6.6,6.6,6.2,7.0,6.5,5.2,5.3,4.9,4.9,3.9,2.4,3.1,5.8,33.8,60.7,1.2,4.4,29.5,3.8,95.3,49.6,1.1,27.3,12.0,3.8,3.3,98.6,0.3,0.0,0.2,0.0,99.8,0.3,4.8,22.3,0.2,13.0,20.3,40.1,3.4,0.6,2.9,19.5,48.6,2.7,646.0,14.3,9.4,2082.0,4.3,92.5,0.4,89.4,0.4,0.0,0.0,6.5,82.7,0.8,2.1,7.1,7.3,12.0,27.8,52.9,87.7,93.8,21.0,0.2,28.5,71.3,0.0,0.1,32.4,0.1,0.0,67.2,0.2,10.4,10.0,99.9
35611113,urban,1535.0,8.2,7.9,8.1,32.7,37.9,31.6,34.0,4.2,7.9,6.8,6.1,5.1,6.4,6.8,5.7,7.5,6.5,5.6,3.8,3.3,4.1,5.1,30.8,57.5,2.7,9.0,27.1,3.1,98.0,36.2,2.0,28.9,14.9,8.1,8.3,99.3,1.0,0.3,0.1,0.1,99.8,0.7,25.4,74.6,0.0,39.9,35.8,19.8,0.8,1.6,0.8,1.2,52.4,1.9,243.0,16.799999999999997,11.2,450.0,3.4,80.2,10.7,96.4,0.4,0.0,0.0,28.7,40.4,0.7,1.4,9.1,7.8,10.4,20.0,61.8,97.8,99.3,43.8,0.0,0.0,100.0,0.0,0.0,45.6,0.0,0.0,53.8,0.7,,30.2,100.0
35611115,rural,5773.0,8.8,9.9,9.7,47.2,54.8,30.6,29.4,1.5,6.9,5.4,5.0,5.5,7.5,7.1,6.8,5.9,4.9,5.3,3.8,2.9,4.7,7.2,29.0,64.8,1.3,5.0,28.5,2.7,93.7,52.8,0.5,25.3,13.0,4.2,2.3,98.9,0.1,0.1,0.0,0.1,99.9,0.2,3.0,26.4,18.7,44.7,3.7,9.0,0.4,0.1,2.7,20.6,49.7,2.2,892.0,16.7,11.399999999999999,1494.0,3.9,85.5,0.0,85.8,4.8,0.1,0.0,8.4,90.8,0.7,1.8,14.5,5.5,7.0,13.2,74.3,97.7,97.2,17.5,1.7,59.2,39.1,0.1,0.1,78.2,0.2,0.1,14.3,7.2,2.3,0.1,99.8
35611301,rural,4209.0,8.2,8.7,9.6,51.0,54.4,32.2,2.2,1.5,7.5,6.0,5.9,6.8,6.3,7.2,6.3,5.9,4.5,4.9,4.9,2.9,4.6,6.0,30.8,61.5,1.2,6.5,28.7,2.9,96.3,57.4,0.5,23.5,15.4,3.5,2.6,99.3,8.9,4.8,0.3,0.0,99.8,0.3,4.5,25.9,0.1,36.8,5.9,47.2,0.9,0.3,0.1,8.6,49.7,2.92,975.0,17.3,12.4,1013.0,4.2,66.9,0.1,96.1,0.9,0.0,0.0,5.2,94.6,0.1,2.1,33.0,4.6,8.6,14.2,72.6,94.3,70.1,3.2,3.5,46.7,49.9,26.3,0.2,21.6,0.2,0.0,77.9,0.3,2.5,0.1,73.5
35611303,rural,17322.0,8.2,10.0,9.1,40.9,44.5,33.8,34.6,1.9,7.9,6.6,5.7,6.4,7.2,6.7,6.1,5.2,4.6,5.5,3.9,2.9,3.9,8.4,33.1,61.0,1.6,4.3,29.0,3.1,95.0,45.8,1.8,24.9,17.4,7.2,4.1,97.2,0.8,0.3,1.1,0.0,99.8,0.3,12.6,50.8,1.1,26.4,6.8,59.1,2.9,0.2,2.5,1.0,49.2,2.21,2781.0,16.2,10.7,3995.0,4.3,75.9,4.8,95.4,33.3,0.5,0.0,29.0,69.6,0.4,1.7,19.2,11.0,25.8,27.2,36.0,97.7,98.0,46.1,13.9,51.8,34.3,14.0,2.0,81.8,0.0,0.5,17.4,0.3,2.6,0.6,84.0
35611305,rural,10798.0,8.4,10.6,10.2,41.4,45.1,31.5,42.6,1.7,9.5,6.6,5.5,6.0,6.8,6.5,5.4,5.2,4.4,4.3,3.9,2.6,4.2,12.6,32.8,60.6,1.3,5.3,27.6,3.5,96.6,47.1,0.7,29.6,16.2,5.5,3.0,99.3,0.2,0.0,0.0,0.0,100.0,0.0,6.4,35.3,0.4,15.3,9.9,68.5,2.3,1.2,1.1,1.4,49.3,2.32,1384.0,15.0,10.7,2638.0,4.1,94.5,1.3,92.3,10.2,0.0,0.0,27.1,72.3,0.4,1.9,4.2,11.6,10.8,26.1,51.5,97.4,97.7,11.3,4.7,21.6,73.8,6.4,0.0,82.5,0.2,0.0,16.6,0.7,2.1,0.2,93.60000000000001
35611307,rural,21729.0,8.0,9.5,10.3,41.2,45.7,35.5,37.5,2.3,8.7,6.9,6.4,6.6,7.0,6.9,6.2,5.1,4.1,4.9,3.4,2.5,3.6,5.8,33.0,60.9,1.7,4.4,29.6,3.3,96.3,46.5,1.2,27.5,17.3,5.2,3.1,99.0,16.9,0.2,0.4,0.1,99.7,0.2,5.7,38.2,1.2,25.4,6.2,62.9,1.0,1.3,0.0,2.0,49.0,1.55,3479.0,14.4,9.5,4840.0,4.5,82.4,3.7,89.8,53.5,0.5,0.0,32.1,66.9,0.3,1.8,14.0,15.0,28.8,34.9,21.3,94.4,95.3,22.2,23.0,52.1,25.0,8.5,14.1,80.9,0.2,0.1,18.8,0.0,1.3,0.2,77.39999999999999
35611309,rural,5187.0,8.4,9.3,9.6,42.8,46.2,37.4,13.0,2.5,7.6,5.6,5.6,5.4,7.9,7.5,6.7,5.6,4.2,5.1,3.8,3.5,4.2,5.7,31.9,61.5,2.0,4.7,29.3,3.2,84.0,48.0,1.0,31.9,14.6,3.9,2.4,98.8,0.8,0.2,2.7,0.0,99.8,0.3,3.3,18.1,0.3,51.2,5.3,30.2,8.8,0.7,2.0,1.5,49.0,2.19,1227.0,16.599999999999998,11.5,1288.0,4.0,85.7,0.5,92.2,5.8,0.0,0.0,19.6,79.3,0.8,1.7,13.8,9.4,19.0,24.0,47.6,98.4,86.7,19.7,1.3,54.2,44.5,0.1,0.2,84.2,0.3,0.0,15.0,0.5,3.3,0.3,99.60000000000001
35611311,rural,3422.0,7.7,9.4,8.9,40.9,45.6,34.5,14.1,1.3,7.9,5.3,5.3,6.8,7.5,7.2,6.0,6.1,5.0,5.4,4.0,2.8,4.7,5.0,33.2,61.2,1.2,4.4,29.0,2.2,97.1,45.6,0.8,29.9,15.9,4.4,3.4,99.0,0.3,0.0,0.2,0.0,99.8,0.2,9.1,42.0,1.1,48.7,5.6,36.4,5.5,0.7,2.0,0.1,48.8,1.76,751.0,16.9,11.5,832.0,4.1,84.9,4.1,93.6,31.0,0.2,0.0,36.7,62.3,0.2,1.8,11.0,9.4,19.4,39.0,32.2,97.3,97.0,31.3,13.4,58.1,28.6,0.8,25.7,87.6,0.0,0.0,11.9,0.5,2.3,0.5,73.5
35611313,rural,7882.0,9.3,10.1,10.0,49.3,52.8,33.8,49.1,0.6,9.3,6.2,5.7,6.4,7.5,6.2,5.3,5.6,4.0,5.0,3.4,2.7,3.4,8.4,30.1,65.3,0.6,4.0,28.5,3.9,94.1,55.9,1.2,29.1,12.4,2.6,1.9,99.4,0.2,0.1,0.1,0.0,99.8,0.1,6.7,64.7,0.5,40.0,6.4,48.6,2.1,0.5,1.7,0.2,48.6,2.65,959.0,14.500000000000002,9.5,1819.0,4.3,91.0,0.9,97.2,7.9,0.0,0.0,25.3,74.2,0.3,2.2,8.1,16.2,15.2,15.0,53.6,97.4,98.8,20.7,0.8,47.9,51.3,0.1,0.9,95.1,0.1,0.3,4.5,0.1,1.7,0.3,99.0
35611315,rural,6771.0,7.9,8.3,10.1,51.3,57.0,28.0,30.1,2.2,9.0,6.3,5.2,6.6,6.6,6.9,6.6,5.5,4.5,4.4,3.2,3.0,5.9,10.3,29.2,63.3,1.4,6.0,27.6,3.1,94.3,58.0,0.5,19.3,12.4,6.5,4.5,96.4,0.4,90.1,0.4,0.0,99.5,0.9,10.4,39.2,0.9,59.8,17.4,16.4,3.1,0.1,0.3,1.9,51.4,2.63,976.0,16.5,12.100000000000001,1664.0,4.1,82.4,2.8,93.9,13.6,0.1,1.2,4.8,92.3,0.6,1.8,14.8,5.8,5.8,17.6,70.8,90.6,92.6,20.5,4.1,53.5,42.4,6.0,0.2,18.2,0.2,0.7,80.0,0.9,3.6,1.0,93.8
35910101,urban,4545.0,9.0,10.5,11.0,26.6,33.3,47.5,9.2,7.0,7.9,6.1,6.4,6.2,7.8,6.6,5.9,4.9,4.1,5.0,3.5,3.0,2.1,3.7,28.1,62.3,4.7,4.9,27.1,3.0,96.7,30.5,2.0,33.5,18.3,9.3,3.7,98.9,2.1,1.2,0.0,0.1,99.8,0.8,8.0,51.7,0.5,63.1,7.6,22.4,0.6,0.3,4.4,1.0,48.4,3.0,1361.0,13.6,8.6,1114.0,4.1,57.4,21.6,99.2,99.2,0.5,0.0,87.2,10.2,1.4,1.8,20.9,15.2,24.9,59.0,0.9,98.2,99.4,34.1,74.7,25.2,0.1,73.1,0.0,99.9,0.0,0.0,0.1,0.0,,0.7,26.8
35910103,rural,42696.0,9.7,11.2,11.2,29.3,35.7,39.8,20.1,3.8,9.1,7.5,6.6,7.1,7.3,7.2,5.9,4.5,3.5,3.7,2.3,1.6,1.7,4.0,29.5,64.2,3.0,3.3,26.2,3.4,95.8,33.7,1.9,32.0,17.2,8.8,4.5,98.5,0.9,0.7,0.3,0.0,99.7,0.3,8.6,44.1,2.0,17.3,5.8,46.1,1.8,3.4,2.5,21.1,48.6,2.54,9211.0,9.299999999999999,5.6,9797.0,4.4,81.4,4.5,94.2,75.6,1.3,4.3,66.2,14.8,1.1,1.9,14.1,27.5,34.2,29.5,8.8,85.5,92.5,59.7,14.5,69.9,15.6,27.8,45.6,98.7,0.3,0.0,0.4,0.6,0.7,12.3,26.6
35910103,urban,42712.0,9.3,11.0,11.6,24.5,32.3,41.7,19.8,3.6,10.2,7.5,6.2,6.7,7.2,7.4,6.1,4.9,3.8,3.5,2.1,1.3,1.3,4.6,31.0,63.9,2.4,2.7,26.9,3.5,95.8,28.4,1.2,29.3,18.2,10.3,8.6,98.7,1.0,1.0,0.7,0.0,99.7,0.3,16.4,49.9,3.8,23.3,12.0,46.1,0.7,3.1,4.5,6.6,49.3,2.48,9723.0,8.2,4.7,9860.0,4.3,72.5,13.4,94.6,92.7,7.7,6.5,78.0,2.6,1.1,1.6,14.1,78.4,11.6,7.3,2.8,97.0,98.6,64.8,89.1,7.7,3.2,62.1,32.0,99.4,0.4,0.1,0.1,0.1,,4.2,5.9
35910303,rural,6145.0,10.4,11.6,12.4,45.7,47.8,38.1,31.6,1.3,9.3,7.2,7.0,6.6,7.0,5.8,5.1,4.3,3.0,3.1,2.6,2.1,2.5,4.5,30.6,64.5,1.1,3.8,26.2,4.4,91.4,53.9,1.8,33.0,11.5,3.8,2.1,99.3,0.4,0.0,0.0,0.1,99.5,0.5,7.8,34.4,0.1,33.0,4.9,45.8,13.4,2.0,0.6,0.2,45.9,2.93,1051.0,10.3,7.2,1305.0,4.7,97.4,0.5,98.4,21.8,0.1,0.0,0.8,97.6,1.2,2.1,2.1,5.9,20.6,50.3,23.2,98.8,97.1,37.1,1.5,42.5,55.9,0.2,0.2,76.8,0.2,0.0,21.0,2.0,0.5,0.3,99.60000000000001
35910305,rural,26504.0,9.5,11.0,11.2,32.4,36.9,39.6,25.3,3.5,8.9,7.1,6.4,6.9,7.3,6.8,5.9,4.8,3.7,3.5,2.6,2.2,2.4,5.1,30.8,63.1,2.6,3.5,26.1,3.3,91.4,37.4,1.9,33.5,16.9,6.9,3.9,98.5,0.8,0.5,0.5,0.0,99.5,1.1,8.2,45.7,1.5,24.1,6.0,58.0,1.9,0.6,2.9,5.0,48.4,2.68,5355.0,10.700000000000001,7.200000000000001,5783.0,4.6,49.3,0.7,96.7,82.6,0.3,0.0,48.3,48.0,1.2,2.0,50.0,22.1,22.5,33.7,21.7,95.7,96.0,30.1,6.6,36.9,56.5,27.7,5.2,97.4,0.1,0.0,2.3,0.1,0.5,2.2,67.10000000000001
35910307,rural,11981.0,9.8,11.7,11.2,40.9,44.4,42.4,25.2,2.3,10.3,8.1,6.4,6.8,6.8,5.7,5.0,4.2,3.5,3.4,2.6,2.3,2.4,6.0,31.4,62.6,1.8,4.2,26.8,4.1,96.0,47.4,2.1,32.9,13.8,4.5,2.4,99.4,0.2,0.1,0.0,0.0,99.7,0.3,4.7,23.8,1.4,31.1,2.5,50.3,13.8,0.2,0.5,0.3,46.8,2.93,2560.0,10.700000000000001,7.300000000000001,2333.0,5.1,95.1,0.4,96.9,21.3,0.2,0.2,16.1,82.8,0.6,2.3,4.5,23.8,16.6,22.7,36.9,97.2,97.2,20.3,0.3,32.4,67.2,0.1,0.0,78.6,0.3,0.1,20.8,0.3,1.0,0.1,99.80000000000001
35910501,rural,12354.0,8.9,10.4,10.1,43.2,46.1,32.8,47.6,1.8,9.2,7.2,6.2,7.0,6.9,6.8,5.9,5.2,4.2,3.6,2.8,2.4,3.2,7.0,33.2,62.2,1.3,3.2,28.7,3.2,90.9,49.0,1.5,33.1,12.8,4.7,1.9,96.7,0.2,0.0,2.0,0.3,100.0,0.7,5.0,21.8,0.8,20.7,10.8,42.8,1.1,3.8,4.4,15.6,47.2,2.56,1497.0,12.0,8.399999999999999,2639.0,4.7,54.0,0.4,95.6,22.4,0.0,0.0,7.0,91.8,0.6,2.1,45.6,18.7,16.7,26.5,38.2,96.5,92.9,2.8,0.0,45.6,54.4,0.0,0.0,72.9,0.2,1.0,25.7,0.2,2.6,0.5,100.0
35910502,rural,14910.0,9.3,10.5,10.5,39.1,42.8,37.5,24.0,3.0,8.7,7.5,6.7,6.8,7.2,6.9,6.1,4.8,4.0,3.7,2.8,2.2,2.5,4.6,32.7,61.6,2.0,3.8,27.7,3.2,90.5,44.8,1.3,30.3,15.4,6.4,3.8,98.8,0.4,0.3,0.1,0.0,99.8,0.3,8.8,44.3,0.5,16.2,6.3,61.9,0.9,3.4,3.0,7.8,48.0,2.22,2961.0,11.2,7.5,3277.0,4.5,61.2,2.7,96.0,42.1,0.0,14.0,33.8,50.3,0.6,1.8,36.1,20.2,24.5,35.1,20.2,94.8,93.9,25.1,22.6,38.8,38.7,28.0,0.3,99.6,0.3,0.0,0.2,0.0,0.6,1.3,71.8
35910503,rural,14715.0,10.5,11.2,10.9,44.1,48.1,38.8,8.2,1.6,9.0,7.1,6.2,6.9,7.4,6.5,5.2,4.5,3.5,3.5,2.3,2.2,3.1,5.4,32.6,63.4,1.0,3.0,28.0,3.7,95.5,51.1,1.8,32.1,12.3,3.9,1.7,98.3,0.2,0.0,0.0,0.1,99.9,0.3,4.7,25.5,12.3,36.9,4.3,33.7,11.9,0.6,0.2,0.0,47.5,3.0,3533.0,11.1,7.6,2985.0,4.9,97.3,0.5,93.1,40.0,0.0,0.4,7.3,91.9,0.3,1.8,2.2,12.4,24.8,39.4,23.4,97.3,96.0,34.2,1.3,47.7,51.0,0.5,0.2,97.1,2.3,0.0,0.3,0.3,1.2,0.1,99.2
35910505,rural,11523.0,9.2,11.1,11.0,42.8,49.0,41.1,16.5,2.3,9.4,6.8,6.5,6.6,7.3,6.4,5.6,4.4,3.9,3.9,2.6,2.2,3.2,3.9,30.6,64.0,1.7,3.7,27.2,3.7,90.9,49.6,1.0,28.7,14.0,4.2,3.2,99.7,0.4,0.4,1.0,0.0,99.8,0.4,5.2,29.0,0.5,26.1,4.6,17.7,10.4,1.5,11.5,27.8,48.2,2.84,2711.0,11.899999999999999,8.0,2515.0,4.6,71.2,4.9,98.0,41.0,0.0,0.0,24.8,74.6,0.5,2.1,23.9,8.9,15.8,50.1,25.3,98.6,98.6,32.3,20.0,39.1,40.9,10.2,11.7,99.1,0.4,0.0,0.2,0.3,2.0,0.1,78.1
35910507,rural,9398.0,10.1,11.2,10.7,45.7,50.8,41.2,10.3,1.3,9.5,7.1,5.8,6.9,6.9,6.1,4.8,4.7,4.0,3.2,2.9,2.2,3.9,5.1,32.5,62.4,1.0,4.1,28.2,4.0,95.9,52.4,0.5,30.3,12.3,4.0,2.2,98.8,0.1,0.0,0.0,0.0,99.8,0.1,3.0,28.7,0.2,31.2,6.1,41.9,8.0,0.5,3.0,9.1,47.0,3.25,2365.0,12.200000000000001,9.0,2054.0,4.6,88.5,0.1,96.0,2.7,0.0,0.0,6.0,93.5,0.3,2.2,11.4,12.5,15.5,32.0,40.0,96.8,94.6,11.7,0.6,71.3,28.0,0.1,0.1,99.4,0.0,0.1,0.2,0.2,1.3,0.1,99.7
35910509,rural,13088.0,9.9,11.5,10.6,40.4,50.4,37.6,16.9,1.3,9.1,7.4,6.5,7.4,7.2,5.9,5.2,4.6,3.7,3.5,2.5,2.1,2.9,5.2,34.0,62.4,0.8,2.8,28.1,3.7,80.2,46.6,1.0,30.9,11.4,4.0,2.3,97.3,0.3,0.0,0.0,0.0,99.8,0.1,4.4,19.5,0.9,31.3,8.0,30.8,12.1,13.0,0.8,3.1,46.4,3.27,2780.0,11.0,7.5,2686.0,4.9,93.8,0.1,97.0,27.7,0.0,0.1,2.9,96.6,0.4,2.0,6.1,18.7,27.6,39.3,14.3,98.4,96.4,32.7,1.8,50.9,47.3,0.0,0.4,98.2,0.0,0.1,1.6,0.0,1.2,0.1,99.60000000000001
42810101,urban,500772.0,6.9,8.1,8.1,13.1,20.3,44.5,20.0,6.2,7.3,7.8,7.6,7.9,7.1,6.8,6.0,5.9,5.3,5.5,4.0,2.7,3.0,4.0,34.0,56.3,4.5,5.1,29.0,2.3,95.9,14.4,1.9,22.7,17.9,18.6,18.6,98.5,5.4,2.6,0.6,0.1,99.3,1.0,29.8,70.2,3.5,19.1,20.2,50.0,0.8,1.1,2.3,3.1,51.2,1.72,137161.0,15.2,9.7,138708.0,3.6,62.5,27.8,99.3,98.8,3.3,27.7,65.6,0.2,0.7,1.3,9.7,32.9,27.9,34.9,4.4,98.9,99.7,86.1,96.5,3.0,0.5,73.8,24.6,99.4,0.5,0.0,0.0,0.1,,2.5,1.6
42810105,urban,58526.0,8.7,9.3,9.1,13.0,22.6,46.2,16.1,6.0,7.6,8.0,8.4,9.1,7.9,6.9,5.6,5.1,4.2,4.3,2.8,1.6,1.4,3.0,31.9,60.3,4.2,3.6,28.4,2.8,96.5,14.4,1.8,24.1,19.6,17.9,13.9,98.8,4.0,2.5,0.5,0.2,99.6,0.7,29.5,71.2,3.0,20.4,18.8,50.0,0.7,1.4,1.6,4.2,50.4,2.26,16513.0,10.1,5.800000000000001,16071.0,3.6,62.1,29.8,99.4,99.6,4.2,24.5,70.7,0.0,0.5,1.2,8.1,43.0,29.8,26.6,0.6,99.1,99.8,88.2,99.4,0.5,0.2,68.7,30.8,99.7,0.1,0.0,0.0,0.2,,0.1,0.5
42810111,urban,69036.0,7.5,9.3,9.9,26.8,34.4,39.2,17.9,5.8,8.4,7.9,6.6,7.1,6.9,7.3,5.8,5.8,4.4,5.1,3.2,2.5,2.5,4.2,32.5,58.0,4.0,5.5,28.0,2.8,94.9,30.1,1.5,26.2,17.9,11.2,8.8,98.7,2.3,0.7,0.3,0.0,99.8,0.6,13.6,42.5,1.8,41.0,14.3,31.1,1.3,1.8,3.0,5.7,50.5,1.74,16284.0,13.3,8.2,16401.0,4.2,77.2,14.1,99.0,98.9,0.6,2.0,95.7,0.0,0.5,1.6,8.7,14.5,29.9,51.5,4.1,98.7,99.4,68.9,91.0,7.7,1.3,56.4,34.1,99.5,0.1,0.1,0.2,0.1,,1.3,9.5
42810113,rural,8972.0,10.5,11.1,10.7,34.0,36.5,40.2,11.5,4.1,9.4,8.0,7.6,7.0,7.2,7.0,5.1,4.3,3.0,3.4,2.7,1.5,1.4,5.0,27.8,66.3,2.9,3.0,24.9,3.7,94.4,38.9,1.3,34.8,19.0,5.8,2.6,98.8,2.6,1.6,0.1,0.0,99.7,1.8,6.7,24.5,0.7,21.6,3.8,63.0,2.6,0.8,2.3,5.2,48.6,2.57,2155.0,9.0,5.6,2144.0,4.2,84.6,0.3,84.7,0.7,0.9,0.1,50.4,19.6,0.7,1.5,15.1,23.3,42.2,31.6,2.9,96.2,96.9,39.5,2.1,82.9,15.0,25.5,0.5,85.2,0.1,1.4,12.6,0.7,0.6,28.2,74.0
42810113,urban,67255.0,8.5,9.8,10.6,25.4,32.1,43.9,24.3,4.6,9.6,8.9,7.3,7.3,6.9,6.7,5.9,5.4,4.3,3.9,2.3,1.4,1.2,3.4,32.3,61.1,3.2,3.4,27.4,3.2,96.6,28.9,2.1,28.9,20.3,11.1,5.5,98.9,7.3,2.8,0.2,0.0,99.8,1.1,12.1,46.5,1.3,34.9,8.7,47.7,1.1,2.4,2.1,1.7,49.6,2.16,15869.0,8.799999999999999,4.8999999999999995,16455.0,4.1,89.1,3.4,93.7,35.4,0.1,0.0,55.3,0.1,0.3,1.7,7.5,24.4,38.9,36.2,0.5,98.7,99.4,34.8,33.4,32.1,34.5,56.4,11.3,99.0,0.3,0.2,0.3,0.1,,44.2,32.3
42810301,rural,37935.0,11.1,11.8,11.8,39.5,44.6,43.3,17.3,4.3,9.2,7.8,7.1,7.3,7.0,6.3,5.0,4.2,3.3,3.2,1.9,1.4,1.6,4.0,27.5,65.3,3.0,4.2,24.2,3.8,94.9,46.1,1.0,29.6,16.6,6.1,2.1,99.5,0.5,0.1,0.0,0.1,99.9,0.1,5.7,35.1,0.7,27.5,2.0,56.7,2.6,0.1,1.2,9.1,48.8,2.75,8881.0,8.1,4.9,7486.0,5.1,87.2,0.5,78.8,8.6,0.0,0.0,18.7,76.5,0.5,2.0,12.3,43.5,26.6,25.5,4.4,92.4,82.4,48.1,0.3,49.9,49.9,0.1,5.3,73.0,0.0,9.6,17.2,0.2,0.6,4.2,94.6
42810305,rural,22652.0,10.7,12.1,11.9,38.0,43.1,40.7,16.9,3.8,9.3,7.6,6.7,7.3,7.3,6.7,5.2,4.3,3.1,2.8,1.8,1.4,1.7,4.3,27.0,67.5,2.6,3.0,25.3,3.5,96.2,44.3,1.2,31.8,16.4,5.8,1.8,99.1,1.3,0.5,0.0,0.1,99.9,0.5,6.8,51.3,1.5,28.5,3.0,51.8,2.0,7.7,2.5,2.9,49.0,2.43,4996.0,7.7,4.9,4694.0,4.8,90.7,0.0,86.8,22.8,0.4,0.0,35.9,38.7,0.5,2.0,9.3,31.1,42.6,21.4,4.9,98.9,98.1,64.2,1.8,71.1,27.1,0.1,0.1,92.8,0.8,1.0,5.3,0.1,0.5,24.4,99.8
42810311,rural,23848.0,9.9,11.0,10.7,33.5,39.4,43.7,18.0,3.9,8.4,7.9,6.7,7.4,7.7,7.2,5.6,4.6,3.6,3.2,2.5,1.9,1.9,3.2,30.2,63.3,3.0,3.4,26.3,3.0,93.4,38.2,0.5,30.7,20.0,6.5,3.0,97.6,0.8,0.1,0.1,0.1,99.6,0.5,7.3,40.1,1.3,36.3,3.1,52.0,3.1,0.8,1.3,2.0,48.8,2.39,5838.0,9.5,6.300000000000001,4664.0,5.1,94.1,0.4,90.5,8.7,0.6,0.1,58.3,28.5,2.0,1.8,5.5,36.3,36.4,21.2,6.2,96.7,96.2,67.3,3.7,67.8,28.5,0.1,0.5,94.3,0.1,0.8,4.4,0.4,1.1,10.4,99.39999999999999
42810503,rural,53524.0,11.1,12.4,11.4,44.2,52.2,43.0,12.5,3.0,9.0,7.9,6.9,7.7,7.3,6.5,4.9,3.9,3.0,3.0,1.9,1.6,1.5,3.5,27.1,67.4,2.2,3.4,24.9,3.8,89.2,51.0,0.4,28.9,12.6,3.8,2.0,98.4,0.2,0.1,0.0,0.1,99.9,0.1,4.3,21.0,7.6,31.6,3.2,39.6,12.8,0.4,0.7,4.1,47.6,2.66,13091.0,8.0,5.0,9027.0,5.9,91.4,0.1,97.5,12.7,0.0,0.0,13.1,85.3,0.3,2.1,8.5,33.9,33.6,27.5,5.1,96.8,98.1,71.6,2.4,47.8,49.9,0.7,0.7,99.8,0.1,0.0,0.0,0.0,0.8,1.3,98.7
42810507,rural,41433.0,10.1,10.6,11.3,35.8,44.0,46.5,9.0,4.0,9.2,8.4,6.9,7.3,7.1,7.0,5.4,4.4,3.5,3.2,2.2,1.7,1.8,3.4,27.9,65.8,2.7,3.6,25.5,3.8,90.5,41.3,0.7,30.6,18.6,4.4,1.8,99.1,0.6,0.1,0.0,0.1,99.8,0.3,4.2,30.3,7.0,30.0,2.3,43.7,10.0,2.0,0.9,4.0,48.5,2.31,11924.0,8.9,5.7,7731.0,5.4,94.5,0.3,96.4,5.0,0.5,0.1,70.6,22.1,1.2,1.9,5.2,32.5,31.4,30.9,5.2,97.0,97.9,75.0,6.2,63.2,30.6,0.0,0.3,97.6,1.0,0.2,1.1,0.1,0.7,5.6,99.6
42810509,rural,36452.0,10.2,11.6,11.7,36.5,41.0,44.0,20.7,4.0,9.5,7.8,6.2,6.8,7.1,6.8,5.8,4.6,3.2,2.9,2.3,1.8,1.9,3.5,30.7,62.0,2.8,4.5,26.2,3.7,94.7,42.4,0.5,33.5,18.2,5.0,1.8,99.1,0.2,0.1,0.0,0.1,99.8,0.3,5.4,36.2,4.2,19.5,2.7,61.4,2.8,3.0,2.0,4.4,47.6,2.76,8458.0,8.899999999999999,6.0,6745.0,5.4,80.6,0.3,92.4,33.6,0.3,0.0,40.3,53.1,0.4,2.1,19.1,46.4,21.8,17.4,14.4,95.4,97.1,63.5,3.5,66.4,30.1,10.6,5.9,98.1,0.1,0.1,1.6,0.1,0.6,5.9,83.5
42810511,rural,24698.0,10.5,11.7,12.0,41.0,46.3,41.8,5.3,4.2,9.5,8.0,6.4,6.7,7.2,7.0,5.2,4.2,3.2,3.0,1.9,1.6,1.7,3.5,28.6,64.5,2.9,4.0,25.2,3.6,89.9,47.3,0.9,30.1,14.4,5.8,2.6,97.8,0.3,0.0,0.1,0.0,99.8,0.3,6.8,34.8,1.2,18.4,0.8,64.2,10.2,0.3,1.4,3.6,48.5,3.05,6429.0,8.2,5.2,4303.0,5.7,94.4,0.5,90.8,9.6,0.0,0.0,41.4,46.2,8.1,2.0,5.1,30.6,31.4,31.9,6.2,92.2,95.4,79.5,3.9,55.9,40.2,0.0,0.1,96.0,0.9,0.2,2.6,0.2,1.0,4.3,99.9
42810701,rural,30594.0,10.1,11.2,11.3,39.7,45.7,40.1,20.0,4.3,9.5,7.2,6.0,6.6,7.1,6.7,5.1,4.6,3.5,3.9,2.6,2.0,2.5,4.9,29.3,63.1,2.8,4.8,26.8,3.9,95.9,45.7,1.3,28.8,16.6,5.7,1.9,98.8,0.1,0.0,0.0,0.1,100.0,0.0,4.5,34.3,1.6,33.5,3.4,52.9,3.6,0.7,1.2,3.2,48.9,2.99,6609.0,11.0,7.1,6381.0,4.8,95.5,0.0,94.8,27.4,0.1,0.0,92.9,3.8,0.1,1.8,4.5,19.3,27.2,37.4,16.1,96.1,96.7,47.1,2.8,31.3,65.9,1.2,0.0,96.1,0.0,1.4,2.3,0.2,1.5,3.0,98.89999999999999
42810701,urban,4478.0,8.2,10.7,10.3,16.6,28.2,41.3,21.2,5.6,8.7,8.0,6.8,6.4,7.0,6.7,5.9,5.0,4.9,4.3,2.9,1.8,2.4,4.2,31.7,59.8,4.0,4.5,28.6,3.2,98.8,18.9,1.3,25.9,17.3,15.8,11.6,99.6,1.2,0.8,1.7,0.1,99.7,0.2,24.4,59.5,2.1,22.5,28.3,43.5,1.4,0.2,1.6,0.5,52.5,1.62,1033.0,11.4,7.1,1164.0,3.8,72.0,20.9,97.1,96.9,0.1,0.1,98.4,0.0,0.8,1.3,7.1,19.1,43.0,32.1,5.8,97.9,99.7,63.6,87.8,11.2,1.0,49.5,42.9,99.1,0.0,0.1,0.5,0.3,,0.7,7.7
42810703,rural,28711.0,9.7,11.1,10.9,39.8,47.4,38.2,17.5,3.7,9.2,7.9,6.7,6.8,7.2,6.6,5.3,4.5,3.5,3.2,2.5,2.3,2.4,5.6,30.9,61.6,2.7,4.8,26.2,4.2,93.5,45.9,1.2,26.8,16.9,5.0,2.8,99.3,0.2,0.0,0.1,0.0,99.9,0.1,6.6,34.2,1.9,24.0,7.3,55.9,1.7,1.2,4.5,3.5,48.3,2.28,6184.0,10.4,7.199999999999999,5378.0,5.3,93.7,0.1,93.0,1.3,0.0,0.0,63.3,34.8,0.5,2.1,6.2,21.4,28.2,38.6,11.8,91.5,93.1,53.9,1.5,62.4,36.1,0.0,0.0,86.8,0.3,0.7,12.0,0.2,0.7,1.4,100.0
42810705,rural,11238.0,9.1,9.9,10.1,39.1,44.0,37.1,26.6,3.6,9.2,7.5,6.3,7.0,7.2,6.9,5.3,5.1,4.0,3.9,2.9,2.7,3.0,4.0,30.1,62.6,2.6,4.7,27.5,3.5,97.1,44.3,2.9,26.0,15.7,8.4,3.0,98.8,0.1,0.0,0.0,0.0,99.8,0.1,5.9,32.4,1.1,26.5,5.5,40.5,3.3,1.3,4.3,17.4,49.0,2.02,2172.0,12.5,8.6,2273.0,4.9,60.3,0.7,94.8,14.8,0.3,0.0,84.8,13.1,0.4,2.1,39.0,21.3,29.3,36.0,13.4,97.7,96.9,54.8,0.2,43.4,56.4,0.0,0.2,91.0,0.0,3.6,5.2,0.2,0.3,1.5,99.8
42810707,rural,6264.0,8.5,9.2,10.3,48.3,54.2,34.9,26.6,3.2,8.8,5.7,5.3,6.2,6.6,6.4,5.7,5.1,4.9,4.7,4.1,3.3,5.2,10.9,28.2,62.1,2.4,7.3,28.1,4.1,97.2,54.9,0.7,23.8,14.1,5.1,2.1,99.0,0.1,0.1,0.0,0.0,99.9,0.2,3.4,19.2,0.8,30.8,6.4,49.5,6.6,0.2,3.7,2.0,49.3,2.87,1152.0,17.3,12.6,1650.0,3.8,90.9,0.6,87.0,31.2,0.1,0.0,23.1,74.5,0.7,1.7,8.4,12.3,13.9,19.4,54.4,77.0,85.1,6.8,0.2,23.3,76.5,0.1,0.1,83.0,0.1,3.0,13.1,0.7,1.3,1.5,99.9
42810901,rural,38577.0,10.3,11.6,11.7,47.4,56.4,43.9,8.2,3.1,10.3,8.4,6.9,7.2,7.2,6.6,4.7,4.1,3.0,3.2,1.8,1.5,1.4,4.3,29.5,64.8,2.1,3.5,25.9,4.2,88.7,54.8,0.5,26.5,12.4,2.9,1.4,95.5,0.1,0.0,0.0,0.0,99.9,0.1,2.2,16.7,3.4,33.1,1.8,52.8,3.2,0.1,3.0,2.6,48.4,2.4,10307.0,7.9,4.699999999999999,7159.0,5.4,94.1,0.2,94.7,10.0,0.3,0.1,54.1,44.3,0.3,1.7,5.8,27.4,38.2,29.8,4.6,95.7,97.7,77.7,4.7,15.2,80.1,0.8,0.1,99.4,0.3,0.1,0.3,0.0,0.6,1.0,99.0
42810909,rural,15374.0,10.3,11.6,10.9,35.4,38.7,35.7,27.0,4.9,8.8,7.4,6.2,6.6,7.4,7.4,5.7,4.5,3.6,3.5,2.0,1.8,2.2,5.4,28.7,64.1,2.8,4.5,25.7,3.4,92.6,40.8,2.1,34.6,16.4,5.4,2.8,99.1,0.1,0.0,0.0,0.0,100.0,0.0,4.9,28.8,0.7,17.8,3.4,73.2,2.9,0.7,0.9,0.4,49.7,2.47,2692.0,9.5,6.0,2768.0,5.6,97.5,0.3,95.1,74.2,0.0,0.0,10.7,86.4,1.5,2.1,2.2,27.3,20.2,50.0,2.5,93.7,96.5,88.7,0.5,56.2,43.4,0.0,0.0,96.8,0.0,0.4,2.6,0.2,1.4,1.4,100.0
42810909,urban,6355.0,10.2,10.8,10.0,22.3,29.1,42.9,20.6,5.3,8.2,7.1,6.8,7.2,7.4,7.7,6.9,5.1,3.2,3.2,2.6,2.0,1.6,3.7,29.8,62.6,3.7,3.9,25.3,2.8,96.3,25.4,2.3,33.2,20.6,9.1,5.8,99.2,3.4,2.2,0.1,0.1,99.7,1.0,16.7,57.8,2.1,23.2,11.9,55.3,3.3,0.2,2.3,1.6,50.3,2.67,1491.0,9.4,6.199999999999999,1417.0,4.5,73.8,19.3,99.2,96.6,0.1,2.3,92.8,1.3,0.9,1.8,6.9,16.0,44.5,39.1,0.4,96.7,98.9,67.4,93.4,6.1,0.5,41.9,56.0,99.6,0.2,0.0,0.1,0.1,,2.6,2.1
42810913,rural,52679.0,10.3,12.0,11.9,40.5,53.7,40.6,16.6,3.7,9.4,8.3,7.0,7.2,7.3,6.5,4.8,3.9,2.8,3.3,2.0,1.6,1.6,4.0,30.0,64.5,2.5,3.0,26.1,4.4,90.1,46.9,0.3,26.2,13.3,4.2,2.3,98.0,0.2,0.0,0.0,0.0,99.8,0.1,3.5,21.4,4.1,30.2,6.9,41.3,3.4,1.0,6.3,6.8,47.1,2.42,11756.0,8.5,5.2,9739.0,5.4,92.0,0.5,94.7,14.1,0.1,0.0,19.8,78.6,0.6,2.0,7.5,34.4,35.6,27.7,2.4,97.0,97.9,79.4,5.2,54.3,40.5,3.8,0.3,97.3,0.4,0.1,1.9,0.3,0.6,0.9,95.8
42810915,rural,24190.0,9.4,10.5,10.6,35.1,42.3,38.5,19.5,3.3,8.3,7.2,5.8,6.3,7.4,7.1,6.1,5.1,3.9,4.3,3.1,2.3,2.8,6.0,29.5,63.2,2.5,4.8,25.3,3.4,91.9,40.1,1.4,31.7,15.6,6.9,2.2,97.5,0.4,0.0,0.1,0.1,99.9,0.1,6.1,37.7,4.0,27.5,5.8,47.5,3.8,0.2,2.1,9.1,49.3,2.86,5217.0,12.5,8.2,4832.0,5.0,95.5,0.9,95.6,35.2,0.0,0.1,40.5,58.8,0.2,1.7,3.6,26.4,23.0,40.7,9.9,96.6,98.4,60.9,2.2,73.4,24.4,1.0,7.8,92.2,2.1,1.6,4.0,0.1,0.5,0.4,91.1
42811103,rural,21374.0,10.1,12.1,10.6,45.9,52.9,41.9,10.4,4.2,7.7,6.7,7.0,8.4,8.5,6.7,4.4,3.9,3.6,3.7,2.4,1.9,2.0,4.0,27.9,64.8,3.0,4.3,26.5,3.6,94.6,52.5,1.8,30.7,10.0,3.1,1.6,98.5,0.1,0.0,0.1,0.0,99.9,0.0,4.6,25.4,4.3,22.6,3.4,56.5,13.1,0.0,0.1,0.0,49.7,2.75,5385.0,10.0,6.3,3872.0,5.5,97.6,1.0,94.9,3.6,0.0,0.1,40.0,58.6,0.6,1.8,1.4,22.4,30.9,45.3,1.4,95.6,96.7,84.6,2.2,78.9,18.9,0.0,0.6,93.4,0.2,0.3,6.0,0.1,1.8,0.7,99.4
42811105,rural,15956.0,10.4,11.4,11.3,38.5,48.2,42.0,13.8,3.0,9.0,7.6,6.6,6.8,7.4,6.8,5.1,4.6,2.9,3.6,2.5,1.8,2.1,4.7,29.9,62.0,2.5,5.5,25.9,3.1,95.2,44.8,1.0,29.5,14.9,4.1,2.2,99.6,0.1,0.0,0.0,0.0,100.0,0.0,5.6,34.5,2.2,41.4,2.3,43.5,2.2,1.8,2.7,4.0,48.1,3.52,3868.0,10.0,6.4,3007.0,5.3,97.1,0.0,97.9,1.3,0.2,0.1,27.6,71.1,0.1,1.9,2.9,18.9,32.8,35.1,13.2,96.5,98.2,60.1,0.3,80.2,19.5,0.0,0.3,99.5,0.2,0.0,0.3,0.0,0.9,0.8,99.7
42811105,urban,19531.0,8.8,11.0,11.1,30.1,36.7,41.9,24.9,4.1,9.5,8.5,7.1,6.7,7.1,7.2,5.5,5.0,3.7,3.5,2.2,1.6,1.5,6.2,30.2,63.1,2.7,4.0,26.4,3.4,98.4,34.6,1.1,30.1,19.3,7.4,5.4,99.2,0.6,0.2,0.1,0.2,99.8,0.2,10.0,42.0,2.8,33.8,10.5,39.6,1.1,2.0,2.6,7.5,49.8,2.49,4249.0,8.8,5.300000000000001,4374.0,4.5,81.1,13.5,94.9,79.2,0.1,0.0,92.8,5.8,0.4,1.7,5.4,18.8,41.8,35.8,3.7,96.4,98.6,54.7,11.5,85.4,3.0,27.8,59.4,97.5,0.1,1.3,1.0,0.1,,0.8,12.799999999999999
42811107,rural,23987.0,10.3,12.0,11.4,38.1,48.9,52.3,4.0,6.3,9.0,7.7,6.9,7.5,8.1,6.8,4.9,4.3,3.1,3.1,2.0,1.5,1.3,3.7,27.5,64.9,3.8,3.8,25.7,3.6,91.5,43.8,1.0,30.9,14.4,3.4,1.3,98.2,0.4,0.0,0.0,0.0,99.9,0.1,2.1,23.5,2.7,21.3,1.8,54.7,12.8,0.7,1.6,4.3,49.6,2.19,7975.0,7.8999999999999995,4.8,5134.0,4.7,85.1,5.8,92.4,0.9,0.0,0.0,75.5,22.4,1.6,1.6,9.1,31.0,42.5,24.1,2.4,93.7,97.9,74.4,7.1,81.1,11.8,18.2,7.9,99.6,0.2,0.0,0.2,0.0,0.9,0.5,74.0
42811107,urban,8642.0,9.1,10.1,9.7,28.9,36.1,47.8,22.4,6.6,8.4,7.8,7.5,7.9,7.5,7.3,5.6,5.1,3.4,4.0,2.6,2.1,1.9,4.1,30.7,60.4,4.6,4.2,26.6,3.3,92.9,32.3,2.9,28.4,15.8,10.2,6.6,98.7,2.5,0.6,0.1,0.1,99.4,1.2,15.2,51.5,2.8,32.4,13.4,43.1,1.3,0.0,2.5,4.5,50.1,1.99,2279.0,10.6,6.6,2224.0,3.9,46.8,17.9,96.5,48.9,16.3,0.3,78.1,2.7,0.6,1.2,35.4,19.2,25.5,49.8,5.4,96.3,99.1,66.3,4.8,80.3,15.0,64.0,32.2,99.6,0.4,0.0,0.0,0.0,,2.1,3.8
42811111,rural,21610.0,10.6,12.4,11.6,44.0,51.1,38.8,18.4,3.2,9.5,8.1,6.7,7.2,7.1,6.2,4.7,4.0,3.2,3.0,2.2,1.6,1.9,4.3,30.0,63.7,2.1,4.2,26.4,4.4,87.5,51.3,0.5,26.6,13.6,5.3,2.8,98.6,0.1,0.0,0.0,0.0,99.7,0.4,3.1,20.2,1.6,20.9,4.4,65.2,4.6,0.0,1.1,2.1,48.4,2.38,4475.0,8.700000000000001,5.7,4245.0,5.1,97.7,0.5,94.5,23.6,0.1,0.0,86.6,11.4,0.8,2.0,1.8,29.6,33.7,33.2,3.5,93.9,95.1,67.3,0.4,25.6,74.0,0.0,0.0,93.1,0.4,2.5,4.0,0.1,0.7,1.0,100.0
42910101,urban,125523.0,5.6,7.6,8.8,21.7,27.8,34.3,32.1,6.0,7.7,7.2,6.0,6.4,6.3,6.5,6.3,6.9,5.9,6.8,4.7,3.3,3.9,5.4,34.0,54.4,4.4,7.1,30.4,2.4,95.3,24.1,2.0,22.0,18.6,18.5,11.2,98.2,9.0,35.8,0.8,0.1,99.7,1.4,24.3,67.0,3.4,29.5,28.3,29.8,1.1,1.2,2.4,4.3,52.3,1.45,22818.0,18.7,11.9,34344.0,3.7,62.8,24.2,98.5,97.7,1.3,4.4,91.6,0.2,1.4,1.3,13.1,22.2,34.1,40.2,3.5,98.1,99.7,85.8,98.2,1.5,0.3,73.6,25.4,99.4,0.2,0.1,0.1,0.2,,1.1,1.0
42910103,urban,11114.0,6.1,7.9,9.4,25.0,28.3,35.8,17.3,5.7,8.3,6.7,6.4,6.2,5.8,6.3,6.9,6.3,5.8,5.3,4.4,3.2,4.9,5.8,34.2,53.8,4.6,7.4,30.6,2.5,98.3,27.9,2.5,25.0,17.2,17.3,9.8,99.2,1.9,1.8,0.4,0.1,99.7,0.9,22.4,64.0,1.0,35.4,29.2,25.6,1.6,0.2,1.8,5.1,51.9,1.81,2512.0,17.799999999999997,12.5,3037.0,3.7,58.9,20.9,98.9,98.0,0.6,1.2,94.3,0.4,2.1,1.3,20.2,15.7,33.5,40.3,10.5,98.6,98.9,62.1,97.2,2.5,0.2,58.3,37.5,99.8,0.0,0.0,0.0,0.2,,1.4,4.1
42910105,urban,100792.0,6.9,8.8,9.8,23.3,28.5,35.9,28.6,6.9,8.6,7.2,6.4,7.0,6.9,6.8,6.1,6.2,5.1,5.5,3.6,2.5,2.6,5.2,34.2,54.6,5.1,6.0,29.6,2.7,97.0,26.2,2.1,25.2,20.5,15.7,8.0,99.1,6.1,11.9,0.6,0.1,99.8,0.9,21.0,61.5,2.9,29.9,19.2,35.7,1.0,1.5,3.4,6.4,51.9,1.62,19253.0,14.2,8.7,26927.0,3.7,56.2,32.8,97.8,98.6,0.7,2.0,95.2,0.2,1.4,1.4,11.0,27.6,36.8,34.4,1.2,97.8,99.5,64.7,98.7,1.0,0.3,51.7,46.8,99.6,0.2,0.0,0.0,0.2,,0.6,1.5
42910117,urban,28643.0,9.2,10.1,9.9,16.6,24.1,41.5,20.9,4.2,7.2,6.8,7.1,8.4,7.8,7.3,5.9,5.1,4.0,4.2,2.9,2.0,2.1,4.2,28.1,65.2,3.0,3.7,26.5,2.6,97.9,18.8,2.5,24.4,19.8,17.1,12.1,98.4,8.5,5.5,1.1,0.1,99.8,1.1,27.1,68.4,4.0,21.6,36.7,29.2,1.3,3.8,1.3,2.2,49.9,2.03,6653.0,11.2,7.0,7438.0,3.9,54.4,25.8,97.9,97.0,2.8,19.7,75.8,0.4,0.7,1.4,19.8,52.5,34.9,12.3,0.3,98.9,99.7,79.5,97.7,1.5,0.8,80.2,18.1,98.5,0.2,0.5,0.6,0.2,,0.7,1.7
42910301,rural,7063.0,7.2,9.4,9.7,43.6,45.2,41.1,18.9,2.7,7.7,5.3,5.0,5.9,6.7,7.2,7.2,6.0,5.6,5.6,3.5,3.3,4.7,9.6,26.0,66.2,2.6,5.2,26.7,3.0,96.1,49.0,1.8,30.2,14.9,5.5,2.4,84.0,0.5,75.6,2.4,0.1,98.1,2.1,9.1,50.8,0.8,46.1,3.9,24.7,8.1,0.3,8.7,7.3,48.2,1.79,1733.0,17.099999999999998,11.5,1915.0,3.7,62.6,1.7,88.7,16.5,0.4,0.0,26.7,59.9,2.1,1.7,35.7,20.1,23.8,31.6,24.5,93.8,79.3,42.8,8.4,34.1,57.6,0.1,0.5,72.4,0.3,0.5,26.1,0.7,2.4,10.9,99.5
42910303,rural,9375.0,7.1,9.3,9.7,39.9,42.3,31.3,23.4,3.4,7.9,6.0,5.4,6.3,6.4,6.9,6.6,6.1,5.4,4.6,3.9,3.2,5.3,7.9,30.3,59.7,3.1,7.0,28.0,2.9,95.3,44.7,2.3,27.9,18.1,7.0,2.5,92.2,5.1,87.4,0.3,0.0,99.1,10.7,9.5,42.8,0.5,43.0,7.5,34.6,1.8,0.1,11.3,1.3,50.5,2.34,1661.0,17.0,12.399999999999999,2293.0,4.1,85.8,0.1,87.9,28.5,0.4,0.5,34.1,59.1,0.7,1.8,14.1,21.2,20.7,34.3,23.8,93.4,83.3,15.7,0.9,61.7,37.4,0.3,0.6,92.4,0.2,0.3,6.7,0.4,1.3,5.1,99.10000000000001
42910305,rural,4676.0,7.0,9.0,10.4,45.6,49.4,36.2,42.0,2.9,7.2,5.9,5.6,5.9,6.0,7.1,6.9,6.9,4.8,5.4,3.6,3.1,5.5,11.3,28.2,62.4,2.4,7.0,28.0,2.8,85.3,50.8,1.6,24.6,14.5,7.0,2.7,94.8,16.0,53.4,0.6,0.1,98.0,2.6,8.0,55.1,1.0,35.1,11.7,43.4,4.6,2.8,0.8,0.7,49.4,1.97,721.0,17.6,12.2,1211.0,3.9,81.2,0.9,92.2,38.0,0.2,1.2,59.6,30.6,3.7,1.6,17.9,20.8,34.1,19.8,25.3,91.9,77.8,15.8,9.6,54.2,36.2,7.4,7.1,53.2,0.3,1.1,42.4,3.1,1.3,4.7,85.5
42910307,rural,13315.0,7.9,10.3,12.3,48.7,48.8,38.9,17.5,3.8,8.9,5.9,5.1,5.8,6.9,7.3,5.9,5.2,4.4,4.3,3.3,2.8,3.8,5.2,27.4,63.8,2.4,6.4,27.3,2.8,95.0,56.8,1.7,27.2,15.5,5.6,1.1,81.4,0.4,98.7,0.2,0.1,99.9,0.7,8.2,56.0,0.4,47.9,4.6,34.6,10.4,0.2,1.1,0.9,50.2,2.13,2971.0,14.2,9.899999999999999,3220.0,4.1,91.1,0.0,78.5,48.3,0.0,0.0,38.9,59.1,0.8,1.6,8.9,25.6,22.2,34.2,18.0,88.0,64.3,8.6,0.2,14.0,85.8,0.0,0.1,83.9,0.1,2.3,8.6,5.1,1.0,1.2,99.8
42910307,urban,7692.0,7.5,10.2,11.8,36.4,42.5,29.3,20.1,5.6,9.5,7.9,5.4,5.9,6.6,7.0,6.0,5.3,4.7,4.6,3.0,2.3,2.5,6.0,31.6,58.4,3.3,6.7,27.0,3.3,94.0,41.9,0.7,23.1,19.3,10.6,3.8,87.7,8.8,74.4,0.3,0.0,99.0,3.2,17.5,55.7,1.9,47.6,15.3,18.5,0.0,1.3,1.7,13.7,53.2,2.52,1272.0,12.399999999999999,7.8,2007.0,3.8,71.8,7.0,79.6,76.9,0.0,0.3,66.0,6.1,0.2,1.5,21.2,29.1,47.3,23.3,0.2,95.1,92.1,54.0,34.3,52.8,12.9,18.8,4.3,97.7,0.0,0.5,1.4,0.4,,27.4,76.9
42910309,rural,13785.0,8.4,10.4,12.0,45.6,47.0,35.4,27.6,3.1,8.5,6.4,5.7,6.1,7.1,6.7,6.1,5.2,4.1,4.1,3.2,2.6,3.3,5.0,30.2,59.9,2.4,7.6,26.7,3.2,96.2,53.1,1.5,27.6,14.7,7.3,1.8,93.8,5.4,78.8,0.2,0.0,99.3,4.7,10.2,59.2,0.2,25.2,4.7,62.4,2.2,0.2,2.1,2.9,50.5,2.98,2449.0,13.2,9.100000000000001,3015.0,4.6,84.2,0.3,91.2,45.5,0.0,0.0,21.1,77.3,0.8,1.6,15.5,24.8,28.8,34.2,12.2,88.0,80.8,20.1,0.8,19.7,79.4,0.1,0.3,81.6,1.0,4.6,12.6,0.3,0.9,0.8,99.5
42910311,rural,15446.0,7.0,8.7,10.8,38.7,39.6,38.5,25.6,5.5,8.7,7.1,5.7,6.3,6.4,7.1,7.2,6.3,4.8,4.6,3.2,2.7,3.5,6.7,31.0,58.9,4.1,6.0,27.3,2.9,98.3,44.2,3.2,25.8,19.3,9.1,3.0,95.1,10.0,63.0,0.3,0.0,99.6,0.8,11.4,47.5,1.7,27.9,4.3,50.8,2.2,6.2,3.4,3.5,49.9,1.64,3248.0,14.0,9.4,3925.0,3.9,74.1,5.1,79.8,18.2,0.2,0.0,64.5,21.5,8.8,1.7,20.8,27.9,27.3,33.6,11.2,91.6,86.9,25.0,12.5,54.6,33.0,48.9,2.7,91.6,0.3,0.4,7.3,0.4,1.2,5.0,48.5
42910313,rural,7071.0,7.1,9.1,10.0,48.1,49.7,31.9,39.0,3.1,8.0,5.9,5.0,5.3,6.3,6.7,6.8,6.4,5.2,5.0,4.3,3.5,5.3,6.0,28.8,61.3,2.5,7.3,27.1,2.8,94.8,54.2,0.5,28.3,14.0,5.4,2.1,96.4,14.4,58.0,0.4,0.0,98.9,1.0,3.3,49.8,0.1,23.2,6.3,68.3,1.7,0.0,0.1,0.4,48.4,2.22,1015.0,18.1,13.1,1807.0,3.9,70.6,0.7,92.0,46.8,0.4,0.2,38.6,57.2,1.4,1.9,28.8,11.3,25.8,40.1,22.8,92.1,90.5,28.0,2.6,84.7,12.7,16.4,0.5,97.2,0.6,0.1,1.7,0.6,0.6,2.3,83.1
42910315,rural,6875.0,6.1,7.7,8.5,40.8,41.8,34.8,45.4,4.9,7.4,5.3,4.6,4.8,6.0,6.5,7.1,7.2,6.7,6.7,4.8,3.7,7.0,9.2,31.2,56.3,3.6,8.9,26.2,2.5,99.0,45.1,2.4,27.6,17.9,7.6,2.7,86.6,0.5,84.5,0.9,0.0,99.6,0.9,6.0,49.4,1.4,42.8,9.9,41.5,1.4,1.4,1.3,0.3,51.9,1.66,1016.0,22.2,15.5,1882.0,3.7,88.7,0.2,91.8,7.9,0.6,0.0,7.2,88.0,0.3,1.6,11.1,10.8,26.1,35.6,27.5,96.3,83.5,20.7,0.5,70.5,29.0,0.2,0.1,99.2,0.1,0.1,0.5,0.2,1.3,3.9,99.7
42910317,rural,7644.0,5.8,8.5,10.6,40.7,43.2,31.3,16.7,3.5,7.3,5.4,4.8,5.2,7.0,6.8,7.5,6.3,6.6,5.9,4.5,3.3,4.6,4.9,30.9,58.4,3.1,7.6,27.8,2.7,97.4,46.3,2.2,25.5,18.2,7.7,3.2,98.4,12.7,49.0,0.5,0.1,99.5,3.1,12.7,50.1,1.3,42.6,8.2,42.3,1.1,0.4,0.7,3.5,50.5,1.56,1496.0,18.299999999999997,12.399999999999999,2089.0,3.7,81.5,2.5,91.7,25.2,1.9,1.2,49.7,36.3,0.6,1.5,16.0,9.2,19.7,44.0,27.2,96.8,95.5,29.7,9.0,86.7,4.3,0.7,19.0,99.3,0.0,0.0,0.6,0.0,1.1,10.3,80.3
42910501,rural,1454.0,6.4,7.9,10.2,48.6,50.8,25.5,22.5,2.5,10.4,7.8,4.9,5.2,6.3,6.3,7.4,6.3,4.0,5.0,3.6,3.8,4.7,14.5,32.8,58.5,2.1,6.6,30.3,3.7,89.2,55.1,0.3,22.3,14.1,8.9,3.5,77.4,0.2,96.1,0.1,0.0,93.4,9.8,7.2,24.7,0.0,51.6,15.7,25.8,2.3,0.0,4.6,0.0,47.7,1.92,217.0,17.099999999999998,12.100000000000001,368.0,4.0,76.9,1.1,79.6,25.5,0.0,0.0,6.3,86.7,3.5,2.0,22.0,6.8,15.5,34.2,43.5,90.5,52.4,2.2,15.8,15.5,68.8,1.9,0.0,6.8,0.0,0.0,92.4,0.8,1.0,3.5,98.1
42910503,rural,8179.0,6.2,7.7,10.0,50.2,54.9,23.9,31.4,4.6,8.5,5.7,4.4,5.3,6.4,6.9,7.0,6.5,5.2,5.6,4.7,4.5,5.4,8.5,27.2,60.9,3.6,8.2,28.1,3.3,87.1,56.0,1.4,20.7,15.3,5.1,2.6,62.0,4.6,75.9,0.4,0.0,89.0,11.1,10.5,46.2,13.1,37.4,11.0,34.1,0.8,0.0,1.5,2.0,50.7,2.15,1020.0,20.200000000000003,14.6,2311.0,3.5,71.9,2.2,71.5,17.7,0.0,0.0,21.9,45.3,0.4,1.6,26.0,21.3,22.7,34.6,21.3,86.4,56.3,17.3,4.9,15.8,79.3,9.3,1.0,54.9,1.2,2.2,38.4,3.3,1.7,32.4,89.8
42910505,rural,2877.0,6.2,8.3,10.9,61.7,62.5,33.3,5.5,1.9,8.2,5.2,5.1,6.4,7.5,7.2,6.9,5.6,5.4,5.0,3.9,3.0,5.2,8.0,27.8,64.0,2.6,5.7,28.6,3.6,90.3,69.7,0.1,19.0,10.9,5.1,2.5,44.4,0.2,98.6,0.2,0.0,99.8,0.5,10.1,71.6,0.3,50.7,4.5,21.5,4.9,0.0,17.1,1.0,47.1,2.27,674.0,17.1,12.100000000000001,784.0,3.7,74.6,1.3,82.8,8.2,0.0,0.0,5.5,81.3,0.5,1.9,24.1,17.6,15.1,33.4,33.9,83.4,41.8,2.1,6.3,18.9,74.8,0.1,0.0,48.4,0.1,0.0,51.1,0.4,1.6,12.7,99.8
42910507,rural,6047.0,5.7,7.9,8.6,43.7,44.5,31.2,19.8,6.7,6.9,5.1,4.3,5.1,6.1,6.5,6.7,7.9,6.4,5.9,5.3,4.6,6.9,8.3,26.4,58.6,5.4,9.6,27.3,2.2,98.2,48.2,2.0,23.9,16.2,9.6,3.8,97.7,0.5,74.6,0.4,0.0,99.6,0.6,12.9,57.7,0.8,40.5,8.8,43.7,4.3,0.3,0.9,0.7,52.3,1.93,1177.0,22.7,16.799999999999997,1859.0,3.3,77.1,8.6,90.5,51.9,0.1,0.2,63.1,28.3,1.5,1.3,14.3,14.3,28.0,35.3,22.3,97.1,94.7,24.8,37.9,21.7,40.3,42.0,2.9,92.7,0.0,0.2,6.9,0.3,1.1,6.9,55.2
42910509,rural,2562.0,6.6,8.1,9.1,45.8,46.6,37.1,47.0,5.1,7.9,5.4,5.4,5.7,5.3,6.2,7.8,6.7,6.0,5.5,5.0,3.7,5.7,10.0,29.4,59.1,3.8,7.7,28.4,2.7,93.2,51.1,1.4,25.3,17.1,7.5,2.0,99.6,0.2,77.0,0.1,0.0,99.9,0.3,1.9,36.1,1.0,33.6,5.2,52.1,4.7,0.0,2.1,1.3,49.5,1.73,384.0,19.9,14.399999999999999,763.0,3.4,79.7,0.1,75.8,32.9,0.7,0.1,44.0,33.2,0.7,1.6,20.2,24.6,24.6,37.6,13.1,94.0,85.8,9.7,0.5,58.2,41.3,7.9,0.4,86.4,0.4,0.0,13.0,0.3,2.6,21.4,91.8
42910509,urban,8250.0,6.0,7.6,8.6,33.8,37.0,27.2,47.5,7.3,8.1,7.0,4.9,5.9,5.4,6.1,6.3,7.0,6.4,6.8,4.8,4.2,5.1,9.3,29.5,55.5,5.9,9.1,29.3,2.3,96.0,37.4,2.6,22.2,18.2,14.5,5.4,99.2,4.5,34.3,0.4,0.1,99.9,4.6,12.3,55.2,3.4,43.5,15.5,23.4,2.4,2.1,3.2,6.5,52.8,1.59,915.0,20.9,14.1,2560.0,3.2,69.1,15.8,90.7,91.6,0.0,0.0,91.5,0.6,0.5,1.4,15.1,11.6,28.7,55.3,4.4,96.6,97.3,43.9,76.0,16.9,7.1,75.8,0.0,99.5,0.0,0.0,0.4,0.1,,7.4,24.200000000000003
42910511,rural,5270.0,6.7,7.9,10.0,47.7,52.2,43.1,5.3,2.6,8.3,7.2,5.7,6.8,5.9,7.6,7.2,6.4,5.4,5.1,3.3,2.7,3.8,4.7,29.6,62.8,2.9,4.7,28.8,3.0,85.9,53.0,0.3,21.0,14.0,8.2,4.3,85.0,9.9,75.8,0.3,0.1,99.2,1.8,13.4,58.7,2.8,39.0,3.7,32.3,13.0,0.0,8.7,0.5,46.9,1.85,1620.0,14.899999999999999,9.8,1384.0,3.8,70.3,2.6,74.6,33.2,1.4,1.5,19.2,67.3,3.0,1.7,27.1,18.2,17.3,46.7,17.9,90.8,52.8,23.7,10.5,23.6,65.9,10.9,3.0,78.4,0.1,0.1,21.5,0.0,0.9,7.5,86.2
42910511,urban,14308.0,7.0,8.8,9.1,31.0,35.5,37.0,26.4,8.2,8.2,7.2,6.5,7.0,6.9,7.2,6.7,6.0,4.5,4.7,3.9,2.8,3.5,5.0,30.6,55.9,6.2,7.3,28.7,2.6,92.2,34.6,1.6,21.4,16.0,16.2,9.2,98.7,10.0,47.5,0.4,0.0,99.6,3.7,22.3,62.1,1.4,19.4,19.4,42.4,0.6,1.2,1.9,13.7,52.4,1.58,2930.0,14.899999999999999,10.2,4178.0,3.4,53.2,32.0,99.8,99.8,0.0,0.8,98.0,0.0,0.5,1.2,14.8,37.5,39.8,22.4,0.3,99.3,100.0,82.7,99.5,0.3,0.2,45.9,53.3,99.6,0.0,0.1,0.0,0.2,,0.7,0.8
42910513,rural,5700.0,5.8,7.8,9.3,49.6,53.3,34.4,19.7,3.2,8.3,5.1,5.0,5.6,5.8,6.2,7.2,7.1,5.8,6.2,4.4,3.8,6.5,10.7,28.4,61.6,2.6,7.4,27.5,3.0,83.8,54.7,0.2,20.5,16.5,7.1,2.3,95.6,0.6,58.4,0.2,0.1,99.7,0.8,9.8,70.1,0.6,33.6,4.8,36.2,2.0,0.2,12.3,10.3,50.0,1.27,1215.0,20.900000000000002,14.7,1685.0,3.4,65.0,0.2,80.1,17.8,0.5,0.1,24.2,62.3,2.5,1.6,34.8,12.0,43.4,26.1,18.4,89.2,55.9,2.2,0.9,34.3,64.8,3.1,0.8,52.0,0.1,0.0,41.9,6.0,3.3,10.6,96.1
42910513,urban,3313.0,5.0,7.0,8.1,36.1,40.1,27.9,24.0,8.2,7.6,7.0,5.0,6.0,5.3,6.6,6.5,7.5,6.4,7.0,5.1,4.4,5.5,8.0,32.0,51.6,6.2,10.2,30.2,2.3,95.6,39.5,1.2,19.0,18.8,14.1,6.8,96.6,2.0,35.6,0.4,0.1,98.6,5.4,13.9,58.5,0.4,16.0,23.2,55.1,0.0,0.2,1.2,3.9,53.1,1.14,561.0,22.0,15.0,1110.0,3.0,53.3,20.4,84.5,96.7,0.3,0.3,67.6,0.9,2.3,1.3,26.3,8.4,37.4,53.8,0.4,97.9,98.2,51.1,71.5,4.1,24.4,77.1,0.9,99.2,0.4,0.0,0.1,0.4,,28.7,22.0
42910701,rural,10425.0,8.1,9.6,10.6,42.7,48.6,34.3,25.8,2.6,9.5,6.7,5.6,6.0,6.0,5.9,6.6,5.3,4.0,5.3,3.4,2.6,4.9,5.4,31.5,59.2,2.2,7.2,28.2,3.4,96.0,48.3,0.9,22.1,14.6,9.6,4.1,99.3,0.6,0.5,0.0,0.1,99.8,0.4,12.1,54.0,0.8,52.7,8.7,25.5,2.1,0.5,0.6,9.1,50.1,2.44,1901.0,16.2,10.9,2538.0,4.1,76.7,5.9,81.5,36.9,0.5,0.8,41.3,43.6,1.5,1.9,17.4,25.0,20.4,40.6,14.0,88.2,74.1,16.4,31.9,37.8,30.2,15.7,14.7,93.4,0.1,0.2,6.2,0.1,1.5,12.3,69.6
42910705,rural,11505.0,7.1,8.8,9.4,37.2,41.4,33.6,22.6,1.9,8.6,6.8,6.2,6.2,6.1,6.6,7.0,5.7,5.0,5.4,3.5,2.7,4.8,6.4,34.8,55.2,2.7,7.3,27.6,2.9,98.3,41.7,1.2,25.0,16.3,10.5,5.5,99.5,1.4,0.6,0.0,0.4,99.8,0.6,11.5,48.5,2.8,25.2,9.2,49.8,2.6,4.0,0.5,5.8,49.6,1.85,2232.0,16.400000000000002,11.0,2941.0,3.9,72.3,7.1,86.8,47.9,0.8,0.3,49.4,42.6,0.7,1.6,20.6,11.7,34.5,43.2,10.6,95.2,82.5,37.1,26.8,38.8,34.4,21.9,12.0,90.5,0.0,0.9,8.2,0.5,1.7,6.2,66.1
42910707,rural,10367.0,7.3,8.9,9.7,48.8,52.4,32.7,14.3,1.1,8.9,6.6,5.6,6.1,6.8,6.7,6.6,5.7,4.8,4.5,3.5,3.2,4.9,5.3,31.3,62.1,1.2,5.4,29.5,3.4,87.9,54.4,1.2,22.0,14.3,7.3,2.8,99.0,0.7,0.9,0.1,0.0,99.9,0.6,9.5,37.8,0.4,43.0,4.3,29.6,5.5,0.4,2.4,14.5,47.7,1.83,2155.0,16.1,11.600000000000001,2433.0,4.3,88.1,0.0,90.5,3.0,0.5,0.0,24.0,65.3,4.7,1.9,11.9,19.1,41.3,29.5,10.1,94.9,70.3,18.0,1.4,50.1,48.5,0.0,0.2,91.5,0.2,0.1,7.3,1.0,2.2,5.5,99.69999999999999
42910707,urban,4421.0,6.8,9.2,9.8,30.7,36.6,37.8,16.2,5.6,7.0,6.7,7.0,7.3,7.4,7.0,6.9,5.8,4.0,4.5,3.1,3.0,4.4,4.5,33.3,55.7,3.8,7.2,29.8,2.4,98.0,34.6,1.7,25.4,17.2,11.2,7.9,99.1,1.9,1.0,0.0,0.1,99.7,0.5,13.1,54.3,1.0,25.7,13.5,48.0,1.1,0.0,4.4,6.4,52.0,1.66,1036.0,15.0,10.5,1243.0,3.6,47.1,14.0,87.1,84.1,0.0,0.0,63.0,0.3,0.8,1.5,38.9,24.2,22.7,37.0,16.1,96.8,96.2,30.9,83.7,10.5,5.8,87.5,0.2,99.4,0.2,0.0,0.2,0.2,,35.9,12.4
42910709,rural,5051.0,7.0,9.4,11.5,48.3,51.2,23.0,38.6,2.3,9.3,6.0,4.7,5.0,6.5,5.7,6.2,6.2,4.3,5.1,4.2,3.7,5.3,11.6,30.7,59.3,2.0,8.0,29.0,3.7,95.1,55.3,0.6,22.4,14.8,8.5,2.6,98.4,1.0,0.6,0.1,0.1,99.7,0.2,5.7,52.7,1.7,31.5,9.7,37.1,3.1,0.8,11.3,4.9,50.1,3.06,515.0,18.3,13.2,1363.0,3.7,73.8,0.5,64.4,15.6,0.4,0.0,24.2,64.2,3.0,2.2,25.7,19.8,16.2,40.2,23.8,79.6,41.9,3.8,10.5,14.5,75.0,0.0,12.0,57.7,0.4,0.3,41.2,0.4,2.8,8.1,88.0
42910711,rural,12051.0,7.8,9.4,10.3,47.3,52.2,40.1,30.3,1.8,9.0,7.0,6.3,6.3,6.9,6.5,5.8,5.0,4.8,4.2,3.3,2.9,4.7,3.1,31.4,61.8,1.3,5.4,29.1,3.0,92.1,53.6,0.1,26.7,11.3,6.8,2.8,99.8,0.3,0.2,0.0,0.1,100.0,0.0,5.5,35.0,0.7,40.5,7.8,42.7,6.3,0.0,0.2,1.9,48.2,2.0,2439.0,15.100000000000001,10.899999999999999,2889.0,4.2,87.7,2.2,93.8,11.1,0.0,0.5,26.4,60.3,1.6,1.8,10.0,18.0,24.4,40.5,17.1,93.7,80.2,20.2,6.6,19.3,74.1,4.2,0.7,94.3,0.0,0.0,5.7,0.0,2.2,11.2,95.1
42910713,rural,10663.0,8.0,8.8,9.5,40.5,43.9,36.6,13.1,3.6,8.2,6.8,5.5,6.2,6.6,6.6,6.0,5.7,5.2,5.0,3.8,3.4,4.5,5.5,32.2,58.0,2.9,7.0,28.7,3.1,93.5,45.3,0.6,24.1,16.4,9.8,5.2,99.4,1.0,0.7,0.0,0.0,100.0,0.3,14.0,55.5,3.0,47.1,6.5,30.6,3.0,0.3,1.6,7.9,50.1,1.88,2494.0,16.700000000000003,11.7,2604.0,4.1,71.0,4.8,89.5,39.4,0.8,0.0,34.8,56.5,0.7,1.5,24.2,18.5,20.8,35.6,25.0,92.9,86.8,48.1,6.9,35.7,57.4,18.7,1.1,97.5,0.2,0.0,2.4,0.0,1.9,7.2,80.2
42910715,rural,4583.0,6.7,8.7,10.0,46.1,51.0,41.3,38.7,1.6,8.4,5.9,5.6,5.7,5.6,7.1,6.1,6.2,5.2,5.4,3.9,3.4,6.0,8.2,32.2,59.9,1.5,6.4,30.3,3.3,94.8,52.1,0.9,22.0,14.7,8.4,3.1,98.7,0.7,0.4,0.0,0.0,99.5,0.8,7.3,46.8,1.4,50.5,7.0,17.2,3.0,0.1,9.9,10.9,49.1,1.95,866.0,18.700000000000003,13.3,1133.0,4.0,82.4,1.1,78.9,15.7,0.4,0.0,19.5,51.2,16.4,1.9,16.5,20.3,27.8,37.3,14.6,90.4,64.4,25.8,0.8,40.2,59.0,0.6,2.6,92.1,0.1,0.1,7.6,0.1,1.9,12.5,96.89999999999999
42910902,rural,16644.0,7.8,9.0,10.2,45.5,49.8,38.6,18.0,4.1,8.4,6.8,5.9,6.6,6.4,6.7,6.4,5.8,4.5,5.1,3.6,2.9,3.9,6.1,30.7,60.3,3.2,5.9,28.9,3.1,94.6,51.3,0.5,25.9,17.6,4.9,1.3,99.2,0.8,1.1,0.1,0.1,99.9,0.3,7.5,46.9,2.3,50.3,3.9,29.7,7.6,1.5,2.3,2.4,47.5,2.59,3842.0,15.5,10.4,4050.0,4.1,80.3,0.5,71.4,8.7,0.7,0.0,40.3,45.9,3.8,1.7,19.3,34.9,33.3,26.7,5.1,87.1,69.7,16.8,3.8,51.5,44.7,0.1,3.1,84.3,0.0,0.3,15.1,0.3,1.5,9.3,96.8
42910903,rural,4394.0,7.6,8.3,9.8,43.2,44.0,36.5,13.4,4.2,7.7,5.5,5.0,5.6,6.9,6.9,7.0,6.0,5.8,5.6,3.1,3.1,5.7,7.3,28.0,60.4,4.1,7.5,26.9,2.7,98.2,48.7,1.0,31.3,15.6,6.7,1.4,99.2,7.0,62.9,0.8,0.0,99.6,0.3,10.3,75.0,2.6,36.1,4.0,39.4,6.9,0.0,3.0,8.1,49.8,2.26,1029.0,17.5,11.9,1124.0,3.9,59.8,0.0,82.6,10.9,0.4,0.0,24.1,70.2,0.3,1.8,40.2,17.9,24.1,33.5,24.5,84.0,57.7,7.4,0.3,17.8,81.9,0.0,1.6,91.3,0.0,1.8,6.7,0.3,1.4,5.1,98.4
42910905,rural,4491.0,6.0,8.6,8.7,37.9,39.6,39.5,16.3,4.2,7.1,5.5,5.6,6.6,6.4,7.0,7.1,6.6,5.6,6.2,4.8,3.8,4.3,6.5,31.2,59.0,3.3,6.5,27.7,2.3,96.1,41.9,1.3,27.7,19.9,8.4,3.1,99.4,4.0,9.0,0.9,0.0,99.7,0.3,11.5,67.8,1.3,34.2,5.0,53.8,5.0,0.1,0.2,0.4,49.6,1.75,1139.0,19.1,12.899999999999999,1215.0,3.7,81.8,0.2,92.6,37.6,1.6,0.0,50.5,43.2,1.0,1.4,18.0,17.8,33.9,35.7,12.7,96.0,91.7,30.0,0.3,57.9,41.8,0.1,0.2,96.9,0.5,0.2,2.4,0.1,0.1,3.7,99.6
42910907,rural,3809.0,7.5,9.4,9.6,39.2,43.3,37.1,19.5,3.2,8.2,6.7,5.6,6.2,7.2,7.2,7.3,5.7,4.4,5.3,3.5,2.9,3.4,7.2,30.6,62.8,2.2,4.3,27.5,2.9,93.4,44.2,1.2,30.9,17.1,5.0,2.6,99.2,1.1,0.9,0.3,0.1,99.6,0.5,4.9,30.3,1.2,44.4,4.4,37.7,8.0,0.7,2.9,0.7,46.5,2.38,836.0,15.100000000000001,9.8,927.0,4.1,63.2,1.7,84.9,11.7,0.6,0.0,23.5,60.7,1.5,2.0,35.1,44.6,33.0,20.5,1.9,81.3,82.7,17.0,10.1,55.2,34.6,3.1,8.1,84.8,0.1,0.4,14.0,0.6,0.9,13.6,88.8
42910909,rural,6821.0,7.2,8.6,10.1,39.5,42.5,32.6,11.4,4.1,7.6,5.3,4.9,5.7,7.6,7.3,7.2,6.0,5.4,5.0,4.0,2.8,5.3,7.3,26.7,63.3,3.3,6.7,27.2,2.5,96.0,44.6,1.4,27.1,15.7,10.8,2.5,98.7,1.5,59.8,1.8,0.0,99.5,0.7,10.1,46.5,1.8,38.4,6.8,47.1,2.7,0.5,0.8,1.8,49.6,1.92,1460.0,17.1,12.1,1819.0,3.7,81.4,5.3,90.8,29.9,1.0,0.0,41.4,41.9,3.0,1.7,13.3,22.7,25.8,46.3,5.2,94.3,92.2,37.6,8.8,77.8,13.4,5.0,0.8,96.3,0.2,0.4,2.9,0.2,0.5,12.8,94.3
42910911,rural,15070.0,7.9,9.7,11.0,44.9,47.5,37.3,19.0,3.5,9.4,6.2,5.6,6.0,6.9,6.8,6.0,5.4,4.3,4.6,2.9,3.1,4.0,6.3,31.0,60.7,2.7,5.6,26.9,3.5,93.7,50.9,1.3,25.2,17.7,7.2,1.0,98.2,1.1,0.8,0.1,0.1,100.0,0.2,8.9,51.4,1.0,36.0,4.3,49.8,7.5,0.0,0.8,0.7,48.4,2.51,3251.0,14.6,10.0,3268.0,4.6,90.1,0.0,78.7,5.2,0.6,0.4,13.5,79.2,0.9,1.9,9.9,24.8,35.7,34.2,5.3,92.2,73.7,21.8,3.9,45.9,50.1,0.6,0.7,73.3,0.0,3.7,22.6,0.3,1.5,5.4,98.7
42910913,rural,14021.0,7.7,9.1,10.2,42.5,45.3,29.5,21.7,4.9,9.0,6.8,5.6,6.2,7.1,7.1,6.1,5.9,4.4,4.6,3.6,3.1,3.5,5.2,28.6,62.0,3.2,6.1,27.4,2.6,96.2,47.8,1.8,24.2,16.4,9.7,2.7,98.4,3.3,47.6,0.3,0.1,98.6,2.8,5.7,36.7,4.4,39.2,7.0,43.9,3.9,0.0,0.8,0.8,49.9,1.62,2369.0,14.799999999999999,10.2,3671.0,3.8,68.1,7.4,84.8,23.0,0.8,0.6,49.1,37.0,0.8,1.7,24.5,26.0,45.7,25.9,2.4,88.3,79.2,30.6,20.7,42.0,37.2,18.2,0.7,78.2,1.5,1.5,18.8,0.0,0.8,11.8,81.10000000000001
42910919,rural,5139.0,8.9,9.6,10.1,42.6,45.7,38.9,14.7,2.8,9.1,6.8,6.5,6.5,6.1,7.2,5.7,6.0,4.8,4.5,3.2,1.9,3.2,4.6,30.7,64.1,2.2,3.0,26.8,3.4,95.3,48.0,1.4,29.5,16.0,4.8,2.5,99.3,3.2,1.2,0.1,0.0,99.6,0.5,9.3,50.9,0.2,30.5,2.9,60.5,4.6,0.8,0.2,0.2,48.8,2.35,1218.0,12.8,8.3,1186.0,4.3,50.3,0.0,66.9,0.8,1.8,0.0,33.6,55.1,2.8,2.0,49.7,37.1,35.7,23.6,3.6,89.2,58.5,15.1,0.5,10.5,89.0,2.4,0.1,54.1,0.2,0.8,43.8,1.1,1.2,6.8,97.5
44210107,urban,3468.0,4.5,5.5,5.0,7.7,13.6,43.9,6.3,8.0,5.4,5.7,6.8,6.7,6.3,6.4,6.2,7.2,7.4,7.6,6.5,5.0,7.9,1.8,37.8,45.6,6.4,10.2,30.1,1.2,95.0,8.1,1.2,22.4,17.4,27.5,17.8,99.8,1.4,0.4,0.0,0.0,99.9,0.7,21.5,70.7,0.7,3.5,70.4,24.4,0.2,0.1,0.0,0.7,56.0,1.28,1212.0,27.0,19.4,785.0,4.4,1.8,0.4,100.0,100.0,2.0,17.3,79.6,0.1,0.9,1.3,97.8,1.4,0.1,33.6,64.8,100.0,100.0,98.1,99.4,0.4,0.3,98.1,0.3,99.2,0.8,0.0,0.0,0.0,,0.0,1.7000000000000002
44410108,urban,42705.0,8.6,9.8,9.4,20.4,28.8,45.5,23.0,4.8,7.7,7.5,7.5,8.3,7.6,7.4,6.1,5.4,4.1,4.0,2.8,1.9,1.8,4.0,32.1,61.1,3.4,3.5,28.1,3.0,96.1,22.8,1.9,26.5,19.7,13.9,9.2,98.6,4.5,1.8,0.3,0.2,99.8,1.0,19.4,55.6,2.7,22.1,16.9,49.5,0.7,2.1,2.3,3.7,49.4,2.34,10801.0,10.5,6.499999999999999,10439.0,4.1,78.2,9.9,95.9,72.0,1.5,21.3,55.1,1.8,0.8,1.4,11.8,45.2,27.0,25.2,2.6,98.4,98.9,63.4,67.3,25.1,7.6,74.0,16.7,99.3,0.3,0.1,0.4,0.0,,19.5,9.3
44410111,rural,22281.0,8.7,9.9,9.6,41.6,46.1,41.8,17.8,2.9,8.6,6.9,6.4,6.6,6.8,6.9,6.0,4.8,4.4,4.3,3.3,2.9,4.0,4.2,31.6,60.9,2.2,5.4,28.4,3.4,94.3,47.0,1.7,26.2,14.6,7.7,3.7,99.1,1.0,0.5,0.1,0.0,99.9,0.5,6.1,33.0,0.7,42.1,5.7,44.3,6.1,0.0,0.6,0.7,48.4,3.19,5503.0,14.5,10.2,5188.0,4.3,80.7,0.5,72.0,10.7,1.4,0.1,22.0,70.4,1.2,1.8,18.9,21.2,30.4,38.8,9.6,94.5,86.4,30.4,1.0,27.1,71.9,1.7,0.3,83.5,0.3,0.1,15.6,0.5,1.0,4.9,98.0
44410113,rural,51962.0,10.2,12.0,11.0,29.3,33.5,46.6,20.8,3.6,8.5,7.2,7.0,7.7,7.8,7.6,5.8,4.6,3.2,2.7,2.0,1.4,1.4,4.0,29.4,64.2,2.7,3.7,25.7,3.3,96.0,33.8,2.7,31.0,19.6,8.8,4.5,98.7,2.4,0.8,0.2,0.0,99.9,0.2,11.5,56.1,1.1,31.8,12.5,44.6,2.5,1.6,1.6,4.2,48.5,2.5,12831.0,7.5,4.8,12585.0,4.1,81.1,7.1,66.5,26.3,0.8,12.5,33.4,22.1,0.6,1.6,11.8,26.4,38.9,27.5,7.2,97.8,98.8,50.0,28.0,63.8,8.2,40.3,16.8,93.3,0.2,0.2,6.0,0.3,0.6,30.5,42.900000000000006
44410113,urban,23113.0,10.6,10.8,9.2,20.6,28.3,48.5,9.3,4.1,7.2,7.4,7.6,9.3,8.5,8.0,6.1,4.9,3.4,3.0,1.8,1.3,1.1,2.8,27.1,67.2,3.0,2.7,26.6,3.2,92.0,23.0,2.3,24.7,19.7,16.1,8.8,98.2,6.7,2.6,0.3,0.0,99.9,0.6,18.3,55.6,1.4,24.5,24.4,39.9,0.7,0.9,2.0,6.3,49.0,2.48,7059.0,7.199999999999999,4.2,5955.0,3.9,74.0,17.5,93.0,92.0,0.3,40.4,51.9,0.1,0.4,1.4,8.5,60.4,27.7,11.8,0.2,99.1,99.7,77.0,93.2,5.7,1.1,94.5,4.4,99.6,0.1,0.1,0.1,0.1,,6.9,1.1
44810101,urban,7826.0,9.4,10.2,10.6,23.9,27.9,41.9,28.6,3.5,7.8,7.2,7.0,7.2,6.8,7.0,5.9,5.1,4.6,3.9,2.8,2.0,2.4,5.2,29.9,62.7,2.8,4.7,27.1,2.9,98.2,27.3,2.9,30.3,18.2,12.4,8.3,98.1,0.5,0.5,0.2,0.1,99.8,0.4,9.9,43.4,2.5,33.1,15.3,33.5,1.7,1.5,5.3,7.1,50.6,2.37,1635.0,11.1,7.199999999999999,1728.0,4.5,69.2,15.0,98.7,97.0,0.1,1.2,93.2,0.5,0.5,1.8,15.7,25.3,24.3,45.1,5.3,98.3,99.2,59.8,92.6,6.7,0.8,84.3,0.2,99.7,0.2,0.2,0.0,0.0,,4.6,15.5
44810103,urban,8554.0,7.1,9.5,9.6,24.4,31.7,41.7,18.6,6.1,8.5,6.7,6.1,6.5,6.7,7.1,6.6,6.2,5.2,4.9,3.6,2.8,2.9,4.8,33.2,57.3,4.6,5.0,29.3,2.7,94.5,27.5,1.3,26.2,15.7,12.1,12.9,98.6,0.5,0.4,0.1,0.1,100.0,0.2,22.5,58.0,2.1,32.0,21.4,39.3,1.9,2.3,0.6,0.4,50.4,1.87,2143.0,14.200000000000001,9.3,2111.0,4.1,82.7,10.3,98.4,92.1,0.6,0.3,91.9,5.4,0.4,1.5,7.0,11.3,28.1,56.2,4.3,97.9,98.5,71.0,76.3,7.3,16.4,41.4,44.4,99.2,0.2,0.0,0.0,0.5,,1.4,14.299999999999999
44810105,urban,31945.0,8.2,9.9,10.9,23.7,30.7,36.5,16.8,3.3,9.3,7.7,6.5,7.0,7.3,7.2,6.0,5.2,4.1,4.3,2.7,1.8,1.8,5.2,32.0,61.5,2.1,4.3,28.1,3.2,97.4,27.2,2.0,28.9,15.8,12.7,9.8,99.4,0.8,0.4,0.5,0.1,99.8,0.4,20.5,57.1,3.6,35.5,18.9,28.2,1.5,1.9,4.2,6.2,50.1,2.06,6891.0,10.600000000000001,6.3,7448.0,4.3,60.0,28.3,99.5,98.4,0.4,4.2,90.9,2.6,0.4,1.6,11.7,19.3,44.5,34.4,1.7,98.7,99.5,75.1,93.5,6.0,0.5,32.0,60.7,99.7,0.2,0.0,0.0,0.1,,1.5,7.3
44810107,urban,32615.0,7.0,8.9,9.5,21.9,28.1,38.6,23.7,6.3,7.8,7.4,6.4,6.4,6.7,7.3,6.7,5.9,5.3,5.3,3.6,2.9,2.9,5.1,31.0,59.5,4.4,5.2,28.5,2.3,96.5,24.4,1.0,26.7,17.7,15.6,11.0,98.8,2.2,0.8,0.4,0.1,99.8,1.1,18.6,58.5,2.5,32.9,21.5,32.8,1.7,1.4,3.2,4.0,50.8,1.51,7149.0,14.700000000000001,9.4,8166.0,4.0,67.7,21.3,98.1,98.5,2.0,3.6,92.3,0.0,0.3,1.6,11.1,26.9,25.3,43.4,4.4,98.7,99.6,79.2,97.1,1.2,1.7,70.4,26.1,96.3,3.5,0.0,0.1,0.2,,1.8,3.5
44810111,urban,74891.0,6.4,8.1,8.7,19.6,25.7,37.1,23.9,6.1,7.6,7.1,6.0,6.3,6.4,6.7,6.6,6.6,5.9,6.2,4.5,3.3,3.6,4.7,32.6,55.9,4.7,6.8,29.1,2.4,97.5,21.8,1.2,25.8,17.4,17.1,12.9,99.0,2.2,1.3,0.6,0.0,99.7,0.7,22.1,61.1,2.7,25.4,24.9,34.7,1.5,1.2,3.6,6.0,51.2,1.6,16246.0,17.6,11.4,20288.0,3.7,65.6,22.5,99.3,99.0,7.0,7.7,83.5,0.6,0.6,1.4,11.9,22.5,29.3,40.6,7.6,97.7,99.6,80.0,99.1,0.4,0.6,83.9,13.3,99.6,0.2,0.0,0.1,0.1,,0.5,2.8
44810301,rural,23016.0,7.4,9.7,10.4,38.0,43.1,34.5,26.7,3.4,9.4,6.5,5.4,6.3,7.4,7.5,6.1,5.4,4.7,4.8,3.4,2.4,3.4,6.7,31.8,59.3,2.5,6.4,28.9,3.4,97.9,43.2,1.9,27.1,16.0,6.6,5.3,99.4,0.2,0.1,0.1,0.0,99.8,0.3,9.9,39.8,5.0,33.7,9.5,39.5,2.5,1.4,2.0,6.4,48.7,2.32,4222.0,14.0,9.2,5659.0,4.1,90.7,0.8,94.0,21.1,0.0,0.3,6.3,82.7,1.4,1.7,8.5,10.8,18.0,40.4,30.9,97.7,98.3,47.5,11.7,46.3,41.9,1.7,11.6,96.8,0.3,0.3,2.4,0.2,1.1,9.3,86.7
44810303,rural,6623.0,8.1,8.9,9.8,45.3,50.0,36.2,2.1,2.2,8.4,6.1,5.2,6.5,7.5,7.3,5.9,5.5,4.5,5.5,3.8,2.9,4.2,8.1,29.6,62.9,2.0,5.5,28.8,3.4,98.0,51.1,1.3,24.9,14.4,6.1,3.3,99.0,0.2,0.0,0.0,0.1,99.6,0.3,13.7,52.9,0.2,35.6,3.6,42.1,16.9,0.1,1.5,0.0,48.3,2.47,1717.0,16.400000000000002,10.899999999999999,1618.0,4.1,97.8,0.1,98.0,0.2,0.2,0.0,9.6,90.0,0.2,1.9,2.1,7.9,10.9,39.0,42.2,96.5,94.3,73.1,3.5,25.9,70.7,0.1,0.4,96.8,0.2,0.6,2.0,0.4,1.1,0.0,99.60000000000001
44810309,rural,7740.0,7.9,9.9,10.0,47.4,48.8,38.2,31.0,1.8,9.4,7.8,6.2,6.4,6.3,7.1,5.9,5.4,4.1,4.3,3.3,2.7,3.4,5.1,34.5,59.5,1.3,4.7,28.8,3.6,98.7,53.2,2.0,23.6,12.9,7.6,5.2,99.4,0.3,0.0,0.1,0.1,99.8,0.2,8.4,39.5,0.1,40.9,5.0,47.0,5.6,0.1,1.3,0.1,48.6,2.42,1471.0,13.700000000000001,9.4,1720.0,4.5,98.8,0.0,97.5,7.8,0.1,0.1,16.1,83.1,0.4,2.3,1.2,5.7,15.4,44.4,34.4,98.0,97.4,70.1,0.5,84.0,15.5,0.0,0.1,97.7,0.1,0.4,1.1,0.8,1.1,0.2,99.9
44810313,rural,7685.0,8.5,9.9,10.6,46.6,49.0,46.1,16.0,1.8,9.6,8.3,6.4,6.7,6.5,6.6,5.3,4.5,3.7,4.4,3.3,2.8,3.0,5.2,35.8,59.1,1.2,3.9,30.3,4.2,97.7,52.5,1.1,24.3,12.9,7.7,4.9,99.8,0.1,0.0,0.0,0.0,99.9,0.0,6.3,32.2,0.0,41.9,5.3,23.5,28.7,0.2,0.4,0.0,47.7,2.79,2114.0,13.5,9.1,1649.0,4.7,99.5,0.0,96.8,1.3,0.0,0.0,2.4,95.5,0.1,2.3,0.5,6.5,9.4,28.0,56.1,95.9,88.7,10.8,0.2,49.8,49.9,0.0,0.0,89.5,0.3,0.1,8.9,1.3,1.7,1.9,100.0
44810315,rural,11703.0,9.5,11.0,10.6,40.6,45.9,42.5,23.3,3.7,10.2,8.0,6.7,7.1,6.7,5.8,5.0,4.2,3.8,3.5,2.8,2.0,3.3,6.7,36.4,56.4,2.4,4.7,29.1,4.7,96.8,46.6,1.7,26.0,15.0,6.7,4.7,98.7,0.2,0.2,0.0,0.1,99.8,0.2,17.2,48.2,2.5,40.5,7.3,30.3,12.2,0.5,2.7,4.0,47.7,1.85,2629.0,11.600000000000001,8.1,2352.0,5.0,92.2,3.2,95.3,13.1,0.0,0.0,37.1,62.3,0.3,1.9,4.6,11.9,19.1,40.6,28.4,96.1,96.6,47.3,13.6,59.0,27.4,12.6,0.8,92.3,0.8,0.2,6.6,0.2,1.0,0.3,86.60000000000001
44810317,rural,14484.0,8.4,10.5,10.5,41.0,51.1,34.2,19.0,3.5,8.9,7.3,6.0,6.8,7.3,6.8,5.9,4.7,4.4,4.4,3.2,2.1,2.8,6.0,32.2,59.7,2.6,5.5,27.7,3.3,92.7,46.9,0.9,21.6,15.3,6.5,4.7,98.1,0.1,0.0,0.0,0.1,99.7,0.2,4.2,20.8,2.7,21.8,4.5,48.4,3.0,0.5,0.2,18.9,48.8,2.22,2833.0,12.5,8.100000000000001,3188.0,4.5,96.6,0.0,96.4,9.5,0.0,0.0,34.4,57.4,0.6,1.8,3.4,5.3,23.9,56.2,14.6,97.8,98.2,43.9,6.7,36.7,56.6,0.0,0.0,91.5,0.0,0.0,8.4,0.1,1.2,7.7,100.0
44810501,rural,18528.0,9.1,10.7,10.6,36.3,40.1,35.0,16.1,3.3,8.4,7.2,5.7,6.0,6.9,7.3,5.8,5.4,4.1,4.6,3.2,2.4,2.7,7.4,28.9,63.8,2.4,4.9,27.4,3.5,96.5,41.5,1.3,32.5,16.0,6.9,3.2,98.6,0.2,0.0,0.0,0.1,99.9,0.1,3.5,25.4,1.3,25.6,6.3,58.9,3.1,1.3,0.6,2.9,48.5,2.62,3779.0,12.899999999999999,8.3,3961.0,4.7,87.4,0.6,94.2,39.4,0.0,0.0,42.4,56.3,0.6,1.9,11.9,16.2,33.6,36.6,13.6,96.1,97.3,89.9,44.5,17.9,37.7,1.2,0.0,98.0,0.0,0.1,1.9,0.0,0.4,0.7,98.8
44810507,rural,26833.0,9.0,10.9,10.9,35.8,39.4,39.3,15.1,6.2,8.6,6.9,6.2,6.5,6.7,7.1,5.9,5.1,4.0,4.4,3.0,2.1,2.5,4.8,29.0,61.2,4.0,5.8,26.7,2.9,96.1,41.1,1.4,32.1,17.3,7.3,2.5,98.9,0.1,0.1,0.0,0.0,100.0,0.2,8.1,43.3,0.4,35.9,2.2,43.5,3.8,2.9,1.7,9.6,48.5,2.05,6187.0,12.0,7.6,5603.0,4.8,96.7,0.5,94.1,31.7,0.5,0.0,74.6,22.3,0.2,1.8,2.8,23.5,31.8,39.5,5.2,96.8,97.6,64.0,7.4,53.2,39.4,0.2,1.3,97.7,0.0,0.8,1.4,0.1,0.4,2.4,98.5
44810509,rural,28106.0,9.9,11.0,10.9,38.9,42.2,37.3,19.3,3.8,8.5,7.3,6.1,6.1,7.1,7.9,5.7,4.8,3.6,4.0,2.6,2.3,2.3,5.0,28.8,64.0,2.7,4.5,26.5,3.7,96.5,44.8,1.3,32.6,15.3,6.1,2.5,98.3,0.4,0.0,0.0,0.0,99.9,0.2,5.0,30.1,0.5,23.6,3.4,59.1,3.5,0.5,2.3,7.1,48.1,2.88,5763.0,11.2,7.2,5201.0,5.4,94.7,0.1,94.8,70.1,0.2,0.0,52.2,45.0,0.5,2.0,5.1,19.7,33.4,43.3,3.5,96.3,96.4,79.4,1.6,54.0,44.5,0.8,0.3,97.5,0.1,0.0,2.2,0.2,0.6,2.2,98.89999999999999
44810705,rural,14386.0,9.3,11.0,10.4,40.2,43.0,38.8,12.7,4.1,9.1,7.3,6.4,6.7,7.0,7.3,6.1,4.6,3.9,4.3,2.8,1.9,2.1,4.9,30.9,61.4,2.9,4.8,26.6,3.6,96.7,45.8,2.9,28.9,15.6,7.1,2.4,99.0,0.2,0.2,0.1,0.1,99.8,0.0,5.9,32.2,1.2,29.4,2.4,61.8,1.6,2.0,0.6,1.0,49.1,2.59,3376.0,11.1,6.799999999999999,3255.0,4.4,95.9,0.0,95.8,82.9,0.1,0.0,42.4,56.8,0.2,1.8,4.1,17.9,51.1,23.0,8.0,97.3,97.6,61.5,0.9,77.6,21.5,0.0,0.1,97.9,0.2,0.0,1.7,0.1,1.3,0.6,99.89999999999999
44810705,urban,11860.0,8.3,9.8,10.0,27.6,34.4,39.6,16.8,4.8,8.4,6.8,5.8,6.9,7.8,7.5,6.7,5.6,4.5,4.3,3.1,2.2,2.2,4.2,30.1,61.7,3.3,4.9,28.1,2.6,97.0,31.4,1.8,26.2,17.1,12.3,8.2,98.4,0.9,0.2,0.2,0.1,99.7,0.1,10.7,47.8,2.9,24.6,13.2,50.0,2.7,0.9,2.7,2.9,50.8,2.28,2805.0,11.8,7.500000000000001,2938.0,4.0,72.2,17.7,97.9,97.3,0.0,0.0,95.9,3.6,0.3,1.6,10.1,21.8,29.1,46.6,2.4,98.9,98.7,64.1,97.4,1.9,0.6,53.2,26.9,99.4,0.4,0.0,0.2,0.0,,0.1,20.0
44810707,rural,20154.0,8.5,10.5,11.0,40.9,44.1,32.0,18.7,3.1,9.5,6.5,5.0,6.3,7.2,7.3,6.1,5.0,4.2,4.1,3.1,2.5,3.1,7.8,29.6,62.9,1.9,5.5,27.2,3.8,96.7,47.0,1.6,29.7,13.8,7.8,3.0,98.6,0.2,0.0,0.1,0.0,99.9,0.1,7.8,34.8,2.2,25.0,4.2,63.2,1.8,0.5,1.3,1.8,49.3,2.23,3671.0,12.799999999999999,8.7,4592.0,4.4,90.3,0.0,95.8,13.6,0.1,0.0,24.1,75.1,0.4,1.8,9.7,14.1,19.9,32.5,33.6,95.5,95.5,38.1,1.2,15.7,83.1,0.1,0.0,98.6,0.0,0.8,0.4,0.1,1.0,0.4,99.89999999999999
44810711,rural,11578.0,8.7,10.7,10.6,41.5,46.2,33.3,34.7,2.4,8.9,6.8,5.7,6.4,7.4,7.4,6.0,4.9,4.1,4.3,2.9,2.4,2.8,6.6,30.1,64.6,1.8,3.5,27.0,3.6,95.5,47.3,1.4,27.8,14.1,7.0,3.4,97.7,0.4,0.1,0.2,0.1,99.4,0.4,5.2,27.7,3.1,23.1,8.3,57.1,1.5,1.2,3.5,2.3,49.2,2.56,1762.0,12.399999999999999,8.1,2670.0,4.3,85.1,0.3,98.5,3.1,0.2,0.0,25.1,74.0,0.2,1.8,14.6,14.3,24.6,37.1,23.9,97.8,98.8,26.9,2.8,68.5,28.7,0.0,5.6,97.4,0.2,0.0,2.1,0.3,0.8,0.5,94.4
44810719,rural,7977.0,8.6,10.9,11.4,38.1,45.7,31.4,27.6,4.3,9.1,6.7,5.9,6.5,6.5,7.3,6.0,4.5,3.9,4.2,2.8,2.5,3.2,9.0,29.6,62.7,2.9,4.8,26.6,3.5,96.9,44.3,1.0,27.9,14.6,8.0,2.9,98.4,0.3,0.0,0.1,0.0,99.9,0.3,7.3,35.1,0.2,14.8,6.1,72.5,0.1,0.2,1.7,4.4,48.5,2.91,1254.0,12.7,8.5,1780.0,4.5,93.4,0.0,94.7,69.6,0.1,0.0,1.0,86.7,0.5,2.2,6.6,39.0,33.1,13.2,14.7,90.4,90.5,19.0,0.4,35.7,63.8,0.0,0.0,99.3,0.2,0.1,0.2,0.2,0.9,11.7,100.0
44810721,rural,15013.0,9.1,10.4,10.9,38.6,41.7,31.6,24.3,3.8,9.4,7.2,6.2,6.8,7.2,7.0,5.5,4.8,4.0,4.2,2.9,2.2,2.3,5.2,31.5,61.3,2.4,4.7,27.8,3.2,96.8,44.3,1.1,29.6,16.1,7.5,4.0,98.4,0.1,0.0,0.1,0.0,99.9,0.1,9.8,49.6,0.8,28.3,10.1,49.5,1.4,2.8,1.8,5.3,49.3,2.29,2494.0,11.600000000000001,7.3999999999999995,3309.0,4.5,88.7,0.0,94.6,72.3,0.0,0.0,51.0,47.9,0.5,1.8,11.3,15.7,28.4,42.2,13.8,97.3,95.6,84.7,1.4,51.8,46.8,0.3,0.0,92.2,0.0,0.3,7.1,0.4,0.3,0.6,99.69999999999999
44810901,rural,7626.0,7.9,10.1,11.2,43.7,47.3,34.2,26.7,2.8,9.1,6.2,5.9,6.5,6.7,7.1,6.2,5.0,4.1,4.6,3.3,3.1,2.9,4.1,31.7,62.0,2.2,4.1,27.3,3.1,92.7,50.0,1.6,26.6,14.4,7.5,2.6,98.1,0.2,0.0,0.0,0.3,99.8,0.1,3.2,26.6,0.4,22.9,7.0,55.9,4.0,0.3,7.3,2.2,48.0,2.23,1351.0,13.9,9.3,1647.0,4.6,47.9,0.1,96.7,39.0,0.0,0.0,11.2,88.0,0.4,1.9,52.0,9.0,24.0,42.7,24.4,99.0,96.7,86.0,3.0,47.7,49.4,0.5,0.0,99.8,0.1,0.0,0.1,0.1,0.9,0.4,99.5
44810903,rural,11843.0,8.4,9.8,9.9,37.3,37.0,40.5,23.0,4.9,8.7,6.3,5.6,6.4,7.3,7.1,6.9,5.3,4.4,4.5,3.6,2.7,3.1,4.3,31.0,60.4,3.8,4.8,26.1,2.7,96.5,42.5,1.3,36.4,16.4,6.6,2.4,99.0,0.7,0.0,0.1,0.1,99.9,0.1,5.5,32.0,5.0,18.1,3.7,64.7,1.7,1.0,1.8,4.0,49.0,2.09,2653.0,13.9,9.4,2556.0,4.6,77.0,0.2,94.0,22.6,0.0,0.0,22.9,76.6,0.5,1.6,22.8,15.5,22.8,24.3,37.3,97.8,97.7,81.1,3.1,83.0,13.9,0.0,0.0,99.6,0.3,0.0,0.0,0.1,1.0,0.0,100.0
44810905,rural,10303.0,7.9,9.4,10.0,34.8,39.0,30.7,17.7,4.6,8.9,6.0,5.1,5.6,6.6,6.9,6.7,6.1,5.4,5.2,3.8,2.5,3.9,7.9,29.5,60.8,3.3,6.4,26.6,2.5,98.5,39.5,1.0,30.9,17.3,8.8,3.0,98.6,0.5,0.0,0.1,0.1,99.8,0.1,11.1,52.4,1.4,24.2,5.9,58.5,0.7,0.0,0.6,8.7,50.4,2.12,1894.0,15.4,10.2,2246.0,4.6,79.7,0.3,96.8,50.9,0.0,0.0,37.7,58.3,2.4,1.8,20.0,4.5,18.8,54.2,22.6,98.6,98.5,73.0,47.1,35.6,17.3,6.6,12.6,97.4,0.3,1.3,0.3,0.7,0.9,1.5,80.8
44810907,rural,10366.0,9.3,11.3,11.5,41.8,46.6,32.6,4.0,2.4,9.5,6.4,5.2,6.4,7.2,6.3,6.3,4.3,3.7,4.2,2.9,2.4,3.1,7.1,30.4,63.6,1.8,4.2,27.0,3.6,95.8,48.2,0.6,26.9,15.6,8.0,2.4,99.1,0.3,0.0,0.0,0.1,99.6,0.4,10.6,44.4,0.5,24.1,3.7,68.2,2.1,0.2,0.3,0.9,49.1,2.34,2203.0,12.6,8.4,2127.0,4.9,51.5,0.1,97.3,5.9,0.0,0.0,5.6,93.4,0.7,2.0,48.4,12.6,17.4,38.7,31.2,97.3,96.8,41.9,2.7,15.3,82.0,0.1,0.2,99.7,0.2,0.0,0.1,0.0,1.0,0.2,99.6
44810909,rural,7396.0,9.0,10.4,11.2,38.8,41.0,34.7,30.5,2.5,9.2,6.6,6.0,6.4,6.8,6.8,6.0,4.3,3.9,4.4,3.6,2.4,3.1,4.7,29.2,64.7,1.7,4.4,27.2,3.7,97.9,44.9,1.5,32.3,16.5,6.4,2.3,99.3,0.2,0.1,0.1,0.0,99.7,0.3,4.8,23.1,1.5,31.0,4.7,56.8,4.3,0.3,0.6,0.9,48.7,2.32,1237.0,13.5,9.1,1425.0,5.2,95.9,0.0,98.1,6.8,0.1,0.1,15.8,83.5,0.6,1.9,4.1,19.8,18.5,22.6,39.1,98.5,97.8,43.8,0.6,2.6,96.8,0.1,0.0,98.7,0.4,0.1,0.7,0.1,0.8,0.0,99.89999999999999
44810911,rural,10245.0,8.2,10.1,11.1,37.7,40.8,33.0,23.5,2.6,9.6,6.5,5.5,5.7,6.7,6.3,6.5,5.5,4.6,4.4,3.3,2.5,3.6,6.3,31.7,60.5,2.0,5.8,27.3,3.2,95.7,43.4,0.6,29.1,16.4,10.0,3.0,99.2,0.3,0.1,0.3,0.2,99.8,0.2,15.0,54.7,0.5,26.4,9.0,41.6,3.6,0.2,5.3,13.5,49.3,2.36,1824.0,13.799999999999999,9.4,2159.0,4.7,86.5,1.1,94.6,56.4,0.0,0.3,29.4,69.5,0.6,2.1,12.4,21.7,26.2,26.9,25.2,97.9,98.6,67.9,5.1,10.5,84.5,11.2,0.5,99.6,0.2,0.0,0.0,0.1,1.1,0.2,88.3
44810913,rural,8606.0,7.4,9.2,10.3,33.1,36.1,32.4,15.9,3.7,8.6,6.8,5.0,5.3,6.2,6.5,7.1,6.6,5.3,5.3,3.6,2.6,4.2,7.5,31.9,59.7,3.0,5.4,26.5,2.7,97.9,37.6,1.0,31.8,18.8,8.9,3.2,99.2,0.6,0.3,0.2,0.1,99.8,0.1,12.9,63.0,0.4,13.9,4.5,66.6,2.3,1.0,3.5,7.9,50.2,2.24,1719.0,15.7,10.4,1947.0,4.4,70.1,0.1,94.6,57.5,0.2,0.0,49.2,42.0,4.1,1.8,29.8,14.8,36.5,37.1,11.6,97.2,97.6,59.8,16.6,72.1,11.3,0.1,0.1,99.2,0.3,0.0,0.2,0.3,0.4,4.6,99.8
44810913,urban,8223.0,7.1,9.2,9.9,27.7,32.0,34.8,22.8,5.4,8.1,7.0,6.1,6.8,6.6,6.8,7.3,5.6,5.0,4.8,4.0,2.6,2.9,5.3,31.9,59.3,3.6,5.2,27.8,2.7,98.0,31.3,1.6,32.4,17.4,11.7,4.8,99.7,0.7,0.2,0.5,0.0,99.7,0.4,17.4,57.8,0.6,17.7,7.9,64.0,0.9,0.8,2.4,5.7,51.2,1.73,1626.0,14.3,9.5,1981.0,4.2,66.9,22.5,99.2,96.9,0.4,0.5,95.3,1.2,0.7,1.8,10.6,7.4,31.9,58.3,2.4,95.6,99.6,34.4,98.8,0.6,0.7,22.6,76.6,99.7,0.1,0.1,0.2,0.0,,2.0,0.8
44811103,rural,36072.0,10.1,11.1,11.5,39.5,45.4,37.5,17.8,3.5,8.9,7.5,6.5,6.8,7.1,7.4,5.6,4.5,3.3,3.3,2.3,2.0,2.3,8.0,30.1,63.7,2.5,3.7,26.9,3.7,91.8,45.7,0.8,28.4,15.5,6.4,3.3,98.3,0.2,0.0,0.1,0.0,99.8,0.2,5.6,28.8,0.4,41.1,4.1,45.4,3.3,0.1,2.3,3.2,48.2,2.76,7472.0,9.899999999999999,6.6,7170.0,5.0,95.4,0.1,85.8,63.0,0.1,0.1,36.1,60.2,0.9,2.1,4.5,38.6,29.9,27.8,3.7,91.1,92.7,69.6,2.7,68.0,29.3,0.1,0.3,96.9,0.1,0.6,1.9,0.5,0.8,2.7,99.6
44811105,rural,19117.0,10.3,11.2,10.9,31.2,41.0,37.9,10.8,3.0,8.8,7.7,6.1,6.3,6.8,7.2,5.7,4.7,3.9,3.5,2.4,1.9,2.4,4.5,29.8,63.3,2.2,4.7,25.9,3.4,95.5,36.0,1.2,31.0,17.1,6.7,3.0,97.8,0.2,0.0,0.0,0.0,99.8,0.1,5.3,34.4,1.1,40.5,2.5,46.8,4.4,0.5,1.6,2.5,48.3,2.64,4366.0,10.200000000000001,6.699999999999999,3572.0,5.4,89.2,0.0,95.5,86.5,0.0,0.1,42.4,55.7,0.3,1.9,10.8,33.2,45.6,19.8,1.5,97.0,98.4,72.2,5.3,72.4,22.3,0.5,0.5,99.2,0.2,0.0,0.3,0.3,0.4,1.6,99.0
44811111,rural,34016.0,9.9,10.9,10.8,37.0,42.6,37.9,12.8,3.4,9.3,7.5,6.0,6.6,7.2,7.5,5.9,4.6,3.4,3.6,2.5,2.2,2.2,3.5,29.5,63.9,2.4,4.2,26.2,3.4,94.1,42.4,1.5,30.3,14.9,7.4,3.2,98.7,0.1,0.1,0.0,0.1,99.8,0.1,4.4,30.3,0.9,28.3,3.4,58.9,6.4,0.7,0.8,0.7,48.4,2.47,7705.0,10.5,6.9,6472.0,5.3,98.4,0.2,94.9,95.8,0.1,0.2,62.1,36.4,0.2,1.9,1.4,27.5,34.2,37.7,0.6,97.9,99.2,87.1,1.2,72.9,25.9,0.4,0.0,98.7,0.0,0.0,1.1,0.2,0.6,1.0,99.60000000000001
44910107,urban,95032.0,6.9,8.6,9.5,19.8,26.6,39.9,29.2,6.4,8.0,7.2,6.5,6.7,6.4,7.0,6.4,6.0,5.3,5.7,3.9,2.7,3.1,5.1,34.8,54.4,4.6,6.2,29.8,2.4,96.0,22.0,1.5,26.0,20.1,14.6,11.1,98.8,2.1,1.6,0.7,0.1,99.8,0.7,17.9,48.7,2.7,28.8,21.8,35.9,0.9,2.8,2.6,4.5,51.1,1.63,20098.0,15.4,9.7,24198.0,3.9,62.0,19.2,91.3,92.5,1.3,3.2,84.9,0.4,0.4,1.5,18.8,18.6,28.0,44.0,9.4,97.9,99.0,69.6,86.4,9.3,4.3,65.8,28.3,99.5,0.2,0.1,0.0,0.2,,9.7,5.9
44910109,urban,39201.0,8.5,9.8,10.3,25.0,30.7,39.5,22.9,6.2,8.0,7.3,6.8,7.4,7.1,6.9,5.9,5.2,4.4,4.3,3.2,2.4,2.6,4.9,33.2,56.0,4.4,6.3,27.6,3.1,94.5,28.2,1.2,26.0,20.4,12.0,9.6,99.0,1.8,1.2,0.3,0.2,99.8,0.5,17.5,59.2,1.8,21.4,12.5,53.7,0.5,1.8,3.0,5.3,51.3,2.42,8527.0,12.5,8.2,8666.0,4.5,62.8,16.2,89.8,87.0,1.5,1.0,68.9,0.1,0.7,1.8,21.0,16.8,37.0,42.5,3.6,96.5,97.0,39.6,89.4,5.1,5.5,32.1,59.8,99.0,0.1,0.4,0.0,0.5,,27.7,8.0
44910307,rural,33007.0,10.7,11.8,11.8,38.9,43.6,41.3,19.5,2.7,9.2,7.1,6.4,7.2,7.1,6.5,5.3,4.1,3.6,3.6,2.2,1.7,1.8,3.6,28.8,63.7,2.3,5.2,25.6,3.6,95.2,45.5,2.1,28.4,17.2,5.6,3.0,99.1,0.3,0.0,0.0,0.0,99.9,0.1,6.1,39.2,1.1,25.3,3.3,63.2,3.4,0.1,1.0,2.7,49.1,2.84,7214.0,9.3,5.7,6099.0,5.4,95.4,0.0,78.3,49.3,0.1,0.0,36.4,56.1,0.7,1.8,4.6,47.2,31.6,18.1,3.2,94.5,91.2,70.9,3.7,66.7,29.5,4.5,0.2,83.8,0.2,4.5,11.3,0.2,1.1,6.6,95.4
44910315,rural,24744.0,10.5,10.9,11.1,37.5,45.2,39.1,17.5,3.1,8.8,7.4,6.8,7.0,6.8,6.7,5.4,4.8,3.9,3.6,2.4,1.8,2.1,5.1,32.1,60.3,2.4,5.2,26.8,3.9,95.9,43.1,1.7,28.0,16.5,5.7,2.9,98.4,0.2,0.0,0.2,0.0,99.8,0.1,6.8,31.1,0.9,26.6,4.7,63.3,2.7,0.1,1.5,0.3,49.1,3.42,5393.0,9.9,6.300000000000001,4827.0,5.1,94.4,0.2,80.7,70.3,0.0,0.0,53.6,45.0,0.4,1.9,5.4,36.9,42.3,16.7,4.1,90.5,91.8,57.4,0.7,53.9,45.4,2.3,7.6,98.9,0.4,0.2,0.4,0.2,1.1,1.0,90.10000000000001
44910317,rural,21998.0,10.4,12.1,11.6,40.6,45.7,35.1,22.7,2.7,9.3,8.1,6.3,7.4,7.0,6.6,5.2,4.1,3.1,3.3,2.0,1.7,1.8,4.4,29.4,64.9,2.1,3.6,24.8,3.8,86.8,46.7,1.6,29.4,15.0,5.5,2.8,98.1,0.4,0.1,0.1,0.0,99.6,0.4,4.3,31.5,2.2,35.4,9.4,41.8,7.0,0.1,0.9,3.1,47.8,2.46,3936.0,8.8,5.5,3842.0,5.7,90.1,0.0,79.7,2.9,0.3,0.0,36.4,61.4,0.7,2.2,9.9,48.9,30.9,13.0,7.2,90.0,91.6,52.5,5.0,25.1,69.9,0.0,3.5,80.5,0.2,8.9,10.2,0.2,1.1,1.2,96.5
44910501,rural,11707.0,9.2,10.8,11.6,36.1,41.6,33.4,15.3,3.5,8.1,6.6,6.5,7.3,7.5,6.3,5.9,4.2,4.2,4.6,2.7,1.9,2.6,5.0,30.4,61.6,2.2,5.8,25.2,3.5,95.3,41.8,1.9,28.8,17.7,7.7,2.4,99.1,1.0,0.5,0.0,0.0,100.0,0.1,8.3,55.7,0.6,7.6,6.2,73.3,0.3,1.1,5.9,4.9,50.1,2.02,2268.0,11.799999999999999,7.199999999999999,2329.0,5.0,88.1,0.0,90.1,4.8,0.1,0.0,21.9,76.9,0.9,2.0,11.9,30.2,22.7,28.4,18.7,96.2,94.5,62.5,1.4,54.7,43.8,6.0,0.0,99.1,0.0,0.4,0.2,0.3,0.5,0.2,94.0
44910503,rural,22693.0,8.7,10.1,10.6,30.8,37.8,38.0,32.1,6.6,8.6,7.2,5.9,6.7,6.4,7.2,6.2,5.4,4.4,4.9,3.0,2.3,2.5,4.3,31.9,57.6,4.8,5.8,27.1,2.8,95.6,35.1,1.3,29.1,21.6,7.5,2.7,97.9,0.6,0.0,0.1,0.0,99.9,0.1,4.1,41.6,1.1,21.2,5.2,59.6,2.8,0.9,3.2,5.9,49.8,3.02,4135.0,12.7,7.8,5153.0,4.4,85.7,0.2,85.2,87.2,0.4,0.0,78.6,19.9,0.4,1.8,14.1,29.1,32.6,30.3,8.0,97.2,96.0,66.7,3.2,44.9,51.9,33.8,2.1,98.8,0.1,0.1,0.9,0.2,0.9,0.8,64.1
44910505,rural,32493.0,9.4,11.3,11.8,35.2,38.9,40.1,24.9,4.2,8.5,6.9,6.6,7.1,7.3,7.0,5.4,4.1,3.7,4.5,2.7,1.7,2.0,4.0,30.5,61.6,2.9,5.0,26.1,3.6,95.7,40.9,2.1,28.1,18.1,8.8,3.9,99.3,1.5,1.0,0.2,0.0,99.9,1.1,11.1,44.7,0.6,16.1,13.5,65.1,1.2,1.0,0.5,2.1,49.5,2.75,6607.0,10.9,6.4,6780.0,4.8,84.3,2.6,86.6,68.3,0.1,0.2,51.6,47.1,0.4,2.0,13.1,24.4,27.0,36.8,11.9,95.8,89.7,61.1,19.2,36.2,44.6,9.7,15.1,90.4,0.5,2.3,6.8,0.0,0.9,0.5,75.10000000000001
44910509,rural,22399.0,9.5,10.8,11.3,38.0,44.7,38.2,29.2,4.2,8.6,7.4,6.4,6.4,6.8,7.0,6.0,5.2,3.8,3.9,2.5,2.2,2.1,5.4,30.6,60.5,3.1,5.8,27.1,3.4,96.2,44.1,2.2,28.9,15.6,6.0,2.6,99.3,0.2,0.0,0.0,0.0,99.9,0.1,7.6,41.8,1.3,17.0,8.2,66.9,1.0,0.1,1.0,4.4,47.9,2.39,4142.0,10.700000000000001,6.800000000000001,4584.0,4.9,86.3,0.4,85.3,2.4,0.0,0.0,41.8,49.7,0.0,1.6,13.4,21.8,23.2,31.9,23.0,98.3,98.6,51.3,3.3,69.0,27.7,14.9,0.6,98.0,0.0,0.0,1.8,0.2,1.1,8.5,84.60000000000001
44910511,rural,13491.0,8.7,10.3,10.4,32.6,39.4,33.8,24.0,6.4,7.5,6.4,5.6,6.8,7.0,6.9,6.3,5.6,5.1,4.4,3.5,2.7,2.9,7.2,32.6,56.4,4.3,6.8,27.7,2.3,96.1,36.9,1.2,29.3,18.6,8.9,2.6,98.8,0.7,0.0,0.3,0.0,99.7,0.4,9.6,52.0,0.3,28.4,6.7,56.1,3.5,3.8,0.2,1.1,50.7,2.93,2445.0,13.500000000000002,9.1,2896.0,4.7,89.3,0.2,93.3,77.4,0.0,0.0,70.3,27.2,1.0,1.9,10.6,34.7,24.4,27.1,13.8,93.8,89.9,51.7,4.0,47.0,49.0,22.9,7.5,97.9,1.8,0.0,0.1,0.2,0.8,1.5,69.6
44910513,rural,33223.0,9.1,11.2,11.0,36.0,41.9,38.6,23.7,4.4,9.2,7.3,6.0,6.4,7.1,7.1,6.1,4.9,3.9,3.9,2.5,1.8,2.4,4.6,30.6,61.5,2.8,5.0,26.8,3.3,97.1,41.4,1.6,29.3,17.5,6.8,2.9,99.1,0.1,0.1,0.0,0.0,99.9,0.1,2.9,22.6,2.0,12.6,3.7,62.8,2.7,0.6,4.5,11.1,48.7,2.34,6718.0,10.600000000000001,6.699999999999999,7208.0,4.6,91.7,0.4,91.0,71.5,0.2,0.0,67.5,26.1,2.0,1.9,7.8,28.3,42.7,25.9,3.2,96.4,96.8,73.9,1.2,49.4,49.4,0.8,4.9,98.1,0.2,0.1,1.5,0.1,0.8,4.2,94.30000000000001
45010101,urban,98454.0,8.5,9.7,9.7,19.2,26.9,45.9,20.6,3.9,8.3,7.8,7.1,8.1,7.7,7.5,6.4,5.4,4.0,3.8,2.4,1.7,1.7,3.4,32.1,61.3,2.8,3.7,28.4,2.9,97.2,21.6,2.2,25.1,20.6,16.0,9.2,99.1,5.8,2.8,0.3,0.1,99.8,1.3,20.3,58.6,1.5,24.1,18.8,45.6,0.9,1.3,2.4,5.4,50.2,2.04,25866.0,9.6,5.8,23899.0,4.1,67.3,23.6,99.4,99.4,0.8,27.4,70.2,0.3,0.7,1.5,9.2,48.9,37.0,14.0,0.1,98.9,99.7,79.7,99.4,0.4,0.1,96.3,3.2,99.8,0.1,0.0,0.0,0.1,,0.6,0.6
45010103,urban,20949.0,5.1,6.6,7.7,3.3,10.0,50.7,7.3,5.9,6.8,5.4,5.0,6.3,7.0,7.7,7.0,6.9,6.8,7.0,5.9,4.3,4.5,1.8,29.7,62.1,4.7,3.5,31.5,1.9,94.0,3.5,1.3,12.5,10.5,17.7,47.9,96.0,5.4,2.4,1.2,0.1,96.8,1.0,61.9,90.2,11.7,11.0,36.0,38.6,0.4,0.1,0.5,1.7,51.7,1.72,7938.0,21.7,14.7,7021.0,3.0,80.8,12.6,99.8,98.0,43.2,39.7,8.3,1.8,4.6,0.8,6.7,38.9,32.6,24.0,4.5,99.6,99.8,98.4,39.7,56.6,3.7,72.6,26.9,98.2,1.5,0.1,0.1,0.1,,2.4,0.6000000000000001
45010105,urban,122067.0,8.0,9.2,9.2,21.5,29.8,47.0,17.8,5.3,7.7,7.9,7.6,8.0,7.5,7.0,6.3,5.6,4.5,4.4,3.0,2.0,1.9,4.0,31.6,60.3,3.7,4.3,28.4,2.8,95.6,24.0,1.5,25.0,20.5,14.2,9.0,98.7,5.5,1.5,0.3,0.1,99.6,0.8,18.9,55.1,2.2,24.6,11.5,53.4,0.6,1.0,2.3,4.4,50.3,1.92,34752.0,11.3,6.9,32031.0,3.8,81.2,11.4,97.8,97.6,2.0,61.9,33.6,1.2,0.8,1.3,7.5,71.6,20.9,6.9,0.6,99.2,99.8,92.3,88.9,10.6,0.4,85.9,12.4,99.6,0.2,0.0,0.1,0.0,,0.5,1.7000000000000002
45010107,urban,295606.0,6.7,7.9,8.1,10.8,18.6,49.2,17.1,5.2,7.2,7.0,7.2,8.0,7.7,7.4,6.6,6.0,5.2,5.1,4.0,2.9,2.9,3.3,33.2,58.9,3.7,4.1,30.1,2.2,96.5,11.8,1.7,19.6,15.8,18.9,25.3,98.5,9.1,3.9,0.7,0.1,99.2,1.8,40.4,78.4,3.5,16.1,32.7,43.4,0.7,0.7,1.4,1.6,50.6,1.68,93148.0,14.9,9.8,82146.0,3.6,65.5,24.3,99.8,98.7,3.6,43.3,51.0,1.0,0.5,1.2,10.2,23.7,28.7,46.8,0.8,99.0,99.8,94.5,97.2,2.4,0.5,87.8,11.4,98.9,0.9,0.0,0.0,0.1,,0.5,0.8999999999999999
45010109,urban,73280.0,9.4,9.4,8.6,14.1,23.9,52.5,14.9,6.2,6.5,6.6,8.0,9.8,9.2,8.2,6.4,5.1,3.9,3.4,2.3,1.5,1.5,2.8,29.1,63.0,4.2,3.7,27.1,2.3,95.9,15.7,1.8,23.7,19.3,18.0,13.2,98.6,7.8,2.5,0.5,0.1,99.3,1.2,25.0,65.6,2.5,18.4,17.2,54.4,0.5,0.6,2.3,4.1,50.4,2.33,23748.0,8.7,5.3,21033.0,3.5,75.5,15.8,98.5,94.9,0.6,71.9,18.3,2.2,0.8,1.2,8.7,72.8,15.2,9.9,2.1,99.3,99.5,89.9,86.7,12.2,1.2,91.6,4.3,99.3,0.6,0.0,0.0,0.1,,6.2,4.1000000000000005
45010301,rural,7143.0,5.9,8.1,8.9,10.2,16.9,57.3,9.2,4.6,7.2,5.1,5.3,6.6,7.3,8.4,8.0,6.7,5.9,5.6,4.3,3.1,3.5,2.2,28.6,64.6,3.6,3.1,30.3,2.2,98.5,11.3,1.0,17.2,13.0,12.5,39.3,96.7,3.7,1.8,0.6,0.1,96.6,1.2,56.7,85.3,7.8,11.5,25.7,50.6,0.8,0.2,0.7,2.8,50.0,1.74,2866.0,16.5,10.9,2162.0,3.3,73.2,6.1,96.6,89.5,40.1,29.6,9.2,8.8,3.9,0.9,20.7,48.0,36.6,11.3,4.0,94.2,95.1,82.0,70.9,25.5,3.6,82.4,10.5,96.9,2.2,0.2,0.6,0.1,0.4,8.4,7.1
45010303,rural,4322.0,7.4,8.7,8.4,27.3,31.9,43.8,21.8,3.3,7.7,7.2,7.5,6.9,7.1,7.4,7.4,5.8,4.7,4.7,3.1,2.4,3.5,4.0,33.2,59.9,3.1,3.8,29.4,2.8,98.0,30.2,1.6,28.0,22.9,10.6,5.0,99.1,3.3,1.3,0.1,0.3,99.6,0.9,6.5,39.3,1.1,25.6,9.4,55.5,2.8,0.6,3.5,1.5,46.5,2.16,1116.0,13.700000000000001,9.0,1094.0,4.0,71.9,0.5,92.9,60.2,1.6,0.0,27.7,52.2,4.1,1.6,27.6,13.4,27.1,40.3,19.2,96.7,91.9,25.1,0.5,67.2,32.3,60.2,1.2,95.8,0.2,0.1,3.9,0.0,0.9,14.4,38.6
45010311,rural,14396.0,8.2,9.8,9.8,31.7,37.3,47.7,18.4,1.8,8.2,7.6,6.7,7.1,6.9,7.2,6.4,5.1,4.4,4.4,2.9,2.1,3.2,2.8,30.4,63.7,1.5,4.4,27.9,3.1,96.6,35.7,1.1,31.0,18.6,7.9,4.1,98.1,1.7,1.0,0.1,0.0,99.9,0.8,8.5,38.5,1.8,33.6,6.4,48.7,7.7,0.2,0.5,1.2,48.2,2.92,4047.0,12.600000000000001,8.2,3183.0,4.5,72.4,0.7,97.2,13.9,1.9,0.0,26.5,62.4,2.5,1.7,26.9,13.9,28.2,48.7,9.3,97.6,95.5,44.8,0.3,5.3,94.5,9.6,0.8,92.0,0.2,0.3,7.4,0.1,1.6,6.9,89.60000000000001
45010311,urban,98167.0,8.6,10.3,10.4,14.1,22.8,49.7,15.2,5.4,8.3,7.2,6.7,7.6,8.0,8.4,7.2,5.8,4.0,3.2,1.9,1.2,1.1,2.4,30.0,63.1,3.8,3.1,27.2,2.6,97.2,16.1,2.0,24.8,19.3,18.4,12.7,98.2,8.5,3.8,0.4,0.2,98.9,1.3,29.8,70.6,1.3,23.2,21.7,48.8,0.5,0.6,1.5,2.5,50.7,1.68,29216.0,7.4,4.199999999999999,26185.0,3.7,70.9,23.7,99.8,99.6,4.7,89.0,5.2,0.1,0.6,1.2,5.4,23.6,71.2,5.2,0.0,99.3,99.8,95.8,99.4,0.5,0.1,93.2,6.2,99.3,0.6,0.0,0.0,0.1,,0.4,0.5
45010503,rural,3243.0,7.7,9.0,9.6,21.4,26.7,41.8,17.3,2.5,8.4,7.6,7.5,7.1,7.0,6.2,6.7,5.6,5.0,4.3,3.2,2.7,2.5,3.7,30.1,64.7,2.0,3.3,27.8,3.1,98.9,24.1,2.2,28.4,23.4,13.6,5.7,99.5,3.3,0.2,0.2,0.0,99.4,0.7,16.4,62.5,2.5,21.9,10.9,55.2,2.1,0.5,5.7,1.3,48.5,2.1,828.0,12.7,8.4,674.0,4.8,58.3,1.6,83.4,18.5,3.1,0.0,4.9,80.7,2.8,1.8,40.1,19.4,23.6,42.4,14.5,94.7,96.1,32.8,6.7,67.4,26.0,34.0,12.2,98.1,0.1,0.6,1.0,0.1,1.2,8.5,53.900000000000006
45010503,urban,23301.0,8.6,9.9,9.4,19.2,28.1,47.6,24.6,4.8,7.6,7.9,8.0,8.2,7.8,7.0,5.8,5.5,4.4,3.9,2.7,1.6,1.4,3.9,30.8,62.2,3.3,3.7,27.7,2.8,96.5,21.6,2.0,26.0,19.2,14.4,10.3,98.5,9.9,2.6,0.3,0.1,99.5,1.9,27.0,58.3,1.3,35.1,14.7,41.5,1.0,0.5,3.6,2.4,49.7,1.98,6019.0,9.6,5.700000000000001,5432.0,4.3,59.4,30.5,99.9,99.7,0.0,13.9,83.9,0.1,0.5,1.8,10.1,42.4,49.2,8.4,0.0,96.5,99.7,64.9,99.2,0.8,0.0,66.8,32.7,99.3,0.6,0.0,0.0,0.2,,1.6,0.4
45010505,rural,15551.0,8.2,10.2,10.0,23.4,28.5,41.1,15.5,3.3,8.4,7.4,7.0,7.0,7.3,7.1,6.2,5.5,4.5,4.0,2.8,1.9,2.3,3.3,30.2,62.7,2.5,4.5,27.4,2.9,97.9,26.7,3.0,29.6,22.1,11.1,5.8,98.9,4.9,1.6,0.2,0.1,99.7,2.2,11.3,53.2,0.6,21.4,8.2,63.8,1.2,1.1,2.4,1.2,50.0,2.02,3863.0,11.0,6.999999999999999,3456.0,4.5,70.0,14.6,97.3,70.6,1.2,0.0,74.3,16.9,4.3,1.6,15.4,15.4,41.3,38.6,4.7,96.7,96.5,78.1,54.0,4.4,41.6,51.0,14.5,99.4,0.0,0.0,0.4,0.3,1.1,3.3,34.6
50810101,urban,47295.0,8.2,9.6,10.0,23.5,30.8,39.8,19.9,4.8,9.1,8.0,7.4,7.5,7.0,6.4,5.7,5.2,4.5,4.3,3.0,2.0,2.2,3.8,33.1,58.6,3.3,5.0,28.5,3.3,97.1,26.6,2.4,22.7,17.1,13.7,13.3,85.3,28.1,61.1,0.2,0.0,99.1,3.4,29.3,68.6,3.3,22.1,35.3,32.9,0.8,0.3,2.4,2.9,50.6,1.88,10880.0,11.5,7.2,11375.0,4.2,64.5,25.7,98.7,97.1,1.5,2.6,92.9,0.9,0.5,1.3,9.8,22.6,35.9,38.8,2.7,97.3,98.8,63.5,95.0,2.9,2.1,65.1,31.0,99.2,0.1,0.0,0.6,0.1,,1.7,3.9
50810103,urban,33628.0,7.5,9.4,10.0,27.5,34.8,35.8,16.1,4.0,8.7,7.7,7.4,7.4,6.6,6.4,5.8,5.5,4.6,4.6,3.2,2.4,2.8,5.6,32.1,60.2,2.4,5.3,27.1,3.2,97.1,31.0,1.8,25.1,16.5,11.2,10.7,78.7,75.8,17.5,0.2,0.1,99.0,2.3,21.8,61.5,1.3,24.6,24.4,39.3,1.4,0.5,3.6,4.9,50.6,1.89,7385.0,13.0,8.399999999999999,7903.0,4.3,71.5,21.4,99.2,96.2,0.1,1.3,96.9,1.1,0.4,1.4,7.0,18.0,38.7,38.9,4.4,96.8,98.7,51.0,95.2,2.6,2.2,41.8,54.8,98.3,0.1,0.0,1.3,0.2,,0.2,3.4
50810301,rural,11963.0,9.3,10.4,11.8,46.0,47.8,37.4,9.8,2.8,9.7,7.5,6.2,7.0,6.6,6.2,5.2,4.4,3.7,3.5,2.4,2.5,3.7,4.3,30.3,63.1,2.0,4.6,27.4,4.2,91.1,53.0,1.7,26.3,16.2,5.3,2.7,21.8,47.7,52.0,0.3,0.0,93.7,7.2,3.4,33.7,0.0,23.6,5.4,64.9,4.1,0.0,0.5,1.4,48.4,1.89,2767.0,12.100000000000001,8.600000000000001,2228.0,5.4,91.4,0.0,90.8,88.8,0.0,0.0,25.9,72.3,1.2,1.9,8.6,12.0,16.0,12.3,59.8,57.7,40.2,14.3,0.6,28.0,71.4,0.0,0.0,29.9,0.2,0.0,70.0,0.0,2.9,0.6,100.0
50810303,rural,13541.0,10.9,12.3,13.7,47.3,50.3,38.7,9.2,1.2,11.5,8.2,6.8,6.6,6.3,5.2,3.8,3.4,3.2,2.6,2.3,1.5,1.8,4.2,31.5,64.3,0.8,3.4,25.4,5.8,92.4,56.4,1.3,34.9,9.5,2.5,1.6,2.9,65.1,35.6,0.0,0.1,99.3,9.5,2.7,21.1,0.3,20.0,4.0,73.0,2.1,0.1,0.2,0.4,47.5,2.94,3008.0,8.200000000000001,5.6,2235.0,6.1,98.0,0.4,93.6,78.4,0.0,0.0,8.9,90.7,0.2,2.2,1.6,16.7,25.6,38.3,19.4,43.9,51.2,6.5,0.3,22.2,77.5,0.1,0.0,6.9,0.1,0.3,92.3,0.3,2.3,0.1,99.89999999999999
50810305,rural,11992.0,9.8,11.0,11.3,44.1,49.5,41.4,15.7,1.1,10.9,9.1,7.9,7.0,6.3,5.2,4.5,4.0,2.8,3.1,2.4,2.2,2.5,3.0,32.4,62.2,0.8,4.7,26.3,5.0,97.5,51.2,1.0,30.2,11.5,4.9,2.9,21.6,91.4,13.5,0.1,0.0,95.4,14.4,12.4,40.7,0.5,35.3,5.3,32.2,14.8,0.4,0.1,11.5,49.2,2.66,2842.0,10.2,7.1,1866.0,6.4,97.5,0.5,98.5,92.9,0.0,0.0,0.6,98.3,1.0,1.9,2.0,21.9,26.9,39.4,11.8,77.9,95.1,5.5,1.6,37.7,60.7,0.5,0.0,57.4,0.2,0.2,42.0,0.2,2.4,0.1,99.5
50810307,rural,23531.0,9.8,11.8,12.1,47.1,50.9,40.5,28.5,2.4,10.1,7.3,6.6,7.2,6.5,5.4,4.6,4.0,3.6,3.4,2.7,2.0,3.0,4.3,32.8,60.5,1.5,5.2,26.8,5.1,92.3,55.2,1.1,30.5,11.2,3.8,2.4,21.9,33.5,75.6,0.1,0.0,97.8,3.2,6.1,32.1,0.2,30.7,9.2,54.0,1.6,0.3,0.7,3.3,48.1,2.63,4513.0,11.1,7.7,4183.0,5.6,89.3,4.1,89.5,82.6,0.0,0.0,23.8,74.3,1.1,1.8,6.6,13.3,21.3,18.3,47.1,55.3,37.0,6.3,2.2,18.6,79.2,4.3,0.1,26.3,0.1,1.0,72.5,0.1,6.8,0.9,95.6
50810309,rural,16377.0,9.1,10.3,10.6,37.1,41.9,38.6,20.4,3.3,10.2,8.4,7.7,7.6,6.5,6.1,5.0,4.2,3.4,3.3,2.7,2.2,2.7,4.4,34.4,59.3,2.3,4.0,27.8,4.6,96.1,42.1,1.4,28.6,14.8,6.8,6.4,20.1,0.9,98.1,0.3,0.0,97.7,5.5,11.4,33.8,0.8,27.6,14.5,50.9,4.7,0.3,0.0,1.0,47.3,2.91,3522.0,10.899999999999999,7.6000000000000005,2910.0,5.6,90.4,4.4,97.8,91.6,0.0,0.0,5.4,94.3,0.3,1.7,5.2,13.6,27.0,30.4,28.9,84.3,93.0,15.3,0.0,2.7,97.3,7.6,0.1,83.7,0.4,0.0,15.9,0.0,0.7,0.0,92.3
50810311,rural,12959.0,9.0,10.4,11.2,38.2,42.3,35.4,19.8,2.7,9.7,7.2,6.4,6.9,7.1,6.6,5.2,4.3,3.8,3.5,3.1,2.4,3.2,4.0,34.5,57.6,1.8,6.1,27.7,4.0,97.1,44.2,2.8,27.9,16.7,6.2,4.2,42.6,19.5,79.8,0.2,0.0,96.1,4.9,8.6,40.9,0.5,13.8,8.0,64.8,2.3,0.2,1.2,9.1,48.1,2.1,2558.0,12.2,8.7,2454.0,5.3,89.4,0.3,93.5,85.6,0.0,0.0,34.8,64.4,0.6,1.7,10.3,24.5,10.6,25.0,39.9,71.0,60.1,24.7,1.3,47.8,50.9,0.0,0.5,48.8,0.4,0.6,50.1,0.0,1.8,0.2,99.5
50810313,rural,11255.0,10.1,11.8,12.3,51.0,52.7,36.1,15.3,2.7,10.9,8.7,7.4,6.5,5.9,5.3,4.7,3.7,3.1,3.2,2.3,1.8,2.1,4.0,34.1,60.4,1.9,3.7,27.1,5.9,91.4,58.7,1.7,28.4,10.2,4.2,2.8,18.0,0.2,99.1,0.2,0.1,97.9,2.4,10.7,39.4,1.2,28.1,7.5,52.2,8.1,0.3,0.3,2.3,48.1,2.81,2259.0,9.4,6.199999999999999,2159.0,5.2,90.4,1.0,72.1,32.1,0.0,0.0,1.7,97.3,0.5,2.4,8.6,14.3,18.2,33.3,34.3,68.8,38.1,25.7,0.1,2.7,97.2,12.0,0.1,19.9,0.1,0.0,79.7,0.3,6.3,0.4,88.0
50810501,rural,8656.0,8.4,10.1,11.0,36.6,39.8,34.7,12.2,3.2,9.2,6.4,5.6,6.6,7.1,7.0,6.2,5.2,4.1,4.3,3.3,2.1,3.1,4.1,28.3,61.9,2.3,7.5,27.0,3.4,98.4,42.3,1.9,28.8,16.9,8.6,4.0,45.7,26.0,83.3,0.2,0.0,99.2,0.8,18.4,54.1,1.5,29.7,8.3,55.5,1.1,0.1,1.1,2.7,49.5,2.24,1858.0,12.799999999999999,8.5,1956.0,4.4,91.0,3.0,95.9,95.0,0.1,0.0,60.0,38.1,1.6,1.5,6.0,25.4,24.4,27.3,22.9,88.0,82.7,45.1,0.5,1.0,98.6,18.7,13.9,60.0,0.0,0.2,39.5,0.3,0.5,0.2,67.4
50810505,rural,12390.0,7.7,10.2,10.8,40.4,42.4,36.2,11.1,3.4,9.4,6.9,6.6,6.2,6.7,6.3,5.8,5.1,4.1,4.3,2.9,2.8,4.0,4.4,29.7,61.8,1.8,6.7,26.6,3.9,95.4,46.0,1.3,30.7,16.3,5.5,3.8,75.4,51.0,44.6,0.0,0.0,99.3,0.7,9.6,48.9,0.4,38.7,4.8,54.4,0.2,0.0,0.0,1.5,49.5,2.23,2838.0,14.0,9.7,2687.0,4.6,98.8,0.0,95.6,85.2,0.0,0.0,66.4,33.4,0.2,1.7,1.2,27.1,28.7,19.8,24.4,96.3,90.3,36.2,0.6,24.9,74.4,0.0,0.0,79.5,0.0,0.4,19.8,0.3,0.8,0.0,100.0
50810507,rural,9588.0,7.4,9.4,10.1,36.7,38.2,32.3,27.9,3.1,8.0,5.9,5.5,5.8,6.2,6.4,6.2,5.9,4.7,5.1,5.0,3.4,5.0,5.5,29.1,59.5,2.5,8.8,27.6,2.3,100.0,41.7,1.6,27.1,17.4,9.1,6.6,92.6,50.4,26.7,0.1,0.1,99.8,0.2,16.7,66.4,2.5,24.9,16.3,49.0,2.0,0.3,0.9,4.0,52.1,2.52,1632.0,18.5,13.4,2419.0,4.0,88.8,2.7,96.2,96.0,0.2,0.5,59.5,39.6,0.1,1.3,8.5,19.1,21.5,25.1,34.3,95.9,96.0,57.6,0.2,11.1,88.6,27.3,0.6,95.2,0.1,0.0,4.2,0.4,1.0,0.1,72.19999999999999
50810507,urban,4014.0,6.3,8.5,10.0,28.6,31.7,32.0,31.9,5.7,8.1,6.8,5.6,5.0,5.6,5.2,6.0,6.7,6.3,6.6,4.9,3.3,5.0,4.3,31.4,55.8,3.9,8.8,27.6,2.5,99.6,32.3,2.3,24.7,17.8,12.1,11.4,99.7,18.6,0.8,0.0,0.0,99.9,0.1,24.6,62.4,1.1,26.0,34.4,32.3,1.2,0.3,0.5,4.3,54.9,1.47,657.0,19.8,13.2,1144.0,3.5,71.8,18.6,98.7,98.0,0.0,0.0,82.6,16.9,0.5,1.2,9.6,13.7,24.1,38.9,23.3,97.3,97.4,66.5,1.1,22.9,76.0,79.9,3.1,99.5,0.0,0.0,0.1,0.4,,0.0,17.0
50810509,rural,3569.0,6.5,10.2,10.9,38.3,44.1,33.4,30.0,3.6,8.7,6.8,5.5,5.3,6.3,6.8,6.1,5.5,4.4,6.2,3.6,3.8,3.7,5.6,32.0,57.3,2.4,8.3,27.8,3.4,95.1,43.9,0.1,27.4,17.3,6.7,4.4,99.7,5.6,8.5,0.1,0.0,100.0,0.1,6.3,24.1,1.3,25.9,5.8,62.5,1.0,0.5,1.3,1.7,51.2,2.15,603.0,17.3,11.100000000000001,840.0,4.2,94.3,0.1,95.8,46.0,0.5,0.0,59.2,39.7,0.4,1.6,5.6,21.5,22.1,36.9,19.5,79.4,87.5,26.6,3.1,1.1,95.8,2.9,0.1,63.6,0.4,0.1,35.5,0.4,0.8,0.2,97.0
50810509,urban,5802.0,6.5,8.5,10.6,31.3,35.4,34.6,10.5,4.0,8.7,7.7,5.6,6.2,5.7,6.5,6.3,6.3,4.8,6.3,3.9,2.8,3.4,4.9,30.8,59.6,2.9,6.7,27.2,2.8,96.1,35.6,1.2,27.5,17.0,10.1,8.8,97.3,1.0,25.9,0.1,0.1,99.8,0.3,15.4,54.7,1.2,42.2,17.2,31.9,1.8,0.5,3.8,1.4,51.3,1.78,1333.0,16.4,10.1,1470.0,3.9,74.0,18.7,97.7,92.3,0.2,1.3,86.0,12.0,0.3,1.4,7.3,18.9,35.2,37.0,8.9,92.4,94.7,39.7,85.4,7.7,7.0,54.0,17.9,96.8,0.1,0.2,2.9,0.1,,0.1,28.099999999999998
50810511,rural,13398.0,8.5,9.6,10.9,35.3,38.8,31.4,21.5,1.9,8.7,7.1,5.5,6.4,6.3,6.2,5.5,5.6,4.7,4.6,3.8,2.9,3.7,4.5,30.1,60.8,1.8,7.3,27.2,3.7,95.7,40.2,1.4,26.2,17.9,9.1,6.5,87.0,70.8,15.4,0.1,0.1,99.5,2.9,17.6,61.0,0.2,29.5,27.1,31.8,1.1,1.6,0.9,7.9,50.5,2.48,2347.0,15.0,10.399999999999999,3099.0,4.3,86.5,7.0,96.4,95.7,0.4,0.7,80.9,17.4,0.5,1.5,6.6,12.7,30.1,32.8,24.4,90.8,89.4,36.6,1.6,48.6,49.8,22.3,19.3,85.7,0.4,0.7,12.9,0.2,1.3,0.1,58.3
50810513,rural,9352.0,8.4,10.7,11.4,41.5,44.0,33.8,38.7,2.2,8.4,4.9,5.4,6.1,7.7,6.4,6.2,5.2,3.6,3.9,3.6,3.2,4.9,4.8,28.0,63.9,1.8,6.4,26.5,3.1,98.2,48.2,1.6,31.2,15.6,5.3,2.3,99.4,20.8,14.8,0.0,0.1,99.6,6.1,5.0,34.4,0.2,16.2,9.1,68.4,2.3,0.1,2.6,1.0,50.4,2.27,1347.0,15.6,11.700000000000001,2187.0,4.3,92.7,0.3,93.2,84.3,0.0,0.0,61.0,37.0,0.3,1.7,7.0,21.0,21.4,21.1,36.5,93.7,82.3,28.9,0.4,23.0,76.6,0.1,0.1,74.5,0.4,0.1,24.3,0.7,1.6,1.5,99.80000000000001
50810515,rural,7354.0,7.7,10.6,11.4,43.6,46.2,32.2,25.5,3.2,8.9,5.3,5.6,5.9,6.4,6.8,5.3,5.3,4.3,4.7,4.1,3.2,4.5,7.1,26.1,64.7,2.4,6.7,26.8,3.9,97.6,50.4,1.8,29.7,13.7,5.4,3.3,74.5,43.9,55.7,0.1,0.0,99.2,3.1,11.6,47.0,0.2,22.7,8.9,66.9,0.6,0.4,0.2,0.2,49.4,2.23,1239.0,16.5,11.8,1639.0,4.5,95.0,1.3,96.0,72.2,0.1,0.1,38.8,60.3,0.4,1.8,3.6,20.1,18.0,9.4,52.4,89.9,74.9,7.7,0.2,1.1,98.7,0.1,0.1,33.4,0.1,0.2,65.9,0.4,1.4,0.3,99.9
50810517,rural,10872.0,8.0,9.8,11.0,40.6,42.8,31.5,8.8,2.3,9.2,6.0,6.0,6.3,6.9,6.4,6.4,5.1,4.2,4.6,3.6,2.8,3.6,6.7,28.7,62.8,1.7,6.8,27.3,3.2,98.0,46.6,2.1,29.5,14.8,6.1,4.8,80.2,19.4,61.0,0.2,0.0,99.6,0.6,8.6,32.7,0.4,19.1,12.0,57.3,1.0,0.5,0.6,9.1,50.0,2.1,2220.0,14.6,10.0,2466.0,4.4,86.8,5.9,89.9,92.4,0.3,1.1,55.7,41.5,0.7,1.5,7.3,25.5,24.6,23.6,26.3,96.3,82.8,40.6,0.4,16.3,83.3,2.4,2.5,56.4,0.0,0.1,42.9,0.7,1.3,0.7,95.1
50810519,rural,10254.0,8.7,10.2,11.4,40.6,43.3,33.1,9.7,2.4,8.6,6.5,5.7,6.4,6.5,6.1,5.4,4.8,3.7,4.4,3.7,3.2,4.6,5.1,27.4,63.4,1.9,7.3,27.1,4.3,97.7,47.1,2.1,29.2,16.5,5.7,3.2,41.7,12.1,87.0,0.2,0.0,99.2,1.9,10.2,45.3,0.8,20.8,8.2,59.1,0.6,0.7,1.1,8.7,48.6,2.48,2138.0,15.9,11.5,2407.0,4.3,95.1,0.7,95.0,96.4,0.0,0.0,53.6,45.4,0.7,1.5,4.2,18.7,21.4,25.5,34.3,85.5,86.8,15.2,0.5,8.2,91.3,0.0,0.0,62.9,0.5,0.8,35.4,0.4,1.4,0.2,100.0
50810521,rural,5734.0,8.1,9.4,11.6,42.5,44.2,30.8,26.8,2.4,8.8,5.7,4.8,5.9,6.3,6.5,6.2,5.6,4.4,4.1,4.2,3.1,5.3,6.2,27.1,63.9,1.9,7.1,26.5,3.4,99.0,49.4,1.7,27.4,16.4,7.2,3.1,93.2,17.8,30.1,0.1,0.1,99.7,0.3,8.2,45.3,0.2,20.5,11.2,63.0,2.1,0.7,0.7,1.6,49.7,2.13,916.0,16.7,12.600000000000001,1283.0,4.5,96.2,0.4,93.8,46.2,0.2,0.0,44.5,54.3,0.7,1.6,3.4,24.7,12.8,13.5,49.0,90.5,87.8,11.1,0.2,31.6,68.1,0.0,0.0,63.3,0.2,0.3,35.9,0.3,0.9,0.2,100.0
50810903,rural,2765.0,9.1,9.8,11.2,44.6,48.0,35.9,18.5,4.7,9.5,7.1,6.3,5.7,5.5,5.3,5.0,4.8,3.7,4.3,3.5,3.4,5.7,3.8,31.2,57.4,3.4,8.0,28.1,5.5,94.7,51.5,0.2,24.8,17.7,5.6,3.6,32.5,0.3,99.5,0.2,0.1,99.0,0.9,9.3,56.6,0.2,30.6,8.5,58.1,1.6,0.2,0.7,0.2,49.3,3.06,565.0,16.9,12.600000000000001,613.0,4.5,93.6,0.5,88.9,86.0,0.3,0.0,14.5,84.5,0.7,1.9,5.9,16.0,14.5,34.4,35.1,47.8,53.5,44.0,1.6,27.7,70.6,1.0,0.0,6.0,0.0,0.2,93.8,0.0,6.7,0.0,99.0
50810907,rural,3405.0,9.3,9.4,11.9,45.8,48.1,24.5,32.9,5.3,9.9,7.4,6.6,5.9,6.7,6.3,5.8,4.7,3.5,4.3,2.5,2.2,3.7,5.6,29.0,62.2,4.1,4.7,27.1,4.2,91.4,53.4,0.3,21.9,15.9,7.7,6.1,21.8,2.1,96.6,0.4,0.1,98.5,2.9,4.3,33.8,2.1,15.9,27.2,52.7,0.8,0.0,0.3,1.0,51.1,2.46,389.0,12.7,8.4,875.0,3.9,69.8,5.6,81.8,76.4,0.0,0.0,79.2,19.7,0.9,1.8,24.6,23.0,39.7,25.4,11.9,80.1,66.4,5.3,4.1,62.6,33.3,32.5,12.4,38.0,0.0,0.2,61.7,0.1,0.7,0.2,55.1
50810909,rural,3975.0,11.0,11.6,12.6,52.0,52.4,40.7,22.3,6.6,9.8,7.3,6.8,7.3,6.2,5.3,4.9,3.7,3.3,3.0,1.8,1.6,3.7,5.4,29.6,60.9,5.0,4.6,26.2,5.4,93.2,60.3,0.9,25.2,13.5,4.6,3.5,22.5,0.1,99.0,0.4,0.0,94.6,40.1,5.7,52.8,1.8,11.3,7.3,44.5,11.4,0.0,0.2,23.4,49.5,3.8,813.0,10.100000000000001,7.1000000000000005,911.0,4.4,82.6,0.8,86.0,26.1,0.0,0.0,5.4,93.6,0.8,2.0,16.6,16.5,18.4,34.5,30.5,19.1,28.0,8.5,0.0,7.7,92.3,0.0,0.1,10.1,0.2,0.2,89.2,0.2,2.2,0.2,99.89999999999999
50810911,rural,4605.0,7.6,8.9,10.9,42.0,43.8,32.4,29.5,3.7,8.7,6.1,5.3,5.6,6.0,5.9,6.6,6.0,4.4,5.3,3.8,3.7,5.3,8.5,28.5,62.2,2.6,6.8,26.9,3.5,96.6,47.5,1.0,25.9,17.6,8.6,3.1,41.8,0.1,98.6,0.3,0.0,98.4,1.7,11.9,38.5,0.8,30.0,10.4,52.7,2.6,0.8,1.0,1.7,50.4,2.13,763.0,18.1,12.8,1098.0,4.2,87.1,5.7,94.1,93.0,0.5,0.0,44.9,53.3,0.9,1.7,7.2,6.4,17.8,24.5,51.4,69.6,65.0,35.1,6.8,26.7,66.5,3.7,0.3,33.3,0.0,3.6,62.8,0.3,1.8,0.5,96.0
50810913,rural,1464.0,8.7,9.5,11.2,47.7,49.9,30.5,85.7,2.6,8.8,6.5,5.3,4.6,6.0,6.1,5.4,5.9,4.4,5.7,3.2,3.1,5.5,6.8,30.5,64.1,2.2,3.2,28.0,4.5,95.0,55.0,0.5,22.0,17.5,6.6,3.6,10.4,0.0,92.6,0.3,0.1,99.2,1.3,8.6,32.8,0.0,24.4,31.1,40.0,0.0,0.0,0.0,4.4,46.7,4.41,45.0,17.5,11.8,369.0,4.0,52.2,0.0,83.2,25.3,0.0,0.0,5.7,93.5,0.5,1.9,47.8,20.9,16.6,22.3,40.2,5.7,5.4,2.7,2.4,1.9,95.7,0.5,0.0,6.5,0.0,0.3,93.2,0.0,0.9,0.3,99.5
50810915,rural,4763.0,8.4,9.7,10.5,40.0,42.2,30.3,34.7,4.6,9.8,6.3,5.4,5.0,6.2,5.7,5.6,5.7,4.5,5.2,3.6,3.2,5.2,7.1,29.7,59.7,3.1,7.5,27.6,3.7,98.5,45.8,2.2,24.7,17.6,8.4,4.8,70.5,0.1,98.8,0.2,0.0,99.4,0.9,8.4,51.1,0.0,28.7,12.3,50.1,1.6,0.4,1.2,5.6,52.1,2.66,673.0,17.2,12.0,1177.0,4.0,89.7,0.2,93.1,74.5,0.1,0.0,47.4,50.7,0.4,1.5,10.1,13.2,24.0,35.5,27.3,88.7,74.2,57.7,1.6,28.2,70.2,1.0,6.2,51.4,0.0,0.1,48.1,0.3,1.2,1.4,92.80000000000001
50810915,urban,8633.0,7.0,8.1,9.6,23.6,27.9,32.7,26.4,5.6,8.9,7.7,5.8,6.0,6.0,5.4,5.7,6.4,6.0,5.7,4.2,3.2,4.2,3.5,33.7,54.9,4.2,7.2,30.6,2.3,95.9,26.4,3.0,22.4,16.4,17.9,12.5,90.6,1.2,91.5,0.1,0.0,99.4,1.7,28.2,70.8,0.8,24.1,35.4,33.2,0.3,0.5,1.8,3.8,52.0,2.28,1563.0,17.3,11.600000000000001,2310.0,3.7,67.9,22.9,98.9,95.3,0.1,2.0,94.8,2.3,0.4,1.2,9.2,8.0,40.4,44.7,6.9,95.7,96.2,74.5,86.2,8.3,5.4,35.1,56.9,98.3,0.0,0.0,1.7,0.0,,0.3,8.0
50810917,rural,3877.0,10.3,12.1,11.8,43.4,46.9,31.1,14.4,5.4,10.1,6.8,6.1,5.3,7.0,6.1,5.4,3.8,3.4,3.1,3.0,2.5,3.3,7.9,33.3,57.3,4.0,5.4,28.4,5.0,95.9,50.7,0.1,30.0,16.1,4.0,2.9,67.1,41.4,33.2,0.1,0.0,97.4,2.6,1.2,8.7,0.1,27.1,7.8,49.7,6.6,0.0,0.1,8.5,47.7,3.32,680.0,11.899999999999999,8.8,803.0,4.8,93.8,1.9,75.1,11.6,0.0,0.0,11.7,86.4,1.9,2.2,4.4,18.4,13.7,14.6,53.3,15.3,8.1,15.2,0.0,0.0,100.0,0.0,0.0,5.6,0.0,0.0,94.3,0.1,1.5,0.0,100.0
50810919,rural,16410.0,9.5,11.1,12.0,46.2,49.2,33.1,18.6,6.4,9.9,7.8,5.9,6.4,6.7,5.8,5.3,4.3,3.7,3.6,2.7,2.1,3.0,4.0,30.4,60.3,4.1,5.2,27.3,3.6,92.8,53.6,0.6,23.7,13.0,6.7,6.8,33.1,7.3,93.0,0.1,0.0,97.1,4.4,22.2,60.1,0.3,27.6,12.1,39.1,2.5,0.4,1.2,16.8,50.8,2.52,2978.0,11.4,7.800000000000001,3844.0,4.3,82.6,5.8,81.7,66.8,0.1,0.4,57.7,40.5,1.1,1.8,11.7,30.0,31.0,30.5,8.5,76.3,69.5,33.5,2.9,46.6,50.5,11.7,33.3,58.5,0.6,0.1,40.5,0.4,1.4,0.1,54.9
50810921,rural,3784.0,10.5,10.3,11.9,46.6,49.0,28.2,6.3,6.5,10.0,8.6,7.0,7.0,6.6,5.0,4.4,3.5,4.1,3.0,2.8,2.2,3.0,6.2,28.1,62.7,4.4,4.8,25.5,4.8,94.0,54.4,0.5,20.0,17.0,7.1,6.4,16.9,0.2,99.0,0.3,0.1,99.1,2.0,13.4,46.3,0.0,35.1,13.1,49.0,2.1,0.3,0.3,0.1,50.9,2.51,673.0,11.0,8.0,879.0,4.3,70.1,2.2,75.8,70.9,0.1,0.0,53.4,45.8,0.7,2.5,27.8,23.4,24.3,30.5,21.7,52.3,50.2,2.0,0.2,0.0,99.8,0.0,0.0,49.6,0.1,0.1,49.8,0.3,1.8,0.0,100.0
50810923,rural,11591.0,9.2,11.6,12.1,40.0,46.1,38.2,26.4,4.9,9.6,8.2,6.8,6.4,6.1,5.3,4.8,4.3,3.8,3.5,2.8,2.0,3.5,4.0,35.3,55.7,3.9,5.1,28.6,3.3,92.4,47.1,1.4,27.5,15.9,4.3,4.7,21.4,24.2,86.4,0.2,0.0,97.7,4.6,8.4,48.3,0.5,16.4,18.6,48.4,1.7,0.6,0.4,13.3,47.9,3.29,2186.0,11.8,8.3,2455.0,4.7,88.1,2.6,79.9,54.1,0.0,0.3,29.7,68.2,1.8,1.8,9.4,16.3,22.4,28.9,32.4,43.8,37.9,21.7,1.7,21.0,77.3,0.8,23.5,25.1,0.5,4.7,69.6,0.1,8.5,0.0,75.69999999999999
50811101,rural,7234.0,7.4,9.6,10.2,31.1,34.0,30.1,28.1,4.0,8.1,6.2,5.4,5.3,5.7,5.9,6.9,6.5,5.6,5.4,3.7,3.4,5.0,7.0,30.8,59.0,2.9,7.2,27.4,3.0,98.3,35.3,2.0,27.1,21.4,10.2,5.3,84.0,0.9,96.2,0.2,0.0,99.3,3.5,18.8,74.4,0.8,17.4,11.7,65.6,1.3,0.4,0.7,2.2,52.0,1.96,1141.0,17.5,12.1,1669.0,4.3,88.1,1.1,96.0,92.1,1.0,0.1,69.8,27.3,0.7,1.5,10.9,4.9,20.4,44.2,30.5,93.3,93.6,48.9,23.3,17.6,59.2,3.9,0.8,90.9,0.1,0.0,8.9,0.1,0.5,1.2,95.4
50811101,urban,12968.0,6.8,9.2,9.9,23.0,26.4,31.3,23.3,5.9,8.6,7.2,6.0,6.3,6.2,5.8,5.9,6.1,5.7,6.0,4.2,3.1,3.0,5.8,31.6,57.3,4.3,6.8,28.9,2.9,98.0,25.9,3.2,25.2,19.8,14.6,10.8,96.9,23.9,51.2,0.4,0.1,99.4,1.2,24.9,70.8,1.3,22.0,31.1,38.7,0.2,2.0,2.0,2.6,53.4,2.15,2300.0,16.299999999999997,10.3,3381.0,3.8,59.2,26.2,99.1,97.9,0.2,0.7,97.2,1.1,0.4,1.3,14.6,9.7,41.3,38.6,10.4,95.5,98.6,66.8,75.0,6.5,18.5,53.0,37.7,97.3,0.4,0.0,2.2,0.1,,0.5,9.3
50811103,rural,23671.0,8.1,10.4,11.2,34.0,38.2,29.5,35.1,3.5,8.5,6.6,5.4,5.9,6.3,6.3,6.2,5.6,4.7,4.7,3.6,2.8,3.7,5.4,28.6,60.9,2.8,7.8,27.0,3.1,92.0,39.2,2.0,27.2,18.3,8.4,5.9,90.7,18.5,58.4,0.3,0.0,99.2,1.4,20.0,58.5,1.6,18.6,19.5,51.6,2.0,2.6,2.2,2.0,51.5,1.99,3185.0,14.8,10.100000000000001,5318.0,4.5,86.5,5.5,96.5,74.0,0.1,0.1,68.4,30.1,0.9,1.5,8.1,16.7,24.1,40.1,19.1,95.7,94.6,30.0,19.2,31.9,48.9,23.9,0.1,89.4,0.2,2.3,7.9,0.2,0.4,0.5,76.0
50811105,rural,1459.0,9.0,10.8,9.9,41.0,44.8,32.9,2.4,4.1,8.4,5.0,5.2,7.3,7.1,6.4,5.2,5.2,4.0,4.7,3.7,3.5,4.7,4.0,27.2,62.7,2.5,7.5,26.4,3.6,97.8,46.7,0.0,30.1,17.1,6.1,1.9,66.1,0.2,99.1,0.1,0.1,99.4,0.7,2.9,51.2,0.0,33.7,7.3,53.5,2.7,0.0,2.4,0.3,50.9,2.74,329.0,16.6,11.9,279.0,5.2,95.0,0.0,97.5,98.6,0.0,0.0,52.7,46.2,1.1,1.8,5.0,7.2,7.2,1.1,84.6,84.6,74.2,3.2,1.1,76.7,22.2,0.0,0.0,8.2,0.0,0.0,91.8,0.0,1.6,0.0,100.0
50811125,rural,6852.0,7.2,9.0,10.4,28.3,30.6,31.3,39.6,5.8,8.1,6.4,5.0,5.2,5.7,5.9,6.5,6.2,5.9,6.1,4.5,3.4,4.4,4.9,29.9,57.9,4.2,8.1,27.9,2.8,99.0,32.2,2.8,27.2,22.3,10.7,6.4,91.1,1.5,90.6,0.1,0.0,99.4,0.7,14.9,66.2,0.9,32.2,14.8,49.0,0.5,0.7,1.6,0.2,53.6,2.13,951.0,18.4,12.3,1732.0,4.0,85.4,4.6,93.5,94.6,0.4,0.1,80.9,17.7,0.9,1.2,10.0,10.3,26.4,33.5,29.7,91.6,88.6,49.1,0.5,13.6,86.0,0.2,0.1,78.6,0.1,0.7,20.6,0.0,0.9,0.1,99.7
50811305,rural,13908.0,9.8,11.1,11.7,46.3,50.4,35.9,16.4,1.9,10.5,8.0,7.7,6.4,5.7,5.1,5.1,4.5,3.4,3.8,2.6,2.5,2.4,7.1,31.2,61.7,1.3,5.9,26.7,4.9,92.2,53.5,0.8,39.3,8.0,0.8,0.7,38.1,98.9,10.5,0.0,0.0,96.7,9.6,1.5,26.1,0.0,12.1,6.2,64.3,1.9,1.3,1.2,12.9,49.9,3.27,2821.0,11.3,7.5,2449.0,5.7,94.9,0.3,93.2,67.7,0.0,0.0,16.3,82.3,1.4,1.9,4.7,9.4,7.7,38.6,44.3,73.7,78.2,31.2,0.2,43.5,56.3,0.0,0.0,64.9,0.2,3.1,31.3,0.5,4.0,0.0,100.0
50811307,rural,18088.0,9.5,10.6,11.5,45.9,53.4,32.3,11.0,1.9,10.2,8.4,7.9,6.7,5.8,5.4,4.7,4.4,3.3,4.1,2.7,2.4,2.5,3.3,31.0,62.4,1.3,5.3,26.9,5.3,86.8,53.0,1.2,33.7,7.2,2.5,1.9,8.0,97.6,0.6,0.0,0.0,97.6,4.4,3.1,24.8,0.7,10.3,7.6,62.4,1.5,0.0,0.6,16.9,48.8,2.78,3552.0,11.7,7.6,3246.0,5.6,96.3,0.5,95.0,86.2,0.0,0.0,1.7,97.6,0.4,2.0,3.2,13.6,20.3,39.7,26.4,68.0,89.6,1.2,3.3,29.4,67.3,0.8,0.3,30.2,0.3,1.1,67.5,0.9,6.8,0.4,98.89999999999999
50811309,rural,16554.0,9.3,10.5,10.8,35.9,40.8,39.0,22.6,2.2,8.8,7.6,6.8,7.2,6.7,6.1,5.4,4.6,3.9,3.8,2.9,2.5,2.9,3.5,29.0,63.6,1.5,5.8,26.2,3.3,96.8,41.3,1.6,33.3,14.8,5.5,3.9,80.7,89.0,0.7,0.0,0.0,99.6,0.8,10.4,52.2,0.8,22.3,5.3,63.4,0.3,1.7,2.7,3.5,48.0,2.53,3460.0,12.1,8.3,3262.0,5.1,96.3,0.6,97.8,99.0,0.2,0.5,73.4,25.6,0.1,1.7,3.1,28.9,27.5,22.4,21.2,96.7,96.5,55.2,1.2,44.5,54.3,0.5,0.0,95.7,0.0,0.0,4.0,0.3,1.1,0.2,99.4
50811317,rural,18868.0,9.1,10.7,11.4,41.5,44.2,38.4,11.1,2.1,9.6,8.1,7.4,7.0,6.5,6.0,5.0,4.2,3.4,3.8,2.6,2.3,2.9,4.5,30.2,63.9,1.2,4.6,26.5,4.4,92.3,47.9,1.5,33.2,12.7,4.4,3.9,45.5,81.2,17.6,0.1,0.1,98.3,2.2,7.1,38.8,0.4,17.3,4.7,66.8,0.5,6.9,0.6,2.7,46.5,1.71,4431.0,11.6,7.800000000000001,3549.0,5.3,96.1,0.5,96.3,96.3,0.0,0.0,54.2,45.1,0.1,1.7,3.4,20.7,31.7,30.9,16.8,89.9,88.9,27.1,3.5,38.4,58.1,0.3,0.0,83.2,0.0,2.1,14.7,0.0,1.9,0.6,99.6
50811319,rural,13655.0,9.3,11.0,10.5,37.6,41.0,35.4,16.1,2.8,8.7,7.9,6.7,6.5,6.7,6.0,5.5,4.7,4.0,3.4,3.1,2.5,3.5,4.7,30.3,62.5,1.9,5.2,27.3,4.6,92.4,43.0,0.6,32.0,15.2,6.5,4.8,69.1,72.2,19.3,0.0,0.0,99.1,1.5,9.3,42.7,0.6,14.6,7.4,59.8,0.4,0.0,0.2,16.9,47.8,3.01,2810.0,12.5,9.1,2835.0,4.8,90.9,0.4,97.3,97.4,0.0,0.5,78.1,20.8,0.6,1.6,8.7,21.6,35.3,24.5,18.6,97.5,95.5,51.0,1.6,52.1,46.3,0.9,0.0,91.0,0.4,0.5,7.9,0.2,0.7,0.0,99.1
50811501,rural,7722.0,10.1,11.8,12.1,49.0,55.9,35.6,19.5,1.4,11.5,9.3,7.2,6.8,5.4,5.2,4.4,3.0,3.7,3.5,2.2,1.6,2.3,2.3,36.0,58.1,0.8,5.2,27.6,6.1,95.3,55.9,1.3,29.8,8.2,2.6,2.3,5.8,99.3,0.3,0.0,0.1,99.7,0.3,5.2,30.7,0.0,6.6,6.1,83.7,1.7,0.0,0.1,1.7,48.1,2.76,1461.0,9.600000000000001,6.1,1334.0,5.8,94.6,0.5,98.9,95.9,0.0,0.0,20.3,79.6,0.1,1.9,4.9,14.5,24.4,44.8,16.2,91.8,92.7,13.1,0.7,66.0,33.3,0.1,0.1,54.1,0.1,0.4,45.1,0.2,2.2,0.0,99.8
50811503,rural,18448.0,8.5,9.9,11.0,43.1,45.5,34.6,9.2,2.1,9.1,7.0,6.8,7.2,7.0,6.5,5.0,4.3,4.0,4.3,3.5,2.7,3.1,5.6,29.2,63.4,1.1,6.3,27.2,3.9,95.4,49.4,1.9,30.2,13.3,4.6,4.5,39.8,67.8,33.1,0.0,0.0,97.8,3.2,8.0,49.7,0.4,8.8,10.1,77.1,1.6,0.2,0.1,1.5,48.6,2.67,4092.0,13.6,9.3,3851.0,4.8,94.6,3.0,97.4,98.0,0.4,0.1,41.6,57.1,0.6,1.5,2.4,28.4,29.3,26.7,15.6,91.6,87.5,52.8,2.2,37.1,60.7,9.8,3.0,71.9,0.0,0.6,27.2,0.3,2.2,0.2,87.19999999999999
50811511,rural,11118.0,7.8,9.6,10.0,30.7,35.8,34.6,27.2,3.3,8.3,6.5,6.0,6.5,6.2,6.9,6.3,6.2,4.4,4.8,4.2,2.9,3.4,4.9,28.9,61.9,2.1,7.0,25.8,2.9,97.3,34.8,1.7,29.0,18.8,7.4,7.4,79.2,85.2,9.4,0.0,0.0,99.1,1.1,16.0,54.9,0.8,16.3,15.7,62.9,0.0,0.0,1.0,3.3,51.0,2.57,2032.0,15.3,10.5,2608.0,4.3,92.4,2.6,97.5,94.8,0.4,0.0,76.8,22.1,0.6,1.4,5.0,21.8,27.8,34.6,15.9,95.8,94.4,44.4,16.1,58.9,25.0,19.4,16.9,90.2,0.0,1.1,8.5,0.2,0.9,0.1,63.7
50811513,rural,26400.0,9.9,11.1,11.6,46.7,50.1,39.4,13.8,2.2,9.7,8.0,7.5,7.0,6.8,5.6,4.9,3.7,3.6,3.6,2.7,1.9,2.5,3.9,28.7,65.6,1.3,4.4,25.6,4.5,94.2,54.1,1.0,32.5,10.2,3.4,2.8,30.9,80.4,19.8,0.0,0.0,97.1,5.2,6.7,35.5,0.5,12.9,4.4,80.1,1.1,0.1,0.3,0.6,47.8,2.53,6043.0,10.700000000000001,7.1,4758.0,5.5,97.8,0.1,96.9,94.5,0.1,0.0,49.0,50.1,0.8,1.7,2.1,27.6,26.5,28.9,17.0,88.4,78.7,21.4,1.0,25.3,73.7,1.6,0.0,50.6,0.1,0.3,48.7,0.3,1.6,0.0,98.39999999999999
50811515,rural,16220.0,10.5,11.5,12.2,43.1,51.9,37.4,20.2,2.2,10.0,8.1,7.4,7.0,5.9,5.3,4.6,4.1,3.3,3.8,2.4,2.0,1.9,4.2,28.7,65.6,1.2,4.5,25.8,5.0,92.7,50.5,0.9,34.1,8.7,2.6,1.9,34.9,98.1,1.2,0.1,0.0,97.1,6.3,5.2,29.7,0.4,11.9,7.2,75.2,0.2,0.4,0.9,3.7,47.2,3.25,3186.0,10.1,6.300000000000001,3028.0,5.4,97.2,0.0,97.6,87.1,0.1,0.1,48.1,51.2,0.5,1.7,2.8,33.6,24.9,24.7,16.8,81.7,86.8,13.7,1.3,18.2,80.5,0.4,0.3,60.2,0.4,1.9,37.5,0.0,3.2,0.0,99.30000000000001
50811521,rural,10906.0,8.4,9.6,10.4,44.3,47.4,37.4,31.6,1.6,8.3,7.4,7.1,7.2,7.0,5.9,5.2,5.1,4.1,4.9,3.5,2.7,3.1,9.2,28.4,63.7,1.0,6.8,27.1,3.7,92.9,50.4,3.4,31.2,12.0,2.7,3.3,45.3,99.4,0.6,0.0,0.0,99.4,0.6,9.4,36.1,0.3,13.7,4.7,77.8,0.2,1.2,0.8,1.3,48.4,2.34,1995.0,14.200000000000001,9.3,2299.0,4.7,96.3,0.0,98.2,91.1,0.0,0.0,47.3,51.9,0.5,1.6,3.7,22.0,27.0,25.9,25.2,77.4,85.3,34.5,3.0,21.7,75.3,1.7,0.0,42.1,0.2,8.5,49.2,0.0,4.2,0.3,98.30000000000001
50910101,urban,209104.0,6.6,8.5,9.2,17.4,24.3,40.6,22.7,6.5,8.0,7.5,6.7,7.0,6.5,6.7,6.4,6.3,5.4,5.6,4.0,2.8,3.0,4.2,33.5,55.9,4.6,6.0,28.9,2.6,96.6,19.4,1.8,23.9,18.7,16.1,15.1,98.4,9.5,9.3,0.2,0.1,99.6,1.5,28.3,66.3,4.4,27.8,23.4,36.1,1.4,1.1,2.5,3.4,52.1,1.65,49644.0,15.399999999999999,9.8,56987.0,3.7,59.5,31.7,99.1,97.5,4.8,11.3,82.3,0.3,0.8,1.2,8.8,25.5,30.5,36.4,7.6,97.3,99.3,74.1,94.9,4.4,0.8,98.0,1.1,99.1,0.3,0.1,0.4,0.1,,0.5,0.8999999999999999
50910103,urban,19959.0,6.0,8.1,8.7,30.8,34.0,37.6,39.0,10.2,7.2,7.0,6.2,6.4,6.3,6.9,6.7,6.5,5.5,6.2,4.4,3.2,4.7,7.0,29.8,54.8,7.3,8.1,29.2,2.5,98.1,34.1,1.5,23.3,18.0,14.5,8.6,91.5,12.2,68.7,0.1,0.0,99.0,6.8,18.9,65.9,2.6,27.0,22.9,35.5,2.4,2.1,3.0,4.4,53.4,1.43,3534.0,18.5,12.3,5922.0,3.4,59.3,25.5,96.8,97.2,0.6,0.1,96.0,1.1,1.3,1.2,15.2,16.7,34.6,44.6,4.1,96.5,98.4,68.2,92.2,1.3,6.5,45.6,53.0,98.5,0.6,0.0,0.8,0.1,,1.1,1.4
50910107,urban,47399.0,6.4,8.5,9.6,22.4,28.3,34.7,33.3,5.8,8.2,6.9,6.0,6.2,6.1,6.4,6.7,6.6,5.9,6.1,4.1,2.9,3.5,5.4,31.9,57.2,4.2,6.8,28.2,2.4,96.8,25.1,1.6,25.6,20.2,14.6,9.7,99.2,5.1,10.4,0.3,0.1,99.9,0.7,22.5,64.9,2.2,27.9,29.9,30.6,0.8,0.6,2.6,5.4,52.7,1.42,8279.0,16.6,10.5,13030.0,3.6,60.1,25.8,97.2,97.7,0.3,2.1,95.7,0.3,0.6,1.3,14.1,18.8,37.0,37.3,6.9,98.0,99.2,63.4,91.3,7.4,1.3,96.7,1.6,99.6,0.1,0.0,0.1,0.1,,1.0,1.7
50910113,urban,25063.0,6.1,8.0,9.1,31.0,36.0,37.5,42.9,7.9,7.5,6.7,5.7,6.2,6.4,7.3,6.9,6.3,5.5,6.2,4.4,3.5,4.3,5.9,30.4,55.6,5.6,8.5,29.5,2.3,97.6,34.4,1.7,22.9,18.4,12.7,8.2,98.1,13.4,43.9,0.1,0.1,99.8,1.2,17.1,58.2,1.6,35.7,22.7,28.3,1.5,1.3,1.9,7.0,52.8,1.76,4128.0,18.400000000000002,12.2,7304.0,3.4,61.6,19.8,98.0,98.3,0.4,0.8,94.8,1.1,0.9,1.3,18.6,17.0,26.6,49.9,6.4,97.0,98.6,54.8,87.5,8.9,3.6,17.1,81.3,98.5,0.4,0.4,0.6,0.3,,2.0,1.5999999999999999
50910301,rural,16162.0,8.0,10.5,11.3,25.1,29.9,35.8,31.1,4.1,9.3,6.8,5.8,6.3,6.6,6.6,5.9,5.6,4.6,4.3,3.2,2.2,3.1,4.2,30.5,61.1,3.0,5.5,27.3,3.2,97.6,29.0,2.2,28.2,19.6,11.9,8.2,91.5,3.2,70.9,0.3,0.0,99.6,3.9,24.1,68.2,1.1,20.7,19.7,52.4,3.1,1.0,1.6,0.5,50.8,1.68,2799.0,12.799999999999999,8.5,3810.0,4.2,71.8,15.8,95.9,83.6,0.3,0.5,81.6,15.8,1.3,1.4,12.3,20.9,42.9,19.9,16.3,94.5,93.1,63.6,32.3,60.3,7.5,37.4,27.6,88.1,0.0,1.1,10.6,0.1,0.6,0.5,35.0
50910303,rural,13357.0,6.9,9.8,10.9,33.1,36.9,35.5,32.1,5.1,8.7,6.4,5.6,5.9,6.3,7.2,6.7,5.8,4.8,5.5,3.5,2.5,3.5,4.6,31.9,57.3,3.6,7.2,28.6,2.7,95.0,37.9,1.8,30.5,17.8,8.9,4.0,98.0,12.3,4.1,0.2,0.0,99.8,0.3,12.2,38.0,3.8,28.3,8.0,55.9,1.4,1.2,0.6,0.7,50.8,1.56,2337.0,15.0,9.5,3199.0,4.2,89.2,4.0,97.4,95.8,0.3,0.2,74.9,22.4,0.8,1.7,6.8,10.5,42.2,40.0,7.3,93.0,97.7,65.8,8.7,1.6,89.7,9.1,61.3,97.1,0.2,0.1,2.5,0.2,0.5,1.5,29.6
50910305,rural,6804.0,7.6,9.2,10.8,33.3,35.5,36.7,26.6,4.6,8.3,6.4,5.9,5.5,5.8,6.3,6.8,6.3,4.8,5.9,4.4,2.8,3.0,5.1,28.5,61.3,3.4,6.8,27.1,2.9,98.0,37.8,1.7,30.3,20.9,8.3,3.3,98.8,6.4,12.2,0.0,0.0,99.7,0.8,7.2,46.1,2.7,18.5,5.3,67.4,4.4,0.8,0.5,0.4,51.3,2.02,1327.0,16.1,10.2,1598.0,4.3,90.4,1.4,95.3,84.3,1.2,0.0,48.6,45.4,1.6,1.5,8.2,10.2,24.2,46.9,18.7,89.3,92.4,45.6,3.3,90.0,6.8,52.4,9.6,89.0,0.2,0.3,10.2,0.3,0.8,3.2,37.9
50910305,urban,14831.0,7.4,9.9,10.5,24.3,29.6,39.2,34.3,5.8,8.3,7.2,5.9,6.1,5.9,6.5,6.7,6.4,5.0,4.8,3.8,2.6,3.1,7.4,31.3,57.7,4.1,7.0,28.1,2.6,96.1,27.6,2.3,27.7,20.7,13.1,6.7,98.7,6.9,10.9,0.1,0.0,99.8,0.4,16.7,58.5,2.3,19.9,14.8,55.1,0.4,0.4,2.3,4.7,51.8,1.73,2752.0,14.299999999999999,9.5,3630.0,4.1,75.8,15.0,97.7,89.3,0.0,0.7,97.2,0.5,0.5,1.5,9.3,17.1,33.6,44.7,4.6,94.9,99.0,53.9,8.9,76.3,14.8,47.5,39.9,99.2,0.0,0.1,0.7,0.1,,1.1,12.5
50910307,rural,16104.0,7.8,10.0,11.0,39.3,42.8,32.3,23.3,6.2,8.4,6.0,5.4,5.2,5.8,6.0,6.5,6.0,5.0,5.2,4.6,3.1,3.9,5.6,28.4,60.1,4.6,6.9,26.1,2.9,97.5,45.0,1.2,27.5,18.6,6.8,3.1,99.2,2.3,1.1,0.1,0.0,99.7,0.6,6.9,49.5,1.5,29.3,6.2,47.8,1.1,1.0,9.1,3.9,53.6,2.01,2841.0,16.8,11.6,3738.0,4.3,88.2,1.5,96.2,79.5,1.1,0.1,83.3,12.5,2.0,1.4,10.3,7.8,17.1,58.7,16.5,91.1,93.3,43.7,3.1,49.0,47.8,12.4,2.3,95.5,0.2,0.7,3.4,0.1,0.9,1.0,85.19999999999999
50910307,urban,9679.0,6.6,9.0,9.7,29.1,32.7,30.5,16.8,4.9,7.8,6.5,5.7,5.9,5.6,6.3,6.8,6.3,5.7,5.8,4.9,3.5,4.1,5.0,32.8,55.8,3.5,7.9,27.5,2.3,96.3,32.6,0.5,28.5,19.1,12.0,7.1,99.5,2.7,0.6,0.1,0.0,99.8,0.4,15.1,50.8,2.0,28.1,14.5,45.7,2.3,1.1,2.9,3.4,54.2,1.83,1837.0,18.299999999999997,12.5,2451.0,3.9,78.8,11.1,98.6,97.5,0.0,0.0,91.4,7.2,0.6,1.3,10.2,10.0,30.3,46.1,13.6,96.7,97.6,63.8,28.8,34.6,36.6,68.6,10.8,99.1,0.0,0.4,0.5,0.0,,0.9,20.599999999999998
50910309,rural,13595.0,7.0,9.4,9.4,32.7,35.5,37.5,34.9,5.1,8.3,6.6,6.1,6.1,5.8,6.5,6.6,6.1,5.4,6.0,4.3,3.0,3.4,5.1,30.5,58.7,3.8,7.0,27.8,2.9,97.2,36.7,1.8,32.6,19.0,6.6,4.5,99.0,4.8,3.9,0.3,0.1,100.0,0.4,9.8,46.7,3.5,22.9,8.9,60.5,0.9,1.5,1.0,0.8,50.5,1.49,2463.0,16.7,10.7,3174.0,4.3,82.0,1.8,95.8,79.5,0.5,1.4,74.0,20.8,1.2,1.5,16.2,6.6,19.2,49.0,25.2,91.3,93.6,55.6,23.3,46.3,30.4,27.3,9.2,97.7,0.0,0.7,1.3,0.3,0.4,2.1,63.5
50910309,urban,4306.0,6.7,9.1,10.2,27.5,30.0,32.4,27.0,6.3,7.8,6.4,6.0,5.6,6.4,6.3,6.2,6.5,5.2,5.2,4.6,3.4,4.4,4.7,30.5,56.8,4.1,8.6,27.9,2.5,99.2,31.1,3.7,26.9,21.3,12.3,5.8,99.6,2.4,7.9,1.0,0.1,99.8,0.3,11.6,53.4,0.9,23.8,16.2,55.6,1.6,0.9,0.5,0.4,53.2,1.7,753.0,17.6,12.4,1132.0,3.8,73.8,17.9,99.4,99.6,0.2,0.0,97.0,0.2,2.3,1.6,8.3,12.3,11.3,76.0,0.4,93.9,98.8,38.1,99.1,0.5,0.4,99.6,0.0,99.8,0.1,0.0,0.0,0.1,,0.4,0.4
50910311,rural,24225.0,8.2,10.2,11.5,35.4,39.6,38.0,36.5,4.8,8.8,7.0,6.0,6.4,6.5,6.7,6.4,5.6,4.3,4.1,3.3,2.3,2.7,4.9,29.2,62.0,3.1,5.6,27.2,3.0,95.8,40.6,2.2,27.3,18.5,7.8,4.6,85.8,6.5,57.4,0.1,0.0,97.9,3.1,14.7,62.0,0.7,30.4,8.9,54.8,0.9,0.4,2.3,1.7,50.5,1.63,4097.0,12.399999999999999,8.3,5809.0,4.2,76.8,9.0,86.0,77.9,0.5,0.2,84.1,11.6,0.6,1.6,14.2,16.0,44.7,28.7,10.6,90.9,89.3,37.7,3.4,58.8,37.8,17.5,56.7,87.2,0.0,0.1,12.3,0.4,0.8,3.0,25.900000000000002
50910501,rural,5612.0,8.1,10.4,9.6,56.5,57.0,40.9,4.4,5.7,8.3,6.3,5.8,7.6,7.3,6.4,5.9,5.3,4.0,4.1,3.3,2.8,4.5,6.2,28.0,62.0,4.1,6.0,28.5,3.6,93.1,63.6,2.2,23.8,11.2,3.1,2.6,18.1,0.1,99.2,0.3,0.0,99.0,2.2,8.4,52.7,0.2,80.9,5.0,2.2,11.2,0.1,0.2,0.3,49.5,2.4,1575.0,14.7,10.6,1355.0,4.1,76.9,0.5,87.7,45.2,0.1,0.1,10.6,88.3,1.0,1.7,22.6,13.5,14.5,23.0,49.0,62.7,54.5,8.0,0.1,10.3,89.7,0.1,0.1,40.7,0.0,0.1,59.0,0.3,1.0,0.0,99.8
50910501,urban,7760.0,8.1,10.5,9.7,33.5,39.5,37.9,15.9,9.9,7.1,6.1,6.3,7.1,7.2,8.0,6.1,5.4,4.4,4.1,3.0,2.8,4.1,6.8,28.1,58.6,7.1,6.2,28.0,2.3,95.7,38.0,1.5,25.4,16.4,9.9,7.3,47.0,10.1,88.9,0.1,0.0,98.1,10.2,19.3,68.2,2.5,31.4,16.0,38.7,1.2,0.6,1.3,8.1,53.8,1.32,1773.0,13.999999999999998,9.899999999999999,2267.0,3.4,55.2,26.2,97.2,96.7,0.0,0.4,92.5,4.1,0.1,1.2,18.6,23.0,37.5,35.5,3.9,92.0,96.8,50.7,94.9,2.9,2.2,44.5,53.5,98.5,0.0,0.0,1.2,0.3,,3.0,1.9
50910505,rural,7952.0,10.5,10.8,11.0,52.7,54.8,48.8,7.1,5.5,9.7,8.0,7.6,6.6,6.5,5.9,4.8,4.7,3.6,3.6,2.4,1.9,2.3,4.3,31.4,59.7,4.1,4.8,27.4,4.9,94.8,60.2,2.0,25.7,11.3,3.7,2.6,22.8,15.5,81.1,0.2,0.0,96.3,21.2,12.7,47.9,1.7,30.8,6.3,35.8,24.6,0.2,0.3,0.2,48.7,3.52,2438.0,10.2,6.6,1581.0,5.0,82.2,2.1,91.0,35.0,0.1,0.3,18.8,79.4,1.4,1.8,15.7,14.0,26.5,39.0,20.4,64.2,54.5,21.6,0.1,5.6,94.3,0.1,0.0,29.7,0.3,0.2,69.3,0.5,0.9,0.1,99.89999999999999
50910517,rural,12547.0,9.0,10.6,11.2,45.2,49.4,39.6,10.8,6.7,8.6,7.0,6.7,7.2,7.4,6.6,5.7,4.3,3.8,3.4,2.6,2.4,3.5,4.5,28.7,60.6,4.9,5.7,27.6,4.3,95.5,52.3,0.2,25.2,15.5,5.1,4.6,19.0,17.5,89.2,0.1,0.0,94.8,17.6,15.1,60.8,0.9,18.8,12.5,46.2,3.9,0.9,0.5,16.2,50.7,1.99,3069.0,11.9,8.5,2956.0,4.2,71.8,11.0,96.2,65.6,0.0,0.0,55.2,43.6,1.0,1.8,17.2,16.8,38.3,30.0,15.0,78.8,73.3,35.4,24.6,11.6,63.8,4.6,43.3,48.6,0.2,1.0,50.0,0.3,1.1,0.2,52.1
50910703,rural,7863.0,7.0,7.7,9.1,53.2,55.1,39.9,36.6,3.8,7.5,6.3,5.7,5.7,6.9,8.0,7.7,6.1,5.2,5.2,4.0,3.5,4.3,8.3,26.4,64.5,3.1,6.0,27.6,2.6,96.5,59.4,1.0,21.1,16.1,4.8,1.9,77.6,1.1,94.3,0.3,0.0,98.8,4.2,10.9,56.3,0.6,21.1,6.1,63.2,7.9,0.5,0.5,0.1,49.5,1.82,1515.0,17.0,11.8,2072.0,3.8,79.1,0.1,90.4,67.2,0.2,0.0,68.1,29.4,1.3,1.8,20.8,10.4,16.9,39.3,33.3,93.1,73.9,10.9,2.7,36.7,60.6,5.0,6.3,51.5,0.0,0.8,47.3,0.3,1.4,1.0,88.7
50910707,rural,14546.0,7.0,8.7,9.6,43.0,45.2,33.5,29.4,6.0,8.0,5.9,5.5,6.2,6.8,7.7,7.5,6.2,5.0,5.0,3.8,3.0,4.1,5.6,28.2,61.0,4.8,6.1,26.8,2.6,95.6,48.3,1.5,24.5,17.6,8.0,3.3,80.7,0.5,92.0,0.3,0.0,99.2,7.9,11.1,59.2,0.6,45.8,8.5,34.6,5.3,0.4,0.9,4.0,50.7,1.79,2570.0,15.9,10.899999999999999,3748.0,3.9,74.6,1.9,89.8,79.3,0.5,0.0,51.4,42.4,3.7,1.6,23.6,14.1,21.2,30.2,34.6,84.1,82.3,19.2,3.3,54.5,42.3,29.5,13.8,91.3,0.1,0.3,7.2,1.1,0.5,2.0,56.7
50910707,urban,11305.0,8.0,10.4,11.7,31.2,36.5,36.4,27.1,5.6,8.3,7.2,6.1,7.1,7.1,7.0,6.6,5.3,4.0,4.7,2.6,1.7,2.2,5.6,29.3,61.7,4.1,4.9,28.2,2.9,98.6,36.2,1.8,29.2,17.7,8.8,6.1,94.3,11.4,53.0,0.4,0.0,99.5,0.9,18.7,63.4,0.9,21.0,12.2,45.3,0.9,3.9,1.7,14.1,51.0,2.69,2096.0,11.2,6.5,2780.0,4.1,66.5,24.7,94.1,93.1,0.0,0.0,99.0,0.0,0.9,1.5,8.8,31.2,44.9,22.9,1.0,96.8,99.1,45.1,2.4,88.3,9.3,40.1,57.3,98.4,0.0,0.2,1.3,0.2,,0.0,2.6999999999999997
50910711,rural,5303.0,7.8,9.5,9.8,55.8,55.5,45.7,21.3,4.6,7.4,5.3,6.2,6.8,8.6,8.6,6.1,5.1,4.4,5.1,2.8,2.6,3.9,5.6,25.0,65.4,3.8,5.8,27.7,3.3,98.1,63.1,1.9,23.3,13.2,4.4,1.7,27.5,0.8,85.9,0.2,0.0,99.4,0.6,11.4,55.5,0.1,27.1,4.5,45.3,15.1,0.0,5.8,2.2,48.8,2.09,1390.0,14.4,9.3,1357.0,3.9,71.8,1.0,80.4,14.1,0.0,0.0,21.3,70.0,8.4,1.9,27.2,12.1,14.2,29.2,44.5,50.1,46.3,42.5,0.1,2.3,97.6,0.1,0.0,21.4,0.1,0.1,78.2,0.2,1.3,0.3,99.89999999999999
50910713,rural,20023.0,6.8,9.0,9.9,38.6,40.4,34.9,39.9,6.8,8.0,6.2,5.5,6.1,6.2,6.4,6.3,5.9,5.1,5.8,4.6,3.9,4.4,8.7,28.2,59.0,4.9,7.9,27.6,2.4,97.2,43.6,2.4,25.7,16.6,9.2,5.6,88.5,7.2,71.0,0.1,0.0,99.6,2.7,16.1,55.9,2.2,23.3,13.2,55.0,2.9,1.0,2.1,0.3,52.1,1.99,3122.0,18.7,12.9,5346.0,3.7,75.3,7.0,93.7,93.3,0.8,0.3,79.7,16.4,1.1,1.4,17.8,10.1,22.2,39.8,27.9,89.2,91.3,38.8,8.4,43.3,48.3,19.2,34.3,89.0,0.2,0.4,10.4,0.0,0.2,1.7,46.6
50910715,rural,13773.0,7.9,10.4,10.2,45.4,48.3,37.8,33.3,6.8,8.3,6.7,6.0,7.0,7.3,6.8,6.1,5.3,4.2,4.5,3.3,2.5,3.4,5.4,27.6,60.7,4.8,6.9,27.0,3.0,95.6,51.6,0.7,26.8,14.5,6.4,3.4,80.2,7.0,86.4,0.1,0.0,99.4,1.5,21.7,80.1,0.8,23.0,5.8,67.8,1.9,0.2,0.4,0.0,51.2,1.66,2483.0,13.700000000000001,9.2,3376.0,4.1,75.5,4.6,87.6,80.1,0.3,0.0,87.3,6.2,6.0,1.6,19.9,6.3,30.3,40.8,22.7,91.6,89.1,21.0,0.8,2.5,96.7,0.1,60.6,88.8,0.5,0.0,10.6,0.1,0.9,0.2,39.3
50911101,rural,13153.0,6.8,8.8,10.1,42.2,43.2,35.4,31.0,5.4,7.6,5.9,5.3,6.1,6.3,6.4,6.6,6.1,5.4,5.8,4.8,3.5,4.5,7.6,30.3,58.5,3.9,7.4,28.2,2.7,98.0,47.9,2.5,29.1,14.6,6.7,3.8,99.4,1.4,17.5,0.0,0.0,99.7,0.5,12.4,54.2,1.3,26.9,7.8,57.5,3.6,0.0,1.1,1.9,51.8,1.57,2389.0,18.6,12.8,3135.0,4.2,73.7,0.9,95.1,86.7,0.2,0.0,84.3,10.8,3.4,1.6,25.4,6.4,17.1,47.9,28.7,87.8,87.6,21.9,0.9,2.6,96.5,3.1,24.8,95.5,0.0,0.0,4.1,0.3,0.6,1.3,72.1
50911103,rural,14233.0,8.2,10.7,12.8,39.0,45.1,32.0,16.6,4.5,9.3,5.8,4.5,5.2,6.0,6.3,6.4,5.8,4.8,4.4,3.5,2.8,3.5,5.7,25.8,63.7,3.4,7.1,26.1,2.9,97.2,45.8,1.1,29.1,15.5,6.3,2.7,98.6,1.8,1.5,0.0,0.0,99.6,0.6,6.4,40.8,3.2,36.3,3.7,32.3,3.0,0.0,3.6,18.0,53.4,2.3,2593.0,14.2,9.8,3290.0,4.3,78.5,4.6,97.4,90.2,0.8,0.1,72.8,24.4,1.0,1.5,17.0,10.0,18.9,53.5,17.6,93.1,91.7,51.7,1.7,82.5,15.8,10.4,21.9,96.0,0.7,0.0,3.3,0.1,0.4,1.0,67.7
50911105,rural,13441.0,7.7,10.3,10.9,42.8,47.7,26.1,39.4,5.1,8.1,5.8,5.5,6.0,6.2,6.4,6.3,5.8,4.7,5.2,4.1,3.1,3.9,8.3,27.5,61.0,3.4,8.1,27.7,2.9,94.5,48.9,0.8,25.9,15.1,6.2,4.3,98.4,0.7,1.0,0.0,0.0,99.8,0.2,8.6,44.9,2.0,20.7,15.9,45.5,2.9,0.0,1.4,11.6,53.2,1.47,1515.0,16.3,11.1,3354.0,4.0,74.9,5.3,94.3,85.9,0.1,0.1,75.2,21.5,1.9,1.5,19.7,21.8,30.5,41.9,5.7,89.6,89.5,55.0,4.0,58.6,37.4,21.7,20.5,94.5,0.2,0.0,4.0,1.3,1.1,1.2,57.9
50911107,rural,8167.0,7.2,8.9,9.6,45.6,48.0,43.9,22.1,4.6,7.4,6.1,5.2,6.0,6.2,6.3,7.6,6.6,5.2,5.5,4.0,3.2,4.9,6.5,27.0,63.3,3.4,6.2,27.4,2.8,95.9,51.3,1.6,27.2,14.8,6.3,2.2,98.6,6.5,39.2,0.2,0.1,99.7,1.0,11.3,46.7,0.3,26.1,4.2,48.1,16.8,0.2,4.1,0.1,50.2,2.22,2075.0,17.6,12.100000000000001,1996.0,4.1,87.3,1.5,92.9,74.9,0.1,0.1,23.7,70.7,3.0,1.8,11.2,8.4,12.7,27.3,51.6,91.4,82.4,15.5,0.6,29.2,70.2,0.1,0.1,83.0,0.2,0.2,16.0,0.7,1.4,2.5,99.8
52550105,urban,97215.0,6.5,9.1,10.1,24.9,29.1,39.2,27.2,6.5,8.2,6.9,6.3,6.4,6.2,6.6,6.5,6.1,5.1,5.4,4.2,3.0,3.4,5.2,31.7,56.1,4.7,7.5,27.6,2.8,97.7,28.1,1.9,27.8,19.8,11.9,9.5,99.1,3.2,1.8,0.1,0.1,99.7,0.6,22.7,61.8,3.5,32.9,17.8,35.7,1.5,2.0,1.9,4.8,52.5,1.61,20609.0,16.0,10.6,25065.0,3.9,63.7,23.1,98.7,98.6,1.4,6.0,91.3,0.1,0.5,1.4,13.1,18.7,27.9,44.9,8.6,96.6,99.3,65.5,98.7,0.9,0.4,97.8,2.0,99.7,0.1,0.0,0.0,0.2,,0.7,0.2
52550109,urban,24563.0,7.2,9.5,10.1,28.0,34.7,31.9,30.4,4.0,8.9,6.6,5.6,6.0,6.5,6.5,6.3,6.1,5.2,5.3,4.1,2.8,3.3,5.1,30.7,60.1,3.1,6.1,27.4,2.4,94.8,31.7,1.2,28.0,17.7,11.8,6.6,99.3,8.1,8.1,0.0,0.0,99.8,1.3,16.5,54.8,1.8,35.4,18.1,30.8,1.3,1.5,3.8,7.4,52.1,1.83,3981.0,15.5,10.2,5853.0,4.2,69.8,15.9,96.5,86.4,0.2,0.2,96.1,0.3,0.4,1.4,14.2,20.3,40.0,36.9,2.9,96.2,98.9,53.2,75.3,16.2,8.5,56.6,40.1,99.1,0.1,0.2,0.1,0.5,,2.8,3.3000000000000003
52550111,urban,60171.0,7.1,9.4,10.5,27.2,33.4,37.4,24.7,5.7,8.7,7.2,6.6,6.9,6.3,6.4,6.5,6.1,4.7,5.0,3.5,2.5,2.7,5.3,32.3,57.5,4.1,6.0,28.6,2.7,96.6,30.9,1.4,28.3,18.4,10.4,8.1,98.6,6.1,5.2,0.1,0.2,99.7,0.9,17.4,52.2,2.7,32.1,13.3,44.1,1.5,1.5,2.1,2.8,51.2,1.63,12353.0,13.7,8.7,14168.0,4.2,72.5,15.1,96.4,95.1,0.2,1.5,96.5,0.1,0.2,1.6,12.4,18.7,40.2,38.4,2.7,96.9,98.9,54.6,96.6,2.7,0.7,97.5,0.1,99.5,0.2,0.1,0.1,0.1,,1.4,2.4
52550505,rural,14583.0,7.4,9.9,11.3,34.5,38.3,33.2,29.8,4.7,8.1,5.9,5.7,6.3,6.4,6.9,6.3,6.0,4.7,4.9,3.6,2.7,3.8,5.7,29.3,61.4,3.5,5.8,27.3,2.7,86.4,39.7,1.0,33.0,18.7,6.3,2.6,98.9,3.8,1.4,0.0,0.2,99.9,0.1,4.8,26.4,0.6,22.5,6.1,67.4,1.0,0.0,1.6,0.7,50.6,1.5,2420.0,15.0,10.100000000000001,3292.0,4.4,94.5,0.3,97.5,93.1,0.2,0.1,97.0,1.8,0.2,1.7,5.2,13.0,20.5,42.7,23.8,96.9,96.6,67.2,2.8,31.3,65.9,36.7,0.2,99.4,0.0,0.0,0.6,0.0,0.3,0.8,63.099999999999994
52550509,rural,30038.0,7.3,10.3,11.1,39.4,41.5,33.8,38.1,4.1,8.1,6.1,5.8,5.6,6.1,6.2,6.0,6.0,5.0,5.4,4.2,3.2,3.7,5.8,28.9,62.0,2.9,6.2,27.0,2.3,96.4,45.3,1.1,31.0,16.5,6.2,3.7,98.4,1.5,1.0,0.0,0.1,99.9,0.5,9.0,46.7,1.3,31.2,8.6,53.1,4.3,0.6,0.9,0.1,51.8,2.18,4483.0,16.5,11.100000000000001,6547.0,4.6,88.0,2.7,98.5,84.7,0.1,0.0,86.3,13.2,0.2,1.7,9.3,9.4,22.9,55.2,12.5,96.2,96.2,75.0,21.6,8.1,70.3,10.0,13.2,99.5,0.4,0.0,0.2,0.0,0.3,0.2,76.7
52550511,rural,24502.0,7.8,10.4,11.2,33.7,37.2,33.2,29.2,4.2,8.0,6.3,6.2,6.0,5.9,6.1,6.1,6.0,4.8,5.3,3.9,2.7,3.2,4.9,27.1,62.9,3.1,6.9,26.5,2.7,98.5,38.9,1.4,30.3,19.9,7.0,4.2,99.0,2.6,1.1,0.1,0.1,100.0,0.5,9.6,47.0,2.3,25.0,12.7,54.1,2.5,1.1,1.5,0.7,52.2,2.04,4074.0,15.099999999999998,9.8,5558.0,4.4,89.4,3.5,97.7,84.1,0.1,0.3,91.3,6.5,0.6,1.5,7.1,8.6,27.2,51.4,12.9,97.2,98.4,63.4,28.0,45.7,26.3,55.2,4.7,98.1,1.2,0.0,0.4,0.3,0.2,1.2,40.1
52550513,rural,12970.0,6.7,9.2,10.8,31.4,34.9,33.3,38.4,6.0,8.2,5.9,5.5,5.1,5.9,6.3,7.2,6.5,5.4,6.1,4.2,2.8,4.0,5.8,30.2,57.1,4.6,8.1,27.5,2.8,100.0,36.0,1.5,26.4,22.0,10.9,4.3,99.6,7.8,1.4,0.1,0.1,99.9,0.2,11.3,53.8,1.5,20.3,11.4,63.6,1.8,0.0,1.5,0.0,52.7,1.71,1948.0,17.1,11.0,3083.0,4.2,95.1,1.1,98.1,97.8,0.0,0.0,97.6,1.8,0.4,1.4,3.8,8.1,13.4,45.0,33.5,97.0,97.2,75.5,7.6,86.5,5.8,66.0,6.1,99.8,0.0,0.0,0.2,0.0,0.3,0.3,27.9
52550901,rural,13286.0,7.0,9.7,10.8,37.0,43.4,32.2,25.2,3.9,8.1,6.2,5.3,5.8,5.3,6.3,6.0,6.2,5.1,6.2,4.4,3.3,4.2,6.8,27.0,63.7,3.2,6.1,24.9,3.0,97.0,42.5,0.7,27.6,17.1,6.8,4.3,98.9,1.8,0.5,0.1,0.1,99.9,0.2,10.6,44.0,3.9,27.3,10.5,54.3,3.8,0.0,0.0,0.2,53.6,1.0,2319.0,18.1,11.9,3279.0,4.1,80.8,3.0,95.7,93.2,0.2,0.3,74.6,22.1,1.5,1.3,16.2,17.0,28.7,40.8,13.5,94.4,94.3,55.2,12.5,37.2,50.4,1.0,0.3,94.1,0.3,1.1,4.3,0.3,0.2,1.3,98.8
52550903,rural,10413.0,7.4,10.4,12.4,42.5,43.1,33.8,16.2,4.4,8.1,6.2,5.3,5.9,6.4,6.7,6.4,5.3,4.4,4.6,3.7,3.0,3.8,4.9,28.5,60.7,3.8,7.0,27.1,2.4,97.4,49.9,2.0,34.0,14.3,4.7,1.9,99.0,1.2,0.5,0.0,0.1,99.6,0.4,7.2,53.1,0.8,18.9,4.9,54.8,4.8,0.8,0.7,14.2,51.6,2.13,2056.0,15.100000000000001,10.5,2355.0,4.4,80.3,0.4,98.1,97.3,0.3,0.0,39.6,59.4,0.7,1.5,19.3,9.2,20.5,55.4,14.8,95.5,96.5,30.9,0.4,30.0,69.6,0.0,0.0,99.3,0.2,0.1,0.4,0.0,0.1,0.0,100.0
52550905,rural,14094.0,7.2,11.0,10.9,40.5,42.1,38.0,24.8,4.9,8.1,6.0,5.9,5.9,6.1,6.8,6.3,5.8,4.7,4.8,4.1,2.7,3.7,5.8,26.5,63.1,3.5,7.0,26.6,3.3,95.6,46.5,2.2,31.7,16.2,4.2,3.5,99.4,1.1,1.2,0.1,0.1,100.0,0.3,10.7,53.6,0.5,28.5,8.7,54.7,4.8,1.7,0.6,0.5,50.6,2.05,2856.0,15.299999999999997,10.5,3158.0,4.5,78.2,0.5,96.2,91.1,0.0,0.0,20.3,78.4,1.3,1.6,21.3,6.5,16.3,23.2,53.9,93.8,91.0,55.1,0.5,66.9,32.6,2.5,0.0,98.8,0.1,0.0,0.9,0.2,0.3,0.0,97.4
52550907,rural,28502.0,7.0,10.1,11.3,35.1,38.1,35.4,33.5,4.7,8.5,6.3,5.8,5.7,5.3,5.7,6.3,5.9,5.2,6.0,4.2,3.1,3.8,4.9,27.5,61.7,3.4,7.3,26.5,2.6,95.9,40.4,2.1,31.4,18.9,5.9,3.7,99.2,1.6,1.2,0.1,0.0,99.9,0.3,9.5,47.1,2.1,33.2,7.4,48.2,3.8,1.4,1.3,2.5,53.7,1.72,4804.0,17.099999999999998,11.100000000000001,6603.0,4.3,88.3,2.2,97.6,96.6,0.1,0.0,75.3,22.3,1.7,1.5,9.5,9.9,25.5,55.2,9.4,95.7,96.0,72.6,16.1,41.2,42.7,13.5,0.3,98.6,0.1,0.2,0.9,0.2,0.4,0.6,86.2
52550907,urban,8504.0,6.9,9.8,11.4,25.4,30.1,39.9,29.9,5.6,9.0,6.5,5.9,6.3,6.1,6.1,6.5,6.4,4.8,5.1,3.7,2.7,2.9,4.1,32.1,57.1,4.2,6.6,27.4,3.2,96.0,29.3,2.8,29.0,18.5,11.7,7.8,98.5,1.4,1.9,0.2,0.1,99.9,1.2,13.0,54.1,6.2,35.6,13.3,33.5,3.3,5.6,1.7,0.9,53.0,1.67,1710.0,14.4,9.3,2233.0,3.8,66.0,18.5,99.9,99.5,0.1,0.0,96.3,3.2,0.4,1.3,15.5,21.7,37.6,32.7,7.9,97.0,99.2,71.7,90.3,8.4,1.4,98.2,0.7,99.6,0.0,0.2,0.2,0.0,,0.0,1.1
52550909,rural,9660.0,6.0,9.2,10.2,40.1,42.2,33.8,41.2,4.6,8.3,6.1,5.2,5.1,5.3,5.9,6.6,6.1,5.8,6.0,5.3,4.1,5.0,5.7,29.0,59.1,3.4,8.6,27.7,2.5,97.4,45.5,1.0,29.0,17.8,7.0,3.0,99.1,1.7,1.5,0.0,0.0,100.0,0.2,11.8,50.3,1.6,31.8,5.9,55.3,2.6,0.0,0.8,2.1,54.0,1.96,1434.0,20.4,14.399999999999999,2414.0,4.0,84.7,0.9,97.7,96.2,0.0,0.0,67.3,32.3,0.2,1.4,14.4,5.7,11.9,61.2,21.2,95.4,96.0,62.1,23.6,2.3,74.1,0.6,67.0,99.6,0.0,0.0,0.2,0.2,0.3,0.2,32.3
52550911,rural,28596.0,6.7,10.1,10.8,37.4,39.3,38.3,28.3,5.2,8.7,6.6,6.1,5.6,5.8,6.7,6.7,6.1,5.3,5.2,3.8,2.7,3.2,6.1,30.7,59.1,3.8,6.5,27.5,2.5,96.7,42.7,1.5,30.0,19.6,6.3,3.4,99.6,1.5,0.6,0.0,0.0,99.9,0.1,10.2,49.6,2.0,23.7,5.7,63.1,2.5,1.5,1.2,0.5,51.7,1.8,5684.0,14.899999999999999,9.7,6576.0,4.3,83.9,1.7,95.8,95.2,0.3,0.0,69.6,27.7,0.5,1.6,14.4,12.9,24.7,44.4,18.0,93.6,96.6,55.3,21.4,29.9,48.7,45.6,14.5,99.2,0.0,0.0,0.5,0.2,0.2,1.8,39.9
52551101,rural,18556.0,7.9,11.3,12.2,36.7,40.1,33.3,34.1,4.0,8.7,6.1,5.8,6.0,6.3,6.3,5.5,5.2,4.5,5.0,3.5,2.5,3.3,5.1,29.5,61.1,3.3,6.2,26.4,3.3,97.4,43.0,1.7,30.5,18.0,6.2,3.6,99.3,3.4,1.1,0.0,0.1,99.9,0.3,14.4,55.6,1.6,24.0,7.2,47.4,3.4,1.0,1.1,14.2,51.5,1.98,2794.0,14.3,9.3,3894.0,4.8,92.4,0.0,96.1,42.5,0.2,0.0,93.8,4.6,1.0,1.6,7.6,14.3,25.0,43.7,17.0,94.9,93.5,61.5,1.1,54.4,44.5,0.5,0.4,99.0,0.3,0.1,0.4,0.2,0.8,0.4,99.10000000000001
52551101,urban,11557.0,7.5,10.7,11.3,31.9,36.3,37.1,25.3,5.2,8.4,7.1,6.5,6.6,6.7,6.5,5.9,5.2,4.3,4.7,3.5,2.5,2.6,4.6,32.6,56.7,3.6,7.2,28.0,2.6,95.1,36.7,2.5,28.3,17.6,8.6,6.8,98.2,4.4,6.5,0.1,0.0,99.7,2.4,20.2,59.6,3.3,24.6,14.6,42.6,1.7,7.1,1.0,5.2,52.0,1.74,2259.0,13.299999999999999,8.6,2769.0,4.2,77.0,11.8,98.1,94.9,0.4,0.1,97.3,1.2,0.4,1.5,11.2,20.1,42.6,33.7,3.6,98.1,99.5,44.9,49.3,22.6,28.1,48.2,42.2,99.8,0.2,0.0,0.0,0.0,,0.7,9.6
52551103,rural,41152.0,8.4,11.3,11.6,39.2,41.7,34.8,36.8,3.9,8.0,6.4,6.4,6.5,6.0,6.2,6.0,5.0,4.0,4.6,3.7,2.8,3.3,5.3,28.1,63.3,2.9,5.7,27.0,3.2,98.0,45.6,2.0,32.1,15.6,5.5,3.1,98.5,3.6,1.2,0.0,0.0,99.8,0.7,9.0,42.1,1.8,26.3,9.8,58.2,1.6,0.7,1.1,0.5,50.8,2.35,6214.0,14.400000000000002,9.8,8985.0,4.6,90.3,0.8,97.8,58.4,0.0,0.0,92.8,6.2,0.4,1.6,8.9,21.2,32.7,40.0,6.1,96.8,96.6,63.2,0.6,64.0,35.3,10.0,0.5,97.1,0.2,0.0,2.6,0.2,0.8,0.6,89.60000000000001
52551107,rural,26731.0,8.3,10.8,11.4,37.6,40.2,36.6,36.6,3.5,8.1,5.8,5.7,6.1,6.0,7.0,6.7,5.8,4.3,4.6,3.7,2.5,3.2,5.9,27.9,63.2,2.4,6.6,26.4,3.0,99.0,43.7,2.0,30.5,17.6,6.4,3.4,99.5,2.2,2.8,0.1,0.0,99.9,0.2,9.4,50.7,2.9,30.3,5.5,55.0,3.7,1.1,0.9,0.6,50.9,1.61,4307.0,14.0,9.4,5836.0,4.6,92.9,0.5,96.7,63.3,0.1,0.0,89.5,8.9,0.5,1.8,6.6,14.1,24.1,48.0,13.8,94.1,94.7,51.0,4.5,45.4,50.1,0.1,0.0,99.4,0.2,0.1,0.2,0.2,0.2,1.1,99.9
53010101,urban,121542.0,6.3,8.2,8.9,25.7,30.6,38.7,30.5,7.4,7.7,7.1,6.0,6.6,6.5,7.1,6.9,6.8,5.6,5.6,3.9,3.1,3.7,5.2,31.6,56.6,5.2,6.6,29.2,2.4,97.4,28.6,2.5,22.6,18.7,16.1,9.5,96.5,7.2,43.7,0.4,0.1,99.7,1.7,21.9,65.7,2.3,32.5,23.3,33.7,1.2,1.2,2.4,3.4,52.1,1.68,25006.0,16.3,10.7,34147.0,3.6,57.4,28.6,98.5,98.6,1.5,2.0,94.9,0.1,0.5,1.4,14.0,15.5,34.0,40.0,10.5,98.7,99.5,60.7,99.0,0.5,0.5,54.4,45.1,99.7,0.2,0.0,0.0,0.1,,1.0,0.5
53010105,urban,46262.0,6.6,8.7,9.4,30.4,35.6,37.4,28.5,7.2,7.9,6.7,5.5,6.4,6.7,7.3,7.0,6.4,5.2,5.3,3.7,3.2,3.9,4.5,31.1,56.3,5.3,7.2,29.6,2.5,98.0,34.1,2.0,22.0,19.0,12.7,8.7,94.5,2.9,69.1,0.8,0.1,99.6,1.9,19.6,65.9,1.5,31.3,17.4,41.6,1.1,0.4,2.1,4.6,52.5,1.58,9291.0,16.099999999999998,10.8,13282.0,3.5,56.6,30.0,98.6,97.1,0.2,0.6,98.4,0.2,0.5,1.3,13.3,14.1,38.9,45.7,1.3,98.4,99.3,57.5,98.9,0.4,0.7,47.4,51.7,99.8,0.0,0.0,0.0,0.2,,0.1,0.8999999999999999
53010301,rural,6015.0,6.8,8.3,9.3,53.6,55.1,38.0,11.0,3.3,7.7,6.3,5.9,6.3,7.3,7.6,7.3,5.0,4.8,5.5,3.7,3.3,4.9,5.0,27.1,65.3,2.9,4.7,28.4,2.9,93.6,59.8,1.4,22.4,15.4,4.0,1.6,45.5,3.9,94.9,0.5,0.0,99.0,1.8,4.6,25.5,0.3,27.7,2.3,39.7,13.2,0.4,7.3,9.2,48.6,2.03,1540.0,17.4,11.9,1477.0,4.1,77.5,0.5,92.6,6.0,1.4,0.1,36.6,60.8,0.6,1.8,22.0,12.0,15.8,41.9,30.3,80.6,53.6,16.2,7.4,27.6,65.1,0.0,9.3,67.0,0.0,0.0,32.3,0.7,3.6,0.6,90.7
53010301,urban,11826.0,6.3,8.1,9.0,34.2,38.8,29.9,15.5,8.4,7.2,6.4,6.1,6.6,6.5,6.7,6.9,6.3,6.0,5.9,4.2,3.3,4.4,6.0,30.4,56.1,5.9,7.6,29.6,2.3,97.7,38.1,2.3,20.3,19.4,12.3,6.9,95.0,1.1,86.2,0.3,0.0,98.4,10.1,22.5,72.3,1.1,35.6,20.2,31.1,2.5,1.1,3.3,5.2,53.3,1.35,2288.0,17.800000000000004,11.9,3498.0,3.4,57.2,26.8,99.6,99.6,0.1,0.5,98.8,0.1,0.3,1.4,16.0,9.1,18.0,65.4,7.5,98.4,99.2,47.5,98.9,0.4,0.7,31.2,68.2,99.7,0.1,0.0,0.0,0.1,,0.2,0.6
53010303,rural,2629.0,7.7,9.0,9.1,45.8,48.5,33.3,35.5,6.3,8.3,6.2,5.1,6.2,7.3,7.6,6.9,6.4,4.9,4.6,3.1,3.3,4.2,5.4,24.9,64.7,4.5,5.9,26.9,2.8,97.6,51.1,1.4,27.1,15.6,5.3,2.2,70.7,0.4,99.2,0.0,0.0,99.6,0.7,16.9,77.4,0.0,18.1,9.1,65.2,5.5,0.0,1.9,0.2,50.3,2.13,419.0,15.2,10.600000000000001,634.0,4.1,80.1,2.1,89.4,43.7,0.6,0.2,35.3,63.2,0.6,1.7,17.8,12.5,18.0,21.3,48.3,83.9,79.0,35.5,13.2,29.7,57.1,0.2,0.2,98.9,0.2,0.0,0.6,0.3,0.4,0.0,99.69999999999999
53010305,rural,6703.0,7.0,8.6,8.9,50.9,53.0,39.2,24.6,3.0,8.6,6.5,5.5,6.8,6.9,7.8,6.7,5.9,4.5,4.8,3.1,3.3,4.9,5.8,29.5,62.0,2.6,5.8,29.2,3.0,94.3,56.8,0.8,21.9,15.6,5.3,3.4,63.3,4.4,80.8,0.5,0.1,98.5,15.1,12.5,59.2,0.6,25.3,3.6,21.1,8.5,0.0,0.5,40.4,48.2,1.95,1496.0,16.1,11.3,1556.0,4.3,80.8,1.0,96.5,18.4,0.1,0.0,25.8,71.1,1.4,2.0,18.2,6.4,19.7,33.1,40.8,82.7,74.0,6.3,14.3,6.6,79.1,0.7,14.3,83.5,0.3,0.3,15.5,0.4,2.4,1.5,85.1
53010305,urban,7869.0,6.1,8.3,9.1,29.8,32.9,32.4,27.5,7.4,7.7,6.4,5.0,5.1,6.4,7.5,7.6,7.1,5.6,5.8,3.7,3.3,5.1,8.5,32.1,55.6,5.6,6.7,29.3,2.1,98.5,33.2,3.7,25.1,17.4,12.9,8.1,82.1,16.1,67.8,0.2,0.0,99.4,4.0,16.5,60.2,1.0,26.3,15.9,46.9,1.2,0.5,2.2,6.0,52.3,2.02,1411.0,17.9,12.1,2324.0,3.4,54.7,26.1,97.1,98.9,0.0,1.3,97.2,0.3,0.3,1.3,19.2,7.2,13.8,71.3,7.8,96.4,98.7,50.6,96.9,1.9,1.1,70.4,27.9,98.2,0.0,0.0,1.0,0.8,,0.9,1.8
53010307,rural,4397.0,7.7,9.1,8.7,56.0,56.5,35.2,23.7,3.8,7.6,7.0,5.5,6.5,7.4,7.8,6.6,5.1,4.0,4.5,3.3,3.8,5.5,9.1,26.6,63.2,3.3,6.8,28.0,3.0,92.9,62.1,1.7,24.6,12.3,2.9,2.0,38.3,0.3,99.0,0.1,0.1,98.1,2.1,6.9,30.0,0.0,35.1,5.5,53.2,5.7,0.0,0.3,0.2,48.7,2.11,880.0,17.1,12.6,1040.0,4.2,88.0,0.2,86.1,8.5,0.1,0.0,12.7,86.5,0.2,1.9,11.8,6.4,16.2,26.9,50.5,48.3,40.3,2.0,1.5,30.9,67.6,0.1,0.2,52.6,0.1,0.0,47.1,0.2,3.6,0.5,99.7
53010307,urban,2397.0,8.2,8.6,9.5,38.3,40.2,34.5,47.5,8.4,8.1,5.8,5.7,6.2,6.5,7.8,8.6,5.8,4.0,3.9,4.0,3.0,4.2,6.8,29.8,58.6,5.6,6.1,27.4,2.5,96.1,43.0,2.6,23.2,16.9,11.5,5.6,77.6,2.8,88.5,0.3,0.0,99.1,1.1,21.5,50.9,0.6,13.4,33.8,47.8,0.3,0.0,0.9,3.1,53.0,2.08,320.0,15.100000000000001,11.2,696.0,3.4,51.1,25.7,93.0,97.8,0.0,0.0,84.9,2.4,1.3,1.4,23.1,6.6,23.6,61.6,8.2,75.1,98.3,18.4,94.7,1.4,3.9,1.7,93.7,93.8,0.4,0.0,5.5,0.3,,11.4,4.6
53010309,rural,3076.0,6.8,8.9,9.2,56.1,58.0,43.4,14.8,2.5,7.4,7.7,6.0,6.7,6.9,7.5,7.2,6.6,4.6,4.6,3.5,2.5,3.9,3.0,27.5,65.9,1.9,4.7,28.2,3.0,93.1,62.6,0.8,21.4,13.3,4.5,2.0,75.8,0.1,99.1,0.1,0.1,99.5,1.4,2.1,25.3,0.0,33.1,2.2,48.9,15.7,0.0,0.0,0.0,48.0,2.92,854.0,14.5,9.9,755.0,4.1,85.2,0.5,94.7,10.1,0.7,0.0,54.0,42.5,0.4,1.6,14.3,11.9,66.5,19.5,2.1,71.1,57.1,17.7,4.6,6.0,89.4,9.1,0.3,82.9,0.0,0.3,16.8,0.0,1.9,2.4,90.60000000000001
53010309,urban,5774.0,5.8,8.0,10.8,45.5,47.1,31.1,41.5,8.8,7.4,7.3,5.8,5.8,6.6,7.3,7.3,6.9,4.9,5.2,3.9,3.3,4.0,6.7,27.4,60.6,5.8,6.2,28.7,2.5,96.7,51.8,1.1,21.4,17.8,8.3,4.3,88.2,0.6,96.5,0.2,0.0,98.3,2.0,18.6,66.7,0.4,23.4,11.9,58.8,0.5,0.1,0.6,4.3,52.8,1.62,791.0,16.4,11.2,1728.0,3.3,64.8,20.0,97.4,99.0,0.2,0.0,98.6,0.5,0.6,1.2,15.2,36.3,44.6,19.0,0.1,96.8,99.1,35.6,98.4,0.6,1.0,7.9,89.0,99.4,0.1,0.1,0.5,0.0,,0.1,3.2
53010311,rural,6911.0,7.3,9.0,9.9,45.3,47.7,38.8,34.4,6.7,8.4,7.3,6.4,6.6,7.5,7.6,6.4,5.7,3.9,4.2,3.2,2.8,3.8,5.2,29.9,60.1,4.7,5.3,29.1,3.1,96.5,51.2,1.3,24.0,14.3,8.6,4.1,36.9,0.4,98.3,0.1,0.0,98.9,4.4,12.0,57.7,0.5,28.3,8.2,56.4,4.8,0.0,1.2,0.5,50.6,2.04,1297.0,14.0,9.8,1737.0,4.0,78.5,8.2,95.3,47.2,0.2,0.0,56.3,43.2,0.2,1.8,13.3,7.0,14.5,42.2,36.3,75.4,69.9,26.4,39.2,12.8,47.9,22.1,23.5,81.0,0.2,0.3,18.3,0.2,0.9,0.1,54.4
53010313,rural,5808.0,6.9,8.8,9.0,50.7,52.5,39.5,24.3,6.2,8.3,6.3,6.5,6.8,6.5,7.7,7.3,6.1,4.6,4.4,3.5,3.0,4.4,9.3,29.2,60.7,4.7,5.5,28.7,3.0,96.3,56.4,0.9,22.3,15.7,5.4,3.2,37.1,0.7,97.7,0.2,0.1,99.0,1.4,12.3,57.5,0.5,20.4,4.4,66.4,4.2,0.0,3.6,0.5,49.0,1.46,1307.0,15.3,10.9,1468.0,4.0,76.9,1.0,94.5,14.7,0.7,0.0,34.0,63.7,0.7,1.7,22.2,12.1,22.0,27.5,38.4,83.2,60.7,14.3,2.1,4.5,93.4,2.7,3.7,76.8,1.6,0.1,21.1,0.5,0.2,0.8,93.6
53010313,urban,9979.0,7.0,8.6,9.4,38.4,42.9,29.0,34.6,13.3,7.3,6.3,6.0,6.6,7.3,7.1,7.3,6.3,5.3,5.3,3.6,3.1,3.5,6.0,28.5,54.6,8.9,7.9,29.1,2.1,94.0,42.8,0.6,20.5,18.6,12.6,4.8,90.4,0.9,84.7,0.2,0.0,99.3,1.6,22.6,68.5,2.7,25.4,14.9,31.2,0.8,0.0,4.8,20.2,54.3,1.76,1420.0,15.5,10.2,2931.0,3.4,63.1,27.4,97.5,99.4,0.0,0.2,99.8,0.0,0.0,1.7,9.5,25.0,35.0,38.3,1.7,99.0,99.5,69.7,96.8,0.9,2.2,18.9,80.4,98.8,1.2,0.0,0.0,0.0,,0.0,0.7
53010501,rural,6779.0,7.5,8.9,9.3,55.9,57.1,39.0,26.4,2.3,8.3,6.0,5.3,6.6,7.6,7.5,6.8,5.2,4.5,5.1,3.6,3.0,4.8,6.6,26.8,65.3,2.3,5.5,28.1,3.1,97.5,62.6,0.4,21.6,14.5,4.7,1.7,49.3,0.4,97.7,0.2,0.0,98.4,2.6,6.5,33.4,0.8,28.4,5.5,43.0,8.2,0.0,4.8,9.3,48.3,2.1,1445.0,16.5,11.399999999999999,1716.0,4.0,77.3,0.2,82.4,8.9,0.8,0.5,3.5,84.4,2.6,2.1,22.5,11.8,10.4,22.2,55.5,74.3,29.2,2.3,0.2,7.3,92.5,0.9,2.9,28.3,0.1,0.2,71.2,0.2,1.4,8.2,96.2
53010505,rural,3266.0,5.9,8.2,8.7,48.9,51.8,34.5,33.1,3.3,8.1,6.5,5.3,5.6,7.0,6.7,6.8,6.2,5.0,5.6,5.1,3.5,5.9,13.2,29.4,61.5,3.0,6.1,29.7,3.0,95.3,54.2,0.7,23.9,16.0,5.3,2.4,58.9,0.2,96.3,0.2,0.0,99.0,0.8,8.9,45.6,3.6,48.2,5.0,31.2,5.0,0.2,6.9,0.0,48.0,1.85,583.0,20.1,14.5,844.0,3.9,82.2,0.9,89.2,0.5,1.9,0.0,19.2,75.8,1.8,1.7,16.8,12.6,13.3,23.6,50.6,74.5,35.1,6.8,0.4,21.1,78.6,10.5,4.7,69.4,0.0,1.1,28.8,0.7,1.8,1.3,84.7
53010511,rural,8669.0,7.3,9.1,10.2,46.6,47.7,39.7,21.8,3.4,8.1,6.2,5.1,6.3,7.5,7.2,6.9,6.1,4.6,4.7,3.3,3.0,4.5,6.2,27.9,64.0,2.9,5.2,27.5,3.1,97.6,52.8,2.3,26.6,14.9,6.0,2.4,74.8,0.8,89.4,0.3,0.0,99.7,0.6,12.6,61.6,0.2,39.8,5.0,40.5,9.9,0.2,1.2,3.4,48.2,1.79,1978.0,15.5,10.8,2113.0,4.1,76.5,2.1,89.6,26.0,0.2,0.0,24.1,73.9,1.2,1.9,21.4,13.2,15.9,23.5,47.4,72.1,49.0,7.5,13.4,8.2,78.4,1.7,14.2,48.8,0.1,0.1,50.6,0.4,1.4,0.6,84.19999999999999
53010513,rural,10443.0,6.9,8.7,9.6,39.3,42.2,36.1,31.6,4.0,8.1,7.1,5.6,6.3,6.9,7.4,7.2,6.6,4.8,4.8,3.4,2.8,3.8,6.3,29.3,60.2,3.5,7.0,27.7,2.6,95.8,44.3,2.5,23.9,19.2,7.0,5.2,77.9,10.7,65.2,0.6,0.3,99.2,3.6,14.7,66.8,0.2,25.5,16.1,38.1,0.3,5.8,1.8,12.2,49.5,2.51,1928.0,14.8,10.0,2763.0,3.8,69.2,9.4,86.4,51.3,1.7,5.1,52.0,38.3,0.9,1.8,21.4,17.8,31.5,33.0,17.7,92.2,67.9,20.5,39.9,5.2,54.9,25.5,25.4,89.0,0.6,0.7,9.6,0.1,1.7,2.0,49.1
53010521,rural,1625.0,7.3,7.4,7.5,49.9,53.6,38.4,65.2,4.4,7.1,5.5,5.2,5.9,6.5,6.9,6.8,6.6,5.9,5.8,5.5,4.2,5.9,14.0,29.3,60.2,4.1,6.4,28.1,2.6,94.7,54.5,0.9,25.0,12.5,5.2,2.8,91.4,0.1,96.7,0.3,0.0,99.0,0.9,13.4,60.5,0.6,23.7,10.7,58.6,5.9,0.0,0.6,0.0,50.0,1.41,169.0,21.4,15.6,468.0,3.5,69.4,0.6,80.3,3.8,0.0,0.0,4.1,94.4,1.3,1.7,29.9,6.4,7.1,7.3,79.3,58.1,17.9,1.3,3.8,6.2,90.0,0.6,0.2,98.7,0.4,0.0,0.4,0.4,2.5,0.2,99.1
53010525,rural,7546.0,7.1,9.0,9.7,54.0,56.3,36.0,27.2,2.3,8.3,6.0,5.5,6.2,6.6,7.1,7.4,5.5,5.4,4.8,3.7,3.4,4.3,7.6,26.7,65.3,2.3,5.7,28.0,3.3,85.9,60.6,0.3,22.7,14.2,4.6,1.9,86.0,0.3,56.1,0.2,0.1,99.1,0.9,3.5,17.5,1.1,45.0,4.0,38.2,3.7,0.1,1.1,6.7,48.6,2.04,1470.0,16.2,11.399999999999999,1864.0,4.0,79.8,0.6,91.6,17.1,0.1,0.0,23.1,75.9,0.6,1.9,19.6,8.9,14.9,18.2,58.0,86.9,38.7,2.5,11.4,4.9,83.7,7.6,2.6,91.3,0.6,0.0,7.9,0.2,1.5,0.2,89.8
53010525,urban,8955.0,7.2,9.7,11.0,40.9,44.0,36.2,24.9,4.9,8.6,7.0,5.6,5.9,7.0,7.3,7.0,5.9,4.4,4.7,2.8,2.8,3.1,5.2,28.2,60.5,3.7,7.6,28.1,3.1,97.6,47.0,0.9,23.5,17.3,9.2,5.2,98.5,0.7,27.7,0.1,0.1,99.9,0.2,14.1,61.4,2.3,36.4,15.0,36.9,1.2,2.6,2.9,2.7,52.1,1.86,1756.0,13.4,8.7,2415.0,3.7,68.9,19.4,96.7,98.5,0.0,0.0,99.8,0.1,0.0,1.6,11.6,22.5,54.6,22.6,0.3,98.1,99.0,34.7,99.2,0.5,0.3,98.7,0.9,99.6,0.0,0.0,0.0,0.4,,0.1,0.3
53010703,rural,19185.0,7.3,8.5,9.4,53.4,53.7,40.8,25.2,2.5,8.4,6.3,5.9,6.7,7.1,7.3,7.3,5.7,4.7,4.7,3.6,2.8,4.2,7.1,27.0,66.5,2.3,4.2,27.4,3.1,95.6,59.7,1.8,25.7,13.0,4.0,1.9,70.6,0.2,90.8,0.2,0.0,99.3,1.5,11.4,57.3,1.1,31.3,4.0,35.6,6.7,0.4,17.3,3.5,46.9,2.3,4370.0,15.3,10.600000000000001,4597.0,4.2,75.4,1.2,86.9,8.2,0.0,0.0,16.7,79.9,1.9,2.1,23.4,13.1,17.3,24.5,45.2,81.3,36.5,15.2,8.5,5.0,86.5,2.3,7.0,69.2,0.1,0.6,29.2,0.8,2.9,1.5,90.60000000000001
53010703,urban,17370.0,6.8,9.1,9.6,37.7,40.8,40.0,34.9,8.3,8.3,7.1,6.0,7.1,7.2,7.3,7.1,5.8,4.7,4.6,3.2,2.5,3.6,6.0,30.9,57.3,5.3,6.5,29.9,2.6,96.4,42.5,2.4,23.0,17.0,10.3,6.5,95.3,12.8,53.1,0.2,0.0,99.7,4.9,21.2,60.4,2.3,21.9,13.2,46.0,1.5,0.5,3.0,11.5,52.2,1.91,3376.0,13.9,9.3,4777.0,3.6,59.7,24.5,98.1,98.6,0.0,0.0,99.5,0.0,0.3,1.6,15.8,23.5,33.7,42.5,0.2,97.3,99.5,35.2,99.1,0.7,0.2,15.3,84.4,99.7,0.2,0.0,0.0,0.1,,0.1,0.3
53010707,rural,7996.0,6.7,8.3,9.0,49.2,51.2,39.7,8.3,3.3,7.7,5.8,4.6,6.2,6.5,7.4,6.7,6.4,5.5,5.3,4.3,3.4,6.1,7.3,26.2,64.1,3.8,5.9,28.3,3.1,96.8,54.4,1.1,23.3,15.9,6.3,2.2,67.5,0.3,92.5,0.3,0.0,99.6,6.9,7.5,48.8,0.9,30.2,4.1,50.5,8.7,0.6,5.0,0.0,48.9,2.15,2210.0,19.1,13.799999999999999,2096.0,3.8,62.4,1.0,88.3,4.6,0.6,0.0,26.0,65.3,1.1,1.8,36.5,12.3,22.0,29.5,36.2,72.8,34.8,8.2,0.5,8.4,91.2,3.6,0.6,86.3,0.2,1.9,11.3,0.3,1.2,7.0,95.8
53010707,urban,1701.0,6.5,8.3,8.0,31.4,35.1,33.1,27.1,8.5,6.8,6.5,4.6,5.6,7.2,7.2,6.5,8.3,5.7,5.2,5.1,3.5,5.1,9.9,29.3,58.6,5.9,6.2,29.3,2.2,97.6,34.5,2.5,19.1,16.8,18.3,8.2,97.6,2.6,62.2,0.3,0.0,99.3,1.5,20.3,73.1,0.6,14.8,14.8,65.0,1.6,1.3,1.6,0.3,50.2,1.86,317.0,18.9,13.7,471.0,3.6,68.6,13.4,94.5,95.1,5.7,0.0,86.0,5.3,0.8,1.2,18.0,3.6,14.6,81.1,0.6,97.2,97.5,48.4,96.2,1.1,2.8,97.9,0.6,99.4,0.4,0.0,0.2,0.0,,2.1,1.5
53010709,rural,3404.0,7.1,8.8,10.3,50.5,52.8,39.3,11.7,2.5,8.2,5.9,5.8,5.7,6.7,6.5,7.1,6.3,4.1,4.9,3.5,3.3,5.8,6.0,29.6,60.8,2.5,7.1,28.8,3.3,93.7,57.2,0.2,22.4,14.5,5.8,4.2,97.1,0.3,50.5,0.1,0.1,99.4,0.6,10.0,56.9,0.5,21.5,4.5,57.1,14.7,0.1,1.5,0.1,48.6,2.26,870.0,17.5,12.6,800.0,4.3,70.2,2.0,91.0,18.0,0.0,0.0,23.9,72.8,2.8,1.8,27.8,16.5,30.9,31.9,20.7,92.2,36.9,5.1,19.3,0.1,80.6,15.0,4.4,92.4,0.1,0.0,7.4,0.1,1.2,0.5,80.6
53010709,urban,3899.0,6.5,9.0,11.2,40.6,44.2,37.3,21.4,5.0,9.0,6.8,5.7,6.6,6.1,6.8,7.4,5.8,5.1,4.3,3.0,2.7,3.9,6.7,30.4,58.6,3.5,7.5,28.4,2.9,99.6,46.7,1.3,22.4,15.4,9.3,7.5,99.2,9.0,36.3,0.1,0.1,99.3,1.2,24.5,76.6,5.4,29.1,11.6,33.9,2.6,0.1,2.1,15.2,54.0,1.96,838.0,13.9,9.6,1079.0,3.6,71.0,17.1,96.5,94.7,0.2,0.1,97.0,0.3,0.8,1.5,11.9,22.5,40.5,34.7,2.3,98.6,98.1,24.6,96.3,2.4,1.3,94.6,3.2,99.3,0.3,0.1,0.3,0.1,,1.6,2.3
53010715,rural,2786.0,7.1,9.4,9.6,53.2,54.8,46.4,32.7,2.2,8.9,7.0,5.4,6.5,6.4,7.5,6.7,5.6,5.0,4.5,3.9,2.9,3.6,3.3,31.0,60.4,2.5,6.0,29.2,3.3,94.1,59.5,0.2,22.5,15.2,3.7,3.6,95.7,0.4,63.4,0.2,0.0,99.7,0.2,18.0,62.8,0.5,55.4,2.2,26.1,2.3,0.0,13.4,0.2,47.2,2.68,643.0,14.9,10.4,677.0,4.1,77.7,2.5,87.3,0.0,0.4,0.1,10.0,82.4,4.6,2.3,19.8,19.1,15.7,31.2,34.1,91.1,22.5,1.5,0.0,12.1,87.9,0.3,0.0,42.2,0.6,0.0,55.4,1.8,4.3,2.4,99.7
53010715,urban,4802.0,5.8,8.0,8.3,35.2,37.9,30.9,29.2,7.2,8.4,6.4,5.6,6.3,5.7,6.5,7.0,6.4,6.2,6.0,4.1,3.9,5.3,7.8,33.3,52.0,5.4,9.3,29.3,2.6,97.5,38.8,1.8,21.9,16.1,12.9,9.4,99.2,0.5,29.2,0.1,0.0,99.7,0.6,23.5,63.4,0.6,34.1,25.0,34.3,0.9,0.0,1.8,3.3,54.9,1.83,816.0,19.3,13.3,1546.0,3.1,56.7,22.5,97.4,96.0,0.3,0.1,91.2,4.7,2.5,1.3,20.8,5.1,25.5,59.6,9.9,95.4,98.6,44.0,97.3,1.8,0.9,86.3,13.0,99.4,0.1,0.0,0.5,0.1,,1.2,0.6
53010717,rural,7821.0,7.2,9.0,10.2,49.9,52.2,39.4,17.8,3.2,9.1,6.0,5.4,6.1,7.1,7.0,6.6,5.5,5.0,4.6,3.9,2.7,4.7,5.4,27.7,65.0,2.7,4.5,28.4,3.5,95.9,56.6,2.1,22.5,14.8,5.4,3.1,43.0,0.5,98.3,0.4,0.0,98.9,2.1,15.5,66.3,0.3,45.8,4.6,35.2,11.0,0.0,2.9,0.3,48.9,2.44,1864.0,15.899999999999999,11.3,1959.0,4.0,81.2,0.3,90.3,7.1,0.3,0.0,28.9,61.3,7.9,1.9,18.5,18.8,16.6,35.9,28.7,68.5,40.8,9.8,0.3,14.1,85.7,0.0,6.9,51.4,0.1,0.1,48.2,0.2,1.5,1.6,93.2
53010719,rural,8018.0,5.9,7.7,9.9,49.7,51.5,36.2,22.3,4.1,8.9,6.9,5.5,5.5,6.0,7.5,7.1,6.7,4.7,5.5,3.7,3.4,5.0,9.3,31.3,58.2,3.2,7.3,29.6,3.2,95.8,55.5,0.5,21.3,14.3,7.4,5.0,80.4,0.4,84.8,0.2,0.0,99.2,7.3,10.7,39.5,0.6,49.1,6.7,33.5,7.5,0.0,1.7,0.9,50.9,1.99,1723.0,17.6,12.1,2125.0,3.8,80.1,6.1,92.0,32.5,0.2,0.0,35.0,59.8,2.4,1.7,13.8,15.3,29.9,38.7,16.2,86.5,62.9,25.4,32.2,7.4,60.3,23.1,9.6,46.9,0.0,0.3,52.3,0.5,2.2,2.6,67.4
53010723,rural,2510.0,7.2,8.3,9.9,50.2,51.8,40.2,4.8,1.7,9.6,7.1,5.1,5.8,7.0,8.3,6.7,5.5,4.6,4.6,3.0,3.3,4.2,8.1,28.2,63.9,2.0,5.8,28.0,3.3,96.2,56.6,0.7,26.2,14.1,4.3,2.8,87.3,0.4,77.7,0.1,0.1,99.7,0.4,3.8,49.1,0.1,58.9,4.2,15.0,21.2,0.0,0.1,0.4,47.8,2.09,718.0,15.099999999999998,10.5,576.0,4.4,86.1,1.0,87.0,0.0,0.0,0.0,7.5,89.9,0.7,2.4,12.8,3.5,50.2,16.1,30.2,87.8,18.8,0.3,0.0,3.6,96.4,1.4,0.0,37.0,0.0,0.2,60.2,2.6,7.5,1.9,98.6
53110101,urban,47193.0,6.3,8.6,9.8,27.8,32.5,36.4,27.5,5.1,8.6,7.1,5.9,5.9,5.7,6.1,6.5,6.4,5.5,5.7,4.4,3.3,4.3,5.2,32.0,56.3,3.8,7.9,29.1,2.7,97.2,31.4,1.8,22.4,16.1,17.6,9.7,99.3,0.9,0.5,0.1,0.1,99.9,0.1,28.0,72.6,2.2,38.6,20.8,33.3,0.8,1.4,2.2,0.7,53.4,1.72,9379.0,17.700000000000003,12.0,13154.0,3.6,63.6,20.1,98.4,97.9,0.9,0.9,96.9,0.3,0.3,1.3,16.2,24.3,27.9,36.3,11.5,97.7,99.3,60.5,98.4,0.9,0.7,86.3,12.2,99.5,0.1,0.0,0.2,0.2,,0.9,1.5
53110103,urban,14721.0,6.9,9.1,9.3,19.2,24.8,39.0,41.2,7.2,7.7,6.7,6.1,6.3,6.4,6.7,5.9,5.3,5.2,5.4,5.1,4.3,3.6,5.3,32.9,53.5,5.4,8.2,28.7,2.4,98.3,21.5,1.2,24.9,24.0,18.9,6.1,99.4,2.1,0.8,0.1,0.1,99.9,0.9,22.7,69.1,2.1,30.6,15.3,44.1,1.2,0.7,4.1,1.9,52.7,1.49,2522.0,18.400000000000002,12.999999999999998,3755.0,3.9,62.5,21.4,99.0,96.8,0.1,0.0,95.9,0.7,0.8,1.5,16.1,21.4,36.0,39.1,3.5,99.2,99.0,71.6,93.7,5.6,0.7,84.1,13.8,99.8,0.0,0.0,0.1,0.1,,2.5,2.1
53110105,urban,9727.0,6.3,9.5,9.7,23.4,27.1,37.5,25.9,6.3,7.8,6.4,5.7,6.4,6.1,6.7,6.5,6.3,4.9,5.3,4.2,4.0,4.1,5.4,30.7,57.1,3.9,8.3,27.4,2.5,97.9,26.2,1.6,25.6,24.0,16.1,5.7,99.7,2.7,0.5,0.0,0.0,99.8,0.3,19.9,70.8,0.7,30.3,11.5,48.3,1.1,1.3,1.5,5.3,52.4,1.86,2011.0,17.6,12.299999999999999,2471.0,3.9,61.6,11.3,99.6,98.4,0.0,0.0,72.2,3.4,4.9,1.5,27.1,21.1,22.1,26.7,30.0,97.6,99.5,67.5,94.9,3.3,1.8,99.1,0.0,99.5,0.0,0.0,0.3,0.3,,19.5,0.8999999999999999
53110107,urban,191807.0,6.7,8.9,9.6,15.2,21.4,39.8,29.1,5.4,7.9,7.0,6.3,6.5,6.6,6.9,6.4,5.6,4.9,5.5,4.4,3.4,3.4,4.1,32.9,57.0,4.0,6.1,28.5,2.6,95.7,17.0,2.1,24.9,20.0,19.5,12.2,99.1,4.8,1.8,0.1,0.1,99.7,0.8,28.7,70.6,2.9,27.2,26.7,36.3,1.1,1.1,2.7,2.0,51.7,1.77,40466.0,16.7,11.200000000000001,49840.0,3.8,60.6,28.8,99.3,97.8,6.5,7.3,83.1,1.0,0.9,1.3,10.6,24.6,23.1,42.6,9.7,99.0,99.5,85.1,97.8,1.6,0.6,97.8,0.4,99.7,0.2,0.0,0.0,0.1,,1.1,1.8
53110109,urban,93749.0,6.6,9.0,9.7,24.7,29.7,39.2,34.7,5.7,8.3,7.2,6.5,6.5,6.0,6.5,6.5,5.8,5.1,5.4,4.1,3.2,3.6,4.9,33.0,55.3,4.4,7.4,29.5,2.9,97.0,27.8,1.5,25.0,18.2,17.5,8.2,99.4,1.6,0.8,0.1,0.1,99.9,0.3,33.1,75.4,2.0,39.5,17.3,34.0,1.8,1.3,2.6,1.5,51.9,2.0,17916.0,16.3,10.9,24423.0,3.8,69.0,16.4,87.0,90.8,1.2,0.9,93.9,0.5,0.4,1.4,14.6,15.7,33.4,44.8,6.0,97.8,99.1,58.1,89.9,6.7,3.3,62.3,35.1,99.7,0.1,0.0,0.1,0.1,,3.1,2.6
53110301,rural,3900.0,7.7,9.4,9.5,46.1,45.6,33.7,27.8,4.0,8.6,6.1,5.1,5.0,5.3,5.6,6.6,5.8,5.1,5.8,5.2,4.2,5.2,7.3,24.4,65.8,2.6,7.1,25.4,3.1,98.5,52.0,2.1,27.1,15.9,7.0,2.3,99.1,0.7,0.4,0.1,0.1,99.5,0.6,11.7,68.7,1.3,58.7,7.5,24.7,4.9,0.6,1.9,0.6,52.5,2.74,697.0,20.4,14.600000000000001,1036.0,3.8,73.0,0.0,90.3,9.3,0.0,0.0,3.8,95.3,0.6,1.5,27.0,5.7,10.1,38.9,45.2,95.7,73.8,35.5,0.6,22.1,77.3,0.7,7.6,74.0,0.1,0.1,25.3,0.5,1.5,0.4,91.7
53110303,rural,4191.0,8.1,9.2,9.9,50.2,52.9,37.2,16.6,2.3,8.3,7.6,6.1,5.3,5.6,6.1,5.9,5.6,4.3,4.7,4.2,3.6,5.6,6.0,28.2,64.9,2.0,4.9,28.3,3.4,95.8,56.6,0.6,23.9,11.2,8.3,3.1,99.0,0.7,0.5,0.0,0.1,99.8,0.3,20.1,54.3,0.4,47.3,8.8,22.4,6.3,0.1,1.2,13.5,50.8,2.17,947.0,18.1,13.4,1040.0,4.0,77.8,0.7,86.3,16.3,0.0,1.4,17.1,78.6,2.1,1.8,21.5,7.6,7.3,26.0,59.0,92.2,54.6,22.3,0.3,38.2,61.5,3.5,12.3,84.6,0.1,0.0,14.8,0.6,2.2,0.8,84.19999999999999
53110305,rural,5533.0,6.6,9.3,10.7,46.3,49.4,40.4,23.4,3.5,8.8,7.9,5.5,5.5,5.5,5.9,6.1,5.6,5.4,5.2,3.5,3.3,5.2,5.9,31.4,60.7,2.8,5.1,29.0,3.8,96.8,52.8,0.5,23.4,14.3,9.1,3.3,99.5,0.5,0.2,0.0,0.1,99.9,0.1,13.3,71.9,1.2,61.8,5.4,12.9,9.7,0.5,6.8,1.7,50.0,1.41,1257.0,17.2,12.0,1367.0,4.0,55.7,2.3,95.8,34.2,0.0,0.0,32.6,62.0,1.0,1.8,41.9,21.2,15.4,27.9,35.5,92.3,54.1,64.2,34.4,1.1,64.5,33.9,0.1,84.1,0.2,0.0,15.2,0.5,0.8,4.4,66.0
53110307,rural,4323.0,7.6,10.6,10.9,54.0,55.5,36.0,31.8,2.1,8.8,6.7,5.6,6.0,6.0,5.3,5.7,5.6,4.2,4.5,4.6,4.0,4.0,5.6,27.6,65.4,1.9,5.2,28.2,4.1,94.5,61.8,0.7,22.1,13.7,6.0,2.0,99.0,0.4,0.6,0.0,0.0,99.9,0.2,9.7,49.1,1.2,51.1,8.1,35.5,2.3,0.8,0.3,0.8,49.4,2.54,752.0,17.1,12.6,1059.0,4.1,80.0,0.0,88.3,2.4,0.1,0.0,3.5,95.6,0.6,1.9,20.0,6.2,6.9,23.0,63.8,93.8,47.2,18.1,0.0,30.1,69.9,0.0,0.2,82.3,0.2,0.0,16.8,0.7,1.5,0.3,99.8
53110309,rural,5590.0,6.7,9.5,11.1,45.3,51.6,38.8,20.3,1.9,9.4,6.2,4.9,5.4,5.6,6.4,7.2,5.2,4.6,5.3,4.3,3.0,5.3,5.3,28.6,63.6,1.6,6.2,28.0,3.6,96.8,51.7,1.0,23.3,12.8,8.6,2.7,99.3,0.4,0.2,0.0,0.1,100.0,0.0,9.8,39.8,4.5,55.1,8.4,14.7,15.9,0.6,0.4,0.3,50.4,2.28,1257.0,17.9,12.6,1357.0,4.1,84.7,0.7,89.0,9.5,0.0,0.0,3.8,93.0,1.8,1.8,14.6,13.0,17.5,32.0,37.6,92.0,62.9,55.0,3.7,6.3,90.0,0.2,4.0,98.4,0.1,0.0,0.5,1.0,1.7,1.3,95.8
53110311,rural,2474.0,6.9,8.1,9.9,48.6,50.8,27.2,4.8,2.3,8.0,6.8,5.1,5.7,5.8,6.0,7.0,6.4,5.7,6.1,4.2,3.5,4.8,5.2,26.8,66.3,1.9,5.0,28.1,3.6,93.9,54.8,0.2,23.9,13.9,8.4,2.8,95.5,1.3,0.2,0.0,0.3,99.6,0.3,9.1,47.2,1.0,45.9,10.2,35.1,1.2,1.9,2.9,1.7,49.2,2.05,481.0,18.6,12.5,661.0,3.7,59.0,0.6,93.3,4.7,0.2,0.0,9.4,89.1,1.4,1.4,40.4,14.5,14.4,15.3,55.8,92.4,64.3,24.1,8.2,24.1,67.8,2.4,1.7,97.7,0.9,0.0,1.4,0.0,0.9,0.0,95.89999999999999
53110313,rural,3353.0,7.6,9.4,10.6,48.9,49.0,43.9,20.6,1.6,9.6,7.4,5.5,5.8,5.7,6.2,5.8,5.5,4.5,4.7,4.0,2.9,4.9,8.2,30.5,63.4,1.3,4.9,28.3,3.7,97.0,55.8,2.1,26.9,13.4,6.2,2.5,99.3,0.4,0.1,0.0,0.1,99.8,0.4,12.6,62.1,0.2,44.7,4.3,27.9,13.9,3.4,4.6,0.9,50.0,2.14,846.0,16.5,11.8,680.0,4.9,75.0,0.3,84.3,5.9,0.0,0.0,2.6,95.0,1.0,2.1,24.7,4.6,9.4,25.1,60.9,75.6,44.4,29.4,0.1,28.4,71.5,0.6,0.0,77.6,0.1,0.0,18.4,3.8,2.1,1.3,99.39999999999999
53110315,rural,3082.0,6.7,7.5,11.0,41.5,43.9,44.4,23.9,2.6,9.1,6.9,4.5,4.8,5.6,5.7,7.4,6.8,6.3,6.0,4.1,3.1,4.6,5.1,28.3,63.0,2.7,6.0,28.3,3.3,95.0,47.5,0.8,24.6,17.7,10.1,2.8,99.7,0.6,0.4,0.0,0.1,99.9,0.1,11.7,43.5,0.8,33.4,4.5,38.2,21.1,0.3,1.4,0.4,51.0,2.11,778.0,17.799999999999997,11.799999999999999,834.0,3.7,81.4,1.0,94.0,24.0,0.2,0.0,14.8,83.2,1.2,1.4,17.6,7.4,19.6,39.9,33.1,96.4,70.5,84.5,0.2,62.2,37.6,15.7,3.1,93.5,0.0,0.2,6.2,0.0,1.3,0.6,81.2
53110501,rural,5617.0,7.4,9.5,10.3,28.6,33.7,31.8,48.0,3.4,8.5,6.3,5.8,5.3,5.4,6.0,6.6,5.9,5.2,5.0,5.0,3.2,4.8,6.6,31.1,59.0,2.3,7.6,27.7,3.0,98.8,32.5,1.4,27.8,21.9,11.2,4.0,99.8,0.7,0.4,0.0,0.0,99.9,0.2,8.8,61.5,4.1,24.8,13.4,49.8,1.2,3.4,0.9,2.4,50.5,2.5,677.0,18.0,13.0,1404.0,4.0,80.2,7.3,98.4,35.2,0.6,0.5,48.6,48.0,1.1,1.5,12.5,7.3,19.8,36.4,36.5,97.9,88.6,30.1,34.9,37.7,27.4,35.6,0.1,99.4,0.2,0.0,0.1,0.2,0.6,1.2,64.3
53110503,rural,8928.0,7.9,10.3,11.8,36.0,38.4,37.5,39.3,2.6,8.9,6.1,5.9,5.4,5.8,6.5,6.4,5.0,4.4,4.5,3.7,3.2,4.3,6.9,28.1,63.4,2.4,6.1,26.5,3.3,95.4,41.8,0.9,34.1,18.0,6.6,2.1,99.5,1.0,0.9,0.1,0.2,99.8,0.5,7.4,41.2,1.6,35.7,7.1,47.7,1.1,0.8,2.3,3.7,50.0,2.07,1422.0,15.7,11.2,2134.0,4.2,86.3,0.8,94.7,4.3,0.2,0.0,12.3,85.2,1.0,2.0,12.9,13.1,22.5,31.4,33.0,96.3,91.7,55.5,1.7,80.6,17.7,0.8,0.7,98.5,0.3,0.0,1.1,0.0,0.5,1.2,98.6
53110505,rural,3811.0,7.8,9.0,10.2,25.0,30.5,38.9,52.4,4.1,8.3,6.9,6.6,6.6,6.0,6.4,6.0,6.1,5.3,5.0,3.3,2.7,3.9,7.9,32.7,57.1,3.3,6.8,27.7,2.8,97.8,28.3,1.0,31.5,22.6,10.6,3.7,99.1,0.8,0.6,0.0,0.1,99.8,0.2,11.3,48.9,0.2,16.7,13.8,44.7,1.0,14.6,5.2,3.9,49.3,2.76,515.0,14.9,9.9,951.0,4.0,72.0,0.3,93.8,23.4,1.5,0.0,18.9,62.7,4.7,1.8,27.7,8.1,12.3,28.1,51.5,96.7,81.9,34.4,1.4,52.3,46.4,2.1,0.3,92.4,0.5,0.0,5.7,1.4,1.3,12.2,97.60000000000001
53110505,urban,11232.0,6.5,8.9,9.4,21.8,25.6,39.1,32.9,5.4,7.8,7.3,6.3,6.7,7.0,7.0,6.2,5.3,4.4,5.5,4.9,4.1,2.7,5.2,32.9,55.4,4.4,7.2,29.6,2.8,97.9,24.5,2.3,26.0,22.1,18.1,5.9,98.8,4.2,2.7,0.0,0.0,99.8,1.1,19.3,65.3,0.5,26.8,13.8,48.3,0.9,3.6,1.5,4.5,50.3,1.45,2218.0,17.2,11.7,2848.0,3.9,43.0,9.1,91.3,67.5,0.0,0.0,59.2,0.5,2.4,1.5,47.9,13.9,24.2,31.2,30.6,92.8,89.7,39.8,68.0,26.7,5.3,85.5,3.5,97.1,0.0,0.2,0.0,2.8,,37.8,11.0
53110507,rural,8290.0,7.7,9.2,10.3,23.6,28.2,38.0,33.4,3.3,8.6,5.6,5.6,6.0,5.9,6.5,6.7,6.1,5.4,5.0,4.0,2.7,4.5,7.5,29.7,60.5,2.8,7.0,27.0,2.8,96.3,26.8,1.9,29.1,23.0,13.3,4.5,99.3,1.4,1.3,0.0,0.0,99.9,0.6,19.8,66.2,1.0,24.7,24.6,45.6,1.2,0.2,2.3,0.3,50.5,2.33,1526.0,16.2,11.2,2143.0,3.9,78.9,2.6,97.2,20.0,0.6,9.2,36.3,52.6,0.6,1.4,18.6,20.1,17.9,23.3,38.7,98.5,95.6,82.6,0.3,84.4,15.4,15.5,1.4,98.5,0.1,0.0,0.6,0.8,1.0,0.7,83.19999999999999
53110509,rural,2965.0,8.4,9.6,11.4,42.6,46.7,42.0,55.7,2.2,7.4,7.3,5.8,7.3,6.1,5.7,5.3,4.7,4.4,4.9,4.1,3.1,4.7,5.5,27.7,66.0,2.1,4.2,26.9,3.7,96.2,49.1,0.1,30.3,15.8,5.7,1.4,99.3,0.2,0.2,0.0,0.0,99.9,0.1,2.4,43.3,0.3,60.9,6.2,20.3,6.7,0.3,3.6,1.8,47.5,2.52,389.0,16.8,11.899999999999999,715.0,4.1,88.3,0.0,97.3,2.9,0.1,0.0,3.2,96.5,0.1,1.4,11.7,7.3,3.2,12.2,77.3,98.5,84.8,42.8,1.8,86.9,11.3,0.0,0.6,93.7,0.4,0.0,5.9,0.0,1.5,0.0,99.5
53110511,rural,4937.0,8.0,10.0,9.9,28.5,32.4,41.7,36.3,2.9,7.7,6.3,5.5,5.9,5.5,6.5,6.6,6.0,5.3,4.6,4.5,3.0,4.6,7.6,27.9,62.8,2.6,6.7,26.4,2.8,97.7,32.2,2.3,31.6,20.1,11.0,2.6,99.7,0.9,0.3,0.0,0.1,99.9,0.3,13.1,58.5,0.6,24.8,6.4,54.6,6.0,0.2,5.1,2.3,49.8,2.54,944.0,16.7,12.1,1192.0,4.1,91.0,0.1,97.4,6.7,0.4,0.0,27.1,59.1,0.8,1.4,8.9,8.4,16.8,22.7,52.1,96.6,90.4,60.4,1.7,55.2,43.1,16.9,1.8,99.0,0.3,0.0,0.4,0.3,0.9,12.6,81.3
53110513,rural,15860.0,8.1,10.5,10.8,24.8,29.0,44.1,20.3,2.8,8.7,6.9,6.8,6.8,6.7,7.0,6.2,5.0,4.1,4.2,3.5,2.3,2.5,4.9,31.1,60.7,2.5,5.7,27.5,3.2,96.2,28.3,2.3,31.3,19.2,12.4,5.9,99.5,1.7,1.0,0.0,0.0,99.8,0.2,25.6,74.0,2.3,24.9,8.4,58.6,3.7,0.4,1.3,0.5,49.7,2.1,3944.0,12.5,8.3,3548.0,4.5,82.2,4.8,96.1,38.9,8.4,1.1,37.2,43.1,1.7,1.6,13.0,19.4,21.7,40.8,18.1,96.9,92.7,57.1,34.0,44.8,21.2,37.8,10.3,98.0,0.6,0.1,0.9,0.4,0.9,8.5,51.800000000000004
53110515,rural,8983.0,7.9,10.0,10.3,38.0,41.8,37.6,28.1,2.3,8.4,6.7,7.0,6.4,6.1,6.0,5.9,5.2,4.0,4.8,4.2,3.2,3.9,5.2,28.8,64.0,1.8,5.4,27.4,3.2,97.4,43.1,1.8,29.4,17.7,7.6,1.7,99.5,0.8,0.3,0.0,0.0,99.8,0.2,13.7,65.5,0.5,35.3,5.7,47.4,6.0,0.3,4.5,0.3,50.1,2.3,1743.0,16.099999999999998,11.3,1989.0,4.5,89.9,0.9,96.4,2.4,0.5,0.1,25.1,73.5,0.6,1.7,9.2,8.1,21.1,28.0,42.8,98.4,89.9,47.4,4.5,27.8,67.7,12.0,1.1,94.5,0.4,0.0,0.2,5.0,1.6,0.3,87.0
53110701,rural,3392.0,7.1,9.1,9.3,40.8,42.8,33.6,20.3,2.8,8.5,5.7,5.8,5.5,5.6,6.6,6.5,6.2,4.2,5.0,5.0,3.6,6.4,10.2,27.7,63.6,2.5,6.2,27.8,3.1,98.4,45.7,0.9,29.3,14.7,9.4,2.9,99.7,1.4,0.5,0.0,0.0,99.8,0.5,11.3,48.0,0.7,55.0,6.1,25.4,10.9,0.1,1.0,0.6,48.9,2.14,676.0,20.0,15.0,872.0,3.9,72.6,0.3,87.9,1.0,0.1,0.0,7.7,89.4,2.0,1.8,27.1,7.9,9.1,17.3,65.7,93.8,73.4,15.6,7.6,24.8,67.6,9.0,0.6,96.1,0.3,0.3,3.0,0.2,1.1,0.8,90.39999999999999
53110703,rural,4655.0,6.9,9.0,10.1,40.0,41.9,44.7,17.8,2.9,7.8,6.2,6.3,5.6,6.1,6.3,6.1,5.3,5.5,6.0,4.9,3.5,4.4,7.3,26.9,64.8,2.8,5.5,28.3,3.4,98.1,45.3,1.0,27.8,16.3,9.9,3.2,99.2,0.8,0.6,0.0,0.1,99.5,0.3,12.2,54.4,0.9,44.1,6.9,27.3,18.3,0.4,1.9,0.2,48.3,2.09,1263.0,18.8,12.8,1180.0,3.9,79.8,0.2,93.6,5.4,0.9,0.0,10.2,87.7,0.5,1.5,20.0,8.0,13.4,27.7,50.9,94.7,72.6,27.1,2.7,66.0,31.3,2.0,3.3,91.6,0.4,0.2,6.9,0.9,1.5,0.7,94.60000000000001
53110705,rural,6948.0,7.9,10.3,11.3,46.4,52.4,48.7,16.4,1.8,9.3,7.1,6.3,6.7,6.4,6.2,5.7,4.6,4.1,4.8,2.9,2.5,4.0,4.0,30.9,62.8,1.3,5.1,28.1,3.9,96.5,53.3,0.6,21.7,13.6,9.1,2.6,99.0,0.3,0.1,0.0,0.1,99.6,0.7,10.7,59.9,0.6,49.3,6.0,32.8,10.4,0.2,0.1,0.7,48.4,2.62,1992.0,14.2,9.4,1654.0,4.2,92.6,0.3,96.3,2.3,0.0,0.1,25.3,73.2,1.0,1.8,7.1,15.4,18.4,35.0,31.2,97.6,87.2,38.3,2.4,27.0,70.7,8.0,0.1,99.2,0.2,0.1,0.4,0.1,2.0,0.5,92.0
53110707,rural,8612.0,8.2,10.4,11.2,40.0,41.3,38.2,29.1,2.5,8.9,7.0,5.6,6.6,6.0,6.3,5.5,5.5,3.7,4.6,4.0,2.9,3.8,7.4,30.8,60.9,2.0,6.3,28.0,3.6,97.8,46.2,1.5,28.3,15.8,9.6,3.5,99.6,0.4,0.3,0.0,0.1,99.9,0.1,11.3,53.4,1.3,41.3,4.3,45.7,5.9,1.0,0.6,0.0,51.0,2.43,1636.0,15.3,10.7,1973.0,4.4,85.2,0.1,92.3,1.5,0.4,0.1,16.7,80.7,1.4,2.0,14.7,9.6,16.7,34.5,39.2,90.1,83.3,24.3,0.2,9.2,90.7,4.1,0.2,95.0,0.4,0.0,1.8,2.8,0.9,0.7,95.8
53110709,rural,6905.0,8.4,10.3,10.6,48.8,52.8,39.9,10.2,1.0,9.2,6.5,5.6,5.9,6.6,6.1,6.1,5.6,4.1,4.3,3.6,3.2,4.0,4.5,27.1,65.9,1.3,5.8,26.9,3.6,93.0,55.4,0.2,25.5,13.9,6.0,1.6,99.0,1.0,0.3,0.0,0.1,99.7,0.4,5.6,35.6,3.4,45.1,3.1,22.2,20.1,0.0,2.2,3.8,49.1,2.33,1752.0,15.100000000000001,10.8,1608.0,4.3,78.3,0.7,90.0,5.5,0.3,0.1,7.5,90.5,1.1,1.9,21.0,14.6,17.4,44.3,23.6,95.1,78.4,59.1,0.0,20.4,79.6,6.0,0.0,97.6,0.3,0.0,2.0,0.1,1.6,0.6,94.0
53110711,rural,5570.0,7.9,9.3,10.9,41.8,47.4,38.8,21.2,1.7,8.8,6.0,5.3,5.7,6.1,6.1,6.2,5.7,4.8,5.1,4.1,2.9,5.2,6.3,30.5,61.7,1.5,6.4,29.7,3.4,90.3,47.5,0.3,23.9,13.9,10.4,4.0,98.1,0.3,0.4,0.1,0.1,99.8,0.3,4.8,29.0,3.4,38.1,6.3,18.8,13.2,0.2,10.4,9.7,49.3,2.32,1226.0,17.3,12.2,1302.0,4.3,92.7,1.2,94.2,4.7,0.1,0.0,15.6,79.0,3.1,1.5,6.1,11.1,20.0,30.7,38.2,96.2,75.7,20.6,2.8,50.0,47.2,2.8,0.4,98.6,0.7,0.1,0.4,0.2,1.2,2.2,96.80000000000001
53110713,rural,4652.0,7.7,10.4,11.1,47.1,52.7,43.3,12.0,3.0,9.1,7.0,5.9,6.5,6.1,6.3,5.5,4.9,4.5,4.4,3.1,2.9,4.5,11.4,29.9,61.9,2.4,5.8,28.3,4.1,97.5,54.1,0.0,22.5,13.7,8.6,2.6,99.0,0.2,0.0,0.0,0.0,99.8,0.3,3.2,20.4,0.3,61.6,6.6,12.4,13.3,0.0,1.8,3.9,48.9,2.71,1252.0,14.9,10.5,1081.0,4.3,96.5,0.1,92.8,5.6,0.1,0.1,8.5,90.7,0.5,1.8,3.4,3.6,15.4,60.6,20.4,92.7,48.1,10.4,0.6,21.6,77.8,0.3,0.0,85.0,0.3,0.0,2.6,12.1,2.1,0.2,99.69999999999999
53110715,rural,8146.0,8.5,9.6,10.3,40.6,44.8,34.2,16.2,2.0,8.8,6.8,6.3,5.8,5.7,6.2,6.8,5.4,4.7,4.2,3.6,2.7,4.4,4.8,29.9,62.8,1.8,5.6,27.6,3.3,96.0,46.0,0.7,25.6,17.0,9.2,2.7,98.1,0.6,0.7,0.0,0.2,99.7,0.4,14.1,63.2,0.8,58.0,7.5,23.6,6.9,0.4,1.6,1.1,49.3,2.37,1670.0,14.9,10.700000000000001,1991.0,4.1,82.8,2.6,93.7,25.4,0.3,0.1,21.8,74.0,0.7,1.8,14.7,8.4,18.9,34.5,38.1,94.0,74.6,35.0,1.1,47.6,51.4,4.8,21.5,99.4,0.4,0.0,0.1,0.1,1.7,3.2,73.7
53110717,rural,6912.0,7.9,10.3,11.0,40.1,45.1,42.1,40.3,2.0,9.3,6.7,5.2,5.8,5.6,5.9,6.2,5.8,4.3,4.3,3.9,3.2,4.7,5.9,30.4,63.1,1.8,4.7,28.5,3.8,98.6,46.2,0.4,26.9,14.9,9.6,3.2,98.8,0.3,0.2,0.0,0.0,99.7,0.1,11.1,60.8,0.1,63.1,5.0,24.2,6.9,0.2,0.4,0.1,50.0,2.27,1230.0,16.099999999999998,11.8,1605.0,4.3,86.5,0.5,85.2,6.0,0.0,0.1,12.1,87.0,0.5,2.0,13.0,11.9,11.3,37.0,39.8,94.1,59.4,21.3,0.4,26.2,73.4,2.7,0.1,97.0,0.4,0.0,2.2,0.4,2.3,0.3,97.2
53110719,rural,2552.0,7.2,10.4,12.0,40.1,43.2,36.0,19.5,0.6,9.5,5.2,4.7,5.6,6.3,6.3,6.7,5.8,4.2,4.5,3.3,3.0,5.2,4.7,26.4,66.1,0.7,6.8,27.1,3.8,97.7,46.8,2.1,29.2,16.0,7.3,2.2,99.2,1.0,0.4,0.0,0.0,99.6,0.3,9.8,65.0,1.9,63.8,6.3,15.8,1.7,0.4,6.3,3.7,49.3,2.18,520.0,16.0,11.5,633.0,4.0,93.2,0.6,98.3,1.3,0.2,0.0,22.6,76.3,0.9,1.8,6.2,11.1,13.4,37.7,37.8,98.3,97.8,58.1,2.2,92.1,5.7,1.1,0.6,99.8,0.2,0.0,0.0,0.0,1.7,0.0,98.3
61110101,urban,65343.0,7.4,8.8,8.9,15.4,21.5,44.1,23.0,5.7,7.4,7.2,7.1,7.4,7.2,7.1,6.3,5.8,5.1,5.1,3.7,2.5,2.9,4.0,31.7,58.8,4.0,5.5,28.2,2.3,97.1,17.1,2.0,23.9,19.5,18.9,14.2,99.4,3.9,1.6,0.4,0.1,99.7,0.8,24.1,68.5,3.4,24.6,27.9,38.3,1.0,1.0,1.9,2.0,50.6,1.78,16622.0,14.200000000000001,9.1,17028.0,3.8,58.2,26.1,99.4,95.2,5.9,24.4,62.4,1.5,0.6,1.3,15.7,23.4,26.8,43.6,6.3,96.9,99.5,70.6,92.7,5.6,1.7,88.7,4.6,99.2,0.3,0.0,0.2,0.2,,5.2,6.6
61110103,urban,55707.0,7.8,8.9,8.9,15.4,23.3,44.2,15.8,4.1,7.3,7.2,7.6,8.2,7.6,7.2,6.1,5.4,4.6,4.8,3.6,2.4,2.3,3.2,31.6,60.8,3.1,4.6,28.1,2.5,95.9,17.2,1.6,24.3,19.0,16.8,15.1,99.1,5.0,2.8,0.3,0.0,99.4,1.0,28.1,67.2,3.3,20.4,18.7,49.8,1.2,0.9,1.6,4.0,50.1,1.71,15421.0,13.100000000000001,8.3,15160.0,3.7,62.9,26.1,99.0,94.8,2.2,33.4,58.0,3.1,0.7,1.3,11.0,45.0,31.6,21.1,2.3,98.7,99.1,86.2,90.7,6.7,2.6,89.7,2.3,98.9,1.1,0.0,0.0,0.0,,2.6,8.0
61110105,urban,29125.0,7.4,9.6,9.5,16.8,23.3,48.1,15.1,4.8,7.7,6.9,6.8,7.4,7.6,7.5,6.4,5.7,4.8,4.6,3.5,2.2,2.3,3.1,28.7,63.0,4.0,4.3,27.8,2.3,95.4,18.8,1.6,27.2,19.5,14.6,13.7,98.3,4.0,1.1,0.2,0.1,98.6,0.9,26.4,65.6,3.9,27.6,11.0,50.3,1.2,1.3,1.1,3.7,50.1,1.58,8733.0,12.600000000000001,8.0,8360.0,3.5,75.1,9.0,95.2,87.4,4.6,24.8,32.1,1.5,0.7,1.3,15.9,33.0,24.6,38.7,3.8,98.3,98.8,65.9,45.8,43.8,10.5,84.2,13.0,99.5,0.3,0.0,0.1,0.1,,36.2,2.7
61110301,rural,11575.0,8.2,9.7,10.3,46.3,49.2,38.9,27.2,2.5,8.4,6.8,5.8,6.1,6.2,6.3,6.0,5.9,4.1,4.8,3.1,3.4,4.7,6.7,29.1,61.7,2.5,6.7,26.3,3.0,94.5,52.5,0.4,25.1,14.7,7.7,2.9,98.6,0.7,0.3,0.0,0.2,99.8,0.4,15.4,48.7,1.2,42.8,3.2,35.0,4.1,1.1,1.5,11.1,49.2,2.06,2350.0,16.0,11.2,2742.0,4.2,85.7,0.2,86.4,13.7,0.4,0.0,23.5,68.7,1.5,1.7,14.1,12.9,25.1,32.0,30.1,95.4,92.1,4.6,2.7,67.0,30.3,0.2,0.0,89.1,1.0,0.1,9.8,0.2,1.7,5.9,99.8
61110305,rural,12697.0,8.1,9.1,9.5,28.2,31.3,39.9,18.7,3.3,8.0,7.6,6.8,6.9,6.8,6.6,6.2,5.7,4.9,4.6,3.4,2.7,2.9,4.5,29.0,64.1,2.4,4.5,26.6,2.8,98.3,31.7,1.9,30.2,20.1,11.8,4.6,99.4,3.1,0.4,0.1,0.1,99.7,0.4,11.7,49.4,0.7,25.9,6.5,56.6,1.1,0.9,1.3,7.0,48.9,2.27,3018.0,13.6,9.0,3109.0,4.1,64.7,3.6,96.7,31.5,1.5,1.5,31.5,38.6,3.6,1.4,31.7,23.7,28.4,37.0,10.9,98.2,98.5,36.4,0.8,80.8,18.4,7.9,17.6,99.5,0.1,0.0,0.3,0.1,0.5,23.2,74.5
61110307,rural,15690.0,8.5,10.3,10.2,38.9,42.4,30.8,16.7,3.0,8.5,7.1,6.5,6.8,6.8,6.5,5.7,5.1,4.1,4.5,3.3,2.6,3.4,5.1,29.5,63.4,2.1,5.0,27.8,3.5,89.9,43.9,0.7,28.2,17.5,6.6,4.6,97.4,0.9,0.4,0.0,0.0,99.9,0.4,4.6,31.4,1.6,34.5,10.1,44.8,2.8,0.7,2.4,3.2,48.7,2.38,2861.0,13.8,9.3,3620.0,4.3,90.9,2.9,93.0,23.6,0.4,0.4,47.7,46.5,1.0,1.8,6.1,14.2,26.4,38.9,20.5,97.2,97.7,31.3,1.1,64.8,34.1,7.9,10.9,97.0,0.0,0.1,2.8,0.1,1.5,4.0,81.2
61110311,rural,9117.0,7.8,9.4,9.0,35.8,42.1,38.9,22.6,2.2,7.8,6.9,6.0,6.7,6.8,6.8,6.0,5.6,4.0,5.1,4.0,3.5,4.4,4.2,29.2,63.3,1.8,5.7,27.4,2.9,96.2,39.9,0.8,31.0,15.7,7.1,3.3,99.0,2.1,0.2,0.1,0.2,99.8,0.6,3.4,24.3,1.0,29.5,5.5,45.9,1.9,0.5,2.6,13.1,48.6,1.91,2023.0,17.0,11.9,2164.0,4.2,81.6,0.4,92.2,19.5,1.4,0.0,28.8,59.7,1.2,1.5,18.0,16.0,36.5,30.2,17.3,96.7,95.8,6.5,2.2,74.8,23.0,0.0,0.0,98.5,0.4,0.0,0.6,0.5,1.1,9.0,99.89999999999999
61110313,rural,5475.0,7.7,9.5,10.4,36.8,38.7,35.9,14.5,1.6,8.8,7.5,5.6,6.2,5.9,6.8,6.3,5.6,4.1,4.8,3.5,2.9,4.4,5.0,29.7,63.2,1.4,5.8,27.1,3.3,96.2,42.0,2.0,30.4,18.3,6.9,3.8,99.4,0.6,0.1,0.1,0.1,99.8,0.3,9.5,36.5,1.1,60.9,3.7,16.9,4.4,1.6,5.6,5.7,49.2,2.17,1219.0,15.600000000000001,10.8,1180.0,4.6,96.7,0.1,95.1,8.0,0.3,0.1,46.1,49.2,0.5,1.8,3.2,13.0,15.9,32.3,38.8,95.5,97.5,3.4,0.7,84.9,14.4,0.1,1.7,99.2,0.2,0.1,0.5,0.1,1.1,3.7,98.30000000000001
61110315,rural,9612.0,8.6,9.2,9.7,37.4,39.7,33.1,15.0,2.3,7.6,7.1,6.2,6.4,6.6,6.5,6.1,5.9,4.7,5.0,3.6,3.1,3.7,4.3,27.2,65.6,2.0,5.2,26.7,2.9,98.3,42.1,0.8,30.1,17.6,8.3,3.5,99.2,1.1,0.4,0.1,0.1,99.8,0.2,10.0,50.7,0.9,29.4,3.8,57.0,2.8,0.7,5.2,0.3,48.3,2.51,1962.0,15.399999999999999,10.4,2201.0,4.4,81.2,0.0,91.5,2.7,1.7,0.1,7.1,84.8,1.4,1.6,18.8,16.3,28.7,32.2,22.9,97.2,98.1,28.1,1.5,61.2,37.3,0.1,0.5,99.5,0.1,0.0,0.2,0.1,1.0,4.9,99.4
61110317,rural,4170.0,7.1,7.9,8.5,41.0,43.6,33.8,31.2,2.1,7.8,6.5,6.0,5.1,6.2,6.5,6.2,6.6,5.2,5.8,4.7,3.5,6.2,5.3,30.8,60.0,2.0,7.2,28.4,2.9,94.8,45.3,0.5,27.0,15.1,9.6,4.1,99.2,1.2,0.0,0.0,0.0,99.4,0.2,16.7,52.0,0.7,26.9,7.7,37.8,3.8,0.3,1.3,21.6,47.9,1.74,741.0,20.2,14.399999999999999,1018.0,4.1,94.6,0.4,98.0,10.3,0.9,0.1,23.4,71.5,1.9,1.7,5.0,9.1,26.9,54.8,9.1,96.1,98.1,15.9,0.7,44.9,54.4,0.0,0.2,99.2,0.0,0.0,0.7,0.1,1.1,2.3,99.8
61110319,rural,14092.0,7.6,9.2,9.6,36.2,38.4,36.7,30.0,2.5,8.3,6.9,6.2,7.0,6.7,6.4,6.4,5.5,4.4,4.7,3.3,2.8,4.7,5.0,30.1,62.3,2.1,5.5,27.6,3.0,98.7,40.8,1.6,31.6,19.0,6.4,2.9,99.2,1.8,0.1,0.2,0.0,99.8,0.2,4.8,37.7,1.0,26.9,5.4,53.4,1.2,1.3,1.2,9.7,48.5,2.36,2663.0,15.5,10.8,3108.0,4.5,85.7,0.0,95.2,2.7,1.2,0.0,14.1,73.4,0.8,1.8,14.3,16.0,32.4,36.2,15.4,96.4,93.0,24.7,2.1,62.6,35.3,0.1,0.0,91.2,0.0,0.2,8.3,0.3,1.9,10.6,99.80000000000001
61110501,rural,4256.0,8.1,9.7,10.1,49.9,55.8,45.5,9.4,1.3,9.6,8.1,5.9,6.9,6.3,5.8,4.8,4.4,4.8,4.7,3.5,2.9,4.3,4.7,29.2,65.9,0.9,4.0,26.9,4.2,92.0,56.3,0.6,28.6,10.9,2.5,1.7,99.7,0.5,0.0,0.0,0.0,99.9,0.2,8.2,44.4,0.2,48.6,2.7,20.2,25.6,0.6,1.1,1.0,48.0,2.24,1265.0,15.399999999999999,10.7,857.0,5.0,94.4,0.4,96.8,0.4,0.2,0.2,9.8,86.1,0.5,1.8,5.3,13.7,33.4,37.2,15.8,98.9,95.9,3.5,4.3,5.1,90.5,0.0,0.0,97.5,0.1,0.0,2.1,0.2,0.9,3.2,100.0
61110503,rural,19062.0,8.9,10.9,10.9,22.5,28.7,41.3,18.4,1.8,7.9,6.3,6.6,7.5,8.0,7.6,6.1,5.2,3.7,3.5,2.4,1.8,2.6,4.1,27.1,67.6,1.8,3.6,26.2,2.9,96.2,25.8,0.6,28.4,19.5,15.3,7.5,98.8,4.3,2.3,0.4,0.0,99.7,0.2,23.4,61.2,1.6,13.5,33.5,45.1,0.7,0.2,0.0,5.5,48.1,1.97,4454.0,10.3,6.800000000000001,4467.0,4.3,54.7,3.8,97.0,57.6,3.7,26.3,27.9,36.8,0.9,1.6,41.5,16.4,45.9,28.5,9.3,97.8,97.4,57.8,34.7,59.2,6.2,32.0,4.8,94.1,0.3,0.1,5.5,0.0,1.2,4.4,63.3
61110504,rural,7592.0,8.2,10.4,10.1,35.3,40.7,36.9,6.6,3.2,8.9,6.9,6.8,6.9,7.1,6.6,5.7,5.5,4.7,4.0,2.7,2.0,3.4,3.9,32.2,61.1,2.1,4.5,28.5,3.4,96.7,39.8,1.2,28.9,16.1,9.8,3.3,99.3,0.8,0.4,0.0,0.0,99.9,0.1,8.8,39.3,1.1,36.7,7.4,29.6,7.9,1.3,1.6,14.4,48.5,2.04,1868.0,12.1,8.1,1759.0,4.3,75.2,8.0,95.9,55.6,0.2,6.5,32.5,50.0,1.0,1.7,16.8,22.2,23.6,41.4,12.7,98.6,90.1,12.7,53.7,2.0,44.3,48.9,5.7,84.3,0.3,0.1,15.2,0.2,1.5,9.8,45.5
61110505,rural,11262.0,8.3,9.8,9.6,31.0,34.2,40.5,13.8,2.8,7.8,6.8,6.3,7.2,7.3,7.2,6.0,5.7,5.0,4.6,3.3,2.3,2.8,4.7,27.7,66.3,2.3,3.7,26.9,2.8,97.3,34.7,1.3,30.1,20.3,8.3,5.7,99.2,0.8,0.4,0.1,0.1,99.4,0.4,8.5,34.5,2.2,18.1,6.2,62.1,1.2,0.5,1.4,8.3,48.1,2.31,2840.0,13.0,8.399999999999999,2580.0,4.4,70.0,1.3,92.4,36.6,2.5,6.0,42.5,27.3,1.3,1.6,28.6,38.5,26.7,27.1,7.7,95.5,95.8,41.7,21.7,51.4,26.9,16.7,9.3,97.2,0.3,0.1,2.1,0.2,0.9,20.4,74.0
61170103,urban,167449.0,7.6,9.0,9.6,14.7,23.3,46.1,19.3,5.2,8.3,7.8,7.6,7.8,7.2,7.1,6.4,5.7,4.7,4.3,3.0,2.0,1.9,3.0,34.0,57.7,3.7,4.6,28.8,2.6,95.9,16.5,1.3,24.0,17.9,17.9,15.7,98.7,5.7,1.9,0.2,0.1,99.7,1.1,29.1,70.0,2.4,18.9,14.5,56.5,0.7,0.5,3.2,3.2,50.6,1.83,45920.0,11.200000000000001,6.9,44011.0,3.8,62.4,30.3,99.6,98.6,3.1,36.8,58.3,0.8,0.5,1.3,7.3,26.8,30.1,42.0,1.1,99.0,99.8,83.5,98.2,1.5,0.3,87.0,11.5,99.7,0.2,0.0,0.0,0.1,,0.4,1.5
61170105,urban,96383.0,9.5,10.4,9.5,13.0,23.3,46.6,15.1,4.2,7.3,7.3,7.8,8.9,8.3,7.3,5.8,4.9,3.7,3.5,2.6,1.6,1.5,3.1,30.0,63.9,2.8,3.3,27.0,2.6,94.7,14.6,2.3,25.3,17.2,19.0,12.9,98.5,12.4,2.6,0.1,0.1,99.3,2.0,26.8,67.5,2.5,20.5,15.5,53.9,0.7,1.0,2.5,3.2,49.4,2.2,26950.0,9.2,5.7,25918.0,3.7,64.9,28.7,99.9,94.9,1.9,32.5,59.0,1.9,0.6,1.3,6.4,39.3,54.9,5.7,0.1,98.6,99.8,86.5,95.0,0.7,4.3,63.7,32.4,99.8,0.2,0.0,0.0,0.0,,4.0,3.9000000000000004
61170107,urban,20466.0,6.8,9.0,9.1,22.6,28.9,38.3,34.4,6.0,8.3,7.2,6.6,6.6,6.3,6.6,6.6,6.4,4.8,5.5,3.7,2.8,3.6,5.1,33.3,54.7,4.6,7.4,29.3,2.7,97.0,25.2,1.4,28.1,15.1,16.2,10.3,99.6,1.9,0.6,0.1,0.1,99.9,0.0,21.8,61.3,3.3,30.0,17.4,36.0,0.5,0.5,2.5,9.8,51.2,1.2,3861.0,15.6,10.1,5381.0,3.8,63.1,23.7,98.5,98.3,0.9,0.2,92.0,0.1,1.4,1.5,13.2,13.4,43.1,40.9,2.6,96.4,99.6,45.7,97.6,2.0,0.4,38.0,53.0,99.8,0.1,0.0,0.0,0.1,,5.4,9.0
61170109,urban,74761.0,9.3,10.7,10.6,15.8,25.5,47.8,16.4,4.3,8.0,7.2,7.5,8.5,8.1,7.3,6.1,4.7,3.5,3.2,2.3,1.5,1.4,3.2,29.4,64.3,2.8,3.4,26.6,2.9,95.2,18.1,2.3,27.8,19.1,14.6,10.7,98.8,9.3,2.6,0.2,0.1,99.7,2.0,22.9,67.9,3.2,22.9,8.0,59.7,0.6,1.2,1.9,2.4,49.9,1.99,20698.0,8.4,5.199999999999999,19130.0,3.9,57.6,29.6,96.3,91.8,1.6,51.0,34.8,3.3,0.6,1.3,12.8,40.8,43.0,15.6,0.7,98.9,99.7,78.2,86.3,12.5,1.2,88.6,2.7,99.3,0.3,0.1,0.1,0.2,,8.6,8.700000000000001
61170111,urban,10894.0,7.6,8.9,9.4,28.0,31.8,41.7,27.3,4.2,8.8,7.6,6.8,6.4,6.5,6.3,6.0,5.9,5.0,4.7,3.7,2.7,3.5,4.8,32.6,58.5,3.4,5.5,28.2,2.6,97.3,31.2,1.8,29.0,16.8,10.9,9.8,99.0,1.2,0.9,0.1,0.0,99.9,0.1,16.9,61.6,1.1,51.8,19.2,20.9,1.6,1.4,2.1,1.9,49.2,2.03,2444.0,14.600000000000001,9.9,2522.0,4.3,70.2,19.9,97.5,78.9,0.7,0.6,71.4,23.3,0.6,1.6,9.9,5.0,13.3,48.6,33.1,95.7,98.4,58.6,71.2,0.1,28.7,62.4,10.2,98.8,0.2,0.0,1.0,0.0,,3.5,27.4
61170113,urban,34428.0,8.5,9.5,9.5,21.3,27.6,45.5,23.0,7.4,8.1,7.3,7.0,7.7,7.1,7.1,6.0,5.2,4.5,4.4,3.6,2.3,2.2,4.5,29.3,61.3,4.9,4.4,26.0,2.6,97.5,23.9,2.1,29.6,20.7,12.1,7.9,99.4,5.7,1.5,0.1,0.1,99.7,0.6,18.7,56.7,2.9,34.5,8.0,47.4,1.0,0.5,1.9,3.7,49.9,2.21,8729.0,12.5,8.100000000000001,9604.0,3.6,81.5,8.2,77.4,83.1,5.0,11.9,39.8,3.1,0.9,1.4,10.4,14.0,62.8,22.2,1.1,97.4,99.5,43.9,35.4,55.5,9.1,76.8,12.3,99.5,0.3,0.0,0.2,0.0,,39.4,10.899999999999999
61170501,rural,8338.0,7.7,9.1,10.0,41.0,46.0,37.1,22.5,2.6,8.5,6.3,5.0,6.0,6.5,6.3,6.4,5.3,5.4,5.2,3.9,3.3,5.1,5.4,29.3,61.5,2.2,7.0,27.7,3.1,94.6,46.2,0.6,28.6,14.9,6.7,3.2,99.5,1.3,0.2,0.0,0.0,99.9,0.2,13.4,55.2,0.5,29.2,5.2,48.7,5.7,0.9,2.2,7.6,48.3,2.38,1752.0,17.5,12.299999999999999,2014.0,4.1,89.5,0.1,94.4,60.1,1.9,0.2,36.7,58.6,1.7,1.6,10.4,11.7,12.1,23.5,52.7,89.5,96.7,13.8,0.4,39.2,60.4,0.0,0.1,96.5,0.2,0.1,2.8,0.3,1.8,0.8,99.8
61170511,rural,18081.0,8.6,9.9,10.7,40.8,45.3,35.2,17.0,1.3,8.9,6.8,6.3,6.3,6.7,6.5,6.0,4.9,4.2,4.4,3.6,2.7,3.4,5.2,30.6,63.6,0.8,5.0,27.3,3.6,92.4,46.8,1.9,29.9,12.7,6.6,3.7,99.4,0.9,0.4,0.0,0.1,99.8,0.2,10.6,47.1,1.8,26.3,5.3,43.4,6.6,0.3,0.9,15.5,47.2,2.71,3743.0,14.1,9.700000000000001,3626.0,5.0,82.3,1.1,89.1,84.7,0.4,0.0,6.4,91.8,0.4,1.8,16.6,10.2,16.1,36.6,37.1,94.1,96.7,24.8,1.1,72.6,26.2,3.0,0.6,98.1,0.0,0.1,1.8,0.0,1.3,1.0,96.30000000000001
61170513,rural,10854.0,8.8,10.6,10.6,38.3,42.1,41.1,28.5,2.0,8.8,7.6,6.3,6.9,6.6,6.3,6.1,5.1,3.6,4.2,2.9,2.5,2.9,3.7,30.5,62.9,1.6,5.0,27.0,3.7,93.4,43.8,1.4,33.4,14.9,5.3,2.9,99.0,1.0,0.1,0.0,0.1,99.9,0.3,10.2,56.7,3.0,23.2,4.6,63.3,1.3,1.2,2.3,1.0,47.1,2.64,2234.0,12.5,8.3,2278.0,4.8,95.7,0.2,95.4,79.3,0.8,0.0,14.7,81.1,0.7,1.9,4.1,16.2,15.3,31.1,37.3,95.3,97.6,11.6,1.9,46.0,52.0,0.7,0.0,99.6,0.1,0.0,0.1,0.2,0.8,2.5,99.2
61170527,rural,6141.0,8.5,10.9,11.7,39.9,44.1,40.3,14.7,1.7,9.1,6.8,5.7,6.2,6.6,6.3,5.7,5.3,4.3,3.9,2.9,2.3,3.8,4.6,28.4,65.7,1.3,4.6,27.0,3.8,96.1,46.5,1.1,30.8,15.4,5.5,3.1,99.3,0.4,0.2,0.0,0.0,99.7,0.2,14.2,54.1,0.1,42.8,4.0,34.4,8.0,0.6,2.1,7.9,48.9,2.57,1455.0,12.899999999999999,9.0,1174.0,5.2,91.1,0.0,94.8,1.3,0.3,0.0,22.8,75.8,0.9,2.0,8.9,11.8,10.7,25.9,51.6,89.2,95.1,18.2,0.1,77.1,22.8,0.0,0.1,96.8,0.7,0.7,1.3,0.5,0.3,0.2,99.9
61170529,rural,9473.0,7.9,9.5,10.5,32.8,37.0,39.3,21.1,2.1,8.3,7.6,6.9,6.7,6.9,6.2,6.1,5.6,4.4,4.6,3.4,2.6,2.9,3.5,34.7,58.8,1.8,4.7,28.6,3.1,94.5,37.3,0.9,31.4,16.0,9.3,5.4,99.2,1.9,0.8,0.0,0.1,99.6,0.8,6.9,37.0,1.3,29.1,3.2,60.1,1.1,3.2,1.3,0.8,46.9,2.25,2120.0,13.5,8.9,2306.0,4.1,85.6,0.5,94.5,51.4,3.7,0.2,52.3,37.3,1.2,1.7,13.8,7.8,40.6,37.5,14.1,96.9,98.3,21.1,2.1,37.4,60.5,6.1,0.9,98.7,0.3,0.0,0.7,0.3,1.3,5.2,93.0
61170535,rural,9315.0,8.6,10.6,10.6,42.1,45.6,38.1,21.8,1.8,8.1,6.0,5.5,5.7,6.4,6.2,5.8,5.4,4.5,5.2,3.8,3.4,4.2,5.6,27.1,64.7,1.4,6.9,27.4,3.5,96.7,48.0,1.3,30.1,13.2,5.6,4.1,99.4,0.7,0.1,0.0,0.1,99.9,0.2,4.9,29.8,3.4,54.3,4.6,19.9,8.8,0.9,0.4,7.7,48.6,2.38,1951.0,16.6,11.399999999999999,2083.0,4.5,84.9,0.0,97.0,64.1,2.4,0.0,12.1,83.8,1.2,1.9,15.1,8.7,15.6,29.1,46.6,95.5,97.2,45.7,2.3,87.0,10.7,0.4,0.2,98.7,0.2,0.1,1.0,0.1,1.6,0.4,99.4
61170805,rural,6093.0,7.5,10.0,10.8,44.4,48.4,38.4,34.0,3.1,8.9,7.2,5.4,6.0,6.1,6.7,6.2,5.6,4.3,4.8,2.9,2.9,4.6,5.1,33.8,57.3,2.8,6.0,27.5,3.7,94.6,50.7,1.0,32.4,11.2,4.9,2.1,99.5,1.0,0.5,0.0,0.0,99.7,0.3,5.4,30.0,0.4,54.0,3.7,34.6,2.3,1.5,2.8,0.7,47.3,2.14,1105.0,15.2,10.399999999999999,1540.0,4.0,89.2,0.0,90.8,0.4,0.5,0.0,7.7,88.8,2.3,1.6,10.8,10.9,12.8,18.4,57.9,93.7,96.7,3.8,1.3,59.2,39.5,0.0,0.1,97.7,0.3,0.0,1.7,0.3,2.0,0.8,100.0
61170807,rural,10733.0,8.7,10.0,10.1,37.3,39.3,40.4,19.9,2.8,8.3,6.9,6.9,7.1,7.2,6.0,6.0,5.0,4.3,4.3,3.7,2.8,2.8,4.1,31.3,62.2,2.0,4.5,27.1,3.1,97.2,42.4,1.7,33.6,15.7,6.1,3.6,99.4,1.8,0.5,0.0,0.0,99.7,0.4,6.0,41.5,1.5,17.1,2.9,67.3,6.5,0.5,1.5,2.6,46.7,1.98,2470.0,13.600000000000001,9.3,2405.0,4.5,89.8,1.2,93.1,6.6,1.2,0.3,26.8,66.8,1.0,1.8,9.0,17.8,17.8,42.5,21.9,97.0,98.3,11.1,1.7,65.0,33.3,4.7,0.2,99.3,0.0,0.0,0.5,0.1,2.2,3.9,95.10000000000001
61170809,rural,15374.0,9.0,10.5,11.1,35.2,41.2,39.4,11.9,1.4,8.6,7.8,6.5,6.8,6.6,6.3,6.0,5.2,4.0,3.8,3.0,2.3,2.6,3.6,32.0,61.2,1.6,5.2,27.2,3.4,94.6,40.6,0.6,31.0,15.7,7.9,3.5,99.3,0.9,0.1,0.0,0.1,99.9,0.1,24.3,76.8,1.7,19.6,3.9,66.9,2.8,1.7,2.8,0.6,47.5,2.05,3705.0,11.7,7.9,3140.0,4.9,85.1,0.3,93.6,7.8,0.9,0.0,7.0,84.1,0.1,1.8,14.6,12.7,28.5,49.1,9.7,96.4,98.5,53.4,1.1,22.7,76.2,0.0,0.0,99.6,0.1,0.0,0.3,0.0,1.9,7.9,100.0
61170817,rural,8863.0,8.9,9.9,10.8,36.6,40.2,40.0,21.1,2.1,8.6,7.3,6.1,5.9,6.8,6.5,6.1,5.4,4.1,4.2,3.2,2.5,3.6,4.6,31.1,61.8,1.9,5.1,27.1,3.5,97.0,42.0,1.7,34.9,13.6,6.3,3.4,99.4,1.7,0.3,0.0,0.1,99.8,0.2,7.7,31.6,1.1,52.0,3.8,38.8,2.0,1.0,1.4,0.1,47.4,2.65,1971.0,13.5,9.3,2105.0,4.2,90.2,0.2,95.0,0.8,1.1,0.1,11.3,84.6,1.3,1.6,9.6,16.5,22.4,38.7,22.4,96.6,98.6,7.1,0.8,79.6,19.7,0.3,0.1,99.1,0.4,0.0,0.3,0.2,1.8,1.6,99.6
61170819,rural,7489.0,7.7,9.5,9.8,35.8,37.7,39.3,35.7,2.8,8.2,6.3,5.1,5.6,5.8,6.0,6.7,6.2,5.3,5.1,4.1,3.5,5.1,10.7,30.9,59.1,2.5,7.5,27.0,2.8,98.1,40.2,0.8,30.8,15.2,10.7,4.7,99.6,0.7,0.3,0.0,0.0,99.9,0.3,9.0,52.7,0.4,45.1,4.1,42.2,2.8,0.4,1.7,3.3,49.2,2.23,1379.0,17.799999999999997,12.7,1808.0,4.1,80.8,0.1,97.3,3.0,1.5,0.0,11.4,82.7,0.8,1.8,19.1,8.5,13.3,45.9,32.4,88.2,84.7,3.8,2.4,42.6,55.0,0.4,0.1,97.2,0.2,0.1,2.0,0.6,1.5,3.5,99.60000000000001
61170820,rural,19963.0,9.0,10.3,10.2,32.0,37.0,43.3,21.1,2.6,8.8,7.7,7.4,7.3,7.0,6.5,6.2,5.0,4.1,3.7,2.6,1.8,2.3,3.3,31.2,62.6,2.0,4.3,26.7,3.4,95.1,36.6,1.7,33.0,16.3,8.1,3.9,99.2,8.2,1.7,0.0,0.1,99.6,0.7,21.2,81.9,2.6,21.6,5.0,62.3,1.0,1.3,1.4,4.8,48.2,2.46,4805.0,10.400000000000002,6.7,4530.0,4.4,85.4,2.8,83.9,6.7,1.0,0.1,31.2,52.6,1.7,1.6,11.8,15.5,36.4,42.4,5.7,98.2,99.0,37.4,1.6,70.4,28.0,5.9,14.4,99.1,0.0,0.1,0.3,0.5,1.1,13.4,79.7
61170821,rural,6554.0,7.7,9.6,9.8,32.3,36.0,36.9,11.2,1.6,8.0,6.5,5.5,6.0,6.7,6.7,6.7,5.6,4.8,5.2,3.8,3.1,4.3,6.5,31.1,60.7,1.4,6.8,28.5,2.9,97.8,36.4,1.8,32.7,15.5,9.6,4.5,99.2,2.8,0.3,0.0,0.0,99.8,0.4,6.9,35.3,1.3,29.2,3.6,61.2,3.3,0.2,0.7,0.6,48.5,2.7,1565.0,16.4,11.2,1525.0,4.3,91.5,0.3,97.8,2.0,0.9,0.2,15.3,77.6,1.0,1.7,8.2,11.0,18.6,31.1,39.3,95.5,97.9,9.0,3.5,34.4,62.1,0.2,0.3,97.4,0.1,0.3,1.8,0.3,1.6,5.0,99.39999999999999
61170823,rural,8420.0,8.9,10.6,10.7,39.2,43.2,39.4,29.7,1.8,8.8,7.5,5.9,6.2,6.2,6.5,5.8,4.9,4.1,4.0,3.3,2.9,3.5,4.3,31.1,62.7,1.5,4.8,27.3,3.7,95.1,44.9,0.9,33.7,14.1,5.8,2.3,99.0,1.1,0.4,0.0,0.0,99.6,0.9,5.0,41.0,0.6,34.1,4.0,32.6,4.2,1.1,14.8,8.7,47.8,2.4,1627.0,13.7,9.7,1976.0,4.3,91.2,0.3,92.2,7.6,1.1,0.0,5.0,90.2,1.2,1.8,8.6,12.6,17.4,33.0,37.0,95.5,96.5,14.3,1.3,34.6,64.2,0.4,0.5,98.9,0.5,0.0,0.4,0.3,0.8,2.4,99.10000000000001
61170925,rural,43774.0,9.0,10.4,10.3,32.7,40.1,38.6,15.8,2.0,8.7,7.5,6.7,7.2,6.9,6.7,5.9,4.8,4.0,4.0,3.0,2.3,2.5,3.6,29.6,64.6,1.7,4.1,26.4,3.2,96.3,37.2,1.0,30.1,16.8,6.9,5.1,98.4,3.3,1.6,0.0,0.0,99.7,0.8,8.4,39.9,1.7,28.0,5.8,52.6,1.9,1.0,1.7,7.5,47.6,2.5,9997.0,11.8,7.8,9788.0,4.5,84.5,1.4,92.9,77.0,3.0,0.3,27.5,68.2,0.6,1.6,14.1,13.3,24.0,43.6,19.1,97.7,98.3,57.1,4.9,78.5,16.7,13.3,5.7,98.9,0.6,0.1,0.1,0.2,0.9,0.5,80.89999999999999
61170933,rural,45264.0,9.2,10.9,10.6,26.6,33.6,44.1,18.6,5.0,8.2,7.3,6.9,7.6,7.5,7.3,6.1,5.0,3.8,3.6,2.4,1.8,1.8,4.0,29.0,63.0,3.4,4.5,26.2,2.9,96.4,30.4,1.5,32.3,19.5,8.4,4.7,98.3,6.0,1.3,0.1,0.1,99.6,1.5,10.5,48.1,3.4,31.6,4.2,47.1,0.6,1.7,2.3,9.0,49.8,2.13,11257.0,9.6,6.0,12093.0,3.7,88.8,2.4,91.7,80.8,1.3,1.4,21.1,27.2,0.6,1.6,8.8,12.3,52.7,24.1,10.9,98.3,99.0,39.3,6.0,85.8,8.1,42.7,10.6,98.2,0.5,0.2,0.9,0.2,1.1,48.5,46.7
61410181,urban,2084.0,2.9,3.7,6.3,10.8,15.8,39.4,15.3,8.1,6.4,6.3,6.1,5.8,5.6,5.6,5.9,7.3,8.4,9.1,7.4,5.1,8.0,4.7,39.4,45.2,6.2,9.2,32.9,1.7,99.2,11.6,0.6,16.3,14.9,23.3,29.1,99.4,11.2,0.9,0.0,0.1,99.0,0.8,32.6,69.7,6.1,11.9,10.4,57.6,0.8,0.0,8.3,4.8,54.5,0.65,604.0,29.6,20.5,601.0,3.5,32.1,59.3,100.0,100.0,21.7,11.9,63.9,0.2,1.7,1.2,8.7,3.3,4.8,4.2,87.6,98.5,99.8,72.5,99.8,0.2,0.0,41.1,58.9,99.8,0.2,0.0,0.0,0.0,,0.7,0.0
61810101,urban,42092.0,6.2,8.0,8.8,20.8,25.9,42.2,25.8,9.1,8.0,7.5,6.8,7.2,6.8,7.0,6.8,5.9,5.4,5.5,4.0,3.1,3.0,5.1,35.7,51.0,6.1,7.2,30.1,2.4,96.2,23.0,1.2,24.1,18.3,18.9,11.5,99.5,2.1,0.8,0.1,0.1,99.9,0.6,29.4,71.2,2.5,24.3,18.6,47.4,1.0,0.7,1.9,3.5,52.0,1.67,10131.0,15.6,10.1,11546.0,3.6,58.9,28.7,98.0,96.6,4.3,13.0,80.9,0.6,0.9,1.3,12.4,21.5,21.3,43.4,13.8,95.6,99.6,63.4,98.7,0.8,0.5,92.0,7.6,99.8,0.0,0.0,0.1,0.0,,0.3,0.4
61810103,urban,235681.0,7.0,8.8,8.7,10.6,18.5,45.3,20.0,6.0,7.5,7.5,7.4,7.8,7.5,7.1,6.1,5.7,5.1,5.4,3.8,2.5,2.3,3.6,33.7,57.3,4.3,4.7,28.8,2.4,96.2,11.7,1.8,20.9,16.6,21.3,21.0,98.7,3.7,1.5,0.2,0.1,99.4,0.7,34.4,74.8,3.7,17.6,21.6,50.2,0.7,0.6,2.4,3.3,50.7,1.67,64494.0,14.0,8.6,67491.0,3.5,62.8,29.8,99.2,98.4,10.0,33.0,55.2,0.1,0.7,1.2,7.4,26.7,35.0,30.6,7.6,99.0,99.7,87.1,96.0,3.3,0.8,88.6,9.5,99.4,0.5,0.0,0.0,0.1,,1.1,2.0
61810105,urban,30245.0,7.9,10.2,10.6,19.3,27.0,43.8,19.1,5.7,8.7,7.4,6.8,7.3,7.2,7.3,6.1,5.3,4.0,4.1,2.9,2.0,2.0,3.4,31.8,59.3,4.2,4.7,27.9,2.9,97.7,22.1,2.2,27.9,20.4,13.5,9.0,98.4,5.4,1.8,0.2,0.2,99.8,1.2,18.8,58.4,3.2,32.3,12.6,45.5,1.0,1.1,3.1,1.2,50.8,1.74,7642.0,11.0,6.9,7435.0,4.1,62.7,28.3,97.0,98.6,0.7,11.4,84.0,0.3,0.5,1.4,9.0,20.5,28.8,43.9,6.8,98.4,99.6,62.5,97.7,1.8,0.5,99.0,0.1,99.8,0.1,0.0,0.1,0.0,,3.2,0.8999999999999999
61810301,rural,38024.0,9.1,10.3,10.7,42.6,47.7,39.0,17.7,2.0,9.3,7.8,7.0,6.7,6.8,6.2,5.7,4.7,3.8,3.9,3.0,2.3,2.6,4.7,31.9,62.1,1.4,4.6,27.7,3.6,91.5,48.7,0.8,29.1,14.9,4.9,2.6,98.5,0.6,0.1,0.1,0.0,99.7,0.4,7.8,36.8,1.8,27.8,2.3,59.7,2.8,0.7,2.7,2.3,47.6,2.51,8528.0,11.799999999999999,7.9,7746.0,4.9,90.6,2.1,92.6,33.6,0.6,0.2,24.7,64.0,1.4,1.8,7.3,18.0,22.9,37.7,21.4,94.0,95.4,29.1,2.0,33.8,64.2,4.9,4.2,84.8,0.2,1.2,13.4,0.5,1.1,9.1,90.9
61810305,rural,26192.0,9.0,10.7,11.3,36.0,41.9,38.3,16.1,3.5,8.9,7.3,6.7,6.8,7.3,6.8,5.9,4.7,3.4,3.9,2.7,2.1,2.7,5.1,30.8,61.3,2.7,5.1,26.7,3.1,96.1,41.4,1.9,30.9,16.7,5.8,2.9,97.8,3.7,0.6,0.0,0.0,99.7,0.5,5.2,37.3,0.7,42.4,5.4,42.9,2.8,0.8,1.2,3.8,48.8,2.55,5813.0,11.399999999999999,7.500000000000001,5709.0,4.6,81.9,3.2,89.8,81.2,0.6,0.7,25.8,51.3,0.7,1.6,14.9,13.6,39.4,24.3,22.7,98.3,99.1,44.4,1.7,52.8,45.5,7.5,0.2,94.4,0.1,0.1,5.4,0.0,0.6,21.0,92.3
61810307,rural,20924.0,8.6,10.7,10.7,32.1,37.1,39.7,21.3,3.4,8.7,7.0,6.9,6.9,7.0,6.7,6.3,4.8,3.8,4.3,2.8,2.1,2.7,4.0,28.1,64.6,2.9,4.4,26.6,3.5,94.7,36.6,1.2,32.3,18.8,7.2,3.4,99.1,1.9,0.3,0.0,0.0,99.8,0.2,12.4,48.4,2.1,29.6,3.7,60.9,1.8,0.6,0.6,0.7,48.7,2.08,4571.0,11.899999999999999,7.6000000000000005,4645.0,4.5,89.0,1.0,90.9,90.3,3.2,1.1,15.3,69.8,1.4,1.5,10.0,23.5,28.9,26.7,21.0,96.8,97.3,42.8,4.2,37.2,58.6,13.8,0.6,95.1,0.1,0.1,4.4,0.3,1.0,9.1,85.6
61810311,rural,27039.0,8.4,10.3,10.6,38.8,42.3,41.6,21.0,4.4,9.3,7.6,6.5,6.6,6.7,6.5,6.2,5.0,4.0,4.3,2.9,2.4,2.8,5.5,33.0,57.9,3.2,5.9,26.5,3.1,96.2,44.3,1.3,31.0,17.3,5.8,2.3,98.7,1.5,0.2,0.0,0.0,99.8,0.5,7.4,38.9,1.5,26.8,4.4,60.2,2.0,0.5,0.8,3.8,48.6,1.98,6277.0,12.399999999999999,8.1,6013.0,4.5,89.9,1.9,87.9,31.3,0.6,0.0,31.7,58.2,1.0,1.7,8.2,22.0,26.9,32.0,19.1,91.8,95.1,40.5,7.9,69.0,23.1,14.1,1.4,87.2,0.4,0.7,11.2,0.4,1.0,8.5,84.5
61810311,urban,11076.0,8.5,9.7,10.5,25.6,31.5,45.7,28.7,8.0,8.7,7.4,6.8,7.3,7.5,7.2,6.4,5.0,4.4,4.0,2.8,2.0,1.9,3.8,32.7,55.9,5.3,6.0,28.9,3.0,94.2,29.3,1.5,29.6,18.7,11.6,7.2,99.6,5.4,1.6,0.2,0.1,99.8,0.7,18.3,67.8,3.9,30.0,6.4,53.3,1.7,0.5,1.8,2.4,50.8,2.41,2572.0,10.700000000000001,6.699999999999999,2782.0,4.0,60.0,31.6,96.4,96.9,0.0,4.9,94.6,0.2,0.1,1.6,8.4,22.8,30.5,46.0,0.6,97.8,99.6,66.0,97.1,2.6,0.3,88.1,9.2,99.8,0.2,0.0,0.0,0.0,,0.3,2.6999999999999997
61810501,rural,69475.0,10.3,11.2,10.6,27.0,35.6,43.8,20.5,4.4,8.5,8.0,7.6,8.1,7.8,7.0,5.6,4.3,3.0,3.0,2.0,1.6,1.5,4.6,29.0,64.3,2.9,3.8,25.8,3.1,94.4,30.8,1.7,30.7,18.7,8.8,4.6,98.5,1.8,0.8,0.0,0.0,99.7,0.8,10.5,43.4,2.3,26.4,5.8,54.8,0.8,2.1,2.2,5.5,48.5,2.43,16441.0,8.1,5.1,17360.0,4.0,75.4,16.2,96.0,82.5,0.3,7.0,70.8,19.9,1.6,1.6,8.4,24.1,47.4,19.1,9.4,97.8,98.7,49.0,43.6,44.3,12.1,54.4,2.7,98.5,0.2,0.2,0.8,0.4,1.1,0.5,42.900000000000006
61810501,urban,34280.0,9.6,11.0,10.0,19.7,29.0,42.6,16.7,4.3,7.8,7.6,7.7,8.2,8.1,7.3,5.7,4.9,3.3,3.4,2.1,1.7,1.5,3.2,27.7,65.3,2.9,4.1,25.8,3.2,95.0,22.4,2.2,27.1,21.4,12.6,7.7,98.5,3.9,1.5,0.1,0.1,99.4,0.9,15.8,54.8,2.1,20.9,8.4,61.4,0.6,0.5,2.4,3.8,48.9,2.63,8435.0,8.7,5.3,8854.0,3.9,56.6,35.2,99.7,99.5,8.1,1.8,89.2,0.0,0.7,1.5,8.2,23.8,43.6,31.5,1.1,99.1,99.8,75.9,88.7,10.7,0.6,88.6,10.6,99.9,0.1,0.0,0.0,0.0,,0.2,0.8
61810503,rural,25367.0,9.5,11.0,11.3,39.4,46.6,40.3,16.6,2.5,9.7,8.5,6.9,6.7,6.6,5.9,5.1,4.3,3.2,3.4,3.0,2.4,2.5,4.5,31.2,62.2,1.6,5.0,26.3,4.5,93.7,45.6,0.4,31.0,14.7,4.7,2.5,98.3,0.3,0.0,0.0,0.1,99.8,0.2,8.1,43.7,1.6,16.3,4.1,70.7,1.9,1.0,1.7,2.7,47.2,2.98,5814.0,11.3,7.9,5302.0,4.8,93.1,0.2,91.1,37.8,0.8,0.1,35.5,62.4,0.3,1.8,6.7,15.5,25.0,40.4,19.1,92.4,93.4,46.5,3.9,50.0,46.0,0.2,0.1,82.0,0.4,1.0,15.7,0.8,1.0,0.8,99.8
61810505,rural,27894.0,9.6,11.4,11.4,37.1,42.0,39.2,14.7,3.5,9.1,7.5,6.8,6.8,6.7,5.8,5.0,4.7,3.7,3.5,3.0,2.5,2.6,5.9,28.4,64.6,2.2,4.8,25.5,3.4,94.4,42.7,1.7,32.9,14.9,5.4,3.1,98.9,0.5,0.0,0.0,0.1,99.9,0.1,7.8,37.9,2.0,22.4,9.4,50.4,1.7,0.6,5.4,8.2,47.3,2.88,6312.0,11.6,8.1,5907.0,4.7,94.5,1.3,90.7,73.3,0.3,0.1,35.0,64.0,0.4,1.7,4.2,17.8,22.9,22.3,37.0,85.3,94.7,41.8,0.9,60.7,38.5,1.3,0.8,79.1,0.2,1.4,18.9,0.4,0.8,0.2,97.8
61810507,rural,36015.0,9.9,11.6,11.5,48.4,52.9,38.0,12.6,1.6,9.5,7.8,6.6,6.7,6.9,6.3,5.2,4.3,3.1,3.5,2.5,2.3,2.5,4.5,29.9,64.6,1.2,4.3,26.1,3.9,88.1,55.7,0.8,29.4,11.4,3.7,1.7,99.3,0.2,0.1,0.0,0.0,99.9,0.1,6.7,45.4,1.1,31.2,2.4,47.3,6.7,0.6,1.8,8.9,46.7,2.97,8018.0,10.8,7.3,7501.0,4.8,89.9,0.2,92.2,6.7,0.5,0.1,25.6,73.4,0.2,1.8,9.9,19.4,22.5,29.3,28.8,93.8,93.3,37.4,0.9,17.0,82.1,0.1,0.3,88.8,0.1,0.2,10.2,0.6,1.5,0.2,99.6
61810509,rural,25872.0,9.6,10.8,11.2,37.2,42.9,43.2,24.6,2.5,9.1,8.6,7.1,6.5,6.9,6.4,5.8,4.6,3.1,3.4,2.5,2.0,2.5,4.3,30.2,63.1,1.8,4.9,26.4,4.2,90.5,42.9,1.8,30.9,16.3,5.4,2.6,98.6,0.4,0.0,0.0,0.1,99.8,0.3,5.4,31.8,3.1,22.3,6.1,58.8,1.8,0.6,4.2,3.0,47.6,3.03,5765.0,10.4,7.0,5736.0,4.5,95.4,0.2,92.6,22.3,0.3,0.1,66.6,32.1,0.5,1.6,4.3,21.9,29.3,30.4,18.4,93.8,96.6,50.4,1.2,57.0,41.7,0.9,0.1,94.1,0.7,0.5,4.5,0.2,0.8,0.5,99.0
61810511,rural,11038.0,9.7,10.5,10.9,46.0,53.1,36.6,13.1,2.3,9.3,7.0,6.3,6.6,6.6,6.0,5.4,4.6,3.4,4.2,3.5,2.9,3.2,4.8,29.9,62.6,1.5,5.9,25.8,3.9,88.4,52.3,1.6,25.9,12.1,4.5,2.9,95.7,0.5,0.1,0.0,0.1,99.8,0.1,5.4,30.8,1.2,33.4,4.9,20.0,3.9,2.8,3.1,30.7,47.7,2.86,2421.0,13.8,9.600000000000001,2481.0,4.4,92.9,0.2,93.4,77.8,0.0,0.3,50.5,47.2,0.9,1.8,6.9,13.4,26.8,26.4,33.3,93.8,97.3,29.6,4.0,45.5,50.5,5.0,0.0,83.5,1.1,0.2,15.1,0.2,0.9,1.0,95.0
61810703,rural,35775.0,9.7,11.0,10.8,37.8,42.3,42.5,14.8,2.9,9.2,7.8,7.2,7.1,6.9,6.7,5.6,4.8,3.7,3.5,2.3,1.8,1.9,3.4,30.3,63.0,2.2,4.6,26.8,3.3,91.6,43.2,1.1,31.7,15.5,6.2,3.1,98.9,2.2,0.3,0.1,0.0,99.8,0.2,10.0,46.3,1.5,31.8,4.5,51.9,3.1,1.3,1.7,4.3,47.6,2.38,8872.0,9.5,6.0,8000.0,4.5,87.7,2.1,91.4,40.7,1.9,0.9,49.7,45.2,0.6,1.5,10.2,26.6,26.6,31.9,14.9,95.2,97.1,33.9,3.2,27.3,69.5,25.5,0.7,92.3,0.3,0.4,6.8,0.3,1.1,1.7,73.9
61810709,rural,31420.0,9.3,10.8,11.1,46.9,49.3,39.9,18.3,1.8,9.4,7.7,6.5,6.5,6.7,6.4,5.4,4.4,3.7,4.0,2.9,2.2,3.1,4.8,29.4,63.3,1.6,5.6,25.8,3.6,93.5,53.8,1.4,30.3,13.2,3.9,2.0,98.6,0.3,0.0,0.0,0.0,99.8,0.3,7.5,49.0,1.0,37.3,3.7,45.5,6.2,1.4,1.1,3.8,48.0,2.16,7050.0,12.200000000000001,8.2,6585.0,4.8,97.2,0.4,91.9,3.1,0.7,0.0,18.5,79.3,0.7,1.8,2.4,13.8,18.4,31.3,36.5,89.6,90.8,18.4,0.1,49.2,50.7,3.6,0.1,88.2,0.0,1.0,10.5,0.2,1.0,0.7,96.2
61810901,rural,14740.0,8.0,9.3,10.4,44.6,46.8,38.8,10.7,3.1,8.5,6.9,5.8,6.3,5.9,7.2,6.5,5.6,3.9,4.9,3.4,3.2,4.2,5.4,28.6,62.0,2.4,7.0,27.5,3.3,93.3,50.7,1.6,30.7,13.9,4.2,2.8,99.6,0.2,0.2,0.0,0.0,99.9,0.4,8.5,42.3,6.2,36.5,4.0,35.3,7.1,0.8,1.5,8.5,48.6,2.31,3690.0,15.7,10.8,3256.0,4.5,97.4,0.6,95.3,5.1,0.0,0.3,19.6,78.8,0.9,1.7,2.1,15.1,12.0,37.8,35.2,92.7,96.1,38.6,18.8,17.7,63.5,3.4,0.3,94.4,0.0,0.0,5.4,0.2,0.9,0.5,96.30000000000001
61810903,rural,9821.0,8.3,9.3,10.3,47.5,49.8,41.2,26.2,2.4,8.4,6.5,5.7,5.4,5.9,6.5,6.3,5.4,4.9,4.8,4.2,3.4,4.6,4.4,28.5,62.5,1.9,7.1,27.1,3.4,96.6,54.1,1.7,30.6,12.5,3.9,1.5,99.7,0.4,0.1,0.0,0.0,100.0,0.1,9.2,64.0,0.6,45.0,3.8,38.4,9.4,1.3,0.6,1.0,48.2,3.07,2150.0,17.0,12.2,2302.0,4.3,95.3,0.0,92.9,2.6,0.5,0.0,10.0,88.4,0.7,1.6,4.7,17.0,13.2,24.9,45.0,91.7,94.3,33.1,0.5,20.6,78.9,0.1,0.0,86.8,0.2,0.2,12.6,0.2,1.7,0.3,100.0
61810905,rural,26074.0,7.5,9.4,10.3,43.2,45.3,39.4,9.7,2.8,8.5,6.3,5.3,5.7,5.8,7.2,7.0,5.9,4.4,5.4,4.1,3.0,4.1,4.2,29.3,61.5,2.3,6.8,28.3,3.2,96.2,49.0,1.3,29.9,13.1,7.0,3.3,98.6,0.2,0.2,0.0,0.0,100.0,0.0,8.0,35.3,3.0,47.3,4.6,31.1,7.8,1.3,1.8,3.2,49.2,2.44,6755.0,16.6,11.2,5838.0,4.5,95.3,1.0,95.8,8.9,0.2,0.0,29.8,69.6,0.5,1.7,3.6,11.8,13.9,33.7,40.5,96.3,97.5,63.3,7.4,21.7,70.9,6.7,0.3,97.6,0.2,0.4,1.3,0.5,1.1,0.0,93.1
61810907,rural,16260.0,9.6,11.3,11.8,45.6,52.1,37.4,32.1,2.2,9.4,6.9,5.8,6.2,6.3,6.1,5.2,4.5,3.9,3.9,2.9,2.8,3.3,6.8,30.5,62.8,1.4,5.3,26.9,3.4,91.6,52.9,0.7,28.2,12.9,3.3,2.8,99.0,0.4,0.0,0.0,0.0,99.8,0.2,2.5,46.2,6.3,46.4,7.1,30.6,3.8,1.1,1.8,2.7,48.3,1.96,2775.0,12.899999999999999,9.0,3317.0,4.9,98.4,0.0,91.1,28.1,0.1,0.0,17.2,81.8,0.2,1.8,1.6,20.5,14.2,29.3,36.0,91.5,95.8,21.6,2.5,23.5,74.0,0.1,0.0,78.1,0.5,0.4,17.4,3.6,0.6,0.7,99.8
61810909,rural,12130.0,8.7,10.0,10.7,44.7,48.8,37.1,19.7,2.6,9.0,7.4,6.2,6.3,6.2,6.2,5.8,4.6,4.0,4.5,3.3,3.1,3.9,4.2,30.8,61.2,2.3,5.7,28.2,3.4,94.0,50.7,1.1,29.2,13.2,5.0,2.6,99.5,0.7,0.1,0.0,0.0,99.9,0.1,9.2,47.6,0.0,44.4,4.5,43.7,2.0,1.0,0.9,3.5,48.5,2.12,2553.0,14.8,10.3,2714.0,4.5,88.6,0.0,86.2,1.6,0.1,0.0,6.3,92.4,0.2,2.0,11.4,12.2,14.7,32.0,41.1,90.2,90.8,16.2,0.4,12.5,87.2,0.0,0.0,83.3,0.3,1.5,13.6,1.4,2.6,1.0,100.0
61810911,rural,9641.0,8.5,9.7,11.0,40.9,42.2,38.8,11.9,2.6,9.1,7.2,6.0,6.1,6.2,5.9,5.4,4.5,4.1,4.7,4.3,3.7,3.8,4.3,30.5,61.3,1.9,6.4,27.8,3.8,98.0,46.9,2.2,31.1,15.8,5.7,3.0,99.7,0.3,0.1,0.0,0.0,99.9,0.1,17.3,68.6,0.3,41.4,3.7,46.3,3.6,1.6,2.7,0.3,49.2,2.45,2338.0,16.5,11.8,2057.0,4.7,97.0,0.0,98.7,3.2,0.1,0.0,15.9,82.7,0.5,1.8,3.0,13.8,11.3,35.7,39.3,90.4,94.7,39.4,0.2,5.2,94.6,0.2,0.1,87.9,0.0,0.0,11.8,0.2,0.9,0.7,99.7
61810913,rural,6523.0,7.9,10.0,10.8,39.2,40.5,32.5,43.9,3.2,9.6,6.4,4.9,5.4,5.8,6.3,6.5,5.7,4.4,4.5,3.6,3.7,4.6,3.3,29.4,62.1,2.2,6.3,27.6,3.8,97.2,44.7,1.5,30.0,17.4,7.5,3.1,99.5,0.3,0.0,0.0,0.0,99.8,0.2,8.3,53.7,0.9,51.9,8.0,34.0,3.1,0.9,0.8,0.2,49.5,2.93,847.0,16.4,11.9,1486.0,4.4,98.4,0.1,92.0,9.4,0.5,0.0,24.8,73.4,0.3,1.8,1.5,14.6,16.8,23.2,45.4,92.7,96.2,23.0,0.7,69.5,29.7,2.1,0.2,92.3,0.1,0.1,7.4,0.1,1.2,1.0,97.7
61810913,urban,13604.0,8.4,9.9,10.6,24.2,30.1,41.0,13.9,4.7,9.1,7.6,6.6,6.8,6.2,6.7,6.5,5.8,4.5,4.2,3.0,2.2,2.0,5.5,32.8,57.6,3.4,6.2,27.4,2.8,95.2,27.4,2.1,27.7,17.3,13.0,9.9,98.6,1.1,0.4,0.0,0.0,99.9,0.5,17.1,52.5,2.5,36.9,22.1,30.3,1.8,1.4,2.7,2.3,50.2,2.02,3414.0,11.4,7.2,3414.0,4.0,70.8,18.6,97.4,95.2,2.2,0.1,94.5,0.1,0.8,1.4,10.6,12.0,38.4,45.1,4.5,97.3,99.2,75.8,82.5,12.3,5.3,68.4,17.9,99.4,0.2,0.1,0.2,0.1,,2.3,13.7
61810915,rural,11051.0,8.9,10.3,10.4,42.0,45.1,38.2,34.8,2.9,8.8,7.4,6.2,5.8,6.1,6.1,5.8,5.5,4.2,4.5,3.8,3.1,3.4,5.9,30.8,61.5,2.1,5.7,27.3,3.8,92.5,47.8,1.1,31.3,13.6,5.4,3.5,99.6,0.1,0.0,0.0,0.0,99.9,0.0,5.5,35.0,1.2,41.9,8.9,35.6,1.5,1.3,7.5,2.2,49.2,2.81,1941.0,14.8,10.3,2441.0,4.5,96.2,0.3,94.8,36.3,0.0,0.0,15.3,83.9,0.6,1.8,3.5,13.7,14.6,38.0,33.7,78.4,94.5,22.5,0.7,16.7,82.6,0.2,0.2,93.4,0.0,0.4,5.7,0.5,1.3,0.2,99.7
61810917,rural,6014.0,7.6,9.1,10.1,41.9,44.4,34.8,21.1,2.3,8.1,6.9,5.6,5.7,6.4,6.4,5.5,5.1,5.1,5.3,4.8,3.4,5.0,5.0,31.1,59.9,2.3,6.8,28.7,3.8,94.7,47.5,1.5,28.7,15.3,6.9,3.3,99.6,1.0,0.1,0.0,0.0,99.7,0.1,12.2,66.3,0.8,32.7,5.5,53.9,5.1,0.1,0.9,1.0,48.2,2.58,1207.0,18.5,13.2,1422.0,4.2,95.2,0.0,93.9,2.7,0.4,0.0,7.0,89.4,0.7,1.7,4.8,12.2,11.9,22.3,53.7,82.1,92.1,22.2,1.5,81.2,17.3,0.0,0.1,83.5,0.3,0.1,14.7,1.4,1.4,2.5,99.9
61810919,rural,25383.0,9.5,10.7,10.8,38.6,43.4,38.3,18.3,2.7,9.0,7.4,6.5,6.3,6.7,6.4,5.5,4.6,3.7,3.9,3.1,2.8,3.1,6.2,29.3,62.5,1.9,6.2,26.2,3.6,91.4,44.3,2.2,30.2,15.0,6.1,3.2,99.2,1.1,0.1,0.0,0.1,99.9,0.2,10.1,51.6,0.9,32.6,5.6,53.8,3.5,0.5,1.5,1.6,48.9,3.43,5485.0,12.9,9.0,5600.0,4.5,92.8,0.5,94.2,36.7,0.3,0.0,24.4,74.6,0.2,1.8,6.7,18.3,18.6,32.4,30.7,93.3,96.8,21.3,0.4,24.1,75.5,4.1,0.1,91.7,0.2,0.1,5.9,2.1,0.9,0.4,95.8
61810919,urban,7308.0,9.3,10.6,10.3,23.1,29.9,44.9,23.5,6.5,8.5,7.8,7.2,7.2,7.1,7.0,5.9,5.3,3.8,3.5,2.9,1.8,1.8,6.3,30.5,61.7,3.7,4.1,25.3,3.1,95.7,26.3,2.8,27.3,16.9,13.3,9.9,99.4,6.7,0.4,0.0,0.0,99.8,0.8,24.5,63.2,5.2,23.0,21.7,43.0,3.1,0.9,1.1,2.1,50.3,2.58,1749.0,10.000000000000002,6.5,1819.0,4.0,60.5,22.4,95.9,91.6,2.6,2.6,89.8,3.4,0.8,1.6,17.1,25.2,34.1,34.9,5.8,93.4,99.2,34.8,56.8,26.0,17.1,84.0,7.1,98.1,0.0,0.0,1.3,0.6,,0.8,8.9
61810921,rural,11730.0,9.4,10.8,10.8,40.6,45.5,38.8,16.2,3.3,9.6,7.8,6.8,6.3,5.9,5.7,5.7,4.9,3.6,3.9,3.2,2.5,3.1,6.6,31.0,61.8,2.0,5.1,27.9,4.2,94.8,46.7,0.5,32.1,14.3,4.1,3.5,98.1,0.5,0.4,0.0,0.0,99.5,0.4,7.9,38.6,1.0,36.3,7.4,41.6,2.7,2.0,2.2,6.8,47.8,2.23,2633.0,12.7,8.8,2378.0,4.9,94.4,0.0,93.9,28.0,0.2,0.0,10.5,88.5,0.8,1.9,5.6,21.7,21.7,27.5,29.1,87.9,93.7,34.1,0.4,23.7,75.8,0.0,0.0,89.3,0.2,0.0,10.0,0.5,1.2,0.0,100.0
61810923,rural,11490.0,8.1,9.5,10.5,49.8,56.2,34.5,11.1,1.6,8.2,5.9,5.2,6.0,6.2,6.7,6.6,5.6,4.6,5.4,4.4,3.3,3.8,6.7,28.4,62.8,1.3,7.5,26.6,3.1,93.9,56.7,0.4,25.8,12.5,3.7,1.4,98.5,0.7,0.1,0.0,0.0,100.0,0.6,6.1,43.5,0.6,47.9,4.7,38.7,4.3,1.3,2.3,0.2,49.1,2.35,2536.0,16.900000000000002,11.5,2541.0,4.5,97.3,0.1,92.9,3.8,0.4,0.0,5.9,92.9,0.4,1.7,2.6,10.9,14.3,35.8,39.0,92.7,94.3,35.5,1.8,28.9,69.3,0.0,0.0,81.6,0.7,0.2,11.4,6.1,1.0,0.4,100.0
63550101,urban,87805.0,8.9,10.0,10.0,19.1,26.5,45.1,21.6,5.0,8.2,7.8,7.3,7.7,7.2,7.3,6.2,5.2,4.3,3.9,2.7,1.6,1.6,4.9,31.4,60.8,3.6,4.1,27.3,2.8,95.5,21.5,1.7,30.9,19.6,13.4,7.9,98.7,6.2,0.8,0.0,0.1,99.7,1.4,13.4,52.3,1.7,30.4,8.3,51.0,0.4,0.7,1.8,5.6,49.8,2.24,22053.0,9.799999999999999,5.9,23054.0,3.8,82.7,11.8,97.5,59.2,0.1,15.7,40.9,0.2,0.5,1.5,5.5,20.0,42.7,35.8,1.5,98.4,99.6,49.9,55.4,31.4,13.2,72.5,10.2,99.6,0.2,0.1,0.1,0.2,,42.6,17.2
63550103,urban,29552.0,8.8,9.9,9.4,15.4,25.9,44.3,12.5,4.7,7.5,7.0,7.2,8.0,7.6,7.4,6.4,5.5,4.4,3.9,3.0,1.9,1.9,3.2,31.3,61.5,3.1,4.2,27.5,2.4,96.0,17.3,1.5,27.5,19.4,15.3,10.4,98.9,6.4,2.0,0.1,0.1,99.6,1.3,20.2,62.3,3.3,23.8,14.9,48.6,1.4,1.1,4.3,2.6,50.4,2.24,8236.0,10.700000000000001,6.800000000000001,7627.0,3.9,73.7,20.2,98.9,99.6,0.5,35.6,57.1,5.3,0.9,1.3,6.1,49.0,19.6,27.2,4.1,99.0,99.8,78.0,85.7,13.7,0.6,80.7,18.8,99.4,0.3,0.1,0.1,0.2,,0.6,0.5
63550105,urban,55942.0,8.5,10.3,10.6,16.2,23.7,45.0,17.6,3.9,8.4,7.4,6.9,7.7,7.6,7.5,6.4,5.2,4.2,3.7,2.6,1.6,1.5,2.7,30.8,63.2,2.8,3.2,27.6,2.9,94.8,18.4,2.3,26.2,19.2,16.0,12.6,99.0,9.3,2.3,0.2,0.1,99.8,1.8,26.6,66.1,4.0,24.1,14.8,49.6,0.8,0.7,2.4,3.6,49.5,1.99,14640.0,9.4,5.7,13927.0,4.0,73.6,17.3,98.1,94.9,2.1,41.3,29.4,0.9,0.4,1.5,9.0,44.6,27.2,27.8,0.4,98.4,99.7,74.9,85.8,12.2,2.0,85.4,12.6,98.9,1.0,0.1,0.0,0.0,,25.8,2.0
63550107,rural,95449.0,9.9,11.0,10.5,20.6,28.0,44.1,16.8,4.1,7.9,7.2,7.3,8.0,7.9,7.5,6.1,4.8,3.6,3.2,2.3,1.5,1.5,3.5,28.6,64.6,2.9,3.9,26.1,3.0,97.1,23.6,2.4,31.6,19.5,12.3,6.3,98.6,8.7,1.5,0.1,0.0,99.8,1.4,14.3,51.9,2.0,29.7,6.8,53.5,0.8,1.0,2.5,3.7,49.5,2.37,24017.0,8.5,5.3,24555.0,3.9,79.4,9.8,90.6,88.5,0.3,14.2,51.1,5.2,0.6,1.5,10.8,56.5,19.1,21.6,2.9,98.6,99.3,66.0,67.4,26.6,6.0,76.0,5.7,99.3,0.5,0.0,0.0,0.2,0.3,28.5,18.4
63550109,rural,75699.0,10.1,11.5,10.7,15.5,24.7,45.7,15.5,3.9,7.5,6.5,7.0,8.4,8.3,7.7,6.1,4.7,3.5,3.0,2.1,1.6,1.4,3.6,27.0,66.9,2.6,3.5,25.1,2.7,96.1,17.8,2.6,30.2,19.5,14.2,8.8,98.6,8.0,2.0,0.1,0.1,99.7,1.9,18.3,56.0,3.1,22.7,11.3,55.6,0.8,0.6,2.1,3.7,49.4,2.41,19780.0,8.1,5.1,19027.0,4.0,79.6,14.3,92.0,84.2,1.4,33.5,45.0,9.1,0.7,1.4,6.1,66.9,17.6,11.2,4.3,98.9,99.6,69.6,77.1,20.1,2.9,75.2,6.3,99.1,0.8,0.0,0.0,0.1,0.4,10.3,18.400000000000002
63710101,urban,193794.0,5.8,7.3,7.8,11.1,18.0,43.7,20.7,6.5,7.0,6.9,6.8,7.3,7.0,7.0,6.3,6.3,6.0,6.2,4.9,3.4,3.9,4.2,34.1,55.0,4.9,6.0,29.7,2.1,95.7,12.1,1.5,22.1,17.4,20.1,20.9,97.9,6.0,1.8,0.4,0.1,98.6,1.3,32.8,73.1,4.5,18.2,15.0,55.3,0.6,0.7,2.3,3.3,51.2,1.49,53032.0,18.400000000000002,12.200000000000001,54738.0,3.5,66.9,24.1,97.5,95.6,5.7,30.0,58.1,0.2,0.6,1.2,9.0,16.7,18.0,51.5,13.8,98.8,99.8,86.2,93.6,5.1,1.4,94.8,3.8,98.7,1.2,0.0,0.0,0.1,,5.4,1.4
63710103,urban,60566.0,7.8,9.7,10.1,15.7,24.4,43.8,16.6,4.7,7.6,7.2,7.2,7.9,7.6,7.5,6.8,5.4,4.3,4.0,2.9,2.0,2.0,3.7,31.8,60.8,3.1,4.3,27.9,2.5,95.0,17.8,1.3,27.4,20.1,16.8,10.0,98.6,5.3,1.5,0.1,0.0,99.7,1.5,18.6,54.0,1.7,18.1,9.7,64.1,0.4,0.7,1.8,3.4,49.8,1.88,15915.0,10.9,6.9,15533.0,3.9,70.8,20.6,92.2,95.4,0.6,40.1,52.2,0.4,1.5,1.5,8.7,62.8,23.2,11.4,2.7,99.0,99.7,89.9,94.0,5.6,0.4,79.5,8.0,99.2,0.7,0.0,0.0,0.1,,5.3,12.5
63710105,rural,28122.0,9.2,10.5,10.1,23.9,30.0,46.9,18.8,5.1,7.8,7.3,7.8,8.4,7.8,6.9,6.0,4.8,3.9,3.7,2.5,1.7,1.7,3.5,28.1,63.6,3.5,4.8,26.4,3.0,97.2,27.2,1.7,31.6,19.2,11.2,6.3,99.0,6.4,1.2,0.0,0.1,99.8,1.3,17.9,59.6,1.3,34.3,7.5,49.6,0.8,1.0,1.6,3.9,49.3,1.86,7526.0,9.6,5.9,7004.0,4.0,81.8,9.8,76.1,94.3,0.8,10.4,65.4,4.1,1.3,1.4,8.4,27.3,38.7,31.4,2.6,97.6,99.6,53.3,54.9,27.5,17.7,56.0,15.1,99.5,0.1,0.0,0.2,0.2,0.4,17.9,28.9
63710105,urban,89527.0,9.2,10.3,9.4,14.2,23.6,46.3,15.6,6.5,6.9,6.7,7.5,9.0,8.6,7.7,6.2,5.2,3.8,3.7,2.4,1.7,1.6,2.9,27.3,64.4,4.4,3.8,26.3,2.3,95.7,16.0,1.9,26.6,19.4,17.0,11.6,98.4,6.4,2.0,0.2,0.2,99.5,1.3,21.8,61.0,2.0,23.4,13.0,54.8,0.6,0.7,1.8,3.6,50.4,2.07,24844.0,9.4,5.699999999999999,24665.0,3.6,74.1,17.9,98.0,98.7,1.8,58.7,34.2,1.3,1.2,1.2,8.0,63.2,25.0,9.6,2.2,99.6,99.8,83.2,94.1,4.9,1.0,72.0,24.2,99.5,0.4,0.0,0.0,0.1,,2.8,3.9
63710107,rural,45393.0,9.8,10.7,10.3,24.3,31.3,42.3,17.7,3.2,8.1,7.4,7.4,8.1,7.5,7.2,6.2,4.4,3.6,3.7,2.2,1.7,1.7,3.4,29.1,64.4,2.5,4.0,25.6,2.9,95.0,27.5,1.3,30.0,21.1,11.5,4.8,98.6,4.1,1.3,0.1,0.0,99.7,1.4,9.7,50.2,0.7,25.7,6.4,57.3,0.8,0.6,2.8,5.8,48.9,2.22,10921.0,9.3,5.6000000000000005,11361.0,4.0,84.1,5.4,91.6,78.3,0.4,8.3,39.9,24.4,0.7,1.5,10.5,41.2,26.7,21.4,10.7,96.6,98.5,61.3,37.0,47.1,15.9,24.2,15.9,99.0,0.5,0.1,0.0,0.3,0.9,26.2,60.0
63710107,urban,52618.0,10.2,10.5,9.8,16.9,27.6,44.6,16.5,4.3,7.4,7.3,7.6,8.8,8.2,7.4,6.0,4.8,3.6,3.4,2.1,1.4,1.3,2.9,28.1,65.7,2.9,3.4,25.9,2.7,96.1,19.2,1.8,27.9,20.0,15.2,7.5,98.9,7.6,1.5,0.1,0.2,99.8,1.0,13.9,51.9,2.9,19.9,9.5,60.9,0.5,0.4,1.8,4.1,49.7,2.21,13605.0,8.200000000000001,4.8,13201.0,4.0,74.8,20.7,98.2,99.4,0.0,38.5,56.1,0.8,1.7,1.4,4.5,81.3,16.8,1.1,0.7,99.5,99.8,80.2,96.2,3.5,0.4,86.1,9.8,99.4,0.5,0.0,0.0,0.1,,2.9,4.0
63710305,rural,12972.0,8.1,9.3,9.6,26.0,31.1,40.1,21.7,3.6,8.1,7.7,6.7,6.8,6.5,6.5,6.4,5.8,4.7,4.4,3.2,2.7,3.4,4.0,33.4,58.5,2.5,5.6,26.8,2.5,96.8,29.4,1.4,28.0,21.5,11.9,6.1,98.5,3.3,1.5,0.2,0.0,99.8,1.3,8.4,48.8,1.7,27.3,10.4,58.4,0.1,0.1,0.5,1.4,48.6,2.53,2980.0,13.700000000000001,9.3,3149.0,4.1,85.8,5.2,94.1,90.6,1.2,0.3,17.2,67.6,0.6,1.6,9.1,13.5,29.5,46.0,11.1,95.8,97.4,52.2,8.5,66.5,25.0,9.7,29.7,98.6,0.3,0.1,0.7,0.3,0.5,13.0,60.6
63710307,rural,30254.0,8.8,10.0,10.6,25.6,30.7,43.0,19.6,3.9,8.4,7.6,7.0,7.4,7.2,7.3,6.0,5.2,4.1,4.0,2.8,1.9,1.8,3.6,29.9,63.3,3.0,3.9,25.0,2.9,97.6,29.4,1.4,31.8,22.0,9.8,4.4,98.7,4.6,0.9,0.1,0.0,99.8,0.9,10.4,48.0,2.0,26.5,5.3,55.2,0.7,0.9,2.8,6.6,48.8,2.36,7396.0,10.5,6.499999999999999,7614.0,4.0,80.9,8.1,83.6,97.5,0.7,8.5,38.2,33.4,1.5,1.5,11.0,29.3,39.2,22.8,8.7,96.6,98.3,57.9,35.2,52.0,12.8,54.3,1.0,99.3,0.3,0.0,0.2,0.3,0.6,17.7,44.6
63850101,urban,200084.0,9.4,9.8,9.3,14.0,23.7,51.4,10.8,4.1,7.5,7.3,8.2,9.0,8.5,7.6,6.2,5.1,3.7,3.3,2.3,1.5,1.4,2.5,29.4,65.0,2.8,2.9,26.9,2.6,95.8,15.7,2.0,24.8,17.4,15.1,17.0,97.9,13.8,2.4,0.2,0.1,98.6,1.5,29.0,66.8,4.3,19.2,8.1,64.3,0.4,0.4,1.2,2.1,49.4,2.29,65556.0,8.5,5.199999999999999,55578.0,3.6,73.4,20.7,98.4,96.9,8.1,40.7,33.6,0.2,1.6,1.2,5.9,49.7,23.6,25.7,1.1,98.1,99.7,71.4,79.7,19.1,1.3,88.1,9.0,99.0,0.8,0.0,0.0,0.1,,15.7,2.8
63850102,urban,302918.0,9.1,10.0,9.5,16.0,25.7,48.3,15.4,5.1,7.8,7.4,7.5,8.5,8.3,7.8,6.5,5.3,3.8,3.4,2.2,1.5,1.4,3.3,29.9,63.1,3.5,3.6,26.8,2.5,94.3,18.1,1.6,26.7,18.5,15.7,11.8,96.9,9.9,2.2,0.2,0.1,97.9,1.4,21.9,61.2,3.5,22.9,8.0,56.4,0.7,0.7,2.5,5.3,50.3,2.28,88274.0,8.5,5.1,82747.0,3.7,74.7,19.7,99.0,97.3,4.3,47.9,32.9,0.1,3.2,1.3,5.6,47.7,31.6,19.9,0.8,99.0,99.8,73.0,82.2,16.9,0.9,93.9,4.1,98.8,1.1,0.0,0.0,0.1,,11.6,1.9
63850103,urban,34271.0,8.6,10.5,10.0,13.2,22.7,47.9,12.9,3.9,7.2,6.3,6.7,8.7,8.2,7.8,6.1,4.8,3.8,3.8,3.1,2.3,2.1,2.5,29.9,63.6,3.0,3.5,27.6,2.5,96.8,15.0,2.2,25.2,16.9,16.1,16.9,99.0,8.5,3.0,0.2,0.3,99.3,1.5,29.1,69.1,2.3,14.1,19.7,59.3,0.3,0.6,1.4,2.4,50.1,1.93,10149.0,11.299999999999999,7.5,9008.0,3.8,66.9,11.8,96.0,92.9,11.2,42.8,25.4,1.6,0.9,1.2,21.4,29.8,48.1,19.1,3.1,99.4,100.0,84.8,59.4,35.9,4.7,78.2,18.6,98.7,1.1,0.0,0.0,0.1,,18.1,3.1999999999999997
63850105,rural,18436.0,8.3,9.8,10.0,19.7,27.7,43.7,14.7,3.0,7.8,7.2,7.3,7.4,7.3,7.5,6.3,5.6,4.1,4.0,2.8,2.1,2.5,3.9,31.1,61.7,2.4,4.8,28.0,2.6,96.2,22.3,1.3,26.2,15.7,16.3,12.9,99.2,6.5,0.7,0.1,0.0,99.9,1.2,20.7,61.2,3.1,13.2,14.0,59.4,0.8,1.1,1.7,6.6,48.7,1.5,4943.0,11.4,7.4,4630.0,4.0,83.8,7.2,97.2,92.6,5.1,11.0,41.1,27.1,2.0,1.5,9.1,25.1,26.1,32.2,16.6,98.1,98.9,60.5,34.9,58.1,7.0,68.2,20.8,99.0,0.4,0.1,0.4,0.0,1.0,13.7,10.9
63850105,urban,33185.0,9.4,10.0,10.0,16.7,26.0,47.1,18.1,4.7,7.7,6.8,7.4,8.6,8.3,7.5,6.2,4.8,3.6,3.6,2.6,1.9,1.7,4.0,28.5,64.3,3.0,4.2,26.6,2.5,96.8,18.9,1.8,28.2,19.1,13.7,11.3,98.4,8.2,2.5,0.2,0.1,99.4,1.1,22.4,58.3,1.7,24.0,7.5,59.0,0.6,1.2,2.7,3.3,49.9,2.77,9037.0,9.799999999999999,6.2,8894.0,3.7,81.3,14.0,99.5,99.9,0.7,12.4,86.5,0.1,0.4,1.3,4.7,100.0,0.0,0.0,0.0,99.4,99.8,96.8,99.7,0.2,0.1,96.9,2.8,99.7,0.3,0.0,0.0,0.0,,0.0,0.4
63850107,rural,80966.0,10.0,10.4,9.7,18.7,27.5,48.7,12.2,5.1,7.4,7.2,7.8,8.9,8.4,7.4,6.2,4.7,3.6,3.1,2.2,1.4,1.5,3.8,28.2,65.1,3.3,3.4,26.0,2.5,93.5,21.1,1.5,28.0,18.2,13.5,11.4,98.4,7.2,1.4,0.2,0.1,99.6,0.7,21.7,59.2,3.1,24.6,7.5,58.8,0.6,0.6,1.8,3.0,49.5,2.2,24263.0,8.200000000000001,5.1,22682.0,3.6,83.5,10.4,95.3,91.4,3.5,27.9,33.0,3.0,17.7,1.3,6.1,42.1,25.7,27.1,5.1,98.7,99.5,60.8,35.2,56.7,8.1,75.9,17.0,98.9,0.7,0.1,0.1,0.1,0.9,15.0,7.1
64610101,urban,33332.0,7.6,9.3,9.6,22.0,27.8,39.9,23.0,5.1,8.4,7.7,6.7,6.6,6.3,6.4,6.3,5.9,4.8,5.1,3.6,2.5,3.1,4.5,33.7,56.3,3.7,6.3,28.3,2.9,96.4,24.7,2.2,27.5,18.1,12.1,12.2,99.1,2.6,1.1,0.0,0.1,99.8,0.6,23.4,64.8,2.6,30.0,22.1,34.0,1.1,1.1,3.2,5.8,50.8,1.99,7517.0,14.299999999999999,9.2,8161.0,4.1,63.7,24.0,96.9,85.1,2.0,4.3,74.8,12.7,0.6,1.5,12.3,8.6,27.4,32.4,31.6,95.8,99.4,35.2,76.7,13.6,9.7,63.6,22.1,99.4,0.3,0.0,0.1,0.2,,5.5,14.299999999999999
64610105,urban,19434.0,7.4,9.3,10.6,31.5,35.0,37.6,20.1,4.2,8.6,7.6,7.3,6.2,6.3,6.7,6.4,5.9,4.3,4.4,3.4,2.6,3.2,5.7,32.9,58.4,2.8,5.9,28.4,3.1,97.2,36.0,1.9,30.5,17.3,7.4,7.8,99.2,1.6,0.5,0.0,0.0,99.7,0.1,14.2,52.8,2.7,32.6,14.3,30.9,1.7,1.7,5.3,10.9,52.0,1.58,4249.0,13.600000000000001,9.2,4457.0,4.4,78.0,15.9,98.9,95.8,0.3,6.4,89.9,2.2,0.3,1.6,6.1,36.3,23.8,34.6,5.3,99.2,99.6,58.9,91.1,7.9,0.9,41.0,48.5,99.5,0.2,0.1,0.2,0.0,,0.9,10.5
64610109,urban,5771.0,8.9,10.2,11.4,28.6,33.4,40.4,31.6,1.5,8.5,7.6,7.1,7.0,6.0,6.2,6.3,5.1,4.0,3.8,2.8,2.3,2.8,3.4,31.8,62.5,1.6,4.2,27.9,3.2,96.1,32.9,2.1,30.3,18.7,9.0,6.6,99.3,1.9,0.9,0.0,0.1,99.8,0.2,12.8,42.7,2.7,31.0,18.9,31.7,2.8,5.6,3.4,3.9,51.5,1.89,1107.0,11.7,7.8999999999999995,1350.0,4.3,53.7,24.3,98.3,73.9,0.1,1.9,64.8,20.0,2.7,1.6,22.0,13.1,50.1,29.8,7.0,98.1,99.0,26.3,64.6,24.1,11.3,54.8,8.5,99.9,0.1,0.0,0.0,0.0,,10.5,36.7
64610113,urban,8024.0,7.0,9.7,10.1,25.6,31.6,36.1,15.9,3.5,8.3,7.4,6.7,6.6,5.8,6.2,6.1,5.7,5.2,5.1,3.5,2.9,3.8,3.9,35.1,54.9,3.2,6.9,28.0,2.9,87.1,29.0,0.7,27.1,18.3,12.3,9.9,98.6,1.5,0.4,0.0,0.0,99.8,0.3,14.0,59.9,1.6,48.2,18.6,23.4,2.7,0.9,2.2,2.4,50.9,1.5,1779.0,15.3,10.2,1927.0,4.2,73.2,23.0,99.5,98.2,0.0,0.0,98.7,0.1,0.4,1.5,3.8,19.6,19.8,46.2,14.5,98.9,99.2,59.3,99.0,1.0,0.0,96.8,0.4,100.0,0.0,0.0,0.0,0.0,,0.9,2.8
64610115,urban,171130.0,6.9,8.4,9.2,16.7,23.8,42.4,19.9,5.4,8.2,8.4,7.4,7.0,6.6,6.9,6.4,5.9,5.0,5.0,3.5,2.6,2.7,3.9,35.2,55.9,3.8,5.1,29.1,2.5,95.5,18.6,1.5,23.3,17.5,16.7,17.3,98.5,3.9,1.1,0.1,0.1,99.2,0.9,27.6,68.6,2.5,23.2,25.6,38.9,0.7,0.9,3.9,4.3,51.2,1.73,43907.0,13.8,8.8,45185.0,3.8,65.8,25.7,99.8,99.3,6.5,20.8,71.4,0.6,0.5,1.3,8.4,30.6,21.7,39.1,8.6,99.1,99.6,81.6,98.8,0.5,0.7,82.5,16.0,99.6,0.3,0.0,0.1,0.1,,0.2,1.4
64610701,rural,3992.0,8.4,10.3,10.9,49.4,48.7,42.1,23.4,2.3,7.8,6.0,5.8,7.1,6.2,6.2,6.4,4.7,4.0,4.6,4.1,3.1,4.3,4.3,30.4,62.5,1.9,5.3,29.7,4.1,98.0,55.5,3.1,27.8,10.8,6.1,3.5,99.8,0.5,0.2,0.1,0.1,99.9,0.1,22.7,61.9,0.9,31.3,11.2,35.0,12.0,0.1,0.2,9.3,48.1,2.39,905.0,16.099999999999998,11.5,886.0,4.5,94.5,0.3,95.5,8.9,0.1,0.0,13.3,86.1,0.2,1.7,5.2,7.1,5.6,14.8,72.5,97.3,96.7,47.4,4.0,89.6,6.4,0.2,0.0,94.1,0.1,0.0,2.9,2.8,1.8,0.2,99.8
64610703,rural,12092.0,8.1,10.5,11.1,35.4,41.0,38.8,8.2,3.1,8.3,6.9,5.7,6.1,5.9,6.4,7.0,5.8,4.1,3.9,3.3,2.7,4.1,4.9,31.3,61.5,2.3,4.8,28.7,3.2,84.1,40.9,0.9,32.2,15.5,6.6,3.8,97.7,0.7,0.6,0.0,0.1,99.6,0.4,6.2,42.9,0.8,41.5,6.6,35.5,2.9,0.3,3.9,8.5,49.3,1.56,3026.0,13.999999999999998,10.1,2646.0,4.6,96.9,1.2,98.8,92.5,0.1,0.0,9.7,89.9,0.3,1.8,2.0,11.7,16.1,25.5,46.7,97.7,98.7,37.5,4.3,63.6,32.0,0.3,2.1,99.2,0.0,0.3,0.2,0.3,1.7,0.0,97.6
64610705,rural,17408.0,8.8,11.3,11.8,46.7,55.0,40.8,10.5,1.8,9.5,6.7,6.6,6.3,6.6,6.2,5.7,4.7,3.4,3.8,3.0,2.3,3.4,5.7,32.3,61.8,1.4,4.5,27.7,4.2,86.8,53.6,0.6,26.3,10.8,3.8,3.5,97.4,0.4,0.1,0.2,0.1,99.7,0.2,7.2,27.0,0.4,50.2,6.3,13.9,4.5,0.3,8.1,16.3,48.9,2.48,4327.0,12.5,8.7,3639.0,4.8,71.6,0.6,96.6,5.5,0.0,0.0,11.4,88.3,0.2,1.9,27.8,14.1,22.5,22.7,40.7,96.6,94.7,4.9,1.4,24.7,73.9,0.1,0.0,90.3,0.3,0.0,2.0,7.4,1.8,0.1,99.89999999999999
64610707,rural,10492.0,8.2,10.6,11.4,44.2,48.0,30.1,35.7,2.1,8.9,7.0,6.6,5.6,6.3,6.1,6.3,5.1,4.1,4.2,3.2,2.6,3.5,4.8,30.0,63.0,1.7,5.4,27.2,3.5,96.8,51.3,1.4,30.8,12.6,4.7,2.5,99.3,0.4,0.2,0.0,0.1,99.8,0.1,8.1,40.0,1.3,38.7,6.3,47.1,3.2,0.1,1.5,1.8,50.3,2.03,1415.0,13.5,9.3,2073.0,5.1,97.4,0.0,97.8,6.4,0.3,0.1,30.7,68.6,0.3,2.0,2.6,10.3,36.7,29.7,23.3,96.8,96.1,31.6,0.9,69.7,29.4,0.0,0.0,98.7,0.3,0.1,0.8,0.0,1.4,0.0,99.9
64610709,rural,6159.0,7.4,10.5,10.5,46.3,47.9,37.8,5.0,1.8,8.8,6.9,6.7,5.8,6.2,7.1,6.8,5.0,4.2,4.4,3.2,2.3,4.1,5.9,30.8,63.5,1.3,4.4,27.9,3.5,97.5,52.5,1.2,32.8,13.9,2.5,1.6,99.6,0.3,0.0,0.0,0.0,99.9,0.1,5.5,28.7,0.8,40.3,4.0,43.6,10.2,0.4,0.6,0.1,48.8,2.05,1582.0,14.0,9.6,1186.0,5.2,81.9,0.0,98.1,10.9,0.0,0.0,7.1,91.7,0.3,2.1,18.1,4.6,8.4,23.6,63.3,96.8,96.5,14.1,0.5,39.1,60.4,0.0,0.0,99.9,0.0,0.0,0.1,0.0,1.3,0.8,100.0
64610711,rural,5871.0,8.1,11.0,11.5,44.6,45.9,33.7,24.3,2.7,8.7,6.5,5.8,5.9,5.8,6.5,6.6,5.3,3.9,4.4,3.5,3.0,3.5,3.7,29.7,62.5,2.0,5.8,26.0,3.4,97.6,51.8,1.7,33.9,13.0,3.7,1.8,99.3,0.4,0.1,0.0,0.1,99.7,0.1,4.7,44.0,2.8,32.9,6.4,50.7,5.9,0.2,1.0,0.2,50.3,2.29,1040.0,14.4,10.0,1104.0,5.3,97.0,0.0,98.3,54.5,0.1,0.4,28.0,70.9,0.4,2.0,3.0,4.8,10.3,35.0,49.9,97.9,98.5,37.6,0.5,72.0,27.5,0.1,0.1,99.8,0.0,0.1,0.0,0.1,1.2,0.3,99.8
64610713,rural,5393.0,7.2,10.0,11.2,42.8,49.2,33.2,20.1,2.4,7.6,6.8,6.7,6.0,6.2,6.7,6.9,5.2,4.6,4.2,4.1,2.6,4.2,4.8,31.0,61.5,2.0,5.5,27.8,3.1,96.8,49.2,0.6,32.8,12.4,3.2,1.8,99.1,0.6,0.0,0.0,0.1,99.7,0.4,2.6,17.5,0.8,50.8,6.1,35.2,4.4,0.3,1.7,0.9,49.1,1.92,1024.0,15.100000000000001,10.899999999999999,1160.0,4.6,94.7,0.3,97.2,4.3,0.2,0.1,23.5,75.6,0.4,1.8,5.1,8.2,9.8,16.1,65.9,97.8,94.9,21.7,0.6,0.8,98.6,0.1,0.0,99.7,0.0,0.0,0.2,0.1,2.3,0.2,99.9
64610715,rural,2521.0,7.2,10.0,10.9,44.5,48.4,38.8,34.1,2.8,8.5,6.0,5.8,5.1,6.1,7.9,6.9,6.0,5.5,4.2,3.5,2.3,4.4,5.5,33.6,57.5,2.1,6.8,26.8,2.6,97.8,51.1,1.0,29.4,14.3,4.5,2.4,99.4,1.8,0.4,0.0,0.0,99.4,0.7,17.4,60.4,0.6,16.8,7.1,43.5,16.8,0.6,1.1,13.4,51.4,2.32,464.0,14.4,10.2,572.0,4.4,83.0,0.0,96.5,0.2,0.2,0.0,24.3,74.7,0.5,2.0,17.0,8.2,9.3,19.2,63.3,95.3,85.7,35.3,1.6,17.7,80.8,0.0,0.0,99.1,0.0,0.2,0.5,0.2,0.5,0.3,100.0
64610717,rural,11406.0,9.6,11.2,11.9,45.3,50.1,42.2,16.9,1.6,9.2,7.0,6.5,6.9,6.8,5.6,5.3,4.2,3.4,3.7,2.8,2.7,3.1,3.9,32.6,61.9,1.1,4.3,28.3,4.5,95.6,52.9,1.3,28.1,12.4,4.4,3.8,98.9,0.4,0.0,0.1,0.2,99.6,0.3,9.4,46.1,1.2,30.9,4.9,53.8,4.3,0.3,0.5,4.1,47.7,3.04,2691.0,12.299999999999999,8.6,2313.0,4.9,97.6,0.0,98.4,43.4,0.0,0.0,15.3,82.5,0.3,2.3,2.3,12.5,23.9,27.8,35.9,95.0,95.8,14.2,0.2,59.0,40.8,0.0,0.0,99.2,0.1,0.0,0.3,0.4,2.1,1.9,99.9
64610719,rural,9731.0,8.6,11.3,10.6,45.2,51.2,49.8,4.6,1.6,8.3,7.0,6.9,6.7,6.7,6.0,6.4,4.8,3.7,3.4,3.2,2.7,3.6,4.4,31.5,62.3,1.3,5.0,28.4,3.7,87.8,51.8,2.3,29.3,10.4,3.7,3.1,99.4,0.5,0.2,0.1,0.0,99.9,0.1,7.6,35.3,2.0,41.0,4.0,38.6,13.3,0.1,0.9,0.0,48.6,2.39,3207.0,12.9,9.5,1773.0,5.5,98.8,0.2,98.3,33.9,0.0,0.1,32.7,66.8,0.1,2.1,1.0,12.1,14.2,12.2,61.5,98.1,99.0,61.9,0.9,62.7,36.4,0.1,0.6,96.8,0.1,0.0,2.9,0.2,0.7,0.2,99.39999999999999
64610721,rural,4150.0,8.6,10.0,11.0,40.2,43.9,34.9,16.1,2.1,8.2,6.4,6.0,5.9,5.7,7.0,6.1,5.6,4.4,4.0,3.3,3.1,4.8,4.6,30.1,61.3,2.2,6.5,28.4,3.1,97.4,46.4,1.0,34.1,12.7,4.3,4.0,99.7,0.5,0.1,0.0,0.2,100.0,0.2,7.9,32.6,0.2,49.6,6.3,17.4,1.8,0.6,1.9,22.2,50.5,2.54,855.0,15.2,11.2,837.0,5.0,97.7,0.0,99.5,5.7,0.0,0.0,1.4,97.6,0.6,2.0,2.3,3.1,7.6,51.7,37.5,98.8,99.6,2.7,5.5,2.6,91.9,0.1,0.0,99.8,0.2,0.0,0.0,0.0,2.4,0.4,99.9
64611102,rural,8451.0,9.2,10.9,11.1,40.3,44.3,29.9,23.4,2.3,8.6,7.3,6.1,6.1,5.9,6.1,5.9,5.0,4.0,4.0,3.3,2.4,4.0,4.6,29.8,62.9,1.9,5.4,26.9,3.8,96.7,46.6,0.9,31.3,15.3,5.3,2.9,99.5,0.6,0.2,0.0,0.0,99.7,0.8,2.7,23.1,0.8,44.0,5.0,45.2,2.9,0.9,0.4,0.8,49.6,2.68,1330.0,13.7,9.7,1765.0,4.8,98.4,0.1,96.5,0.7,0.6,0.1,13.3,85.8,0.2,1.9,1.5,7.7,13.0,27.4,51.9,90.2,85.0,3.7,0.5,38.6,60.9,0.0,0.1,99.3,0.3,0.0,0.0,0.4,0.5,0.1,99.89999999999999
64611103,rural,9718.0,8.5,11.0,10.9,34.1,40.9,35.4,22.2,2.1,8.7,8.0,6.7,6.5,6.3,6.0,5.5,5.1,3.6,4.2,3.0,2.5,3.7,6.1,32.1,60.4,1.6,5.9,27.6,4.1,96.5,39.2,1.4,35.3,14.6,4.6,3.1,99.7,0.8,0.2,0.0,0.0,99.9,0.2,6.4,34.0,1.3,18.9,4.7,69.3,1.0,2.8,1.2,0.8,47.5,2.49,1861.0,13.399999999999999,9.2,2017.0,4.8,96.3,0.0,94.5,11.5,0.3,0.0,12.0,86.8,0.4,2.0,3.7,9.1,12.4,15.8,62.8,90.7,94.2,3.7,0.0,87.3,12.7,0.0,4.6,97.3,0.1,0.0,2.2,0.3,0.5,0.5,95.5
64611107,rural,7455.0,8.6,10.9,11.1,42.7,45.4,29.4,28.2,2.2,9.3,6.7,6.0,5.5,5.6,6.0,5.8,5.0,4.2,4.8,3.6,2.5,4.4,5.7,29.1,62.8,1.9,6.2,27.0,3.9,96.2,49.2,1.2,32.7,13.0,5.5,2.2,99.4,0.9,0.3,0.0,0.1,99.9,0.1,8.8,53.7,1.8,23.9,6.1,59.4,3.2,0.9,0.4,4.2,50.6,2.36,1090.0,15.3,10.5,1629.0,4.6,95.5,0.0,97.8,36.8,0.1,0.0,22.9,76.6,0.3,1.8,4.5,7.3,8.2,30.9,53.6,92.8,92.4,5.8,1.5,48.4,50.1,0.1,0.0,99.3,0.4,0.1,0.1,0.0,3.6,0.1,99.89999999999999
64611113,rural,7508.0,7.5,9.0,10.5,44.6,47.0,36.6,28.9,1.8,8.6,6.4,5.3,5.8,6.1,5.9,6.5,5.9,4.7,5.5,3.9,3.3,5.1,4.1,28.7,63.7,2.0,5.5,27.8,3.6,94.2,50.1,1.9,29.0,14.5,5.0,2.6,99.7,1.0,0.1,0.0,0.0,99.8,0.2,9.3,42.8,0.4,55.6,6.6,30.8,4.9,0.0,0.4,1.4,49.3,2.32,1428.0,17.799999999999997,12.299999999999999,1764.0,4.3,95.2,0.2,96.9,1.0,0.5,0.0,11.9,86.3,0.7,1.8,4.6,9.8,18.8,32.0,39.4,93.7,92.9,4.3,1.2,9.3,89.5,0.1,0.1,97.4,0.3,0.0,2.2,0.1,3.4,0.7,99.8
64611115,rural,12786.0,9.2,11.2,11.2,42.3,43.5,37.7,24.6,1.3,8.3,7.0,6.7,6.7,6.5,6.0,5.6,4.7,4.0,4.1,3.1,2.3,3.3,6.6,29.7,65.3,1.0,3.9,26.7,3.9,89.1,48.4,1.3,33.7,14.3,4.7,2.5,98.2,1.1,0.2,0.0,0.0,100.0,0.2,6.9,42.5,1.6,46.1,4.3,29.0,3.0,4.1,3.1,8.9,48.6,2.67,2483.0,12.8,8.7,2653.0,4.8,95.3,0.2,98.1,4.8,0.5,0.0,15.7,83.5,0.2,2.0,4.4,14.6,19.8,37.6,28.1,98.2,95.5,18.4,3.8,65.8,30.3,0.3,0.2,100.0,0.0,0.0,0.0,0.0,1.6,0.1,99.5
64611123,rural,9081.0,8.3,10.3,10.4,51.5,53.8,35.4,19.0,1.8,8.7,6.9,6.1,5.7,6.0,5.9,6.6,5.1,4.1,5.2,3.4,3.0,4.3,5.0,29.1,63.9,1.4,5.6,28.2,3.7,92.8,58.5,0.7,27.7,11.4,4.6,1.9,98.6,0.8,0.3,0.0,0.0,99.9,0.3,7.6,50.7,1.8,50.4,4.4,32.8,6.5,0.9,2.3,0.9,49.4,2.48,1848.0,15.899999999999999,10.7,2091.0,4.3,94.3,0.1,97.7,0.9,0.3,0.0,8.2,90.5,0.8,1.9,5.6,6.8,12.7,31.3,49.1,96.0,93.8,2.3,1.3,40.6,58.1,0.1,0.3,94.6,0.2,0.0,4.8,0.3,2.3,0.2,99.6
64611129,rural,13759.0,8.2,10.3,11.2,40.5,44.1,35.6,28.9,1.7,8.9,6.7,5.8,5.9,5.9,6.3,6.2,5.3,4.1,4.7,3.4,2.9,4.2,4.3,32.8,60.4,1.3,5.5,28.4,3.2,92.0,46.4,1.6,32.9,13.8,5.3,2.3,97.3,0.5,0.0,0.0,0.1,99.7,0.3,5.4,30.4,6.8,39.5,5.2,33.2,8.1,1.2,2.1,4.0,48.1,2.22,2451.0,15.2,10.5,2839.0,4.8,90.5,0.0,94.4,9.3,0.3,0.1,21.3,78.0,0.3,1.7,9.5,9.1,21.6,25.2,44.2,96.9,97.8,4.5,0.7,68.5,30.8,0.2,0.0,98.7,0.3,0.0,0.6,0.3,2.3,0.0,99.8
64611131,rural,8972.0,8.5,10.2,10.5,34.9,38.1,37.0,28.7,2.6,8.1,7.0,6.1,6.6,6.4,6.5,5.7,5.7,4.9,4.2,3.2,2.5,3.9,5.1,30.6,61.2,2.1,6.2,27.6,3.7,98.3,39.9,1.7,33.3,16.6,7.2,3.1,99.2,0.6,0.5,0.0,0.0,99.8,0.3,12.8,51.9,1.0,33.3,4.6,55.8,2.4,0.5,2.3,0.1,49.5,2.36,1677.0,13.8,9.6,1996.0,4.5,92.3,0.8,97.0,50.1,1.2,0.1,21.6,76.2,0.5,1.7,6.9,14.0,15.3,19.3,51.4,96.0,97.9,11.6,6.6,60.2,33.2,0.2,0.0,99.6,0.1,0.0,0.2,0.2,0.7,0.6,99.89999999999999
64611309,rural,11048.0,9.0,11.1,11.2,40.2,47.9,34.3,30.2,2.0,8.6,6.4,5.5,6.2,6.0,6.3,6.0,5.2,4.2,4.3,3.2,2.8,3.7,4.8,29.4,63.8,1.6,5.2,27.7,3.3,95.4,46.4,1.3,31.6,12.1,4.5,2.6,99.3,0.4,0.1,0.1,0.2,99.9,0.3,9.0,42.6,1.7,58.2,4.5,21.3,4.0,2.4,1.4,6.5,48.9,2.68,1815.0,14.0,9.7,2281.0,4.8,95.0,0.2,98.6,9.6,0.3,0.3,22.4,76.4,0.6,2.0,4.9,6.2,20.8,22.1,50.9,95.7,95.9,27.0,6.8,38.6,54.6,0.0,0.2,97.3,0.0,0.1,2.4,0.2,1.1,0.1,99.7
64611311,rural,7926.0,8.5,10.7,10.7,41.6,46.8,32.0,39.1,1.7,9.1,6.9,5.9,5.8,6.2,6.5,6.0,5.1,4.3,4.4,3.1,2.8,4.0,4.7,29.5,64.3,1.5,4.7,26.9,3.5,92.0,47.6,0.9,31.7,14.1,4.4,2.1,99.2,0.9,0.3,0.0,0.0,99.7,0.3,8.9,33.6,1.5,30.4,9.5,42.2,2.4,5.8,2.0,6.1,48.5,2.42,1081.0,14.3,9.9,1738.0,4.6,93.0,0.1,95.7,1.7,0.2,0.0,12.8,85.4,1.2,1.7,6.9,5.4,14.1,41.8,38.8,97.3,98.4,14.3,4.8,1.6,93.6,0.1,0.2,99.6,0.2,0.0,0.1,0.1,1.5,0.3,99.7
64611317,rural,7075.0,7.8,10.6,10.6,39.2,45.2,40.3,27.1,2.0,9.0,7.0,6.3,5.6,5.5,6.5,6.0,5.7,4.1,4.3,3.2,3.1,4.8,3.7,30.9,60.5,1.8,6.8,27.1,3.4,96.4,44.8,0.6,30.6,14.7,6.1,2.8,98.8,0.6,0.1,0.0,0.1,99.7,0.4,15.5,69.9,0.9,41.9,5.4,30.1,4.3,0.9,4.3,12.1,49.0,1.8,1475.0,15.399999999999999,11.100000000000001,1506.0,4.7,96.5,0.0,97.7,1.1,0.5,0.0,14.3,83.9,0.9,1.7,3.5,9.5,13.7,19.4,57.4,97.4,98.4,5.9,4.8,31.9,63.2,0.1,0.0,97.7,0.1,0.0,1.9,0.3,2.2,0.3,99.9
64611319,rural,9513.0,11.1,11.7,12.5,44.0,51.2,38.3,15.9,1.4,8.9,6.9,6.4,6.2,5.9,6.4,5.1,4.6,3.1,3.6,2.6,1.9,3.1,4.0,30.2,65.3,1.1,3.4,26.4,4.4,91.3,51.4,0.5,33.3,10.3,2.7,2.1,99.0,0.4,0.1,0.0,0.1,99.7,0.4,3.3,14.3,0.5,26.9,3.3,34.3,1.6,6.8,5.7,20.8,47.1,3.7,1981.0,11.2,7.6,1964.0,4.8,98.7,0.1,90.6,3.9,0.2,0.0,8.4,90.3,0.8,2.4,1.3,14.4,18.6,30.1,36.9,94.6,90.5,5.2,0.8,31.0,68.1,0.1,0.1,90.7,0.3,0.1,7.1,1.8,0.8,0.3,99.80000000000001
64611321,rural,12093.0,7.9,10.8,11.8,44.1,47.2,35.2,39.3,1.8,8.6,6.9,6.3,6.3,6.2,7.0,6.4,4.7,3.8,4.3,3.3,2.4,3.2,5.4,30.2,62.6,1.4,5.8,27.9,3.7,94.6,50.6,0.4,30.3,14.5,4.9,2.7,99.1,0.4,0.2,0.0,0.0,99.7,0.3,10.2,37.0,0.6,35.7,7.8,24.5,1.3,0.6,1.0,28.5,48.0,2.24,1794.0,13.2,8.899999999999999,2537.0,4.8,92.3,1.5,98.0,10.6,0.2,0.1,24.2,67.1,8.0,1.8,6.3,10.8,7.5,21.5,60.2,97.1,98.1,3.5,2.8,16.1,81.1,0.7,0.3,99.5,0.2,0.0,0.1,0.2,2.0,0.4,98.89999999999999
64611325,rural,10683.0,7.7,10.0,10.3,41.5,44.5,35.6,11.0,1.7,8.9,6.4,5.5,5.9,6.5,6.5,6.6,5.4,4.1,4.4,3.3,3.8,4.9,6.9,30.9,61.7,1.9,5.5,27.7,4.0,97.4,47.1,0.9,28.5,17.3,5.3,3.4,99.0,0.7,0.1,0.1,0.0,99.5,0.1,7.7,36.6,1.8,33.1,2.7,38.6,14.5,0.9,4.5,3.9,48.5,2.42,2443.0,16.4,12.0,2302.0,4.6,82.2,0.0,96.7,42.3,0.0,0.1,10.4,88.9,0.3,1.8,17.8,3.7,9.3,41.5,45.5,98.6,99.0,8.6,1.3,32.0,66.7,0.4,0.0,98.7,0.0,0.0,0.9,0.5,2.0,0.2,99.6
64611325,urban,3560.0,7.5,9.5,8.9,26.7,33.8,38.3,29.7,4.7,8.4,7.5,7.2,6.6,5.5,6.8,6.0,5.3,4.7,5.0,4.0,3.3,3.7,8.2,33.9,56.7,3.3,6.1,28.5,3.2,98.2,29.9,1.2,27.1,18.5,11.0,8.4,98.7,1.3,1.2,0.0,0.1,99.8,0.5,17.8,46.5,1.3,29.9,17.3,42.6,1.6,0.7,2.7,3.9,51.1,1.55,709.0,16.0,11.0,832.0,4.3,71.9,18.8,96.4,93.6,0.1,7.4,75.5,7.4,0.8,1.8,9.3,8.0,15.3,35.6,41.1,94.2,97.8,39.6,92.6,5.8,1.6,64.6,28.5,97.7,0.4,1.9,0.0,0.0,,8.8,6.8
64611327,rural,9427.0,8.2,11.0,11.7,45.9,48.5,39.9,28.1,2.4,8.9,7.1,6.3,6.0,6.2,6.8,6.1,5.0,3.8,3.9,3.3,2.2,3.5,7.7,31.0,62.3,1.8,4.9,27.7,3.9,92.7,52.9,1.8,33.4,11.2,3.0,2.1,99.7,0.2,0.1,0.0,0.0,99.9,0.1,7.3,47.4,0.4,59.3,4.3,25.7,4.2,2.0,1.4,2.7,48.0,2.66,1865.0,12.899999999999999,9.0,1916.0,4.9,96.4,0.0,96.5,14.5,0.2,0.0,22.5,76.6,0.3,2.0,3.6,14.7,15.0,22.5,47.8,97.3,97.0,3.9,0.2,62.1,37.7,0.0,0.1,99.6,0.2,0.1,0.1,0.2,1.6,0.5,99.89999999999999
64611333,rural,22357.0,9.0,11.5,11.4,35.1,42.6,31.1,38.4,1.8,9.2,7.5,6.3,6.1,6.2,6.5,5.5,4.9,4.0,4.0,2.9,2.2,3.0,5.6,33.2,59.4,2.2,5.2,27.1,3.3,94.4,40.7,1.0,30.9,15.1,6.6,3.8,99.4,0.6,0.2,0.0,0.1,99.8,0.2,7.7,33.8,1.7,30.2,8.4,29.7,1.3,10.5,1.5,16.7,49.1,1.9,2917.0,12.100000000000001,8.1,4566.0,4.9,89.9,1.3,96.0,2.1,0.6,0.0,37.6,59.6,0.5,2.0,8.8,13.5,22.4,26.6,37.5,92.2,95.1,15.0,4.3,19.5,76.2,0.5,1.8,99.0,0.1,0.0,0.4,0.5,1.0,1.7,97.7
64611505,rural,8462.0,7.1,9.0,10.9,40.9,43.4,30.6,21.2,2.3,8.7,7.2,6.5,5.8,6.1,6.3,5.5,5.7,4.7,4.7,4.1,3.3,4.3,7.8,30.6,61.7,1.7,6.0,27.4,3.5,96.7,46.7,1.3,28.9,15.6,6.3,4.4,99.0,0.7,0.1,0.1,0.0,99.7,0.4,6.7,42.5,1.1,32.9,6.7,43.2,1.8,2.8,2.3,9.2,48.4,2.24,1489.0,16.400000000000002,11.7,1906.0,4.4,97.2,0.1,98.0,85.1,0.2,0.0,6.2,92.3,0.9,1.9,2.7,5.2,9.3,37.0,48.5,94.4,97.6,23.0,1.4,43.2,55.4,1.0,0.1,99.1,0.3,0.0,0.6,0.1,1.6,0.4,98.89999999999999
64611509,rural,5103.0,6.9,9.0,9.8,38.9,41.0,34.8,20.9,3.0,8.2,6.2,5.7,5.2,6.0,6.0,7.0,6.0,4.9,5.4,5.0,3.7,4.9,4.4,29.7,61.2,2.2,6.8,28.0,3.0,98.3,43.8,1.2,33.2,14.6,6.1,3.9,99.3,1.0,0.3,0.0,0.1,99.9,0.1,7.5,39.3,0.9,42.3,7.6,40.2,3.5,0.7,1.2,3.6,50.1,2.25,1042.0,19.0,13.6,1182.0,4.3,97.4,0.2,97.8,94.2,1.4,0.0,7.8,89.6,1.1,1.7,2.5,7.5,8.5,11.2,72.9,97.8,98.5,49.5,0.8,59.3,39.9,0.0,0.0,96.9,0.0,0.0,1.4,1.8,1.7,0.1,100.0
64611511,rural,7018.0,7.5,9.7,10.0,40.4,40.7,39.9,19.9,2.0,8.1,6.3,5.9,6.1,6.7,6.8,5.5,5.6,4.9,4.8,3.7,3.2,5.1,3.1,28.8,62.3,1.8,7.2,27.8,3.3,97.1,45.6,1.9,34.6,15.0,5.1,2.7,99.7,0.8,0.4,0.0,0.1,99.9,0.5,4.7,40.8,0.1,57.3,4.0,21.8,12.1,2.2,2.0,0.4,49.0,2.41,1630.0,16.799999999999997,12.0,1515.0,4.6,93.7,0.0,97.6,56.4,0.7,0.0,11.6,86.3,1.1,1.8,6.3,5.8,9.5,23.9,60.7,96.8,98.8,13.9,0.7,62.9,36.4,0.2,0.4,99.5,0.3,0.1,0.0,0.1,2.2,0.3,99.4
64611514,rural,20120.0,8.8,10.5,10.5,36.9,41.5,38.7,18.1,1.9,8.5,7.0,6.6,6.5,6.4,6.4,5.8,5.5,4.4,4.3,3.1,2.7,3.2,5.0,29.0,63.8,1.8,5.5,26.5,3.5,91.4,42.2,1.6,32.5,15.5,5.9,3.1,98.7,0.9,0.4,0.0,0.1,99.8,0.9,5.5,33.4,0.7,30.8,5.3,51.8,4.2,0.9,3.4,3.0,47.7,2.87,4477.0,13.3,9.0,4360.0,4.6,89.4,0.0,97.5,11.9,1.0,0.0,13.1,79.3,0.9,1.9,10.5,10.3,23.8,26.7,39.1,94.8,96.8,11.1,5.1,47.6,47.3,0.0,0.3,95.2,0.3,0.1,4.2,0.2,1.2,5.6,99.7
64611515,rural,8424.0,7.5,9.1,9.7,42.5,52.0,34.2,33.3,2.1,8.4,6.6,6.0,6.0,6.3,6.3,6.2,5.4,5.0,4.9,4.2,3.6,4.9,4.9,29.4,62.1,1.6,6.8,28.6,3.3,88.3,47.6,0.6,26.7,12.2,5.6,2.8,96.9,0.7,0.1,0.0,0.1,99.8,0.3,7.8,42.0,1.6,21.1,4.5,69.8,0.5,0.7,0.2,1.6,48.1,2.11,1419.0,17.6,12.700000000000001,2090.0,4.0,97.7,0.1,97.9,68.7,0.6,0.0,18.2,78.9,0.6,1.7,2.2,4.6,7.7,38.9,48.9,94.5,97.4,18.9,1.2,55.3,43.4,0.2,0.0,98.7,0.2,0.0,0.8,0.2,2.9,1.6,99.8
64611519,rural,6396.0,8.0,9.1,10.0,40.4,42.8,34.3,49.0,2.7,8.4,6.5,5.4,5.8,5.9,6.1,6.5,6.0,4.9,5.1,4.1,3.6,4.7,5.8,30.2,61.6,1.8,6.4,28.0,3.1,96.0,45.7,1.1,31.2,15.2,5.7,4.0,99.3,0.8,0.2,0.1,0.1,99.6,0.5,6.1,45.5,1.2,42.8,9.2,34.9,7.8,1.7,1.5,0.9,49.7,3.0,817.0,17.5,12.399999999999999,1468.0,4.4,93.1,0.0,96.9,80.2,0.6,0.1,29.2,66.0,1.4,1.9,6.9,4.6,4.9,8.9,81.5,94.7,97.8,35.1,1.0,24.5,74.5,0.3,0.0,98.3,0.4,0.0,0.7,0.5,1.1,2.8,99.8
64611519,urban,2346.0,8.3,9.2,9.2,22.4,28.9,40.8,16.1,2.4,6.0,7.6,6.9,7.4,6.6,7.4,5.5,4.7,5.2,5.5,4.2,3.1,3.2,8.8,32.1,60.2,2.1,5.7,28.6,2.9,95.1,25.0,1.2,30.4,18.5,11.2,9.7,98.8,2.8,0.6,0.2,0.3,99.2,0.9,26.2,66.2,1.4,34.8,16.9,34.6,5.8,0.3,4.1,2.2,49.7,2.1,587.0,16.0,10.5,559.0,4.2,73.2,12.9,98.6,94.1,0.9,0.2,74.0,20.8,1.4,1.4,13.8,6.8,22.8,58.0,12.4,98.2,98.7,50.3,84.7,14.0,1.3,58.5,1.8,98.2,0.9,0.0,0.7,0.2,,2.7,39.699999999999996
64611525,rural,14163.0,8.1,9.9,10.6,36.6,40.4,40.3,14.4,2.9,8.9,7.1,6.3,6.5,6.6,6.3,5.8,5.5,4.4,4.5,3.4,2.6,3.4,3.6,32.0,60.9,2.2,4.9,27.9,3.6,95.8,41.9,1.0,30.9,16.6,7.4,3.6,98.9,2.0,0.6,0.0,0.1,99.9,0.7,4.6,39.9,1.0,26.6,4.2,63.9,3.2,0.4,0.0,0.7,47.0,2.34,3489.0,13.9,9.4,3062.0,4.6,90.9,1.1,96.6,60.8,1.3,0.0,14.7,82.1,1.0,1.7,8.0,11.5,12.5,28.1,47.9,95.8,98.4,15.4,5.2,85.9,8.9,4.2,1.0,97.4,0.1,0.1,1.6,0.7,2.1,0.9,94.8
64611703,rural,13098.0,9.9,12.0,13.0,52.7,55.6,39.0,36.0,2.4,9.5,7.6,5.9,5.7,6.7,6.2,5.7,4.4,3.3,2.9,2.2,2.1,2.9,3.5,26.2,68.2,1.4,4.2,24.9,4.7,84.5,61.9,0.5,29.9,11.1,1.8,1.1,98.1,0.1,0.2,0.0,0.0,99.7,0.2,2.6,21.9,2.0,24.0,3.5,57.9,4.5,0.0,2.4,5.7,48.0,2.1,2128.0,10.1,7.200000000000001,2361.0,5.5,89.7,0.0,99.4,1.3,0.3,0.0,22.3,76.7,0.4,2.3,10.3,8.0,21.5,33.1,37.4,94.9,98.8,27.7,3.0,53.6,43.4,0.0,0.0,99.5,0.0,0.3,0.0,0.2,2.3,0.4,100.0
64611707,rural,9272.0,7.8,11.0,11.8,41.3,42.5,36.5,24.9,2.7,8.3,6.5,5.4,5.4,5.7,6.1,6.1,6.2,4.8,4.4,3.3,2.8,4.5,6.1,29.3,62.8,2.1,5.9,26.0,3.6,96.6,48.1,1.8,32.1,16.6,4.4,2.6,99.0,0.5,0.2,0.0,0.0,99.8,0.4,8.2,57.4,0.5,57.2,4.4,29.3,6.2,0.5,1.1,0.9,50.0,2.26,1764.0,15.0,10.6,2114.0,4.4,97.0,0.0,97.4,22.3,0.2,0.0,17.4,80.4,1.4,1.8,3.0,11.9,16.7,33.0,38.4,95.7,98.5,26.4,3.8,84.4,11.7,0.0,0.2,97.4,0.1,0.0,2.3,0.2,0.9,0.5,99.7
64611707,urban,2913.0,9.4,10.0,11.3,25.4,31.5,40.2,15.9,5.1,8.9,7.9,7.2,6.8,5.8,6.7,5.6,5.3,4.4,3.6,3.1,2.0,2.1,4.6,29.0,64.1,3.2,3.8,26.2,3.3,97.2,29.4,3.0,30.4,18.9,9.4,6.7,99.5,2.4,0.5,0.0,0.3,99.8,0.3,22.0,68.2,4.0,48.0,17.5,17.3,4.6,1.3,4.0,3.4,51.0,2.59,681.0,10.799999999999999,7.199999999999999,721.0,4.0,57.4,30.9,96.5,73.4,0.0,17.1,65.0,4.2,0.7,1.7,11.7,21.8,13.9,51.6,12.8,93.6,99.4,32.9,82.0,16.1,1.9,51.6,23.2,99.9,0.0,0.0,0.0,0.1,,13.0,25.200000000000003
64611713,rural,9331.0,8.5,10.8,11.1,43.0,46.7,38.1,16.3,2.8,9.0,7.6,6.8,6.4,7.1,5.7,5.8,5.0,3.1,4.1,2.8,2.6,3.6,4.5,29.8,63.5,1.8,4.8,26.7,3.8,95.9,49.5,1.2,30.8,12.4,6.2,2.8,99.6,0.5,0.0,0.0,0.0,99.8,0.3,13.9,58.7,1.2,22.3,5.1,68.7,0.3,0.2,0.9,1.4,47.8,2.58,2071.0,13.1,9.0,2106.0,4.4,97.2,0.3,96.7,65.2,0.2,0.0,22.1,76.4,0.9,1.9,2.5,8.5,18.9,42.9,29.6,93.0,96.5,68.9,0.2,28.6,71.2,0.0,0.0,88.1,0.1,0.2,11.1,0.4,2.9,0.2,100.0
64611721,rural,13153.0,8.1,9.6,10.3,42.2,44.6,42.4,22.2,2.9,8.5,6.3,5.4,5.8,6.1,6.8,6.6,5.5,4.3,4.6,3.8,3.3,5.0,5.6,30.8,58.5,3.1,7.6,27.0,2.8,96.0,48.0,0.7,34.1,13.2,5.0,2.3,99.0,0.9,0.0,0.0,0.0,99.7,0.5,6.6,43.0,0.3,62.6,4.2,18.4,12.6,1.2,0.3,0.3,49.3,1.99,3128.0,16.7,12.1,2748.0,4.8,93.1,0.0,98.6,1.0,0.0,0.0,19.1,79.6,1.3,1.9,6.9,5.2,8.9,20.7,65.2,96.2,94.9,5.9,0.1,32.4,67.5,0.0,0.1,98.1,0.0,0.0,1.8,0.1,2.2,0.0,99.9
64611723,rural,8203.0,8.5,10.3,11.0,47.8,49.5,38.8,10.5,2.2,8.1,5.6,5.1,5.7,6.0,7.2,6.5,5.2,4.4,4.3,4.0,3.3,4.9,4.9,29.4,64.2,1.8,4.6,27.8,3.3,96.1,54.8,0.5,32.1,12.2,4.1,1.6,98.7,0.7,0.2,0.0,0.1,99.8,0.5,4.3,33.2,4.3,62.1,2.7,14.1,10.5,0.2,3.5,2.5,49.4,2.61,2001.0,16.5,12.2,1827.0,4.5,90.4,0.0,97.5,1.2,0.7,0.0,25.6,70.9,2.6,1.8,9.6,7.9,8.9,17.9,65.3,97.0,97.9,9.9,1.8,61.9,36.3,0.0,0.1,98.7,0.2,0.1,0.2,0.7,1.2,0.2,99.89999999999999
64611727,rural,10511.0,7.9,10.8,10.7,41.4,45.2,36.5,13.4,2.2,8.6,7.2,6.1,6.7,6.4,6.5,6.0,5.0,4.1,4.2,3.2,2.7,3.9,7.1,31.0,62.0,1.6,5.4,27.9,3.6,96.7,47.2,1.3,29.2,15.0,5.4,3.9,99.8,0.2,0.4,0.0,0.0,100.0,0.0,7.1,36.0,1.2,32.9,6.6,42.2,6.0,0.5,1.6,9.0,48.3,1.85,2342.0,14.000000000000002,9.8,2223.0,4.7,91.1,1.6,96.1,67.1,0.2,0.0,18.9,79.7,0.7,2.1,7.3,9.4,28.3,25.7,36.6,94.2,96.5,67.0,0.5,50.1,49.4,0.1,1.7,99.6,0.2,0.0,0.0,0.3,1.8,0.6,98.3
64611731,rural,11822.0,8.8,11.0,12.0,43.6,48.6,37.1,10.2,2.3,9.2,6.3,6.0,5.9,6.8,6.4,6.1,4.6,3.9,3.7,2.9,2.5,3.9,4.2,27.6,65.4,1.7,5.3,25.9,3.7,97.5,51.0,0.9,32.1,11.9,4.3,2.2,99.6,0.3,0.0,0.0,0.0,99.9,0.2,5.8,44.6,1.0,38.4,4.3,39.5,3.9,0.3,2.3,10.1,48.9,2.46,2686.0,13.0,9.3,2317.0,5.1,96.7,0.2,96.2,13.6,0.3,0.0,15.8,76.8,1.2,2.2,3.1,7.7,12.5,25.1,54.7,92.9,95.2,37.2,0.8,39.7,59.5,0.3,0.1,99.2,0.2,0.0,0.5,0.2,1.7,5.9,99.60000000000001
64670105,rural,11953.0,9.3,11.2,12.1,40.9,45.8,39.0,12.5,2.3,9.3,7.7,6.6,6.7,6.9,6.5,5.1,4.4,2.9,3.7,2.5,2.1,3.0,6.2,29.1,65.4,1.5,4.0,26.4,4.3,88.5,47.0,1.3,29.8,16.2,4.7,2.3,98.3,0.2,0.0,0.0,0.0,99.6,0.4,5.8,39.4,13.8,16.7,3.7,55.4,3.7,1.1,1.5,4.2,47.7,2.78,2752.0,11.3,7.6,2589.0,4.6,89.0,0.0,84.3,17.6,0.3,0.0,41.2,57.4,0.3,1.6,11.0,16.4,24.9,35.4,23.2,89.4,92.9,54.0,3.0,81.5,15.5,1.1,10.6,86.9,1.2,0.2,11.3,0.4,1.1,0.8,88.3
64670105,urban,9763.0,8.5,10.1,10.1,23.8,30.2,40.6,24.0,4.0,8.1,8.1,7.2,7.3,7.4,6.9,5.7,5.4,3.6,4.3,3.0,2.1,2.2,5.8,29.9,61.7,3.2,5.2,27.3,2.8,97.7,26.9,2.6,26.1,20.3,12.6,8.2,99.3,1.3,0.9,0.2,0.1,99.9,0.4,25.6,64.0,8.1,32.1,20.0,29.9,2.3,1.0,4.4,2.3,49.8,2.24,2143.0,11.600000000000001,7.3,2459.0,4.0,79.3,11.9,95.6,87.9,1.2,5.0,93.4,0.0,0.0,1.4,8.8,13.2,39.5,44.8,2.5,98.4,98.6,89.1,83.6,15.0,1.4,55.3,40.1,99.6,0.2,0.0,0.3,0.0,,0.4,4.6
64670107,urban,56116.0,7.5,9.1,9.6,21.6,28.6,43.7,20.8,6.8,8.4,7.9,7.2,7.3,6.7,6.8,6.3,5.8,4.4,4.8,3.2,2.6,2.4,4.4,32.3,57.9,4.6,5.2,27.6,2.8,95.1,24.3,1.4,26.4,19.4,12.5,11.7,98.8,2.1,0.7,0.0,0.1,99.7,0.8,23.3,63.2,3.2,29.5,22.1,34.2,1.7,1.4,3.1,4.8,50.3,1.85,14324.0,13.0,8.200000000000001,13912.0,4.0,59.9,30.3,97.6,95.8,2.7,6.4,84.6,0.4,1.3,1.5,9.8,23.7,23.3,49.2,3.7,95.9,98.8,74.6,96.8,1.5,1.7,82.8,15.3,99.7,0.1,0.1,0.0,0.1,,4.5,1.9000000000000001
64670109,urban,13915.0,8.3,9.8,10.3,20.4,27.2,38.3,12.0,5.0,8.6,7.6,6.8,7.5,6.5,6.9,6.2,5.6,4.0,4.4,2.8,2.2,2.4,4.3,31.7,61.0,3.2,4.0,28.2,3.1,95.3,23.0,2.1,28.1,15.9,13.3,13.4,99.6,1.4,0.3,0.3,0.1,99.8,1.1,16.9,60.8,3.5,26.4,30.4,25.6,1.9,0.8,4.9,6.5,50.2,2.25,3351.0,11.8,7.4,3413.0,4.1,59.3,31.6,98.7,98.7,8.7,3.6,81.0,4.6,0.9,1.4,9.2,19.4,33.5,38.5,8.6,98.2,99.6,43.1,97.3,1.3,1.4,88.4,7.7,99.8,0.0,0.0,0.2,0.0,,1.3,3.9
64670301,rural,16765.0,7.6,9.7,11.3,47.9,50.6,36.8,17.6,3.3,8.1,5.5,5.0,5.1,6.0,7.0,6.5,6.0,5.0,5.7,4.3,3.1,4.1,5.0,24.5,65.8,2.7,7.0,26.9,3.3,93.5,55.1,1.0,29.0,11.0,5.1,3.3,98.6,0.2,0.1,0.0,0.0,99.9,0.1,9.5,45.2,1.2,39.6,9.2,33.1,3.7,1.2,3.8,8.2,50.6,2.4,3624.0,17.2,11.5,4000.0,4.2,90.6,0.5,97.5,11.2,0.3,0.8,11.1,86.7,0.6,1.6,8.9,5.3,11.3,35.9,47.5,91.5,95.7,58.2,2.0,61.4,36.7,0.6,0.0,95.3,0.0,0.0,3.7,1.0,0.8,0.6,99.4
64670303,rural,12794.0,7.6,10.1,12.0,48.4,51.1,36.8,4.5,1.8,9.2,6.0,5.6,5.3,5.4,5.9,6.4,5.6,4.4,5.2,4.2,2.9,4.5,4.0,29.2,63.3,1.1,6.4,27.8,4.1,94.4,56.4,1.5,28.8,12.2,3.5,2.8,98.5,0.2,0.0,0.0,0.0,99.9,0.1,9.3,44.5,0.4,34.9,4.2,53.2,4.0,2.3,0.8,0.3,48.5,1.65,3162.0,16.8,11.6,2850.0,4.5,95.5,0.0,98.0,3.7,0.0,0.0,6.7,92.9,0.3,1.8,4.5,5.6,6.4,17.9,70.1,95.2,98.5,43.6,1.7,82.8,15.6,0.0,0.0,96.0,0.0,0.0,3.3,0.7,1.7,0.1,100.0
64670309,rural,5249.0,8.0,10.6,11.4,55.5,55.8,22.7,14.2,3.2,9.3,7.1,6.2,6.1,5.6,5.6,5.3,5.3,4.0,4.7,3.6,3.5,3.5,4.6,32.0,59.3,2.3,6.4,27.8,3.8,89.1,62.9,0.8,25.4,11.7,3.9,2.4,99.0,0.2,0.0,0.0,0.1,99.9,0.3,7.6,36.4,0.7,45.7,7.6,15.4,4.8,2.8,3.5,19.6,47.3,2.5,714.0,15.3,10.6,1104.0,4.8,96.5,0.0,95.0,13.1,0.4,0.0,7.1,92.1,0.4,1.9,3.5,6.0,9.9,37.2,46.9,91.4,93.8,62.7,2.5,24.5,73.0,0.4,0.8,81.3,0.3,0.4,17.9,0.2,2.2,0.1,98.8
64670317,rural,9953.0,8.1,10.2,11.4,48.6,48.5,39.4,3.6,2.0,8.6,5.3,5.3,4.7,6.2,6.6,6.3,5.8,4.7,5.4,3.9,3.4,4.3,4.8,26.4,64.4,1.4,7.8,27.9,3.6,96.0,56.0,0.8,28.5,15.7,3.2,3.3,98.8,0.3,0.1,0.0,0.0,99.9,0.0,6.4,43.4,2.0,33.9,3.8,36.2,15.4,0.8,5.3,2.7,50.0,2.41,2657.0,17.0,11.6,2181.0,4.6,97.6,0.0,97.4,1.7,0.0,0.0,10.9,88.8,0.0,1.6,2.4,5.3,9.2,27.2,58.4,92.3,96.8,59.2,1.9,58.5,39.6,0.0,0.0,99.8,0.0,0.0,0.2,0.0,0.8,0.3,100.0
64670319,rural,11195.0,7.1,9.8,10.2,48.9,51.0,33.3,18.8,2.9,8.4,5.8,5.0,5.1,5.7,6.7,6.6,5.7,4.9,5.6,4.3,3.7,5.3,7.0,28.2,61.0,2.1,8.7,27.3,2.9,88.9,55.6,0.6,28.6,13.5,3.2,3.2,98.4,0.4,0.1,0.0,0.1,99.9,0.0,12.0,49.7,0.6,25.0,4.0,57.7,4.3,2.0,1.7,4.8,50.9,1.9,2205.0,18.9,13.3,2652.0,4.2,95.7,0.0,98.3,17.7,0.3,0.2,8.9,89.9,0.5,1.8,4.3,9.4,19.7,26.6,44.4,89.7,97.0,58.8,1.5,49.0,49.5,0.5,0.0,98.6,0.2,0.2,0.7,0.3,1.8,0.2,99.5
64670319,urban,6290.0,8.6,10.2,10.4,24.1,30.5,41.0,20.6,2.9,8.6,7.5,7.2,7.1,6.6,6.1,6.2,5.8,3.6,4.3,3.0,2.3,2.4,4.2,30.0,63.8,1.9,4.3,26.9,3.1,98.9,27.6,1.3,27.8,17.6,11.7,11.1,99.6,1.4,0.3,0.0,0.0,99.8,0.2,25.1,68.8,1.2,33.1,26.9,31.6,2.5,0.8,0.8,3.2,49.9,1.93,1451.0,12.0,7.699999999999999,1539.0,4.1,56.4,30.3,99.2,99.7,2.0,2.5,91.5,2.3,0.7,1.4,13.3,16.1,25.9,56.8,1.2,99.2,99.8,88.7,94.5,4.7,0.8,45.6,51.3,99.8,0.0,0.0,0.2,0.0,,1.1,3.1999999999999997
64670325,rural,9199.0,7.4,9.7,10.1,47.3,50.4,34.7,15.2,3.3,8.5,6.3,5.0,5.0,5.8,6.5,6.4,5.7,4.6,5.1,4.4,3.9,5.5,4.9,29.3,60.2,2.5,8.1,27.3,3.1,96.8,53.7,1.1,27.8,13.0,4.4,3.3,98.4,0.2,0.1,0.0,0.0,99.8,0.2,9.2,39.1,1.0,55.0,6.7,27.0,4.7,1.1,3.3,1.2,51.2,2.49,1970.0,18.9,13.8,2127.0,4.3,95.3,0.8,98.2,7.2,0.2,0.0,10.7,88.3,0.5,1.6,3.9,7.1,20.5,36.6,35.8,96.4,98.2,49.6,0.7,38.2,61.1,0.8,1.3,99.6,0.0,0.0,0.2,0.2,1.2,0.2,98.0
64670331,rural,5962.0,7.5,9.7,10.8,51.7,53.7,31.7,20.6,1.7,7.9,5.3,5.2,5.5,5.7,6.0,5.5,5.7,4.9,5.7,4.7,3.8,6.2,6.9,26.3,65.1,1.4,7.2,27.6,3.7,96.3,59.2,1.5,25.6,11.2,4.5,3.5,99.7,0.3,0.2,0.0,0.0,99.8,0.2,13.8,51.4,0.4,57.3,8.3,26.9,4.7,1.6,0.8,0.0,51.6,2.48,1081.0,20.4,14.7,1367.0,4.4,96.8,0.1,92.1,1.5,0.1,0.0,2.2,97.3,0.1,1.7,3.1,4.1,6.0,16.6,73.3,90.4,96.3,90.6,0.4,56.3,43.3,0.2,0.0,85.2,0.1,0.2,14.3,0.2,1.4,0.2,99.8
64670511,rural,15512.0,9.6,11.2,11.5,42.8,48.3,39.4,17.8,3.1,9.0,7.3,6.4,6.5,5.6,5.8,5.3,4.2,3.4,4.2,3.1,2.9,4.0,6.3,30.6,61.2,2.2,6.1,26.8,3.6,92.5,49.5,0.6,29.8,13.3,4.6,3.3,97.2,0.3,0.1,0.0,0.0,99.9,0.2,4.6,27.1,3.0,42.6,7.3,23.7,4.6,2.3,5.1,11.4,48.7,3.48,3403.0,14.200000000000001,10.0,3289.0,4.7,93.4,0.0,97.0,86.9,0.3,0.0,25.3,73.8,0.5,1.8,6.6,7.6,13.1,22.6,56.7,95.9,97.7,71.8,1.2,84.7,14.1,0.5,0.0,98.1,0.2,0.0,1.2,0.6,1.5,0.1,99.5
64670513,rural,12409.0,9.5,11.7,11.8,42.2,47.7,34.8,35.9,4.2,9.6,7.5,6.2,5.9,5.7,5.8,5.0,4.6,3.5,3.9,3.3,2.7,3.2,5.2,31.5,60.3,2.7,5.6,25.3,4.3,89.7,48.7,1.7,28.0,15.0,4.9,2.8,98.9,0.1,0.0,0.0,0.0,99.8,0.2,5.1,31.1,1.5,45.7,5.9,20.7,1.3,2.0,12.1,10.8,48.0,3.68,1857.0,13.099999999999998,9.2,2640.0,4.7,95.9,0.0,93.6,33.7,0.1,0.0,24.1,75.7,0.1,2.0,4.1,10.8,16.1,29.6,43.5,88.2,94.1,57.4,1.5,21.5,77.0,1.0,0.0,98.7,0.4,0.0,0.0,0.8,1.1,0.0,99.0
64670513,urban,1850.0,7.8,10.4,12.2,38.8,40.0,22.0,31.8,3.6,11.1,7.7,5.4,5.1,6.6,6.6,6.3,6.3,4.3,2.7,2.1,1.8,3.5,4.1,34.7,58.0,2.4,4.9,26.8,3.8,97.2,45.2,3.1,24.4,16.3,9.2,7.0,99.5,0.1,0.1,0.0,0.2,98.9,1.5,13.3,74.1,2.1,32.6,18.7,27.5,2.6,0.5,1.6,14.5,51.1,2.9,193.0,10.100000000000001,7.4,414.0,4.5,91.1,4.6,98.8,99.8,0.2,0.0,84.1,14.7,0.5,1.8,4.3,7.5,40.1,50.7,1.7,93.0,98.8,58.9,30.9,68.6,0.5,3.4,54.1,99.3,0.5,0.0,0.0,0.2,,0.5,42.5
64670515,rural,13997.0,8.2,10.0,9.9,39.8,44.1,32.3,31.1,4.9,9.0,7.4,6.1,6.1,6.1,6.0,6.2,5.4,4.3,4.5,3.7,3.3,3.8,6.1,32.0,58.2,3.3,6.5,28.4,3.4,98.4,44.8,1.0,30.0,15.3,5.2,4.3,98.7,0.3,0.1,0.0,0.0,99.9,0.1,4.2,28.6,0.7,32.5,7.6,39.8,2.9,7.7,3.2,5.6,49.3,1.3,2239.0,15.3,10.8,3220.0,4.3,91.5,0.0,94.3,2.8,0.6,0.2,20.7,78.1,0.2,1.8,8.5,12.4,19.3,31.4,36.9,93.0,96.8,36.0,1.5,73.3,25.1,0.0,0.0,94.0,0.3,0.0,5.3,0.4,0.5,0.2,100.0
64670529,rural,9869.0,8.3,10.3,11.2,43.3,45.1,37.2,17.1,3.4,10.0,7.2,6.4,5.4,6.0,5.8,5.5,4.9,4.2,4.5,3.2,2.9,4.2,9.3,32.5,57.3,3.1,7.2,25.0,3.9,93.7,49.9,0.7,29.5,16.7,4.4,3.7,97.4,0.4,0.3,0.1,0.1,100.0,0.0,5.2,38.9,1.1,41.7,5.8,41.0,5.9,1.6,0.0,2.8,49.1,2.25,2140.0,14.8,10.3,2130.0,4.6,97.8,0.0,98.1,87.0,0.0,0.0,16.8,82.9,0.1,1.7,2.2,4.0,11.3,26.7,58.0,95.6,99.6,85.2,2.7,63.6,33.7,0.6,0.0,100.0,0.0,0.0,0.0,0.0,2.4,0.1,99.39999999999999
64670529,urban,2189.0,9.1,10.4,11.6,19.2,28.2,40.9,9.6,3.0,9.8,8.7,8.4,6.9,6.3,6.5,6.2,4.9,3.4,3.0,1.8,1.5,1.5,1.1,34.4,60.1,2.1,3.4,27.4,3.4,96.2,22.4,1.6,27.7,18.3,10.0,14.3,98.7,0.5,0.4,0.0,0.0,99.1,0.4,26.8,72.3,2.3,27.2,35.7,26.3,1.6,0.9,3.9,2.0,49.8,3.29,558.0,7.8,4.8,520.0,4.2,46.0,34.2,99.6,99.6,0.8,1.9,94.2,2.7,0.2,1.5,19.8,14.6,41.9,42.9,0.6,99.4,99.8,83.1,92.3,7.3,0.4,86.3,0.2,100.0,0.0,0.0,0.0,0.0,,0.2,13.5
64670535,rural,9043.0,7.6,10.0,10.7,46.1,49.8,36.0,20.9,3.4,8.7,7.5,6.7,6.0,5.8,6.0,5.1,4.6,4.1,5.2,4.1,3.6,4.2,10.3,31.8,59.7,1.9,6.5,28.5,3.6,96.8,52.6,1.1,26.9,14.0,5.9,2.3,99.5,0.3,0.0,0.0,0.0,99.9,0.1,5.1,29.5,0.6,31.2,6.4,56.0,3.1,0.0,1.3,1.5,47.0,2.83,1847.0,17.1,11.899999999999999,2076.0,4.4,97.7,0.0,93.0,1.9,0.0,0.0,9.9,90.1,0.0,1.7,2.3,10.3,8.4,21.9,59.4,93.2,94.8,69.4,2.2,64.0,33.8,0.0,0.2,95.5,0.3,0.0,3.9,0.3,1.8,0.0,99.80000000000001
64670705,rural,23637.0,8.2,10.7,10.7,44.8,47.0,38.8,32.5,3.6,9.1,7.3,6.2,6.1,6.6,6.3,5.8,4.9,4.1,5.0,2.9,2.9,3.3,5.4,32.0,59.6,2.4,6.0,27.9,3.4,95.7,51.2,1.5,27.7,15.6,4.8,3.4,98.9,0.1,0.1,0.0,0.0,99.7,0.2,8.3,42.8,0.4,40.6,3.5,46.2,5.2,0.4,1.0,2.7,48.2,1.79,4366.0,14.100000000000001,9.1,4993.0,4.7,92.8,0.7,95.0,10.4,0.0,0.0,18.7,78.8,0.6,2.0,6.5,11.0,20.7,32.7,35.6,77.2,94.7,24.5,5.2,8.4,86.4,0.0,0.0,95.6,0.3,0.3,1.7,2.2,1.5,1.8,100.0
64670707,rural,21071.0,9.8,11.8,11.6,45.9,53.2,40.1,33.7,2.2,9.2,7.5,6.6,6.4,6.0,5.5,5.6,4.0,3.0,4.2,3.1,3.0,2.7,4.9,31.9,60.9,1.5,5.6,26.9,4.0,92.8,53.4,0.6,28.8,11.3,3.6,2.6,98.0,0.2,0.1,0.0,0.1,99.9,0.2,4.4,29.7,0.6,49.7,5.5,34.6,3.5,1.9,1.4,2.8,47.1,2.68,3733.0,13.0,8.8,4503.0,4.7,98.6,0.0,80.8,2.5,0.0,0.0,11.0,88.5,0.3,1.9,1.4,13.5,21.3,33.5,31.7,86.6,92.0,48.9,0.7,63.1,36.2,0.0,0.1,90.5,0.1,0.0,8.2,1.2,2.0,0.2,99.89999999999999
64670721,rural,18928.0,8.0,10.5,10.9,36.3,39.5,39.5,26.4,3.8,9.6,8.2,6.5,6.4,6.1,6.3,5.9,5.0,4.0,4.3,3.0,2.5,2.9,5.0,34.5,56.8,2.3,6.3,28.4,3.4,95.7,41.5,1.4,32.5,18.2,4.7,3.6,98.7,0.3,0.2,0.0,0.1,99.9,0.2,8.2,36.8,0.8,31.1,5.7,53.3,5.1,1.9,1.6,0.5,47.9,2.51,3892.0,12.700000000000001,8.4,4040.0,4.7,84.5,2.9,95.2,17.0,0.4,0.0,25.3,72.6,0.8,1.7,12.6,12.0,21.9,40.9,25.2,86.2,94.6,52.1,16.1,66.4,17.5,14.4,0.0,93.0,0.2,0.1,6.5,0.2,1.2,0.9,85.7
64670723,rural,15770.0,7.9,10.0,10.7,40.5,43.8,36.6,16.0,4.7,8.8,6.5,5.9,5.9,6.2,6.7,6.3,5.8,4.4,4.9,3.8,3.0,3.2,4.5,29.9,61.2,3.4,5.5,26.8,3.1,94.4,46.3,1.0,30.2,16.5,4.9,3.7,99.3,0.2,0.0,0.0,0.1,99.6,0.4,9.1,52.7,1.3,36.6,4.2,43.4,6.6,0.6,2.9,4.6,49.7,2.37,3467.0,14.899999999999999,10.0,3450.0,4.6,92.0,0.5,96.8,24.5,0.1,0.0,37.0,61.7,0.4,1.7,7.5,11.7,21.5,41.7,25.1,94.8,96.8,76.3,1.5,52.7,45.8,0.2,0.0,91.7,6.4,0.2,1.1,0.6,1.1,0.8,99.7
64670727,rural,8773.0,7.7,10.0,10.1,45.2,48.3,34.6,37.7,3.8,7.9,6.4,5.5,5.8,6.0,6.0,6.0,5.2,4.1,5.0,4.4,4.2,5.7,5.6,25.7,64.3,2.8,7.3,26.7,3.9,89.2,51.1,1.8,29.9,12.9,4.0,3.2,99.4,0.4,0.1,0.0,0.0,99.9,0.1,7.4,35.7,2.1,26.5,10.7,51.1,3.7,0.3,4.9,0.5,50.0,2.35,1366.0,19.3,14.3,2161.0,4.1,95.4,0.4,95.3,3.3,0.0,0.6,20.6,78.5,0.3,1.5,4.2,12.0,16.8,31.4,39.8,96.2,98.5,88.7,2.3,68.4,29.3,0.8,0.0,97.3,0.0,0.0,2.1,0.6,1.4,0.0,99.2
64670733,rural,18527.0,7.7,10.5,10.6,45.3,48.6,40.3,15.2,2.9,8.4,6.5,5.9,5.8,6.3,6.7,6.3,5.5,4.0,5.0,3.5,3.4,3.8,6.3,28.9,62.1,2.0,7.0,26.7,3.6,93.5,51.1,1.3,29.5,12.6,4.2,3.9,99.0,0.1,0.0,0.0,0.0,99.9,0.0,10.1,44.5,0.7,54.4,5.4,19.3,15.3,1.1,1.0,2.8,49.9,2.2,4501.0,15.7,10.7,3850.0,4.8,94.3,0.0,97.9,18.9,0.2,0.0,1.0,98.0,0.2,1.9,5.7,8.7,16.5,32.7,42.1,86.9,96.8,56.0,2.6,11.2,86.2,0.3,0.2,99.7,0.0,0.0,0.0,0.3,0.9,0.6,99.5
64671101,rural,34610.0,8.8,10.5,11.1,39.9,42.2,37.1,18.5,5.3,8.5,7.5,6.1,6.4,6.1,6.3,5.6,5.1,4.0,4.6,3.3,2.8,3.2,6.5,30.3,60.0,3.4,6.2,27.1,3.3,95.0,45.8,1.8,32.2,15.4,4.8,3.6,98.6,0.3,0.1,0.1,0.1,99.7,0.3,9.8,48.4,1.1,38.0,5.3,31.5,2.0,4.1,7.5,10.5,49.3,2.64,7276.0,13.899999999999999,9.3,7654.0,4.5,86.1,3.4,94.2,56.9,0.4,0.0,33.6,64.0,0.6,1.8,10.5,13.4,19.9,34.4,32.3,87.4,94.9,28.3,37.1,50.5,12.4,18.0,0.4,96.2,0.2,0.1,3.4,0.1,0.8,1.5,81.69999999999999
64671103,rural,22528.0,7.8,9.1,10.2,38.1,40.9,35.3,34.2,2.8,9.3,8.2,6.3,5.9,5.8,5.8,6.1,5.6,3.9,5.2,3.4,3.1,4.2,7.6,33.7,57.7,2.2,6.4,28.5,3.6,98.0,43.2,0.8,27.3,19.0,5.9,6.1,99.0,0.6,0.0,0.0,0.1,99.9,0.3,12.2,42.0,2.9,27.3,11.0,48.0,1.0,2.3,1.8,5.6,49.0,2.53,3812.0,15.899999999999999,10.7,4891.0,4.6,92.1,1.5,94.9,10.4,1.0,0.0,14.7,83.6,0.6,1.7,6.4,11.7,15.2,25.9,47.2,95.7,97.4,35.6,2.3,44.0,53.7,3.6,4.1,91.5,0.2,0.5,7.3,0.4,1.4,0.0,92.39999999999999
64671107,rural,25230.0,8.2,10.6,11.0,45.9,49.1,34.7,15.2,3.6,8.7,7.2,6.3,6.2,6.3,6.1,5.5,5.3,3.7,4.8,3.3,3.0,3.8,6.5,31.6,60.1,2.4,5.8,27.7,3.8,91.9,52.6,1.0,29.0,13.9,3.7,3.3,98.5,0.1,0.0,0.0,0.1,100.0,0.0,4.6,28.2,0.9,27.3,9.0,43.3,1.4,2.2,2.0,13.8,48.8,2.39,5221.0,14.899999999999999,10.1,5526.0,4.6,90.3,0.0,94.2,19.4,0.1,0.0,27.3,72.0,0.4,1.7,9.7,11.0,18.6,31.1,39.3,92.9,95.1,36.2,1.3,91.2,7.5,0.0,0.1,91.3,0.7,0.5,7.2,0.3,1.1,0.2,100.0
64671109,rural,28314.0,7.9,10.1,10.7,43.7,45.3,34.6,29.6,3.7,8.7,7.0,5.8,6.0,6.1,6.4,5.8,5.6,4.1,5.1,3.8,3.0,4.0,6.2,33.8,56.7,2.6,6.9,28.9,3.4,94.0,49.8,1.4,28.2,15.4,6.0,3.7,99.6,0.1,0.1,0.0,0.1,100.0,0.0,9.0,48.6,1.3,40.3,6.5,37.7,3.0,1.9,0.8,8.6,49.5,1.61,4926.0,15.899999999999999,10.8,6447.0,4.4,95.9,0.1,94.6,12.4,0.1,0.0,8.5,90.3,0.3,1.7,4.0,10.7,14.6,35.4,39.3,86.9,93.8,39.1,1.4,49.0,49.6,0.4,0.1,96.8,0.2,0.1,2.5,0.3,0.7,0.8,99.60000000000001
70410101,urban,56836.0,7.8,9.8,10.9,22.2,29.3,40.4,19.5,2.7,9.2,7.4,6.7,7.1,6.9,7.1,6.5,5.4,4.2,4.1,2.6,2.0,2.2,3.8,32.8,60.9,2.0,4.4,27.8,3.0,97.7,25.5,2.9,27.8,18.9,11.4,9.7,89.6,74.5,3.7,0.1,0.1,99.5,4.6,23.1,66.8,2.5,24.0,18.2,48.5,0.7,1.4,1.6,3.1,49.8,2.24,13218.0,10.899999999999999,6.8,13312.0,4.3,69.5,21.4,97.4,97.3,0.6,2.0,92.9,3.0,0.3,1.5,9.1,36.0,45.6,16.7,1.6,98.6,99.3,65.7,71.8,22.4,5.8,38.7,56.1,98.5,0.5,0.3,0.6,0.1,,1.2,5.1
70410103,urban,13760.0,6.8,8.6,9.5,25.4,30.6,39.3,20.7,3.4,8.5,6.9,6.5,6.6,6.1,6.6,6.5,6.2,5.5,5.2,3.9,3.1,3.5,5.5,31.0,59.1,2.5,7.4,27.8,2.6,98.0,28.6,2.5,29.0,19.5,9.4,8.9,85.4,86.2,7.2,0.0,0.0,99.0,6.0,20.4,65.3,2.4,31.5,21.8,38.6,1.0,0.4,2.8,1.4,50.4,1.66,3218.0,15.7,10.5,3664.0,3.8,55.3,19.6,88.8,87.6,0.8,1.7,81.6,1.0,14.4,1.4,25.1,31.1,26.3,36.7,5.8,86.2,88.3,44.1,75.3,9.6,15.0,17.7,71.0,96.7,0.0,0.3,1.6,1.4,,0.5,11.2
70410109,urban,16017.0,8.6,9.9,11.0,14.7,23.5,43.6,12.4,3.3,9.1,7.1,7.0,7.5,7.3,7.1,6.6,5.1,4.0,3.6,2.6,1.8,1.9,3.3,31.4,62.6,2.2,3.8,27.1,3.2,98.3,17.0,2.7,26.7,17.7,15.3,14.1,97.8,59.5,7.4,0.1,0.3,99.1,8.1,32.3,75.5,3.1,18.8,35.1,35.8,0.5,1.2,0.9,4.6,50.1,1.52,4310.0,9.9,6.300000000000001,3847.0,4.2,56.8,31.0,99.3,99.2,3.1,9.0,86.6,0.6,0.7,1.4,12.2,29.0,46.8,20.7,3.5,99.4,99.8,63.9,93.1,6.5,0.4,94.1,2.8,99.4,0.1,0.1,0.2,0.1,,0.1,3.0999999999999996
70410305,rural,33069.0,8.3,10.6,10.5,33.0,38.8,39.9,10.0,2.7,8.8,6.7,6.7,7.4,7.2,7.1,6.1,5.2,3.9,3.9,2.6,2.4,2.6,3.8,30.3,63.3,1.8,4.7,26.6,3.2,98.9,37.7,2.3,32.0,18.5,4.8,3.7,87.0,82.7,11.4,0.0,0.1,99.4,0.9,13.1,57.2,0.8,20.6,8.9,62.4,0.3,1.9,0.7,4.4,47.9,2.28,8385.0,11.5,7.6,7528.0,4.4,91.0,3.8,96.6,98.2,0.5,0.1,69.3,29.9,0.2,1.5,5.2,19.6,42.5,22.1,15.8,98.2,98.5,60.7,15.2,46.1,38.8,22.9,22.3,94.8,0.1,0.0,4.9,0.2,0.8,0.1,54.8
70410309,rural,20988.0,8.4,9.7,10.3,37.6,42.1,39.2,18.4,2.0,8.8,6.9,6.7,6.6,6.5,6.8,6.5,5.4,4.4,4.2,3.0,2.7,3.2,4.9,30.0,62.9,1.6,5.5,26.0,3.0,97.2,42.9,1.2,31.8,15.9,5.0,3.8,83.0,61.0,8.6,0.1,0.0,98.7,1.9,8.3,51.2,1.6,24.1,4.3,61.7,1.4,1.8,1.4,3.6,48.6,2.15,4797.0,13.100000000000001,8.9,4846.0,4.3,94.2,1.1,96.9,97.7,0.0,0.0,47.5,52.0,0.4,1.6,4.7,19.7,26.7,24.1,29.5,97.2,97.5,71.4,3.2,61.7,35.0,4.2,6.6,94.2,0.1,0.1,5.4,0.1,1.4,0.1,89.1
70410311,rural,27315.0,8.7,10.3,10.1,36.0,38.4,42.6,15.9,1.7,8.8,7.4,7.3,7.3,6.6,6.3,5.9,4.7,3.8,4.2,3.3,2.3,3.1,4.9,31.6,61.7,1.2,5.5,27.7,3.6,96.6,40.8,3.1,35.3,15.0,5.3,2.9,75.1,91.3,4.9,0.0,0.0,99.2,1.6,8.6,42.3,1.3,28.7,7.0,57.3,1.1,1.9,1.7,1.1,47.3,2.53,6938.0,12.9,8.7,6196.0,4.4,91.8,0.2,96.2,75.5,1.6,0.0,68.0,28.9,1.3,1.6,8.0,30.9,26.6,24.3,18.2,95.9,95.6,72.0,1.5,49.5,48.9,1.1,0.6,80.3,0.1,0.4,19.1,0.1,1.0,0.2,98.3
70410311,urban,1331.0,7.7,9.5,11.0,21.1,25.5,42.8,9.3,3.4,8.3,6.5,6.4,7.9,6.8,6.8,7.3,5.3,4.5,4.1,3.2,2.3,2.4,2.9,30.3,62.9,2.2,4.6,26.5,3.2,100.0,24.3,3.3,31.9,19.1,10.4,9.8,96.3,83.8,0.2,0.0,0.1,98.6,1.2,21.2,62.3,1.6,45.3,19.4,26.7,1.1,1.3,3.2,1.3,49.0,1.64,371.0,12.0,7.9,330.0,4.0,73.6,15.2,95.5,63.0,1.2,0.0,82.7,14.5,0.0,1.3,11.2,8.5,57.6,30.0,3.9,98.5,99.4,87.9,57.3,40.3,2.4,17.6,69.4,96.7,0.3,0.0,2.7,0.3,,1.5,13.0
70410313,rural,12365.0,8.8,10.6,11.0,43.3,47.0,41.0,4.9,1.8,8.7,7.6,7.9,8.1,6.7,5.6,4.8,4.0,3.6,3.8,3.4,2.3,3.1,4.1,31.3,63.5,1.0,4.3,27.4,3.7,92.8,49.7,1.7,38.0,10.1,2.1,1.1,49.1,99.2,0.9,0.0,0.0,99.1,1.7,4.4,40.2,0.5,27.1,3.0,66.1,0.2,0.3,0.3,2.4,45.7,3.19,3358.0,12.6,8.799999999999999,2559.0,4.8,93.6,0.6,93.9,94.8,0.0,0.0,32.3,66.8,0.7,1.8,5.8,26.1,17.9,31.4,24.6,90.9,88.2,40.2,1.1,53.5,45.5,0.1,0.2,74.8,0.2,0.2,24.8,0.0,2.5,0.2,99.7
70410315,rural,40650.0,9.2,10.4,10.6,26.5,32.2,42.0,13.3,2.7,8.7,7.1,7.0,7.6,7.2,7.0,6.2,5.1,3.7,3.5,2.4,1.9,2.3,4.1,30.9,63.2,1.8,4.1,26.7,2.9,96.6,30.3,3.4,31.3,19.5,8.5,5.2,93.4,55.3,1.7,0.1,0.0,99.2,1.1,13.0,50.3,1.2,24.5,7.1,60.6,0.6,1.1,0.7,4.1,48.4,2.23,10324.0,10.100000000000001,6.6,9675.0,4.2,79.8,9.2,97.3,95.7,1.6,4.2,64.3,28.3,1.1,1.5,11.0,26.3,41.7,20.2,11.7,98.6,99.4,70.4,19.5,43.5,37.0,29.5,18.4,93.8,0.3,0.4,5.2,0.2,1.0,0.5,52.199999999999996
70410315,urban,2512.0,9.3,11.0,10.7,21.5,24.2,44.4,20.7,4.8,9.7,7.2,6.4,6.9,7.8,7.0,7.4,4.5,3.2,2.7,2.4,2.0,1.7,3.5,31.5,61.2,3.0,4.3,27.1,3.1,97.3,24.7,4.1,31.5,20.8,11.2,8.2,93.5,54.2,0.4,0.0,0.0,99.4,0.8,15.8,51.2,1.8,16.7,15.9,59.8,1.1,0.0,2.5,2.1,51.0,2.29,609.0,8.799999999999999,6.1000000000000005,599.0,4.2,49.6,23.9,99.0,94.0,1.2,3.8,73.1,20.9,1.0,1.4,26.5,10.7,69.1,19.0,1.2,99.2,99.5,63.6,1.2,78.6,20.2,89.6,1.8,99.2,0.0,0.0,0.8,0.0,,0.0,8.5
70410319,rural,16885.0,8.5,9.6,9.9,36.5,41.4,40.1,9.8,2.4,8.7,7.3,7.5,7.3,6.7,6.1,5.8,5.4,4.5,4.1,3.0,2.9,2.9,5.8,31.7,62.0,1.5,4.8,26.0,3.5,95.1,41.1,1.4,31.7,16.5,5.5,3.6,71.9,88.7,1.7,0.0,0.1,98.4,1.7,12.9,46.2,0.8,24.3,7.7,62.8,1.0,0.5,0.7,2.2,47.3,2.73,4406.0,12.9,8.8,3824.0,4.4,95.6,0.2,98.0,91.6,1.0,0.0,38.8,59.9,0.4,1.6,4.1,17.5,26.6,21.7,34.3,98.8,99.0,85.7,1.0,77.3,21.7,0.5,0.8,88.8,0.0,0.4,10.7,0.1,1.2,0.0,98.6
70410323,rural,20218.0,7.7,9.2,9.6,44.4,48.9,38.1,11.5,1.5,8.3,6.7,6.6,6.8,6.8,6.8,5.8,5.4,4.3,4.5,3.8,3.4,4.4,4.6,30.7,62.4,1.0,5.9,29.1,3.4,96.5,50.1,2.0,29.5,13.2,3.2,3.1,59.0,97.8,1.7,0.1,0.0,97.2,11.8,10.5,50.9,1.5,17.8,4.0,70.6,1.1,2.7,0.6,1.7,47.6,2.96,5006.0,16.1,11.6,4611.0,4.4,94.9,0.3,96.3,96.8,0.3,0.0,37.2,61.0,1.3,1.7,4.8,16.9,24.8,21.9,36.4,90.2,90.6,71.7,14.7,43.0,42.3,18.0,6.6,78.8,0.4,2.7,18.2,0.0,1.4,0.2,75.5
70410501,rural,5919.0,7.9,9.5,10.3,45.3,44.8,38.6,31.9,2.4,8.6,5.0,5.9,6.4,6.8,6.5,5.6,4.8,4.5,4.5,4.8,3.7,5.1,8.2,25.9,64.9,1.9,7.3,26.9,3.8,98.4,51.5,4.2,35.6,12.4,1.7,1.3,50.8,98.5,0.4,0.0,0.1,99.0,1.0,5.3,47.6,1.3,16.4,5.1,68.0,1.0,5.1,0.9,2.3,49.2,3.11,1125.0,18.1,13.6,1492.0,4.0,81.8,0.3,83.6,84.9,0.3,0.0,20.0,41.6,37.9,2.2,17.9,57.1,15.5,16.6,10.8,80.5,86.2,18.8,4.1,46.0,49.9,0.3,0.1,57.4,0.5,0.4,41.5,0.2,3.4,0.3,99.60000000000001
70410505,rural,3988.0,8.3,10.0,10.7,46.6,49.6,34.7,25.8,1.7,8.9,6.0,6.1,6.6,6.1,6.5,5.7,5.0,4.2,4.5,3.9,3.8,3.6,5.8,26.4,66.9,1.3,5.5,27.3,3.9,98.7,53.5,1.8,32.8,12.6,2.2,1.1,37.1,99.6,0.2,0.0,0.0,98.8,5.3,1.6,20.1,0.4,9.1,5.6,78.2,1.6,0.3,4.5,0.3,47.0,3.23,729.0,15.799999999999999,11.299999999999999,1016.0,3.9,34.9,0.1,68.6,75.4,0.1,0.0,9.8,25.8,64.2,2.6,65.0,74.1,16.0,6.5,3.5,56.0,60.7,12.7,10.1,4.3,85.6,0.0,0.0,82.3,0.0,0.0,17.2,0.5,5.7,0.1,100.0
70410507,rural,6207.0,8.0,9.7,9.7,43.5,46.3,36.7,17.6,1.3,8.0,6.6,7.5,7.1,6.7,5.6,5.3,5.1,4.7,5.2,3.7,2.8,4.4,4.6,25.8,66.7,1.2,6.3,27.0,3.8,97.9,49.1,2.3,36.4,10.5,2.7,1.9,34.2,99.5,0.3,0.0,0.1,99.5,0.4,5.0,50.4,0.1,10.9,5.7,76.4,0.5,0.7,0.6,5.1,47.7,3.25,1364.0,16.1,10.9,1597.0,3.9,60.7,0.1,85.6,66.4,0.1,0.0,3.6,43.6,52.7,2.2,39.3,67.5,16.8,9.0,6.7,67.6,86.3,1.9,0.9,79.0,20.1,0.1,0.1,87.3,0.1,0.1,12.1,0.4,1.9,0.1,99.8
70410509,rural,6184.0,7.3,8.9,10.2,45.8,47.2,37.0,19.5,2.3,8.2,6.1,6.9,6.5,6.0,6.0,6.6,5.5,4.5,4.6,3.9,3.7,5.1,5.6,28.2,63.6,1.4,6.8,28.4,3.4,94.8,51.8,2.4,33.6,11.5,2.7,2.5,45.8,98.6,1.4,0.0,0.0,98.5,1.6,7.9,39.7,0.7,26.5,6.0,64.2,1.0,1.0,0.1,0.6,47.6,2.87,1356.0,17.299999999999997,12.7,1549.0,4.0,81.6,0.6,88.8,81.9,0.1,0.0,33.4,51.1,15.2,1.9,17.8,33.6,20.5,19.5,26.4,78.4,81.0,38.7,1.5,3.4,95.1,0.3,0.0,88.6,0.2,0.1,10.8,0.2,2.9,0.2,99.6
70410511,rural,3553.0,6.9,9.3,10.7,35.2,39.9,39.0,12.9,2.8,8.9,6.0,6.1,6.4,7.1,6.8,6.0,5.2,4.6,5.1,3.7,3.1,4.2,4.9,29.8,61.6,2.2,6.4,26.8,2.7,97.2,40.3,0.6,35.0,15.7,5.7,3.1,87.4,72.6,0.3,0.0,0.0,99.4,0.7,11.4,45.7,4.6,17.9,4.2,69.6,1.0,0.6,1.2,0.8,48.7,1.78,883.0,16.1,11.0,904.0,3.9,79.8,1.4,84.8,90.0,0.6,0.0,24.7,64.2,10.0,1.8,18.7,33.2,24.1,18.8,23.8,72.2,78.4,41.4,1.3,84.6,14.1,0.6,0.6,86.3,0.2,1.1,11.5,0.9,1.5,0.6,98.89999999999999
70410511,urban,4815.0,8.0,9.0,10.6,21.7,28.7,35.9,15.3,3.8,9.1,8.0,7.1,7.5,6.5,6.2,6.0,5.2,4.4,4.7,3.5,2.1,2.2,2.8,31.7,61.9,2.6,3.8,27.6,2.9,98.8,24.7,2.0,31.2,19.9,11.6,6.7,97.8,77.2,0.4,0.1,0.0,99.3,0.4,20.8,70.8,0.7,19.9,13.6,53.0,0.6,0.2,0.6,11.6,47.9,1.92,1061.0,12.5,7.8,1193.0,4.0,74.2,19.5,99.0,99.5,0.4,0.1,90.9,7.6,0.8,1.4,6.3,11.0,24.7,54.6,9.7,98.7,99.3,59.0,93.9,4.9,1.2,0.8,94.8,99.3,0.3,0.0,0.3,0.2,,0.2,4.4
70410513,rural,5269.0,8.4,10.2,11.5,45.0,47.2,33.4,21.7,1.7,8.8,5.5,5.9,6.0,5.7,6.4,6.0,5.3,4.5,4.2,3.9,3.0,4.6,4.9,27.2,65.5,1.5,5.8,26.7,4.0,97.3,51.7,3.7,33.6,11.0,2.8,1.8,37.2,98.8,14.3,0.1,0.1,99.0,1.1,8.5,53.8,0.2,19.6,6.3,71.6,1.0,0.5,0.4,0.3,49.0,2.61,961.0,15.7,11.5,1254.0,4.2,84.9,0.6,90.0,88.5,0.2,0.0,19.1,72.9,7.3,1.8,14.5,24.2,19.8,26.1,29.9,84.9,86.6,22.4,1.3,58.5,40.3,0.5,0.3,81.8,0.2,2.3,14.5,1.1,0.7,0.6,99.2
70410515,rural,6638.0,7.4,9.3,9.9,35.5,40.8,35.1,17.8,2.7,7.3,6.3,5.7,6.3,5.7,6.0,6.3,6.3,5.0,4.7,4.7,4.2,5.0,7.0,28.5,61.8,2.0,7.7,26.9,2.8,98.9,40.1,2.2,32.9,12.9,6.5,4.9,99.6,7.7,1.6,0.0,0.1,99.7,1.0,15.5,46.9,2.2,32.5,7.5,49.6,1.0,0.1,3.1,4.0,50.9,2.55,1406.0,18.6,13.9,1722.0,3.9,83.6,2.2,95.0,94.6,0.3,0.0,54.7,37.8,7.1,1.6,14.2,23.0,25.9,18.5,32.6,95.3,94.2,45.3,2.3,45.7,52.0,1.0,15.8,93.5,0.0,0.1,6.2,0.2,1.9,0.1,83.1
70410517,rural,5835.0,6.7,9.6,9.6,35.0,36.9,37.1,29.1,3.1,8.4,6.8,6.2,6.3,6.1,6.2,6.6,5.6,4.6,5.5,4.2,3.3,4.3,6.9,28.8,63.4,2.3,5.5,27.2,3.0,97.8,39.4,2.0,31.9,17.8,6.4,5.1,99.3,26.7,0.4,0.0,0.0,99.7,0.3,12.5,45.8,0.4,29.1,6.4,58.9,0.9,2.5,1.4,0.4,48.9,2.09,1139.0,17.3,11.8,1449.0,4.0,84.5,0.3,92.8,97.2,1.2,0.1,42.3,49.1,7.0,1.7,15.2,26.7,24.0,23.1,26.2,88.8,90.7,40.8,1.1,0.3,98.6,0.2,8.1,93.2,0.1,0.0,6.6,0.1,0.7,0.3,91.6
70410519,rural,5179.0,6.9,9.4,9.4,37.0,39.3,33.1,13.2,2.4,9.1,6.9,5.2,5.9,6.2,5.9,6.4,5.7,4.9,4.9,4.0,3.5,5.7,8.2,26.3,65.1,1.8,6.8,27.2,3.0,98.3,41.5,2.5,31.9,15.4,5.6,5.2,47.7,96.4,0.4,0.0,0.1,99.0,9.1,13.9,52.8,0.9,41.1,10.5,43.1,1.0,0.7,0.2,2.5,49.7,1.9,1105.0,18.1,13.2,1433.0,3.6,71.7,4.7,96.0,85.4,1.5,0.0,39.5,40.0,18.6,1.7,23.7,41.6,24.5,16.7,17.2,81.2,82.2,31.9,14.1,42.8,43.1,0.3,19.7,92.5,0.2,0.0,6.8,0.5,1.4,0.4,80.0
70410701,rural,3447.0,8.9,9.7,10.5,53.3,56.1,31.1,4.9,1.6,9.8,6.7,6.7,6.8,5.6,4.5,5.6,5.7,4.2,5.1,4.6,2.8,2.7,3.0,26.2,67.8,1.0,5.0,26.0,5.3,93.9,60.7,0.6,31.7,9.7,1.4,0.5,29.0,95.5,4.2,0.0,0.0,98.6,1.4,2.4,19.1,0.3,12.3,4.4,58.6,1.0,0.6,0.4,22.4,50.9,4.05,722.0,15.2,10.1,852.0,4.0,38.7,0.1,15.9,12.2,0.0,0.0,1.3,17.2,81.0,2.8,61.2,88.2,6.2,4.8,0.7,80.1,80.7,11.4,0.9,47.2,51.8,0.7,0.0,65.6,0.0,0.1,34.2,0.1,4.8,0.6,99.19999999999999
70410703,rural,22620.0,8.7,10.0,10.4,34.4,40.3,39.2,14.1,2.0,8.9,7.1,7.5,8.1,6.7,6.6,5.3,4.7,3.7,3.5,3.1,2.7,3.0,3.2,29.0,64.6,1.4,5.0,26.5,3.5,96.3,39.2,2.3,33.0,15.5,5.1,3.8,48.0,96.9,0.4,0.0,0.0,99.2,1.6,12.4,40.2,1.2,27.3,7.0,54.5,1.0,1.9,1.2,5.9,48.2,2.33,5397.0,12.3,8.8,4966.0,4.6,83.9,3.8,93.9,94.2,0.0,0.3,38.5,52.0,9.0,1.5,12.3,31.9,29.8,25.6,12.7,93.7,93.6,42.6,26.6,60.4,13.0,26.9,10.1,97.4,0.1,1.0,1.5,0.1,1.0,0.2,62.900000000000006
70410705,rural,4666.0,9.1,10.5,11.7,38.9,49.8,39.3,20.8,1.4,10.0,5.1,5.3,6.1,5.6,6.2,5.5,4.9,4.4,4.2,4.2,3.3,3.9,3.9,26.6,66.4,1.1,5.8,26.8,4.7,99.0,45.4,1.7,34.3,11.0,2.0,1.2,38.1,99.6,0.2,0.0,0.0,99.4,0.5,8.4,43.3,0.0,27.9,5.5,50.1,11.8,0.6,0.8,3.2,50.9,3.65,996.0,15.6,11.4,1069.0,4.4,74.0,0.6,56.2,52.9,0.0,0.0,0.3,62.5,37.2,1.8,25.4,47.9,12.1,26.2,13.8,68.4,95.8,16.6,2.4,0.0,97.6,0.0,0.0,54.3,0.0,0.0,44.4,1.2,11.1,0.0,100.0
70410707,rural,5633.0,7.2,9.0,10.3,46.9,49.9,26.7,27.8,2.7,10.5,6.6,5.7,6.4,6.6,5.9,4.8,5.3,4.7,5.4,4.0,3.6,4.0,5.3,30.7,60.4,1.8,7.1,28.3,4.3,97.5,53.3,0.5,33.7,11.7,2.9,1.3,11.2,99.3,0.4,0.0,0.1,99.4,0.6,6.5,31.1,0.8,15.1,7.4,60.2,0.8,1.9,2.4,11.5,49.7,2.48,799.0,17.0,11.6,1415.0,4.0,56.2,0.1,48.5,46.8,0.0,0.0,5.9,35.7,58.2,2.5,43.7,67.9,12.0,18.4,1.7,69.4,81.3,3.9,0.3,36.0,63.7,0.1,0.1,64.9,0.1,0.1,32.7,2.3,1.9,0.1,99.8
70410709,rural,4782.0,7.5,9.7,10.1,50.1,52.9,35.8,17.6,2.3,8.4,5.5,6.0,6.4,6.1,6.5,5.8,5.5,5.2,5.3,4.3,3.7,4.2,9.6,25.8,65.8,1.5,6.9,27.2,3.8,95.9,56.7,1.4,33.6,8.5,2.5,1.0,21.1,98.8,0.6,0.1,0.2,97.3,2.5,4.2,35.5,0.1,5.6,5.7,68.3,0.8,7.7,2.0,9.7,48.6,2.68,1027.0,17.5,12.2,1336.0,3.6,53.9,0.0,67.5,72.4,0.0,0.0,4.7,38.4,56.8,2.0,46.1,64.4,8.2,20.7,6.7,84.5,84.5,13.2,0.1,68.6,31.3,0.0,0.0,68.9,0.1,0.0,26.7,4.3,8.3,0.1,100.0
70410711,rural,7663.0,7.6,8.9,9.7,40.3,42.8,32.5,6.4,1.9,9.6,7.3,6.3,7.3,6.6,6.5,5.8,5.5,4.6,4.1,3.8,2.9,3.4,4.1,30.3,62.6,1.3,5.8,27.8,3.7,98.6,45.5,2.9,29.9,14.6,6.1,3.7,37.7,98.4,0.1,0.0,0.0,99.6,0.4,9.2,46.5,1.2,11.0,7.3,64.1,0.9,0.6,1.0,13.9,48.5,2.57,1723.0,14.2,10.1,1830.0,4.2,62.6,1.4,76.8,72.6,0.7,0.0,29.2,40.9,29.1,1.7,36.0,46.9,30.0,18.7,4.4,67.5,68.5,25.1,0.1,0.2,99.7,0.0,0.0,87.8,0.1,0.0,11.9,0.3,1.4,0.1,100.0
70410713,rural,7134.0,7.2,8.8,9.9,38.4,41.7,33.5,18.2,2.5,9.3,6.3,6.0,6.3,6.4,6.1,5.6,6.6,5.6,4.4,4.2,2.9,4.4,4.5,28.8,62.6,1.7,6.9,27.2,3.3,93.4,43.2,1.6,33.1,14.3,5.7,3.6,48.9,98.9,4.8,0.0,0.4,99.2,1.9,13.5,45.5,2.1,30.3,9.1,44.5,0.8,0.3,1.2,11.7,50.3,2.11,1451.0,15.900000000000002,11.5,1954.0,3.7,23.2,1.3,69.8,45.0,0.1,0.0,7.7,9.6,82.7,2.2,75.5,87.8,3.7,7.1,1.4,79.9,80.9,12.0,2.0,64.7,33.4,6.0,7.7,80.6,0.2,0.0,18.4,0.8,1.3,0.0,86.3
70410901,rural,8721.0,8.5,10.2,11.2,40.8,42.6,35.2,15.9,1.8,8.7,6.2,7.2,6.8,6.2,6.0,6.1,4.4,3.7,4.3,3.1,2.7,4.4,6.7,27.1,66.5,1.1,5.4,26.2,3.7,98.7,47.2,3.6,35.5,12.9,3.3,2.0,76.1,98.5,0.3,0.0,0.0,99.2,0.9,7.5,48.2,0.5,16.5,3.5,78.1,0.3,0.1,0.6,0.4,48.3,2.92,1809.0,14.500000000000002,10.200000000000001,1925.0,4.5,85.8,1.0,90.4,93.1,0.0,0.0,14.4,77.9,7.2,1.7,13.2,30.1,22.3,24.4,23.2,88.3,88.9,55.4,25.0,34.3,40.7,1.8,0.4,83.2,0.2,0.1,15.3,1.3,0.9,0.5,97.8
70410901,urban,2607.0,6.4,7.4,9.3,27.7,33.6,34.7,28.1,3.9,7.4,6.8,6.6,6.7,7.0,7.1,6.3,5.8,4.6,5.9,5.2,3.5,4.3,7.0,32.9,57.6,2.6,6.8,28.2,2.9,98.8,30.9,3.3,30.4,17.2,9.4,6.1,77.0,93.4,2.0,0.0,0.0,98.7,1.3,15.2,59.6,1.8,41.4,10.4,35.8,2.4,0.6,4.0,3.6,48.8,1.53,500.0,18.900000000000002,13.0,709.0,3.7,60.5,9.8,87.3,85.9,0.3,0.6,68.0,5.5,25.2,1.6,29.7,30.8,29.4,36.8,3.0,78.2,86.4,31.0,83.6,1.1,15.3,69.3,10.9,98.9,0.0,0.1,0.6,0.4,,0.4,19.8
70410903,rural,4790.0,9.5,10.3,11.2,37.5,42.2,40.9,15.3,0.6,9.2,8.2,8.2,8.0,6.1,6.2,5.4,4.3,3.4,3.5,2.6,1.9,2.0,3.5,29.7,66.5,0.5,3.3,26.6,4.8,95.7,43.2,2.2,34.1,16.4,3.6,1.5,36.1,99.1,0.5,0.0,0.0,90.8,9.3,4.8,30.4,0.1,31.3,3.3,40.0,1.9,1.6,0.0,21.8,47.1,3.46,1144.0,10.0,6.5,932.0,5.1,92.5,1.3,96.2,72.0,0.0,0.0,46.6,50.0,3.4,2.0,6.2,38.1,26.8,23.3,11.8,89.4,91.6,41.2,20.0,21.7,58.4,0.3,0.6,74.4,0.6,0.1,24.9,0.0,1.2,0.0,99.0
70410905,rural,26396.0,9.6,10.8,10.7,32.5,37.9,39.6,12.1,1.7,9.4,7.4,7.2,7.5,6.9,6.3,5.4,4.3,3.5,3.8,2.6,2.2,2.4,3.3,31.6,62.6,1.2,4.6,27.2,3.5,96.0,37.3,1.7,36.6,16.1,4.6,3.0,59.2,95.7,0.4,0.0,0.1,99.1,1.1,9.0,36.3,1.9,23.7,4.8,53.6,1.2,3.3,1.2,10.3,47.4,2.77,6318.0,11.000000000000002,7.200000000000001,5891.0,4.5,88.3,1.7,95.7,92.6,1.1,0.1,64.0,32.1,2.5,1.7,10.0,33.4,30.9,24.2,11.5,95.2,96.1,64.7,2.7,54.4,42.8,19.9,0.6,87.1,0.0,0.8,9.3,2.8,1.5,0.2,79.4
70410905,urban,24054.0,9.9,10.8,10.9,24.5,31.2,41.9,11.9,3.9,9.6,7.8,6.9,7.3,7.1,6.6,5.7,4.8,3.3,3.4,2.1,1.8,2.0,4.4,29.3,64.6,2.6,3.6,26.3,3.4,97.3,28.1,3.3,33.1,17.9,7.9,6.6,87.3,82.4,9.0,0.0,0.1,99.6,1.3,20.1,65.9,3.8,26.2,10.0,54.7,1.7,1.1,1.3,1.2,49.1,2.57,6075.0,9.3,5.9,5683.0,4.2,75.0,18.1,98.3,97.9,1.2,0.8,96.1,1.4,0.4,1.4,6.9,34.9,39.1,24.1,1.9,99.0,99.5,68.0,21.3,50.0,28.7,53.8,16.8,99.0,0.2,0.1,0.6,0.1,,0.1,29.4
70410907,rural,24153.0,9.4,10.3,11.2,38.3,42.5,41.6,20.6,2.0,9.7,7.8,7.4,7.1,6.1,5.9,5.2,4.7,3.6,3.5,2.7,2.5,2.9,4.0,32.0,61.4,1.3,5.3,27.0,4.3,93.1,44.3,4.3,35.1,12.4,3.3,2.3,58.2,98.4,1.0,0.0,0.0,97.2,6.0,7.5,33.9,1.8,13.2,3.7,65.5,1.0,1.2,0.7,12.9,47.6,2.52,5510.0,11.6,8.1,5162.0,4.7,86.9,2.1,94.5,91.2,0.1,0.0,17.1,80.6,2.1,1.8,11.0,21.0,21.8,32.4,24.9,89.9,87.6,41.8,9.8,27.6,62.6,13.3,3.5,84.3,0.0,0.0,15.5,0.2,1.7,0.1,83.1
70410911,rural,29761.0,9.7,10.9,10.5,25.9,34.0,41.7,12.2,3.5,8.5,6.7,7.3,7.7,7.4,6.8,6.4,4.7,3.5,3.5,2.5,1.9,2.1,3.3,28.3,65.3,2.5,3.9,24.6,3.0,95.2,29.7,2.1,33.7,17.8,8.0,4.4,97.6,37.0,0.9,0.0,0.1,98.7,1.0,10.9,48.7,1.2,23.8,4.1,54.8,0.8,1.5,3.7,10.2,48.7,2.77,7493.0,10.0,6.5,7307.0,4.1,76.3,15.0,98.3,97.6,3.0,0.2,70.8,24.5,1.1,1.5,8.8,26.4,40.1,18.5,15.0,98.9,99.5,58.1,47.8,31.5,20.7,18.6,38.9,96.5,0.2,0.6,2.5,0.3,0.6,0.4,42.5
70410911,urban,10445.0,7.8,8.9,10.1,22.6,28.5,42.1,16.9,6.7,8.7,7.7,6.7,7.2,6.6,6.6,6.3,5.9,4.4,4.8,3.3,2.5,2.5,4.0,32.2,55.9,4.3,7.6,26.5,2.6,98.9,25.6,2.2,31.9,20.7,9.0,7.7,99.4,17.9,3.9,0.0,0.0,99.7,1.7,19.8,65.8,0.8,20.2,7.1,65.6,0.5,1.8,1.3,2.7,50.1,1.97,2676.0,13.1,8.3,2604.0,4.0,66.0,28.3,99.5,99.8,0.0,0.7,97.6,1.1,0.7,1.5,5.7,22.5,40.9,32.5,4.2,97.9,99.3,38.9,88.3,10.2,1.5,48.6,50.9,99.9,0.0,0.1,0.0,0.0,,0.0,0.6000000000000001
70410913,rural,36090.0,9.0,10.3,10.7,35.0,40.3,40.8,18.1,2.0,8.9,7.1,7.2,7.6,7.1,6.2,5.5,4.8,3.7,4.1,2.7,2.1,2.8,3.7,30.7,63.1,1.5,4.6,26.7,3.3,94.8,40.1,1.4,34.3,16.0,4.7,3.2,94.1,77.0,3.7,0.1,0.0,99.0,1.4,8.9,47.3,1.1,21.9,7.5,59.7,0.5,0.8,1.5,6.9,47.5,2.44,8439.0,11.7,7.6000000000000005,8256.0,4.4,88.5,3.0,95.0,97.4,1.3,0.3,27.5,68.4,2.3,1.7,8.5,27.3,28.4,21.4,22.9,97.3,97.1,68.3,7.7,44.4,47.9,1.2,0.1,93.6,0.3,0.1,5.7,0.3,1.6,0.2,98.8
70411101,rural,10482.0,8.0,9.4,10.1,37.5,41.5,34.9,16.0,1.5,8.7,7.7,8.1,7.8,6.4,6.0,5.5,4.7,3.6,4.6,3.0,2.8,3.8,4.3,33.6,60.3,1.1,5.0,29.2,3.8,98.3,42.4,1.7,29.0,16.0,6.0,5.8,55.8,85.4,11.7,0.0,0.0,99.4,0.8,5.2,33.7,0.4,7.9,14.0,68.5,0.4,7.5,0.4,0.8,46.6,2.23,2227.0,14.2,9.6,2157.0,4.9,98.2,0.3,95.9,97.5,0.0,0.0,46.9,52.2,0.6,1.8,1.4,21.0,34.0,20.7,24.3,93.2,93.8,26.8,5.7,51.9,42.3,0.3,0.0,79.3,0.2,0.0,20.4,0.1,1.1,0.1,99.7
70411103,rural,8724.0,10.0,11.9,11.2,41.6,45.7,39.2,12.9,1.0,9.5,8.2,7.9,7.5,6.9,5.7,4.2,4.2,3.1,2.8,2.5,2.2,2.3,2.6,28.3,67.7,0.6,3.4,25.8,5.0,92.5,46.9,1.0,37.5,11.4,2.6,1.8,40.2,99.2,0.3,0.0,0.1,97.7,15.4,4.3,26.1,0.4,4.4,6.0,87.1,0.9,0.2,0.3,0.8,46.5,2.1,1992.0,9.8,7.0,1603.0,5.4,98.0,0.4,96.9,99.1,0.1,0.0,41.9,57.1,0.8,1.9,1.6,33.6,34.7,24.3,7.4,87.4,93.5,68.6,0.6,82.0,17.5,0.4,0.1,82.2,0.4,0.9,16.3,0.1,1.0,0.1,99.6
70411107,rural,8104.0,9.7,10.4,11.3,43.7,47.9,34.6,18.7,1.1,10.7,7.9,7.8,7.7,6.7,5.7,4.9,3.7,2.9,3.3,2.5,2.3,2.5,4.6,30.8,64.7,0.7,3.8,26.6,5.1,98.6,50.6,2.6,33.1,11.5,3.4,1.4,29.1,99.4,0.3,0.0,0.1,98.8,1.4,3.3,31.0,0.0,4.5,4.4,85.9,0.3,0.6,0.1,4.2,48.2,3.12,1567.0,10.6,7.3,1517.0,5.3,96.8,0.5,95.2,93.7,0.0,0.0,21.2,78.1,0.3,1.9,2.7,18.1,16.8,35.9,29.2,80.0,86.0,12.5,1.8,50.8,47.4,1.2,0.0,93.1,0.3,0.0,6.5,0.1,1.3,0.5,98.8
70411117,rural,10022.0,7.3,9.2,9.9,44.3,46.2,38.3,18.4,3.6,8.2,6.6,6.4,6.7,6.5,6.9,6.1,5.4,4.6,4.7,3.8,3.3,4.6,6.8,29.4,63.2,2.1,5.3,27.4,3.3,97.8,50.1,1.3,32.6,14.0,4.0,1.9,62.1,95.4,1.0,0.0,0.0,98.8,1.3,4.5,33.4,0.6,25.9,3.8,67.9,1.0,0.4,0.3,0.0,46.2,3.22,2305.0,16.4,11.7,2313.0,4.3,95.5,0.4,97.5,98.4,0.0,0.0,24.6,75.2,0.0,1.7,4.1,13.2,18.1,25.3,43.3,91.8,93.8,62.7,2.9,47.9,49.2,0.4,0.4,79.4,0.5,1.1,18.8,0.2,1.0,0.2,99.2
70411121,rural,14583.0,7.8,9.6,10.0,48.5,48.5,36.1,23.1,2.2,8.5,6.8,6.8,7.0,6.8,6.9,6.0,4.5,4.0,4.8,3.6,3.3,3.6,4.2,31.6,61.2,1.3,5.9,27.1,3.5,96.0,54.8,1.2,29.7,13.1,4.3,3.2,51.1,85.3,12.9,0.0,0.0,94.5,9.6,10.4,35.5,0.0,16.6,10.9,67.5,1.0,0.8,1.2,2.2,47.9,2.22,2941.0,15.299999999999999,10.5,3144.0,4.6,96.3,1.2,96.7,98.0,0.0,0.0,36.3,63.3,0.4,1.8,2.5,15.8,13.9,30.2,40.1,95.2,91.5,52.5,2.3,59.4,38.4,0.0,9.0,77.4,0.2,0.2,22.1,0.2,4.6,0.0,90.89999999999999
70411125,rural,21158.0,8.7,10.0,10.9,42.6,46.8,39.7,16.2,1.9,9.6,7.8,7.8,6.8,6.6,6.0,5.3,4.5,3.7,3.8,3.0,2.6,3.0,4.0,34.3,58.8,1.3,5.6,29.0,4.5,96.9,48.9,1.6,32.8,13.1,3.0,2.7,45.6,98.6,12.1,0.1,0.0,98.3,7.8,9.6,51.6,0.5,22.9,6.7,60.0,1.4,3.7,0.6,4.1,46.3,2.93,4962.0,12.4,8.6,4152.0,5.1,94.3,1.4,94.7,88.3,0.0,0.0,35.6,64.0,0.2,1.9,4.4,12.5,25.0,29.8,32.7,91.6,88.3,45.3,4.2,43.9,51.9,5.8,3.9,59.2,0.1,0.2,40.3,0.2,2.7,0.2,90.3
70411127,rural,11401.0,7.4,9.2,9.7,39.3,44.9,38.2,19.8,2.4,8.0,6.9,6.0,6.5,6.8,6.7,6.5,5.5,4.4,4.7,4.3,3.3,4.1,7.7,30.9,60.6,1.5,7.0,26.8,2.8,98.2,44.5,0.7,29.8,14.4,4.8,5.5,57.1,98.5,4.6,0.0,0.0,98.2,12.5,13.1,47.6,0.6,18.9,10.5,65.7,0.5,1.5,1.1,1.2,48.8,2.69,2571.0,16.4,11.7,2761.0,4.1,91.0,4.0,97.1,99.5,0.0,0.0,45.6,54.0,0.4,1.5,5.0,17.2,18.8,34.3,29.7,96.0,94.7,61.7,13.7,41.4,44.9,5.8,8.2,90.2,0.3,0.4,8.9,0.2,1.5,0.0,86.0
70411129,rural,18295.0,8.7,9.4,10.1,45.6,48.2,40.1,24.7,1.8,8.8,7.3,7.5,7.5,7.0,6.2,5.6,4.6,3.6,4.3,3.3,2.6,3.4,6.8,30.5,62.3,1.1,6.1,28.0,4.2,96.1,51.5,2.3,32.9,12.3,2.4,2.0,36.7,96.9,4.1,0.0,0.0,98.3,5.7,4.4,33.9,0.0,10.9,5.5,71.8,2.3,2.0,4.4,3.1,47.8,2.93,3968.0,13.6,9.3,3833.0,4.8,96.4,0.5,96.1,93.9,0.0,0.0,15.1,84.3,0.6,2.1,3.1,10.5,17.2,44.4,27.9,78.3,83.9,21.2,1.9,32.6,65.5,0.5,0.1,93.4,0.1,0.0,6.5,0.0,2.0,0.0,99.39999999999999
71610101,urban,38206.0,8.3,10.7,11.4,22.0,29.9,43.7,17.3,4.2,9.2,7.5,6.8,7.3,7.0,6.6,6.3,5.1,3.9,3.4,2.4,1.8,2.0,3.3,31.6,61.0,2.9,4.4,27.6,3.1,96.6,25.4,2.0,28.2,17.5,11.3,11.1,98.6,15.0,2.1,0.2,0.6,99.8,2.4,25.1,58.9,2.6,19.7,29.3,43.1,1.1,0.7,1.8,1.8,49.8,2.3,9568.0,9.6,6.2,9127.0,4.2,64.3,23.1,98.3,97.7,1.0,5.2,87.5,5.6,0.5,1.5,12.6,47.4,37.7,14.3,0.6,98.8,99.1,63.6,87.3,8.0,4.7,72.2,22.3,98.1,0.2,0.0,1.7,0.0,,0.2,5.5
71610103,urban,25041.0,7.9,10.4,10.8,26.8,33.5,40.9,17.4,4.6,8.9,7.5,6.7,7.2,7.2,6.6,5.8,5.2,4.1,3.9,2.9,2.0,2.8,4.0,32.9,58.4,2.9,5.8,28.0,3.3,95.8,30.7,2.4,27.7,17.8,8.4,10.2,69.6,81.8,10.8,0.0,0.2,98.0,4.7,20.4,55.2,1.9,29.6,24.6,31.3,1.4,1.7,3.0,6.5,50.0,2.18,6002.0,11.600000000000001,7.7,6367.0,3.9,70.2,17.0,98.4,97.3,0.3,2.8,95.9,0.5,0.5,1.3,12.8,24.8,41.7,31.8,1.7,97.5,99.4,53.8,91.4,4.6,4.0,84.1,13.7,97.1,0.3,0.4,2.1,0.1,,0.0,2.2
71610301,rural,11130.0,9.4,11.4,11.7,42.5,45.1,41.4,4.2,0.9,9.6,7.6,7.6,6.6,5.9,5.3,5.4,4.5,3.6,3.5,2.7,2.3,2.7,4.0,32.3,61.4,1.0,5.3,28.4,4.6,95.3,49.5,1.7,35.3,13.1,2.5,2.3,98.6,1.1,0.1,0.0,0.0,99.9,0.5,1.8,25.9,0.4,29.8,3.7,61.8,1.4,0.0,1.3,1.7,46.2,2.55,2974.0,11.2,7.7,2290.0,4.9,97.9,0.0,95.5,88.8,0.0,0.0,15.9,83.8,0.3,1.9,2.1,7.4,9.5,27.1,56.1,99.0,98.4,67.7,0.9,67.0,32.1,0.0,0.2,79.6,0.0,0.0,19.8,0.6,1.5,0.0,99.8
71610303,rural,8844.0,7.8,10.6,11.2,40.0,42.9,34.3,25.2,3.7,8.8,6.5,5.7,7.1,6.5,6.7,6.3,5.6,3.9,3.9,3.2,2.5,3.7,5.0,29.7,61.7,2.4,6.2,27.3,3.3,97.6,46.0,1.9,29.9,16.1,5.0,4.1,76.6,86.8,0.4,0.0,0.0,99.4,0.8,8.7,39.0,0.6,21.0,10.8,58.5,0.4,6.2,1.3,1.1,50.6,2.05,1599.0,13.3,9.4,2189.0,4.0,87.7,4.0,96.1,98.3,0.0,0.0,43.3,55.4,1.0,1.5,8.3,20.0,22.8,27.1,30.2,98.2,99.0,67.6,1.2,34.3,64.5,0.2,0.0,72.4,0.1,0.1,27.1,0.3,0.7,0.3,99.80000000000001
71610305,rural,27004.0,9.2,11.1,11.5,39.4,43.7,39.7,23.1,2.3,9.7,7.5,7.6,7.2,6.3,5.9,5.6,4.6,3.4,3.4,2.7,2.1,2.3,4.4,31.4,62.3,1.8,4.4,26.7,3.7,96.3,45.9,2.1,31.9,14.9,5.0,2.4,98.3,5.6,0.1,0.0,0.1,99.9,0.3,10.3,40.3,1.0,24.4,5.8,57.9,1.2,0.7,0.6,8.4,47.1,2.48,5630.0,10.5,7.1000000000000005,5960.0,4.5,86.8,1.6,91.3,79.1,0.1,0.0,23.3,76.1,0.4,1.9,11.6,13.4,26.0,26.1,34.4,97.1,95.7,80.6,9.3,50.4,40.3,0.1,9.3,91.4,0.1,0.2,7.9,0.4,1.7,0.0,90.6
71610307,rural,7092.0,9.4,10.8,11.2,41.6,45.5,36.4,39.8,2.9,7.8,6.3,6.8,7.1,6.1,5.6,5.5,5.2,3.9,4.3,3.5,2.5,3.9,6.9,28.1,64.4,2.1,5.4,26.9,3.9,98.4,48.2,3.2,33.3,11.7,3.5,2.9,99.5,2.5,0.0,0.0,0.1,99.9,0.2,5.2,35.3,0.2,13.7,7.1,66.9,1.0,0.3,0.1,10.7,47.9,2.64,1066.0,14.200000000000001,9.9,1708.0,4.2,96.3,0.0,93.0,92.6,0.1,0.0,4.0,95.6,0.3,1.6,3.7,10.8,9.6,7.9,71.7,96.9,95.0,48.1,0.4,42.6,57.0,0.2,0.0,48.1,0.0,0.0,51.3,0.6,0.9,0.1,99.8
71610309,rural,6330.0,8.6,10.2,10.7,44.4,49.7,35.0,31.6,2.3,8.5,6.6,6.3,6.8,5.8,5.6,5.4,5.6,4.5,4.2,4.0,3.3,3.9,7.8,29.3,63.6,1.9,5.2,27.0,3.9,92.5,50.6,0.5,30.6,12.8,3.5,2.9,97.1,16.2,4.9,0.0,0.0,99.2,1.0,5.0,36.8,1.2,11.7,7.7,77.2,0.3,0.4,0.4,1.1,48.6,2.31,1066.0,15.4,11.2,1602.0,4.0,84.4,0.6,95.9,92.7,0.3,0.0,14.6,83.6,0.5,1.7,15.0,11.5,14.3,15.9,58.3,96.8,97.2,76.8,1.1,12.1,86.9,0.3,0.3,67.4,0.1,0.2,32.1,0.3,2.3,1.1,99.3
71610311,rural,6222.0,8.2,10.4,11.2,41.1,44.7,35.5,13.9,2.7,8.2,6.2,5.7,7.6,6.4,6.1,6.0,5.3,4.2,3.7,3.8,3.2,3.9,5.0,29.0,63.0,2.3,5.7,27.3,3.4,97.6,47.5,1.0,32.6,14.3,3.9,3.6,98.6,1.5,0.0,0.0,0.0,99.9,0.1,3.5,23.8,1.0,21.0,5.8,57.5,0.6,0.3,0.7,13.0,47.6,2.11,1338.0,14.6,10.9,1513.0,4.1,91.6,0.0,92.4,68.2,0.3,0.1,7.1,91.7,0.5,1.6,8.4,9.3,16.1,22.9,51.7,96.1,95.3,58.0,1.3,50.1,48.7,0.1,0.1,63.4,0.2,0.3,35.8,0.3,1.7,0.3,99.8
71610311,urban,20820.0,8.6,10.7,10.8,31.2,38.9,39.5,27.3,5.4,8.2,7.2,6.7,7.5,6.5,6.6,6.4,5.4,3.7,3.7,3.0,2.3,2.6,5.3,31.3,59.8,3.6,5.3,26.8,2.9,94.9,35.7,2.0,30.7,14.0,8.0,6.4,98.6,5.2,0.6,0.0,0.2,99.8,1.1,10.0,33.7,2.5,31.0,12.7,36.5,1.1,1.6,6.4,8.1,49.9,2.21,4174.0,11.6,7.9,5251.0,4.0,76.1,14.7,95.3,93.4,0.1,0.4,91.1,8.0,0.2,1.5,9.2,45.0,39.1,14.5,1.4,97.2,99.0,46.1,82.0,13.1,4.9,56.9,23.0,99.2,0.0,0.2,0.5,0.1,,0.2,20.1
71610313,rural,8622.0,7.5,9.9,10.6,37.3,41.1,38.0,38.2,3.4,8.5,6.2,6.3,6.2,6.7,6.2,6.7,5.6,4.5,4.7,3.6,3.0,3.7,5.6,29.9,63.4,2.3,4.3,27.6,3.2,97.9,42.8,2.5,30.0,17.7,4.9,3.8,98.9,10.2,0.5,0.0,0.1,99.6,0.8,7.2,41.4,0.9,23.5,11.3,44.8,0.5,1.2,0.8,17.0,48.4,2.03,1456.0,15.0,10.3,2152.0,4.0,82.8,1.2,97.3,99.1,0.2,0.0,36.7,61.3,1.4,1.6,16.1,8.9,25.7,24.5,40.8,96.5,97.7,52.6,29.8,22.5,47.7,0.7,0.0,62.7,0.0,0.0,36.8,0.5,0.7,0.4,99.30000000000001
71610315,rural,5605.0,8.4,10.8,10.3,36.6,45.5,38.4,24.1,2.2,8.2,6.4,7.3,7.4,6.8,5.6,5.6,5.8,4.0,3.9,3.6,2.2,3.6,5.2,29.6,65.0,1.6,3.8,27.4,3.4,94.4,41.6,2.9,32.1,13.3,3.4,2.8,98.8,9.9,3.2,0.0,0.2,99.9,1.2,4.8,28.5,2.9,12.2,5.6,76.0,1.6,0.3,1.0,0.4,47.8,2.22,1153.0,13.299999999999999,9.4,1338.0,4.2,93.9,0.1,92.8,93.8,0.1,0.0,3.8,94.7,1.1,1.8,5.9,16.4,17.3,24.6,41.6,97.8,97.8,64.6,0.4,63.4,36.2,0.0,0.1,58.0,0.0,1.3,40.4,0.4,1.6,0.2,99.9
71610501,rural,7221.0,9.7,11.6,11.7,57.6,56.9,30.6,30.8,1.8,7.5,5.6,6.0,5.8,5.9,5.8,5.8,5.3,4.0,4.8,4.1,2.9,3.3,6.7,25.3,67.1,1.3,6.3,26.6,4.3,95.3,66.5,1.3,32.1,6.8,1.4,1.6,16.7,98.9,12.5,0.4,0.0,97.8,2.3,2.6,14.5,0.6,29.8,8.1,53.9,0.2,2.3,0.9,4.1,50.7,3.27,1022.0,15.099999999999998,10.3,1928.0,3.7,93.8,0.4,90.7,83.4,0.0,0.0,10.2,88.6,0.6,1.5,5.9,6.1,16.9,53.7,23.4,77.8,93.0,4.4,1.2,50.3,48.5,0.2,0.2,32.7,0.1,0.7,64.5,2.0,0.8,0.6,99.6
71610503,rural,4645.0,8.8,12.0,11.5,52.5,51.3,28.5,36.5,1.8,8.4,4.8,5.2,5.8,6.5,6.2,5.8,5.2,4.6,4.2,4.2,3.2,3.6,6.1,26.1,65.2,1.2,7.5,26.7,4.2,91.2,59.9,2.5,32.5,9.4,2.2,2.1,34.6,98.8,0.5,0.0,0.0,98.2,1.7,6.6,46.3,0.9,11.4,11.1,39.4,0.2,0.7,0.7,35.7,51.1,2.32,569.0,15.200000000000001,11.0,1166.0,4.0,94.1,0.4,94.8,86.4,0.0,0.0,31.1,67.6,0.9,1.5,5.5,6.5,11.7,30.1,51.6,90.3,91.2,9.9,1.9,77.4,20.7,1.5,0.0,47.9,0.1,5.2,46.7,0.1,5.6,0.4,98.5
71610505,rural,5174.0,10.3,12.0,11.8,44.1,47.9,28.6,19.7,1.0,10.4,7.7,7.6,6.6,5.5,5.0,4.8,4.4,3.3,3.4,2.7,1.9,2.5,3.6,30.3,63.6,0.9,5.2,26.1,5.6,94.5,51.6,2.2,40.0,7.4,1.6,0.9,19.3,99.3,1.2,0.0,0.1,98.5,2.5,2.9,17.8,0.0,8.1,5.4,13.4,0.4,2.6,3.1,67.1,48.2,3.24,781.0,10.5,7.1,1022.0,5.1,92.2,0.3,97.9,63.3,0.0,0.0,1.8,98.0,0.2,2.1,7.5,9.2,24.9,35.6,30.3,73.7,97.0,8.1,0.2,0.3,99.5,0.0,0.1,7.7,0.2,0.1,91.6,0.4,0.6,0.0,99.9
71610507,rural,5031.0,9.4,11.9,12.4,54.9,55.1,35.3,38.8,2.1,8.8,6.8,5.6,6.0,5.6,4.6,5.5,4.7,4.2,4.8,3.5,2.8,3.4,7.1,28.3,63.6,1.2,7.0,27.4,4.8,94.6,64.3,1.8,34.2,6.9,0.9,1.1,14.6,99.5,0.4,0.0,0.0,98.0,2.9,3.2,33.1,0.0,33.0,7.8,58.4,0.0,0.3,0.0,0.6,49.3,3.48,722.0,14.500000000000002,9.7,1261.0,4.0,89.6,0.4,92.1,79.9,0.2,0.0,8.3,90.8,0.6,1.6,10.0,10.3,24.0,36.0,29.7,79.6,91.9,8.1,1.6,62.3,36.1,0.8,0.0,29.0,0.2,1.3,68.9,0.6,2.8,0.0,99.2
71610509,rural,7512.0,10.5,12.5,12.5,47.8,51.1,34.1,29.5,1.8,8.9,6.6,6.7,6.7,6.2,5.0,4.7,3.7,4.0,4.1,3.0,2.0,2.7,5.5,26.3,66.4,1.3,6.0,25.7,5.6,96.9,56.3,2.0,36.8,6.9,1.8,1.5,36.8,99.3,0.2,0.1,0.0,99.3,1.5,5.2,48.7,0.2,15.6,10.1,69.4,0.9,0.1,1.2,2.5,50.0,3.1,1164.0,11.8,7.7,1656.0,4.5,91.7,0.4,92.5,74.7,0.0,0.0,12.7,86.1,0.8,2.0,8.0,19.7,19.1,34.8,26.3,65.2,87.1,2.5,0.1,8.5,91.4,0.2,0.0,55.6,0.1,0.4,43.8,0.1,16.3,0.4,99.7
71610511,rural,6281.0,8.3,10.0,10.6,36.5,40.2,35.5,24.3,3.2,8.2,6.7,6.1,6.0,6.2,6.3,5.7,5.8,4.7,4.3,3.5,3.4,4.3,5.8,29.3,62.0,2.2,6.4,27.8,3.3,97.9,41.8,3.4,31.8,16.3,4.4,3.9,81.1,82.6,0.7,0.0,0.0,98.8,1.6,9.7,43.6,0.6,17.6,10.6,52.6,0.2,2.0,1.8,14.6,49.4,2.47,1201.0,15.5,11.2,1643.0,3.8,93.1,1.1,97.6,85.6,0.4,0.0,48.7,49.5,1.5,1.5,5.8,7.4,21.1,36.2,35.2,96.5,97.6,39.6,7.4,78.6,14.1,1.3,0.0,93.0,0.0,0.0,6.5,0.5,1.0,0.0,98.7
71610513,rural,4906.0,7.5,9.6,10.9,53.6,53.9,24.1,10.2,2.8,7.7,4.8,5.1,5.2,5.4,5.7,5.3,5.1,5.0,6.0,5.5,4.3,6.9,7.4,24.0,65.0,2.0,9.0,28.0,3.9,98.6,61.4,2.7,30.5,9.2,2.1,1.6,42.2,98.6,2.1,0.0,0.0,95.9,5.5,4.4,39.7,0.3,33.3,8.4,54.5,0.4,1.0,0.9,1.2,51.8,2.4,763.0,22.700000000000003,16.700000000000003,1352.0,3.6,92.7,0.1,97.3,96.8,0.1,0.0,20.9,78.4,0.3,1.3,7.2,8.1,12.4,26.8,52.7,98.4,98.7,36.5,2.1,96.8,1.0,0.0,0.0,85.4,0.0,0.0,14.5,0.1,1.5,0.2,100.0
71610515,rural,8345.0,8.4,10.9,10.9,43.1,47.5,34.7,24.9,2.6,9.2,6.8,6.1,6.2,6.2,6.3,5.4,4.6,4.2,4.5,3.7,2.9,3.6,4.7,29.1,62.3,1.8,6.7,27.2,4.1,96.7,49.4,2.2,34.5,11.1,2.5,2.2,51.8,99.5,0.1,0.0,0.0,99.3,0.8,7.7,30.2,0.1,13.1,12.4,72.0,0.3,0.5,1.1,0.5,50.2,2.96,1516.0,14.7,10.2,2073.0,4.0,93.8,0.7,96.4,84.6,0.3,0.0,32.7,66.2,0.7,1.4,5.6,22.4,23.0,27.9,26.7,90.5,95.8,19.1,0.2,0.1,99.7,0.2,0.0,51.4,0.1,1.2,47.1,0.1,0.5,0.0,99.8
71610517,rural,6776.0,7.9,9.9,9.8,52.9,56.4,25.3,32.9,2.1,7.8,6.3,5.7,6.1,6.1,5.6,6.0,5.5,5.5,5.2,4.2,3.6,4.9,7.6,26.5,63.7,1.4,8.4,28.2,3.7,93.6,59.8,1.5,28.7,8.6,2.4,2.3,17.1,97.5,0.5,0.0,0.1,98.1,1.8,8.1,45.4,0.5,21.3,17.3,55.5,0.2,0.5,0.5,4.2,50.8,2.2,834.0,17.9,12.700000000000001,1770.0,3.8,95.4,0.9,97.3,77.0,0.1,0.7,3.7,94.3,1.2,1.3,3.7,4.3,16.9,51.2,27.6,85.6,97.1,6.8,1.3,71.4,27.3,0.3,0.4,58.7,0.1,0.7,40.4,0.2,2.3,0.0,99.2
71610701,rural,7059.0,9.3,9.6,11.3,45.7,51.9,38.8,8.0,1.5,9.7,7.4,7.6,6.8,5.2,4.9,4.8,5.1,4.4,4.5,3.7,2.7,2.9,3.9,29.5,63.3,1.1,6.1,26.9,4.7,95.9,52.9,1.2,35.2,9.2,1.7,0.8,39.7,99.4,0.4,0.0,0.0,99.0,1.0,2.4,39.4,0.2,18.1,4.4,67.4,0.9,2.8,0.2,6.0,47.9,3.37,1760.0,13.799999999999999,9.3,1702.0,4.1,69.2,0.2,81.2,82.8,0.0,0.0,6.5,61.3,31.9,2.0,30.6,46.6,25.6,21.0,6.8,59.7,78.8,3.6,0.3,11.7,88.0,0.1,0.0,70.1,0.2,0.2,29.2,0.4,1.2,0.3,99.8
71610703,rural,8002.0,8.0,9.2,11.2,46.2,49.9,37.5,29.8,2.4,8.4,6.5,6.3,6.8,6.3,5.8,5.5,5.5,4.6,4.4,3.7,3.5,4.1,4.5,28.4,63.2,1.8,6.6,27.8,3.5,97.7,53.2,1.6,31.9,10.1,4.2,2.3,62.9,98.0,0.4,0.0,0.0,99.0,1.1,6.2,40.8,0.7,13.3,8.5,73.0,1.3,0.7,0.4,2.1,49.3,2.85,1508.0,15.700000000000001,11.3,2024.0,4.0,85.4,1.4,89.7,95.9,0.0,0.0,18.1,78.5,3.3,1.8,13.2,19.4,14.1,30.0,36.5,91.7,94.1,37.4,0.2,0.4,99.4,0.1,0.0,76.3,0.0,0.9,22.3,0.5,0.7,0.1,99.89999999999999
71610705,rural,17254.0,9.2,11.3,11.5,44.0,48.1,37.5,16.0,3.4,9.9,7.2,6.6,6.4,5.8,5.5,5.3,4.5,4.4,4.0,2.9,2.2,3.3,5.4,32.6,59.1,2.2,6.0,27.6,3.7,94.9,51.0,1.2,32.1,12.7,2.7,3.2,27.7,98.6,0.9,0.0,0.0,98.6,2.6,8.6,51.2,0.5,25.2,11.4,52.1,1.1,5.7,0.5,3.4,48.4,2.7,3690.0,12.400000000000002,8.399999999999999,3993.0,4.3,91.4,3.4,92.9,91.1,0.3,0.0,27.9,70.5,1.1,1.7,5.2,9.4,27.0,33.0,30.5,92.7,93.4,32.1,15.4,49.9,34.7,19.2,2.7,66.2,0.0,1.2,32.1,0.5,2.0,0.2,78.10000000000001
71610707,rural,10674.0,7.7,10.2,10.8,41.8,43.0,36.2,19.7,3.7,8.7,6.0,5.6,6.5,6.6,6.0,6.2,5.5,4.1,4.4,3.8,3.4,4.3,4.8,28.6,62.3,2.5,6.5,27.0,3.6,96.1,48.0,2.5,35.5,11.4,3.9,3.5,85.5,84.3,0.3,0.0,0.1,98.7,1.1,9.0,40.8,1.6,19.6,5.9,69.7,0.9,0.3,1.3,0.8,49.1,2.49,2215.0,15.899999999999999,11.5,2660.0,4.0,87.5,3.5,94.0,92.9,0.3,0.0,19.9,77.7,1.9,1.5,9.0,20.4,20.1,21.8,37.7,95.8,97.0,74.4,0.9,0.0,99.1,0.1,0.2,81.5,0.0,0.0,18.5,0.0,0.5,0.1,99.60000000000001
71610709,rural,10890.0,10.6,12.0,11.9,54.5,55.7,37.2,46.7,1.8,9.4,7.1,7.1,7.2,5.4,5.0,4.8,4.7,3.9,3.8,2.8,2.1,2.3,6.3,31.1,61.1,1.0,6.9,26.8,4.7,94.3,62.1,1.1,36.5,4.3,0.9,1.5,43.7,98.8,0.4,0.0,0.0,99.2,1.4,4.4,24.3,0.0,10.1,13.7,70.0,1.1,1.1,0.3,3.7,49.9,4.26,1415.0,11.0,7.2,2337.0,4.7,93.7,0.9,91.2,26.1,0.0,0.0,1.9,95.6,2.5,2.0,5.5,18.6,16.3,41.4,23.7,76.6,88.6,12.7,0.6,52.1,47.2,0.0,0.0,41.4,0.1,0.1,58.4,0.0,15.6,0.0,100.0
71610711,rural,14693.0,8.2,10.4,10.6,37.1,44.0,40.4,24.8,3.6,8.4,6.5,6.9,7.0,6.9,6.3,6.0,5.6,4.1,3.8,2.8,2.7,3.6,5.4,30.6,62.0,2.5,4.9,27.8,3.4,94.9,42.6,1.1,33.4,12.8,4.9,3.7,97.9,35.7,7.6,0.0,0.6,99.7,2.2,9.3,42.6,0.8,23.5,9.2,60.3,4.7,0.6,0.3,0.4,48.1,1.41,3153.0,12.9,9.1,3557.0,4.1,79.7,10.9,94.5,89.2,0.1,0.0,41.2,57.3,1.2,1.6,9.5,18.5,20.6,25.2,35.8,97.2,97.3,62.6,19.5,6.9,73.6,5.3,21.3,79.2,0.3,0.3,20.0,0.2,1.7,0.1,73.39999999999999
71610713,rural,25316.0,8.9,11.2,11.1,44.2,45.8,37.3,15.3,2.7,8.9,6.2,6.0,6.5,6.4,5.5,5.9,5.4,4.2,3.8,3.3,2.8,3.9,5.5,28.9,62.7,2.1,6.3,25.3,3.3,96.1,51.0,2.9,35.3,10.5,3.0,2.5,52.4,98.0,1.5,0.0,0.0,99.2,0.9,8.9,39.3,1.8,24.3,6.5,61.7,1.6,1.0,2.1,1.0,49.2,2.53,5494.0,13.799999999999999,10.0,6177.0,4.1,92.3,1.8,91.5,94.6,0.1,0.0,19.1,78.9,1.9,1.7,5.9,17.1,21.2,29.5,32.3,95.9,96.4,34.3,7.0,5.6,87.4,1.1,0.1,86.5,0.1,0.4,8.9,4.2,1.6,0.0,98.9
71610715,rural,11722.0,9.6,11.7,12.0,40.9,47.5,37.9,16.9,2.2,9.7,7.5,7.7,6.4,6.4,5.4,4.9,4.7,3.5,3.5,2.4,2.4,2.4,4.4,33.2,60.2,1.3,5.3,27.9,4.6,95.9,47.9,1.7,30.7,13.6,3.7,2.8,54.7,99.4,6.2,0.0,0.0,98.6,1.5,9.8,47.6,0.0,21.8,4.1,70.8,0.5,0.3,0.3,2.3,46.9,3.08,2466.0,10.700000000000001,7.199999999999999,2490.0,4.7,94.5,0.6,90.0,92.9,0.0,0.0,39.9,55.7,4.4,1.7,4.8,23.6,37.2,20.1,19.2,90.6,92.1,15.3,0.5,51.7,47.8,0.0,0.4,92.6,0.4,1.6,5.4,0.0,1.3,0.0,99.7
71610901,rural,9823.0,8.0,11.1,12.1,53.1,57.0,29.4,16.2,2.3,7.8,4.6,4.2,5.3,6.4,5.9,5.7,5.6,4.8,5.2,4.2,3.9,5.1,5.1,22.3,68.4,1.5,7.8,26.8,3.6,89.9,62.1,1.9,29.5,7.1,2.2,2.3,61.9,88.4,12.6,0.1,0.0,98.2,6.3,6.9,41.1,0.4,30.1,11.6,27.9,0.0,1.3,9.0,19.8,51.5,2.52,1663.0,18.4,13.2,2510.0,3.9,88.3,0.1,97.1,82.8,0.0,0.0,7.7,91.9,0.3,1.6,11.5,6.8,8.7,17.2,67.3,88.9,96.3,4.8,1.5,11.9,86.6,0.0,0.0,85.8,0.4,0.4,13.4,0.0,1.5,0.1,100.0
71610903,rural,6405.0,10.5,12.2,11.1,55.5,62.5,29.7,33.9,1.2,8.0,4.7,5.6,5.3,5.6,4.8,5.3,5.0,5.1,5.2,3.8,3.7,4.2,6.8,21.0,70.4,0.9,7.7,24.9,4.7,94.9,64.3,1.7,31.6,3.0,0.7,0.6,31.6,99.4,0.3,0.0,0.0,98.5,2.6,4.3,42.1,0.1,44.7,12.0,40.7,0.6,1.0,0.2,0.7,52.8,3.13,833.0,16.9,11.7,1633.0,3.9,97.4,0.4,86.3,92.6,0.0,0.0,9.7,89.2,1.0,1.7,2.2,11.8,9.2,36.1,42.9,61.5,91.1,1.0,0.7,3.3,96.0,0.8,0.0,57.9,0.0,0.0,41.6,0.4,2.7,0.0,99.3
71610905,rural,5705.0,8.7,11.2,11.0,52.6,58.7,30.8,38.8,1.6,8.0,5.8,5.4,4.9,6.0,5.6,5.0,5.3,5.0,4.9,4.1,3.8,5.2,3.8,22.8,68.7,1.0,7.5,26.3,4.4,95.9,60.8,1.7,28.2,7.7,2.0,1.8,28.2,99.4,0.7,0.0,0.0,99.3,1.8,9.1,40.6,0.3,40.5,10.2,23.6,0.7,9.4,1.1,14.3,51.2,2.47,743.0,18.0,13.1,1537.0,3.7,96.6,0.5,95.3,90.9,0.1,0.0,8.1,90.4,1.2,1.6,2.9,5.7,7.5,34.2,52.6,81.8,96.7,14.7,0.4,11.8,87.8,0.2,0.1,78.8,0.1,0.3,20.8,0.0,0.9,0.2,99.7
71610907,rural,3371.0,9.1,11.0,11.6,52.7,59.1,29.3,38.4,2.0,7.6,4.6,5.0,4.8,6.4,5.0,5.3,5.3,4.9,5.4,3.9,3.6,6.3,7.4,23.4,65.2,1.5,9.8,28.1,4.4,96.5,61.6,2.2,27.1,8.5,1.5,1.5,29.9,98.8,0.7,0.0,0.0,98.9,1.2,2.4,33.3,0.5,48.2,16.9,32.8,0.0,0.0,0.2,1.4,53.4,2.49,415.0,19.2,13.8,927.0,3.6,97.2,0.2,94.4,78.4,0.0,0.0,6.5,92.4,1.0,1.6,2.6,4.6,8.6,12.6,74.1,55.9,83.4,14.3,0.2,0.8,99.0,0.1,0.1,35.3,0.3,1.1,62.9,0.4,1.0,0.1,99.7
71610909,rural,4859.0,9.0,11.2,10.9,52.9,56.2,33.5,35.0,1.9,8.2,5.4,6.7,6.0,4.8,5.1,5.1,5.5,4.6,4.9,3.4,3.4,5.8,8.0,27.0,64.0,1.3,7.6,27.9,4.1,92.3,60.9,1.1,32.8,6.9,1.6,1.4,81.6,99.2,0.2,0.0,0.0,98.5,1.6,4.6,39.6,0.1,59.9,8.5,28.2,0.4,0.4,1.0,1.5,50.0,2.58,728.0,17.5,12.6,1344.0,3.6,94.8,0.1,89.4,80.9,0.0,0.0,7.7,91.9,0.4,1.8,5.1,7.4,10.9,30.4,51.3,85.2,99.3,1.1,0.3,0.7,99.0,0.1,0.0,40.4,0.1,0.3,58.7,0.4,0.6,0.0,100.0
71610911,rural,7055.0,9.3,10.8,11.3,55.4,59.2,29.2,22.2,2.6,7.7,4.8,5.0,6.2,5.6,5.5,5.4,5.2,4.7,5.1,4.5,4.0,5.0,6.8,22.9,66.6,1.7,8.7,26.0,4.3,94.7,64.1,1.6,28.6,7.4,1.5,1.6,29.8,99.3,0.4,0.0,0.1,99.2,1.0,8.9,46.3,1.3,12.5,16.8,57.9,0.2,1.1,1.0,9.3,52.6,2.83,1101.0,18.6,13.5,2063.0,3.4,97.4,0.1,95.5,91.9,0.1,0.1,8.9,90.4,0.3,1.4,2.5,8.7,27.0,34.0,30.3,95.1,96.9,27.4,0.7,96.1,3.2,0.2,0.0,75.0,0.2,0.0,24.5,0.2,2.6,0.1,99.8
71610913,rural,9360.0,8.9,11.9,12.1,48.7,53.7,32.7,19.7,1.7,8.6,5.7,5.6,6.3,6.2,6.0,4.8,4.5,3.5,4.0,3.7,3.5,4.6,5.3,26.8,65.0,1.1,7.0,27.2,4.5,96.0,57.0,1.9,29.9,8.5,2.8,3.3,51.5,98.1,1.3,0.0,0.0,99.4,0.8,13.7,55.9,0.9,23.2,16.7,51.6,0.8,0.3,0.0,6.5,50.1,2.57,1645.0,15.799999999999999,11.8,2436.0,3.8,93.9,2.5,96.1,89.7,0.0,0.7,30.5,68.5,0.2,1.5,3.6,10.7,19.4,30.3,39.5,92.2,95.8,21.6,2.5,53.4,44.1,1.6,3.6,77.8,0.6,0.4,21.0,0.3,1.6,0.0,94.89999999999999
71610915,rural,5582.0,10.0,10.9,10.8,59.0,59.3,26.4,5.5,1.3,8.0,5.1,4.9,5.5,6.6,5.4,5.0,5.6,4.0,5.1,3.9,3.5,5.4,4.3,22.9,68.8,1.0,7.2,25.7,5.0,95.9,66.2,1.8,30.3,5.9,1.5,1.2,36.3,99.4,0.2,0.1,0.0,99.0,1.1,4.0,20.3,0.2,18.8,9.9,57.2,0.0,0.0,0.5,13.3,52.1,3.56,952.0,17.9,12.8,1504.0,3.7,97.2,0.3,98.0,98.3,0.0,0.0,15.0,84.8,0.2,1.4,2.5,6.0,15.4,24.1,54.5,97.1,97.1,6.3,0.3,8.4,91.2,0.3,0.0,63.3,0.3,0.5,35.8,0.1,2.0,0.0,99.69999999999999
71910103,urban,105194.0,7.2,9.6,10.6,21.6,28.4,37.3,23.0,6.0,8.8,7.7,7.0,6.8,6.1,6.3,6.1,5.8,4.5,4.8,3.5,2.5,2.7,4.1,32.7,57.4,4.2,5.7,28.0,2.9,97.1,24.6,1.6,26.6,18.4,13.0,12.0,99.3,2.1,0.9,0.1,0.1,99.8,0.8,22.2,56.4,2.5,31.4,28.9,25.9,1.2,1.9,3.8,4.3,52.2,1.64,21890.0,13.5,8.7,26083.0,4.0,58.9,29.0,99.2,98.0,2.3,7.4,87.9,0.3,0.4,1.4,12.1,19.9,33.5,45.2,1.4,98.9,99.6,78.1,98.3,1.3,0.5,85.1,12.9,99.5,0.2,0.0,0.1,0.1,,1.7,2.0
71910105,urban,38402.0,8.4,10.7,11.5,24.3,32.9,36.9,26.0,4.6,9.1,7.5,7.2,7.3,6.2,6.4,6.1,5.2,3.7,4.1,2.7,1.9,1.9,4.0,31.1,61.5,2.8,4.5,27.8,3.4,95.9,28.1,1.7,29.2,17.7,10.2,8.4,98.9,12.1,2.6,0.0,0.3,99.6,2.2,18.5,50.8,3.5,27.8,19.5,41.3,1.4,2.0,2.2,2.3,50.4,2.47,7264.0,10.6,6.5,8610.0,4.5,67.2,23.5,99.0,99.0,0.1,0.0,95.4,3.1,0.2,1.6,9.2,28.9,46.2,22.5,2.3,97.9,98.8,62.3,92.6,5.9,1.5,19.6,69.7,98.5,0.2,0.2,0.9,0.2,,1.2,10.7
71910107,urban,10258.0,7.0,8.9,9.7,30.7,35.1,37.6,20.2,3.6,8.5,6.8,6.6,7.2,6.1,6.6,6.9,5.7,4.9,4.7,3.9,3.1,3.5,3.9,33.5,57.2,2.7,6.6,28.3,2.7,98.1,34.6,1.3,27.1,18.7,9.0,8.7,98.7,13.3,2.5,0.0,0.0,99.9,0.3,14.6,55.1,0.3,29.7,19.9,47.1,1.4,0.2,1.1,0.3,51.0,2.12,2290.0,15.2,10.5,2340.0,4.4,83.6,10.8,98.8,99.6,0.4,0.8,97.6,0.7,0.4,1.5,5.6,25.0,28.4,33.4,13.2,98.8,99.3,54.1,62.5,37.1,0.4,71.0,9.5,99.3,0.0,0.2,0.5,0.0,,0.1,19.5
71910109,urban,20528.0,8.3,10.0,10.7,24.7,31.0,40.8,19.2,4.0,8.8,7.6,6.9,7.1,6.1,6.6,6.8,5.3,4.2,3.8,3.0,2.2,2.5,4.0,30.9,60.4,2.7,6.0,26.9,3.0,98.3,28.2,1.6,29.7,20.0,9.2,8.5,99.5,4.6,0.7,0.0,0.0,99.9,0.2,16.6,49.8,2.8,30.3,16.0,37.5,2.7,1.1,1.1,8.5,50.2,1.97,4789.0,11.5,7.7,4591.0,4.5,71.0,21.7,99.5,99.6,0.5,0.3,83.6,14.2,0.6,1.5,7.4,37.6,33.5,24.0,4.9,99.4,99.9,67.7,89.1,10.5,0.5,77.9,15.1,99.6,0.0,0.0,0.4,0.0,,0.8,7.0
71910503,rural,14686.0,9.5,11.2,10.5,37.0,43.3,34.1,25.4,2.0,7.8,6.7,6.5,7.0,6.3,6.6,6.3,4.8,3.8,4.1,3.3,2.7,3.0,6.7,29.0,64.1,1.4,5.5,26.1,3.7,93.0,42.2,1.1,31.6,13.5,5.6,4.8,98.8,3.1,0.8,0.0,0.1,99.7,0.4,8.9,40.0,0.5,40.3,8.9,43.8,0.9,1.4,2.2,2.0,49.4,2.57,2573.0,13.1,9.0,3344.0,4.4,93.2,2.1,97.8,97.9,0.2,0.0,69.5,29.6,0.4,1.8,4.7,20.0,35.0,28.1,16.9,94.9,94.0,67.5,1.5,72.8,25.7,0.4,0.0,93.0,0.2,0.1,5.6,1.1,0.2,0.3,99.6
71910505,rural,12249.0,8.6,10.7,11.9,33.7,37.3,36.2,22.0,2.5,9.3,6.3,6.5,6.8,6.2,6.8,6.8,4.7,3.7,3.8,2.6,2.4,3.0,5.4,30.4,62.9,1.7,5.0,27.9,3.6,96.2,39.4,1.5,32.1,20.3,5.3,3.5,99.2,3.1,0.4,0.0,0.1,99.8,0.2,13.0,54.1,0.2,32.1,8.1,53.5,2.3,1.4,1.4,0.9,48.2,1.98,2375.0,11.8,8.0,2569.0,4.8,97.9,0.2,97.9,98.0,0.0,0.0,25.6,74.3,0.1,1.9,1.9,33.1,27.2,22.4,17.3,97.2,95.0,59.0,3.5,80.7,15.8,1.0,0.9,99.5,0.1,0.0,0.2,0.1,0.8,0.0,98.1
71910507,rural,11526.0,8.6,11.1,12.7,36.3,41.5,33.3,32.3,2.9,9.1,6.4,6.2,6.6,6.0,6.1,6.4,5.0,3.0,4.0,3.4,2.6,3.0,3.6,28.2,65.1,1.9,4.8,27.0,4.0,98.6,43.0,1.4,33.1,17.9,4.0,2.1,99.4,2.7,2.5,0.0,0.0,99.8,0.7,5.9,31.5,1.0,27.7,4.6,59.5,2.5,3.0,1.3,0.5,49.0,2.6,1754.0,13.0,9.0,2530.0,4.6,97.2,0.2,96.6,81.1,0.0,0.0,53.2,46.3,0.4,1.7,2.6,22.3,27.0,25.5,25.2,98.5,96.8,85.6,0.8,27.7,71.5,0.0,0.0,97.8,0.1,0.0,2.0,0.1,0.9,0.1,99.9
71910509,rural,10721.0,7.8,11.2,12.7,41.0,46.7,32.3,23.6,2.9,8.8,6.5,6.3,6.2,5.5,6.6,6.3,5.1,3.7,4.4,3.3,2.3,3.3,4.1,28.8,62.4,2.1,6.8,25.5,3.6,96.3,48.4,1.5,29.8,14.5,3.8,3.7,99.0,3.7,0.1,0.0,0.0,99.9,0.6,5.7,26.3,1.8,19.7,5.1,62.4,0.7,4.0,0.0,6.2,49.4,2.93,1806.0,13.3,8.899999999999999,2543.0,4.2,92.5,2.0,98.8,97.5,0.2,0.0,43.8,55.6,0.3,1.6,5.5,25.7,23.7,20.6,30.1,98.6,98.8,79.4,28.6,12.3,59.2,4.0,11.6,99.4,0.2,0.0,0.3,0.0,0.9,0.0,84.4
71910515,rural,9312.0,7.6,11.0,12.0,40.5,45.2,32.7,42.4,3.3,9.2,6.7,6.5,5.8,5.4,6.6,6.4,5.3,3.9,4.2,2.8,3.0,3.6,4.9,29.2,63.0,2.4,5.4,27.4,3.9,96.4,47.0,1.3,30.6,15.2,5.0,2.7,99.5,1.1,0.6,0.0,0.0,99.8,0.6,8.9,41.3,0.3,22.2,6.0,64.5,1.6,2.5,1.9,1.0,49.0,2.06,1217.0,13.6,9.4,2086.0,4.5,97.9,0.2,97.3,50.7,0.0,0.0,18.5,80.9,0.6,1.8,1.8,13.4,13.3,19.5,53.7,98.6,98.6,95.6,0.3,15.1,84.6,0.0,1.5,99.0,0.0,0.2,0.7,0.0,0.8,0.0,98.5
71910516,rural,5909.0,8.5,10.3,11.3,36.8,42.6,41.7,21.1,4.2,8.1,7.1,7.0,7.1,6.3,6.9,6.1,4.8,4.0,4.1,2.9,2.4,3.1,3.7,29.1,63.1,2.5,5.3,27.3,3.4,99.1,42.5,0.7,33.5,15.6,4.5,3.0,99.3,7.6,0.1,0.0,0.1,99.8,0.3,10.4,58.1,0.7,29.8,3.8,59.2,2.3,2.1,1.0,1.3,49.0,2.11,1360.0,12.5,8.4,1295.0,4.6,93.4,1.6,98.3,94.0,0.2,0.0,50.2,49.5,0.2,1.8,5.0,22.8,24.0,26.2,27.0,97.5,93.6,78.9,0.5,89.2,10.3,1.1,17.4,99.4,0.2,0.0,0.2,0.2,0.5,0.0,81.6
71910521,rural,10786.0,8.5,10.4,10.9,32.6,36.9,35.6,50.9,2.9,8.7,7.0,6.2,6.2,5.7,6.6,6.6,5.3,4.2,4.3,3.6,2.7,3.0,7.0,31.1,61.9,2.0,5.0,28.1,3.5,98.8,37.5,3.0,30.3,17.0,7.2,5.7,99.5,1.2,0.6,0.1,0.0,99.8,0.4,13.5,43.0,1.0,21.8,12.7,60.6,2.0,1.1,0.5,0.2,49.9,2.04,1320.0,13.600000000000001,9.3,2395.0,4.5,95.8,0.5,97.3,93.9,0.2,0.0,60.7,38.6,0.3,1.7,3.7,23.5,25.6,26.7,24.2,96.7,96.1,85.3,2.3,91.5,6.2,0.7,4.0,88.0,0.2,0.6,10.9,0.2,0.5,0.2,95.3
71910523,rural,6065.0,8.6,11.7,12.0,38.9,41.8,36.4,25.1,2.8,8.0,5.6,6.4,6.7,6.9,6.2,6.3,4.9,3.1,4.0,3.5,2.8,3.3,3.4,26.5,66.0,1.9,5.6,26.6,3.4,98.9,45.6,2.1,32.9,15.0,5.5,2.7,99.7,1.9,0.0,0.0,0.1,99.7,0.2,13.0,59.6,0.6,22.4,6.2,31.0,3.0,1.1,1.7,34.0,49.4,2.27,1120.0,13.600000000000001,9.6,1455.0,4.2,92.2,0.0,98.7,96.1,0.0,0.0,33.9,65.6,0.5,2.2,7.8,11.5,24.1,33.8,30.7,99.6,99.5,81.6,0.9,98.6,0.5,0.1,0.3,99.9,0.0,0.0,0.1,0.1,0.2,0.0,99.60000000000001
71910711,rural,10593.0,8.0,11.3,12.0,39.6,43.6,41.4,22.5,2.7,9.3,6.6,6.9,6.3,5.5,6.2,6.3,4.9,4.3,3.7,3.0,2.6,3.2,4.8,31.5,61.8,1.8,4.9,26.2,4.0,95.4,46.4,1.7,33.0,15.4,3.9,2.4,99.4,1.2,0.4,0.0,0.0,99.9,0.0,12.7,62.7,2.4,23.3,3.3,65.4,2.1,0.8,2.7,0.0,48.5,1.99,2335.0,12.5,8.8,2350.0,4.5,88.3,0.2,88.5,79.3,0.0,0.0,19.1,80.4,0.3,2.0,11.5,11.8,13.1,12.9,62.2,98.4,98.1,90.3,10.5,4.5,85.0,0.5,0.0,94.3,0.2,0.0,4.8,0.7,0.3,0.1,99.6
71910713,rural,10280.0,7.9,10.1,10.7,41.5,43.8,37.9,22.5,3.1,8.4,6.2,6.8,6.0,5.3,6.5,6.7,5.6,4.5,4.6,3.9,3.2,3.4,4.2,31.7,59.7,2.5,6.1,29.2,3.0,97.0,47.6,1.9,28.0,17.5,5.1,3.7,98.6,2.8,0.6,0.0,0.1,99.9,0.1,9.9,52.2,0.5,21.3,5.4,66.2,2.1,2.0,1.5,1.1,49.3,2.37,2156.0,15.1,10.5,2274.0,4.5,94.0,0.0,97.8,89.3,0.0,0.0,15.1,84.9,0.0,1.8,6.0,7.3,16.6,18.4,57.7,98.1,98.0,91.2,4.2,0.7,95.1,0.9,0.0,97.0,0.3,0.0,2.7,0.0,0.3,0.0,99.1
71910731,rural,14922.0,8.1,10.4,11.2,42.6,44.4,37.6,13.4,3.3,9.6,6.9,6.8,6.3,6.1,6.8,6.4,5.1,4.2,4.2,2.9,2.2,3.0,4.2,30.0,62.7,2.3,5.0,26.5,3.6,95.3,49.2,1.6,30.5,15.8,4.8,2.9,98.1,5.0,0.8,0.0,0.0,99.7,0.3,6.6,36.6,1.6,20.3,3.9,60.0,2.5,0.9,0.9,9.7,47.4,3.05,3417.0,12.3,8.1,3189.0,4.7,97.6,0.3,97.8,96.6,0.1,0.1,20.7,78.6,0.6,1.8,2.1,10.0,17.6,47.1,25.2,98.1,97.7,92.2,1.0,25.4,73.6,0.5,0.1,98.4,0.0,0.0,1.1,0.5,0.1,0.0,99.39999999999999
71910733,rural,29559.0,7.8,9.8,10.7,39.3,43.0,37.6,19.7,2.2,8.4,6.7,6.8,6.8,6.0,7.0,6.3,5.7,4.0,4.6,3.4,3.0,3.2,4.3,31.9,60.8,1.7,5.6,28.4,3.3,97.7,44.9,1.5,29.6,16.1,5.4,4.4,97.2,9.6,0.8,0.0,0.0,99.6,0.8,11.7,45.9,1.2,25.8,5.7,61.9,3.4,0.5,0.3,1.2,48.5,2.13,6399.0,14.2,9.600000000000001,6284.0,4.7,94.6,0.3,98.4,98.6,0.0,0.0,53.1,46.6,0.2,1.7,5.1,18.1,31.8,35.2,14.8,98.7,99.2,75.8,1.1,71.0,27.9,0.6,0.0,92.7,2.9,0.2,3.8,0.4,0.4,0.1,99.4
71910901,rural,14156.0,9.6,11.5,11.1,31.2,37.6,32.4,26.5,3.7,8.4,7.0,6.8,6.8,5.8,6.4,5.8,4.8,3.8,3.8,2.9,2.4,3.1,4.4,28.6,63.7,2.5,5.2,25.2,3.5,95.1,36.3,1.1,35.5,16.1,4.8,5.0,97.6,3.1,0.1,0.0,0.1,99.8,0.4,4.7,23.8,0.7,39.5,7.0,36.3,1.1,2.6,2.0,10.7,48.5,2.92,2287.0,12.2,8.4,2936.0,4.8,97.0,0.2,97.9,98.3,0.5,0.1,85.8,12.8,0.7,1.8,2.8,15.6,33.5,34.5,16.4,97.7,97.5,59.6,1.3,69.8,28.9,1.0,1.1,95.0,0.2,1.4,3.5,0.0,1.0,0.1,97.89999999999999
71910901,urban,2067.0,8.6,10.3,10.7,21.4,29.1,31.7,0.4,4.9,9.2,7.5,6.9,7.1,5.9,6.4,6.6,5.6,4.1,4.3,2.4,2.4,2.1,5.6,31.6,61.3,3.4,3.8,27.0,3.1,98.4,24.5,1.1,27.5,21.1,10.0,11.3,99.3,2.0,2.0,0.0,0.0,100.0,3.0,12.7,35.1,1.5,47.3,21.8,21.4,2.0,2.2,3.1,0.9,49.1,2.4,459.0,11.2,6.9,489.0,4.2,75.5,13.9,99.0,97.5,0.0,0.6,82.8,12.9,0.2,1.5,10.6,19.2,32.3,39.7,8.8,99.0,98.4,21.3,1.0,69.1,29.9,5.5,18.4,99.4,0.0,0.2,0.4,0.0,,3.5,76.10000000000001
71910917,rural,9124.0,9.3,11.8,12.0,40.8,42.8,31.7,30.0,2.7,7.9,5.3,5.5,5.8,6.7,6.9,6.2,4.8,3.4,3.9,3.2,3.4,3.9,5.3,27.5,64.5,1.7,6.3,26.2,3.3,98.9,47.8,1.5,34.1,15.0,3.9,2.8,99.2,1.5,0.4,0.0,0.0,99.9,0.1,6.2,40.0,0.4,31.4,7.7,43.6,1.1,0.0,0.7,15.2,51.6,2.43,1352.0,14.4,10.5,2121.0,4.3,94.7,0.1,98.9,98.6,0.1,0.0,53.1,45.0,1.7,1.7,5.2,17.4,29.2,26.8,26.7,97.5,95.5,22.9,1.3,0.0,98.7,1.0,0.0,99.6,0.1,0.0,0.1,0.1,0.4,0.0,99.0
71910919,rural,10945.0,9.3,11.5,12.4,37.2,42.7,31.5,24.4,3.6,9.3,6.5,6.5,6.2,6.0,6.1,6.0,4.8,3.5,3.7,2.8,2.5,2.9,4.8,29.4,63.9,2.4,4.3,26.3,3.9,96.2,43.8,1.0,32.3,16.4,4.6,3.0,98.6,1.6,1.5,0.0,0.0,99.8,0.5,4.8,34.1,0.9,53.5,6.0,29.6,6.5,0.7,0.6,2.1,48.6,2.4,1741.0,11.9,8.2,2164.0,5.1,94.7,0.9,95.6,98.8,0.0,0.1,60.5,39.1,0.3,2.1,4.3,26.1,30.2,16.7,27.0,97.6,97.4,78.4,1.7,60.2,38.1,0.1,0.1,94.0,0.1,0.0,5.1,0.6,0.3,0.0,99.8
71910925,rural,9172.0,10.2,11.2,11.9,31.4,34.1,33.7,20.3,2.6,9.1,7.3,6.5,6.1,5.4,6.0,5.5,5.0,3.5,3.6,2.8,2.5,3.4,7.0,29.4,62.5,1.9,6.2,26.3,4.1,99.3,36.8,4.0,34.3,17.8,5.6,4.3,99.8,3.0,0.0,0.0,0.0,99.8,0.4,10.1,41.8,1.2,26.2,9.0,55.1,1.7,0.3,2.6,4.0,48.7,2.78,1640.0,12.3,8.7,1908.0,4.8,95.0,0.2,96.3,93.7,0.2,0.0,77.1,20.8,1.2,1.8,4.8,14.1,25.0,38.4,22.5,95.9,96.0,73.7,0.9,39.4,59.7,0.4,0.1,99.0,0.2,0.0,0.7,0.1,0.2,0.8,99.5
71910927,rural,19161.0,8.2,12.0,12.6,41.4,42.8,34.0,36.5,3.8,9.0,6.4,6.1,6.3,6.1,6.5,5.5,4.8,3.4,4.3,2.9,3.1,2.6,5.6,27.4,64.5,2.8,5.3,26.1,4.1,94.9,49.0,2.3,33.1,15.8,3.6,2.5,98.0,0.9,0.0,0.0,0.0,99.8,0.3,6.7,35.0,0.2,22.7,5.1,66.9,1.7,1.4,1.7,0.4,49.5,1.58,2779.0,12.899999999999999,8.6,4236.0,4.5,94.0,0.0,96.7,81.3,0.0,0.1,54.4,45.4,0.0,1.9,6.0,25.2,27.1,20.4,27.3,98.2,96.3,75.5,4.8,40.4,54.8,4.4,0.1,89.1,0.6,1.8,8.2,0.2,0.8,0.0,95.5
71910929,rural,3755.0,8.5,10.5,11.4,32.0,36.9,33.9,36.7,2.6,8.1,6.2,5.8,6.3,6.4,6.6,6.1,4.5,3.9,4.5,4.0,3.3,4.0,7.7,28.8,63.9,2.1,5.3,27.2,3.4,98.8,37.1,1.3,34.3,17.7,6.0,3.8,99.0,2.2,3.3,0.0,0.0,100.0,0.8,4.2,13.9,0.5,30.0,7.9,55.0,2.5,0.4,2.7,1.1,50.1,2.12,560.0,15.8,11.3,856.0,4.4,96.1,0.1,96.3,98.0,0.1,0.0,62.9,36.4,0.5,1.6,3.7,18.1,21.4,18.2,42.2,97.7,95.6,87.7,0.9,71.7,27.4,0.2,0.0,79.3,0.4,0.7,19.4,0.2,0.7,0.1,99.7
71911107,rural,9468.0,8.6,11.3,12.0,33.8,37.2,37.5,40.8,5.1,9.5,6.6,6.7,7.0,6.1,5.8,6.1,5.0,3.9,3.4,3.3,2.3,2.5,5.5,29.5,61.8,3.7,5.1,27.2,3.5,98.6,39.5,2.3,35.2,16.6,4.9,3.7,99.5,0.8,0.2,0.0,0.0,99.9,0.1,12.6,47.1,0.2,28.7,6.4,59.6,1.2,3.5,0.3,0.1,50.0,2.25,1432.0,11.5,8.1,2104.0,4.5,88.6,2.8,91.8,83.5,0.3,0.0,64.6,34.4,0.3,2.0,8.6,25.1,26.2,35.3,13.3,96.2,96.5,28.4,40.9,45.4,13.7,0.8,34.2,97.1,0.0,0.0,2.5,0.3,0.4,0.3,65.0
71911111,rural,12863.0,9.5,11.7,12.8,38.6,42.3,37.5,19.5,2.0,10.0,7.5,6.5,6.5,6.6,5.9,5.5,4.6,3.0,3.1,2.5,2.2,1.9,4.2,30.2,64.0,1.5,4.3,25.7,3.5,97.5,45.7,1.8,33.7,13.8,5.1,3.2,99.3,0.6,0.1,0.0,0.0,99.8,0.1,8.6,31.7,0.6,28.4,3.4,56.5,10.2,0.7,0.3,0.0,48.5,2.44,2560.0,9.7,6.6,2482.0,5.2,92.2,0.8,97.7,92.1,0.0,0.0,35.7,64.2,0.1,2.2,7.0,28.3,25.1,24.0,22.6,97.6,97.5,69.3,12.5,13.1,74.4,0.0,0.0,99.1,0.0,0.0,0.4,0.6,0.6,0.0,100.0
71911113,rural,10866.0,9.7,13.2,13.1,40.4,45.9,29.4,52.3,3.4,9.2,5.2,5.7,6.7,5.7,5.7,5.4,4.3,3.6,4.2,3.4,2.6,2.3,6.4,25.5,66.5,2.7,5.2,25.3,3.9,95.8,48.1,1.4,34.3,13.6,3.1,1.7,99.0,0.2,0.1,0.0,0.0,99.9,0.1,5.5,34.9,2.4,31.7,8.0,44.3,3.1,1.1,4.7,4.7,50.8,2.38,977.0,12.5,8.3,2248.0,4.8,96.3,0.1,98.7,3.0,0.6,0.0,24.3,74.3,0.4,2.1,3.6,22.8,11.7,17.5,48.0,94.4,96.0,69.8,3.6,12.5,83.9,0.4,0.1,99.6,0.2,0.0,0.0,0.1,0.5,0.4,99.6
71911115,rural,11443.0,8.0,11.6,12.4,40.5,43.2,41.6,30.5,3.2,9.8,6.2,6.3,6.1,6.0,6.4,6.5,5.1,3.8,3.5,2.8,2.6,2.8,3.8,27.7,65.7,1.9,4.7,25.4,3.7,97.8,47.5,2.1,35.7,15.4,1.9,1.6,98.9,2.2,0.7,0.0,0.0,100.0,0.1,3.4,29.0,0.2,29.6,3.7,60.7,3.1,1.2,1.0,0.4,48.2,1.58,2246.0,11.7,8.2,2404.0,4.8,95.7,0.0,97.4,73.6,0.0,0.0,24.9,75.1,0.0,2.0,4.3,13.0,19.5,24.7,42.8,97.8,96.7,84.5,5.1,61.5,33.3,0.0,0.0,89.7,0.0,0.0,10.3,0.0,0.4,0.0,100.0
71911121,rural,7185.0,8.4,12.2,12.7,43.4,46.1,37.1,38.2,2.7,9.0,5.5,5.7,6.3,7.0,6.5,5.8,5.0,3.7,3.3,2.9,2.4,3.5,4.8,26.3,66.1,2.1,5.5,26.2,3.8,98.7,51.4,2.9,31.9,12.8,3.8,2.5,99.6,1.1,0.3,0.0,0.0,99.8,0.1,13.3,54.2,1.1,34.4,5.3,46.4,11.0,0.2,1.1,0.5,49.8,2.2,1099.0,12.1,8.8,1485.0,4.8,96.9,0.1,94.1,88.6,0.1,0.1,15.8,83.4,0.5,2.1,3.0,18.2,11.9,19.2,50.7,96.8,91.1,72.6,0.0,3.2,96.8,0.0,0.1,93.7,0.1,0.0,5.8,0.4,0.8,0.1,100.0
71911123,rural,7722.0,8.7,13.0,14.2,38.2,41.4,28.4,24.9,3.8,10.1,4.7,5.8,7.1,5.1,5.5,5.5,4.4,3.5,4.2,3.3,2.8,2.2,3.6,24.5,67.4,2.6,5.4,24.9,3.9,98.7,46.3,2.4,35.2,16.0,3.4,1.5,99.6,0.4,0.2,0.0,0.0,99.8,0.2,3.5,17.5,0.5,35.2,4.0,54.4,3.8,0.6,1.4,0.2,53.5,2.24,1055.0,12.5,8.3,1672.0,4.6,91.3,0.5,98.6,72.5,0.3,0.0,44.0,54.5,1.3,1.7,8.2,20.4,18.7,33.1,27.8,95.5,95.9,85.3,0.5,5.8,93.8,0.1,0.0,97.9,0.1,0.1,1.7,0.2,0.1,0.0,100.0
71911129,rural,6512.0,7.9,12.1,12.1,36.4,39.6,37.7,35.8,3.4,9.2,6.6,6.3,6.5,6.5,6.6,6.2,5.0,3.4,3.5,2.9,2.6,2.5,5.7,28.6,63.5,2.5,5.3,26.7,3.9,98.2,42.7,2.6,34.1,15.2,4.9,3.7,99.7,0.4,0.0,0.0,0.0,99.9,0.2,5.9,30.2,0.2,23.6,8.0,63.3,3.3,0.3,1.0,0.3,48.8,2.25,1069.0,11.5,8.0,1533.0,4.2,89.2,0.0,96.3,79.0,0.1,0.0,23.8,75.9,0.1,1.8,10.8,20.0,27.1,15.9,37.0,97.9,98.6,76.1,0.5,90.3,9.2,0.1,0.0,99.2,0.2,0.1,0.4,0.1,0.8,0.1,99.9
71911131,rural,6791.0,8.2,11.6,12.4,36.0,41.7,31.3,57.2,3.7,10.1,5.8,6.0,5.7,5.5,6.4,6.1,5.0,4.3,4.3,3.3,2.4,2.9,6.7,29.5,63.1,2.5,4.9,26.8,3.8,98.2,42.5,1.0,32.3,16.7,5.0,3.4,99.1,0.6,0.1,0.0,0.2,99.9,0.3,1.3,10.2,0.8,20.1,12.0,62.3,1.5,1.1,1.5,0.6,50.4,2.04,616.0,12.9,8.6,1547.0,4.4,91.3,0.1,96.7,97.3,0.1,0.1,36.8,62.7,0.1,1.9,8.7,22.8,23.9,24.1,29.1,99.2,98.6,82.5,8.7,11.3,80.0,0.1,0.1,99.1,0.1,0.0,0.8,0.0,0.0,0.3,99.80000000000001
71911133,rural,13242.0,9.1,11.2,11.6,38.7,45.9,40.0,18.3,2.9,9.3,7.2,6.8,6.7,6.2,6.4,6.2,4.7,3.7,3.4,2.6,2.2,2.5,2.8,32.7,61.1,1.8,4.5,27.9,3.7,97.0,45.1,0.6,31.3,13.5,4.8,3.9,99.2,0.2,0.3,0.1,0.1,99.8,0.2,6.7,24.8,0.5,53.9,7.0,24.5,4.9,0.2,0.7,8.3,47.9,1.85,2946.0,10.7,7.300000000000001,2765.0,4.8,97.3,0.3,95.9,96.7,0.6,0.1,46.1,52.9,0.2,1.9,2.4,22.0,33.9,21.6,22.5,98.8,98.7,88.0,1.5,64.7,33.8,0.3,0.0,98.0,0.7,0.2,1.0,0.0,1.3,0.0,99.7
71911141,rural,7230.0,7.9,11.3,12.5,32.5,37.1,38.7,36.5,4.0,9.9,7.0,6.5,5.8,6.1,7.0,6.5,5.7,3.7,3.4,2.2,2.1,2.3,3.9,30.3,62.5,2.8,4.5,26.9,3.6,97.7,38.2,1.3,34.4,18.6,4.9,3.8,99.6,1.7,0.1,0.0,0.0,99.7,0.5,8.4,39.1,0.3,31.4,5.6,53.0,0.4,8.2,0.4,0.7,49.3,1.79,1212.0,10.0,6.6000000000000005,1689.0,4.3,90.9,2.4,96.4,74.0,0.8,0.0,68.3,29.9,0.5,2.1,6.6,15.9,29.5,39.2,15.4,96.4,97.3,58.3,68.0,20.9,11.1,12.0,66.6,94.5,0.2,0.1,4.9,0.2,0.2,0.5,21.4
71911301,rural,8480.0,8.0,12.2,13.3,39.9,42.7,32.4,32.7,3.2,9.7,5.6,5.2,6.0,5.5,6.3,5.8,5.0,3.7,3.9,3.8,2.8,2.9,5.4,25.7,66.0,2.5,5.8,25.7,4.0,97.5,47.5,1.8,34.4,14.9,3.6,2.7,99.4,0.5,0.1,0.0,0.0,99.9,0.2,6.4,27.8,0.2,28.8,5.3,61.5,1.4,0.5,0.5,1.8,51.9,1.78,1228.0,13.4,9.5,1881.0,4.5,97.3,0.3,98.1,98.7,0.0,0.2,49.8,49.7,0.2,1.6,2.4,24.3,23.9,13.8,38.1,97.9,97.2,86.0,1.6,34.9,63.5,0.4,0.0,99.1,0.3,0.0,0.5,0.2,0.7,0.1,99.5
71911303,rural,6929.0,7.7,11.7,13.1,34.4,35.0,32.7,35.6,4.1,9.3,6.4,5.4,5.7,5.2,6.1,6.4,4.6,4.5,4.3,3.1,2.9,3.5,5.4,26.9,63.7,2.9,6.5,26.3,3.6,99.3,40.8,2.6,34.6,18.0,5.5,4.3,99.5,0.9,0.1,0.0,0.2,99.9,0.3,4.9,27.6,1.0,25.6,10.4,59.9,0.9,1.0,0.5,0.6,53.1,1.68,983.0,13.8,9.5,1642.0,4.2,93.5,1.6,98.1,98.7,0.0,0.1,56.5,40.7,2.2,1.6,4.8,22.6,27.7,24.2,25.5,95.9,97.3,54.3,0.9,47.8,51.3,0.1,0.1,94.7,0.1,0.0,4.4,0.9,0.6,0.5,99.89999999999999
71911305,rural,8614.0,7.7,10.7,12.1,36.6,39.7,37.0,42.2,3.3,9.6,6.9,6.2,5.9,5.5,6.7,6.2,5.5,4.1,3.8,3.3,2.7,3.2,4.6,29.4,62.1,2.6,5.9,26.8,3.4,98.4,42.7,2.0,32.4,18.5,4.0,3.3,99.7,0.3,0.3,0.0,0.0,100.0,0.2,4.1,23.0,0.4,25.1,9.5,63.0,1.2,0.2,0.6,0.0,51.0,1.71,1283.0,13.0,9.2,1891.0,4.6,92.2,2.5,97.9,91.2,0.0,0.0,49.9,49.8,0.3,1.8,5.3,29.1,20.3,13.2,37.4,97.2,97.1,66.4,1.2,0.6,98.2,0.1,0.8,98.5,0.1,0.1,1.2,0.1,0.3,0.0,99.1
71911309,rural,4832.0,7.6,11.8,12.7,35.1,40.9,33.8,31.0,3.5,9.6,6.1,6.0,6.2,5.0,6.1,6.0,4.8,3.8,4.3,3.7,2.9,3.4,3.4,27.3,64.7,2.9,5.2,26.0,3.9,96.4,41.3,0.3,34.0,17.1,4.3,3.4,98.6,0.8,0.1,0.0,0.0,99.9,0.3,4.1,20.6,1.0,34.4,9.0,49.6,4.2,0.9,0.1,0.7,51.8,1.49,764.0,14.3,10.0,1098.0,4.4,92.9,1.2,98.5,96.5,0.0,0.1,53.3,45.6,0.9,1.5,5.9,14.8,21.8,29.2,34.2,97.3,94.0,55.5,2.0,31.1,66.8,0.4,2.4,99.3,0.4,0.0,0.1,0.3,0.5,0.1,97.30000000000001
71911317,rural,6996.0,8.3,12.6,13.3,42.1,44.7,33.9,30.8,3.5,9.6,6.1,6.0,6.2,5.9,5.6,5.4,4.4,3.3,3.8,2.8,3.1,3.5,5.4,27.5,64.4,2.5,5.6,26.3,4.3,98.5,50.2,1.0,33.8,13.6,4.1,2.9,99.7,0.4,0.1,0.1,0.0,99.9,0.1,9.1,45.8,0.2,23.2,7.7,64.2,3.8,0.2,0.2,0.6,49.9,2.19,1081.0,13.2,9.4,1451.0,4.8,94.8,0.7,98.1,98.1,0.1,0.0,46.9,52.8,0.1,2.0,4.5,22.3,18.4,13.2,46.2,95.8,91.8,65.6,0.5,75.5,24.0,0.3,0.0,83.0,0.1,0.0,16.8,0.1,0.6,0.0,99.6
71911319,rural,6289.0,8.0,12.7,13.1,35.8,39.9,30.6,38.9,3.0,9.5,5.2,5.4,5.4,5.4,6.0,7.0,4.9,3.6,3.8,3.0,2.9,4.1,5.8,26.5,64.8,2.5,6.3,26.0,3.4,98.4,42.6,1.5,34.1,17.3,4.5,2.6,99.4,0.6,0.2,0.0,0.0,99.8,0.2,6.9,26.5,1.3,52.9,6.4,34.5,1.0,1.7,1.4,0.8,50.8,2.0,777.0,13.799999999999999,10.0,1433.0,4.4,93.9,0.1,98.4,95.0,0.0,0.0,25.0,74.4,0.5,1.9,6.0,11.8,21.7,24.3,42.2,97.1,95.2,62.1,0.6,30.8,68.6,0.1,0.0,90.5,0.0,0.3,9.0,0.1,0.9,0.1,100.0
71911325,rural,4188.0,8.2,11.8,12.3,38.0,40.1,31.3,19.8,2.9,8.6,5.9,5.3,5.5,5.6,6.5,6.8,4.2,4.5,4.7,3.2,3.3,3.7,5.8,24.6,65.7,2.8,6.9,25.9,3.8,99.4,44.7,2.0,32.1,17.3,4.8,3.7,99.6,1.1,0.1,0.0,0.0,99.8,0.2,9.2,51.8,0.1,24.0,6.3,66.2,2.1,1.0,0.3,0.0,53.0,2.06,712.0,14.899999999999999,10.2,1039.0,4.0,86.4,0.3,99.2,97.4,0.0,0.0,49.1,50.6,0.3,1.7,13.3,17.2,21.8,17.2,43.8,98.1,98.7,52.8,0.0,1.5,98.5,0.6,0.1,99.3,0.2,0.0,0.3,0.2,0.3,0.0,99.30000000000001
71911327,rural,6210.0,8.4,11.9,11.9,37.2,41.7,37.8,34.4,2.9,8.6,6.3,5.9,6.0,6.2,6.4,6.0,4.6,4.1,4.2,3.2,2.6,3.9,6.7,28.0,64.4,2.3,5.3,26.9,3.2,97.4,43.5,0.9,33.3,16.1,4.4,3.6,99.4,0.3,0.0,0.0,0.0,99.9,0.2,7.5,47.7,1.2,26.1,4.9,57.1,10.1,0.3,0.3,0.1,49.9,2.47,1043.0,13.9,9.700000000000001,1243.0,5.0,96.0,0.7,98.4,93.8,0.6,0.0,37.2,62.0,0.2,2.0,3.3,17.0,33.1,20.6,29.4,93.7,96.7,46.4,33.5,3.3,63.2,1.2,35.3,99.0,0.3,0.0,0.6,0.1,0.2,0.0,63.400000000000006
71911335,rural,9638.0,9.9,12.5,11.9,42.4,43.8,40.5,13.4,2.5,8.5,6.2,6.4,6.5,7.1,6.1,5.5,4.4,3.4,3.5,2.8,2.6,2.8,3.2,26.7,66.9,1.8,4.6,26.3,3.9,97.6,49.8,3.7,35.7,12.6,2.6,1.6,99.7,0.3,0.0,0.0,0.0,99.8,0.3,3.1,22.9,1.1,38.5,2.8,46.7,9.6,0.2,1.0,0.1,49.2,2.76,2222.0,11.7,8.2,1919.0,5.0,98.1,0.3,95.0,98.0,0.1,0.0,40.5,59.0,0.4,1.9,1.6,27.4,19.9,22.4,30.3,96.4,96.2,80.4,0.7,8.5,90.8,0.3,0.0,99.4,0.2,0.0,0.1,0.4,0.3,0.1,99.69999999999999
71911337,rural,8581.0,8.2,11.9,12.2,40.9,44.1,32.3,10.6,3.5,9.4,7.2,5.9,5.8,5.8,6.3,6.1,4.2,3.8,3.8,3.1,2.5,3.8,3.2,28.5,64.6,2.5,4.4,26.7,3.8,94.6,48.0,1.1,29.9,16.7,4.0,4.0,99.2,0.8,0.2,0.0,0.0,99.6,0.4,6.1,30.6,0.1,15.1,6.0,75.3,1.7,0.1,1.6,0.2,51.7,2.12,1680.0,13.2,9.399999999999999,1773.0,4.8,92.7,0.6,98.9,98.5,0.3,0.2,68.0,25.0,1.0,1.9,6.7,28.0,28.3,18.0,25.7,97.6,98.4,56.6,46.2,2.0,51.8,1.0,1.0,99.4,0.3,0.0,0.1,0.2,0.5,5.5,98.0
71911339,rural,5217.0,8.2,11.6,12.4,43.6,44.8,35.0,61.6,2.3,9.4,5.7,5.5,6.2,6.4,6.4,6.1,4.9,4.1,4.2,2.8,3.1,2.9,3.4,27.1,66.6,1.8,4.5,26.7,4.1,98.3,51.0,1.5,35.2,13.5,3.5,1.6,99.6,0.5,0.1,0.1,0.0,99.8,0.3,4.6,26.0,0.8,45.3,6.1,45.1,1.9,0.2,0.4,0.2,48.6,1.93,475.0,13.0,8.8,1214.0,4.3,92.8,0.1,98.7,96.8,0.2,0.0,32.0,67.4,0.4,1.8,7.1,18.2,22.4,31.0,28.4,96.9,92.8,82.0,0.4,26.2,73.4,0.0,0.0,82.4,0.0,0.2,17.1,0.2,0.8,0.1,100.0
72110101,urban,3629.0,8.8,10.9,12.1,30.0,40.8,35.3,10.2,2.8,8.3,7.1,6.6,7.3,6.4,6.2,5.3,4.2,4.0,3.6,2.9,2.9,3.3,3.3,28.9,63.6,2.1,5.5,26.9,3.9,89.4,34.6,1.2,28.6,12.1,7.6,9.6,22.1,95.4,2.7,0.1,0.1,95.9,28.2,5.2,24.2,1.1,23.9,27.0,11.4,0.5,0.8,1.3,34.1,48.5,2.18,784.0,12.7,9.1,974.0,3.7,78.4,11.3,95.2,68.3,0.3,0.0,81.1,18.2,0.4,1.4,10.3,35.9,31.0,23.8,9.4,96.7,98.1,17.8,71.0,16.7,12.3,55.1,16.3,98.5,0.1,0.1,1.2,0.1,,0.0,28.6
72110103,urban,5239.0,7.4,8.7,10.1,29.3,35.4,37.8,19.5,3.1,9.3,7.0,6.5,6.7,6.1,7.0,6.2,6.0,4.8,4.6,3.8,2.4,3.6,6.3,30.9,61.0,2.4,5.7,28.2,3.3,98.4,33.3,1.8,27.1,18.3,7.8,9.5,99.6,5.0,0.8,0.0,0.0,99.9,0.4,18.1,49.6,1.4,44.8,21.7,25.5,1.0,0.1,1.5,3.9,50.7,1.79,1174.0,14.399999999999999,9.799999999999999,1360.0,3.9,61.1,19.3,95.8,92.4,0.4,0.9,79.2,18.5,0.6,1.6,19.6,10.8,28.3,45.8,15.1,97.6,99.3,25.2,70.6,27.4,2.0,60.5,21.5,89.7,0.1,0.0,9.8,0.4,,0.4,17.900000000000002
72110105,urban,82136.0,5.9,7.7,8.5,16.1,23.9,44.3,17.4,7.0,7.8,7.4,6.6,7.3,7.0,7.2,6.8,6.5,5.6,5.6,4.0,3.0,3.1,4.2,35.3,53.7,4.9,6.1,29.2,2.4,95.8,17.8,1.8,22.8,18.2,19.2,14.2,97.6,18.1,1.4,0.7,0.1,98.4,1.3,28.6,70.6,4.6,27.9,20.8,38.5,1.0,0.4,3.6,3.3,50.7,1.78,23394.0,15.7,10.1,24719.0,3.3,56.1,33.9,99.2,95.7,2.4,19.7,75.8,0.5,1.2,1.3,10.0,15.9,34.9,40.6,8.6,98.0,99.4,81.7,94.6,2.8,2.6,93.2,5.2,98.6,0.4,0.1,0.8,0.2,,0.4,1.6
72110107,urban,4638.0,8.9,9.3,9.3,31.3,38.2,39.2,29.0,2.6,7.6,6.7,6.4,6.7,7.1,6.6,6.3,5.6,4.5,4.8,3.5,3.2,3.5,5.7,30.0,62.4,2.1,5.5,27.8,2.9,97.3,35.1,1.4,24.0,15.7,10.6,10.1,99.4,1.2,0.6,0.0,0.1,99.7,0.1,15.3,45.6,0.9,24.8,32.2,32.4,0.5,1.3,3.9,4.1,49.2,2.75,935.0,15.0,10.2,1322.0,3.5,75.2,15.4,97.7,90.1,0.3,0.4,75.3,22.5,1.1,1.5,9.4,24.3,34.7,32.8,8.2,96.6,97.0,35.7,49.3,7.6,43.1,56.4,0.2,71.8,0.0,0.1,27.7,0.5,,0.5,43.4
72110109,urban,11616.0,7.8,10.3,10.6,31.3,37.3,39.7,9.7,1.9,8.4,7.6,6.3,6.5,6.5,6.9,6.2,5.5,4.3,3.9,3.1,2.7,3.4,7.2,31.9,60.9,1.6,5.5,28.6,2.8,97.2,35.7,1.7,30.2,13.9,7.1,9.8,56.3,94.7,0.5,0.1,0.0,98.9,2.4,20.0,50.4,1.8,19.9,26.1,47.6,0.9,0.8,3.0,0.0,49.1,2.78,2964.0,13.1,9.200000000000001,2934.0,4.0,68.5,16.0,95.1,60.4,0.3,0.0,62.3,32.2,0.8,1.5,15.5,11.0,30.5,43.4,15.1,95.7,97.0,36.8,50.6,25.4,24.1,55.6,1.7,92.4,0.2,3.0,4.4,0.0,,4.4,42.7
72110303,rural,15981.0,7.4,9.3,10.7,46.7,51.6,41.9,22.0,1.7,9.6,7.0,5.6,5.8,6.3,6.2,6.2,5.1,4.6,4.8,3.6,3.2,4.7,4.9,31.2,60.2,1.6,7.0,27.6,3.7,98.8,53.3,1.4,27.2,12.3,4.6,2.9,98.4,0.4,0.1,0.0,0.1,99.7,0.2,8.1,29.0,2.1,32.4,7.2,50.6,4.7,0.0,1.6,1.4,47.7,2.41,3799.0,16.3,11.5,3994.0,4.0,92.9,1.4,92.3,72.3,0.4,0.2,20.5,77.2,1.5,1.7,5.7,14.7,17.5,30.6,37.3,96.2,96.9,12.5,2.2,21.6,76.1,2.3,0.6,64.3,0.1,0.3,35.1,0.2,2.7,0.2,97.2
72110305,rural,9435.0,7.7,9.4,10.2,40.1,44.5,35.6,39.8,2.0,8.3,6.7,5.5,6.6,6.0,7.6,6.3,5.5,4.5,4.9,3.4,3.3,4.2,5.4,30.0,61.5,1.8,6.7,27.8,3.1,97.7,45.5,2.5,27.9,15.5,5.8,3.8,98.9,3.1,0.1,0.0,0.1,99.4,0.2,8.6,34.5,0.7,42.3,11.5,35.1,0.8,0.7,3.9,5.1,48.3,1.96,1466.0,15.8,10.899999999999999,2432.0,3.9,86.6,5.6,96.9,88.5,0.8,0.0,29.2,68.7,0.7,1.6,7.7,9.1,18.3,26.9,45.7,95.4,97.9,10.1,0.8,32.3,66.9,0.8,11.6,53.5,0.0,0.2,45.6,0.7,1.7,0.5,87.60000000000001
72110321,rural,5608.0,6.8,9.7,10.1,44.4,47.0,42.8,24.6,2.0,8.7,6.5,5.6,6.1,6.9,6.9,5.4,6.0,4.3,4.8,3.7,3.5,5.1,5.1,30.3,62.3,1.7,5.7,27.4,3.5,97.4,50.2,1.9,31.9,13.1,4.1,2.1,99.2,0.7,0.1,0.0,0.1,98.9,0.0,5.9,35.5,2.0,19.4,4.9,66.0,1.4,0.3,1.2,4.9,47.1,2.0,1330.0,17.1,12.3,1422.0,3.9,96.8,0.2,95.7,86.3,2.2,0.1,9.7,86.6,1.0,1.4,3.0,11.1,18.6,44.9,25.4,96.2,97.5,7.3,0.6,28.2,71.1,3.9,0.1,65.2,0.1,1.0,33.3,0.4,1.3,0.4,95.9
72110325,rural,5062.0,8.9,10.9,11.4,48.8,53.7,34.0,13.0,1.7,8.8,6.1,5.0,6.4,5.9,5.9,5.2,5.6,3.9,4.5,3.8,3.3,4.4,4.1,25.5,67.4,1.5,5.6,26.5,4.1,96.4,56.5,1.5,30.1,8.9,3.6,2.2,99.3,0.5,0.0,0.1,0.0,100.0,0.1,6.1,29.0,0.5,29.5,7.6,50.4,0.3,0.6,0.2,10.9,49.3,3.22,1029.0,16.0,11.5,1301.0,3.9,93.7,1.9,90.2,88.3,0.1,0.0,25.6,74.0,0.3,1.6,4.4,14.3,18.8,23.7,43.3,96.1,98.0,24.4,0.6,18.8,80.6,7.8,0.3,28.0,0.0,0.2,71.3,0.5,3.0,0.0,91.80000000000001
72110331,rural,11532.0,7.1,8.9,10.1,42.2,47.3,37.7,15.2,1.9,8.4,6.5,5.5,6.5,6.1,6.2,6.5,6.0,4.9,5.2,4.0,3.2,5.0,8.2,28.7,62.9,2.3,6.1,27.4,3.1,93.9,47.7,1.8,29.9,13.1,5.1,2.9,95.8,29.1,0.4,0.3,0.0,98.9,4.5,10.3,41.2,0.1,31.6,4.4,47.4,0.0,1.0,0.7,14.9,48.3,1.58,2726.0,17.4,12.2,3122.0,3.7,89.9,2.4,94.9,94.3,4.4,0.1,40.3,54.3,0.9,1.4,7.7,7.9,17.0,23.3,51.8,91.3,97.5,11.9,2.2,31.6,66.2,0.5,12.8,72.5,0.1,0.9,26.0,0.5,1.6,0.0,86.7
72110331,urban,1685.0,9.4,10.1,8.2,22.3,30.7,44.7,19.9,3.4,7.1,6.5,8.4,8.2,8.5,6.6,5.9,5.0,4.2,3.8,3.0,2.7,2.4,2.8,25.8,66.9,2.6,4.6,25.4,2.4,97.9,24.8,3.3,25.8,17.4,13.2,9.6,98.9,25.1,0.5,0.1,0.1,98.9,10.4,16.0,40.9,1.6,30.2,23.0,37.3,0.9,0.5,4.1,2.3,49.8,1.83,434.0,11.9,8.1,496.0,3.4,47.3,45.7,99.4,98.2,3.5,0.6,92.7,1.2,0.6,1.2,6.9,8.4,74.5,16.5,0.6,99.4,100.0,75.5,2.2,47.1,50.6,1.0,98.2,99.0,0.2,0.0,0.6,0.2,,1.4,0.8
72110333,rural,6054.0,8.4,10.5,11.2,50.4,53.4,34.7,14.7,2.6,7.4,4.9,4.3,5.1,5.9,7.3,6.2,5.5,4.8,5.1,4.4,3.7,5.0,6.2,25.2,65.7,2.0,7.2,27.0,3.6,96.5,58.4,1.8,30.4,9.0,3.2,2.3,99.9,0.2,0.0,0.0,0.1,100.0,0.0,6.3,42.2,0.2,54.0,5.7,26.2,1.3,0.9,1.6,10.2,49.7,2.41,1251.0,18.2,13.100000000000001,1685.0,3.6,88.9,0.2,95.2,64.8,0.1,0.0,16.5,83.0,0.4,1.7,10.9,9.2,17.5,23.1,50.2,92.8,95.4,3.3,1.3,9.6,89.1,1.4,7.3,37.6,0.0,0.1,61.8,0.5,2.5,0.1,91.3
72110337,rural,6099.0,6.9,9.5,10.3,52.0,55.9,32.5,10.9,1.8,8.6,5.8,4.8,5.6,6.1,6.7,5.9,5.6,4.6,5.5,4.7,4.1,5.3,6.2,31.5,59.5,1.5,7.5,29.3,3.7,91.9,58.9,1.6,26.4,9.6,3.9,2.6,99.1,0.2,0.0,0.1,0.0,99.8,0.1,3.1,16.3,1.4,55.1,5.4,18.1,4.0,0.9,0.9,14.1,47.7,2.07,1293.0,19.599999999999998,14.100000000000001,1557.0,3.9,98.6,0.1,91.7,14.8,0.1,0.1,16.8,81.3,1.2,1.6,1.3,9.5,11.7,19.5,59.3,95.2,94.3,2.2,1.4,0.6,97.9,0.3,0.3,41.2,0.2,0.1,57.7,0.8,1.6,0.6,99.39999999999999
72110341,rural,10055.0,9.3,10.8,11.3,42.1,48.9,41.2,9.4,1.9,8.7,6.8,6.2,6.2,6.6,6.6,5.5,4.5,3.8,4.2,3.2,2.4,3.8,6.3,27.9,65.9,1.5,4.7,26.7,3.8,97.1,48.8,2.6,31.2,11.2,3.6,2.5,99.3,0.4,0.1,0.0,0.1,99.9,0.2,11.0,42.7,0.7,42.1,5.1,32.3,3.5,1.8,1.2,13.3,47.9,2.44,2571.0,13.600000000000001,9.399999999999999,2434.0,4.1,89.3,1.8,92.8,60.0,1.0,0.1,44.1,53.5,0.7,1.5,8.9,22.5,27.8,26.3,23.5,94.1,97.0,7.6,0.7,22.0,77.3,6.2,0.0,69.2,0.2,0.1,29.7,0.7,1.8,0.6,93.8
72110343,rural,10604.0,7.7,10.2,12.4,50.5,55.7,31.6,21.6,2.4,10.1,6.3,5.1,5.3,5.8,5.4,5.5,5.2,4.9,4.1,3.8,3.1,5.1,7.2,32.1,59.3,1.8,6.8,28.7,4.6,95.8,58.9,0.9,30.9,7.8,3.0,1.7,99.8,0.2,0.0,0.0,0.0,99.8,0.2,5.2,32.8,0.0,38.3,7.7,40.8,1.9,0.9,0.7,9.8,49.1,1.99,1828.0,16.1,12.0,2512.0,4.2,94.4,0.4,91.1,63.6,0.0,0.0,7.4,92.3,0.3,1.9,5.3,6.2,7.4,17.9,68.5,96.8,96.1,12.3,0.3,46.4,53.4,0.0,0.0,47.0,0.3,0.1,51.5,1.1,4.1,0.0,100.0
72110349,rural,9993.0,6.5,9.8,10.7,43.3,48.9,32.2,67.6,2.0,8.6,6.3,5.2,5.1,6.1,6.4,6.8,5.7,4.6,5.0,4.3,3.9,5.2,5.9,30.6,59.9,2.0,7.6,29.7,3.8,98.1,49.4,1.8,27.6,13.7,4.8,3.1,99.2,0.8,0.1,0.1,0.1,99.9,0.2,9.3,28.6,0.0,26.8,13.7,53.1,1.4,2.0,2.0,1.1,49.2,2.06,761.0,18.400000000000002,13.399999999999999,2545.0,3.9,95.6,0.3,94.6,73.7,0.1,0.0,9.2,90.5,0.2,1.7,4.1,8.4,8.7,16.0,67.0,94.3,95.2,5.7,0.6,34.6,64.8,0.1,0.1,45.1,0.1,0.1,54.4,0.3,1.9,0.0,99.80000000000001
72110351,rural,7302.0,8.2,10.1,11.1,38.8,46.0,37.8,21.0,2.9,8.9,6.6,5.5,6.0,6.1,6.3,6.4,4.7,4.5,4.8,3.6,2.9,4.2,7.3,28.4,63.6,2.1,5.9,27.7,3.8,97.7,44.7,2.7,27.7,12.7,5.9,4.9,99.5,0.7,0.2,0.0,0.0,99.7,0.5,15.0,47.5,1.3,38.2,13.9,36.8,2.4,1.5,2.0,3.9,50.4,2.23,1536.0,15.5,10.7,1811.0,4.0,84.5,6.4,91.5,49.6,0.2,0.1,36.2,62.0,1.2,1.7,9.1,14.7,17.8,30.0,37.5,95.7,97.0,11.3,1.6,45.4,53.0,4.5,4.7,55.3,0.3,0.2,44.2,0.1,1.6,0.3,90.80000000000001
72110505,rural,5370.0,6.6,8.8,10.7,43.5,45.6,35.2,13.9,3.0,8.6,6.1,5.6,5.8,6.1,6.4,6.4,5.8,4.6,5.2,3.9,3.8,5.6,7.5,27.5,63.5,2.4,6.6,27.6,3.0,96.9,49.4,2.2,30.8,12.8,4.8,3.8,67.5,91.4,0.4,0.0,0.1,95.1,1.2,11.2,52.8,1.2,58.4,4.6,24.0,0.3,2.8,3.2,5.4,49.5,2.13,1203.0,18.5,13.299999999999999,1453.0,3.7,93.4,1.9,97.7,96.1,5.7,0.0,13.6,77.3,0.7,1.5,4.7,10.3,18.0,29.3,42.4,97.5,98.5,30.6,2.1,26.6,71.3,0.8,0.8,85.2,0.6,0.1,13.8,0.3,1.6,2.7,98.39999999999999
72110507,rural,2563.0,5.2,7.6,10.7,52.8,61.2,25.3,26.9,1.3,8.1,4.8,4.0,3.9,4.1,5.0,6.6,6.5,6.4,6.5,6.4,5.8,8.4,7.3,26.2,62.7,1.1,10.1,31.0,3.4,96.6,59.9,0.7,22.3,8.3,4.4,3.0,31.6,98.9,0.4,0.2,0.0,97.5,7.8,2.3,13.5,0.3,55.8,18.0,21.3,0.3,0.6,0.6,3.3,54.0,2.25,362.0,27.1,20.6,768.0,3.3,97.7,0.3,96.3,33.9,0.1,0.0,12.4,86.8,0.1,1.2,2.1,1.0,3.3,12.0,83.7,64.5,93.2,25.9,0.7,90.1,9.3,0.0,0.0,50.7,0.0,0.9,48.4,0.0,2.2,0.5,100.0
72110517,rural,7604.0,8.8,10.3,10.6,42.1,48.8,36.8,7.5,1.3,8.8,6.6,5.8,6.8,6.4,6.3,5.9,4.8,4.3,4.2,3.3,3.0,4.1,3.8,26.8,66.3,1.2,5.7,26.8,3.5,88.4,48.1,0.8,32.2,12.5,3.3,2.4,41.4,99.4,0.1,0.0,0.2,98.9,2.7,5.9,35.2,0.7,25.0,5.4,65.6,0.1,0.2,2.0,1.0,47.9,2.52,1822.0,14.6,10.399999999999999,1792.0,4.2,97.7,0.2,94.4,72.1,0.0,0.1,49.6,49.7,0.6,1.4,2.2,23.9,22.5,22.7,30.9,94.4,96.6,34.3,0.2,35.8,64.0,0.1,0.2,70.4,0.3,0.1,29.1,0.2,3.3,0.1,99.8
72110519,rural,5086.0,8.2,9.9,9.3,40.8,47.2,32.9,7.6,2.0,7.9,6.9,5.9,5.8,5.7,6.7,5.8,6.1,4.9,4.1,4.0,3.5,5.2,4.6,27.7,64.6,1.2,6.5,27.8,3.9,98.5,45.9,2.9,32.1,12.3,2.8,2.7,14.4,99.3,22.3,0.0,0.1,99.5,0.9,6.0,46.5,0.4,8.5,6.5,79.4,0.5,1.2,2.9,0.6,48.8,2.25,1124.0,16.8,12.7,1311.0,3.9,97.6,0.2,95.4,81.5,0.0,0.0,60.6,38.9,0.5,1.5,2.2,7.0,23.7,34.0,35.2,97.4,98.7,8.1,0.3,2.1,97.6,0.2,0.0,93.1,0.2,1.0,5.7,0.1,1.3,0.0,99.8
72110521,rural,3507.0,6.5,8.6,10.7,51.0,54.3,26.5,5.7,1.5,8.8,5.2,5.2,5.5,5.4,5.5,5.7,5.6,6.3,4.5,3.8,4.5,8.2,8.4,27.1,64.1,1.3,7.5,28.6,4.0,94.1,58.2,2.4,29.1,8.8,2.4,3.0,20.8,99.5,0.1,0.0,0.0,99.5,0.9,5.1,10.8,0.5,6.8,9.2,58.1,0.2,0.8,0.6,23.9,48.6,2.23,649.0,21.0,16.5,951.0,3.7,97.1,0.1,93.2,11.1,0.0,0.1,15.5,83.8,0.6,1.6,2.8,3.4,26.6,36.8,33.2,78.7,94.3,0.7,1.5,3.2,95.4,0.0,0.0,39.0,0.2,1.7,58.7,0.4,1.8,0.0,100.0
72110523,rural,4815.0,7.0,8.6,11.2,55.9,57.2,30.2,11.8,1.3,9.0,5.9,4.8,4.7,5.8,5.6,5.4,6.3,5.2,5.0,4.2,4.2,7.2,7.0,27.9,64.0,0.8,7.3,29.3,3.7,96.1,63.6,1.4,25.8,8.5,4.1,3.0,11.2,99.5,0.5,0.0,0.0,98.5,1.7,4.4,32.6,0.5,9.8,6.7,80.4,0.5,0.6,0.2,1.2,49.7,2.62,939.0,20.599999999999998,15.600000000000001,1243.0,3.9,97.7,0.0,94.4,15.1,0.1,0.0,1.1,98.7,0.0,1.5,2.3,5.5,10.5,21.3,62.7,97.0,98.8,12.3,9.4,58.9,31.7,0.0,0.0,28.8,0.0,0.2,71.0,0.1,3.4,0.1,100.0
72110525,rural,7123.0,7.8,10.2,11.1,46.9,53.1,31.8,7.9,1.7,9.2,5.6,4.5,5.5,5.8,5.9,5.3,6.0,5.0,4.8,3.9,3.8,5.5,7.4,25.6,66.7,1.2,6.6,26.6,4.1,97.6,54.1,1.6,27.8,10.2,4.4,2.9,21.4,99.2,0.4,0.0,0.0,98.7,0.9,12.7,40.7,0.4,23.7,6.2,67.3,0.4,0.1,0.5,1.4,51.0,2.47,1478.0,18.0,13.2,1666.0,4.3,96.9,0.4,96.5,35.3,0.0,0.1,12.1,87.4,0.4,1.5,2.8,10.0,12.1,24.6,53.3,95.6,96.9,3.7,0.8,1.4,97.8,0.1,0.0,41.4,0.0,0.4,57.8,0.5,1.0,0.1,99.9
72110527,rural,5233.0,8.2,9.1,9.8,42.1,45.9,35.4,14.0,1.6,8.9,6.7,6.3,6.5,6.2,5.6,5.7,4.7,4.1,5.5,3.8,3.6,5.5,4.2,27.3,64.8,1.4,6.5,27.8,3.8,94.5,47.4,1.5,35.8,12.2,3.0,1.7,25.4,98.4,3.5,0.0,0.1,98.9,1.1,6.3,28.4,0.3,6.3,2.4,83.5,0.1,0.2,0.9,6.2,48.5,2.63,1160.0,18.4,12.9,1330.0,3.9,97.2,0.2,95.5,95.9,0.6,0.2,41.8,56.1,1.1,1.4,2.6,10.5,28.0,38.8,22.7,96.5,98.6,29.2,0.9,52.1,47.0,0.1,0.1,94.4,0.2,0.0,5.0,0.5,3.0,0.2,99.9
72110529,rural,5554.0,7.7,10.5,10.9,58.3,58.3,30.7,8.7,1.1,8.1,4.1,3.9,5.3,5.9,6.2,5.7,5.5,5.5,5.5,4.7,4.4,6.0,4.9,23.8,68.1,0.9,7.2,27.5,4.1,93.3,66.9,2.5,26.3,8.9,2.3,1.7,28.4,98.6,0.8,0.0,0.0,95.8,5.1,4.1,43.8,0.2,38.6,6.9,44.3,1.6,0.2,1.3,6.9,51.0,2.48,1103.0,20.6,15.100000000000001,1447.0,3.8,97.8,0.4,97.6,24.3,0.0,0.0,8.1,90.8,1.0,1.5,1.8,5.2,8.4,19.4,67.0,95.3,98.3,11.4,0.6,60.8,38.7,0.1,0.0,76.1,0.2,0.0,23.5,0.1,2.4,0.1,99.89999999999999
72110533,rural,4726.0,6.3,8.9,10.2,48.1,49.7,32.3,17.4,1.1,8.9,7.0,4.8,5.0,5.3,6.3,7.0,6.0,4.7,5.0,4.0,3.8,6.5,9.1,29.7,65.0,0.9,4.3,29.8,3.4,95.6,54.1,0.8,27.4,13.0,4.5,4.6,21.9,98.6,26.3,0.0,0.1,97.6,4.5,8.8,37.5,0.3,44.2,12.2,38.6,1.1,1.5,0.5,1.6,48.5,2.05,938.0,19.3,14.3,1294.0,3.7,95.5,0.4,95.9,25.6,0.0,0.0,26.2,73.4,0.2,1.4,4.1,6.1,24.4,38.3,31.2,94.7,98.3,11.8,1.9,83.6,14.5,0.2,0.1,76.3,1.1,1.0,21.5,0.2,0.9,0.2,99.69999999999999
72110535,rural,3548.0,7.7,7.8,9.5,52.2,57.4,28.3,7.8,2.2,7.8,5.2,4.9,5.8,5.1,6.1,6.0,6.5,5.2,5.7,5.3,4.6,6.9,6.1,26.0,64.4,2.1,7.6,28.0,2.9,94.4,58.7,1.0,27.2,9.7,2.9,1.8,52.8,99.1,0.6,0.0,0.0,99.4,0.1,9.1,55.5,0.0,30.4,6.9,53.1,1.9,0.4,1.6,5.8,50.3,2.65,695.0,22.5,16.799999999999997,985.0,3.6,96.2,0.0,95.5,84.5,0.2,0.0,16.5,82.9,0.3,1.5,3.8,7.6,14.4,17.4,60.6,97.0,97.7,1.2,0.1,64.4,35.5,0.0,0.0,67.5,0.0,0.0,32.5,0.0,3.2,0.0,100.0
72110537,rural,4877.0,7.5,8.3,8.8,40.7,45.1,36.7,13.3,3.0,7.6,6.2,5.5,6.2,6.5,6.2,7.2,6.1,4.7,5.4,4.3,4.1,5.5,5.8,28.6,62.7,2.6,6.1,26.8,2.9,95.9,45.2,0.9,28.8,13.5,6.9,4.8,66.1,91.8,0.6,0.2,0.1,93.6,0.9,10.1,42.4,1.6,48.3,4.6,36.8,0.3,0.3,0.9,7.2,48.8,1.88,1170.0,19.299999999999997,13.899999999999999,1482.0,3.3,90.0,3.3,96.7,49.6,6.5,0.0,70.0,22.3,0.9,1.3,6.7,11.2,31.4,37.4,20.0,99.1,99.1,46.1,2.9,75.4,21.7,0.9,2.2,95.1,0.5,0.2,4.0,0.1,1.3,0.2,96.9
72110539,rural,4850.0,7.4,9.0,10.2,42.2,44.5,30.1,30.5,2.2,8.8,6.6,5.6,6.7,6.4,5.6,5.5,6.4,4.9,5.2,3.7,3.2,4.9,7.8,27.9,63.5,1.8,6.8,27.8,3.6,96.6,47.6,0.7,34.1,12.2,4.8,3.6,19.0,97.9,1.2,0.1,0.1,97.1,4.4,6.7,35.2,0.7,22.3,4.2,70.2,0.4,0.1,1.7,0.4,48.5,2.43,745.0,17.0,11.8,1238.0,3.9,97.2,0.2,91.9,85.9,0.2,0.1,67.4,30.7,1.2,1.6,2.7,12.4,17.5,26.2,43.9,94.7,97.8,13.2,0.4,0.8,98.8,4.6,0.0,88.5,0.2,3.2,8.0,0.2,1.0,0.3,95.4
72110539,urban,4033.0,7.4,10.1,11.6,23.2,35.7,38.5,5.4,2.0,9.5,8.7,7.1,7.3,6.6,6.3,6.2,5.2,4.2,2.9,2.4,1.6,2.8,2.5,33.3,60.3,1.3,5.1,28.5,3.4,89.5,26.5,1.4,26.3,15.9,10.4,10.3,56.1,94.0,0.5,0.1,0.2,99.0,1.9,20.3,47.1,1.4,23.3,21.3,31.9,1.2,0.5,2.7,17.8,48.6,1.5,1039.0,9.7,6.8,991.0,4.1,66.6,26.3,98.2,99.5,0.1,2.0,95.3,0.1,0.5,1.6,7.0,28.9,43.3,27.8,0.0,99.9,100.0,58.4,2.2,0.2,97.6,78.8,20.3,100.0,0.0,0.0,0.0,0.0,,1.9,0.7999999999999999
72110541,rural,4999.0,9.1,9.6,9.5,40.8,47.6,37.9,8.1,1.8,7.6,7.2,6.6,7.0,7.4,5.7,5.4,4.9,4.5,4.3,3.6,3.3,4.4,9.5,26.5,67.2,1.4,4.9,26.9,3.6,95.1,45.9,2.4,33.4,11.2,2.6,2.8,54.7,98.9,0.4,0.0,0.1,97.8,4.1,7.6,48.3,3.0,5.5,4.2,84.9,0.0,1.5,0.2,0.6,48.1,2.53,1252.0,15.6,11.3,1265.0,4.0,96.6,0.3,96.4,25.2,0.0,0.0,39.4,59.7,0.3,1.5,3.1,14.6,25.6,25.5,34.3,95.3,97.7,23.4,1.8,50.9,47.3,6.3,0.2,81.2,0.1,0.9,17.8,0.1,3.6,0.6,93.5
72110547,rural,6358.0,8.2,10.0,9.2,44.2,47.4,35.9,13.3,1.8,8.1,7.3,6.2,6.2,6.3,5.6,6.2,5.3,4.6,4.2,3.6,3.5,5.4,5.8,29.4,63.6,1.2,5.8,28.1,3.3,96.4,49.4,3.2,32.7,10.9,3.4,2.5,12.2,99.5,12.4,0.1,0.1,99.2,11.7,6.0,31.6,0.2,15.7,4.7,71.8,0.1,1.4,5.4,0.6,48.3,2.23,1436.0,16.700000000000003,12.5,1542.0,4.1,97.2,0.7,94.4,31.2,0.0,0.1,22.0,77.5,0.2,1.5,2.1,8.9,23.0,28.1,40.0,94.9,97.9,16.5,1.2,3.6,95.3,0.9,0.3,63.2,0.1,1.2,35.3,0.1,2.4,0.2,98.69999999999999
72110549,rural,3770.0,6.9,9.3,10.0,46.8,48.2,38.2,10.9,2.6,7.8,6.5,4.9,6.0,5.7,5.4,5.1,5.3,6.1,5.5,4.8,4.5,6.3,5.4,27.0,63.6,1.9,7.5,27.8,3.7,97.5,53.0,2.7,32.5,10.9,3.1,2.6,35.0,98.2,2.3,0.0,0.1,99.5,1.0,7.3,32.2,8.2,33.6,6.9,22.5,1.1,0.3,2.5,24.8,50.8,1.64,946.0,21.1,15.600000000000001,984.0,3.8,95.0,2.1,96.7,82.2,0.2,0.0,20.8,78.1,0.2,1.4,2.9,9.5,15.0,19.6,56.0,89.3,96.0,11.1,2.3,94.6,3.1,3.4,0.9,49.4,0.0,0.1,50.2,0.3,1.3,0.7,95.8
72110551,rural,4946.0,9.6,10.4,9.7,36.9,42.7,37.8,6.1,1.5,7.5,7.5,7.4,6.5,6.6,6.1,5.3,5.1,4.5,3.4,3.4,2.5,4.4,6.1,27.2,66.1,0.9,5.8,27.0,3.8,97.6,41.8,4.4,34.4,12.4,3.4,2.7,14.1,99.2,0.4,0.0,0.0,99.2,0.9,7.0,39.4,0.1,8.4,5.2,83.5,0.3,0.2,0.5,1.9,46.8,2.5,1234.0,13.700000000000001,10.3,1233.0,4.0,97.9,0.0,89.3,82.4,0.0,0.1,48.2,51.2,0.6,1.5,2.1,9.5,25.8,32.8,31.9,95.7,98.3,10.3,0.5,19.8,79.7,0.3,0.0,93.0,0.2,0.0,6.7,0.1,0.9,0.0,99.60000000000001
72110701,rural,1656.0,5.4,9.5,12.1,47.3,50.8,27.6,28.8,1.5,9.0,5.4,5.6,4.3,4.6,6.0,5.3,5.2,5.0,4.8,5.0,4.6,8.2,7.2,27.9,62.7,1.2,8.1,30.1,4.6,97.4,55.1,2.8,29.8,10.0,4.2,2.4,30.9,98.4,1.2,0.0,0.1,98.8,0.9,13.6,50.5,1.3,33.8,21.5,30.0,0.0,2.1,1.7,9.7,49.4,2.6,237.0,22.6,17.799999999999997,432.0,3.8,96.8,0.9,91.7,1.6,0.2,0.0,14.6,85.2,0.0,1.2,2.3,8.3,12.7,29.9,49.1,73.8,87.0,5.1,0.0,2.3,97.7,0.0,0.0,21.1,0.0,1.2,77.5,0.2,1.6,0.0,100.0
72110703,rural,6499.0,7.7,10.8,13.0,51.2,55.7,30.6,10.7,2.2,8.2,4.8,4.2,5.0,5.6,5.6,5.4,5.0,5.0,4.9,4.3,4.3,6.2,6.8,23.9,66.4,1.6,8.1,27.0,4.8,96.8,60.5,1.4,29.1,8.0,3.2,2.6,31.6,99.2,0.6,0.0,0.0,99.1,1.2,11.8,59.2,0.4,35.8,11.2,41.6,1.0,0.1,0.3,9.6,51.4,2.45,1218.0,19.7,14.8,1712.0,3.8,96.4,0.1,89.5,13.0,0.1,0.0,4.5,95.2,0.2,1.4,3.4,4.6,6.8,18.2,70.4,81.9,91.6,1.1,0.4,47.3,52.4,0.1,0.1,38.1,0.1,0.1,61.4,0.3,2.9,0.0,99.9
72110709,rural,4437.0,8.2,10.4,12.6,56.2,59.8,25.4,50.3,1.5,9.1,4.3,3.9,4.8,5.5,5.1,5.4,5.0,5.1,5.5,4.8,4.0,6.2,9.7,23.8,67.5,1.1,7.6,26.8,4.7,89.2,65.1,5.2,27.9,4.9,1.0,1.1,17.6,99.2,0.4,0.0,0.1,94.3,9.4,0.8,14.3,1.6,33.2,22.1,37.7,0.8,0.8,1.8,2.1,52.1,3.4,385.0,20.5,15.0,1207.0,3.7,99.4,0.0,83.2,23.4,0.0,0.0,1.4,98.6,0.0,1.4,0.6,3.1,7.1,17.5,72.3,38.6,75.8,2.7,0.5,51.0,48.5,0.0,0.1,13.3,0.0,0.1,86.6,0.1,5.0,0.0,99.9
72110711,rural,7077.0,8.1,10.3,11.9,51.9,52.6,31.5,19.1,1.7,8.4,5.6,4.8,5.5,5.5,6.3,5.9,5.7,4.5,4.8,3.9,3.8,4.9,5.1,24.5,67.1,1.3,7.1,26.8,4.1,97.3,60.1,1.7,30.4,9.0,3.4,2.9,31.4,98.4,0.9,0.0,0.0,98.1,2.3,5.8,35.2,0.4,36.6,14.0,36.4,0.2,0.0,0.8,11.6,50.5,2.69,1257.0,17.4,12.6,1742.0,4.1,95.1,1.3,94.2,69.1,0.1,1.3,10.6,87.8,0.2,1.6,3.7,8.3,20.1,30.6,40.9,84.9,96.8,2.6,0.9,57.2,41.9,0.1,0.0,70.5,0.0,0.1,29.2,0.2,1.3,0.0,99.9
72110713,rural,3940.0,7.2,10.0,12.2,54.8,59.5,23.5,17.9,0.7,9.3,5.0,4.0,4.8,4.7,5.4,5.7,5.7,4.8,4.3,5.1,4.3,7.6,8.2,25.6,65.3,0.9,8.2,28.3,4.6,91.7,63.5,0.3,30.0,6.1,2.0,2.1,6.6,98.3,0.4,0.0,0.1,98.5,1.8,3.4,15.1,0.6,16.0,14.9,59.0,0.4,0.6,5.6,3.0,51.8,2.71,536.0,21.299999999999997,17.0,1015.0,3.9,95.8,0.5,87.8,0.4,0.0,0.0,2.9,96.7,0.4,1.6,3.7,5.1,7.6,10.0,77.2,58.4,87.3,1.6,0.2,0.9,98.9,0.1,0.0,18.2,0.0,0.5,81.3,0.0,5.3,0.1,99.89999999999999
72110715,rural,5818.0,8.3,11.4,12.0,49.7,54.3,33.5,15.3,1.3,8.9,5.2,5.1,5.6,5.4,6.1,5.4,5.1,4.8,4.4,3.3,3.6,5.2,6.2,24.0,69.2,1.0,5.7,26.5,4.3,97.0,58.3,2.5,30.3,7.7,3.5,1.8,54.0,99.0,0.3,0.0,0.0,98.8,6.8,4.0,38.7,0.3,38.7,6.7,37.4,0.4,0.2,0.8,15.4,49.6,2.83,1128.0,16.5,12.100000000000001,1470.0,4.0,97.3,0.1,95.9,64.5,0.1,0.1,11.4,87.9,0.3,1.8,2.7,9.6,11.2,30.3,48.9,92.9,96.2,5.1,0.3,52.5,47.1,0.2,0.1,78.3,0.1,0.4,21.1,0.1,5.8,0.3,99.8
72110731,rural,4050.0,8.2,11.4,11.6,48.5,55.2,33.5,2.7,2.2,8.1,5.1,4.6,5.6,5.9,6.3,5.2,5.2,5.0,4.4,4.4,4.0,4.9,5.7,26.2,66.2,1.2,6.5,28.2,3.7,97.1,56.5,0.7,30.0,8.8,3.3,1.9,34.4,76.4,25.0,0.0,0.0,99.6,0.3,6.1,41.4,0.2,49.2,6.9,40.5,0.8,0.7,0.8,0.9,48.8,3.09,908.0,17.700000000000003,13.3,943.0,4.3,96.9,0.0,95.9,78.0,0.1,0.0,7.2,92.3,0.3,1.5,3.1,7.4,9.0,16.9,66.7,90.5,96.2,2.7,0.0,55.9,44.1,0.1,0.1,55.9,0.1,0.0,42.9,1.1,1.4,0.1,99.8
72110743,rural,2910.0,7.5,11.1,12.7,53.9,60.1,32.8,7.6,1.8,7.9,4.0,4.1,4.8,4.6,5.8,5.7,5.8,5.2,5.0,4.1,4.5,7.4,11.8,21.2,67.5,1.5,9.7,26.5,4.1,97.3,63.5,1.5,27.8,7.6,1.8,1.2,41.2,99.5,0.4,0.0,0.0,98.8,1.6,5.0,50.3,0.2,25.0,8.7,41.5,2.3,0.2,0.5,21.6,52.2,2.54,607.0,21.0,16.0,757.0,3.8,97.0,0.3,89.7,40.6,0.0,0.0,5.2,94.7,0.0,1.6,2.8,5.0,6.7,10.8,77.4,64.3,97.0,6.9,0.1,43.7,56.1,0.0,0.0,40.8,0.1,0.1,58.8,0.1,2.3,0.1,100.0
72110745,rural,3209.0,6.4,9.1,11.6,55.8,60.3,27.1,17.5,0.7,8.6,4.5,3.5,4.5,4.4,5.0,5.6,6.0,6.4,5.7,5.7,5.1,7.8,7.3,22.8,67.7,0.9,8.6,27.7,4.2,91.3,64.4,0.9,26.8,6.5,3.0,2.5,21.6,99.1,0.3,0.0,0.0,97.5,2.9,6.8,32.5,0.0,22.6,11.7,55.4,1.1,0.0,0.4,8.8,52.0,2.17,523.0,24.3,18.6,919.0,3.5,96.3,0.5,94.8,93.2,0.0,0.0,4.4,95.3,0.3,1.4,3.2,6.3,9.3,44.9,39.5,85.7,96.8,1.4,0.2,96.4,3.4,0.1,0.1,30.5,0.1,1.0,67.9,0.5,5.0,0.0,99.8
72110901,rural,6027.0,7.7,10.3,11.8,52.2,54.2,29.2,34.0,0.9,8.2,5.1,4.1,5.1,6.1,6.4,6.6,5.6,4.9,5.0,4.0,3.4,5.6,8.4,26.3,66.0,0.9,6.9,27.7,3.7,93.7,60.3,1.4,30.8,9.0,2.8,1.9,90.4,36.3,1.2,0.1,0.0,98.5,1.9,7.4,36.0,0.2,52.0,7.7,20.7,0.1,5.2,1.0,13.0,49.2,2.34,815.0,18.0,13.0,1557.0,3.9,96.6,0.0,95.7,86.2,0.3,0.0,5.7,93.7,0.3,1.5,3.4,6.0,9.5,16.9,67.6,91.8,95.7,24.6,3.0,36.6,60.5,1.7,0.3,60.5,0.1,0.3,38.6,0.5,1.5,0.0,98.0
72110907,rural,5934.0,8.5,11.0,10.7,47.6,50.7,34.9,19.8,1.0,8.4,6.3,5.7,6.9,5.9,6.4,5.8,4.7,4.3,4.3,3.2,3.8,4.3,5.3,26.4,67.1,1.1,5.5,26.7,4.5,95.8,54.7,1.7,31.3,11.1,3.4,1.8,98.7,0.7,0.1,0.0,0.1,99.6,0.2,7.1,45.5,0.0,25.6,4.7,18.9,3.3,3.3,0.8,43.4,47.7,2.29,1158.0,15.600000000000001,11.3,1389.0,4.3,74.1,0.0,93.2,87.0,0.1,0.0,4.1,95.1,0.4,1.8,25.9,10.5,7.3,13.4,68.8,92.8,88.6,8.9,0.9,0.1,99.0,0.6,0.0,58.5,0.1,0.6,40.0,0.8,2.8,0.3,99.39999999999999
72110909,rural,9476.0,7.9,10.2,10.9,45.0,48.5,34.8,11.1,1.4,8.4,6.2,5.4,6.1,6.6,6.0,6.4,5.5,4.2,4.5,3.7,3.4,4.7,7.6,29.1,62.8,1.4,6.7,29.4,4.0,97.0,51.8,2.3,27.5,10.6,5.8,5.3,98.4,5.9,0.7,0.0,0.0,99.6,0.9,9.1,33.3,1.0,29.6,9.8,36.3,0.5,1.7,0.7,20.4,48.0,2.79,2081.0,16.3,11.8,2316.0,4.1,95.1,1.4,95.4,86.4,0.0,0.0,15.0,84.5,0.4,1.8,3.5,8.5,6.6,20.1,64.8,98.6,98.4,18.6,1.2,0.4,98.5,0.4,0.0,71.3,0.2,0.0,28.2,0.3,2.2,0.1,99.6
72110911,rural,6699.0,7.6,10.0,11.4,48.5,54.7,30.6,22.8,1.8,8.6,5.8,6.0,5.9,5.6,7.2,5.9,6.4,4.0,4.8,3.6,3.1,4.3,6.9,27.6,64.7,1.6,6.1,27.2,3.7,91.8,56.0,1.5,27.2,11.8,2.6,2.1,98.8,2.0,0.2,0.1,0.2,99.7,0.4,5.8,28.6,0.4,44.7,7.2,19.6,1.0,3.3,1.2,22.8,49.3,2.44,1125.0,15.8,11.0,1701.0,3.9,96.2,0.7,91.4,45.7,0.1,0.0,16.7,82.0,0.9,1.7,3.1,6.6,10.5,37.2,45.7,91.1,94.5,4.1,0.9,60.8,38.3,0.5,0.1,56.7,0.2,0.2,42.2,0.8,1.0,0.3,99.3
72110913,rural,4932.0,7.7,9.3,10.2,45.7,49.5,35.2,29.5,1.5,7.6,6.8,5.6,5.7,6.1,6.1,6.5,5.7,4.8,5.2,3.8,3.1,5.9,7.6,29.1,62.9,1.8,6.2,27.9,3.6,97.9,51.9,2.7,29.1,13.8,2.5,2.4,99.7,3.1,0.5,0.0,0.0,99.7,0.3,8.0,31.0,0.4,53.0,5.6,22.9,2.7,1.8,3.5,10.0,47.8,2.28,890.0,18.0,12.8,1262.0,3.9,92.4,0.0,94.6,68.3,0.1,0.1,8.9,90.6,0.3,1.7,7.6,7.4,9.8,16.7,66.0,96.2,97.0,3.1,0.2,25.4,74.4,0.0,0.0,51.0,0.0,0.4,47.9,0.7,2.1,0.1,100.0
72110915,rural,6479.0,7.8,10.2,10.3,43.4,48.6,37.4,5.3,1.6,8.7,6.2,5.7,6.7,6.4,6.6,6.1,5.3,4.1,4.4,3.6,3.1,4.8,5.2,28.1,64.4,1.5,5.9,28.2,3.7,98.2,49.4,1.8,28.0,11.9,5.6,4.2,99.7,1.4,0.0,0.0,0.1,99.8,0.3,10.8,42.8,0.1,51.2,5.5,39.0,2.4,0.9,0.5,0.4,48.5,1.84,1647.0,15.899999999999999,11.5,1497.0,4.3,96.5,0.3,96.3,95.5,0.1,0.1,8.5,90.4,0.4,1.7,3.2,11.3,12.7,26.6,49.4,97.1,97.7,15.2,0.9,0.1,99.0,0.4,0.1,64.0,0.3,0.1,35.3,0.2,2.1,0.5,99.5
72110917,rural,4378.0,8.3,10.3,11.7,49.5,51.6,35.9,6.3,1.3,9.2,5.4,4.9,5.4,5.5,6.6,6.5,5.5,4.9,4.1,3.7,3.3,4.7,3.5,27.9,65.1,1.0,5.9,27.2,4.1,98.6,57.5,2.0,26.5,10.3,5.7,3.9,97.7,47.9,0.3,0.0,0.0,99.7,0.5,12.3,42.0,1.1,50.7,9.6,34.4,2.3,0.0,0.3,1.6,48.1,2.68,1025.0,15.8,11.7,1065.0,4.1,88.2,3.7,99.1,86.1,0.2,0.0,28.6,70.6,0.3,1.6,8.1,10.7,17.1,32.1,40.1,98.0,98.6,10.0,1.1,34.8,64.1,16.8,1.0,84.3,0.1,0.0,15.5,0.2,1.1,0.4,82.2
72110919,rural,5316.0,7.8,11.3,11.8,44.8,50.5,37.0,21.6,1.4,8.8,5.5,4.6,5.8,5.4,6.1,6.1,5.3,4.9,4.7,4.2,2.9,4.8,5.4,25.1,68.0,1.0,5.9,27.4,4.3,97.6,52.3,1.1,31.1,10.6,3.8,2.9,99.4,25.2,0.4,0.0,0.1,99.7,0.3,5.4,25.5,0.8,34.9,7.0,37.2,1.1,0.0,1.9,17.1,50.7,2.35,1064.0,16.6,11.899999999999999,1263.0,4.2,94.4,0.5,97.5,97.3,0.0,0.0,8.3,91.1,0.6,1.6,5.2,7.6,7.0,11.3,74.1,95.2,93.7,15.9,0.2,79.7,20.1,0.1,0.0,66.9,0.2,0.6,31.3,1.0,1.8,0.0,100.0
72110923,rural,3573.0,7.6,10.8,11.7,50.8,54.0,35.1,7.8,1.3,8.6,5.6,4.8,5.5,5.1,5.9,7.0,5.3,5.0,4.5,3.7,3.4,5.5,5.5,24.9,67.0,1.1,7.0,26.9,4.5,97.1,59.2,1.7,29.7,9.7,2.7,2.3,99.6,0.8,0.0,0.0,0.0,100.0,0.1,11.6,53.8,2.0,29.3,6.9,56.9,1.7,0.1,2.4,0.6,51.1,2.08,808.0,17.1,12.6,853.0,4.2,95.1,0.0,96.5,80.9,0.2,0.4,9.3,88.7,1.4,1.8,4.9,12.2,8.8,8.3,70.7,96.5,97.1,65.1,0.9,76.5,22.5,0.2,0.0,55.9,0.1,0.0,43.8,0.2,1.4,0.0,99.8
72110927,rural,6488.0,8.0,10.3,12.9,51.3,55.3,33.5,37.8,1.3,8.8,5.1,4.3,5.6,5.5,6.5,5.9,5.8,4.8,4.5,3.5,3.6,5.0,5.6,24.5,68.2,1.2,6.1,26.6,4.5,97.5,60.8,1.8,28.8,8.8,3.2,2.1,99.5,0.3,0.1,0.0,0.1,99.8,0.4,11.1,53.9,0.4,38.5,8.6,49.2,2.0,0.0,1.1,0.1,51.2,2.37,929.0,16.6,12.1,1557.0,4.2,95.8,0.2,91.3,89.3,0.3,0.1,6.4,92.7,0.4,1.7,4.0,9.1,9.3,18.8,62.7,93.6,96.2,17.1,0.2,68.7,31.1,0.1,0.1,31.9,0.1,0.2,67.3,0.6,2.4,0.1,99.9
72110929,rural,3951.0,8.4,9.9,11.7,44.8,50.1,35.3,14.2,2.2,8.1,6.4,5.6,6.3,6.3,7.0,6.6,5.4,3.8,3.8,3.4,3.3,3.8,5.3,29.1,62.8,1.7,6.4,27.9,3.6,92.6,52.1,1.4,30.5,11.4,3.7,2.9,99.0,0.8,0.0,0.0,0.3,100.0,0.1,4.7,39.0,0.4,15.3,3.9,31.8,1.9,0.8,3.1,42.8,47.9,2.16,837.0,14.3,10.5,936.0,4.2,95.4,0.0,94.7,93.9,0.0,0.0,10.5,88.2,1.0,1.7,4.6,10.5,5.8,11.8,72.0,96.3,96.9,63.5,0.1,0.2,99.7,0.1,0.0,54.7,0.2,0.0,43.2,1.9,0.8,0.3,99.89999999999999
72110935,rural,7567.0,8.7,11.1,11.0,46.0,51.6,36.8,20.9,1.0,8.2,5.7,5.3,6.2,6.2,5.9,6.0,5.3,4.5,4.4,4.0,3.4,4.0,5.9,25.4,67.0,1.1,6.5,26.9,4.3,94.3,53.0,1.6,33.3,9.7,2.3,1.5,99.1,0.3,0.0,0.0,0.1,99.9,0.1,6.8,38.9,0.1,44.3,6.7,32.7,2.5,0.2,0.5,12.9,48.8,2.47,1522.0,15.8,11.4,1800.0,4.2,98.8,0.2,94.8,62.3,0.1,0.0,26.0,73.5,0.3,1.7,1.1,12.0,13.0,21.6,53.5,95.2,95.8,1.2,0.4,38.9,60.6,0.0,0.1,32.4,0.0,0.0,67.2,0.3,2.2,0.1,99.9
72110939,rural,7681.0,8.3,11.2,12.7,46.0,52.0,36.8,17.9,1.2,8.7,5.5,4.9,6.1,6.0,6.2,5.5,5.5,4.2,4.1,3.4,3.0,4.7,6.8,25.0,68.2,1.1,5.8,26.3,4.4,97.5,54.4,1.9,30.3,9.9,3.5,2.4,99.7,0.1,0.1,0.0,0.0,100.0,0.1,9.5,37.9,0.3,25.2,8.5,38.2,1.8,3.2,1.2,21.6,50.0,2.22,1569.0,15.2,11.100000000000001,1801.0,4.3,90.9,0.9,93.3,84.2,0.0,0.6,9.8,89.3,0.2,1.7,8.1,9.5,12.8,15.4,62.3,95.9,96.9,15.6,0.2,24.1,75.8,0.1,0.0,38.7,0.1,0.1,61.0,0.3,1.1,0.1,99.9
72110945,rural,4306.0,8.2,10.6,11.4,50.4,56.0,31.9,9.8,1.3,8.3,5.7,5.4,6.1,5.3,5.9,6.2,5.6,4.6,4.7,3.4,3.5,5.1,10.1,25.5,67.0,1.3,6.2,27.2,4.0,92.0,58.1,0.8,30.7,8.3,2.2,1.9,99.0,0.3,0.1,0.0,0.0,99.7,0.4,3.9,24.4,0.1,49.8,8.3,22.1,0.9,0.0,0.1,18.6,50.0,2.01,867.0,16.7,12.0,963.0,4.5,95.4,0.2,95.8,88.0,0.0,0.0,5.2,94.0,0.6,2.0,4.4,9.3,11.0,16.7,62.9,95.1,96.9,31.8,0.4,79.8,19.8,0.0,0.1,44.1,0.2,0.2,55.2,0.2,1.6,0.2,99.89999999999999
72110947,rural,5796.0,8.2,10.7,12.0,43.7,49.4,36.9,27.5,1.3,8.4,6.1,4.8,6.5,6.1,6.9,6.2,5.7,4.3,3.8,3.3,3.3,3.9,7.1,27.0,66.6,0.9,5.5,27.3,4.3,95.0,51.0,1.1,29.9,12.1,4.6,2.8,99.1,2.0,0.2,0.0,0.1,99.8,0.8,8.6,40.1,0.6,35.8,5.9,51.6,1.3,0.4,2.7,1.8,49.0,2.39,1074.0,14.299999999999999,10.5,1407.0,4.1,94.1,0.2,96.1,94.2,0.1,0.0,5.0,94.7,0.2,1.8,5.7,12.4,13.6,18.1,56.0,97.4,97.7,3.6,0.3,16.6,83.2,0.1,0.1,57.1,0.1,0.1,42.3,0.5,2.7,0.1,99.69999999999999
72110947,urban,1546.0,7.7,9.6,8.8,22.9,28.5,47.3,18.1,2.4,8.5,9.6,8.3,8.2,7.0,5.4,6.3,4.7,5.4,3.8,2.1,2.3,2.3,4.1,33.0,61.3,1.7,4.0,27.8,3.4,98.8,25.6,3.5,26.3,14.8,12.7,14.2,99.9,2.1,1.4,0.1,0.0,99.7,2.9,21.6,48.3,0.5,44.6,41.2,5.0,0.9,3.0,2.1,2.7,50.2,1.58,439.0,10.5,6.7,443.0,3.5,55.1,27.5,96.1,94.7,2.8,0.2,87.3,7.2,1.2,1.4,17.4,22.2,35.6,36.3,5.8,96.8,98.1,72.2,0.0,0.0,100.0,0.5,97.9,95.1,0.0,0.7,3.9,0.2,,1.4,1.5999999999999999
73510101,urban,11986.0,4.4,5.2,6.4,17.1,23.7,43.8,22.9,6.6,6.6,7.2,6.2,6.8,5.7,6.2,6.0,6.9,7.7,8.1,6.2,4.3,5.8,5.1,39.6,47.0,6.0,7.4,30.8,2.1,95.4,18.3,1.1,20.6,19.0,19.6,16.1,96.3,11.8,1.8,0.0,0.2,97.2,1.4,31.2,71.4,7.4,25.4,12.2,52.3,0.3,0.4,0.7,1.3,52.1,1.33,3399.0,24.400000000000002,16.3,3345.0,3.6,78.0,17.7,99.4,99.2,4.9,10.5,83.4,0.6,0.4,1.1,4.4,9.9,25.0,52.9,12.2,99.1,99.6,88.7,99.3,0.0,0.7,78.5,21.0,97.5,2.5,0.0,0.0,0.0,,0.2,0.6
73510113,rural,105993.0,9.4,10.8,10.8,20.5,27.2,44.8,18.7,3.8,8.8,7.0,6.9,7.6,7.5,7.2,6.3,5.0,3.8,3.4,2.3,1.6,1.6,4.3,29.9,63.7,2.7,3.7,26.6,2.9,96.7,23.5,3.4,31.3,19.6,11.5,7.0,97.6,20.8,2.2,0.1,0.1,98.9,1.5,17.7,52.2,2.9,29.9,9.0,50.8,0.6,2.7,2.0,2.1,49.0,2.61,26644.0,8.899999999999999,5.5,26168.0,4.1,71.0,22.8,97.8,98.7,2.9,4.4,76.8,11.6,0.8,1.6,6.2,28.9,43.5,22.7,4.9,98.9,99.6,51.6,54.6,34.4,11.0,82.0,14.3,99.1,0.4,0.0,0.2,0.2,0.4,3.4,3.7
73510201,rural,37448.0,9.0,10.2,10.5,27.0,33.5,40.6,14.7,3.3,8.5,7.1,6.9,7.3,6.9,7.0,6.4,5.2,4.0,3.8,2.8,2.0,2.4,4.1,29.6,63.8,2.3,4.3,26.4,3.0,95.8,31.0,1.8,30.6,19.7,8.9,5.5,98.0,13.9,1.3,0.0,0.1,98.7,0.9,11.6,43.3,1.9,27.2,6.2,53.2,0.8,0.6,2.2,8.0,49.0,2.27,9115.0,11.0,7.199999999999999,8887.0,4.2,76.9,11.2,98.7,94.5,4.0,0.0,70.5,24.6,0.8,1.6,11.9,31.3,38.8,20.9,9.0,98.8,99.5,51.1,8.8,50.4,40.8,29.3,46.5,97.2,0.3,0.1,2.4,0.1,1.1,0.2,24.2
73510207,rural,17224.0,9.8,11.0,11.1,21.3,29.6,41.5,12.3,2.8,9.2,7.3,7.1,7.5,7.3,7.0,6.1,4.9,3.4,3.3,2.2,1.5,1.4,3.3,27.8,67.6,1.6,3.0,25.5,2.9,96.3,24.7,2.5,30.1,19.5,10.2,8.1,98.3,11.3,2.7,0.0,0.1,99.3,0.9,16.0,49.5,1.7,35.7,8.4,48.2,0.8,1.5,2.2,1.5,49.0,2.47,4277.0,8.4,5.1,4036.0,4.3,69.4,21.4,98.4,86.2,4.2,1.2,74.8,4.0,0.6,1.8,9.2,16.9,40.7,24.7,17.6,98.9,98.7,54.2,80.0,13.3,6.7,21.5,70.4,99.0,0.6,0.0,0.3,0.1,0.5,15.2,8.0
73510207,urban,19224.0,9.7,10.9,11.1,20.4,27.6,45.2,19.4,3.6,9.0,7.6,7.4,7.9,7.2,6.8,5.7,4.9,3.6,3.3,2.0,1.3,1.4,2.2,28.5,65.7,2.5,3.3,26.1,3.1,99.0,23.3,3.3,30.1,19.3,11.9,7.8,99.2,18.0,4.5,0.0,0.0,99.7,0.8,16.8,53.1,1.3,30.6,8.3,50.2,0.7,1.6,2.2,5.1,49.3,2.0,4783.0,8.0,4.699999999999999,4357.0,4.4,53.3,38.5,99.5,99.6,0.2,0.4,98.6,0.3,0.3,1.8,8.2,21.8,26.1,23.7,28.4,99.1,99.7,62.2,99.2,0.3,0.5,29.5,65.2,99.4,0.3,0.1,0.0,0.1,,0.2,5.3
73510209,rural,27241.0,8.0,9.6,10.1,32.8,36.2,41.5,13.6,4.0,9.1,7.0,7.0,6.7,6.5,6.7,6.9,5.8,4.0,4.1,3.1,2.5,2.7,4.4,32.3,59.7,2.8,5.2,26.9,3.1,94.3,37.1,1.4,31.5,17.7,8.8,4.4,98.8,6.9,0.9,0.0,0.1,99.6,1.2,8.3,38.1,0.9,32.1,6.4,42.0,1.0,2.0,1.8,13.8,49.2,2.15,7060.0,12.399999999999999,8.3,6333.0,4.3,80.3,4.8,96.5,97.8,2.8,0.0,47.9,48.0,1.0,1.6,14.9,23.4,32.2,26.3,18.2,96.3,97.0,64.9,4.4,38.9,56.7,18.3,9.4,96.2,0.4,0.1,3.0,0.3,1.3,0.3,72.3
73510303,rural,37504.0,10.4,11.8,11.8,31.7,39.5,41.8,17.1,1.9,9.3,7.4,7.4,7.4,7.0,6.7,5.5,4.2,3.1,3.1,1.8,1.6,1.5,3.3,27.0,67.4,1.5,4.0,24.6,3.4,92.1,36.8,1.7,34.6,17.7,4.4,2.1,97.7,7.3,1.9,0.0,0.1,99.5,1.7,3.4,27.7,1.0,39.1,2.8,44.5,0.4,0.9,3.3,8.0,48.1,3.1,8566.0,8.0,4.9,8400.0,4.5,82.9,12.9,97.9,97.0,0.0,0.0,62.2,36.6,0.9,1.8,4.3,28.2,27.2,23.2,21.5,98.7,99.5,53.5,63.1,32.2,4.7,25.0,38.2,96.3,0.1,0.1,3.4,0.1,0.9,0.3,36.800000000000004
73510303,urban,66691.0,9.3,11.2,11.5,15.0,23.3,44.1,18.7,4.7,9.1,7.5,6.9,7.2,7.5,7.3,6.2,5.1,3.7,3.1,2.0,1.2,1.1,3.5,30.9,62.7,3.1,3.2,27.0,3.2,96.8,17.3,2.6,28.5,19.8,15.2,10.7,97.4,17.3,8.5,0.1,0.2,99.6,3.3,22.7,63.1,3.2,27.0,14.7,48.3,0.6,0.7,2.0,3.5,50.2,1.97,16243.0,7.4,4.300000000000001,16209.0,4.1,61.8,30.0,99.5,99.5,2.2,39.3,52.1,4.3,0.3,1.4,8.2,52.2,45.2,2.1,0.5,99.8,99.9,88.1,95.7,3.7,0.6,91.4,4.5,99.3,0.5,0.0,0.0,0.2,,1.9,4.1
73510305,rural,12377.0,9.0,10.6,11.3,39.6,41.4,38.1,20.0,3.4,9.1,7.0,6.3,6.7,6.6,6.3,6.1,5.2,3.6,4.0,2.7,2.4,3.2,6.6,30.4,62.5,2.1,5.0,27.1,3.4,95.3,45.8,2.9,31.0,15.7,6.0,3.0,99.3,0.7,0.3,0.0,0.0,100.0,0.2,10.5,45.7,4.3,25.8,4.0,59.9,2.8,1.6,1.3,0.2,48.3,1.94,2603.0,12.3,8.3,2589.0,4.8,93.3,0.0,97.5,96.5,0.0,0.0,3.5,95.9,0.6,2.0,6.7,14.5,12.9,15.8,56.8,96.3,97.2,83.6,1.6,50.3,48.1,0.0,0.0,86.4,0.0,1.2,10.9,1.5,0.6,0.0,100.0
73510305,urban,1184.0,6.2,8.4,9.4,19.2,23.1,35.6,10.0,3.7,6.8,6.8,4.1,4.9,6.7,6.8,8.2,8.5,7.9,4.6,3.8,2.8,4.4,6.6,37.4,51.2,3.8,7.6,24.1,2.0,96.9,21.6,2.6,27.4,19.8,18.1,9.0,97.8,10.7,3.8,0.2,0.1,99.6,0.9,22.5,67.0,0.3,13.9,21.5,60.4,1.4,0.3,0.7,1.4,52.6,2.05,288.0,15.6,11.0,311.0,3.8,76.5,13.2,100.0,98.7,0.0,0.0,90.0,8.4,1.3,1.4,10.3,7.7,8.4,24.8,59.2,98.7,99.4,65.3,83.6,1.3,15.1,0.0,0.0,100.0,0.0,0.0,0.0,0.0,,0.3,100.0
73510311,rural,14463.0,8.6,11.2,11.1,42.8,46.2,37.2,27.6,1.9,9.3,7.2,6.6,6.0,5.6,6.2,6.2,4.7,4.0,4.0,3.1,2.6,3.5,7.5,30.7,62.1,1.5,5.7,26.0,3.8,95.5,49.0,1.4,32.6,13.3,4.6,1.9,99.2,2.6,0.3,0.1,0.1,99.9,0.9,5.5,34.3,0.5,27.7,6.4,36.5,2.4,0.3,1.1,25.1,48.3,1.81,2690.0,13.2,9.2,2978.0,4.9,94.3,0.1,97.8,88.9,0.0,0.0,9.2,90.2,0.5,2.0,5.6,8.5,8.1,12.5,71.0,97.8,97.8,88.6,1.9,39.7,58.4,0.5,0.0,84.0,0.1,0.4,13.1,2.4,1.5,0.0,99.4
73510501,rural,17769.0,8.5,9.7,10.8,33.5,37.0,38.6,16.8,3.7,9.2,7.1,7.2,7.3,6.6,6.3,6.2,5.9,3.7,3.7,2.8,2.5,2.4,4.1,29.8,62.7,2.6,4.9,26.0,3.2,98.7,38.2,3.1,32.6,18.3,6.9,2.1,98.2,16.5,2.1,0.0,0.1,99.6,1.2,7.4,45.0,1.7,18.4,4.6,62.2,0.7,4.6,0.3,7.5,48.3,2.12,4046.0,11.4,7.699999999999999,4213.0,4.2,87.1,6.9,96.3,98.5,0.1,0.0,42.5,55.7,1.4,1.6,6.0,18.8,28.6,26.7,25.9,98.1,98.5,69.4,2.1,42.1,55.9,20.6,2.5,85.6,1.1,0.0,12.9,0.3,0.7,0.3,76.9
73510503,rural,14598.0,7.8,10.0,10.5,35.8,38.0,38.3,26.8,2.0,8.6,7.2,7.1,7.3,6.1,5.8,6.3,6.0,3.8,4.0,3.3,3.3,3.0,4.7,30.9,61.3,2.0,5.7,25.3,3.2,96.3,40.6,2.9,33.4,16.3,6.8,2.6,99.0,7.8,0.9,0.0,0.0,100.0,0.3,6.0,35.9,1.0,18.0,4.9,72.3,1.0,1.5,0.5,0.7,47.8,1.92,2935.0,13.6,9.6,3358.0,4.3,82.6,0.7,97.8,96.8,0.0,0.0,12.9,86.0,0.9,1.5,16.7,7.8,17.0,20.9,54.3,98.0,99.1,85.7,0.1,34.3,65.6,0.0,0.0,81.4,0.4,1.4,16.3,0.6,0.8,0.2,100.0
73510505,rural,22284.0,8.5,9.9,10.9,36.0,38.7,41.5,16.3,2.8,9.1,7.3,6.8,6.5,6.3,6.1,6.4,5.3,4.2,4.2,3.0,2.6,2.8,5.6,32.7,60.2,2.2,5.0,26.8,3.3,94.2,41.3,2.4,32.4,17.3,6.3,2.9,98.7,7.1,0.9,0.1,0.1,99.8,2.8,5.8,32.4,0.8,19.4,4.1,72.0,0.3,0.5,0.6,2.3,48.6,2.99,5476.0,12.600000000000001,8.399999999999999,5299.0,4.2,85.3,1.8,94.2,91.2,0.4,0.0,21.7,77.1,0.5,1.6,12.9,13.4,18.5,26.6,41.5,97.8,97.8,73.2,1.8,29.5,68.7,1.9,1.1,88.2,0.1,0.7,10.6,0.4,0.5,0.3,97.0
73510505,urban,15962.0,8.6,9.6,10.6,27.1,32.5,43.1,18.2,4.2,9.2,7.6,7.5,7.1,6.3,6.3,6.5,5.8,4.1,4.2,2.6,2.0,1.9,3.9,31.1,61.1,2.7,5.1,27.1,3.1,98.5,31.1,1.9,32.2,20.3,8.1,4.9,99.4,8.0,1.4,0.1,0.0,100.0,0.6,11.9,43.5,2.1,30.9,6.6,55.7,0.9,1.1,1.9,0.9,49.0,2.4,4007.0,10.700000000000001,6.5,3784.0,4.2,68.3,19.5,98.9,99.0,0.0,0.1,77.1,20.7,0.8,1.7,12.2,23.6,49.7,22.8,3.9,99.3,99.9,61.7,71.2,17.7,11.1,82.9,15.9,99.3,0.1,0.0,0.5,0.0,,1.3,1.1
73510509,rural,2164.0,8.6,11.7,9.9,38.4,39.8,37.1,23.8,2.7,8.4,6.3,6.7,7.7,6.3,6.7,6.1,5.0,3.7,3.4,3.5,2.5,3.5,5.1,28.0,64.9,2.3,4.9,26.0,3.2,98.2,43.8,3.8,31.3,16.2,6.1,2.8,99.0,11.1,0.7,0.1,0.0,100.0,0.0,10.1,46.1,2.6,19.7,5.2,69.1,0.9,1.4,1.2,0.0,48.4,2.45,427.0,12.9,9.5,553.0,3.9,91.5,0.5,95.3,87.7,0.0,0.0,7.1,92.4,0.4,1.6,8.0,9.6,11.2,23.5,55.7,96.0,97.8,80.5,0.5,66.9,32.5,0.0,0.0,94.0,0.0,0.0,6.0,0.0,0.7,0.2,100.0
73510509,urban,14964.0,7.4,9.8,10.8,31.3,37.3,40.9,22.5,6.7,9.2,8.1,6.9,7.2,6.2,6.4,5.9,5.7,4.1,4.3,3.2,2.3,2.5,7.1,33.2,56.7,4.1,6.0,27.5,3.2,98.3,35.8,2.0,28.0,18.1,8.5,6.2,98.8,9.7,1.3,0.0,0.0,99.8,0.7,10.6,39.7,1.0,30.1,6.6,56.4,0.4,1.0,0.6,4.0,49.9,2.24,3408.0,12.3,8.0,3579.0,4.2,68.1,19.6,95.5,95.7,0.0,0.4,64.5,20.6,0.5,1.6,12.3,5.0,39.8,44.5,10.7,97.7,99.2,49.5,81.0,13.3,5.7,3.1,87.5,97.3,2.2,0.0,0.1,0.4,,14.0,9.299999999999999
73510707,rural,91884.0,8.9,10.6,10.7,21.7,28.2,43.9,17.4,3.6,8.9,7.4,7.1,7.4,7.2,7.1,6.2,5.2,4.0,3.4,2.4,1.7,1.7,4.0,30.5,63.6,2.5,3.4,27.1,3.1,97.2,24.8,2.9,31.9,19.1,10.9,7.0,98.6,18.9,3.2,0.1,0.1,99.6,1.3,16.7,56.2,2.2,26.0,8.2,54.9,0.8,2.2,3.2,2.6,48.8,2.02,23299.0,9.2,5.8,21819.0,4.2,71.4,17.8,97.9,95.0,1.9,9.5,43.2,31.5,0.5,1.6,10.8,21.5,39.0,30.0,9.5,98.6,99.5,55.4,55.6,23.7,20.7,30.6,41.5,98.0,0.3,0.1,1.6,0.1,0.5,13.4,27.9
73510711,rural,32500.0,8.4,10.1,10.8,29.8,34.3,40.7,21.7,3.9,9.4,7.5,6.8,6.8,6.7,6.6,6.4,5.5,4.2,3.8,2.7,2.1,2.2,4.1,32.0,60.2,2.7,5.1,26.0,2.8,98.9,34.1,2.0,34.1,19.2,7.5,2.9,99.1,10.4,5.7,0.1,0.1,99.7,1.7,9.5,44.0,1.4,22.1,7.2,58.8,0.9,2.0,1.1,6.3,49.0,2.09,7328.0,10.8,7.000000000000001,7246.0,4.5,83.0,9.2,97.9,92.4,0.9,0.0,58.6,39.8,0.6,1.7,7.8,12.1,36.1,31.4,20.3,98.5,98.4,71.2,36.9,26.5,36.6,6.5,37.8,90.4,0.2,0.4,8.7,0.3,0.5,0.1,55.7
74270101,urban,114455.0,8.5,9.9,10.3,20.1,27.7,44.5,20.3,4.3,8.3,7.7,7.7,7.9,7.4,7.0,6.1,5.1,3.6,4.0,2.7,2.0,1.8,3.7,31.5,61.1,2.9,4.5,27.5,3.1,97.3,22.9,2.5,25.4,19.1,14.8,10.5,99.1,4.5,2.3,0.2,0.3,99.7,0.9,26.0,65.5,2.8,23.9,23.0,43.4,0.8,1.1,1.9,3.2,49.5,2.15,28922.0,10.5,6.5,27167.0,4.2,65.5,24.3,99.1,97.8,1.3,3.9,94.0,0.3,0.3,1.5,10.2,33.6,44.3,21.3,0.9,99.2,99.8,67.9,98.2,1.6,0.3,73.3,24.5,99.5,0.5,0.0,0.0,0.1,,0.1,2.1999999999999997
74270117,urban,12482.0,8.6,9.7,10.2,22.4,28.7,45.6,24.8,2.9,9.1,7.7,8.0,7.6,7.4,6.4,6.0,5.1,3.8,3.8,2.6,2.1,1.9,3.2,32.3,61.3,1.9,4.6,28.5,3.1,97.9,25.5,2.5,31.4,20.0,9.5,7.8,98.9,4.0,3.0,0.0,0.1,99.9,0.9,21.3,52.8,1.1,26.4,12.8,55.0,1.4,1.1,1.6,0.5,48.9,2.45,3056.0,10.4,6.6,2821.0,4.4,64.7,25.7,97.0,95.3,0.1,4.6,93.1,1.3,0.6,1.8,9.7,28.6,52.9,16.9,1.6,98.0,99.2,54.0,86.9,2.6,10.6,92.0,0.6,99.8,0.0,0.2,0.0,0.0,,0.2,7.5
74270701,rural,7188.0,8.8,10.4,11.1,45.4,50.5,31.3,10.7,2.3,8.9,7.2,6.7,6.5,6.6,5.8,5.5,5.0,3.8,4.5,3.1,2.8,3.5,4.8,31.0,62.9,1.6,4.5,27.7,4.0,93.1,52.3,0.7,26.9,14.9,4.1,3.0,98.4,0.7,0.2,0.0,0.3,99.9,0.4,1.7,8.2,0.2,27.3,7.6,41.6,0.6,3.5,12.7,6.5,47.1,2.75,1399.0,13.899999999999999,9.4,1463.0,4.9,84.7,0.1,94.2,45.5,0.1,0.0,5.7,93.5,0.5,1.9,15.2,12.3,13.9,18.5,55.4,95.0,93.8,71.9,6.4,5.5,88.1,0.1,0.1,88.9,0.8,3.8,5.9,0.7,2.4,0.1,99.8
74270703,rural,8058.0,8.9,10.7,11.8,48.9,54.6,41.3,16.8,1.8,9.3,6.5,6.6,6.3,6.3,6.3,5.6,4.7,3.7,3.7,2.8,3.2,3.4,5.3,29.2,64.5,1.3,5.0,27.3,4.3,96.7,56.8,1.3,29.1,10.3,2.9,1.8,99.5,0.4,0.0,0.0,0.0,99.8,0.3,6.3,33.0,0.2,33.9,5.3,57.3,1.6,0.6,0.2,0.9,47.6,2.91,1895.0,13.1,9.4,1669.0,4.8,95.0,0.2,96.4,54.0,0.0,0.0,8.0,91.8,0.2,2.1,4.9,14.0,9.5,12.0,64.4,95.2,91.6,93.6,0.1,1.1,98.8,0.0,0.0,83.3,0.1,0.0,16.4,0.2,4.4,0.0,100.0
74270705,rural,9591.0,8.6,9.9,11.6,42.4,46.1,38.4,33.2,2.7,9.0,7.1,6.7,6.2,6.3,6.6,6.0,4.6,3.8,3.9,3.5,2.8,3.2,4.6,30.7,61.6,1.9,5.7,27.3,4.0,97.9,49.0,1.9,28.0,14.7,5.1,4.2,99.5,0.8,0.3,0.0,0.1,100.0,0.0,6.9,40.3,0.2,36.8,13.7,39.3,0.8,1.6,5.7,1.9,48.2,2.65,1716.0,13.399999999999999,9.5,2109.0,4.5,83.5,2.9,92.8,69.8,0.0,0.0,19.0,80.1,0.5,1.8,13.6,17.9,15.1,17.5,49.5,95.1,97.0,82.3,21.8,4.5,73.7,0.3,0.0,96.4,0.2,0.0,2.9,0.5,2.6,0.3,99.6
74270707,rural,10689.0,8.9,11.8,12.6,44.4,47.6,37.0,42.1,1.4,9.5,7.0,7.1,6.8,6.1,6.5,5.6,4.2,3.0,3.5,2.5,2.3,2.5,4.7,30.3,64.9,1.1,3.6,27.0,4.7,98.1,52.4,1.8,29.4,13.3,4.9,3.1,98.8,0.7,0.1,0.0,0.1,99.9,0.3,11.7,47.8,0.3,17.0,10.2,63.9,1.6,0.0,0.6,6.4,46.7,2.48,1528.0,10.8,7.3,2200.0,4.9,97.0,0.0,93.9,2.7,0.0,0.0,9.1,90.6,0.1,2.3,3.0,15.7,8.4,19.1,56.8,94.6,91.7,76.9,1.1,86.0,13.0,0.1,0.0,73.7,0.0,0.3,25.1,0.9,5.5,0.1,99.8
74270709,rural,12185.0,8.5,10.7,11.2,44.1,45.3,42.0,23.7,1.5,8.8,6.7,6.8,7.1,6.8,6.7,6.0,4.7,3.6,4.0,3.0,2.2,3.0,4.6,31.5,61.7,1.3,5.5,28.0,3.5,97.1,50.9,1.7,31.5,13.2,4.8,3.6,99.5,0.6,0.1,0.0,0.0,100.0,0.0,7.1,37.0,0.4,20.8,5.4,48.4,1.7,4.3,0.0,19.1,46.6,2.01,2719.0,12.2,8.2,2433.0,5.0,87.7,0.8,96.1,34.5,0.0,0.0,6.6,93.1,0.0,2.1,11.6,6.8,10.9,24.6,57.7,97.1,96.8,68.5,3.7,53.0,43.3,0.0,0.0,97.7,0.0,0.4,1.7,0.2,2.1,0.3,100.0
74270711,rural,4533.0,8.1,9.5,10.9,44.2,46.5,36.9,58.0,2.4,8.9,7.4,6.4,6.6,5.7,5.9,5.7,5.4,4.7,4.5,3.3,3.0,3.9,11.0,30.7,62.3,1.9,5.0,27.6,3.9,94.4,50.4,1.1,27.3,16.6,4.5,4.0,99.3,0.8,0.2,0.0,0.4,99.9,0.1,10.4,37.7,0.6,30.7,16.7,37.5,0.4,2.8,0.6,10.8,48.3,1.96,502.0,14.700000000000001,10.2,1025.0,4.4,98.5,0.2,97.3,81.4,0.1,0.2,15.6,83.4,0.5,1.8,1.3,9.3,7.5,12.1,71.1,97.2,98.0,94.1,0.6,11.5,87.9,0.2,0.2,89.7,0.0,0.0,9.6,0.8,1.0,0.2,99.60000000000001
74270713,rural,7792.0,9.1,10.4,11.3,35.4,40.6,38.9,12.8,2.3,8.3,7.1,6.6,7.4,7.0,6.7,5.9,4.6,3.3,3.9,3.2,2.4,3.0,5.4,29.8,63.5,2.1,4.6,27.8,3.6,98.3,40.9,1.8,30.0,17.6,6.8,3.2,99.8,0.5,0.1,0.0,0.3,99.9,0.2,13.2,59.5,0.3,28.8,4.0,47.4,1.9,1.0,5.3,11.2,48.2,2.93,1832.0,12.5,8.6,1565.0,5.0,97.0,0.1,95.7,24.6,0.2,0.0,26.1,73.2,0.4,2.0,2.9,18.1,12.1,28.4,41.4,95.7,96.0,89.0,0.5,37.8,61.7,0.0,0.0,96.2,0.0,0.0,3.3,0.5,1.9,0.1,100.0
74270715,rural,9447.0,8.6,10.8,11.6,45.1,48.9,35.9,19.8,2.0,8.8,6.9,6.6,6.7,6.5,5.8,5.9,4.6,4.0,4.1,3.3,2.7,3.1,6.6,28.0,66.6,1.4,4.0,27.0,4.4,97.0,52.5,1.3,32.3,12.3,3.0,2.3,99.2,0.3,0.2,0.0,0.1,99.8,0.2,8.4,39.9,0.2,23.3,4.7,67.7,1.2,1.1,0.9,0.8,47.3,2.33,1876.0,13.2,9.1,2116.0,4.5,97.9,0.1,92.5,28.6,0.1,0.1,25.3,73.7,0.5,2.0,1.9,17.3,17.2,19.7,45.8,91.1,92.9,76.3,6.0,29.2,64.8,0.6,0.0,68.3,0.0,0.1,30.9,0.7,4.6,0.3,99.30000000000001
74270717,rural,6718.0,8.1,10.3,11.9,41.4,43.4,39.7,26.3,1.8,9.3,5.9,6.3,6.4,6.4,7.0,6.0,5.1,3.7,4.3,3.5,2.4,3.3,5.4,31.5,61.8,1.6,5.1,27.6,3.4,99.1,48.2,1.8,30.8,16.7,4.5,2.9,99.2,1.0,0.1,0.0,0.5,99.8,0.2,8.9,43.4,0.1,25.3,3.6,64.9,3.2,1.5,0.8,0.5,47.4,2.6,1369.0,13.5,9.2,1422.0,4.7,97.1,0.1,92.9,36.0,0.1,0.1,4.9,93.3,1.0,1.9,2.7,10.7,13.1,23.1,53.1,95.8,97.9,91.6,1.9,1.2,96.9,0.0,0.1,91.1,0.1,0.0,8.4,0.5,1.4,0.6,99.89999999999999
74270719,rural,8039.0,8.2,9.5,10.8,57.1,58.6,34.3,16.2,1.2,8.7,6.4,5.8,7.1,5.9,6.0,5.7,4.5,4.2,5.0,4.1,3.4,4.8,4.5,29.8,64.8,1.0,4.5,29.0,4.0,91.6,65.0,0.4,26.9,9.4,2.6,2.1,99.4,0.4,0.1,0.0,0.0,99.6,0.4,11.3,59.9,0.2,45.6,6.8,22.5,2.4,10.8,0.5,11.1,47.2,2.5,1651.0,17.3,12.3,1747.0,4.6,93.8,0.7,92.6,2.2,0.0,0.1,17.1,82.4,0.2,2.0,5.6,3.0,21.2,9.0,66.7,92.0,91.1,74.4,1.1,52.8,46.0,0.1,0.1,77.1,0.1,0.1,22.6,0.2,2.5,0.2,99.9
74270721,rural,4766.0,8.2,10.2,11.4,49.9,50.7,37.4,28.7,1.4,8.2,6.4,6.2,6.3,6.1,6.8,6.2,4.3,3.9,4.8,3.9,3.0,4.0,4.6,29.4,64.0,1.4,5.1,28.4,3.8,96.0,57.7,1.9,29.8,12.6,3.1,1.9,98.8,0.7,0.0,0.0,0.0,99.8,0.2,5.9,37.0,0.6,22.9,6.3,49.1,1.2,2.4,1.7,15.8,46.5,2.89,890.0,15.7,10.9,1022.0,4.7,97.9,0.0,93.6,0.6,0.1,0.0,5.8,93.4,0.5,2.0,2.1,8.0,8.0,15.8,68.1,92.5,87.7,87.5,0.0,37.5,62.5,0.0,0.1,87.0,0.4,0.1,11.8,0.8,1.6,0.2,99.89999999999999
74270723,rural,9282.0,8.0,9.7,11.0,43.3,49.4,34.1,23.8,2.3,9.1,6.5,6.2,6.5,6.0,6.7,6.0,4.8,4.8,4.6,3.6,2.9,3.6,6.7,31.2,61.8,1.8,5.2,28.3,3.5,96.6,49.7,0.9,28.0,14.6,4.8,2.3,99.5,0.7,0.0,0.0,0.0,99.7,0.3,11.8,46.8,0.3,22.0,4.1,67.2,0.7,1.0,1.6,3.0,47.3,2.31,1720.0,14.7,10.1,2122.0,4.4,92.6,0.0,88.6,13.9,0.1,0.0,14.9,84.5,0.3,2.0,7.4,12.0,11.1,28.3,48.6,93.5,91.8,73.5,3.1,52.3,44.6,0.0,0.0,81.7,0.1,0.0,12.2,5.9,2.7,0.2,100.0
74270723,urban,6275.0,7.1,10.0,10.6,26.4,30.7,47.2,23.5,3.6,8.9,7.2,7.3,7.6,6.4,7.3,6.9,5.9,3.9,3.7,3.1,1.8,2.2,4.2,31.3,60.0,2.7,6.1,27.5,2.5,99.5,30.1,2.3,25.8,18.7,12.7,9.8,99.1,4.0,1.4,0.0,0.1,99.9,0.3,18.4,56.2,1.5,27.0,26.6,38.4,0.4,0.6,0.4,5.0,50.3,1.96,1633.0,10.8,7.1000000000000005,1559.0,4.0,57.0,28.3,99.4,95.7,0.0,0.1,99.7,0.2,0.0,1.4,14.7,20.3,46.6,31.3,1.9,98.0,99.3,47.6,94.9,3.8,1.4,15.8,80.9,99.1,0.0,0.3,0.3,0.3,,0.0,3.3
74270725,rural,7877.0,9.4,11.5,12.2,48.6,52.2,38.0,35.9,1.3,8.7,6.3,6.5,6.6,6.7,5.9,5.7,4.2,3.8,3.5,3.1,2.5,3.4,5.3,25.7,68.8,1.0,4.5,26.0,4.1,92.8,56.9,1.3,32.5,10.1,2.3,1.7,99.6,0.5,0.3,0.0,0.1,99.8,0.3,4.0,33.9,1.4,12.9,6.7,75.8,1.0,0.3,0.3,1.6,48.1,2.89,1283.0,12.5,9.0,1752.0,4.5,98.2,0.2,97.9,57.5,0.3,0.0,15.5,82.9,1.1,2.2,1.5,10.7,7.3,28.3,53.8,97.5,97.8,73.9,8.7,41.6,49.7,0.6,0.0,95.8,0.1,0.0,3.9,0.2,2.6,0.1,99.5
74270901,rural,4795.0,9.0,12.1,11.6,50.2,50.9,37.6,7.7,2.2,8.7,6.4,7.6,6.5,6.3,5.7,5.4,4.5,3.8,3.5,3.1,2.3,3.4,4.0,29.0,64.5,1.3,5.3,26.7,4.2,97.8,58.7,2.3,30.7,11.8,2.6,1.7,99.5,0.7,0.2,0.0,0.0,99.9,0.2,8.0,61.4,0.1,23.6,4.3,70.3,1.3,0.2,0.2,0.1,46.9,3.06,1118.0,12.299999999999999,8.8,899.0,5.3,74.2,0.0,99.7,92.1,0.0,0.0,6.2,93.4,0.3,2.3,25.8,2.8,4.1,3.3,89.8,99.9,99.0,99.7,5.7,77.8,16.6,0.0,0.1,99.9,0.0,0.0,0.1,0.0,1.8,0.0,99.9
74270903,rural,6316.0,8.6,10.3,11.6,45.4,46.7,37.7,9.7,1.2,9.4,6.0,7.1,6.4,6.1,6.4,6.3,5.8,3.7,3.6,2.8,2.5,3.4,6.1,28.7,66.5,1.0,3.9,26.4,3.3,96.7,52.4,0.7,35.6,11.0,4.3,1.7,99.4,1.1,0.4,0.0,0.0,99.8,0.3,7.1,35.8,0.2,31.4,3.4,56.9,1.1,0.9,0.3,5.9,47.7,2.7,1495.0,12.3,8.7,1362.0,4.6,81.9,0.1,98.2,94.3,0.4,0.0,19.0,80.1,0.2,1.9,18.0,19.2,14.2,16.2,50.5,97.6,98.1,81.3,0.9,7.6,91.5,0.2,0.0,97.6,0.4,0.0,1.8,0.2,2.3,0.2,99.80000000000001
74270905,rural,13179.0,8.5,10.5,11.0,35.8,39.7,39.5,39.0,2.7,8.9,7.1,6.8,6.4,6.0,7.1,6.8,5.1,3.7,4.0,3.0,2.5,2.8,6.9,31.1,62.0,1.9,5.0,25.9,2.8,98.5,41.3,1.9,32.3,17.0,5.2,3.9,98.1,2.5,0.5,0.1,0.0,99.9,0.5,6.1,28.5,1.1,16.0,4.1,68.2,2.0,5.8,2.1,0.7,47.5,2.66,2225.0,12.3,8.3,2912.0,4.5,81.6,0.0,96.9,94.8,0.3,0.0,32.3,65.1,0.8,2.1,18.4,15.7,26.4,29.9,28.0,96.3,98.9,85.9,16.3,24.8,58.9,0.0,0.0,81.9,0.0,0.1,17.7,0.3,1.8,1.4,100.0
74270906,rural,11511.0,8.4,9.5,10.3,37.1,39.3,39.6,28.3,4.0,8.9,7.4,6.4,6.8,6.1,6.3,6.9,5.2,4.5,4.5,2.9,2.5,3.4,6.8,31.9,60.4,2.6,5.1,26.8,3.2,97.9,42.3,2.8,33.0,17.9,4.5,2.5,98.5,4.4,0.5,0.0,0.1,99.7,0.4,5.6,39.8,0.1,17.7,2.7,73.5,0.5,0.6,1.3,3.6,47.0,2.45,2345.0,13.3,8.8,2491.0,4.6,92.2,2.1,94.9,45.7,0.0,0.0,25.1,74.4,0.4,2.0,5.8,17.3,19.3,24.4,39.0,97.6,97.7,80.3,1.8,13.7,84.5,0.0,0.3,94.3,0.2,0.0,5.2,0.3,1.9,0.2,99.8
74270907,rural,9469.0,9.6,11.7,11.5,39.6,44.1,36.2,25.7,1.5,9.2,6.7,7.0,6.5,6.0,6.0,6.1,4.3,3.9,3.9,2.9,2.2,2.5,5.1,28.9,65.9,1.4,3.9,26.4,4.3,96.4,45.8,1.9,32.3,14.9,3.8,3.1,98.9,0.6,0.1,0.0,0.1,99.8,0.3,4.3,25.9,2.2,35.0,6.9,43.3,6.0,0.2,2.5,4.0,47.4,2.71,1709.0,11.5,7.6,2056.0,4.6,82.2,0.1,91.9,85.7,0.1,0.0,17.2,82.1,0.4,2.1,17.7,14.1,12.9,29.6,43.4,97.3,97.5,83.4,2.5,84.7,12.8,0.2,0.0,91.1,0.6,0.0,7.1,1.3,2.8,0.1,99.7
74270909,rural,15195.0,10.6,11.9,11.5,29.1,36.1,41.3,20.0,3.0,8.3,6.8,7.3,7.7,7.8,7.0,5.7,4.0,2.9,3.1,1.7,1.5,2.1,4.0,27.9,66.1,2.1,3.8,26.2,3.3,96.7,33.9,1.7,28.5,17.0,10.5,6.2,98.6,6.3,3.5,0.0,0.3,99.8,0.9,20.6,63.4,0.7,11.9,38.2,43.0,2.2,0.0,1.4,2.6,48.9,2.08,3310.0,8.4,5.300000000000001,3460.0,4.4,44.8,4.6,97.5,81.1,1.7,24.6,36.1,37.6,0.0,1.6,50.6,17.4,43.7,20.2,18.8,98.5,98.7,72.5,57.5,13.5,29.0,20.2,7.0,97.3,0.4,0.0,2.1,0.2,1.3,0.0,72.8
74270911,rural,9659.0,8.8,10.8,11.1,41.6,45.5,36.0,29.4,1.8,8.9,5.9,6.1,6.8,7.1,6.5,6.0,5.2,4.1,4.5,2.9,2.3,2.9,7.5,26.8,67.0,1.4,4.8,26.5,3.4,96.4,48.0,1.3,33.5,13.6,4.1,2.0,99.0,1.0,0.4,0.0,0.0,99.9,0.3,8.4,40.1,0.7,16.2,4.9,72.8,0.3,0.6,0.9,3.5,47.1,2.61,1699.0,12.6,8.1,2224.0,4.3,93.7,0.5,94.3,88.8,0.4,0.0,25.5,73.8,0.2,1.9,5.8,16.4,12.6,20.7,50.2,96.1,97.5,89.9,1.0,83.2,15.8,0.5,0.3,85.9,0.1,0.0,13.3,0.7,1.9,0.2,99.3
74270913,rural,16327.0,9.2,10.4,11.0,36.5,39.2,40.9,13.7,2.6,9.2,6.8,6.8,6.6,6.1,6.2,6.6,5.0,3.8,3.8,3.0,2.4,3.0,4.4,30.7,63.0,2.2,4.1,25.5,3.1,96.9,42.0,1.1,33.8,17.5,4.7,3.7,98.8,3.3,0.9,0.0,0.0,100.0,0.4,11.9,48.0,2.0,26.2,4.9,59.5,2.3,0.8,2.6,1.7,47.5,2.65,3994.0,12.2,8.4,3362.0,4.9,85.6,3.5,96.1,94.9,0.1,0.9,46.1,51.9,0.7,1.8,10.9,19.6,23.8,28.9,27.7,97.0,97.7,70.9,1.4,62.6,36.0,1.0,12.4,89.8,0.1,0.2,8.9,1.0,0.9,0.1,86.6
74270915,rural,5728.0,9.3,10.3,11.3,44.5,47.0,38.6,22.4,2.4,9.0,5.7,6.4,6.7,6.3,6.2,6.2,5.2,4.1,3.8,3.3,2.7,3.6,7.7,28.3,65.0,1.6,5.1,26.7,3.6,98.4,51.5,1.6,32.2,13.7,4.0,1.6,99.4,1.5,0.1,0.0,0.1,99.9,0.1,4.0,19.5,0.6,28.7,6.0,62.6,1.5,0.3,0.3,0.0,47.9,2.74,1188.0,13.4,9.6,1207.0,4.7,96.0,0.3,92.9,88.6,0.0,0.0,5.5,94.0,0.4,2.1,3.6,10.7,6.5,8.9,73.8,93.0,95.2,88.2,0.3,0.3,99.3,0.2,0.0,95.5,0.2,0.2,3.6,0.6,1.6,0.1,99.8
74270919,rural,9586.0,8.4,10.4,10.9,36.2,41.5,39.3,25.5,2.2,9.3,7.1,6.8,6.1,6.0,6.4,6.5,5.5,4.0,4.3,2.8,2.4,3.1,6.0,30.4,62.8,1.8,5.0,26.6,3.5,98.6,41.7,1.3,31.5,15.5,5.6,4.4,99.3,2.0,1.5,0.0,0.1,99.8,1.1,12.5,42.3,0.7,23.6,6.1,64.0,0.8,0.5,1.3,3.0,47.3,2.21,1971.0,12.6,8.299999999999999,2001.0,4.8,95.0,0.7,98.9,95.0,0.3,0.1,35.7,63.2,0.2,1.9,4.4,12.7,23.4,17.6,46.4,99.3,99.3,96.6,31.7,17.7,50.7,0.9,0.1,94.8,0.2,0.0,4.8,0.3,0.8,0.7,99.10000000000001
74310103,urban,321581.0,6.4,8.0,8.6,17.0,23.2,41.2,26.1,6.3,7.7,7.4,6.7,7.0,6.8,7.1,6.4,6.2,5.4,5.7,4.1,3.2,3.4,5.2,34.8,54.2,4.5,6.5,29.5,2.4,96.6,18.8,1.6,25.4,18.7,18.6,12.5,99.0,2.0,0.6,0.2,0.1,99.8,0.4,23.3,64.4,2.6,24.2,20.0,46.8,0.8,0.9,2.2,2.6,50.8,1.59,75380.0,16.4,10.7,85929.0,3.7,64.0,26.8,98.6,95.3,3.0,10.2,85.5,0.2,0.5,1.3,9.2,18.2,24.3,45.7,11.8,97.9,99.6,66.1,91.1,6.5,2.3,92.8,4.3,99.6,0.2,0.0,0.1,0.1,,0.5,2.9
74310109,urban,11860.0,7.1,9.2,10.1,20.6,25.9,46.2,38.7,3.9,8.9,8.1,6.9,6.5,6.3,6.3,6.5,5.8,4.9,4.6,3.5,2.6,2.6,5.8,35.5,54.9,2.9,6.7,28.9,3.2,96.8,23.4,1.5,29.1,20.1,12.9,10.4,98.9,1.2,0.3,0.0,0.1,99.9,0.1,16.9,55.4,0.9,29.7,26.4,33.9,0.6,2.7,4.8,1.0,49.6,1.88,2469.0,13.299999999999999,8.7,2915.0,4.1,71.9,21.1,98.7,96.9,0.0,0.3,98.8,0.4,0.0,1.5,7.0,6.9,13.3,73.5,6.3,98.1,99.1,52.8,85.4,14.3,0.3,96.7,0.6,100.0,0.0,0.0,0.0,0.0,,0.4,2.6
74310111,urban,24596.0,8.4,10.5,11.3,27.2,35.9,43.1,17.6,4.6,9.5,8.2,6.8,6.7,6.7,6.7,6.0,5.4,3.9,3.9,2.3,2.0,2.0,4.4,32.2,59.2,3.2,5.4,26.7,3.4,96.5,31.3,1.5,30.5,15.0,10.8,6.3,99.1,2.0,0.3,0.0,0.1,99.8,0.3,12.6,48.8,2.1,44.6,8.8,32.1,1.1,1.2,4.7,5.4,50.6,1.76,6089.0,10.2,6.3,6002.0,4.1,60.0,28.2,91.2,88.4,0.3,0.5,97.6,0.1,1.4,1.6,11.7,23.1,44.5,31.4,1.0,96.8,98.8,49.4,82.0,13.0,5.1,65.8,9.2,98.9,0.2,0.1,0.2,0.6,,0.2,25.0
74310301,rural,13489.0,7.9,10.2,10.5,40.3,43.8,37.5,25.8,2.1,8.7,7.5,6.5,6.6,6.3,5.8,5.4,4.8,4.1,4.5,3.2,3.4,4.6,6.6,32.1,60.0,1.7,6.3,28.0,3.6,94.9,45.7,1.4,31.0,17.3,4.2,2.4,99.1,0.5,0.1,0.1,0.0,99.8,0.5,6.5,31.4,0.6,49.7,4.5,36.1,3.8,2.4,1.6,1.3,46.5,2.39,2678.0,15.7,11.2,3021.0,4.5,90.2,0.0,96.1,0.8,0.0,0.0,23.4,76.2,0.3,1.7,9.8,8.1,9.5,25.8,56.6,97.7,98.3,27.1,2.0,18.4,79.6,0.0,0.1,95.0,0.2,0.0,4.6,0.2,1.5,0.1,99.89999999999999
74310301,urban,2217.0,9.1,10.5,10.6,24.2,31.9,44.8,21.7,3.4,8.5,8.4,7.4,6.4,7.2,7.1,5.2,4.9,3.9,4.2,2.8,2.1,1.8,5.3,33.1,59.3,2.6,5.0,26.8,2.8,98.1,27.7,1.1,29.8,19.1,9.2,8.8,99.5,2.6,0.2,0.0,0.1,99.7,0.5,18.6,44.6,0.7,44.4,18.9,30.4,2.2,0.2,0.7,2.4,49.2,2.8,540.0,10.9,6.7,571.0,3.9,63.3,29.0,98.0,70.3,0.2,8.7,90.0,0.2,0.9,1.6,7.7,4.3,48.9,34.5,12.3,97.5,98.2,51.4,16.0,37.5,46.4,69.2,0.4,90.9,0.7,0.0,8.0,0.4,,0.0,30.4
74310302,rural,10449.0,7.9,10.1,10.9,35.6,38.2,36.6,27.7,3.0,9.3,6.9,5.7,5.8,6.5,6.6,6.0,5.5,3.8,3.9,3.3,3.4,4.5,7.2,33.4,57.2,2.3,7.1,29.6,3.9,96.5,40.7,1.4,34.7,17.4,4.5,3.8,99.1,0.6,0.2,0.0,0.2,99.9,0.2,8.3,37.9,1.0,47.0,6.3,27.7,5.0,0.6,1.0,11.6,47.2,2.34,1966.0,15.1,11.2,2346.0,4.5,92.7,0.2,97.1,1.0,0.0,0.0,21.4,77.6,0.7,1.7,7.0,6.3,10.9,27.8,55.0,93.9,97.0,42.9,1.6,7.9,90.5,0.0,0.0,87.2,0.2,0.2,10.5,1.8,2.3,0.3,100.0
74310303,rural,10859.0,8.7,11.0,10.9,34.7,37.1,34.5,25.1,2.4,9.4,7.0,6.3,5.9,5.9,5.8,5.7,5.0,3.7,4.3,3.5,3.0,3.9,8.5,32.8,57.8,1.8,7.6,24.8,4.2,96.6,40.1,2.9,34.1,16.2,7.2,2.5,99.0,0.2,0.0,0.0,0.1,99.9,0.1,6.7,31.4,0.6,30.5,4.0,60.0,0.6,3.0,1.0,0.3,49.6,3.05,1949.0,14.700000000000001,10.4,2446.0,4.4,82.8,0.0,95.4,1.0,0.1,0.0,30.0,69.6,0.3,1.9,17.2,5.2,11.6,24.7,58.6,94.9,98.3,52.3,0.0,7.5,92.5,0.0,0.0,88.8,0.0,0.9,6.6,3.8,1.2,0.0,100.0
74310305,rural,13730.0,8.5,10.4,10.8,35.6,38.5,37.6,28.0,2.8,9.0,7.3,6.3,6.3,5.9,5.5,5.5,5.0,4.3,4.7,3.6,2.7,4.0,6.6,33.6,56.7,2.4,7.2,27.9,3.3,94.9,41.0,1.8,32.0,17.7,7.6,2.5,98.9,0.4,0.2,0.0,0.1,100.0,0.1,3.4,35.2,1.9,30.5,5.6,44.7,3.4,3.6,6.9,3.3,48.0,2.14,2614.0,15.0,10.3,3052.0,4.5,97.9,0.0,97.8,26.2,0.1,0.0,29.5,70.1,0.1,1.9,2.1,7.7,17.0,32.5,42.8,93.2,97.5,74.4,0.9,11.9,87.1,0.2,0.0,98.2,0.1,0.0,0.6,1.1,1.4,0.2,99.8
74310307,rural,12809.0,7.5,9.4,10.3,40.3,38.5,36.7,29.3,2.3,9.4,7.4,6.1,6.0,6.3,5.8,5.7,5.4,4.6,4.9,3.9,2.9,4.3,6.5,35.8,55.6,1.5,7.1,28.7,3.8,97.4,45.8,1.9,31.8,14.9,8.5,4.3,99.5,0.1,0.1,0.0,0.0,99.8,0.3,7.0,39.5,1.7,33.3,3.3,53.2,4.1,2.9,1.2,0.4,49.1,2.08,2417.0,16.0,11.1,2974.0,4.3,97.8,0.0,94.0,0.5,0.2,0.0,21.1,78.1,0.2,1.9,2.2,6.2,14.0,35.3,44.4,89.5,95.7,55.1,1.4,2.0,96.6,0.2,0.0,94.6,0.0,0.0,5.0,0.4,1.3,0.4,99.8
74310309,rural,17997.0,9.3,11.4,11.5,44.6,49.2,42.2,12.9,1.9,9.8,7.3,6.9,7.1,6.1,5.7,4.7,4.2,3.4,3.8,3.0,2.5,3.3,4.8,32.0,61.1,1.5,5.5,27.6,4.4,91.9,51.6,1.6,29.5,14.5,3.7,1.4,98.8,0.2,0.0,0.0,0.0,99.9,0.1,3.5,40.7,0.9,45.9,2.8,29.5,5.7,2.4,2.2,10.8,46.8,3.56,4484.0,12.600000000000001,8.8,3933.0,4.6,94.1,0.0,96.5,1.1,0.1,0.0,8.0,91.9,0.1,1.9,5.9,12.5,21.9,27.6,38.0,93.0,96.6,49.4,0.7,39.9,59.4,0.1,0.0,92.5,0.2,0.0,7.3,0.1,1.3,0.0,99.9
74310311,rural,10443.0,8.7,10.6,11.6,42.1,43.8,37.8,22.5,2.1,9.2,7.0,5.8,6.3,6.1,5.6,5.5,4.6,3.9,4.4,3.7,3.1,3.8,6.5,30.9,61.8,1.8,5.5,28.0,3.4,97.0,49.1,3.3,31.9,14.3,4.2,2.5,98.3,0.6,0.2,0.0,0.1,99.9,0.3,8.4,40.8,0.5,20.9,9.4,54.7,2.2,2.4,6.4,3.3,47.3,2.38,2115.0,15.0,10.600000000000001,2404.0,4.3,96.9,0.0,97.8,0.0,0.0,0.0,7.7,92.2,0.0,1.9,3.1,5.9,8.0,29.4,56.7,96.5,98.4,68.0,0.4,16.9,82.7,0.0,0.2,91.5,0.2,0.3,4.7,3.4,3.2,0.0,99.8
74310313,rural,9527.0,8.2,10.1,10.8,40.1,42.6,38.1,38.1,2.8,8.7,7.1,5.4,5.8,6.0,5.3,6.2,5.2,4.4,4.7,3.9,3.1,5.0,7.4,32.2,58.2,2.1,7.5,27.5,3.4,98.3,45.9,1.6,29.9,15.7,6.5,3.7,99.4,0.4,0.0,0.0,0.0,99.9,0.2,10.4,41.7,0.8,38.5,7.3,47.1,1.9,2.6,0.6,1.1,48.7,2.84,1591.0,16.7,12.0,2241.0,4.3,95.5,0.0,97.0,1.8,0.3,0.0,14.2,84.6,0.8,1.8,4.5,8.2,13.5,24.0,54.3,88.4,95.8,34.5,1.3,3.9,94.8,0.0,0.8,93.6,0.1,0.0,5.5,0.7,1.1,0.1,99.2
74310315,rural,17197.0,9.1,10.8,11.5,44.5,46.7,35.3,21.2,2.1,9.8,7.6,7.0,6.8,5.9,5.6,5.0,4.4,3.4,3.9,2.7,2.7,3.7,6.1,32.7,59.8,1.6,5.8,28.0,5.2,94.3,51.3,2.3,32.5,13.0,3.7,1.7,99.3,0.6,0.3,0.0,0.1,100.0,0.6,3.4,32.6,1.0,25.3,4.8,55.1,2.1,4.4,4.1,3.4,46.2,3.04,3278.0,13.0,9.100000000000001,3650.0,4.7,88.5,0.1,94.1,0.1,0.1,0.0,16.5,83.1,0.2,1.8,11.4,12.1,14.4,20.2,53.2,93.0,95.8,65.4,0.2,15.9,83.8,0.0,0.0,76.2,0.7,0.6,18.7,3.8,2.8,0.1,100.0
74310701,rural,10378.0,8.5,10.5,11.1,47.7,53.4,36.8,9.2,3.2,9.1,6.9,5.4,6.1,5.9,6.2,5.8,4.9,3.6,4.4,3.5,3.6,4.5,5.1,28.6,63.1,1.7,6.6,25.4,4.1,95.0,55.2,0.8,33.2,9.1,2.5,1.0,98.6,0.0,0.0,0.0,0.0,99.7,0.2,2.1,25.1,0.0,43.3,5.1,41.7,3.5,0.5,1.0,4.9,48.6,2.73,2424.0,16.0,11.6,2393.0,4.3,87.5,0.0,96.2,50.2,0.0,0.1,20.7,78.9,0.1,1.5,12.5,16.8,15.7,31.8,35.6,99.1,99.5,4.3,1.2,21.7,77.1,0.2,0.0,75.1,0.5,0.6,23.7,0.2,2.5,0.0,99.80000000000001
74310703,rural,23107.0,8.3,10.7,11.8,46.8,50.1,37.4,15.1,1.1,9.4,6.7,5.7,6.0,6.4,5.7,5.1,4.8,4.0,4.2,3.4,3.3,4.6,6.6,30.7,61.4,1.7,6.2,27.0,4.5,95.3,54.1,1.8,32.7,10.6,3.1,1.7,99.5,0.3,0.1,0.0,0.0,99.9,0.1,4.1,35.1,1.0,33.4,6.1,48.4,3.0,2.1,1.7,4.3,47.5,2.45,5086.0,15.499999999999998,11.299999999999999,5300.0,4.4,89.6,0.7,89.8,3.8,0.1,0.0,12.9,86.6,0.2,1.8,9.6,11.7,15.3,21.0,52.0,91.6,91.7,27.2,1.2,13.4,85.4,0.0,0.0,63.1,0.3,0.0,36.4,0.2,2.8,0.2,100.0
74310705,rural,16691.0,8.4,9.2,10.2,37.7,43.5,38.7,9.4,2.6,8.5,7.9,6.2,6.7,6.5,6.4,5.9,5.1,4.3,4.3,3.3,3.2,3.9,4.5,33.0,59.2,1.8,6.0,28.4,3.4,94.0,42.9,1.0,29.6,15.0,7.2,3.6,98.8,0.3,0.0,0.0,0.2,99.9,0.1,6.0,30.8,0.7,42.0,4.3,40.5,0.9,1.7,0.9,8.9,47.0,2.29,4218.0,14.700000000000001,10.4,4000.0,4.2,90.3,0.5,94.7,2.1,0.6,0.0,24.7,69.0,0.5,1.6,9.2,14.8,21.8,29.4,33.9,97.6,96.9,26.8,1.4,42.6,56.0,0.6,0.0,86.5,0.7,0.1,12.6,0.1,1.4,5.2,99.4
74310707,rural,12023.0,8.4,10.2,11.7,49.2,51.9,40.6,20.7,2.4,10.1,7.9,6.7,6.8,6.4,5.2,4.9,4.3,3.9,4.0,2.8,2.6,4.3,5.6,33.0,60.0,1.9,5.1,27.6,4.2,90.4,56.4,1.2,29.8,12.0,3.7,1.4,98.8,0.1,0.1,0.0,0.0,100.0,0.0,2.2,14.1,0.4,23.2,4.9,64.2,0.4,0.4,0.6,6.1,45.6,3.52,2700.0,13.7,9.7,2706.0,4.4,96.6,0.0,92.7,0.9,0.0,0.0,5.4,94.3,0.3,2.0,3.4,14.3,20.3,35.3,30.2,96.5,94.2,63.6,0.3,7.1,92.6,0.0,0.0,79.4,0.0,0.0,18.9,1.6,2.2,0.0,100.0
74310709,rural,15826.0,8.3,9.9,10.3,40.6,45.6,39.2,9.8,1.7,9.1,7.0,6.2,6.9,6.5,6.4,5.9,4.8,4.0,4.0,3.6,3.2,4.1,4.7,28.0,64.2,1.6,6.1,26.9,3.1,96.9,46.2,2.0,31.8,11.6,5.8,3.3,99.6,0.2,0.1,0.0,0.1,99.8,0.1,11.9,53.7,2.5,44.7,5.4,39.4,3.2,0.5,3.3,1.0,47.4,3.4,3995.0,14.9,10.9,3945.0,4.0,95.1,0.9,95.7,31.3,3.2,0.8,30.6,64.8,0.6,1.4,4.0,16.4,30.4,29.1,24.2,97.4,97.5,33.1,2.2,77.3,20.5,6.1,0.4,82.8,0.2,2.2,14.8,0.0,2.1,0.0,93.60000000000001
74310711,rural,21993.0,8.7,10.3,11.2,41.8,48.1,39.5,20.0,1.9,9.0,7.4,6.8,6.3,6.2,6.0,5.5,4.8,3.5,3.8,3.2,3.0,4.3,7.2,30.4,61.5,2.0,6.1,27.0,4.2,96.4,48.0,1.2,32.5,12.5,3.9,1.7,99.4,0.3,0.1,0.0,0.1,99.7,0.2,6.0,39.9,1.3,34.0,4.5,52.1,1.4,1.8,1.6,3.2,47.3,2.48,4848.0,14.3,10.5,4926.0,4.5,89.8,0.5,89.4,0.3,0.1,0.0,18.8,80.6,0.4,1.8,9.6,10.6,19.1,24.7,45.6,87.1,95.1,33.0,0.1,2.1,97.8,0.0,0.1,67.2,0.0,0.1,32.4,0.3,1.3,0.1,99.9
74310713,rural,16457.0,8.1,9.8,10.0,41.9,47.2,40.9,17.0,1.7,9.3,7.6,6.6,6.5,6.0,5.8,5.6,5.1,4.0,4.6,3.4,3.0,4.6,5.6,32.0,59.9,1.8,6.3,27.1,3.8,95.1,47.3,2.2,31.2,12.6,4.4,2.4,98.5,0.5,0.1,0.0,0.1,99.9,0.3,5.6,35.3,0.3,28.7,4.1,53.1,3.3,1.6,1.3,7.6,47.2,2.04,4024.0,15.6,11.0,3889.0,4.2,93.7,0.0,90.2,1.5,0.0,0.0,26.4,73.1,0.5,1.6,6.3,10.0,19.3,32.4,38.3,93.7,94.0,28.6,2.0,17.7,80.3,0.2,0.0,72.6,1.4,0.5,24.9,0.6,2.1,0.0,99.7
74310901,rural,25570.0,9.4,10.8,11.2,36.4,42.2,42.0,17.1,2.2,9.5,8.7,7.0,6.7,6.4,5.4,4.7,4.6,3.9,3.7,2.8,2.3,2.8,5.8,34.0,59.5,1.6,4.9,27.8,4.1,95.9,42.0,1.8,29.4,15.5,6.4,4.7,98.8,0.2,0.0,0.0,0.0,99.6,0.4,8.3,32.9,3.8,17.5,5.0,66.5,3.8,1.0,2.2,0.2,47.6,2.63,6105.0,11.600000000000001,7.8999999999999995,5530.0,4.6,90.1,0.2,93.4,14.5,0.3,0.0,42.3,56.6,0.6,1.6,9.7,12.7,26.3,33.6,27.4,93.0,93.0,49.1,3.3,51.0,45.7,6.3,10.6,84.7,0.1,0.9,14.1,0.3,1.0,0.2,83.2
74310901,urban,5297.0,9.2,11.1,10.5,24.9,31.6,41.0,24.5,3.7,9.3,9.5,6.7,7.4,6.7,5.8,5.4,4.5,3.6,3.5,2.6,1.6,2.4,7.1,34.1,58.7,2.5,4.8,27.1,3.7,98.8,28.5,2.3,29.0,18.9,10.6,7.7,99.4,0.5,0.1,0.0,0.1,99.8,0.1,20.9,56.6,3.4,14.8,10.5,66.8,1.4,0.8,1.9,0.4,49.9,2.02,1134.0,10.1,6.6,1179.0,4.5,78.5,5.6,94.3,58.4,0.2,0.2,95.6,3.3,0.6,1.8,15.9,12.8,28.0,47.0,12.2,93.9,97.2,51.4,1.3,97.1,1.6,25.7,43.2,99.1,0.2,0.0,0.7,0.1,,0.2,31.099999999999998
74310903,rural,11949.0,8.1,10.2,11.2,39.7,41.8,36.8,22.5,1.9,9.1,7.6,6.6,6.1,6.1,6.0,6.0,5.2,3.7,4.0,3.2,3.0,4.0,7.1,33.8,57.8,1.6,6.8,28.7,3.9,96.0,45.7,1.5,32.3,14.9,6.2,3.3,99.2,0.4,0.1,0.0,0.1,100.0,0.1,3.5,17.9,1.1,43.4,2.0,48.0,1.5,1.4,1.2,1.5,47.0,1.92,2402.0,14.2,10.2,2623.0,4.6,86.6,0.0,93.3,0.2,0.3,0.0,7.2,91.5,0.1,1.8,13.4,7.2,14.8,39.7,38.2,91.1,94.3,37.7,1.3,82.3,16.4,0.0,0.2,72.6,0.4,0.0,26.6,0.4,1.0,0.9,99.8
74310905,rural,14276.0,9.1,10.4,11.5,42.2,46.1,41.0,11.6,0.9,9.7,9.0,6.8,6.5,6.4,5.7,5.0,4.7,3.6,3.7,2.7,2.3,2.8,5.8,31.5,61.8,0.9,5.8,26.0,4.4,95.3,48.4,1.4,35.1,12.7,3.2,1.5,98.9,0.3,0.1,0.1,0.0,99.8,0.2,2.1,25.8,0.4,12.7,5.0,78.6,1.6,0.1,0.5,1.0,46.2,2.93,3563.0,11.5,7.8,3132.0,4.6,96.1,0.5,92.0,10.2,0.2,0.4,17.7,81.3,0.4,1.8,3.3,13.1,28.5,31.6,26.8,91.6,89.4,32.2,3.8,71.5,24.7,0.6,0.3,92.9,0.4,0.3,6.3,0.1,2.0,0.1,99.10000000000001
74310907,rural,28032.0,8.7,10.4,10.9,34.9,38.7,37.9,16.2,2.4,9.7,8.2,6.7,6.4,6.4,6.1,5.5,4.9,4.0,4.0,2.8,2.4,3.0,5.9,31.5,61.3,1.9,5.3,25.6,3.8,95.4,40.0,1.6,34.7,17.1,4.7,3.2,99.3,0.3,0.1,0.1,0.1,99.8,0.2,5.3,32.1,0.9,27.6,4.7,57.9,2.3,1.4,1.5,3.6,46.7,2.78,6226.0,12.2,8.2,6320.0,4.4,93.7,0.9,91.1,2.7,2.1,0.0,26.1,70.1,1.6,1.7,5.4,17.1,29.4,25.7,27.7,95.9,95.4,45.9,2.3,49.1,48.6,0.1,1.4,84.4,0.6,0.1,14.5,0.4,1.3,0.0,98.5
74310907,urban,1698.0,8.6,11.0,10.9,28.6,30.7,38.4,17.7,3.2,9.4,7.4,6.8,7.0,5.6,7.4,5.9,4.1,4.2,3.1,3.3,2.5,2.7,4.8,31.2,62.6,2.0,4.2,26.6,2.9,96.5,32.6,2.5,32.7,18.9,10.9,4.2,99.7,0.2,0.1,0.0,0.0,99.9,0.2,3.3,33.5,3.8,29.2,9.1,50.9,1.9,0.0,4.0,1.1,49.9,2.46,373.0,11.600000000000001,8.5,356.0,4.8,47.5,8.4,94.7,60.4,0.0,0.3,76.1,23.0,0.6,1.8,44.1,23.3,39.3,21.9,15.4,98.9,99.2,32.6,0.0,98.6,1.4,0.0,0.0,97.2,0.0,0.3,2.5,0.0,,0.0,100.0
74310909,rural,15355.0,8.3,10.1,11.2,39.9,42.3,39.1,33.7,3.1,9.1,7.7,6.3,5.9,5.8,5.8,6.1,5.3,3.9,4.0,3.3,2.8,4.4,6.3,33.3,56.8,2.6,7.3,27.7,3.7,97.2,45.9,1.7,31.5,15.9,5.4,3.1,98.8,0.3,0.1,0.0,0.1,99.9,0.1,11.0,52.5,1.0,23.8,6.6,61.4,2.7,1.1,3.1,0.3,47.5,2.6,2807.0,14.5,10.5,3436.0,4.5,94.1,1.0,94.6,3.7,0.2,1.1,24.3,74.0,0.1,1.8,4.9,10.3,14.8,28.9,46.0,91.9,95.5,23.3,1.1,20.7,78.3,1.6,1.2,88.4,0.0,0.0,10.9,0.7,0.9,0.3,97.3
74310915,rural,18134.0,9.0,10.4,10.7,36.2,41.2,40.0,8.6,2.1,9.0,7.8,6.6,7.0,6.6,6.0,5.4,4.6,3.7,4.1,3.0,2.7,3.5,4.1,31.3,62.4,1.4,4.9,27.6,3.9,92.0,41.3,1.2,35.1,14.6,5.7,2.2,98.6,0.3,0.0,0.0,0.1,99.7,0.3,3.9,25.9,2.1,28.0,2.7,60.5,2.2,0.9,1.3,2.3,47.2,2.85,4638.0,13.3,9.2,4040.0,4.5,91.8,0.0,95.4,0.5,1.0,0.0,23.6,75.1,0.2,1.7,8.2,12.2,25.2,34.0,28.7,95.8,95.8,31.7,1.7,30.6,67.6,0.0,0.3,91.9,0.1,0.9,7.0,0.0,1.3,0.1,99.7
75850107,urban,26014.0,8.2,9.7,10.3,24.6,30.6,41.2,30.0,4.4,8.5,7.8,7.3,7.1,6.7,6.6,5.7,5.2,4.0,4.3,3.3,2.7,2.6,4.9,32.0,59.4,3.2,5.4,27.3,2.9,97.1,27.9,1.9,27.4,19.2,10.6,10.3,99.1,2.3,0.7,0.0,0.1,99.8,1.0,13.2,47.6,1.2,34.9,26.9,23.7,1.0,1.4,2.9,8.1,50.0,1.79,5387.0,12.9,8.6,6023.0,4.3,64.5,21.7,98.7,97.1,0.6,3.5,93.9,1.1,0.7,1.6,13.7,15.9,43.2,36.9,3.9,98.5,99.6,44.2,93.5,1.1,5.4,66.1,30.4,98.8,0.0,0.0,1.2,0.0,,0.2,3.5
75850113,urban,65602.0,6.9,9.3,9.5,19.3,26.0,36.6,33.1,5.9,7.6,6.5,6.2,6.9,7.0,7.4,6.1,5.3,4.6,5.4,4.5,3.6,3.2,5.1,33.2,56.5,4.2,6.1,29.0,2.4,95.1,21.6,1.4,26.4,20.6,16.1,9.5,99.3,2.8,0.7,0.1,0.1,99.9,0.7,20.2,58.9,2.7,26.7,21.9,40.8,0.7,0.5,2.7,3.9,51.6,1.79,11936.0,16.7,11.3,16415.0,4.0,66.4,21.4,99.7,97.8,3.9,2.0,93.3,0.4,0.3,1.3,12.3,12.1,19.3,58.4,10.2,99.3,99.7,71.1,99.1,0.5,0.3,76.6,22.9,99.7,0.1,0.0,0.1,0.1,,0.1,0.6000000000000001
75850507,rural,19900.0,9.1,11.2,12.5,45.1,47.8,40.6,23.2,1.2,9.8,6.7,6.9,6.8,6.7,5.9,5.0,4.1,3.4,3.8,3.2,2.1,2.9,5.1,30.5,63.3,1.4,4.8,26.4,4.2,94.4,53.0,2.4,31.8,13.5,2.6,1.8,99.4,0.4,0.0,0.0,0.0,99.9,0.1,5.3,41.3,0.3,26.8,3.9,65.0,0.7,0.3,0.6,2.4,46.7,2.75,4176.0,12.0,8.200000000000001,4150.0,4.8,98.0,0.0,92.7,3.8,0.0,0.0,15.3,84.4,0.3,2.1,2.0,7.5,16.4,26.0,50.1,95.8,95.0,86.3,1.5,30.0,68.6,0.2,0.0,71.7,0.2,0.0,25.9,2.2,4.4,0.1,99.8
75850507,urban,2176.0,8.8,9.6,12.5,27.6,34.2,41.8,30.1,2.4,8.9,6.8,7.8,6.3,7.2,6.6,6.3,5.0,3.5,3.2,2.5,2.2,2.9,3.7,31.7,60.5,1.9,5.9,27.2,3.5,98.3,32.5,2.7,27.9,18.1,9.4,7.8,99.5,1.2,0.6,0.0,0.2,99.9,1.1,11.7,52.8,0.2,25.8,29.2,28.5,1.4,0.9,2.7,11.2,50.1,2.31,438.0,10.8,7.6,519.0,4.2,68.5,15.5,94.8,83.9,0.2,0.2,88.2,7.4,3.7,1.8,16.1,44.7,36.8,16.1,2.5,97.3,98.5,38.7,93.2,2.5,4.3,83.0,0.0,93.6,0.0,0.0,5.4,1.0,,0.4,17.0
75850509,rural,19390.0,9.8,11.1,12.0,41.0,44.5,43.6,13.5,1.6,9.6,7.8,6.8,6.4,5.9,5.6,5.0,4.3,3.5,3.9,2.9,2.4,3.1,4.8,31.9,60.9,1.3,5.9,27.3,5.0,95.8,48.2,2.8,30.8,14.1,5.1,2.7,98.9,0.4,0.1,0.0,0.1,100.0,0.0,4.5,31.5,0.3,37.7,3.5,55.7,1.2,0.4,1.2,0.1,47.4,2.54,4913.0,12.299999999999999,8.4,3897.0,5.0,96.9,0.0,95.6,1.0,0.0,0.0,16.7,83.1,0.2,2.0,3.1,9.8,14.1,24.5,51.5,95.7,95.1,64.0,0.2,1.4,98.4,0.0,0.0,89.5,0.0,0.0,9.5,1.0,3.2,0.0,100.0
75850511,rural,19754.0,9.9,11.9,12.5,41.2,44.8,40.3,11.6,2.1,10.3,7.4,7.1,6.5,5.8,5.8,4.7,4.3,3.2,3.4,2.7,2.1,2.4,4.6,31.3,62.4,1.7,4.6,26.9,4.9,97.3,48.6,2.8,32.9,15.3,2.4,1.9,99.0,0.3,0.1,0.0,0.1,99.9,0.0,3.1,24.6,0.1,42.4,4.6,49.5,1.4,1.0,0.7,0.2,46.8,2.44,4622.0,10.6,7.200000000000001,4163.0,4.7,96.9,0.0,94.7,2.5,0.0,0.0,8.8,91.0,0.2,2.4,3.1,7.9,10.4,27.7,54.1,96.0,97.6,84.3,0.4,0.4,99.3,0.0,0.0,95.2,0.1,0.2,3.2,1.3,2.7,0.0,100.0
75850517,rural,20290.0,10.2,12.3,12.5,43.5,47.1,42.0,10.4,1.0,10.1,7.6,7.4,6.7,5.7,5.5,5.1,4.0,2.8,3.2,2.6,1.8,2.3,5.0,30.6,63.7,1.1,4.5,25.3,4.1,93.7,51.0,2.1,36.2,10.5,2.0,2.2,97.6,0.6,0.0,0.0,0.0,99.9,0.2,7.5,44.6,0.9,35.6,5.6,50.4,1.8,0.9,2.2,2.5,47.4,3.04,4955.0,9.9,6.7,4192.0,4.8,97.5,0.4,96.1,6.4,0.0,0.2,5.0,94.4,0.3,2.2,2.2,7.6,12.2,26.9,53.3,98.1,95.9,94.2,0.9,0.9,98.2,0.0,0.0,89.3,0.5,0.4,9.8,0.0,2.1,0.2,100.0
75850701,rural,6774.0,8.7,11.3,12.2,39.1,41.4,40.6,27.2,3.1,9.5,6.7,5.9,6.3,6.1,6.4,5.2,4.9,4.0,4.2,3.0,2.3,3.1,3.7,31.9,60.6,2.2,5.3,26.9,3.9,98.2,46.0,2.7,32.6,16.3,4.3,2.7,99.5,0.6,0.1,0.0,0.0,99.8,0.2,15.6,66.5,1.9,24.1,5.7,56.4,3.6,1.8,5.2,1.3,48.4,2.97,1358.0,12.6,8.4,1486.0,4.6,96.0,0.0,95.9,19.4,0.6,0.0,17.3,81.6,0.5,2.0,4.0,13.3,11.5,16.4,58.9,94.6,95.6,78.5,0.2,0.6,99.2,0.2,0.0,97.6,0.1,0.1,1.6,0.6,0.7,0.1,99.8
75850703,rural,11090.0,8.7,10.7,10.9,38.9,40.1,39.4,33.3,4.2,8.4,7.4,6.3,6.9,6.1,6.2,5.6,5.0,4.6,4.3,3.3,2.5,3.0,7.0,30.6,59.9,3.5,6.0,26.5,3.4,97.8,44.5,2.9,32.9,16.8,4.9,2.5,99.0,1.0,0.2,0.0,0.1,99.8,0.2,6.4,47.2,0.3,19.5,5.3,57.7,2.2,1.6,0.5,12.9,47.6,3.56,2033.0,13.1,8.8,2638.0,4.2,81.6,0.3,95.6,33.6,0.0,0.0,15.6,81.8,0.5,1.8,18.1,7.1,4.4,16.5,71.9,96.9,98.1,74.1,11.3,22.2,66.5,0.1,0.0,98.9,0.0,0.0,0.5,0.6,1.8,2.1,99.8
75850703,urban,6180.0,6.5,8.4,9.4,27.1,31.0,36.1,39.8,8.1,8.7,6.5,6.2,5.9,6.5,7.2,6.0,5.6,5.1,5.9,4.7,3.7,3.6,6.3,34.7,51.2,6.0,8.2,30.0,2.7,99.0,30.3,1.2,29.8,20.5,13.0,4.4,99.7,1.3,0.4,0.0,0.2,99.8,0.4,12.4,44.0,0.2,31.7,12.4,46.4,0.4,1.6,1.9,5.5,51.5,1.61,1018.0,17.900000000000002,12.0,1554.0,4.0,72.3,8.0,97.6,67.8,0.4,0.8,80.1,18.5,0.2,1.4,19.7,1.9,3.0,43.9,51.2,99.3,99.8,49.5,86.2,0.6,13.1,5.9,89.1,98.6,1.2,0.0,0.0,0.1,,0.1,5.0
75850705,rural,14644.0,8.6,10.6,11.9,38.1,41.7,36.1,23.0,3.2,9.9,7.2,6.3,6.6,5.7,5.8,5.7,4.9,3.9,3.9,3.3,2.4,3.3,5.6,31.6,60.3,2.4,5.6,26.5,4.0,95.4,44.3,1.8,32.9,16.0,5.1,2.5,98.3,0.7,0.1,0.0,0.0,99.9,0.1,6.5,36.0,0.4,20.3,6.4,59.3,0.7,0.6,0.4,11.9,47.2,2.22,2805.0,12.899999999999999,9.0,3124.0,4.7,90.6,0.2,92.4,1.8,0.2,0.0,15.4,84.2,0.0,2.0,9.3,8.8,12.5,24.5,54.2,94.0,97.0,72.7,1.0,8.5,90.6,0.1,0.3,95.7,0.3,0.3,2.2,1.5,1.6,0.1,99.5
75850713,rural,14618.0,9.5,12.0,12.2,46.5,48.3,36.5,21.8,2.7,9.0,6.7,5.9,6.4,6.4,5.8,5.1,4.2,3.9,3.9,3.2,2.5,3.2,5.4,29.5,63.0,1.9,5.6,25.6,4.3,93.4,54.3,3.0,32.1,13.6,2.1,1.0,96.5,0.4,0.0,0.0,0.1,99.8,0.2,3.2,28.8,0.2,24.6,2.8,67.8,1.0,0.0,1.0,2.6,49.4,3.19,2764.0,12.8,8.9,3142.0,4.7,95.8,0.0,96.1,63.8,0.0,0.0,2.9,96.9,0.2,2.0,4.2,3.7,5.0,15.4,75.9,94.8,97.1,76.1,0.3,42.0,57.6,0.3,0.0,94.4,0.2,0.0,5.2,0.2,1.5,0.0,99.7
75850715,rural,19088.0,10.1,12.2,12.3,46.0,47.6,39.0,16.9,2.4,9.1,6.7,6.4,6.6,6.0,6.0,5.0,4.1,3.8,3.5,3.1,2.4,2.7,4.0,29.7,63.2,1.7,5.4,26.5,4.1,97.1,54.0,2.8,31.5,13.5,3.0,1.6,97.5,0.6,0.1,0.0,0.1,99.9,0.0,5.0,34.7,0.1,29.0,5.0,60.9,3.8,0.5,0.4,0.3,47.9,3.38,4051.0,11.7,8.2,3752.0,5.1,91.6,0.7,95.2,45.1,0.2,0.0,14.2,85.5,0.2,2.0,7.8,7.0,14.5,37.4,41.1,99.0,99.6,75.5,6.7,1.1,92.2,6.7,0.0,98.8,0.0,0.0,1.1,0.1,2.3,0.0,93.2
82010101,urban,28876.0,8.3,10.1,11.1,14.5,23.3,35.9,21.5,4.2,9.1,7.6,6.5,7.0,6.5,6.8,6.3,5.6,4.2,4.2,2.6,1.9,2.1,3.8,32.7,59.5,2.9,4.9,28.4,3.5,97.6,16.8,2.4,28.9,20.7,13.1,11.6,98.3,8.7,11.3,0.1,0.5,99.4,4.1,18.7,51.9,2.0,21.8,32.2,35.8,0.7,1.4,1.7,4.4,49.8,2.11,5746.0,10.8,6.6,6309.0,4.6,63.1,25.9,98.8,95.4,0.5,0.5,93.0,5.5,0.4,1.4,11.1,15.3,39.2,44.1,1.4,99.3,99.9,75.9,93.9,5.9,0.3,43.1,55.0,99.7,0.2,0.0,0.1,0.1,,0.1,2.0
82010103,urban,12514.0,8.7,10.2,11.0,17.8,26.5,33.6,12.8,6.0,8.9,7.0,6.4,6.8,6.2,6.2,5.8,5.7,4.4,4.2,3.1,2.2,3.2,3.3,32.3,58.3,3.8,5.7,27.7,3.0,95.4,20.5,1.5,28.7,21.6,13.4,8.3,92.6,11.8,18.1,0.2,0.1,99.6,1.6,13.2,54.1,1.3,19.2,25.9,46.9,2.5,0.2,2.2,1.8,52.0,2.18,2574.0,12.7,8.5,2878.0,4.3,61.4,30.8,98.4,98.9,0.3,0.7,93.7,4.2,0.8,1.4,7.7,22.4,36.9,39.3,1.4,99.4,99.8,77.1,93.8,5.7,0.6,74.5,24.5,99.5,0.0,0.0,0.5,0.0,,0.2,1.1
82010105,urban,95724.0,7.8,9.5,10.5,10.7,18.4,37.5,22.3,4.7,9.0,7.5,6.5,6.5,6.4,6.6,6.6,5.9,5.0,4.5,3.1,2.2,2.4,3.3,32.3,60.5,3.1,4.1,28.7,2.8,97.2,12.2,2.6,25.3,19.2,18.1,16.5,98.7,10.5,18.6,0.2,0.1,99.8,2.0,27.3,67.6,2.0,20.7,45.1,27.6,0.9,0.4,1.2,2.1,51.0,2.04,20132.0,12.200000000000001,7.700000000000001,22944.0,4.2,59.0,31.7,99.6,99.2,5.7,3.0,89.8,1.0,0.4,1.3,9.3,24.3,39.7,33.5,2.5,99.4,99.9,84.7,98.2,1.7,0.1,34.8,64.0,99.4,0.2,0.1,0.3,0.1,,0.0,1.2
82010109,urban,14623.0,6.5,8.7,10.2,20.7,24.7,31.3,26.9,7.7,8.6,6.9,5.3,6.2,5.7,6.4,6.4,6.7,5.4,5.8,3.8,3.4,4.1,4.1,34.0,53.8,5.0,7.3,31.0,2.6,97.9,23.4,2.3,25.1,19.0,16.3,12.6,89.1,1.7,37.5,0.1,0.0,99.8,1.7,18.2,62.3,1.6,22.1,37.3,35.4,0.9,0.0,1.4,1.3,53.3,2.16,2491.0,17.1,11.299999999999999,3588.0,4.1,71.8,19.3,98.3,93.5,2.6,0.1,89.3,7.9,0.2,1.3,9.0,15.8,28.3,50.6,5.3,98.0,98.5,76.6,75.7,18.5,5.9,58.1,37.9,86.7,0.0,1.6,11.4,0.2,,0.0,4.0
82010111,urban,11864.0,8.3,9.9,11.4,21.0,28.3,34.4,19.7,6.0,8.7,7.2,6.7,6.7,6.2,6.4,6.0,5.2,4.2,4.6,3.3,2.4,3.0,6.4,30.2,60.6,3.6,5.6,29.1,3.5,93.7,24.2,1.4,33.5,19.2,9.0,8.5,98.4,3.1,1.3,0.0,0.0,99.6,1.4,10.2,26.2,0.7,21.6,15.5,45.7,3.1,7.5,1.9,4.0,51.1,1.64,2311.0,13.299999999999999,8.7,2521.0,4.7,75.8,11.1,98.6,99.2,0.5,0.0,71.7,25.8,2.0,1.6,13.2,23.6,29.0,41.0,6.4,95.5,99.0,49.9,75.3,16.3,8.4,48.9,47.2,95.3,0.0,0.0,4.7,0.0,,0.0,3.9
82010113,urban,22073.0,9.0,10.6,11.4,17.2,27.7,38.3,18.1,5.1,9.3,7.4,6.8,7.3,6.6,7.0,6.0,4.7,3.7,3.9,2.3,1.9,2.1,2.7,33.0,59.0,3.1,5.0,28.8,3.2,96.1,20.0,1.9,28.8,20.3,9.8,11.6,98.7,4.0,19.0,0.0,0.4,99.7,2.3,21.5,57.1,2.0,30.3,27.1,25.3,2.1,2.5,3.6,7.0,50.5,1.66,4774.0,10.2,6.299999999999999,4481.0,4.9,64.5,27.8,99.7,99.9,0.0,0.0,89.6,9.9,0.3,1.5,7.7,22.5,35.8,36.8,5.0,99.6,99.8,89.1,93.0,5.6,1.4,61.9,37.3,99.3,0.4,0.0,0.2,0.2,,0.1,0.8999999999999999
82010115,urban,9525.0,8.5,9.8,10.4,16.1,23.0,37.1,12.1,5.7,8.1,7.0,6.7,7.4,6.5,6.7,6.2,5.4,4.4,4.3,3.3,2.1,3.2,2.5,31.9,60.0,3.4,4.6,28.2,2.5,99.3,18.2,1.7,26.7,20.5,14.4,13.5,82.7,3.6,83.2,0.2,0.0,98.8,4.6,25.2,61.8,3.4,28.0,24.5,34.3,4.2,2.0,2.8,0.9,50.4,2.63,2211.0,12.899999999999999,8.600000000000001,2023.0,4.7,65.0,26.3,99.6,99.3,2.7,3.2,90.5,3.3,0.2,1.3,8.8,23.2,38.1,35.9,2.8,99.5,100.0,87.8,87.8,3.7,8.4,46.7,52.0,99.3,0.0,0.0,0.7,0.0,,0.0,1.3
82010301,rural,4758.0,9.6,11.1,12.4,23.2,32.5,33.6,26.1,4.2,8.4,6.5,6.6,7.1,7.1,6.5,5.2,3.7,3.9,4.0,3.0,2.1,2.8,8.8,27.5,64.7,2.8,5.1,26.6,4.0,98.7,27.2,1.5,36.3,17.5,7.4,4.9,98.4,0.8,2.3,0.0,0.0,99.9,0.2,5.9,19.2,0.9,7.6,5.1,83.4,2.5,0.1,0.1,0.3,48.6,2.71,789.0,11.899999999999999,7.8999999999999995,911.0,5.2,76.2,1.6,98.4,94.7,0.0,0.0,40.6,58.9,0.4,1.9,22.2,18.1,32.6,37.2,12.1,91.2,95.5,12.3,1.0,48.2,50.8,1.8,96.4,80.6,0.2,0.0,18.9,0.3,0.3,0.1,1.7000000000000002
82010303,rural,20538.0,9.1,11.0,12.2,19.7,27.3,33.1,12.4,4.7,9.7,7.3,6.0,6.6,6.2,7.1,6.0,4.8,3.4,3.6,2.8,2.0,2.4,4.9,28.6,63.6,3.1,4.7,26.6,3.6,93.6,22.9,2.0,33.8,22.4,8.8,5.6,95.5,1.0,0.3,0.0,0.0,99.6,0.4,8.3,30.2,0.7,13.8,11.8,63.4,0.7,1.1,2.7,5.7,48.6,2.16,4037.0,10.8,7.199999999999999,3771.0,5.4,84.1,3.6,97.6,95.4,0.5,0.2,73.8,24.7,0.6,1.8,12.2,29.4,33.6,23.8,13.2,93.9,97.6,55.4,6.4,33.0,60.6,69.4,25.5,93.4,0.2,0.2,6.2,0.0,0.2,0.3,5.0
82010307,rural,6531.0,9.9,11.5,12.0,27.7,34.9,34.3,17.6,4.2,9.0,7.0,7.2,6.8,6.4,5.7,5.0,4.5,3.2,3.4,3.3,2.7,2.4,3.6,31.3,60.6,2.5,5.6,27.6,4.0,98.7,32.6,2.7,31.7,16.2,7.9,6.7,97.0,0.1,16.9,0.0,0.1,99.8,0.2,2.1,15.4,0.4,13.0,6.6,52.4,2.6,1.3,0.3,23.4,48.7,2.73,1230.0,11.799999999999999,8.4,1130.0,5.8,87.5,0.8,86.9,74.7,0.0,0.0,31.1,68.1,0.7,1.9,11.7,11.6,16.1,40.2,32.1,97.0,98.7,20.9,93.0,5.8,1.2,80.3,17.6,91.4,0.2,0.0,8.2,0.3,1.0,0.1,2.1999999999999997
82010309,rural,4399.0,9.0,10.7,11.6,25.7,30.4,31.4,17.3,6.1,9.8,7.1,5.6,5.7,6.2,6.4,6.0,5.0,3.8,4.0,3.5,2.6,2.9,4.7,29.9,60.2,4.0,5.9,27.8,3.6,97.1,29.6,2.2,35.8,16.5,8.7,6.5,99.3,3.1,1.0,0.0,0.0,99.9,0.5,5.9,43.9,0.3,4.3,6.1,40.9,1.9,0.0,0.8,45.7,51.1,2.57,783.0,13.0,9.0,846.0,5.2,72.9,3.4,97.6,96.7,0.0,0.0,62.0,29.8,8.0,1.8,23.7,26.9,40.0,32.7,0.4,97.8,99.1,75.8,84.2,14.5,1.3,23.6,64.0,73.5,0.0,0.1,26.2,0.2,0.6,0.1,12.5
82010701,rural,7807.0,7.5,10.2,10.6,26.1,28.7,30.1,21.0,5.7,8.4,5.8,4.7,5.5,6.0,6.4,6.8,5.2,4.4,4.7,4.2,3.8,5.7,5.9,26.6,60.4,3.8,9.2,27.9,2.9,99.1,29.8,2.9,32.8,19.4,10.8,5.3,96.6,3.4,32.4,0.2,0.0,99.5,0.7,9.8,51.3,0.9,15.3,12.0,64.9,1.9,0.5,1.0,3.5,53.6,2.22,1329.0,18.4,13.7,1673.0,4.7,88.2,2.0,97.9,93.3,0.2,0.0,20.2,78.9,0.6,1.4,9.8,11.9,14.5,46.1,27.4,94.0,97.8,13.8,1.6,1.3,97.0,12.7,81.7,78.8,0.3,0.1,20.5,0.2,1.2,0.1,5.6
82010701,urban,1079.0,8.0,10.9,9.6,24.0,24.7,31.4,14.9,4.0,8.2,5.2,5.2,5.7,7.0,5.8,6.6,6.1,4.6,3.7,4.1,2.8,6.4,5.3,28.8,61.3,2.7,7.1,28.8,2.8,98.6,27.2,3.8,24.6,19.1,13.0,14.9,97.1,65.4,2.2,0.1,0.1,99.1,1.7,16.1,62.3,1.0,14.1,32.5,47.1,0.5,1.0,3.4,0.5,55.9,2.68,206.0,17.0,13.3,265.0,4.1,62.6,28.3,99.6,100.0,0.0,0.0,72.1,27.2,0.8,1.4,9.1,27.2,32.8,39.2,0.8,98.9,98.9,18.1,1.1,46.4,52.5,2.6,97.4,85.3,1.9,0.4,12.5,0.0,,0.0,0.0
82010703,rural,17483.0,9.3,11.3,11.2,20.0,25.3,31.6,13.9,3.5,8.6,6.5,5.5,6.2,6.2,7.1,6.7,5.2,4.2,3.8,2.8,2.5,3.0,5.0,28.0,63.4,2.4,6.2,25.8,3.0,97.3,23.1,2.6,32.7,22.0,11.2,6.1,98.0,6.0,7.9,0.0,0.0,99.7,1.2,12.5,45.9,0.7,30.4,18.0,44.4,0.8,1.5,1.1,3.2,52.2,2.98,3246.0,12.1,8.3,3641.0,4.8,70.4,12.2,97.8,89.3,1.1,0.0,53.4,44.7,0.8,1.6,17.4,23.4,28.5,34.6,13.5,97.7,99.1,48.6,12.9,67.0,20.1,61.2,24.3,90.5,0.1,0.0,9.2,0.1,1.0,0.1,14.5
82010705,rural,12852.0,9.1,10.5,11.6,23.1,29.4,32.8,18.6,3.6,9.3,6.2,5.4,5.5,6.1,6.3,6.1,5.1,4.2,4.2,3.8,3.3,3.3,5.5,26.9,63.7,2.2,7.3,27.1,3.5,98.4,26.6,1.8,33.9,19.7,9.3,5.9,91.7,16.6,10.9,0.0,0.0,99.9,0.9,5.2,28.0,1.3,56.2,10.0,23.2,0.4,0.0,1.1,7.8,50.9,2.49,2358.0,14.600000000000001,10.399999999999999,2544.0,5.1,89.3,2.7,99.5,95.4,0.2,0.0,24.0,74.5,1.3,1.7,8.0,10.4,13.5,39.1,36.9,98.3,99.5,41.2,3.3,52.0,44.6,13.2,84.3,71.9,0.0,0.5,26.0,1.5,1.1,0.0,2.5
82010707,rural,18219.0,9.2,10.8,11.5,21.2,28.2,34.9,23.0,3.9,8.9,6.5,5.9,6.1,6.3,6.9,6.4,5.5,4.2,3.8,2.8,2.2,3.0,4.7,31.5,61.0,2.6,4.9,27.6,3.1,96.9,24.5,2.0,29.2,21.0,11.9,7.7,94.1,1.7,39.9,0.0,0.0,99.7,0.7,13.1,52.6,1.1,21.1,18.7,54.6,1.9,0.5,1.7,0.4,51.0,2.85,3352.0,11.8,8.0,4011.0,4.5,80.6,11.1,97.8,79.5,0.6,0.0,61.5,37.4,0.5,1.6,8.2,34.5,19.0,14.6,31.9,97.6,98.2,56.4,7.8,66.4,25.8,83.1,2.2,95.4,0.3,0.3,3.9,0.0,1.2,0.0,14.7
82010709,rural,5707.0,9.9,11.0,11.8,32.3,37.8,31.6,20.9,5.9,8.8,5.7,5.4,5.8,5.4,6.5,5.9,5.0,4.3,4.4,3.2,2.7,4.3,6.0,30.7,59.1,4.0,6.3,26.8,3.2,96.8,37.1,1.9,32.1,16.8,6.5,4.8,92.7,7.0,44.2,0.1,0.0,99.3,5.4,10.2,40.3,0.3,16.6,9.5,66.1,1.8,0.3,0.8,4.6,52.1,2.95,959.0,14.600000000000001,10.2,1198.0,4.8,83.2,3.8,94.4,79.2,0.5,0.1,21.0,77.6,0.8,1.8,13.0,19.7,13.3,48.9,18.1,96.6,98.4,18.7,35.2,29.2,35.6,3.8,0.0,84.7,0.2,0.0,14.8,0.4,0.9,0.0,96.2
82011101,rural,11925.0,8.7,10.8,11.7,23.8,32.7,32.8,18.8,4.5,9.0,6.9,6.5,7.0,6.1,6.4,5.5,4.3,3.7,4.1,3.2,2.9,3.3,6.7,31.2,58.4,3.3,7.1,28.2,3.6,98.8,27.6,3.0,30.2,18.3,7.4,8.4,98.6,0.1,0.3,0.0,0.1,99.8,0.3,14.4,44.0,0.6,24.3,14.9,44.5,1.1,8.3,1.4,5.0,49.6,2.3,2178.0,13.5,9.399999999999999,2361.0,5.1,79.6,0.2,98.1,94.3,0.0,0.0,18.2,81.3,0.5,1.7,20.2,7.2,9.4,35.6,47.8,79.0,90.9,51.8,3.0,16.4,80.6,75.0,22.6,92.8,0.0,0.0,6.9,0.4,1.1,0.0,2.4
82011103,rural,4076.0,10.3,11.9,11.4,33.7,41.2,32.8,47.7,5.6,9.4,8.2,8.6,7.4,5.2,5.0,4.7,4.2,3.3,3.1,2.8,2.1,2.5,4.0,36.3,56.8,3.0,3.9,28.5,5.0,98.0,39.2,2.1,35.0,12.4,4.4,4.9,82.8,20.8,47.9,0.0,0.0,99.2,1.0,3.2,8.7,0.4,13.8,16.1,61.7,3.4,0.6,0.6,3.2,48.1,2.54,465.0,10.5,7.4,701.0,5.8,83.9,0.4,96.5,61.9,0.0,0.0,19.6,80.3,0.1,2.1,15.7,9.5,16.0,35.3,39.3,78.1,82.9,20.3,1.0,72.4,26.6,35.3,0.0,52.8,0.0,0.0,46.9,0.3,0.5,0.0,64.8
82011105,rural,8586.0,8.2,9.9,11.6,29.2,35.5,29.1,13.2,4.9,9.9,7.5,6.9,6.0,5.6,5.9,5.3,4.8,3.8,4.4,3.6,3.1,3.6,6.3,32.3,58.5,3.3,5.9,28.1,3.9,97.6,33.8,2.7,30.1,18.2,6.5,6.9,99.0,0.2,3.4,0.0,0.0,99.9,0.1,10.8,37.4,0.6,18.8,12.7,54.5,1.1,1.6,1.1,9.5,50.6,2.48,1526.0,14.7,10.3,1732.0,5.0,80.9,0.4,94.9,92.3,0.1,0.0,13.2,86.4,0.3,1.9,18.7,7.7,5.5,30.4,56.3,51.9,55.9,38.0,1.3,15.3,83.4,91.8,0.0,59.8,0.0,0.0,40.0,0.2,0.3,0.0,8.2
82011107,rural,9001.0,9.8,11.3,10.4,30.9,37.3,37.7,11.1,4.7,8.8,7.8,8.4,8.2,7.3,6.6,5.0,3.8,3.4,2.8,2.4,1.6,2.4,1.4,36.1,57.3,2.5,4.1,29.3,4.0,96.7,34.8,2.5,28.9,17.6,7.2,6.4,74.6,53.1,42.7,0.1,0.2,96.1,5.0,13.1,49.0,3.3,23.8,12.2,38.6,0.9,0.8,1.0,19.4,48.1,2.32,2067.0,9.2,6.4,1897.0,4.7,81.9,9.1,92.3,86.7,0.1,0.0,27.9,67.2,4.7,1.5,9.0,42.4,35.4,15.4,6.8,98.6,98.3,88.8,62.2,34.3,3.5,13.0,77.2,97.9,0.4,0.0,1.3,0.4,0.4,0.2,9.7
82011109,rural,1966.0,10.3,11.5,10.8,48.4,52.5,37.9,16.3,3.8,9.8,8.2,7.8,8.0,7.1,6.5,3.8,2.6,3.3,3.2,2.1,1.8,3.2,1.8,36.1,58.8,2.0,3.0,28.8,4.4,93.4,54.4,0.3,27.3,12.0,4.5,3.4,27.2,0.3,94.2,0.2,0.1,98.5,2.4,8.4,28.8,0.7,8.1,17.9,69.3,3.3,0.0,0.2,0.5,47.5,3.3,420.0,10.3,7.1000000000000005,336.0,5.9,78.7,2.5,90.1,52.9,0.0,0.0,11.8,82.8,5.1,2.6,18.8,9.2,12.1,29.0,49.7,87.6,88.5,3.2,1.6,46.2,52.2,0.6,87.9,51.6,1.3,0.0,46.8,0.3,4.1,0.3,11.5
82011302,rural,4706.0,8.5,10.2,12.3,37.6,40.1,31.9,35.7,6.4,9.6,6.4,5.0,5.5,5.9,5.7,5.5,5.2,4.7,4.1,3.3,2.9,5.2,7.0,30.0,58.6,4.5,6.9,28.5,3.8,98.3,44.1,1.5,26.8,15.5,9.4,6.7,31.6,2.0,97.4,0.2,0.0,99.2,1.7,24.0,72.4,0.5,17.0,28.7,48.3,3.3,0.2,1.5,0.6,51.8,2.7,666.0,15.5,11.399999999999999,1060.0,4.4,83.7,4.6,95.7,80.2,0.0,0.0,19.6,79.7,0.6,1.4,11.7,20.2,19.1,38.4,22.3,84.3,84.6,29.5,0.2,35.7,64.2,4.0,0.1,52.4,0.1,0.0,47.3,0.2,0.1,0.1,95.9
82011307,rural,12192.0,7.6,9.7,10.7,24.7,30.7,29.8,28.6,5.1,8.8,7.0,6.1,6.5,6.0,6.6,6.2,5.5,4.6,4.6,2.9,2.9,4.4,5.0,33.5,55.9,3.8,6.8,29.6,3.5,96.2,28.1,1.2,27.1,20.8,11.2,9.1,77.3,11.1,86.4,0.1,0.0,99.2,2.5,10.1,51.4,1.6,32.2,13.0,47.8,1.7,1.1,1.2,1.4,51.9,2.37,1868.0,14.8,10.2,2450.0,5.0,89.3,2.8,97.2,97.6,0.4,0.1,82.2,16.7,0.6,1.7,7.9,15.8,27.1,49.4,7.7,93.4,96.0,26.9,5.3,58.2,36.5,10.3,87.4,79.5,0.2,0.1,19.9,0.2,0.8,0.0,2.4000000000000004
82011309,rural,6877.0,8.3,10.2,10.9,25.1,31.3,29.0,17.3,5.2,7.8,6.0,5.4,6.8,6.5,7.0,6.2,5.5,4.1,4.9,3.2,3.1,4.2,6.1,31.1,58.9,3.5,6.5,28.8,2.9,98.2,28.8,1.5,31.7,19.7,8.9,7.0,97.3,15.1,52.0,0.1,0.1,98.2,8.5,11.8,42.1,4.2,14.7,10.8,58.3,1.4,0.9,1.5,8.2,51.7,2.04,1162.0,15.400000000000002,10.5,1386.0,5.0,85.3,1.7,97.2,92.2,0.1,0.1,68.1,31.1,0.5,1.6,13.1,29.8,21.7,23.5,25.0,97.0,98.7,48.5,3.3,46.2,50.5,34.5,62.3,94.1,0.1,0.0,5.6,0.2,1.0,0.1,3.2
82011313,rural,6016.0,7.8,9.3,10.2,37.0,39.7,29.7,27.3,7.8,7.9,5.8,5.0,5.7,5.2,5.8,6.3,5.9,5.0,5.4,4.1,4.3,6.2,6.3,30.8,54.9,5.4,8.9,28.7,2.6,95.8,41.6,1.0,25.3,16.6,10.5,6.9,33.6,0.4,98.5,0.2,0.0,99.4,5.5,16.1,59.6,0.1,29.8,15.9,33.8,10.7,0.1,9.1,0.5,56.8,2.35,945.0,20.0,14.599999999999998,1453.0,4.1,87.1,2.6,97.2,89.7,0.1,0.1,46.9,52.7,0.3,1.3,10.3,17.6,27.0,36.2,19.2,92.5,95.2,34.9,0.6,0.6,98.8,68.0,0.8,63.2,0.0,0.1,36.4,0.3,0.2,0.0,31.2
82011501,rural,10672.0,10.3,10.8,11.7,36.1,38.4,36.0,32.9,4.2,8.7,8.0,7.3,7.1,5.8,5.5,4.9,3.9,3.2,3.5,2.6,2.6,4.1,5.8,34.1,58.6,2.5,4.8,28.7,4.6,97.6,41.7,1.4,29.8,16.6,7.9,6.0,18.9,0.2,98.8,0.1,0.1,99.0,1.0,5.7,39.4,0.2,13.3,10.2,71.2,4.0,0.3,0.3,0.4,50.3,2.69,1732.0,12.799999999999999,9.3,1943.0,5.5,86.8,4.5,93.5,91.1,0.1,0.3,29.9,69.2,0.4,2.1,8.7,26.3,33.5,36.5,3.7,90.6,94.7,24.8,0.4,0.5,99.1,0.1,0.0,43.5,0.1,3.7,52.0,0.7,1.6,0.2,99.89999999999999
82011503,rural,23362.0,8.5,10.2,10.9,21.8,27.1,35.3,21.7,5.7,8.6,7.4,6.9,7.0,6.4,6.7,5.5,5.1,3.9,3.9,3.0,2.1,3.8,3.4,34.5,56.8,3.7,5.0,28.8,3.3,97.2,25.1,2.6,29.8,20.0,10.4,10.1,39.1,12.7,85.7,0.1,0.0,98.2,8.6,14.7,55.9,1.8,27.1,11.6,55.2,1.1,0.9,0.3,2.0,51.1,2.13,4546.0,12.8,8.899999999999999,4404.0,5.3,80.7,8.8,96.1,91.7,1.1,0.4,81.9,15.9,0.5,1.6,10.6,21.1,36.6,37.9,4.4,96.4,97.3,49.9,2.7,31.8,65.5,35.5,55.5,87.9,0.2,0.5,11.2,0.2,1.4,0.2,9.0
82011505,rural,11875.0,8.3,9.6,9.6,24.4,31.8,34.5,28.6,5.6,7.7,7.1,7.4,7.5,6.3,6.8,6.0,4.8,3.9,4.4,3.1,2.7,4.8,5.2,33.3,57.7,3.3,5.7,29.7,2.5,98.5,27.5,2.1,29.7,20.4,8.6,7.4,80.1,2.9,28.2,0.0,0.0,99.5,1.9,4.5,22.2,0.9,15.4,8.4,54.1,0.9,0.9,0.9,18.5,50.6,1.73,2119.0,15.0,10.600000000000001,2272.0,5.2,86.7,1.7,99.9,93.0,0.4,0.0,63.7,35.1,0.6,1.6,11.6,16.2,20.0,44.2,19.6,94.1,98.2,33.4,1.7,67.1,31.2,39.6,56.3,75.1,0.1,0.0,24.8,0.0,0.8,0.3,4.1000000000000005
82011511,rural,17229.0,9.2,11.6,12.4,29.1,35.6,30.7,27.1,6.8,9.0,6.7,6.5,6.4,5.7,6.0,5.4,4.2,3.6,3.9,2.6,2.8,3.9,6.5,31.4,57.4,4.3,6.9,28.4,3.8,93.1,33.9,1.7,29.9,17.6,7.5,7.8,60.4,3.6,74.1,0.6,0.0,96.8,13.9,7.2,40.5,0.6,17.0,16.2,50.2,0.4,2.9,1.7,10.9,51.7,2.43,2577.0,13.200000000000001,9.3,3378.0,5.1,77.6,5.1,97.7,92.7,1.2,0.0,69.6,28.8,0.3,1.8,17.2,22.3,38.8,31.6,7.3,93.4,99.2,28.6,4.8,7.9,87.3,12.2,63.8,85.6,0.3,0.0,14.0,0.2,0.6,0.1,24.0
83630103,urban,62149.0,7.5,9.2,9.9,19.3,23.8,38.7,24.6,7.9,7.9,6.9,6.1,6.6,6.5,7.2,6.6,6.3,5.0,4.9,3.5,2.7,3.3,5.5,31.0,57.3,5.6,6.0,28.0,2.6,98.2,21.7,2.4,27.2,20.4,15.4,10.8,97.8,4.0,40.3,0.2,0.1,99.8,2.7,20.6,63.1,3.1,26.2,25.8,33.7,1.8,0.7,2.8,5.7,51.7,1.87,13279.0,14.400000000000002,9.5,16225.0,3.8,66.0,25.0,98.6,94.7,0.4,3.1,85.5,10.3,0.5,1.3,9.0,22.4,33.2,36.8,7.6,97.2,98.8,45.5,96.5,2.0,1.5,33.3,62.4,98.9,0.0,0.1,0.8,0.2,,0.2,4.4
83630107,urban,28452.0,7.7,9.8,10.7,19.0,25.4,33.8,27.6,6.8,9.2,7.4,5.8,6.5,6.3,6.6,6.6,5.8,4.6,4.5,3.4,2.6,2.6,3.7,32.1,58.7,4.4,4.7,29.0,3.0,97.9,21.8,1.7,26.5,20.0,13.9,12.4,94.6,10.9,66.7,0.4,0.0,99.2,3.5,24.2,70.7,2.2,20.0,33.6,34.7,1.6,0.7,1.0,6.2,51.3,1.88,5001.0,13.1,8.6,6894.0,4.1,64.9,24.3,99.0,97.3,0.2,0.1,95.2,4.2,0.3,1.4,10.8,30.4,46.5,22.7,0.5,99.3,99.5,73.7,95.7,4.0,0.3,31.5,67.0,98.9,0.2,0.0,0.6,0.3,,0.0,1.5
83630115,rural,2280.0,8.7,9.5,8.8,49.2,50.3,39.7,3.3,3.6,7.2,6.5,6.9,7.8,6.4,6.4,7.1,5.3,4.2,5.3,3.6,2.5,3.8,4.4,24.4,68.2,3.3,4.0,25.5,2.8,95.3,54.1,1.6,25.8,15.3,5.0,2.1,75.2,3.8,93.8,0.2,0.0,97.9,34.8,8.0,39.3,1.7,20.1,5.0,67.7,5.0,0.0,0.3,0.2,48.2,1.7,638.0,15.2,9.899999999999999,532.0,4.3,70.3,0.0,93.7,32.7,0.8,0.0,41.1,56.1,1.7,1.4,29.7,23.2,39.5,18.8,18.4,94.3,85.9,8.6,3.6,37.5,58.9,1.1,0.2,95.4,0.2,0.0,4.2,0.2,2.2,0.4,98.7
83630115,urban,19429.0,7.7,9.5,10.0,32.6,36.8,39.7,22.4,11.9,8.0,6.8,6.1,7.3,6.9,7.9,7.2,5.8,4.2,4.5,3.1,2.2,2.7,4.5,28.2,58.0,7.9,5.9,27.8,2.5,95.1,36.9,2.1,25.6,19.1,9.8,6.6,93.2,1.1,83.4,0.2,0.0,99.6,1.5,16.5,55.6,3.5,27.4,11.9,46.8,1.7,0.4,0.9,7.4,52.3,1.75,4359.0,12.5,8.0,5347.0,3.6,50.8,36.6,98.4,98.7,0.1,0.0,98.2,1.2,0.5,1.3,12.6,36.6,44.4,18.6,0.3,97.7,99.5,48.5,97.1,2.2,0.7,27.0,72.3,99.4,0.2,0.1,0.0,0.3,,0.0,0.8
83630501,rural,7077.0,8.2,9.7,10.5,45.2,46.6,39.0,24.7,5.4,8.2,6.7,5.8,6.6,6.8,8.1,7.4,5.4,4.3,4.2,2.6,2.0,3.5,7.0,26.0,65.4,4.0,4.6,27.3,3.3,97.1,51.6,2.0,26.8,15.6,5.6,3.3,52.2,0.4,96.8,0.5,0.0,99.6,1.0,13.3,60.5,0.9,17.8,5.2,58.4,7.8,0.1,3.8,6.0,49.9,2.05,1487.0,12.3,8.1,1689.0,4.2,74.0,3.9,90.5,16.5,0.1,0.0,34.2,65.1,0.4,1.4,22.1,19.7,20.1,29.0,31.2,88.5,78.9,30.0,15.5,15.3,69.2,7.0,11.7,96.2,0.3,0.2,3.1,0.3,1.1,0.4,81.3
83630501,urban,3217.0,7.4,9.9,10.9,34.3,37.7,39.1,13.6,10.3,8.1,6.8,6.9,6.5,7.1,8.4,7.9,5.5,3.4,4.1,2.3,2.1,2.6,3.0,25.7,61.2,7.6,5.5,26.4,2.6,99.5,39.3,2.1,25.6,18.4,8.5,7.6,71.7,0.4,92.3,0.4,0.1,99.7,1.8,16.7,60.9,1.2,30.5,13.5,25.6,1.5,0.1,0.9,26.6,52.9,1.69,777.0,11.1,7.0,917.0,3.5,50.6,34.6,98.1,98.9,0.0,0.1,93.0,4.1,2.2,1.4,14.8,40.6,52.4,6.0,1.0,96.3,98.7,25.8,98.2,1.2,0.5,17.5,80.1,99.9,0.0,0.0,0.0,0.1,,0.7,2.4
83630521,rural,4873.0,9.7,11.4,11.7,56.7,59.5,40.4,8.2,6.2,8.8,7.0,6.3,6.6,7.4,5.9,5.5,4.4,3.1,4.1,2.9,1.9,3.4,8.3,23.1,66.8,4.3,5.9,25.1,4.1,89.1,64.6,2.0,24.5,9.2,2.6,2.3,19.9,0.2,99.3,0.1,0.1,99.5,0.8,2.8,40.2,8.5,11.0,7.7,48.8,6.4,0.1,0.7,16.7,49.9,3.13,1213.0,12.3,8.2,1109.0,4.4,87.3,5.0,90.3,13.7,0.0,0.0,12.7,86.7,0.5,1.5,7.7,15.5,27.2,34.1,23.2,97.0,87.0,77.7,0.2,32.8,67.0,0.2,0.0,48.6,0.0,0.2,51.2,0.0,1.0,0.1,99.8
83630523,rural,2834.0,6.7,8.8,10.7,50.7,51.3,39.9,30.0,4.7,8.6,6.5,5.3,6.4,7.1,8.1,7.6,5.3,3.5,4.5,3.4,2.8,4.7,8.2,24.2,65.1,4.0,6.7,26.1,3.2,96.4,57.8,1.8,24.0,16.3,4.1,2.4,59.4,0.2,98.0,0.2,0.0,99.3,1.1,11.9,75.5,0.2,30.4,6.9,48.4,11.0,0.0,3.3,0.0,50.7,2.24,583.0,15.399999999999999,10.899999999999999,621.0,4.6,78.2,0.0,83.2,1.3,0.2,0.0,9.1,90.1,0.5,1.8,21.8,13.1,15.0,24.4,47.4,72.0,57.4,4.5,5.2,50.6,44.2,0.0,0.0,80.6,0.2,0.0,18.9,0.3,1.4,0.2,100.0
83630525,rural,2836.0,8.1,8.9,9.0,57.7,58.7,44.2,4.3,4.6,7.1,5.9,6.0,7.8,7.0,8.9,6.6,5.5,4.5,5.3,2.8,2.9,3.9,6.8,20.1,70.9,3.5,5.6,25.2,3.0,93.3,64.0,1.5,21.1,12.4,4.1,2.1,35.4,0.6,98.1,0.3,0.2,98.2,2.4,13.0,66.8,0.0,35.1,3.6,40.4,20.6,0.0,0.1,0.2,49.5,2.85,889.0,14.9,9.6,627.0,4.5,83.4,0.3,95.4,2.4,0.0,0.0,10.0,87.6,1.4,1.9,16.3,17.4,20.4,27.8,34.4,76.2,58.5,19.6,0.6,2.6,96.8,0.3,0.0,75.0,0.5,0.0,24.6,0.0,1.4,1.0,99.7
83630705,rural,12932.0,8.2,10.1,10.1,36.1,37.1,39.4,16.9,7.2,7.9,6.6,6.6,7.2,6.8,7.1,6.4,6.0,4.3,3.8,3.1,2.5,3.5,6.1,26.5,62.6,4.9,5.9,27.0,3.0,96.6,41.1,3.2,29.7,17.5,8.1,4.5,56.5,20.2,79.2,0.1,0.0,99.5,0.8,19.0,66.4,3.0,23.9,3.1,50.5,7.1,0.0,3.9,8.6,50.2,1.99,3031.0,12.9,9.1,2773.0,4.7,75.2,5.0,97.2,72.3,0.1,0.0,37.1,61.4,1.1,1.3,19.8,9.6,28.6,43.7,18.2,96.3,92.7,48.1,1.8,54.0,44.2,13.7,24.7,95.8,0.0,0.0,3.8,0.3,0.4,0.2,61.6
83630707,rural,3743.0,7.8,9.2,9.1,43.2,44.0,37.0,29.6,5.3,7.6,5.7,5.3,7.1,6.1,6.6,6.4,6.1,6.0,4.9,3.4,3.7,4.9,6.0,26.2,62.3,4.1,7.4,27.9,2.9,97.1,48.3,2.5,27.6,17.0,5.6,3.3,95.8,1.0,35.1,0.1,0.0,99.8,0.5,3.7,33.9,0.0,11.9,6.8,77.5,2.4,0.0,1.4,0.0,50.7,2.11,720.0,16.9,12.0,1044.0,3.6,86.0,1.4,94.8,37.3,0.2,0.0,17.6,81.1,1.0,1.3,12.6,7.2,12.8,36.6,43.4,89.7,91.6,19.1,0.7,69.0,30.3,0.0,0.0,97.1,0.1,0.0,2.8,0.0,0.3,0.2,100.0
83630709,rural,7230.0,8.9,10.4,11.6,33.9,36.9,33.9,18.1,6.7,8.4,6.2,5.1,6.5,7.0,6.5,6.4,5.3,4.3,4.0,3.1,2.2,4.0,5.3,29.2,59.6,4.4,6.8,26.9,3.2,94.0,39.3,2.1,28.5,18.3,10.9,3.2,81.9,11.4,78.2,0.1,0.1,99.4,12.0,13.9,60.2,0.2,30.4,14.0,29.5,2.1,0.0,0.4,23.3,50.9,2.4,1389.0,13.3,9.3,1642.0,4.4,74.1,1.4,94.2,56.0,0.2,7.4,30.9,60.9,0.5,1.4,24.5,12.1,23.5,36.2,28.3,95.2,75.3,43.2,7.7,36.9,55.5,7.5,0.1,88.9,0.0,0.0,10.8,0.3,0.5,0.1,92.4
83630711,rural,6021.0,9.3,10.4,11.0,38.8,41.0,38.4,21.1,4.8,8.4,6.1,6.2,7.2,6.4,6.4,6.2,5.1,3.6,3.5,3.5,2.8,3.7,5.4,28.0,62.2,3.4,6.4,27.2,3.5,98.8,44.8,1.8,33.1,16.7,4.8,2.7,74.8,15.2,55.2,0.5,0.0,99.4,0.8,8.6,54.0,0.9,11.7,6.4,62.0,1.2,0.0,1.6,16.1,49.3,2.77,1264.0,13.5,10.0,1356.0,4.4,82.1,2.2,88.9,72.8,0.1,0.0,15.4,82.1,2.0,1.4,15.7,16.8,20.5,34.1,28.6,91.0,67.0,34.0,0.1,9.8,90.1,0.1,0.0,72.8,0.0,0.0,26.5,0.7,1.5,0.4,99.9
83630717,rural,4813.0,7.1,8.7,10.4,47.1,48.4,36.2,23.1,6.2,8.3,6.5,5.8,6.6,6.8,7.2,6.5,5.4,5.3,5.7,2.9,2.6,4.3,9.7,26.7,61.7,5.0,6.6,26.8,2.8,96.4,53.4,1.4,26.1,15.7,5.5,2.8,72.0,0.5,91.6,0.4,0.0,98.5,1.8,10.3,53.4,0.5,47.0,5.3,28.1,4.0,0.0,0.9,14.2,50.5,2.28,989.0,15.5,9.8,1237.0,3.9,60.5,2.8,95.2,50.9,0.0,0.0,31.9,65.2,1.7,1.5,36.7,14.7,17.7,33.7,33.9,84.3,70.6,16.2,6.1,44.8,49.1,18.8,5.5,68.4,0.2,0.0,31.1,0.2,0.8,1.2,75.8
83630717,urban,5700.0,6.2,8.4,9.7,27.4,30.5,32.2,23.5,8.5,8.3,6.2,5.0,6.0,6.1,6.6,7.2,7.0,5.7,5.8,3.9,3.6,4.4,7.9,28.7,57.5,6.0,7.9,28.0,2.3,99.4,30.8,2.6,27.3,17.6,12.7,9.2,96.6,12.8,46.9,0.3,0.0,99.7,4.7,24.3,69.3,0.5,28.7,21.7,32.1,0.6,0.1,0.9,15.4,53.2,1.77,1063.0,17.7,11.9,1709.0,3.3,54.5,24.1,98.4,98.9,0.5,0.0,83.6,14.6,0.4,1.2,21.4,28.6,31.5,31.4,8.5,97.0,99.1,34.3,97.5,2.0,0.4,99.3,0.1,99.3,0.1,0.0,0.6,0.0,,0.9,0.7
83630719,rural,3052.0,8.8,10.4,10.6,44.5,47.0,33.9,20.4,7.4,8.5,6.9,6.5,6.2,7.3,6.2,5.5,5.8,4.4,3.8,3.4,2.8,2.9,5.5,27.9,61.8,5.4,4.9,26.8,3.9,88.5,49.6,0.7,29.7,14.5,5.2,2.9,88.0,14.8,42.3,0.1,0.0,99.5,1.1,13.7,65.4,0.0,17.1,5.7,42.2,1.2,0.0,0.2,33.6,48.7,2.6,578.0,12.9,9.1,739.0,4.1,90.7,1.4,88.6,78.9,1.8,0.0,7.9,88.3,2.0,1.5,7.9,6.7,17.7,33.7,41.9,81.6,70.7,16.9,28.7,20.7,50.6,0.0,0.0,62.3,0.0,0.0,36.9,0.8,2.5,0.0,100.0
83630729,rural,5951.0,7.3,9.9,10.9,42.5,43.7,37.3,30.0,5.6,8.8,6.4,6.0,6.5,6.4,6.9,7.0,6.1,4.4,4.3,3.2,2.5,3.2,6.1,27.2,63.4,3.6,5.7,27.6,3.1,96.1,48.6,1.0,28.7,17.8,5.7,3.2,80.9,0.5,90.1,0.6,0.0,98.5,1.7,3.9,44.7,0.0,10.2,4.7,83.9,0.9,0.0,0.2,0.1,50.4,1.87,1114.0,13.2,8.9,1462.0,4.1,84.4,3.0,91.8,82.2,0.1,0.0,20.7,78.8,0.3,1.6,12.6,19.1,31.6,25.4,23.8,97.5,93.3,32.1,8.2,82.5,9.2,0.3,0.1,85.3,0.0,0.0,14.6,0.1,1.2,0.1,99.60000000000001
83630729,urban,8498.0,7.9,9.8,11.3,28.4,32.7,38.2,16.1,7.8,9.2,6.6,6.1,6.8,7.0,7.4,7.4,6.0,4.3,3.8,2.7,1.8,2.0,3.7,29.4,60.8,5.3,4.6,27.4,2.7,97.7,32.5,3.5,26.5,19.4,11.9,6.1,97.6,11.0,42.2,0.4,0.2,99.7,2.4,12.9,50.8,0.8,40.7,11.1,37.2,1.5,0.2,0.5,8.0,51.7,2.09,1929.0,10.3,6.5,2234.0,3.8,60.9,28.0,98.4,99.2,0.0,1.4,96.0,1.7,0.8,1.4,11.1,63.1,24.2,11.4,1.4,98.6,99.5,56.6,94.9,3.6,1.4,37.8,59.3,98.6,0.0,0.0,1.4,0.0,,0.1,2.9
83630901,rural,4873.0,10.3,11.1,11.9,50.4,52.3,37.5,18.9,5.7,9.2,6.8,6.6,6.5,5.5,5.0,6.3,5.0,3.9,3.8,2.4,2.4,3.3,5.2,30.8,60.2,3.8,5.3,27.6,4.1,92.4,56.8,2.0,25.7,12.5,4.9,2.6,27.7,41.3,93.4,0.2,0.0,98.9,26.1,9.6,63.6,0.2,27.6,7.6,47.8,9.2,1.9,1.1,4.6,47.7,3.33,989.0,11.899999999999999,8.1,1012.0,4.8,86.9,2.1,87.9,58.4,0.0,0.0,7.6,91.2,0.6,1.9,11.0,14.0,31.0,45.5,9.4,80.6,63.9,12.0,0.1,30.8,69.1,0.0,0.0,54.2,0.2,0.0,44.7,0.9,1.2,0.6,100.0
83630903,rural,7123.0,10.2,11.2,12.0,52.5,54.3,34.0,31.5,4.8,9.9,7.3,7.0,6.5,5.0,5.4,4.6,4.2,4.0,3.5,3.3,2.4,3.7,4.4,31.1,60.4,3.2,5.3,25.8,3.9,90.3,58.9,1.5,26.6,11.3,3.8,2.3,32.2,16.4,88.7,0.2,0.0,99.7,1.1,4.2,48.2,4.7,53.8,7.1,20.6,1.0,0.1,0.9,11.7,50.0,2.94,1107.0,12.899999999999999,9.399999999999999,1381.0,5.2,81.4,2.2,90.1,74.7,0.0,0.0,5.3,93.9,0.8,1.9,16.4,27.0,29.8,37.2,6.0,92.0,65.2,14.9,0.3,49.7,50.0,0.1,0.0,62.2,0.3,0.0,37.5,0.0,2.0,0.1,99.89999999999999
83630903,urban,8812.0,8.6,10.6,11.8,28.9,31.3,35.5,35.2,5.9,10.5,7.0,6.1,6.3,5.6,5.7,5.7,5.1,4.3,4.1,3.0,2.2,3.4,3.2,32.3,58.0,3.9,5.8,27.6,3.3,99.4,33.8,2.9,31.3,18.8,9.2,6.5,58.5,0.7,86.9,0.2,0.0,99.6,4.6,18.1,75.2,0.6,23.4,20.4,50.7,0.5,0.0,3.9,0.5,50.9,2.79,1400.0,12.700000000000001,8.6,1998.0,4.4,71.3,14.6,97.2,87.8,0.0,0.0,48.9,51.1,0.0,1.4,14.1,21.1,45.8,26.1,7.0,99.3,98.1,47.5,60.2,0.2,39.6,18.8,69.0,99.3,0.2,0.2,0.0,0.2,,0.0,12.2
83630905,rural,15019.0,9.0,11.2,11.6,36.0,39.9,33.7,34.0,6.0,9.0,6.9,5.9,6.7,5.9,5.9,5.9,5.2,4.1,3.5,3.0,2.6,3.4,5.7,31.3,58.8,3.8,6.1,28.4,4.0,96.6,41.6,1.5,27.3,17.3,7.9,6.0,47.7,23.9,78.3,0.2,0.0,97.2,10.7,9.1,53.9,0.4,20.5,12.6,49.1,1.3,0.0,0.6,15.4,50.2,2.53,2278.0,12.5,9.0,3106.0,4.8,75.5,3.1,96.3,87.6,0.1,0.1,23.8,75.5,0.5,1.5,21.4,30.8,29.4,26.9,12.9,93.9,89.9,23.2,4.0,64.9,31.2,2.7,1.3,71.2,0.2,4.7,23.6,0.4,0.7,0.0,96.0
83630907,rural,4363.0,11.0,11.3,11.5,43.5,46.8,31.4,58.1,8.0,9.1,6.7,6.6,6.8,5.5,5.5,5.3,3.8,3.6,3.7,3.1,2.5,4.2,7.5,29.1,58.6,5.0,7.3,24.6,3.6,95.6,50.3,2.2,28.7,15.5,4.5,2.3,43.1,54.3,40.8,0.0,0.0,99.1,3.1,6.5,39.1,0.0,15.3,11.3,40.0,0.3,0.0,0.0,33.2,51.2,2.76,380.0,13.5,9.8,929.0,4.7,85.4,0.7,90.4,93.7,0.0,0.0,2.9,96.3,0.8,1.9,13.9,23.9,23.3,31.2,21.6,89.6,79.7,22.8,1.2,60.8,38.0,0.0,0.0,66.1,0.0,0.0,33.9,0.0,2.5,0.0,100.0
83630909,rural,7502.0,8.3,10.2,12.4,35.8,39.5,32.4,31.4,6.9,9.8,6.8,5.1,5.6,6.1,6.7,6.3,5.5,3.5,3.3,3.1,3.0,4.3,7.8,30.9,58.6,4.5,6.0,27.9,3.7,98.2,42.0,1.3,29.4,17.0,8.6,4.2,59.4,0.1,98.6,0.3,0.0,99.5,0.9,13.9,53.9,0.0,19.7,8.7,65.4,1.6,0.3,1.0,3.4,49.5,2.42,1154.0,13.7,10.399999999999999,1561.0,4.8,92.0,0.3,95.2,91.7,0.0,0.0,11.2,88.5,0.3,1.9,7.7,12.4,23.7,44.9,19.0,92.6,91.1,26.4,12.4,21.7,65.8,0.1,0.0,85.5,0.2,0.0,14.2,0.1,0.7,0.1,99.9
83630911,rural,11561.0,9.8,11.6,11.7,36.1,39.4,36.2,24.0,6.4,8.7,6.4,6.2,6.5,6.6,6.5,6.2,5.2,3.5,3.2,2.6,2.2,3.1,4.2,28.8,62.7,4.2,4.3,27.4,4.0,94.9,42.0,1.9,30.9,17.3,7.1,3.4,50.1,3.3,94.1,0.2,0.0,99.3,2.7,14.3,60.2,0.7,36.8,5.3,44.2,2.3,2.6,1.2,6.9,49.2,2.05,2128.0,11.1,7.9,2440.0,4.7,78.8,7.2,94.5,86.1,0.0,0.0,42.9,56.9,0.2,1.4,14.0,19.7,35.3,35.7,9.4,96.7,96.6,23.3,0.4,63.8,35.8,0.0,0.0,76.4,0.0,0.2,22.9,0.4,0.7,0.0,100.0
83630913,rural,5248.0,9.9,10.2,10.4,43.7,45.6,38.5,12.0,4.4,9.5,6.8,8.1,7.1,6.7,5.3,5.4,4.7,3.8,3.7,2.8,2.3,3.1,3.6,28.3,63.3,2.7,5.7,26.5,4.2,93.2,49.0,1.5,33.0,12.9,4.1,3.0,54.2,2.7,96.2,0.3,0.0,99.6,0.6,13.2,55.1,0.2,36.5,7.2,49.2,6.6,0.0,0.1,0.2,48.5,3.34,1236.0,11.9,8.2,934.0,5.6,92.1,1.4,97.4,90.9,0.0,0.0,3.5,96.4,0.1,1.7,6.5,8.8,20.0,56.2,14.9,87.2,78.6,47.4,0.9,20.5,78.6,0.0,0.0,64.0,0.0,0.5,35.5,0.0,0.5,0.0,100.0
83631501,rural,4293.0,10.9,10.9,10.4,45.9,49.2,49.4,6.7,5.9,8.7,7.3,7.2,7.0,6.7,5.4,4.3,3.6,3.8,3.3,3.8,3.1,3.8,4.2,29.8,61.4,4.2,4.7,27.8,4.2,98.2,52.6,0.0,26.7,16.4,4.2,3.5,9.0,0.1,99.0,0.3,0.0,99.7,0.8,7.2,26.9,0.1,43.7,6.4,24.7,24.0,0.0,0.3,0.7,47.8,3.65,1342.0,14.0,10.7,763.0,5.6,89.8,1.4,95.8,94.1,0.1,0.0,3.4,95.9,0.3,1.8,8.8,13.6,27.9,46.9,11.5,84.4,73.3,66.8,0.4,5.0,94.6,0.1,0.0,22.1,0.1,0.0,77.6,0.1,0.8,0.3,99.9
83631503,rural,4362.0,8.9,9.6,10.5,47.3,49.1,48.5,3.5,7.2,8.3,6.9,7.0,7.6,6.4,6.1,5.4,4.4,3.9,4.0,3.6,3.6,3.9,5.1,31.7,58.6,4.5,5.2,29.0,3.8,93.4,53.5,0.0,25.7,13.6,6.6,5.0,27.8,0.3,97.8,0.2,0.0,99.2,3.5,13.2,56.4,0.2,44.8,7.5,23.6,23.4,0.2,0.0,0.3,49.3,2.4,1449.0,15.1,11.1,888.0,4.9,90.6,3.1,96.6,90.7,0.0,1.2,4.9,93.9,0.0,1.9,6.3,16.9,15.1,55.9,12.1,86.4,82.3,29.2,0.1,5.0,94.9,0.0,0.1,47.9,0.0,0.2,51.9,0.0,0.4,0.0,99.89999999999999
83631505,rural,10097.0,9.9,10.9,11.1,46.1,48.4,45.8,16.9,5.5,10.6,8.5,7.6,6.3,5.1,5.1,4.9,4.2,3.5,3.7,2.9,2.5,3.1,5.0,36.4,55.0,3.2,5.4,28.8,5.7,96.4,53.0,2.1,24.0,15.0,5.5,4.9,21.6,0.2,99.1,0.1,0.1,93.4,9.2,9.3,42.7,0.2,41.7,5.8,29.9,19.9,0.7,1.0,0.7,48.3,3.7,2612.0,12.2,8.5,2026.0,5.0,93.5,2.4,94.1,96.6,0.0,0.0,6.6,93.1,0.2,2.0,4.1,14.7,24.7,30.4,30.2,55.1,83.8,17.1,0.3,26.6,73.1,1.6,1.2,65.2,0.0,0.1,34.5,0.2,0.6,0.1,97.2
83631507,rural,9159.0,10.0,11.3,10.6,51.5,52.9,36.4,33.3,5.2,9.7,8.2,7.0,6.7,5.5,5.6,5.3,4.4,3.5,3.5,2.7,2.2,3.7,9.9,32.6,58.7,3.4,5.3,27.9,5.1,90.8,58.1,1.2,23.2,12.5,4.9,5.3,30.8,8.6,89.7,0.5,0.0,98.6,10.5,13.8,40.9,0.3,43.0,15.0,31.0,4.7,0.1,0.2,5.7,48.5,2.84,1515.0,12.100000000000001,8.600000000000001,2056.0,4.5,88.3,4.4,79.7,64.2,0.0,0.0,12.8,86.6,0.6,2.0,7.3,19.1,22.9,39.0,19.1,52.9,63.6,28.3,2.0,9.6,88.4,13.5,3.7,65.6,0.1,0.3,33.5,0.4,6.2,0.0,82.8
83631509,rural,6763.0,9.5,10.9,10.2,47.4,47.9,50.1,6.6,5.9,9.5,8.2,7.3,6.8,6.1,5.3,5.3,4.3,3.4,3.3,3.0,3.0,3.9,5.1,32.9,57.3,3.5,6.3,28.2,4.7,97.8,54.1,2.1,25.0,14.4,5.4,5.2,33.8,1.5,97.3,0.2,0.0,99.2,2.2,14.8,59.5,0.2,38.9,7.1,27.8,25.2,0.3,0.3,0.3,48.2,2.6,2195.0,13.200000000000001,9.9,1372.0,4.9,89.6,2.8,95.0,90.0,0.0,0.1,10.6,88.8,0.4,1.6,7.5,15.7,34.9,43.8,5.6,77.4,81.5,37.5,0.3,54.1,45.7,0.1,0.0,55.8,0.0,0.1,43.3,0.8,0.7,0.1,99.89999999999999
83631703,rural,3822.0,9.5,9.5,9.9,51.4,52.1,37.3,9.3,4.4,8.2,7.3,7.0,7.1,7.0,5.9,4.6,4.7,3.9,4.6,2.7,3.8,4.3,6.9,28.5,62.5,3.3,5.7,27.7,4.4,94.6,58.5,2.7,23.4,12.7,6.1,3.0,26.4,0.1,99.2,0.2,0.0,99.7,0.5,29.2,75.3,0.0,48.6,7.9,24.2,12.6,0.1,0.1,6.4,48.6,2.56,920.0,15.399999999999999,10.8,762.0,5.0,91.6,1.3,93.2,78.7,0.0,0.0,3.3,96.5,0.3,1.8,7.1,15.7,15.2,52.5,16.5,95.1,91.3,30.1,2.8,0.0,97.2,0.0,0.0,37.0,0.0,0.0,62.6,0.4,0.7,0.0,100.0
83631713,rural,5134.0,8.9,10.9,10.6,59.7,54.6,38.4,6.8,6.6,9.9,8.2,7.8,7.1,6.1,5.9,4.9,4.7,3.5,3.6,2.7,2.4,2.9,4.4,32.1,58.7,4.3,4.9,27.7,5.3,94.5,66.3,3.1,25.0,10.9,4.1,2.3,24.0,0.9,98.3,0.3,0.1,96.9,22.0,8.4,38.7,0.2,46.2,7.7,15.6,9.9,0.2,1.2,19.0,47.5,2.06,1281.0,11.600000000000001,8.0,1022.0,5.0,88.9,1.5,86.0,9.8,0.0,0.0,4.7,93.6,1.5,2.0,9.6,28.9,22.9,26.7,21.5,73.4,78.8,50.6,31.9,8.0,60.1,0.4,0.1,8.9,0.0,0.0,90.6,0.5,0.7,0.2,99.5
83631727,rural,4464.0,8.1,9.6,9.9,54.5,53.0,43.1,33.0,5.8,9.2,7.7,7.2,7.9,6.6,7.3,5.7,4.5,3.3,4.1,2.3,2.7,3.9,5.2,28.2,62.6,4.1,5.2,27.0,3.8,94.9,61.2,1.5,26.9,14.0,2.9,1.6,3.4,0.2,99.3,0.1,0.1,98.5,1.6,3.2,28.9,1.0,35.0,5.6,42.6,15.2,0.0,0.3,0.3,47.5,2.54,933.0,13.0,8.9,947.0,4.7,91.7,0.5,88.4,7.8,0.0,0.0,9.6,89.7,0.1,1.7,7.8,20.0,24.4,34.8,20.8,86.8,74.3,38.3,0.0,16.6,83.4,0.0,0.1,53.0,0.3,0.0,46.0,0.6,0.9,0.6,99.9
83631727,urban,8906.0,7.4,8.6,10.4,36.8,41.0,31.8,20.2,8.2,9.2,8.1,6.4,6.7,6.2,6.6,6.6,5.9,4.0,4.6,2.8,2.6,3.7,4.1,30.7,57.9,5.3,6.1,28.6,3.5,91.3,41.7,1.8,21.7,17.0,9.5,9.0,60.1,0.2,94.8,0.0,0.0,98.1,3.4,14.9,65.3,5.0,14.3,21.3,35.2,3.2,0.7,1.7,18.7,51.3,1.84,1664.0,13.7,9.100000000000001,2354.0,3.8,74.6,13.2,97.9,95.6,0.0,0.0,52.5,47.3,0.2,1.1,12.1,33.2,45.6,19.2,2.0,98.3,99.1,48.9,91.6,6.1,2.4,57.6,29.0,92.1,0.2,0.0,7.7,0.0,,0.0,13.5
84010107,urban,75847.0,8.1,9.9,10.2,13.4,20.8,40.9,22.1,3.8,8.7,7.2,6.8,7.2,7.2,7.1,6.3,5.6,4.7,4.0,2.9,2.1,2.2,4.2,35.0,58.4,2.7,3.9,28.8,2.9,98.0,15.1,2.9,25.3,18.8,16.9,15.3,89.1,56.0,17.3,0.3,0.2,99.4,4.4,30.2,70.2,3.7,17.5,36.1,37.2,0.7,0.8,2.1,1.9,50.9,2.21,17348.0,11.2,7.2,18297.0,4.1,58.6,28.0,99.5,99.5,2.2,9.4,84.8,2.6,0.4,1.3,13.4,23.4,42.2,31.1,3.2,99.2,99.6,79.7,98.6,0.4,1.0,95.7,4.0,99.2,0.3,0.0,0.1,0.3,,0.6,0.30000000000000004
84010109,urban,8265.0,8.6,10.6,10.1,21.3,29.2,40.6,15.4,3.4,8.3,7.7,6.6,7.3,7.2,7.2,6.4,5.3,4.2,3.8,2.8,1.7,2.4,3.6,37.2,56.8,2.3,3.6,30.2,3.5,98.6,24.2,2.5,27.6,19.4,10.9,10.4,72.9,92.9,3.1,0.0,0.0,98.7,2.9,26.8,66.8,2.5,35.1,18.8,31.3,1.2,1.1,4.2,5.9,50.2,2.59,2006.0,10.7,6.9,2010.0,4.1,54.2,33.7,98.0,98.7,0.0,0.0,87.9,11.5,0.6,1.3,12.1,16.0,30.9,51.7,1.4,98.3,99.4,77.6,21.0,9.2,69.8,98.9,0.0,99.3,0.5,0.0,0.2,0.0,,0.1,1.2
84010301,rural,10529.0,8.5,9.4,9.2,29.1,36.0,34.3,13.8,3.7,8.1,5.9,6.3,6.7,7.1,7.6,5.7,5.3,4.2,4.3,4.3,3.3,4.0,5.9,31.5,60.3,2.7,5.5,28.8,2.5,97.3,32.8,1.0,31.1,16.8,9.9,5.1,52.0,96.2,1.5,0.0,0.0,99.3,1.1,19.8,61.7,2.4,42.0,10.9,35.7,3.2,0.8,3.9,1.1,52.9,2.65,2264.0,15.899999999999999,11.6,2334.0,4.5,85.2,5.0,98.9,97.3,0.6,0.8,42.3,55.3,1.0,1.4,9.9,19.1,20.7,44.7,15.5,95.1,96.4,49.5,0.2,2.8,97.0,7.3,25.5,99.2,0.4,0.0,0.2,0.2,1.1,0.0,67.2
84010303,rural,8683.0,8.5,9.3,10.1,34.2,39.7,29.2,18.9,3.2,8.1,5.8,5.7,7.0,6.8,6.8,5.7,5.3,5.0,4.1,3.9,3.2,4.7,6.2,31.6,60.8,2.0,5.5,28.4,3.0,97.8,38.8,1.7,33.0,13.0,8.1,4.6,57.5,97.6,1.0,0.0,0.0,98.8,1.8,16.7,58.3,0.9,28.3,9.7,55.0,0.7,0.5,1.1,3.7,53.2,2.31,1480.0,15.899999999999999,11.8,1985.0,4.4,80.3,0.5,97.6,97.7,0.8,0.1,46.0,51.8,1.2,1.3,19.2,14.7,18.5,38.5,28.4,96.4,98.1,52.9,6.6,39.0,54.4,34.8,30.9,95.4,0.1,0.0,4.4,0.1,1.9,0.3,34.300000000000004
84010305,rural,11953.0,7.4,9.1,9.9,40.9,45.9,28.5,20.8,2.5,8.7,6.8,6.8,6.7,6.1,6.5,5.8,5.1,5.1,4.7,3.7,2.9,4.6,6.9,35.4,57.3,1.5,5.7,31.3,3.4,98.4,46.0,1.0,29.9,12.1,5.3,5.8,29.2,99.0,13.6,0.2,0.1,98.8,3.1,11.4,35.4,0.3,35.1,15.8,43.5,0.9,2.3,0.8,1.5,52.2,2.22,1983.0,15.9,11.2,2666.0,4.5,93.5,1.0,99.0,99.3,0.0,0.0,15.4,84.3,0.3,1.5,5.5,13.2,29.1,37.0,20.6,90.6,97.8,21.0,3.1,11.6,85.4,0.5,0.0,95.3,0.0,0.0,4.7,0.0,3.8,0.0,99.5
84010307,rural,13726.0,8.3,8.6,9.4,32.2,40.2,31.1,20.1,3.0,7.7,6.7,7.3,8.0,7.1,7.2,5.7,4.8,4.1,4.5,3.9,2.8,4.0,8.8,35.0,56.8,2.1,6.1,30.8,3.3,91.8,36.3,1.7,31.6,14.6,6.2,5.7,53.1,92.0,7.2,0.1,0.0,97.9,4.3,13.4,47.2,0.5,11.8,17.7,56.1,0.2,0.4,2.8,10.5,50.4,2.61,2515.0,15.2,10.7,3026.0,4.5,86.5,4.2,96.8,98.3,0.2,1.3,60.9,36.4,1.1,1.4,9.2,21.8,23.6,31.6,23.0,96.4,97.7,50.3,8.4,47.4,44.2,8.2,2.6,99.3,0.4,0.0,0.3,0.0,1.2,0.1,89.2
84010309,rural,7321.0,8.4,9.5,10.5,50.0,50.3,28.0,12.1,2.3,7.4,5.5,7.3,7.5,7.2,6.4,5.4,5.2,4.4,4.4,3.6,3.2,4.1,5.7,32.5,59.3,1.6,6.7,30.8,4.3,96.9,56.9,2.8,35.9,7.7,1.7,1.6,9.8,99.5,0.2,0.0,0.1,99.5,0.5,5.5,30.5,0.2,28.3,9.1,43.1,2.6,0.4,2.2,14.0,53.7,2.15,1291.0,15.299999999999999,10.9,1672.0,4.4,92.4,0.4,94.7,98.6,0.1,0.0,8.7,90.3,0.8,1.6,7.2,12.0,20.8,22.6,44.6,89.4,95.9,2.5,0.5,11.8,87.7,0.1,0.2,85.0,0.1,0.1,14.7,0.2,0.7,0.1,99.7
84010311,rural,12471.0,7.7,8.8,9.5,37.3,43.4,24.5,14.8,2.3,7.6,5.9,6.1,6.8,7.2,6.7,5.6,5.4,4.7,5.0,4.2,3.6,5.2,5.9,37.2,55.3,1.6,5.9,32.3,2.7,95.1,41.8,2.1,28.2,14.8,6.0,5.4,28.7,98.2,12.0,0.2,0.1,94.8,6.3,14.1,44.6,2.1,25.6,12.2,40.0,0.8,0.3,0.0,18.9,52.5,1.89,1929.0,18.0,13.0,2884.0,4.3,96.4,0.2,99.6,97.0,0.2,0.0,23.4,76.0,0.1,1.2,3.4,8.4,24.5,46.0,21.1,97.4,99.0,47.7,3.7,45.9,50.3,0.4,0.5,96.2,0.2,0.2,3.2,0.2,2.3,0.3,99.1
84010313,rural,8584.0,7.0,9.0,10.0,43.7,45.6,37.4,25.3,1.9,8.6,5.8,5.4,5.9,6.4,6.7,6.3,5.7,5.3,5.1,3.9,3.5,5.4,6.2,34.3,59.6,1.4,4.7,32.0,3.2,97.7,49.3,2.4,31.4,11.6,4.2,4.7,28.6,87.6,12.2,0.0,0.0,99.6,0.6,9.8,37.3,0.3,41.2,9.5,29.0,9.3,2.3,4.6,3.8,53.1,1.67,1777.0,17.9,12.8,2030.0,4.2,93.7,1.7,97.9,99.3,0.0,0.0,16.4,83.1,0.3,1.3,4.6,7.8,17.7,52.6,21.9,95.1,98.3,24.7,13.0,12.7,74.3,0.5,13.4,98.3,0.0,0.0,1.6,0.0,5.7,0.1,86.2
84010315,rural,12395.0,8.2,8.4,8.8,40.9,45.3,34.3,16.9,3.3,7.8,6.7,7.6,7.6,7.6,6.3,5.6,4.9,4.3,4.4,4.2,3.1,4.6,5.3,37.3,55.4,1.8,5.6,31.2,3.6,96.8,45.5,2.1,30.6,13.3,5.4,3.3,32.4,98.6,8.9,0.0,0.1,98.0,3.2,11.7,48.7,1.0,37.8,23.5,20.4,0.8,1.3,1.2,14.1,50.0,2.01,2636.0,16.3,11.9,2655.0,4.7,89.7,2.3,96.8,84.2,0.0,0.9,33.7,64.0,1.5,1.4,7.9,18.1,25.3,35.5,21.1,92.6,95.9,14.2,1.3,47.8,50.9,0.2,0.0,96.7,0.0,0.0,3.3,0.0,2.4,0.0,99.80000000000001
84010317,rural,14817.0,9.0,9.6,10.6,35.2,42.0,32.9,22.8,3.0,8.9,6.9,7.1,7.6,6.6,6.6,5.3,4.2,3.9,3.8,3.5,2.8,3.7,6.4,35.3,58.0,1.8,5.0,30.0,3.8,93.1,40.4,2.5,31.7,14.7,5.1,4.0,24.6,98.4,1.1,0.0,0.1,95.2,6.2,9.6,37.2,1.6,17.8,16.5,45.1,0.5,0.8,2.2,15.4,50.3,2.51,2667.0,13.8,10.0,3089.0,4.8,89.6,3.9,98.1,99.3,0.4,1.8,42.6,54.9,0.3,1.4,6.5,22.1,24.8,28.9,24.3,98.1,98.6,47.2,9.7,37.9,52.4,5.5,17.1,98.2,0.2,0.1,1.5,0.0,2.0,0.0,77.4
84010701,rural,7158.0,8.5,9.1,9.2,40.1,44.3,29.6,40.0,2.7,7.4,5.7,6.5,7.2,6.9,6.7,5.6,5.1,3.9,4.3,4.1,4.2,5.6,6.0,32.4,59.0,1.8,6.8,30.4,2.9,95.9,44.9,1.9,32.7,11.9,5.6,3.6,42.7,98.9,0.5,0.0,0.0,99.2,1.1,6.1,28.7,0.0,46.7,20.6,29.9,0.6,1.5,0.4,0.2,52.1,2.21,931.0,18.199999999999996,13.9,1431.0,5.0,92.9,1.0,98.7,90.8,0.3,0.0,13.1,85.4,1.1,1.5,6.0,11.7,19.9,43.5,25.0,85.2,98.7,17.0,17.4,1.0,81.6,1.0,0.0,95.5,0.0,0.0,4.4,0.1,1.1,0.1,99.0
84010703,rural,8680.0,8.1,10.3,10.8,28.2,32.9,28.3,16.9,2.5,8.9,5.8,5.4,5.5,6.7,7.5,6.5,5.6,3.6,4.1,3.8,3.7,3.6,5.9,33.8,59.6,1.7,4.9,28.5,2.9,96.3,32.2,2.3,33.3,17.1,7.7,6.6,95.9,18.6,12.5,0.0,0.0,99.3,0.9,13.4,39.4,0.7,41.7,14.2,12.6,0.8,1.0,4.0,25.0,52.9,2.35,1442.0,15.2,11.1,1840.0,4.7,93.5,1.9,97.1,97.3,0.0,0.0,23.4,76.1,0.4,1.5,4.6,10.9,22.1,32.7,34.3,94.9,98.2,19.5,1.1,82.7,16.2,18.4,20.2,91.6,0.2,0.1,7.9,0.3,1.3,0.1,61.4
84010705,rural,19734.0,10.0,10.2,10.9,43.2,47.5,33.9,18.4,1.6,10.0,8.2,7.7,7.1,6.0,5.7,4.9,3.8,3.4,3.2,2.9,2.9,3.3,5.2,37.3,55.3,1.1,6.4,29.6,4.7,91.0,48.9,1.2,32.0,12.8,2.9,3.5,19.2,98.0,8.4,0.0,0.0,95.5,7.4,7.4,32.4,0.7,39.1,11.5,23.7,1.1,6.6,3.6,13.8,49.8,2.24,3761.0,12.3,9.1,3536.0,5.6,91.4,1.4,95.6,89.1,0.1,0.1,9.6,88.1,2.2,1.8,7.2,14.2,17.5,37.4,30.9,84.4,89.3,13.4,0.5,66.4,33.0,0.0,5.8,83.8,0.1,2.3,13.5,0.3,1.3,0.0,94.3
84010707,rural,19477.0,8.6,10.1,10.3,31.8,36.0,33.4,25.6,3.9,8.6,6.8,6.5,6.8,6.0,6.4,5.6,5.8,3.9,4.0,3.5,2.9,4.0,4.4,33.1,57.6,2.6,6.6,28.6,3.3,94.4,35.8,1.6,33.0,14.4,8.2,6.7,75.5,39.9,8.1,0.1,0.1,98.2,3.0,12.0,42.7,0.7,27.3,14.0,50.9,2.9,0.6,0.7,2.9,51.1,1.78,3439.0,14.4,10.4,3792.0,5.1,94.4,0.4,96.5,92.2,0.1,0.0,15.4,83.7,0.8,1.5,5.2,14.8,22.7,31.9,30.6,94.9,97.3,9.0,3.9,16.9,79.1,0.6,0.0,69.0,0.7,1.4,28.6,0.2,1.8,0.0,99.39999999999999
84010707,urban,4576.0,8.1,10.1,11.0,17.3,23.8,35.9,19.9,3.2,8.4,6.9,6.8,6.4,6.6,7.1,6.4,5.7,4.1,4.1,2.9,2.5,2.9,2.6,31.6,60.0,2.1,6.3,29.0,3.1,98.3,19.5,2.3,30.3,18.9,13.6,11.0,98.9,9.3,8.4,0.0,0.0,99.8,0.8,21.3,51.5,1.4,22.7,25.0,39.9,2.1,0.4,1.2,7.2,51.5,2.37,932.0,12.4,8.3,1087.0,4.2,68.4,18.5,96.6,96.8,0.2,1.1,60.0,38.2,0.3,1.3,13.2,5.9,28.1,59.8,6.3,98.4,99.1,37.8,1.4,70.3,28.3,53.0,0.5,92.4,0.0,0.4,6.9,0.4,,0.3,46.5
84010709,rural,9498.0,7.6,8.6,9.9,24.8,30.0,32.6,13.7,3.3,8.3,6.5,6.3,7.3,7.0,7.3,6.3,6.2,4.4,4.1,3.5,3.3,3.5,3.8,38.1,54.6,2.3,4.9,30.3,2.5,98.2,28.1,1.6,29.1,20.9,10.5,7.9,73.3,95.2,3.9,0.0,0.0,99.2,1.1,19.5,65.7,1.0,26.1,16.6,46.7,1.1,1.3,0.0,7.1,52.6,1.59,1974.0,14.399999999999999,10.3,2156.0,4.4,86.9,1.7,96.6,90.7,0.3,0.1,64.1,34.8,0.3,1.5,11.4,25.6,26.7,33.3,14.4,97.8,98.5,36.4,17.9,51.9,30.2,47.0,22.7,98.0,0.7,0.0,1.1,0.2,1.0,0.4,30.2
84010709,urban,37465.0,8.5,10.3,11.2,19.6,27.4,35.7,23.5,3.3,9.4,7.5,6.5,7.1,6.9,7.0,5.9,5.2,4.0,3.6,2.6,2.0,2.2,3.3,36.4,57.9,2.0,3.7,29.6,3.3,96.2,22.3,2.7,28.5,18.7,12.7,10.1,79.4,66.7,11.9,0.1,0.2,97.7,9.6,19.5,53.6,1.7,29.2,19.4,35.3,0.9,1.7,3.9,8.0,50.7,1.88,7155.0,10.399999999999999,6.8,7902.0,4.7,69.4,22.0,98.6,98.3,0.2,0.7,94.8,3.7,0.4,1.5,8.5,33.5,44.5,20.5,1.5,99.3,99.6,75.6,96.5,1.7,1.8,68.1,29.4,99.7,0.2,0.1,0.0,0.0,,0.2,2.5
84010711,rural,10174.0,8.8,9.5,9.8,33.8,39.2,33.6,32.9,3.6,8.6,7.5,6.9,7.7,7.2,6.1,5.3,5.1,3.5,4.1,3.2,3.1,3.6,5.3,33.7,55.2,2.6,8.6,29.7,3.5,98.0,38.4,1.9,33.7,14.4,5.5,5.3,38.7,97.0,7.4,0.0,0.0,98.0,2.3,13.1,40.5,0.4,42.0,14.8,19.2,1.3,2.8,6.6,12.9,52.0,2.23,1647.0,14.0,9.9,2028.0,5.0,90.6,2.2,97.7,96.2,0.2,0.5,14.4,83.9,0.8,1.6,7.2,10.1,16.6,45.2,28.1,92.0,96.7,14.9,8.0,13.8,78.2,0.0,1.5,90.1,0.2,0.0,9.6,0.1,1.4,0.1,98.5
85770103,urban,12074.0,8.6,9.7,10.7,23.0,30.7,37.0,21.7,6.4,8.1,6.8,5.8,7.3,7.1,6.8,5.8,5.3,4.6,4.5,3.3,2.0,3.5,3.4,33.9,56.0,4.2,6.0,29.6,3.0,96.6,26.0,1.9,26.5,18.2,11.7,11.0,49.2,2.9,92.2,0.1,0.0,98.7,5.1,29.0,70.4,3.0,23.3,28.7,37.5,1.1,1.4,3.1,1.9,52.7,1.72,2483.0,13.3,8.8,2769.0,4.4,64.8,24.2,98.1,91.7,0.3,0.5,75.7,22.7,0.8,1.4,11.0,10.7,37.9,45.9,5.5,98.8,99.4,72.2,58.2,40.8,1.0,79.4,19.9,99.6,0.1,0.0,0.3,0.0,,0.0,0.8
85770105,urban,17737.0,9.5,11.0,11.5,26.9,33.6,36.8,20.9,5.7,8.5,6.5,6.6,6.9,7.2,6.4,5.7,4.7,3.9,3.9,2.8,2.4,2.6,3.8,31.2,60.2,3.8,4.8,28.3,3.4,92.8,31.3,2.5,29.6,17.5,8.4,8.4,36.1,18.4,85.4,0.1,0.0,98.0,7.9,14.5,52.4,3.2,32.8,21.5,26.0,2.3,0.9,1.1,12.2,51.3,2.4,3511.0,11.7,7.799999999999999,3900.0,4.5,63.1,23.7,98.2,94.1,0.2,2.0,73.8,22.7,1.2,1.3,13.2,23.2,38.9,32.2,5.7,97.1,98.3,68.2,49.4,18.5,32.1,39.8,27.4,97.6,0.1,0.4,1.7,0.2,,0.1,32.8
85770111,urban,44156.0,8.2,10.3,10.0,19.1,25.3,39.3,24.6,6.2,7.4,6.3,6.2,7.2,7.8,7.2,6.2,5.6,4.6,4.2,3.2,2.4,3.3,3.0,32.6,58.0,4.0,5.3,30.1,2.7,94.5,21.6,2.0,30.0,19.4,12.0,11.4,55.4,17.7,79.7,0.2,0.0,98.1,9.1,21.0,56.8,2.8,28.6,23.7,35.7,2.6,1.9,1.8,3.0,51.2,2.1,9352.0,13.100000000000001,8.899999999999999,9840.0,4.5,67.6,23.3,98.1,84.8,1.6,1.5,90.5,5.7,0.8,1.3,9.2,19.0,35.8,41.7,3.5,98.0,98.7,78.2,63.7,24.8,11.4,23.9,73.9,99.4,0.0,0.0,0.5,0.1,,0.0,2.2
85770205,rural,15521.0,9.4,11.8,11.3,32.2,35.1,28.4,13.7,4.3,8.2,7.0,8.0,7.2,6.0,5.6,4.2,3.8,3.2,3.5,3.5,3.2,4.3,6.3,35.3,56.4,2.7,5.7,30.1,3.8,98.1,37.4,3.0,32.9,15.6,7.5,5.9,19.9,1.2,98.2,0.2,0.0,98.4,5.2,13.2,49.9,2.1,23.0,8.7,62.7,2.8,0.2,0.2,0.2,52.6,2.39,2565.0,14.5,11.0,2567.0,6.0,86.4,2.6,95.7,87.1,0.3,0.0,83.7,15.5,0.4,1.6,11.0,18.3,38.6,40.5,2.6,96.4,97.0,31.6,5.3,10.4,84.2,10.9,54.2,92.1,0.0,0.0,7.8,0.2,0.7,0.1,34.8
85770205,urban,4927.0,10.4,12.3,12.3,18.9,28.3,37.2,16.5,4.6,8.1,6.5,7.5,8.5,6.6,6.0,4.7,3.6,2.9,2.9,2.6,2.5,2.5,3.0,32.4,60.9,2.8,3.9,28.3,4.1,99.3,22.4,1.9,29.6,18.4,10.6,11.2,42.1,0.8,89.7,0.3,0.0,98.2,29.2,19.8,66.5,1.9,36.1,35.8,21.8,2.3,0.1,1.8,0.1,51.4,2.8,994.0,10.5,7.6,1011.0,4.9,49.8,38.1,97.4,92.2,3.6,8.0,79.7,7.3,1.2,1.5,12.1,31.6,34.5,32.4,1.6,96.8,99.1,47.2,26.9,61.5,11.6,0.6,98.5,98.5,0.0,0.0,1.5,0.0,,0.1,0.8999999999999999
85770211,rural,11713.0,10.7,14.7,13.8,35.7,36.9,29.5,38.8,3.1,9.9,6.0,6.5,6.4,5.3,4.6,3.8,3.3,2.9,3.5,2.7,2.6,3.4,5.5,30.3,63.8,1.9,4.0,26.7,5.6,97.4,42.3,2.8,36.4,15.7,4.8,3.5,12.8,12.7,88.0,0.6,0.0,98.1,6.6,6.6,36.0,0.4,27.3,17.2,52.7,1.2,0.2,0.5,0.5,52.8,2.25,1285.0,12.200000000000001,8.700000000000001,1860.0,6.3,85.9,8.7,98.1,98.6,0.1,0.0,73.5,25.8,0.6,1.9,5.5,25.5,42.3,27.0,5.1,99.2,99.1,62.5,1.2,0.6,98.1,0.0,13.9,91.9,0.2,0.1,7.6,0.2,0.6,0.0,86.0
85770221,rural,5455.0,10.4,12.9,10.5,39.7,41.8,29.6,34.8,4.5,8.2,7.2,7.7,6.9,5.7,5.1,3.8,3.5,2.8,4.3,3.6,3.8,3.6,7.8,32.4,60.0,2.8,4.9,28.4,4.3,94.9,44.8,2.7,33.5,12.7,3.9,5.4,18.2,24.4,97.6,0.7,0.1,96.1,5.9,5.2,29.2,0.6,6.6,15.0,29.2,1.7,0.1,0.0,46.7,52.6,2.51,698.0,15.299999999999999,11.0,895.0,6.1,86.3,2.4,97.1,98.2,0.0,0.1,53.4,45.0,0.9,2.2,11.4,16.5,34.3,37.2,11.9,91.2,96.4,8.9,0.6,0.2,99.2,0.0,0.1,56.1,0.7,0.0,43.1,0.1,0.7,0.6,99.89999999999999
85770301,rural,11120.0,10.7,11.8,11.8,47.1,48.4,35.3,32.9,5.6,9.7,7.0,7.2,6.6,5.5,5.5,4.6,4.0,3.3,3.2,2.9,2.5,3.7,5.8,32.8,57.9,3.5,5.8,28.1,4.8,93.1,53.9,2.3,24.8,13.8,5.6,5.0,14.2,1.6,98.9,0.2,0.0,98.7,2.6,12.6,56.1,1.1,19.6,9.8,55.4,3.6,0.6,2.3,7.6,49.2,3.23,1727.0,12.3,9.100000000000001,2183.0,5.1,88.5,2.4,94.6,97.7,0.0,0.0,2.3,96.2,1.4,2.0,9.1,16.2,21.2,42.9,19.7,82.8,89.8,27.5,0.8,18.6,80.6,13.7,24.5,57.3,0.1,0.1,42.1,0.5,1.2,0.0,61.8
85770305,rural,6825.0,9.0,9.9,10.7,34.8,38.9,30.9,29.4,8.6,9.1,6.3,6.3,6.6,6.0,6.3,5.5,5.0,4.0,3.6,3.6,3.2,4.8,7.1,31.7,56.4,5.2,6.7,28.6,3.2,96.1,39.0,0.4,26.7,17.7,8.9,7.2,15.0,17.0,98.7,0.1,0.0,99.6,1.1,16.3,54.2,0.4,37.6,19.4,29.8,3.0,0.3,0.7,8.9,51.0,2.66,1047.0,15.2,11.600000000000001,1611.0,4.2,80.1,4.4,96.8,90.6,0.1,0.3,15.3,83.8,0.4,1.6,15.5,24.3,22.7,36.4,16.6,90.3,87.2,16.1,19.1,35.4,45.5,78.4,0.0,68.7,0.1,0.1,30.8,0.4,0.6,0.1,21.5
85770505,rural,4978.0,9.6,10.8,10.8,35.1,37.7,35.0,29.7,5.7,8.4,6.4,7.9,7.6,6.6,6.1,5.5,4.4,3.2,3.1,3.2,3.0,3.5,8.0,32.7,58.3,3.4,5.6,28.5,3.8,97.7,40.2,3.1,30.4,15.0,7.6,6.1,35.6,0.3,98.6,0.1,0.1,98.2,4.7,13.8,51.6,0.1,11.2,11.4,72.8,1.4,1.4,0.5,1.2,50.1,1.99,842.0,12.8,9.7,904.0,5.5,93.0,2.1,97.7,98.2,0.0,0.0,44.1,53.7,2.2,2.2,4.9,11.4,34.6,38.9,15.0,91.5,97.5,16.5,0.6,0.3,99.1,0.0,0.0,75.6,0.1,0.1,23.8,0.4,0.8,0.0,100.0
85770507,rural,5228.0,8.1,10.1,9.0,32.7,36.5,37.3,15.8,6.7,8.3,7.4,7.1,6.9,6.7,6.7,6.4,4.9,4.3,3.8,3.1,3.2,4.1,3.7,34.6,55.2,4.2,5.9,30.5,3.3,96.8,36.4,2.8,28.5,16.5,7.3,8.3,43.4,2.9,98.5,0.3,0.0,98.5,9.6,17.4,58.5,2.0,24.8,10.8,52.2,6.5,1.6,1.1,1.1,50.7,2.29,1198.0,14.200000000000001,10.4,1099.0,4.8,93.2,1.8,96.8,98.5,0.1,0.0,42.1,54.9,2.6,1.7,5.0,13.6,28.6,50.6,7.3,97.7,97.8,61.0,2.1,15.8,82.1,18.0,79.2,98.3,0.2,0.1,1.1,0.4,0.3,0.3,2.9
85770513,rural,4680.0,9.5,10.7,10.2,29.6,36.1,31.1,33.3,5.5,8.2,7.0,6.8,7.2,6.7,5.5,5.4,4.6,4.3,4.2,3.5,2.6,3.6,2.6,33.9,56.9,3.2,5.9,29.2,3.6,97.8,33.6,4.0,32.6,14.0,7.0,6.4,19.2,0.5,98.9,0.3,0.0,90.0,47.5,7.2,46.4,3.0,29.6,15.4,49.1,0.6,0.6,0.7,1.0,49.8,2.62,676.0,13.9,9.7,842.0,5.6,96.7,0.4,96.7,95.5,0.2,0.0,51.9,46.7,0.4,1.6,3.0,11.0,22.3,48.5,18.2,98.0,98.0,58.2,2.6,0.6,96.8,3.4,89.1,96.8,0.0,1.0,2.0,0.2,2.6,0.8,7.5
85770517,rural,17707.0,10.6,11.8,12.8,34.6,40.0,32.2,15.8,2.7,9.8,7.4,8.0,7.6,6.2,5.2,3.8,3.4,2.9,3.1,2.5,2.0,2.9,4.5,39.0,55.6,1.6,3.8,30.4,5.5,92.0,41.2,1.8,31.9,14.3,5.6,6.4,17.1,1.3,96.1,0.5,0.0,96.1,20.5,10.1,52.6,1.2,8.6,8.4,72.6,1.3,1.1,1.7,5.0,48.8,2.9,3111.0,10.5,7.4,2539.0,7.0,90.7,3.5,91.4,72.8,0.0,0.1,39.5,58.5,1.3,1.9,5.8,22.4,22.4,38.4,16.8,90.1,90.0,35.6,0.9,27.0,72.1,0.2,1.6,85.4,0.2,0.2,13.8,0.3,6.0,0.6,98.2
85770521,rural,8686.0,9.6,11.1,12.0,32.7,34.6,35.9,45.6,4.8,10.9,8.5,8.0,6.7,5.7,4.9,4.4,4.1,3.4,3.0,2.2,2.2,3.4,5.3,39.4,52.3,2.8,5.6,30.0,5.7,97.5,37.7,3.2,30.1,16.8,8.3,7.1,4.1,12.5,98.3,0.3,0.0,97.6,4.4,11.0,40.7,0.4,12.4,18.2,62.5,1.4,3.4,0.4,1.2,46.8,2.94,1142.0,10.8,7.800000000000001,1487.0,5.8,85.6,5.2,97.3,97.5,0.1,0.1,16.7,82.4,0.3,2.1,9.2,10.4,31.5,49.1,9.0,85.2,96.6,12.8,1.2,82.1,16.7,0.4,27.6,87.5,0.2,0.2,11.7,0.3,0.8,0.3,72.0
85770529,rural,11691.0,10.4,11.3,12.2,40.1,43.7,38.2,27.8,4.4,10.4,8.5,7.3,6.2,5.5,4.7,4.2,3.8,3.1,3.6,2.9,2.5,3.4,4.6,33.4,58.7,2.6,5.4,27.7,6.0,96.5,46.8,1.3,30.0,15.7,4.8,4.5,13.4,0.1,99.0,0.5,0.1,88.7,20.1,6.0,29.7,0.0,45.4,8.9,39.3,3.5,0.9,2.0,0.0,48.3,4.11,2134.0,12.4,8.8,2049.0,5.7,93.2,1.5,92.9,97.7,0.0,0.0,14.1,85.8,0.1,2.1,5.3,12.2,22.4,38.7,26.6,86.0,94.5,29.1,1.0,49.1,49.9,0.2,0.0,78.4,0.0,0.8,20.8,0.0,1.3,0.0,99.8
85770701,rural,5653.0,9.9,12.3,14.1,36.3,39.3,27.1,27.5,4.6,9.7,6.5,6.2,6.5,4.9,5.5,4.5,3.6,2.9,3.5,2.6,2.9,4.1,7.1,32.6,60.1,2.8,4.6,28.1,4.7,95.1,43.8,3.5,32.3,15.4,4.6,4.8,0.7,6.7,99.0,0.4,0.1,96.9,32.0,9.9,41.6,1.0,16.4,15.7,45.7,3.7,0.6,1.1,15.8,51.5,2.67,707.0,13.1,9.6,1040.0,5.4,85.6,3.2,95.8,90.2,0.3,0.0,81.2,15.2,2.3,2.0,11.2,41.0,39.6,17.9,1.5,89.0,89.8,23.7,5.3,71.3,23.4,14.2,79.9,72.3,0.2,0.1,27.0,0.4,2.1,1.0,5.8
85770719,rural,4294.0,9.8,11.3,11.8,26.0,33.3,32.7,22.5,3.5,9.7,7.6,7.2,6.9,6.3,5.6,4.2,4.1,3.9,3.0,2.6,2.5,3.3,5.0,36.0,55.5,2.0,6.5,29.2,5.0,96.5,30.4,2.1,29.4,18.5,9.9,6.8,28.3,2.7,99.2,0.1,0.0,98.2,19.6,22.1,71.7,1.6,14.4,11.1,61.1,1.0,0.8,1.4,8.6,50.6,2.45,730.0,11.399999999999999,8.399999999999999,763.0,5.6,82.6,7.1,95.4,92.9,0.1,0.0,55.6,43.3,0.9,1.5,10.3,23.0,26.2,33.4,17.4,92.5,95.4,52.0,0.9,1.6,97.5,0.5,94.3,88.5,0.3,0.3,11.0,0.0,0.4,0.0,5.2
85770723,rural,12050.0,10.4,12.2,13.0,29.7,35.4,37.2,15.2,4.4,9.5,7.3,7.5,7.7,6.0,5.1,4.1,3.6,3.1,2.7,2.7,2.1,2.9,3.2,36.8,55.0,2.6,5.5,29.3,5.8,94.4,35.3,1.8,35.8,17.4,6.1,3.4,0.5,25.2,74.4,0.2,0.1,97.1,13.1,4.4,35.0,1.9,12.8,7.3,73.2,1.3,0.8,0.5,2.3,49.1,2.05,2447.0,10.4,7.700000000000001,1976.0,6.1,90.2,3.5,90.8,90.3,0.0,0.0,53.8,43.1,3.1,1.8,6.2,25.7,30.1,38.2,6.0,89.6,94.9,59.3,4.2,9.2,86.6,1.0,38.0,86.8,0.0,0.0,13.2,0.0,1.0,0.0,61.099999999999994
85770727,rural,15654.0,9.6,12.2,12.1,29.8,36.0,31.0,26.8,8.7,8.7,6.3,6.2,6.6,6.2,5.9,5.1,4.3,3.9,3.5,3.3,2.6,3.6,5.6,33.1,56.3,5.5,5.1,28.9,4.0,94.8,35.1,1.4,30.9,18.0,6.5,7.2,20.2,2.3,96.9,0.3,0.0,97.8,28.8,14.0,62.9,1.5,28.2,27.1,32.9,0.7,0.0,3.4,6.2,52.8,2.19,2348.0,13.0,9.5,3232.0,4.8,74.6,8.8,95.7,91.2,0.0,0.2,83.4,15.5,1.0,1.4,16.6,27.7,30.7,34.3,7.4,96.1,98.8,55.4,3.8,27.0,69.3,22.4,72.8,86.4,0.1,2.2,11.1,0.1,0.6,0.0,4.9
85770731,rural,5084.0,6.6,9.0,10.3,27.3,31.4,31.5,28.3,8.6,7.0,5.2,4.6,5.7,6.5,8.1,7.3,6.0,5.7,5.2,4.1,3.2,5.3,4.9,28.9,57.6,5.5,8.0,31.5,2.6,97.6,30.7,2.1,32.2,19.3,8.0,7.0,3.0,1.4,98.2,0.3,0.0,98.2,2.0,8.8,39.1,1.5,20.1,13.3,61.8,1.6,0.2,0.7,0.7,53.7,1.99,850.0,17.8,12.6,1244.0,4.1,88.0,1.9,96.7,97.1,0.4,0.2,84.8,10.3,3.6,1.9,10.1,13.8,16.7,41.6,27.8,95.8,97.1,63.8,1.8,47.5,50.7,18.1,79.0,95.4,0.0,0.0,4.5,0.1,0.1,0.6,3.0
85770733,rural,13890.0,8.3,9.5,9.5,26.5,33.1,27.5,32.5,7.2,7.1,6.3,6.5,7.8,7.3,7.4,5.9,4.9,4.1,4.3,3.9,2.9,4.3,5.8,35.6,53.0,4.5,6.8,31.5,2.7,91.5,29.8,1.5,27.8,19.9,8.7,9.0,38.9,16.7,83.2,0.1,0.0,98.4,2.9,9.7,37.8,1.6,20.1,21.2,45.3,1.5,0.8,0.9,8.8,54.0,1.83,1878.0,15.399999999999999,11.1,2663.0,5.2,82.1,1.5,97.1,94.1,0.1,0.0,79.3,19.6,1.0,1.6,16.4,17.5,34.6,36.8,11.1,96.7,97.4,25.5,8.8,69.3,22.0,32.0,60.3,90.8,0.7,0.8,7.0,0.6,0.7,0.0,7.6
85770903,rural,8885.0,9.2,11.5,11.1,40.1,42.7,41.1,18.6,3.3,8.6,6.9,6.9,6.6,6.7,6.6,5.2,4.1,3.6,4.2,3.3,2.6,3.0,2.5,32.9,59.4,2.2,5.4,28.8,4.2,97.2,46.1,3.6,29.5,14.4,4.9,4.8,21.8,1.5,98.5,0.2,0.0,91.4,13.0,8.0,37.5,0.7,25.2,6.6,32.4,20.7,5.2,1.2,7.9,51.2,2.43,2026.0,13.1,8.9,1599.0,5.6,89.9,1.1,96.4,94.4,0.2,0.2,21.9,76.8,0.6,1.7,9.0,18.0,23.5,35.7,22.8,94.9,96.6,33.4,1.2,3.4,95.4,29.3,49.3,84.7,0.1,0.1,15.0,0.2,0.9,0.3,21.4
85770909,rural,15420.0,9.4,11.4,11.9,39.2,43.4,33.6,18.0,5.1,8.4,6.1,6.0,7.1,6.8,6.2,5.4,4.6,3.7,4.2,3.0,2.6,3.3,4.3,30.9,60.6,3.2,5.2,28.3,3.8,95.2,45.5,2.6,29.0,15.3,5.7,4.0,22.6,10.8,98.2,0.3,0.0,95.2,7.5,11.5,36.9,4.3,21.8,7.5,62.0,0.8,0.8,0.6,2.2,51.5,2.67,2859.0,13.100000000000001,8.899999999999999,2920.0,5.3,91.4,0.8,96.0,88.9,0.0,0.0,43.9,55.5,0.2,1.5,7.8,22.9,27.6,31.5,18.0,94.5,94.5,44.8,10.9,17.2,71.9,32.8,41.1,89.3,0.2,0.4,9.8,0.3,1.4,0.4,26.1
85770911,rural,19985.0,9.3,11.6,12.1,39.7,42.2,30.4,25.6,5.0,9.1,6.5,5.9,6.8,6.9,6.5,5.2,4.4,3.5,3.5,2.9,2.5,3.3,5.6,31.3,60.3,3.0,5.4,27.6,3.7,94.8,46.2,3.1,30.1,15.5,5.9,3.3,26.2,14.4,94.4,0.3,0.1,97.9,7.2,12.8,50.0,1.2,32.0,8.5,48.2,1.9,3.3,1.6,3.1,51.5,2.57,3028.0,12.2,8.7,3988.0,5.0,92.0,1.4,90.4,80.2,0.0,0.0,26.8,72.4,0.1,1.9,6.6,24.2,27.6,34.6,13.6,94.9,96.1,26.4,2.7,46.3,51.1,21.8,44.2,87.5,0.1,0.0,12.0,0.3,1.3,0.8,34.0
85770915,rural,23218.0,10.7,11.8,12.7,44.8,48.3,46.4,12.8,3.7,9.7,8.3,7.5,6.8,5.9,4.9,4.1,3.9,3.0,3.2,2.4,2.0,2.9,5.1,37.8,54.2,2.3,5.7,29.6,5.3,91.1,52.3,2.0,29.8,12.7,3.8,3.3,6.4,13.8,94.4,0.3,0.1,96.6,8.1,7.0,39.9,0.6,29.1,6.9,42.4,18.8,1.1,0.7,0.5,49.5,3.25,6084.0,10.5,7.300000000000001,3734.0,6.2,93.3,2.5,95.4,81.8,0.0,0.0,11.2,88.4,0.4,2.0,4.2,16.3,22.4,38.7,22.5,65.0,80.1,16.9,0.8,0.2,99.0,0.0,0.0,63.5,0.2,0.6,35.6,0.0,4.1,0.1,100.0
85770925,rural,16154.0,8.4,10.6,10.7,30.7,34.9,31.1,20.7,5.1,8.5,5.7,5.5,6.3,6.8,6.8,5.8,5.3,4.5,4.3,3.7,3.1,3.9,4.1,32.1,57.1,3.3,7.4,30.2,3.1,98.7,35.3,2.6,28.2,17.3,8.7,8.3,28.0,35.2,83.6,0.3,0.0,98.2,14.3,15.9,55.5,2.3,20.6,16.8,51.6,1.7,0.9,2.0,4.0,52.0,2.51,2798.0,15.0,10.700000000000001,3408.0,4.7,86.7,2.0,97.7,91.5,0.0,0.1,44.7,53.2,1.9,1.5,11.3,9.1,20.3,47.0,23.5,92.8,95.7,44.8,2.9,69.7,27.4,15.9,77.9,89.7,0.2,0.5,9.6,0.0,2.2,0.0,6.1
85870101,urban,11180.0,9.4,10.9,11.8,22.3,30.6,37.1,21.2,3.3,9.5,7.6,6.2,6.8,6.8,6.4,5.8,4.9,3.6,3.4,2.7,1.9,2.3,3.1,35.6,59.0,2.2,3.3,28.7,3.5,97.7,26.2,1.5,28.2,16.2,10.2,13.3,92.7,65.0,20.4,0.2,0.3,98.8,16.1,19.7,54.6,2.2,19.6,33.4,32.0,1.1,0.3,0.7,10.7,50.4,1.89,2218.0,10.3,6.8999999999999995,2254.0,5.0,65.1,25.0,99.9,96.2,0.0,2.3,93.3,3.9,0.5,1.6,9.9,35.6,41.8,21.6,0.9,98.7,99.7,51.2,53.8,45.7,0.5,58.3,40.3,94.2,0.0,0.0,5.8,0.0,,0.0,1.3
85870113,urban,41656.0,9.4,10.4,11.1,18.5,29.3,35.7,20.2,3.5,9.1,8.3,7.8,7.9,6.4,6.1,5.1,4.5,3.7,3.1,2.5,2.1,2.4,4.2,36.6,57.2,2.2,4.0,29.2,3.8,95.6,21.3,1.3,27.1,17.3,11.5,13.6,97.3,12.2,12.9,0.1,2.8,99.6,3.0,19.9,51.6,2.0,21.1,38.8,21.3,1.8,3.6,4.1,7.3,49.9,2.34,8178.0,10.1,7.0,7898.0,5.3,65.1,24.7,96.0,97.1,1.0,3.5,83.3,9.8,2.2,1.7,10.2,12.1,32.7,52.5,2.6,98.1,99.7,69.1,92.6,4.0,3.4,83.8,14.0,94.1,0.2,0.2,5.4,0.1,,0.2,2.2
85870301,rural,6657.0,9.9,11.4,11.3,31.0,37.5,25.3,10.8,3.9,9.5,7.2,5.8,6.8,5.4,5.8,4.6,4.3,3.3,3.8,3.6,3.1,3.9,7.1,31.2,59.4,2.4,7.1,26.8,4.0,96.0,36.0,1.5,31.3,15.9,7.0,6.8,58.8,98.0,20.2,0.1,0.0,98.7,1.6,8.4,40.7,0.7,19.3,15.7,53.9,2.0,1.3,0.5,6.7,52.3,2.94,1012.0,14.4,10.6,1149.0,5.8,91.7,0.3,97.3,95.0,0.2,0.2,44.3,39.8,15.1,1.8,7.9,15.7,23.5,35.2,25.7,78.5,96.1,15.5,1.3,0.6,98.1,0.8,0.1,69.2,0.1,1.3,29.2,0.2,0.5,0.4,99.10000000000001
85870303,rural,7554.0,8.4,10.4,11.4,33.8,38.2,25.6,28.0,3.9,9.9,7.9,6.0,6.0,5.6,5.8,5.3,4.3,3.9,4.1,3.5,3.0,4.4,6.7,35.9,55.2,2.6,6.3,29.6,4.1,96.1,38.8,1.3,31.8,15.1,6.3,7.3,52.7,55.3,33.4,0.0,0.0,99.2,1.2,15.6,48.8,0.6,20.7,13.2,33.7,1.4,0.3,19.0,11.1,53.5,2.7,973.0,15.0,10.9,1369.0,5.5,90.0,1.0,97.1,94.9,0.0,0.0,22.3,76.2,1.3,2.0,9.0,11.8,15.5,42.0,30.7,87.4,95.8,11.7,3.6,65.0,31.4,0.5,0.0,47.1,0.2,1.0,51.2,0.5,0.8,0.1,99.4
85870321,rural,7084.0,9.1,9.3,10.7,31.0,35.1,24.8,23.3,2.4,9.9,8.6,6.6,6.5,5.4,6.0,4.9,4.2,4.1,3.8,3.3,3.0,4.4,4.8,36.2,55.6,1.6,6.7,28.5,4.1,98.2,35.4,1.9,29.2,15.5,7.3,10.9,44.4,98.0,0.8,0.0,0.0,98.7,1.5,24.5,56.5,0.5,22.6,16.4,29.6,1.0,12.0,1.4,16.6,53.2,2.55,953.0,14.5,10.7,1135.0,6.2,95.1,0.2,97.0,89.5,0.0,0.0,23.1,75.7,0.8,2.0,4.8,8.0,19.4,62.1,10.5,95.8,98.8,16.1,17.2,65.7,17.1,1.0,0.3,47.3,0.0,0.0,52.3,0.4,1.2,0.4,98.69999999999999
85870327,rural,10686.0,9.7,10.8,12.1,32.1,45.9,22.6,15.5,2.3,10.6,8.3,6.8,6.7,5.9,6.1,4.5,4.1,2.6,3.1,2.7,2.9,3.0,2.5,37.5,58.0,1.4,3.1,29.0,4.7,89.2,37.0,0.0,26.4,14.7,5.0,8.0,98.9,2.5,2.5,0.1,0.1,99.6,0.6,3.2,10.3,0.1,40.7,13.6,32.4,0.1,0.7,7.9,4.4,48.8,2.68,1375.0,11.700000000000001,8.6,1791.0,6.0,95.8,0.6,99.0,96.4,0.1,0.0,12.6,85.9,1.3,2.4,3.6,7.2,27.4,60.8,4.6,98.9,98.8,21.3,3.6,93.6,2.8,44.5,29.9,31.3,0.2,0.2,67.9,0.4,10.5,0.1,25.599999999999998
85870337,rural,10950.0,9.8,11.1,11.6,30.7,37.7,34.0,26.6,2.9,9.8,8.1,7.3,7.3,6.4,5.5,4.5,3.8,3.2,3.4,2.9,2.2,3.0,5.0,36.7,57.2,1.7,4.3,29.0,4.4,96.4,35.7,2.5,29.7,14.9,6.8,8.5,63.9,69.6,28.4,0.1,0.0,98.2,2.3,17.3,53.5,1.1,14.4,14.3,59.4,0.8,0.5,0.4,9.0,49.6,2.51,1842.0,11.5,8.1,1787.0,6.1,88.3,3.7,97.7,94.0,0.1,0.3,26.5,72.1,0.8,2.1,8.0,12.2,20.1,47.9,19.8,98.6,98.9,43.4,5.1,55.2,39.7,3.5,27.9,70.4,0.2,0.1,29.2,0.1,1.1,0.2,68.6
85870339,rural,11362.0,9.2,10.8,10.5,32.2,37.1,29.1,27.5,3.4,8.6,7.0,6.3,6.6,6.3,6.3,5.4,4.6,3.7,4.1,3.2,3.1,4.3,3.6,36.2,57.1,2.0,4.7,29.2,3.3,96.5,36.7,2.5,31.1,15.6,6.7,7.0,42.6,87.7,11.4,0.0,0.1,97.8,8.7,13.2,40.0,0.7,24.2,15.6,53.7,1.3,1.0,1.9,1.7,50.6,2.49,1664.0,14.7,10.600000000000001,2040.0,5.6,95.1,0.6,97.0,93.8,0.0,0.0,29.4,68.8,1.4,2.1,4.3,18.8,28.8,37.1,15.2,94.9,97.5,54.0,6.4,19.0,74.6,1.5,0.0,64.6,0.2,0.4,34.7,0.1,1.4,0.3,98.60000000000001
85870709,rural,4309.0,11.6,12.9,12.5,33.4,38.8,34.0,32.6,1.1,9.3,8.0,7.9,7.6,6.0,5.7,4.2,3.4,1.9,2.5,1.9,1.8,2.7,11.3,34.5,62.1,0.7,2.7,27.7,4.2,97.6,39.2,4.0,30.5,14.7,6.3,5.8,98.7,8.2,0.8,0.0,0.7,99.8,0.5,5.6,21.3,0.5,7.9,14.5,52.9,0.8,1.0,4.2,18.3,48.3,3.12,622.0,8.9,6.4,616.0,7.0,89.7,2.2,91.0,80.7,0.0,0.0,14.3,85.2,0.3,2.4,8.2,20.5,13.8,46.3,19.3,95.8,98.7,1.5,4.0,1.0,95.0,0.0,3.7,44.0,0.5,0.0,55.5,0.0,1.8,0.2,96.3
85870711,rural,16240.0,10.0,11.3,12.9,30.0,34.6,32.0,14.4,2.3,9.8,8.5,7.7,6.6,5.0,5.6,4.4,3.7,3.1,3.1,2.7,2.3,3.2,3.0,33.5,59.8,1.7,5.0,25.7,4.4,97.3,35.5,2.0,33.3,15.6,6.9,7.7,87.1,29.6,23.5,0.0,0.1,99.8,1.3,4.3,21.2,0.3,8.2,13.4,37.0,1.5,5.8,5.7,28.3,47.8,3.11,2928.0,11.3,8.2,2150.0,7.6,89.9,1.6,97.1,86.8,0.1,0.0,5.0,94.9,0.0,2.3,8.5,9.6,27.4,55.4,7.6,99.2,99.1,3.9,2.3,31.5,66.2,8.9,0.0,17.2,0.0,0.7,81.9,0.2,0.8,0.0,91.10000000000001
85870713,rural,9972.0,10.3,12.2,12.9,37.6,40.7,23.7,31.9,1.6,10.2,7.1,6.5,6.6,5.4,5.9,4.7,4.0,2.8,3.3,2.9,2.4,2.8,3.8,32.7,62.5,1.0,3.9,27.4,5.0,97.1,44.6,1.9,30.4,15.2,5.9,5.9,96.0,3.5,21.6,0.0,0.0,99.6,0.7,12.5,35.5,1.9,28.8,10.3,46.9,2.5,1.1,0.5,8.0,50.5,2.63,1040.0,11.399999999999999,8.1,1385.0,7.2,94.4,0.1,98.9,98.7,0.1,0.0,3.6,95.5,0.5,2.5,5.5,3.8,23.7,53.9,18.6,99.2,99.6,43.2,3.5,62.2,34.3,1.2,0.1,19.8,0.1,0.1,79.5,0.5,0.8,0.2,98.7
85870715,rural,9519.0,9.9,12.2,13.3,34.0,38.8,29.3,14.9,1.8,9.7,7.7,7.5,7.2,5.7,5.4,4.2,3.8,3.3,2.8,2.3,2.5,2.6,3.5,33.5,62.0,1.1,3.4,27.6,5.0,95.4,40.5,1.5,33.9,13.6,5.5,6.6,97.6,18.9,0.5,0.0,0.1,99.4,0.6,6.9,22.1,0.8,39.7,9.6,32.4,2.1,0.4,0.4,14.6,47.4,2.6,1536.0,10.2,7.4,1432.0,6.6,95.2,0.4,98.0,94.8,0.0,0.0,0.3,98.7,0.4,2.7,4.4,15.2,32.3,34.1,18.3,98.0,98.4,10.4,1.8,95.7,2.5,18.3,7.7,10.3,0.1,0.1,89.2,0.3,0.9,0.6,74.0
85870729,rural,4661.0,10.6,11.8,12.2,38.8,40.2,30.9,29.0,3.0,10.4,7.4,7.2,6.9,5.3,5.6,4.0,3.4,3.2,2.6,3.2,2.7,3.6,9.2,33.9,60.4,1.6,4.1,27.9,4.7,98.9,45.5,3.8,28.8,14.6,7.2,5.4,49.4,97.3,2.7,0.0,0.0,98.8,1.2,13.5,61.5,16.9,28.1,10.9,36.5,0.9,0.7,2.4,3.6,47.2,3.82,669.0,12.1,9.5,714.0,6.5,92.2,0.3,95.1,96.8,0.0,0.0,2.8,96.6,0.6,2.4,7.5,14.2,18.1,65.2,2.5,78.8,98.0,8.6,0.1,68.4,31.5,0.0,0.3,45.3,0.0,0.6,53.9,0.3,1.2,0.0,99.7
85870743,rural,15670.0,11.1,11.7,13.0,30.6,36.6,33.8,17.1,3.2,9.5,7.8,7.3,7.2,5.8,5.1,3.9,3.8,2.9,3.0,2.6,2.5,2.7,4.7,35.0,59.6,1.8,3.6,27.8,4.8,94.5,36.5,1.7,34.0,15.6,5.5,6.5,92.1,30.1,4.1,0.0,0.4,99.3,1.0,8.2,28.2,0.2,33.4,9.2,33.5,5.3,1.4,3.2,13.9,48.7,2.92,2817.0,10.8,7.8,2266.0,6.9,90.1,1.9,94.2,51.2,0.3,0.0,20.6,78.3,0.9,2.4,7.9,16.2,24.6,46.7,12.4,95.0,97.9,44.3,2.3,70.5,27.2,7.9,0.3,44.2,0.0,0.0,55.5,0.3,2.1,0.0,91.9
85870745,rural,14650.0,9.7,11.3,11.8,27.9,35.1,30.4,29.9,2.3,9.6,8.2,7.3,6.8,6.2,6.0,4.9,3.9,3.0,3.2,2.8,2.6,2.7,5.4,35.0,59.2,1.6,4.3,28.2,4.6,84.8,32.8,2.6,29.6,16.6,6.6,9.6,97.9,10.3,3.1,0.1,0.4,99.7,3.3,12.4,36.1,1.5,15.4,22.2,18.3,0.8,5.7,4.4,31.9,50.3,2.53,2102.0,11.3,8.100000000000001,2109.0,6.9,82.6,9.1,97.3,96.5,0.0,1.1,26.4,71.5,0.6,2.1,8.4,11.3,24.8,43.0,20.8,86.6,95.0,23.1,2.8,65.4,31.8,24.8,14.0,42.3,3.0,7.3,47.1,0.3,1.1,0.4,61.2
85870917,rural,8001.0,10.8,12.3,12.8,31.6,36.7,25.3,14.7,2.4,9.4,8.2,7.9,7.4,4.6,5.5,3.9,3.1,2.5,3.3,2.9,2.2,3.0,4.4,31.6,62.7,1.4,4.2,26.5,5.0,98.0,37.1,1.4,33.3,16.3,6.4,5.8,79.3,57.0,22.6,0.2,0.0,98.6,1.5,5.5,24.6,0.4,28.3,14.2,53.7,0.5,1.8,0.3,0.8,50.5,3.04,1105.0,11.399999999999999,8.1,1047.0,7.6,95.5,0.1,97.6,73.0,0.1,0.0,1.4,97.9,0.5,2.9,4.4,8.0,10.4,63.4,18.2,99.2,99.6,1.5,2.5,72.1,25.4,0.1,0.1,7.9,0.0,0.4,91.6,0.2,1.8,0.1,99.8
85870919,rural,6157.0,9.3,10.8,12.0,35.4,37.9,26.1,24.2,2.6,9.2,6.5,6.5,6.8,5.2,5.8,4.5,4.3,3.8,3.9,3.5,3.4,4.4,6.5,31.4,62.6,1.9,4.2,28.8,4.5,97.1,41.3,3.1,32.3,14.2,5.7,6.8,82.5,58.5,1.2,0.0,0.2,99.7,1.5,10.7,35.3,0.7,8.0,20.7,31.8,4.8,0.4,0.2,33.3,52.7,2.76,825.0,15.200000000000001,11.3,1204.0,5.1,91.7,0.1,96.3,82.7,0.5,0.1,4.3,94.0,0.9,1.7,8.2,9.8,23.3,44.3,22.6,95.7,97.6,5.9,1.3,62.5,36.2,0.2,0.1,14.2,0.0,0.2,85.0,0.7,2.4,0.2,99.69999999999999
85870923,rural,6121.0,9.3,9.7,9.9,23.5,32.6,35.1,54.8,5.2,8.5,6.8,8.3,8.3,6.3,6.3,5.1,4.3,4.4,4.1,3.0,2.4,3.3,7.1,38.3,53.0,3.3,5.4,31.9,3.4,98.9,26.6,1.4,23.6,19.0,11.6,11.8,98.2,9.1,7.6,0.1,16.4,99.5,1.0,10.5,31.1,1.3,12.5,51.6,24.3,0.6,3.0,0.9,5.8,50.4,2.62,690.0,12.8,8.7,1234.0,5.0,73.2,7.7,97.5,90.1,0.1,0.2,36.1,61.0,2.2,1.8,19.2,12.5,21.0,44.0,22.4,96.5,98.0,40.3,0.6,97.9,1.5,49.9,16.8,67.0,0.2,0.2,32.4,0.2,0.5,0.4,33.3
85870933,rural,14413.0,9.7,10.6,10.9,26.9,34.7,29.3,21.8,4.2,8.7,7.2,7.2,7.6,5.9,5.9,4.7,4.4,4.1,3.4,3.1,2.8,3.7,6.4,31.9,61.1,2.4,4.6,28.1,3.6,94.4,30.8,1.8,27.9,16.5,8.7,10.3,87.3,36.0,1.1,0.2,1.5,99.4,2.0,11.2,31.7,0.9,18.0,44.2,25.4,0.4,2.5,0.6,8.2,50.4,2.19,2268.0,13.0,9.600000000000001,2603.0,5.5,69.6,12.3,98.2,96.0,0.2,0.5,52.7,45.5,0.9,2.0,18.0,16.5,35.9,31.9,15.7,94.2,94.1,26.4,5.4,76.8,17.8,2.6,46.3,57.7,0.0,0.3,41.7,0.2,1.2,0.2,51.0
85870935,rural,19200.0,10.1,11.2,12.1,28.2,33.0,27.0,23.5,4.2,9.4,7.1,6.9,7.1,5.4,6.0,4.5,4.3,3.2,3.4,2.9,2.6,3.6,6.4,32.6,60.0,2.5,4.9,27.1,4.9,94.3,33.1,2.4,31.9,16.6,7.8,8.2,92.7,56.0,7.7,0.1,0.2,98.7,3.1,10.5,29.8,0.2,30.0,17.3,29.4,2.8,11.6,4.6,4.1,51.4,2.75,2639.0,12.5,9.1,2771.0,6.9,88.2,2.7,97.5,86.3,0.0,1.3,26.5,71.6,0.5,2.1,9.0,12.8,20.4,50.8,16.0,84.4,97.3,23.6,0.5,71.8,27.7,9.8,6.8,48.7,0.0,0.4,50.5,0.4,1.2,0.0,83.4
85871105,rural,4757.0,10.4,13.0,14.3,42.2,45.9,20.4,20.2,3.5,9.3,5.8,6.4,5.5,4.9,5.2,3.9,3.2,3.2,3.5,3.4,3.4,4.6,4.5,32.8,59.8,2.2,5.2,28.6,4.3,94.7,51.2,0.9,30.0,14.0,4.3,4.8,32.3,53.0,46.1,0.1,0.0,94.2,25.2,1.5,32.3,0.6,16.6,15.3,5.0,0.4,0.4,0.2,61.5,52.1,2.93,483.0,14.9,11.399999999999999,779.0,6.1,79.6,1.9,96.8,98.1,0.6,0.1,73.7,9.0,15.9,1.7,18.5,23.0,39.2,36.6,1.3,99.5,99.2,53.5,0.9,98.6,0.5,1.0,96.7,97.7,0.0,0.9,1.3,0.1,1.0,0.6,2.3
85871107,rural,11751.0,10.6,12.5,13.0,35.0,40.5,33.1,13.7,3.5,9.1,7.5,7.6,6.9,6.0,5.2,4.5,3.4,3.0,3.0,2.7,2.3,2.9,3.7,34.8,59.3,1.9,4.0,28.4,4.8,96.2,41.5,1.4,32.4,14.4,5.3,6.1,14.4,11.7,98.5,0.4,0.0,94.4,19.9,10.3,43.4,1.0,35.0,10.5,25.1,1.9,0.8,1.2,24.6,49.3,2.86,2149.0,10.9,7.9,1827.0,6.4,88.5,1.9,96.3,94.9,0.7,0.1,30.2,67.6,1.2,2.2,9.6,26.8,25.3,24.6,23.3,97.1,98.2,21.9,12.9,51.5,35.6,1.3,0.4,84.6,0.0,0.4,14.7,0.3,5.8,0.2,98.3
85871125,rural,7742.0,10.0,11.4,11.6,37.5,44.7,29.9,17.2,3.6,7.9,6.7,6.9,7.8,6.9,5.7,4.7,4.1,3.1,3.5,2.7,2.7,4.4,2.3,33.0,59.8,2.4,4.9,28.5,4.3,94.2,43.3,0.6,28.0,13.9,6.5,6.2,13.5,35.6,78.1,0.3,0.0,95.7,17.9,6.2,24.7,0.9,23.3,16.7,21.5,1.5,0.2,1.1,34.9,50.2,2.34,1282.0,13.3,9.8,1477.0,5.2,84.9,5.5,94.3,93.5,0.3,1.6,30.2,67.1,0.8,1.8,9.6,17.6,35.9,41.2,5.2,95.6,94.1,40.3,3.1,50.3,46.7,48.8,20.3,73.9,0.3,2.2,23.4,0.1,2.8,0.0,30.8
85871131,rural,9176.0,11.8,12.6,13.3,36.8,39.4,28.0,56.0,3.2,10.0,7.1,6.9,6.2,5.4,4.8,3.8,3.0,3.0,3.1,2.9,2.7,3.4,4.5,35.7,56.3,2.0,6.0,28.5,4.8,97.7,42.7,1.5,31.0,17.6,5.2,5.4,16.5,1.4,97.6,0.4,0.0,98.7,1.8,2.6,23.4,2.1,40.1,19.9,15.3,0.6,1.0,0.3,20.7,53.0,3.05,705.0,12.1,9.0,1328.0,6.9,88.4,1.3,93.1,94.7,0.1,0.0,9.3,89.3,0.7,2.1,10.3,27.8,32.2,28.3,11.7,93.0,91.3,23.7,1.7,75.5,22.8,0.7,82.1,91.1,0.3,0.1,8.1,0.4,0.8,0.6,17.2
85871141,rural,13895.0,10.6,11.9,11.8,33.9,39.1,25.3,14.9,3.3,9.3,7.0,7.4,7.0,5.8,5.4,4.6,3.7,3.1,3.4,3.0,2.6,3.5,4.9,35.1,57.7,1.8,5.4,28.6,4.4,94.3,39.4,0.2,28.5,16.7,7.1,8.4,20.4,46.4,72.0,0.1,0.0,97.7,4.3,16.0,55.2,1.7,12.5,24.4,12.6,3.3,4.6,2.2,38.7,51.0,3.09,1966.0,12.5,9.1,2254.0,6.2,79.1,5.9,96.8,96.9,0.2,3.6,65.1,29.5,1.5,1.8,15.0,18.4,38.9,31.3,11.4,92.7,93.9,38.7,16.6,45.2,38.2,13.9,4.7,82.9,0.0,0.9,15.8,0.5,1.5,0.0,81.4
90010101,urban,501797.0,6.3,8.1,8.5,13.0,20.7,45.9,20.0,5.9,7.8,8.0,7.5,7.7,7.4,7.3,6.5,6.1,5.3,4.9,3.4,2.4,2.7,3.2,36.1,55.2,4.1,4.5,30.3,2.4,96.8,14.3,2.3,22.8,17.4,17.9,18.9,94.3,51.7,3.4,0.4,1.0,98.7,3.1,36.0,74.8,4.9,21.2,17.9,50.7,0.7,0.6,2.5,1.6,50.5,1.46,142068.0,13.400000000000002,8.5,143553.0,3.5,61.2,30.1,99.4,98.6,4.0,29.4,65.0,0.1,0.7,1.2,8.7,24.0,34.3,39.0,2.7,98.4,99.7,86.1,98.6,0.8,0.5,71.7,27.7,98.9,0.9,0.0,0.1,0.1,,0.7,0.7
90010501,rural,9617.0,6.9,8.7,8.7,37.7,41.4,36.8,20.9,3.1,6.9,5.8,6.1,7.2,7.9,7.3,6.5,6.0,5.1,4.7,3.7,3.5,5.0,4.9,32.2,60.4,2.2,5.2,30.1,2.5,97.6,41.8,2.6,30.4,16.6,5.4,3.6,49.9,98.2,0.5,0.0,0.0,99.0,1.1,9.4,52.2,0.3,25.9,8.5,62.5,1.4,0.6,0.8,0.0,48.8,1.77,2122.0,16.9,12.2,2395.0,4.0,92.2,3.2,97.2,93.1,0.0,0.7,80.5,17.5,1.3,1.3,4.6,10.3,29.4,38.7,21.6,98.5,99.0,47.0,0.8,87.9,11.3,0.2,0.6,87.8,0.0,1.9,10.2,0.1,0.4,0.0,99.19999999999999
90010509,rural,28732.0,9.0,11.0,10.8,31.6,36.9,44.0,18.8,2.6,8.7,6.9,6.4,7.4,7.8,7.4,6.1,5.4,3.8,3.0,2.3,1.8,2.3,5.9,30.1,64.5,1.7,3.6,26.8,3.1,97.4,36.2,2.8,33.4,17.4,5.5,3.9,69.2,84.6,7.3,0.0,0.5,98.9,3.3,10.2,46.3,1.4,38.9,3.8,52.5,0.8,0.7,1.2,0.7,48.7,2.25,7118.0,9.399999999999999,6.3999999999999995,6824.0,4.2,80.4,11.8,95.8,87.1,0.7,0.1,78.7,18.7,0.7,1.5,7.8,17.7,45.7,22.8,13.8,98.0,98.9,44.8,2.3,89.0,8.7,8.5,48.6,93.8,0.0,0.2,5.8,0.1,0.4,0.9,42.9
90010509,urban,78735.0,8.8,10.8,11.0,19.9,28.9,43.4,17.4,3.0,8.8,7.9,7.0,7.9,7.7,7.3,6.0,5.2,3.7,3.1,1.9,1.3,1.5,3.1,32.4,62.7,1.9,3.0,28.2,3.2,96.6,22.9,3.3,29.1,19.0,10.3,9.5,82.5,71.0,5.7,0.1,0.6,99.1,3.3,21.7,59.9,3.2,26.1,10.4,53.5,0.6,0.5,2.8,2.9,49.0,2.22,19611.0,7.8,4.7,18648.0,4.2,64.6,28.8,99.2,99.7,0.5,6.2,92.4,0.2,0.4,1.5,6.7,33.0,46.5,20.0,0.5,99.4,99.9,66.6,96.3,2.9,0.7,22.0,76.8,99.8,0.2,0.0,0.0,0.1,,0.2,1.3
90010511,rural,2715.0,6.2,7.5,7.7,50.2,54.7,27.5,25.4,2.2,6.6,5.0,5.5,6.6,7.2,5.8,6.4,6.3,6.2,5.6,5.6,5.0,6.9,7.7,27.9,63.7,1.6,6.8,30.3,2.9,96.8,55.1,1.5,28.1,10.3,3.4,2.1,31.5,99.3,0.2,0.0,0.1,98.5,2.1,6.9,32.8,0.7,27.9,12.3,55.0,0.5,1.4,0.7,1.6,50.4,1.51,438.0,23.1,17.5,728.0,3.7,97.4,0.1,98.9,93.8,0.1,0.0,39.1,60.2,0.5,1.3,2.5,3.7,14.8,43.8,37.6,78.3,97.1,30.9,1.4,92.2,6.5,0.3,0.1,33.1,0.1,0.0,66.6,0.1,0.6,0.0,99.6
90010703,rural,1477.0,6.8,7.2,6.8,45.1,50.0,32.2,21.8,2.6,4.9,5.1,5.3,6.6,8.1,8.8,6.9,4.7,5.8,7.0,4.7,2.8,8.2,6.7,33.1,55.9,2.1,8.9,30.0,2.5,96.9,48.7,1.3,27.6,14.7,3.7,2.7,51.3,96.9,0.7,0.0,0.5,98.0,0.3,6.3,46.3,2.0,42.0,4.4,49.2,0.0,0.3,0.3,1.7,49.4,3.03,295.0,22.7,15.7,412.0,3.6,85.1,1.2,91.8,73.7,1.7,0.2,60.3,35.0,1.5,1.2,13.6,3.0,19.6,29.8,47.6,95.3,94.0,45.7,2.0,0.2,97.8,46.2,0.7,75.7,0.0,0.2,23.1,1.0,2.3,1.2,53.1
90010703,urban,44402.0,7.3,8.8,9.4,20.4,29.0,41.7,16.4,3.3,8.4,8.6,7.6,7.6,7.3,6.8,6.4,6.0,4.8,4.2,2.8,1.9,2.1,2.8,34.9,59.2,2.1,3.7,29.1,3.0,97.1,22.9,2.4,29.7,18.4,12.3,8.2,73.9,79.2,6.2,0.1,0.1,97.8,7.4,19.3,51.0,1.8,18.1,7.4,68.9,0.5,0.5,1.4,1.5,48.6,1.9,11527.0,11.0,6.799999999999999,11284.0,3.9,75.6,18.6,98.5,94.7,0.7,0.8,97.4,0.0,0.4,1.4,5.7,17.0,43.1,39.1,0.8,99.4,99.6,72.3,77.1,19.6,3.3,35.8,60.9,99.0,0.5,0.0,0.2,0.2,,0.7,3.3
90010705,rural,3333.0,6.2,6.9,7.5,42.0,44.6,26.8,19.2,2.6,7.2,6.9,5.0,6.5,5.9,6.2,6.4,6.4,6.2,6.1,5.2,4.3,7.1,9.3,33.2,57.1,1.7,7.9,30.6,2.6,97.0,45.7,3.1,30.7,13.4,5.3,3.0,13.5,99.2,0.2,0.0,0.0,98.2,2.2,10.1,43.4,1.7,20.6,13.1,54.1,0.2,0.2,1.7,8.4,49.9,2.33,573.0,22.700000000000003,16.6,914.0,3.6,93.3,1.2,93.5,88.8,0.1,0.0,31.4,65.9,1.4,1.2,5.5,1.9,10.8,34.9,52.4,86.4,92.3,11.8,2.1,2.3,95.6,1.8,0.0,42.2,0.1,1.8,55.4,0.5,1.4,1.2,98.19999999999999
90010707,rural,2053.0,5.5,6.9,10.4,56.1,62.3,24.0,33.1,2.3,7.8,4.1,3.5,4.2,5.2,5.2,6.1,8.3,6.9,6.2,5.0,5.1,9.7,8.2,25.6,63.4,1.6,9.5,30.0,3.2,90.3,63.4,0.0,28.0,6.4,2.2,1.1,30.4,99.4,0.2,0.0,0.0,99.2,1.3,1.0,17.0,0.0,72.2,16.5,9.0,0.0,0.0,0.0,2.4,55.3,2.0,255.0,25.999999999999996,19.799999999999997,618.0,3.3,97.1,0.0,93.5,3.2,0.0,0.0,10.5,87.7,1.6,1.2,2.9,6.1,10.8,18.6,64.4,68.0,93.5,1.3,0.5,0.2,99.4,0.2,0.2,10.8,0.0,0.3,88.2,0.6,3.3,0.2,99.7
90010713,rural,4083.0,5.3,7.3,9.4,49.2,56.4,29.2,43.4,1.7,7.9,6.1,4.4,5.2,5.3,5.6,6.4,6.7,6.5,6.7,5.0,4.8,7.4,9.8,32.2,59.6,1.3,7.0,30.6,3.0,89.3,54.6,0.2,28.8,7.6,4.0,3.0,30.1,98.8,0.2,0.0,0.0,97.6,4.5,11.5,43.9,0.2,24.7,25.1,45.2,1.7,0.0,2.5,0.6,51.5,1.53,526.0,23.9,17.200000000000003,1094.0,3.7,93.1,0.7,98.0,40.0,0.1,0.0,27.5,71.7,0.7,1.2,6.1,4.4,9.6,25.7,60.3,85.9,97.6,15.1,1.0,93.9,5.1,0.1,0.0,32.6,0.3,0.4,66.6,0.1,0.9,0.0,99.89999999999999
90010715,rural,7096.0,7.8,8.5,8.6,39.6,46.0,35.4,11.8,2.1,7.7,7.9,6.3,7.1,6.7,6.4,5.7,6.0,4.7,4.0,3.8,3.5,5.5,7.1,27.4,65.9,1.5,5.2,27.4,3.3,97.6,43.2,1.8,32.9,12.7,3.8,2.8,39.3,98.9,0.4,0.0,0.0,97.0,2.9,7.1,28.8,1.4,9.0,6.1,81.8,0.4,0.4,0.7,0.3,48.5,1.9,1663.0,16.8,12.8,1910.0,3.7,94.9,1.8,94.9,93.1,0.2,0.1,51.2,46.1,2.5,1.3,3.3,6.9,32.6,38.1,22.5,98.0,99.2,15.5,2.7,33.5,63.8,2.7,1.9,83.3,0.1,0.4,15.9,0.4,0.9,0.1,95.5
90010721,rural,2887.0,5.7,7.6,8.2,57.7,62.7,25.9,34.0,0.8,7.9,4.8,3.3,4.8,5.4,5.8,6.9,6.2,5.7,6.7,6.3,5.6,8.9,10.4,26.4,64.3,0.7,8.7,31.4,3.5,96.4,63.4,0.1,21.5,10.0,3.1,2.6,6.4,99.4,0.5,0.0,0.1,99.1,0.9,11.2,52.5,0.5,59.2,16.3,16.5,0.5,1.8,4.9,0.3,53.3,1.58,387.0,27.5,20.799999999999997,881.0,3.3,96.1,0.2,97.8,60.4,0.0,0.0,6.9,92.2,0.8,1.1,3.6,3.1,8.5,20.9,67.5,63.9,92.7,2.6,0.6,15.2,84.2,0.1,0.0,22.9,0.1,0.0,76.8,0.1,0.8,0.1,99.89999999999999
90010723,rural,4854.0,6.2,7.5,8.6,32.8,38.8,34.7,17.4,2.4,7.5,7.7,6.6,6.7,6.4,6.9,6.7,6.6,4.7,5.2,3.8,3.7,5.1,8.0,32.7,58.8,2.0,6.5,30.1,2.8,94.5,36.2,1.6,27.3,19.1,8.0,5.2,40.6,97.0,4.8,0.0,0.1,97.1,4.5,17.1,50.2,1.3,18.8,15.7,63.4,0.0,0.0,0.3,0.6,47.5,1.8,1077.0,17.799999999999997,12.6,1393.0,3.5,92.6,2.9,96.3,45.7,0.9,0.2,72.5,24.6,1.5,1.3,4.5,4.5,17.5,40.6,37.5,96.3,97.8,40.0,36.8,54.9,8.4,12.6,24.5,78.8,0.4,0.3,20.4,0.1,0.9,0.2,63.0
90010725,rural,19561.0,8.4,9.3,8.8,35.6,39.5,40.6,15.8,2.2,7.8,7.7,7.3,7.6,7.5,6.9,5.8,5.5,4.2,4.0,3.0,2.8,3.6,4.6,31.5,62.1,1.4,5.0,28.1,3.2,91.8,39.7,3.2,31.9,15.6,5.3,4.6,45.1,97.6,1.7,0.0,0.0,98.1,5.7,14.5,51.1,1.0,17.3,8.3,70.4,0.3,0.4,1.1,1.2,47.6,2.08,4922.0,13.4,9.4,4899.0,4.0,87.5,8.4,97.0,74.3,1.0,2.6,66.3,28.4,1.4,1.3,4.1,11.6,33.2,31.8,23.5,98.3,98.9,53.4,4.3,84.9,10.8,23.0,20.6,88.9,0.2,1.3,9.4,0.1,0.6,0.3,56.4
90010729,rural,6378.0,6.7,8.8,9.3,51.0,54.9,33.0,26.0,1.1,8.3,5.3,4.8,5.9,6.6,5.5,6.0,6.2,5.0,5.8,4.7,4.4,6.6,7.0,27.6,64.1,0.9,7.3,29.6,3.8,97.0,57.1,1.0,26.3,11.0,4.0,2.8,23.9,99.2,3.1,0.0,0.0,99.2,2.7,10.4,57.4,0.2,47.7,10.8,36.8,1.8,0.3,1.5,1.0,50.7,2.22,1170.0,21.5,15.700000000000001,1695.0,3.8,95.8,0.7,97.8,87.4,0.1,0.0,12.0,86.7,1.0,1.2,3.5,6.3,13.6,26.8,53.3,67.0,94.0,18.1,2.1,21.6,76.3,0.7,0.1,31.2,0.0,0.0,68.7,0.1,0.9,0.2,99.30000000000001
91630101,rural,35042.0,8.9,10.5,10.3,32.9,41.0,49.6,8.2,3.9,9.0,7.7,7.2,7.9,7.7,7.6,6.1,5.0,3.5,3.0,1.9,1.5,2.1,3.0,31.8,62.1,2.5,3.6,27.4,3.0,97.6,37.5,1.9,31.1,15.6,6.3,4.1,80.1,81.0,3.7,0.1,0.0,98.8,1.4,14.2,58.9,1.8,12.4,2.2,81.8,0.3,0.2,0.7,0.6,47.6,2.44,11197.0,8.5,5.5,9284.0,3.8,69.2,17.6,95.7,96.1,0.5,0.1,86.2,4.7,7.3,1.5,13.2,15.2,43.5,28.2,13.1,97.0,99.1,30.6,1.9,82.9,15.1,2.0,27.8,98.4,0.5,0.1,1.0,0.0,0.5,1.1,70.2
91630101,urban,78163.0,9.3,10.5,10.3,30.9,39.8,59.6,13.4,7.2,8.8,8.9,8.3,8.6,8.3,8.0,6.3,4.6,2.8,2.3,1.3,0.9,0.9,4.3,33.9,58.3,4.5,3.2,27.6,2.9,94.2,35.2,2.2,29.0,16.8,7.9,4.2,88.4,21.8,16.5,0.2,0.1,92.1,1.3,12.7,53.1,0.6,10.6,2.6,84.2,0.4,0.4,0.6,0.6,48.4,2.25,28185.0,5.4,3.1,21308.0,3.7,51.7,44.9,98.4,99.7,0.1,0.4,97.1,0.1,0.8,1.7,3.4,23.1,63.9,12.5,0.5,94.0,99.7,24.5,8.2,42.1,49.6,38.5,21.1,99.6,0.2,0.0,0.1,0.1,,1.4,40.4
91630103,urban,6007.0,6.8,9.4,9.5,27.6,37.9,42.7,18.6,2.5,7.9,7.1,6.2,7.5,6.6,7.2,6.6,6.4,5.3,4.4,3.2,2.3,3.8,5.2,34.2,58.5,1.6,5.7,29.4,2.2,98.3,31.0,2.0,24.5,13.4,9.6,12.6,54.3,94.1,2.1,0.0,0.1,99.9,4.8,30.8,70.8,0.9,21.5,28.1,45.0,0.8,0.8,2.3,0.8,49.8,1.7,1549.0,13.7,9.3,1611.0,3.7,54.1,37.1,99.0,98.9,0.4,1.3,96.3,0.4,1.4,1.3,8.8,8.2,40.4,48.7,2.7,96.4,99.5,48.7,80.6,4.4,15.0,97.9,1.2,99.4,0.0,0.0,0.3,0.3,,0.2,0.8999999999999999
91630111,urban,50445.0,7.9,9.7,10.3,20.5,29.7,48.3,14.3,5.8,8.6,7.6,7.2,7.7,8.0,7.6,7.0,5.8,4.0,3.3,2.0,1.5,1.9,2.5,32.8,59.6,3.8,3.7,28.0,2.5,95.9,23.3,2.6,27.0,18.1,11.9,10.8,88.2,63.4,6.9,0.2,0.9,99.4,3.1,22.4,62.6,3.3,15.4,15.5,62.3,1.0,0.3,1.2,1.0,50.2,1.84,15057.0,8.7,5.4,13774.0,3.7,52.0,42.9,99.3,99.6,0.1,5.7,92.8,0.1,0.9,1.3,5.0,25.4,41.6,32.7,0.3,94.8,99.3,61.2,78.8,19.1,2.2,95.0,3.9,99.8,0.1,0.0,0.0,0.0,,0.4,1.1
91630127,rural,60493.0,8.9,10.4,10.8,27.6,34.4,48.5,16.3,3.6,8.7,7.7,7.0,7.6,7.7,7.7,6.4,5.2,3.5,3.1,2.0,1.5,1.9,3.4,32.5,60.6,2.5,4.3,27.7,3.0,96.8,31.6,3.3,31.6,17.7,7.6,5.5,87.0,66.7,1.4,0.2,0.2,98.3,2.6,14.4,52.0,0.9,16.4,4.3,74.2,0.2,0.6,0.8,2.6,48.3,2.15,17188.0,8.5,5.4,15964.0,3.8,66.4,21.7,97.0,95.1,1.0,0.3,89.2,2.9,5.9,1.5,11.9,22.3,46.4,21.9,9.5,96.3,99.2,33.5,0.6,7.8,91.6,13.9,61.0,99.3,0.1,0.0,0.1,0.4,0.4,0.7,25.099999999999998
91630127,urban,11717.0,9.4,10.5,10.9,18.3,26.6,46.5,14.8,4.2,8.3,7.7,7.9,8.4,8.1,7.3,6.0,5.0,3.3,2.9,1.7,1.2,1.5,2.6,31.0,62.8,3.1,3.0,27.7,3.1,96.1,20.8,2.6,26.9,17.9,14.5,11.5,94.8,49.7,6.5,0.1,0.4,98.6,2.4,24.1,60.4,6.0,20.4,15.3,52.5,1.5,0.2,0.6,3.3,49.3,2.14,3211.0,7.3,4.4,3008.0,3.9,49.8,44.8,99.0,99.4,0.2,3.6,95.4,0.0,0.6,1.4,5.4,38.6,55.7,5.7,0.0,95.7,99.7,56.6,2.1,24.9,73.1,58.1,36.7,99.2,0.3,0.0,0.1,0.3,,0.2,5.199999999999999
91630305,rural,3165.0,5.3,7.2,8.1,44.3,54.1,30.6,37.7,2.5,6.2,5.1,4.2,5.2,6.2,5.8,6.5,8.0,6.8,6.5,5.2,5.0,8.8,5.9,32.7,55.4,1.9,10.0,29.4,2.1,96.4,48.5,0.5,27.9,10.4,3.7,3.4,55.0,98.8,0.4,0.0,0.1,99.4,0.5,13.1,54.5,1.0,40.3,18.6,37.8,1.7,0.0,0.4,0.2,54.1,2.14,479.0,25.5,19.0,970.0,3.3,91.2,0.5,97.0,83.5,0.3,0.0,86.6,9.0,4.0,1.3,8.3,7.2,12.9,28.9,51.0,92.6,98.0,8.7,0.2,0.1,99.7,0.2,0.1,53.8,0.0,0.4,45.7,0.1,1.3,0.1,99.69999999999999
91630307,rural,4951.0,6.1,8.0,8.9,50.1,60.8,28.0,16.1,2.6,8.2,3.9,4.0,4.9,6.0,5.9,6.2,7.1,6.2,5.9,4.8,4.4,9.3,8.5,26.7,60.7,1.8,10.7,30.0,2.7,96.1,55.8,0.3,25.5,7.7,3.9,1.9,17.0,99.7,0.4,0.0,0.1,95.8,4.9,5.1,24.0,0.8,21.8,7.9,67.9,0.4,0.1,0.6,0.4,52.6,2.16,895.0,24.4,18.5,1455.0,3.4,96.5,0.1,96.2,61.8,0.0,0.0,53.7,45.5,0.6,1.2,3.4,5.4,22.7,46.9,25.1,87.8,96.3,2.1,0.0,1.3,98.7,0.0,0.1,74.2,0.1,0.4,25.1,0.1,0.9,0.3,99.9
91630309,rural,2866.0,3.2,4.7,6.5,52.9,58.1,21.5,25.8,3.3,6.1,4.3,3.3,4.1,4.0,5.1,6.7,8.0,8.0,8.3,8.5,7.0,12.0,12.1,25.1,59.9,2.7,12.3,30.6,2.5,98.4,56.8,0.2,26.1,7.7,4.5,3.3,40.0,99.5,0.1,0.0,0.0,99.0,0.9,12.4,45.3,0.5,31.2,27.9,39.1,0.5,0.0,0.5,0.3,57.7,2.18,391.0,35.8,27.5,1050.0,2.7,93.6,1.0,97.4,47.0,0.0,0.0,50.1,47.1,2.7,0.8,5.4,5.4,10.0,29.8,54.8,84.7,96.0,26.8,0.0,0.4,99.6,1.1,0.6,60.8,0.0,0.5,38.4,0.4,1.1,0.1,98.3
91630313,rural,1858.0,5.4,6.1,8.2,48.1,58.2,25.5,43.2,2.1,6.6,4.5,3.4,4.7,4.7,5.5,6.6,8.8,6.5,7.3,6.3,5.8,9.8,11.2,28.1,59.5,1.9,10.6,32.7,2.6,91.6,52.8,0.1,28.3,8.3,2.8,2.3,24.2,99.4,0.2,0.1,0.1,99.3,0.6,8.2,54.4,0.5,36.1,25.0,29.2,0.9,0.0,2.8,5.6,55.2,2.53,216.0,29.2,21.9,630.0,2.9,93.8,0.0,94.6,6.7,0.0,0.0,75.8,21.3,2.9,1.3,6.2,5.9,17.0,30.7,46.3,66.1,71.0,3.2,0.0,2.7,97.3,0.0,0.0,23.4,0.3,0.2,75.6,0.5,1.4,0.0,100.0
91630315,rural,2020.0,4.3,5.5,6.2,38.2,48.8,30.7,36.9,4.9,5.3,3.6,5.2,5.7,5.0,6.9,6.2,7.1,8.0,7.4,6.9,6.1,10.5,7.2,30.1,52.4,4.2,13.4,31.0,2.2,95.9,40.9,0.5,26.9,11.6,6.0,6.2,49.0,97.9,0.7,0.0,0.1,99.0,6.0,16.7,52.2,1.5,36.2,37.7,15.5,0.0,0.3,6.4,2.4,54.5,0.59,329.0,30.9,23.5,787.0,2.6,74.3,4.1,98.0,93.5,0.3,0.0,53.8,39.6,5.5,1.0,21.6,7.0,12.8,27.1,53.1,86.7,93.2,19.5,4.5,0.4,95.1,14.0,0.1,71.9,0.1,0.1,27.7,0.1,0.1,0.9,85.80000000000001
91630325,rural,6577.0,5.6,7.9,9.2,49.7,57.7,26.2,24.1,2.9,8.0,4.8,3.8,5.0,5.4,6.3,6.5,6.5,6.7,5.7,5.2,4.7,8.7,9.8,27.3,63.4,1.9,7.4,30.7,2.7,95.7,55.5,0.6,25.6,8.9,4.0,3.1,14.1,99.0,0.6,0.0,0.1,99.3,0.9,11.3,48.9,0.5,24.3,15.6,57.9,0.3,0.3,0.9,0.3,52.6,2.01,1009.0,24.3,18.6,1834.0,3.6,94.9,2.9,97.2,44.9,0.3,0.0,46.4,52.9,0.4,1.2,2.2,4.8,13.5,36.5,45.2,94.6,98.5,18.0,7.1,1.8,91.1,5.3,0.3,77.6,0.1,0.9,21.3,0.2,1.3,0.0,94.4
91630333,rural,1946.0,3.1,3.5,5.7,42.8,56.6,24.7,33.1,3.8,6.4,4.8,3.3,4.0,4.2,4.3,6.8,8.5,9.1,8.4,9.0,7.3,11.7,7.6,30.1,52.1,3.2,14.6,29.4,1.6,92.9,45.5,0.5,22.0,8.9,5.8,6.1,55.4,98.4,0.4,0.1,0.0,99.1,1.6,25.5,56.7,2.8,34.2,26.7,30.6,0.4,0.0,5.3,0.0,57.5,1.21,281.0,36.4,28.0,766.0,2.5,86.3,4.3,97.5,77.6,0.3,0.0,64.8,31.5,3.4,0.7,9.4,9.4,14.0,30.9,45.7,87.6,96.1,52.4,5.9,1.0,93.1,0.4,0.1,42.5,0.1,0.3,56.8,0.3,0.8,0.0,99.5
91630335,rural,3308.0,4.1,6.0,6.9,57.6,66.7,17.5,24.1,2.8,7.2,4.5,3.9,4.6,4.3,5.4,7.7,7.1,6.7,7.4,7.0,6.7,10.4,12.8,27.8,60.1,2.3,9.8,32.4,2.3,89.0,62.2,0.0,22.2,6.4,3.1,1.6,14.8,99.1,0.5,0.0,0.0,99.3,0.8,8.4,55.3,0.8,29.3,17.3,38.6,1.4,0.3,0.8,11.5,56.8,1.22,365.0,31.5,24.1,1083.0,3.1,98.1,0.5,96.3,33.4,0.3,0.0,37.0,61.8,0.9,1.1,1.5,3.2,13.9,41.9,40.9,76.4,90.2,5.1,0.1,0.6,99.4,0.0,0.1,58.0,0.0,0.1,41.8,0.1,2.0,0.0,99.9
91630337,rural,4030.0,4.2,6.8,9.0,48.4,53.5,25.6,36.5,2.8,6.9,5.5,3.5,4.0,4.9,5.9,6.9,7.5,6.9,7.2,5.8,5.5,9.4,11.3,29.4,59.2,1.8,9.7,31.3,2.3,96.9,53.7,0.4,28.9,8.9,4.7,3.6,24.9,99.3,0.6,0.0,0.0,99.4,1.9,17.4,55.1,0.2,22.7,12.8,60.9,0.2,0.6,1.0,1.7,54.4,1.3,524.0,27.9,20.700000000000003,1260.0,3.2,94.7,0.2,95.9,86.2,0.0,0.0,33.7,64.8,1.1,1.4,5.1,9.3,14.4,42.2,34.0,77.6,90.1,4.6,0.0,1.0,99.0,0.0,0.4,37.9,0.0,0.1,62.1,0.0,0.6,0.4,99.60000000000001
91630339,rural,1082.0,4.8,4.2,5.2,46.4,65.1,25.0,51.7,2.6,5.3,4.0,4.1,4.3,5.6,5.5,5.8,8.5,7.9,7.3,7.1,6.7,13.8,8.4,30.6,54.0,2.4,13.0,31.8,1.3,96.9,48.8,0.3,18.4,6.3,6.1,3.9,1.3,98.8,0.2,0.1,0.0,98.5,1.1,18.9,47.0,0.0,29.5,42.9,26.8,0.0,0.0,0.0,0.9,55.6,1.42,112.0,34.9,27.6,417.0,2.6,94.9,0.0,96.4,81.8,0.0,0.0,30.1,67.0,2.7,1.1,5.1,3.9,8.5,43.7,43.9,79.6,95.6,0.2,0.0,1.9,98.1,0.0,0.0,56.6,0.0,0.0,43.4,0.0,0.8,0.2,100.0
91630503,rural,8603.0,5.8,8.2,9.8,40.8,46.1,28.5,26.6,3.5,8.1,5.2,4.1,4.7,5.5,6.6,7.6,7.1,6.6,5.5,4.0,4.3,6.9,6.9,26.7,61.4,2.5,9.4,29.4,2.6,95.5,45.9,2.1,28.9,13.9,4.7,4.4,10.8,98.7,1.0,0.0,0.0,93.5,9.2,9.3,47.7,1.0,24.3,12.2,57.8,0.6,0.9,0.6,2.5,52.3,1.86,1373.0,20.700000000000003,15.200000000000001,2523.0,3.4,94.9,2.2,97.0,97.8,0.1,0.1,40.3,58.5,0.6,1.2,2.9,7.9,18.7,38.8,34.6,98.2,99.0,13.5,1.1,10.8,88.1,1.3,0.4,95.0,0.2,0.0,4.7,0.2,0.3,0.4,98.30000000000001
91630511,rural,23014.0,8.0,10.1,10.1,32.0,39.7,43.3,12.2,2.8,8.2,6.9,5.7,6.7,7.7,7.6,6.6,5.8,4.6,4.0,2.6,2.1,3.5,4.0,30.7,61.6,1.9,5.8,28.5,2.6,95.8,36.2,3.0,29.7,15.7,6.9,5.0,47.7,89.1,4.6,0.0,0.6,98.0,8.9,12.4,46.2,1.0,14.9,6.7,75.2,0.7,0.0,0.7,0.8,48.1,2.12,6275.0,12.2,8.2,6286.0,3.7,76.6,14.4,97.9,96.1,0.3,0.9,75.1,17.9,5.4,1.4,8.9,17.6,37.2,32.0,13.2,98.1,99.5,37.0,0.7,17.2,82.0,36.6,17.4,97.3,0.3,0.1,2.4,0.0,0.5,0.4,46.0
91630511,urban,13492.0,8.9,10.4,10.5,22.7,30.2,50.7,14.8,4.6,8.2,7.7,8.0,8.0,8.0,7.6,6.2,5.3,3.6,2.6,1.6,1.3,2.1,3.4,32.2,61.2,2.8,3.9,28.1,2.6,98.4,26.0,4.2,29.1,18.3,9.7,8.5,84.1,78.9,3.7,0.3,0.2,96.3,1.6,21.7,69.6,3.7,14.3,9.4,69.3,0.3,0.0,1.2,1.8,48.6,2.22,4087.0,7.6,5.0,3649.0,3.7,40.0,53.3,99.6,98.3,0.0,1.6,93.2,1.2,3.2,1.5,6.7,39.7,40.9,18.2,1.3,94.4,99.5,57.9,1.5,12.9,85.6,96.0,3.0,99.6,0.3,0.1,0.0,0.0,,0.8,1.0
91630519,rural,42667.0,8.4,10.1,9.6,28.0,35.5,51.0,11.1,4.6,8.0,8.1,7.8,8.1,7.9,7.7,6.1,5.4,3.8,2.9,2.0,1.7,2.4,3.7,33.6,59.3,3.0,4.2,27.5,2.6,96.5,31.5,2.8,30.5,16.7,8.9,5.7,79.5,70.5,4.9,0.2,0.2,97.2,1.4,16.5,57.4,1.8,13.3,3.9,79.3,0.4,0.2,0.6,0.5,46.7,2.53,13898.0,9.0,6.1,11959.0,3.6,61.5,24.4,96.2,92.5,0.3,1.1,86.6,2.7,8.9,1.4,14.1,24.3,36.9,27.5,11.3,92.5,98.4,39.8,0.6,7.5,91.9,21.5,50.9,99.2,0.2,0.1,0.5,0.1,0.4,0.4,27.599999999999998
91630521,rural,6422.0,6.4,7.8,8.6,35.5,39.6,34.0,20.7,4.2,7.4,6.0,4.8,5.6,6.5,6.9,6.8,7.0,6.3,6.6,4.3,3.4,5.6,4.9,31.8,58.8,2.7,6.7,31.7,2.5,98.4,39.3,3.4,27.3,17.0,6.6,6.1,38.8,93.4,0.3,0.0,2.2,99.2,1.0,21.1,68.9,0.8,29.7,5.9,56.6,0.9,0.3,0.5,5.3,50.2,2.05,1335.0,19.9,13.299999999999999,1796.0,3.6,93.1,1.6,97.8,96.0,0.3,0.1,65.2,32.6,1.7,1.1,5.2,5.2,13.8,54.8,26.1,97.5,98.8,43.2,0.9,13.7,85.4,21.3,37.7,92.9,0.1,0.6,6.2,0.3,0.7,0.2,41.0
91630521,urban,11432.0,6.1,8.3,9.3,22.6,29.4,39.1,25.9,4.3,8.9,6.8,5.6,6.1,6.3,7.5,7.7,6.1,5.6,4.7,3.6,2.7,4.7,4.2,34.1,56.3,2.6,7.0,30.6,2.8,97.8,25.3,2.7,27.6,18.6,11.9,9.9,75.7,94.2,0.8,0.0,0.3,98.7,8.3,21.7,67.2,2.4,22.4,16.9,54.0,0.2,0.9,2.7,0.4,50.5,1.49,2527.0,15.7,11.0,3198.0,3.6,74.0,21.0,99.7,99.2,0.1,3.1,94.3,2.3,0.2,1.3,4.9,6.9,41.7,49.7,1.7,98.8,100.0,66.1,2.1,0.5,97.4,87.6,12.3,99.5,0.2,0.0,0.2,0.2,,0.0,0.1
91630531,rural,9939.0,6.0,8.0,8.7,23.9,31.0,42.2,16.7,2.4,8.2,7.1,6.1,6.3,6.9,7.6,6.8,6.7,5.8,4.6,3.9,2.9,4.4,4.6,36.0,55.9,1.5,6.6,30.9,2.3,98.1,26.5,2.4,28.2,19.2,11.1,8.1,28.7,90.4,10.6,0.0,0.5,99.1,1.3,23.6,59.3,1.1,27.3,10.3,54.8,5.6,0.6,0.4,0.0,48.1,1.28,2697.0,15.8,11.2,2748.0,3.6,81.5,5.4,96.6,90.1,0.3,0.3,80.6,11.1,7.6,1.2,13.0,15.0,22.0,42.6,20.4,99.3,99.5,64.8,0.7,2.5,96.8,86.8,7.8,98.5,0.0,0.0,1.5,0.0,0.6,0.0,5.4
91630717,rural,10312.0,7.3,8.6,8.9,40.2,46.9,35.6,37.6,2.9,7.7,5.6,4.7,5.6,6.5,7.0,7.2,6.6,5.6,5.1,4.0,3.6,6.0,8.5,31.4,59.3,2.1,7.2,29.6,2.2,99.0,44.9,1.5,32.0,10.8,4.5,4.2,45.0,98.7,0.9,0.1,0.1,99.2,0.9,11.6,47.5,0.6,32.4,7.5,56.3,0.8,0.0,0.9,1.6,49.5,2.72,1722.0,18.7,13.6,2783.0,3.7,91.6,0.9,95.2,97.5,0.1,0.0,68.2,31.1,0.5,1.3,7.5,7.3,19.4,35.9,37.5,96.7,98.9,19.7,0.2,85.9,13.9,0.0,0.0,87.1,0.2,0.4,12.2,0.2,0.8,0.0,100.0
91630723,rural,83330.0,8.8,10.5,10.8,29.8,37.8,46.3,16.0,4.5,9.0,7.5,6.7,7.3,7.4,7.5,6.5,5.4,3.9,3.2,2.0,1.6,1.9,3.4,31.0,61.7,3.0,4.2,27.0,2.9,96.6,34.2,2.3,30.8,16.9,7.0,5.2,78.1,75.0,6.3,0.1,0.9,99.2,1.8,15.2,52.9,2.0,18.3,5.5,70.6,0.7,0.4,1.5,0.9,49.0,2.14,22649.0,8.700000000000001,5.5,21290.0,3.9,72.6,17.7,95.6,97.4,0.5,1.3,88.2,5.3,3.9,1.6,9.8,21.6,45.7,25.2,7.6,97.0,99.3,33.9,3.0,59.8,37.3,17.8,41.6,98.7,0.2,0.1,0.8,0.1,0.5,0.9,40.599999999999994
91630729,rural,8335.0,6.4,8.7,8.3,45.2,50.1,34.5,25.6,3.1,7.6,5.7,4.4,5.8,6.6,7.2,7.1,6.7,6.0,4.8,4.2,4.1,6.3,7.2,33.2,56.1,2.0,8.7,30.6,2.3,97.4,49.9,2.2,26.4,11.3,5.5,4.5,18.7,99.3,0.5,0.0,0.0,96.5,17.3,11.1,45.2,0.6,13.8,8.3,75.2,0.2,0.1,0.7,1.1,50.8,1.91,1635.0,19.4,14.600000000000001,2294.0,3.6,94.3,0.3,95.9,97.2,0.2,0.0,68.9,28.8,1.8,1.4,5.4,5.4,16.4,49.7,28.5,96.9,98.3,4.3,0.8,56.3,42.9,0.3,0.0,92.0,0.1,0.0,7.6,0.2,0.3,0.3,99.8
92730105,urban,210480.0,7.4,9.4,9.8,19.1,27.0,44.3,19.4,4.7,8.5,8.0,7.2,7.6,7.5,7.5,6.5,5.7,4.4,4.0,2.5,1.9,2.2,3.6,34.6,58.1,3.1,4.1,29.3,2.8,97.2,21.5,3.0,26.6,18.8,13.0,11.7,90.7,65.9,2.5,0.2,0.7,99.1,3.0,24.8,64.7,2.6,25.5,12.5,53.3,0.7,1.0,2.3,2.0,50.0,1.81,55148.0,10.600000000000001,6.6000000000000005,53781.0,3.9,56.7,35.4,99.5,98.5,1.0,7.1,90.1,0.1,0.6,1.4,7.9,20.2,38.0,40.7,1.2,97.5,99.6,60.3,98.2,1.2,0.6,41.5,58.0,99.6,0.3,0.0,0.0,0.1,,1.1,0.5
92730113,urban,110712.0,6.8,8.8,9.1,14.4,22.0,44.9,21.6,5.7,7.7,7.3,6.9,7.6,7.8,7.9,6.8,6.2,5.1,4.5,3.0,2.0,2.6,3.7,34.9,56.6,3.9,4.6,29.7,2.4,98.0,16.1,3.0,23.4,18.9,18.4,14.3,93.9,61.1,3.2,0.3,0.3,99.5,3.1,31.4,74.0,2.5,20.6,22.9,48.4,0.6,0.4,2.3,2.2,50.4,1.62,29406.0,12.1,7.6,30582.0,3.6,53.0,38.8,99.7,99.2,0.7,26.0,71.7,0.0,0.8,1.3,8.2,19.9,22.8,51.8,5.5,97.0,99.8,80.4,99.6,0.3,0.1,44.9,54.6,99.7,0.2,0.0,0.0,0.1,,0.7,0.5
92730115,urban,137003.0,6.9,8.7,9.3,22.4,29.2,45.3,23.2,5.3,8.3,8.0,7.0,7.4,7.3,7.3,6.5,6.0,4.7,4.7,3.1,2.4,2.6,4.4,36.0,55.2,3.8,5.0,29.7,2.7,97.9,25.0,2.7,26.7,19.1,13.8,8.5,95.2,49.4,1.7,0.4,0.2,99.6,1.2,22.8,62.0,2.3,35.9,9.0,46.8,1.1,0.5,2.4,2.0,49.7,1.56,35790.0,12.8,8.1,34902.0,3.9,54.3,35.7,99.1,98.7,1.6,2.9,94.3,0.1,0.6,1.4,10.0,19.0,26.9,51.0,3.1,97.5,99.7,57.4,99.2,0.5,0.2,54.1,45.5,99.6,0.2,0.0,0.0,0.1,,0.6,0.4
92730117,urban,101350.0,8.0,9.8,10.2,26.7,33.7,47.2,20.2,6.2,8.9,8.1,7.4,7.6,7.5,7.3,6.4,5.6,4.1,3.7,2.2,1.5,1.6,4.0,33.2,58.6,4.1,4.1,28.5,2.8,96.8,30.3,2.8,28.5,17.8,10.6,6.5,94.7,42.8,2.6,0.1,0.5,98.4,2.3,17.4,54.5,1.5,25.4,7.7,57.5,0.8,0.9,2.8,3.3,50.0,1.87,27474.0,9.0,5.300000000000001,25615.0,4.0,57.2,32.5,99.0,99.1,0.2,2.7,94.6,0.1,0.9,1.5,10.3,25.0,52.5,21.7,0.8,97.9,99.5,36.7,53.5,28.3,18.2,21.8,76.4,99.7,0.1,0.1,0.1,0.1,,1.4,1.7999999999999998
92730519,rural,15697.0,7.0,9.1,9.5,30.5,34.3,38.8,22.0,5.4,8.6,6.8,5.7,6.7,6.6,7.2,7.2,6.4,4.9,4.8,3.4,2.4,3.7,4.9,31.4,59.7,3.7,5.2,29.1,2.7,96.8,34.2,3.0,28.1,16.9,9.3,8.4,94.5,24.9,0.8,0.0,3.2,99.8,2.1,16.0,55.4,2.0,16.0,12.7,65.2,0.1,0.8,2.3,0.9,50.7,2.12,3537.0,14.3,9.5,3982.0,3.9,83.2,5.2,95.5,97.1,0.0,0.0,88.2,10.3,1.0,1.4,11.5,16.2,37.9,31.6,14.3,97.3,98.4,49.8,1.8,93.6,4.6,65.4,3.3,96.7,0.1,0.0,3.0,0.1,0.4,0.5,31.299999999999997
92730527,rural,15525.0,7.5,9.5,10.4,26.8,33.8,43.0,19.7,3.5,9.0,7.6,6.9,7.0,7.1,7.1,6.7,6.1,4.3,3.9,2.5,1.9,2.3,5.5,32.1,61.4,2.8,3.7,29.1,2.9,95.3,30.4,3.4,28.5,19.7,8.1,6.6,84.6,84.1,1.8,0.1,0.3,98.9,5.5,15.3,56.0,1.2,24.5,6.7,60.6,0.6,1.3,2.1,2.9,48.3,1.74,3887.0,10.600000000000001,6.7,3828.0,4.1,78.9,14.1,98.0,77.4,0.6,0.2,93.7,3.8,0.5,1.5,6.9,9.4,42.4,37.6,10.5,97.8,99.3,39.6,20.5,78.7,0.8,83.2,15.3,98.6,0.2,0.0,1.1,0.1,0.6,1.2,1.6
92730527,urban,37096.0,7.7,10.0,10.7,25.8,33.2,42.2,21.3,3.4,9.0,8.3,6.8,7.2,7.2,7.1,6.3,5.7,4.2,4.0,2.3,1.7,2.0,3.6,33.2,60.7,2.1,4.0,28.8,3.2,96.8,29.4,2.1,29.5,17.5,10.4,7.2,87.9,81.6,2.5,0.0,0.1,99.4,1.7,17.0,55.1,1.9,29.7,7.9,55.0,0.8,1.0,1.5,2.2,49.5,1.81,8819.0,10.0,6.0,8861.0,4.2,68.0,21.3,98.1,99.7,0.4,0.6,98.6,0.1,0.2,1.5,10.8,36.7,44.9,17.7,0.7,99.1,99.6,59.3,53.8,28.5,17.7,76.7,22.4,99.7,0.2,0.0,0.0,0.1,,0.2,0.7999999999999999
95410101,urban,17289.0,7.2,8.9,10.3,21.8,28.4,41.4,25.4,3.6,9.4,8.1,6.9,7.2,7.2,7.3,6.4,5.8,4.7,3.7,2.9,1.8,2.2,4.6,34.2,59.9,2.3,3.6,29.0,3.0,97.5,24.8,1.9,27.9,20.4,11.7,9.8,94.6,48.0,3.4,0.1,0.9,99.6,3.7,23.7,57.9,1.8,17.9,15.8,58.9,1.1,1.2,1.6,1.6,50.2,1.34,3929.0,10.600000000000001,6.9,4145.0,4.2,62.4,25.6,99.1,98.2,0.4,0.2,98.3,0.8,0.3,1.4,11.9,23.8,62.4,13.7,0.1,99.1,99.4,61.0,87.3,11.3,1.4,85.0,13.6,99.2,0.0,0.0,0.8,0.0,,0.0,1.5
95410102,urban,19532.0,8.1,9.5,10.5,31.4,37.9,35.3,12.2,2.6,8.9,6.2,6.3,6.9,7.0,7.1,6.3,5.6,4.4,3.8,3.2,2.6,3.6,5.3,30.9,62.8,1.5,4.7,28.5,2.8,93.7,35.8,1.8,31.6,16.0,5.9,6.9,70.6,95.2,0.4,0.0,0.2,98.4,3.4,17.4,47.3,4.3,26.5,16.2,43.3,0.9,0.9,3.6,4.3,50.3,2.67,4346.0,13.2,9.4,4605.0,4.2,80.3,11.8,96.4,94.3,0.2,2.2,89.3,7.1,1.1,1.4,7.9,44.0,31.2,20.0,4.9,99.0,99.7,45.6,4.2,79.8,15.9,28.5,46.1,93.7,0.0,3.6,2.5,0.2,,0.1,25.5
95410103,urban,13743.0,7.2,9.4,10.4,23.9,29.5,42.5,24.1,6.5,9.0,7.4,6.5,6.8,7.2,7.6,6.1,5.7,4.9,4.3,2.8,2.1,2.6,6.0,31.5,60.2,3.9,4.4,27.9,2.9,96.7,27.2,3.1,27.6,19.1,10.6,10.1,97.8,22.4,0.4,0.1,0.5,99.9,2.5,21.2,58.1,2.1,15.5,15.7,62.2,0.5,0.5,2.1,1.3,50.6,1.2,3228.0,11.799999999999999,7.5,3292.0,4.2,70.1,20.1,98.6,97.1,0.3,0.2,98.6,0.3,0.1,1.4,9.9,16.9,50.8,31.3,1.0,98.0,99.3,77.3,51.8,47.4,0.8,95.1,3.4,93.6,0.0,0.3,6.1,0.0,,0.5,1.5
95410105,urban,4121.0,5.9,7.8,8.6,29.4,37.0,40.3,25.8,2.8,7.3,6.3,6.8,7.6,7.2,7.0,7.1,6.4,4.6,5.0,3.8,3.3,5.2,5.9,39.1,53.5,1.8,5.6,31.3,2.4,95.7,32.5,1.1,26.2,18.0,8.0,9.8,49.2,94.0,0.8,0.0,0.2,98.2,11.5,18.6,56.9,2.6,15.2,24.5,54.9,0.3,0.2,1.4,1.0,48.7,1.83,957.0,17.3,12.3,1310.0,3.1,68.4,23.1,97.9,80.4,0.4,0.8,92.9,3.3,2.5,1.2,8.6,6.0,33.0,55.4,5.7,93.5,92.3,17.5,4.0,69.4,26.5,15.7,26.8,99.2,0.4,0.1,0.2,0.1,,0.2,57.5
95410107,urban,30274.0,7.8,9.9,10.9,27.5,34.5,37.9,13.9,3.1,9.2,7.5,6.7,7.2,6.9,7.1,6.2,5.7,4.1,3.7,2.6,2.1,2.4,3.5,31.0,63.7,2.0,3.3,27.7,3.4,96.4,31.5,1.4,31.0,17.1,8.2,7.9,89.0,67.9,3.5,0.0,0.4,98.1,5.3,16.1,52.9,2.7,22.4,15.0,45.8,1.9,1.1,2.0,9.2,49.7,1.89,7056.0,10.8,7.1,7068.0,4.3,70.2,20.5,98.6,99.1,0.1,1.2,97.9,0.1,0.5,1.4,9.3,49.7,37.6,12.3,0.4,99.3,99.7,62.9,54.5,36.2,9.3,49.7,42.0,98.4,1.0,0.3,0.2,0.0,,0.1,8.3
95410109,urban,100172.0,7.3,9.4,10.3,23.3,31.1,41.8,22.0,5.0,8.9,7.7,6.7,7.0,7.1,7.2,6.6,5.9,4.5,4.2,2.7,2.0,2.4,4.6,33.3,58.9,3.3,4.5,28.8,2.8,96.6,26.5,1.8,27.7,18.0,11.3,10.0,97.3,31.2,2.0,0.1,0.2,99.6,2.0,21.4,57.2,3.0,27.1,13.8,46.7,1.1,1.1,3.2,4.1,49.9,1.85,23842.0,11.3,7.1,24494.0,4.1,63.9,27.0,98.9,98.2,0.9,0.7,97.9,0.1,0.2,1.4,9.1,23.9,37.5,37.0,1.6,98.0,99.7,66.4,94.4,1.7,3.9,21.4,77.5,99.7,0.1,0.0,0.1,0.1,,0.1,1.0
95410111,urban,6969.0,8.2,9.5,10.3,22.6,29.3,36.7,9.3,1.9,8.8,6.6,6.2,6.5,7.0,6.8,6.3,5.9,5.3,3.6,2.8,2.5,3.9,3.1,33.0,60.4,1.5,5.1,28.2,2.9,98.6,25.5,2.2,30.0,18.3,9.0,11.2,59.7,94.4,0.7,0.0,0.1,99.4,6.3,18.7,56.8,2.7,22.4,26.6,42.6,1.4,0.6,1.4,2.3,51.7,2.05,1670.0,12.8,9.2,1753.0,4.0,68.0,20.1,98.3,97.1,0.1,0.1,90.5,8.6,0.5,1.3,11.8,11.7,37.1,43.0,8.2,97.7,98.9,51.9,4.4,3.5,92.1,96.0,2.1,99.5,0.0,0.0,0.4,0.1,,0.2,1.9
95410113,urban,82817.0,6.1,8.0,9.4,18.7,25.4,42.3,24.7,5.0,8.6,7.2,6.6,7.0,6.7,7.0,6.8,6.7,5.4,5.1,3.5,2.5,3.3,5.0,35.7,55.1,3.6,5.6,29.8,2.6,97.7,20.9,2.4,25.8,19.1,15.1,12.3,95.6,47.0,2.1,0.1,0.1,99.6,3.4,25.2,61.8,2.4,24.3,22.2,41.6,1.2,1.0,3.2,4.1,51.1,1.68,20175.0,14.399999999999999,9.3,21821.0,3.8,63.7,28.1,99.1,98.8,0.8,5.7,92.0,0.3,1.0,1.3,8.2,18.6,36.5,41.2,3.7,98.4,99.5,72.5,93.2,5.8,0.9,39.3,57.9,99.2,0.3,0.1,0.3,0.1,,0.1,2.8
95410301,rural,3038.0,4.1,7.2,8.7,52.2,54.6,20.7,41.7,2.5,5.6,4.4,4.4,4.2,4.7,5.9,6.4,7.2,7.0,7.0,6.6,5.7,11.0,9.7,31.4,54.0,2.0,12.6,34.5,2.3,98.0,57.8,1.0,31.6,7.3,2.6,3.0,33.0,99.2,0.1,0.0,0.0,99.6,3.2,14.6,53.0,0.3,17.4,43.0,37.9,0.3,0.0,0.7,0.3,62.1,0.98,293.0,30.3,23.3,1058.0,2.9,91.6,0.5,96.0,96.9,0.6,0.0,38.5,58.3,2.6,1.0,7.9,10.6,15.6,23.8,50.0,78.3,88.3,7.1,4.0,53.1,42.9,1.7,0.0,81.1,0.0,0.2,18.6,0.1,3.2,0.1,98.30000000000001
95410303,rural,1594.0,4.6,5.6,5.7,52.2,56.5,24.2,25.2,2.4,4.1,4.0,3.1,5.4,5.8,6.5,7.2,7.0,6.7,9.4,5.8,6.6,12.5,6.3,32.1,52.1,1.6,14.2,30.8,1.2,92.2,55.4,0.5,23.7,9.2,5.0,5.2,47.1,95.0,0.4,0.1,0.1,97.7,6.1,12.3,60.8,0.0,20.2,29.6,47.7,0.4,0.0,0.8,1.2,59.9,1.63,243.0,34.3,24.9,643.0,2.5,76.8,5.4,97.5,87.4,0.5,0.5,72.3,22.7,3.7,0.8,17.7,9.6,22.1,44.0,24.3,81.6,89.6,28.6,1.9,49.9,48.2,1.6,12.0,78.4,0.0,1.4,20.2,0.0,1.1,0.3,86.5
95410305,rural,2188.0,4.8,7.6,8.7,56.5,58.8,19.9,16.9,1.9,7.7,4.8,4.1,5.3,5.8,5.9,5.2,6.7,6.6,7.7,6.0,4.8,8.2,6.9,29.8,57.0,1.5,11.7,32.8,3.0,92.5,62.3,0.1,29.0,7.9,2.4,1.9,34.0,99.5,0.3,0.0,0.0,98.9,6.5,6.2,63.9,0.0,22.5,11.6,57.9,0.4,6.7,1.1,0.0,56.1,1.43,285.0,26.7,19.0,668.0,3.3,96.4,0.3,96.9,14.8,0.0,0.0,35.9,61.4,2.7,1.3,3.3,1.3,4.3,18.0,76.3,53.7,52.7,2.2,0.6,29.5,69.9,0.0,0.0,53.6,0.0,0.9,45.4,0.1,2.9,0.0,100.0
95410307,rural,3947.0,6.7,8.6,8.7,49.3,56.4,20.2,48.3,2.6,6.6,3.9,5.0,5.2,5.8,6.4,5.6,5.7,5.6,5.7,6.3,5.9,8.2,10.9,27.7,61.6,1.8,9.0,30.6,2.7,93.0,54.7,0.2,30.9,6.7,2.9,2.9,21.5,98.8,9.4,0.1,0.0,97.5,8.5,8.2,22.0,0.0,8.0,39.0,35.8,0.0,0.3,13.7,3.2,56.0,1.83,313.0,26.099999999999998,20.4,1161.0,3.4,94.1,0.6,89.8,86.4,0.0,0.0,6.7,90.8,2.3,1.2,5.3,8.8,10.9,20.3,59.9,79.2,87.7,5.0,0.6,0.2,99.2,0.2,0.0,72.5,0.3,0.2,26.7,0.3,2.2,0.2,99.9
95410309,rural,1969.0,5.6,8.7,9.1,58.0,59.4,12.0,13.8,3.5,6.6,3.3,3.0,4.8,5.2,6.7,6.1,6.1,6.8,5.9,6.6,6.7,8.8,10.3,28.8,55.6,2.9,12.7,29.9,2.0,97.4,64.5,1.6,27.9,6.7,3.0,1.4,27.4,98.4,3.6,0.1,0.1,98.2,1.8,5.9,27.3,0.0,30.1,23.7,33.3,0.6,0.6,1.9,9.6,62.8,1.49,156.0,28.0,22.1,623.0,3.2,95.2,0.2,95.8,90.5,0.0,0.0,53.9,43.4,2.4,1.0,4.7,9.8,17.0,38.9,34.2,50.3,62.5,2.9,2.9,69.6,27.5,0.3,0.0,79.6,0.2,0.0,20.3,0.0,1.2,0.3,99.7
95410311,rural,973.0,3.3,4.7,4.6,52.3,59.6,17.5,24.8,2.7,3.5,4.5,4.4,5.5,5.2,5.1,5.1,7.8,6.4,7.5,8.0,9.0,15.1,18.9,26.7,58.0,2.0,13.3,30.5,1.6,100.0,54.9,0.1,27.3,7.4,2.8,2.8,47.7,97.1,9.8,0.0,0.0,98.4,4.2,8.2,36.3,0.0,6.3,36.6,44.6,0.9,0.0,0.0,11.6,55.3,1.51,112.0,39.6,32.1,379.0,2.6,90.5,3.2,93.1,96.3,0.0,0.0,21.1,77.0,1.8,1.0,6.3,10.3,6.3,20.1,63.3,60.4,88.4,5.5,3.2,43.8,53.0,0.3,0.0,33.5,0.3,0.5,64.6,1.1,5.5,0.0,99.7
95410313,rural,1442.0,5.3,7.2,8.9,44.3,44.7,22.1,40.4,3.7,7.1,4.8,3.7,4.2,5.7,6.4,6.2,6.1,6.2,6.7,6.1,5.7,9.6,7.4,30.1,58.4,3.0,8.5,30.8,1.8,94.9,49.2,1.3,34.0,10.5,4.9,4.6,23.2,98.8,1.6,0.1,0.0,99.6,0.9,6.4,26.1,0.7,18.1,23.5,47.0,0.0,1.3,6.0,3.4,59.4,1.53,149.0,28.1,21.4,516.0,2.8,92.4,0.4,95.3,63.4,0.2,0.0,29.1,69.0,1.4,1.2,7.2,7.8,14.3,28.5,49.4,70.2,80.2,7.2,9.9,50.8,39.3,0.0,0.0,59.5,0.0,0.2,39.5,0.8,0.5,0.4,100.0
95410315,rural,1433.0,3.7,6.6,6.9,46.9,52.1,15.2,10.5,1.7,6.2,5.3,5.2,4.3,5.5,5.8,5.7,7.5,6.3,8.2,6.8,5.1,11.0,7.3,27.2,62.0,1.4,9.4,33.2,2.0,97.8,50.7,0.3,27.4,12.1,4.5,3.4,31.6,98.7,0.6,0.0,0.0,98.5,1.6,4.2,26.1,0.0,24.7,30.9,41.4,1.2,0.6,0.0,1.2,56.0,1.15,162.0,31.1,22.9,527.0,2.7,90.1,0.4,96.8,92.0,0.0,0.0,44.6,50.7,4.7,1.0,9.5,15.9,27.9,54.8,1.3,89.4,89.6,7.4,1.5,83.3,15.2,0.9,0.0,97.7,0.8,0.0,1.3,0.2,0.8,0.0,99.1
95410317,rural,2180.0,4.3,5.5,7.4,47.4,53.3,19.5,39.1,4.0,6.5,3.9,4.5,4.8,5.1,6.4,6.5,7.4,6.7,8.1,6.6,5.1,11.3,13.6,34.5,50.5,3.1,11.9,33.6,1.3,97.1,51.6,0.5,26.8,9.3,5.3,4.8,30.4,99.0,0.4,0.0,0.0,99.8,0.9,10.8,40.5,0.0,22.8,31.2,29.3,0.0,1.4,7.0,8.4,61.5,1.08,215.0,31.099999999999998,23.0,778.0,2.8,93.2,0.3,96.5,96.5,0.3,0.0,50.8,43.8,4.8,0.9,6.6,8.2,13.3,41.8,36.7,73.2,89.2,10.3,12.5,78.5,9.0,0.8,0.0,69.6,0.0,0.1,30.0,0.3,1.8,0.4,99.2
95410319,rural,1367.0,4.2,6.5,5.6,47.9,58.7,15.8,26.0,2.1,6.1,5.3,3.8,4.3,5.5,6.3,6.4,6.4,8.2,7.1,7.5,6.1,10.8,8.0,34.5,56.1,1.5,7.9,30.2,1.6,97.9,51.0,0.4,22.7,8.9,5.3,4.0,32.1,99.0,0.7,0.0,0.0,93.7,6.4,9.3,28.5,0.7,20.9,35.8,18.7,0.7,0.0,0.0,23.1,59.2,1.1,134.0,31.5,24.4,497.0,2.8,95.0,0.6,97.0,90.5,0.2,0.0,91.8,3.8,4.2,0.9,4.4,6.2,10.5,38.8,44.5,94.8,96.2,44.7,2.4,92.2,5.4,0.2,0.0,80.9,0.0,4.4,13.9,0.8,1.3,0.0,99.8
95410321,rural,814.0,3.6,4.8,5.0,64.6,69.8,13.6,9.4,4.8,4.9,3.3,3.9,4.9,5.8,5.5,5.7,8.0,6.5,10.0,8.7,8.2,11.2,21.1,26.7,53.3,3.3,16.7,33.2,1.3,91.5,68.4,0.0,19.8,5.5,2.5,2.5,46.3,98.4,0.4,0.2,0.0,99.2,3.4,9.1,40.9,1.1,11.5,59.8,24.1,0.0,0.0,0.0,3.4,60.4,2.33,87.0,38.099999999999994,28.099999999999998,353.0,2.3,89.5,0.0,90.9,0.0,0.8,0.0,16.1,77.3,5.7,0.8,10.5,9.1,10.2,40.5,40.2,76.2,90.1,0.3,0.6,0.0,99.4,0.0,0.0,41.6,0.0,0.3,56.9,1.1,2.0,0.0,100.0
95410323,rural,3763.0,6.4,8.7,9.8,48.4,53.1,21.5,29.0,2.1,7.8,5.6,3.5,5.4,5.7,6.8,6.0,5.7,5.8,6.0,5.6,4.3,7.0,10.0,28.1,60.8,1.6,9.5,30.7,3.3,96.5,54.5,1.4,28.6,8.8,4.5,3.7,34.1,99.0,0.5,0.0,0.0,98.4,2.4,16.4,47.1,0.5,48.0,22.3,26.0,0.7,0.5,1.2,0.9,57.2,1.46,431.0,22.9,16.9,1135.0,3.3,95.9,1.1,94.7,93.0,0.2,0.0,21.9,74.7,2.8,1.3,3.1,6.3,7.0,21.4,65.3,82.0,76.0,6.0,0.1,61.0,38.9,0.4,0.3,81.4,0.0,0.4,18.1,0.2,1.4,0.4,99.39999999999999
95410325,rural,1853.0,3.6,6.9,6.3,66.0,67.9,15.9,25.7,4.2,5.0,3.1,4.0,4.8,4.8,6.9,6.6,6.6,7.7,8.6,6.4,6.5,12.2,15.3,32.1,53.0,3.4,11.6,35.8,1.9,84.7,70.3,0.1,24.1,4.3,1.4,2.2,18.0,98.0,9.4,0.2,0.0,94.7,6.6,7.8,33.7,1.1,20.3,34.6,15.9,0.0,1.1,24.7,2.2,60.6,0.72,182.0,33.7,25.1,640.0,2.9,95.0,0.5,92.8,55.3,0.3,0.3,17.8,76.6,4.5,1.1,4.5,9.2,12.8,43.8,34.2,77.2,65.2,13.0,0.6,55.0,44.4,0.3,0.0,41.9,0.0,0.0,58.0,0.2,12.6,0.5,99.7
95410327,rural,1414.0,5.3,6.3,7.9,49.4,56.9,19.8,42.0,2.9,6.3,5.4,3.6,5.5,5.0,5.9,5.8,6.8,6.2,7.4,5.7,6.2,10.7,13.2,30.8,55.8,2.2,11.2,31.7,2.2,84.4,53.9,0.6,28.4,8.6,2.7,2.8,22.6,98.3,0.4,0.0,0.0,99.8,0.2,12.3,49.8,0.0,21.4,42.0,32.8,0.8,0.8,2.3,0.0,56.7,1.46,131.0,30.0,22.6,478.0,3.0,89.5,0.6,92.5,97.3,0.0,0.0,27.0,68.8,4.0,1.2,9.8,8.8,10.9,35.6,44.8,57.7,70.3,11.7,6.1,55.0,38.9,0.4,0.0,47.5,0.0,1.7,49.8,1.0,1.8,0.2,99.6
95410329,rural,1061.0,4.4,5.9,8.9,48.3,52.4,14.4,49.6,2.7,8.4,5.6,4.1,5.0,3.7,4.6,5.8,7.1,8.1,7.6,5.9,5.9,9.0,11.4,32.1,56.6,1.8,9.6,33.1,3.1,94.8,53.2,0.0,32.7,7.9,4.8,2.2,37.9,98.4,1.1,0.0,0.0,98.4,2.0,6.9,19.9,0.0,25.8,45.2,21.0,3.2,4.8,0.0,0.0,55.8,0.98,62.0,28.4,20.8,358.0,3.0,91.9,0.0,89.7,2.8,0.3,0.0,10.1,87.2,2.5,1.2,8.1,2.8,15.4,48.9,33.0,50.8,50.8,1.4,0.0,5.0,95.0,0.0,0.0,63.1,0.3,0.8,35.2,0.6,2.8,0.0,100.0
95410331,rural,1463.0,3.3,5.1,7.2,51.9,58.8,17.2,44.3,3.7,7.7,5.7,3.8,5.5,5.9,7.2,5.2,5.9,7.3,6.8,6.5,5.5,11.3,12.7,36.0,47.8,2.5,13.7,36.4,2.1,95.2,56.0,1.4,23.1,8.1,4.0,4.6,45.3,99.2,0.4,0.0,0.0,98.9,1.9,14.9,53.6,0.0,20.3,37.3,29.7,2.5,1.7,0.8,7.6,57.8,0.97,118.0,30.1,23.3,530.0,2.8,89.4,0.6,92.2,90.0,1.1,0.0,12.7,80.2,3.0,1.0,10.0,7.8,10.0,31.6,50.7,81.7,81.7,3.4,0.0,69.0,31.0,0.0,0.2,72.2,0.2,0.0,26.5,1.1,2.2,3.0,99.8
95410409,rural,7832.0,7.2,9.3,10.4,38.6,42.9,30.2,35.6,1.5,8.8,5.7,5.6,5.5,6.7,6.3,5.9,6.2,5.5,4.8,3.5,3.4,5.0,7.7,31.5,63.0,1.2,4.3,28.9,3.1,95.9,43.9,1.7,33.3,12.2,4.8,5.2,77.5,87.6,9.8,0.0,0.0,98.6,1.6,16.1,47.1,1.3,19.8,13.5,58.4,2.5,0.2,1.2,3.2,51.6,2.19,1113.0,16.700000000000003,11.9,1812.0,4.3,90.3,4.5,96.0,91.4,0.0,0.5,56.3,30.2,12.8,1.6,5.2,16.9,30.6,19.1,33.5,94.4,95.0,46.5,43.3,32.2,24.5,11.3,38.4,69.4,0.5,4.0,25.5,0.5,1.8,0.2,50.300000000000004
95410413,rural,10553.0,7.7,9.1,9.8,46.0,49.3,30.4,19.8,1.3,7.2,5.0,5.1,6.7,6.4,6.5,6.0,5.5,5.0,4.9,4.6,4.3,6.1,7.0,29.0,62.8,1.1,7.1,29.6,3.0,98.0,51.8,1.3,32.6,10.0,3.2,3.7,44.9,98.8,0.7,0.0,0.0,99.3,1.4,10.2,49.7,0.2,23.4,8.2,59.0,0.6,0.9,2.8,4.9,52.7,1.76,1891.0,19.9,14.999999999999998,2616.0,4.0,93.2,0.8,93.8,85.0,0.0,0.5,28.7,69.4,1.0,1.4,6.0,11.7,19.6,31.3,37.4,91.3,97.4,27.6,0.0,58.7,41.3,0.0,0.0,74.9,0.2,1.2,23.7,0.0,1.7,0.4,100.0
95410417,rural,6036.0,7.4,10.1,9.9,43.9,47.6,32.0,24.5,1.5,8.8,6.3,5.6,6.5,6.9,6.7,5.6,5.9,4.5,4.5,3.8,2.9,4.6,5.2,28.8,66.0,0.9,4.2,27.7,3.3,93.8,49.3,1.8,34.3,10.2,3.1,3.0,41.3,97.5,0.2,0.0,0.0,87.7,15.2,9.9,38.4,0.8,31.2,5.6,60.8,0.4,0.3,0.0,1.0,49.7,2.35,1060.0,15.8,11.299999999999999,1459.0,4.1,80.3,0.3,86.5,86.4,0.2,0.0,54.7,36.1,8.9,1.6,19.4,34.0,24.0,19.5,22.5,80.5,84.4,26.0,0.1,22.0,78.0,0.0,0.0,29.3,0.1,0.6,69.8,0.2,1.8,0.0,100.0
95410421,rural,7543.0,6.8,8.5,9.6,40.2,41.7,27.9,19.7,2.3,7.9,6.0,5.5,6.2,6.0,6.1,6.6,6.9,4.6,5.0,4.2,3.7,6.5,7.2,32.1,59.2,1.6,7.2,28.9,2.7,98.9,45.2,3.0,31.9,13.5,5.0,4.9,57.1,84.4,14.9,0.0,0.0,98.6,1.7,17.5,61.3,0.6,14.7,9.0,60.1,0.5,0.6,0.7,13.9,52.7,2.03,1270.0,19.4,14.4,1913.0,3.9,74.9,0.8,83.8,91.1,0.2,0.0,35.7,50.7,12.9,1.5,24.3,30.0,15.8,24.6,29.5,82.1,86.3,20.3,0.3,54.7,45.1,0.1,0.2,74.2,0.1,0.1,25.4,0.3,1.1,0.4,99.80000000000001
95410423,rural,13831.0,7.9,9.4,9.9,32.7,36.3,36.4,9.4,1.7,8.6,6.9,5.9,6.9,6.8,6.9,6.6,6.2,4.9,3.9,3.0,2.3,3.7,4.6,33.0,61.5,1.2,4.2,28.5,2.5,98.7,37.1,2.2,33.6,17.0,5.6,5.3,98.0,30.2,1.0,0.0,0.1,99.8,1.5,12.9,40.5,1.0,32.1,5.3,54.7,4.1,0.2,1.0,1.5,50.0,2.52,3325.0,12.899999999999999,9.0,3061.0,4.5,86.3,3.7,95.9,97.6,0.0,0.1,82.4,15.3,1.0,1.6,10.0,22.2,43.8,25.3,8.7,96.5,98.3,50.6,0.6,16.4,83.0,0.2,18.1,80.7,0.0,0.3,18.8,0.2,1.2,1.2,81.69999999999999
95410425,rural,10956.0,7.9,9.6,9.6,31.4,37.8,38.8,13.1,3.2,8.9,6.8,6.6,7.1,6.2,7.0,6.7,6.2,4.6,3.9,2.9,2.4,3.5,5.5,33.3,60.6,2.2,3.9,28.7,2.9,89.2,35.1,0.4,35.5,17.5,4.3,4.5,97.3,37.2,0.3,0.1,0.2,99.9,7.9,11.0,47.2,1.1,22.9,12.2,59.6,1.6,0.8,0.3,1.4,48.5,2.07,2696.0,12.7,8.8,2567.0,4.3,87.1,3.6,97.0,94.2,0.1,0.0,72.1,26.6,1.0,1.6,9.3,27.6,34.2,20.9,17.2,95.6,99.1,34.5,0.3,12.1,87.6,4.6,7.1,85.8,0.2,0.0,14.0,0.0,0.8,0.2,88.30000000000001
95410429,rural,11620.0,7.8,9.3,10.6,36.1,40.9,34.8,14.4,1.3,8.4,6.7,5.4,5.7,6.6,6.7,6.7,6.8,4.5,4.3,3.4,3.2,3.8,7.5,29.4,64.1,1.2,5.4,28.0,3.2,95.8,41.1,2.4,33.7,13.6,5.1,4.4,82.0,90.7,1.2,0.0,0.7,99.3,1.3,13.6,46.5,2.4,18.5,9.9,47.2,1.4,0.4,0.8,19.3,51.0,2.6,2504.0,14.7,10.399999999999999,2656.0,4.4,89.7,2.8,98.5,92.7,0.0,0.4,85.6,12.5,1.4,1.4,7.5,20.7,47.3,22.2,9.8,97.0,98.4,48.5,0.6,84.1,15.3,0.0,0.2,73.2,0.0,1.3,25.4,0.1,0.7,0.1,99.8
95410433,rural,11730.0,7.6,9.5,10.3,26.5,33.2,39.6,9.1,3.4,9.2,6.9,6.5,6.6,7.0,7.2,6.8,5.6,4.5,4.4,3.0,2.0,2.8,4.8,32.2,62.2,2.2,3.4,27.7,2.8,99.1,30.2,2.1,35.7,16.2,7.3,5.4,94.1,30.4,2.8,0.0,0.1,97.9,2.6,10.6,37.1,1.6,22.4,9.3,60.1,1.8,0.2,4.4,0.2,49.8,2.09,3062.0,12.2,7.8,2636.0,4.4,91.3,5.9,99.0,99.1,0.0,0.5,76.6,22.2,0.6,1.4,2.8,18.8,33.4,28.9,19.0,99.8,100.0,73.1,13.8,50.8,35.4,11.0,0.2,86.8,1.1,0.8,11.0,0.4,0.9,0.2,88.8
95410435,rural,7042.0,7.3,8.7,9.4,46.8,49.9,27.2,15.4,1.9,8.1,5.2,5.6,6.2,5.8,6.4,6.8,6.4,5.3,5.1,4.6,4.0,5.2,6.0,26.4,65.8,1.3,6.5,28.9,3.6,94.8,52.5,1.0,33.4,9.9,3.3,2.5,21.7,99.1,0.6,0.0,0.0,99.6,0.7,10.4,44.0,0.3,20.0,9.2,51.5,1.0,0.2,1.1,16.7,52.3,2.24,1208.0,18.9,13.8,1783.0,3.9,81.2,0.4,84.9,78.0,0.1,0.0,19.5,43.9,32.6,1.6,18.4,37.7,17.4,30.7,14.2,74.4,80.6,21.3,0.2,11.4,88.3,1.0,0.0,53.5,0.1,0.6,45.2,0.6,1.9,3.9,99.0
95410439,rural,3003.0,8.5,8.7,9.3,46.7,49.7,35.2,22.0,1.5,7.8,6.3,5.7,5.9,6.5,5.9,5.8,5.3,5.2,5.6,4.5,3.4,5.6,6.4,27.8,64.3,1.1,6.8,28.5,4.1,95.7,52.4,2.5,37.3,7.3,1.6,1.5,51.6,99.5,0.2,0.0,0.1,100.0,0.3,7.3,68.2,1.0,9.3,11.4,67.1,2.5,0.0,1.0,7.8,50.9,2.88,605.0,19.1,13.5,788.0,3.8,66.2,0.6,69.7,29.6,0.0,0.4,12.2,54.9,32.5,1.9,33.1,47.1,12.9,20.1,19.9,54.2,56.1,13.1,0.0,0.6,99.4,0.0,0.0,13.2,0.0,0.0,85.8,1.0,1.8,0.0,100.0
95410447,rural,9195.0,7.8,9.3,10.5,39.3,45.0,31.5,17.1,2.1,8.6,6.4,5.6,6.3,6.8,6.8,6.3,6.2,4.5,3.9,3.2,3.1,4.9,5.7,28.4,64.4,1.6,5.6,26.8,3.2,93.1,44.8,0.9,32.2,13.3,4.9,3.7,37.1,93.7,1.6,0.0,0.0,97.7,6.1,8.9,24.5,2.8,21.0,8.2,65.7,0.8,1.3,0.0,0.3,50.6,2.11,1735.0,15.1,11.200000000000001,2227.0,4.1,76.6,5.4,92.4,86.6,0.4,0.0,50.2,37.4,12.1,1.6,18.0,46.7,20.9,13.6,18.8,86.1,87.0,47.0,13.1,26.3,60.6,7.0,13.7,85.9,0.0,6.4,7.4,0.4,1.9,0.0,79.19999999999999
95410449,rural,5669.0,7.2,7.6,9.8,39.0,39.4,33.7,23.6,2.2,8.5,7.3,5.8,6.4,6.5,6.4,6.4,6.4,5.1,4.6,3.8,3.3,4.9,4.4,30.9,60.9,1.5,6.6,28.5,2.9,96.8,43.4,0.7,34.8,13.9,5.3,5.9,25.9,96.7,1.2,0.0,0.1,98.7,2.1,14.6,51.9,0.1,13.8,12.5,70.7,0.4,0.2,2.2,0.2,49.3,2.25,1103.0,16.6,12.0,1442.0,3.9,66.9,1.9,92.4,66.0,0.1,0.1,34.6,33.1,32.0,2.0,31.3,54.6,23.9,11.8,9.8,87.3,84.8,34.6,0.9,28.5,70.6,7.8,0.0,74.8,0.1,0.0,24.8,0.3,0.6,0.0,92.3
95410453,rural,5234.0,7.9,8.7,10.4,39.2,44.0,32.3,19.6,1.5,8.7,6.0,5.8,6.2,6.9,6.1,5.6,6.0,5.7,4.0,3.6,3.2,5.1,4.5,26.7,66.4,1.3,5.6,27.5,3.5,94.1,44.6,0.4,38.2,10.9,3.8,2.7,32.3,99.1,0.3,0.0,0.1,99.8,0.4,12.6,63.2,0.4,45.4,6.9,42.6,2.7,0.5,1.2,0.3,50.0,2.32,991.0,15.9,11.9,1280.0,4.1,78.8,1.3,86.7,85.2,0.5,0.0,32.0,41.4,25.9,1.8,19.9,52.9,15.9,18.6,12.7,78.8,86.5,37.8,0.2,2.2,97.6,0.1,0.0,36.9,0.4,18.4,44.0,0.3,0.7,0.2,100.0
95410459,rural,3867.0,8.9,9.4,10.9,49.1,53.5,28.4,22.5,1.0,8.9,6.5,5.4,6.3,6.4,6.3,5.7,5.1,4.0,4.2,3.4,4.2,4.5,8.0,29.7,64.3,0.6,5.4,28.3,4.6,94.4,56.3,0.2,32.6,9.3,2.6,1.9,3.9,99.5,0.4,0.1,0.1,99.1,1.7,10.8,53.8,0.0,44.9,10.4,15.4,1.2,0.2,2.3,25.5,50.2,2.94,603.0,16.3,12.1,922.0,4.2,62.5,0.2,96.0,80.0,0.0,0.0,14.7,16.3,68.8,1.9,37.3,82.9,8.5,6.9,1.7,45.9,49.9,1.7,0.1,35.6,64.3,0.0,0.1,12.7,0.1,0.1,86.5,0.5,4.4,0.1,99.89999999999999
95410461,rural,6116.0,7.4,9.8,9.3,36.0,39.9,33.3,10.8,2.6,9.1,6.3,5.8,6.6,7.1,6.6,6.8,6.2,4.5,4.0,3.3,3.3,4.0,5.2,32.9,60.7,1.7,4.6,27.8,3.1,95.5,40.4,1.5,33.3,14.8,5.7,4.8,53.6,96.6,3.4,0.3,0.2,99.7,0.5,10.9,42.9,0.1,16.8,6.3,73.7,0.7,1.5,0.5,0.3,50.2,2.0,1334.0,14.6,10.6,1391.0,4.4,94.0,1.3,94.0,97.3,0.1,0.1,64.4,33.4,1.4,1.6,4.7,41.1,33.1,18.5,7.2,95.9,97.0,30.5,7.0,59.9,33.1,0.4,0.5,70.3,0.4,0.3,28.5,0.5,0.9,0.6,99.10000000000001
95410467,rural,3588.0,7.0,7.3,9.5,39.1,45.7,35.1,26.5,2.1,9.5,7.6,6.5,5.9,7.1,6.1,6.5,6.0,4.8,4.4,3.8,3.8,4.1,8.2,29.6,62.3,1.4,6.7,28.2,3.8,96.1,44.0,0.2,35.8,10.8,4.4,3.1,48.2,99.4,0.5,0.0,0.0,99.7,0.4,14.2,60.7,0.1,31.9,5.0,58.1,0.3,0.1,1.1,3.4,47.5,2.42,706.0,16.1,11.7,956.0,3.8,31.8,0.2,98.6,66.6,0.1,0.0,5.2,14.2,80.1,2.4,68.0,89.6,3.3,6.6,0.4,49.6,72.9,8.4,0.3,0.2,99.5,0.4,0.0,81.4,0.3,0.0,18.0,0.3,0.8,0.3,99.6
95410469,rural,5035.0,5.6,7.5,9.1,56.0,59.9,19.4,34.1,2.5,6.3,4.4,4.1,4.8,5.1,5.7,5.9,7.2,6.4,6.8,5.8,5.7,9.5,7.4,27.0,60.8,1.9,10.3,31.2,2.5,97.9,62.5,0.6,28.4,6.4,2.8,1.8,35.3,99.0,0.4,0.0,0.0,99.1,1.1,11.5,60.6,0.0,30.7,16.1,41.2,1.8,5.6,2.0,2.6,58.6,1.75,502.0,27.8,21.0,1497.0,3.4,94.5,0.6,94.5,80.5,0.1,0.0,10.5,88.4,0.7,1.2,4.9,5.5,4.5,18.2,71.8,77.8,78.8,3.6,0.7,72.2,27.1,0.3,0.1,44.0,0.0,0.1,55.7,0.3,2.0,0.3,99.6
95410501,rural,7496.0,6.8,9.1,9.3,35.9,41.8,36.4,26.5,2.8,8.0,6.3,5.8,6.0,6.7,6.4,7.1,6.7,5.6,5.1,3.5,2.9,4.6,4.6,30.1,61.8,1.9,6.1,28.6,2.6,98.3,40.2,1.7,27.9,16.3,7.4,4.9,99.5,5.3,1.1,0.0,0.1,99.9,0.2,9.3,39.1,2.9,23.7,6.1,64.0,1.1,0.9,0.5,0.7,49.7,2.06,1501.0,16.1,11.0,1849.0,4.1,93.0,0.8,96.4,95.1,0.3,0.1,68.9,30.0,0.5,1.4,6.2,13.4,38.7,30.2,17.7,99.5,99.7,66.0,1.4,97.9,0.7,0.2,0.0,89.3,0.0,0.0,10.5,0.2,0.5,0.3,99.89999999999999
95410505,rural,3592.0,5.0,7.8,9.0,52.8,57.5,26.0,33.0,2.9,6.8,5.0,4.1,5.0,5.4,6.3,7.2,6.9,6.5,7.4,5.6,4.6,7.4,6.8,25.4,65.5,2.1,7.0,30.5,3.0,98.4,58.8,0.8,28.0,7.5,3.5,2.7,33.4,99.0,0.7,0.0,0.0,99.9,0.1,8.2,41.3,0.6,27.8,10.2,56.7,0.8,0.4,2.0,1.4,55.4,1.16,490.0,25.0,17.6,1058.0,3.4,93.8,0.4,92.4,67.8,0.0,0.0,12.2,87.1,0.7,1.3,5.9,8.4,14.8,34.9,41.9,94.8,88.7,40.1,0.0,0.7,99.3,0.0,0.0,50.4,0.2,0.7,48.4,0.3,3.3,0.0,100.0
95410511,rural,23663.0,7.6,9.4,9.8,32.8,38.4,36.9,23.3,3.0,8.6,6.9,6.5,6.4,6.7,7.2,6.8,6.0,4.8,4.5,2.9,2.5,3.5,5.1,30.7,62.2,2.3,4.8,28.1,3.0,96.3,37.1,1.5,29.8,17.0,7.7,5.6,99.0,6.0,0.4,0.0,0.9,99.7,0.6,12.7,43.9,2.2,17.8,6.4,69.8,0.8,0.4,1.4,1.1,49.4,1.58,4911.0,13.4,8.9,5582.0,4.2,87.1,4.8,96.6,98.5,0.4,0.0,81.8,16.9,0.8,1.5,8.1,21.7,34.9,33.8,9.7,98.5,99.5,61.5,2.1,82.3,15.6,0.4,4.6,83.8,0.4,0.5,15.3,0.0,0.4,0.1,95.1
95410517,rural,19455.0,7.3,8.6,9.9,37.6,43.4,36.6,15.6,3.1,8.0,6.6,6.0,6.2,6.8,7.2,7.3,6.9,4.9,5.1,3.1,2.4,3.7,4.1,31.4,60.5,2.5,5.5,28.1,2.3,94.3,42.5,1.1,27.8,15.4,6.8,5.5,99.1,5.6,1.0,0.1,0.2,99.9,0.3,12.0,46.2,3.8,16.1,9.8,63.5,0.3,0.6,2.5,3.4,49.4,1.86,4464.0,14.3,9.2,4671.0,4.2,90.0,2.7,97.2,98.5,0.0,0.6,77.0,19.8,0.6,1.4,7.3,30.9,31.7,26.6,10.9,99.3,99.5,68.4,0.7,70.4,29.0,2.3,3.9,80.2,0.2,0.3,18.6,0.7,0.5,1.9,93.7
95410519,rural,10706.0,7.6,8.9,9.8,27.9,34.6,36.4,18.2,3.1,8.5,7.1,6.4,6.4,6.8,6.8,6.3,6.1,5.2,5.1,3.2,2.6,3.2,3.3,30.1,63.3,2.1,4.6,28.5,2.9,98.5,31.5,3.3,31.0,17.0,7.9,6.2,98.3,20.1,1.7,0.1,0.3,99.9,0.2,16.2,56.6,1.0,14.6,7.0,72.5,0.9,0.3,2.2,1.7,50.2,2.0,2345.0,14.100000000000001,9.0,2470.0,4.3,89.8,4.6,98.7,99.2,0.6,0.2,87.1,10.9,0.9,1.4,5.6,20.5,28.9,40.9,9.7,99.0,99.4,84.4,1.6,97.6,0.9,1.2,86.9,91.3,0.1,2.8,5.7,0.0,0.6,0.4,11.8
95410521,rural,11910.0,8.0,9.0,10.0,31.2,37.5,34.9,15.8,4.3,8.3,6.8,5.9,6.6,6.7,7.4,6.7,6.0,5.0,4.3,3.1,2.7,3.4,4.0,27.9,63.6,2.6,5.9,26.9,2.6,95.0,35.4,1.9,32.3,16.9,6.2,5.3,98.7,6.1,0.3,0.0,0.1,100.0,1.0,10.7,36.5,1.5,20.7,5.5,69.7,0.7,0.3,0.7,0.8,50.0,2.22,2554.0,13.500000000000002,9.200000000000001,2768.0,4.3,92.2,2.9,98.5,98.9,0.5,0.1,68.6,30.3,0.3,1.4,4.9,20.0,33.1,33.4,13.5,99.6,100.0,88.1,2.1,96.3,1.6,24.6,3.4,91.4,0.0,0.0,8.6,0.0,0.9,0.2,72.0
95410523,rural,12232.0,6.7,8.4,9.8,26.5,33.5,34.2,20.6,4.0,8.1,7.1,6.3,6.3,5.9,6.5,7.0,6.8,5.6,5.6,3.7,2.4,3.8,4.6,33.3,58.4,2.6,5.7,27.7,2.3,96.6,30.0,1.9,29.7,19.0,8.3,7.5,97.9,24.6,1.2,0.0,0.0,99.9,4.2,12.7,46.1,1.5,21.9,14.1,57.5,0.6,0.0,1.4,3.0,50.8,1.97,2492.0,15.5,9.899999999999999,3021.0,4.0,82.6,11.5,98.4,99.5,0.3,0.0,78.7,20.6,0.3,1.3,5.9,14.6,29.4,42.7,13.2,99.3,99.8,69.5,10.9,83.0,6.2,84.2,1.3,92.9,0.0,0.4,6.7,0.0,0.9,0.1,14.5
95410525,rural,17898.0,7.7,9.3,10.6,31.1,38.0,38.4,21.8,2.9,8.6,7.1,6.4,6.6,7.0,6.7,6.8,5.7,4.8,4.5,2.9,2.1,3.2,3.6,30.0,63.2,2.1,4.7,27.7,2.7,96.7,35.4,1.6,29.9,17.7,7.4,5.5,98.7,12.2,1.5,0.1,0.1,99.9,0.5,16.5,51.5,1.5,19.2,8.8,64.4,1.2,1.7,1.7,1.6,49.1,1.64,3887.0,12.7,8.2,4134.0,4.3,89.5,4.3,98.0,96.0,0.4,0.0,86.6,12.0,1.0,1.6,6.2,22.2,36.2,28.1,13.5,99.1,99.6,69.6,5.4,79.3,15.3,0.5,5.4,95.5,0.3,0.0,3.9,0.3,0.3,0.0,94.1
95410527,rural,23140.0,7.8,9.7,10.6,26.5,34.3,41.8,21.4,4.5,8.7,6.9,6.7,7.0,6.8,7.3,6.7,6.2,4.4,4.1,2.7,1.9,2.7,6.3,30.8,61.8,2.9,4.5,27.6,3.1,96.8,30.3,1.8,30.1,18.7,8.6,6.4,98.1,22.3,2.9,0.0,0.1,99.8,0.5,17.9,55.0,2.8,19.4,6.9,67.1,1.6,0.9,1.1,0.3,49.8,2.04,5463.0,11.399999999999999,7.3,5558.0,4.2,79.5,7.9,97.8,97.3,0.9,0.4,89.0,8.9,0.4,1.5,12.6,24.6,39.3,26.8,9.3,99.4,99.7,49.7,38.1,42.3,19.6,6.8,46.0,96.2,0.1,0.2,3.5,0.0,0.7,0.4,47.2
95410533,rural,4395.0,5.6,6.9,7.8,49.1,55.1,26.8,31.3,1.8,7.2,5.0,4.6,5.8,5.5,6.0,7.4,7.7,6.4,6.4,4.8,5.5,7.3,8.8,28.5,63.3,1.4,6.8,30.8,2.5,96.8,53.8,0.1,28.2,9.4,4.2,3.1,46.2,99.0,0.2,0.0,0.0,94.5,9.6,11.2,36.3,0.5,15.4,11.2,70.8,0.2,0.0,1.1,0.9,54.1,1.53,644.0,24.0,17.6,1295.0,3.4,97.0,0.2,92.4,74.1,0.2,0.0,18.2,80.8,0.8,1.2,2.9,8.2,15.4,31.4,45.1,88.9,88.3,35.3,0.8,25.2,74.0,0.2,0.0,51.5,0.1,0.0,48.0,0.5,0.7,0.2,99.9
95410701,rural,7504.0,8.9,10.7,11.1,43.2,49.9,24.1,41.7,1.8,7.1,5.0,5.0,6.1,6.1,6.5,5.7,5.7,4.7,4.7,4.5,4.0,4.5,14.8,27.7,65.7,1.2,5.3,28.7,3.7,95.6,49.9,0.4,33.2,10.6,3.1,2.8,43.5,99.3,0.3,0.0,0.1,98.5,11.0,11.9,44.8,0.4,18.9,19.0,49.0,1.0,1.4,2.3,8.1,55.3,2.32,731.0,17.7,13.0,1697.0,4.4,83.8,2.5,94.8,95.7,0.1,0.0,59.8,34.3,5.7,1.4,13.7,11.0,19.2,41.1,28.7,83.5,95.1,19.1,8.1,54.2,37.8,0.1,0.0,71.5,0.1,0.1,26.1,2.1,2.9,0.1,100.0
95410703,rural,5196.0,8.4,10.0,11.1,42.7,49.4,30.4,34.1,1.7,9.7,5.9,6.2,6.3,5.7,5.3,5.1,5.4,4.6,4.1,4.3,3.9,4.1,6.0,31.5,61.0,1.2,6.3,28.6,5.2,90.6,49.2,1.7,37.2,8.0,2.4,1.3,41.8,99.3,0.3,0.0,0.1,98.4,3.4,7.0,44.0,0.0,7.2,8.3,35.0,0.5,0.3,16.6,32.0,51.5,2.77,734.0,16.4,12.299999999999999,1114.0,4.7,93.0,0.4,95.2,82.3,0.0,0.0,15.6,81.8,2.5,1.6,6.6,11.5,36.2,34.2,18.1,75.9,89.5,15.2,0.8,38.5,60.7,0.6,0.0,45.1,0.2,2.6,51.9,0.3,1.4,0.1,99.4
95410705,rural,6813.0,7.2,8.8,9.9,43.8,47.6,43.8,4.5,2.1,8.4,6.5,5.8,6.9,6.5,6.1,5.8,5.3,4.8,4.8,4.1,3.6,5.7,3.2,33.0,60.4,1.4,5.2,30.6,3.5,95.7,49.6,2.2,29.2,11.4,5.2,4.3,15.7,97.2,1.1,0.0,0.0,99.3,1.6,10.1,43.8,0.4,30.5,6.6,41.4,20.2,0.2,0.5,0.2,52.6,1.83,2111.0,18.2,13.399999999999999,1553.0,4.4,90.5,4.5,97.2,83.1,0.0,0.5,20.8,76.9,1.7,1.5,5.0,12.7,20.6,44.7,22.0,78.5,80.0,17.1,1.5,28.6,69.9,0.7,12.0,92.2,0.5,0.0,7.2,0.1,1.7,0.1,87.3
95410707,rural,5934.0,7.6,8.9,10.2,51.9,56.1,23.8,32.6,2.2,7.5,4.3,4.6,5.5,6.6,6.2,6.1,6.0,5.1,5.6,4.5,4.4,6.7,10.2,29.4,61.7,1.5,7.4,31.2,3.3,94.8,58.9,0.6,30.6,8.7,2.4,1.5,5.5,86.7,13.3,0.0,0.0,94.7,5.2,5.7,23.2,0.3,28.2,10.2,26.2,1.6,0.6,16.0,16.9,55.8,2.2,698.0,21.2,15.600000000000001,1590.0,3.7,96.6,0.3,96.4,98.6,0.1,0.0,27.0,71.2,1.6,1.3,3.1,6.2,22.1,49.2,22.5,73.9,92.1,2.9,11.4,74.1,14.5,0.4,0.0,74.3,0.1,0.4,25.0,0.1,2.3,0.1,99.6
95410709,rural,8046.0,8.1,9.1,10.0,35.0,41.7,28.2,21.3,1.5,8.1,6.5,5.8,6.1,6.4,6.4,5.2,6.1,5.0,4.1,3.7,3.3,5.9,6.2,30.7,62.9,1.0,5.4,29.4,3.0,97.7,39.7,1.0,36.0,11.7,5.0,4.6,51.6,98.8,1.0,0.1,0.5,98.9,1.8,15.3,55.6,0.7,34.1,13.9,41.4,0.8,0.8,3.5,4.7,52.2,2.2,1298.0,17.0,12.9,1886.0,4.3,89.1,4.2,94.3,93.1,0.0,0.2,37.9,60.9,1.0,1.4,6.7,13.7,27.6,33.5,25.3,91.2,96.2,23.0,0.4,18.2,81.4,12.4,0.3,69.4,0.0,0.5,29.9,0.2,3.2,0.1,87.3
95410711,rural,4240.0,8.5,11.9,12.7,49.6,53.1,21.5,26.8,1.2,8.0,5.1,4.3,5.1,5.1,5.7,5.5,5.0,4.8,4.7,4.5,3.7,5.4,6.2,26.2,66.1,1.0,6.7,28.2,5.0,96.1,59.0,1.7,31.9,8.4,2.9,2.0,11.7,98.9,1.8,0.0,0.0,94.2,23.8,4.5,22.5,0.0,23.8,24.2,33.0,0.9,1.6,1.6,15.0,55.8,3.01,446.0,18.299999999999997,13.6,1067.0,4.0,93.3,2.1,97.1,97.9,0.1,0.1,14.5,83.3,2.0,1.5,4.7,7.1,24.5,37.8,30.6,60.1,85.8,0.7,0.3,84.7,15.0,0.0,0.0,76.3,0.1,0.6,22.7,0.4,3.4,0.0,100.0
95410713,rural,7949.0,7.8,9.7,11.0,44.3,49.3,26.6,13.1,1.9,8.9,5.8,5.5,6.4,6.4,6.1,5.7,5.2,4.8,4.7,3.3,3.3,5.4,9.1,28.9,64.0,1.3,5.9,28.3,4.2,93.9,51.0,2.4,35.8,8.1,2.8,1.6,28.2,99.4,0.2,0.0,0.0,98.9,11.3,7.7,48.7,0.7,13.9,8.4,50.8,0.5,1.4,0.5,23.7,51.9,2.43,1314.0,16.700000000000003,12.0,1733.0,4.6,89.7,0.9,93.2,92.6,0.2,0.1,18.8,73.9,6.6,1.5,9.3,22.4,20.8,36.9,19.9,78.4,90.7,6.8,0.5,89.7,9.8,0.1,0.1,46.7,0.1,0.3,52.3,0.5,2.1,0.5,99.8
95410715,rural,6706.0,6.8,9.3,10.2,38.5,42.1,28.2,10.3,1.9,7.9,5.8,4.8,5.5,6.2,6.2,6.6,6.2,5.5,4.9,4.5,3.2,6.3,5.3,31.2,60.0,1.5,7.3,29.9,2.9,98.6,43.8,1.1,34.3,12.7,5.4,4.3,37.4,98.6,0.5,0.0,0.0,98.8,1.4,12.9,50.0,0.7,39.2,9.1,39.6,1.8,0.5,3.0,6.1,53.8,2.25,1251.0,18.900000000000002,14.0,1675.0,4.0,94.3,1.2,96.2,94.6,0.3,0.7,35.2,61.7,1.3,1.3,4.5,15.5,18.4,34.1,32.0,89.7,94.6,13.6,11.4,79.3,9.3,0.1,0.0,95.4,0.2,0.0,4.4,0.1,0.8,0.8,99.9
95410717,rural,7069.0,9.1,9.3,10.0,46.6,50.9,27.8,15.1,1.6,8.3,5.5,6.0,7.1,6.0,6.3,4.8,5.1,4.5,4.5,4.0,3.7,6.0,5.7,29.4,63.1,1.1,6.3,29.4,4.0,94.6,52.8,1.3,35.0,8.1,2.4,2.4,21.2,98.7,1.2,0.0,0.0,99.0,1.4,3.8,28.5,0.2,42.8,11.0,34.1,1.4,0.8,8.8,0.9,53.7,2.68,1196.0,18.2,13.7,1576.0,4.5,93.2,0.7,88.3,78.3,0.0,0.0,17.1,80.5,2.3,1.6,6.1,14.8,19.5,41.9,23.7,78.5,94.2,7.2,0.3,70.7,28.9,0.1,0.2,74.4,0.0,0.1,25.4,0.1,7.5,0.1,99.8
95410719,rural,5988.0,7.1,8.8,10.3,39.7,43.2,26.1,32.7,2.1,7.4,5.4,4.7,5.5,5.9,5.8,6.3,6.0,5.9,5.7,4.9,3.6,6.7,5.5,28.3,61.3,1.4,8.9,29.7,3.1,96.3,44.9,2.1,35.8,12.0,3.2,3.7,24.8,98.9,0.2,0.0,0.1,99.4,1.1,11.8,41.2,0.1,53.4,11.3,26.1,2.1,0.5,0.9,5.5,53.8,2.23,777.0,20.900000000000002,15.2,1546.0,3.9,95.4,0.7,97.5,70.4,1.0,0.0,14.1,83.9,0.8,1.2,3.9,10.5,18.3,46.4,24.8,91.5,93.8,14.1,0.3,58.7,40.9,0.1,0.0,97.0,0.3,0.0,2.7,0.1,2.2,0.1,99.9
95410721,rural,4653.0,7.0,9.0,10.6,43.2,50.4,26.4,18.6,2.8,8.2,4.3,3.7,4.8,6.0,7.1,5.8,5.8,5.7,5.7,4.1,4.7,7.5,6.8,27.6,62.3,2.0,8.1,29.2,2.8,94.6,49.3,1.0,34.3,9.0,3.1,2.1,33.9,99.3,0.3,0.0,0.0,99.2,1.6,8.6,33.6,0.0,39.5,11.2,39.9,3.4,0.0,2.6,3.5,56.8,1.98,735.0,22.0,16.3,1267.0,3.7,94.8,0.7,96.5,90.0,0.0,0.0,10.7,88.5,0.7,1.3,4.5,7.0,12.1,42.9,38.1,90.0,95.9,3.2,0.2,29.1,70.7,0.0,0.0,80.1,0.3,0.0,19.4,0.2,3.4,0.2,100.0
95410723,rural,8536.0,9.3,11.3,12.2,44.8,49.2,27.8,8.9,1.9,8.9,6.0,5.8,6.3,5.9,5.9,4.4,4.6,4.0,4.8,3.3,3.2,4.1,6.3,28.2,64.2,1.3,6.3,27.6,4.9,97.3,52.6,2.1,37.5,7.7,2.1,1.4,27.0,99.1,20.6,0.0,0.0,99.5,0.7,7.7,52.7,0.1,27.8,13.6,20.0,1.6,3.8,2.3,30.7,53.2,3.02,1451.0,15.4,10.6,1834.0,4.7,92.5,1.3,90.3,80.7,0.1,0.2,42.3,55.4,1.9,1.6,6.2,21.4,27.1,33.9,17.6,79.8,93.4,7.2,0.4,1.8,97.8,0.6,0.1,61.4,0.1,0.0,38.2,0.3,0.8,0.1,99.3
95410725,rural,7398.0,8.1,9.8,10.6,44.4,45.7,30.1,29.1,1.7,8.7,5.8,4.7,6.1,5.9,6.1,6.2,5.4,4.5,5.2,3.9,3.4,5.5,5.3,31.3,61.4,1.2,6.1,29.7,3.5,96.4,50.4,2.0,34.8,10.5,4.2,2.8,8.7,99.4,1.0,0.0,0.0,99.3,1.2,13.1,46.0,0.3,33.5,10.7,46.9,1.8,2.2,4.4,0.2,54.5,1.86,1129.0,18.0,12.8,1672.0,4.4,92.4,1.5,94.7,91.4,0.0,0.2,23.8,73.1,2.8,1.5,6.1,12.9,19.0,33.7,34.4,81.7,93.1,18.7,0.1,71.7,28.2,0.4,0.1,78.9,0.0,0.1,20.9,0.1,3.0,0.1,99.5
95410737,rural,7977.0,7.6,9.6,10.4,40.0,44.5,30.5,13.3,2.2,8.8,6.6,5.9,6.3,6.3,6.3,6.4,6.1,4.3,4.1,3.4,3.5,4.4,5.2,32.4,60.4,1.5,5.7,29.5,3.3,97.0,45.5,1.8,32.9,12.0,4.9,3.9,19.4,98.4,1.0,0.0,0.1,98.6,1.7,14.5,58.1,0.0,38.8,11.3,44.9,0.2,0.9,0.4,3.5,51.7,2.31,1526.0,15.4,11.3,1748.0,4.6,88.7,4.5,96.3,97.2,1.8,0.3,60.8,32.7,3.9,1.5,6.8,20.9,33.6,34.5,10.9,82.9,95.2,14.8,0.7,21.7,77.6,0.6,0.1,60.1,0.0,0.2,39.5,0.2,4.2,0.6,99.4
95410765,rural,5608.0,7.1,8.1,9.9,45.2,48.6,31.6,22.3,2.2,8.5,6.6,6.0,6.1,6.6,6.7,6.0,6.0,4.9,4.8,4.1,3.9,4.7,5.1,32.4,60.2,1.4,6.0,30.7,3.0,97.9,50.8,0.3,33.2,11.5,3.2,3.1,11.3,99.6,0.2,0.0,0.2,98.9,7.3,9.9,43.2,0.4,13.4,7.5,74.3,0.7,1.6,0.7,1.4,51.7,2.29,1034.0,17.5,12.7,1371.0,4.1,84.2,0.1,86.5,85.9,0.0,0.0,32.0,53.8,14.0,1.6,15.7,26.8,18.8,39.5,14.8,80.3,82.9,2.0,0.4,59.9,39.7,0.0,0.1,37.9,0.1,2.0,59.3,0.7,6.8,0.1,99.89999999999999
95410903,rural,10378.0,8.0,9.8,10.6,35.7,38.2,36.2,22.6,1.7,8.4,6.3,5.8,7.0,7.3,7.1,6.1,5.5,4.8,4.0,3.2,3.0,3.2,5.0,29.3,64.4,1.2,5.1,28.6,3.3,98.7,40.9,2.4,36.1,14.7,5.6,3.0,75.6,90.4,5.4,0.0,0.0,99.7,0.7,12.9,52.0,0.9,14.4,5.0,73.0,1.4,1.3,3.8,0.1,48.8,2.54,2080.0,13.399999999999999,9.4,2195.0,4.7,89.9,0.6,96.3,97.8,0.2,0.0,51.3,46.6,1.7,1.7,9.5,20.6,22.3,34.3,22.8,94.2,96.5,63.9,0.4,75.3,24.2,0.0,0.1,81.1,0.0,0.1,18.6,0.2,1.7,0.2,99.8
95410905,rural,4135.0,6.8,8.3,8.7,46.4,49.9,32.9,22.5,2.5,6.9,6.5,5.6,6.7,6.4,6.6,6.4,6.4,5.9,5.1,4.1,3.8,5.8,6.2,30.2,62.9,1.7,5.2,28.5,2.8,92.6,51.5,2.0,33.9,9.0,3.0,2.2,76.5,65.5,0.5,0.0,0.0,98.7,1.3,6.2,36.7,0.7,10.7,5.9,80.5,1.4,0.0,0.0,0.7,48.6,2.42,802.0,18.8,13.7,1035.0,4.0,90.6,0.4,94.1,85.7,0.0,0.0,17.6,77.3,5.1,1.7,9.0,13.2,23.7,31.2,31.9,92.8,94.5,33.8,0.6,90.4,9.0,0.1,0.0,53.6,0.2,1.2,44.4,0.7,1.7,0.0,99.9
95410911,rural,4995.0,7.2,9.7,10.7,50.4,53.1,29.2,23.1,1.1,7.9,4.3,4.9,5.4,6.8,7.5,5.7,5.9,5.5,4.9,4.3,3.6,5.5,5.9,26.1,66.7,0.7,6.5,29.4,3.3,97.1,57.7,1.8,37.9,5.0,1.2,1.0,11.6,99.6,0.4,0.0,0.0,99.0,1.1,3.6,46.4,0.1,59.5,5.3,29.5,0.7,0.0,1.4,3.5,53.7,1.78,810.0,18.299999999999997,13.4,1302.0,3.8,97.8,0.0,91.0,37.3,0.0,0.0,2.0,97.1,0.8,1.5,2.2,5.8,19.0,50.9,24.2,51.8,61.0,7.1,0.2,8.1,91.6,0.0,0.0,45.9,0.0,1.2,52.5,0.5,2.2,0.1,100.0
95410915,rural,9004.0,7.2,8.5,10.6,33.8,41.1,32.4,27.0,2.3,8.7,6.9,6.5,6.4,6.5,7.2,6.5,6.2,5.3,4.5,3.1,2.4,3.6,4.5,31.6,62.8,1.5,4.0,28.4,2.7,96.5,38.4,1.0,30.2,17.6,6.2,3.9,98.3,23.2,0.1,0.1,0.7,99.8,0.6,4.4,18.9,1.1,17.8,16.7,56.0,1.9,0.6,1.5,4.3,49.0,1.72,1569.0,13.6,9.1,1998.0,4.5,96.3,0.4,98.1,99.3,0.1,0.1,40.1,58.8,0.8,1.6,3.3,27.4,42.0,24.0,6.6,98.2,98.4,72.0,2.3,14.8,83.0,0.5,0.0,87.1,0.4,0.2,12.2,0.1,1.2,0.2,99.6
95410927,rural,6889.0,6.7,8.6,10.6,39.4,45.0,27.7,9.0,1.7,9.1,6.0,4.1,5.5,5.6,6.3,6.1,6.3,5.5,5.8,4.5,3.9,5.3,4.1,26.8,65.3,1.2,6.7,29.2,3.9,96.3,45.0,0.5,37.6,10.6,4.0,2.2,51.5,99.0,0.2,0.0,0.0,96.9,3.5,10.4,55.6,0.1,49.4,8.2,29.9,2.1,0.4,0.5,9.3,51.5,2.31,1287.0,19.5,13.7,1757.0,3.9,89.9,0.7,92.0,67.6,0.1,0.1,20.0,73.6,5.9,1.4,9.3,12.2,23.5,36.2,28.1,89.2,91.8,10.6,6.1,73.4,20.5,0.3,0.3,43.8,0.7,0.2,54.7,0.7,3.2,0.4,99.4
95410941,rural,4038.0,7.1,8.8,10.5,44.0,47.8,30.9,24.6,1.6,9.9,6.2,6.1,6.8,5.7,5.6,6.0,6.2,5.1,4.9,3.6,3.0,4.3,5.5,31.3,64.0,1.1,3.7,29.3,3.6,92.8,50.1,1.2,37.9,9.4,2.6,1.0,31.0,99.2,0.4,0.0,0.0,99.0,1.2,4.4,58.4,0.1,6.7,3.9,61.8,0.3,5.8,2.0,19.4,51.0,1.78,691.0,15.8,10.899999999999999,1023.0,3.9,98.4,0.0,90.7,38.6,0.0,0.0,2.3,96.6,0.8,1.5,1.6,7.5,14.6,54.6,23.3,63.2,62.7,2.2,0.3,18.3,81.4,0.0,0.0,27.2,0.1,0.5,71.7,0.6,1.4,0.3,100.0
95410943,rural,10736.0,7.7,9.5,10.1,32.0,36.9,41.7,17.0,3.7,8.2,6.7,6.1,6.7,7.1,7.4,6.4,6.0,5.0,4.4,3.2,2.4,3.1,5.7,31.0,60.9,2.7,5.3,28.3,3.3,97.8,36.4,1.7,31.7,17.8,7.1,4.8,95.3,48.9,0.4,0.0,0.0,99.7,0.6,16.1,41.0,0.2,16.6,7.7,72.5,0.9,0.4,1.1,0.6,49.4,2.36,2699.0,13.1,8.7,2541.0,4.2,92.0,2.5,94.7,96.0,0.0,0.0,49.7,50.1,0.2,1.5,5.5,14.0,34.6,32.4,18.9,95.7,98.0,63.7,2.9,58.6,38.5,10.6,11.2,92.8,0.0,2.4,4.8,0.0,0.4,0.0,78.2
95410945,rural,14878.0,8.1,10.2,10.7,29.6,34.0,46.3,19.7,4.5,9.0,7.3,6.9,7.6,7.1,6.8,6.4,5.5,4.0,3.6,2.6,1.8,2.5,4.7,32.8,60.4,3.0,3.8,28.4,3.2,97.4,33.9,3.0,33.5,19.5,6.0,4.0,92.6,55.6,1.1,0.1,0.6,99.6,0.6,11.0,50.7,1.3,17.4,3.7,75.3,0.9,0.5,0.8,0.1,50.1,2.22,3930.0,10.5,6.9,3423.0,4.3,77.3,12.4,98.4,99.1,0.5,0.0,89.4,9.8,0.3,1.5,10.2,23.2,34.9,38.3,3.6,98.8,99.6,38.7,1.4,29.6,69.0,0.2,94.1,94.1,0.8,0.7,3.9,0.4,0.3,0.0,5.7
95410951,rural,6604.0,6.9,8.8,10.1,47.3,50.6,30.2,48.7,2.4,8.2,6.4,5.9,6.6,6.0,6.4,5.6,5.7,5.2,5.4,4.6,3.5,4.8,5.1,27.2,64.9,1.9,6.1,28.7,3.6,96.7,53.5,2.6,32.4,9.6,3.0,1.8,27.9,99.4,0.2,0.0,0.0,99.7,0.3,8.4,53.5,0.5,31.1,8.8,56.8,1.1,1.3,0.0,0.4,50.3,2.35,760.0,18.3,12.899999999999999,1622.0,4.1,92.2,0.7,95.9,72.9,0.5,0.0,21.1,76.5,1.9,1.4,7.1,13.5,17.4,38.1,31.0,82.6,96.4,21.5,8.1,49.4,42.4,4.6,2.3,48.9,0.1,0.6,50.3,0.2,0.8,0.1,93.10000000000001
95410955,rural,4240.0,6.4,8.7,10.3,31.2,39.2,30.6,18.4,2.3,8.5,6.1,6.2,6.3,7.3,6.7,6.5,5.9,4.4,4.9,4.1,3.5,4.3,3.9,26.5,67.5,1.6,4.4,27.3,3.3,95.9,35.5,1.9,35.8,15.8,4.7,2.7,36.2,98.1,0.4,0.0,0.1,99.6,0.4,4.4,24.7,2.4,8.2,8.7,77.6,0.4,0.8,1.8,0.1,49.2,2.08,789.0,16.8,11.899999999999999,1072.0,4.0,88.6,3.6,88.7,88.0,0.2,0.0,48.4,41.7,8.6,1.4,7.9,44.1,22.6,21.0,12.3,86.2,88.6,31.7,1.3,31.5,67.2,0.5,0.0,51.8,0.4,0.4,47.4,0.0,1.0,1.1,99.5
95410957,rural,6856.0,7.1,9.2,10.4,40.0,44.6,32.1,22.4,2.9,8.2,5.2,4.9,6.0,6.8,6.9,6.6,7.0,4.8,5.4,3.7,2.6,5.2,6.1,28.9,63.9,1.9,5.3,27.3,2.8,98.3,45.5,1.9,33.2,12.1,5.1,3.2,62.6,96.5,0.4,0.0,0.2,99.6,0.8,13.6,54.6,0.5,16.0,10.9,70.6,0.6,0.1,0.4,1.0,53.2,2.06,1250.0,16.900000000000002,11.5,1699.0,4.0,88.6,7.0,97.6,96.9,0.1,0.5,49.4,49.1,0.7,1.4,4.4,14.7,26.7,30.6,28.0,95.4,97.4,47.0,0.8,92.2,7.1,0.1,24.1,76.0,0.1,0.2,23.1,0.5,0.6,0.2,75.8
95410963,rural,3017.0,6.3,8.6,10.4,41.9,42.4,25.2,29.0,1.9,8.3,6.4,5.2,5.2,5.9,6.5,6.6,6.9,5.6,5.9,4.1,3.0,5.0,8.1,31.2,61.4,1.4,6.0,28.0,2.9,97.9,47.6,2.1,35.9,10.7,4.8,4.2,50.8,98.9,0.3,0.0,0.3,99.5,0.7,7.5,33.2,0.7,20.5,18.1,51.0,1.2,0.0,0.2,8.2,50.8,2.33,404.0,18.0,12.1,824.0,3.7,90.3,1.8,94.2,96.1,0.4,0.4,21.8,75.4,1.2,1.7,7.9,11.3,12.6,23.5,52.5,72.6,89.3,11.0,0.6,72.2,27.2,10.9,68.8,38.1,0.0,0.0,61.8,0.1,0.4,0.8,20.299999999999997
95411101,rural,21628.0,7.6,9.7,10.9,29.3,34.2,37.9,20.0,3.2,9.2,7.4,6.9,6.8,7.0,7.2,6.4,6.0,4.4,3.9,2.5,1.7,2.6,4.2,30.0,64.0,2.2,3.8,26.6,3.1,97.6,33.7,3.1,34.5,17.1,6.7,4.3,97.0,35.4,0.7,0.0,0.1,99.3,1.0,9.7,38.7,1.8,13.6,5.9,70.1,1.1,0.5,1.5,5.6,49.1,1.96,4715.0,10.7,6.800000000000001,5069.0,4.3,78.1,9.3,95.0,98.5,0.4,0.1,61.0,37.7,0.6,1.5,12.6,19.3,35.3,30.9,14.5,99.0,99.5,73.2,2.3,82.7,14.9,1.0,61.8,83.4,0.1,5.3,11.0,0.1,1.0,0.2,37.2
95411103,rural,4065.0,7.9,9.1,8.8,49.9,52.1,29.6,27.2,1.9,8.2,5.8,5.8,5.8,6.4,6.0,6.5,6.0,5.7,5.3,4.6,3.5,4.5,4.4,28.8,64.1,1.2,6.0,29.2,3.4,93.3,55.6,0.3,28.6,10.9,4.8,3.2,15.3,98.6,2.4,0.0,0.1,97.4,2.6,8.2,45.4,0.2,12.6,16.0,56.1,0.9,0.0,6.0,8.3,49.8,1.97,651.0,17.9,12.6,1023.0,4.0,93.2,2.5,93.6,91.7,0.0,0.9,16.4,81.9,0.8,1.3,4.2,7.1,11.6,22.3,58.9,92.2,97.7,14.6,2.7,7.4,89.8,3.8,0.0,63.1,0.2,0.3,36.1,0.3,0.7,0.0,96.1
95411107,rural,4174.0,7.3,7.6,7.6,46.3,50.9,24.7,27.2,2.1,7.1,7.0,5.8,6.8,7.4,6.1,5.7,6.2,4.3,5.7,5.0,4.4,6.0,8.5,31.9,61.3,1.5,5.3,31.5,2.9,94.1,50.6,0.1,28.4,11.7,5.2,3.6,29.0,97.6,0.5,0.0,0.1,99.1,0.8,16.2,66.7,0.2,12.1,16.6,55.7,0.5,0.5,7.8,6.7,47.5,2.21,580.0,21.1,15.4,1056.0,4.0,93.6,0.3,96.3,26.8,0.3,0.0,24.2,74.3,1.0,1.3,6.1,16.1,23.2,31.7,29.0,80.0,94.4,4.5,1.7,6.2,92.1,0.2,0.0,55.2,0.3,16.4,27.9,0.3,2.2,0.2,99.8
95411109,rural,7767.0,7.9,9.9,10.4,42.6,47.4,37.0,13.7,1.8,8.0,6.8,5.6,7.5,7.3,7.1,6.4,5.6,4.2,4.2,3.3,2.4,3.4,3.7,30.0,65.1,1.3,3.6,28.8,3.0,96.2,48.5,1.3,31.7,12.3,4.3,2.9,60.8,97.3,0.6,0.0,0.1,98.4,1.7,11.5,40.1,1.0,17.8,5.1,72.1,0.7,1.5,1.1,0.7,47.5,2.54,1780.0,13.3,9.1,1732.0,4.5,96.0,0.7,94.6,86.9,0.5,0.2,46.8,51.3,0.9,1.4,3.3,20.4,27.4,28.8,23.4,98.4,97.9,53.1,0.5,11.4,88.0,0.1,0.0,78.2,0.3,0.0,21.4,0.1,1.3,0.3,99.9
95411113,rural,4967.0,9.9,11.4,11.6,50.8,56.8,29.8,15.9,2.6,8.3,7.0,5.6,6.2,5.5,5.5,4.7,4.6,4.5,4.8,3.5,3.1,3.9,4.7,26.3,66.5,1.6,5.6,26.2,5.2,97.2,59.1,0.2,32.7,7.3,2.0,1.0,22.6,99.3,0.4,0.0,0.1,99.3,1.4,1.6,21.7,0.5,32.8,7.5,37.7,1.0,0.7,1.4,18.4,51.1,3.39,836.0,15.3,10.5,1186.0,4.2,94.3,0.8,91.7,83.5,0.0,0.0,1.4,97.4,1.1,1.5,4.9,8.9,15.6,30.8,44.7,72.9,93.2,6.2,3.5,53.1,43.5,1.9,0.2,62.4,0.4,0.2,36.9,0.1,4.3,0.1,97.9
95411115,rural,13240.0,7.4,9.5,9.8,31.1,36.9,39.2,14.4,3.1,8.4,6.8,6.0,6.8,7.0,7.7,6.7,5.8,4.7,4.5,3.2,2.1,3.4,3.7,29.4,62.9,2.2,5.5,27.1,2.9,99.7,35.2,1.9,32.9,16.1,6.9,5.3,98.5,18.1,1.3,0.1,0.1,98.8,0.9,26.0,68.8,2.2,27.9,6.3,56.5,0.4,2.1,1.7,2.9,49.3,2.25,3257.0,13.200000000000001,8.700000000000001,3163.0,4.2,85.3,2.7,96.0,98.9,2.7,0.1,79.6,16.4,0.9,1.5,12.0,30.5,30.0,27.5,12.0,98.8,99.5,64.3,3.7,25.9,70.4,2.5,5.1,84.6,0.5,0.8,13.9,0.3,0.6,0.3,92.3
95411119,rural,5833.0,7.8,8.7,9.8,40.8,45.2,35.3,20.6,1.6,8.1,6.0,6.0,6.7,6.5,7.4,6.5,6.0,4.4,4.8,3.8,3.0,4.4,7.7,26.3,68.0,1.3,4.4,27.2,3.2,95.1,46.0,0.7,35.7,11.7,4.1,2.6,93.4,45.8,0.2,0.0,0.0,99.5,0.3,14.7,57.9,2.4,18.3,6.3,67.7,0.7,1.7,2.3,0.6,49.1,2.1,1205.0,16.0,11.2,1432.0,4.1,94.3,1.9,92.5,98.8,0.3,0.1,40.1,58.4,0.9,1.3,3.8,14.5,26.5,34.6,24.4,96.4,97.6,48.8,0.3,35.6,64.1,0.0,0.1,60.8,0.0,0.2,39.0,0.0,1.7,0.2,99.9
95411129,rural,17661.0,8.4,10.0,11.1,36.3,41.9,38.7,11.1,2.1,9.0,7.0,6.2,6.6,7.5,7.8,6.4,5.5,3.6,3.7,2.3,1.9,2.9,4.2,30.5,65.0,1.6,3.0,27.8,3.1,95.9,41.9,1.4,28.7,15.9,6.3,5.7,98.5,13.3,1.5,0.1,0.0,99.9,0.6,20.1,61.4,3.6,14.1,7.3,72.8,0.1,1.4,0.5,0.2,48.3,2.83,4284.0,10.8,7.1,3814.0,4.6,84.8,7.6,96.2,94.8,0.0,0.0,64.6,34.6,0.8,1.6,7.6,27.1,33.4,30.3,9.2,99.3,99.7,58.5,2.1,23.1,74.9,0.3,9.8,89.3,0.1,0.1,10.3,0.1,0.8,0.1,90.0
95411131,rural,3420.0,6.5,8.4,9.3,41.2,46.1,23.6,5.9,1.7,7.7,4.9,4.2,5.1,6.4,6.7,6.8,6.4,6.1,6.2,4.3,4.2,6.7,8.2,24.5,67.7,1.4,6.4,28.3,3.0,92.5,45.8,0.9,36.3,10.2,3.6,2.8,22.0,96.7,0.5,0.0,1.4,88.9,18.0,9.6,40.5,2.1,29.0,11.0,51.3,0.7,0.2,4.3,1.4,49.5,2.52,575.0,21.4,15.2,856.0,4.0,95.9,0.0,97.0,76.6,0.9,0.0,34.1,62.3,2.7,1.3,4.1,11.4,18.6,9.3,60.8,83.6,92.2,43.3,0.0,47.0,53.0,0.0,0.1,63.9,0.0,0.1,35.6,0.4,1.2,0.0,99.9
95411133,rural,3336.0,8.5,10.0,11.6,46.2,51.9,21.8,22.8,2.0,9.0,5.2,5.2,5.9,5.5,5.2,5.5,5.4,5.5,5.8,3.9,3.2,4.4,6.0,24.7,67.1,1.6,6.5,27.4,4.7,97.4,53.5,0.8,33.5,9.3,2.7,1.8,14.3,99.2,0.2,0.0,0.0,99.7,0.3,2.0,13.0,0.3,37.2,19.6,34.4,0.3,0.8,0.8,6.9,52.1,2.82,393.0,17.299999999999997,11.5,798.0,4.2,90.1,2.4,85.7,36.0,0.1,1.4,8.9,88.5,0.9,1.6,7.5,13.5,13.5,26.2,46.7,80.6,93.5,7.0,0.0,0.5,99.5,0.0,0.0,33.7,0.3,0.3,65.3,0.5,4.9,0.3,100.0
95411171,rural,13461.0,7.9,9.1,10.4,34.7,40.5,39.8,15.8,5.0,8.9,7.5,6.2,6.8,7.2,7.4,6.5,5.7,4.2,4.0,2.7,2.4,3.1,3.8,29.0,63.4,2.9,4.8,27.8,2.9,98.3,39.5,1.0,29.8,17.2,6.7,4.7,93.9,23.7,2.2,0.0,0.1,99.6,1.1,14.9,54.2,8.6,11.9,6.5,49.3,2.1,0.3,1.9,19.4,49.2,2.97,3278.0,12.2,8.2,3148.0,4.3,86.2,7.6,94.0,97.5,0.3,0.0,67.4,31.4,1.0,1.5,6.2,32.6,35.8,25.3,6.3,98.5,99.5,66.6,1.2,95.0,3.9,0.3,0.5,94.1,0.0,0.0,5.9,0.0,0.7,0.0,99.2
95510101,urban,5575.0,9.0,10.4,9.9,24.6,31.0,31.3,37.3,3.7,8.2,6.4,6.0,7.6,7.3,6.0,4.7,4.9,4.6,4.4,3.6,3.0,4.2,4.6,35.4,55.4,2.6,6.6,30.6,3.1,99.3,27.9,3.0,28.2,16.8,9.1,11.9,76.2,76.5,1.6,0.1,4.6,99.4,4.5,19.9,49.9,0.6,17.8,45.5,26.8,0.8,1.0,4.4,3.0,55.0,2.4,775.0,15.2,10.8,1337.0,4.2,66.9,20.9,98.3,98.7,0.1,0.0,65.7,31.5,1.3,1.6,12.1,5.7,19.7,61.8,12.8,92.1,98.4,35.2,46.0,3.3,50.7,77.2,16.5,84.5,0.2,0.2,14.7,0.4,,1.5,6.2
95510103,urban,4865.0,7.3,9.5,9.8,27.4,34.7,36.2,39.7,3.9,7.8,6.5,6.0,6.8,6.5,6.5,5.8,5.9,5.2,4.4,4.3,3.0,4.6,5.7,33.9,55.8,2.6,7.6,31.2,2.8,99.3,30.8,2.9,22.6,16.5,9.7,13.6,49.7,91.6,1.1,0.0,1.3,99.5,5.3,27.6,55.3,0.4,30.3,43.5,23.2,1.0,0.1,0.4,1.0,52.7,1.95,779.0,16.299999999999997,11.899999999999999,1294.0,3.8,73.6,11.6,98.1,94.7,0.0,1.2,53.6,43.7,1.3,1.3,14.8,8.4,22.5,53.7,15.4,97.0,98.9,32.2,84.2,8.7,7.0,82.1,15.6,95.2,0.2,0.5,3.8,0.2,,0.2,2.3
95510105,urban,8044.0,9.6,10.7,10.0,27.3,34.6,34.6,18.7,4.0,7.7,5.9,6.2,7.3,6.8,7.1,5.5,4.8,4.4,3.9,3.8,2.7,3.6,5.4,31.1,61.7,2.5,4.8,29.1,2.9,91.2,31.2,1.2,28.6,17.6,8.4,9.6,99.3,16.0,5.7,0.0,0.2,99.1,1.3,14.9,41.6,0.6,17.9,36.4,30.3,5.1,0.0,2.5,7.1,52.9,2.72,1581.0,13.999999999999998,10.1,1902.0,4.2,74.0,9.4,96.5,97.3,0.0,0.0,79.1,16.7,3.8,1.5,16.6,16.4,33.5,43.0,7.0,97.3,100.0,42.7,33.5,19.1,47.4,35.4,1.5,90.8,0.0,0.0,9.2,0.0,,0.4,63.1
95510107,urban,18359.0,8.4,9.8,10.1,18.7,25.8,38.1,19.5,3.9,8.5,7.3,7.3,7.8,7.4,6.8,5.3,5.2,4.2,3.8,3.1,2.4,2.7,3.0,37.6,54.5,2.6,5.3,30.8,3.2,98.4,21.1,2.1,24.8,14.9,13.3,19.0,83.5,66.1,3.6,0.1,5.6,99.6,1.2,34.7,73.2,2.3,20.1,50.9,20.4,0.7,1.4,1.9,2.3,51.8,1.82,4037.0,12.0,8.2,4218.0,4.4,56.8,31.4,99.4,97.8,0.0,0.0,93.8,5.2,0.8,1.3,11.8,12.1,38.0,45.0,5.0,97.3,99.8,41.8,79.1,7.7,13.2,97.3,1.0,96.6,0.1,0.0,3.2,0.0,,0.3,1.6
95510301,rural,2134.0,6.0,7.7,9.3,32.6,41.0,19.1,16.2,3.3,9.6,7.4,6.3,5.2,6.1,5.8,4.6,5.5,5.4,5.2,6.0,4.5,5.4,14.2,36.2,49.8,2.4,11.7,31.9,2.9,98.6,36.4,0.2,27.6,15.0,6.0,10.1,40.8,98.8,0.5,0.0,1.0,74.8,41.7,10.1,37.8,0.0,16.7,32.3,35.7,3.0,0.8,10.3,1.1,60.1,2.1,263.0,21.1,15.9,617.0,3.5,84.3,2.9,95.1,96.1,0.2,0.0,53.2,44.2,2.3,1.5,12.7,13.4,20.1,31.0,35.6,77.0,97.1,23.5,0.3,9.0,90.7,0.0,0.0,79.6,0.3,0.2,18.9,1.0,0.5,0.2,100.0
95510303,rural,5767.0,7.6,8.4,10.0,40.1,44.9,19.5,71.8,3.8,8.6,7.2,6.5,6.4,6.6,5.9,4.5,4.8,4.7,5.1,4.4,3.8,5.4,5.2,39.5,48.3,2.9,9.3,33.0,3.1,98.1,45.2,1.8,25.4,13.5,5.7,8.6,35.5,98.7,0.4,0.0,0.1,97.4,2.9,13.6,44.2,0.0,11.5,44.4,37.6,0.4,0.0,3.4,2.6,61.4,1.64,234.0,18.700000000000003,13.6,1335.0,4.3,85.9,1.8,97.6,82.6,0.0,0.1,6.9,92.3,0.4,1.9,12.3,4.1,6.7,42.2,46.9,81.3,96.8,1.8,2.4,40.9,56.7,52.8,32.3,56.9,0.0,0.4,41.9,0.7,0.5,0.3,14.899999999999999
95510305,rural,4996.0,5.8,7.3,8.9,44.8,49.8,17.5,34.1,2.9,7.5,5.2,4.9,5.4,5.8,5.7,6.1,6.1,6.5,5.9,5.5,4.7,8.7,11.9,31.6,57.6,2.1,8.7,31.9,2.5,97.7,49.4,1.1,23.8,12.7,5.5,7.1,9.9,99.1,0.4,0.0,0.2,98.1,2.5,12.0,37.6,0.2,25.1,35.3,15.3,0.4,0.0,4.0,19.7,58.6,1.39,451.0,24.8,18.9,1499.0,3.3,85.6,3.2,96.6,98.8,0.1,0.0,15.8,81.1,2.4,1.4,11.2,8.4,23.0,48.3,20.3,91.9,97.6,14.3,4.1,26.6,69.3,24.9,61.6,82.4,0.0,1.1,16.3,0.3,0.9,0.5,13.5
95510307,rural,2008.0,8.6,11.5,10.8,31.9,37.6,22.6,75.2,4.1,8.0,5.7,4.0,5.4,6.2,6.8,6.1,5.3,4.2,3.7,5.1,4.0,4.7,14.4,30.6,56.8,2.8,9.8,29.6,2.6,98.1,36.7,1.3,32.4,13.9,7.3,7.5,32.8,94.5,4.0,0.0,3.4,98.8,1.3,15.6,49.9,1.3,2.6,56.4,17.9,0.0,0.0,19.2,2.6,57.4,2.11,78.0,17.5,13.8,521.0,3.9,71.4,2.1,96.9,99.0,0.0,0.0,2.9,95.9,0.8,2.2,26.5,5.2,12.6,44.3,37.9,88.2,95.2,1.9,0.2,96.9,2.9,0.0,0.2,65.4,0.0,0.2,34.0,0.4,0.6,0.4,99.8
95510501,rural,2396.0,7.4,7.6,9.0,48.2,50.3,34.9,48.8,2.5,7.4,5.6,4.3,6.2,5.3,6.9,6.3,5.6,5.3,6.4,5.0,4.9,6.8,12.2,26.9,63.9,2.0,7.1,30.7,3.6,97.9,53.6,0.1,30.3,11.0,4.0,4.3,0.9,98.2,1.8,0.0,0.0,98.8,1.0,10.0,43.2,0.9,10.2,18.2,69.5,0.3,0.0,0.9,0.0,55.0,2.45,325.0,23.1,16.7,620.0,3.9,93.0,0.7,96.7,95.6,0.0,0.0,60.7,37.7,1.5,1.5,6.3,6.2,15.3,42.0,36.6,75.8,95.6,21.0,0.0,0.0,100.0,0.0,0.0,55.9,0.0,0.0,44.1,0.0,0.6,0.2,100.0
95510503,rural,6043.0,7.6,9.5,9.4,36.4,38.3,26.9,27.9,3.7,7.6,6.8,5.6,7.0,6.1,6.2,5.9,5.2,5.1,4.8,4.1,4.1,5.0,7.2,34.6,55.5,2.5,7.4,31.4,3.2,98.6,40.9,2.8,28.7,14.7,5.7,9.8,29.7,89.1,14.7,0.4,1.4,98.8,1.5,22.7,48.0,0.5,27.0,24.2,31.0,1.4,0.8,3.7,11.4,56.6,1.98,860.0,18.0,13.2,1338.0,4.5,84.6,6.0,97.7,96.8,0.4,0.9,81.9,14.1,2.3,1.5,9.4,12.0,17.3,50.9,19.8,89.8,97.2,31.1,0.7,0.1,99.2,0.2,0.0,81.8,0.3,0.8,16.3,0.8,1.0,0.5,99.8
95510505,rural,8248.0,9.5,10.8,10.8,35.9,40.6,34.1,38.2,1.8,9.1,7.3,7.2,7.4,6.4,5.9,4.4,4.5,3.5,3.2,3.1,3.2,3.6,7.0,37.5,55.9,1.3,5.3,30.3,3.9,97.5,41.3,2.1,28.7,15.8,5.7,7.2,91.7,38.1,4.5,0.1,0.2,99.4,0.8,18.1,60.5,0.2,33.1,17.7,44.4,1.3,0.7,0.2,2.6,52.6,2.57,1197.0,13.1,9.9,1505.0,5.5,92.7,2.7,90.6,96.2,0.1,0.1,25.4,73.6,0.7,1.9,4.6,18.6,17.6,43.6,20.2,91.0,97.1,14.9,1.1,11.1,87.8,0.1,0.8,75.1,0.1,0.1,24.2,0.6,0.7,0.1,99.0
95510507,rural,2530.0,6.9,9.6,9.8,43.4,45.1,19.9,18.3,2.3,7.8,6.0,4.1,5.6,4.7,6.0,6.1,6.4,5.8,5.3,4.5,4.8,6.5,6.3,33.2,55.8,1.8,9.2,28.8,3.0,98.7,48.9,2.1,34.2,10.5,4.0,4.2,41.3,98.9,0.7,0.0,0.1,99.3,3.3,11.0,41.5,0.3,32.6,16.8,45.4,2.3,0.7,1.3,0.7,55.4,2.07,304.0,21.1,15.8,660.0,3.8,89.8,0.8,93.6,98.3,0.0,0.2,5.9,92.4,0.8,1.8,9.4,8.1,10.2,37.3,44.4,83.0,97.6,3.2,0.2,0.2,99.7,0.0,0.0,63.5,0.3,0.0,28.8,7.5,0.2,0.8,100.0
95510509,rural,8773.0,9.6,10.2,10.7,29.0,36.0,23.6,12.8,3.2,8.1,6.9,6.3,6.9,6.4,6.2,5.1,4.5,4.3,3.4,3.6,3.3,4.5,3.9,33.6,57.9,2.3,6.2,30.2,3.6,98.3,33.3,1.7,27.9,15.9,8.4,10.1,87.7,85.8,1.5,0.1,6.6,99.5,2.3,6.2,29.1,0.7,32.1,23.5,30.2,1.6,0.1,10.4,1.4,55.1,2.7,1257.0,14.8,11.4,1756.0,5.0,91.4,3.2,97.1,97.5,0.0,0.1,48.3,51.1,0.3,1.8,5.4,18.5,32.5,36.3,12.7,98.2,98.8,20.9,12.2,2.5,85.3,15.3,9.0,75.7,0.2,0.3,23.6,0.2,0.8,0.2,75.7
95510511,rural,4166.0,8.1,9.6,10.7,43.2,47.6,18.1,12.0,1.6,9.0,6.1,6.3,6.9,6.2,6.4,5.1,5.1,4.3,3.8,4.3,3.2,4.8,9.1,36.2,57.0,1.2,5.6,30.9,3.1,96.2,49.5,0.3,30.2,10.8,5.6,5.4,24.5,98.2,18.8,0.0,0.1,99.3,1.0,15.6,38.1,6.9,9.5,29.0,29.8,0.8,0.4,2.7,20.8,55.4,2.16,476.0,16.1,12.3,926.0,4.5,75.6,1.5,96.7,96.2,0.1,0.1,16.3,82.7,0.9,1.6,22.9,16.7,21.2,32.6,29.5,74.5,96.0,6.9,0.8,98.5,0.8,0.2,0.0,96.1,0.2,0.0,3.5,0.2,4.2,0.0,99.7
95510701,rural,6227.0,7.8,8.7,9.2,23.9,29.2,29.0,13.9,3.6,7.6,7.4,6.8,8.0,7.0,7.0,5.3,5.0,4.2,3.8,4.1,3.5,4.8,3.0,40.6,50.2,2.4,6.9,33.1,2.8,93.9,26.8,1.7,28.4,18.2,8.0,14.6,79.7,96.8,0.2,0.0,1.3,99.5,0.6,15.5,43.3,0.5,10.6,15.2,20.6,3.8,0.1,48.0,1.3,53.0,1.75,1155.0,16.2,12.399999999999999,1271.0,4.9,94.8,0.7,98.8,99.8,0.0,0.0,63.6,35.9,0.5,2.0,4.5,11.0,33.2,39.2,16.6,98.5,99.3,30.6,0.9,21.5,77.7,0.4,0.0,95.6,0.0,0.1,3.9,0.4,0.4,0.1,99.6
95510703,rural,2994.0,4.7,6.7,8.0,46.4,49.6,21.5,31.6,4.4,7.5,5.9,5.0,4.4,5.7,5.3,6.5,6.3,7.1,6.2,6.8,4.7,9.0,9.4,35.2,49.9,3.1,11.9,31.2,2.5,96.6,50.7,0.9,23.1,11.1,6.8,8.5,31.2,96.9,0.6,0.0,0.1,97.3,3.0,11.7,58.1,0.0,28.2,49.0,17.2,0.8,0.3,0.8,3.7,55.4,1.36,355.0,26.7,20.5,975.0,3.1,79.9,8.4,93.7,95.9,0.0,0.0,35.4,62.5,1.7,1.3,11.7,11.1,20.7,28.2,39.9,54.3,83.8,22.6,2.9,55.4,41.7,0.6,0.1,52.3,0.3,1.2,45.1,1.1,0.5,0.3,99.3
95510705,rural,3143.0,9.6,8.9,10.7,25.3,38.4,22.4,25.7,4.4,8.4,5.7,5.6,6.6,6.8,6.4,5.7,5.3,4.2,3.2,4.2,3.9,4.6,2.7,34.0,57.8,2.9,5.3,31.6,3.3,93.7,29.0,1.7,27.0,14.5,8.7,9.6,99.0,40.0,0.3,0.0,0.4,99.6,0.5,11.1,32.1,1.1,12.4,47.0,12.7,0.0,0.0,10.0,16.8,56.1,2.18,370.0,15.9,12.7,651.0,4.8,93.5,1.2,99.8,99.8,0.5,0.0,55.0,43.1,1.4,1.7,5.2,4.6,26.3,66.7,2.3,98.2,99.8,62.9,0.8,4.9,94.3,1.1,0.0,68.3,0.3,0.0,31.4,0.0,0.0,0.0,98.9
95510707,rural,4297.0,6.4,7.9,9.2,42.0,45.9,24.3,35.7,4.5,8.2,5.4,4.7,5.6,5.9,6.0,6.5,6.8,5.7,5.4,4.9,4.8,6.9,11.0,36.7,51.1,3.2,8.9,30.1,2.3,92.8,47.0,1.1,27.4,12.7,6.4,6.4,20.0,98.4,0.6,0.0,0.1,96.4,6.5,14.8,52.8,1.2,13.6,22.4,42.4,0.2,0.2,16.7,3.3,57.3,2.14,514.0,22.0,16.6,1219.0,3.5,92.3,1.8,95.3,97.9,0.0,0.1,37.8,60.3,1.4,1.7,5.8,12.4,15.6,38.1,33.8,73.9,94.2,6.3,1.6,5.5,92.8,0.2,0.1,58.1,0.4,0.2,41.0,0.3,0.3,0.4,99.6
95510709,rural,3600.0,6.6,7.8,8.5,27.1,30.4,26.5,33.7,4.2,8.3,6.3,5.4,6.0,6.0,6.3,5.7,6.1,5.5,5.3,5.3,4.4,6.6,4.9,37.2,51.6,2.8,8.4,31.7,2.3,99.2,29.9,2.9,29.7,14.4,10.4,12.2,55.9,96.6,1.5,0.0,0.2,98.8,3.2,17.3,51.8,0.2,36.6,31.4,23.6,0.6,0.2,2.1,5.3,55.7,1.63,487.0,21.6,16.299999999999997,902.0,4.0,93.9,0.0,96.5,97.6,0.0,0.0,62.1,37.3,0.7,1.4,6.1,8.3,11.8,44.9,35.0,80.2,96.5,9.3,1.1,33.3,65.6,0.1,0.0,80.8,0.2,1.0,17.2,0.8,0.6,0.0,99.89999999999999
95510711,rural,3356.0,5.4,7.3,8.3,49.9,54.8,17.7,35.9,1.7,7.1,5.2,5.0,4.9,4.6,6.3,5.5,7.3,6.6,7.3,6.2,4.7,8.2,10.4,37.0,50.8,1.5,10.7,31.1,1.9,98.8,55.1,1.1,25.2,9.7,4.2,4.9,23.8,75.6,21.9,0.1,0.2,98.9,4.4,9.5,43.1,0.7,30.7,39.3,28.7,0.0,0.0,0.0,0.7,58.5,1.66,300.0,26.4,19.1,984.0,3.4,94.4,0.4,97.1,96.5,0.1,0.0,29.4,70.4,0.1,1.4,5.2,9.7,14.6,37.7,38.0,58.6,93.1,7.7,1.7,51.8,46.5,0.2,0.0,61.8,0.0,0.0,37.8,0.4,13.6,0.0,99.8
95810105,urban,6113.0,6.2,8.2,9.1,22.9,28.8,44.0,19.0,3.1,8.4,7.6,6.5,7.1,7.1,6.2,6.9,6.1,5.8,5.5,3.6,2.8,3.0,2.8,34.0,57.9,2.0,6.2,28.7,2.7,100.0,25.3,2.6,27.7,17.0,12.4,11.6,67.8,91.9,4.9,0.0,0.0,98.3,8.0,21.4,57.8,3.8,29.9,23.0,40.4,1.8,0.2,0.0,0.9,49.3,3.0,1666.0,14.899999999999999,9.4,1849.0,3.3,47.7,37.9,99.3,98.5,1.2,19.4,77.0,1.4,1.1,1.2,14.4,13.1,46.2,33.8,6.9,95.3,99.4,50.5,91.2,0.0,8.8,91.4,7.7,98.8,0.5,0.0,0.5,0.2,,0.0,0.9
95810107,urban,85830.0,6.4,9.1,9.7,18.3,26.4,41.1,19.7,4.4,8.4,6.8,5.9,6.8,7.1,7.3,7.0,6.2,5.2,4.5,3.1,2.4,3.9,3.1,33.4,57.6,2.9,6.1,29.5,2.5,98.0,20.5,2.8,25.7,16.6,15.0,13.5,74.9,89.1,0.8,0.1,0.5,99.1,3.8,33.0,73.3,4.1,26.1,26.8,38.6,0.9,0.3,2.0,1.2,51.1,1.72,21198.0,13.9,9.4,23860.0,3.6,63.9,28.8,99.5,99.4,1.0,9.7,88.5,0.2,0.5,1.1,7.4,19.6,32.2,44.8,3.4,97.6,99.8,82.4,86.7,13.0,0.3,27.5,71.6,99.4,0.3,0.0,0.1,0.2,,0.1,0.8999999999999999
95810301,rural,2322.0,3.7,5.4,7.1,60.5,64.6,19.0,5.4,2.2,6.1,4.6,3.6,3.2,4.5,5.7,6.5,8.2,7.2,6.8,7.1,7.0,13.2,8.0,24.8,64.4,1.7,9.0,32.0,2.3,91.2,65.4,0.1,21.2,7.2,4.2,2.7,10.1,99.1,1.0,0.1,0.1,94.1,6.6,9.3,43.0,0.6,18.1,22.9,52.4,0.9,0.0,1.7,3.4,56.3,1.41,349.0,34.099999999999994,27.299999999999997,813.0,2.9,97.2,0.0,97.5,73.1,0.1,0.0,73.5,24.1,2.3,1.0,2.8,22.5,34.0,24.0,19.6,81.6,94.3,4.7,1.9,94.2,4.0,0.1,0.0,68.0,0.4,0.0,31.1,0.5,1.1,0.0,99.89999999999999
95810303,rural,6089.0,5.3,7.6,8.6,46.4,50.8,30.2,30.1,2.3,7.0,5.5,4.2,4.9,5.6,5.7,6.3,6.7,7.2,6.0,5.5,5.2,8.7,10.2,25.9,65.8,1.7,6.6,30.4,2.5,98.5,51.4,0.3,28.1,10.7,5.1,5.0,18.9,98.4,0.4,0.0,0.0,98.4,4.4,13.2,49.0,0.9,34.3,21.9,33.7,2.0,0.1,0.6,6.6,53.1,1.67,1010.0,25.4,19.4,1793.0,3.4,90.3,5.9,98.7,80.3,0.0,0.0,66.0,31.4,2.5,1.0,3.8,8.2,18.9,45.6,27.3,88.8,95.6,18.0,1.6,65.9,32.5,2.2,16.5,76.1,0.3,0.3,23.3,0.1,1.1,0.1,81.3
95810305,rural,3849.0,4.7,7.3,7.7,54.4,58.1,23.1,35.9,2.1,7.0,4.6,3.9,5.1,4.3,5.5,6.2,6.7,7.4,7.7,6.9,5.7,9.2,12.2,24.8,62.5,1.5,11.3,31.5,2.2,96.4,59.5,0.3,25.0,8.1,4.2,4.3,21.6,98.7,0.5,0.0,0.5,97.6,3.2,12.6,44.6,0.9,20.5,31.2,40.4,2.8,0.0,0.4,3.7,54.8,1.56,458.0,29.5,21.8,1210.0,3.2,81.5,2.7,96.6,53.0,0.2,0.0,35.3,63.1,1.3,1.0,15.8,5.1,9.0,40.1,45.8,80.9,95.8,3.6,4.8,30.3,64.9,1.4,4.9,64.6,0.0,8.4,26.9,0.2,2.1,0.1,93.7
95810307,rural,4225.0,4.3,6.6,8.5,54.0,58.2,22.1,45.5,2.5,7.1,4.4,3.4,4.3,5.4,5.5,6.1,6.3,6.7,8.0,6.9,6.5,10.1,7.3,25.3,62.7,1.8,10.2,31.6,2.8,97.9,59.4,1.4,25.1,7.9,4.2,3.2,32.0,99.4,0.3,0.0,0.0,97.9,7.3,13.3,56.1,1.0,26.3,31.1,38.2,1.2,0.0,1.2,1.0,55.7,1.06,411.0,31.5,23.5,1327.0,3.2,96.8,0.3,98.6,83.3,0.2,0.2,53.6,44.2,1.7,0.9,2.9,5.7,25.2,52.0,17.1,85.9,94.9,19.5,2.9,66.7,30.4,0.7,0.0,73.4,0.0,1.1,25.3,0.2,2.0,0.2,99.4
95810309,rural,3282.0,6.6,8.3,9.3,41.1,42.8,26.4,42.6,2.9,6.2,5.3,4.8,5.4,5.5,6.9,6.4,5.9,6.1,5.5,5.2,4.8,7.8,7.2,28.7,60.5,1.9,8.9,29.6,2.2,98.9,46.1,1.9,32.9,12.2,5.5,4.8,39.4,99.2,0.4,0.0,0.1,98.8,2.2,4.2,53.3,2.9,26.2,20.6,40.2,1.1,0.0,1.3,7.7,55.8,2.07,378.0,23.3,17.8,910.0,3.6,92.2,2.0,97.8,95.6,0.1,0.0,25.4,72.7,1.8,1.2,5.8,7.0,17.0,35.5,40.4,95.1,99.1,18.7,1.4,23.4,75.2,26.3,0.1,71.0,0.1,0.2,28.5,0.2,0.9,0.0,73.6
95810311,rural,1972.0,3.9,5.2,5.3,49.3,61.2,22.8,40.8,3.1,5.4,4.5,4.5,4.2,5.8,5.3,5.3,7.2,8.2,7.6,7.7,7.6,12.4,11.7,26.6,59.5,2.2,11.7,34.0,1.9,89.8,52.3,1.8,20.6,7.6,3.7,5.2,13.7,96.8,1.5,0.0,0.0,98.7,5.1,8.5,33.6,0.4,33.8,24.6,19.7,1.8,1.3,3.5,14.9,53.8,1.64,228.0,35.3,27.700000000000003,710.0,2.8,92.8,0.8,98.4,47.1,0.1,0.4,49.6,47.4,2.3,0.8,6.3,7.1,12.4,46.5,34.0,67.6,96.1,32.0,6.2,66.1,27.6,0.7,0.1,56.0,0.0,1.8,41.7,0.4,0.7,0.1,99.19999999999999
95810313,rural,5478.0,6.0,8.8,10.0,46.6,48.8,28.6,17.7,2.0,7.6,4.2,3.6,4.8,5.4,7.2,6.3,6.4,5.9,5.8,5.3,4.6,8.1,6.4,24.9,63.6,1.4,10.0,29.6,2.4,97.6,52.7,0.6,31.6,9.9,5.0,4.2,23.4,99.6,0.1,0.0,0.0,99.1,2.3,16.6,54.2,1.9,32.5,17.6,31.6,0.6,0.0,1.4,14.3,54.4,2.2,970.0,23.799999999999997,18.0,1551.0,3.5,90.1,7.7,98.1,78.1,0.2,0.1,62.1,34.0,3.6,1.0,2.2,10.5,24.1,48.7,16.7,94.6,98.4,25.0,1.0,80.2,18.9,16.7,0.4,81.9,0.1,6.3,9.5,2.2,0.8,0.1,82.9
95810315,rural,3511.0,4.6,6.2,8.0,50.0,58.8,20.8,24.6,3.0,5.9,4.1,3.3,4.6,4.8,5.8,6.7,6.8,7.3,6.7,6.6,6.9,11.8,7.0,23.9,62.1,2.2,11.7,30.3,1.9,97.7,54.6,1.4,22.8,8.3,5.0,3.7,27.8,98.1,0.4,0.0,0.1,99.6,1.3,15.1,38.8,1.3,28.0,34.2,30.6,1.3,0.0,1.8,2.7,56.1,1.2,447.0,32.0,25.3,1231.0,2.9,85.6,5.9,98.7,74.4,0.1,1.1,51.6,42.8,4.3,0.8,8.5,9.8,21.4,40.1,28.8,91.7,98.5,60.9,0.7,5.7,93.7,16.3,0.1,72.7,0.2,0.5,26.5,0.2,0.9,0.0,83.6
95810317,rural,1685.0,3.3,5.7,7.2,43.8,52.5,31.5,49.9,2.2,6.8,5.6,4.3,3.6,4.2,5.3,7.0,6.8,7.7,7.3,6.0,7.4,11.9,19.8,25.3,61.5,1.7,11.5,32.5,2.5,94.3,47.3,1.7,22.4,10.1,7.2,6.2,52.5,99.3,0.3,0.0,0.4,95.4,5.3,17.2,42.2,8.1,18.8,27.4,39.9,2.2,0.9,1.3,1.3,51.6,1.71,223.0,32.6,25.3,539.0,3.1,95.0,1.5,98.3,86.6,0.4,0.4,56.7,39.2,3.2,0.8,3.5,8.6,16.2,32.7,42.6,80.1,96.1,18.0,0.9,11.2,87.9,0.4,0.6,49.6,0.0,3.3,46.5,0.6,1.2,0.2,99.10000000000001
95810901,rural,2412.0,4.9,7.0,7.4,40.5,44.7,32.5,36.2,3.7,6.2,5.2,4.4,5.1,5.5,5.7,6.0,5.8,8.7,6.8,6.1,5.8,9.3,6.2,30.2,53.3,3.0,13.5,30.0,2.1,98.6,44.1,3.9,28.1,10.2,6.5,6.6,66.8,96.4,1.0,0.0,0.0,99.6,0.7,21.4,55.9,1.5,17.6,26.1,52.4,1.0,0.0,1.5,0.0,56.0,1.49,403.0,28.0,21.2,855.0,2.8,81.4,8.5,96.5,91.8,0.0,3.6,49.2,46.3,0.9,1.0,10.1,6.9,14.1,38.8,40.3,86.3,96.6,28.5,8.5,0.2,91.2,45.4,2.6,67.9,0.4,0.0,31.0,0.7,0.4,0.0,52.0
95810903,rural,3253.0,4.7,6.0,8.3,52.4,56.6,20.2,29.9,2.5,7.8,4.4,4.3,4.3,4.4,5.6,6.6,6.0,6.6,6.7,6.7,5.5,12.1,9.5,30.9,54.6,1.9,12.6,31.4,2.0,98.2,57.5,0.6,22.7,8.8,6.2,5.1,30.6,99.2,0.4,0.0,0.0,99.5,2.2,10.6,37.7,1.6,32.0,31.2,34.1,0.3,0.0,0.5,0.3,58.7,1.1,372.0,31.0,24.299999999999997,1135.0,2.9,91.6,3.4,98.1,90.6,0.0,1.2,58.2,39.0,1.6,0.9,4.9,6.4,20.2,43.4,30.0,91.6,97.6,19.3,3.7,38.7,57.6,1.1,6.5,75.8,0.3,1.3,22.2,0.4,0.2,0.0,92.4
95810905,rural,2736.0,2.7,3.8,4.8,40.9,48.8,23.6,21.9,4.1,5.8,5.5,4.5,3.8,3.5,5.5,5.7,8.3,8.4,9.1,8.4,8.2,12.0,8.0,36.0,45.5,3.3,15.2,31.6,1.6,92.4,43.0,4.2,23.1,9.8,8.1,6.0,76.5,99.0,0.4,0.1,0.0,97.8,3.9,14.6,50.4,0.9,27.5,21.3,31.5,2.7,0.2,4.0,11.9,57.2,1.03,447.0,37.7,28.6,1088.0,2.5,86.0,0.2,98.5,63.5,0.6,0.0,77.3,20.2,1.7,0.8,13.8,7.7,11.5,42.0,38.7,97.0,98.1,20.2,3.3,43.5,53.1,1.7,0.6,80.4,0.2,0.0,19.2,0.2,0.8,0.2,97.7
95810907,rural,1329.0,3.0,5.6,6.7,41.9,44.9,27.6,35.2,4.3,5.6,4.3,4.2,3.8,4.6,6.4,6.2,7.9,7.4,8.9,6.5,7.0,11.9,10.8,30.0,52.9,3.7,13.3,31.8,1.8,97.7,45.1,5.6,26.9,9.6,6.9,6.1,63.4,98.0,0.0,0.2,0.1,99.9,5.5,19.5,58.4,1.0,10.0,35.3,50.2,0.0,0.5,0.0,3.0,53.5,1.57,201.0,34.3,25.4,518.0,2.6,76.7,1.2,94.0,49.0,6.4,0.8,50.0,39.0,3.9,1.0,22.1,11.0,11.2,29.7,48.1,85.3,94.0,13.8,8.3,43.8,47.9,0.2,0.0,70.3,0.2,5.2,23.8,0.4,1.2,0.0,99.80000000000001
95810909,rural,1939.0,3.7,6.7,6.8,42.8,51.0,24.0,29.9,3.6,5.9,4.6,3.6,4.4,4.8,5.8,6.1,7.2,8.1,7.9,6.5,5.6,12.4,8.1,29.8,53.9,2.9,13.5,30.1,1.9,98.8,46.2,1.2,25.6,10.9,6.0,5.3,58.4,99.4,0.4,0.0,0.0,99.5,3.1,22.4,55.5,2.2,34.8,22.2,28.9,3.0,0.7,1.9,6.3,55.5,1.8,270.0,32.4,24.5,741.0,2.6,82.2,1.2,97.1,53.7,0.3,0.0,58.0,39.2,2.4,1.2,16.6,9.4,10.5,24.5,55.6,93.5,98.2,18.9,0.7,0.8,98.5,0.0,0.0,93.5,0.1,0.0,6.3,0.1,1.4,0.1,100.0
95810911,rural,1083.0,2.8,7.0,5.5,42.4,52.1,21.4,29.1,4.4,4.8,3.4,3.4,5.1,4.3,5.4,6.5,7.4,7.3,10.1,8.1,6.6,12.3,14.0,29.0,51.3,4.4,15.4,33.7,1.8,98.7,45.0,0.6,30.8,9.0,3.2,4.2,55.5,99.5,0.5,0.0,0.1,99.5,1.1,9.4,29.0,0.7,23.0,30.9,34.5,0.0,0.0,0.0,10.8,56.0,1.04,139.0,37.099999999999994,27.0,464.0,2.3,81.5,3.5,95.0,21.5,0.2,0.0,60.7,36.1,2.8,0.9,15.0,12.8,13.7,51.1,22.4,77.4,92.6,4.6,3.5,83.3,13.3,0.4,0.2,59.8,0.0,3.7,36.3,0.2,3.9,0.2,99.3
95811101,rural,4598.0,5.0,6.7,7.7,44.9,50.9,24.0,24.5,1.9,6.6,5.0,3.8,4.3,5.8,5.7,6.6,6.4,7.2,7.0,5.7,5.5,10.9,5.8,24.4,65.4,1.3,8.9,30.7,2.3,96.8,49.1,0.5,25.6,11.0,6.7,5.3,30.0,98.9,0.4,0.0,0.2,98.2,10.0,15.2,58.7,1.2,17.1,18.8,54.9,1.2,0.0,0.6,6.3,54.2,1.82,672.0,29.1,22.1,1378.0,3.3,88.5,1.7,99.7,93.7,0.4,0.0,46.2,51.4,1.7,1.0,9.8,4.7,16.8,39.5,39.0,98.8,99.6,35.2,1.6,33.6,64.7,0.5,0.0,87.2,0.3,0.4,12.0,0.1,1.0,0.1,99.5
95811103,rural,8709.0,5.2,7.2,9.1,41.2,44.9,28.1,24.2,3.5,7.3,5.8,4.4,4.7,6.0,6.3,6.8,7.0,6.2,6.5,4.7,4.8,7.9,5.5,28.1,61.6,2.4,8.0,30.5,2.5,99.0,45.7,1.6,27.8,13.2,6.9,5.7,33.5,98.8,0.2,0.0,0.4,97.7,7.5,8.1,43.9,2.4,27.3,16.2,47.7,0.3,0.2,1.4,4.5,51.7,2.42,1456.0,23.9,17.4,2650.0,3.3,85.7,3.8,98.4,34.4,0.9,0.2,83.6,15.0,0.3,1.1,10.4,4.8,10.5,35.2,49.5,98.2,99.3,36.1,15.0,80.9,4.1,28.8,9.5,92.1,0.4,0.2,7.3,0.0,0.6,0.0,61.7
95811105,rural,8880.0,5.9,8.9,9.2,43.2,47.7,33.4,21.1,1.4,7.4,5.7,4.5,5.4,5.8,6.2,6.7,6.4,5.9,5.8,4.3,3.9,8.0,6.2,29.3,61.8,1.0,8.0,31.8,2.7,97.2,48.4,1.7,27.6,11.5,6.0,5.5,45.2,98.8,0.6,0.0,0.0,98.9,4.9,15.9,57.1,0.5,28.1,12.2,54.6,0.9,0.3,2.6,0.7,50.2,1.39,1778.0,22.0,16.2,2485.0,3.6,95.8,2.4,98.6,81.1,0.0,0.2,67.2,31.8,0.5,1.2,1.7,8.3,25.5,33.7,32.4,98.8,99.2,26.5,14.0,9.1,76.9,0.3,19.3,86.4,1.1,0.2,12.3,0.0,0.7,0.4,80.5
95811107,rural,6002.0,5.4,7.4,8.2,35.1,39.2,28.2,23.6,3.7,7.5,5.9,4.0,5.7,5.9,6.3,6.6,7.3,6.7,6.0,5.0,3.8,8.3,6.6,30.1,57.3,2.8,9.8,30.7,2.1,97.5,38.5,2.4,29.7,14.0,7.8,6.8,62.1,80.5,0.3,0.0,1.3,99.7,0.4,21.5,71.3,0.5,25.2,10.6,60.4,1.5,0.4,1.1,0.4,53.2,1.45,1023.0,23.1,17.1,1797.0,3.3,93.7,1.0,97.9,48.3,0.3,0.0,66.3,32.6,0.6,1.1,5.3,6.0,13.1,43.3,37.6,97.5,98.8,51.8,0.2,23.8,76.0,0.4,0.1,91.6,0.3,0.3,7.6,0.2,0.6,0.1,99.4
95811109,rural,4071.0,4.5,6.3,8.6,41.3,45.9,24.7,19.7,3.3,7.1,5.6,4.5,4.7,5.2,6.0,6.6,7.1,7.1,5.7,6.3,5.2,9.5,7.1,27.7,61.1,2.2,9.0,32.1,2.6,96.7,45.6,0.3,28.1,11.9,7.8,6.0,37.5,99.6,0.1,0.0,0.0,98.8,1.9,19.9,56.5,0.9,31.8,13.4,23.3,1.5,2.6,3.4,23.0,52.7,1.73,651.0,26.7,21.0,1180.0,3.5,92.3,1.0,98.6,92.5,0.1,0.0,31.9,66.7,1.1,1.0,6.7,7.9,11.9,33.4,46.9,95.3,98.1,11.4,10.0,44.6,45.4,5.8,8.6,89.1,0.4,0.4,10.0,0.1,0.6,0.2,85.6
95811111,rural,12510.0,5.9,9.0,9.5,29.0,36.4,33.5,24.8,2.8,8.1,6.4,4.6,5.5,6.0,6.8,6.6,6.8,5.5,4.8,4.3,3.5,6.7,5.6,30.1,59.6,2.4,8.0,30.4,2.8,98.5,32.7,2.5,27.5,14.8,10.9,7.9,92.5,59.1,1.3,0.0,0.9,99.2,5.1,19.3,57.2,1.9,25.7,17.7,43.3,1.9,1.1,3.6,4.6,51.8,2.17,2379.0,19.3,14.5,3458.0,3.6,88.2,7.3,98.9,93.1,0.3,0.0,60.0,38.6,0.4,1.2,4.5,10.3,17.6,41.0,31.1,96.3,98.6,41.6,3.2,20.7,76.1,2.1,51.2,93.0,0.7,0.6,5.7,0.0,0.8,0.7,46.7
95811113,rural,4607.0,6.4,8.2,9.2,43.9,49.7,29.4,29.8,2.2,7.9,5.5,3.8,5.3,5.8,5.9,6.5,6.7,6.8,6.4,4.1,4.1,7.4,8.0,26.6,65.9,1.6,5.9,30.0,3.1,97.4,49.2,1.2,29.6,11.9,4.1,3.5,35.5,99.5,0.6,0.0,0.1,94.4,25.2,14.7,58.0,1.0,29.8,11.3,55.7,0.4,0.7,0.4,0.7,52.8,2.01,724.0,22.0,15.6,1290.0,3.6,98.4,0.1,96.7,45.1,0.0,0.0,25.4,74.3,0.3,1.1,1.5,5.8,15.5,31.3,47.4,92.4,97.1,5.0,1.8,44.8,53.4,0.0,0.0,71.0,0.2,0.1,28.8,0.0,1.0,0.0,100.0
95811115,rural,9863.0,5.1,7.5,7.5,25.6,30.4,34.4,17.5,3.1,6.8,5.5,5.0,5.5,5.8,6.9,7.0,7.3,7.1,6.3,4.9,4.0,7.7,5.4,30.1,57.7,2.5,9.7,30.0,1.9,98.8,28.0,3.2,30.2,16.4,11.0,8.8,43.5,88.7,1.8,0.1,0.8,99.2,1.7,20.3,59.4,1.6,24.8,21.2,47.7,0.5,0.7,0.5,3.0,51.9,0.99,2236.0,22.9,16.6,2979.0,3.3,86.3,5.9,97.7,82.5,0.9,0.6,76.8,20.3,1.3,1.0,7.9,9.3,20.9,48.4,21.4,99.2,99.8,57.3,1.8,21.7,76.5,4.5,49.2,94.0,0.0,0.2,5.6,0.2,0.3,0.0,46.3
100710101,urban,15430.0,8.5,9.4,9.9,23.8,32.1,43.1,51.6,4.4,9.0,7.7,7.8,8.0,7.8,6.9,5.4,5.3,3.9,3.3,2.8,2.0,2.3,4.2,40.0,52.3,3.1,4.6,31.7,2.9,98.0,26.9,2.2,20.2,12.9,11.2,21.3,76.4,21.0,3.9,0.2,56.9,99.6,2.5,14.8,51.2,1.4,15.2,61.2,12.2,1.5,0.3,1.0,7.3,51.2,2.16,2325.0,10.399999999999999,7.1,3476.0,4.4,62.6,29.2,99.5,99.8,0.1,0.2,99.3,0.0,0.2,1.4,8.2,19.6,53.8,25.7,0.8,99.7,99.9,72.5,96.4,3.2,0.4,20.3,79.4,98.8,0.2,0.7,0.3,0.0,,0.1,0.3
100710103,urban,4692.0,9.2,12.0,10.9,22.9,32.3,33.8,24.3,4.4,8.3,7.6,7.5,7.9,7.4,6.6,5.9,4.8,3.5,3.2,2.4,1.4,1.6,5.3,35.6,58.8,2.7,2.9,30.0,3.7,98.2,26.3,1.5,22.9,15.0,13.3,15.1,93.5,15.1,4.2,0.1,41.2,99.5,1.1,16.0,54.3,0.5,16.1,54.2,21.7,1.5,1.0,0.5,4.5,49.5,2.5,814.0,8.6,5.4,1104.0,4.3,46.3,44.7,98.6,98.8,0.0,0.3,98.6,0.4,0.3,1.5,9.1,18.4,37.5,43.8,0.4,99.3,99.6,66.3,96.6,2.1,1.3,41.5,57.5,99.0,0.0,0.3,0.6,0.1,,0.5,1.0
100710301,rural,2526.0,6.6,8.2,9.2,38.5,47.6,31.4,41.3,4.8,8.7,9.3,7.7,7.9,7.4,6.5,5.9,6.3,4.5,4.5,2.9,2.1,2.5,3.0,46.1,46.3,3.2,4.4,34.6,2.7,89.8,41.2,1.1,16.3,10.1,8.9,16.0,97.2,5.5,0.1,0.0,94.7,99.0,1.0,40.0,70.5,0.0,41.5,37.3,15.5,4.5,0.6,0.6,0.0,47.9,1.92,354.0,12.0,7.5,476.0,5.3,60.4,34.5,99.4,97.5,0.3,0.6,88.9,4.1,0.9,3.1,5.1,51.9,25.6,20.9,1.6,96.8,98.7,4.1,1.9,93.7,4.4,0.0,0.0,90.5,0.0,0.0,9.5,0.0,1.5,5.1,100.0
100710303,rural,3367.0,8.2,10.0,9.5,33.0,39.6,45.5,78.7,6.3,9.0,7.8,8.3,7.9,6.1,6.6,5.2,5.2,4.4,3.2,2.9,2.1,3.5,6.7,37.7,54.4,4.0,3.9,31.4,3.7,95.0,36.7,3.3,22.2,14.1,10.3,10.5,97.5,1.4,0.1,0.0,91.4,99.9,0.1,21.5,53.7,1.3,14.4,63.1,20.3,0.4,0.0,0.0,0.4,49.7,1.92,236.0,11.7,8.5,677.0,5.0,66.6,13.9,80.3,77.5,0.5,0.0,57.6,41.8,0.0,1.9,19.6,31.5,24.6,32.5,11.4,99.3,98.9,18.6,1.3,0.5,98.2,77.7,0.3,85.8,0.0,0.0,12.9,1.3,1.6,0.2,22.099999999999998
100710305,rural,983.0,10.6,4.2,2.3,43.0,52.3,45.2,57.9,3.1,3.2,9.3,7.9,11.4,7.6,8.7,7.1,7.2,4.8,5.0,3.4,3.4,4.0,4.0,32.6,62.0,2.5,2.9,32.3,3.5,81.4,42.7,3.0,8.2,8.2,8.4,19.8,67.5,27.7,1.6,0.0,69.1,99.8,0.2,14.9,57.3,3.9,41.9,33.5,12.3,7.1,0.0,1.3,0.0,50.1,2.25,155.0,15.8,10.8,177.0,5.6,40.0,0.0,80.0,0.0,4.0,0.0,76.0,16.0,4.0,15.4,60.0,64.0,20.0,4.0,12.0,88.0,92.0,56.0,0.0,0.0,100.0,0.0,0.0,44.0,0.0,0.0,56.0,0.0,0.4,0.0,100.0
100710501,rural,582.0,6.9,11.9,8.6,35.7,42.1,54.4,13.9,7.9,6.5,9.6,8.6,7.4,6.7,5.0,7.6,7.2,4.1,3.6,1.9,1.9,2.6,1.9,36.9,57.0,3.8,2.4,31.7,4.4,97.3,38.5,3.6,20.3,11.2,8.8,14.1,93.3,4.3,0.0,0.0,89.5,100.0,0.7,28.0,57.6,1.0,25.8,31.3,24.2,9.1,0.5,8.1,0.0,45.4,2.44,198.0,10.0,6.4,170.0,3.4,18.3,19.3,99.1,0.9,0.0,0.0,51.4,16.5,29.4,2.9,62.4,8.3,34.9,56.9,0.0,75.2,75.2,2.8,0.0,81.7,18.3,27.5,0.0,79.8,1.8,0.0,18.3,0.0,1.2,2.8,72.5
100710503,rural,1056.0,9.6,11.9,10.5,44.8,50.8,40.1,27.1,2.3,10.2,10.4,8.2,8.0,6.4,4.5,5.7,4.6,3.3,2.3,1.5,0.9,1.7,3.4,41.2,53.8,1.9,3.1,29.7,4.4,88.5,49.4,2.1,19.6,8.7,7.8,11.1,80.5,14.2,7.5,0.3,84.1,99.8,0.4,7.4,51.1,0.0,29.0,39.5,15.7,4.8,1.9,5.2,3.8,48.7,2.57,210.0,6.4,4.1,217.0,4.9,50.0,36.7,70.9,1.3,0.0,0.0,91.8,3.2,3.8,2.4,13.3,53.2,29.1,17.7,0.0,85.4,88.6,70.9,1.3,86.7,12.0,0.0,0.0,76.6,0.0,0.0,23.4,0.0,4.6,1.3,100.0
102610101,urban,15953.0,8.8,10.4,9.9,19.7,28.1,39.9,21.1,3.6,7.6,6.8,6.9,8.5,8.3,7.5,5.9,5.0,4.0,4.1,2.3,1.8,2.2,3.4,31.6,62.1,2.5,3.9,28.1,2.9,97.6,22.3,3.0,24.1,17.9,13.4,13.5,82.8,70.2,2.7,0.1,4.2,96.9,13.0,25.3,62.9,2.0,20.6,48.6,22.3,1.1,0.3,1.9,3.2,49.6,2.01,3553.0,10.399999999999999,6.3,4113.0,3.9,52.9,39.5,99.3,98.8,0.1,0.0,99.0,0.3,0.5,1.3,7.6,20.3,38.9,36.9,3.9,99.1,99.6,66.8,95.8,2.9,1.3,47.5,51.4,99.8,0.2,0.0,0.0,0.0,,0.1,1.1
102610103,urban,126364.0,7.5,9.6,9.8,19.9,28.7,39.1,33.2,5.4,8.0,7.5,7.0,7.8,7.4,7.2,6.1,5.6,4.4,4.1,3.0,2.3,2.9,3.5,36.3,55.2,3.6,5.0,31.1,2.7,97.2,22.5,2.8,22.5,18.4,13.5,14.1,94.6,30.4,3.1,0.1,18.0,99.6,2.1,26.0,61.7,2.9,24.8,35.8,30.3,0.8,0.6,2.2,2.7,51.1,1.74,24132.0,12.299999999999999,8.2,30343.0,4.2,54.7,37.5,99.4,98.8,0.4,1.3,97.8,0.1,0.4,1.3,7.9,21.1,43.6,34.2,1.2,99.5,99.9,81.6,98.6,0.7,0.7,75.1,24.5,99.7,0.2,0.0,0.0,0.1,,0.1,0.4
102610301,rural,2825.0,5.8,8.8,10.3,37.8,38.8,25.7,55.7,4.2,7.7,5.8,5.4,6.1,6.6,6.6,5.2,4.6,6.5,5.2,4.0,4.2,7.1,10.5,31.7,57.2,3.0,8.0,32.0,3.0,98.1,42.9,2.6,27.0,16.4,6.5,8.6,25.6,99.3,0.7,0.0,0.2,99.6,7.1,23.8,65.1,0.0,9.5,37.8,49.4,0.8,0.0,0.4,2.1,53.4,1.58,241.0,20.5,15.299999999999999,783.0,3.6,86.8,5.4,96.9,97.3,0.0,0.0,36.6,59.6,3.7,1.2,7.8,6.0,10.9,29.3,53.8,91.2,98.1,12.5,0.3,47.7,52.0,91.4,1.9,71.0,0.1,0.1,28.4,0.4,0.4,0.1,6.6
102610303,rural,941.0,6.0,8.0,8.9,42.3,47.9,40.6,47.8,2.5,9.9,5.1,6.3,7.1,7.1,7.0,5.6,5.0,5.4,6.0,4.3,3.0,5.4,6.2,35.3,56.1,2.5,6.2,32.6,3.2,80.9,47.2,0.0,22.7,13.8,8.8,6.7,0.9,99.3,1.2,0.0,0.0,71.3,31.0,9.6,38.8,1.3,66.2,23.4,1.9,0.0,0.0,0.6,6.5,48.7,1.43,154.0,18.700000000000003,12.7,222.0,4.2,97.3,0.0,95.9,45.9,0.0,0.0,11.3,86.9,0.9,1.4,2.7,0.5,2.7,27.0,69.8,98.6,98.6,31.1,4.1,71.6,24.3,0.5,0.0,47.3,0.0,17.6,35.1,0.0,1.6,0.9,99.5
102610305,rural,1137.0,7.9,10.6,9.4,49.9,51.7,24.5,47.3,3.0,8.2,3.9,4.0,5.5,5.7,6.5,4.8,4.1,4.5,5.9,5.8,6.1,7.1,12.1,25.5,65.0,2.1,7.4,30.4,3.3,96.8,56.2,3.1,26.9,10.3,5.0,3.0,17.5,98.9,0.6,0.1,0.0,98.3,9.9,13.8,60.3,0.9,15.1,41.5,30.2,0.0,1.9,4.7,5.7,54.3,1.92,106.0,24.9,19.0,298.0,3.8,90.6,1.0,97.7,96.3,0.0,0.0,58.1,40.3,0.7,1.0,8.4,4.4,18.1,46.0,31.5,90.6,98.7,19.5,25.2,0.7,74.2,37.6,0.0,70.5,0.0,0.3,28.9,0.3,1.4,1.0,62.4
102610307,rural,8510.0,5.7,8.3,9.4,33.4,38.9,25.5,34.9,3.7,8.1,6.1,4.0,5.3,6.0,6.3,6.2,6.5,5.5,5.6,4.8,4.3,7.8,7.8,30.9,57.4,2.4,9.3,30.8,2.8,97.2,37.4,1.9,27.3,14.3,8.8,8.8,20.6,99.2,0.5,0.0,0.1,99.2,16.5,22.1,63.0,1.5,25.6,27.5,36.0,0.6,0.3,1.3,7.2,53.6,1.91,1082.0,22.5,16.9,2160.0,3.9,95.0,0.5,97.1,97.7,0.2,0.0,54.4,44.9,0.4,1.2,4.5,7.1,15.0,36.8,41.1,95.6,97.5,36.4,0.2,1.6,98.2,7.6,0.9,96.1,0.1,0.4,3.3,0.2,0.8,0.1,91.39999999999999
102610307,urban,1805.0,9.0,10.9,11.5,21.5,28.0,38.6,13.2,1.8,8.1,6.3,6.6,7.8,7.8,7.1,5.5,4.0,4.2,2.7,2.7,2.5,3.2,2.2,31.4,62.1,1.7,4.9,28.5,3.2,98.4,24.7,3.7,26.0,17.7,12.1,12.6,42.6,89.6,3.2,0.2,0.2,99.5,26.6,18.1,68.6,1.9,24.9,27.8,39.5,1.0,0.7,1.5,2.7,49.1,2.02,413.0,11.100000000000001,8.4,479.0,3.8,50.3,44.6,98.3,96.2,0.0,0.0,99.2,0.0,0.8,1.3,5.1,50.9,11.8,37.1,0.2,97.9,99.2,60.0,56.4,42.5,1.1,86.1,7.2,99.8,0.0,0.0,0.0,0.2,,0.0,6.7
102610309,rural,3981.0,6.9,10.3,10.2,34.5,38.8,27.6,23.6,4.8,8.6,5.8,4.9,6.7,6.3,7.6,6.6,6.1,4.8,4.4,3.2,3.0,4.7,5.4,31.8,58.7,3.2,6.4,30.5,2.7,96.7,39.0,2.3,25.8,15.8,8.5,8.7,18.1,93.3,0.5,0.0,0.7,98.9,2.2,18.3,54.7,1.1,36.5,18.9,34.8,1.0,0.2,1.8,5.7,49.4,1.84,609.0,15.3,10.9,980.0,4.1,79.5,13.2,97.4,93.7,0.1,0.1,65.8,33.2,0.4,1.5,7.4,27.7,28.1,33.9,10.3,97.0,98.6,21.9,37.7,0.1,62.2,87.3,0.2,93.1,0.1,0.6,6.0,0.2,0.5,0.4,12.5
102610311,rural,2388.0,8.2,9.6,10.5,46.6,50.4,26.5,36.2,3.1,9.4,6.3,6.4,6.2,5.9,4.8,4.5,4.2,4.9,4.5,3.9,4.3,6.4,7.0,31.4,60.9,2.3,5.4,29.6,3.8,96.8,51.7,1.0,27.3,12.3,4.4,4.6,35.6,98.7,0.8,0.1,0.2,97.2,3.2,15.5,70.5,0.0,17.6,13.5,50.2,2.4,4.8,3.1,8.3,50.5,1.47,289.0,19.1,14.6,598.0,4.0,86.5,1.0,89.9,67.0,0.0,0.0,36.7,60.7,1.7,1.2,12.4,12.6,13.3,40.6,33.6,90.9,93.5,9.6,0.5,3.7,95.8,28.8,17.0,72.4,0.0,0.0,26.6,1.0,1.8,0.9,54.199999999999996
102610311,urban,6645.0,6.7,8.9,9.2,31.1,36.8,29.5,37.2,5.9,8.6,6.6,5.4,6.2,6.2,6.2,6.2,6.0,5.3,4.7,4.1,3.3,6.2,8.7,32.4,56.9,4.2,6.5,30.6,3.1,95.2,34.5,2.1,23.7,15.6,11.2,10.6,17.8,98.6,0.5,0.1,0.2,95.2,6.7,22.0,54.7,1.6,29.3,30.7,29.7,0.3,0.5,2.0,5.8,50.8,1.43,927.0,18.3,13.6,1734.0,3.8,79.8,5.7,97.0,95.4,0.0,0.0,90.4,8.6,1.0,1.3,14.5,23.1,20.2,46.8,9.9,97.6,98.3,24.6,29.0,23.1,47.9,66.1,21.2,89.0,0.0,0.4,10.1,0.5,,0.0,12.7
102610313,rural,4873.0,5.8,8.4,10.2,32.8,37.0,25.5,31.6,3.4,9.1,6.6,5.2,5.2,5.8,6.6,6.8,5.5,5.6,5.3,4.4,3.5,6.0,6.2,31.7,58.3,2.6,7.4,30.9,3.1,96.9,37.1,1.0,29.2,14.7,9.3,9.0,27.9,96.0,0.9,0.0,0.4,98.6,14.1,21.8,67.1,1.7,44.2,19.4,26.6,0.3,0.3,3.3,4.2,51.6,1.33,643.0,19.2,13.9,1197.0,4.1,86.9,5.1,98.3,94.4,0.3,0.7,68.2,29.5,1.3,1.3,8.0,6.2,20.8,45.7,27.3,97.3,98.8,38.9,34.5,38.7,26.8,59.6,13.0,95.6,0.4,1.0,2.7,0.3,0.9,0.1,27.4
102610503,rural,958.0,9.3,9.3,7.7,42.6,44.8,39.5,78.5,3.6,7.7,5.1,6.7,7.5,7.0,5.6,5.1,6.2,5.2,4.1,3.7,4.1,5.7,7.8,32.0,59.1,2.5,6.4,30.3,3.1,97.8,46.9,4.2,20.9,16.8,8.7,4.7,99.7,4.2,0.1,0.0,85.2,99.8,0.0,11.2,60.7,0.0,15.0,58.3,26.7,0.0,0.0,0.0,0.0,47.5,3.12,60.0,17.599999999999998,13.5,221.0,4.3,85.0,3.2,94.5,45.0,0.0,0.0,24.5,75.5,0.0,1.6,11.8,14.1,10.9,41.4,33.6,99.1,98.2,2.7,0.5,0.9,98.6,0.5,0.0,79.5,0.5,0.0,19.5,0.5,1.2,0.0,99.5
102610505,rural,3217.0,6.7,9.5,9.9,31.0,36.5,37.1,48.3,6.4,8.2,5.8,5.2,5.7,6.8,6.7,6.8,5.9,5.1,4.4,4.1,3.4,5.7,6.3,35.1,53.8,4.8,6.4,32.4,2.7,97.6,34.9,2.4,26.2,17.2,9.1,8.6,78.4,14.5,0.2,0.0,40.1,98.8,0.3,22.2,63.4,4.6,24.8,21.3,33.8,2.6,0.0,2.2,10.5,51.9,1.8,455.0,17.6,13.2,759.0,4.2,73.0,8.5,93.1,80.7,4.4,3.0,45.7,43.5,2.2,1.4,18.5,14.7,19.3,28.5,37.4,93.1,94.9,25.5,25.8,5.2,69.0,84.4,0.0,79.0,0.1,0.1,20.6,0.1,0.9,1.2,15.6
102610509,rural,3511.0,6.9,9.2,9.3,32.5,38.1,25.5,38.5,4.9,7.6,7.3,5.9,5.7,6.5,6.4,5.7,5.8,5.2,4.7,4.6,3.4,5.8,4.5,34.2,55.1,3.1,7.6,32.3,2.8,96.8,36.4,3.0,24.3,15.2,10.1,9.3,77.3,70.7,1.0,0.0,14.9,99.6,2.2,16.3,45.0,1.0,26.3,20.2,36.3,4.4,0.0,3.7,8.0,52.8,1.59,410.0,18.5,13.8,862.0,4.1,88.6,4.7,94.5,82.6,0.4,0.0,54.9,44.4,0.4,1.3,6.6,9.3,21.1,55.2,14.5,99.2,98.1,75.0,13.3,18.3,68.4,93.1,1.4,93.1,0.1,0.0,6.6,0.1,0.9,0.0,5.5
102610521,rural,798.0,8.8,11.2,10.2,19.6,38.1,46.8,74.3,2.5,8.4,8.8,6.3,7.4,4.9,5.8,6.5,6.5,5.1,3.3,1.4,2.1,3.5,2.0,35.8,55.9,3.0,5.2,30.4,4.2,93.7,22.4,0.1,23.1,16.9,11.4,10.4,99.6,1.1,0.3,0.0,93.4,99.6,1.4,44.9,78.6,35.8,22.4,32.8,3.0,1.5,0.0,4.5,0.0,49.4,2.87,67.0,10.299999999999999,7.0,137.0,5.8,94.2,0.0,87.6,71.5,0.7,0.0,88.3,9.5,0.7,1.5,5.8,4.4,16.1,79.6,0.0,99.3,100.0,98.5,0.0,0.0,100.0,0.0,0.0,59.9,0.0,0.0,40.1,0.0,1.1,0.7,100.0
102610701,rural,2932.0,8.7,10.8,10.5,33.6,37.0,37.4,50.3,3.8,7.7,5.8,5.5,6.8,6.3,6.9,6.9,5.6,4.4,4.3,2.9,2.9,4.0,2.9,29.6,61.8,2.7,5.9,28.5,3.1,96.8,38.6,4.0,29.1,16.3,7.9,5.7,92.6,81.5,0.6,0.0,3.9,98.9,1.3,20.1,54.5,1.1,28.7,14.7,36.6,2.1,0.3,0.5,16.1,51.3,2.64,380.0,14.1,9.8,722.0,4.1,89.1,3.2,97.1,81.4,0.3,0.0,79.2,19.4,0.8,1.5,7.7,26.3,44.7,26.0,3.1,96.5,97.5,41.1,36.6,61.0,2.4,83.9,0.3,96.9,0.4,0.4,1.8,0.4,0.9,0.3,15.799999999999999
102610707,rural,922.0,6.6,7.6,6.3,33.8,45.9,47.9,63.2,5.4,4.7,6.3,7.4,7.3,7.5,5.5,5.3,5.2,5.9,6.8,4.9,5.2,7.6,2.9,36.0,54.0,3.5,6.4,35.3,1.9,97.4,36.4,0.8,24.7,14.4,8.8,5.4,67.2,1.4,0.2,0.1,97.2,99.8,0.0,18.9,51.9,1.6,47.3,26.4,22.5,0.8,0.0,1.6,0.0,49.0,2.19,129.0,24.5,17.700000000000003,213.0,4.3,93.0,0.5,93.4,83.1,0.0,0.0,51.6,43.2,2.8,1.1,6.6,15.0,22.1,22.1,40.8,98.6,99.1,59.6,1.4,38.5,60.1,1.4,0.0,98.6,0.0,0.9,0.5,0.0,1.7,2.3,98.6
102610711,rural,432.0,7.9,8.1,8.6,27.5,47.0,32.2,15.2,10.4,6.0,3.7,5.3,6.7,8.1,7.2,7.2,5.3,4.6,6.7,3.7,3.7,7.2,3.9,28.2,55.8,8.0,8.0,30.9,1.5,95.8,30.4,0.7,28.0,15.0,6.9,2.3,96.1,8.8,0.0,0.0,91.7,99.6,0.4,1.5,35.0,2.2,23.6,18.0,47.2,6.7,0.0,2.2,0.0,51.2,1.62,89.0,21.3,14.600000000000001,121.0,3.6,64.2,0.0,91.7,70.0,0.8,0.8,46.7,50.0,1.7,1.0,35.8,35.8,24.2,35.0,5.0,92.5,93.3,81.7,6.7,41.7,51.7,0.8,71.7,95.0,0.0,0.0,3.3,1.7,1.0,0.0,27.5
102610713,rural,2554.0,7.0,9.4,9.6,31.0,37.4,41.5,46.4,6.1,8.3,7.1,5.8,6.2,6.5,7.1,7.8,6.3,4.8,4.5,2.9,2.2,4.3,4.1,36.7,51.5,4.6,7.3,31.5,2.5,99.6,34.9,1.4,24.3,17.9,11.3,7.8,83.2,18.4,2.1,0.1,61.5,99.7,0.3,23.9,63.3,1.2,19.0,27.6,49.0,1.0,0.2,1.2,0.7,50.5,1.88,420.0,13.900000000000002,9.399999999999999,663.0,3.9,64.0,12.1,89.0,76.7,0.9,0.0,61.6,31.9,5.4,1.2,23.9,22.8,17.7,28.3,31.2,95.5,96.1,30.0,0.6,30.9,68.5,68.4,0.5,88.7,0.2,1.7,9.4,0.2,1.2,0.2,31.200000000000003
102610715,rural,815.0,5.9,8.3,8.6,33.6,42.6,40.2,45.1,6.4,7.5,5.9,5.2,6.5,6.5,6.4,7.5,5.9,5.3,6.9,3.8,4.4,5.5,2.7,31.6,56.9,5.6,5.9,30.9,3.2,94.0,37.2,6.0,25.8,13.7,6.7,5.2,97.5,3.3,0.0,0.1,91.9,99.6,0.2,0.4,1.9,1.4,23.0,23.0,29.5,3.6,0.0,18.0,1.4,48.6,2.11,139.0,20.6,13.7,239.0,3.4,86.7,7.3,84.4,37.6,0.0,0.0,45.0,52.3,2.3,1.2,6.0,17.4,37.2,39.0,6.4,99.5,98.6,16.1,2.3,3.2,94.5,0.5,0.0,97.7,0.0,0.0,1.4,0.9,8.2,0.5,99.5
102610717,rural,865.0,4.4,6.9,9.1,27.2,29.2,31.7,29.8,8.2,9.0,5.2,4.5,5.0,6.1,8.0,8.7,7.7,4.9,6.4,4.3,4.6,5.2,4.7,36.5,49.4,5.7,8.4,34.1,2.1,100.0,30.2,4.6,33.1,14.0,12.1,6.9,97.6,27.1,1.6,0.0,5.8,99.5,1.6,19.5,59.0,0.0,29.4,19.6,49.7,0.0,0.0,0.0,1.3,52.7,1.41,153.0,20.5,14.099999999999998,245.0,3.5,80.7,4.5,94.3,92.6,3.3,0.0,60.2,34.8,1.6,1.1,14.8,12.7,23.8,36.9,26.6,95.1,98.4,51.6,20.9,3.3,75.8,97.5,0.4,91.4,0.8,0.0,7.4,0.4,0.2,0.0,2.0
102610719,rural,635.0,5.5,8.0,6.8,41.3,44.7,40.3,13.2,7.4,5.4,4.4,5.7,8.5,7.6,6.0,6.3,6.8,4.7,5.0,6.3,4.4,8.7,5.2,31.8,58.5,4.5,5.1,34.0,1.5,98.4,44.9,0.9,27.1,17.6,5.2,4.4,99.8,18.0,0.5,0.0,4.4,99.4,0.6,7.1,47.5,1.1,7.3,14.1,9.6,5.1,0.0,0.6,62.1,44.4,1.86,177.0,24.4,19.4,161.0,3.9,82.6,0.6,95.0,95.0,0.0,0.0,87.0,11.8,1.2,1.2,16.8,5.0,6.8,21.7,66.5,98.8,98.8,2.5,0.6,98.1,1.2,97.5,0.0,99.4,0.0,0.0,0.6,0.0,0.8,0.0,2.5
104730101,urban,5599.0,6.9,9.7,10.6,30.9,36.4,35.0,28.5,2.8,8.7,6.3,5.4,6.5,7.7,7.9,6.8,5.6,4.6,3.8,3.0,2.3,4.3,3.5,33.1,58.4,1.9,6.6,30.5,3.0,95.4,35.3,2.0,23.5,15.8,10.4,11.9,30.7,96.4,3.8,0.1,0.3,96.9,12.2,19.6,54.8,1.2,25.0,30.4,39.0,0.7,0.4,2.8,0.5,49.6,1.56,1020.0,13.399999999999999,9.6,1474.0,3.8,69.3,22.6,97.9,92.1,0.2,1.1,98.4,0.1,0.3,1.3,8.1,19.6,41.5,37.3,1.6,96.0,98.6,18.3,72.2,24.3,3.5,79.6,3.7,96.7,0.1,1.2,1.9,0.1,,0.0,16.8
104730103,urban,22329.0,6.7,8.3,8.5,20.2,29.4,40.8,18.9,5.1,6.7,6.1,6.5,7.7,7.5,7.3,6.6,6.5,5.8,5.1,3.4,2.6,4.6,5.6,34.1,55.3,3.7,6.8,29.3,2.2,97.7,22.4,2.2,24.1,18.9,12.8,12.6,96.0,53.9,2.8,0.1,1.6,99.4,4.3,20.7,58.8,3.3,24.7,35.8,27.7,1.3,0.9,3.8,2.5,50.2,2.14,5643.0,15.7,10.6,6387.0,3.5,53.1,37.0,98.0,98.0,0.1,5.9,92.4,0.0,1.3,1.1,9.9,14.0,25.5,54.8,5.7,99.1,99.5,76.6,89.9,9.2,0.9,66.3,33.1,99.9,0.1,0.0,0.0,0.0,,0.2,0.6
104730107,rural,2518.0,7.9,7.9,8.7,41.7,50.5,36.6,15.9,2.9,7.2,5.4,5.8,5.4,7.5,6.1,5.7,6.4,5.7,5.3,3.8,4.6,6.4,2.6,28.0,62.1,2.2,7.7,29.4,2.5,97.0,46.4,0.0,26.4,13.7,5.6,3.8,63.2,99.1,0.3,0.0,0.3,99.1,1.2,10.9,52.8,2.7,32.3,10.3,28.9,0.9,0.0,3.6,21.4,49.5,2.71,585.0,20.1,14.799999999999999,671.0,3.8,92.2,0.0,97.0,51.8,0.3,0.0,49.7,49.4,0.4,1.2,7.8,6.3,16.9,33.9,43.0,98.4,99.4,74.2,0.1,0.4,99.4,1.8,0.0,98.4,0.4,0.1,0.9,0.1,1.4,0.1,98.19999999999999
104730107,urban,7213.0,7.2,9.7,10.3,17.7,28.6,40.2,15.0,4.7,7.4,6.5,6.3,7.7,7.6,7.2,6.4,5.7,4.9,4.1,2.9,2.4,3.7,3.1,30.7,61.8,3.4,4.2,28.6,2.2,96.4,20.1,1.6,28.3,16.5,14.3,10.7,77.1,92.0,0.6,0.1,1.1,98.9,1.5,26.1,62.7,3.7,31.2,23.2,22.3,1.8,0.2,8.9,8.8,48.7,1.29,1793.0,13.100000000000001,9.0,2096.0,3.4,69.0,23.5,100.0,100.0,1.1,0.5,97.7,0.0,0.8,1.3,7.6,49.9,43.2,6.6,0.3,98.8,100.0,84.1,66.1,6.6,27.3,74.3,23.5,99.6,0.4,0.0,0.0,0.0,,0.0,2.2
104730501,rural,2671.0,5.3,8.0,8.9,45.8,51.1,31.1,27.6,4.1,8.1,6.6,5.7,6.3,5.8,6.4,6.1,6.3,5.0,5.4,5.8,4.2,6.0,6.5,33.8,56.0,2.7,7.4,32.9,2.9,97.5,50.8,0.8,22.5,11.1,7.6,7.0,15.5,99.6,0.3,0.0,0.1,99.8,1.3,13.1,48.7,0.4,14.8,20.8,63.6,0.2,0.0,0.2,0.0,49.5,1.3,467.0,21.4,16.0,679.0,3.9,96.3,0.4,97.8,32.7,0.0,0.0,7.1,91.8,1.0,1.4,3.2,3.4,9.9,38.7,48.0,89.8,96.6,1.5,0.6,0.3,99.1,0.1,0.0,72.9,0.0,0.4,26.5,0.1,1.7,0.1,99.9
104730503,rural,1952.0,7.9,11.2,9.8,46.0,49.8,32.5,42.8,4.6,7.2,5.7,5.1,6.0,6.7,6.7,7.0,5.6,4.4,4.9,3.4,3.7,4.8,3.4,32.3,58.6,3.5,5.5,30.3,2.8,97.9,52.1,2.2,24.5,13.9,6.0,3.5,4.3,95.3,0.1,0.0,1.0,99.6,0.4,5.6,21.0,1.6,28.3,16.3,50.0,1.9,0.0,1.9,0.0,51.7,1.72,258.0,16.8,11.899999999999999,449.0,4.3,83.0,1.3,92.9,49.3,0.0,0.0,28.1,71.4,0.2,1.4,15.6,18.1,11.4,25.4,45.1,61.8,99.6,12.9,2.7,8.3,89.1,0.4,0.0,54.7,0.0,0.2,44.9,0.2,1.9,0.2,99.5
104730505,rural,2502.0,6.5,8.3,9.2,37.2,42.1,30.6,33.7,4.5,6.9,6.2,5.5,6.0,6.4,7.2,7.2,6.7,5.6,4.2,4.3,3.6,6.2,6.3,33.4,54.3,3.9,8.4,32.0,2.5,97.0,41.5,2.4,22.8,17.1,7.4,8.2,58.1,90.0,0.4,0.0,4.8,99.3,1.1,12.5,47.6,0.0,24.6,26.4,45.3,1.0,0.8,0.8,1.0,48.3,1.72,386.0,18.3,14.100000000000001,731.0,3.4,82.4,12.2,92.5,41.5,0.1,0.0,21.0,77.2,1.3,1.4,5.4,4.3,7.2,18.9,69.6,94.9,96.5,20.4,25.3,28.8,46.0,26.1,0.7,84.9,0.3,0.0,14.6,0.3,0.7,0.4,73.2
104730509,rural,2606.0,6.3,7.5,6.4,44.8,49.9,33.5,70.8,6.0,5.7,5.9,5.9,7.3,6.1,6.8,6.3,6.2,5.5,5.6,5.5,4.3,8.4,7.1,33.5,53.1,4.5,8.9,32.3,2.1,97.2,48.3,3.5,22.3,15.5,5.4,3.5,99.4,17.7,2.2,0.0,4.1,100.0,0.2,6.6,29.8,0.5,24.6,48.8,24.1,1.5,0.5,0.0,0.0,49.2,1.84,203.0,23.799999999999997,18.200000000000003,703.0,3.7,85.2,2.8,93.9,9.1,0.0,0.0,17.0,82.6,0.3,1.3,12.0,7.3,13.2,18.9,60.5,85.8,95.0,4.4,0.6,0.1,99.3,4.8,0.7,62.5,0.0,1.1,36.2,0.1,1.3,0.1,94.4
104730511,rural,3840.0,6.9,9.5,8.6,45.0,53.5,26.9,21.0,4.4,7.4,5.6,4.9,5.8,6.0,6.1,6.5,5.8,6.3,5.7,5.4,3.4,6.4,6.7,29.4,58.6,3.1,8.8,30.6,3.0,96.7,49.9,0.5,22.6,12.4,5.5,5.5,18.8,99.3,0.1,0.0,0.4,99.5,0.3,5.9,28.0,0.8,39.8,20.9,37.7,0.0,0.0,0.5,0.3,52.3,1.84,613.0,20.900000000000002,15.200000000000001,1021.0,3.8,98.2,0.2,98.0,66.5,0.0,0.0,25.6,73.5,0.9,1.3,1.6,4.9,11.9,44.8,38.4,96.2,97.8,1.0,0.5,76.6,22.9,0.0,0.0,77.0,0.1,0.2,21.4,1.4,2.0,0.0,100.0
104730513,rural,9927.0,7.4,9.9,9.7,41.3,48.3,33.6,23.4,1.8,7.5,5.4,4.7,6.3,6.4,6.9,6.2,6.1,5.2,4.7,4.0,3.5,6.3,5.7,31.1,59.4,1.7,7.8,30.5,2.8,96.1,46.8,2.1,24.6,12.1,6.3,6.6,36.9,97.6,1.3,0.1,0.6,98.6,4.5,13.0,51.4,1.2,25.1,23.8,40.4,0.5,0.3,0.9,7.9,50.3,2.36,1864.0,18.5,13.8,2690.0,3.7,86.2,7.9,97.0,28.3,0.0,0.0,35.5,64.0,0.6,1.4,5.9,4.7,13.4,27.6,54.3,94.5,97.2,20.3,10.9,15.5,73.6,4.9,17.6,84.0,0.5,2.3,13.0,0.1,1.3,0.0,77.5
104730515,rural,3212.0,6.5,8.7,8.2,40.6,48.0,23.7,26.8,4.8,7.3,6.8,5.9,6.3,6.8,5.1,5.6,6.1,5.6,5.3,4.0,4.2,7.6,10.2,32.1,57.0,3.5,7.5,30.8,3.1,98.1,44.7,2.7,24.5,13.3,6.7,4.9,43.2,99.1,0.1,0.0,0.4,97.8,7.3,8.4,46.2,0.9,21.8,26.5,43.6,0.2,0.2,0.9,5.9,49.8,1.89,427.0,21.1,15.799999999999999,831.0,3.9,96.4,0.4,98.5,45.3,0.0,0.0,35.2,63.3,1.5,1.7,3.3,4.5,23.8,13.7,58.0,95.6,98.5,4.4,1.8,0.2,97.9,0.0,0.0,78.8,0.0,0.1,21.0,0.1,2.4,0.0,100.0
104730701,rural,4484.0,7.9,10.3,10.3,39.5,44.2,32.2,34.4,2.9,7.4,5.4,5.2,6.9,6.4,6.2,5.9,5.1,5.1,4.5,3.9,4.1,5.6,5.1,27.2,65.4,1.9,5.5,29.1,3.5,97.3,45.1,2.7,28.1,12.9,5.7,6.4,23.9,99.5,0.2,0.0,0.1,99.3,1.6,23.6,68.8,0.3,22.0,27.4,48.2,1.0,0.1,0.4,0.4,50.5,2.47,676.0,18.1,13.6,1166.0,3.8,94.6,2.9,90.8,28.4,0.0,0.3,16.5,82.5,0.8,1.1,2.5,9.2,15.2,35.3,40.3,91.3,95.9,17.6,0.3,33.4,66.4,0.0,0.0,93.0,0.1,0.1,6.9,0.0,0.5,0.0,100.0
104730703,rural,3803.0,5.3,7.8,9.0,53.2,59.1,23.1,34.0,2.5,8.0,4.5,4.4,4.0,5.4,4.9,5.8,6.5,5.4,6.4,7.2,6.8,8.5,12.0,26.2,61.6,2.0,10.3,31.7,3.1,97.6,59.3,1.6,21.4,9.2,4.0,4.7,20.2,98.8,0.6,0.0,0.3,98.5,2.3,14.8,50.1,1.5,30.3,36.1,28.8,0.4,1.3,0.4,1.1,57.0,1.51,452.0,28.900000000000002,22.5,1220.0,3.1,90.8,2.8,97.7,74.4,0.1,2.1,57.1,35.9,3.0,0.9,6.4,11.6,15.1,46.6,26.7,88.0,96.0,23.8,4.5,0.7,94.7,4.0,0.2,91.2,0.2,0.3,8.2,0.1,0.6,1.9,95.80000000000001
104730705,rural,2693.0,5.6,9.1,10.8,50.4,52.8,27.1,43.0,0.9,8.4,5.4,3.8,5.6,4.9,6.0,5.2,4.9,5.9,5.8,5.5,5.5,7.7,8.8,28.6,62.4,0.6,8.4,32.2,3.3,99.4,57.6,1.7,24.1,11.3,5.6,4.5,39.5,99.3,0.1,0.0,0.4,99.7,0.3,33.3,81.6,0.3,17.4,31.0,50.0,1.0,0.0,0.0,0.3,55.3,1.05,310.0,24.5,18.7,734.0,3.7,92.8,2.6,99.2,97.0,0.0,0.0,58.6,38.8,2.0,1.0,4.6,12.0,13.4,33.4,41.3,95.2,97.8,16.5,0.0,0.4,99.6,0.1,0.0,99.6,0.0,0.0,0.4,0.0,0.1,0.5,99.9
104730707,rural,3249.0,5.5,7.8,9.8,49.3,51.6,25.3,38.8,2.8,9.1,5.3,3.7,4.1,5.3,5.2,6.6,5.8,6.4,6.5,5.4,5.4,8.1,6.7,27.4,60.9,2.2,9.6,31.2,2.8,97.5,55.5,1.9,26.0,9.9,5.4,5.3,23.8,98.9,0.4,0.0,0.2,99.3,2.9,24.6,70.1,0.8,27.6,29.2,38.8,0.8,0.5,1.3,1.0,56.0,1.48,387.0,25.4,18.9,978.0,3.3,93.0,0.9,98.6,95.1,0.0,0.0,64.5,32.3,2.9,0.8,6.0,13.2,20.2,47.5,19.1,92.7,95.7,21.4,0.2,0.1,99.7,0.1,0.3,99.5,0.0,0.0,0.3,0.2,0.5,0.3,99.6
104730709,rural,6047.0,7.3,9.5,9.8,44.4,48.6,24.5,37.6,2.2,8.6,5.5,5.0,6.0,6.3,6.5,6.0,5.3,5.0,5.1,4.7,4.3,5.1,6.0,28.0,65.3,1.4,5.4,29.3,3.4,98.6,50.2,2.8,25.0,11.8,6.4,5.3,18.3,99.2,0.5,0.0,0.0,90.6,24.2,11.0,35.9,0.9,19.1,25.1,49.0,0.3,0.3,1.2,4.1,52.1,1.85,677.0,19.200000000000003,14.1,1512.0,4.0,96.2,0.2,96.6,47.4,0.0,0.0,20.4,79.4,0.1,1.2,3.6,6.5,16.3,32.9,44.2,86.4,92.2,7.9,0.5,31.7,67.9,0.0,0.1,74.3,0.3,0.3,25.1,0.1,1.0,0.1,99.9
104730711,rural,3524.0,5.8,9.0,10.9,45.8,48.0,30.5,37.5,3.4,10.0,5.6,5.6,5.8,6.2,6.2,5.4,5.8,5.4,4.8,4.3,4.0,5.1,4.8,30.6,60.6,2.3,6.4,29.9,4.0,96.5,52.4,0.5,28.9,12.9,5.0,4.6,2.5,99.5,25.1,0.1,0.1,96.6,3.9,16.3,71.0,0.2,19.8,17.2,61.3,0.0,0.4,0.4,0.6,49.5,1.72,499.0,18.2,13.4,938.0,3.8,94.8,0.3,97.1,9.9,0.1,0.0,13.3,84.3,1.1,1.2,4.9,5.4,10.2,28.5,55.9,89.7,92.6,1.5,1.1,38.2,60.8,0.0,0.2,82.9,0.0,2.3,14.6,0.1,1.3,1.2,99.8
104730713,rural,4762.0,5.6,7.6,9.3,38.5,43.7,29.9,32.8,3.2,8.0,5.8,4.7,5.1,6.2,6.8,6.8,6.6,5.4,6.4,4.3,4.2,7.2,8.1,30.0,61.6,2.3,6.1,30.7,2.7,97.8,42.8,2.2,26.2,13.5,6.7,7.8,5.5,99.2,0.7,0.0,0.0,99.0,1.5,19.2,57.7,0.5,24.3,16.1,39.5,0.3,0.4,2.4,16.5,50.9,1.75,741.0,22.099999999999998,15.7,1321.0,3.6,96.1,0.9,96.0,35.2,0.2,0.0,24.2,74.5,0.4,1.2,3.0,4.4,14.1,33.1,48.4,92.1,95.4,12.5,0.4,69.7,29.9,0.0,0.0,83.0,0.2,0.2,16.4,0.3,1.6,0.7,100.0
104730715,rural,4886.0,6.8,9.3,9.9,45.0,49.0,28.0,41.9,2.9,7.8,4.9,4.4,5.5,6.3,6.8,6.0,6.1,5.6,5.6,4.3,4.2,6.6,10.5,27.7,62.8,2.1,7.4,29.5,3.4,97.1,50.9,2.4,26.1,11.6,6.1,4.7,27.1,99.5,0.2,0.0,0.0,98.4,2.8,14.1,54.0,0.9,35.4,18.2,41.5,0.0,0.2,0.3,3.6,51.3,1.97,588.0,20.699999999999996,15.1,1324.0,3.7,96.9,0.4,95.9,4.1,0.1,0.1,15.7,83.3,0.7,1.3,2.7,3.9,12.0,31.9,52.1,90.0,97.4,15.7,1.5,12.2,86.3,0.0,0.2,78.7,0.0,0.2,20.9,0.2,1.2,0.2,99.9
104730717,rural,5837.0,6.3,9.6,9.2,43.6,47.6,25.1,32.3,3.4,7.9,5.1,4.6,5.1,6.4,7.2,6.0,5.4,5.9,5.9,5.3,4.2,6.0,5.3,29.8,61.1,2.4,6.7,31.1,3.0,96.9,48.8,2.3,25.1,11.3,6.6,7.1,23.4,98.5,2.3,0.1,0.3,99.4,10.9,19.9,62.3,1.1,26.4,31.1,36.1,0.3,0.0,0.7,4.4,54.4,1.76,743.0,21.4,15.5,1614.0,3.6,90.1,4.2,96.8,94.1,0.1,0.9,45.2,50.3,1.6,1.0,5.6,7.1,21.7,45.4,25.8,96.7,98.0,29.8,16.5,0.4,83.1,11.6,4.6,98.6,0.1,0.0,1.1,0.2,1.2,2.0,83.69999999999999
105210101,urban,75963.0,8.0,9.8,9.8,20.3,29.5,41.5,28.0,6.4,8.3,7.4,7.0,7.6,7.3,7.2,6.3,5.5,4.4,4.2,2.9,2.1,2.1,3.8,36.0,55.1,4.2,4.7,30.7,2.9,97.4,23.0,2.8,24.2,19.0,13.8,10.8,91.3,21.4,3.2,0.8,26.4,99.7,2.4,19.4,54.7,1.6,24.3,26.6,38.0,1.0,0.8,4.1,3.5,50.9,1.85,16428.0,11.299999999999999,7.1,18797.0,4.0,53.2,40.5,98.7,96.5,0.2,1.0,98.4,0.0,0.3,1.4,6.3,28.0,44.2,27.5,0.3,99.7,99.9,70.3,98.7,1.0,0.3,40.5,58.6,99.7,0.2,0.0,0.0,0.1,,0.1,1.0
105210103,urban,12901.0,10.7,11.2,9.8,14.3,24.7,51.2,11.1,2.6,7.7,7.6,8.8,9.1,8.1,8.0,5.7,4.8,3.2,2.6,1.2,0.8,0.7,2.5,33.0,62.8,2.5,1.7,27.6,3.3,97.7,16.2,2.8,28.9,21.6,12.6,9.4,96.2,19.5,5.9,1.4,11.1,99.8,4.1,14.4,50.2,2.5,16.7,21.3,51.1,0.3,1.5,2.1,4.4,44.0,3.33,4009.0,5.3,2.7,3717.0,3.5,33.4,52.8,94.9,93.9,0.3,2.1,89.3,0.0,7.4,1.3,13.9,45.2,38.4,15.7,0.7,96.4,96.8,74.8,52.0,37.3,10.7,86.5,5.5,99.6,0.3,0.0,0.0,0.1,,0.9,8.0
105210301,rural,1499.0,5.8,7.1,7.9,31.2,56.1,46.7,39.5,2.4,8.3,7.5,9.1,11.3,9.9,6.9,6.4,4.4,3.6,3.3,2.7,2.1,3.7,2.5,58.3,34.9,1.4,5.3,39.7,2.5,78.2,32.7,0.1,25.5,9.6,5.0,3.7,96.4,0.8,0.4,0.1,92.4,99.9,0.1,2.2,28.1,0.6,8.6,11.6,15.5,15.8,0.0,42.0,6.0,47.0,0.74,336.0,11.8,8.5,268.0,5.6,35.7,10.2,40.0,0.9,0.0,0.0,11.1,30.6,54.9,2.8,54.0,55.3,44.3,0.4,0.0,85.5,63.0,3.0,6.0,26.0,68.1,0.0,0.0,57.9,0.0,11.9,28.1,2.1,13.4,3.4,100.0
105210303,rural,745.0,8.5,10.9,8.2,14.1,39.1,32.0,35.3,4.1,7.4,6.2,5.9,8.3,7.1,7.4,6.4,6.0,4.4,3.8,3.8,1.5,4.3,4.2,40.0,52.8,2.2,5.0,33.3,2.6,95.5,15.7,0.7,21.2,14.9,13.7,10.5,10.5,1.1,0.4,0.7,92.2,100.0,0.0,19.0,49.4,0.0,22.3,60.7,9.8,6.3,0.0,0.9,0.0,47.4,2.01,112.0,13.399999999999999,9.6,189.0,3.9,64.9,14.3,56.5,50.6,0.0,0.0,67.9,29.2,2.4,1.8,20.8,23.2,17.3,59.5,0.0,98.2,97.6,10.1,1.2,96.4,2.4,0.0,0.0,63.7,0.0,1.2,35.1,0.0,1.6,0.6,100.0
105210501,rural,647.0,7.9,7.9,8.8,20.9,44.5,40.8,8.5,0.4,6.8,8.7,9.0,7.4,6.8,7.7,7.4,5.7,5.9,2.8,2.8,1.9,2.6,1.7,46.9,48.0,0.8,4.3,33.0,2.5,97.1,23.2,0.0,19.9,10.2,12.8,12.5,45.1,2.8,0.3,0.0,80.5,99.8,0.5,7.4,38.7,0.5,42.3,31.9,12.6,12.6,0.0,0.0,0.0,49.1,1.67,182.0,10.1,7.299999999999999,142.0,4.6,63.4,21.1,100.0,39.4,0.0,0.0,0.0,56.3,15.5,2.1,15.5,42.3,14.8,43.0,0.0,100.0,76.1,48.6,2.8,69.7,27.5,1.4,1.4,98.6,0.0,0.0,1.4,0.0,5.9,28.2,97.2
105210503,rural,375.0,8.3,6.4,8.5,37.8,42.7,44.8,23.3,6.8,9.1,6.4,6.7,8.0,8.3,8.8,6.9,4.3,3.7,5.3,2.4,2.4,4.5,0.5,38.2,51.4,5.6,4.9,31.3,2.9,100.0,41.7,1.3,19.5,16.5,13.9,6.1,78.7,6.4,0.8,0.0,87.2,100.0,1.0,2.5,54.3,9.1,25.3,16.2,39.4,10.1,0.0,0.0,0.0,47.2,2.0,99.0,14.6,9.3,102.0,3.7,48.0,0.0,46.1,29.4,0.0,0.0,24.5,28.4,39.2,1.8,52.0,34.3,34.3,31.4,0.0,53.9,51.0,4.9,5.9,48.0,46.1,6.9,15.7,90.2,0.0,0.0,8.8,1.0,0.7,7.8,77.5
105210505,rural,182.0,3.8,7.1,2.7,30.9,37.9,58.6,2.2,4.4,6.0,4.9,7.7,7.7,9.3,8.8,8.2,7.1,8.8,3.3,4.9,3.3,6.0,5.5,35.0,58.0,3.8,3.2,34.0,1.8,100.0,31.8,0.5,23.6,16.5,8.2,13.2,90.1,9.3,1.1,0.0,75.3,100.0,1.8,10.7,38.4,0.0,57.8,7.8,34.4,0.0,0.0,0.0,0.0,34.6,0.0,90.0,17.5,14.2,93.0,2.0,13.6,9.1,75.0,1.1,0.0,0.0,29.5,2.3,26.1,1.2,77.3,34.1,21.6,42.0,2.3,63.6,36.4,12.5,0.0,6.8,93.2,0.0,1.1,68.2,1.1,1.1,27.3,2.3,2.0,42.0,98.9
111210101,urban,56861.0,9.6,10.6,9.9,21.4,31.5,46.3,20.1,4.1,8.5,8.9,8.7,8.5,7.2,7.0,5.9,4.9,3.4,2.9,1.7,1.3,1.1,2.9,34.4,60.3,2.7,2.5,28.2,3.2,95.2,24.3,2.2,27.3,17.1,12.8,9.1,92.2,13.1,3.4,0.1,19.6,99.6,0.9,17.9,51.2,4.7,18.3,19.9,40.4,0.8,1.4,12.6,1.8,47.3,1.95,14706.0,7.0,4.1,13815.0,4.1,53.4,38.5,99.6,97.7,0.2,1.7,97.0,0.0,1.0,1.6,8.1,38.3,50.1,11.6,0.0,99.0,99.8,64.8,99.8,0.1,0.1,98.6,0.9,99.7,0.1,0.0,0.0,0.1,,0.1,0.4
111210301,rural,89.0,5.6,5.6,2.2,35.4,50.6,67.5,7.7,0.0,3.4,6.7,10.1,18.0,10.1,6.7,3.4,2.2,6.7,5.6,6.7,0.0,6.7,15.7,40.3,49.4,1.3,9.1,30.2,0.0,0.0,36.4,0.0,29.2,10.1,5.6,4.5,92.1,1.1,18.0,0.0,80.9,100.0,19.6,2.0,13.7,0.0,20.8,14.6,18.8,18.8,0.0,25.0,2.1,31.5,,48.0,19.0,13.4,33.0,2.7,4.5,13.6,95.5,0.0,0.0,0.0,4.5,72.7,22.7,2.3,81.8,50.0,18.2,27.3,4.5,77.3,45.5,0.0,0.0,45.5,54.5,0.0,0.0,90.9,0.0,0.0,9.1,0.0,9.3,0.0,100.0
111210303,rural,835.0,1.6,1.4,1.0,29.9,38.6,81.0,0.5,3.1,5.5,12.2,9.8,10.4,8.3,9.8,11.0,9.3,6.9,4.0,3.1,2.6,3.0,1.8,42.0,53.5,3.4,1.1,33.5,2.0,90.9,30.2,0.1,24.7,22.6,8.6,5.4,71.1,9.5,1.2,0.1,30.7,99.8,0.4,2.5,18.3,4.5,14.8,5.5,32.3,0.2,0.2,42.0,0.6,12.9,1.25,641.0,12.7,8.7,385.0,2.2,28.4,0.0,76.1,0.0,0.0,0.0,12.1,0.5,25.7,1.7,71.6,14.2,28.2,57.6,0.0,15.0,29.5,3.2,0.8,27.3,71.8,0.3,0.0,97.3,0.0,0.5,2.1,0.0,2.7,61.7,99.8
111210305,rural,305.0,1.3,0.7,0.7,43.1,51.5,80.1,2.5,16.4,4.9,8.9,9.8,9.2,10.8,12.1,8.2,8.9,6.2,5.9,3.6,3.0,5.9,7.5,36.0,53.9,6.4,3.7,32.5,1.0,100.0,43.4,0.3,17.7,14.8,8.5,7.2,68.9,23.6,0.7,0.0,32.5,100.0,0.0,11.2,12.4,1.7,4.3,14.2,77.6,1.7,0.0,0.4,0.0,18.7,,232.0,18.4,12.5,196.0,1.6,60.2,0.0,84.2,0.0,0.0,0.0,6.1,0.5,93.4,1.4,39.8,5.6,3.6,89.8,1.0,10.7,16.3,0.0,0.0,26.0,74.0,0.0,0.0,98.5,1.0,0.5,0.0,0.0,2.9,0.0,100.0
112210101,urban,54190.0,8.7,9.6,9.8,17.3,27.8,42.6,36.0,5.5,8.5,8.3,8.5,8.1,7.4,6.9,5.9,5.2,4.2,3.8,2.2,1.3,1.5,3.0,37.1,55.9,3.6,3.5,29.9,3.2,96.7,19.6,2.4,21.9,17.7,15.2,14.9,86.3,8.1,4.6,0.2,27.7,99.4,2.3,19.3,47.3,1.4,21.1,54.6,17.1,0.9,0.6,1.3,3.0,49.3,2.24,10610.0,8.8,5.0,13730.0,3.9,46.0,38.3,99.8,99.8,0.2,1.8,79.7,0.0,0.4,1.5,15.7,21.2,41.1,37.5,0.2,99.6,100.0,69.5,90.8,9.2,0.0,41.5,57.8,99.9,0.1,0.0,0.0,0.0,,17.8,0.6
112210301,rural,282.0,3.9,6.7,6.4,9.5,40.1,47.4,0.0,3.7,9.9,8.2,6.0,8.2,6.0,7.8,8.5,7.8,3.5,6.0,3.9,3.5,3.5,2.1,38.0,53.8,4.3,3.8,32.3,3.7,85.7,9.0,0.0,13.1,15.6,8.9,22.3,12.8,8.2,5.7,1.8,75.9,99.6,3.1,11.8,24.1,5.4,17.1,33.3,39.6,1.8,0.0,0.0,2.7,35.8,1.27,111.0,16.9,10.9,83.0,3.4,10.8,2.7,73.0,21.6,0.0,0.0,43.2,5.4,21.6,1.6,86.5,27.0,51.4,21.6,0.0,64.9,66.2,39.2,18.9,43.2,37.8,1.4,0.0,98.6,1.4,0.0,0.0,0.0,1.1,29.7,98.7
112210303,rural,258.0,7.0,8.9,3.9,14.3,54.7,59.4,39.8,5.6,7.0,7.4,9.7,8.1,6.2,8.5,6.2,8.5,4.7,4.3,2.3,1.9,5.4,2.7,39.6,53.6,3.9,2.9,32.3,4.3,82.6,14.5,0.0,17.1,8.5,6.2,13.6,8.1,1.2,0.4,0.0,95.7,99.5,0.0,14.5,47.8,1.4,20.3,20.3,47.3,5.4,0.0,5.4,0.0,34.9,6.25,74.0,13.9,9.6,78.0,3.3,59.7,1.4,73.6,1.4,0.0,0.0,18.1,26.4,30.6,1.9,38.9,63.9,27.8,8.3,0.0,55.6,52.8,4.2,0.0,70.8,29.2,0.0,0.0,94.4,1.4,0.0,4.2,0.0,2.4,25.0,100.0
112210305,rural,318.0,6.6,8.5,9.4,23.7,47.5,39.2,0.0,1.1,9.1,7.2,9.4,6.3,6.9,10.4,6.3,6.6,5.3,2.8,0.9,0.9,3.1,0.6,46.7,51.3,1.3,0.8,33.8,2.2,89.7,25.0,0.6,21.4,11.3,10.7,8.5,16.0,0.9,2.8,0.0,88.4,100.0,0.0,4.4,19.9,0.0,7.4,16.0,26.6,7.4,0.0,3.2,39.4,39.6,1.29,94.0,7.699999999999999,4.9,69.0,4.6,68.1,0.0,100.0,1.4,0.0,0.0,1.4,52.2,43.5,2.2,31.9,44.9,36.2,18.8,0.0,60.9,44.9,5.8,0.0,37.7,62.3,1.4,0.0,97.1,0.0,0.0,2.9,0.0,15.0,2.9,98.6
112210307,rural,329.0,5.8,5.5,4.0,31.8,42.2,49.1,16.8,9.0,3.3,5.5,5.5,10.0,8.8,5.2,6.7,10.0,4.9,8.5,6.4,3.6,6.4,2.1,30.8,54.8,7.2,7.2,30.1,1.5,100.0,33.3,0.9,19.1,14.9,13.7,9.1,66.0,2.1,0.6,0.0,93.6,100.0,0.0,13.1,64.3,4.4,10.5,35.1,40.4,2.6,0.0,4.4,2.6,43.2,3.89,114.0,24.9,16.4,130.0,2.5,51.9,0.8,97.7,14.0,0.0,0.0,50.4,9.3,32.6,1.3,47.3,48.1,12.4,39.5,0.0,66.7,71.3,2.3,0.0,71.3,28.7,0.0,0.0,89.9,0.0,0.0,10.1,0.0,0.8,7.8,100.0
112210309,rural,83.0,3.6,3.6,9.6,36.4,48.2,50.7,14.3,11.5,7.2,2.4,4.8,10.8,7.2,7.2,7.2,4.8,7.2,6.0,3.6,8.4,6.0,1.2,29.0,59.4,7.2,4.3,33.3,4.0,100.0,40.6,0.0,22.9,10.8,8.4,9.6,6.0,1.2,0.0,1.2,95.2,100.0,0.0,24.5,44.9,16.7,43.3,16.7,10.0,6.7,0.0,0.0,6.7,37.3,0.0,30.0,24.0,18.0,38.0,2.2,3.0,0.0,3.0,0.0,0.0,0.0,0.0,72.7,27.3,1.7,97.0,81.8,18.2,0.0,0.0,0.0,0.0,0.0,0.0,0.0,100.0,0.0,0.0,9.1,0.0,0.0,90.9,0.0,1.2,0.0,100.0
113210101,urban,28401.0,10.4,10.9,9.4,15.1,26.7,59.0,9.5,7.0,7.2,8.7,9.2,10.1,9.2,8.6,6.0,4.3,2.5,1.7,0.9,0.5,0.4,2.3,34.2,60.0,4.0,1.8,27.3,2.7,96.0,17.1,2.7,31.9,21.5,12.1,5.1,93.8,27.9,5.6,2.0,8.5,98.6,2.8,14.2,43.6,2.1,12.6,7.2,71.9,0.5,0.6,1.3,3.8,44.7,2.49,10497.0,3.5,1.7999999999999998,8396.0,3.4,22.2,65.9,99.2,97.1,0.3,28.8,67.1,0.0,3.4,1.6,11.8,42.9,49.4,7.6,0.0,98.1,99.2,55.9,98.2,0.5,1.3,78.3,20.7,99.2,0.5,0.0,0.0,0.3,,0.4,1.1
113210103,urban,258233.0,8.8,10.2,9.5,13.0,23.6,45.5,29.4,7.6,7.8,7.4,7.7,8.4,8.0,7.4,6.2,5.3,4.0,3.6,2.4,1.7,1.6,3.0,35.0,56.2,5.1,3.7,29.5,2.8,96.9,14.6,2.8,24.4,18.9,18.1,12.1,82.9,12.1,3.3,0.3,40.6,99.5,1.6,23.2,57.3,2.4,22.8,32.4,34.3,0.8,0.6,3.6,3.1,50.0,2.16,59354.0,9.3,5.699999999999999,64190.0,4.0,44.4,49.2,99.4,98.0,0.7,12.5,85.7,0.1,0.9,1.4,6.3,31.9,40.3,26.9,0.9,99.5,99.8,79.7,99.4,0.3,0.3,78.6,20.8,99.3,0.6,0.0,0.0,0.1,,0.2,0.6000000000000001
113210301,rural,1022.0,10.5,9.7,2.6,19.6,32.1,50.3,18.1,4.0,2.0,3.8,6.7,9.6,10.3,8.9,8.4,7.6,4.3,3.7,3.0,2.8,6.1,3.4,22.8,64.8,4.7,7.7,29.5,2.7,89.6,20.2,2.6,22.0,16.0,14.0,13.2,71.4,6.9,0.6,0.1,81.9,99.7,0.8,32.0,64.5,0.3,7.4,18.8,69.5,0.3,0.0,1.5,2.2,44.9,2.42,325.0,15.6,11.899999999999999,396.0,2.6,66.0,6.6,68.3,0.5,0.5,18.0,13.7,37.6,5.6,1.2,27.4,3.6,55.3,40.9,0.3,94.4,99.0,20.1,20.1,77.9,2.0,55.6,0.5,99.5,0.3,0.0,0.0,0.3,1.8,24.6,43.9
113210303,rural,901.0,4.1,4.8,6.0,32.9,41.4,45.1,45.1,7.0,5.2,5.9,4.7,5.1,6.7,8.8,6.7,8.0,5.2,6.5,6.8,6.4,9.2,4.6,28.8,55.5,5.7,9.9,34.7,2.0,100.0,35.1,0.9,18.9,16.6,13.3,8.9,54.7,2.3,0.6,0.1,95.8,99.8,0.4,11.3,41.0,2.6,11.6,43.7,40.5,1.1,0.0,0.0,0.5,45.5,1.55,190.0,28.900000000000002,22.4,371.0,2.4,84.8,5.5,87.8,0.0,0.0,0.0,5.8,84.8,2.8,0.9,9.7,36.5,16.9,46.4,0.3,91.4,89.2,35.9,0.3,87.8,11.9,8.3,0.8,99.2,0.0,0.0,0.3,0.6,2.4,6.6,90.9
113210305,rural,1844.0,9.5,9.9,10.1,11.9,32.1,47.9,30.1,3.8,7.9,6.8,6.1,7.2,7.4,6.8,7.3,7.9,4.2,3.4,2.0,1.7,1.8,2.6,37.3,57.2,3.3,2.2,30.4,2.9,94.3,13.6,0.3,25.1,18.8,15.1,8.6,57.3,15.5,0.6,0.4,50.0,98.9,0.3,17.6,45.6,1.4,5.5,27.4,20.5,0.0,0.2,2.3,42.8,45.4,2.04,435.0,8.9,5.5,513.0,3.6,31.9,30.1,95.5,71.9,12.8,7.7,65.7,2.8,10.0,1.3,38.0,36.8,33.5,29.7,0.0,92.1,95.5,51.8,68.5,29.9,1.6,94.7,0.2,99.6,0.2,0.2,0.0,0.0,0.7,1.0,5.1
115370105,urban,10020.0,9.7,10.9,9.3,18.2,26.8,49.3,17.2,4.8,7.7,7.6,7.8,8.3,7.9,7.6,6.3,5.5,3.4,3.3,2.1,1.4,1.3,3.3,33.0,60.5,3.5,3.0,27.8,3.2,97.4,20.6,2.0,27.5,18.3,13.8,11.6,83.8,10.0,3.5,0.1,32.5,100.0,0.8,23.8,60.6,1.3,23.5,27.8,41.5,1.6,0.6,2.7,0.9,48.1,2.19,2870.0,8.100000000000001,4.8,2722.0,3.7,38.9,50.6,99.3,98.9,0.1,5.9,92.5,0.0,1.3,1.4,10.5,33.6,48.5,17.6,0.2,98.4,99.0,69.6,98.0,1.3,0.7,25.4,73.9,99.7,0.2,0.0,0.0,0.1,,0.1,0.7
115370303,rural,902.0,3.9,4.9,4.9,39.1,50.6,20.0,5.8,10.5,3.1,4.9,6.8,7.2,6.2,8.8,8.9,8.2,6.9,6.0,6.0,4.5,9.0,2.7,30.0,55.1,6.4,8.5,31.8,1.1,85.5,41.2,1.7,13.4,15.4,12.1,6.9,92.8,1.9,0.7,0.1,93.8,99.6,1.2,4.6,18.0,0.7,26.5,46.3,23.8,0.0,0.0,1.4,1.4,47.5,0.93,147.0,25.5,19.5,402.0,2.2,81.1,10.9,85.8,36.1,0.5,1.0,73.9,5.7,8.2,1.0,8.0,10.4,18.4,67.2,4.0,83.3,95.0,25.9,5.5,49.8,44.8,1.5,3.0,98.5,1.0,0.0,0.0,0.5,2.5,10.7,95.5
115370305,rural,561.0,7.3,8.4,6.4,11.0,21.7,61.1,67.8,2.2,6.1,8.0,8.9,8.7,7.1,7.8,4.8,6.4,6.1,5.5,4.6,2.0,1.8,1.2,43.7,51.3,1.6,3.4,36.1,2.2,91.1,11.9,0.0,31.6,10.9,25.8,10.0,33.2,0.5,0.0,0.0,97.9,99.5,0.2,29.0,72.2,48.8,2.3,38.4,7.0,2.3,0.0,0.0,1.2,50.3,1.24,86.0,13.9,8.4,129.0,4.3,98.4,0.0,97.6,0.0,0.0,0.0,20.2,8.9,71.0,1.7,1.6,75.8,24.2,0.0,0.0,96.8,96.8,95.2,0.0,4.0,96.0,0.0,0.8,97.6,0.0,0.0,0.0,2.4,1.0,0.0,99.2
115370501,rural,2841.0,9.9,10.8,8.6,23.9,34.9,47.9,7.7,4.8,7.1,7.8,8.4,7.9,8.0,7.2,5.7,5.1,4.0,3.4,2.9,1.8,1.4,2.1,34.4,58.4,4.5,2.7,28.7,2.9,97.9,26.7,1.5,29.2,15.1,10.6,8.7,86.5,21.2,0.7,0.0,42.7,98.8,0.9,18.9,52.5,2.8,33.1,14.6,42.3,5.1,0.2,0.7,1.1,45.3,2.84,884.0,9.5,6.1,822.0,3.5,41.7,42.3,98.0,91.5,0.1,4.8,86.0,0.0,8.8,1.5,16.1,40.9,37.9,21.1,0.0,90.7,93.0,44.0,1.0,92.5,6.6,29.9,61.9,94.7,0.0,0.2,4.9,0.1,1.2,0.2,8.2
115370507,rural,894.0,8.6,10.0,9.7,38.0,42.4,39.8,0.0,4.7,8.5,5.9,5.5,6.5,6.8,6.0,7.4,6.4,4.8,5.1,2.8,2.9,3.0,4.8,28.2,62.7,3.4,5.6,26.7,2.8,97.8,43.1,3.5,24.7,15.1,7.4,6.9,98.1,1.8,1.5,0.0,21.5,100.0,0.2,6.9,43.7,2.0,21.2,18.8,56.5,0.0,0.0,0.4,1.2,48.5,2.15,255.0,13.799999999999999,8.7,253.0,3.5,11.5,9.9,95.3,44.3,0.0,0.0,40.7,0.8,2.8,1.6,78.7,19.0,39.1,41.5,0.4,97.6,98.0,1.2,0.4,0.4,99.2,0.0,0.0,98.4,0.0,0.0,1.6,0.0,1.4,55.7,100.0
120660103,urban,3127.0,,,,,,,,,,,,,,,,,,,,,,,,,,,,,,,,,,,,,,,,,,,,,,,,,,,,,,,,,,734.0,4.3,,,,,,,,,,,,,,,,,,,,,,,,,,,,,,,
120660303,rural,1006.0,,,,,,,,,,,,,,,,,,,,,,,,,,,,,,,,,,,,,,,,,,,,,,,,,,,,,,,,,,263.0,3.8,,,,,,,,,,,,,,,,,,,,,,,,,,,,,,,
120660305,rural,273.0,3.3,2.6,6.2,18.7,47.3,80.4,2.1,8.2,2.6,9.2,11.0,12.8,11.4,7.3,7.7,6.6,5.1,4.4,4.4,3.3,2.2,2.6,38.8,51.7,5.0,4.6,30.8,4.0,87.5,20.0,1.5,24.5,11.4,9.9,5.5,70.0,3.3,0.7,0.0,81.7,99.0,1.0,6.2,17.2,3.2,15.9,16.4,45.0,9.0,0.0,0.5,10.1,23.8,0.0,189.0,14.3,9.9,106.0,2.6,39.2,11.8,98.0,0.0,0.0,27.5,54.9,0.0,13.7,2.4,49.0,11.8,5.9,82.4,0.0,92.2,96.1,54.9,70.6,19.6,9.8,84.3,0.0,100.0,0.0,0.0,0.0,0.0,1.1,3.9,15.7
120660307,rural,139.0,17.3,12.2,7.9,16.3,49.6,56.3,12.2,6.1,6.5,7.2,5.0,13.7,7.9,5.8,5.0,3.6,3.6,1.4,0.7,2.2,0.0,0.7,32.2,60.9,6.9,0.0,25.3,0.0,53.3,17.2,0.0,15.8,15.8,8.6,10.1,32.4,5.8,0.0,0.0,67.6,100.0,0.0,4.9,17.1,4.7,23.3,14.0,55.8,2.3,0.0,0.0,0.0,42.4,,43.0,4.3,2.9000000000000004,41.0,3.4,0.0,0.0,84.8,0.0,0.0,0.0,42.4,3.0,51.5,3.2,100.0,87.9,12.1,0.0,0.0,66.7,69.7,39.4,0.0,63.6,36.4,0.0,0.0,100.0,0.0,0.0,0.0,0.0,45.0,3.0,100.0
120660309,rural,592.0,,,,,,,,,,,,,,,,,,,,,,,,,,,,,,,,,,,,,,,,,,,,,,,,,,,,,,,,,,155.0,3.8,,,,,,,,,,,,,,,,,,,,,,,,,,,,,,,
120660503,rural,871.0,0.2,0.1,0.1,20.5,32.7,99.0,0.5,16.7,4.8,14.9,12.5,12.3,11.4,13.8,13.0,9.4,3.7,2.6,0.9,0.2,0.0,0.8,44.3,52.6,3.0,0.1,32.8,0.0,,20.5,0.3,31.2,23.5,8.0,4.1,93.7,56.7,0.8,0.2,6.5,99.0,1.4,2.5,12.5,10.4,6.2,1.2,80.2,0.0,1.3,0.2,0.5,0.9,,854.0,3.7,1.1,357.0,2.4,0.0,3.7,96.9,0.3,0.0,0.3,3.4,0.0,26.3,1.6,96.3,19.4,58.0,22.6,0.0,90.3,91.7,6.9,0.9,91.4,7.7,17.1,0.6,99.4,0.0,0.0,0.0,0.6,1.5,70.0,82.30000000000001
120660503,urban,2551.0,12.2,12.2,9.1,10.9,23.9,55.9,18.1,5.4,7.2,7.9,8.1,10.2,8.3,7.6,5.8,4.7,3.0,1.8,1.1,0.5,0.3,1.6,31.6,64.1,3.2,1.1,26.5,3.4,98.2,12.4,4.1,27.6,18.8,15.7,10.0,77.3,20.5,3.3,0.8,44.3,99.7,3.5,19.0,55.8,1.8,25.1,37.5,23.3,0.4,0.1,4.0,7.7,45.2,2.91,776.0,3.7,1.9000000000000001,765.0,3.3,17.0,52.7,97.9,97.5,1.0,13.1,75.9,0.1,8.8,1.5,30.3,72.1,26.9,1.0,0.0,95.0,97.8,59.9,97.9,0.4,1.7,97.9,0.9,97.6,0.3,0.3,0.3,1.6,,1.0,1.2000000000000002
123910101,urban,161723.0,9.7,9.8,8.9,14.5,25.8,56.2,12.8,6.9,7.4,8.8,10.0,9.9,8.6,7.6,6.1,4.8,3.3,2.4,1.3,0.8,0.7,2.4,35.1,58.2,4.3,2.3,28.3,3.0,93.8,16.2,2.3,28.6,18.7,15.0,9.7,90.0,14.4,6.7,0.3,13.1,96.2,2.4,17.4,55.5,2.4,16.3,18.7,55.2,0.5,0.6,3.6,2.7,45.2,2.25,56668.0,5.2,2.8,45401.0,3.6,30.2,61.1,98.8,98.4,0.5,13.6,82.8,0.1,1.9,1.5,8.7,33.2,54.4,11.7,0.7,98.0,99.2,69.5,98.3,0.5,1.2,82.5,14.2,99.5,0.3,0.0,0.0,0.2,,1.1,3.3
123910501,rural,1733.0,0.2,0.3,0.2,19.2,24.3,97.8,1.0,15.0,4.0,11.8,14.2,12.6,12.7,15.3,12.6,8.5,4.1,2.3,0.6,0.3,0.2,0.9,40.7,56.1,3.0,0.2,31.2,4.0,100.0,19.2,0.3,34.6,25.0,10.2,5.5,97.1,7.9,4.9,0.2,6.4,99.1,2.4,8.9,30.7,0.4,25.0,1.1,25.7,0.1,0.1,46.9,0.8,1.4,,1663.0,3.4,1.0999999999999999,925.0,1.9,0.1,0.2,97.9,0.2,0.0,0.0,0.7,0.2,63.8,1.7,99.7,60.9,36.4,2.8,0.0,45.6,59.6,26.6,0.2,55.0,44.8,0.0,16.9,83.9,15.5,0.3,0.1,0.1,2.9,35.3,83.10000000000001
123910503,rural,34.0,2.9,0.0,2.9,60.6,70.6,68.8,0.0,0.0,0.0,2.9,5.9,11.8,11.8,17.6,8.8,2.9,5.9,5.9,2.9,17.6,0.0,2.9,40.6,59.4,0.0,0.0,,0.0,,62.5,0.0,17.6,11.8,0.0,0.0,38.2,26.5,0.0,0.0,73.5,100.0,23.1,0.0,15.4,4.5,18.2,0.0,9.1,4.5,0.0,0.0,63.6,20.6,,22.0,26.400000000000002,20.5,20.0,1.7,16.7,16.7,66.7,0.0,0.0,0.0,16.7,0.0,83.3,4.9,66.7,16.7,66.7,16.7,0.0,50.0,50.0,0.0,0.0,16.7,83.3,0.0,0.0,100.0,0.0,0.0,0.0,0.0,1.0,0.0,100.0
123910505,rural,646.0,,,,,,,,,,,,,,,,,,,,,,,,,,,,,,,,,,,,,,,,,,,,,,,,,,,,,,,,,,168.0,3.8,,,,,,,,,,,,,,,,,,,,,,,,,,,,,,,
123910507,rural,13.0,0.0,0.0,0.0,7.7,15.4,100.0,0.0,,0.0,7.7,7.7,7.7,15.4,15.4,15.4,15.4,15.4,0.0,0.0,0.0,0.0,0.0,23.1,69.2,7.7,0.0,,,,7.7,0.0,61.5,23.1,0.0,0.0,92.3,61.5,0.0,0.0,30.8,100.0,50.0,0.0,8.3,7.7,30.8,0.0,30.8,0.0,0.0,23.1,7.7,0.0,,13.0,0.0,0.0,10.0,1.3,11.1,33.3,100.0,0.0,0.0,0.0,22.2,0.0,77.8,0.9,55.6,11.1,44.4,44.4,0.0,66.7,55.6,0.0,0.0,33.3,66.7,11.1,11.1,100.0,0.0,0.0,0.0,0.0,2.4,0.0,77.8
123910901,rural,10558.0,0.8,0.7,0.6,15.8,21.4,96.7,0.4,6.6,6.8,19.4,16.9,12.4,10.5,10.9,9.5,6.0,3.0,1.3,0.5,0.4,0.3,0.9,57.3,39.9,2.6,0.2,35.4,0.4,100.0,15.9,0.6,25.9,31.7,14.3,6.1,94.3,21.1,17.1,0.6,2.7,97.8,4.0,12.1,34.3,0.7,3.3,2.9,85.2,0.1,0.2,7.5,0.2,4.9,0.61,9958.0,2.5,1.2,4177.0,2.5,9.3,0.9,94.1,8.6,1.5,0.1,6.8,1.0,65.7,2.1,89.8,58.4,16.7,23.0,1.8,80.4,95.2,50.5,21.2,63.2,15.6,31.2,32.2,71.5,27.2,0.0,0.2,1.1,2.2,24.9,36.5
123910903,rural,3345.0,0.0,0.0,0.1,19.4,29.8,98.7,0.1,18.2,4.2,9.6,13.8,12.3,13.0,15.5,14.7,8.3,5.0,2.2,0.9,0.2,0.1,1.1,39.1,58.2,2.6,0.1,33.0,2.0,75.0,19.4,1.6,38.6,22.5,5.4,2.1,95.1,48.6,0.5,0.0,3.7,99.6,4.0,2.6,15.3,0.9,6.3,1.4,4.4,0.3,0.0,86.5,0.2,0.4,,3295.0,3.4000000000000004,1.2000000000000002,1039.0,3.2,0.4,0.2,92.9,0.1,0.0,0.0,1.0,0.7,7.0,2.3,99.4,14.9,70.3,14.7,0.0,65.4,91.3,1.8,0.8,90.5,8.7,0.0,0.1,99.5,0.3,0.0,0.1,0.1,0.6,91.3,99.89999999999999
