code14,name14,prov14,name_carto,code24,name24,label04,idh04,src04,taux_pauvrete04,vulnerabilite04,severite04,inegalite04,ids04,mpi_rate04c,mpi_idx04c,mpi_int04c,mpi_rate14c,mpi_idx14c,mpi_int14c,pov_glob14c,mpi2014,mpi2024,mpi_intensity2014,mpi_intensity2024,mpi_rate2014,mpi_rate2024,vulnerability2014,vulnerability2024,menages14,population14,level,cercle,src14,src24
01.051.01.01.,Al Hoceima (Mun.),Al Hoceima,Al Hoceima (M),10510101.0,Commune d'Al Hoceima,Al Hoceima Al Hoceima (M),0.737,direct,4.61,7.62,0.44,43.46,,6.94053316116333,2.704106569290161,38.96107864379883,1.8647514581680298,0.6639827489852905,35.60703659057617,2.034862,0.0166325680911541,0.012876411899924278,35.22895812988281,36.23966979980469,4.721277236938477,3.5531260967254634,3.097719430923462,1.5265507698059082,13881.0,56716.0,commune,01.051.01.,,
01.051.01.03.,Bni Bouayach (Mun.),Al Hoceima,Bni Bouayach (M),10510103.0,Commune de Bni Bouayach,Al Hoceima Bni Bouayach (M),0.708,direct,5.27,7.91,0.53,43.77,,16.061172485351562,6.523484706878662,40.616493225097656,3.59684681892395,1.3099626302719116,36.41975402832031,4.101858,0.029693907126784325,0.0234094075858593,36.84707260131836,35.15951156616211,8.058688163757324,6.658058166503907,8.053214073181152,4.330257892608643,4062.0,18271.0,commune,01.051.01.,,
01.051.01.05.,Imzouren (Mun.),Al Hoceima,Imzouren (M),10510105.0,Commune d'Imzouren,Al Hoceima Imzouren (M),0.68,direct,4.66,7.61,0.44,40.73,,13.064594268798828,5.188796043395996,39.716468811035156,3.535066843032837,1.27273690700531,36.00318908691406,4.025561,0.02461211010813713,0.023596851155161858,35.856170654296875,35.5380744934082,6.864120960235596,6.639878749847412,5.422028541564941,2.3090596199035645,7440.0,33852.0,commune,01.051.01.,,
01.051.01.07.,Targuist (Mun.),Al Hoceima,Targuist (M),10510107.0,Commune de Targuist,Al Hoceima Targuist (M),0.69,direct,3.16,5.73,0.25,39.97,,11.58304500579834,4.529988765716553,39.108787536621094,1.9725044965744019,0.703161358833313,35.64814758300781,3.1095800000000002,0.020140135660767555,0.016551176086068153,35.75007629394531,35.315826416015625,5.633592128753662,4.686617374420166,4.161685466766357,2.903735876083374,2969.0,13390.0,commune,01.051.01.,,
01.051.01.09.,Ajdir (Mun.),Al Hoceima,Ajdir  (M),10510109.0,Commune d'Ajdir,Al Hoceima Ajdir (AC),0.691,direct,6.29,12.0,0.58,36.72,,17.1301212310791,7.2997002601623535,42.61324691772461,3.782461643218994,1.3904571533203125,36.760643005371094,4.158828,0.028436418622732162,0.016357365995645523,36.76669692993164,34.46115493774414,7.734286785125732,4.746609687805176,4.7610087394714355,2.4803712368011475,1292.0,5314.0,commune,01.051.01.,,
01.051.03.01.,Bni Boufrah,Al Hoceima,Bni Boufrah,10510301.0,Commune de Bni Boufrah,Al Hoceima Bni Boufrah,0.573,direct,18.01,17.92,2.64,44.29,0.498,43.115169525146484,18.93463706970215,43.916419982910156,13.0632963180542,5.205060005187988,39.84492111206055,13.508725,0.08627715706825256,0.06444577127695084,40.865230560302734,40.30265426635742,21.112607955932617,15.990453720092773,27.99129867553711,21.778043746948242,1875.0,9653.0,commune,01.051.03.,,
01.051.03.03.,Bni Gmil,Al Hoceima,Bni Gmil,10510303.0,Commune de Bni Gmil,Al Hoceima Bni Gmil,0.566,direct,20.93,20.27,3.18,42.74,0.2,55.96659851074219,25.193485260009766,45.01521682739258,23.114151000976562,9.222046852111816,39.89784240722656,24.98681,0.1281781643629074,0.04175824299454689,41.2994384765625,39.92583465576172,31.036296844482422,10.458952903747559,30.036823272705078,27.563024520874023,1444.0,9513.0,commune,01.051.03.,,
01.051.03.05.,Bni Gmil Maksouline,Al Hoceima,Bni Gmil Maksouline,10510305.0,Commune de Bni Gmil Maksouline,Al Hoceima Bni Gmil Maksouline,0.471,direct,33.35,23.35,5.56,42.03,0.147,70.36812591552734,33.0935173034668,47.02912902832031,22.8708438873291,9.493612289428711,41.509674072265625,24.809710000000003,0.13320477306842804,0.06940978765487671,43.184635162353516,40.57716751098633,30.845407485961914,17.105627059936523,34.493900299072266,30.718048095703125,1477.0,9593.0,commune,01.051.03.,,
01.051.03.07.,Senada,Al Hoceima,Senada,10510307.0,Commune de Senada,Al Hoceima Senada,0.538,direct,18.18,17.83,2.72,43.05,0.351,58.61195373535156,26.66891860961914,45.500816345214844,18.014385223388672,7.153322696685791,39.708946228027344,19.5183,0.11003342270851135,0.0791277214884758,41.093475341796875,40.61217498779297,26.7763729095459,19.48374366760254,32.149085998535156,25.97418785095215,1733.0,9176.0,commune,01.051.03.,,
01.051.05.01.,Ait Kamra,Al Hoceima,Ait Kamra,10511101.0,Commune d'Ait Kamra,Al Hoceima Ait Kamra,0.52,direct,21.91,20.42,3.2,41.91,0.493,53.589439392089844,24.592933654785156,45.891380310058594,4.289799690246582,1.605459451675415,37.425045013427734,4.440206,0.03336511179804802,0.023624740540981293,37.23404312133789,35.75882963137257,8.960915565490723,6.606687137964381,8.484271049499512,7.613804319808671,1642.0,7685.0,commune,01.051.05.,,
01.051.05.03.,Ait Youssef Ou Ali,Al Hoceima,Ait Youssef Ou Ali,10511303.0,Commune d'Ait Youssef Ou Ali,Al Hoceima Ait Youssef Ou Ali,0.622,direct,15.76,16.42,2.36,42.2,0.575,23.91537857055664,10.407121658325195,43.516441345214844,4.8053202629089355,1.7727961540222168,36.892364501953125,5.288,0.030462056398391724,0.025041544809937477,36.59200376837065,36.067142536889335,8.32478516022634,6.943035324097785,11.126015684067154,5.537034450605099,2598.0,12673.0,commune,01.051.05.,,
01.051.05.05.,Arbaa Taourirt,Al Hoceima,Arbaa Taourirt,10511305.0,Commune d'Arbaa Taourirt,Al Hoceima Arbaa Taourirt,0.501,direct,11.8,14.97,1.54,42.44,0.208,58.42959213256836,26.22234535217285,44.87853240966797,27.896663665771484,11.334961891174316,40.6319580078125,30.036620000000003,0.14138980209827423,0.0975952222943306,42.07624435424805,38.97651672363281,33.60323715209961,25.039493560791016,26.79776382446289,25.539758682250977,985.0,5187.0,commune,01.051.05.,,
01.051.05.07.,Bni Abdallah,Al Hoceima,,10511107.0,Commune de Bni Abdellah,Al Hoceima Bni Abdallah,0.518,direct,17.81,19.17,2.42,42.73,0.229,,,,,,,,0.11507605016231537,0.08327050507068634,41.803279876708984,40.98628234863281,27.527996063232422,20.31667709350586,23.533344268798828,12.625950813293457,1229.0,5983.0,commune,01.051.05.,,
01.051.05.09.,Bni Hadifa,Al Hoceima,Bni Hadifa,10511109.0,Commune de Bni Hadifa,Al Hoceima Bni Hadifa,0.6,direct,18.42,17.35,2.73,42.37,0.396,54.01921844482422,23.991615295410156,44.41311264038086,12.036225318908691,4.766773700714111,39.60356140136719,14.168868999999999,0.0521598719060421,0.029217343777418137,38.800840884479065,37.01648820455783,13.44297478631176,7.893061971300199,18.50196590498596,12.30638681749566,1193.0,5594.0,commune,01.051.05.,,
01.051.05.11.,Chakrane,Al Hoceima,Chakrane,10511311.0,Commune de Chakrane,Al Hoceima Chakrane,0.461,direct,18.16,19.65,2.54,40.91,0.05,76.20032501220703,35.549320220947266,46.65245056152344,49.17894744873047,20.530994415283203,41.747528076171875,52.58253,0.24217544496059418,0.13610097765922546,43.5073127746582,42.01877975463867,55.66315841674805,32.39051055908203,20.947368621826172,31.20438003540039,819.0,4761.0,commune,01.051.05.,,
01.051.05.13.,Imrabten,Al Hoceima,Imrabten,10511313.0,Commune d'Imrabten,Al Hoceima Imrabten,0.523,direct,34.32,22.73,5.46,43.11,0.336,72.3826675415039,35.16847229003906,48.58686828613281,20.75827980041504,8.499580383300781,40.94549560546875,21.644343000000003,0.09730984270572662,0.06040962040424347,40.51864738617556,38.74893144119618,24.016064522940745,15.59000906586955,17.292025979633518,14.0826868210036,1782.0,8715.0,commune,01.051.05.,,
01.051.05.15.,Izemmouren,Al Hoceima,Izemmouren,10511115.0,Commune d'Izemmouren,Al Hoceima Izemmouren,0.544,direct,8.79,10.89,1.15,41.79,0.662,34.257381439208984,15.348209381103516,44.80263137817383,5.608383655548096,2.0656793117523193,36.83198928833008,8.305844,0.040451087057590485,0.02279135026037693,37.089759826660156,35.70644760131836,10.906268119812012,6.382978916168213,7.083252429962158,4.113475322723389,1213.0,5153.0,commune,01.051.05.,,
01.051.05.17.,Louta,Al Hoceima,Louta,10511317.0,Commune de Louta,Al Hoceima Louta,0.511,direct,20.46,19.39,3.0,42.96,0.453,53.86875915527344,25.127872467041016,46.64646530151367,8.130081176757812,3.006122589111328,36.97530746459961,10.140021999999998,0.054765135049819946,0.039360255002975464,38.00940704345703,36.29707336425781,14.408310890197754,10.84391975402832,12.759711265563965,7.962794780731201,886.0,4428.0,commune,01.051.05.,,
01.051.05.19.,Nekkour,Al Hoceima,Nekkour,10511319.0,Commune de Nekkour,Al Hoceima Nekkour,0.576,direct,17.56,17.82,2.54,44.47,0.348,44.802154541015625,19.80745506286621,44.21094512939453,14.23630428314209,5.748943328857422,40.38227081298828,15.095373,0.08740253746509552,0.03662189096212387,42.185726165771484,37.43193817138672,20.718509674072266,9.783595085144043,25.64989471435547,13.386031150817871,1780.0,8963.0,commune,01.051.05.,,
01.051.05.21.,Rouadi,Al Hoceima,Rouadi,10511121.0,Commune de Rouadi,Al Hoceima Rouadi,0.568,direct,32.49,21.75,5.33,44.4,0.325,49.567474365234375,22.10344886779785,44.592647552490234,18.811464309692383,7.715962886810303,41.0173454284668,20.46927,0.11620774120092392,0.0654526874423027,42.13788604736328,40.098567962646484,27.577970504760742,16.322948455810547,28.294464111328125,25.43513298034668,1572.0,7131.0,commune,01.051.05.,,
01.051.05.23.,Tifarouine,Al Hoceima,Tifarouine,10511323.0,Commune de Tifarouine,Al Hoceima Tifarouine,0.528,direct,12.08,14.54,1.69,42.59,0.121,55.124359130859375,24.908370971679688,45.1857795715332,25.8331356048584,10.153891563415527,39.30568313598633,27.84209,0.15450774133205414,0.06345857679843903,42.175628662109375,39.20960235595703,36.63436508178711,16.1844482421875,28.551170349121094,21.729957580566406,840.0,4231.0,commune,01.051.05.,,
01.051.05.25.,Zaouiat Sidi Abdelkader,Al Hoceima,Zaouiat Sidi Abdelkader,10511125.0,Commune de Zaouiat Sidi Abdelkader,Al Hoceima Zaouiat Sidi Abdelkader,0.496,direct,24.64,21.57,3.67,41.06,0.215,71.37596130371094,34.148902893066406,47.84370803833008,24.76155662536621,9.805779457092285,39.600826263427734,31.18202,0.15061751008033752,0.09792253375053406,41.285404205322266,39.676334381103516,36.482025146484375,24.68033790588379,23.239177703857422,31.3872127532959,930.0,5452.0,commune,01.051.05.,,
01.051.07.03.,Bni Ahmed Imoukzan,Al Hoceima,Bni Ahmed Imoukzan,10510703.0,Commune de Bni Ahmed Imoukzan,Al Hoceima Bni Ahmed Imoukzan,0.525,direct,11.51,14.58,1.58,41.25,0.277,62.28628921508789,28.63821029663086,45.97835159301758,24.543254852294922,10.077775001525879,41.06128692626953,28.186259999999997,0.13787390291690826,0.08171617239713669,43.06367492675781,40.29948043823242,32.01628875732422,20.2772274017334,36.759849548339844,25.148515701293945,1519.0,9086.0,commune,01.051.07.,,
01.051.07.05.,Bni Ammart,Al Hoceima,Bni Ammart,10510705.0,Commune de Bni Ammart,Al Hoceima Bni Ammart,0.57,direct,19.96,19.62,2.93,44.56,0.237,68.77783203125,31.398784637451172,45.6524772644043,18.309432983398438,7.490147113800049,40.90867614746094,19.90943,0.11970650404691696,0.06287336349487305,42.86787033081055,39.9582405090332,27.924528121948242,15.734766960144043,31.350942611694336,22.724014282226562,1219.0,6654.0,commune,01.051.07.,,
01.051.07.07.,Bni Bchir,Al Hoceima,Bni Bchir,10510707.0,Commune de Bni Bchir,Al Hoceima Bni Bchir,0.519,direct,8.18,11.09,1.04,41.13,0.132,65.90032196044922,29.564990997314453,44.86320114135742,23.747509002685547,9.635190963745117,40.57347869873047,25.647343999999997,0.15194152295589447,0.058353912085294724,42.801998138427734,41.030094146728516,35.49869918823242,14.222222328186035,36.01961135864258,24.462963104248047,1017.0,6527.0,commune,01.051.07.,,
01.051.07.11.,Bni Bounsar,Al Hoceima,Bni Bounsar,10510711.0,Commune de Bni Bounsar,Al Hoceima Bni Bounsar,0.537,direct,17.39,17.34,2.66,42.97,0.356,39.2874755859375,16.938554763793945,43.1143913269043,13.237598419189453,5.337249755859375,40.318870544433594,13.381235000000002,0.07346968352794647,0.041747938841581345,41.35031509399414,39.06500244140625,17.767623901367188,10.686787605285645,29.595300674438477,31.39821434020996,1242.0,7660.0,commune,01.051.07.,,
01.051.07.19.,Sidi Boutmim,Al Hoceima,Sidi Boutmim,10510719.0,Commune de Sidi Boutmim,Al Hoceima Sidi Boutmim,0.566,direct,16.5,15.89,2.44,44.97,0.38,54.12028884887695,25.396516799926758,46.926055908203125,21.10487174987793,8.241427421569824,39.04988098144531,22.38823,0.10940668731927872,0.06339915841817856,40.99257278442383,40.222557067871094,26.68939208984375,15.762090682983398,21.676359176635742,20.42095375061035,1831.0,9988.0,commune,01.051.07.,,
01.051.07.21.,Sidi Bouzineb,Al Hoceima,Sidi Bouzineb,10510721.0,Commune de Sidi Bouzineb,Al Hoceima Sidi Bouzineb,0.494,direct,29.73,24.09,4.39,39.65,0.051,82.22177124023438,39.140071868896484,47.60305404663086,22.123416900634766,8.702356338500977,39.33549880981445,24.92585,0.12849187850952148,0.09684903174638748,41.1063232421875,41.5455207824707,31.258420944213867,23.311546325683594,28.698463439941406,34.24110412597656,630.0,3711.0,commune,01.051.07.,,
01.051.07.27.,Zarkt,Al Hoceima,Zarkt,10510727.0,Commune de Zarkt,Al Hoceima Zarkt,0.554,direct,15.63,17.82,2.16,41.42,0.287,49.25062942504883,21.894941329956055,44.45616149902344,19.95217514038086,7.99000358581543,40.0457763671875,23.43451,0.11081220954656601,0.10938369482755661,41.537506103515625,40.51033401489258,26.677627563476562,27.00143051147461,26.064863204956055,23.338098526000977,1160.0,6691.0,commune,01.051.07.,,
01.051.09.01.,Abdelghaya Souahel,Al Hoceima,Abdelghaya Souahel,10510901.0,Commune d'Abdelghaya Souahel,Al Hoceima Abdelghaya Souahel,0.576,direct,7.11,9.91,0.9,41.41,0.326,46.57808303833008,20.59977912902832,44.22633743286133,17.457489013671875,7.049618721008301,40.381629943847656,17.64841,0.09382707625627518,0.05987919121980667,41.57085037231445,40.377288818359375,22.57040023803711,14.829918861389162,24.57682991027832,28.743757247924805,4140.0,25817.0,commune,01.051.09.,,
01.051.09.09.,Bni Bouchibet,Al Hoceima,Bni Bouchibet,10510909.0,Commune de Bni Bouchibet,Al Hoceima Bni Bouchibet,0.496,direct,13.79,16.84,1.89,40.87,0.319,57.52900314331055,26.097810745239258,45.3646125793457,24.51284408569336,9.91474723815918,40.4471549987793,29.06332,0.14621470868587494,0.13535626232624054,42.60036087036133,40.24996566772461,34.322410583496094,33.62891387939453,33.01594161987305,25.49107551574707,1530.0,9032.0,commune,01.051.09.,,
01.051.09.13.,Issaguen,Al Hoceima,Issaguen,10510913.0,Commune d'Issaguen,Al Hoceima Issaguen (AC),0.664,direct,11.12,11.35,1.47,45.26,,47.095088958740234,21.74149513244629,46.165103912353516,13.507967948913574,5.564295291900635,41.19268798828125,13.660009,0.08366018533706665,0.04522476717829704,41.744626663846205,41.07598644899331,20.040947809300253,11.010025599893348,32.138052102730754,30.703881641767417,3267.0,17095.0,commune,01.051.09.,,
01.051.09.15.,Ketama,Al Hoceima,Ketama,10510915.0,Commune de Ketama,Al Hoceima Ketama,0.61,direct,6.3,8.56,0.78,42.02,0.333,39.537803649902344,17.39373207092285,43.99266052246094,11.901331901550293,4.73075532913208,39.74979782104492,12.176689000000001,0.08166355639696121,0.03606017678976059,41.238197326660156,40.560951232910156,19.802892684936523,8.89036750793457,27.329837799072266,26.855623245239258,3255.0,17351.0,commune,01.051.09.,,
01.051.09.17.,Moulay Ahmed Cherif,Al Hoceima,Moulay Ahmed Cherif,10510917.0,Commune de Moulay Ahmed Cherif,Al Hoceima Moulay Ahmed Cherif,0.564,direct,14.63,16.3,2.15,41.91,0.349,51.78331756591797,23.626474380493164,45.62565231323242,9.646697044372559,3.988166570663452,41.3422966003418,10.242755,0.06670649349689484,0.057687290012836456,42.052223205566406,40.009063720703125,15.862774848937988,14.41855525970459,33.02611541748047,20.393329620361328,1585.0,9765.0,commune,01.051.09.,,
01.051.09.23.,Taghzout,Al Hoceima,Taghzout,10510923.0,Commune de Taghzout,Al Hoceima Taghzout,0.547,direct,14.76,17.4,2.07,38.97,0.453,55.190616607666016,23.106332778930664,41.866416931152344,17.614965438842773,7.269204616546631,41.267208099365234,24.39593,0.11257252842187881,0.09004995971918106,42.4483642578125,41.26454162597656,26.519874572753906,21.822599411010742,37.353858947753906,30.643985748291016,966.0,5132.0,commune,01.051.09.,,
01.051.09.25.,Tamsaout,Al Hoceima,Tamsaout,10510925.0,Commune de Tamsaout,Al Hoceima Tamsaout,0.5,direct,6.42,9.36,0.79,40.12,0.258,69.39730834960938,31.943782806396484,46.030296325683594,25.505069732666016,10.047893524169922,39.39567184448242,25.939173,0.14171913266181946,0.09605520963668823,41.67977523803711,40.5009651184082,34.001895904541016,23.71677017211914,26.70848274230957,25.551015853881836,2323.0,13711.0,commune,01.051.09.,,
01.151.01.01.,Chefchaouen (Mun.),Chefchaouen,Chefchaouen (M),11510101.0,Commune de Chefchaouen,Chefchaouen Chefchaouen (M),0.705,direct,8.57,12.26,0.92,40.38,,9.932573318481445,3.9834699630737305,40.1051139831543,2.289968729019165,0.8508766889572144,37.15669631958008,2.992789,0.018178829923272133,0.008871883153915405,36.71726989746094,35.001922607421875,4.9510297775268555,2.534684419631958,5.256359100341797,2.3332972526550293,10295.0,42786.0,commune,01.151.01.,,
01.151.03.03.,Bab Berred,Chefchaouen,Bab Berred,11510303.0,Commune de Bab Berred,Chefchaouen Bab Berred (AC),0.663,direct,9.77,14.24,0.98,40.03,,34.0763053894043,14.354826927185059,42.12553405761719,9.313233375549316,3.7730984687805176,40.5133056640625,9.579006999999999,0.047954361885786057,0.022421756759285927,40.09939215709637,38.09216539487788,11.958874781410415,5.886185998134659,23.937074191578024,16.26230250054552,4932.0,25872.0,commune,01.151.03.,,
01.151.03.13.,Iounane,Chefchaouen,Iounane,11510313.0,Commune d'Iounane,Chefchaouen Iounane,0.526,direct,13.66,18.44,1.82,40.32,0.31,50.587928771972656,21.681365966796875,42.85877227783203,15.115303039550781,6.16415548324585,40.78089141845703,17.493270000000003,0.08177797496318817,0.050561223179101944,41.715938568115234,39.3328857421875,19.603532791137695,12.854694366455078,33.69169998168945,23.427942276000977,4004.0,25021.0,commune,01.151.03.,,
01.151.03.23.,Tamorot,Chefchaouen,Tamorot,11510323.0,Commune de Tamorot,Chefchaouen Tamorot,0.538,direct,15.52,20.35,2.03,39.37,0.13,53.9261474609375,24.41156005859375,45.26850891113281,15.967549324035645,6.375969886779785,39.93080139160156,16.335216,0.09464259445667267,0.04399794340133667,42.64656448364258,40.280784606933594,22.19231414794922,10.92281150817871,26.809480667114258,23.404653549194336,4652.0,26748.0,commune,01.151.03.,,
01.151.05.01.,Bab Taza,Chefchaouen,Bab Taza,11510501.0,Commune de Bab Taza,Chefchaouen Bab Taza,0.564,direct,11.06,15.64,1.41,39.21,0.465,45.639251708984375,19.899890899658203,43.60258102416992,16.33387565612793,6.549299716949463,40.09642791748047,19.81831,0.07877160608768463,0.04110126942396164,40.81840143026908,39.47277580249234,19.2980623166132,10.41256101337785,24.526000695299707,23.725905465376204,5259.0,28713.0,commune,01.151.05.,,
01.151.05.03.,Bni Darkoul,Chefchaouen,Bni Darkoul,11510503.0,Commune de Bni Darkoul,Chefchaouen Bni Darkoul,0.607,direct,11.63,15.95,1.53,38.82,0.595,42.90238571166992,19.00751495361328,44.304100036621094,16.841463088989258,6.769365310668945,40.19463348388672,19.3112,0.08626354485750198,0.04665296897292137,41.35221862792969,38.59821319580078,20.860681533813477,12.086820602416992,36.47743606567383,25.607990264892578,2657.0,14779.0,commune,01.151.05.,,
01.151.05.05.,Bni Faghloum,Chefchaouen,Bni Faghloum,11510505.0,Commune de Bni Faghloum,Chefchaouen Bni Faghloum,0.556,direct,12.22,17.51,1.56,37.97,0.139,55.27082824707031,24.90146255493164,45.05353546142578,17.75872039794922,6.981114387512207,39.310909271240234,19.928720000000002,0.10762617737054825,0.06877392530441284,41.21566390991211,40.302391052246094,26.112930297851562,17.064477920532227,30.80554962158203,25.618316650390625,2046.0,10378.0,commune,01.151.05.,,
01.151.05.07.,Bni Salah,Chefchaouen,Bni Salah,11510507.0,Commune de Bni Salah,Chefchaouen Bni Salah,0.434,direct,18.25,21.85,2.47,37.79,0.376,60.701717376708984,27.60527992248535,45.47693634033203,22.613906860351562,9.145344734191895,40.44124221801758,27.203789999999998,0.12509426474571228,0.02264937199652195,41.797542572021484,38.988746643066406,29.92861557006836,5.809207439422607,24.605623245239258,21.328903198242188,1851.0,11365.0,commune,01.151.05.,,
01.151.05.09.,Derdara,Chefchaouen,Derdara,11510509.0,Commune de Derdara,Chefchaouen Derdara,0.511,direct,14.25,19.37,1.85,37.54,0.231,64.18995666503906,30.152875900268555,46.97444152832031,22.22222328186035,8.93209457397461,40.19442367553711,27.79945,0.11856374889612198,0.06440459191799164,41.66328811645508,38.79149627685547,28.45760726928711,16.602760314941406,31.159608840942383,29.22082138061523,2107.0,11547.0,commune,01.151.05.,,
01.151.05.11.,Fifi,Chefchaouen,Fifi,11510511.0,Commune de Fifi,Chefchaouen Fifi,0.551,direct,20.62,22.33,2.85,39.56,0.191,53.950775146484375,24.554548263549805,45.512874603271484,22.139673233032227,8.409004211425781,37.981605529785156,23.50178,0.13060645759105682,0.08251972496509552,40.66221237182617,40.59922409057617,32.1198616027832,20.325443267822266,26.894502639770508,23.87574005126953,1626.0,8104.0,commune,01.151.05.,,
01.151.05.13.,Laghdir,Chefchaouen,Laghdir,11510513.0,Commune de Laghdir,Chefchaouen Laghdir,0.546,direct,20.64,22.55,2.86,38.43,0.199,55.4896125793457,25.11971664428711,45.269222259521484,14.236682891845703,5.599030017852783,39.328189849853516,17.46538,0.0801909863948822,0.08179251104593277,39.5471305847168,39.016178131103516,20.277320861816406,20.963743209838867,32.097747802734375,19.398822784423828,1467.0,7284.0,commune,01.151.05.,,
01.151.05.15.,Tanaqoub,Chefchaouen,Tanaqoub,11510515.0,Commune de Tanaqoub,Chefchaouen Tanaqoub,0.546,direct,19.21,21.61,2.7,39.0,0.48,59.908084869384766,27.427631378173828,45.78285217285156,14.844088554382324,6.064434051513672,40.85420227050781,20.40926,0.09256051480770111,0.05988028272986412,41.88578796386719,39.82014083862305,22.098310470581055,15.037687301635742,34.24642562866211,20.190288543701172,1667.0,9236.0,commune,01.151.05.,,
01.151.06.05.,Bni Ahmed Cherqia,Chefchaouen,Bni Ahmed Cherqia,11510605.0,Commune de Bni Ahmed Cherqia,Chefchaouen Bni Ahmed Cherqia,0.523,direct,17.98,20.09,2.48,40.44,0.449,42.981502532958984,19.622346878051758,45.65300750732422,19.205657958984375,7.448140621185303,38.78097152709961,21.02442,0.1030752956867218,0.06763982027769089,40.19905090332031,40.58612823486328,25.641225814819336,16.665748596191406,25.361417770385742,20.938127517700195,2750.0,12866.0,commune,01.151.06.,,
01.151.06.07.,Bni Ahmed Gharbia,Chefchaouen,Bni Ahmed Gharbia,11510607.0,Commune de Bni Ahmed Gharbia,Chefchaouen Bni Ahmed Gharbia,0.51,direct,11.82,17.48,1.47,36.64,0.381,53.811038970947266,23.85325050354004,44.32780838012695,18.662351608276367,7.54139518737793,40.409671783447266,20.203390000000002,0.10881663113832474,0.05562945827841759,42.09306335449219,41.40473556518555,25.8514404296875,13.435530662536621,32.83248519897461,27.169326782226562,2634.0,12978.0,commune,01.151.06.,,
01.151.06.15.,Mansoura,Chefchaouen,Mansoura,11510615.0,Commune de Mansoura,Chefchaouen Mansoura,0.49,direct,14.32,19.09,1.89,37.69,0.359,68.75800323486328,31.448286056518555,45.737640380859375,19.304677963256836,7.7538981437683105,40.1659049987793,20.981080000000002,0.10203681141138077,0.08270906656980515,40.959712982177734,39.49898529052734,24.9115047454834,20.939542770385742,33.634639739990234,28.15745353698731,2829.0,15820.0,commune,01.151.06.,,
01.151.06.21.,Oued Malha,Chefchaouen,Oued Malha,11510621.0,Commune d'Oued Malha,Chefchaouen Oued Malha,0.507,direct,16.94,21.55,2.23,37.67,0.287,64.9487075805664,29.95073127746582,46.114437103271484,23.997360229492188,10.162443161010742,42.34817123413086,25.64895,0.13135942816734314,0.06174849346280098,43.21300506591797,39.19084167480469,30.398122787475586,15.755847930908203,34.511329650878906,24.422065734863285,2541.0,13639.0,commune,01.151.06.,,
01.151.07.01.,Bni Bouzra,Chefchaouen,Bni Bouzra,11510701.0,Commune de Bni Bouzra,Chefchaouen Bni Bouzra,0.526,direct,24.82,25.17,3.31,37.93,0.363,64.75022888183594,30.82033348083496,47.59880065917969,32.42998504638672,14.117911338806152,43.533512115478516,36.32903,0.16581161320209503,0.05601212754845619,44.742130279541016,41.30359649658203,37.059391021728516,13.561077117919922,27.52293586730957,25.836763381958008,2815.0,16568.0,commune,01.151.07.,,
01.151.07.03.,Bni Mansour,Chefchaouen,Bni Mansour,11511103.0,Commune de Bni Mansour,Chefchaouen Bni Mansour,0.434,direct,17.77,24.04,2.22,36.22,0.11,77.7100601196289,36.835296630859375,47.40093231201172,32.00711441040039,13.51021671295166,42.210044860839844,36.07706,0.1636234074831009,0.06300576031208038,43.23472213745117,41.94306945800781,37.84537124633789,15.021733283996582,38.67666244506836,33.65793991088867,3085.0,20811.0,commune,01.151.07.,,
01.151.07.05.,Bni Selmane,Chefchaouen,Bni Selmane,11511105.0,Commune de Bni Selmane,Chefchaouen Bni Selmane,0.433,direct,28.94,27.26,3.88,37.34,0.142,68.43477630615234,32.62238693237305,47.6693115234375,20.60948944091797,8.357306480407715,40.5507698059082,24.144199999999998,0.118571437895298,0.061419010162353516,41.79077911376953,40.95057678222656,28.372631072998047,14.998326301574707,38.40690612792969,29.829425811767578,3605.0,24217.0,commune,01.151.07.,,
01.151.07.07.,Steha,Chefchaouen,Steha,11510707.0,Commune de Steha,Chefchaouen Steha,0.521,direct,16.94,22.07,2.14,39.21,0.278,69.35226440429688,32.70920181274414,47.16386032104492,20.88689422607422,8.680107116699219,41.55766677856445,23.70804,0.10598261654376984,0.052414003759622574,43.08819580078125,40.39247131347656,24.596670150756836,12.976181030273438,33.69855880737305,21.688692092895508,2164.0,12034.0,commune,01.151.07.,,
01.151.07.09.,Talambote,Chefchaouen,Talambote,11510709.0,Commune de Talambote,Chefchaouen Talambote,0.453,direct,20.13,23.64,2.6,36.86,0.375,67.70137786865234,30.99873924255371,45.78745651245117,22.5327205657959,9.282841682434082,41.19716262817383,28.935280000000002,0.14174166321754456,0.02904103510081768,41.87081527709961,40.42512130737305,33.85213851928711,7.183907985687256,33.35691452026367,33.82059097290039,1399.0,8481.0,commune,01.151.07.,,
01.151.07.11.,Tassift,Chefchaouen,Tassift,11510711.0,Commune de Tassift,Chefchaouen Tassift,0.491,direct,14.21,19.74,1.83,36.72,0.259,71.64362335205078,33.97655487060547,47.42438888549805,30.924896240234375,12.91970443725586,41.77768325805664,36.24883,0.16328638792037964,0.07928140461444855,44.0717658996582,41.429771423339844,37.050113677978516,19.136337280273438,22.789623260498047,21.418254852294922,1213.0,7363.0,commune,01.151.07.,,
01.151.07.13.,Tizgane,Chefchaouen,Tizgane,11510713.0,Commune de Tizgane,Chefchaouen Tizgane,0.536,direct,24.09,23.83,3.27,39.99,0.386,57.30509948730469,26.369321823120117,46.015663146972656,24.958898544311523,10.587437629699707,42.419490814208984,30.86977,0.12884384393692017,0.049366872757673264,42.902042388916016,39.0299186706543,30.0320987701416,12.648468971252441,24.93541145324707,21.227121353149414,2413.0,12773.0,commune,01.151.07.,,
01.151.09.01.,Amtar,Chefchaouen,Amtar,11510901.0,Commune d'Amtar,Chefchaouen Amtar,0.47,direct,23.01,25.03,3.04,36.97,0.166,65.5509033203125,30.319786071777344,46.25379943847656,29.364479064941406,12.173991203308105,41.458221435546875,32.28645,0.14847739040851593,0.04230424761772156,42.74435043334961,39.026580810546875,34.73614501953125,10.839855194091797,31.700397491455078,17.556360244750977,1766.0,10574.0,commune,01.151.09.,,
01.151.09.09.,Bni Rzine,Chefchaouen,Bni Rzine,11510909.0,Commune de Bni Rzine,Chefchaouen Bni Rzine,0.53,direct,24.02,24.52,3.32,40.24,0.248,62.818485260009766,29.3262996673584,46.68418884277344,12.489233016967773,5.0717244148254395,40.608768463134766,12.96296,0.08141662180423737,0.03567780554294586,41.804534912109375,40.561851501464844,19.475547790527344,8.79590129852295,30.395252227783203,22.2490291595459,3333.0,20904.0,commune,01.151.09.,,
01.151.09.11.,Bni Smih,Chefchaouen,Bni Smih,11510911.0,Commune de Bni Smih,Chefchaouen Bni Smih,0.488,direct,19.55,24.13,2.53,36.67,0.146,71.2589111328125,33.551605224609375,47.08408737182617,27.209043502807617,11.288698196411133,41.48877716064453,29.61678,0.1515832394361496,0.046135347336530685,43.037681579589844,39.401145935058594,35.22105026245117,11.709138870239258,35.87449264526367,25.983053207397464,2682.0,16987.0,commune,01.151.09.,,
01.151.09.17.,M'tioua,Chefchaouen,M'tioua,11510917.0,Commune de M'tioua,Chefchaouen M'tioua,0.432,direct,28.37,27.16,3.76,37.5,0.135,78.61856842041016,37.83057403564453,48.11913299560547,30.0717830657959,12.387876510620117,41.19435119628906,31.24243,0.1164800301194191,0.07041477411985397,41.50370493818406,38.99662272147748,28.064970727266974,18.056633012205985,27.190379830574443,17.12567900531601,2291.0,12812.0,commune,01.151.09.,,
01.151.09.19.,Ouaouzgane,Chefchaouen,Ouaouzgane,11510919.0,Commune d'Ouaouzgane,Chefchaouen Ouaouzgane,0.491,direct,24.85,25.39,3.41,37.81,0.124,73.0886459350586,34.72265625,47.507591247558594,37.15716552734375,15.38675594329834,41.40992736816406,37.819027,0.2037523090839386,0.11832422018051147,43.621822357177734,39.33790969848633,46.70880126953125,30.078929901123047,23.24707794189453,25.886974334716797,2831.0,16772.0,commune,01.151.09.,,
01.227.03.05.,Anjra,Fahs-Anjra,Anjra,12270305.0,Commune d'Anjra,Fahs-Anjra Anjra,0.561,direct,18.25,21.76,2.38,38.86,0.298,55.39915466308594,24.452226638793945,44.138267517089844,22.001384735107422,8.970515251159668,40.77250671386719,27.561530000000005,0.12958885729312897,0.03633412346243858,42.376251220703125,39.38611652910107,30.58053970336914,9.225109298788492,34.008426666259766,15.105271704814378,3208.0,16081.0,commune,01.227.03.,,
01.227.03.11.,Jouamaa,Fahs-Anjra,Jouamaa,12270311.0,Commune de Jouamaa,Fahs-Anjra Jouamaa,0.544,direct,29.62,25.61,4.06,37.02,0.386,69.81736755371094,32.3233757019043,46.29703903198242,25.340423583984375,10.325798034667969,40.74832534790039,27.94714,0.13107538223266602,0.04321664199233055,42.86354064941406,39.42929458618164,30.57969093322754,10.960541725158691,32.071067810058594,14.517736434936523,1595.0,7711.0,commune,01.227.03.,,
01.227.03.13.,Ksar El Majaz,Fahs-Anjra,Ksar El Majaz,12270313.0,Commune de Ksar El Majaz,Fahs-Anjra Ksar El Majaz,0.495,direct,16.85,20.71,2.17,38.41,0.569,49.5589599609375,20.861059188842773,42.09341812133789,8.017053604125977,3.1581807136535645,39.39328384399414,9.940735,0.059778403490781784,0.03776199743151665,39.867469787597656,39.5313720703125,14.994280815124512,9.552412986755371,28.875947952270508,16.528596878051758,2286.0,10237.0,commune,01.227.03.,,
01.227.03.21.,Taghramt,Fahs-Anjra,Taghramt,12270321.0,Commune de Taghramt,Fahs-Anjra Taghramt,0.595,direct,16.42,20.43,2.11,40.86,0.401,42.29841232299805,18.058555603027344,42.69321823120117,11.451872825622559,4.535186767578125,39.60213851928711,12.77283,0.08130408823490143,0.02197371795773506,40.77381134033203,37.03947830200195,19.940271377563477,5.9325127601623535,30.932689666748047,10.509041786193848,1931.0,8706.0,commune,01.227.03.,,
01.227.05.01.,Al Bahraoyine,Fahs-Anjra,Al Bahraoyine,12270501.0,Commune d'Al Bahraoyine,Fahs-Anjra Al Bahraoyine,0.523,direct,20.4,21.87,2.85,39.64,0.643,30.77629852294922,13.278553009033203,43.1453857421875,5.817535400390625,2.1550817489624023,37.04458236694336,11.196684,0.03568325564265251,0.017876507714390755,38.26768493652344,37.200164794921875,9.324644088745117,4.8054914474487305,19.964454650878906,5.460696697235107,2030.0,8465.0,commune,01.227.05.,,
01.227.05.05.,Ksar Sghir,Fahs-Anjra,Ksar Sghir,12270505.0,Commune de Ksar Sghir,Fahs-Anjra Ksar Sghir,0.545,direct,19.01,21.43,2.57,39.4,0.547,38.0445671081543,15.489363670349121,40.71373748779297,8.808894157409668,3.4485738277435303,39.14876937866211,10.111215999999999,0.05856182798743248,0.021143337711691856,40.47406005859375,38.61545181274414,14.468977928161621,5.475356578826904,30.314104080200195,16.856733322143555,3015.0,12997.0,commune,01.227.05.,,
01.227.05.09.,Malloussa,Fahs-Anjra,Malloussa,12270509.0,Commune de Malloussa,Fahs-Anjra Malloussa,0.492,direct,15.78,20.15,2.02,37.27,0.454,49.07347106933594,20.95736312866211,42.706092834472656,12.971427917480469,5.270748138427734,40.633522033691406,17.11018,0.0805668979883194,0.03923545032739639,41.76658630371094,39.06123733520508,19.289796829223633,10.044599533081055,36.408164978027344,12.090791702270508,2758.0,12250.0,commune,01.227.05.,,
01.331.01.01.,Ksar El Kebir (Mun.),Larache,Ksar El Kebir (M),13310101.0,Commune de Ksar El Kebir,Larache Ksar El Kebir (M),0.684,direct,9.2,13.53,0.94,39.06,,12.57636833190918,5.017696380615234,39.8978157043457,3.072968006134033,1.1274142265319824,36.68811798095703,5.4796949999999995,0.02232285402715206,0.014213213697075844,37.15332794189453,35.59009552001953,6.008305549621582,3.993586778640747,6.5145344734191895,2.3534278869628906,29514.0,126617.0,commune,01.331.01.,,
01.331.01.03.,Larache (Mun.),Larache,Larache (M),13310103.0,Commune de Larache,Larache Larache (M),0.685,direct,8.7,12.57,0.9,39.92,,15.780526161193848,6.465715408325195,40.97274398803711,2.7608323097229004,1.0202085971832275,36.952938079833984,5.040767,0.02148519828915596,0.01487769279628992,36.973262786865234,36.035037994384766,5.811009407043457,4.128674030303955,6.35272741317749,3.0716919898986816,30400.0,125008.0,commune,01.331.01.,,
01.331.07.01.,Bou Jedyane,Larache,Boujedyane,13310701.0,Commune de Boujedyane,Larache Bou Jedyane,0.531,direct,14.91,19.26,1.96,37.78,0.369,44.40424346923828,18.84347915649414,42.436214447021484,25.971698760986328,10.291659355163574,39.62643814086914,26.99263,0.13206759095191956,0.09230849891901016,41.145835876464844,40.99238967895508,32.09743881225586,22.518447875976562,28.891277313232422,26.072038650512695,2526.0,11166.0,commune,01.331.07.,,
01.331.07.03.,Ksar Bjir,Larache,Ksar Bjir,13310703.0,Commune de Ksar Bjir,Larache Ksar Bjir,0.524,direct,20.25,24.46,2.65,36.04,0.557,57.03871154785156,25.90770721435547,45.421268463134766,18.7883243560791,7.367890357971191,39.21525955200195,24.135361000000003,0.09922532737255096,0.05691036954522133,40.708595275878906,41.8625602722168,24.374540328979492,13.594574928283691,25.56414031982422,19.12592887878418,3270.0,16308.0,commune,01.331.07.,,
01.331.07.05.,Laouamra,Larache,Laouamra,13310705.0,Commune de Laouamra,Larache Laouamra,0.522,direct,20.94,23.52,2.8,39.06,0.535,50.07600021362305,22.231435775756836,44.3953857421875,14.612192153930664,5.524196147918701,37.80538558959961,19.206690000000002,0.07308458536863327,0.04033268243074417,38.74314204440108,37.684252926708446,18.863877356194948,10.70279467155632,16.430385126106227,12.274029282158622,6901.0,40605.0,commune,01.331.07.,,
01.331.07.11.,Souk L'Qolla,Larache,Souk L'Qolla,13310711.0,Commune de Souk L'qolla,Larache Souk L'Qolla,0.514,direct,18.14,21.81,2.4,37.58,0.286,52.345733642578125,22.606769561767578,43.18741226196289,32.76979446411133,13.22641658782959,40.361610412597656,36.44507,0.16597987711429596,0.10293809324502945,41.739017486572266,41.140350341796875,39.76612091064453,25.02120018005371,30.110258102416992,24.049461364746094,2911.0,14965.0,commune,01.331.07.,,
01.331.07.15.,Tatoft,Larache,Tatoft,13310715.0,Commune de Tatoft,Larache Tatoft,0.473,direct,15.84,21.5,1.97,36.19,0.297,61.20854187011719,27.22197151184082,44.47413635253906,40.21202850341797,15.89692497253418,39.53276062011719,43.04606,0.18822528421878815,0.07248933613300323,41.3375358581543,40.558414459228516,45.53374481201172,17.87282371520996,23.018789291381836,24.826129913330078,2241.0,9527.0,commune,01.331.07.,,
01.331.07.17.,Zouada,Larache,Zouada,13310717.0,Commune de Zouada,Larache Zouada,0.524,direct,23.48,25.58,3.18,36.67,0.404,53.66809844970703,24.314788818359375,45.30584716796875,12.70784854888916,4.869906425476074,38.3220329284668,17.96757,0.07970765233039856,0.033423393964767456,39.5539436340332,39.535282135009766,20.15163230895996,8.45406723022461,21.560264587402344,21.867582321166992,4016.0,23223.0,commune,01.331.07.,,
01.331.09.01.,Ayacha,Larache,Ayacha,13310901.0,Commune d'Ayacha,Larache Ayacha,0.536,direct,18.62,22.34,2.45,37.7,0.28,56.78727722167969,25.59473419189453,45.071250915527344,28.281423568725586,11.597763061523438,41.0084114074707,30.992729999999998,0.14744006097316742,0.062282267957925797,42.16258239746094,40.474700927734375,34.96940994262695,15.38794994354248,33.509456634521484,26.629098892211914,1573.0,7335.0,commune,01.331.09.,,
01.331.09.03.,Bni Arouss,Larache,Bni Arouss,13310903.0,Commune de Bni Arouss,Larache Bni Arouss,0.548,direct,10.91,16.37,1.35,36.63,0.453,49.600311279296875,21.735881805419922,43.82206344604492,29.085805892944336,11.41828441619873,39.257240295410156,32.33645,0.15420345962047577,0.04807940497994423,41.88955307006836,40.077110290527344,36.811912536621094,11.996724128723145,29.11021614074707,31.131431579589844,1879.0,8193.0,commune,01.331.09.,,
01.331.09.05.,Bni Garfett,Larache,Bni Garfett,13310905.0,Commune de Bni Garfett,Larache Bni Garfett,0.535,direct,20.72,22.73,2.74,40.58,0.371,47.117671966552734,20.083776473999023,42.62472152709961,27.335695266723633,10.982419967651367,40.17611312866211,36.04743,0.1325056105852127,0.10631776601076126,41.79072570800781,40.04880905151367,31.706941604614258,26.547048568725586,30.9604434967041,23.1732177734375,2738.0,12994.0,commune,01.331.09.,,
01.331.09.13.,Tazroute,Larache,Tazroute,13310913.0,Commune de Tazroute,Larache Tazroute,0.508,direct,25.45,23.36,3.72,38.69,0.361,42.51320266723633,18.93962860107422,44.54999542236328,27.067291259765625,11.643046379089355,43.01518630981445,29.52791,0.1473236083984375,0.08314437419176102,44.49500274658203,40.999298095703125,33.110145568847656,20.279462814331055,27.787076950073242,29.343629837036133,1262.0,5974.0,commune,01.331.09.,,
01.331.09.15.,Zaaroura,Larache,Zaaroura,13310915.0,Commune de Zaaroura,Larache Zaaroura,0.519,direct,15.09,19.66,1.9,38.1,0.363,51.28522491455078,21.58563232421875,42.08937454223633,24.997488021850586,10.110854148864746,40.44748306274414,31.276960000000003,0.13084274530410767,0.10020002722740173,41.73967361450195,39.775115966796875,31.347332000732422,25.19163703918457,35.93891143798828,26.63182258605957,2131.0,10137.0,commune,01.331.09.,,
01.331.11.03.,Oulad Ouchih,Larache,Oulad Ouchih,13311103.0,Commune d'Oulad Ouchih,Larache Oulad Ouchih,0.573,direct,10.74,16.2,1.36,37.35,0.723,56.740997314453125,25.663408279418945,45.229034423828125,23.129467010498047,9.298384666442871,40.20146560668945,28.451990000000002,0.13264496624469757,0.04650549590587616,41.33663558959961,37.80869674682617,32.088958740234375,12.300210952758789,23.073867797851562,18.11685562133789,2150.0,12608.0,commune,01.331.11.,,
01.331.11.07.,Rissana Chamalia,Larache,Rissana Chamalia,13311107.0,Commune de Rissana Chamalia,Larache Rissana Chamalia,0.54,direct,13.3,20.03,1.61,36.83,0.47,52.364261627197266,22.749425888061523,43.4445686340332,20.28997039794922,7.903450012207031,38.952491760253906,28.01183,0.1044403538107872,0.06479676812887192,41.00104904174805,40.29341506958008,25.472604751586914,16.08123016357422,29.149311065673828,21.931726455688477,2481.0,12484.0,commune,01.331.11.,,
01.331.11.09.,Rissana Janoubia,Larache,Rissana Janoubia,13311109.0,Commune de Rissana Janoubia,Larache Rissana Janoubia,0.457,direct,19.63,26.09,2.37,34.5,0.407,70.78665924072266,32.301937103271484,45.63280487060547,30.885860443115234,12.553238868713379,40.64397048950195,35.12253,0.15897034108638763,0.0989614799618721,42.34980392456055,40.79092025756836,37.537445068359375,24.260663986206055,32.82998275756836,26.69906997680664,2924.0,16366.0,commune,01.331.11.,,
01.331.11.11.,Sahel,Larache,Sahel,13311111.0,Commune de Sahel,Larache Sahel,0.505,direct,19.57,22.49,2.61,37.0,0.381,45.0394287109375,19.551929473876953,43.41069793701172,14.747474670410156,6.009591102600098,40.74996566772461,20.04595,0.06479452550411224,0.029169710353016853,40.55252050385002,36.57444523666312,15.977928945844122,7.975435002843669,21.577834782171596,11.615451644956476,3795.0,17496.0,commune,01.331.11.,,
01.331.11.12.,Souaken,Larache,Souaken,13311112.0,Commune de Souaken,Larache Souaken,0.475,direct,19.53,25.24,2.46,35.12,0.403,65.01375579833984,29.950206756591797,46.0674934387207,19.089109420776367,7.545875072479248,39.52973937988281,25.29898,0.10276348143815994,0.06844131648540497,40.75994110107422,39.2596321105957,25.211881637573242,17.433000564575195,23.643564224243164,16.017696380615234,2196.0,12632.0,commune,01.331.11.,,
01.331.11.13.,Souk Tolba,Larache,Souk Tolba,13311113.0,Commune de Souk Tolba,Larache Souk Tolba,0.501,direct,13.06,20.11,1.63,34.55,0.406,60.17348861694336,27.291635513305664,45.354915618896484,24.39267349243164,9.665279388427734,39.623695373535156,30.03299,0.1360044628381729,0.07226363569498062,41.523685455322266,39.784271240234375,32.75346755981445,18.163869857788086,30.990880966186523,21.7742977142334,2449.0,13049.0,commune,01.331.11.,,
01.405.01.09.,Ouezzane (Mun.),Ouezzane,Ouezzane (M),14050109.0,Commune d'Ouezzane,Sidi Kacem Ouezzane (M),0.661,direct,11.97,17.56,1.26,42.41,,10.356128692626953,4.150857448577881,40.08116912841797,2.177990198135376,0.7797847390174866,35.802947998046875,3.357342,0.017015021294355392,0.01339456345885992,36.09319305419922,35.11183166503906,4.714191436767578,3.814829111099243,3.8794925212860107,2.280925989151001,14835.0,59606.0,commune,01.405.01.,,
01.405.07.01.,Bni Quolla,Ouezzane,Bni Quolla,14050701.0,Commune de Bni Quolla,Sidi Kacem Bni Quolla,0.539,direct,22.15,26.58,2.59,39.84,0.341,35.861122131347656,15.158812522888184,42.270877838134766,10.27478313446045,4.073289394378662,39.6435546875,12.816997999999998,0.0703747570514679,0.06170129403471947,41.17551803588867,41.48256301879882,17.091407775878906,14.874031066894531,32.600162506103516,31.94837760925293,3582.0,16049.0,commune,01.405.07.,,
01.405.07.03.,Lamjaara,Ouezzane,Lamjaara,14051303.0,Commune de Lamjaara,Sidi Kacem Lamjaara,0.55,direct,20.15,23.46,2.47,44.01,0.433,36.44286346435547,15.678574562072754,43.022342681884766,18.75486946105957,7.520992279052734,40.10154724121094,20.61052,0.08646035194396973,0.0454375334084034,41.22461624855604,40.390927509981566,20.97299096414556,11.249440052718239,22.965797514929896,22.723618541829854,3782.0,18820.0,commune,01.405.07.,,
01.405.07.05.,Masmouda,Ouezzane,Masmouda,14050705.0,Commune de Masmouda,Sidi Kacem Masmouda,0.544,direct,21.58,25.62,2.61,41.92,0.492,45.70426559448242,19.43145751953125,42.515628814697266,18.235441207885742,7.254025459289551,39.77981948852539,22.33324,0.09951432794332504,0.04396021366119385,41.276790618896484,40.47047805786133,24.109027862548828,10.86229133605957,27.17620849609375,23.3343448638916,3650.0,16106.0,commune,01.405.07.,,
01.405.07.07.,Mzefroune,Ouezzane,Mzefroune,14050707.0,Commune de Mzefroune,Sidi Kacem Mzefroune,0.501,direct,24.98,27.17,2.85,39.61,0.428,38.404361724853516,16.456750869750977,42.851253509521484,16.377456665039062,6.4781622886657715,39.555362701416016,19.91969,0.10055451840162277,0.05845697969198227,41.785858154296875,40.28546905517578,24.064247131347656,14.510685920715332,32.38204574584961,29.79270362854004,1659.0,6973.0,commune,01.405.07.,,
01.405.07.09.,Ounnana,Ouezzane,,14051309.0,Commune d'Ouannana,Sidi Kacem Ounnana,0.5,direct,35.53,26.99,4.73,41.2,0.3,,,,,,,,0.1311248391866684,0.06939707696437836,42.17222595214844,41.65522384643555,31.09269905090332,16.659873962402344,28.075660705566406,29.965011596679688,2603.0,12801.0,commune,01.405.07.,,
01.405.07.11.,Sidi Ahmed Cherif,Ouezzane,Sidi Ahmed Cherif,14051311.0,Commune de Sidi Ahmed Cherif,Sidi Kacem Sidi Ahmed Cherif,0.488,direct,45.06,25.85,6.26,40.58,0.251,42.1684455871582,18.260828018188477,43.30448913574219,12.85505485534668,5.190639019012451,40.378196716308594,17.49167,0.08502738922834396,0.06910740584135056,41.88386154174805,40.08634948730469,20.300752639770508,17.239635467529297,31.95488739013672,26.289180755615234,2037.0,9576.0,commune,01.405.07.,,
01.405.07.13.,Sidi Bousber,Ouezzane,Sidi Bousber,14051313.0,Commune de Sidi Bousber,Sidi Kacem Sidi Bousber,0.62,direct,13.49,19.43,1.67,46.47,0.529,32.193607330322266,13.262285232543945,41.195404052734375,13.601822853088379,5.404635429382324,39.73463821411133,18.72151,0.0871538370847702,0.07589603960514069,41.59363555908203,40.899505615234375,20.95364761352539,18.556713104248047,30.575607299804688,25.55640411376953,2416.0,10528.0,commune,01.405.07.,,
01.405.07.15.,Sidi Redouane,Ouezzane,Sidi Redouane,14050715.0,Commune de Sidi Redouane,Sidi Kacem Sidi Redouane,0.552,direct,17.08,23.78,1.94,43.0,0.542,23.57754898071289,9.861685752868652,41.826595306396484,10.20919132232666,4.0348711013793945,39.52194595336914,12.97407,0.07079138606786728,0.038128532469272614,41.27128982543945,40.8729093726484,17.152694702148438,9.328558640162791,27.168867111206055,22.55162600086865,4624.0,19169.0,commune,01.405.07.,,
01.405.07.17.,Teroual,Ouezzane,Teroual,14051317.0,Commune de Teroual,Sidi Kacem Teroual,0.564,direct,12.93,18.36,1.62,44.96,0.591,38.164955139160156,16.679018020629883,43.70244216918945,19.15062141418457,7.781563758850098,40.63347625732422,21.45628,0.12049581855535507,0.08045746386051178,42.29081726074219,39.62688064575195,28.49219512939453,20.30375862121582,27.652324676513672,22.0837459564209,2807.0,12621.0,commune,01.405.07.,,
01.405.07.19.,Zghira,Ouezzane,Zghira,14051319.0,Commune de Zghira,Sidi Kacem Zghira,0.517,direct,32.43,27.83,4.19,40.83,0.472,38.730552673339844,16.333402633666992,42.171878814697266,23.782493591308594,9.334394454956055,39.24901580810547,26.45937,0.1293978989124298,0.09382814913988113,40.567352294921875,42.17822265625,31.897052764892578,22.245637893676758,26.47874641418457,28.288467407226562,3236.0,15503.0,commune,01.405.07.,,
01.405.09.01.,Ain Beida,Ouezzane,Ain Beida,14050901.0,Commune d'Ain Beida,Chefchaouen Ain Beida,0.568,direct,14.7,19.64,1.92,38.16,0.252,44.958229064941406,19.304044723510742,42.9377326965332,18.155933380126953,7.007136821746826,38.594200134277344,18.391938,0.0997869223356247,0.061746589839458466,40.76481628417969,39.33879852294922,24.478687286376953,15.696105003356934,26.228958129882812,27.7209529876709,2521.0,11978.0,commune,01.405.09.,,
01.405.09.03.,Asjen,Ouezzane,Asjen,14050903.0,Commune d'Asjen,Chefchaouen Asjen,0.511,direct,22.81,24.69,2.98,44.24,0.198,54.9530029296875,24.771699905395508,45.077972412109375,19.551700592041016,7.455029487609863,38.129825592041016,21.401690000000002,0.09830863773822784,0.0829949826002121,39.61233139038086,41.262699127197266,24.817686080932617,20.11380386352539,21.37867546081543,22.169048309326172,2865.0,13139.0,commune,01.405.09.,,
01.405.09.05.,Brikcha,Ouezzane,Brikcha,14050905.0,Commune de Brikcha,Chefchaouen Brikcha,0.533,direct,12.41,17.63,1.56,36.54,0.321,49.48301315307617,21.774715423583984,44.00442123413086,26.364818572998047,9.885904312133789,37.49657440185547,27.27769,0.11789870262145996,0.12204431742429733,39.54930954427029,41.18325027591064,29.810558892360202,29.63445578032414,22.36753593484809,18.654332358599035,2438.0,10399.0,commune,01.405.09.,,
01.405.09.09.,Moqrisset,Ouezzane,,14050909.0,Commune de Moqrissat,Chefchaouen Moqrisset,0.581,direct,16.09,19.5,2.18,38.75,0.194,,,,,,,,0.08068585395812988,0.04561465233564377,39.29941260535438,40.020160827442176,20.531058106121716,11.397918558455101,21.92508374806997,19.217093910580235,2358.0,10545.0,commune,01.405.09.,,
01.405.11.07.,Kalaat Bouqorra,Ouezzane,Kalaat Bouqorra,14051107.0,Commune de Kalaat Bouqorra,Chefchaouen Kalaat Bouqorra,0.551,direct,6.93,11.28,0.86,38.96,0.318,40.85723876953125,18.055463790893555,44.19159698486328,18.697023391723633,7.2047271728515625,38.53408432006836,20.82169,0.09730042517185211,0.07666369527578354,40.20109176635742,41.76289749145508,24.203428268432617,18.356891632080078,22.83610725402832,25.2441349029541,3371.0,16163.0,commune,01.405.11.,,
01.405.11.11.,Zoumi,Ouezzane,Zoumi,14051111.0,Commune de Zoumi,Chefchaouen Zoumi,0.563,direct,9.68,14.61,1.2,38.4,0.207,34.77109909057617,14.932462692260742,42.945037841796875,12.707395553588867,5.069523334503174,39.8942756652832,13.074306,0.07174218446016312,0.06495131552219391,40.93038963002083,40.153820220616765,17.527852178801442,16.175625847745163,26.99146688111413,22.991882970686106,9074.0,40661.0,commune,01.405.11.,,
01.511.01.01.,Assilah (Mun.),Tanger-Assilah,Assilah (M),15110101.0,Commune d'Assilah,Tanger-Assilah Assilah (M),0.702,direct,5.6,9.73,0.52,40.13,,13.104552268981934,5.3870320320129395,41.108097076416016,2.8084092140197754,1.0439729690551758,37.17311096191406,4.427808,0.01977422460913658,0.012187743559479713,37.85665512084961,36.365604400634766,5.223447322845459,3.3514480590820312,9.940671920776367,4.842100143432617,7947.0,31147.0,commune,01.511.01.,,
01.511.01.03.,Bni Makada (Arrond.),Tanger-Assilah,,15110103.0,Arrondissement de Bni Makada,Tanger-Assilah Bni Makada (AR),0.656,fuzzy,14.08,17.57,1.58,39.33,,,,,,,,,0.02117209881544113,0.011824367567896843,36.101173400878906,34.9415168762207,5.864656448364258,3.384045362472534,4.744482040405273,1.5859324932098389,91737.0,386191.0,commune,01.511.01.,,
01.511.01.05.,Charf-Mghogha (Arrond.),Tanger-Assilah,,,,Tanger-Assilah Charf-Mghogha (AR),0.709,fuzzy,7.93,12.24,0.78,39.5,,,,,,,,,0.021113214948579446,0.011753377817979154,36.215715497365956,35.027444200658216,5.831271003504028,3.356023369567811,5.07122984952536,1.746139375319908,50619.0,201122.0,commune,01.511.01.,imputed_cercle,imputed_cercle
01.511.01.06.,Charf-Souani (Arrond.),Tanger-Assilah,,,,Tanger-Assilah Charf-Souani (AR),0.745,fuzzy,3.48,6.95,0.29,39.61,,,,,,,,,0.021113214948579446,0.011753377817979154,36.215715497365956,35.027444200658216,5.831271003504028,3.356023369567811,5.07122984952536,1.746139375319908,30760.0,117557.0,commune,01.511.01.,imputed_cercle,imputed_cercle
01.511.01.07.,Tanger-Médina (Arrond.),Tanger-Assilah,,,,Tanger-Assilah Tanger-Médina (AR),0.74,fuzzy,5.68,9.11,0.55,42.59,,,,,,,,,0.021113214948579446,0.011753377817979154,36.215715497365956,35.027444200658216,5.831271003504028,3.356023369567811,5.07122984952536,1.746139375319908,66127.0,243082.0,commune,01.511.01.,imputed_cercle,imputed_cercle
01.511.01.09.,Gueznaia (Mun.),Tanger-Assilah,Gueznaia (M),15110109.0,Commune de Gueznaia,Tanger – Assilah Gueznaia (AC),0.712,direct,8.88,12.81,0.89,37.9,,19.44819450378418,8.22668170928955,42.30048751831055,3.084132194519043,1.1437699794769287,37.085636138916016,3.9238269999999997,0.02122589200735092,0.009185566566884518,37.268348693847656,35.675689697265625,5.695420742034912,2.5747411251068115,7.825345993041992,2.161555767059326,6100.0,23601.0,commune,01.511.01.,,
01.511.03.01.,Al Manzla,Tanger-Assilah,Al Manzla,15110501.0,Commune d'Al Manzla,Tanger-Assilah Al Manzla,0.508,direct,23.1,23.64,3.15,36.25,0.4,53.44770431518555,24.240259170532227,45.35322570800781,20.452829360961914,8.088050842285156,39.54489517211914,26.8679,0.11834381520748138,0.07089552283287048,40.46595001220703,40.68522644042969,29.245283126831055,17.425373077392578,34.52830123901367,33.470149993896484,568.0,2650.0,commune,01.511.03.,,
01.511.03.03.,Aquouass Briech,Tanger-Assilah,Aquouass Briech,15110303.0,Commune d'Aquouass Briech,Tanger-Assilah Aquouass Briech,0.587,direct,19.1,22.19,2.6,37.84,0.65,18.78025245666504,7.761912822723389,41.33018493652344,4.0225830078125,1.5538827180862427,38.62897872924805,4.328397,0.041245199739933014,0.021895354613661766,38.79056167602539,37.910945892333984,10.632792472839355,5.77547025680542,23.523876190185547,12.070084571838379,983.0,4993.0,commune,01.511.03.,,
01.511.03.05.,Sebt Azzinate,Tanger-Assilah,Sebt  Azzinate,15110505.0,Commune de Sebt Azzinate,Tanger-Assilah Azzinate,0.537,fuzzy,31.79,24.74,4.42,37.93,0.319,58.14095687866211,26.951539993286133,46.35551071166992,20.78400993347168,8.3823881149292,40.33094787597656,29.01221,0.11751516163349152,0.033824410289525986,42.614749908447266,37.73681640625,27.576169967651367,8.963238716125488,30.545312881469727,14.856120109558105,1113.0,5153.0,commune,01.511.03.,,
01.511.03.07.,Dar Chaoui,Tanger-Assilah,Dar Chaoui,15110507.0,Commune de Dar Chaoui,Tanger-Assilah Dar Chaoui,0.509,direct,16.22,20.4,2.12,35.54,0.496,61.8365364074707,26.167736053466797,42.317596435546875,24.73509979248047,10.268580436706543,41.51420593261719,34.13907999999999,0.10793613642454147,0.03743887320160866,42.61001548882337,39.647943486034215,25.331165315937003,9.442828645746722,29.72344863389831,16.55851457625274,910.0,4303.0,commune,01.511.03.,,
01.511.03.11.,Sahel Chamali,Tanger-Assilah,Sahel Chamali,15110311.0,Commune de Sahel Chamali,Tanger-Assilah Sahel Chamali,0.483,direct,14.23,18.93,1.81,37.45,0.509,42.42478561401367,18.452524185180664,43.49467849731445,23.42291831970215,9.538178443908691,40.7215576171875,25.555300000000003,0.13378749787807465,0.023037655279040337,42.56730270385742,39.39909362792969,31.429637908935547,5.847255229949951,28.462112426757812,19.82895851135254,1166.0,5358.0,commune,01.511.03.,,
01.511.03.13.,Sidi Lyamani,Tanger-Assilah,Sidi Lyamani,15110313.0,Commune de Sidi Lyamani,Tanger-Assilah Sidi Lyamani,0.55,direct,14.43,19.58,1.82,37.03,0.542,36.69902801513672,16.035314559936523,43.69411087036133,11.432254791259766,4.530043125152588,39.62510681152344,15.149849,0.07359391450881958,0.028217129409313202,40.80150427392173,35.957361489941476,18.037058219466054,7.84738598036081,26.269060228971227,8.82713138995393,2102.0,10365.0,commune,01.511.03.,,
01.511.03.15.,Had Al Gharbia,Tanger-Assilah,Had Al Gharbia,15110315.0,Commune de Had Al Gharbia,,0.5509787192359495,imputed_cercle,17.561532508877185,20.41260242439084,2.3326078119260436,37.42564466756459,0.5345747275621404,40.80024719238281,18.472028732299805,45.27430725097656,14.94243335723877,6.1482462882995605,41.146217346191406,16.68325,0.07985219359397888,0.05048789083957672,41.9702033996582,39.7598762512207,19.025924682617188,12.698201179504396,26.430879592895508,25.620634078979496,2567.0,12274.0,commune,01.511.03.,,
01.511.03.17.,Laaouama,Tanger-Assilah,Laaouama,15110517.0,Commune de Laaouama,Fahs-Anjra Laaouama,0.621,direct,12.62,17.53,1.68,38.74,0.674,36.03814697265625,15.394170761108398,42.7163200378418,7.837264060974121,2.9868130683898926,38.11040496826172,13.378268,0.05753844603896141,0.017485182732343674,39.575584411621094,36.43418884277344,14.538874626159668,4.799114227294922,22.02670669555664,2.833779811859131,1829.0,8013.0,commune,01.511.03.,,
01.511.81.05.,HJAR ENNHAL,Tanger-Assilah,Hjar Ennhal,15110519.0,Commune de Hjar Ennhal,,0.694156942175194,imputed_province,9.54143639744507,13.172199620693712,1.0272293041277676,40.080850154605635,0.5345747275621403,22.46041488647461,9.190689086914062,40.91950225830078,7.036355972290039,2.7068583965301514,38.4696044921875,8.74949,0.044713374227285385,0.017114153131842613,39.19725799560547,37.0635871887207,11.407271385192871,4.61751127243042,20.629085540771484,5.76912021636963,2210.0,9792.0,commune,01.511.81.,,
01.571.01.07.,Oued Laou (Mun.),Tétouan,Oued Laou (M),15710107.0,Commune d'Oued Laou,Tetouan Oued Laou (M),0.629,direct,20.98,20.58,2.77,39.15,,25.554960250854492,11.77528190612793,46.07826232910156,9.132802963256836,3.873993396759033,42.418453216552734,10.481088,0.05510753020644188,0.018946537747979164,40.97871398925781,36.8665657043457,13.447842597961426,5.139219760894775,6.430665969848633,7.60731315612793,2441.0,9665.0,commune,01.571.01.,,
01.571.01.11.,Tétouan (Mun.),Tétouan,Tétouan (M),15710111.0,Commune de Tétouan,Tetouan Tétouan (M),0.693,direct,7.42,11.82,0.72,40.21,,9.545348167419434,3.6576483249664307,38.31864547729492,2.2121598720550537,0.7887275815010071,35.6541862487793,2.79748,0.019176257774233818,0.011652489192783833,35.784759521484375,34.792694091796875,5.35877799987793,3.3491196632385254,3.757681369781494,1.8201711177825928,92606.0,380787.0,commune,01.571.01.,,
01.571.03.01.,Ain Lahsan,Tétouan,Ain Lahsan,15710301.0,Commune d'Ain Lahsan,Tetouan Ain Lahsan,0.526,direct,20.0,21.94,2.78,38.78,0.358,60.134307861328125,27.60819435119629,45.910884857177734,27.57647705078125,11.352011680603027,41.16556167602539,30.33453,0.15135465562343597,0.057823434472084045,43.11430740356445,41.564781188964844,35.10543441772461,13.911642074584961,36.50133514404297,23.10997772216797,1523.0,6742.0,commune,01.571.03.,,
01.571.03.03.,AL Kharroub,Tétouan,Al Kharroub,15710303.0,Commune d'Al Kharroub,Tetouan AL Khrroub,0.512,fuzzy,16.32,19.08,2.15,37.98,0.432,60.53677749633789,27.234739303588867,44.98875045776367,40.15936279296875,16.354581832885742,40.724205017089844,42.98807,0.22514387965202332,0.05804351344704628,43.470088958740234,42.156864166259766,51.79282760620117,13.768461227416992,26.733068466186523,30.776559829711914,520.0,2510.0,commune,01.571.03.,,
01.571.03.05.,Bghaghza,Tétouan,Bghaghza,15710305.0,Commune de Bghaghza,Tetouan Bghaghza,0.457,direct,25.48,25.19,3.44,39.99,0.113,77.77433013916016,35.42000961303711,45.542030334472656,43.27821731567383,18.51585578918457,42.78331756591797,47.519800000000004,0.23455549776554108,0.07503607869148254,44.426292419433594,39.52702713012695,52.79655075073242,18.98348617553711,32.40834045410156,27.946128845214844,1331.0,6955.0,commune,01.571.03.,,
01.571.03.07.,Bni Harchen,Tétouan,Bni Harchen,15710307.0,Commune de Bni Harchen,Tetouan Bni Harchen,0.445,direct,28.26,26.36,3.8,37.99,0.156,68.96416473388672,33.10082244873047,47.997135162353516,26.77980613708496,11.238954544067383,41.968013763427734,30.60309,0.1537066400051117,0.08561389148235321,43.18069839477539,39.73648452758789,35.59614562988281,21.545412063598633,36.30087661743164,29.957937240600586,1474.0,6953.0,commune,01.571.03.,,
01.571.03.09.,Jbel Lahbib,Tétouan,Jbel Lahbib,15710309.0,Commune de Jbel Lahbib,Tetouan Jbel Lahbib,0.55,direct,20.73,23.57,2.67,38.92,0.415,41.95849609375,17.43406867980957,41.550750732421875,25.92041778564453,10.326019287109375,39.837398529052734,30.19359,0.0992639884352684,0.04758910834789276,39.12595175384845,40.61331320017186,25.37037087180627,11.717613192220037,21.58730090579028,19.77195518413601,885.0,3780.0,commune,01.571.03.,,
01.571.03.11.,Bni Idder,Tétouan,Bni Idder,15710311.0,Commune de Bni Idder,Tetouan Bni Idder,0.438,direct,55.42,14.42,15.28,48.57,0.154,82.96537017822266,39.26166534423828,47.322959899902344,39.74704360961914,16.378694534301758,41.20732879638672,44.751,0.20850324630737305,0.0687348023056984,44.06709671020508,40.12113952636719,47.31494903564453,17.131816864013672,35.06116485595703,27.908973693847656,864.0,4823.0,commune,01.571.03.,,
01.571.03.15.,Mallalienne,Tétouan,Mallalienne,15710315.0,Commune de Mallalienne,Tetouan Mallalienne,0.591,direct,11.63,16.16,1.48,40.67,0.563,37.17413330078125,16.153181076049805,43.45274353027344,13.475409507751465,5.3047966957092285,39.36649703979492,14.535558,0.07244080305099487,0.01593646965920925,40.71458053588867,35.99127197265625,17.792348861694336,4.427870750427246,21.28961753845215,7.6206135749816895,2088.0,9177.0,commune,01.571.03.,,
01.571.03.17.,Saddina,Tétouan,Saddina,15710317.0,Commune de Saddina,Tetouan Saddina,0.574,direct,15.41,20.23,1.97,36.96,0.524,45.877803802490234,19.51089859008789,42.52796936035156,12.443778038024902,4.8708977699279785,39.14324188232422,13.035015999999999,0.08359154313802719,0.022699100896716118,42.399662017822266,39.216426849365234,19.71514320373535,5.788161277770996,31.169414520263672,14.227588653564453,1417.0,6670.0,commune,01.571.03.,,
01.571.03.19.,Souk Kdim,Tétouan,Souk Kdim,15710319.0,Commune de Souk Kdim,Tetouan Souk Kdim,0.548,direct,24.83,25.71,3.28,37.29,0.19,67.72935485839844,30.614593505859375,45.20137023925781,41.59529495239258,18.4825382232666,44.434200286865234,43.9985,0.22175352275371552,0.052502840757369995,46.671451568603516,41.22041702270508,47.51374053955078,12.737095832824707,20.720951080322266,19.036670684814453,1625.0,7823.0,commune,01.571.03.,,
01.571.03.21.,Sahtryine,Tétouan,Sahtryine,15710321.0,Commune de Sahtryine,Tetouan Sahtryine,0.433,direct,18.02,22.96,2.28,36.85,0.185,73.99351501464844,35.39659118652344,47.837425231933594,41.60029983520508,17.465848922729492,41.98491287231445,42.229973,0.20305155217647552,0.06159904599189758,43.87529754638672,40.3256721496582,46.27924346923828,15.275392532348633,26.33150863647461,23.90930938720703,1559.0,8036.0,commune,01.571.03.,,
01.571.05.01.,Al Hamra,Tétouan,Al Hamra,15710501.0,Commune d'Al Hamra,Tetouan Al Hamra,0.491,direct,14.46,19.71,1.83,36.66,0.452,52.451751708984375,22.203624725341797,42.331520080566406,22.647958755493164,8.99792194366455,39.7295036315918,25.52617,0.11970078945159912,0.037933193147182465,41.916011810302734,39.466339111328125,28.557294845581055,9.611530303955078,25.89494514465332,28.15388679504395,2005.0,11118.0,commune,01.571.05.,,
01.571.05.05.,Al Oued,Tétouan,Al Oued,15710505.0,Commune d'Al Oued,Tetouan Al Oued,0.474,direct,10.21,15.82,1.31,35.78,0.458,61.805118560791016,27.57371711730957,44.61396789550781,24.96446418762207,10.229606628417969,40.97666931152344,26.766849999999998,0.1370232254266739,0.04166155681014061,42.68844223022461,39.593048095703125,32.09843826293945,10.522442817687988,35.82978057861328,27.437454223632812,1918.0,11288.0,commune,01.571.05.,,
01.571.05.07.,Azla,Tétouan,Azla,15710507.0,Commune d'Azla,Tetouan Azla,0.584,direct,11.02,15.91,1.33,40.95,0.589,37.05793762207031,16.885658264160156,45.56556701660156,10.342262268066406,4.109829902648926,39.73821258544922,11.43638,0.06199708208441734,0.019572801887989044,39.82034683227539,36.444862365722656,15.569196701049805,5.3705244064331055,9.66641902923584,5.07650899887085,3563.0,16128.0,commune,01.571.05.,,
01.571.05.13.,Bni Leit,Tétouan,Bni Leit,15710513.0,Commune de Bni Leit,Tetouan Bni Leit,0.455,direct,32.52,24.14,5.03,38.67,0.284,69.76136779785156,31.76526641845703,45.5341796875,30.296770095825195,12.605392456054688,41.60639190673828,33.7528,0.1712893396615982,0.04784135892987251,43.117942810058594,40.665157318115234,39.72576904296875,11.764705657958984,34.29751968383789,27.831132888793945,889.0,5324.0,commune,01.571.05.,,
01.571.05.15.,Bni Said,Tétouan,Bni Said,15710515.0,Commune de Bni Said,Tetouan Bni Said,0.527,direct,12.58,17.84,1.54,37.36,0.399,56.88207244873047,26.721704483032227,46.97737121582031,28.331317901611328,11.87276554107666,41.90685272216797,30.885139999999996,0.1436522752046585,0.048156578093767166,42.5257453918457,39.77887725830078,33.78007125854492,12.106067657470703,14.764363288879395,14.512747764587402,1790.0,9103.0,commune,01.571.05.,,
01.571.05.17.,Dar Bni Karrich,Tétouan,Dar Bni Karrich,15710517.0,Commune de Dar Bni Karrich,Tetouan Dar Bni Karrich,0.587,direct,27.84,22.04,4.33,40.6,0.609,12.938711166381836,4.903672695159912,37.899234771728516,3.1416144371032715,1.1599806547164917,36.92307662963867,3.7809,0.023945029824972153,0.014823094010353088,37.23651448835534,36.83921271949727,6.430524100336863,4.023727038539523,16.094140429028034,9.688581425614482,1914.0,8499.0,commune,01.571.05.,,
01.571.05.19.,Oulad Ali Mansour,Tétouan,Oulad Ali Mansour,15710519.0,Commune d'Oulad Ali Mansour,Tetouan Oulad Ali Mansour,0.403,direct,19.78,24.14,2.43,34.26,0.149,90.16393280029297,45.36905288696289,50.31840133666992,62.62721252441406,30.510536193847656,48.71769332885742,64.46076000000001,0.3246639370918274,0.1217903196811676,49.6732063293457,42.61750793457031,65.35997009277344,28.577531814575195,22.766679763793945,33.38317108154297,806.0,5306.0,commune,01.571.05.,,
01.571.05.23.,Zaitoune,Tétouan,Zaitoune,15710523.0,Commune de Zaitoune,Tetouan Zaitoune,0.531,direct,22.16,22.95,2.98,39.02,0.73,33.66242980957031,14.666546821594238,43.56948471069336,12.085919380187988,4.897905349731445,40.52571487426758,13.22867,0.07204985618591309,0.030462225899100304,42.591548919677734,37.843345642089844,16.916467666625977,8.049559593200684,13.98568058013916,6.805661201477051,2244.0,10481.0,commune,01.571.05.,,
01.571.05.25.,Zaouiat Sidi Kacem,Tétouan,Zaouiat Sidi Kacem,15710525.0,Commune de Zaouiat Sidi Kacem,Tetouan Zaouiat Sidi Kacem,0.469,direct,16.82,22.41,2.01,38.64,0.209,79.40924072265625,39.28378677368164,49.47004318237305,55.820404052734375,26.267179489135742,47.05659103393555,55.97083,0.2804696261882782,0.16705133020877838,47.725337982177734,43.67800521850586,58.7674446105957,38.246097564697266,16.850133895874023,21.82101821899414,2112.0,11537.0,commune,01.571.05.,,
01.571.05.27.,Zinat,Tétouan,Zinat,15710527.0,Commune de Zinat,Tetouan Zinat,0.453,direct,27.17,25.56,3.6,36.71,0.387,67.16622924804688,30.016481399536133,44.68983840942383,28.074064254760742,11.528375625610352,41.06414794921875,29.943879999999996,0.14165253937244415,0.06230719015002251,42.401771545410156,40.70538330078125,33.407222747802734,15.306867599487305,27.474246978759766,30.918169021606445,1395.0,7669.0,commune,01.571.05.,,
01.573.01.01.,Fnideq (Mun.),M'Diq-Fnideq,Fnideq (M),15730101.0,Commune de Fnideq,,0.729,imputed_cercle,6.66,10.55,0.65,41.85,,13.46880054473877,5.301425457000732,39.36078643798828,3.145723342895508,1.1213921308517456,35.64814758300781,3.574307,0.02395557053387165,0.016199899837374687,36.45949935913086,35.42007064819336,6.570460796356201,4.573649883270264,4.614765644073486,3.0597434043884277,18491.0,77436.0,commune,01.573.01.,,
01.573.01.03.,Martil (Mun.),M'Diq-Fnideq,Martil (M),15730103.0,Commune de Martil,Tetouan Martil (M),0.729,direct,6.66,10.55,0.65,41.85,,10.341279983520508,3.987175226211548,38.55591583251953,1.9286658763885498,0.673539400100708,34.92255401611328,2.256719,0.015748441219329834,0.011217013001441956,35.320091247558594,34.649539947509766,4.458776950836182,3.237276077270508,3.2139248847961426,1.4327383041381836,16578.0,64355.0,commune,01.573.01.,,
01.573.01.05.,M'Diq (Mun.),M'Diq-Fnideq,M'diq (M),15730105.0,Commune de M'diq,,0.729,imputed_cercle,6.66,10.55,0.65,41.85,,14.846555709838867,5.931458473205566,39.951744079589844,3.0750043392181396,1.0933942794799805,35.55748748779297,3.465541,0.023900868371129036,0.016335951164364815,36.11186218261719,35.43133544921875,6.618564128875732,4.610594272613525,4.478888511657715,1.6909236907958984,13435.0,56227.0,commune,01.573.01.,,
01.573.03.03.,Allyene,M'Diq-Fnideq,Allyene,15730107.0,Commune d'Allyene,Tetouan Allyene,0.569,direct,15.94,19.88,2.07,36.96,0.239,47.388179779052734,20.660573959350586,43.598575592041016,12.04617977142334,4.687157154083252,38.90990447998047,15.448839999999999,0.08247675001621246,0.03639988601207733,40.39765167236328,38.786685943603516,20.416223526000977,9.384634017944336,33.19155502319336,17.16611099243164,1518.0,6583.0,commune,01.573.03.,,
01.573.03.05.,Belyounech,M'Diq-Fnideq,Belyounech,15730109.0,Commune de Belyounech,,0.569,imputed_cercle,15.939999999999998,19.88,2.07,36.96,0.239,35.81327438354492,14.982980728149414,41.83639144897461,9.824414253234863,3.835702419281006,39.04255294799805,11.413044,0.06551932543516159,0.03089662455022335,40.54908752441406,39.32219314575195,16.15802764892578,7.857299327850342,33.277591705322266,23.65944480895996,1117.0,5296.0,commune,01.573.03.,,
02.113.01.01.,Ahfir (Mun.),Berkane,Ahfir (M),21130101.0,Commune d'Ahfir,Berkane Ahfir (M),0.652,direct,10.53,16.22,0.99,38.72,,5.385839462280273,1.9975128173828125,37.088233947753906,1.4205431938171387,0.49692997336387634,34.981685638427734,2.421114,0.013555001467466354,0.01708310842514038,34.77970886230469,34.880149841308594,3.897387981414795,4.8976593017578125,2.4196066856384277,1.8745015859603882,4705.0,19630.0,commune,02.113.01.,,
02.113.01.05.,Ain Erreggada (Mun.),Berkane,Ain Erreggada (M),21130105.0,Commune d'Ain Erreggada,Berkane Ain Erreggada (M),0.638,direct,15.17,20.92,1.51,36.19,,5.882352828979492,2.126984119415283,36.15873336791992,3.118040084838867,1.0682175159454346,34.25925827026367,3.674833,0.02596304751932621,0.017937637865543365,35.14796447753906,33.770782470703125,7.386785507202148,5.311584949493408,4.454342842102051,1.7984106540679932,639.0,2694.0,commune,02.113.01.,,
02.113.01.07.,Aklim (Mun.),Berkane,Aklim (M),21130107.0,Commune d'Aklim,Berkane Aklim (M),0.66,direct,15.96,19.1,1.68,39.91,,12.364811897277832,4.818449020385742,38.96904373168945,2.0629189014434814,0.7157183289527893,34.6944465637207,2.631847,0.015701107680797577,0.014386184513568878,35.40052032470703,33.74003601074219,4.435276031494141,4.263832092285156,4.682826042175293,2.6032514572143555,2194.0,9695.0,commune,02.113.01.,,
02.113.01.09.,Berkane (Mun.),Berkane,Berkane (M),21130109.0,Commune de Berkane,Berkane Berkane (M),0.674,direct,9.21,14.91,0.82,40.97,,9.900185585021973,3.88149356842041,39.206268310546875,2.78979229927063,0.9941096305847168,35.63382339477539,3.781468,0.022071827203035355,0.015033054165542126,35.6822395324707,35.337501525878906,6.185661792755127,4.254136085510254,4.809131622314453,2.911205291748047,26087.0,109237.0,commune,02.113.01.,,
02.113.01.25.,Saidia (Mun.),Berkane,Saidia (M),21130125.0,Commune de Saidia,Berkane Saidia (M),0.678,direct,5.56,10.82,0.45,42.84,,9.954907417297363,3.9889004230499268,40.06968688964844,3.2280702590942383,1.1747888326644897,36.392913818359375,3.6512550000000004,0.023814164102077484,0.013999621383845806,37.02020263671875,37.49033737182617,6.432748317718506,3.73419451713562,7.754385948181152,2.289187431335449,2188.0,8780.0,commune,02.113.01.,,
02.113.01.29.,Sidi Slimane Echcharraa (Mun.),Berkane,,21130129.0,Commune de Sidi Slimane Echcharaa,Berkane Sidi Slimane Echcharraa (M,0.636,fuzzy,14.9,21.07,1.38,37.24,,,,,,,,,0.027069736272096634,0.01934969611465931,35.18598556518555,35.22008514404297,7.693328857421875,5.493937969207764,6.173249244689941,2.9169650077819824,6699.0,30202.0,commune,02.113.01.,,
02.113.03.01.,Aghbal,Berkane,Aghbal,21130301.0,Commune d'Aghbal,Berkane Aghbal,0.609,direct,21.23,23.23,2.33,33.83,0.725,20.378013610839844,8.538312911987305,41.89963150024414,7.508072853088379,2.9261600971221924,38.973514556884766,9.541111,0.044447436928749084,0.03372744843363762,38.90852355957031,36.99527359008789,11.42357349395752,9.116691589355469,10.979547500610352,11.449450492858887,3405.0,14908.0,commune,02.113.03.,,
02.113.03.07.,Fezouane,Berkane,Fezouane,21130307.0,Commune de Fezouane,Berkane Fezouane,0.576,direct,21.24,23.67,2.29,33.39,0.62,29.95484161376953,12.94112777709961,43.20212173461914,18.357297897338867,7.5175628662109375,40.951358795166016,23.242079999999998,0.10103298723697662,0.04648546129465103,41.9072265625,39.31186294555664,24.108726501464844,11.82479190826416,16.249753952026367,11.668974876403809,1183.0,5089.0,commune,02.113.03.,,
02.113.03.09.,Laatamna,Berkane,Laatamna,21130309.0,Commune de Laatamna,Berkane Laatamna,0.606,direct,12.98,19.13,1.2,33.89,0.801,17.773365020751953,7.306910514831543,41.111572265625,4.2869391441345215,1.590533971786499,37.10185241699219,6.525620999999999,0.03373980149626732,0.01685156859457493,37.597312927246094,35.55640411376953,8.973992347717285,4.7393903732299805,9.502715110778809,7.578230857849121,3183.0,13996.0,commune,02.113.03.,,
02.113.03.11.,Madagh,Berkane,Madagh,21130311.0,Commune de Madagh,Berkane Madagh,0.564,direct,19.5,22.77,2.13,34.22,0.686,26.10926055908203,11.178611755371094,42.81473922729492,5.8970513343811035,2.2113943099975586,37.5,8.999168000000001,0.03423742204904556,0.01628754287958145,36.85812641882042,34.91703682800461,9.288975266965696,4.664640604645062,12.214691110263475,3.5126157825730684,3252.0,14486.0,commune,02.113.03.,,
02.113.05.03.,Boughriba,Berkane,Boughriba,21130503.0,Commune de Boughriba,Berkane Boughriba,0.57,direct,13.97,19.84,1.29,33.33,0.588,27.563228607177734,11.15623664855957,40.47507095336914,11.032028198242188,4.215754985809326,38.213775634765625,16.133603,0.06919731944799423,0.03532511368393898,39.21117401123047,38.21525955200195,17.64734649658203,9.243719100952148,18.407838821411133,16.318912506103516,4374.0,20513.0,commune,02.113.05.,,
02.113.05.05.,Chouihia,Berkane,Chouihia,21130505.0,Commune de Chouihia,Berkane Chouihia,0.567,direct,16.11,20.79,1.67,33.04,0.553,37.05239486694336,16.145626068115234,43.57511901855469,12.102898597717285,4.7044148445129395,38.870147705078125,14.640543,0.07350846379995346,0.04119904339313507,39.82792663574219,36.162811279296875,18.456512451171875,11.392655372619629,18.758676528930664,10.571118354797363,2483.0,12245.0,commune,02.113.05.,,
02.113.05.13.,Rislane,Berkane,Rislane,21130513.0,Commune de Rislane,Berkane Rislane,0.582,direct,21.36,23.9,2.29,33.13,0.46,41.25120162963867,18.43760108947754,44.6959114074707,10.20504379272461,4.03671407699585,39.55607223510742,16.63917,0.07334956526756287,0.08912986516952515,40.00285720825195,41.96762466430664,18.336082458496094,21.237768173217773,17.841150283813477,20.497222900390625,820.0,4265.0,commune,02.113.05.,,
02.113.05.15.,Sidi Bouhria,Berkane,Sidi Bouhria,21130515.0,Commune de Sidi Bouhria,Berkane Sidi Bouhria,0.587,direct,23.7,23.41,2.82,34.27,0.629,29.148149490356445,13.023662567138672,44.68092727661133,10.232044219970703,4.331491947174072,42.33261489868164,14.10228,0.06402701139450073,0.06839603930711746,41.03714370727539,40.43120193481445,15.60221004486084,16.91664695739746,18.91712760925293,15.269240379333496,961.0,4525.0,commune,02.113.05.,,
02.113.05.17.,Tafoughalt,Berkane,Tafoughalt,21130517.0,Commune de Tafoughalt,Berkane Tafoughalt,0.49,direct,39.13,24.02,5.84,35.84,0.655,26.19047737121582,11.52557373046875,44.006736755371094,12.723949432373047,5.128986358642578,40.30970764160156,17.319660000000002,0.07178549468517303,0.046994078904390335,42.40460968017578,38.81119155883789,16.928701400756836,12.108383178710938,18.062156677246094,13.420829772949219,619.0,2735.0,commune,02.113.05.,,
02.113.05.19.,Zegzel,Berkane,Zegzel,21130519.0,Commune de Zegzel,Berkane Zegzel,0.569,direct,17.78,22.34,1.86,33.23,0.709,28.415929794311523,12.44255256652832,43.7872428894043,7.20084285736084,2.7166690826416016,37.72710037231445,10.882369,0.04498632997274399,0.022883811965584755,38.308414459228516,35.38832473754883,11.74319839477539,6.46648645401001,16.186403274536133,7.109533309936524,3580.0,16137.0,commune,02.113.05.,,
02.167.01.03.,Ben Taieb (Mun.),Driouch,Ben Taieb (M),21670103.0,Commune de Ben Taieb,Nador Ben Taieb,0.564,direct,17.4,22.29,1.78,33.52,0.409,15.899048805236816,6.4718828201293945,40.70610046386719,3.682401657104492,1.3151434659957886,35.71428680419922,3.7047399999999997,0.03502373397350311,0.03644655644893646,35.641212463378906,34.46993637084961,9.826751708984375,10.573432922363281,5.092235565185547,2.882582902908325,3122.0,14257.0,commune,02.167.01.,,
02.167.01.09.,Driouch (Mun.),Driouch,Driouch (M),21670109.0,Commune de Driouch,Nador Driouch,0.52,direct,24.35,23.42,2.86,35.11,0.412,22.1365966796875,9.377174377441406,42.36050796508789,6.261447906494141,2.340034246444702,37.37209701538086,6.502854,0.04575296491384506,0.02367672137916088,37.80518341064453,35.39346694946289,12.102299690246582,6.689573764801025,10.58951187133789,3.068455219268799,3285.0,14741.0,commune,02.167.01.,,
02.167.01.13.,Midar (Mun.),Driouch,Midar (M),21670113.0,Commune de Midar,Nador Midar,0.576,direct,21.38,22.37,2.57,33.45,0.546,14.130570411682129,5.788221836090088,40.962406158447266,5.445709228515625,1.9901766777038574,36.5457763671875,6.385247,0.03696306794881821,0.023035967722535133,36.076820373535156,35.6435546875,10.24565601348877,6.4628705978393555,6.943612098693848,5.563347339630126,3306.0,15021.0,commune,02.167.01.,,
02.167.03.01.,Ain Zohra,Driouch,Ain Zohra,21671701.0,Commune d'Ain Zohra,Nador Ain Zohra,0.506,direct,30.0,24.29,4.03,35.08,0.494,52.327232360839844,23.106531143188477,44.15775680541992,20.16790771484375,8.46356201171875,41.965492248535156,24.45394,0.14814640581607819,0.049579914659261703,43.93007278442383,38.62528610229492,33.72323226928711,12.836129188537598,32.147911071777344,19.731096267700195,1917.0,10601.0,commune,02.167.03.,,
02.167.03.03.,Ait Mait,Driouch,Ait Mait,21671503.0,Commune d'Ait Mait,Nador Ait Mait,0.454,direct,24.0,25.49,2.66,33.15,0.318,40.98497772216797,17.79045295715332,43.407257080078125,12.292891502380371,4.778589725494385,38.87278747558594,13.710062,0.09076153486967087,0.060714710503816605,39.98779296875,39.102272033691406,22.697309494018555,15.527156829833984,22.4657039642334,11.480298042297363,1155.0,5613.0,commune,02.167.03.,,
02.167.03.05.,Amejjaou,Driouch,Amejjaou,21671505.0,Commune d'Amejjaou,Nador Amejjaou,0.501,direct,26.52,26.78,2.98,32.29,0.078,46.1770133972168,20.73504066467285,44.90338134765625,15.71772289276123,6.226053714752197,39.61167907714844,18.227430000000002,0.10369332134723663,0.07704029977321625,40.59829330444336,38.50129318237305,25.54129981994629,20.009796142578125,32.19727325439453,24.344844818115234,1076.0,4988.0,commune,02.167.03.,,
02.167.03.07.,Dar El Kebdani,Driouch,Dar El Kebdani,21671507.0,Commune de Dar El Kebdani,Nador Dar El Kebdani,0.573,direct,23.58,23.83,2.65,34.62,0.254,33.862571716308594,14.60466194152832,43.12921905517578,7.313977241516113,2.8284592628479004,38.67197036743164,9.596442,0.055315013974905014,0.028645135462284088,37.75668848526729,35.88291874494398,14.650388484789714,7.9829444110386465,15.60891950990463,7.3788936803172325,2258.0,9911.0,commune,02.167.03.,,
02.167.03.09.,Mtalssa,Driouch,Mtalssa,21671709.0,Commune de Mtalssa,,0.49288153598528395,imputed_cercle,29.89709657392504,24.948642216601517,3.8199661991262364,34.22914026212922,0.31054867785697865,44.974388122558594,20.557727813720703,45.70985412597656,13.063679695129395,5.278555870056152,40.406341552734375,16.86822,0.09278012812137604,0.043388087302446365,40.88999938964844,38.16230392456055,22.690176010131836,11.369357109069824,26.63966178894043,24.600210189819336,3357.0,16787.0,commune,02.167.03.,,
02.167.03.11.,Oulad Boubker,Driouch,Oulad Boubker,21671711.0,Commune d'Oulad Boubker,Nador Oulad Boubker,0.384,direct,41.69,25.9,5.92,33.62,0.237,64.21509552001953,29.21075439453125,45.48892593383789,27.191457748413086,11.339430809020996,41.70218276977539,28.899659,0.16093452274799347,0.06297297775745392,42.179195404052734,36.750789642333984,38.15495300292969,17.135135650634766,34.61634063720703,14.91891860961914,1378.0,8054.0,commune,02.167.03.,,
02.167.03.13.,Tazaghine,Driouch,Tazaghine,21671513.0,Commune de Tazaghine,Nador Tazaghine,0.521,direct,33.71,24.54,4.55,36.02,0.386,50.33783721923828,22.986223220825195,45.66390609741211,13.04649543762207,5.236846923828125,40.13987350463867,14.940949000000002,0.07699128985404968,0.03409017622470856,40.24586868286133,37.33686065673828,19.130233764648438,9.1304349899292,20.14804458618164,18.69565200805664,867.0,4323.0,commune,02.167.03.,,
02.167.09.01.,Azlaf,Driouch,Azlaf,21671301.0,Commune d'Azlaf,Nador Azlaf,0.575,direct,15.38,20.59,1.58,33.02,0.524,26.306915283203125,11.059063911437988,42.03861999511719,7.908111095428467,3.041494369506836,38.4604377746582,9.54128,0.06396964937448502,0.048795051872730255,39.63056564331055,37.266754150390625,16.14149284362793,13.093453407287598,30.006099700927734,17.56621742248535,1082.0,4919.0,commune,02.167.09.,,
02.167.09.05.,Bni Marghnine,Driouch,Bni Marghnine,21671105.0,Commune de Bni Marghnine,Nador Bni Marghnine,0.56,direct,23.7,23.8,2.73,33.82,0.325,31.05615997314453,13.330073356628418,42.92247772216797,8.606099128723145,3.4576971530914307,40.177284240722656,9.6836,0.06513562798500061,0.03708945959806442,40.31071853637695,37.437644958496094,16.158390045166016,9.90699577331543,25.642663955688477,15.79053783416748,1436.0,6263.0,commune,02.167.09.,,
02.167.09.07.,Boudinar,Driouch,Boudinar,21671107.0,Commune de Boudinar,Nador Boudinar,0.515,direct,33.11,25.27,4.39,35.45,0.334,29.836252212524414,12.864941596984863,43.11848449707031,9.064178466796875,3.5204524993896484,38.839176177978516,11.457282000000001,0.06956977397203445,0.050412170588970184,39.63990020751953,37.06940841674805,17.55044174194336,13.59939956665039,25.77309226989746,9.871137619018555,2063.0,9863.0,commune,02.167.09.,,
02.167.09.09.,Iferni,Driouch,Iferni,21671309.0,Commune d'Iferni,Nador Iferni,0.574,direct,15.48,20.2,1.58,33.58,0.402,25.348743438720703,10.577476501464844,41.727813720703125,10.71484661102295,4.24107551574707,39.581298828125,15.946586,0.0859212726354599,0.04526073485612869,41.15040588378906,38.22453308105469,20.879812240600586,11.840755462646484,28.65671730041504,20.788015365600586,1372.0,6365.0,commune,02.167.09.,,
02.167.09.11.,Ijermaouas,Driouch,Ijermaouas,21671111.0,Commune d'Ijermaouas,Nador Ijermaouas,0.467,direct,35.63,27.19,4.65,33.38,0.114,53.357547760009766,24.139204025268555,45.2404670715332,30.79575538635254,13.43869686126709,43.63814926147461,36.00797,0.17500001192092896,0.07919421046972275,44.97273635864258,39.3740234375,38.91246795654297,20.113313674926758,36.47214889526367,33.182247161865234,1465.0,7540.0,commune,02.167.09.,,
02.167.09.15.,M'Hajer,Driouch,M'Hajer,21671315.0,Commune de M'hajer,Nador M'Hajer,0.413,direct,21.42,24.17,2.22,31.91,0.173,35.64548873901367,15.301947593688965,42.92814636230469,13.70125675201416,5.404029846191406,39.44185256958008,20.06179,0.09162583202123642,0.0442945770919323,39.796390533447266,36.867637634277344,23.023653030395508,12.014487266540527,19.04964828491211,8.829773902893066,1973.0,9386.0,commune,02.167.09.,,
02.167.09.17.,Ouardana,Driouch,Ouardana,21671317.0,Commune d'Ouardana,Nador Ouardana,0.558,direct,18.15,22.21,1.9,32.98,0.569,30.197948455810547,12.580069541931152,41.658695220947266,11.22191047668457,4.346129894256592,38.728965759277344,18.66577,0.07436798512935638,0.03849375993013382,39.280418395996094,35.053253173828125,18.932584762573242,10.981508255004883,23.84831428527832,4.495021343231201,1463.0,7120.0,commune,02.167.09.,,
02.167.09.19.,Oulad Amghar,Driouch,Oulad Amghar,21671119.0,Commune d'Oulad Amghar,Nador Oulad Amghar,0.469,direct,41.79,26.09,6.24,33.53,0.109,57.61589431762695,27.245176315307617,47.287601470947266,13.893510818481445,5.442780494689941,39.174983978271484,18.086544999999997,0.09501756727695465,0.04049618914723396,40.10221862792969,37.58960723876953,23.693843841552734,10.77324104309082,28.186355590820312,13.066898345947266,1142.0,6010.0,commune,02.167.09.,,
02.167.09.21.,Tafersit,Driouch,Tafersit,21671321.0,Commune de Tafersit,Nador Tafersit (AC),0.611,direct,20.62,23.4,2.16,39.6,,24.34287452697754,10.23900032043457,42.061588287353516,5.937291622161865,2.2144393920898438,37.2971305847168,9.639764000000001,0.048402681946754456,0.030760597437620163,37.78305173961824,37.263096273098256,12.81068621701953,8.254976370931763,16.82908094087227,11.649774234567694,1967.0,9133.0,commune,02.167.09.,,
02.167.09.23.,Talilit,Driouch,Talilit,21671323.0,Commune de Talilit,Nador Talilit,0.515,direct,26.36,23.98,3.08,33.63,0.613,33.7607536315918,14.565637588500977,43.143699645996094,10.195853233337402,3.927718162536621,38.522705078125,10.603147,0.07881037890911102,0.07334879040718079,40.00433349609375,39.21028518676758,19.70046043395996,18.706518173217773,26.344085693359375,18.50038719177246,1130.0,5208.0,commune,02.167.09.,,
02.167.09.25.,Temsamane,Driouch,Temsamane,21671125.0,Commune de Temsamane,Nador Temsamane,0.526,direct,19.38,21.89,2.09,34.35,0.28,34.64585494995117,15.241718292236328,43.9929084777832,7.4636077880859375,2.8956527709960938,38.79695129394531,10.722798,0.05891939997673035,0.04831520840525627,38.6320313228958,37.50584232387594,15.251436906813206,12.882048609689217,20.043103850778493,11.310047040982047,2989.0,13920.0,commune,02.167.09.,,
02.167.09.27.,Trougout,Driouch,Trougout,21671127.0,Commune de Trougout,Nador Trougout,0.464,direct,33.57,26.66,4.26,33.04,0.153,44.1209602355957,20.211034774780273,45.8082389831543,13.82440185546875,5.510948181152344,39.86391830444336,19.619429999999998,0.09528034925460815,0.03388598933815956,41.05762481689453,36.204898834228516,23.206493377685547,9.359503746032715,18.93000602722168,12.480422019958496,2211.0,11458.0,commune,02.167.09.,,
02.167.09.29.,Tsaft,Driouch,Tsaft,21671329.0,Commune de Tsaft,Nador Tsaft,0.528,direct,18.24,22.99,1.83,32.81,0.408,39.2620735168457,17.45253562927246,44.45138168334961,16.16688346862793,6.4110612869262695,39.655513763427734,19.07243,0.0770251452922821,0.044759251177310944,39.0141150329424,38.05217923405121,19.742892464865808,11.762598504421106,22.1989963883939,14.927154932495856,1921.0,9578.0,commune,02.167.09.,,
02.251.01.01.,Bouarfa (Mun.),Figuig,Bouarfa (M),22510101.0,Commune de Bouarfa,Figuig Bouarfa (M),0.661,direct,19.32,20.02,2.21,43.62,,11.199901580810547,4.712040901184082,42.07216262817383,2.2092432975769043,0.8041307330131531,36.398468017578125,7.926436000000001,0.015822634100914,0.011146342381834984,37.375038146972656,36.586429595947266,4.233476161956787,3.046578407287597,2.9492852687835693,3.8145313262939453,5964.0,28846.0,commune,02.251.01.,,
02.251.01.03.,Figuig (Mun.),Figuig,Figuig (M),22510103.0,Commune de Figuig,Figuig Figuig (M),0.652,direct,15.46,17.4,1.73,40.94,,7.909875392913818,3.377898693084717,42.70482635498047,3.2192788124084473,1.2427438497543335,38.60317611694336,5.963006,0.023531397804617882,0.022268177941441536,38.4711799621582,37.77125930786133,6.1166300773620605,5.895534992218018,6.263796806335449,4.052313804626465,2774.0,10872.0,commune,02.251.01.,,
02.251.03.01.,Ain Chouater,Figuig,Ain Chouater,22510301.0,Commune d'Ain Chouater,Figuig Ain Chouater,0.571,direct,13.33,19.5,1.22,27.98,0.969,5.586592197418213,2.1477344036102295,38.44444274902344,10.63618278503418,4.379280090332031,41.17341613769531,12.903265000000001,0.0694168359041214,0.015920398756861687,47.18468475341797,34.40860366821289,14.711730003356934,4.626865863800049,7.8528828620910645,1.0447760820388794,193.0,1006.0,commune,02.251.03.,,
02.251.03.03.,Bni Tadjite,Figuig,Bni Tadjite,22510303.0,Commune de Bni Tadjite,Figuig Bni Tadjite,0.468,direct,39.85,24.23,6.35,34.88,0.4,42.52159118652344,19.795087814331055,46.55302429199219,32.493473052978516,15.108065605163574,46.49569320678711,39.52365,0.08002139627933502,0.06545723229646683,40.935529781290185,39.388726161248506,19.548151764981373,16.618266156978173,11.085583273015883,12.735805433674422,3372.0,16149.0,commune,02.251.03.,,
02.251.03.05.,Bouanane,Figuig,Bouanane,22510305.0,Commune de Bouanane,Figuig Bouanane,0.493,direct,44.47,22.77,7.54,37.4,0.377,56.24729919433594,28.60042381286621,50.8476448059082,58.455116271972656,30.72124671936035,52.555274963378906,65.04255,0.1971350461244583,0.09622468799352646,47.394590519789624,41.10438372752706,41.59441860794843,23.409836543527643,13.084205162958773,15.334894241560818,1731.0,10035.0,commune,02.251.03.,,
02.251.03.07.,Bouchaouene,Figuig,Bouchaouene,22510707.0,Commune de Bouchaouene,Figuig Bouchaouene,0.288,direct,37.74,24.64,5.71,34.25,0.219,82.294921875,41.680702209472656,50.6479606628418,85.6628646850586,47.990013122558594,56.02195739746094,86.89867,0.47987034916877747,0.3376762568950653,55.665130615234375,48.10188674926758,86.20663452148438,70.20021057128906,5.261545658111572,10.369854927062988,2656.0,13057.0,commune,02.251.03.,,
02.251.03.09.,Boumerieme,Figuig,Boumerieme,22510709.0,Commune de Boumerieme,Figuig Boumerieme,0.325,direct,62.68,20.32,13.34,33.59,0.197,72.18343353271484,33.33686065673828,46.183536529541016,60.24209976196289,29.451824188232422,48.88910675048828,65.10068000000001,0.3092673122882843,0.17086318135261536,48.995635986328125,43.57661056518555,63.121402740478516,39.2098388671875,16.25337791442871,18.93402862548828,1907.0,8521.0,commune,02.251.03.,,
02.251.03.11.,Talsint,Figuig,Talsint,22510711.0,Commune de Talsint,Figuig Talsint,0.375,direct,43.81,23.81,7.19,35.4,0.208,62.25605010986328,28.55950355529785,45.87425994873047,60.22294235229492,32.55413055419922,54.0560302734375,64.35221,0.16041946411132812,0.09353934973478317,46.19417416517,43.244222008153834,34.72720546119508,21.630485624111856,8.975627763545942,12.991233798249338,3800.0,16166.0,commune,02.251.03.,,
02.251.03.13.,Ain Chair,Figuig,Ain Chair,22510313.0,Commune d'Ain Chair,,0.39534610527612657,imputed_cercle,43.71059845381464,23.395877044383525,7.452128622909416,34.99604275110112,0.29442598638617673,7.230047225952148,2.7177882194519043,37.590187072753906,20.52766990661621,9.895609855651855,48.206199645996094,22.753709999999998,0.1245531290769577,0.0261809304356575,50.14392852783203,38.77888107299805,24.83912467956543,6.751337051391602,18.790218353271484,8.088234901428223,340.0,1554.0,commune,02.251.03.,,
02.251.05.01.,Abbou Lakhal,Figuig,Abbou Lakhal,22510501.0,Commune d'Abbou Lakhal,Figuig Abbou Lakhal,0.424,direct,66.85,16.07,17.65,22.99,0.758,5.405405521392822,2.102102041244507,38.88888931274414,77.64227294921875,39.29539489746094,50.61082077026367,79.79245,0.3815774917602539,0.24809017777442932,52.18516159057617,44.07481002807617,73.11991882324219,56.288429260253906,19.207317352294922,16.992733001708984,290.0,2017.0,commune,02.251.05.,,
02.251.05.03.,Bni Guil,Figuig,Bni Guil,22510503.0,Commune de Bni Guil,Figuig Bni Guil,0.495,direct,31.67,22.49,4.48,35.37,0.696,39.95744705200195,17.929079055786133,44.87042999267578,63.93101119995117,30.864473342895508,48.27777862548828,68.94952,0.3037301301956177,0.13739874958992004,47.60869216918945,41.6203727722168,63.797203063964844,33.01237869262695,16.428783416748047,23.071151733398438,1305.0,6726.0,commune,02.251.05.,,
02.251.05.05.,Maatarka,Figuig,Maatarka,22510505.0,Commune de Maatarka,Figuig Maatarka,0.405,direct,62.53,19.42,13.71,37.78,0.188,80.08036804199219,41.631587982177734,51.98725891113281,72.61457824707031,36.188331604003906,49.836177825927734,77.26015,0.36086761951446533,0.16093102097511292,48.911895751953125,42.22087860107422,73.77911376953125,38.116455078125,15.063861846923828,23.106468200683594,1381.0,7986.0,commune,02.251.05.,,
02.251.05.07.,Tendrara,Figuig,Tendrara,22510507.0,Commune de Tendrara,Figuig Tendrara,0.338,direct,48.93,22.55,8.24,29.71,0.358,54.89795684814453,25.56689453125,46.5716667175293,74.25540924072266,36.627281188964844,49.326072692871094,78.48331,0.18355153501033783,0.08211372792720795,43.229488895681385,42.019287572403044,42.4597966679053,19.541913278418516,10.331975927477306,10.931734926981004,2726.0,15390.0,commune,02.251.05.,,
02.265.01.03.,Guercif (Mun.),Guercif,Guercif (M),22650103.0,Commune de Guercif,Taza Guercif (M),0.665,direct,6.45,10.19,0.63,41.03,,18.870365142822266,7.878595352172852,41.751155853271484,4.17423677444458,1.5521066188812256,37.183006286621094,15.45137,0.025467989966273308,0.012430356815457344,37.64441680908203,35.094398498535156,6.765409469604492,3.5419774055480957,8.489165306091309,2.3936266899108887,18779.0,90880.0,commune,02.265.01.,,
02.265.05.01.,Assebbab,Guercif,Assebbab,22650501.0,Commune d'Assebbab,Taza Assebbab,0.492,direct,22.16,22.34,3.13,39.67,0.325,57.66999053955078,26.091522216796875,45.24280548095703,28.68863868713379,12.662487030029297,44.137630462646484,38.846149999999994,0.16355450451374054,0.08753406256437302,44.21287536621094,41.72047805786133,36.99250411987305,20.9810791015625,19.861366271972656,17.687456130981445,1083.0,7069.0,commune,02.265.05.,,
02.265.05.03.,Barkine,Guercif,Barkine,22650503.0,Commune de Barkine,Taza Barkine,0.415,direct,26.38,25.92,3.66,42.17,0.152,82.40862274169922,38.865028381347656,47.16136169433594,51.62107849121094,23.057109832763672,44.66607666015625,63.080999999999996,0.2703148424625397,0.10436421632766724,46.177364349365234,39.82627487182617,58.538387298583984,26.204864501953125,20.646320343017578,24.716285705566406,1522.0,9469.0,commune,02.265.05.,,
02.265.05.05.,Houara Oulad Raho,Guercif,Houara Oulad Raho,22650505.0,Commune de Houara Oulad Raho,Taza Houara Oulad Raho,0.585,direct,15.69,17.27,2.14,42.63,0.545,39.8489875793457,17.86626625061035,44.834930419921875,12.774139404296875,5.302516937255859,41.50977325439453,17.203329999999998,0.06470062583684921,0.037962108850479126,41.594017028808594,38.65266036987305,15.555273056030273,9.821344375610352,17.853282928466797,16.101665496826172,5927.0,31462.0,commune,02.265.05.,,
02.265.05.07.,Lamrija,Guercif,Lamrija,22650507.0,Commune de Lamrija,Taza Lamrija,0.542,direct,32.96,22.2,5.52,42.49,0.431,51.740020751953125,24.20391273498535,46.779869079589844,20.25681495666504,8.526555061340332,42.09227752685547,34.15075,0.1112789735198021,0.06752806901931763,42.41181945800781,41.25088119506836,26.23772621154785,16.37009048461914,27.29520034790039,23.204238891601562,2485.0,14563.0,commune,02.265.05.,,
02.265.05.15.,Saka,Guercif,Saka,22650515.0,Commune de Saka,,0.5387529210555759,imputed_cercle,22.058988859229895,20.299622460559753,3.2686883621309724,42.193339353931236,0.4341248981027125,75.16754150390625,36.394901275634766,48.418373107910156,41.74268341064453,18.722286224365234,44.851661682128906,49.62727,0.20364035665988922,0.06775180995464325,45.265838623046875,39.41169738769531,44.987648010253906,17.190786361694336,20.353477478027344,20.60755157470703,3493.0,21048.0,commune,02.265.05.,,
02.265.07.09.,Mazguitam,Guercif,Mazguitam,22650709.0,Commune de Mazguitam,Taza Mazguitam,0.508,direct,30.03,21.78,4.73,43.04,0.364,62.10696792602539,29.358339309692383,47.270606994628906,32.36057662963867,13.997088432312012,43.25351333618164,39.63641,0.16968248784542084,0.09350190311670303,43.63187026977539,40.5925407409668,38.88957595825195,23.034257888793945,20.50204086303711,18.417617797851562,1382.0,8087.0,commune,02.265.07.,,
02.265.07.11.,Oulad Bourima,Guercif,Oulad Bourima,22650711.0,Commune d'Oulad Bourima,Taza Oulad Bourima,0.488,direct,11.59,14.65,1.52,38.33,0.151,72.06561279296875,31.67037010192871,43.94657897949219,46.904441833496094,19.392105102539062,41.34385681152344,51.48045,0.2389337569475174,0.1081269308924675,43.141624450683594,39.46986389160156,55.38357925415039,27.394807815551758,21.332435607910156,21.66517448425293,296.0,1486.0,commune,02.265.07.,,
02.265.07.13.,Ras Laksar,Guercif,Ras Laksar,22650713.0,Commune de Ras Laksar,Taza Ras Laksar,0.49,direct,21.41,22.22,2.94,39.54,0.069,63.19573974609375,29.732704162597656,47.048587799072266,37.94579315185547,16.796112060546875,44.2634391784668,47.7889,0.1864849179983139,0.07067196816205978,44.840816497802734,39.665584564208984,41.58820724487305,17.81694793701172,22.43461799621582,23.005626678466797,1771.0,10515.0,commune,02.265.07.,,
02.265.07.17.,Taddart,Guercif,Taddart,22650717.0,Commune de Taddart,Taza Taddart,0.542,direct,16.07,17.89,2.2,41.37,0.396,35.51548385620117,15.797453880310059,44.48046875,15.98157024383545,6.866022109985352,42.962127685546875,23.78321,0.08337599784135818,0.042336128652095795,42.91508483886719,39.11422348022461,19.428133010864258,10.82371711730957,20.55741310119629,16.61161994934082,3928.0,22138.0,commune,02.265.07.,,
02.275.01.03.,Ain Bni Mathar (Mun.),Jerada,Ain Bni Mathar (M),22750103.0,Commune d'Ain Bni Mathar,Jerada Ain Bni Mathar (M),0.638,direct,21.79,22.15,2.43,40.38,,13.233772277832031,5.15468168258667,38.95096206665039,4.693700313568115,1.7977707386016846,38.30177688598633,11.399859999999999,0.02642747201025486,0.024744337424635887,38.021610260009766,35.57395553588867,6.9506449699401855,6.955745220184326,5.202132701873779,2.6544642448425293,3180.0,16289.0,commune,02.275.01.,,
02.275.01.17.,Jerada (Mun.),Jerada,Jerada (M),22750117.0,Commune de Jerada,Jerada Jerada (M),0.639,direct,23.83,22.94,2.77,39.55,,8.762252807617188,3.406656265258789,38.87877655029297,2.1482622623443604,0.7614498734474182,35.44491958618164,10.562522,0.015982909128069878,0.017216365784406662,35.93014144897461,34.614784240722656,4.448328971862793,4.973702907562256,3.1188905239105225,3.151451826095581,8953.0,43506.0,commune,02.275.01.,,
02.275.01.35.,Touissit (Mun.),Jerada,Touissit (M),22750135.0,Commune de Touissit,Jerada Touissit (M),0.663,direct,18.16,20.88,1.92,38.71,,4.986876487731934,1.8421308994293213,36.9395751953125,0.8925724625587463,0.308150053024292,34.523807525634766,7.363722999999999,0.007898558862507343,0.015466347336769104,35.90982437133789,36.17472457885742,2.1995537281036377,4.27545690536499,5.100414276123047,3.4921669960021973,721.0,3137.0,commune,02.275.01.,,
02.275.03.03.,Gafait,Jerada,Gafait,22750703.0,Commune de Gafait,Jerada Gafait,0.466,direct,21.72,22.31,2.64,33.38,0.748,34.28786849975586,15.78539752960205,46.0378532409668,12.236446380615234,5.1225738525390625,41.86324691772461,21.72442,0.06586764007806778,0.0641600489616394,41.26048278808594,40.71815872192383,15.963855743408203,15.757109642028809,21.009037017822266,15.295926094055176,486.0,2656.0,commune,02.275.03.,,
02.275.03.05.,Guenfouda,Jerada,Guenfouda,22750905.0,Commune de Guenfouda,Jerada Guenfouda,0.534,direct,32.01,25.13,4.28,34.62,0.503,34.88169860839844,15.274879455566406,43.790523529052734,13.48595905303955,5.514815807342529,40.89301681518555,20.050060000000002,0.06926807016134262,0.03276503086090088,41.28761291503906,38.64784240722656,16.776962280273438,8.477842330932617,20.71185874938965,10.527237892150879,1167.0,5591.0,commune,02.275.03.,,
02.275.03.07.,Laaouinate,Jerada,Laaouinate,22750707.0,Commune de Laaouinate,Jerada Laaouinate,0.514,direct,28.21,22.97,3.79,34.94,0.594,41.108177185058594,18.905014038085938,45.98844909667969,24.773725509643555,10.047985076904297,40.55903625488281,31.005940000000002,0.11450163275003433,0.0602363646030426,41.69282531738281,40.938602447509766,27.463150024414062,14.71382999420166,25.161624908447266,28.469663619995117,703.0,3867.0,commune,02.275.03.,,
02.275.03.09.,Lebkhata,Jerada,Lebkhata,22750709.0,Commune de Lebkhata,Jerada Lebkhata,0.479,direct,49.03,22.96,8.28,33.28,0.441,41.123329162597656,18.517065048217773,45.02812194824219,11.791730880737305,5.074868202209473,43.03751754760742,19.71669,0.07023140788078308,0.0689142495393753,40.94742202758789,39.70773696899414,17.151607513427734,17.355371475219727,19.869831085205078,15.505706787109375,466.0,2612.0,commune,02.275.03.,,
02.275.03.13.,Ras Asfour,Jerada,Ras Asfour,22750913.0,Commune de Ras Asfour,Jerada Ras Asfour,0.509,direct,33.45,26.21,4.21,30.47,0.316,50.05903244018555,21.72701072692871,43.40277862548828,17.974882125854492,7.264957427978516,40.417274475097656,24.33283,0.0972004160284996,0.10135076195001602,41.27777862548828,40.89310836791992,23.547880172729492,24.784313201904297,22.919937133789062,20.54901885986328,252.0,1274.0,commune,02.275.03.,,
02.275.03.15.,Sidi Boubker,Jerada,Sidi Boubker,22750915.0,Commune de Sidi Boubker,Jerada Sidi Boubker (AC),0.705,fuzzy,20.28,21.28,2.23,56.5,,22.658958435058594,9.723828315734863,42.91383361816406,8.870967864990234,3.733572483062744,42.08754348754883,21.63976,0.03588844835758209,0.02221701294183731,38.48525529851328,37.27697523952596,9.325246244781933,5.959982977770094,12.282031505735107,11.36653895944471,568.0,2638.0,commune,02.275.03.,,
02.275.03.21.,Tiouli,Jerada,Tiouli,22750921.0,Commune de Tiouli,Jerada Tiouli,0.446,direct,41.88,25.04,6.26,33.25,0.247,67.91666412353516,33.64326477050781,49.536094665527344,39.36686325073242,17.544607162475586,44.56694030761719,47.68880000000001,0.14397473633289337,0.057732827961444855,42.45743821194181,39.11285547764564,33.910367655877906,14.760576188979954,15.656856976098386,16.82938113205935,971.0,5199.0,commune,02.275.03.,,
02.275.05.01.,Bni Mathar,Jerada,Bni Mathar,22750501.0,Commune de Bni Mathar,Jerada Bni Mathar,0.453,direct,37.03,25.18,5.33,34.16,0.456,47.93727111816406,24.948198318481445,52.043426513671875,28.883031845092773,13.315622329711914,46.101890563964844,40.32454,0.14599312841892242,0.09154900163412094,45.318702697753906,40.87386703491211,32.21476364135742,22.397930145263672,15.699904441833496,18.35346031188965,1469.0,8870.0,commune,02.275.05.,,
02.275.05.11.,Mrija,Jerada,Mrija,22750511.0,Commune de Mrija,Jerada Mrija,0.43,direct,42.99,24.5,6.83,36.13,0.379,66.56106567382812,33.86327362060547,50.87549591064453,32.86692428588867,14.30319881439209,43.51852035522461,37.364940000000004,0.1512851119041443,0.07738439738750458,43.61945724487305,41.209693908691406,34.68294143676758,18.778202056884766,14.0220308303833,12.912182807922363,581.0,3359.0,commune,02.275.05.,,
02.275.05.13.,Oulad Ghziyel,Jerada,,22750513.0,Commune d'Ouled Ghziyel,Jerada Oulad Ghziyel,0.399,direct,62.44,19.9,13.67,35.48,0.215,,,,,,,,0.23370705544948578,0.1250477284193039,43.67564010620117,40.88639450073242,53.50970458984375,30.584192276000977,18.293006896972656,25.0,1074.0,7522.0,commune,02.275.05.,,
02.275.05.15.,Oulad Sidi Abdelhakem,Jerada,,22750515.0,Commune d'Ouled Sidi Abdelhakem,Jerada Oulad Sidi Abdelhakem,0.404,direct,32.9,26.56,4.11,28.23,0.071,,,,,,,,0.3720737397670746,0.13326355814933777,46.816802978515625,42.98171615600586,79.47440338134766,31.004709243774414,13.683733940124512,33.98744201660156,392.0,2207.0,commune,02.275.05.,,
02.381.01.01.,Al Aaroui (Mun.),Nador,Al Aaroui (M),23810101.0,Commune d'Al Aaroui,Nador Al Aaroui (M),0.645,direct,18.85,21.35,1.96,40.8,,17.30934715270996,7.033243179321289,40.63262939453125,5.321787357330322,1.9838769435882568,37.27839279174805,5.689844000000001,0.03819458931684494,0.02205139957368374,37.709529876708984,36.11817169189453,10.128630638122559,6.105347633361816,8.945310592651367,3.89973783493042,10132.0,47599.0,commune,02.381.01.,,
02.381.01.03.,Bni Ansar (Mun.),Nador,Bni Ansar (M),23810103.0,Commune de Bni Ansar,Nador Bni Ansar (M),0.691,direct,11.64,17.39,1.06,43.38,,17.115333557128906,6.919432640075684,40.42826843261719,3.607171058654785,1.3060895204544067,36.2081413269043,4.050363,0.027614779770374298,0.02000974491238594,36.632442474365234,34.9857292175293,7.538339614868164,5.719401836395263,8.463532447814941,4.330244541168213,12897.0,56582.0,commune,02.381.01.,,
02.381.01.05.,Nador (Mun.),Nador,Nador (M),23810105.0,Commune de Nador,Nador Nador (M),0.679,direct,7.44,12.95,0.65,42.66,,12.022783279418945,4.83356237411499,40.20335388183594,2.9369008541107178,1.0632802248001099,36.204158782958984,3.5818649999999996,0.022481221705675125,0.016622932627797127,36.66984939575195,35.33143615722656,6.130710124969482,4.7048563957214355,7.132025718688965,3.8090169429779053,37565.0,161726.0,commune,02.381.01.,,
02.381.01.07.,Zaio (Mun.),Nador,Zaio (M),23810107.0,Commune de Zaio,Nador Zaio (M),0.638,direct,16.91,20.94,1.69,40.14,,12.033097267150879,4.783387184143066,39.75191879272461,3.79325795173645,1.3987501859664917,36.87464141845703,4.572529,0.03187759220600128,0.02283879555761814,37.53749084472656,35.76036071777344,8.49220085144043,6.386623382568359,9.121149063110352,6.069793701171875,8282.0,35806.0,commune,02.381.01.,,
02.381.01.09.,Zeghanghane (Mun.),Nador,Zeghanghane (M),23810109.0,Commune de Zeghanghane,Nador Zeghanghane (M),0.643,direct,10.28,16.26,0.95,38.78,,11.781579971313477,4.645847797393799,39.433143615722656,3.2711241245269775,1.177238941192627,35.98881912231445,3.7330949999999996,0.025380030274391174,0.02057880163192749,36.29909896850586,35.76961135864258,6.991917610168457,5.753152370452881,7.435708999633789,4.587976455688477,7941.0,34025.0,commune,02.381.01.,,
02.381.01.15.,Ras El Ma (Mun.),Nador,Ras-El-Ma (M),23810115.0,Commune de Ras-El-Ma,Nador Ras El Ma,0.526,direct,21.23,24.91,2.18,32.38,0.53,17.233596801757812,7.251867771148682,42.07982635498047,4.300791263580322,1.598504900932312,37.16769027709961,10.42216,0.03260774165391922,0.037853922694921494,37.39284133911133,36.7003059387207,8.720316886901855,10.314334869384766,12.189973831176758,11.462837219238281,1836.0,7580.0,commune,02.381.01.,,
02.381.01.19.,Selouane (Mun.),Nador,Selouane (M),23810119.0,Commune de Selouane,Nador Selouane,0.528,direct,19.96,22.6,2.25,34.25,0.573,14.616744041442871,6.153921604156494,42.10186767578125,2.892906665802002,1.0286921262741089,35.55911636352539,3.342607,0.01847473345696926,0.015180676244199276,36.03074264526367,34.91895294189453,5.1274919509887695,4.347403049468994,5.248029708862305,1.9704217910766602,5025.0,21570.0,commune,02.381.01.,,
02.381.05.01.,Bni Bouifrour,Nador,Bni Bouifrour,23810501.0,Commune de Bni Bouifrour,Nador Bni Bouifrour,0.577,direct,13.08,19.58,1.25,32.75,0.668,22.468063354492188,9.33462142944336,41.54617691040039,6.8712992668151855,2.4860634803771973,36.180397033691406,11.003740999999998,0.04051972180604935,0.020715629681944847,36.731014251708984,36.16780090332031,11.031474113464355,5.727644443511963,11.545652389526367,7.992402076721191,1400.0,6418.0,commune,02.381.05.,,
02.381.05.03.,Bni Chiker,Nador,Bni Chiker,23810503.0,Commune de Bni Chiker,Nador Bni Chiker,0.597,direct,16.69,20.58,1.77,35.01,0.365,30.43247413635254,12.860518455505371,42.25919723510742,7.441860198974609,2.770742177963257,37.23184585571289,9.958545999999998,0.0540301650762558,0.027849100530147552,37.24308651662702,36.63165618161335,14.50743515795262,7.602468451627085,13.605260027881755,10.85198129936799,5619.0,26884.0,commune,02.381.05.,,
02.381.05.05.,Bni Sidel Jbel,Nador,Bni Sidel Jbel,23810505.0,Commune de Bni Sidel Jbel,Nador Bni Sidel Jbel,0.594,direct,14.17,20.19,1.36,34.17,0.508,26.218435287475586,11.022781372070312,42.0421028137207,8.689809799194336,3.299738883972168,37.972511291503906,10.03026,0.05999129265546799,0.02757437713444233,38.848602294921875,36.798770904541016,15.442329406738281,7.493287563323975,21.51175880432129,10.65413761138916,2002.0,8930.0,commune,02.381.05.,,
02.381.05.07.,Bni Sidel Louta,Nador,Bni Sidel Louta,23810507.0,Commune de Bni Sidel Louta,Nador Bni Sidel Louta,0.544,direct,25.38,24.23,3.06,34.88,0.316,31.823762893676758,13.444429397583008,42.24651336669922,16.075124740600586,6.415902137756348,39.911991119384766,21.67752,0.0913134291768074,0.03870103135704994,40.374542236328125,37.79633331298828,22.61658477783203,10.239361763000488,29.31720542907715,17.07826805114746,1389.0,6283.0,commune,02.381.05.,,
02.381.05.09.,Bouarg,Nador,Bouarg,23810509.0,Commune de Bouarg,Nador Bouarg,0.554,direct,18.11,22.5,1.78,34.16,0.398,30.30727195739746,13.249492645263672,43.71720504760742,6.224660396575928,2.3507726192474365,37.765480041503906,8.269056,0.04305971786379814,0.025659700855612755,38.496673583984375,36.12557601928711,11.185308456420898,7.1029181480407715,14.844847679138184,8.8724946975708,7889.0,37737.0,commune,02.381.05.,,
02.381.05.13.,Iaazzanene,Nador,Iaazzanene,23810513.0,Commune d'Iaazzanene,Nador Iaazzanene,0.618,direct,11.57,17.48,1.09,34.01,0.533,24.75666618347168,10.326327323913574,41.711299896240234,7.129337787628174,2.6137900352478027,36.662452697753906,8.522728999999998,0.05588103458285332,0.025954293087124825,37.553001403808594,35.34660339355469,14.880577087402344,7.342796802520753,16.998647689819336,4.790870666503906,2425.0,11131.0,commune,02.381.05.,,
02.381.05.15.,Ihaddadene,Nador,Ihaddadene,23810515.0,Commune d'Ihaddadene,Nador Ihaddadene,0.532,direct,19.06,23.04,1.98,30.21,0.323,52.54083251953125,22.494455337524414,42.81328201293945,9.714285850524902,4.149660110473633,42.71708679199219,14.448973999999998,0.033174969255924225,0.023038744926452637,36.46704362834028,35.87885081819016,9.09724625381039,6.4212603195279545,8.915998511382535,6.4702314708702655,3189.0,14345.0,commune,02.381.05.,,
02.381.05.17.,Iksane,Nador,Iksane,23810517.0,Commune d'Iksane,Nador Iksane,0.626,direct,14.28,19.74,1.46,33.81,0.635,20.70880889892578,8.81568717956543,42.56974411010742,6.320542335510254,2.4645888805389404,38.993316650390625,11.999522,0.04511372745037079,0.027975397184491158,38.31707763671875,37.1611328125,11.773791313171387,7.528133392333984,16.633005142211914,9.170870780944824,1870.0,8417.0,commune,02.381.05.,,
02.381.07.01.,Afsou,Nador,Afsou,23810701.0,Commune d'Afsou,Nador Afsou,0.424,direct,34.78,28.07,4.18,31.17,0.169,69.46967315673828,32.50480270385742,46.7899169921875,37.2783088684082,15.736320495605469,42.21307373046875,39.529349999999994,0.20763225853443146,0.10539054125547409,43.67129135131836,40.3963737487793,47.54433822631836,26.089109420776367,18.929058074951172,17.376237869262695,467.0,2932.0,commune,02.381.07.,,
02.381.07.03.,Al Barkanyene,Nador,Al Barkanyene,23810703.0,Commune d'Al Barkanyene,Nador Al Barkanyene,0.368,direct,21.17,24.48,2.13,30.05,0.396,41.86046600341797,17.695289611816406,42.2720832824707,10.314960479736328,4.122922420501709,39.970314025878906,12.913390000000001,0.07421259582042694,0.04689786583185196,39.68421173095703,41.089744567871094,18.700786590576172,11.413520812988281,19.803150177001953,27.172958374023438,565.0,2540.0,commune,02.381.07.,,
02.381.07.05.,Arekmane,Nador,Arekmane,23810705.0,Commune d'Arekmane,Nador Arekmane,0.598,direct,12.48,19.06,1.19,33.61,0.33,28.051265716552734,11.78148365020752,41.99982833862305,10.112188339233398,4.093210220336914,40.477989196777344,15.240791,0.04888667166233063,0.0492045097053051,39.19837779844046,37.67713028770858,12.471606197738854,13.05951661621498,20.562466013695886,10.59267801732627,4180.0,18490.0,commune,02.381.07.,,
02.381.07.07.,Bni Oukil Oulad M'Hand,Nador,Bni Oukil  Oulad M'Hand,23810707.0,Commune de Bni Oukil Oulad M'hand,Nador Bni Oukil Oulad M'Hand,0.527,direct,30.14,26.38,3.54,33.61,0.214,50.047637939453125,22.717119216918945,45.390995025634766,15.340749740600586,5.958576202392578,38.84149169921875,24.941609999999997,0.08020421117544174,0.051870524883270264,40.35486602783203,39.319175720214844,19.874731063842773,13.192170143127441,29.597084045410156,23.33195304870606,2060.0,10697.0,commune,02.381.07.,,
02.381.07.09.,Hassi Berkane,Nador,Hassi-Berkane,23810709.0,Commune de Hassi-Berkane,Nador Hassi Berkane,0.488,direct,35.54,26.33,4.69,33.39,0.279,65.79563903808594,30.99552345275879,47.10877990722656,25.964391708374023,11.40404224395752,43.92185974121094,32.86794,0.15374471247196198,0.08206884562969208,45.0689582824707,41.77489471435547,34.113216400146484,19.64549446105957,32.12736892700195,21.68658447265625,1585.0,8788.0,commune,02.381.07.,,
02.381.07.11.,Oulad Daoud Zkhanine,Nador,Oulad Daoud Zkhanine,23810711.0,Commune d'Oulad Daoud Zkhanine,Nador Oulad Daoud Zkhanine,0.539,direct,17.37,22.78,1.71,32.24,0.216,48.47045135498047,21.305646896362305,43.95595169067383,15.736040115356445,6.28031587600708,39.91039276123047,19.00403,0.0921601876616478,0.05587352067232132,40.571075439453125,36.9941520690918,22.715736389160156,15.103338241577148,27.58883285522461,13.799681663513184,942.0,3940.0,commune,02.381.07.,,
02.381.07.13.,Oulad Settout,Nador,Oulad Settout,23810713.0,Commune d'Oulad Settout,Nador Oulad Settout,0.524,direct,17.35,21.86,1.82,33.72,0.485,37.61966323852539,16.619876861572266,44.17869567871094,18.137683868408203,7.312077522277832,40.31428527832031,24.20403,0.09380102902650833,0.0358150415122509,41.523075103759766,38.229148864746094,22.590097427368164,9.36851692199707,27.108118057250977,12.24279022216797,4723.0,23218.0,commune,02.381.07.,,
02.381.07.17.,Tiztoutine,Nador,Tiztoutine,23810717.0,Commune de Tiztoutine,Nador Tiztoutine Centre (AC),0.63,direct,26.42,22.45,3.24,46.13,,54.60779571533203,24.626007080078125,45.09613800048828,15.887290000915527,6.532552242279053,41.118099212646484,21.18308,0.07500721514225006,0.03533253073692322,39.05163071152625,36.94502230878054,19.207192154772486,9.563543036803253,20.678381968577344,16.869918371807778,1968.0,9788.0,commune,02.381.07.,,
02.411.01.11.,Bni Drar (Mun.),Oujda-Angad,Bni Drar (M),24110111.0,Commune de Bni Drar,Oujda-Angad Bni Drar (M),0.657,direct,20.48,24.07,2.08,37.29,,11.929588317871094,4.722128868103027,39.583335876464844,3.7955000400543213,1.3601813316345215,35.8366813659668,4.163614,0.0238095223903656,0.021776391193270683,37.031768798828125,34.91071319580078,6.42948579788208,6.237738609313966,6.008780002593994,4.004857540130615,2268.0,10934.0,commune,02.411.01.,,
02.411.01.19.,Naima (Mun.),Oujda-Angad,Naima (M),24110119.0,Commune de Naima,Oujda-Angad Naima (M),0.7,direct,9.53,14.7,0.96,34.41,,6.168549060821533,2.4905879497528076,40.375587463378906,2.941176414489746,1.3327206373214722,45.312503814697266,5.974265,0.015471815131604671,0.020703596994280815,46.75926208496094,37.59920883178711,3.308823585510254,5.506391525268555,3.492647171020508,4.424778938293457,233.0,1088.0,commune,02.411.01.,,
02.411.01.23.,Oujda (Mun.),Oujda-Angad,Oujda (M),24110123.0,Commune d'Oujda,Oujda-Angad Oujda (M),0.695,direct,10.86,15.75,1.02,42.2,,7.352543830871582,2.8544533252716064,38.822662353515625,1.7355384826660156,0.614740252494812,35.42072677612305,3.091903,0.014188578352332115,0.0100612323731184,35.68852996826172,35.02490234375,3.9756691455841064,2.872593879699707,3.8137614727020264,1.9416279792785645,113020.0,494252.0,commune,02.411.01.,,
02.411.03.01.,Ahl Angad,Oujda-Angad,Ahl Angad,24110301.0,Commune d'Ahl Angad,Oujda-Angad Ahl Angad,0.557,direct,17.6,20.91,1.96,34.33,0.541,33.0362548828125,14.704000473022461,44.5086784362793,9.474499702453613,3.798018455505371,40.08674240112305,13.763212000000001,0.05745750293135643,0.028996527194976807,40.540096282958984,39.655433654785156,14.173006057739258,7.312119483947754,18.110734939575195,11.76128101348877,2937.0,14196.0,commune,02.411.03.,,
02.411.03.03.,Ain Sfa,Oujda-Angad,Ain Sfa,24110303.0,Commune d'Ain Sfa,Oujda-Angad Ain Sfa,0.529,direct,25.17,25.56,2.84,33.29,0.457,48.20936584472656,21.273340225219727,44.126983642578125,28.315813064575195,12.511494636535645,44.1855354309082,34.71535,0.15169364213943481,0.08895736932754517,44.415340423583984,41.28413391113281,34.15343475341797,21.547592163085938,17.579959869384766,17.416114807128906,880.0,4490.0,commune,02.411.03.,,
02.411.03.05.,Bni Khaled,Oujda-Angad,Bni Khaled,24110305.0,Commune de Bni Khaled,Oujda-Angad Bni Khaled,0.566,direct,16.92,21.78,1.75,32.72,0.645,32.013526916503906,13.60042667388916,42.483375549316406,13.076353073120117,5.304340839385986,40.56437683105469,20.237209999999997,0.07543859630823135,0.0348704531788826,41.06806564331055,39.219818115234375,18.36916160583496,8.89102840423584,26.12305450439453,16.96356964111328,1367.0,6745.0,commune,02.411.03.,,
02.411.03.07.,Bsara,Oujda-Angad,Bsara,24110307.0,Commune de Bsara,Oujda-Angad Bsara,0.567,direct,25.31,22.37,3.41,33.18,0.437,39.85431671142578,18.88368797302246,47.38178253173828,17.7871150970459,8.17382526397705,45.95363235473633,26.47054,0.08597884327173233,0.06995423138141632,43.84920883178711,38.431644439697266,19.60784339904785,18.202247619628906,15.686274528503418,17.602996826171875,287.0,1428.0,commune,02.411.03.,,
02.411.05.09.,Isly,Oujda-Angad,Isly,24110509.0,Commune d'Isly,Oujda-Angad Isly,0.588,direct,21.25,23.02,2.42,33.68,0.802,29.12014389038086,12.660248756408691,43.47591781616211,10.090361595153809,3.9686522483825684,39.33112335205078,20.833360000000003,0.05219954252243042,0.02332688495516777,39.58686065673828,38.84220504760742,13.186078071594238,6.005551338195801,15.612449645996094,12.692404747009277,1204.0,6710.0,commune,02.411.05.,,
02.411.05.11.,Mestferki,Oujda-Angad,Mestferki,24110511.0,Commune de Mestferki,Oujda-Angad Mestferki,0.492,direct,42.71,25.65,6.34,34.19,0.471,49.02731704711914,21.47603988647461,43.804229736328125,24.483707427978516,9.553312301635742,39.01905822753906,29.09593,0.12151344120502472,0.07542475312948227,41.08266830444336,39.95169448852539,29.577787399291992,18.878986358642578,26.48003578186035,17.987804412841797,866.0,4378.0,commune,02.411.05.,,
02.411.05.17.,Sidi Boulenouar,Oujda-Angad,Sidi Boulenouar,24110517.0,Commune de Sidi Boulenouar,Oujda-Angad Sidi Boulenouar,0.444,direct,32.7,26.19,4.19,32.35,0.395,55.53034591674805,24.861347198486328,44.7707405090332,25.0,10.454486846923828,41.81794738769531,28.939700000000002,0.1436365395784378,0.07312704622745514,42.59736633300781,41.04697799682617,33.719581604003906,17.815452575683594,19.843568801879883,17.426347732543945,628.0,3452.0,commune,02.411.05.,,
02.411.05.19.,Sidi Moussa Lemhaya,Oujda-Angad,Sidi Moussa Lemhaya,24110519.0,Commune de Sidi Moussa Lemhaya,Oujda-Angad Sidi Moussa Lemhaya,0.534,direct,22.03,23.26,2.53,32.77,0.528,38.723297119140625,17.465641021728516,45.103702545166016,11.309233665466309,4.634152889251709,40.976722717285156,16.63411,0.06356185674667358,0.04276799038052559,40.91544723510742,39.46477127075195,15.534929275512695,10.837004661560059,19.73619842529297,21.8502197265625,818.0,4094.0,commune,02.411.05.,,
02.533.01.13.,Debdou (Mun.),Taourirt,Debdou (M),25330113.0,Commune de Debdou,Taourirt Debdou (M),0.617,direct,13.53,19.34,1.32,38.73,,9.31147575378418,3.7899210453033447,40.70161819458008,1.2701612710952759,0.4558691680431366,35.890655517578125,6.229839,0.01551299262791872,0.00992822740226984,35.95534896850586,34.73316192626953,4.314516067504883,2.858428955078125,3.3669354915618896,2.88093638420105,1137.0,4960.0,commune,02.533.01.,,
02.533.01.15.,El Aioun Sidi Mellouk (Mun.),Taourirt,El Aioun Sidi Mellouk (M),25330115.0,Commune d'El Aioun Sidi Mellouk,Taourirt El Aioun Sidi Mellouk (M),0.629,direct,23.42,22.78,2.61,41.29,,15.557856559753418,6.6148295402526855,42.517616271972656,3.391331434249878,1.2263095378875732,36.16012191772461,10.844378,0.02370581217110157,0.020830020308494568,36.603843688964844,34.62823486328125,6.476317882537842,6.015328407287598,6.959768295288086,3.9326164722442627,8625.0,41832.0,commune,02.533.01.,,
02.533.01.33.,Taourirt (Mun.),Taourirt,Taourirt (M),25330133.0,Commune de Taourirt,Taourirt Taourirt (M),0.635,direct,24.93,21.69,2.97,42.25,,18.76276969909668,7.786204814910889,41.49816131591797,4.82001256942749,1.7776334285736084,36.88026809692383,7.280138000000001,0.030289176851511,0.019758353009819984,36.93046188354492,35.45390319824219,8.201678276062012,5.572969913482666,5.036152362823486,3.6838126182556152,20182.0,103398.0,commune,02.533.01.,,
02.533.03.05.,El Atef,Taourirt,El Atef,25330305.0,Commune d'El Atef,Taourirt El Atef,0.308,direct,58.03,23.28,10.83,30.68,0.239,94.51644897460938,48.640193939208984,51.46214294433594,71.66407775878906,34.57404708862305,48.24460220336914,78.60033999999999,0.3758942782878876,0.17832794785499573,49.046268463134766,42.918827056884766,76.6407470703125,41.550052642822266,14.245722770690918,32.723358154296875,485.0,3215.0,commune,02.533.03.,,
02.533.03.15.,Oulad M'hammed,Taourirt,,25330315.0,Commune d'Ouled M'hamed,Taourirt Oulad M'hammed,0.322,direct,59.07,21.22,11.98,31.81,0.003,,,,,,,,0.46535205841064453,0.17549414932727814,53.009666442871094,44.274993896484375,87.78626251220703,39.637306213378906,11.526717185974121,21.848012924194336,188.0,1310.0,commune,02.533.03.,,
02.533.03.17.,Sidi Ali Bel Quassem,Taourirt,Sidi Ali Bel Quassem,25330317.0,Commune de Sidi Ali Bel Quassem,Taourirt Sidi Ali Belkassem,0.445,fuzzy,51.71,22.06,9.48,38.63,0.254,69.22615814208984,32.905086517333984,47.532737731933594,32.24720764160156,14.71732234954834,45.63906478881836,44.6151,0.17207112908363342,0.12025830894708633,46.12785720825195,41.791011810302734,37.30308151245117,28.7761173248291,24.40420150756836,23.859754562377933,2185.0,14984.0,commune,02.533.03.,,
02.533.03.19.,Sidi Lahsen,Taourirt,Sidi Lahsen,25330319.0,Commune de Sidi Lahsen,Taourirt Sidi Lahsen,0.451,direct,41.83,25.98,6.18,33.55,0.227,75.65324401855469,38.153385162353516,50.43192672729492,52.55427551269531,24.526887893676758,46.669639587402344,57.636590000000005,0.2659274637699127,0.14599426090717316,47.33222579956055,43.23038101196289,56.18317413330078,33.771217346191406,19.354141235351562,25.077489852905273,1505.0,9259.0,commune,02.533.03.,,
02.533.07.03.,Ain Lehjer,Taourirt,Ain Lehjer,25330703.0,Commune d'Ain Lehjer,Taourirt Ain Lehjer,0.521,direct,21.41,24.43,2.21,32.3,0.387,52.1885871887207,22.966270446777344,44.00630569458008,21.34912872314453,8.785999298095703,41.15389633178711,31.64002,0.10402563214302063,0.07281173020601273,41.0739860534668,41.49888229370117,25.32640266418457,17.545467376708984,22.666828155517578,23.8780574798584,1416.0,8272.0,commune,02.533.07.,,
02.533.07.09.,Mechraa Hammadi,Taourirt,Mechraa Hammadi,25330709.0,Commune de Mechraa Hammadi,Taourirt Mechraa Hammadi,0.509,direct,29.58,28.4,3.07,32.49,0.39,65.46065521240234,28.874692916870117,44.10999298095703,26.284095764160156,10.777542114257812,41.00404357910156,33.82928,0.14500924944877625,0.1466677188873291,42.86503982543945,40.79549026489258,33.82925796508789,35.951942443847656,25.96528434753418,25.693161010742188,1066.0,5646.0,commune,02.533.07.,,
02.533.07.13.,Mestegmer,Taourirt,Mestegmer,25330713.0,Commune de Mestegmer,Taourirt Mestegmer,0.492,direct,21.99,23.9,2.34,33.53,0.341,37.880210876464844,16.709348678588867,44.111019134521484,17.684341430664062,7.459507942199707,42.18143081665039,28.0723,0.10315866023302078,0.050305552780628204,42.263038635253906,40.14580535888672,24.40871810913086,12.530712127685547,28.783428192138672,18.786619186401367,1196.0,6469.0,commune,02.533.07.,,
02.533.07.21.,Tancherfi,Taourirt,Tancherfi,25330721.0,Commune de Tancherfi,Taourirt Tancherfi,0.432,direct,34.51,27.71,4.14,31.61,0.248,74.55716705322266,35.156856536865234,47.15422821044922,34.43183517456055,14.581066131591797,42.34762954711914,48.14241,0.17908526957035065,0.11754031479358673,43.688114166259766,42.345096588134766,40.99176025390625,27.757715225219727,24.887300491333008,31.270519256591797,1071.0,6433.0,commune,02.533.07.,,
02.533.09.01.,Ahl Oued Za,Taourirt,Ahl Oued Za,25330901.0,Commune d'Ahl Oued Za,Taourirt Ahl Oued Za,0.503,direct,26.55,23.5,3.49,35.2,0.53,54.40915298461914,26.999298095703125,49.62271499633789,27.80204963684082,12.533842086791992,45.08243942260742,37.4506,0.14555911719799042,0.06125980615615845,45.54270553588867,41.078346252441406,31.961015701293945,14.912919044494629,22.055116653442383,25.05441856384277,1955.0,11931.0,commune,02.533.09.,,
02.533.09.07.,Gteter,Taourirt,Gteter,25330907.0,Commune de Gteter,Taourirt Gteter,0.522,direct,15.93,21.25,1.57,32.56,0.323,57.2192497253418,27.238067626953125,47.60297775268555,30.8503360748291,13.964581489562988,45.26557159423828,41.15462,0.16099168360233307,0.08612903952598572,44.4339485168457,42.35321807861328,36.231685638427734,20.33588981628418,23.346569061279297,18.01144027709961,1194.0,7303.0,commune,02.533.09.,,
02.533.09.11.,Melg El Ouidane,Taourirt,Melg El Ouidane,25330911.0,Commune de Melg El Ouidane,Taourirt Melg El Ouidane,0.544,direct,16.67,21.75,1.67,32.4,0.619,43.99272537231445,19.617267608642578,44.592071533203125,14.598628997802734,6.006281852722168,41.14278030395508,21.58766,0.08419671654701233,0.0467730313539505,41.32466125488281,37.42778015136719,20.374448776245117,12.496875762939453,16.715614318847656,11.797050476074219,1471.0,8176.0,commune,02.533.09.,,
03.061.01.01.,Meknès (Mun.),Meknès,Meknès (M),30610101.0,Commune de Meknès,Meknès Meknès (M),0.715,direct,7.18,12.81,0.7,44.36,,7.029567718505859,2.7567124366760254,39.21595764160156,1.4169578552246094,0.5084632635116577,35.8841438293457,1.883833,0.012329954653978348,0.009840227663516998,36.132667541503906,35.0911750793457,3.41241192817688,2.8041887283325195,3.706975221633911,2.0582144260406494,126319.0,520428.0,commune,03.061.01.,,
03.061.01.03.,Al Machouar - Stinia (Mun.),Meknès,Al Machouar - Stinia (M),30610103.0,Commune d'Al Machouar-Stinia,Meknès Al Machouar - Stinia (M),0.721,direct,5.85,12.3,0.55,38.34,,4.663546562194824,1.8261525630950928,39.158016204833984,1.9870409965515137,0.7403408288955688,37.258453369140625,2.592348,0.019318455830216408,0.00999011006206274,37.42445755004883,35.4385986328125,5.161986827850342,2.818991184234619,7.624189853668213,2.2255191802978516,1264.0,4664.0,commune,03.061.01.,,
03.061.01.05.,Boufakrane (Mun.),Meknès,Boufakrane (M),30610105.0,Commune de Boufakrane,Meknès Boufakrane (M),0.686,direct,9.13,14.32,0.94,40.76,,15.255443572998047,6.362759113311768,41.708126068115234,1.2363804578781128,0.44303634762763977,35.833335876464844,3.795314,0.011148890480399132,0.00805713515728712,35.6241455078125,34.37368392944336,3.1295881271362305,2.3439836502075195,3.948690176010132,4.962767601013184,2902.0,12941.0,commune,03.061.01.,,
03.061.01.07.,Toulal (Mun.),Meknès,Toulal (M),30610107.0,Commune de Toulal,"Khenifra Sidi Lamine 12,95 21,11 1,67 38,20 0,534 0,238687 Meknès Toulal (M)",0.697,direct,11.96,17.91,1.2,42.01,,13.593705177307129,5.670260429382324,41.712398529052734,1.7560412883758545,0.6537832021713257,37.23051452636719,2.5790189999999997,0.013905634172260761,0.01050523016601801,37.46861267089844,35.123172760009766,3.711275339126587,2.9909684658050537,5.766105651855469,1.3584903478622437,4434.0,19077.0,commune,03.061.01.,,
03.061.01.09.,Moulay Driss Zerhoun (Mun.),Meknès,,,,Meknès Moulay Driss Zerhoun (M),0.672,direct,8.82,15.08,0.86,43.49,,,,,,,,,0.012834157818966595,0.010063944061240457,36.09772935456695,35.05172848897381,3.5563087028712808,2.871320646137257,3.794258961708674,2.0082689564664813,3022.0,11615.0,commune,03.061.01.,imputed_cercle,imputed_cercle
03.061.01.11.,Ouislane (Mun.),Meknès,Ouislane (M),30610111.0,Commune d'Ouislane,Meknès Ouislane (M),0.633,direct,13.55,19.76,1.42,38.71,,13.468132972717285,5.571122169494629,41.365211486816406,1.889432430267334,0.6740479469299316,35.67462921142578,3.921056,0.015490592457354069,0.01159191969782114,35.59273147583008,34.881988525390625,4.352178573608398,3.3231821060180664,3.657149314880371,1.4071471691131592,19562.0,87910.0,commune,03.061.01.,,
03.061.03.01.,Ain Jemaa,Meknès,Ain Jemaa,30610301.0,Commune d'Ain Jemaa,Meknès Ain Jemaa,0.498,direct,29.58,30.0,3.56,38.39,0.309,45.050899505615234,20.291156768798828,45.04051208496094,23.32023048400879,9.492539405822754,40.705169677734375,28.472,0.10396416485309601,0.049916986376047134,41.32713856383168,39.76604144946031,25.15639033390718,12.552666953887684,27.062854293808186,19.84259466894083,2531.0,15265.0,commune,03.061.03.,,
03.061.03.02.,Ain Karma- Oued Rommane,Meknès,Ain Karma-Oued Rommane,30610302.0,Commune d'Ain Karma-Oued Rommane,,0.5075391740054661,imputed_cercle,38.01714090494989,25.28214546006681,5.585961129668995,40.12684634072275,0.4291796234436684,28.375234603881836,12.040831565856934,42.434295654296875,8.25101089477539,3.139500379562378,38.049888610839844,16.021162999999998,0.04648561775684357,0.02710368111729622,38.399229547899516,37.285585841519236,12.10587225575512,7.269211722215984,15.396296991928141,12.332593438106768,2663.0,13828.0,commune,03.061.03.,,
03.061.03.05.,Ain Orma,Meknès,Ain Orma,30610305.0,Commune d'Ain Orma,Meknès Ain Orma,0.599,direct,34.67,22.71,5.02,47.0,0.626,28.579116821289062,12.752660751342773,44.62230682373047,8.26895523071289,3.1727864742279053,38.36985778808594,10.754227,0.05355269834399223,0.0362791046500206,38.19728088378906,38.56421661376953,14.020029067993164,9.407452583312988,9.842632293701172,14.019548416137695,798.0,3495.0,commune,03.061.03.,,
03.061.03.07.,Ait Ouallal,Meknès,Ait Ouallal,30610307.0,Commune d'Ait Ouallal,Meknès Ait Ouallal,0.567,direct,21.73,23.76,2.78,43.11,0.633,27.44271469116211,11.496078491210938,41.89118957519531,5.272045135498047,1.964769721031189,37.267696380615234,10.731702000000002,0.03357306495308876,0.010142523795366287,37.672515869140625,34.97190192725599,8.911819458007812,2.9001922656032826,13.583489418029785,3.4891196369087636,1201.0,5330.0,commune,03.061.03.,,
03.061.03.09.,Dar Oum Soltane,Meknès,Dar Oum Soltane,30610309.0,Commune de Dar Oum Soltane,Meknès Dar Oum Soltane,0.452,direct,63.73,19.07,11.0,38.61,0.436,37.71879196166992,16.018037796020508,42.46699523925781,10.199714660644531,3.9061262607574463,38.296424865722656,16.96699,0.06350056082010269,0.026852451264858246,39.34929656982422,37.48432540893555,16.13766098022461,7.1636481285095215,20.1497859954834,9.201164245605469,1126.0,8840.0,commune,03.061.03.,,
03.061.05.01.,Dkhissa,Meknès,Dkhissa,30610501.0,Commune de Dkhissa,Meknès Dkhissa,0.537,direct,28.56,28.08,3.4,39.13,0.702,23.939706802368164,10.24040699005127,42.77582550048828,12.755777359008789,5.178888320922852,40.600337982177734,15.715424,0.04962312802672386,0.0229193102568388,40.20605728179344,37.40998574096965,12.34220178363633,6.126521909939631,17.311271370773266,7.2194255562845475,4143.0,19908.0,commune,03.061.05.,,
03.061.05.03.,Majjate,Meknès,Majjate,30610503.0,Commune de Majjate,Meknès Majjate,0.607,direct,18.48,23.2,2.16,41.61,0.668,20.023502349853516,8.459981918334961,42.25025939941406,4.837998867034912,1.8183821439743042,37.58542251586914,9.549569,0.026547156274318695,0.017056677490472794,37.995094299316406,37.50048828125,6.986995697021484,4.5483880043029785,10.348247528076172,6.132081031799316,1918.0,9074.0,commune,03.061.05.,,
03.061.05.05.,M'haya,Meknès,M'haya,30610505.0,Commune de M'haya,Meknès M'haya,0.544,fuzzy,27.6,25.55,4.05,41.97,0.803,35.51448440551758,15.466668128967285,43.55030822753906,11.056571006774902,4.288437366485596,38.78632354736328,21.952769999999997,0.05423250421881676,0.042953863739967346,38.81417999253126,38.40272869557379,13.972343502471022,11.185107123003938,15.158173824959936,12.840959905955179,4875.0,26395.0,commune,03.061.05.,,
03.061.05.07.,Oued Jdida,Meknès,Oued Jdida,30610507.0,Commune d'Oued Jdida,Meknès Oued Jdida,0.555,direct,20.28,27.41,2.28,38.36,0.674,23.44782066345215,9.739550590515137,41.53712463378906,8.429862976074219,3.1637094020843506,37.529788970947266,13.019864000000002,0.0467618964612484,0.026509970426559448,38.75632095336914,37.658516069942415,12.065617561340332,7.039568649715019,14.61667251586914,15.245657495480954,2970.0,14935.0,commune,03.061.05.,,
03.061.05.09.,Sidi Slimane Moul Al Kifane,Meknès,Sidi Slimane  Moul Al Kifane,30610509.0,Commune de Sidi Slimane Moul Al Kifane,Meknès Sidi Slimane Moul Al Kifa,0.631,fuzzy,15.31,20.97,1.82,41.43,0.735,21.783924102783203,9.172287940979004,42.10576248168945,6.39866828918457,2.3822109699249268,37.229793548583984,13.41579,0.033898789435625076,0.02225555293262005,37.90320764884789,36.98388984265891,8.943514666098432,6.017634603120668,14.246861641377086,8.966210107969681,4146.0,19151.0,commune,03.061.05.,,
03.061.07.01.,Charqaoua,Meknès,Charqaoua,30610701.0,Commune de Charqaoua,Meknès Charqaoua,0.438,direct,36.78,29.03,4.67,34.5,0.774,41.33573913574219,16.838146209716797,40.73508071899414,14.748461723327637,5.782764434814453,39.20927047729492,25.35501,0.08601761609315872,0.05875435471534729,41.29742431640625,42.181697845458984,20.82880973815918,13.928874015808105,26.728193283081055,37.72227096557617,909.0,5526.0,commune,03.061.07.,,
03.061.07.05.,MRhassiyine,Meknès,MRhassiyine,30610705.0,Commune de Mrhassiyine,Meknès MRhassiyine,0.571,direct,42.45,22.66,7.16,44.33,0.871,24.903425216674805,10.322059631347656,41.4483528137207,5.974253177642822,2.2719383239746094,38.02882385253906,8.995372000000001,0.040862951427698135,0.037121716886758804,38.1944465637207,37.93798828125,10.698662757873535,9.78484058380127,16.797901153564453,11.321691513061523,1835.0,8001.0,commune,03.061.07.,,
03.061.07.07.,N'zalat Bni Amar,Meknès,N'zalat Bni Amar,30610707.0,Commune de N'zalat Bni Amar,Meknès N'zalat Bni Amar,0.505,direct,52.37,21.74,9.29,42.73,0.745,32.65685272216797,14.018954277038574,42.928062438964844,10.435748100280762,4.108458995819092,39.36909103393555,17.79176,0.06730947643518448,0.037330739200115204,39.88886741318389,36.49270096701222,16.874251573299933,10.229644971749977,14.89820377464066,10.360125565827515,1932.0,8350.0,commune,03.061.07.,,
03.061.07.09.,Oualili,Meknès,Oualili,30610709.0,Commune d'Oualili,Meknès Oualili,0.567,direct,36.27,25.86,5.07,43.5,0.784,21.115306854248047,8.544443130493164,40.46563720703125,7.057011127471924,2.660503387451172,37.70014572143555,10.673926,0.04576842114329338,0.06044679880142212,38.77768325805664,41.28750228881836,11.802773475646973,14.640459060668945,19.35284996032715,23.68065643310547,2156.0,9735.0,commune,03.061.07.,,
03.061.07.11.,Sidi Abdallah Al Khayat,Meknès,,30610711.0,Commune de Sidi Abdellah Al Khayat,Meknès Sidi Abdallah Al Khayat,0.506,direct,34.73,26.34,4.71,40.54,0.527,,,,,,,,0.08793286234140396,0.05455590412020683,38.35362243652344,38.29424285888672,22.92687225341797,14.24650287628174,21.929277420043945,18.52648162841797,1948.0,11227.0,commune,03.061.07.,,
03.131.01.01.,Boulemane (Mun.),Boulemane,Boulemane (M),31310101.0,Commune de Boulemane,Boulemane Boulemane (M),0.656,direct,13.22,16.99,1.34,38.14,,10.651229858398438,4.515195846557617,42.39130783081055,1.9425675868988037,0.7022647857666016,36.151371002197266,5.053489,0.019417855888605118,0.014922556467354298,36.49324035644531,34.723201751708984,5.320945739746094,4.297574996948242,5.757319927215576,2.9383108615875244,1803.0,7104.0,commune,03.131.01.,,
03.131.01.02.,Imouzzer Marmoucha (Mun.),Boulemane,Imouzzer Marmoucha(M),31310102.0,Commune d'Imouzzer Marmoucha,Boulemane Imouzzer Marmoucha(M),0.607,direct,15.05,19.48,1.65,37.13,,10.572357177734375,4.040656566619873,38.21907043457031,3.231171131134033,1.1813310384750366,36.56045913696289,7.769063,0.02068319357931614,0.019814103841781616,35.97337341308594,35.347755432128906,5.749584197998047,5.605477333068848,5.583273887634277,4.557124614715576,1027.0,4213.0,commune,03.131.01.,,
03.131.01.03.,Missour (Mun.),Boulemane,Missour (M),31310103.0,Commune de Missour,Boulemane Missour (M),0.663,direct,13.26,16.63,1.33,39.8,,10.372811317443848,4.382254600524902,42.24751281738281,4.684925079345703,1.8816431760787964,40.16378402709961,5.546616,0.024359779432415962,0.012138896621763706,40.15739822387695,38.95029067993165,6.066075325012207,3.1165099143981934,4.704543590545654,3.5957632064819336,5923.0,25584.0,commune,03.131.01.,,
03.131.01.05.,Outat El Haj (Mun.),Boulemane,Outat El Haj (M),31310105.0,Commune d'Outat El Haj,Boulemane Outat El Haj (M),0.629,direct,20.92,22.97,2.29,36.3,,8.15038013458252,3.259674072265625,39.99413299560547,1.6963633298873901,0.6152876019477844,36.2709846496582,7.988037,0.013919400982558727,0.014142584055662155,36.03651428222656,34.33427810668945,3.8625824451446533,4.119085788726807,3.777153968811035,2.870168685913086,3523.0,16388.0,commune,03.131.01.,,
03.131.03.01.,Ait Bazza,Boulemane,Ait Bazza,31310901.0,Commune d'Ait Bazza,Boulemane Ait Bazza,0.473,direct,32.64,24.43,4.55,37.53,0.386,78.86553192138672,37.76594161987305,47.886497497558594,47.58037185668945,20.035720825195312,42.109214782714844,53.324209999999994,0.24876856803894043,0.19287998974323273,44.823848724365234,41.95402526855469,55.49915313720703,45.9741325378418,21.489002227783203,20.734251022338867,615.0,2955.0,commune,03.131.03.,,
03.131.03.03.,Ait El Mane,Boulemane,Ait El Mane,31310903.0,Commune d'Ait El Mane,Boulemane Ait El Mane,0.529,direct,27.36,22.69,3.69,36.85,0.297,57.333927154541016,26.0836181640625,45.49421310424805,26.933055877685547,11.229314804077148,41.69342803955078,34.60935,0.15974745154380798,0.13495343923568726,44.03910446166992,41.56565856933594,36.27400207519531,32.467533111572266,31.811105728149414,25.619834899902344,422.0,1927.0,commune,03.131.03.,,
03.131.03.05.,Almis Marmoucha,Boulemane,Almis Marmoucha,31310905.0,Commune d'Almis Marmoucha,Boulemane Almis Marmoucha,0.549,direct,33.43,25.02,4.75,36.01,0.659,39.140106201171875,17.38324737548828,44.412879943847656,13.327916145324707,5.293692588806152,39.71883773803711,29.29702,0.06345659494400024,0.058536943048238754,40.14567565917969,39.812068939208984,15.8065824508667,14.703315734863281,33.238521575927734,22.993019104003906,475.0,2461.0,commune,03.131.03.,,
03.131.03.07.,El Mers,Boulemane,El Mers,31310907.0,Commune d'El Mers,Boulemane El Mers,0.522,direct,31.4,24.44,4.19,37.81,0.305,59.2429084777832,26.26039695739746,44.3266487121582,32.53105545043945,14.434523582458496,44.37152099609375,39.324560000000005,0.17024673521518707,0.0772116556763649,44.36576461791992,39.84512710571289,38.37344741821289,19.377941131591797,21.797359466552734,21.465110778808594,1167.0,5152.0,commune,03.131.03.,,
03.131.03.09.,Enjil,Boulemane,Enjil,31310309.0,Commune d'Enjil,de la Boulemane Enjil,0.432,imputed_cercle,30.3253945825753,23.116298969072165,4.187898524358197,37.38455326460481,0.5006807560137457,48.95463562011719,23.641611099243164,48.29289627075195,30.069345474243164,13.86697006225586,46.116634368896484,35.456410000000005,0.16165179014205933,0.08352822065353394,46.350894927978516,40.828060150146484,34.87565612792969,20.458532333374023,19.308942794799805,19.731897354125977,1796.0,8364.0,commune,03.131.03.,,
03.131.03.11.,Guigou,Boulemane,Guigou,31310311.0,Commune de Guigou,Boulemane Guigou,0.472,direct,30.5,22.81,4.19,37.24,0.527,47.779991149902344,22.999980926513672,48.137264251708984,27.435094833374023,12.491530418395996,45.531211853027344,35.61905,0.08715678006410599,0.04515158385038376,41.12680601348715,38.08489050153049,21.192206915951935,11.855510843308524,14.416623909878268,10.753521330124249,4610.0,21607.0,commune,03.131.03.,,
03.131.03.13.,Serghina,Boulemane,Serghina,31310913.0,Commune de Serghina,Boulemane Serghina,0.543,direct,26.32,22.28,3.55,37.57,0.529,29.76769256591797,12.72285270690918,42.740474700927734,17.19167137145996,7.2225189208984375,42.01173400878906,22.71752,0.09303256869316101,0.03622714430093765,42.44823455810547,40.00688171386719,21.916711807250977,9.055228233337402,26.85531234741211,17.381553649902344,800.0,3746.0,commune,03.131.03.,,
03.131.03.15.,Skoura M'Daz,Boulemane,Skoura M'Daz,31310315.0,Commune de Skoura M'daz,Boulemane Skoura M'Daz,0.552,direct,30.45,21.59,4.6,39.36,0.633,43.762081146240234,19.33333396911621,44.17827606201172,22.24196434020996,9.4662504196167,42.56031799316406,29.70441,0.08373891562223434,0.04211830347776413,41.221564313419265,38.341062751621905,20.314346305474803,10.985168026480588,17.2890574497355,13.758591350163048,2082.0,8462.0,commune,03.131.03.,,
03.131.03.17.,Talzemt,Boulemane,Talzemt,31310917.0,Commune de Talzemt,Boulemane Talzemt,0.448,direct,29.02,25.68,3.35,33.43,0.36,67.89757537841797,32.39892578125,47.717350006103516,43.16455841064453,17.8498592376709,41.35304641723633,48.797450000000005,0.2556610703468323,0.21084783971309662,43.48164367675781,41.50874710083008,58.79747009277344,50.79600143432617,19.651899337768555,22.584228515625,618.0,3160.0,commune,03.131.03.,,
03.131.05.01.,Ksabi Moulouya,Boulemane,Ksabi-Moulouya,31310501.0,Commune de Ksabi-Moulouya,Boulemane Ksabi Moulouya,0.562,direct,22.03,21.16,2.7,37.26,0.452,36.641300201416016,16.36450958251953,44.661376953125,14.763519287109375,6.6583967208862305,45.10033416748047,23.033360000000002,0.09318406134843826,0.04018436372280121,45.224308013916016,40.94225311279297,20.604862213134766,9.814888000488281,17.420387268066406,17.675878524780273,1922.0,10614.0,commune,03.131.05.,,
03.131.05.03.,Ouizeght,Boulemane,Ouizeght,31310503.0,Commune d'Ouizeght,Boulemane Ouizeght,0.46,direct,20.79,20.98,2.49,36.47,0.376,55.3183479309082,25.74698257446289,46.54329299926758,31.93453025817871,14.719368934631348,46.09233093261719,38.74282,0.19084101915359497,0.08469408750534058,45.76200485229492,43.42671585083008,41.70294189453125,19.502761840820312,24.412328720092773,19.484346389770508,1065.0,5743.0,commune,03.131.05.,,
03.131.05.05.,Sidi Boutayeb,Boulemane,Sidi Boutayeb,31310505.0,Commune de Sidi Boutayeb,Boulemane Sidi Boutayeb,0.56,direct,20.86,20.54,2.6,36.0,0.673,17.937713623046875,8.223591804504395,45.84526443481445,14.137085914611816,6.603880882263184,46.713165283203125,18.43309,0.07778571546077728,0.054970696568489075,46.35934066772461,42.0240592956543,16.778865814208984,13.080767631530762,11.189310073852539,15.57678508758545,1992.0,9823.0,commune,03.131.05.,,
03.131.07.01.,El Orjane,Boulemane,El Orjane,31310701.0,Commune d'El Orjane,Boulemane El Orjane,0.483,direct,13.74,18.47,1.42,35.07,0.301,29.438823699951172,12.694762229919434,43.122520446777344,9.108527183532715,3.5163652896881104,38.605201721191406,23.96652,0.057644277811050415,0.03575136512517929,38.7297477722168,37.38127899169922,14.883721351623535,9.563976287841797,19.173126220703125,13.24941635131836,1332.0,7740.0,commune,03.131.07.,,
03.131.07.03.,Ermila,Boulemane,Ermila,31310703.0,Commune d'Ermila,Boulemane Ermila,0.579,direct,10.43,15.22,1.01,35.29,0.682,26.54266357421875,11.485910415649414,43.27339172363281,14.161248207092285,5.840919017791748,41.245792388916016,24.045489999999997,0.068899005651474,0.038708217442035675,41.850975036621094,41.24751663208008,16.46293830871582,9.38437557220459,15.565670013427734,15.984639167785645,1399.0,7690.0,commune,03.131.07.,,
03.131.07.05.,Fritissa,Boulemane,Fritissa,31310705.0,Commune de Fritissa,Boulemane Fritissa,0.475,direct,27.39,22.66,3.76,37.67,0.429,40.28029251098633,17.90149688720703,44.44232177734375,19.60285186767578,8.548880577087402,43.610389709472656,40.152609999999996,0.11079996079206467,0.06257538497447968,43.02882766723633,40.149696350097656,25.75016975402832,15.585518836975098,20.4921932220459,19.59625244140625,4053.0,29460.0,commune,03.131.07.,,
03.131.07.07.,Oulad Ali Youssef,Boulemane,Oulad Ali Youssef,31310707.0,Commune d'Oulad Ali Youssef,Boulemane Oulad Ali Youssef,0.416,direct,29.16,24.66,3.75,37.73,0.263,66.09686279296875,29.5963077545166,44.77717208862305,49.32847213745117,22.18385124206543,44.97169494628906,62.1607,0.2578025162220001,0.11827793717384338,46.4454460144043,40.148380279541016,55.50652313232422,29.460201263427734,25.095932006835938,24.824642181396484,906.0,5212.0,commune,03.131.07.,,
03.131.07.09.,Tissaf,Boulemane,Tissaf,31310709.0,Commune de Tissaf,Boulemane Tissaf,0.497,direct,31.33,22.39,4.4,40.16,0.424,52.48447036743164,28.20479965209961,53.739322662353516,35.8649787902832,18.27211570739746,50.946956634521484,40.98912,0.19369488954544067,0.08814751356840134,49.89748764038086,41.78911590576172,38.818565368652344,21.093414306640625,10.911588668823242,22.617305755615234,1689.0,10191.0,commune,03.131.07.,,
03.171.01.01.,Agourai (Mun.),El  Hajeb,Agourai (M),31710101.0,Commune d'Agourai,El Hajeb Agourai (M),0.615,direct,15.9,22.13,1.56,38.64,,21.894514083862305,9.367240905761719,42.78350830078125,3.9216864109039307,1.4637092351913452,37.32346725463867,4.278071000000001,0.028086403384804726,0.021238943561911583,37.83711242675781,34.96290588378906,7.422977447509766,6.074707984924316,8.654134750366211,4.612185001373291,3770.0,16651.0,commune,03.171.01.,,
03.171.01.03.,Ain Taoujdate (Mun.),El  Hajeb,Ain Taoujdate (M),31710103.0,Commune d'Ain Taoujdate,El Hajeb Ain Taoujdate (M),0.659,direct,9.05,14.77,0.92,40.75,,11.340112686157227,4.482931137084961,39.5316276550293,2.8669400215148926,1.0230094194412231,35.6829719543457,3.37778,0.020387522876262665,0.017272094264626503,36.2718391418457,35.988040924072266,5.620758056640625,4.799398422241211,4.959700107574463,2.288747549057007,6486.0,28288.0,commune,03.171.01.,,
03.171.01.05.,El Hajeb (Mun.),El  Hajeb,El Hajeb (M),31710105.0,Commune d'El Hajeb,El Hajeb El Hajeb (M),0.689,direct,7.5,13.07,0.75,42.27,,7.448768615722656,2.872581720352173,38.564517974853516,1.804960012435913,0.6605632305145264,36.597110748291016,1.9198449999999998,0.015567660331726074,0.008279743604362011,36.70309829711914,35.15547180175781,4.241511344909668,2.3551790714263916,4.73983097076416,2.181605339050293,8633.0,35282.0,commune,03.171.01.,,
03.171.01.07.,Sabaa Aiyoun (Mun.),El  Hajeb,Sabaa Aiyoun (M),31710107.0,Commune de Sabaa Aiyoun,El Hajeb Sabaa Aiyoun (M),0.615,direct,15.09,23.83,1.38,36.99,,19.938608169555664,8.50942325592041,42.678123474121094,3.729497194290161,1.3816477060317993,37.046485900878906,6.465973999999999,0.025673065334558487,0.020888615399599075,37.499229431152344,36.54180145263672,6.846291542053223,5.7163615226745605,7.889028549194336,5.678069591522217,5570.0,26277.0,commune,03.171.01.,,
03.171.03.01.,Ait Ouikhalfen,El  Hajeb,Ait Ouikhalfen,31710301.0,Commune d'Ait Ouikhalfen,El Hajeb Ait Ouikhalfen,0.479,direct,38.57,29.71,4.99,36.3,0.235,57.053218841552734,25.994783401489258,45.56234359741211,25.019485473632812,10.373546600341797,41.46186828613281,32.73579,0.14075806736946106,0.06406191736459732,43.79772186279297,38.734283447265625,32.13821792602539,16.538816452026367,22.707197189331055,20.7425594329834,676.0,3849.0,commune,03.171.03.,,
03.171.03.03.,Ait Yaazem,El  Hajeb,Ait Yaazem,31710303.0,Commune d'Ait Yaazem,El Hajeb Ait Yaazem,0.557,direct,34.11,27.77,4.33,39.89,0.55,32.87403106689453,13.95130443572998,42.43867874145508,9.35014820098877,3.5692293643951416,38.17296600341797,16.499319,0.05071621388196945,0.031071240082383156,38.82372038022585,39.09387745442721,13.063202751230316,7.947853175737955,15.822508923462598,13.331010009282302,3457.0,16091.0,commune,03.171.03.,,
03.171.03.05.,Jahjouh,El  Hajeb,Jahjouh,31710305.0,Commune de Jahjouh,El Hajeb Jahjouh,0.414,direct,23.5,26.21,2.84,40.78,0.376,38.815792083740234,17.15941047668457,44.20729446411133,13.842034339904785,5.573404788970947,40.264347076416016,19.518060000000002,0.05918902903795242,0.02491728588938713,40.056952512813716,37.75041016509905,14.776218999124959,6.600533997544074,14.281896809060015,10.56848514721349,1553.0,7485.0,commune,03.171.03.,,
03.171.03.07.,Ras Ijerri,El  Hajeb,Ras Ijerri,31710307.0,Commune de Ras Ijerri,,0.49916816480598836,imputed_cercle,32.9371907488564,27.922480726784173,4.1256741626947315,38.967775503022935,0.4177708006781613,42.964534759521484,18.621416091918945,43.341365814208984,12.488465309143066,4.948904514312744,39.627803802490234,17.37192,0.07188387215137482,0.040295589715242386,40.536766052246094,38.993106842041016,17.73300552368164,10.334029197692871,19.578590393066406,12.541007995605469,1342.0,6502.0,commune,03.171.03.,,
03.171.03.09.,Tamchachate,El  Hajeb,Tamchachate,31710309.0,Commune de Tamchachate,El Hajeb Tamchachate,0.443,direct,40.78,30.11,4.91,34.24,0.128,72.34400939941406,33.05361557006836,45.68949508666992,33.185611724853516,13.337099075317383,40.18940353393555,38.998920000000005,0.17564593255519867,0.0798240676522255,42.21665573120117,40.445709228515625,41.605838775634766,19.736103057861328,26.19916534423828,23.862998962402344,685.0,3836.0,commune,03.171.03.,,
03.171.05.01.,Ait Boubidmane,El  Hajeb,Ait Boubidmane,31710501.0,Commune d'Ait Boubidmane,El Hajeb Ait Boubidmane,0.555,direct,15.48,20.18,2.02,42.86,0.665,24.973142623901367,10.889825820922852,43.60615158081055,6.615490436553955,2.5377111434936523,38.36013412475586,13.946867000000001,0.038053132593631744,0.034075625240802765,38.172537734646546,35.59799261826607,9.968719358157148,9.572344666534342,14.809497677884366,7.912275007351556,4218.0,19501.0,commune,03.171.05.,,
03.171.05.03.,Ait Harz Allah,El  Hajeb,Ait Harz Allah,31710503.0,Commune d'Ait Harz Allah,El Hajeb Ait Harz Allah,0.668,direct,21.56,24.31,2.79,49.39,0.607,38.339595794677734,16.940061569213867,44.18424987792969,10.180745124816895,4.010410308837891,39.39210891723633,20.832449999999998,0.06287962943315506,0.03922960162162781,40.43327331542969,38.67519760131836,15.551457405090332,10.143348693847656,18.760604858398438,19.85875129699707,2663.0,13555.0,commune,03.171.05.,,
03.171.05.05.,Bitit,El  Hajeb,Bitit,31710505.0,Commune de Bitit,El Hajeb Bitit,0.553,direct,34.38,25.34,4.99,42.58,0.643,33.12826919555664,14.81125545501709,44.70881271362305,9.765297889709473,3.8197357654571533,39.11540603637695,19.049286999999996,0.05848545581102371,0.027273423969745636,40.17647933959961,37.95623016357422,14.557138442993164,7.185493469238281,19.411846160888672,12.539666175842285,2880.0,14316.0,commune,03.171.05.,,
03.171.05.07.,Laqsir,El  Hajeb,Laqsir,31710507.0,Commune de Laqsir,El Hajeb Laqsir,0.556,direct,29.5,26.78,3.69,40.54,0.563,33.61166000366211,14.518664360046387,43.1953239440918,8.551892280578613,3.301971673965454,38.61101150512695,16.534918,0.05450959876179695,0.032287534326314926,39.42713165283203,39.05231475830078,13.825403213500977,8.2677640914917,19.916948318481445,20.110544204711914,6579.0,32028.0,commune,03.171.05.,,
03.171.07.01.,Ait Bourzouine,El  Hajeb,Ait Bourzouine,31710701.0,Commune d'Ait Bourzouine,El Hajeb Ait Bourzouine,0.545,direct,26.44,27.66,3.21,41.43,0.444,41.92609405517578,18.886920928955078,45.04813003540039,12.124502182006836,4.796182155609131,39.55776596069336,22.005089999999996,0.08028042316436768,0.02455238066613674,40.11117935180664,36.903255462646484,20.014476776123047,6.653174877166748,17.87911605834961,12.016190528869629,1652.0,8289.0,commune,03.171.07.,,
03.171.07.03.,Ait Naamane,El  Hajeb,Ait Naamane,31710703.0,Commune d'Ait Naamane,El Hajeb Ait Naamane,0.575,direct,36.36,28.37,4.5,39.18,0.358,44.87843322753906,20.454030990600586,45.5765266418457,13.87347412109375,5.690326690673828,41.01587677001953,26.650699999999997,0.07051248848438263,0.03533283993601799,41.562828063964844,40.57734298706055,16.96527671813965,8.707529067993164,19.343585968017578,17.824825286865234,1194.0,6307.0,commune,03.171.07.,,
03.171.07.05.,Iqaddar,El  Hajeb,Iqaddar,31710705.0,Commune d'Iqaddar,El Hajeb Iqaddar,0.555,direct,36.96,26.45,5.1,42.69,0.517,43.12782669067383,19.7305850982666,45.74908447265625,12.289794921875,4.835035800933838,39.34187316894531,20.91683,0.06172413378953934,0.027902258560061455,39.69547653198242,37.7070426940918,15.549412727355957,7.399747371673584,19.8917293548584,13.259795188903809,1872.0,8759.0,commune,03.171.07.,,
03.231.01.01.,Agdal (Arrond.),Fès,,32310101.0,Arrondissement d'Agdal,Fès Agdal (AR),0.749,fuzzy,3.58,7.45,0.28,39.98,,,,,,,,,0.0061821541748940945,0.00552391679957509,34.96483612060547,34.407081604003906,1.7681061029434204,1.6054593324661255,2.1400034427642822,0.8377216458320618,37421.0,142407.0,commune,03.231.01.,,
03.231.01.03.,Méchouar Fès Jdid (Mun.),Fès,,32310103.0,Commune de Méchouar-Fès-El Jadid,Fès Méchouar Fès Jdid (M),0.684,direct,8.23,15.54,0.66,34.57,,,,,,,,,0.02109420858323574,0.021003715693950653,37.94902420043945,37.762508392333984,5.558564186096191,5.5620551109313965,11.30914306640625,9.150640487670898,5416.0,20560.0,commune,03.231.01.,,
03.231.01.05.,Saiss (Arrond.),Fès,,32310105.0,Arrondissement de Saiss,Fès Saiss (AR),0.7,fuzzy,7.76,14.13,0.64,39.88,,,,,,,,,0.011025626212358475,0.00966223981231451,35.59783172607422,34.88334655761719,3.0972745418548584,2.769871711730957,3.2271931171417236,1.37736177444458,48983.0,207345.0,commune,03.231.01.,,
03.231.01.07.,Fès-Médina (Arrond.),Fès,,32310107.0,Arrondissement de Fès-Médina,Fès Fès-Médina (AR),0.673,fuzzy,8.02,15.29,0.65,35.76,,,,,,,,,0.022097129374742508,0.019197402521967888,37.66375732421875,36.892852783203125,5.866947650909424,5.203556060791016,9.358365058898926,6.738517761230469,17342.0,70592.0,commune,03.231.01.,,
03.231.01.09.,Jnan El Ouard (Arrond.),Fès,,32310109.0,Arrondissement de Jnan El Ouard,Fès Jnan El Ouard (AR),0.609,fuzzy,16.02,22.64,1.48,34.25,,,,,,,,,0.030447756871581078,0.023967623710632324,36.307373046875,35.28398513793945,8.3861083984375,6.792777061462402,5.566361904144287,3.234135866165161,43333.0,201011.0,commune,03.231.01.,,
03.231.01.11.,El Mariniyine (Arrond.),Fès,,32310111.0,Arrondissement d'El Mariniyine,Fès El Mariniyine (AR),0.648,fuzzy,10.69,17.59,0.93,37.53,,,,,,,,,0.02123631350696087,0.016581853851675987,36.32464599609375,34.79899215698242,5.846254825592041,4.76503849029541,4.6362528800964355,2.2870497703552246,47898.0,209494.0,commune,03.231.01.,,
03.231.01.13.,Zouagha (Arrond.),Fès,,32310113.0,Arrondissement de Zouagha,,0.6712311763960661,imputed_cercle,9.772106023442731,16.005623526816734,0.8516771873838929,37.53346828142066,,,,,,,,,0.020670155063271523,0.014200065284967422,35.9940185546875,35.003753662109375,5.742663860321045,4.056726455688477,4.257604598999023,1.6306790113449097,57346.0,260663.0,commune,03.231.01.,,
03.231.81.01.,Oulad Tayeb,Fès,Oulad Tayeb,32310115.0,Commune d'Oulad Tayeb,Fès Oulad Tayeb,0.608,direct,11.06,16.9,1.04,34.43,0.727,20.678983688354492,8.515427589416504,41.17913818359375,6.879984378814697,2.5522351264953613,37.09652328491211,14.920054,0.03242987394332886,0.022838996723294258,36.60304286404917,36.396463320778125,8.859884442861967,6.275059146884152,6.9651135434520395,4.251269082255508,4626.0,24594.0,commune,03.231.81.,,
03.231.81.03.,Ain Bida,Fès,Ain Bida,32318103.0,Commune d'Ain Bida,Fès Ain Bida,0.625,direct,6.83,13.23,0.58,33.6,0.76,18.51473617553711,7.426320552825928,40.110321044921875,5.465949535369873,1.9499914646148682,35.675254821777344,12.35279,0.029150310903787613,0.024341901764273643,36.67024612426758,36.730072021484375,7.9493088722229,6.627240180969238,8.346134185791016,3.1188039779663086,1443.0,7843.0,commune,03.231.81.,,
03.231.81.05.,Sidi Harazem,Fès,Sidi Harazem,32318105.0,Commune de Sidi Harazem,Fès Sidi Harazem,0.559,direct,17.36,20.91,1.84,34.04,0.916,24.33920669555664,10.147455215454102,41.69180679321289,13.251301765441895,5.276857852935791,39.82142639160156,18.758907,0.042589303106069565,0.023425577208399773,38.20110885198904,36.725672998757425,11.148708745017183,6.378529068816203,15.209260444946832,10.108051659214077,1228.0,5622.0,commune,03.231.81.,,
03.271.01.01.,Azrou (Mun.),Ifrane,Azrou (M),32710101.0,Commune d'Azrou,"Errachidia Aghbalou N'Kerdous 9,49 9,90 1,41 51,01 0,618 0,51207 Ifrane Azrou (M)",0.69,direct,9.4,15.35,0.93,42.81,,8.44640827178955,3.3581104278564453,39.75785446166992,1.4551750421524048,0.5109485983848572,35.112518310546875,1.592837,0.01373206451535225,0.010464401915669441,35.48310470581055,34.778324127197266,3.8700289726257324,3.008886098861694,4.3028974533081055,1.7161624431610107,13854.0,54350.0,commune,03.271.01.,,
03.271.01.03.,Ifrane (Mun.),Ifrane,Ifrane (M),32710103.0,Commune d'Ifrane,Ifrane Ifrane (M),0.743,direct,3.83,8.05,0.35,43.34,,3.7838730812072754,1.4549827575683594,38.45220947265625,0.9566517472267151,0.3363228738307953,35.15625,1.136278,0.007469689939171076,0.002968864282593131,34.823848724365234,36.39219284057617,2.1449925899505615,0.8157970309257507,4.252615928649902,0.8143817186355591,3373.0,14659.0,commune,03.271.01.,,
03.271.03.01.,Ain Leuh,Ifrane,Ain Leuh,32710301.0,Commune d'Ain Leuh,Ifrane Ain Leuh,0.571,direct,17.86,22.49,2.2,45.79,0.423,54.79958724975586,25.991779327392578,47.43061065673828,29.72340202331543,12.893617630004883,43.37866973876953,35.616989999999994,0.08074799925088882,0.043741606175899506,39.86262555145068,37.9601069356731,20.256569049483176,11.523046479833548,13.35609341575422,15.10799405092228,2452.0,9669.0,commune,03.271.03.,,
03.271.03.03.,Ben Smim,Ifrane,Ben Smim,32710303.0,Commune de Ben Smim,Ifrane Ben Smim,0.581,direct,16.3,18.2,2.11,49.0,0.686,33.146427154541016,15.315604209899902,46.20589828491211,13.027894973754883,5.333056449890137,40.935672760009766,19.33925,0.07033401727676392,0.027819225564599037,40.73405838012695,39.0051155090332,17.26663589477539,7.132199287414551,16.752376556396484,10.75798225402832,1447.0,6506.0,commune,03.271.03.,,
03.271.03.05.,Oued Ifrane,Ifrane,Oued Ifrane,32710305.0,Commune d'Oued Ifrane,Ifrane Oued Ifrane,0.496,direct,20.07,24.85,2.51,42.71,0.313,70.42633056640625,33.3892936706543,47.41024398803711,40.42316436767578,18.436031341552734,45.60759353637695,47.1595,0.15722240507602692,0.1036449745297432,44.10145579227304,39.560918765597876,35.6501624482917,26.198829311794704,19.25034712209353,17.319688306031402,2358.0,10805.0,commune,03.271.03.,,
03.271.03.07.,Sidi El Makhfi,Ifrane,Sidi El Makhfi,32710307.0,Commune de Sidi El Makhfi,Ifrane Sidi El Makhfi,0.522,direct,19.14,25.31,2.36,41.18,0.315,64.34796142578125,29.833984375,46.36353302001953,31.38808822631836,13.206674575805664,42.075435638427734,38.803889999999996,0.12267943471670151,0.03973262757062912,41.53699611531631,38.88640836373074,29.53498078745267,10.217613486320086,21.305883761574947,19.934993819081225,3710.0,16709.0,commune,03.271.03.,,
03.271.03.09.,Tigrigra,Ifrane,Tigrigra,32710309.0,Commune de Tigrigra,,0.5155274737343046,imputed_cercle,20.718456455686933,23.993465607497164,2.612044697441154,43.572257751583265,0.42778092396676065,37.008018493652344,16.84026336669922,45.50436019897461,15.855317115783691,6.257113933563232,39.46382141113281,19.95462,0.08114001899957657,0.05696539580821991,40.28152847290039,40.31922149658203,20.143232345581055,14.128595352172853,19.046323776245117,15.82323932647705,2375.0,11031.0,commune,03.271.03.,,
03.271.03.11.,Timahdite,Ifrane,Timahdite,32710311.0,Commune de Timahdite,Ifrane Timahdite,0.437,direct,28.92,25.91,3.76,42.89,0.564,58.48781967163086,26.947975158691406,46.07451248168945,26.04619598388672,11.468146324157715,44.030025482177734,35.35024,0.1022627204656601,0.03339423984289169,41.57085999860368,38.015529356838904,24.599616399216742,8.784368022840864,18.239224091293586,14.12761501286365,2223.0,10945.0,commune,03.271.03.,,
03.271.81.01.,Dayat Aoua,Ifrane,Dayat-Aoua,32710105.0,Commune de Dayat-Aoua,Ifrane Dayat Aoua,0.418,direct,56.11,22.0,8.61,41.36,0.392,69.41691589355469,33.07918167114258,47.65290832519531,13.94357681274414,5.56288480758667,39.89568328857422,18.91616,0.07281307131052017,0.04625746235251427,41.59420394897461,40.34312057495117,17.50558090209961,11.466010093688965,31.814491271972656,23.10593605041504,2048.0,9854.0,commune,03.271.81.,,
03.271.81.03.,Tizguite,Ifrane,Tizguite,32710107.0,Commune de Tizguite,Ifrane Tizguite,0.535,direct,18.09,22.79,2.3,43.23,0.592,53.09846878051758,24.9345645904541,46.959102630615234,22.425886154174805,9.482319831848145,42.282920837402344,31.72079,0.12014609575271606,0.058555565774440765,43.12595748901367,40.31800842285156,27.859346389770508,14.523427009582518,26.344337463378906,16.582061767578125,2019.0,10693.0,commune,03.271.81.,,
03.451.01.01.,Bhalil (Mun.),Sefrou,Bhalil (M),34510101.0,Commune de Bhalil,Sefrou Bhalil (M),0.695,direct,4.2,10.03,0.3,35.34,,9.683794975280762,4.0074663162231445,41.38322067260742,2.964503049850464,1.0591788291931152,35.72871780395508,4.019401,0.020704466849565506,0.01482723094522953,37.71232986450195,35.580360412597656,5.490105628967285,4.1672515869140625,6.72210693359375,2.6820638179779053,3468.0,12997.0,commune,03.451.01.,,
03.451.01.03.,El Menzel (Mun.),Sefrou,El Menzel (M),34510103.0,Commune d'El Menzel,Sefrou El Menzel (M),0.674,direct,12.86,18.81,1.19,36.52,,6.209987163543701,2.3407490253448486,37.693302154541016,1.337131142616272,0.46417176723480225,34.71400451660156,3.5686020000000003,0.01374933123588562,0.010095176286995411,35.904502868652344,35.13817596435547,3.8294169902801514,2.8729937076568604,2.6821742057800293,2.8296759128570557,3142.0,12641.0,commune,03.451.01.,,
03.451.01.05.,Imouzzer Kandar (Mun.),Sefrou,Imouzzer-Kandar (M),34510105.0,Commune d'Immouzzer-Kandar,Sefrou Imouzzer Kandar (M),0.631,direct,13.47,18.84,1.27,38.76,,14.106622695922852,5.988561153411865,42.452125549316406,3.346405267715454,1.2630356550216675,37.74305725097656,4.1051459999999995,0.02294263057410717,0.014535817317664623,37.92375183105469,34.86777877807617,6.049673080444336,4.168839454650879,5.6732025146484375,5.521503925323486,4571.0,19125.0,commune,03.451.01.,,
03.451.01.07.,Ribate El Kheir (Mun.),Sefrou,Ribate El Kheir (M),34510107.0,Commune de Ribate El Kheir,Sefrou Ribate El Kheir (M),0.56,direct,30.06,24.42,3.83,37.29,,10.526315689086914,4.130007266998291,39.235069274902344,2.921321392059326,1.08562171459198,37.162010192871094,8.036092,0.021672610193490982,0.011147836223244667,37.131813049316406,34.18198776245117,5.836668968200684,3.2613189220428467,4.809128284454346,3.3969151973724365,3979.0,16739.0,commune,03.451.01.,,
03.451.01.09.,Sefrou (Mun.),Sefrou,Sefrou (M),34510109.0,Commune de Sefrou,Sefrou Sefrou (M),0.68,direct,7.32,13.56,0.62,37.94,,8.038215637207031,3.245805501937866,40.37968063354492,1.3692790269851685,0.4957854747772217,36.2077751159668,1.79207,0.01267781388014555,0.011101819574832916,36.52657699584961,35.105934143066406,3.47084641456604,3.162376880645752,4.698432445526123,2.7660329341888428,20236.0,79887.0,commune,03.451.01.,,
03.451.03.01.,Adrej,Sefrou,Adrej,34510301.0,Commune d'Adrej,Sefrou Adrej,0.509,direct,14.2,16.4,1.79,37.42,0.44,32.91592025756836,13.091334342956543,39.77204132080078,16.149795532226562,6.738833904266357,41.727054595947266,22.17673,0.08929848670959473,0.0480901375412941,42.041629791259766,38.63134765625,21.24049186706543,12.448474884033203,25.687536239624023,23.9901065826416,415.0,1709.0,commune,03.451.03.,,
03.451.03.03.,Ain Timguenai,Sefrou,Ain Timguenai,34510303.0,Commune d'Ain Timguenai,Sefrou Ain Timguenai,0.527,direct,37.63,24.61,5.5,34.7,0.477,35.18788146972656,14.422112464904785,40.986019134521484,5.110095500946045,1.828001618385315,35.77235794067383,12.879102999999999,0.030749976634979248,0.019586753100156784,36.98507389303255,35.793297757086144,8.314158593681185,5.472184296067744,8.00736321318934,4.956798563911388,1399.0,6519.0,commune,03.451.03.,,
03.451.03.05.,Bir Tam Tam,Sefrou,Bir Tam-Tam,34510305.0,Commune de Bir Tam-Tam,Sefrou Bir Tam Tam,0.51,direct,27.63,22.84,3.77,37.33,0.677,20.568252563476562,8.57468032836914,41.68891143798828,5.021332740783691,1.9144514799118042,38.12636184692383,9.742754,0.03608284890651703,0.023825353011488914,37.82492446899414,36.565364837646484,9.539437294006348,6.515825271606445,10.338037490844727,6.495024681091309,2049.0,9141.0,commune,03.451.03.,,
03.451.03.07.,Dar El Hamra,Sefrou,Dar El Hamra,34510307.0,Commune de Dar El Hamra,Sefrou Dar El Hamra,0.591,direct,10.51,16.09,1.02,36.67,0.409,38.26454544067383,15.761920928955078,41.19197082519531,27.476354598999023,11.666943550109863,42.46175765991211,35.075939999999996,0.15466512739658356,0.09155040234327316,43.366676330566406,39.91642761230469,35.66450881958008,22.93552017211914,21.154804229736328,25.19796371459961,949.0,4018.0,commune,03.451.03.,,
03.451.03.09.,Ighzrane,Sefrou,,34510309.0,Commune d'Irhzrane,Sefrou Ighzrane,0.514,direct,17.94,20.57,1.93,36.94,0.38,,,,,,,,0.14048758149147034,0.09317207336425781,43.081661224365234,38.801902770996094,32.60960006713867,24.012243270874023,24.735092163085938,15.835724830627441,2039.0,9626.0,commune,03.451.03.,,
03.451.03.11.,Mtarnagha,Sefrou,Mtarnagha,34510311.0,Commune de Mtarnagha,Sefrou Mtarnagha,0.577,direct,13.86,18.23,1.48,35.38,0.464,23.891626358032227,10.053261756896973,42.07859802246094,6.982872009277344,2.6643245220184326,38.1551399230957,19.235870000000002,0.05539696663618088,0.023805612698197365,39.9173698425293,36.994468688964844,13.877909660339355,6.434911251068115,20.092226028442383,6.7554240226745605,996.0,4554.0,commune,03.451.03.,,
03.451.03.13.,Oulad Mkoudou,Sefrou,Oulad Mkoudou,34510313.0,Commune d'Oulad Mkoudou,Sefrou Oulad Mkoudou,0.614,direct,18.9,20.89,2.13,36.8,0.617,20.500736236572266,8.973163604736328,43.769954681396484,7.274636745452881,2.871523141860962,39.47308349609375,11.084448,0.04925587400794029,0.03166893869638443,39.853023529052734,37.69438934326172,12.359381675720215,8.40149974822998,15.029248237609863,9.389911651611328,1504.0,6667.0,commune,03.451.03.,,
03.451.03.15.,Ras Tabouda,Sefrou,Ras Tabouda,34510315.0,Commune de Ras Tabouda,Sefrou Ras Tabouda,0.632,direct,14.47,18.12,1.56,35.72,0.815,15.316144943237305,6.402190208435059,41.800270080566406,4.696305274963379,1.7402421236038208,37.05555725097656,9.819895,0.03383079543709755,0.02107854187488556,36.75359344482422,36.78940963745117,9.204758644104004,5.729513645172119,7.154038906097412,6.145902633666992,1391.0,6388.0,commune,03.451.03.,,
03.451.03.17.,Tafajight,Sefrou,Tafajight,34510317.0,Commune de Tafajight,Sefrou Tafajight,0.504,direct,10.1,16.98,0.85,30.99,0.315,76.59989929199219,32.435001373291016,42.3433952331543,52.44548797607422,20.70647621154785,39.48189926147461,60.0236,0.2821318805217743,0.2439751923084259,42.44483947753906,40.05092239379883,66.47024536132812,60.9162483215332,11.667648315429688,6.370794773101807,325.0,1697.0,commune,03.451.03.,,
03.451.05.01.,Ain Cheggag,Sefrou,Ain Cheggag,34510501.0,Commune d'Ain Cheggag,Sefrou Ain Cheggag,0.513,direct,15.93,20.12,1.68,35.5,0.782,26.868375778198242,11.543920516967773,42.9647102355957,9.420080184936523,3.614956855773926,38.37501525878906,16.690871,0.03766437619924545,0.021354040130972862,37.709504768072556,38.66772563827211,9.988032360691319,5.5224451468359925,11.035204982072772,7.833874327954443,4048.0,20456.0,commune,03.451.05.,,
03.451.05.03.,Ait Sebaa Lajrouf,Sefrou,Ait Sebaa Lajrouf,34510503.0,Commune d'Ait Sebaa Lajrouf,Sefrou Ait Sebaa Lajrouf,0.494,direct,38.38,22.78,6.37,38.19,0.534,47.29597473144531,22.990556716918945,48.609962463378906,13.872666358947754,5.710141658782959,41.161094665527344,23.1801,0.06694912165403366,0.04573620483279228,41.61328887939453,38.388816833496094,16.08839988708496,11.913939476013184,19.666780471801758,15.12084674835205,3589.0,17466.0,commune,03.451.05.,,
03.451.07.01.,Aghbalou Aqorar,Sefrou,Aghbalou Aqorar,34510701.0,Commune d'Aghbalou Aqorar,Sefrou Aghbalou Aqorar,0.582,direct,16.58,19.7,1.82,36.51,0.611,45.27459716796875,20.3101749420166,44.859981536865234,13.309314727783203,5.506376266479492,41.372344970703125,19.75231,0.07331160455942154,0.05609513819217682,41.168914794921875,39.055904388427734,17.807514190673828,14.362780570983887,19.44415855407715,14.02406120300293,2102.0,9715.0,commune,03.451.07.,,
03.451.07.03.,Ahl Sidi Lahcen,Sefrou,Ahl Sidi Lahcen,34510703.0,Commune d'Ahl Sidi Lahcen,Sefrou Ahl Sidi Lahcen,0.547,direct,22.24,22.54,2.62,36.46,0.454,38.84688186645508,16.565847396850586,42.643959045410156,8.327502250671387,3.2656869888305664,39.2156867980957,16.351758,0.06111500412225723,0.029958873987197876,40.24577713012695,36.33787155151367,15.185444831848145,8.244531631469727,17.4947509765625,9.366236686706543,923.0,4287.0,commune,03.451.07.,,
03.451.07.05.,Azzaba,Sefrou,Azzaba,34510705.0,Commune d'Azzaba,Sefrou Azzaba,0.605,direct,25.74,21.6,3.62,35.52,0.866,20.660856246948242,8.409989356994629,40.70494079589844,7.666046142578125,2.918304681777954,38.067928314208984,11.1594,0.050762128084897995,0.030208218842744827,38.52899169921875,38.155784606933594,13.175046920776367,7.917074680328369,11.778398513793945,12.814234733581543,1451.0,6444.0,commune,03.451.07.,,
03.451.07.07.,Kandar Sidi Khiar,Sefrou,Kandar Sidi Khiar,34510707.0,Commune de Kandar Sidi Khiar,Sefrou Kandar Sidi Khiar,0.486,direct,20.73,22.72,2.32,35.05,0.516,56.26363754272461,25.896581649780273,46.02721405029297,27.394617080688477,11.681981086730957,42.643348693847656,34.89595,0.15049399435520172,0.1054060310125351,44.27439498901367,41.332061767578125,33.99120330810547,25.502243041992188,25.538990020751953,19.719133377075195,1702.0,9323.0,commune,03.451.07.,,
03.451.07.09.,Laanoussar,Sefrou,Laanoussar,34510709.0,Commune de Laanoussar,Sefrou Laanoussar,0.518,direct,21.29,22.44,2.31,35.9,0.294,57.31170654296875,28.284772872924805,49.35251998901367,27.07916831970215,11.592100143432617,42.80818557739258,33.596019999999996,0.13802951574325562,0.05933228135108948,43.28251266479492,40.49428176879883,31.890365600585938,14.65201473236084,27.420303344726562,24.165050506591797,1706.0,8501.0,commune,03.451.07.,,
03.451.07.11.,Sidi YoussefBen Ahmed,Sefrou,Sidi Youssef  Ben Ahmed,34510711.0,Commune de Sidi Youssef Ben Ahmed,Sefrou Sidi Youssef Ben Ahmed,0.582,direct,11.38,16.88,1.12,34.94,0.636,38.31924819946289,16.18362045288086,42.23365783691406,9.828506469726562,3.78983998298645,38.55967330932617,16.275689999999997,0.06235507130622864,0.028201432898640633,40.484947204589844,36.365821838378906,15.40203857421875,7.754928112030029,21.816858291625977,10.609354019165039,2696.0,12362.0,commune,03.451.07.,,
03.451.07.13.,Tazouta,Sefrou,Tazouta,34510713.0,Commune de Tazouta,Sefrou Tazouta,0.484,direct,20.79,21.51,2.42,36.21,0.443,55.460506439208984,24.748125076293945,44.62296676635742,21.294363021850586,9.111753463745117,42.78950881958008,29.72542,0.12676873803138733,0.06283274292945862,43.54048156738281,39.32638168334961,29.115142822265625,15.977249145507812,25.277019500732422,17.631851196289062,1354.0,6227.0,commune,03.451.07.,,
03.531.01.01.,Ghafsai (Mun.),Taounate,,35310101.0,Commune de Rhafsai,Taounate Ghafsai (M),0.707,direct,5.38,8.72,0.52,39.74,,,,,,,,,0.017729569226503372,0.010293993167579174,37.97231674194336,37.00154495239258,4.669077396392822,2.7820441722869873,7.07435941696167,8.29621410369873,1546.0,6361.0,commune,03.531.01.,,
03.531.01.03.,Karia Ba Mohamed (Mun.),Taounate,Karia Ba Mohamed (M),35310103.0,Commune de Karia Ba Mohamed,Taounate Karia Ba Mohamed (M),0.642,direct,21.8,18.48,3.21,44.14,,14.121699333190918,5.94463586807251,42.09575653076172,3.752265214920044,1.4692819118499756,39.157196044921875,7.771858,0.025497756898403168,0.020655661821365356,39.406005859375,37.00615310668945,6.470525741577148,5.581683158874512,8.399957656860352,5.787397861480713,4158.0,18762.0,commune,03.531.01.,,
03.531.01.05.,Taounate (Mun.),Taounate,Taounate (M),35310105.0,Commune de Taounate,Taounate Taounate (M),0.695,direct,11.38,13.05,1.39,43.98,,11.582822799682617,4.820722579956055,41.61958694458008,3.2147414684295654,1.2123602628707886,37.7125244140625,7.324860999999999,0.019524510949850082,0.019787747412919998,37.84937286376953,36.793739318847656,5.158476829528809,5.378020286560059,4.645288467407227,4.266281604766846,8583.0,37616.0,commune,03.531.01.,,
03.531.01.07.,Thar Es-souk (Mun.),Taounate,Thar Es-souk (M),35310107.0,Commune de Thar Es-Souk,Taounate Thar Es-souk (M),0.693,direct,9.48,14.52,0.85,42.98,,30.65764045715332,13.5495023727417,44.196170806884766,5.017367839813232,1.9972983598709106,39.80769348144531,18.87663,0.03381362929940224,0.031048884615302086,40.09661865234375,38.2716064453125,8.433037757873535,8.112772941589355,17.676572799682617,9.167625427246094,1165.0,5182.0,commune,03.531.01.,,
03.531.01.09.,Tissa (Mun.),Taounate,Tissa (M),35310109.0,Commune de Tissa,Taounate Tissa (M),0.659,direct,14.71,14.83,1.89,43.67,,21.50324058532715,9.446070671081543,43.928592681884766,4.850379943847656,1.8808000087738037,38.77634811401367,9.7829,0.0345243439078331,0.039192937314510345,39.27845764160156,37.22560119628906,8.78963851928711,10.52849006652832,11.46047306060791,9.398918151855469,2298.0,11195.0,commune,03.531.01.,,
03.531.03.01.,El Bibane,Taounate,El Bibane,35310301.0,Commune d'El Bibane,Taounate El Bibane,0.601,direct,10.2,13.02,1.41,43.29,0.659,16.68437957763672,7.02899694442749,42.12921142578125,8.059654235839844,3.2665224075317383,40.52931213378906,13.551253,0.05845541134476662,0.0698312371969223,41.39825439453125,39.83647537231445,14.120260238647461,17.52947235107422,27.288593292236328,26.61882781982422,1488.0,6303.0,commune,03.531.03.,,
03.531.03.03.,Galaz,Taounate,Galaz,35310303.0,Commune de Galaz,Taounate Galaz,0.521,direct,15.45,17.48,2.12,42.58,0.241,43.982460021972656,18.924259185791016,43.02683639526367,21.669647216796875,8.423559188842773,38.87261962890625,29.01156,0.13095444440841675,0.1409500688314438,40.83903121948242,41.098663330078125,32.066001892089844,34.295536041259766,24.86009407043457,20.277454376220707,3866.0,17333.0,commune,03.531.03.,,
03.531.03.05.,Kissane,Taounate,Kissane,35310305.0,Commune de Kissane,Taounate Kissane,0.546,direct,15.78,17.07,2.25,42.94,0.41,37.36143493652344,15.94750690460205,42.684410095214844,36.75877380371094,14.270600318908691,38.822296142578125,39.928349999999995,0.183881014585495,0.09940291941165924,40.97465133666992,38.724056243896484,44.876773834228516,25.66955184936523,15.571321487426758,20.998979568481445,3036.0,13390.0,commune,03.531.03.,,
03.531.03.07.,Oudka,Taounate,Oudka,35310307.0,Commune d'Oudka,Taounate Oudka,0.545,direct,8.61,11.45,1.14,42.0,0.24,40.99142074584961,17.964860916137695,43.825904846191406,19.55497932434082,7.7368340492248535,39.56452178955078,24.44651,0.11366193741559982,0.09708729386329651,41.27595138549805,39.48503112792969,27.537084579467773,24.58837890625,29.550270080566406,25.469316482543945,1888.0,8494.0,commune,03.531.03.,,
03.531.03.09.,Ouartzagh,Taounate,,,,Taounate Ourtzagh,0.616,fuzzy,15.93,16.29,2.3,45.1,0.286,,,,,,,,0.1391828984289626,0.10683183316886091,41.232941366227294,40.01174176370781,33.79717816061156,26.666041724211105,25.417818640271445,22.780008830206032,3193.0,14381.0,commune,03.531.03.,imputed_cercle,imputed_cercle
03.531.03.11.,Ratba,Taounate,Ratba,35310311.0,Commune de Ratba,Taounate Ratba,0.556,direct,6.56,8.85,0.84,43.48,0.303,51.794677734375,23.471967697143555,45.31733322143555,21.05794906616211,8.309723854064941,39.46122360229492,24.956899999999997,0.11853723973035812,0.09353100508451462,41.02836990356445,40.02533721923828,28.891530990600586,23.367948532104492,26.424962997436523,22.542802810668945,3649.0,16825.0,commune,03.531.03.,,
03.531.03.13.,Sidi Haj M'hamed,Taounate,Sidi Haj M'hamed,35310313.0,Commune de Sidi Haj M'hamed,Taounate Sidi Haj M'hamed,0.529,direct,9.29,12.35,1.21,41.02,0.202,64.39376831054688,29.444963455200195,45.726417541503906,38.86982345581055,15.401983261108398,39.62451934814453,45.13191,0.18503229320049286,0.12062183022499084,40.72719192504883,40.72407913208008,45.432125091552734,29.61928939819336,21.831438064575195,30.812183380126953,1798.0,9326.0,commune,03.531.03.,,
03.531.03.15.,Sidi Mokhfi,Taounate,,35310315.0,Commune de Sidi Mokhfi,Taounate Sidi Mokhfi,0.507,direct,13.82,16.29,1.86,42.35,0.288,,,,,,,,0.13490135967731476,0.10564283281564713,41.68056869506836,39.806419372558594,32.36552810668945,26.53914451599121,28.52515983581543,25.069673538208008,1845.0,8705.0,commune,03.531.03.,,
03.531.03.17.,Sidi YahyaBni Zeroual,Taounate,Sidi Yahya  Bni Zeroual,35310317.0,Commune de Sidi Yahia Bni Zeroual,Taounate Sidi Yahya Bni Zeroual,0.534,direct,12.51,15.78,1.65,41.53,0.385,46.1053352355957,20.54381561279297,44.55843734741211,23.11027717590332,8.933759689331055,38.65708541870117,29.024489999999997,0.13649797439575195,0.08850087225437164,41.08232879638672,39.62847137451172,33.22547149658203,22.33264923095703,27.083871841430664,19.56280517578125,3111.0,15452.0,commune,03.531.03.,,
03.531.03.19.,Tabouda,Taounate,Tabouda,35310319.0,Commune de Tabouda,Taounate Tabouda,0.528,direct,9.32,13.06,1.22,41.43,0.174,56.97392272949219,25.465923309326172,44.697509765625,35.94822311401367,13.889223098754883,38.63674545288086,41.81819,0.18302561342716217,0.12383963167667389,40.88294219970703,40.11560058593751,44.768211364746094,30.870691299438477,22.468393325805664,25.333364486694336,3408.0,16618.0,commune,03.531.03.,,
03.531.03.21.,Tafrant,Taounate,Tafrant,35310321.0,Commune de Tafrant,Taounate Tafrant,0.571,direct,15.3,18.25,2.03,42.68,0.207,46.13294219970703,19.983678817749023,43.317588806152344,21.276147842407227,8.46826457977295,39.80168151855469,27.804289999999998,0.12718971073627472,0.11122843623161316,41.84629440307617,39.47451400756836,30.39449691772461,28.17727851867676,30.176891326904297,16.71759605407715,2979.0,14246.0,commune,03.531.03.,,
03.531.03.23.,Timezgana,Taounate,Timezgana,35310323.0,Commune de Timezgana,Taounate Timezgana,0.567,direct,21.81,18.29,3.48,47.22,0.239,45.30067825317383,20.011211395263672,44.174198150634766,22.662626266479492,9.15436840057373,40.39411926269531,25.43901,0.12128301709890366,0.09864473342895508,42.008758544921875,40.676231384277344,28.870887756347656,24.251197814941403,27.862972259521484,24.201156616210934,3272.0,16172.0,commune,03.531.03.,,
03.531.05.01.,Bni Snous,Taounate,Bni Snous,35310501.0,Commune de Bni Snous,Taounate Bni Snous,0.546,direct,16.93,19.6,2.22,39.53,0.448,45.31215286254883,20.04184341430664,44.230613708496094,17.21711540222168,6.948385238647461,40.3574333190918,22.290300000000002,0.09627486765384674,0.053018320351839066,41.68441390991211,41.04173278808594,23.09613037109375,12.9181489944458,31.256383895874023,28.873071670532227,1667.0,8811.0,commune,03.531.05.,,
03.531.05.03.,Bouchabel,Taounate,Bouchabel,35310503.0,Commune de Bouchabel,Taounate Bouchabel,0.468,direct,17.1,21.44,2.24,38.65,0.328,69.81143188476562,31.865375518798828,45.64492416381836,39.43670654296875,16.526430130004883,41.906211853027344,46.8851,0.19776037335395813,0.1190914586186409,43.38213348388672,41.15458679199219,45.58567428588867,28.93759155273437,29.11589241027832,31.539775848388672,2765.0,16084.0,commune,03.531.05.,,
03.531.05.05.,Rhouazi,Taounate,Rhouazi,35310505.0,Commune de Rhouazi,Taounate Ghouazi,0.51,fuzzy,17.83,19.79,2.35,41.16,0.296,53.67529296875,24.209604263305664,45.10381317138672,31.806867599487305,13.489912033081055,42.411949157714844,38.24217,0.16491836309432983,0.11177796870470047,43.96769332885742,41.73905563354492,37.50898742675781,26.78018569946289,26.46977424621582,28.802345275878906,3190.0,18081.0,commune,03.531.05.,,
03.531.05.07.,Jbabra,Taounate,Jbabra,35310507.0,Commune de Jbabra,Taounate Jbabra,0.486,direct,13.03,18.0,1.7,38.74,0.149,77.432373046875,37.2486686706543,48.10477066040039,54.039371490478516,22.499820709228516,41.63597869873047,59.49161,0.2568099796772003,0.13331082463264465,43.072723388671875,41.52939987182617,59.62241744995117,32.10034942626953,18.152969360351562,24.420547485351562,3193.0,18592.0,commune,03.531.05.,,
03.531.05.09.,Loulja,Taounate,Loulja,35310509.0,Commune de Loulja,Taounate Loulja,0.468,direct,16.63,21.86,2.14,38.14,0.263,73.43627166748047,35.106807708740234,47.80581283569336,52.43795394897461,21.685678482055664,41.35492706298828,59.52543,0.2633039653301239,0.1346757560968399,44.07551193237305,40.45890426635742,59.73928451538086,33.28704833984375,17.228628158569336,31.2137393951416,2620.0,15956.0,commune,03.531.05.,,
03.531.05.11.,Mkansa,Taounate,Mkansa,35310511.0,Commune de Mkansa,Taounate Mkansa,0.484,direct,22.01,22.37,3.05,42.46,0.496,41.995155334472656,18.273263931274414,43.51279067993164,19.2701358795166,7.746346950531006,40.19871520996094,29.139189999999996,0.11021377891302109,0.0748387798666954,41.80180358886719,39.82438278198242,26.365795135498047,18.792200088500977,31.237314224243164,29.94352722167969,3746.0,23155.0,commune,03.531.05.,,
03.531.05.13.,Moulay Abdelkrim,Taounate,Moulay Abdelkrim,35310513.0,Commune de Moulay Abdelkrim,Taounate Moulay Abdelkrim,0.554,direct,15.95,19.26,2.11,39.82,0.229,38.891571044921875,16.98395538330078,43.670013427734375,23.809524536132812,9.606481552124023,40.347225189208984,27.218600000000002,0.14868928492069244,0.07013709098100662,41.87090301513672,39.67980194091797,35.5113639831543,17.675765991210938,29.897186279296875,28.031112670898438,1455.0,7392.0,commune,03.531.05.,,
03.531.05.15.,Moulay Bouchta,Taounate,Moulay Bouchta,35310515.0,Commune de Moulay Bouchta,Taounate Moulay Bouchta,0.514,direct,11.13,15.37,1.43,41.98,0.328,48.16889572143555,20.890722274780273,43.36973571777344,28.46588134765625,11.386430740356445,40.00027084350586,33.166070000000005,0.15094135701656342,0.08423928171396255,41.62929153442383,39.667198181152344,36.25844955444336,21.236509323120117,26.92548942565918,27.02492332458496,2947.0,14347.0,commune,03.531.05.,,
03.531.05.17.,Sidi El Abed,Taounate,Sidi El Abed,35310517.0,Commune de Sidi El Abed,Taounate Sidi El Abed,0.498,direct,17.64,20.69,2.37,39.19,0.396,66.74040985107422,30.19051170349121,45.2357292175293,36.74530029296875,15.417389869689941,41.95744323730469,46.008979999999994,0.19177663326263428,0.0888701006770134,42.993309020996094,42.90044021606445,44.60615921020508,20.715429306030273,29.956018447875977,37.969390869140625,2023.0,12505.0,commune,03.531.05.,,
03.531.07.01.,Ain Mediouna,Taounate,Ain Mediouna,35310701.0,Commune d'Ain Mediouna,Taounate Ain Mediouna,0.616,direct,15.77,16.52,2.27,43.4,0.648,18.619680404663086,7.669118881225586,41.1882438659668,10.627774238586426,4.10096549987793,38.58724594116211,17.42136,0.06417248398065567,0.0662233829498291,40.25457763671875,40.29365921020508,15.941661834716797,16.4351863861084,21.572607040405273,18.42303466796875,3270.0,15770.0,commune,03.531.07.,,
03.531.07.03.,Bni Oulid,Taounate,Bni Oulid,35310703.0,Commune de Bni Oulid,Taounate Bni Oulid,0.617,direct,9.7,11.87,1.32,44.1,0.396,38.42759704589844,16.91803741455078,44.02574920654297,20.176288604736328,7.940505504608154,39.355628967285156,28.487,0.11085819453001022,0.06380460411310196,40.44169616699219,41.26583480834961,27.411855697631836,15.461847305297852,21.086788177490234,21.61981201171875,2101.0,10324.0,commune,03.531.07.,,
03.531.07.05.,Bni Ounjel Tafraout,Taounate,Bni Ounjel Tafraout,35310705.0,Commune de Bni Ounjel Tafraout,Taounate Bni Ounjel Tafraout,0.559,direct,12.52,15.07,1.68,42.78,0.246,48.65230941772461,22.00701332092285,45.23323440551758,18.93134117126465,7.709311008453369,40.722476959228516,26.24679,0.11079192161560059,0.12414426356554031,41.73881912231445,43.60704040527344,26.544095993041992,28.46885871887207,25.869003295898438,25.429954528808594,1326.0,6962.0,commune,03.531.07.,,
03.531.07.07.,Bouadel,Taounate,Bouadel,35310707.0,Commune de Bouadel,Taounate Bouadel,0.64,direct,9.89,12.82,1.35,41.7,0.639,19.6041202545166,8.071401596069336,41.171966552734375,12.779879570007324,5.022951126098633,39.303585052490234,21.30574,0.08766951411962509,0.08680175244808197,41.4152717590332,40.857730865478516,21.16840171813965,21.2448787689209,25.76474380493164,19.197126388549805,2502.0,12684.0,commune,03.531.07.,,
03.531.07.09.,Bouhouda,Taounate,Bouhouda,35310709.0,Commune de Bouhouda,Taounate Bouhouda,0.551,direct,12.08,14.73,1.63,43.57,0.287,54.0957145690918,24.834070205688477,45.90764617919922,24.88946533203125,10.257746696472168,41.21320724487305,30.181070000000002,0.1383129209280014,0.11890105158090591,42.93903732299805,41.77921417302107,32.211463928222656,28.4593787803633,26.497941970825195,23.139521574648434,4976.0,26236.0,commune,03.531.07.,,
03.531.07.11.,Fennassa Bab El Hit,Taounate,Fennassa Bab El Hit,35310711.0,Commune de Fennassa Bab El Hit,Taounate Fennassa Bab El Hit,0.531,direct,13.84,16.64,1.93,41.78,0.215,53.53337478637695,24.091629028320312,45.00300979614258,29.039627075195312,12.456433296203613,42.89460372924805,36.411539999999995,0.16158021986484528,0.18048223853111267,45.3388671875,44.35508728027344,35.638343811035156,40.690311431884766,30.50698471069336,28.508398056030273,2187.0,11381.0,commune,03.531.07.,,
03.531.07.13.,Khlalfa,Taounate,Khlalfa,35310713.0,Commune de Khlalfa,Taounate Khlalfa,0.62,direct,5.21,7.82,0.62,40.41,0.403,37.985931396484375,16.83411979675293,44.31671905517578,11.620462417602539,4.655677318572998,40.064476013183594,13.85461,0.0701284408569336,0.053259722888469696,40.904075622558594,40.15327453613281,17.144609451293945,13.264104843139648,29.132892608642578,21.823101043701172,2917.0,14681.0,commune,03.531.07.,,
03.531.07.15.,Mezraoua,Taounate,Mezraoua,35310715.0,Commune de Mezraoua,Taounate Mezraoua,0.552,direct,8.51,12.08,1.1,39.56,0.506,26.451847076416016,11.196612358093262,42.32828140258789,13.538535118103027,5.351823329925537,39.530296325683594,21.06846,0.08016379177570343,0.05171544477343559,40.6786003112793,41.36698913574219,19.70662498474121,12.50162124633789,27.67824935913086,27.571002960205078,1611.0,8317.0,commune,03.531.07.,,
03.531.07.17.,Rghioua,Taounate,Rghioua,35310717.0,Commune de Rghioua,Taounate Rghioua,0.607,direct,9.22,12.19,1.2,40.82,0.474,13.59850025177002,5.637697696685791,41.458229064941406,9.696538925170898,3.7050209045410156,38.2097282409668,15.62723,0.06460408121347427,0.076567143201828,39.7230339050293,39.10584259033203,16.26363182067871,19.579463958740234,28.02276039123535,25.204805374145508,1035.0,4218.0,commune,03.531.07.,,
03.531.07.19.,Tamedit,Taounate,Tamedit,35310719.0,Commune de Tamedit,Taounate Tamedit,0.543,direct,15.52,17.58,2.18,42.16,0.213,50.42139434814453,22.80999183654785,45.23871612548828,24.780147552490234,10.18247127532959,41.091243743896484,30.130480000000006,0.1392127126455307,0.0799511969089508,42.455535888671875,40.98921203613281,32.79023742675781,19.50542449951172,25.025564193725586,27.16625785827637,2909.0,14669.0,commune,03.531.07.,,
03.531.07.21.,Zrizer,Taounate,Zrizer,35310721.0,Commune de Zrizer,Taounate Zrizer,0.658,direct,4.59,6.73,0.54,41.03,0.378,25.90118408203125,11.23224925994873,43.36577606201172,6.879575729370117,2.734999656677246,39.75535202026367,12.613636999999999,0.045681506395339966,0.030368700623512268,40.52507400512695,38.99299621582031,11.272405624389648,7.788244724273682,29.777833938598633,15.178452491760254,1728.0,7922.0,commune,03.531.07.,,
03.531.09.01.,Ain Aicha,Taounate,Ain Aicha,35310901.0,Commune d'Ain Aicha,Taounate Ain Aicha,0.567,direct,13.75,17.19,1.81,44.03,0.364,53.51313400268555,23.99980926513672,44.848445892333984,33.455299377441406,13.571077346801758,40.56480407714844,40.54344999999999,0.13924244046211243,0.07560678571462631,41.60273284508101,39.91003802104,33.46954072456724,18.944303500744983,21.169161506884738,27.473627978406604,4361.0,25417.0,commune,03.531.09.,,
03.531.09.03.,Ain Legdah,Taounate,Ain Legdah,35310903.0,Commune d'Ain Legdah,Taounate Ain Legdah,0.536,direct,16.28,19.59,2.15,39.66,0.518,41.284027099609375,17.98813819885254,43.5716667175293,19.69007110595703,8.154341697692871,41.41346740722656,26.84525,0.12134964764118195,0.11680831760168076,42.25779342651367,42.88728713989258,28.71651268005371,27.23611640930176,30.555068969726562,26.07084083557129,2014.0,11422.0,commune,03.531.09.,,
03.531.09.05.,Ain Maatouf,Taounate,Ain Maatouf,35310905.0,Commune d'Ain Maatouf,Taounate Ain Maatouf,0.536,direct,20.6,20.74,2.91,41.89,0.342,47.93551254272461,21.33950424194336,44.51710891723633,24.782264709472656,10.173089027404785,41.04987716674805,32.996860000000005,0.1478237509727478,0.10308513790369034,42.71121597290039,40.573856353759766,34.61005401611328,25.406787872314453,30.84916877746582,23.48907470703125,1854.0,10104.0,commune,03.531.09.,,
03.531.09.07.,Bouarouss,Taounate,Bouarouss,35310907.0,Commune de Bouarouss,Taounate Bouarouss,0.469,direct,14.92,19.75,1.93,38.71,0.054,77.16139221191406,35.9421501159668,46.58047866821289,38.13853454589844,15.573740005493164,40.834659576416016,42.86817,0.19492051005363464,0.11780784279108047,42.92224884033203,40.85314178466797,45.4124641418457,28.836912155151367,23.315149307250977,25.63883399963379,3166.0,18147.0,commune,03.531.09.,,
03.531.09.09.,El Bsabsa,Taounate,El Bsabsa,35310909.0,Commune d'El Bsabsa,Taounate El Bsabsa,0.48,direct,14.87,18.35,1.94,40.06,0.372,63.661373138427734,29.813961029052734,46.83210372924805,26.312509536743164,11.085477828979492,42.130069732666016,34.48842,0.1613113433122635,0.12246596813201904,42.66344451904297,40.60113525390625,37.81019973754883,30.163188934326172,33.02157211303711,30.858747482299805,1310.0,8019.0,commune,03.531.09.,,
03.531.09.11.,Messassa,Taounate,Messassa,35310911.0,Commune de Messassa,Taounate Messassa,0.515,direct,12.88,16.94,1.66,39.13,0.315,62.461830139160156,28.011184692382812,44.84528732299805,24.76581573486328,10.191909790039062,41.15313720703125,34.82112,0.16492415964603424,0.07042235136032104,42.476131439208984,39.33954620361328,38.827491760253906,17.901159286499023,33.6806640625,29.87187385559082,1642.0,9501.0,commune,03.531.09.,,
03.531.09.13.,Oued Jemaa,Taounate,Oued Jemaa,35310913.0,Commune d'Oued Jemaa,Taounate Oued Jemaa,0.506,direct,20.57,21.56,2.78,41.04,0.24,51.699249267578125,23.16402244567871,44.805335998535156,27.965179443359375,11.488937377929688,41.083011627197266,33.88467,0.159859761595726,0.11512769758701324,42.85622024536133,40.8046875,37.301414489746094,28.214330673217773,31.229597091674805,25.073707580566406,1586.0,9190.0,commune,03.531.09.,,
03.531.09.15.,Oulad Ayyad,Taounate,Oulad Ayyad,35310915.0,Commune d'Oulad Ayyad,Taounate Oulad Ayyad,0.608,direct,19.1,19.6,2.8,41.1,0.705,28.540918350219727,12.120304107666016,42.46641540527344,5.624085426330566,2.149394989013672,38.21767807006836,8.990173,0.04464306682348251,0.0300681721419096,39.800148010253906,39.562744140625,11.216809272766113,7.600122928619385,22.85176658630371,17.853118896484375,1764.0,9566.0,commune,03.531.09.,,
03.531.09.17.,Oulad Daoud,Taounate,Oulad Daoud,35310917.0,Commune d'Oulad Daoud,Taounate Oulad Daoud,0.527,direct,18.05,20.44,2.43,41.64,0.269,51.17076110839844,23.155929565429688,45.25226974487305,30.322256088256836,11.913044929504395,39.28812026977539,38.72613,0.1622372567653656,0.07547476887702942,41.47871780395508,42.38203048706055,39.113372802734375,17.80820083618164,22.958757400512695,34.620609283447266,2171.0,11978.0,commune,03.531.09.,,
03.531.09.19.,Outabouabane,Taounate,Outabouabane,35310919.0,Commune d'Outabouabane,Taounate Outabouabane,0.55,direct,17.77,20.83,2.39,39.81,0.358,51.14888000488281,22.361480712890625,43.71841812133789,20.769075393676758,8.587549209594727,41.34777069091797,25.26378,0.12135303765535355,0.07739602029323578,42.67055130004883,41.36650848388672,28.439529418945312,18.709827423095703,34.375,30.70001220703125,1692.0,9856.0,commune,03.531.09.,,
03.531.09.21.,Ras El Oued,Taounate,Ras El Oued,35310921.0,Commune de Ras El Oued,Taounate Ras El Oued,0.517,direct,14.78,17.99,1.97,40.21,0.251,52.00952911376953,23.498512268066406,45.18116760253906,25.75104522705078,10.502669334411621,40.78540802001953,32.88122,0.15327247977256775,0.09872838854789734,42.53884506225586,40.22399139404297,36.03118133544922,24.544652938842773,32.8812255859375,26.357864379882812,2657.0,15778.0,commune,03.531.09.,,
03.531.09.23.,Sidi M'HamedBen Lahcen,Taounate,Sidi M'Hamed  Ben Lahcen,35310923.0,Commune de Sidi M'hamed Ben Lahcen,Taounate Sidi M'Hamed Ben Lahcen,0.506,direct,17.38,20.97,2.28,39.47,0.291,66.36124420166016,30.121994018554688,45.39094543457031,29.787460327148438,12.026803970336914,40.37539291381836,35.28285,0.16322174668312073,0.11618968099355698,43.02890396118164,41.612342834472656,37.933048248291016,27.921926498413086,31.6896915435791,28.490530014038086,3051.0,18820.0,commune,03.531.09.,,
03.561.01.01.,Aknoul (Mun.),Taza,Aknoul (M),35610101.0,Commune d'Aknoul,Taza Aknoul (M),0.665,direct,3.37,6.33,0.3,37.58,,13.13330078125,5.321910858154297,40.52226638793945,2.725414514541626,1.0472657680511475,38.42593002319336,2.953206,0.021235521882772446,0.019085800275206566,38.31967544555664,36.254791259765625,5.541676044464111,5.264352321624756,7.767431259155273,3.6986613273620605,1038.0,4403.0,commune,03.561.01.,,
03.561.01.05.,Oued Amlil (Mun.),Taza,,35610105.0,Commune d'Ouad Amlil,Taza Oued Amlil (M),0.715,direct,5.8,10.47,0.51,41.67,,,,,,,,,0.013193444348871708,0.0203191377222538,34.75387191772461,35.006656646728516,3.7962517738342285,5.80436372756958,3.700144052505493,1.7203599214553835,2154.0,10405.0,commune,03.561.01.,,
03.561.01.07.,Tahla (Mun.),Taza,Tahla (M),35610107.0,Commune de Tahla,Taza Tahla (M),0.69,direct,6.6,12.41,0.6,37.57,,7.179886817932129,2.812100648880005,39.16636657714844,1.5801435708999634,0.5637930035591125,35.67985916137695,3.958154,0.0169057734310627,0.016142917796969414,35.69010925292969,34.68107604980469,4.736823081970215,4.6546759605407715,4.148778915405273,2.636441707611084,6242.0,27729.0,commune,03.561.01.,,
03.561.01.11.,Taza (Mun.),Taza,Taza (M),35610111.0,Commune de Taza,Taza Taza (M),0.719,direct,5.41,9.3,0.51,41.13,,7.161881923675537,2.7901618480682373,38.95850372314453,1.4445736408233643,0.5155683159828186,35.689998626708984,1.9344089999999998,0.01199390646070242,0.011636595241725445,35.8216552734375,34.7099494934082,3.3482279777526855,3.352524518966675,3.7392966747283936,2.3449883460998535,34425.0,148456.0,commune,03.561.01.,,
03.561.03.01.,Ajdir,Taza,Ajdir,35610301.0,Commune d'Ajdir,Taza Ajdir,0.589,fuzzy,14.34,15.0,2.07,43.77,0.386,41.893341064453125,18.537242889404297,44.248661041259766,14.163531303405762,5.780464172363281,40.81230926513672,15.985809999999999,0.08883511275053024,0.05406694859266281,40.7071259761711,39.63226676371033,21.8229873008123,13.642154316109734,22.75308320343506,22.211928029328188,2204.0,10214.0,commune,03.561.03.,,
03.561.03.03.,Bourd,Taza,Bourd,35610303.0,Commune de Bourd,Taza Bourd,0.52,direct,17.62,17.43,2.59,43.26,0.359,50.64591598510742,23.286882400512695,45.97978210449219,11.844913482666016,4.707796573638916,39.74530029296875,15.322618,0.07546834647655487,0.06057430058717728,40.64495849609375,40.826377868652344,18.56770133972168,14.83704948425293,25.077068328857422,26.200685501098633,1668.0,8434.0,commune,03.561.03.,,
03.561.03.05.,Gzenaya Al Janoubia,Taza,Gzenaya Al Janoubia,35610305.0,Commune de Gzenaya Al Janoubia,Taza Gzenaya Al Janoubia,0.53,direct,23.42,20.53,3.4,43.28,0.25,55.843170166015625,25.21875762939453,45.15996551513672,21.90802001953125,9.379647254943848,42.813758850097656,27.224239999999998,0.1304272562265396,0.06309152394533157,44.18873596191406,40.938941955566406,29.51595115661621,15.411127090454102,28.892019271850586,27.904972076416016,1983.0,9937.0,commune,03.561.03.,,
03.561.03.07.,Jbarna,Taza,Jbarna,35610307.0,Commune de Jbarna,Taza Jbarna,0.531,direct,21.53,19.46,3.18,42.88,0.446,35.9375,15.94971752166748,44.3818244934082,17.142858505249023,6.713471412658691,39.16191864013672,21.208741,0.10443631559610367,0.08612542599439621,41.9898567199707,40.50505065917969,24.871795654296875,21.26288604736328,31.684982299804688,24.183849334716797,544.0,2730.0,commune,03.561.03.,,
03.561.03.09.,Sidi Ali Bourakba,Taza,Sidi Ali Bourakba,35610309.0,Commune de Sidi Ali Bourakba,Taza Sidi Ali Bourakba,0.57,direct,10.44,12.53,1.41,43.14,0.42,36.16190719604492,15.997354507446289,44.23814010620117,15.489297866821289,6.190633296966553,39.9671630859375,17.630333,0.09763289988040924,0.052225470542907715,41.23128128051758,39.593597412109375,23.6793270111084,13.190382957458496,21.774093627929688,24.528915405273438,1682.0,8083.0,commune,03.561.03.,,
03.561.03.11.,Tizi Ouasli,Taza,Tizi Ouasli,35610311.0,Commune de Tizi Ouasli,Taza Tizi Ouasli,0.528,direct,14.27,16.19,1.9,43.64,0.294,47.085201263427734,21.11443328857422,44.84303665161133,20.878679275512695,8.812531471252441,42.208282470703125,23.34208,0.09701627492904663,0.054461777210235596,41.15597827392523,38.7149094335942,23.572827441736525,14.067390927423805,24.943515324021593,17.80519293843218,1498.0,6639.0,commune,03.561.03.,,
03.561.07.01.,Bni Frassen,Taza,Bni Frassen,35610701.0,Commune de Bni Frassen,Taza Bni Frassen,0.551,direct,17.36,19.76,2.41,41.31,0.242,58.72777557373047,26.3760986328125,44.9124755859375,35.53715515136719,14.268167495727539,40.14999771118164,43.023649999999996,0.18444852530956268,0.09992469847202301,42.412841796875,42.037841796875,43.48883819580078,23.770177841186523,24.34162712097168,27.992992401123043,4216.0,23429.0,commune,03.561.07.,,
03.561.07.03.,Bouchfaa,Taza,Bouchfaa,35610703.0,Commune de Bouchfaa,Taza Bouchfaa,0.567,direct,13.8,16.42,1.83,40.38,0.723,29.374942779541016,12.383859634399414,42.157901763916016,15.376726150512695,6.386505603790283,41.53358840942383,22.335140000000003,0.10110758990049362,0.07178230583667755,42.873775482177734,41.56310272216797,23.582618713378906,17.270679473876953,20.07646369934082,16.16371726989746,1988.0,10724.0,commune,03.561.07.,,
03.561.07.05.,Bouhlou,Taza,Bouhlou,35610705.0,Commune de Bouhlou,Taza Bouhlou,0.596,direct,9.52,12.05,1.27,42.33,0.605,29.09601402282715,12.656155586242676,43.49789810180664,9.979423522949219,3.984402894973755,39.92618179321289,18.678553,0.06045191362500191,0.03972548991441727,40.836551666259766,37.56025314331055,14.803383827209473,10.576470375061035,16.60951042175293,11.952940940856934,1594.0,8748.0,commune,03.561.07.,,
03.561.07.07.,Ghiata Al Gharbia,Taza,Ghiata Al Gharbia,35610707.0,Commune de Ghiata Al Gharbia,Taza Ghiata Al Gharbia,0.534,direct,19.74,18.91,2.81,41.94,0.359,39.95820236206055,17.570833206176758,43.97303009033203,20.201406478881836,8.569658279418945,42.42109680175781,26.59635,0.11052512377500534,0.06272625923156738,43.00418472290039,40.12438201904297,25.70101547241211,15.632953643798828,21.586074829101562,16.389196395874023,3876.0,23038.0,commune,03.561.07.,,
03.561.07.09.,Oulad Zbair,Taza,Oulad Zbair,35610709.0,Commune d'Oulad Zbair,Taza Oulad Zbair,0.522,direct,18.84,20.5,2.6,40.3,0.306,47.89009475708008,21.153701782226562,44.17135238647461,21.018009185791016,8.613601684570312,40.98200607299805,28.859289999999998,0.08649763464927673,0.05048847943544388,40.56748106991895,37.80158752662636,21.321913191477815,13.356179500022185,20.77534231288121,14.042554084198189,3189.0,17747.0,commune,03.561.07.,,
03.561.07.11.,Rbaa El Fouki,Taza,Rbaa El Fouki,35610711.0,Commune de Rbaa El Fouki,Taza Rbaa El Fouki,0.482,direct,34.87,24.09,5.57,39.91,0.088,71.81689453125,33.01103591918945,45.96555709838867,34.84042739868164,14.336816787719727,41.14994812011719,44.56885,0.1859135776758194,0.09343229234218597,42.816463470458984,40.173927307128906,43.421051025390625,23.256948471069336,24.48208236694336,26.96245765686035,1171.0,7144.0,commune,03.561.07.,,
03.561.09.01.,Ait Saghrouchen,Taza,Ait Saghrouchen,35610901.0,Commune d'Ait Saghrouchen,Taza Ait Saghrouchen,0.554,direct,25.62,22.53,3.8,41.27,0.285,40.21272277832031,16.738601684570312,41.62513732910156,18.843643188476562,7.622698783874512,40.45236587524414,25.563589999999998,0.1047663539648056,0.04897475242614746,41.26265335083008,40.204959869384766,25.39011573791504,12.18127155303955,22.772769927978516,19.221540451049805,3410.0,16085.0,commune,03.561.09.,,
03.561.09.03.,Bouyablane,Taza,Bouyablane,35610903.0,Commune de Bouyablane,Taza Bouyablane,0.37,direct,40.96,25.44,6.44,37.44,0.128,85.15415954589844,40.732051849365234,47.83331298828125,75.1037368774414,36.29092025756836,48.32106018066406,78.71366,0.43941912055015564,0.2070220559835434,52.45171356201172,42.19022750854492,83.77593231201172,49.068721771240234,11.535269737243652,25.6904296875,381.0,2410.0,commune,03.561.09.,,
03.561.09.07.,Matmata,Taza,Matmata,35610907.0,Commune de Matmata,Taza Matmata (AC),0.682,direct,10.28,16.45,1.06,39.78,,15.981404304504395,6.242539405822754,39.0612678527832,4.785894393920898,1.7976257801055908,37.560916900634766,8.952568000000001,0.03256480023264885,0.023027893155813217,38.23159032472422,36.83399414417112,8.517773184977786,6.251804753730355,12.516766999089262,12.460283158952238,2345.0,11928.0,commune,03.561.09.,,
03.561.09.09.,Smià,Taza,Smia,35610909.0,Commune de Smia,Taza Smià,0.624,direct,12.87,15.66,1.7,42.49,0.392,36.85639953613281,15.971107482910156,43.33333206176758,18.950908660888672,7.42509126663208,39.180667877197266,23.80956,0.09887171536684036,0.06596705317497253,40.390724182128906,37.7356071472168,24.478816986083984,17.481380462646484,18.84330940246582,9.97968864440918,1497.0,7435.0,commune,03.561.09.,,
03.561.09.11.,Tazarine,Taza,Tazarine,35610911.0,Commune de Tazarine,Taza Tazarine,0.574,direct,22.63,21.68,3.31,41.13,0.174,64.27128601074219,29.422801971435547,45.779075622558594,61.913841247558594,28.17596435546875,45.50835037231445,68.12816000000001,0.33807769417762756,0.18522167205810547,48.51082229614258,42.011173248291016,69.69119262695312,44.08866882324219,23.827678680419922,22.463054656982422,467.0,2623.0,commune,03.561.09.,,
03.561.09.13.,Zrarda,Taza,Zrarda,35610913.0,Commune de Zrarda,Taza Zrarda,0.573,direct,20.58,21.44,2.95,41.14,0.286,44.08817672729492,18.826541900634766,42.702022552490234,27.148786544799805,11.065007209777832,40.75691223144531,33.29383000000001,0.07524175941944122,0.04044340178370476,38.57600043139363,37.013642074593136,19.50481088262775,10.926620034655596,14.098821050116198,10.690948181887904,2014.0,9249.0,commune,03.561.09.,,
03.561.11.01.,Bni Ftah,Taza,Bni Ftah,35611101.0,Commune de Bni Ftah,Taza Bni Ftah,0.574,direct,14.27,16.74,1.93,41.35,0.31,43.8277587890625,19.245166778564453,43.91090774536133,19.388221740722656,7.945884704589844,40.98304748535156,25.40175,0.10922856628894806,0.12807953357696533,41.39766311645508,40.32955551147461,26.38520050048828,31.758230209350586,31.09259033203125,26.46173095703125,1856.0,10919.0,commune,03.561.11.,,
03.561.11.03.,Brarha,Taza,Brarha,35611103.0,Commune de Brarha,Taza Brarha,0.487,direct,28.55,24.38,4.12,39.14,0.019,72.11251831054688,34.19194793701172,47.41471862792969,47.07228469848633,19.949596405029297,42.38077163696289,52.12007,0.2485380321741104,0.18891574442386627,44.50202560424805,42.14959716796875,55.84870147705078,44.82029724121094,22.07564926147461,23.739051818847656,1322.0,7429.0,commune,03.561.11.,,
03.561.11.05.,El Gouzate,Taza,El Gouzate,35611105.0,Commune d'El Gouzate,Taza El Gouzate,0.53,direct,18.72,20.4,2.58,41.77,0.292,48.70298385620117,21.83816146850586,44.839473724365234,21.8707218170166,9.24207878112793,42.25776672363281,27.634990000000002,0.13866499066352844,0.14453798532485962,43.06671142578125,41.197486877441406,32.19771957397461,35.08417510986328,33.019012451171875,27.54208755493164,1221.0,6575.0,commune,03.561.11.,,
03.561.11.07.,Kaf El Ghar,Taza,Kaf El Ghar,35611107.0,Commune de Kaf El Ghar,Taza Kaf El Ghar,0.522,direct,29.08,23.17,4.45,41.95,0.049,75.80973052978516,35.65213394165039,47.0284423828125,38.795654296875,16.423303604125977,42.33283996582031,44.66243,0.21601815521717072,0.17259342968463898,44.47690963745117,41.35319900512695,48.568607330322266,41.73641586303711,25.419546127319336,24.599233627319336,1717.0,8104.0,commune,03.561.11.,,
03.561.11.09.,Msila,Taza,Msila,35611109.0,Commune de Msila,Taza Msila,0.588,direct,16.73,17.81,2.33,45.15,0.303,51.383827209472656,23.402498245239258,45.54447937011719,20.356630325317383,8.380537986755371,41.16859436035156,25.85975,0.11700840294361115,0.11034861207008362,42.32563781738281,40.445594787597656,27.644805908203125,27.283222198486328,23.420297622680664,19.458696365356445,1632.0,8356.0,commune,03.561.11.,,
03.561.11.11.,Taifa,Taza,Taifa,35611111.0,Commune de Taifa,Taza Taifa,0.541,direct,14.04,17.81,1.82,40.11,0.201,48.660308837890625,21.645095825195312,44.48203659057617,27.47425651550293,11.31928539276123,41.199607849121094,33.195119999999996,0.1429729163646698,0.1554163247346878,42.251338958740234,39.31389236450195,33.83867263793945,39.53216552734375,28.79004669189453,21.086048126220703,1410.0,6992.0,commune,03.561.11.,,
03.561.11.13.,Tainaste,Taza,Tainaste,35611113.0,Commune de Tainaste,Taza Tainaste (AC),0.591,direct,38.99,23.62,6.64,41.1,,56.59662628173828,25.164581298828125,44.463043212890625,33.55363464355469,13.9309720993042,41.518516540527344,40.21559,0.15691708028316498,0.13163693249225616,42.90381720742245,40.46717525403728,36.574153486584336,32.529309133280016,26.20988738050899,21.554872895716795,2232.0,11530.0,commune,03.561.11.,,
03.561.11.15.,Traiba,Taza,Traiba,35611115.0,Commune de Traiba,Taza Traiba,0.585,direct,14.72,18.01,2.03,41.2,0.225,42.2024040222168,18.405658721923828,43.61282730102539,25.64448356628418,10.312582969665527,40.21364974975586,34.202670000000005,0.13735678791999817,0.13237646222114563,40.930973052978516,41.07228469848633,33.55815505981445,32.23011779785156,24.34052848815918,26.06134033203125,1217.0,6672.0,commune,03.561.11.,,
03.561.13.01.,Bab Boudir,Taza,Bab Boudir,35611301.0,Commune de Bab Boudir,Taza Bab Boudir,0.446,direct,19.6,20.39,2.7,41.16,0.308,49.80327606201172,21.914390563964844,44.00190353393555,30.49980354309082,12.689667701721191,41.605735778808594,42.66875999999999,0.15539595484733582,0.16621704399585724,42.1185188293457,41.14777755737305,36.89492416381836,40.395145416259766,26.662731170654297,22.470840454101562,851.0,5082.0,commune,03.561.13.,,
03.561.13.03.,Bab Marzouka,Taza,Bab Marzouka,35611303.0,Commune de Bab Marzouka,Taza Bab Marzouka,0.542,direct,23.0,20.25,3.49,42.59,0.318,41.98137664794922,18.448871612548828,43.945369720458984,13.871490478515625,5.6131510734558105,40.46537780761719,23.52052,0.08554115891456604,0.06331168115139008,42.12236785888672,40.66724395751953,20.307775497436523,15.568224906921387,23.628509521484375,16.84587287902832,3388.0,18520.0,commune,03.561.13.,,
03.561.13.05.,Bni Lent,Taza,Bni Lent,35611305.0,Commune de Bni Lent,Taza Bni Lent,0.52,direct,22.63,20.35,3.42,41.96,0.306,42.535457611083984,18.59636688232422,43.71968078613281,18.767908096313477,7.712980270385742,41.096641540527344,26.43692,0.10383542627096176,0.12118842452764511,42.618858337402344,41.067623138427734,24.363727569580078,29.50948143005371,30.785436630249023,25.25791358947754,2103.0,11866.0,commune,03.561.13.,,
03.561.13.07.,Galdamane,Taza,,35611307.0,Commune de Galdamane,Taza Galdamane,0.549,direct,24.82,20.4,3.77,48.03,0.373,,,,,,,,0.12345188856124878,0.06669572740793228,43.98910140991211,40.980804443359375,28.064199447631836,16.274869918823242,21.95679473876953,13.035991668701174,4093.0,21433.0,commune,03.561.13.,,
03.561.13.09.,Meknassa Acharqia,Taza,Meknassa Acharqia,35611309.0,Commune de Meknassa Acharqia,Taza Meknassa Acharqia,0.537,direct,14.3,17.52,1.98,41.79,0.211,40.533721923828125,16.817136764526367,41.4892463684082,24.368770599365234,10.04152774810791,41.20654296875,32.39202,0.1276024430990219,0.06331253796815872,42.045249938964844,41.04509353637695,30.34883689880371,15.425116539001465,27.425249099731445,24.278470993041992,1228.0,6020.0,commune,03.561.13.,,
03.561.13.11.,Meknassa Al Gharbia,Taza,Meknassa Al Gharbia,35611311.0,Commune de Meknassa Al Gharbia,Taza Meknassa Al Gharbia,0.565,direct,9.68,12.81,1.27,41.55,0.391,33.43980407714844,14.35981559753418,42.942283630371094,16.786632537841797,6.848043441772461,40.79462432861328,21.77383,0.09550128132104874,0.03898151218891144,40.60109329223633,39.314979553222656,23.5218505859375,9.915180206298828,27.429306030273438,18.923662185668945,750.0,3890.0,commune,03.561.13.,,
03.561.13.13.,Oulad Chrif,Taza,Oulad Chrif,35611313.0,Commune d'Oulad Chrif,Taza Oulad Chrif,0.47,direct,14.78,18.76,1.93,39.31,0.147,59.13401794433594,26.87890625,45.454219818115234,23.167695999145508,9.55396842956543,41.238319396972656,33.12759,0.13334055244922638,0.08336858451366425,42.5152473449707,40.57717514038086,31.36299705505371,20.545684814453125,31.395475387573242,30.596446990966797,1393.0,9237.0,commune,03.561.13.,,
03.561.13.15.,Maghraoua,Taza,Maghraoua,35611315.0,Commune de Maghraoua,Taza Maghraoua,0.46,direct,42.24,22.94,7.31,42.9,0.206,68.38362121582031,33.73054122924805,49.32546615600586,53.92491149902344,25.492307662963867,47.273712158203125,61.09961,0.3022712767124176,0.19274961948394775,49.08617401123047,42.10139465332031,61.579715728759766,45.78224182128906,18.466602325439453,23.193971633911133,1409.0,8204.0,commune,03.561.13.,,
03.591.01.01.,Moulay Yacoub (Mun.),Moulay Yacoub,Moulay Yacoub (M),35910101.0,Commune de Moulay Yacoub,Moulay Yacoub Moulay Yacoub (M),0.65,direct,5.36,11.76,0.38,32.84,,18.29944610595703,7.344937324523926,40.137489318847656,4.969217300415039,1.8946057558059692,38.1268424987793,6.31324,0.035168085247278214,0.015442975796759129,39.010841369628906,37.49257278442383,9.014951705932617,4.118942737579346,15.545294761657715,5.969162940979004,982.0,4612.0,commune,03.591.01.,,
03.591.03.01.,Ain Chkef,Moulay Yacoub,Ain Chkef,35910103.0,Commune d'Ain Chkef,Moulay Yacoub Ain Chkef,0.565,direct,17.06,20.28,1.89,35.5,0.753,25.84834098815918,10.73564338684082,41.533199310302734,6.605078220367432,2.4730224609375,37.44123077392578,12.201804000000001,0.0410274975001812,0.023879399523139,37.87550786970313,36.5493350774205,10.832197717206325,6.533470294907511,13.48250775634746,6.1004833767216216,10916.0,54477.0,commune,03.591.03.,,
03.591.03.03.,Mikkes,Moulay Yacoub,Mikkes,35910303.0,Commune de Mikkes,Moulay Yacoub Mikkes,0.485,direct,25.37,24.65,2.94,34.93,0.717,57.18113708496094,24.748918533325195,43.2816162109375,18.459516525268555,7.380340099334717,39.98122024536133,30.46328,0.1342950016260147,0.07342594861984253,41.7418212890625,40.34486389160156,32.17277145385742,18.19957733154297,33.50303649902344,32.02018737792969,995.0,6089.0,commune,03.591.03.,,
03.591.03.05.,Sebaa Rouadi,Moulay Yacoub,Sebaa Rouadi,35910305.0,Commune de Sebaa Rouadi,Moulay Yacoub Sebaa Rouadi,0.571,direct,17.66,21.06,1.9,35.06,0.705,29.846271514892578,12.627434730529785,42.30824661254883,8.577637672424316,3.434227466583252,40.036983489990234,20.07975,0.05250885710120201,0.03176645562052727,40.655818939208984,39.527339935302734,12.915459632873535,8.036578178405762,23.7131404876709,19.720096588134766,4125.0,23519.0,commune,03.591.03.,,
03.591.03.07.,Sebt Loudaya,Moulay Yacoub,Sebt Loudaya,35910307.0,Commune de Sebt Loudaya,Moulay Yacoub Sebt Loudaya,0.484,direct,22.44,22.04,2.67,37.45,0.647,68.52517700195312,31.081953048706055,45.35844039916992,14.167269706726074,5.671380043029785,40.03156661987305,23.2457,0.10118776559829712,0.09268225729465485,41.3369140625,39.51364517211914,24.478790283203125,23.455759048461914,40.15938186645508,28.564273834228516,1965.0,12423.0,commune,03.591.03.,,
03.591.05.01.,Ain Bou Ali,Moulay Yacoub,Ain Bou Ali,35910501.0,Commune d'Ain Bou Ali,Moulay Yacoub Ain Bou Ali,0.515,direct,20.58,23.21,2.25,34.58,0.267,55.660606384277344,24.71405029296875,44.401329040527344,25.118059158325195,9.951781272888184,39.620025634765625,35.45148,0.13002316653728485,0.13270743191242218,41.28605270385742,40.473323822021484,31.493242263793945,32.78886413574219,31.379253387451172,23.119699478149414,2035.0,12282.0,commune,03.591.05.,,
03.591.05.02.,Ain Kansra,Moulay Yacoub,,35910502.0,Commune d'Ain Kansara,Moulay Yacoub Ain Kansra,0.549,direct,13.09,18.55,1.29,35.04,0.646,,,,,,,,0.08154566586017609,0.04425964877009392,41.1444091796875,38.25484848022461,19.819379806518555,11.569683074951172,28.402896881103516,15.719808578491211,2232.0,12291.0,commune,03.591.05.,,
03.591.05.03.,Laajajra,Moulay Yacoub,Laajajra,35910503.0,Commune de Laajajra,Moulay Yacoub Laajajra,0.461,direct,33.44,25.84,4.31,34.76,0.499,65.84595489501953,30.16374397277832,45.80956268310547,23.825641632080078,9.704184532165527,40.730003356933594,36.38434,0.1408269703388214,0.0714707300066948,42.13747787475586,40.7691421508789,33.420833587646484,17.530593872070312,33.64189147949219,34.20952606201172,2302.0,14476.0,commune,03.591.05.,,
03.591.05.05.,Louadaine,Moulay Yacoub,Louadaine,35910505.0,Commune de Louadaine,Moulay Yacoub Louadaine,0.479,direct,32.08,24.3,4.36,37.47,0.369,67.70362091064453,31.220027923583984,46.11278533935547,15.025070190429688,6.045154571533203,40.233787536621094,21.36988,0.08758014440536499,0.07714000344276428,42.23588562011719,42.26526641845703,20.7359561920166,18.251394271850586,36.69584274291992,26.19566535949707,2035.0,11767.0,commune,03.591.05.,,
03.591.05.07.,Oulad Mimoun,Moulay Yacoub,Oulad Mimoun,35910507.0,Commune d'Oulad Mimoun,Moulay Yacoub Oulad Mimoun,0.461,direct,20.59,22.77,2.35,34.8,0.324,72.25593566894531,33.141700744628906,45.86709976196289,26.675203323364258,10.653483390808105,39.93777847290039,33.35464,0.1346919983625412,0.06017385423183441,41.01148223876953,41.44672775268555,32.84251022338867,14.51836109161377,35.317970275878906,37.136775970458984,1659.0,9372.0,commune,03.591.05.,,
03.591.05.09.,Sidi Daoud,Moulay Yacoub,Sidi Daoud,35910509.0,Commune de Sidi Daoud,Moulay Yacoub Sidi Daoud,0.453,direct,38.54,25.33,5.53,36.17,0.413,58.83824920654297,26.41788101196289,44.899166107177734,19.904470443725586,7.888967514038086,39.63414764404297,30.792839999999998,0.11084575206041336,0.09470970183610916,41.02031707763672,42.277549743652344,27.022159576416016,22.401889801025387,35.86249923706055,29.53838348388672,2092.0,12771.0,commune,03.591.05.,,
04.281.01.01.,Kénitra (Mun.),Kénitra,Kénitra (M),42810101.0,Commune de Kénitra,Kénitra Kénitra (M),0.702,direct,9.9,15.6,0.99,44.7,,10.7113037109375,4.282264709472656,39.97893524169922,1.5039279460906982,0.5430260896682739,36.10719299316406,2.417358,0.011429721489548683,0.006633687764406204,36.31892776489258,35.17342758178711,3.147042751312256,1.8859940767288208,3.9392294883728027,1.530194878578186,102177.0,431282.0,commune,04.281.01.,,
04.281.01.05.,Mehdya (Mun.),Kénitra,Mehdya (M),42810105.0,Commune de Mehdya,Kénitra Mehdya (M),0.606,direct,17.23,26.5,1.46,36.06,,13.058187484741211,5.282186031341553,40.45114517211914,1.6343064308166504,0.5888081789016724,36.02801513671875,2.518248,0.011675281450152397,0.00872582383453846,36.02730178833008,34.733402252197266,3.240676164627075,2.512228488922119,4.515295505523682,1.4839485883712769,6653.0,28636.0,commune,04.281.01.,,
04.281.01.11.,Souk El Arbaa (Mun.),Kénitra,Souk El Arbaa (M),42810111.0,Commune de Souk El Arbaa,Kénitra Souk El Arbaa (M),0.665,direct,12.47,17.96,1.34,41.14,,10.298076629638672,3.985650062561035,38.70285415649414,4.935153007507324,1.7525546550750732,35.51165771484375,7.916505999999999,0.031587183475494385,0.01627245545387268,35.885032653808594,35.80831527709961,8.802328109741211,4.544322967529297,4.24237060546875,2.805901050567627,14268.0,69265.0,commune,04.281.01.,,
04.281.03.01.,Ameur Seflia,Kénitra,Ameur Seflia,42810301.0,Commune d'Ameur Seflia,Kénitra Ameur Seflia,0.502,direct,30.21,28.64,3.54,39.99,0.624,54.45467758178711,25.183368682861328,46.2464714050293,26.49449920654297,11.344523429870605,42.81841278076172,34.31216,0.13342833518981934,0.08430828899145126,43.50254821777344,41.07719802856445,30.671384811401367,20.52435302734375,21.3049259185791,25.658485412597656,4882.0,28540.0,commune,04.281.03.,,
04.281.03.05.,Haddada,Kénitra,Haddada,42810305.0,Commune de Haddada,Inégalit é Kénitra Haddada,0.44,direct,59.22,23.82,8.8,34.23,0.38,71.91295623779297,34.28081512451172,47.66987609863281,23.914958953857422,10.081282615661621,42.15471267700195,31.236670000000004,0.1139032244682312,0.05391596630215645,42.27955627441406,40.603782653808594,26.94049644470215,13.278557777404785,20.675556182861328,17.74197769165039,2758.0,15898.0,commune,04.281.03.,,
04.281.03.11.,Ouled Slama,Kénitra,Ouled Slama,42810311.0,Commune d'Ouled Slama,Kénitra Oulad Slama,0.583,fuzzy,28.46,29.58,3.39,52.83,0.558,36.314002990722656,16.046478271484375,44.18812561035156,8.389778137207031,3.3102993965148926,39.456336975097656,13.66977,0.048186350613832474,0.044229649007320404,40.56395721435547,38.71063232421875,11.879104614257812,11.425710678100586,24.143062591552734,21.399885177612305,3135.0,19488.0,commune,04.281.03.,,
04.281.03.13.,Sidi Taibi,Kénitra,Sidi Taibi,42810113.0,Commune de Sidi Taibi,Kénitra Sidi Taibi,0.543,direct,24.85,24.48,3.19,43.3,0.684,43.03620910644531,18.5855770111084,43.18590545654297,10.182144165039062,4.074184417724609,40.01303482055664,13.842010000000002,0.033053070306777954,0.015417851507663727,38.16490961830039,37.21368595777633,8.660592169999768,4.143059427990762,15.843140076644387,7.981815814483983,11518.0,53449.0,commune,04.281.03.,,
04.281.05.03.,Ben Mansour,Kénitra,Ben Mansour,42810503.0,Commune de Ben Mansour,Kénitra Ben Mansour,0.484,direct,15.07,23.9,1.86,37.39,0.47,63.91843032836914,29.611614227294922,46.32719039916992,20.538328170776367,7.483128547668457,36.43494415283203,23.880149999999997,0.10039842873811722,0.05265527218580246,38.33251190185547,40.4059944152832,26.191455841064453,13.031549453735352,12.870471954345703,28.920221328735355,6698.0,43822.0,commune,04.281.05.,,
04.281.05.07.,Mnasra,Kénitra,Mnasra,42810507.0,Commune de Mnasra,Kénitra Mnasra,0.494,direct,19.47,26.22,2.35,38.38,0.434,55.9708366394043,25.909584045410156,46.29122543334961,10.340120315551758,3.8748018741607666,37.473472595214844,17.876089999999998,0.05975259840488434,0.038079846650362015,37.90018844604492,38.71536636352539,15.765778541564941,9.835847854614258,15.722210884094238,15.748889923095703,5360.0,34429.0,commune,04.281.05.,,
04.281.05.09.,Mograne,Kénitra,Mograne,42810509.0,Commune de Mograne,Kénitra Mograne,0.489,direct,23.97,28.97,2.79,36.68,0.739,37.86249542236328,16.182723999023438,42.74077606201172,11.971111297607422,4.5641770362854,38.12659454345703,27.438519999999997,0.06569481641054153,0.04304013401269913,39.171539306640625,38.88947677612305,16.771059036254883,11.067296028137207,22.13984489440918,19.916967391967773,5260.0,31292.0,commune,04.281.05.,,
04.281.05.11.,Sidi Mohamed Ben Mansour,Kénitra,Sidi Mohamed Ben Mansour,42810511.0,Commune de Sidi Mohamed Benmansour,,0.488571264252394,imputed_cercle,18.995275006161965,26.077462001223264,2.2796687145687082,37.49833544818017,0.5355277288370777,62.807518005371094,29.188282012939453,46.472591400146484,17.360315322875977,6.5792670249938965,37.8983154296875,23.23345,0.0899750366806984,0.05693613365292549,39.297889709472656,40.499088287353516,22.895641326904297,14.058621406555176,16.736032485961914,21.263559341430664,3149.0,19237.0,commune,04.281.05.,,
04.281.07.01.,Arbaoua,Kénitra,Arbaoua,42810701.0,Commune d'Arbaoua,Kénitra Arbaoua,0.53,fuzzy,13.62,22.09,1.65,39.51,0.501,49.41417694091797,22.195777893066406,44.9178352355957,11.737516403198242,4.534788131713867,38.634986877441406,15.813099999999999,0.06231975182890892,0.034351807087659836,39.28331444554462,39.39616750081381,15.864178926071723,8.719580786663956,20.55980401354195,19.055923826483063,6023.0,32690.0,commune,04.281.07.,,
04.281.07.03.,Beni Malek,Kénitra,Beni Malek,42810703.0,Commune de Beni Malek,Kénitra Beni Malek,0.519,direct,44.39,27.36,5.94,51.87,0.567,50.42049789428711,23.227901458740234,46.0683708190918,16.15066146850586,6.3410563468933105,39.26189422607422,26.37749,0.0983281061053276,0.06238048896193504,40.921173095703125,38.76875686645508,24.028661727905273,16.090402603149414,30.220706939697266,23.45454216003418,4306.0,26098.0,commune,04.281.07.,,
04.281.07.05.,Kariat Ben Aouda,Kénitra,Kariat Ben Aouda,42810705.0,Commune de Kariat Ben Aouda,Kénitra Kariat Ben Aouda,0.495,direct,20.61,27.71,2.39,38.04,0.563,50.12110900878906,21.948108673095703,43.7901496887207,10.805448532104492,4.247216701507568,39.306251525878906,18.01411,0.06205466017127037,0.030619703233242035,39.8609504699707,39.092384338378906,15.567782402038574,7.832651615142822,26.021467208862305,20.17825698852539,1924.0,11087.0,commune,04.281.07.,,
04.281.07.07.,Oued El Makhazine,Kénitra,Oued El Makhazine,42810707.0,Commune d'Oued El Makhazine,Kénitra Oued El Makhazine,0.575,direct,5.82,10.03,0.72,46.36,0.464,54.186546325683594,23.589906692504883,43.53462219238281,25.529865264892578,10.15613079071045,39.7813720703125,29.14947,0.14265069365501404,0.1178470104932785,42.2199592590332,40.75813674926758,33.78750228881836,28.913738250732422,32.32865524291992,26.629392623901367,1606.0,7266.0,commune,04.281.07.,,
04.281.09.01.,Bahhara Ouled Ayad,Kénitra,Bahhara Ouled Ayad,42810901.0,Commune de Bahhara Ouled Ayad,Kénitra Bahhara Oulad Ayad,0.436,fuzzy,35.69,30.05,4.59,35.66,0.442,74.38220977783203,34.96075439453125,47.001502990722656,19.463275909423828,7.458847999572754,38.32267379760742,26.96168,0.10645010322332382,0.0743243396282196,39.87654495239258,41.46921920776367,26.694915771484375,17.922773361206055,25.047080993652344,22.95340347290039,5297.0,31860.0,commune,04.281.09.,,
04.281.09.09.,Sidi Allal Tazi,Kénitra,Sidi Allal Tazi,42810909.0,Commune de Sidi Allal Tazi,Kénitra Sidi Allal Tazi,0.487,direct,42.3,29.42,5.24,34.72,0.769,32.753326416015625,13.469630241394043,41.12446594238281,9.023241996765137,3.4529175758361816,38.266929626464844,13.09433,0.04510555788874626,0.035714421421289444,38.698080342294794,38.389747912580795,11.655761539374193,9.303114112569482,18.825551428048694,9.069058915659868,3098.0,18055.0,commune,04.281.09.,,
04.281.09.13.,Sidi Mohamed Lahmar,Kénitra,Sidi Mohamed Lahmar,42810913.0,Commune de Sidi Mohamed Lahmar,Kénitra Sidi Mohamed Lahmar,0.45,direct,35.75,29.32,4.53,36.75,0.447,68.2042465209961,32.5888786315918,47.78130340576172,18.245811462402344,6.8833723068237305,37.72576904296875,24.366439999999997,0.10069689154624939,0.05279836803674698,39.28506088256836,40.10956573486328,25.632362365722656,13.163535118103027,19.113988876342773,27.617353439331055,6358.0,42637.0,commune,04.281.09.,,
04.281.09.15.,Souk Tlet El Gharb,Kénitra,Souk Tlet El Gharb,42810915.0,Commune de Souk Tlet El Gharb,Kénitra Souk Tlet El Gharb,0.514,direct,21.1,25.75,2.49,40.59,0.692,34.8010368347168,15.038366317749023,43.21240997314453,12.525494575500488,4.896150588989258,39.089481353759766,14.259089999999999,0.0705024003982544,0.03774844855070114,40.337677001953125,37.39335250854492,17.478052139282227,10.094962120056152,16.400638580322266,17.22528648376465,3614.0,22554.0,commune,04.281.09.,,
04.281.11.03.,Chouafaa,Kénitra,Chouafaa,42811103.0,Commune de Chouafaa,Kénitra Chouafaa,0.45,direct,40.52,27.15,5.4,38.41,0.351,63.88210678100586,30.767742156982422,48.16331481933594,15.883438110351562,6.242915630340576,39.304561614990234,19.52385,0.08915780484676361,0.06191379949450493,40.08294677734375,39.76949691772461,22.24332618713379,15.56816291809082,26.84501838684082,22.602388381958008,3072.0,18436.0,commune,04.281.11.,,
04.281.11.05.,Lalla Mimouna,Kénitra,Lalla Mimouna,42811105.0,Commune de Lalla Mimouna,Kénitra Lalla Mimouna,0.487,direct,34.77,28.72,4.27,37.38,0.533,51.128204345703125,23.061214447021484,45.10468673706055,10.832117080688477,4.096107006072998,37.8144645690918,18.540149999999997,0.05072569474577904,0.0329676978290081,37.92872305109207,37.217174184000875,13.373952966233386,8.858194671304824,15.457144345230205,9.884117469375889,5309.0,29479.0,commune,04.281.11.,,
04.281.11.07.,Moulay Bousselham,Kénitra,Moulay Bousselham,42811107.0,Commune de Moulay Bousselham,Kénitra Moulay Bousselham (AC),0.614,direct,24.52,26.5,2.28,43.43,,58.29151916503906,26.51565170288086,45.48800277709961,16.527849197387695,6.078431606292725,36.77690505981445,21.19727,0.06910353899002075,0.043492257595062256,37.75614092751109,37.677226754374885,18.302596792494572,11.543380912049976,14.437335599756437,15.18202763189849,5026.0,26608.0,commune,04.281.11.,,
04.281.11.11.,Sidi Boubker El Haj,Kénitra,Sidi Boubker El Haj,42811111.0,Commune de Sidi Boubker El Haj,Inégalit é Kénitra Sidi Boubker El Haj,0.558,direct,7.38,12.14,0.96,40.67,0.571,58.74296569824219,26.394969940185547,44.932987213134766,17.65497398376465,7.218542575836182,40.886741638183594,25.908140000000003,0.11255418509244919,0.06262455880641937,42.47651290893555,40.15011215209961,26.497982025146484,15.59760570526123,30.239055633544922,23.129344940185547,3149.0,19327.0,commune,04.281.11.,,
04.291.01.01.,Khémisset (Mun.),Khémisset,Khémisset (M),42910101.0,Commune de Khémisset,Khemisset Khémisset (M),0.646,direct,9.61,14.51,1.13,37.38,,11.364802360534668,4.674892425537109,41.134830474853516,2.78593373298645,1.0333808660507202,37.09280014038086,4.6676660000000005,0.01914190873503685,0.011172921396791935,37.422760009765625,35.21631622314453,5.115044593811035,3.172654867172241,5.33392333984375,1.9072930812835693,32066.0,131542.0,commune,04.291.01.,,
04.291.01.03.,Rommani (Mun.),Khémisset,Rommani (M),42910103.0,Commune de Rommani,Khemisset Rommani (M),0.701,direct,17.37,18.86,2.32,40.01,,7.095233917236328,2.937598943710327,41.40242385864258,1.911035180091858,0.7056825160980225,36.92671203613281,4.408297,0.015478030778467655,0.016004374250769615,35.844322204589844,35.253273010253906,4.318126201629639,4.539826393127441,2.626657009124756,2.1952035427093506,2838.0,12297.0,commune,04.291.01.,,
04.291.01.05.,Tiflet (Mun.),Khémisset,Tiflet (M),42910105.0,Commune de Tiflet,Khemisset Tiflet (M),0.638,direct,13.21,18.06,1.62,36.6,,13.214509010314941,5.656045436859131,42.801780700683594,2.819537878036499,1.0474599599838257,37.15005874633789,4.324968999999999,0.019717387855052948,0.012657859362661839,36.72224807739258,35.0118408203125,5.369330406188965,3.615308046340942,5.442580223083496,2.158395528793335,20623.0,86709.0,commune,04.291.01.,,
04.291.01.17.,Sidi Allal El Bahraoui (Mun.),Khémisset,Sidi Allal El Bahraoui (M),42910117.0,Commune de Sidi Allal El Bahraoui,Khemisset Sidi Allal El Bahraoui,0.493,direct,17.29,21.14,1.9,36.72,0.34,14.529770851135254,6.168715476989746,42.4556999206543,3.1645164489746094,1.201760172843933,37.97610855102539,4.927722999999999,0.02087211422622204,0.00969489011913538,37.54811477661133,35.03575897216797,5.558764934539795,2.767141342163086,3.9797163009643555,1.8035495281219482,3643.0,15866.0,commune,04.291.01.,,
04.291.03.01.,Ait Mimoune,Khémisset,Ait Mimoune,42910301.0,Commune d'Ait Mimoune,Khemisset Ait Mimoune,0.53,direct,19.73,23.71,1.94,35.52,0.387,46.44392395019531,20.630889892578125,44.42107391357422,25.829898834228516,10.191019058227539,39.454345703125,29.99761,0.12560240924358368,0.10203150659799576,41.172447204589844,40.248294830322266,30.50642204284668,25.35051727294922,18.972620010375977,22.48973274230957,1791.0,8486.0,commune,04.291.03.,,
04.291.03.03.,Ait Ouribel,Khémisset,Ait Ouribel,42910303.0,Commune d'Ait Ouribel,Khemisset Ait Ouribel,0.533,direct,17.45,22.58,1.79,34.34,0.368,47.887325286865234,22.735721588134766,47.477535247802734,14.46058177947998,5.797602653503418,40.09246063232422,15.860946,0.08400184661149979,0.052912596613168716,40.287452697753906,39.7799186706543,20.850622177124023,13.3013334274292,22.645227432250977,19.93600082397461,1956.0,9640.0,commune,04.291.03.,,
04.291.03.05.,Ait Siberne,Khémisset,Ait Siberne,42910305.0,Commune d'Ait Siberne,Khemisset Ait Siberne,0.544,direct,15.27,21.57,1.37,34.2,0.42,50.516056060791016,21.513975143432617,42.5883903503418,19.26530647277832,7.987528324127197,41.460689544677734,26.75508,0.10181406140327454,0.0999976173043251,41.994014739990234,40.458309173583984,24.244897842407227,24.71621322631836,21.14285659790039,24.651960372924805,1073.0,4900.0,commune,04.291.03.,,
04.291.03.07.,Ait Yadine,Khémisset,Ait Yadine,42910307.0,Commune d'Ait Yadine,Khemisset Ait Yadine,0.501,direct,21.99,23.88,2.47,35.44,0.361,69.88748931884766,33.11285400390625,47.38023376464844,28.52187156677246,12.017765045166016,42.13526153564453,33.11463,0.11882863193750381,0.05830139294266701,41.90993569976655,39.85555162099704,28.35333183630189,14.628173704437488,22.817286349054594,19.146272344906624,4206.0,20502.0,commune,04.291.03.,,
04.291.03.09.,El Ganzra,Khémisset,El Ganzra,42910309.0,Commune d'El Ganzra,Khemisset El Ganzra,0.474,direct,20.65,23.63,2.32,34.27,0.386,63.15279006958008,29.272769927978516,46.35230255126953,28.46544075012207,11.925371170043945,41.89421081542969,32.61418,0.1387774497270584,0.08466024696826935,42.10177230834961,40.49110412597656,32.96237564086914,20.908357620239258,22.325687408447266,21.71198844909668,2374.0,13209.0,commune,04.291.03.,,
04.291.03.11.,Majmaa Tolba,Khémisset,Majmaa Tolba,42910311.0,Commune de Majmaa Tolba,Khemisset Majmaa Tolba,0.572,direct,12.5,19.23,1.2,34.01,0.389,43.767913818359375,19.734058380126953,45.08795928955078,21.064319610595703,8.80235481262207,41.787986755371094,23.649760000000004,0.11015060544013977,0.05565769970417023,42.866943359375,42.23728561401367,25.695932388305664,13.177385330200195,23.75287437438965,17.294572830200195,2795.0,12609.0,commune,04.291.03.,,
04.291.03.13.,Sfassif,Khémisset,Sfassif,42910313.0,Commune de Sfassif,Khemisset Sfassif,0.496,direct,18.66,23.79,1.9,34.91,0.456,54.67643737792969,24.615991592407227,45.021202087402344,24.80156135559082,10.15976333618164,40.96420669555664,27.71629,0.12342225760221481,0.050000786781311035,41.876380920410156,40.08566665649414,29.472999572753906,12.473483085632324,24.0078067779541,27.690567016601562,1602.0,7685.0,commune,04.291.03.,,
04.291.03.15.,Sidi Allal Lamsadder,Khémisset,Sidi Allal Lamsadder,42910315.0,Commune de Sidi Allal Lamsadder,Hajjama Khemisset Sidi Allal Lamsadder,0.561,direct,11.31,16.78,1.14,35.6,0.294,46.597572326660156,20.95246696472168,44.9647216796875,11.865327835083008,4.793797492980957,40.401729583740234,14.213937999999999,0.07906446605920792,0.04922828450798988,41.53986358642578,40.72737121582031,19.033395767211914,12.087272644042969,28.645126342773438,27.490909576416016,1651.0,7366.0,commune,04.291.03.,,
04.291.03.17.,Sidi El Ghandour,Khémisset,,42910317.0,Commune de Sidi El Rhandour,Khemisset Sidi El Ghandour,0.585,direct,12.56,19.06,1.19,34.3,0.489,,,,,,,,0.059622250497341156,0.031692035496234894,38.615745544433594,39.708560943603516,15.43988037109375,7.981159210205078,18.86945915222168,18.435169219970703,1699.0,7377.0,commune,04.291.03.,,
04.291.05.01.,Ait Ichou,Khémisset,Ait Ichou,42910501.0,Commune d'Ait Ichou,Khemisset Ait Ichou,0.417,direct,21.98,25.45,2.13,31.67,0.351,54.360599517822266,23.427223205566406,43.09596252441406,44.4444465637207,19.51968765258789,43.91929626464844,48.31399,0.2818622887134552,0.22760966420173645,44.609703063964844,43.31733703613281,63.184078216552734,52.54470443725586,18.85019302368164,31.22420883178711,370.0,1809.0,commune,04.291.05.,,
04.291.05.03.,Ait Ikkou,Khémisset,Ait Ikkou,42910503.0,Commune d'Ait Ikkou,Khemisset Ait Ikkou,0.544,direct,20.62,23.67,2.17,34.44,0.233,66.44811248779297,31.13681983947754,46.858848571777344,40.31584930419922,17.05333137512207,42.29932403564453,44.92954,0.20089617371559143,0.15996584296226501,43.800899505615234,45.85563659667969,45.86576461791992,34.88466262817383,18.296672821044922,23.62873077392578,2023.0,8865.0,commune,04.291.05.,,
04.291.05.05.,Bouqachmir,Khémisset,Bouqachmir,42910505.0,Commune de Bouqachmir,Khemisset Bouqachmir,0.384,direct,20.26,25.57,1.97,31.74,0.257,69.24112701416016,33.76615524291992,48.76603317260742,51.7763671875,23.58242416381836,45.54669189453125,53.566469999999995,0.25732123851776123,0.1872098445892334,46.41497039794922,43.89115905761719,55.439273834228516,42.653202056884766,19.25089454650879,28.098886489868164,715.0,3631.0,commune,04.291.05.,,
04.291.05.07.,Houderrane,Khémisset,Houderrane,42910507.0,Commune de Houderrane,Khemisset Houderrane,0.493,direct,8.85,15.28,0.76,34.81,0.555,36.85331726074219,15.54236888885498,42.1735954284668,14.405986785888672,5.790285587310791,40.193603515625,15.388225000000002,0.07790251076221466,0.041349444538354874,41.8481330871582,37.682254791259766,18.615528106689453,10.973187446594238,21.01652717590332,12.942733764648438,1630.0,6414.0,commune,04.291.05.,,
04.291.05.09.,Maaziz,Khémisset,Maaziz,42910509.0,Commune de Maaziz,KHEMISSET Maaziz (AC),0.639,direct,26.87,21.92,4.09,38.69,,53.035892486572266,25.668121337890625,48.39764404296875,22.952709197998047,10.214020729064941,44.50027847290039,24.875069999999997,0.05162663757801056,0.04501895606517792,39.58730763001061,37.69702316277119,13.041209823089027,11.942310504922155,10.259085457836145,10.717391364985955,2926.0,11502.0,commune,04.291.05.,,
04.291.05.11.,Oulmes,Khémisset,Oulmes,42910511.0,Commune d'Oulmes,Khemisset Oulmes,0.508,direct,18.89,21.58,2.11,37.84,0.319,63.27192687988281,31.245786666870117,49.383331298828125,42.891151428222656,19.49330711364746,45.44831848144531,45.31143,0.08636702597141266,0.03990072384476662,40.14864625913452,36.9708719398265,21.511815149848072,10.792476166470845,10.916283390680812,8.340260442474822,4688.0,18786.0,commune,04.291.05.,,
04.291.05.13.,Tiddas,Khémisset,Tiddas,42910513.0,Commune de Tiddas,KHEMISSET Tiddas (AC),0.663,direct,18.6,19.78,2.28,39.5,,58.55462646484375,27.108848571777344,46.29668426513672,32.112762451171875,14.074017524719238,43.826866149902344,36.05025,0.11933262646198273,0.1203286200761795,42.57581498533431,42.225174187343455,28.028266378975843,28.496891755193843,19.88653355284545,17.91740688972744,2570.0,10047.0,commune,04.291.05.,,
04.291.07.01.,Ain Sbit,Khémisset,Ain Sbit,42910701.0,Commune d'Ain Sbit,Khemisset Ain Sbit,0.551,direct,23.45,22.75,2.81,38.77,0.411,56.53316879272461,27.686735153198242,48.97431945800781,27.499774932861328,12.124091148376465,44.08797073364258,32.35906,0.15091143548488617,0.06453143060207367,45.03705978393555,40.863372802734375,33.508277893066406,15.791998863220215,19.817211151123047,18.977262496948242,2212.0,11051.0,commune,04.291.07.,,
04.291.07.05.,Brachoua,Khémisset,Brachoua,42910705.0,Commune de Brachoua,Khemisset Brachoua,0.561,direct,19.62,21.71,2.23,37.94,0.409,44.77406692504883,20.405698776245117,45.57481384277344,17.264034271240234,6.95172119140625,40.26707458496094,20.49067,0.09159621596336365,0.04434538632631302,41.36103820800781,38.755836486816406,22.145530700683594,11.44224739074707,18.187110900878906,17.727008819580078,2536.0,12025.0,commune,04.291.07.,,
04.291.07.07.,Ezzhiliga,Khémisset,Ezzhiliga,42910707.0,Commune d'Ezzhiliga,Khemisset Ezzhiliga,0.535,direct,19.97,22.86,2.1,38.06,0.409,64.52034759521484,29.881425857543945,46.31318283081055,20.677438735961914,8.645602226257324,41.811767578125,24.63492,0.09834394603967667,0.06079303100705147,41.98802116305042,38.725763986205024,23.42190485501243,15.698342669747914,24.322747281952793,15.752451469336243,3119.0,15430.0,commune,04.291.07.,,
04.291.07.09.,Jemaat Moul Blad,Khémisset,Jemaat Moul Blad,42910709.0,Commune de Jemaat Moul Blad,Khemisset Jemaat Moul Blad,0.522,direct,22.88,25.07,2.3,34.68,0.304,62.3891716003418,28.483781814575195,45.655006408691406,40.434242248535156,17.20056915283203,42.539615631103516,43.29948,0.20299184322357178,0.1657755821943283,43.73509216308594,42.99777603149414,46.4139518737793,38.5544548034668,21.2137393951416,25.20792007446289,1180.0,5619.0,commune,04.291.07.,,
04.291.07.11.,Laghoualem,Khémisset,Laghoualem,42910711.0,Commune de Laghoualem,Khemisset Laghoualem,0.543,direct,21.76,22.39,2.51,36.67,0.229,66.83120727539062,32.447364807128906,48.55121612548828,25.77134132385254,10.924698829650879,42.39088439941406,29.67508,0.13354885578155518,0.047865357249975204,43.29618835449219,40.16563034057617,30.84540557861328,11.916994094848633,30.869956970214844,28.023239135742188,2267.0,12219.0,commune,04.291.07.,,
04.291.07.13.,Marchouch,Khémisset,Marchouch,42910713.0,Commune de Marchouch,Khemisset Marchouch,0.561,direct,18.06,21.76,1.93,36.73,0.382,45.706546783447266,20.420867919921875,44.67821502685547,8.334087371826172,3.2797434329986572,39.353363037109375,16.577686,0.05112157016992569,0.04376430809497833,40.73139572143555,42.391788482666016,12.55090045928955,10.323770523071289,23.66301727294922,19.185890197753906,2327.0,11724.0,commune,04.291.07.,,
04.291.07.15.,Moulay Driss Aghbal,Khémisset,,42910715.0,Commune de My Driss Aghbal,Khemisset Moulay Driss Aghbal,0.492,direct,27.32,24.53,3.4,35.35,0.313,,,,,,,,0.15313856303691864,0.07910878956317902,44.004432678222656,40.966732025146484,34.80071258544922,19.310495376586914,23.339282989501953,23.238054275512695,1006.0,5043.0,commune,04.291.07.,,
04.291.09.02.,Ain Johra -Sidi Boukhalkhal,Khémisset,Ain Johra-Sidi Boukhalkhal,42910902.0,Commune d'Ain Johra-Sidi Boukhalkhal,Khemisset Sidi Boukhalkhal,0.465,fuzzy,20.61,24.51,2.15,33.11,0.303,71.08023834228516,33.891517639160156,47.68064498901367,30.41543960571289,12.650309562683105,41.59173583984375,37.72463,0.14960229396820068,0.09163862466812134,42.43840026855469,41.017860412597656,35.25163269042969,22.34115219116211,24.100074768066406,22.30362892150879,3273.0,17307.0,commune,04.291.09.,,
04.291.09.03.,Ait Belkacem,Khémisset,Ait Belkacem,42910903.0,Commune d'Ait Belkacem,Khemisset Ait Belkacem,0.526,direct,13.09,20.25,1.24,34.15,0.318,46.327571868896484,20.336837768554688,43.897918701171875,15.785938262939453,6.319351673126221,40.03152084350586,19.34615,0.0847141444683075,0.050432607531547546,41.21278381347656,39.34280776977539,20.555307388305664,12.818761825561523,27.899686813354492,23.337886810302734,950.0,4466.0,commune,04.291.09.,,
04.291.09.05.,Ait Buyahya El Hajjama,Khémisset,,42910905.0,Commune d'Ait Bouyahia El Hajjama,Khemisset Ait Bouyahya El,0.625,fuzzy,11.69,17.13,1.15,35.82,0.426,,,,,,,,0.038308609277009964,0.03200940415263176,38.66315841674805,39.268367767333984,9.908297538757324,8.151447296142578,19.41400146484375,15.90200424194336,988.0,4471.0,commune,04.291.09.,,
04.291.09.07.,Ait Malek,Khémisset,Ait Malek,42910907.0,Commune d'Ait Malek,Khemisset Ait Malek,0.534,direct,14.53,20.63,1.44,34.69,0.288,57.461326599121094,27.023305892944336,47.028682708740234,24.093904495239258,10.192431449890137,42.30294418334961,32.59882,0.1392778754234314,0.07351011037826538,43.299190521240234,42.48862075805664,32.1663932800293,17.301128387451172,24.732290267944336,22.735626220703125,1122.0,4856.0,commune,04.291.09.,,
04.291.09.09.,Khemis Sidi Yahya,Khémisset,Khemis Sidi Yahya,42910909.0,Commune de Khemis Sidi Yahya,Khemisset Khemis Sidi Yahya,0.619,direct,8.13,14.97,0.72,34.34,0.372,38.7686653137207,16.6979923248291,43.07084274291992,8.481942176818848,3.3484857082366943,39.47781753540039,11.539040000000002,0.049902599304914474,0.0396767184138298,40.56029510498047,38.70608901977539,12.303312301635742,10.25076961517334,24.591638565063477,14.37160873413086,1458.0,6673.0,commune,04.291.09.,,
04.291.09.11.,M'qam Tolba,Khémisset,M'qam Tolba,42910911.0,Commune de M'qam Tolba,Khemisset M'qam Tolba,0.508,direct,25.08,24.68,2.93,35.17,0.326,63.1911506652832,30.155426025390625,47.72096252441406,24.202030181884766,10.472159385681152,43.26975631713867,27.89011,0.122548907995224,0.10241372883319855,43.63865661621094,41.723289489746094,28.08264923095703,24.54593849182129,25.26845932006836,23.5268497467041,2533.0,13503.0,commune,04.291.09.,,
04.291.09.13.,Sidi Abderrazak,Khémisset,Sidi Abderrazak,42910913.0,Commune de Sidi Abderrazak,Khemisset Sidi Abderrazak,0.525,direct,16.5,20.42,1.79,37.74,0.433,56.89591598510742,26.88542366027832,47.253692626953125,22.875816345214844,10.08574390411377,44.089107513427734,25.58673,0.12157110869884491,0.06833143532276154,44.5396842956543,41.29875946044922,27.29500961303711,16.545639038085938,20.900178909301758,16.923032760620117,2863.0,13464.0,commune,04.291.09.,,
04.291.09.19.,Ait Ali ou Lahcen,Khémisset,Ait Ali ou Lahcen,42910919.0,Commune d'Ait Ali Ou Lahcen,,0.5227534908866235,imputed_cercle,17.810373957367933,21.616964936669756,1.9053303985171455,35.00675347544023,0.35034953660797036,67.07294464111328,33.94172668457031,50.60420227050781,29.621685028076172,12.859681129455566,43.41306686401367,39.97661,0.1468733847141266,0.1173488199710846,44.096412658691406,41.93710708618164,33.30733108520508,27.982097625732422,25.663026809692383,26.600505828857422,1071.0,5128.0,commune,04.291.09.,,
04.421.01.01.,Agdal Riyad (Arrond.),Rabat,,44210101.0,Arrondissement d'Agdal Riyad,Rabat Agdal Riyad (AR),0.82,fuzzy,1.4,2.66,0.14,39.06,,,,,,,,,0.0052116187289357185,0.0021434214431792498,36.1007080078125,33.803627014160156,1.4436334371566772,0.6340802907943726,2.8521223068237305,0.3676088750362396,22399.0,77257.0,commune,04.421.01.,,
04.421.01.03.,El Youssoufia (Arrond.),Rabat,,44210103.0,Arrondissement d'El Youssoufia,Rabat El Youssoufia (AR),0.726,fuzzy,2.57,5.67,0.25,34.96,,,,,,,,,0.008510466665029526,0.008133064024150372,35.37569808959961,35.13138961791992,2.405738115310669,2.315042018890381,3.6308934688568115,2.409824848175049,42312.0,170561.0,commune,04.421.01.,,
04.421.01.05.,Hassan (Arrond.),Rabat,,44210105.0,Arrondissement de Hassan,Rabat Hassan (AR),0.776,fuzzy,1.66,3.45,0.15,39.41,,,,,,,,,0.005896182730793953,0.004404524341225624,35.60563659667969,35.700592041015625,1.6559689044952393,1.2337398529052734,3.060044050216675,2.1866869926452637,32848.0,108179.0,commune,04.421.01.,,
04.421.01.06.,Souissi (Arrond.),Rabat,,44210106.0,Arrondissement de Souissi,Rabat Souissi (AR),0.774,fuzzy,2.29,4.5,0.24,39.68,,,,,,,,,0.005610682535916567,0.0032452228479087353,36.45336151123047,34.61381149291992,1.539139986038208,0.9375514388084412,6.663726806640625,1.0082281827926636,5924.0,23366.0,commune,04.421.01.,,
04.421.01.07.,Touarga (Mun.),Rabat,Touarga (M),44210107.0,Commune de Touarga,Rabat Touarga (M),0.763,direct,0.2,0.6,0.01,26.18,,2.719712257385254,0.9277989864349365,34.11386489868164,0.33062052726745605,0.11161975562572479,33.760684967041016,2.1617509999999998,0.002599751576781273,0.0014417533529922366,34.07407760620117,33.333335876464844,0.762970507144928,0.43252596259117126,0.5849440693855286,0.46136102080345154,812.0,3932.0,commune,04.421.01.,,
04.421.01.09.,Yacoub El Mansour (Arrond.),Rabat,,44210109.0,Arrondissement de Yacoub El Mansour,Rabat Yacoub El Mansour (AR),0.737,fuzzy,3.16,7.22,0.28,36.81,,,,,,,,,0.009295118972659111,0.0061940886080265045,35.83024978637695,34.25640869140625,2.594209909439087,1.8081547021865845,4.2137908935546875,2.1587331295013428,47375.0,194532.0,commune,04.421.01.,,
04.441.01.03.,Bab Lamrissa (Arrond.),Salé,,44410103.0,Arrondissement de Bab Lamrissa,Salé Bab Lamrissa (AR),0.726,fuzzy,4.34,8.11,0.45,38.01,,,,,,,,,0.010788514278829098,0.00785134918987751,36.321746826171875,35.03373336791992,2.9702630043029785,2.2410826683044434,3.1794848442077637,1.5917562246322634,44636.0,174934.0,commune,04.441.01.,,
04.441.01.05.,Bettana (Arrond.),Salé,,44410105.0,Arrondissement de Bettana,Salé Bettana (AR),0.739,fuzzy,3.12,6.7,0.3,37.54,,,,,,,,,0.010443826206028461,0.008913448080420494,36.47165298461914,35.21756362915039,2.863546133041382,2.5309667587280273,4.354675769805908,1.7622041702270508,22360.0,95291.0,commune,04.441.01.,,
04.441.01.06.,Hssaine (Arrond.),Salé,,44410106.0,Arrondissement de Hssaine,Salé Hssaine (AR),0.719,fuzzy,4.47,8.05,0.47,37.27,,,,,,,,,0.008092661388218403,0.006168236490339041,35.4007568359375,35.279632568359375,2.286013603210449,1.7483845949172974,2.2341012954711914,1.4434306621551514,51858.0,214540.0,commune,04.441.01.,,
04.441.01.07.,Layayda (Arrond.),Salé,,44410107.0,Arrondissement de Layayda,Salé Layayda (AR),0.64,fuzzy,13.87,20.91,1.55,34.88,,,,,,,,,0.015333160758018494,0.009342565201222897,35.827911376953125,35.47687530517578,4.279669284820557,2.6334238052368164,4.775223731994629,1.8796440362930298,33522.0,153361.0,commune,04.441.01.,,
04.441.01.08.,Sidi Bouknadel (Mun.),Salé,Sidi Bouknadel (M),44410108.0,Commune de Sidi Bouknadel,Salé Sidi Bouknadel,0.56,direct,15.63,20.55,1.6,37.2,0.564,24.31244468688965,10.64548110961914,43.78614044189453,3.401634454727173,1.2711960077285767,37.37015151977539,6.203141,0.025477593764662743,0.015202309004962444,37.25067138671875,37.12049102783203,6.839498996734619,4.095395565032959,8.618815422058105,5.613665580749512,4955.0,25255.0,commune,04.441.01.,,
04.441.01.09.,Tabriquet (Arrond.),Salé,,44410109.0,Arrondissement de Tabriquet,Salé Tabriquet (AR),0.706,fuzzy,4.2,8.62,0.41,35.78,,,,,,,,,0.012594044208526611,0.008247051388025284,35.831298828125,34.83404541015625,3.5148165225982666,2.367526292800903,2.987494945526123,1.5214964151382446,61101.0,252277.0,commune,04.441.01.,,
04.441.03.01.,Shoul,Salé,Shoul,44410111.0,Commune de Shoul,Salé Shoul,0.525,direct,22.86,25.6,2.34,34.45,0.268,64.3966293334961,29.15412139892578,45.272743225097656,26.256591796875,10.970234870910645,41.780879974365234,29.50033,0.133567675948143,0.07655950635671616,42.83414077758789,42.40943145751953,31.182525634765625,18.052471160888672,23.570173263549805,21.332691192626953,3925.0,19915.0,commune,04.441.03.,,
04.441.03.05.,Ameur,Salé,Ameur,44410113.0,Commune d'Ameur,Settat Foqra Oulad Aameur,0.479,direct,18.08,23.01,1.79,33.8,0.348,45.380821228027344,21.211519241333008,46.74114990234375,10.209630012512207,4.053981781005859,39.707427978515625,12.630260000000002,0.056896813213825226,0.024407055228948593,40.15354919433594,37.82878026533677,14.169809341430664,6.451980298750091,19.781160354614258,10.650798087540911,8983.0,46590.0,commune,04.441.03.,,
04.481.01.01.,Dar Gueddari (Mun.),Sidi Kacem,Dar Gueddari (M),44810101.0,Commune de Dar Gueddari,Sidi Kacem Dar Gueddari (M),0.639,direct,17.32,29.03,1.44,33.72,,8.733987808227539,3.3956267833709717,38.8783073425293,2.4537107944488525,0.8898255228996277,36.26448440551758,12.195124,0.023098666220903397,0.016859756782650948,36.7972297668457,36.85599136352539,6.277284145355225,4.574495315551758,9.257864952087402,6.018400192260742,1298.0,6643.0,commune,04.481.01.,,
04.481.01.03.,Had Kourt (Mun.),Sidi Kacem,Had Kourt (M),44810103.0,Commune de Had Kourt,Sidi Kacem Had Kourt (M),0.659,direct,11.65,19.39,1.06,42.05,,12.947930335998535,5.502760887145996,42.49915313720703,3.657756805419922,1.4316978454589844,39.14141845703125,9.200252,0.02293558605015278,0.015711355954408646,38.483551025390625,34.36526107788086,5.959841251373291,4.571871757507324,8.095664024353027,4.112613201141357,1777.0,7843.0,commune,04.481.01.,,
04.481.01.05.,Jorf El Melha (Mun.),Sidi Kacem,Jorf El Melha (M),44810105.0,Commune de Jorf El Melha,Sidi Kacem Jorf El Melha (M),0.652,direct,14.4,19.36,1.67,41.73,,12.419221878051758,4.792985916137695,38.59328842163086,2.5251996517181396,0.9062583446502686,35.88858413696289,5.402671,0.019309096038341522,0.013543374836444855,36.541988372802734,35.863616943359375,5.284084796905518,3.776355028152466,4.244707107543945,3.5783817768096924,5888.0,28681.0,commune,04.481.01.,,
04.481.01.07.,Mechraa Bel Ksiri (Mun.),Sidi Kacem,Mechraa Bel Ksiri (M),44810107.0,Commune de Mechraa Bel Ksiri,Sidi Kacem Mechra Bel Ksiri (M),0.658,fuzzy,10.84,17.55,1.06,40.76,,11.187950134277344,4.50535249710083,40.26968765258789,2.2046191692352295,0.7951405048370361,36.067020416259766,4.788568000000001,0.016044199466705322,0.012836460024118423,36.67879104614258,34.7668571472168,4.374244213104248,3.6921544075012207,5.191830635070801,1.5843398571014404,7017.0,31497.0,commune,04.481.01.,,
04.481.01.11.,Sidi Kacem (Mun.),Sidi Kacem,Sidi Kacem (M),44810111.0,Commune de Sidi Kacem,Sidi Kacem Sidi-Kacem (M),0.68,direct,11.81,16.98,1.24,43.24,,10.118050575256348,4.079246997833252,40.3165283203125,2.114539861679077,0.755791425704956,35.74259567260742,5.478781,0.01751898229122162,0.012637011706829071,36.29233932495117,35.498260498046875,4.827184677124023,3.5598959922790527,4.342878341674805,2.0164358615875244,17923.0,75672.0,commune,04.481.01.,,
04.481.03.01.,Ain Dfali,Sidi Kacem,Ain Dfali,44810301.0,Commune d'Ain Dfali,Sidi Kacem Ain Dfali,0.539,direct,18.62,25.4,2.15,41.1,0.635,33.293880462646484,13.985487937927246,42.006187438964844,12.293222427368164,4.975271701812744,40.47166442871094,18.34082,0.08005721122026443,0.04229918494820595,41.978515625,40.865360260009766,19.070995330810547,10.350865364074707,27.46173858642578,25.77934074401855,4836.0,24241.0,commune,04.481.03.,,
04.481.03.03.,Bni Oual,Sidi Kacem,Bni Oual,44810303.0,Commune de Bni Oual,Sidi Kacem Bni Oual,0.478,direct,29.42,31.07,3.32,35.46,0.446,41.46312713623047,17.733858108520508,42.77018737792969,9.806279182434082,3.9827804565429688,40.614593505859375,21.496589999999998,0.06733467429876328,0.07295496016740799,42.0,39.10031509399414,16.03206443786621,18.65840721130371,38.396793365478516,28.78078269958496,1383.0,7485.0,commune,04.481.03.,,
04.481.03.09.,Moulay Abdelkader,Sidi Kacem,Moulay Abdelkader,44810309.0,Commune de Moulay Abdelkader,Sidi Kacem Moulay Abdelkader,0.494,direct,35.7,31.1,4.24,35.16,0.309,49.667457580566406,21.971092224121094,44.236392974853516,27.0366153717041,11.384208679199219,42.10663604736328,36.61109,0.17145289480686188,0.04182150959968567,43.569793701171875,40.376861572265625,39.351322174072266,10.35779094696045,30.21664810180664,25.56390953063965,1386.0,7896.0,commune,04.481.03.,,
04.481.03.13.,Sidi Ahmed Benaissa,Sidi Kacem,Sidi Ahmed Benaissa,44810313.0,Commune de Sidi Ahmed Benaissa,Sidi Kacem Sidi Ahmed Benaissa,0.508,direct,28.72,31.63,3.3,35.95,0.353,63.714027404785156,29.648157119750977,46.53316879272461,25.723430633544922,10.361359596252441,40.27985382080078,37.60562,0.16315266489982605,0.04485650360584259,41.65486526489258,39.08415222167969,39.16773223876953,11.476902961730957,34.00768280029297,29.18672752380371,1371.0,7810.0,commune,04.481.03.,,
04.481.03.15.,Sidi Ameur Al Hadi,Sidi Kacem,Sidi Ameur Al Hadi,44810315.0,Commune de Sidi Ameur Al Hadi,Sidi Kacem Sidi Ameur Al Hadi,0.472,direct,44.0,28.12,5.71,37.48,0.519,60.51921844482422,27.47106170654297,45.392295837402344,23.827661514282227,9.532005310058594,40.00394821166992,34.5861,0.12653538584709167,0.048866696655750275,41.861915588378906,38.78173828125,30.226848602294922,12.600440025329588,27.60284423828125,20.252248764038086,2096.0,11814.0,commune,04.481.03.,,
04.481.03.17.,Sidi Azzouz,Sidi Kacem,Sidi Azzouz,44810317.0,Commune de Sidi Azzouz,Sidi Kacem Sidi Azzouz,0.513,direct,14.96,24.84,1.74,37.36,0.577,33.61476135253906,14.167882919311523,42.147804260253906,15.930621147155762,6.5818400382995605,41.315650939941406,20.277230000000003,0.10258582979440689,0.07778315991163254,42.19834518432617,41.69056701660156,24.310392379760742,18.657257080078125,30.342714309692383,25.19078254699707,2578.0,14356.0,commune,04.481.03.,,
04.481.05.01.,Al Haouafate,Sidi Kacem,Al Haouafate,44810501.0,Commune d'Al Haouafate,Inégalit é Sidi Kacem Al Haouafate,0.577,direct,23.7,26.94,2.76,38.44,0.54,35.06045913696289,15.169629096984863,43.267059326171875,8.468781471252441,3.2931036949157715,38.88521194458008,11.046968000000001,0.05956607311964035,0.04361368715763092,39.8641357421875,38.98233413696289,14.94227123260498,11.188064575195312,26.460037231445312,19.50860023498535,3113.0,17842.0,commune,04.481.05.,,
04.481.05.07.,Nouirate,Sidi Kacem,Nouirate,44810507.0,Commune de Nouirate,Sidi Kacem Nouirate,0.527,direct,42.47,29.46,5.11,35.12,0.571,34.31272888183594,14.679156303405762,42.78049850463867,9.030437469482422,3.5196759700775146,38.9756965637207,15.82746,0.05275370553135872,0.03612179681658745,39.701324462890625,38.04709243774414,13.287643432617188,9.493969917297363,21.576295852661133,20.091995239257812,4460.0,24805.0,commune,04.481.05.,,
04.481.05.09.,Sefsaf,Sidi Kacem,Sefsaf,44810509.0,Commune de Sefsaf,Sidi Kacem Sefsaf,0.5,direct,36.71,28.48,4.82,38.42,0.72,40.29030990600586,17.560749053955078,43.585540771484375,9.611166000366211,3.7735681533813477,39.262332916259766,14.54153,0.05900964140892029,0.04520730674266815,40.295936584472656,38.896522521972656,14.644067764282227,11.622454643249512,21.379859924316406,20.465469360351562,4081.0,25075.0,commune,04.481.05.,,
04.481.07.05.,Khnichet,Sidi Kacem,Khnichet,44810705.0,Commune de Khnichet,Sidi Kacem Khnichet (AC),0.612,direct,12.0,19.72,1.19,38.42,,38.44017791748047,16.63109588623047,43.2648811340332,9.059051513671875,3.4351494312286377,37.919525146484375,20.45925,0.0379600003361702,0.026755614206194878,38.55688848570709,38.369856446356806,9.845193164383902,6.973081661573533,15.826548581866154,12.84092374004593,4682.0,23707.0,commune,04.481.07.,,
04.481.07.07.,Lamrabih,Sidi Kacem,Lamrabih,44810707.0,Commune de Lamrabih,Sidi Kacem Lamrabih,0.498,direct,24.27,28.04,2.75,39.0,0.407,39.981178283691406,17.14634895324707,42.88605499267578,14.862421035766602,5.735301494598389,38.58927917480469,26.57746,0.09302250295877457,0.06918779760599136,40.12931442260742,40.41664505004883,23.18068504333496,17.11863899230957,28.273300170898438,27.974441528320312,3878.0,20461.0,commune,04.481.07.,,
04.481.07.11.,Oulad Nouel,Sidi Kacem,Oulad Nouel,44810711.0,Commune d'Oulad Nouel,Sidi Kacem Oulad Nouel,0.538,direct,21.91,27.91,2.44,38.28,0.315,39.67136001586914,16.710805892944336,42.12309646606445,9.990325927734375,4.002872943878174,40.06748962402344,16.96421,0.06733991950750351,0.037689208984375,41.1236457824707,41.04857635498047,16.374988555908203,9.181612014770508,32.178348541259766,29.12026977539062,1988.0,11371.0,commune,04.481.07.,,
04.481.07.19.,Sidi M'Hamed Chelh,Sidi Kacem,Sidi M'Hamed Chelh,44810719.0,Commune de Sidi M'hamed Chelh,Sidi Kacem Sidi M'Hamed Chelh,0.51,direct,17.62,29.99,1.84,34.11,0.443,29.273908615112305,12.599717140197754,43.040771484375,8.388264656066895,3.248459815979004,38.72624588012695,22.64446,0.05544784665107727,0.051537059247493744,39.94413375854492,41.44265365600586,13.881349563598633,12.435752868652344,31.510921478271484,32.30537796020508,1373.0,7737.0,commune,04.481.07.,,
04.481.07.21.,Taoughilt,Sidi Kacem,Taoughilt,44810721.0,Commune de Taoughilt,Sidi Kacem Taoughilt,0.581,direct,6.46,13.34,0.77,36.53,0.508,31.96767807006836,13.877076148986816,43.40970993041992,10.024383544921875,3.9198200702667236,39.10285186767578,18.759749999999997,0.060876309871673584,0.043333999812603,40.231773376464844,38.40681838989258,15.131401062011719,11.282892227172852,21.667570114135742,17.31919288635254,2589.0,14764.0,commune,04.481.07.,,
04.481.09.01.,Bab Tiouka,Sidi Kacem,Bab Tiouka,44810901.0,Commune de Bab Tiouka,Sidi Kacem Bab Tiouka,0.502,direct,45.37,28.55,5.84,34.29,0.417,36.60780715942383,15.454973220825195,42.21769714355469,16.0322208404541,6.340854644775391,39.55069351196289,21.42393,0.09094452857971191,0.056848570704460144,40.46242904663086,39.019256591796875,22.476289749145508,14.56936264038086,27.04949951171875,24.86522102355957,1282.0,7697.0,commune,04.481.09.,,
04.481.09.03.,Bir Taleb,Sidi Kacem,Bir Taleb,44810903.0,Commune de Bir Taleb,Sidi Kacem Bir Taleb,0.541,direct,25.59,30.49,2.82,34.69,0.448,31.621044158935547,13.037188529968262,41.229469299316406,7.088830471038818,2.7357568740844727,38.59250259399414,19.18203,0.04768885299563408,0.03199915587902069,40.67683792114258,38.78870391845703,11.723834991455078,8.24960708618164,28.29375457763672,18.0345401763916,2047.0,11370.0,commune,04.481.09.,,
04.481.09.05.,Chbanate,Sidi Kacem,Chbanate,44810905.0,Commune de Chbanate,Sidi Kacem Chbanate,0.543,direct,27.7,30.08,3.01,35.46,0.73,16.217742919921875,6.651179313659668,41.01174545288086,7.627037048339844,2.9269652366638184,38.37617492675781,12.96885,0.046711452305316925,0.03750333562493324,39.22627258300781,39.173160552978516,11.90820598602295,9.573732376098633,17.539291381835938,17.75,1949.0,10371.0,commune,04.481.09.,,
04.481.09.07.,Selfat,Sidi Kacem,Selfat,44810907.0,Commune de Selfat,Sidi Kacem Selfat,0.503,direct,31.14,30.79,3.81,35.63,0.526,32.65538024902344,13.880285263061523,42.50535583496094,12.286355972290039,4.942431449890137,40.226993560791016,26.41067,0.07692808657884598,0.043770235031843185,41.9417839050293,41.398014068603516,18.34163475036621,10.573027610778809,32.07344436645508,36.57148361206055,1570.0,10239.0,commune,04.481.09.,,
04.481.09.09.,Tekna,Sidi Kacem,Tekna,44810909.0,Commune de Tekna,Sidi Kacem Tekna,0.516,direct,30.98,29.49,3.82,36.6,0.278,41.04947280883789,17.679439544677734,43.06861877441406,10.63950252532959,4.23740816116333,39.82712936401367,29.10794,0.06561655551195145,0.024284403771162033,41.445735931396484,38.99758529663086,15.831918716430664,6.227155685424805,34.592529296875,26.64139747619629,1131.0,7068.0,commune,04.481.09.,,
04.481.09.11.,Zaggota,Sidi Kacem,Zaggota,44810911.0,Commune de Zaggota,Sidi Kacem Zaggota,0.543,direct,24.17,25.21,3.23,42.73,0.661,20.585765838623047,8.393403053283691,40.772850036621094,11.084529876708984,4.436359405517578,40.022979736328125,15.627500000000001,0.05990275740623474,0.04718231037259102,41.02009963989258,40.294010162353516,14.603269577026367,11.70950984954834,28.448963165283203,26.15580177307129,1729.0,10032.0,commune,04.481.09.,,
04.481.09.13.,Zirara,Sidi Kacem,Zirara,44810913.0,Commune de Zirara,Sidi Kacem Zirara,0.57,direct,24.89,29.59,2.6,35.48,0.501,19.84613609313965,8.309625625610352,41.87024688720703,6.077155590057373,2.3523640632629395,38.708309173583984,11.677895,0.03612576797604561,0.022268960252404213,37.944624659958535,36.66316048393036,9.52065510734311,6.073933354260649,13.085631554893137,7.7439676616586635,3303.0,16606.0,commune,04.481.09.,,
04.481.11.03.,Dar Laaslouji,Sidi Kacem,Dar Laaslouji,44811103.0,Commune de Dar Laaslouji,Sidi Kacem Dar Laaslouji,0.498,direct,28.03,31.77,3.02,34.05,0.788,41.733726501464844,17.974925994873047,43.070499420166016,16.954586029052734,6.718475341796875,39.62630081176758,27.92389,0.1017005518078804,0.06824337691068649,40.74489974975586,40.06429672241211,24.96031379699707,17.033464431762695,23.192331314086914,23.55937957763672,5068.0,32127.0,commune,04.481.11.,,
04.481.11.05.,Rmilat,Sidi Kacem,Rmilat,44811105.0,Commune de Rmilat,Sidi Kacem Ermilate,0.531,fuzzy,21.76,27.06,2.76,37.06,0.855,27.54361915588379,11.140153884887695,40.445499420166016,8.46924877166748,3.2283573150634766,38.11858367919922,18.3852,0.05364780128002167,0.027131391689181328,38.82212829589844,36.73320007324219,13.81887149810791,7.386067867279053,19.245595932006836,12.7726469039917,2569.0,16861.0,commune,04.481.11.,,
04.481.11.11.,Sidi Al Kamel,Sidi Kacem,Sidi Al Kamel,44811111.0,Commune de Sidi Al Kamel,Sidi Kacem Sidi Al Kamel,0.527,direct,17.79,27.65,2.01,35.43,0.676,29.587873458862305,12.279544830322266,41.501949310302734,10.26855182647705,3.8007147312164307,37.013153076171875,16.709300000000002,0.061975929886102676,0.030635496601462364,38.11835479736328,37.2948112487793,16.25881576538086,8.214412689208984,12.149409294128418,11.673540115356445,4826.0,30199.0,commune,04.481.11.,,
04.491.01.07.,Sidi Slimane (Mun.),Sidi Slimane,Sidi Slimane (M),44910107.0,Commune de Sidi Slimane,Kénitra Sidi Slimane (M),0.667,direct,13.31,18.98,1.39,41.72,,11.228151321411133,4.6218695640563965,41.163230895996094,2.543740749359131,0.9474465847015381,37.246192932128906,6.5463499999999994,0.019605910405516624,0.017915204167366028,37.498573303222656,39.038944244384766,5.2284417152404785,4.589059829711914,6.873695373535156,5.9112138748168945,20725.0,92989.0,commune,04.491.01.,,
04.491.01.09.,Sidi Yahya El Gharb (Mun.),Sidi Slimane,Sidi Yahya El Gharb (M),44910109.0,Commune de Sidi Yahia El Gharb,Kénitra Sidi Yahya El Gharb (M),0.636,direct,20.16,24.68,2.05,39.87,,19.810754776000977,8.377753257751465,42.28891372680664,3.675715684890747,1.4028220176696777,38.16459655761719,13.86263,0.02499188482761383,0.023448165506124496,38.36567306518555,37.1654052734375,6.514126300811768,6.30913782119751,8.20716667175293,6.666662216186523,7498.0,37979.0,commune,04.491.01.,,
04.491.03.07.,Kceibya,Sidi Slimane,Kceibya,44910307.0,Commune de Kceibya,Kénitra Kceibya,0.522,direct,24.05,22.59,3.73,43.57,0.858,38.073909759521484,15.951226234436035,41.895423889160156,18.06422996520996,7.506436824798584,41.55414581298828,29.102149999999998,0.09909211099147797,0.06867318600416183,42.17259216308594,42.46331024169922,23.496803283691406,16.1723575592041,22.846372604370117,18.135135650634766,4296.0,27059.0,commune,04.491.03.,,
04.491.03.15.,Sfafaa,Sidi Slimane,Sfafaa,44910315.0,Commune de Sfafaa,Kénitra Sfafaa,0.526,direct,19.23,22.66,2.67,41.23,0.671,48.14086151123047,20.80341339111328,43.21363067626953,17.77415657043457,6.9737420082092285,39.235294342041016,30.04474,0.09817618131637573,0.045909613370895386,40.91468048095703,39.1800422668457,23.995344161987305,11.717601776123047,23.3667049407959,18.025426864624023,3583.0,21475.0,commune,04.491.03.,,
04.491.03.17.,Ameur Chamalia,Sidi Slimane,Ameur Chamalia,44910317.0,Commune d'Ameur Chamalia,,0.5237698932706969,imputed_cercle,21.91727860881032,22.620973132237197,3.26097828326534,42.53461243664235,0.7752574895949231,45.641578674316406,18.812288284301758,41.21743392944336,19.31270408630371,7.746621131896973,40.11153030395508,34.67854,0.09962450712919235,0.1167205348610878,41.290130615234375,41.0666618347168,24.12792205810547,28.422210693359375,27.973876953125,21.738201141357422,2804.0,19369.0,commune,04.491.03.,,
04.491.05.01.,Azghar,Sidi Slimane,Azghar,44910501.0,Commune d'Azghar,Kénitra Azghar,0.496,direct,40.95,29.48,5.04,34.5,0.395,39.59085464477539,17.378103256225586,43.89423751831055,7.023041725158691,2.731182813644409,38.88888931274414,12.91932,0.044198669493198395,0.03367096185684204,39.0517578125,38.464942932128906,11.317972183227539,8.75367546081543,21.29953956604004,13.909763336181642,1864.0,10850.0,commune,04.491.05.,,
04.491.05.03.,Boumaiz,Sidi Slimane,Boumaiz,44910503.0,Commune de Boumaiz,Kénitra Boumaiz,0.542,direct,36.35,29.14,4.36,37.3,0.564,29.438268661499023,12.502516746520996,42.47028732299805,8.38752269744873,3.2268171310424805,38.47163391113281,14.1079,0.05381133407354355,0.03417252004146576,39.2159309387207,38.00821304321289,13.72180461883545,8.990825653076172,21.387929916381836,14.430432319641113,3815.0,19684.0,commune,04.491.05.,,
04.491.05.05.,Dar Bel Amri,Sidi Slimane,Dar Bel Amri,44910505.0,Commune de Dar Bel Amri,Kénitra Dar Bel Amri,0.565,direct,18.24,21.38,2.14,46.91,0.601,35.01287078857422,16.343486785888672,46.67851257324219,19.47261619567871,8.742077827453613,44.89421081542969,21.79635,0.11389274150133133,0.05004177242517471,46.156620025634766,40.56938552856445,24.675277709960938,12.334860801696777,15.184513092041016,13.348581314086914,5171.0,28156.0,commune,04.491.05.,,
04.491.05.09.,M'saada,Sidi Slimane,M'saada,44910509.0,Commune de M'saada,Kénitra M'saada,0.519,direct,26.49,28.48,3.15,36.56,0.562,37.86217498779297,16.327077865600586,43.12239456176758,14.546920776367188,5.690995693206787,39.12165451049805,26.53497,0.08275827020406723,0.047225240617990494,40.26960754394531,39.82767868041992,20.551050186157227,11.857392311096191,29.350727081298828,23.388330459594727,3425.0,19853.0,commune,04.491.05.,,
04.491.05.11.,Ouled Ben Hammadi,Sidi Slimane,Ouled Ben Hammadi,44910511.0,Commune d'Ouled Ben Hammadi,,0.5380769132831698,imputed_cercle,28.001124352265638,26.238346892784843,3.352266019887196,40.171139885158446,0.5534123728403549,30.851238250732422,13.014232635498047,42.18383026123047,5.908592700958252,2.280830144882202,38.60191345214844,8.312415999999999,0.036973271518945694,0.03946252167224884,39.109642028808594,39.20969772338867,9.45374870300293,10.06447982788086,13.124119758605957,21.021987915039062,2297.0,12778.0,commune,04.491.05.,,
04.491.05.13.,Ouled H'Cine,Sidi Slimane,Ouled H'Cine,44910513.0,Commune d'Ouled H'cine,,0.5380769132831698,imputed_cercle,28.001124352265638,26.238346892784843,3.352266019887196,40.171139885158446,0.5534123728403549,32.010581970214844,13.347673416137695,41.697689056396484,9.983774185180664,3.944023370742798,39.504329681396484,21.42689,0.06642971932888031,0.0411086268723011,40.364410400390625,38.4858283996582,16.45749855041504,10.681497573852539,26.37835693359375,18.257095336914062,5444.0,30215.0,commune,04.491.05.,,
04.501.01.01.,Ain El Aouda (Mun.),Skhirate- Témara,Ain El Aouda (M),45010101.0,Commune d'Ain El Aouda,Skhirate- Temara Ain El Aouda (M),0.645,direct,19.5,22.09,2.5,40.67,,28.06639289855957,11.929234504699707,42.503623962402344,2.2030766010284424,0.7939376831054688,36.037681579589844,6.312030000000001,0.01439374778419733,0.008099780417978764,35.711124420166016,35.55868148803711,4.030606269836426,2.277863025665283,4.856006622314453,1.5379914045333862,11063.0,49816.0,commune,04.501.01.,,
04.501.01.03.,Harhoura (Mun.),Skhirate- Témara,Harhoura (M),45010103.0,Commune de Harhoura,Skhirate- Temara Harhoura (M),0.715,direct,3.05,6.06,0.31,42.55,,5.951736927032471,2.4853012561798096,41.75757598876953,0.7551591992378235,0.2943963408470154,38.98467254638672,0.789044,0.005826443433761597,0.0025738945696502924,37.76371383666992,33.81890106201172,1.5428682565689087,0.7610816955566406,5.3056440353393555,0.6212695240974426,4398.0,15361.0,commune,04.501.01.,,
04.501.01.05.,Skhirate (Mun.),Skhirate- Témara,Skhirate (M),45010105.0,Commune de Skhirate,Skhirate- Temara Skhirate (M),0.626,direct,15.21,22.29,1.73,38.94,,16.401901245117188,6.73541784286499,41.06486129760742,2.441439151763916,0.9068468809127808,37.14394760131836,5.033741,0.01814253255724907,0.011851392686367035,37.41253662109375,34.786705017089844,4.849318981170654,3.406874179840088,9.200282096862793,1.819993495941162,13623.0,59775.0,commune,04.501.01.,,
04.501.01.07.,Témara (Mun.),Skhirate- Témara,Témara (M),45010107.0,Commune de Témara,Skhirate- Temara Témara (M),0.703,direct,8.51,13.99,0.94,40.87,,9.482087135314941,3.717602014541626,39.206581115722656,1.345787525177002,0.4883940815925598,36.29058074951172,1.748548,0.01037453394383192,0.005074773449450731,36.51079559326172,34.62289047241211,2.8414976596832275,1.4657278060913086,4.754689693450928,1.363696813583374,75440.0,313510.0,commune,04.501.01.,,
04.501.01.09.,Ain Attig (Mun.),Skhirate- Témara,Ain Attig (M),45010109.0,Commune d'Ain Attig,Skhirate- Temara Ain Attig,0.623,direct,7.62,14.53,0.62,35.52,0.744,19.816570281982422,8.148375511169434,41.118995666503906,2.188138246536255,0.8034750819206238,36.71957778930664,4.126213,0.016053294762969017,0.006277342326939106,37.03525924682617,35.96291732788086,4.334597587585449,1.7455042600631714,7.268786907196045,1.709420919418335,5396.0,25078.0,commune,04.501.01.,,
04.501.03.01.,El Menzeh,Skhirate- Témara,El Menzeh,45010301.0,Commune d'El Menzeh,Skhirate- Temara El Menzeh,0.611,direct,9.58,15.63,0.86,39.59,0.673,24.904151916503906,10.684188842773438,42.90123748779297,5.549692153930664,2.125965118408203,38.30780029296875,6.1811110000000005,0.027914591133594513,0.00877438671886921,38.80059814453125,38.21138381958008,7.194371223449707,2.2962756156921387,10.518909454345703,2.814337730407715,2719.0,11370.0,commune,04.501.03.,,
04.501.03.03.,Oumazza,Skhirate- Témara,Oumazza,45010303.0,Commune d'Oumazza,Skhirate- Temara Oumazza,0.627,direct,8.77,14.99,0.82,35.41,0.567,31.070100784301758,13.225910186767578,42.567970275878906,8.881468772888184,3.3657948970794678,37.896827697753906,19.00782,0.044908180832862854,0.01723650097846985,38.9290885925293,38.176639556884766,11.535893440246582,4.514934062957764,16.110183715820312,6.413521766662598,1433.0,6197.0,commune,04.501.03.,,
04.501.03.11.,Sidi Yahya Zaer,Skhirate- Témara,Sidi Yahya Zaer,45010311.0,Commune de Sidi Yahya Zaer,Skhirate- Temara Sidi Yahya Zaer,0.585,direct,11.89,18.27,1.1,37.3,0.551,52.69381332397461,24.267269134521484,46.05335235595703,9.50928020477295,3.8839452266693115,40.84373092651367,11.413730000000001,0.02616138383746147,0.007310708984732628,38.43587882645611,35.022324139754026,6.806500922600285,2.08744254293195,11.409570932409004,2.0438862996927303,13720.0,57790.0,commune,04.501.03.,,
04.501.05.03.,Mers El Kheir,Skhirate- Témara,Mers El Kheir,45010503.0,Commune de Mers El Kheir,Skhirate- Temara Mers El Kheir,0.633,direct,10.74,17.66,0.97,36.29,0.591,31.11313819885254,13.164031982421875,42.31019973754883,2.771899938583374,1.04034423828125,37.53180694580078,3.85435,0.013383538462221622,0.009721895679831505,36.450251684056084,34.67957150052297,3.6717273151457652,2.8033493833505223,6.014454241664413,3.0694309893934895,4380.0,20617.0,commune,04.501.05.,,
04.501.05.05.,Sabbah,Skhirate- Témara,Sabbah,45010505.0,Commune de Sabbah,Skhirate- Temara Sabbah,0.598,direct,12.33,18.41,1.18,37.26,0.678,28.543148040771484,12.597358703613281,44.13444137573242,3.7394371032714844,1.4102365970611572,37.7125358581543,4.199665,0.02522900328040123,0.013023048639297485,37.91666793823242,36.20815658569336,6.653802871704102,3.59671688079834,10.433162689208984,4.985469818115234,3028.0,15029.0,commune,04.501.05.,,
05.081.01.01.,Azilal (Mun.),Azilal,Azilal (M),50810101.0,Commune d'Azilal,Azilal Azilal (M),0.644,direct,9.3,14.03,1.15,43.06,,12.599698066711426,5.204068660736084,41.303123474121094,3.070981979370117,1.1764655113220215,38.30909729003906,12.06068,0.01883716695010662,0.00842259917408228,38.04008483886719,36.02233123779297,4.951925754547119,2.338160514831543,4.06662130355835,3.080338478088379,8438.0,38520.0,commune,05.081.01.,,
05.081.01.03.,Demnate (Mun.),Azilal,Demnate (M),50810103.0,Commune de Demnate,Azilal Demnate (M),0.628,direct,10.59,14.6,1.36,43.32,,12.377947807312012,5.064502716064453,40.91552734375,3.2088463306427,1.1655341386795044,36.32252883911133,9.387125000000001,0.021030494943261147,0.015447151847183704,36.75163269042969,36.147117614746094,5.722329616546631,4.273411750793457,5.902106285095215,2.5614380836486816,6239.0,29504.0,commune,05.081.01.,,
05.081.03.01.,Agoudi N'Lkhair,Azilal,Agoudi N'Lkhair,50810301.0,Commune d'Agoudi N'lkhair,Azilal Agoudi N'Lkhair,0.432,direct,28.83,33.09,2.17,27.42,0.184,68.91459655761719,31.461105346679688,45.652305603027344,41.3631706237793,17.955337524414062,43.408992767333984,54.595,0.21132101118564606,0.1222112700343132,44.554080963134766,40.249324798583984,47.43022537231445,30.363557815551758,23.238597869873047,16.054059982299805,1787.0,11752.0,commune,05.081.03.,,
05.081.03.03.,Ait Abbas,Azilal,Ait Abbas,50810303.0,Commune d'Ait Abbas,Azilal Ait Abbas,0.35,direct,45.81,30.64,4.79,28.35,0.15,87.42180633544922,44.9176139831543,51.38032913208008,69.85398864746094,32.81886672973633,46.98208999633789,84.8436,0.34804442524909973,0.1743353009223938,47.809635162353516,41.609378814697266,72.79796600341797,41.89807891845703,14.957942962646484,16.248153686523438,1695.0,12633.0,commune,05.081.03.,,
05.081.03.05.,Ait Bou Oulli,Azilal,Ait Bou Oulli,50810305.0,Commune d'Ait Bou Oulli,Azilal Ait Bou Oulli,0.343,direct,50.08,26.74,6.34,31.35,0.131,77.57294464111328,36.858154296875,47.51418685913086,45.88553237915039,19.970457077026367,43.5223388671875,64.2117,0.22692906856536865,0.04623916372656822,44.90419006347656,40.356624603271484,50.536277770996094,11.45763874053955,20.82920265197754,18.170446395874023,1390.0,11095.0,commune,05.081.03.,,
05.081.03.07.,Ait M'Hamed,Azilal,Ait M'Hamed,50810307.0,Commune d'Ait M'hamed,Azilal Ait M'Hamed,0.364,direct,44.68,30.46,4.56,29.66,0.209,79.89605712890625,39.606651306152344,49.57272720336914,56.62559127807617,25.948122024536133,45.82401657104492,68.4702,0.28339290618896484,0.1637503057718277,46.93701171875,39.85541915893555,60.37727737426758,41.086082458496094,17.340478897094727,12.963995933532715,3493.0,23696.0,commune,05.081.03.,,
05.081.03.09.,Tabant,Azilal,Tabant,50810309.0,Commune de Tabant,Azilal Tabant,0.491,direct,20.05,25.44,1.63,34.45,0.413,44.789424896240234,19.508914947509766,43.556968688964844,23.16380500793457,10.254182815551758,44.268131256103516,34.77241,0.12478187680244446,0.041869767010211945,44.4444465637207,40.13532257080078,28.07592010498047,10.432148933410645,17.536590576171875,16.424142837524414,2194.0,14963.0,commune,05.081.03.,,
05.081.03.11.,Tamda Noumercid,Azilal,Tamda Noumercid,50810311.0,Commune de Tamda Noumercid,Azilal Tamda Noumercid,0.492,direct,39.87,31.81,3.64,27.68,0.239,64.31924438476562,29.13134765625,45.29180145263672,37.938262939453125,15.726761817932129,41.45355987548828,46.4687,0.20240825414657593,0.0775170624256134,42.6872673034668,37.0255012512207,47.416542053222656,20.936128616333008,25.037744522094727,16.96134376525879,1807.0,11922.0,commune,05.081.03.,,
05.081.03.13.,Zaouiat Ahansal,Azilal,Zaouiat Ahansal,50810313.0,Commune de Zaouiat Ahansal,Azilal Zaouiat Ahansal,0.292,direct,49.45,28.44,5.65,29.77,0.066,88.43720245361328,43.69074249267578,49.40312957763672,78.41793823242188,42.092315673828125,53.67689895629883,85.2464,0.4555691182613373,0.22353176772594452,55.164188385009766,45.20661544799805,82.58421325683594,49.446693420410156,11.738762855529785,22.384164810180664,1615.0,10657.0,commune,05.081.03.,,
05.081.05.01.,Ait Taguella,Azilal,Ait Taguella,50810501.0,Commune d'Ait Taguella,Azilal Ait Taguella,0.573,direct,13.81,25.74,0.86,31.61,0.547,33.569480895996094,14.431577682495117,42.99017333984375,16.458913803100586,6.575497150421143,39.95098114013672,29.42032,0.08637568354606628,0.04353799670934677,40.924442291259766,37.829097747802734,21.106136322021484,11.50912857055664,20.319496154785156,14.432632446289062,1496.0,8268.0,commune,05.081.05.,,
05.081.05.05.,Bni Hassane,Azilal,Bni Hassane,50810505.0,Commune de Bni Hassane,Azilal Bni Hassane,0.513,direct,13.88,30.21,0.67,25.76,0.346,47.188873291015625,21.43967628479004,45.43375015258789,18.141921997070312,7.132474422454834,39.314876556396484,29.91631,0.09951423853635788,0.04258803278207779,40.31645202636719,37.602806091308594,24.68328285217285,11.325758934020996,23.24252700805664,12.723203659057617,2028.0,12077.0,commune,05.081.05.,,
05.081.05.07.,Bzou,Azilal,Bzou,50810507.0,Commune de Bzou,Azilal Bzou,0.527,fuzzy,15.08,25.05,0.98,31.14,0.61,21.386489868164062,8.846120834350586,41.36312484741211,5.977710247039795,2.3167848587036133,38.75706100463867,13.780526,0.03659677878022194,0.02168542705476284,38.03470097650785,38.48273315743885,9.621944506443516,5.635105710956065,13.13956838009234,13.40495715398686,3092.0,14072.0,commune,05.081.05.,,
05.081.05.09.,Foum Jemaa,Azilal,Foum Jemaa,50810509.0,Commune de Foum Jemaa,Azilal Foum Jemaa,0.488,direct,14.58,31.04,0.75,26.04,0.544,32.061424255371094,13.322734832763672,41.55378341674805,18.54779052734375,7.468236446380615,40.26483154296875,29.53817,0.058583181351423264,0.031855810433626175,38.74023863441686,37.991606965174,15.122049841102733,8.384960378293577,13.25838118102743,11.760307798526195,2033.0,9873.0,commune,05.081.05.,,
05.081.05.11.,Moulay Aissa Ben Driss,Azilal,Moulay Aissa Ben Driss,50810511.0,Commune de Moulay Aissa Ben Driss,Azilal Moulay Aissa Ben Driss,0.498,direct,11.08,23.24,0.61,31.66,0.585,33.5631103515625,14.475433349609375,43.12900161743164,9.422338485717773,3.909867525100708,41.4957275390625,20.92484,0.06021035462617874,0.029663532972335815,41.99809265136719,39.11424255371094,14.33644962310791,7.5838189125061035,15.227948188781738,12.511699676513672,2440.0,13797.0,commune,05.081.05.,,
05.081.05.13.,Rfala,Azilal,Rfala,50810513.0,Commune de Rfala,Azilal Rfala,0.485,direct,22.95,28.94,1.77,30.83,0.224,46.67008972167969,20.437936782836914,43.792362213134766,16.360652923583984,6.499812126159668,39.72832107543945,34.87534,0.08957044780254364,0.050153911113739014,41.62165069580078,38.307918548583984,21.520156860351562,13.09230899810791,25.0179500579834,16.012407302856445,1660.0,9749.0,commune,05.081.05.,,
05.081.05.15.,Tabia,Azilal,Tabia,50810515.0,Commune de Tabia,Azilal Tabia,0.475,direct,26.9,30.15,2.23,30.4,0.183,62.41965866088867,27.644752502441406,44.288536071777344,27.621353149414062,11.020512580871582,39.89852523803711,32.50097,0.15034469962120056,0.08957964926958084,41.260684967041016,39.38397216796875,36.43776321411133,22.74520492553711,23.1749267578125,23.370969772338867,1386.0,7849.0,commune,05.081.05.,,
05.081.05.17.,Tanant,Azilal,Tanant,50810517.0,Commune de Tanant,Azilal Tanant,0.531,direct,15.33,27.21,0.92,30.75,0.405,49.915061950683594,23.345882415771484,46.771217346191406,22.60414695739746,9.637378692626953,42.63544845581055,29.95513,0.13195613026618958,0.0692860335111618,43.57564163208008,40.15340042114258,30.282085418701172,17.255334854125977,23.809078216552734,19.56401824951172,2008.0,10706.0,commune,05.081.05.,,
05.081.05.19.,Taounza,Azilal,Taounza,50810519.0,Commune de Taounza,Azilal Taounza,0.493,direct,15.44,28.44,0.91,28.83,0.39,50.21533203125,23.089290618896484,45.980560302734375,18.741294860839844,7.878269195556641,42.03695297241211,27.51565,0.10193728655576706,0.04486929625272751,42.07889175415039,40.139617919921875,24.225278854370117,11.178306579589844,24.03377342224121,22.61022186279297,1859.0,11488.0,commune,05.081.05.,,
05.081.05.21.,Tisqi,Azilal,Tisqi,50810521.0,Commune de Tisqi,Azilal Tisqi,0.532,direct,12.24,24.5,0.74,30.08,0.453,38.118656158447266,16.466617584228516,43.19831848144531,9.646982192993164,3.7145490646362305,38.50477981567383,18.984873,0.05311534181237221,0.040063172578811646,39.432369232177734,38.60877990722656,13.469985008239746,10.376700401306152,21.620302200317383,20.212766647338867,1029.0,6147.0,commune,05.081.05.,,
05.081.09.03.,Ait Mazigh,Azilal,Ait Mazigh,50810903.0,Commune d'Ait Mazigh,Azilal Ait Mazigh,0.523,direct,20.44,29.65,1.4,28.24,0.157,68.22605895996094,31.754756927490234,46.54344177246094,58.01801681518555,27.032032012939453,46.59247970581055,65.04503,0.31863531470298767,0.12264417111873627,47.43207931518555,39.24897384643555,67.17717742919922,31.247739791870117,18.288288116455078,19.132007598876953,576.0,3330.0,commune,05.081.09.,,
05.081.09.07.,Ait Ouqabli,Azilal,Ait Ouqabli,50810907.0,Commune d'Ait Ouqabli,Azilal Ait Ouqabli,0.573,direct,10.41,22.85,0.58,31.55,0.434,67.4324722290039,31.95694923400879,47.39104080200195,51.75864028930664,23.94043731689453,46.25398635864258,56.670770000000005,0.30523550510406494,0.08591199666261673,48.44401931762695,39.89692306518555,63.00788497924805,21.533489227294922,24.833232879638672,20.475910186767578,674.0,3298.0,commune,05.081.09.,,
05.081.09.09.,Anergui,Azilal,Anergui,50810909.0,Commune d'Anergui,Azilal Anergui,0.363,direct,24.24,28.48,1.97,31.43,0.106,79.35138702392578,39.2161750793457,49.4209098815918,67.08683013916016,32.62371826171875,48.62908935546875,76.0784,0.3472300171852112,0.21728363633155823,50.78292465209961,42.75685501098633,68.37535095214844,50.81843185424805,16.750699996948242,31.201208114624023,636.0,3570.0,commune,05.081.09.,,
05.081.09.11.,Bin El Ouidane,Azilal,Bin El Ouidane,50810911.0,Commune de Bin El Ouidane,Azilal Bin El Ouidane,0.513,direct,18.6,26.45,1.27,31.17,0.436,46.3093147277832,20.544816970825195,44.36432647705078,22.856056213378906,9.827597618103027,42.99778366088867,26.05061,0.14728191494941711,0.09436603635549545,44.38713836669922,38.62716293334961,33.18121337890625,24.429967880249023,21.924320220947266,20.152008056640625,994.0,5421.0,commune,05.081.09.,,
05.081.09.13.,Isseksi,Azilal,Isseksi,50810913.0,Commune d'Isseksi,Azilal Isseksi,0.385,direct,29.86,29.96,2.71,29.05,0.282,71.1500015258789,33.366668701171875,46.89623260498047,47.72998809814453,20.413515090942383,42.768741607666016,54.42056,0.23715654015541077,0.18018531799316406,44.50672912597656,41.71062088012695,53.285545349121094,43.19890594482422,20.72879409790039,37.115516662597656,310.0,1674.0,commune,05.081.09.,,
05.081.09.15.,Ouaouizeght,Azilal,Ouaouizeght,50810915.0,Commune d'Ouaouizeght,Azilal Ouaouizeght,0.52,direct,18.61,27.62,1.23,31.61,0.441,40.70000076293945,17.60444450378418,43.25416564941406,22.456552505493164,9.32326602935791,41.516910552978516,28.68575,0.05461732670664787,0.03302525356411934,38.98943857626303,36.78039056839646,14.008236430717316,8.979038040695135,12.958133561233176,8.301276531498734,3261.0,14570.0,commune,05.081.09.,,
05.081.09.17.,Tabaroucht,Azilal,Tabaroucht,50810917.0,Commune de Tabaroucht,Azilal Tabaroucht,0.437,direct,32.37,31.21,2.98,27.73,0.028,78.89502716064453,37.058013916015625,46.971290588378906,69.39947509765625,32.7487678527832,47.18878173828125,85.6397,0.3749927580356598,0.2218639999628067,50.270294189453125,41.79624557495117,74.59529876708984,53.082279205322266,18.381200790405273,21.485685348510742,665.0,3830.0,commune,05.081.09.,,
05.081.09.19.,Tagleft,Azilal,Tagleft,50810919.0,Commune de Tagleft,Azilal Tagleft,0.442,direct,26.99,28.48,2.29,35.73,0.403,68.33551788330078,33.29412078857422,48.72154235839844,52.12957763671875,25.536827087402344,48.987213134765625,59.41728,0.29187095165252686,0.10923611372709274,50.96428680419922,41.79092788696289,57.26969909667969,26.138713836669922,13.38790225982666,21.60009002685547,2766.0,14423.0,commune,05.081.09.,,
05.081.09.21.,Tiffert N'Ait Hamza,Azilal,Tiffert N'Ait Hamza,50810921.0,Commune de Tiffert N'ait Hamza,Azilal Tiffert N'Ait Hamza,0.369,direct,28.28,31.45,2.23,28.83,0.405,74.46245574951172,37.51976013183594,50.38748550415039,54.87282180786133,26.502811431884766,48.29861068725586,61.01741,0.24915055930614471,0.131181001663208,48.111358642578125,42.102535247802734,51.786224365234375,31.15750503540039,19.577022552490234,26.69133186340332,671.0,3499.0,commune,05.081.09.,,
05.081.09.23.,Tilougguite,Azilal,Tilougguite,50810923.0,Commune de Tilougguite,Azilal Tilougguite,0.398,direct,30.68,30.47,2.6,31.86,0.127,77.60665893554688,37.45866775512695,48.267333984375,59.63581085205078,28.351037979125977,47.54029083251953,67.29903,0.31377509236335754,0.1752779185771942,48.869197845458984,42.64030075073242,64.2071304321289,41.106163024902344,18.93019676208496,23.415185928344727,1890.0,10544.0,commune,05.081.09.,,
05.081.11.01.,Afourar,Azilal,Afourar,50811101.0,Commune d'Afourar,Azilal Afourar (AC),0.694,direct,8.41,11.78,1.08,42.59,,17.6319637298584,7.3727874755859375,41.81489181518555,5.123825550079346,2.00276517868042,39.087303161621094,9.71086,0.02233078144490719,0.015009763650596142,37.44700172594303,36.71230739794876,5.963302749950014,4.088482774790413,6.164576038854931,4.1626325831550695,4627.0,21382.0,commune,05.081.11.,,
05.081.11.03.,Bni Ayat,Azilal,Bni Ayat,50811103.0,Commune de Bni A'yat,Azilal Bni Ayat,0.561,direct,8.61,21.89,0.45,29.57,0.578,23.637060165405273,10.127697944641113,42.84668731689453,7.625329494476318,2.9475717544555664,38.655006408691406,14.3896,0.04425877332687378,0.026391729712486267,39.48389434814453,37.23865509033203,11.209322929382324,7.087186813354491,13.970975875854492,13.105667114257812,4314.0,22900.0,commune,05.081.11.,,
05.081.11.05.,Ait Ouaarda,Azilal,Ait Ouaarda,50811105.0,Commune d'Ait Ouaarda,Azilal Ait Ouaarda,0.579,direct,19.71,26.74,1.6,29.55,0.412,48.264278411865234,20.632699966430664,42.749420166015625,24.81751823425293,9.745877265930176,39.2701530456543,30.5961,0.17660179734230042,0.05151930823922157,42.88528060913086,38.350341796875,41.180049896240234,13.433858871459961,24.63503646850586,21.04180908203125,275.0,1644.0,commune,05.081.11.,,
05.081.11.25.,Timoulilt,Azilal,Timoulilt,50811125.0,Commune de Timoulilt,Azilal Timoulilt,0.633,direct,9.3,21.06,0.53,30.86,0.608,17.315874099731445,7.22585916519165,41.729679107666016,8.479443550109863,3.264812707901001,38.5026741027832,12.5,0.04395908862352371,0.01874290406703949,38.72614288330078,38.439788818359375,11.351269721984863,4.875912189483643,11.71402645111084,9.109489440917969,1444.0,6616.0,commune,05.081.11.,,
05.081.13.05.,Ait Oumdis,Azilal,Ait Oumdis,50811305.0,Commune d'Ait Oumdis,Azilal Ait Oumdis,0.34,direct,59.39,23.79,8.55,29.94,0.148,86.11563110351562,39.928321838378906,46.36594009399414,64.85591888427734,27.11290168762207,41.8048210144043,80.34009999999999,0.3044414520263672,0.12271323055028915,43.61943054199219,40.581478118896484,69.79491424560547,30.23872947692871,12.798545837402344,26.003393173217773,2204.0,15408.0,commune,05.081.13.,,
05.081.13.07.,Ait Tamlil,Azilal,Ait Tamlil,50811307.0,Commune d'Ait Tamlil,Azilal Ait Tamlil,0.37,direct,38.68,29.32,3.97,31.02,0.285,75.43803405761719,35.092594146728516,46.518436431884766,52.58905792236328,23.683170318603516,45.034400939941406,67.75399999999999,0.27307242155075073,0.12112752348184586,46.83994674682617,41.30807876586914,58.29904556274414,29.322961807250973,22.22779655456543,25.099523544311523,2798.0,19930.0,commune,05.081.13.,,
05.081.13.09.,Anzou,Azilal,Anzou,50811309.0,Commune d'Anzou,Azilal Anzou,0.502,direct,16.02,28.5,0.93,28.12,0.497,41.0667610168457,17.599580764770508,42.856021881103516,14.699591636657715,5.960277080535889,40.54722595214844,22.02994,0.08274102210998535,0.027925102040171623,41.69207000732422,37.70627212524414,19.845745086669922,7.405956745147705,24.732646942138672,11.215692520141602,2562.0,15429.0,commune,05.081.13.,,
05.081.13.17.,Sidi Yacoub,Azilal,Sidi Yacoub,50811317.0,Commune de Sidi Yacoub,Azilal Sidi Yacoub,0.461,direct,20.41,31.7,1.27,26.9,0.323,56.18950271606445,24.972444534301758,44.44325637817383,27.635744094848633,11.136195182800293,40.29634475708008,36.2789,0.14790602028369904,0.04507867991924286,42.00481414794922,39.18305206298828,35.2116813659668,11.504636764526367,20.822093963623047,17.173721313476562,2721.0,17054.0,commune,05.081.13.,,
05.081.13.19.,Tidili Fetouaka,Azilal,Tidili Fetouaka,50811319.0,Commune de Tidili Fetouaka,Azilal Tidili Fetouaka,0.554,direct,8.98,22.49,0.45,28.59,0.556,33.930824279785156,14.501108169555664,42.73727035522461,13.245553016662598,5.281674861907959,39.875083923339844,19.56266,0.07958652079105377,0.03794949874281883,40.73182678222656,39.32115936279297,19.539148330688477,9.651165008544922,19.884002685546875,15.407654762268066,2181.0,12759.0,commune,05.081.13.,,
05.081.15.01.,Ait Blal,Azilal,Ait Blal,50811501.0,Commune d'Ait Blal,Azilal Ait Blal,0.342,direct,59.03,25.53,7.72,27.44,0.074,79.4213638305664,36.80926513671875,46.346805572509766,59.83940887451172,26.143360137939453,43.68920135498047,75.5036,0.28605589270591736,0.07349851727485657,44.49563217163086,42.70545959472656,64.28853607177734,17.210567474365234,18.02027130126953,30.652681350708008,1082.0,7770.0,commune,05.081.15.,,
05.081.15.03.,Ait Majden,Azilal,Ait Majden,50811503.0,Commune d'Ait Majden,Azilal Ait Majden,0.485,direct,16.29,26.72,1.08,30.79,0.437,47.26801681518555,21.244184494018555,44.944095611572266,27.407238006591797,11.629929542541504,42.43378448486328,38.8003,0.15270507335662842,0.07259464263916016,44.235633850097656,40.40998840332031,34.52082824707031,17.964529037475586,24.174823760986328,17.421024322509766,2991.0,17572.0,commune,05.081.15.,,
05.081.15.11.,Imlil,Azilal,Imlil,50811511.0,Commune d'Imlil,Azilal Imlil,0.5,direct,8.42,21.52,0.41,29.84,0.722,18.66073226928711,7.766392707824707,41.6189079284668,7.1780500411987305,2.7893173694610596,38.858978271484375,13.14849,0.03965801000595093,0.02006707340478897,40.166343688964844,38.338294982910156,9.873442649841309,5.234211444854736,15.563714027404785,13.39688205718994,2035.0,10435.0,commune,05.081.15.,,
05.081.15.13.,Ouaoula,Azilal,Ouaoula,50811513.0,Commune d'Ouaoula,Azilal Ouaoula,0.416,direct,42.36,32.56,3.78,26.9,0.248,80.93399047851562,40.18509292602539,49.65168762207031,41.27470779418945,18.781766891479492,45.504302978515625,54.0361,0.21916544437408447,0.09020344913005829,46.88566970825195,40.53837966918945,46.74465560913086,22.25136947631836,22.194433212280273,21.91294670104981,3814.0,24790.0,commune,05.081.15.,,
05.081.15.15.,Sidi Boulkhalf,Azilal,Sidi Boulkhalf,50811515.0,Commune de Sidi Boulkhalf,Azilal Sidi Boulkhalf,0.372,direct,28.44,30.18,2.48,30.77,0.238,72.68233489990234,34.02878189086914,46.81850814819336,48.646400451660156,21.632356643676758,44.46856689453125,64.7872,0.2630186676979065,0.08296263962984085,46.967620849609375,40.81374740600586,56.0,20.327131271362305,19.34079933166504,25.015380859375,2179.0,15625.0,commune,05.081.15.,,
05.081.15.21.,Tifni,Azilal,Tifni,50811521.0,Commune de Tifni,Azilal Tifni,0.411,direct,39.74,31.24,3.69,28.88,0.27,70.58101654052734,31.59816551208496,44.768646240234375,39.54081726074219,16.386999130249023,41.4432487487793,63.6649,0.1935374140739441,0.09874628484249115,43.114227294921875,41.45241165161133,44.88945388793945,23.82160186767578,20.935373306274414,23.972383499145508,1987.0,11760.0,commune,05.081.15.,,
05.091.01.01.,Béni Mellal (Mun.),Béni Mellal,Béni Mellal (M),50910101.0,Commune de Béni Mellal,Beni Mellal Béni Mellal (M),0.698,direct,6.83,9.64,0.87,44.54,,9.419858932495117,3.7786457538604736,40.11361312866211,1.9386870861053467,0.6984224319458008,36.02553939819336,3.305447,0.014737357385456562,0.010084139183163643,36.19082260131836,34.85019302368164,4.072125434875488,2.8935675621032715,3.421915054321289,1.8272438049316406,45529.0,192676.0,commune,05.091.01.,,
05.091.01.03.,El Ksiba (Mun.),Béni Mellal,El Ksiba (M),50910103.0,Commune d'El Ksiba,Beni Mellal El Ksiba (M),0.654,direct,10.03,13.83,1.25,42.51,,12.359307289123535,4.878547191619873,39.472660064697266,4.084795951843262,1.5299235582351685,37.4541015625,4.4754510000000005,0.025654274970293045,0.016923492774367332,36.91447067260742,35.85177993774414,6.949652671813965,4.720405101776123,4.969751358032227,3.6969163417816158,5391.0,20001.0,commune,05.091.01.,,
05.091.01.07.,Kasba Tadla (Mun.),Béni Mellal,Kasba Tadla (M),50910107.0,Commune de Kasba Tadla,Beni Mellal Kasba Tadla (M),0.702,direct,7.93,11.48,1.01,42.47,,7.870670318603516,3.162830352783203,40.18501663208008,2.1161208152770996,0.7638593912124634,36.09715270996094,5.994937999999999,0.01550876721739769,0.013549396768212318,36.18968963623047,35.820098876953125,4.285410404205322,3.782624006271362,3.9323692321777344,2.5517590045928955,11488.0,47343.0,commune,05.091.01.,,
05.091.01.13.,Zaouiat Cheikh (Mun.),Béni Mellal,Zaouiat Cheikh (M),50910113.0,Commune de Zaouiat Cheikh,Beni Mellal Zaouiat Cheikh (M),0.61,direct,10.36,14.3,1.34,41.91,,12.826153755187988,5.15148401260376,40.16390609741211,3.978257656097412,1.4851723909378052,37.33223342895508,10.112671,0.02650858834385872,0.016582094132900238,37.513938903808594,35.50738525390625,7.066330432891846,4.670041084289551,5.565621376037598,3.6901462078094482,6614.0,25388.0,commune,05.091.01.,,
05.091.03.01.,Foum Oudi,Béni Mellal,Foum Oudi,50910301.0,Commune de Foum Oudi,Beni Mellal Foum Oudi,0.544,direct,7.76,19.53,0.38,30.73,0.376,32.23532485961914,14.419380187988281,44.73160934448242,14.526280403137207,6.114153861999512,42.09029006958008,21.85895,0.07919380068778992,0.025212131440639496,43.037662506103516,38.578460693359375,18.401046752929688,6.535286903381348,10.676040649414062,5.989394664764404,2508.0,12233.0,commune,05.091.03.,,
05.091.03.03.,Ouled Gnaou,Béni Mellal,Ouled Gnaou,50910303.0,Commune d'Ouled Gnaou,Beni Mellal Oulad Gnaou,0.559,fuzzy,4.38,16.83,0.17,27.02,0.673,21.819473266601562,9.294795989990234,42.59862518310547,3.8915092945098877,1.4644479751586914,37.631874084472656,12.555028,0.027555033564567566,0.02517218515276909,37.48663330078125,35.13871383666992,7.350628852844238,7.16366147994995,13.018867492675781,4.991049766540528,2460.0,12720.0,commune,05.091.03.,,
05.091.03.05.,Ouled M'Barek,Béni Mellal,Ouled M'Barek,50910305.0,Commune d'Ouled M'barek,Beni Mellal Oulad M'Barek (AC),0.637,fuzzy,13.76,18.6,1.81,39.99,,24.717912673950195,10.754584312438965,43.509273529052734,5.632068157196045,2.1317758560180664,37.85067367553711,8.65525,0.0234687402844429,0.02453741617500782,37.60703908650786,36.56672015466673,6.240517957875856,6.7103134852511594,6.741175156072742,5.3137040389652626,4116.0,19774.0,commune,05.091.03.,,
05.091.03.07.,Ouled Yaich,Béni Mellal,Ouled Yaich,50910307.0,Commune d'Ouled Yaich,Beni Mellal Oulad Yaich (AC),0.671,fuzzy,12.29,16.83,1.68,39.63,,32.04763412475586,13.879368782043457,43.308563232421875,6.891323089599609,2.5938405990600586,37.63922882080078,13.945519999999998,0.03125089406967163,0.026962734758853912,36.99481218929183,36.405925569192895,8.447372110828178,7.406139229320736,7.391905568202764,8.147865115803281,5404.0,27476.0,commune,05.091.03.,,
05.091.03.09.,Sidi Jaber,Béni Mellal,Sidi Jaber,50910309.0,Commune de Sidi Jaber,Beni Mellal Sidi Jaber,0.612,direct,6.53,19.69,0.3,27.1,0.619,26.619295120239258,11.517642974853516,43.26802444458008,6.4869771003723145,2.5320236682891846,39.032413482666016,11.89163,0.03529883921146393,0.018306896090507507,38.484243124999615,37.54421520472891,9.172283311048876,4.876089469446602,14.769375925480364,8.897961441481367,3790.0,20432.0,commune,05.091.03.,,
05.091.03.11.,Foum El Anceur,Béni Mellal,Foum El Anceur,50910311.0,Commune de Foum El Anceur,Beni Mellal Foum El Anceur,0.523,direct,16.53,24.39,1.08,32.99,0.662,38.907073974609375,17.756046295166016,45.637062072753906,20.31827163696289,9.861322402954102,48.534263610839844,23.369,0.10511261224746704,0.05942939594388008,48.26268005371094,41.31794738769531,21.779273986816406,14.38343334197998,11.850966453552246,13.092128753662111,3883.0,18412.0,commune,05.091.03.,,
05.091.05.01.,Aghbala,Béni Mellal,Aghbala,50910501.0,Commune d'Aghbala,Beni Mellal Aghbala,0.434,direct,16.27,27.52,1.08,28.51,0.19,77.19672393798828,35.70582962036133,46.2530403137207,51.77269744873047,23.96915054321289,46.29689025878906,56.62695,0.13825184106826782,0.08303701132535934,42.17176161654799,38.49157834316919,32.78303765814103,21.572774625773068,13.84868162512714,12.597047202144239,2945.0,12781.0,commune,05.091.05.,,
05.091.05.05.,Boutferda,Béni Mellal,Boutferda,50910505.0,Commune de Boutferda,Beni Mellal Boutferda,0.405,direct,22.93,30.66,1.69,27.92,0.247,86.35357666015625,42.43973922729492,49.14647674560547,70.694091796875,34.673553466796875,49.04731750488281,77.74321,0.39860039949417114,0.1618041694164276,50.6456184387207,41.89731979370117,78.70382690429688,38.61921691894531,12.3663911819458,25.31438636779785,1247.0,7391.0,commune,05.091.05.,,
05.091.05.17.,Tizi N'Isly,Béni Mellal,Tizi N'Isly,50910517.0,Commune de Tizi N'isly,MELLAL Beni Mellal Tizi N'Isly,0.45,direct,13.93,25.14,0.85,33.72,0.469,63.29025650024414,29.647117614746094,46.843101501464844,41.978519439697266,18.834257125854492,44.866416931152344,45.007529999999996,0.21625086665153503,0.09739647805690765,45.6397705078125,40.11593246459961,47.382110595703125,24.27875137329102,24.52592658996582,22.321186065673828,2382.0,11918.0,commune,05.091.05.,,
05.091.07.03.,Ait Oum El Bekht,Béni Mellal,Ait Oum El Bekht,50910703.0,Commune d'Ait Oum El Bekht,Beni Mellal Ait Oum El Bekht,0.441,direct,8.66,22.37,0.43,28.9,0.277,56.706764221191406,25.750532150268555,45.40998458862305,23.9936580657959,10.041067123413086,41.84884262084961,29.226650000000003,0.1375742107629776,0.08439668267965317,43.04707717895508,40.46409225463867,31.959014892578125,20.857179641723633,24.188825607299805,23.082792282104492,1729.0,8198.0,commune,05.091.07.,,
05.091.07.07.,Dir El Ksiba,Béni Mellal,Dir El Ksiba,50910707.0,Commune de Dir El Ksiba,Beni Mellal Dir El Ksiba,0.593,direct,4.6,15.12,0.2,29.59,0.579,36.3743896484375,15.64065933227539,42.99909591674805,14.83257007598877,6.073317050933838,40.94581985473633,17.102566,0.06400373578071594,0.0319979228079319,39.75014329274774,38.19916667144888,16.10150983093135,8.376601919719203,19.02865937574508,11.462240264355316,4949.0,22855.0,commune,05.091.07.,,
05.091.07.11.,Naour,Béni Mellal,Naour,50910711.0,Commune de Naour,Beni Mellal Naour,0.428,direct,32.48,32.76,2.71,26.9,0.262,79.01445770263672,39.43641662597656,49.910377502441406,48.10801696777344,21.02294921875,43.69947052001953,57.376189999999994,0.23705802857875824,0.16677148640155792,44.12383270263672,41.7401123046875,53.72562026977539,39.95472717285156,20.68678092956543,25.561214447021484,1243.0,5999.0,commune,05.091.07.,,
05.091.07.13.,Taghzirt,Béni Mellal,Taghzirt,50910713.0,Commune de Taghzirt,Beni Mellal Taghzirt,0.576,direct,4.43,12.85,0.21,32.01,0.765,30.572275161743164,13.862199783325195,45.34239196777344,12.872479438781738,5.582032203674316,43.364078521728516,15.3808,0.07022341340780258,0.04511416703462601,43.124874114990234,39.643333435058594,16.283737182617188,11.380013465881348,11.628374099731445,11.031150817871094,4495.0,19936.0,commune,05.091.07.,,
05.091.07.15.,Tanougha,Béni Mellal,Tanougha,50910715.0,Commune de Tanougha,Beni Mellal Tanougha,0.506,direct,10.85,23.08,0.58,29.72,0.622,47.912452697753906,21.491121292114258,44.85498046875,23.70335578918457,10.68911075592041,45.09534454345703,28.94473,0.11818648129701614,0.051562774926424026,45.67042922973633,40.535255432128906,25.87811851501465,12.720476150512695,20.08917999267578,12.741678237915039,2748.0,12783.0,commune,05.091.07.,,
05.091.11.01.,Guettaya,Béni Mellal,Guettaya,50911101.0,Commune de Guettaya,Beni Mellal Guettaya,0.457,direct,8.93,22.42,0.44,27.63,0.661,35.100196838378906,15.791973114013672,44.99112319946289,11.206717491149902,4.290318489074707,38.28345489501953,15.75186,0.060817740857601166,0.046208322048187256,38.52503204345703,39.66616439819336,15.786551475524902,11.649304389953613,13.559086799621582,16.573450088500977,2854.0,14425.0,commune,05.091.11.,,
05.091.11.03.,Ouled Youssef,Béni Mellal,Ouled Youssef,50911103.0,Commune d'Ouled Youssef,Beni Mellal Oulad Youssef,0.557,fuzzy,15.58,26.08,0.99,29.8,0.731,36.06685256958008,15.614044189453125,43.29195022583008,12.071800231933594,4.628361225128174,38.34027099609375,21.841600000000003,0.06231159716844559,0.032892871648073196,38.0703239440918,36.210636138916016,16.36749839782715,9.083759307861328,11.873115539550781,6.612301349639892,2663.0,14596.0,commune,05.091.11.,,
05.091.11.05.,Ouled Said L'Oued,Béni Mellal,Ouled Said Loued,50911105.0,Commune d'Ouled Said Loued,Beni Mellal Oulad Said L'Oued,0.58,fuzzy,10.69,23.22,0.63,29.96,0.766,34.3442497253418,15.108680725097656,43.99187469482422,9.058602333068848,3.560340404510498,39.30341720581055,15.61563,0.050964318215847015,0.05612274259328842,39.40673065185547,38.81946563720703,12.932896614074707,14.45737075805664,10.988780975341797,15.519095420837402,2833.0,14351.0,commune,05.091.11.,,
05.091.11.07.,Semguet,Béni Mellal,Semguet,50911107.0,Commune de Semguet,Beni Mellal Semguet,0.556,direct,8.3,19.56,0.45,30.77,0.583,40.60761642456055,18.335474014282227,45.152793884277344,16.573970794677734,6.647510051727295,40.10812759399414,18.52261,0.08301199227571487,0.05588904023170471,40.735687255859375,39.12712097167969,20.378198623657227,14.283964157104492,13.170188903808594,18.15509033203125,1796.0,8990.0,commune,05.091.11.,,
05.255.01.05.,Fquih Ben Salah (Mun.),Fquih Ben Salah,Fquih Ben Salah (M),52550105.0,Commune de Fquih Ben Salah,Beni Mellal Fquih Ben Salah (M),0.676,direct,10.3,13.79,1.38,43.22,,13.928604125976562,5.572290897369385,40.006099700927734,2.968471050262451,1.0708034038543701,36.07255935668945,4.908098,0.021831898018717766,0.015155775472521782,35.970584869384766,35.32881164550781,6.069375514984131,4.289919376373291,3.7699387073516846,1.6379382610321047,22584.0,102019.0,commune,05.255.01.,,
05.255.01.09.,Ouled Ayad (Mun.),Fquih Ben Salah,Ouled Ayad (M),52550109.0,Commune d'Ouled Ayad,,0.6760000000000002,imputed_cercle,10.300000000000002,13.790000000000001,1.3800000000000001,43.22,,13.607565879821777,5.644844055175781,41.483131408691406,2.926358222961426,1.0769165754318237,36.800575256347656,13.076692,0.022252080962061882,0.01773899979889393,36.9080810546875,36.506221771240234,6.029053688049316,4.8591718673706055,5.542026996612549,5.106446743011475,4831.0,23818.0,commune,05.255.01.,,
05.255.01.11.,Souk Sebt Ouled Nemma (Mun.),Fquih Ben Salah,Souk Sebt Ouled Nemma (M),52550111.0,Commune de Souk Sebt Ouled Nemma,,0.6760000000000002,imputed_cercle,10.300000000000002,13.790000000000001,1.3800000000000001,43.22,,24.497833251953125,10.787765502929688,44.03559112548828,4.465476036071777,1.6620569229125977,37.220149993896484,10.341778000000001,0.02726680226624012,0.018016455695033073,37.14970397949219,35.62154006958008,7.339709281921387,5.057742118835449,7.108104705810547,3.723175287246704,12145.0,60076.0,commune,05.255.01.,,
05.255.05.05.,Ouled Bourahmoune,Fquih Ben Salah,Ouled Bourahmoune,52550505.0,Commune d'Ouled Bourahmoune,,0.5923690123146519,imputed_cercle,6.226731590851974,18.393577783362655,0.2963671776828349,29.02363282231717,0.7078182457903995,23.637697219848633,10.113677978515625,42.786224365234375,6.133792400360107,2.4118309020996094,39.32038879394531,11.328,0.046005282551050186,0.03548229858279228,39.21476745605469,36.99581527709961,11.731621742248535,9.59089469909668,12.86309814453125,6.823554992675781,2620.0,15113.0,commune,05.255.05.,,
05.255.05.09.,Ouled Zmam,Fquih Ben Salah,Ouled Zmam,52550509.0,Commune d'Ouled Zmam,,0.5923690123146519,imputed_cercle,6.226731590851974,18.393577783362655,0.2963671776828349,29.02363282231717,0.7078182457903995,29.06591796875,12.67124080657959,43.594844818115234,7.393320083618164,2.7485570907592773,37.17622375488281,11.517890000000001,0.051492732018232346,0.03148505464196205,37.97574996948242,36.25974655151367,13.559371948242188,8.683197975158691,10.789849281311035,7.249099254608154,5882.0,33652.0,commune,05.255.05.,,
05.255.05.11.,Sidi Aissa Ben Ali,Fquih Ben Salah,Sidi Aissa Ben Ali,52550511.0,Commune de Sidi Aissa Ben Ali,Beni Mellal Sidi Aissa Ben Ali,0.582,direct,7.21,20.26,0.35,28.97,0.617,24.774080276489258,10.704087257385254,43.20680236816406,5.762234210968018,2.192622184753418,38.051597595214844,10.453019999999999,0.0408446229994297,0.018681993708014488,38.344146728515625,36.75227355957031,10.652113914489746,5.083221435546875,13.922466278076172,8.493607521057129,4675.0,25563.0,commune,05.255.05.,,
05.255.05.13.,Sidi Hammadi,Fquih Ben Salah,Sidi Hammadi,52550513.0,Commune de Sidi Hammadi,Beni Mellal Sidi Hammadi,0.611,direct,4.46,15.04,0.2,29.12,0.871,15.122118949890137,6.436953067779541,42.56647491455078,3.4160397052764893,1.2952680587768555,37.917240142822266,9.819358,0.02595221996307373,0.016382355242967606,37.637332916259766,34.257537841796875,6.8953399658203125,4.782116889953613,9.91776180267334,3.5486965179443364,2783.0,14227.0,commune,05.255.05.,,
05.255.09.01.,Khalfia,Fquih Ben Salah,Khalfia,52550901.0,Commune de Khalfia,Beni Mellal Al Khalfia,0.573,direct,6.54,17.52,0.34,30.57,0.79,22.327590942382812,9.424029350280762,42.2079963684082,7.100865364074707,2.714475631713867,38.22739028930664,9.94781,0.046601492911577225,0.03293196111917496,38.699947357177734,36.854496002197266,12.041746139526367,8.935669898986816,13.897879600524902,11.093085289001465,2926.0,15451.0,commune,05.255.09.,,
05.255.09.03.,Bni Chegdale,Fquih Ben Salah,Bni Chegdale,52550903.0,Commune de Bni Chegdale,Beni Mellal Bni Chegdale,0.545,direct,18.56,28.51,1.32,29.5,0.736,38.50802993774414,15.77783489227295,40.97284698486328,11.831526756286621,4.425414562225342,37.4035758972168,18.75219,0.07255621999502182,0.032541193068027496,38.22897720336914,35.44278335571289,18.97937774658203,9.181330680847168,15.59769344329834,5.516661643981934,2145.0,11444.0,commune,05.255.09.,,
05.255.09.05.,Bni Oukil,Fquih Ben Salah,Bni Oukil,52550905.0,Commune de Bni Oukil,Beni Mellal Bni Oukil,0.505,direct,9.85,22.24,0.54,29.82,0.595,37.2526741027832,16.148618698120117,43.34888458251953,9.449541091918945,3.6544342041015625,38.67313766479492,15.71344,0.054219458252191544,0.034857649356126785,39.24995040893555,37.17856979370117,13.813892364501953,9.375737190246582,13.938401222229004,7.27736759185791,2763.0,15260.0,commune,05.255.09.,,
05.255.09.07.,Bradia,Fquih Ben Salah,Bradia,52550907.0,Commune de Bradia,Beni Mellal Bradia (AC),0.673,direct,10.44,13.98,1.4,41.44,,24.23427391052246,10.40767765045166,42.946109771728516,5.353888034820557,2.05700945854187,38.42084884643555,8.92267,0.03222793713212013,0.02256583794951439,37.33100340424443,35.32585752984048,8.633022399260575,6.387909301339412,9.092697197988741,3.4438380126122103,7662.0,40685.0,commune,05.255.09.,,
05.255.09.09.,Hel Merbaa,Fquih Ben Salah,Hel Merbaa,52550909.0,Commune de Hel Merbaa,Beni Mellal Hel Merbaa,0.594,direct,6.99,17.78,0.39,32.05,0.836,24.409385681152344,10.411712646484375,42.654544830322266,5.654885768890381,2.1293601989746094,37.65522766113281,12.29105,0.04184338450431824,0.030039725825190544,36.91611862182617,34.92079544067383,11.33471965789795,8.602245330810547,9.37214183807373,3.9431943893432617,2290.0,12025.0,commune,05.255.09.,,
05.255.09.11.,Krifate,Fquih Ben Salah,Krifate,52550911.0,Commune de Krifate,Beni Mellal Krifate,0.555,direct,5.58,17.35,0.26,28.45,0.757,32.56558609008789,14.351093292236328,44.06828308105469,8.763859748840332,3.3664026260375977,38.41232681274414,15.125800000000002,0.049153443425893784,0.02829602174460888,38.53307342529297,36.7307243347168,12.756170272827148,7.703638553619385,14.081219673156738,6.04370641708374,5547.0,29214.0,commune,05.255.09.,,
05.255.11.01.,Dar Ould Zidouh,Fquih Ben Salah,Dar Ould Zidouh,52551101.0,Commune de Dar Ould Zidouh,BENI MELLAL Dar Ould Zidouh (AC),0.653,direct,15.6,20.67,2.03,41.39,,34.57345199584961,15.405631065368652,44.55913162231445,10.249504089355469,4.111828327178955,40.117340087890625,17.9439,0.04596162959933281,0.026859881356358528,38.284980212919294,36.31365392406919,12.005133023046323,7.39663431234367,12.563362069660784,10.115258781299703,5508.0,31170.0,commune,05.255.11.,,
05.255.11.03.,Had Boumoussa,Fquih Ben Salah,Had Boumoussa,52551103.0,Commune de Had Boumoussa,Beni Mellal Had Boumoussa,0.54,direct,9.77,23.28,0.53,28.64,0.534,37.52366256713867,16.27287483215332,43.36697006225586,10.724839210510254,4.1868133544921875,39.038475036621094,21.63544,0.06843089312314987,0.031735196709632874,39.721214294433594,37.003265380859375,17.227794647216797,8.576323509216309,18.579870223999023,10.301061630249023,7147.0,44672.0,commune,05.255.11.,,
05.255.11.07.,Ouled Nacer,Fquih Ben Salah,Ouled Nacer,52551107.0,Commune d'Ouled Nacer,,0.5864414176841328,imputed_cercle,12.166048363703489,22.207326547295693,1.1464789958070725,33.880071464360114,0.534,36.10283660888672,15.68402099609375,43.442623138427734,7.756584167480469,2.948089599609375,38.00757598876953,13.322499999999998,0.04825535789132118,0.0331251360476017,37.8922119140625,37.52998733520508,12.734901428222656,8.826311111450195,13.796142578125,12.361701965332031,4554.0,28438.0,commune,05.255.11.,,
05.301.01.01.,Khenifra (Mun.),Khénifra,Khenifra (M),53010101.0,Commune de Khenifra,"Errachidia Fezna 11,01 12,50 1,61 44,90 0,647 0,891228 Khenifra Khenifra (M)",0.672,direct,10.64,16.78,1.09,42.15,,9.894734382629395,4.047484397888184,40.90543746948242,2.4796507358551025,0.9082237482070923,36.62708282470703,4.929061,0.01945628598332405,0.01254565641283989,36.346561431884766,34.88642120361328,5.352992057800293,3.5961430072784424,4.638516426086426,1.5062941312789917,29281.0,117510.0,commune,05.301.01.,,
05.301.01.05.,M'Rirt (Mun.),Khénifra,M'Rirt (M),53010105.0,Commune de M'rirt,Khenifra M'Rirt (M),0.619,direct,13.0,18.65,1.38,39.67,,12.038299560546875,4.8829731941223145,40.561981201171875,2.9698104858398438,1.102790117263794,37.13335037231445,5.247761,0.02227943018078804,0.013246545568108559,36.95652389526367,35.0246696472168,6.0285515785217285,3.7820615768432617,5.640065670013428,2.0210859775543213,11012.0,42730.0,commune,05.301.01.,,
05.301.03.01.,Ait Ishaq,Khénifra,Ait Ishaq,53010301.0,Commune d'Ait Ishaq,Khenifra Ait Ishaq (AC),0.617,direct,16.44,22.23,1.83,38.85,,71.41759490966797,32.24840545654297,45.15470504760742,41.77451705932617,17.916147232055664,42.88774108886719,45.685900000000004,0.08750514686107635,0.03513360768556595,38.47691044156374,36.054535094729,22.74224779834397,9.744573857232425,10.568425333163905,8.991315680759966,4612.0,19133.0,commune,05.301.03.,,
05.301.03.03.,Ait Saadelli,Khénifra,Ait Saadelli,53010303.0,Commune d'Ait Saadelli,,0.5148439828372948,imputed_cercle,25.130389157529116,23.478962609820883,3.218189470816591,41.5735585370837,0.35965802660182017,67.64593505859375,30.596887588500977,45.230934143066406,27.519685745239258,11.472003936767578,41.68653869628906,31.338549999999998,0.18451443314552307,0.05219559744000435,42.8397331237793,39.774559020996094,43.070865631103516,13.122859954833984,23.188976287841797,24.419931411743164,521.0,2540.0,commune,05.301.03.,,
05.301.03.05.,El Kbab,Khénifra,El Kbab,53010305.0,Commune d'El Kbab,Khenifra El Kbab,0.499,direct,42.47,26.76,5.73,39.27,0.265,67.42479705810547,31.66558074951172,46.96429443359375,28.174602508544922,11.410508155822754,40.499271392822266,35.880689999999994,0.07547374069690704,0.05110301449894905,38.86837501490437,37.433872588610804,19.417776928231532,13.651544122030996,14.326417274023218,12.80378435384825,3695.0,16157.0,commune,05.301.03.,,
05.301.03.07.,Kerrouchen,Khénifra,Kerrouchen,53010307.0,Commune de Kerrouchen,Khenifra Kerrouchen,0.424,direct,35.35,27.46,4.56,40.67,0.201,71.08861541748047,31.94025230407715,44.93019104003906,43.21658706665039,18.091341018676758,41.862030029296875,51.63042,0.15630623698234558,0.11933411657810211,41.72722814810138,40.741506561939595,37.45905171750091,29.290550325981545,19.626833140926472,19.296438307421045,1493.0,7021.0,commune,05.301.03.,,
05.301.03.09.,Ouaoumana,Khénifra,Ouaoumana,53010309.0,Commune d'Ouaoumana,Khenifra Ouaoumana,0.515,direct,14.87,17.19,2.08,49.44,0.611,76.99042510986328,37.504180908203125,48.71278762817383,32.53802490234375,13.78201961517334,42.356658935546875,35.580040000000004,0.08381260186433792,0.032862477004528046,39.63964321918037,37.566819139242604,21.143631441847244,8.74773980825331,15.086450240533626,13.38155571202904,2108.0,8849.0,commune,05.301.03.,,
05.301.03.11.,Sidi Yahya Ou Saad,Khénifra,Sidi Yahya Ou Saad,53010311.0,Commune de Sidi Yahya Ou Saad,Khenifra Sidi Yahya Ou Saad,0.476,direct,14.57,18.64,1.9,46.83,0.496,51.57830047607422,24.05165672302246,46.63134765625,28.265493392944336,11.985692024230957,42.403968811035156,34.86521,0.150254487991333,0.0704534500837326,43.101890563964844,40.26744079589844,34.86030197143555,17.496381759643555,19.826974868774414,14.457307815551758,1454.0,7051.0,commune,05.301.03.,,
05.301.03.13.,Tighassaline,Khénifra,Tighassaline,53010313.0,Commune de Tighassaline,Khenifra Tighassaline,0.463,direct,23.79,25.63,2.95,40.85,0.324,67.79560089111328,31.32963752746582,46.2119026184082,30.450422286987305,12.776735305786133,41.95914077758789,36.36219,0.07901258766651154,0.042027030140161514,38.98296303685071,36.75065463699789,20.26849228320984,11.43572310466665,14.10897619387262,12.478392837551185,3704.0,15204.0,commune,05.301.03.,,
05.301.05.01.,Aguelmam Azegza,Khénifra,Aguelmam Azegza,53010501.0,Commune d'Aguelmam Azegza,Khenifra Aguelmam Azegza,0.452,direct,25.76,29.38,3.15,38.64,0.263,78.06788635253906,36.914268493652344,47.28483200073242,54.854244232177734,23.578577041625977,42.98405456542969,61.38226,0.255928635597229,0.1539994180202484,43.2020149230957,40.461421966552734,59.2399787902832,38.0608024597168,17.725143432617188,23.06670570373535,1611.0,7684.0,commune,05.301.05.,,
05.301.05.05.,El Borj,Khénifra,El Borj,53010505.0,Commune d'El Borj,Khenifra El Borj,0.509,direct,19.07,25.72,2.28,38.72,0.214,68.18821716308594,32.39716720581055,47.51138687133789,33.78803634643555,14.276554107666016,42.25328063964844,37.82788,0.18231900036334991,0.16154658794403076,43.06072235107422,40.585472106933594,42.3399772644043,39.80404281616211,23.635887145996094,22.473974227905273,819.0,3812.0,commune,05.301.05.,,
05.301.05.11.,Lehri,Khénifra,Lehri,53010511.0,Commune de Lehri,Khenifra Lehri,0.468,direct,30.68,28.1,3.87,40.93,0.196,63.338287353515625,28.428598403930664,44.883750915527344,33.30765151977539,13.548583984375,40.677093505859375,39.57073,0.17160767316818237,0.10238809883594513,41.92136764526367,39.88764190673828,40.93560791015625,25.66912841796875,20.407264709472656,21.804338455200195,1880.0,9085.0,commune,05.301.05.,,
05.301.05.13.,Moha Ou Hammou Zayani,Khénifra,Moha Ou Hammou Zayani,53010513.0,Commune de Moha Ou Hammou Zayani,Khenifra Moha Ou Hammou Zayani,0.501,direct,30.76,27.01,3.99,42.42,0.461,48.32432556152344,21.770570755004883,45.05095672607422,20.06245994567871,8.244789123535156,41.095603942871094,26.609939999999998,0.1269952356815338,0.05103394016623497,42.07198715209961,38.68449020385742,30.185224533081055,13.192351341247559,18.565582275390625,15.102362632751465,2100.0,9286.0,commune,05.301.05.,,
05.301.05.21.,Sidi Amar,Khénifra,Sidi Amar,53010521.0,Commune de Sidi Amar,Khenifra Sidi Amar,0.492,direct,20.4,25.79,2.47,38.88,0.256,51.84648513793945,22.777376174926758,43.932342529296875,32.41379165649414,13.565773010253906,41.85185241699219,37.14941,0.17346104979515076,0.1781880408525467,43.615928649902344,39.828826904296875,39.77011489868164,44.738460540771484,29.149425506591797,18.953845977783203,445.0,2175.0,commune,05.301.05.,,
05.301.05.25.,Sidi Lamine,Khénifra,Sidi Lamine,53010525.0,Commune de Sidi Lamine,,0.4802335060233444,imputed_cercle,27.444286873478557,27.65111946819799,3.4479214780600462,40.410572685849814,0.29508039448224205,61.34566116333008,28.07602310180664,45.766929626464844,38.040435791015625,15.78768539428711,41.502376556396484,41.59669,0.11663181334733963,0.0584847629070282,40.12993732377043,37.64072353886986,29.06354144066643,15.537630306357887,15.99238489631356,13.657461681760775,3657.0,16808.0,commune,05.301.05.,,
05.301.07.03.,Aguelmous,Khénifra,Aguelmous,53010703.0,Commune d'Aguelmous,Khenifra Aguelmous,0.471,direct,20.13,26.21,2.5,38.58,0.208,74.65963745117188,36.24251174926758,48.54365158081055,51.513458251953125,22.0859317779541,42.87409973144531,53.29044,0.15181297063827515,0.07793852686882019,41.198279327944356,39.034927578450905,36.849346015660714,19.966356943287185,14.16137962614682,12.051227525644213,8064.0,35626.0,commune,05.301.07.,,
05.301.07.07.,El Hammam,Khénifra,El Hammam,53010707.0,Commune d'El Hammam,Khenifra El Hammam,0.477,direct,18.56,25.03,2.3,40.42,0.249,65.66000366210938,31.109344482421875,47.37944793701172,36.19159698486328,15.114291191101074,41.761878967285156,37.46265,0.14412277936935425,0.07907601445913315,41.450242077774675,38.47262157307993,34.770069267521215,20.553841328119287,20.45206509127063,17.871028635318915,2837.0,12830.0,commune,05.301.07.,,
05.301.07.09.,Had Bouhssoussen,Khénifra,Had Bouhssoussen,53010709.0,Commune de Had Bouhssoussen,Khenifra Had Bouhssoussen,0.527,direct,23.56,24.75,3.04,41.99,0.353,56.11111068725586,27.49199867248535,48.995643615722656,32.50752258300781,13.71588134765625,42.19294357299805,35.07756,0.11180130392313004,0.045603737235069275,40.618934970984114,38.3533743782566,27.524431005492403,11.890410447447268,15.743757030280483,14.315068753353536,1660.0,7368.0,commune,05.301.07.,,
05.301.07.15.,Moulay Bouazza,Khénifra,Moulay Bouazza,53010715.0,Commune de Moulay Bouazza,Khenifra Moulay Bouazza,0.5,direct,36.67,28.96,4.58,37.52,0.218,72.03327178955078,35.491939544677734,49.27159118652344,48.68053436279297,20.785470962524414,42.69770812988281,53.15123,0.10843979567289352,0.060035340487957,40.00810485143646,37.259249430668504,27.104457032087417,16.11286890054051,13.558123035718742,11.946202325229907,2054.0,8490.0,commune,05.301.07.,,
05.301.07.17.,Oum Rabia,Khénifra,Oum Rabia,53010717.0,Commune d'Oum Rabia,Khenifra Oum Rabia,0.473,direct,19.85,27.79,2.39,38.92,0.19,74.5953140258789,34.385475158691406,46.09602737426758,47.838829040527344,20.79074478149414,43.45998001098633,53.1191,0.2402174472808838,0.11790905147790909,44.55984878540039,40.44590759277344,53.9089469909668,29.15228271484375,23.076923370361328,23.38575553894043,1990.0,9555.0,commune,05.301.07.,,
05.301.07.19.,Sebt Ait Rahou,Khénifra,Sebt Ait Rahou,53010719.0,Commune de Sebt Ait Rahou,Khenifra Sebt Ait Rahou,0.493,direct,48.02,23.96,7.15,40.81,0.31,55.98001480102539,26.786279678344727,47.84971618652344,29.940509796142578,12.562947273254395,41.95970153808594,33.93183,0.1576467752456665,0.14051757752895355,42.466331481933594,41.33537292480469,37.12276840209961,33.994510650634766,20.0,21.245010375976562,1971.0,9245.0,commune,05.301.07.,,
05.301.07.23.,Sidi Hcine,Khénifra,Sidi Hcine,53010723.0,Commune de Sidi Hcine,Khenifra Sidi Hcine,0.501,direct,22.4,26.95,2.76,37.16,0.178,64.91422271728516,30.78767967224121,47.428245544433594,47.2873420715332,19.948650360107422,42.1860237121582,49.899559999999994,0.24160899221897125,0.16308102011680603,43.990516662597656,40.85163116455078,54.9229736328125,39.920318603515625,24.112525939941406,25.97609519958496,605.0,2986.0,commune,05.301.07.,,
05.311.01.01.,Bejaad (Mun.),Khouribga,Bejaad (M),53110101.0,Commune de Bejaad,Khouribga Bejaad (M),0.661,direct,11.6,15.6,1.53,43.3,,11.396623611450195,4.794189929962158,42.06675720214844,2.326573133468628,0.8466082811355591,36.388633728027344,7.685573000000001,0.017844408750534058,0.013750565238296986,36.39746856689453,35.848751068115234,4.902650833129883,3.835716724395752,3.9408867359161377,1.957690954208374,11091.0,46893.0,commune,05.311.01.,,
05.311.01.03.,Boujniba (Mun.),Khouribga,Boujniba (M),53110103.0,Commune de Boujniba,Khouribga Boujniba (M),0.683,direct,9.86,14.46,1.26,39.39,,8.33056354522705,3.354534864425659,40.26780319213867,1.29132878780365,0.46510016918182373,36.01717758178711,3.900151,0.010889304801821709,0.006420434452593327,35.99083709716797,37.13469314575195,3.0255770683288574,1.7289584875106812,3.256394147872925,1.9279274940490723,3572.0,16030.0,commune,05.311.01.,,
05.311.01.05.,Hattane (Mun.),Khouribga,Hattane (M),53110105.0,Commune de Hattane,Khouribga Hattane (M),0.676,direct,12.35,17.01,1.61,38.85,,8.323610305786133,3.4114484786987305,40.98520278930664,1.2996797561645508,0.46252697706222534,35.587764739990234,2.222641,0.010281283408403397,0.015165152959525585,35.79235076904297,34.01610565185547,2.872480630874634,4.458227157592773,2.853644847869873,0.8148369193077087,2364.0,10618.0,commune,05.311.01.,,
05.311.01.07.,Khouribga (Mun.),Khouribga,Khouribga (M),53110107.0,Commune de Khouribga,Khouribga Khouribga (M),0.715,direct,7.23,10.25,0.93,43.43,,6.90641975402832,2.7005913257598877,39.10261917114258,1.3021533489227295,0.4655390977859497,35.75148010253906,2.6106930000000004,0.009991680271923542,0.009033320471644402,35.77321243286133,35.37906265258789,2.7930619716644287,2.553295612335205,2.6922202110290527,1.517810344696045,43487.0,196196.0,commune,05.311.01.,,
05.311.01.09.,Oued Zem (Mun.),Khouribga,Oued Zem (M),53110109.0,Commune d'Oued Zem,Khouribga Oued Zem (M),0.665,direct,10.55,14.97,1.33,42.6,,13.649307250976562,5.8724164962768555,43.02355194091797,3.256932258605957,1.2045212984085083,36.983306884765625,6.257427,0.02126023918390274,0.01454739086329937,37.6373405456543,36.27235412597656,5.648709297180176,4.0106000900268555,6.673456192016602,5.193597793579102,21724.0,95267.0,commune,05.311.01.,,
05.311.03.01.,Ain Kaicher,Khouribga,Ain Kaicher,53110301.0,Commune d'Ain Kaicher,Khouribga Ain Kaicher,0.528,direct,17.77,22.8,1.77,33.7,0.433,35.36341857910156,15.081424713134766,42.646968841552734,17.245874404907227,7.005985260009766,40.62412643432617,22.71938,0.08836519718170166,0.07433529943227768,40.88777542114258,39.16666793823242,21.611642837524414,18.979225158691406,24.348392486572266,25.519363403320312,935.0,4609.0,commune,05.311.03.,,
05.311.03.03.,Bni Bataou,Khouribga,Bni Bataou,53110303.0,Commune de Bni Bataou,Khouribga Bni Bataou,0.511,direct,19.53,25.1,1.85,32.74,0.357,58.816253662109375,26.98959732055664,45.88798904418945,34.441619873046875,14.165417671203613,41.12877655029297,35.029405000000004,0.1460655927658081,0.07815982401371002,41.769203186035156,40.311988830566406,34.96968460083008,19.388729095458984,20.24251937866211,23.352436065673828,895.0,5113.0,commune,05.311.03.,,
05.311.03.05.,Bni Zrantel,Khouribga,Bni Zrantel,53110305.0,Commune de Bni Zrantel,Khouribga Bni Zrantel,0.424,direct,17.02,22.54,1.67,33.99,0.511,50.43760681152344,23.70286750793457,46.99443435668945,34.00030517578125,13.528035163879395,39.78798294067383,38.26565,0.1563505381345749,0.06155993416905403,40.46467208862305,41.08698654174805,38.63877487182617,14.982830047607422,15.279672622680664,21.94108009338379,1285.0,6597.0,commune,05.311.03.,,
05.311.03.07.,Boukhrisse,Khouribga,Boukhrisse,53110307.0,Commune de Boukhrisse,Khouribga Boukhrisse,0.426,direct,18.62,25.16,1.74,30.52,0.356,58.58798599243164,27.404090881347656,46.77425003051758,39.10453796386719,15.74429988861084,40.262081146240234,41.621860000000005,0.17036041617393494,0.12328116595745087,40.53752136230469,39.59468460083008,42.02536392211914,31.135786056518555,19.427364349365234,21.050195693969727,974.0,5204.0,commune,05.311.03.,,
05.311.03.09.,Chougrane,Khouribga,Chougrane,53110309.0,Commune de Chougrane,Khouribga Chougrane,0.519,direct,24.18,24.91,2.88,34.45,0.362,61.481571197509766,29.60817527770996,48.15780258178711,29.05011749267578,12.080743789672852,41.58586883544922,31.89103,0.143583282828331,0.08021268248558044,42.49916458129883,39.09231948852539,33.78496551513672,20.518783569335938,26.238344192504883,26.2432918548584,1260.0,6864.0,commune,05.311.03.,,
05.311.03.11.,Oulad Gouaouch,Khouribga,Oulad Gouaouch,53110311.0,Commune d'Oulad Gouaouch,Khouribga Oulad Gouaouch,0.547,direct,11.8,19.63,1.09,31.52,0.493,36.716224670410156,16.29138946533203,44.371089935302734,25.802881240844727,10.173906326293945,39.429344177246094,33.92394,0.12737378478050232,0.06105722114443779,40.2631950378418,39.75146484375,31.635290145874023,15.3597412109375,20.930233001708984,30.274858474731445,577.0,2709.0,commune,05.311.03.,,
05.311.03.13.,Rouached,Khouribga,Rouached,53110313.0,Commune de Rouached,Khouribga Rouached,0.527,direct,21.25,25.32,2.16,31.24,0.271,58.32627487182617,27.737760543823242,47.55620193481445,25.869760513305664,10.827386856079102,41.85344696044922,28.43445,0.11122261732816696,0.10625642538070679,42.625831604003906,41.093170166015625,26.0927734375,25.857440948486328,27.230152130126953,34.53623580932617,737.0,4484.0,commune,05.311.03.,,
05.311.03.15.,Tachraft,Khouribga,Tachraft,53110315.0,Commune de Tachraft,Khouribga Tachrafat,0.56,fuzzy,15.26,20.98,1.54,34.55,0.485,40.09364700317383,17.918577194213867,44.691810607910156,15.346534729003906,5.908507347106934,38.5005989074707,20.76455,0.08602248877286911,0.03231273964047432,40.09971618652344,38.587425231933594,21.452144622802734,8.37390422821045,23.927392959594727,17.916261672973633,729.0,3636.0,commune,05.311.03.,,
05.311.05.01.,Bir Mezoui,Khouribga,Bir Mezoui,53110501.0,Commune de Bir Mezoui,Khouribga Bir Mezoui,0.611,direct,21.41,23.36,2.3,36.04,0.568,24.757722854614258,10.163874626159668,41.053348541259766,5.203066349029541,2.0098226070404053,38.62765884399414,10.748659,0.03735116496682167,0.03074001707136631,38.03986740112305,37.86549758911133,9.818952560424805,8.118212699890137,14.989398002624512,9.48905086517334,1275.0,6131.0,commune,05.311.05.,,
05.311.05.03.,Bni Ykhlef,Khouribga,Bni Ykhlef,53110503.0,Commune de Bni Ykhlef,Khouribga Bni Ykhlef,0.595,direct,24.69,23.75,2.98,35.01,0.415,39.19187927246094,17.27031707763672,44.066062927246094,11.509207725524902,4.625367164611816,40.18840789794922,24.1193,0.06878836452960968,0.03851420804858208,41.455570220947266,37.73631286621094,16.59327507019043,10.20613956451416,26.981584548950195,13.466278076171875,1828.0,9992.0,commune,05.311.05.,,
05.311.05.05.,Bulanouare,Khouribga,,53110505.0,Commune de Boulanouare,Khouribga Boulanouare,0.586,fuzzy,21.55,23.67,2.42,34.63,0.735,,,,,,,,0.02637973614037037,0.02331811748445034,39.658606544039465,38.35123375211316,6.6517052282144675,6.080147996938094,10.94694831024849,9.438782746793581,3475.0,16041.0,commune,05.311.05.,,
05.311.05.07.,Lagfaf,Khouribga,Lagfaf,53110507.0,Commune de Lagfaf,Khouribga Lagfaf,0.628,direct,11.68,17.42,1.12,36.1,0.653,16.14158821105957,6.896295547485352,42.72377014160156,4.336075305938721,1.6745007038116455,38.617889404296875,11.56287,0.026348087936639786,0.019874785095453262,39.268341064453125,37.52214813232422,6.709753036499023,5.296814441680908,18.78965950012207,7.637548446655273,1772.0,8510.0,commune,05.311.05.,,
05.311.05.09.,El Foqra,Khouribga,El Foqra,53110509.0,Commune d'El Foqra,Khouribga El Foqra,0.545,direct,18.59,22.82,2.01,34.41,0.436,45.38114547729492,19.99789047241211,44.0665168762207,9.828788757324219,4.003734111785889,40.73476791381836,12.77743,0.08146622031927109,0.04221472889184952,41.57677459716797,36.59844207763672,19.594165802001953,11.53456974029541,33.132530212402344,11.062394142150879,599.0,3154.0,commune,05.311.05.,,
05.311.05.11.,M'Fassis,Khouribga,M'Fassis,53110511.0,Commune de M'fassis,Khouribga M'Fassis,0.64,direct,13.2,19.34,1.26,34.55,0.419,34.596900939941406,14.20873737335205,41.06938934326172,5.618185043334961,2.16739559173584,38.578216552734375,14.951027,0.03939506411552429,0.023090947419404984,39.54854965209961,38.64406967163086,9.961190223693848,5.9752888679504395,18.499353408813477,14.64452075958252,1144.0,5411.0,commune,05.311.05.,,
05.311.05.13.,Oulad Abdoune,Khouribga,Oulad Abdoune,53110513.0,Commune d'Oulad Abdoune,Khouribga Oulad Abdoune,0.616,direct,13.95,19.69,1.34,36.43,0.631,29.44890594482422,12.628507614135742,42.882774353027344,9.068807601928711,3.5087504386901855,38.69031524658203,20.82661,0.047120314091444016,0.023524438962340355,38.787818908691406,39.604820251464844,12.148224830627441,5.939791679382323,15.153970718383789,9.722010612487793,2719.0,13574.0,commune,05.311.05.,,
05.311.05.15.,Oulad Azzouz,Khouribga,Oulad Azzouz,53110515.0,Commune d'Oulad Azzouz,Khouribga Oulad Azzouz,0.55,direct,20.28,22.99,2.16,33.94,0.487,37.58744812011719,16.807411193847656,44.71548843383789,9.4956693649292,3.812192440032959,40.14664077758789,16.08762,0.05278768390417099,0.03169567137956619,40.73200607299805,37.66167068481445,12.959755897521973,8.41589641571045,22.608253479003906,8.63853931427002,1754.0,9815.0,commune,05.311.05.,,
05.311.07.01.,Ait Ammar,Khouribga,Ait Ammar,53110701.0,Commune d'Ait Ammar,Khouribga Ait Ammar,0.553,direct,20.85,23.53,2.22,35.07,0.284,51.58903121948242,23.10985565185547,44.79606628417969,17.441314697265625,6.937923908233643,39.7786750793457,26.032890000000002,0.10401669889688492,0.046266261488199234,42.12083053588867,39.518611907958984,24.694835662841797,11.7074613571167,26.056337356567383,27.27808952331543,834.0,4260.0,commune,05.311.07.,,
05.311.07.03.,Bni Smir,Khouribga,Bni Smir,53110703.0,Commune de Bni Smir,Khouribga Bni Smir,0.529,direct,15.55,21.43,1.53,34.19,0.424,43.550048828125,19.740427017211914,45.32813262939453,21.6093692779541,8.604080200195312,39.81643295288086,25.70834,0.11705075204372406,0.0457095168530941,40.90209197998047,38.82806396484375,28.61730194091797,11.77228832244873,22.59161376953125,22.513425827026367,1067.0,6241.0,commune,05.311.07.,,
05.311.07.05.,Braksa,Khouribga,Braksa,53110705.0,Commune de Braksa,Khouribga Braksa,0.495,direct,29.54,27.42,3.35,32.15,0.134,77.63839721679688,36.145957946777344,46.55680847167969,42.03093338012695,17.286855697631836,41.12888717651367,45.59513,0.20189794898033142,0.041394807398319244,42.27291488647461,39.78023910522461,47.76059341430664,10.405872344970703,19.179555892944336,25.446170806884766,1386.0,7435.0,commune,05.311.07.,,
05.311.07.07.,Kasbat Troch,Khouribga,Kasbat Troch,53110707.0,Commune de Kasbat Troch,Khouribga Kasbat Troch,0.563,direct,21.47,23.81,2.3,40.63,0.468,49.019832611083984,21.388761520385742,43.632869720458984,9.843376159667969,3.876924514770508,39.38612747192383,26.29978,0.06063133105635643,0.030925840139389038,40.4825325012207,38.994632720947266,14.977158546447754,7.9307942390441895,25.05982208251953,19.705062866210938,1624.0,9194.0,commune,05.311.07.,,
05.311.07.09.,Lagnadiz,Khouribga,Lagnadiz,53110709.0,Commune de Lagnadiz,Khouribga Lagnadiz,0.492,direct,19.3,22.88,2.0,34.51,0.305,57.16816711425781,26.952547073364258,47.14607620239258,26.193439483642578,10.980428695678711,41.920528411865234,34.5372,0.13619452714920044,0.05139593407511711,43.862648010253906,40.37416458129883,31.050228118896484,12.72990608215332,30.814998626708984,28.55901527404785,1297.0,7227.0,commune,05.311.07.,,
05.311.07.11.,Maadna,Khouribga,Maadna,53110711.0,Commune de Maadna,Khouribga Maadna,0.572,direct,22.53,24.92,2.31,34.04,0.276,54.030330657958984,23.386539459228516,43.284095764160156,16.428457260131836,6.464678764343262,39.350494384765625,22.75573,0.08638903498649597,0.06287652254104614,39.09480285644531,40.53498077392578,22.097318649291992,15.511670112609863,24.69889259338379,20.28725242614746,1150.0,6227.0,commune,05.311.07.,,
05.311.07.13.,Oulad Aissa,Khouribga,Oulad Aissa,53110713.0,Commune d'Oulad Aissa,Khouribga Oulad Aissa,0.471,direct,40.88,26.32,5.68,33.84,0.22,77.11450958251953,36.17979049682617,46.916969299316406,29.991445541381836,12.438932418823242,41.47493362426758,38.306200000000004,0.1634255349636078,0.10423235595226288,43.49828338623047,41.80076599121094,37.57057189941406,24.93551254272461,27.442258834838867,30.116079330444336,1024.0,5845.0,commune,05.311.07.,,
05.311.07.15.,Oulad Boughadi,Khouribga,Oulad Boughadi,53110715.0,Commune d'Oulad Boughadi,Khouribga Oulad Boughadi,0.571,direct,14.52,20.49,1.43,35.81,0.407,42.05057144165039,19.111854553222656,45.4496955871582,20.16651153564453,8.40656852722168,41.6857795715332,23.996769999999998,0.10284973680973053,0.04110906645655632,42.5775260925293,40.00398254394531,24.155874252319336,10.276243209838867,24.884366989135742,16.390422821044922,1643.0,8648.0,commune,05.311.07.,,
05.311.07.17.,Oulad Fennane,Khouribga,Oulad Fennane,53110717.0,Commune d'Oulad Fennane,Khouribga Oulad Fennane,0.509,direct,27.0,26.55,3.03,33.11,0.303,55.49911117553711,25.033798217773438,45.106666564941406,25.67656707763672,10.568390846252441,41.15966796875,29.95375,0.12402640283107758,0.04584478959441185,42.24370574951172,39.163578033447266,29.3597354888916,11.705975532531738,25.43894386291504,20.677181243896484,1415.0,7575.0,commune,05.311.07.,,
05.311.07.19.,Oulad Ftata,Khouribga,Oulad Ftata,53110719.0,Commune d'Oulad Ftata,Khouribga Oulad Ftata,0.58,direct,13.18,20.05,1.21,32.71,0.445,35.09406661987305,16.212413787841797,46.197025299072266,17.21904754638672,7.007407188415527,40.695674896240234,19.54285,0.09286773204803467,0.0264819897711277,42.249183654785156,36.516517639160156,21.980953216552734,7.252058029174805,29.828571319580078,8.584868431091309,490.0,2625.0,commune,05.311.07.,,
06.111.01.01.,Benslimane (Mun.),Benslimane,Benslimane (M),61110101.0,Commune de Benslimane,Benslimane Benslimane (M),0.724,direct,8.01,10.92,1.05,43.53,,7.608649730682373,3.016645908355713,39.647586822509766,1.4197156429290771,0.5065889358520508,35.68242263793945,2.6692340000000003,0.00999224092811346,0.0062544881366193295,35.957977294921875,35.135162353515625,2.7788662910461426,1.78012216091156,4.471124649047852,2.812908411026001,13092.0,57101.0,commune,06.111.01.,,
06.111.01.03.,Bouznika (Mun.),Benslimane,Bouznika (M),61110103.0,Commune de Bouznika,Benslimane Bouznika (M),0.697,direct,12.32,15.21,1.74,44.57,,12.416752815246582,5.09101676940918,41.001190185546875,1.9699381589889526,0.7301065325737,37.062408447265625,2.99725,0.014507681131362915,0.008531730622053146,36.72207260131836,34.70463180541992,3.9506704807281494,2.458383798599243,4.9248456954956055,2.560274124145508,8488.0,37238.0,commune,06.111.01.,,
06.111.01.05.,El Mansouria (Mun.),Benslimane,El Mansouria (M),61110105.0,Commune d'El Mansouria,Benslimane El Mansouria,0.685,direct,4.75,10.65,0.38,39.41,0.864,12.934901237487793,5.272494792938232,40.76177215576172,2.4379186630249023,0.8977092504501343,36.822776794433594,3.672172,0.018152866512537003,0.009612475521862507,37.115230560302734,34.442867279052734,4.890948295593262,2.7908465862274165,9.041454315185547,2.37992000579834,4842.0,19853.0,commune,06.111.01.,,
06.111.03.01.,Ahlaf,Benslimane,Ahlaf,61110301.0,Commune d'Ahlaf,Benslimane Ahlaf,0.515,direct,19.77,22.84,2.07,35.52,0.199,52.37364959716797,23.814598083496094,45.47057342529297,19.666404724121094,8.4689359664917,43.062957763671875,21.627080000000003,0.11636538058519363,0.05908232927322388,43.37565231323242,41.262908935546875,26.827350616455078,14.318508148193358,25.552352905273438,23.635959625244137,2244.0,11451.0,commune,06.111.03.,,
06.111.03.03.,Ain Tizgha,Benslimane,Ain Tizgha,61110503.0,Commune d'Ain Tizgha,Benslimane Ain Tizgha,0.616,direct,13.68,20.14,1.24,35.34,0.397,29.77105712890625,13.04196834564209,43.80754089355469,4.606175899505615,1.7677688598632812,38.37823486328125,5.4577290000000005,0.0303996242582798,0.013040491379797459,38.276145935058594,36.34529495239258,7.942185401916504,3.5879447460174556,12.314767837524414,6.539316654205322,2755.0,15692.0,commune,06.111.03.,,
06.111.03.05.,Fdalate,Benslimane,Fdalate,61110305.0,Commune de Fdalate,Benslimane Fdalate,0.6,direct,10.56,17.45,0.99,35.52,0.385,33.76888656616211,14.833152770996094,43.92550277709961,3.246306896209717,1.229054570198059,37.860084533691406,4.8912569999999995,0.02420416846871376,0.014370382763445377,38.137123107910156,36.477779388427734,6.346616268157959,3.9394893646240234,13.594985008239746,9.115978240966797,2541.0,11966.0,commune,06.111.03.,,
06.111.03.07.,Mellila,Benslimane,Mellila,61110307.0,Commune de Mellila,Benslimane Mellila,0.517,direct,18.92,22.23,2.03,35.89,0.289,45.844146728515625,21.543415069580078,46.99272537231445,10.549697875976562,4.289798259735107,40.662757873535156,13.23871,0.06512978672981262,0.04907704144716263,41.584346771240234,39.8701400756836,15.662091255187988,12.309222221374512,20.515880584716797,14.407035827636719,2803.0,15081.0,commune,06.111.03.,,
06.111.03.11.,Moualine El Oued,Benslimane,Moualine El Oued,61110311.0,Commune de Moualine El Oued,Benslimane Moualine El Oued,0.549,direct,18.28,22.21,1.92,34.74,0.293,34.73417282104492,14.711865425109863,42.35559844970703,6.735523700714111,2.6785824298858643,39.76799011230469,11.837760000000001,0.04870649427175522,0.024892447516322136,39.4726448059082,39.40007781982422,12.339303016662598,6.317867755889893,21.66794776916504,14.072611808776855,1829.0,9129.0,commune,06.111.03.,,
06.111.03.13.,Oulad Ali Toualaa,Benslimane,Oulad Ali Toualaa,61110313.0,Commune d'Oulad Ali Toualaa,Benslimane Oulad Ali Toualaa,0.601,direct,15.05,20.51,1.43,34.19,0.406,26.661392211914062,11.727540969848633,43.98698043823242,5.359738349914551,2.067183494567871,38.5687370300293,6.406278,0.0325520820915699,0.02368341013789177,37.878787994384766,39.897438049316406,8.59375,5.936072826385498,16.86046600341797,9.625571250915527,1023.0,5504.0,commune,06.111.03.,,
06.111.03.15.,Oulad Yahya Louta,Benslimane,Oulad Yahya Louta,61110315.0,Commune d'Oulad Yahya Louta,Benslimane Oulad Yahya Louta,0.609,direct,19.66,22.5,2.32,35.46,0.327,38.74714660644531,16.903478622436523,43.62508773803711,4.252386093139648,1.6548839807510376,38.916595458984375,7.3103430000000005,0.030794156715273857,0.015038464218378067,39.724884033203125,36.568214416503906,7.751855850219727,4.112441539764404,17.94273567199707,11.473191261291504,1833.0,9430.0,commune,06.111.03.,,
06.111.03.17.,Rdadna Oulad Malek,Benslimane,Rdadna Oulad Malek,61110317.0,Commune de Rdadna Oulad Malek,Benslimane Rdadna Oulad Malek,0.607,direct,10.02,16.35,0.85,34.56,0.495,27.138916015625,11.46120834350586,42.23163986206055,7.235255241394043,2.7869133949279785,38.518516540527344,9.41823,0.04375259205698967,0.029943231493234634,39.2825927734375,38.175331115722656,11.137907981872559,7.843607425689697,19.820215225219727,19.309186935424805,951.0,4561.0,commune,06.111.03.,,
06.111.03.19.,Ziaida,Benslimane,Ziaida,61110319.0,Commune de Ziaida,Benslimane Ziaida,0.517,direct,31.17,25.72,4.04,35.01,0.273,44.05784225463867,19.887527465820312,45.139583587646484,7.194860935211182,2.872154951095581,39.919532775878906,8.911100000000001,0.0506344735622406,0.02919444441795349,40.8163948059082,37.622222900390625,12.405425071716309,7.759893417358398,25.103496551513672,14.85914421081543,2578.0,14581.0,commune,06.111.03.,,
06.111.05.01.,Bir Ennasr,Benslimane,Bir Ennasr,61110501.0,Commune de Bir Ennasr,Benslimane Bir Ennasr,0.496,direct,28.34,27.96,3.05,31.65,0.271,76.78536987304688,36.64848709106445,47.728477478027344,40.865089416503906,16.9287109375,41.42584991455078,41.821161999999994,0.20829614996910095,0.07880378514528275,44.276611328125,40.408302307128906,47.04428482055664,19.501880645751953,25.025747299194336,24.412593841552734,830.0,4855.0,commune,06.111.05.,,
06.111.05.04.,Sidi Bettache,Benslimane,Sidi Bettache,61110504.0,Commune de Sidi Bettache,Benslimane Sidi Bettache,0.638,direct,11.97,17.41,1.18,38.34,0.639,33.328102111816406,15.191872596740723,45.58277130126953,17.164716720581055,7.326404094696045,42.682926177978516,18.364349999999998,0.09442119300365448,0.055555559694767,42.77669143676758,38.6546516418457,22.073047637939453,14.372282981872559,16.68832015991211,9.392702102661133,1443.0,6927.0,commune,06.111.05.,,
06.111.05.05.,Charrate,Benslimane,Charrate,61110505.0,Commune de Charrate,Benslimane Cherrat,0.605,fuzzy,11.28,18.47,1.02,32.75,0.582,34.83363723754883,15.497076034545898,44.48883056640625,6.223088264465332,2.4901463985443115,40.014644622802734,6.912114,0.04381678253412247,0.01984056644141674,40.51079559326172,37.49068069458008,10.816075325012207,5.29213285446167,21.211811065673828,8.204582214355469,1856.0,9754.0,commune,06.111.05.,,
06.117.01.03.,Berrechid (Mun.),Berrechid,Berrechid (M),61170103.0,Commune de Berrechid,Settat Berrechid (M),0.72,direct,8.37,11.22,1.12,44.48,,6.675717830657959,2.5609140396118164,38.36162567138672,1.4248560667037964,0.5031528472900391,35.312538146972656,3.2016370000000003,0.010814123786985874,0.007848728448152542,35.76592254638672,34.95092010498047,3.023583173751831,2.245642900466919,3.4155290126800537,1.465665340423584,31705.0,136634.0,commune,06.117.01.,,
06.117.01.05.,Deroua (Mun.),Berrechid,Deroua (M),61170105.0,Commune de Deroua,Settat Deroua (AC),0.7,direct,9.36,12.35,1.26,41.85,,10.887839317321777,4.4187211990356445,40.58399963378906,1.6072841882705688,0.576608419418335,35.87470626831055,2.6504209999999997,0.011072639375925064,0.007672266568988562,35.80204391479492,35.18851852416992,3.0927393436431885,2.1803324222564697,4.199884414672852,1.7096786499023438,10596.0,47719.0,commune,06.117.01.,,
06.117.01.07.,El Gara (Mun.),Berrechid,El Gara (M),61170107.0,Commune d'El Gara,Settat El Gara (M),0.626,direct,11.28,15.21,1.47,42.74,,11.65919303894043,4.7006988525390625,40.31753158569336,3.5339248180389404,1.2720104455947876,35.9942741394043,10.73912,0.02532832697033882,0.014078442938625813,36.70759201049805,35.342376708984375,6.900023937225342,3.983445405960083,6.281467437744141,3.2090890407562256,4833.0,20855.0,commune,06.117.01.,,
06.117.01.09.,Had Soualem (Mun.),Berrechid,Had Soualem (M),61170109.0,Commune de Had Soualem,,0.6994851540261875,imputed_cercle,9.703292934404452,12.833761148712759,1.293372340649841,43.670757627511755,,25.56692886352539,11.003168106079102,43.036720275878906,2.3255813121795654,0.845308780670166,36.34828186035156,4.935522,0.01781737059354782,0.011334237642586231,36.88376235961914,35.32741928100586,4.830681324005127,3.2083401679992676,7.044743537902832,3.216691493988037,8454.0,36765.0,commune,06.117.01.,,
06.117.01.11.,Oulad Abbou (Mun.),Berrechid,Oulad Abbou (M),61170111.0,Commune d'Oulad Abbou,Settat Oulad Abbou (M),0.646,direct,14.13,17.89,1.86,43.02,,24.1905460357666,10.251520156860352,42.37820816040039,3.929551362991333,1.4131044149398804,35.960960388183594,8.897738,0.0254299808293581,0.019562777131795883,36.41740798950195,40.60814666748047,6.982918739318848,4.817451477050781,6.584653377532959,8.409324645996094,2277.0,11299.0,commune,06.117.01.,,
06.117.01.13.,Sidi Rahal Chatai (Mun.),Berrechid,Sidi Rahal Chatai (M),61170113.0,Commune de Sidi Rahal Chatai,Settat Sidi Rahal Chatai (AC),0.666,direct,15.31,19.47,2.03,43.82,,21.399869918823242,8.85593032836914,41.38310623168945,3.296490430831909,1.2364531755447388,37.50817108154297,5.266229,0.024001896381378174,0.013106966391205788,38.1441535949707,36.25341796875,6.292418003082275,3.6153738498687744,13.147178649902344,8.83181095123291,4919.0,20628.0,commune,06.117.01.,,
06.117.05.01.,Ben Maachou,Berrechid,Ben Maachou,61170501.0,Commune de Ben Maachou,Settat Ben Maachou,0.596,direct,16.88,21.8,1.73,34.76,0.324,45.6682014465332,19.773426055908203,43.29801940917969,11.20832347869873,4.273403644561768,38.127052307128906,13.029070999999998,0.06444916874170303,0.033595915883779526,38.742794036865234,37.04438781738281,16.6351375579834,9.069097518920898,23.23244285583496,7.581573963165283,1676.0,8458.0,commune,06.117.05.,,
06.117.05.11.,Laghnimyine,Berrechid,Laghnimyine,61170511.0,Commune de Laghnimyine,Settat Laghnimyine,0.562,direct,14.41,21.07,1.38,33.46,0.298,43.03007888793945,19.61583709716797,45.58633804321289,10.741629600524902,4.179204940795898,38.906620025634766,17.24946,0.06762084364891052,0.03590899333357811,39.542266845703125,37.59568405151367,17.100902557373047,9.551360130310059,24.522911071777344,12.373437881469727,2978.0,17513.0,commune,06.117.05.,,
06.117.05.13.,Lahsasna,Berrechid,Lahsasna,61170513.0,Commune de Lahsasna,Settat Lahsasna,0.576,direct,15.73,21.76,1.5,32.74,0.343,41.95892333984375,18.74319839477539,44.67034912109375,10.499195098876953,4.187392234802246,39.88298034667969,12.963169,0.06591518968343735,0.025515427812933922,40.394737243652344,37.374420166015625,16.317766189575195,6.826976299285889,21.331186294555664,13.460474967956543,1693.0,9315.0,commune,06.117.05.,,
06.117.05.25.,Sahel Oulad H'Riz,Berrechid,Sahel Oulad H'Riz,61170925.0,Commune de Sahel Oulad H'riz,Settat Sahel Oulad H'Riz,0.501,direct,17.2,22.22,1.77,33.64,0.41,30.143630981445312,13.299930572509766,44.12186050415039,8.243746757507324,3.2217793464660645,39.08149719238281,10.116312,0.051889047026634216,0.019453609362244606,40.07583236694336,36.72966766357422,12.947715759277344,5.296429634094238,23.28648567199707,8.989763259887695,7250.0,38156.0,commune,06.117.05.,,
06.117.05.27.,Sidi Abdelkhaleq,Berrechid,Sidi Abdelkhaleq,61170527.0,Commune de Sidi Abdelkhaleq,Settat Sidi Abdelkhaleq,0.524,direct,15.2,20.97,1.45,33.09,0.264,47.56447219848633,20.84855079650879,43.832191467285156,9.539366722106934,3.7632946968078613,39.45015335083008,11.468713,0.06326909363269806,0.032984133809804916,41.2056770324707,38.362796783447266,15.354459762573242,8.59794807434082,25.710552215576172,16.479400634765625,1007.0,6122.0,commune,06.117.05.,,
06.117.05.29.,Sidi El Mekki,Berrechid,Sidi El Mekki,61170529.0,Commune de Sidi El Mekki,Settat Sidi El Mekki,0.61,direct,7.58,14.18,0.64,34.7,0.673,20.47901725769043,8.636632919311523,42.1730842590332,7.253363132476807,2.764075756072998,38.107505798339844,8.535218,0.04864848032593727,0.018262431025505066,39.738502502441406,37.44588851928711,12.242152214050293,4.877018928527832,23.778026580810547,8.445054054260254,1711.0,8920.0,commune,06.117.05.,,
06.117.05.33.,Soualem Trifiya,Berrechid,Soualem Trifiya,61170933.0,Commune de Soualem Trifiya,,0.5443166981276466,imputed_cercle,15.492800367328197,21.05765114024795,1.5522433549308707,33.71604489566859,0.37022350900464257,26.076688766479492,10.996624946594238,42.170326232910156,5.90102481842041,2.2212817668914795,37.64230728149414,6.726372999999999,0.03893205523490906,0.018739698454737663,38.523284912109375,35.70878601074219,10.106109619140625,5.247923851013184,19.970373153686523,9.419413566589355,7970.0,33079.0,commune,06.117.05.,,
06.117.05.35.,Zaouiat Sidi Ben Hamdoun,Berrechid,Zaouiat Sidi  Ben Hamdoun,61170535.0,Commune de Zaouiat Sidi Ben Hamdoun,Settat Zaouiat Sidi Ben Hamdoun,0.56,direct,16.78,21.53,1.81,34.0,0.196,44.327125549316406,19.827119827270508,44.729087829589844,13.559499740600586,5.29064416885376,39.01798629760742,14.641283000000001,0.07421606034040451,0.033637505024671555,39.921531677246094,37.52495193481445,18.590484619140625,8.96403694152832,25.995168685913086,14.48201847076416,1836.0,9521.0,commune,06.117.05.,,
06.117.08.05.,Foqra Oulad Aameur,Berrechid,Foqra Oulad Aameur,61170805.0,Commune de Foqra Oulad Aameur,Settat Foqra Oulad Aameur,0.479,direct,18.08,23.01,1.79,33.8,0.348,56.972110748291016,25.42884063720703,44.63383865356445,12.117816925048828,4.801415920257568,39.622779846191406,14.70451,0.07407110929489136,0.049793023616075516,40.27173614501953,38.746986389160156,18.3928279876709,12.850811958312988,17.19225311279297,19.366485595703125,1223.0,6256.0,commune,06.117.08.,,
06.117.08.07.,Jaqma,Berrechid,Jaqma,61170807.0,Commune de Jaqma,Settat Jaqma,0.545,direct,14.72,21.28,1.39,33.7,0.342,36.799705505371094,16.310667037963867,44.32282257080078,9.263261795043945,3.4250166416168213,36.97419738769531,11.547909,0.0540165938436985,0.021211838349699974,38.00199890136719,36.19501876831055,14.21414566040039,5.8604302406311035,16.208251953125,10.612131118774414,1850.0,10306.0,commune,06.117.08.,,
06.117.08.09.,Kasbat Ben Mchich,Berrechid,Kasbat Ben Mchich,61170809.0,Commune de Kasbat Ben Mchich,Settat Kasbat Ben Mchich,0.585,direct,9.4,16.34,0.85,33.65,0.415,36.44957733154297,16.292766571044922,44.699466705322266,10.868836402893066,4.490663051605225,41.316871643066406,13.9161,0.06581684201955795,0.02571995183825493,41.60305404663086,38.8748779296875,15.820194244384766,6.6160855293273935,24.803756713867188,16.856616973876953,2603.0,14905.0,commune,06.117.08.,,
06.117.08.17.,Lambarkiyine,Berrechid,,61170817.0,Commune de Lambarkiyne,Settat Lambarkiyine,0.566,direct,11.27,18.03,1.05,33.36,0.404,,,,,,,,0.0601186528801918,0.029579903930425644,39.01103591918945,37.398956298828125,15.41067886352539,7.909286022186279,13.237527847290039,11.587498664855957,1604.0,8559.0,commune,06.117.08.,,
06.117.08.19.,Ouled Cebbah,Berrechid,Ouled Cebbah,61170819.0,Commune d'Ouled Cebbah,Settat Ouled Cebbah,0.572,direct,12.97,18.91,1.26,35.01,0.414,28.513425827026367,12.473986625671387,43.74776840209961,4.412539482116699,1.6918394565582275,38.34162521362305,6.338953,0.033609941601753235,0.03496238961815834,37.6907958984375,39.0213623046875,8.917281150817871,8.959807395935059,10.326659202575684,19.869140625,1524.0,7606.0,commune,06.117.08.,,
06.117.08.20.,Oulad Ziyane,Berrechid,Oulad Ziyane,61170820.0,Commune d'Oulad Ziyane,,0.5636053527170495,imputed_cercle,12.46662505086376,18.853895054193025,1.183172788813672,33.94606610439093,0.3741947804535198,38.452903747558594,16.773479461669922,43.6208381652832,8.95583438873291,3.5572454929351807,39.71986389160156,14.92976,0.05916285142302513,0.02595997042953968,40.39093017578125,41.36477279663086,14.647558212280273,6.275864601135254,17.33255386352539,12.649295806884766,3306.0,17095.0,commune,06.117.08.,,
06.117.08.21.,Ouled Zidane,Berrechid,Ouled Zidane,61170821.0,Commune d'Ouled Zidane,Settat Ouled Zidane,0.613,direct,11.5,17.78,1.12,34.69,0.27,32.636390686035156,14.260953903198242,43.696475982666016,3.4504196643829346,1.3409663438796997,38.86386489868164,4.571612,0.0315597727894783,0.022810498252511024,37.602882385253906,39.76063919067383,8.392912864685059,5.736954689025879,15.045073509216309,18.64510154724121,1297.0,6434.0,commune,06.117.08.,,
06.117.08.23.,Riah,Berrechid,Riah,61170823.0,Commune de Riah,,0.5636053527170495,imputed_cercle,12.46662505086376,18.853895054193025,1.183172788813672,33.94606610439093,0.3741947804535198,45.305477142333984,20.09903335571289,44.36336898803711,9.831254959106445,3.7621259689331055,38.266998291015625,11.87622,0.06389092653989792,0.037602271884679794,40.285274505615234,40.02669143676758,15.859622955322266,9.394299507141113,18.219614028930664,21.78147315979004,1491.0,8373.0,commune,06.117.08.,,
06.141.01.01.,Anfa (Arrond.),Préfecture d’Arrondissements Casablanca Anfa,,61410101.0,Arrondissement d'Anfa,,0.77,imputed_cercle,1.03,3.55,0.06,42.65,,4.487370014190674,1.6179627180099487,36.05592727661133,,,,,0.0069184438325464725,0.006434121169149876,36.318363189697266,35.86896896362305,1.9049437046051025,1.7937848567962646,6.066969871520996,2.5403871536254883,26009.0,94504.0,commune,06.141.01.,,
06.141.01.03.,El Maarif (Arrond.),Préfecture d’Arrondissements Casablanca Anfa,,,,,0.77,imputed_cercle,1.03,3.55,0.06,42.65,,4.487370014190674,1.6179627180099487,36.05592727661133,,,,,0.00862493111470252,0.007326179878473783,35.87968974452919,35.38001005051221,2.4029505339503454,2.070173652258186,4.602636543450257,2.5230087721832883,50253.0,170689.0,commune,06.141.01.,imputed_cercle,imputed_cercle
06.141.01.07.,Sidi Belyout (Arrond.),Préfecture d’Arrondissements Casablanca Anfa,,61410107.0,Arrondissement de Sidi Belyout,,0.77,imputed_cercle,1.03,3.55,0.06,42.65,,4.487370014190674,1.6179627180099487,36.05592727661133,,,,,0.00906851701438427,0.007429397664964199,36.69716262817383,36.421669006347656,2.4711766242980957,2.0398290157318115,6.659566879272461,4.337934970855713,54280.0,189715.0,commune,06.141.01.,,
06.141.01.11.,Al-Fida (Arrond.),Préfecture d’Arrondissements Al Fida-Mers Sultan,,61410111.0,Arrondissement d'Al-Fida,,0.77,imputed_cercle,1.03,3.55,0.06,42.65,,4.487370014190674,1.6179627180099487,36.05592727661133,,,,,0.009133245795965195,0.007308098021894693,35.758575439453125,34.88926315307617,2.5541415214538574,2.0946552753448486,4.734306335449219,2.799405097961426,38625.0,158667.0,commune,06.141.01.,,
06.141.01.13.,Mers-Sultan (Arrond.),Préfecture d’Arrondissements Al Fida-Mers Sultan,,61410113.0,Arrondissement de Mers-Sultan,,0.77,imputed_cercle,1.03,3.55,0.06,42.65,,4.487370014190674,1.6179627180099487,36.05592727661133,,,,,0.01055450551211834,0.0070917727425694466,36.95966720581055,36.19929122924805,2.855681896209717,1.9590915441513062,6.878118515014648,4.8063859939575195,34076.0,129759.0,commune,06.141.01.,,
06.141.01.21.,Aîn-Sebaâ (Arrond.),Préfecture d’Arrondissements Aïn Sebaâ-Hay Mohammadi,,61410121.0,Arrondissement d'Aïn-Sebaâ,,0.77,imputed_cercle,1.03,3.55,0.06,42.65,,4.487370014190674,1.6179627180099487,36.05592727661133,,,,,0.007637043483555317,0.00465087266638875,35.96128845214844,34.94306945800781,2.1236846446990967,1.3309857845306396,5.398336410522461,1.4209352731704712,40197.0,171452.0,commune,06.141.01.,,
06.141.01.23.,Assoukhour Assawda (Arrond.),Préfecture d’Arrondissements Aïn Sebaâ-Hay Mohammadi,,,,,0.77,imputed_cercle,1.03,3.55,0.06,42.65,,4.487370014190674,1.6179627180099487,36.05592727661133,,,,,0.00862493111470252,0.007326179878473783,35.87968974452919,35.38001005051221,2.4029505339503454,2.070173652258186,4.602636543450257,2.5230087721832883,30041.0,115704.0,commune,06.141.01.,imputed_cercle,imputed_cercle
06.141.01.25.,Hay Mohammadi (Arrond.),Préfecture d’Arrondissements Aïn Sebaâ-Hay Mohammadi,,61410125.0,Arrondissement de Hay-Mohammadi,,0.77,imputed_cercle,1.03,3.55,0.06,42.65,,4.487370014190674,1.6179627180099487,36.05592727661133,,,,,0.008674644865095615,0.007335249800235033,36.02021789550781,35.641963958740234,2.408271074295044,2.058037519454956,5.619058132171631,2.9612247943878174,33278.0,138760.0,commune,06.141.01.,,
06.141.01.31.,Hay-Hassani (Arrond.),Préfecture d’Arrondissement  Hay Hassani,,61410131.0,Arrondissement de Hay-Hassani,,0.77,imputed_cercle,1.03,3.55,0.06,42.65,,4.487370014190674,1.6179627180099487,36.05592727661133,,,,,0.007881056517362595,0.00702049070969224,35.78252410888672,34.974327087402344,2.2024877071380615,2.00732684135437,4.23420524597168,2.036799669265747,118700.0,468542.0,commune,06.141.01.,,
06.141.01.41.,Aîn-Chock (Arrond.),Préfecture d’Arrondissement  Aïn Chock,,61410141.0,Arrondissement d'Aïn-Chock,,0.77,imputed_cercle,1.03,3.55,0.06,42.65,,4.487370014190674,1.6179627180099487,36.05592727661133,,,,,0.00781639851629734,0.006261907983571291,35.69697189331055,35.29447555541992,2.189653158187866,1.774189233779907,3.8962554931640625,1.796624779701233,89013.0,377744.0,commune,06.141.01.,,
06.141.01.51.,Sidi Bernoussi (Arrond.),Préfecture d’Arrondissements Sidi Bernoussi,,61410151.0,Arrondissement de Sidi Bernoussi,,0.77,imputed_cercle,1.03,3.55,0.06,42.65,,4.487370014190674,1.6179627180099487,36.05592727661133,,,,,0.0069246431812644005,0.006690524984151125,35.50481414794922,34.8410758972168,1.9503391981124878,1.9202979803085327,3.7925190925598145,1.95719313621521,41288.0,173189.0,commune,06.141.01.,,
06.141.01.53.,Sidi Moumen (Arrond.),Préfecture d’Arrondissements Sidi Bernoussi,,61410153.0,Arrondissement de Sidi Moumen,,0.77,imputed_cercle,1.03,3.55,0.06,42.65,,4.487370014190674,1.6179627180099487,36.05592727661133,,,,,0.007752896752208471,0.0074709695763885975,35.688148498535156,35.50634002685547,2.172400951385498,2.1041226387023926,3.429293155670166,2.042711019515991,103310.0,454779.0,commune,06.141.01.,,
06.141.01.61.,Ben M'Sick (Arrond.),Préfecture d’Arrondissements Ben M’sick,,61410161.0,Arrondissement de Ben-M'sick,,0.77,imputed_cercle,1.03,3.55,0.06,42.65,,4.487370014190674,1.6179627180099487,36.05592727661133,,,,,0.00972670130431652,0.009061803109943867,35.73552703857422,35.70015335083008,2.7218575477600098,2.538309335708618,5.245665073394775,3.0849058628082275,30519.0,131883.0,commune,06.141.01.,,
06.141.01.63.,Sbata (Arrond.),Préfecture d’Arrondissements Ben M’sick,,61410163.0,Arrondissement de Sbata,,0.77,imputed_cercle,1.03,3.55,0.06,42.65,,4.487370014190674,1.6179627180099487,36.05592727661133,,,,,0.007880665361881256,0.006883540656417608,35.6069450378418,35.438289642333984,2.21323823928833,1.9424020051956177,3.7615585327148438,2.1331098079681396,26210.0,116255.0,commune,06.141.01.,,
06.141.01.71.,Moulay Rachid (Arrond.),Préfecture d’Arrondissements Moulay Rachid,,61410171.0,Arrondissement de Moulay Rachid,,0.77,imputed_cercle,1.03,3.55,0.06,42.65,,4.487370014190674,1.6179627180099487,36.05592727661133,,,,,0.010690898634493351,0.009916930459439754,35.83837890625,35.2165412902832,2.983086585998535,2.815986394882202,4.529826641082764,2.678513765335083,54286.0,245484.0,commune,06.141.01.,,
06.141.01.73.,Sidi Othmane (Arrond.),Préfecture d’Arrondissements Moulay Rachid,,61410173.0,Arrondissement de Sidi Othmane,,0.77,imputed_cercle,1.03,3.55,0.06,42.65,,4.487370014190674,1.6179627180099487,36.05592727661133,,,,,0.011776432394981384,0.008871398866176605,35.79051208496094,35.460628509521484,3.2903783321380615,2.501760244369507,4.712900161743164,3.4242711067199707,49224.0,220047.0,commune,06.141.01.,,
06.141.01.81.,Mechouar de Casablanca (Mun.),Préfecture d’Arrondissements Moulay Rachid,Mechouar de Casablanca (M),61410181.0,Commune de Méchouar de Casablanca,Casablanca Mechouar de Casablanca (M),0.77,direct,1.03,3.55,0.06,42.65,,4.487370014190674,1.6179627180099487,36.05592727661133,1.080246925354004,0.36008232831954956,33.333335876464844,1.452119,0.006215706933289766,0.003817609278485179,34.278961181640625,34.54106521606445,1.8132716417312622,1.1052378416061401,3.665123462677002,0.6246996521949768,645.0,2645.0,commune,06.141.01.,,
06.181.01.01.,Azemmour (Mun.),El Jadida,Azemmour (M),61810101.0,Commune d'Azemmour,El Jadida Azemmour (M),0.66,direct,10.94,13.76,1.49,44.73,,13.869440078735352,5.707429885864258,41.151119232177734,2.67106556892395,0.9909579753875732,37.09972381591797,13.345737999999999,0.02016672119498253,0.012664251029491425,37.17217254638672,35.70341491699219,5.425220012664795,3.5470700263977055,5.862658977508545,2.9583234786987305,9865.0,40920.0,commune,06.181.01.,,
06.181.01.03.,El Jadida (Mun.),El Jadida,El Jadida (M),61810103.0,Commune d'El Jadida,El Jadida El-Jadida (M),0.757,direct,5.48,7.76,0.69,44.59,,6.811774730682373,2.6942970752716064,39.55352783203125,1.2024582624435425,0.4392085075378418,36.525882720947266,1.918315,0.00866931676864624,0.006878464482724667,36.78590774536133,35.46951675415039,2.3566951751708984,1.9392608404159548,4.079329490661621,1.5193653106689453,49160.0,194934.0,commune,06.181.01.,,
06.181.01.05.,Lbir Jdid (Mun.),El Jadida,Lbir Jdid (M),61810105.0,Commune de Lbir Jdid,El Jadida Lbir Jdid (M),0.678,direct,11.31,14.45,1.54,43.17,,11.89537239074707,4.851203441619873,40.78227615356445,2.999668598175049,1.0753875970840454,35.850215911865234,4.778877,0.018411872908473015,0.008572048507630825,35.895713806152344,36.293556213378906,5.129267692565918,2.3618650436401367,4.9096784591674805,2.681126594543457,5337.0,24136.0,commune,06.181.01.,,
06.181.03.01.,Chtouka,El Jadida,Chtouka,61810301.0,Commune de Chtouka,El-Jadida Chtouka,0.472,direct,20.83,33.11,1.28,25.75,0.353,60.42588424682617,28.073532104492188,46.459449768066406,16.67772102355957,6.477071285247803,38.836666107177734,23.60568,0.09290021657943726,0.06858077645301819,39.78182601928711,42.169193267822266,23.352426528930664,16.263240814208984,23.298160552978516,17.49151039123535,5764.0,33170.0,commune,06.181.03.,,
06.181.03.05.,Laghdira,El Jadida,Laghdira,61810305.0,Commune de Laghdira,El-Jadida Laghdira,0.517,direct,15.97,29.38,0.98,26.7,0.433,46.4245491027832,20.842138290405273,44.89464569091797,9.793221473693848,3.841296911239624,39.22404098510742,12.08995,0.05840941146016121,0.02913541905581951,40.24184799194336,36.998653411865234,14.514595031738281,7.874724388122559,25.814849853515625,12.380521774291992,3766.0,19973.0,commune,06.181.03.,,
06.181.03.07.,Lamharza Essahel,El Jadida,Lamharza Essahel,61810307.0,Commune de Lamharza Essahel,El Jadida Lamharza Essahel,0.567,direct,9.32,26.14,0.42,25.12,0.415,42.78450393676758,19.116792678833008,44.681583404541016,8.099740982055664,3.067970037460327,37.877384185791016,11.405729999999998,0.04866974428296089,0.023096153512597084,38.429630279541016,37.89259338378906,12.664640426635742,6.095162868499756,14.617809295654297,9.357474327087402,3341.0,17766.0,commune,06.181.03.,,
06.181.03.11.,Sidi Ali Ben Hamdouche,El Jadida,Sidi Ali Ben  Hamdouche,61810311.0,Commune de Sidi Ali Ben Hamdouche,El Jadida Sidi Ali Ben Hamdouche (AC),0.629,direct,12.39,15.92,1.66,42.06,,49.33375930786133,22.31065559387207,45.22391128540039,13.063810348510742,5.113265037536621,39.14068603515625,18.85988,0.06445969641208649,0.03599971905350685,39.40610156531738,38.207109375949194,16.35779606750464,9.422256682769477,19.89938040326138,12.841948727691054,7048.0,35182.0,commune,06.181.03.,,
06.181.05.01.,My Abdellah,El Jadida,My Abdellah,61810501.0,Commune de My Abdellah,El Jadida Moulay Abdellah (AC),0.671,fuzzy,10.81,15.6,1.41,40.31,,34.643314361572266,15.22210693359375,43.93952178955078,7.967688083648682,3.041530132293701,38.17330551147461,9.90167,0.03409460559487343,0.021660570055246353,37.89073049169775,36.76134695065694,8.998138445378455,5.89221327009187,12.599268849257369,4.921404039263986,17596.0,74671.0,commune,06.181.05.,,
06.181.05.03.,Oulad Aissa,El Jadida,Oulad Aissa,61810503.0,Commune d'Oulad Aissa,El-Jadida Oulad Aissa,0.478,direct,33.08,34.04,2.56,26.81,0.416,77.11450958251953,36.17979049682617,46.916969299316406,29.991445541381836,12.438932418823242,41.47493362426758,38.306200000000004,0.08808301389217377,0.06570235639810562,39.955360412597656,40.203311920166016,22.04535675048828,16.3425235748291,23.44886589050293,20.904001235961914,4051.0,23370.0,commune,06.181.05.,,
06.181.05.05.,Ouled Ghanem,El Jadida,Ouled Ghanem,61810505.0,Commune d'Ouled Ghanem,El-Jadida Oulad Ghanem,0.523,fuzzy,22.17,31.62,1.49,27.34,0.451,53.30767059326172,25.09772491455078,47.08088684082031,16.141271591186523,6.297791957855225,39.016700744628906,21.91209,0.08526741713285446,0.048765916377305984,39.4638557434082,38.29579162597656,21.60645866394043,12.734014511108398,15.116044044494629,15.251083374023438,4215.0,24775.0,commune,06.181.05.,,
06.181.05.07.,Ouled Hcine,El Jadida,Ouled Hcine,61810507.0,Commune d'Ouled Hcine,El-Jadida Oulad Hcine,0.402,fuzzy,22.65,30.75,1.68,28.11,0.225,78.93721771240234,38.08795928955078,48.250953674316406,27.886709213256836,11.49842643737793,41.23263931274414,30.54151,0.14874988794326782,0.0862654447555542,42.4301643371582,41.139888763427734,35.057579040527344,20.968809127807617,30.8278865814209,25.298290252685547,5749.0,32130.0,commune,06.181.05.,,
06.181.05.09.,Sidi Abed,El Jadida,Sidi Abed,61810509.0,Commune de Sidi Abed,El-Jadida Sidi Abed,0.508,direct,21.24,31.13,1.44,27.69,0.413,56.11873245239258,25.690248489379883,45.77838897705078,10.522193908691406,3.9855916500091553,37.877952575683594,14.58733,0.05462479591369629,0.047822389751672745,38.89921951293945,39.16505813598633,14.042645454406738,12.210473060607912,19.83028793334961,13.859874725341797,4536.0,22980.0,commune,06.181.05.,,
06.181.05.11.,Sidi M'Hamed Akhdim,El Jadida,Sidi M'Hamed  Akhdim,61810511.0,Commune de Sidi M'hamed Akhdim,El-Jadida Sidi M'Hamed Akhdim,0.497,direct,26.15,31.48,2.06,27.75,0.338,67.39879608154297,31.719148635864258,47.061893463134766,20.1257266998291,8.052654266357422,40.011741638183594,27.045789999999997,0.10965250432491302,0.07511786371469498,40.872196197509766,38.65999221801758,26.828140258789062,19.430387496948242,25.68179702758789,22.249008178710938,1981.0,10817.0,commune,06.181.05.,,
06.181.07.03.,Haouzia,El Jadida,Haouzia,61810703.0,Commune de Haouzia,El Jadida Haouzia,0.53,direct,10.76,25.9,0.55,26.72,0.472,60.142093658447266,27.592018127441406,45.87804412841797,14.815585136413574,5.807879447937012,39.20114517211914,17.965400000000002,0.07997447997331619,0.03737163916230202,40.52293395996094,38.974369049072266,19.73560905456543,9.588773727416992,21.786197662353516,17.86933135986328,5684.0,28821.0,commune,06.181.07.,,
06.181.07.09.,Oulad Rahmoune,El Jadida,Oulad Rahmoune,61810709.0,Commune d'Oulad Rahmoune,El-Jadida Oulad Rahmoune,0.459,direct,20.21,31.43,1.34,27.24,0.362,66.38613891601562,30.90534210205078,46.55390548706055,25.164329528808594,9.8517427444458,39.14963150024414,29.55466,0.1254330426454544,0.06673284620046616,40.399009704589844,39.908607482910156,31.04854393005371,16.721416473388672,25.43850326538086,26.496677398681637,5448.0,28449.0,commune,06.181.07.,,
06.181.09.01.,Boulaouane,El Jadida,Boulaouane,61810901.0,Commune de Boulaouane,El-Jadida Boulaouane,0.573,direct,13.98,26.6,0.92,28.29,0.491,42.40488815307617,18.49640655517578,43.61857223510742,11.763894081115723,4.52268648147583,38.44548797607422,15.232073999999999,0.07261918485164642,0.034246332943439484,39.147335052490234,37.33787155151367,18.55022430419922,9.172009468078613,23.84535789489746,16.2033634185791,2745.0,14485.0,commune,06.181.09.,,
06.181.09.03.,Chaibate,El Jadida,Chaibate,61810903.0,Commune de Chaibate,El-Jadida Chaibate,0.504,direct,20.98,30.28,1.49,27.81,0.219,59.89572525024414,27.49623680114746,45.90684127807617,25.35182762145996,10.070534706115723,39.72311019897461,26.9753,0.13120830059051514,0.0521324947476387,41.37753677368164,39.681312561035156,31.710033416748047,13.137794494628906,20.77553939819336,23.108259201049805,1954.0,9877.0,commune,06.181.09.,,
06.181.09.05.,Mettouh,El Jadida,Mettouh,61810905.0,Commune de Mettouh,El-Jadida Mettouh,0.529,direct,16.15,28.36,1.01,27.52,0.387,45.88267517089844,20.781387329101562,45.292449951171875,10.009282112121582,3.801825523376465,37.983001708984375,12.7258,0.06050820276141167,0.032871004194021225,39.259727478027344,36.898773193359375,15.412282943725586,8.908427238464355,18.63397216796875,13.2591495513916,4958.0,25856.0,commune,06.181.09.,,
06.181.09.07.,Mogress,El Jadida,Mogress,61810907.0,Commune de Mogress,El-Jadida Mogress,0.476,direct,33.29,32.25,2.95,27.56,0.264,69.98670959472656,32.97231674194336,47.11225509643555,21.413562774658203,8.564151763916016,39.994056701660156,29.792260000000002,0.10942728817462921,0.08941645175218582,41.17287063598633,41.0341796875,26.57752227783203,21.790725708007812,29.939510345458984,18.7941837310791,2811.0,15705.0,commune,06.181.09.,,
06.181.09.09.,Oulad Hamdane,El Jadida,Oulad Hamdane,61810909.0,Commune d'Oulad Hamdane,El-Jadida Oulad Hamdane,0.436,direct,24.18,30.66,1.86,29.02,0.216,63.54434585571289,29.11677360534668,45.82118225097656,20.247041702270508,8.372444152832031,41.351444244384766,23.23316,0.11507491767406464,0.058835629373788834,42.54941940307617,40.46527099609375,27.04500389099121,14.539783477783203,27.83968162536621,20.60340690612793,2246.0,11577.0,commune,06.181.09.,,
06.181.09.11.,Oulad Sidi Ali Ben Youssef,El Jadida,Oulad Sidi Ali  Ben Youssef,61810911.0,Commune d'Oulad Sidi Ali Ben Youssef,El-Jadida Oulad Sidi Ali Ben Yousse,0.485,fuzzy,25.02,33.23,1.8,26.29,0.464,53.32596206665039,24.120141983032227,45.23151397705078,13.147926330566406,5.019493579864502,38.17707061767578,15.3125,0.06560119241476059,0.029426002874970436,38.62154769897461,37.129146575927734,16.985645294189453,7.925311088562012,18.730064392089844,7.811203479766846,1798.0,10032.0,commune,06.181.09.,,
06.181.09.13.,Ouled Frej,El Jadida,Ouled Frej,61810913.0,Commune d'Ouled Frej,El-Jadida Oulad Frej,0.522,fuzzy,20.74,29.56,1.53,28.56,0.378,41.75675964355469,18.207374572753906,43.60342025756836,9.61419677734375,3.6136832237243652,37.586944580078125,12.088931000000002,0.03407781943678856,0.018442781642079353,37.9000615042296,37.20139575092293,8.991494343318452,4.957550937451176,13.96820558232786,7.390508754140543,4350.0,19752.0,commune,06.181.09.,,
06.181.09.15.,Sebt Saiss,El Jadida,Sebt Saiss,61810915.0,Commune de Sebt Saiss,El-Jadida Sebt Saiss,0.53,direct,15.09,27.85,0.96,28.02,0.461,45.308597564697266,20.374004364013672,44.967193603515625,12.652555465698242,4.871175765991211,38.49953842163086,21.50691,0.07045618444681168,0.051840610802173615,38.99443054199219,39.540733337402344,18.068267822265625,13.110685348510742,21.2147216796875,19.664445877075195,2044.0,10488.0,commune,06.181.09.,,
06.181.09.17.,Si Hsaien Ben Abderrahmane,El Jadida,Si Hsaien Ben Abderrahmane,61810917.0,Commune de Si Hsaien Ben Abderrahmane,El-Jadida Si Hsaien Ben Abderrahman,0.538,fuzzy,16.9,28.61,1.08,27.45,0.257,46.82649230957031,20.40708351135254,43.58020782470703,13.906510353088379,5.612131595611572,40.356143951416016,18.186420000000002,0.0871267020702362,0.0335051566362381,41.75111389160156,38.454200744628906,20.868114471435547,8.713003158569336,32.78797912597656,15.680079460144043,1196.0,5990.0,commune,06.181.09.,,
06.181.09.19.,Sidi Smail,El Jadida,Sidi Smail,61810919.0,Commune de Sidi Smail,El-Jadida Sidi Smail,0.525,direct,14.16,28.67,0.79,26.64,0.355,51.15374755859375,23.832172393798828,46.589298248291016,14.407804489135742,5.6713762283325195,39.36322784423828,24.69563,0.06635718792676926,0.0436299704015255,39.24744800058744,38.77362770968009,16.907388440442375,11.252486143688133,18.09417670939679,14.10525256327139,5861.0,28733.0,commune,06.181.09.,,
06.181.09.21.,Zaouiat Saiss,El Jadida,Zaouiat Saiss,61810921.0,Commune de Zaouiat Saiss,El-Jadida Zaouiat Saiss,0.512,direct,29.95,33.17,2.35,27.38,0.357,58.02080154418945,26.451190948486328,45.58915328979492,16.612903594970703,6.586021900177002,39.64401626586914,27.26945,0.08991935849189758,0.04807011038064957,40.56184387207031,40.701961517333984,22.168458938598633,11.81026840209961,27.885305404663086,22.976633071899414,1971.0,11160.0,commune,06.181.09.,,
06.181.09.23.,Zaouiat Lakouacem,El Jadida,Zaouiat Lakouacem,61810923.0,Commune de Zaouiat Lakouacem,El-Jadida Zaouiat Lakouacem,0.483,direct,20.35,30.54,1.45,27.2,0.275,60.88322830200195,28.506383895874023,46.82140350341797,16.13020896911621,6.28197717666626,38.94541931152344,16.914331,0.0766238123178482,0.08749748021364212,40.36183166503906,40.62334060668945,18.98422622680664,21.538721084594727,22.704477310180664,23.805252075195312,2127.0,10967.0,commune,06.181.09.,,
06.355.01.01.,Lahraouyine (Mun.),Médiouna,Lahraouyine (M),63550101.0,Commune de Lahraouyine,Médiouna Lahraouyine (AC),0.626,direct,20.22,25.4,1.86,33.35,,23.614055633544922,9.625296592712402,40.76087951660156,2.84602427482605,1.0396130084991455,36.52860641479492,9.210965999999999,0.020733067765831947,0.015490335412323475,36.834327697753906,36.92478561401367,5.628735065460205,4.195105075836182,7.557484149932861,6.159888744354247,15160.0,64821.0,commune,06.355.01.,,
06.355.01.03.,Mediouna (Mun.),Médiouna,Mediouna (M),63550103.0,Commune de Mediouna,Mediouna Mediouna (M),0.692,direct,8.65,15.14,0.73,37.58,,13.040821075439453,5.385467052459717,41.296993255615234,2.483830451965332,0.9005569815635681,36.25678253173828,5.719287,0.01790883205831051,0.009952825494110584,37.4387092590332,35.34880065917969,4.783506870269775,2.8156049251556396,7.402083873748779,1.7115564346313477,5042.0,22442.0,commune,06.355.01.,,
06.355.01.05.,Tit Mellil (Mun.),Médiouna,Tit Mellil (M),63550105.0,Commune de Tit Mellil,Mediouna Tit Mellil (M),0.708,direct,6.41,12.82,0.51,38.48,,14.647078514099121,6.124120712280273,41.811214447021484,2.120065927505493,0.7532927989959717,35.53157424926758,2.917035,0.012352647259831429,0.007556232623755932,35.366329193115234,36.711849212646484,3.4927704334259033,2.0582544803619385,3.9686412811279297,2.792767286300659,7187.0,32782.0,commune,06.355.01.,,
06.355.03.01.,Al Majjatia Oulad Taleb,Médiouna,Almajjatia Oulad Taleb,63550107.0,Commune d'Almajjatia Oulad Taleb,Mediouna Al Majjatia Oulad Taleb,0.662,direct,5.86,12.07,0.47,35.49,0.757,18.3841552734375,7.540141582489014,41.014347076416016,3.645543098449707,1.3289214372634888,36.45331954956055,4.359833,0.026838259771466255,0.012333753518760204,37.172889709472656,36.72007369995117,7.219847679138184,3.358858585357666,9.168060302734375,4.89230489730835,7544.0,32286.0,commune,06.355.03.,,
06.355.03.05.,Sidi Hajjaj Oued Hassar,Médiouna,Sidi Hajjaj Oued Hassar,63550109.0,Commune de Sidi Hajjaj Oued Hassar,Mediouna Sidi Hajjaj Oued Hassar,0.644,direct,6.85,13.06,0.59,35.88,0.705,18.913373947143555,7.855032444000244,41.5316276550293,3.6385748386383057,1.3434911966323853,36.923553466796875,4.067139,0.022708717733621597,0.010829568840563297,37.46748733520508,36.48805618286133,6.0609130859375,2.9679763317108154,8.69609260559082,4.831647872924805,4627.0,20349.0,commune,06.355.03.,,
06.371.01.01.,Mohammadia (Mun.),Mohammadia,Mohammadia (M),63710101.0,Commune de Mohammadia,Mohammedia Mohammedia (M),0.74,fuzzy,3.05,7.09,0.23,44.1,,5.3071794509887695,2.0404326915740967,38.446651458740234,0.8951702117919922,0.3205673396587372,35.81077194213867,1.42392,0.007544555235654116,0.0075706555508077145,35.935272216796875,34.84891891479492,2.09948468208313,2.172421932220459,4.100255012512207,2.2629811763763428,49974.0,208612.0,commune,06.371.01.,,
06.371.01.03.,Ain Harrouda (Mun.),Mohammadia,Ain Harrouda(M),63710103.0,Commune d'Ain Harrouda,Mohammedia Ain Harrouda(M),0.688,direct,7.42,13.35,0.6,40.36,,6.929013252258301,2.787799835205078,40.23371505737305,1.3483543395996094,0.4840933382511139,35.902530670166016,4.640915,0.01239428948611021,0.008461358025670052,35.82081985473633,35.5832405090332,3.4600796699523926,2.3779053688049316,5.385381698608398,3.097109079360962,15143.0,62420.0,commune,06.371.01.,,
06.371.03.01.,Bni Yakhlef,Mohammadia,Bni Yakhlef,63710105.0,Commune de Bni Yakhlef,Mohammedia Bni Yakhlef,0.627,direct,5.27,11.28,0.41,34.91,0.792,16.305103302001953,6.691388130187988,41.03861618041992,3.276475191116333,1.226986050605774,37.4483528137207,4.216665,0.016673898324370384,0.008760201744735241,37.210660257418,35.938903596972374,4.480946583196233,2.4375260906460325,7.931648027705013,3.1967470577877832,10827.0,48338.0,commune,06.371.03.,,
06.371.03.03.,Ech-challalate,Mohammadia,Ech-challalate,63710107.0,Commune d'Ech-challalate,Mohammedia Ech-challalate,0.668,direct,4.18,9.78,0.32,34.72,0.907,11.751800537109375,4.819620132446289,41.01175308227539,3.22187876701355,1.224647045135498,38.010337829589844,4.768063,0.021691488102078438,0.013949143700301647,38.79397201538086,36.75069478322503,5.591458320617676,3.795613529334242,15.659829139709473,4.1888389489968025,12840.0,53503.0,commune,06.371.03.,,
06.371.03.05.,Sidi Moussa Ben Ali,Mohammadia,Sidi Moussa Ben Ali,63710305.0,Commune de Sidi Moussa Ben Ali,Mohammedia Sidi Moussa Ben Ali,0.637,direct,6.91,13.44,0.58,36.0,0.718,18.125534057617188,7.687518119812012,42.41264343261719,4.718217849731445,1.7169069051742554,36.38888931274414,6.495319,0.03132372349500656,0.01921670138835907,37.5,36.559322357177734,8.35299301147461,5.2563066482543945,11.14897346496582,7.541337490081788,2650.0,11445.0,commune,06.371.03.,,
06.371.03.07.,Sidi Moussa Majdoub,Mohammadia,,63710307.0,Commune de Sidi Moussa El Majdoub,Mohammedia Sidi Moussa Majdoub,0.643,direct,5.34,12.62,0.4,34.24,0.755,,,,,,,,0.029108596965670586,0.013038360513746738,39.216552734375,36.73487091064453,7.422528266906738,3.549314260482788,17.14707374572754,6.9775261878967285,4917.0,20330.0,commune,06.371.03.,,
06.385.01.01.,Bouskoura (Mun.),Nouaceur,Bouskoura (M),63850101.0,Commune de Bouskoura,Nouaceur Bouskoura,0.665,direct,5.57,11.08,0.48,37.49,0.743,13.805766105651855,5.634037494659424,40.809303283691406,2.1841559410095215,0.7848408818244934,35.93337631225586,3.0414710000000005,0.014582670293748379,0.0069497134536504745,36.39345932006836,35.0516242980957,4.006947994232178,1.9827079772949219,5.559215545654297,1.802513837814331,23319.0,103026.0,commune,06.385.01.,,
06.385.01.02.,Dar Bouazza (Mun.),Nouaceur,Dar Bouazza (M),63850102.0,Commune de Dar Bouazza,Nouaceur Dar Bouazza,0.643,direct,5.75,11.33,0.5,37.69,0.756,17.121938705444336,6.939432621002197,40.52947998046875,1.8702493906021118,0.6663480997085571,35.62883758544922,4.54218,0.0148408692330122,0.008590837940573692,35.75061798095703,34.959983825683594,4.151220321655273,2.4573347568511963,4.573943138122559,1.8521062135696411,35998.0,151373.0,commune,06.385.01.,,
06.385.01.03.,Nouaceur (Mun.),Nouaceur,Nouaceur (M),63850103.0,Commune de Nouaceur,Nouaceur Nouaceur (M),0.704,direct,7.37,12.87,0.61,41.36,,12.801563262939453,5.322787761688232,41.579200744628906,1.8272271156311035,0.6498874425888062,35.56686782836914,2.375969,0.013416196219623089,0.009544272907078266,36.25069808959961,35.806941986083984,3.700948476791382,2.6654810905456543,6.067509651184082,2.3480639457702637,4913.0,23802.0,commune,06.385.01.,,
06.385.03.03.,Oulad Azzouz,Nouaceur,Oulad Azzouz,63850107.0,Commune d'Oulad Azzouz,Khouribga Oulad Azzouz,0.55,direct,20.28,22.99,2.16,33.94,0.487,37.58744812011719,16.807411193847656,44.71548843383789,9.4956693649292,3.812192440032959,40.14664077758789,16.08762,0.021945515647530556,0.012560350820422173,36.44981002807617,36.47850036621094,6.020749092102051,3.4432201385498042,8.508577346801758,4.93744421005249,9165.0,40372.0,commune,06.385.03.,,
06.385.03.05.,Oulad Salah,Nouaceur,,63850105.0,Commune d'Ouled Salah,Nouaceur Oulad Salah,0.656,direct,6.82,13.24,0.57,34.86,0.614,,,,,,,,0.021155236288905144,0.011407159268856049,37.701290130615234,35.2619737825283,5.611276626586914,3.23497457391481,11.48007583618164,1.5940998670226643,3316.0,15031.0,commune,06.385.03.,,
06.461.01.01.,Ben Ahmed (Mun.),Settat,Ben Ahmed (M),64610101.0,Commune de Ben Ahmed,Settat Ben Ahmed (M),0.704,direct,8.41,11.32,1.11,44.34,,12.854226112365723,5.252028942108154,40.85838317871094,3.178799867630005,1.1663455963134766,36.691383361816406,12.526952,0.020577145740389824,0.014391077682375908,36.89820098876953,35.5672721862793,5.5767340660095215,4.046157360076904,6.151623249053955,4.098365783691406,7222.0,33105.0,commune,06.461.01.,,
06.461.01.05.,El Borouj (Mun.),Settat,El Borouj (M),64610105.0,Commune d'El Borouj,Settat El Borouj (M),0.635,direct,17.13,19.73,2.38,43.13,,21.347553253173828,8.8302583694458,41.36426544189453,3.6403350830078125,1.338834285736084,36.77777862548828,17.550132,0.026701567694544792,0.023786328732967377,36.8588981628418,34.91118240356445,7.244266510009766,6.813384056091309,6.6930155754089355,2.991716146469116,3841.0,19235.0,commune,06.461.01.,,
06.461.01.09.,Loulad (Mun.),Settat,Loulad (M),64610109.0,Commune de Loulad,Settat Loulad (M),0.603,direct,15.3,18.13,2.15,42.93,,26.686567306518555,11.313433647155762,42.39373779296875,4.281699180603027,1.5640785694122314,36.52938461303711,7.2622,0.027268053963780403,0.018094798550009727,36.983062744140625,36.3724365234375,7.373119354248047,4.974865436553955,6.13324499130249,8.355000495910645,1209.0,6057.0,commune,06.461.01.,,
06.461.01.13.,Oulad M'Rah (Mun.),Settat,Oulad M'Rah (M),64610113.0,Commune d'Oulad M'rah,Settat Oulad M'Rah (M),0.685,direct,10.05,14.07,1.34,41.46,,10.113462448120117,4.250006198883057,42.02325439453125,1.9546971321105957,0.6771172881126404,34.64052200317383,15.106855,0.018748482689261436,0.019080750644207,35.6795539855957,36.380191802978516,5.254685401916504,5.244818687438965,4.10486364364624,3.882683753967285,1746.0,8697.0,commune,06.461.01.,,
06.461.01.15.,Settat (Mun.),Settat,Settat (M),64610115.0,Commune de Settat,Settat Settat (M),0.713,direct,8.18,11.26,1.07,44.55,,7.079044818878174,2.8391571044921875,40.10649871826172,1.3937036991119385,0.4975551664829254,35.70021438598633,3.848977,0.012464571744203568,0.009705441072583199,35.788455963134766,34.80557632446289,3.482846975326538,2.788473129272461,3.512500286102295,1.5310370922088623,32714.0,142250.0,commune,06.461.01.,,
06.461.03.02.,Ain Dorbane-Lahlaf,Settat,Ain Dorbane- Lahlaf,64611102.0,Commune d'Ain Dorbane-Lahlaf,Settat Ain Dorbane,0.583,fuzzy,12.05,18.86,1.1,33.97,0.57,43.77095031738281,18.921478271484375,43.228389739990234,13.349753379821777,5.373563289642334,40.25215148925781,16.9848,0.08069239556789398,0.028277451172471046,40.59617233276367,38.170040130615234,19.876848220825195,7.4082841873168945,23.805418014526367,20.970415115356445,1451.0,8120.0,commune,06.461.03.,,
06.461.03.03.,Bouguargouh,Settat,Bouguargouh,64611103.0,Commune de Bouguargouh,Settat Bouguargouh,0.516,direct,19.53,22.69,2.11,34.01,0.279,47.05380630493164,21.24252700805664,45.145179748535156,10.514728546142578,4.178169250488281,39.73634719848633,13.35231,0.06705222278833389,0.03903981298208237,41.6142578125,38.28343963623047,16.11280059814453,10.197571754455566,27.434741973876953,15.589627265930176,1543.0,9539.0,commune,06.461.03.,,
06.461.03.07.,Lakhzazra,Settat,Lakhzazra,64611107.0,Commune de Lakhzazra,Settat Lakhzazra,0.507,direct,13.69,18.88,1.35,34.18,0.16,51.573848724365234,23.363056182861328,45.30019760131836,15.823817253112793,6.5246381759643555,41.23302459716797,19.54541,0.0863758772611618,0.035782430320978165,42.11805725097656,36.942138671875,20.508039474487305,9.686074256896973,33.395477294921875,10.571505546569824,1513.0,8582.0,commune,06.461.03.,,
06.461.03.09.,Mniaa,Settat,Mniaa,64611309.0,Commune de Mniaa,Settat Mniaa,0.525,direct,18.54,22.79,1.83,33.35,0.289,42.946041107177734,19.37505531311035,45.11488342285156,13.996097564697266,5.447168350219727,38.919193267822266,16.101587,0.0788918137550354,0.04458323121070862,39.76295852661133,37.91805648803711,19.84052848815918,11.757783889770508,19.88294219970703,14.663287162780762,1898.0,11789.0,commune,06.461.03.,,
06.461.03.11.,Mrizigue,Settat,Mrizigue,64611311.0,Commune de Mrizigue,Settat Mrizigue,0.532,direct,13.08,19.73,1.23,33.42,0.387,35.286163330078125,15.503105163574219,43.93536376953125,12.655205726623535,5.060755729675293,39.98951721191406,14.69676,0.0705123096704483,0.056887660175561905,40.81624984741211,39.300594329833984,17.275548934936523,14.47501277923584,26.56399154663086,24.293285369873047,1430.0,8376.0,commune,06.461.03.,,
06.461.03.13.,M'Garto,Settat,M'Garto,64611113.0,Commune de M'garto,Settat M'Garto,0.565,direct,12.51,18.11,1.24,35.53,0.276,46.548973083496094,21.429386138916016,46.03621292114258,16.64317512512207,6.948033809661865,41.747039794921875,17.548795,0.08946049958467484,0.03756994754076004,42.718265533447266,38.683128356933594,20.941978454589844,9.712230682373047,31.33662223815918,13.042899131774902,1585.0,8514.0,commune,06.461.03.,,
06.461.03.15.,N'Khila,Settat,N'Khila,64611115.0,Commune de N'khila,Settat N'Khila,0.528,direct,17.25,21.93,1.7,34.29,0.389,50.36947250366211,22.47433090209961,44.618953704833984,11.49032974243164,4.3397979736328125,37.769134521484375,13.304655,0.06602922827005386,0.06653294712305069,38.89686965942383,39.29448699951172,16.975460052490234,16.9318790435791,20.941003799438477,24.11957359313965,2082.0,12306.0,commune,06.461.03.,,
06.461.03.17.,Oued Naanaa,Settat,Oued Naanaa,64611317.0,Commune d'Oued Naanaa,Settat Oued Naanaa,0.598,direct,17.25,21.88,1.77,34.71,0.332,41.98708724975586,17.9927978515625,42.85316467285156,12.001144409179688,4.7799553871154785,39.82916259765625,13.852791,0.07601043581962585,0.02617981843650341,40.81328201293945,38.9941520690918,18.623945236206055,6.713780879974365,28.33643341064453,19.77385139465332,1308.0,6991.0,commune,06.461.03.,,
06.461.03.19.,Oulad Chbana,Settat,Oulad Chbana,64611319.0,Commune d'Oulad Chbana,Settat Oulad Chbana,0.484,direct,23.72,25.36,2.61,32.75,0.384,61.2996826171875,28.46267318725586,46.432003021240234,21.507240295410156,8.035996437072754,37.36415100097656,23.847350000000002,0.09883265197277069,0.10673607140779495,38.14072036743164,41.01683807373047,25.912633895874023,26.02250099182129,22.06410026550293,23.982757568359375,1319.0,8081.0,commune,06.461.03.,,
06.461.03.21.,Oulad Fares,Settat,Oulad Fares,64611321.0,Commune d'Oulad Fares,Settat Oulad Fares,0.553,direct,17.58,21.83,1.75,35.3,0.352,41.40958023071289,18.591442108154297,44.8964729309082,10.744671821594238,4.175782680511475,38.86375045776367,13.241076999999999,0.07380097359418869,0.044906605035066605,39.54745101928711,38.29729080200195,18.661373138427734,11.725791931152344,22.332063674926758,22.409658432006836,1947.0,12341.0,commune,06.461.03.,,
06.461.03.23.,Oulad M'Hamed,Settat,,64611123.0,Commune d'Ouled M'hamed,Settat Oulad M'Hamed,0.458,direct,21.95,23.79,2.49,34.63,0.154,,,,,,,,0.138668030500412,0.05442951247096062,43.910823822021484,39.71954345703125,31.579463958740234,13.703458786010742,30.362226486206055,27.473011016845703,1746.0,10187.0,commune,06.461.03.,,
06.461.03.25.,Ras El Ain Chaouia,Settat,Ras El Ain Chaouia,64611325.0,Commune de Ras El Ain Chaouia,Settat Ras El Ain Chaouia,0.532,direct,14.08,20.78,1.3,33.49,0.263,43.07795333862305,19.123476028442383,44.39272689819336,9.072128295898438,3.636336326599121,40.0825080871582,10.982964999999998,0.04623470455408096,0.02620437555015087,39.11779612412313,37.44459610698078,11.819353289302505,6.998173011138867,22.316404012451255,18.33677094409897,2757.0,14747.0,commune,06.461.03.,,
06.461.03.27.,Sgamna,Settat,Sgamna,64611327.0,Commune de Sgamna,Settat Sgamna,0.485,direct,21.89,24.87,2.34,32.86,0.322,49.72812271118164,22.50322151184082,45.252506256103516,17.247438430786133,6.546825408935547,37.958248138427734,21.800449999999998,0.09363376349210739,0.058284126222133636,38.4480094909668,37.402618408203125,24.353343963623047,15.582900047302246,18.311370849609375,11.955022811889648,1560.0,10245.0,commune,06.461.03.,,
06.461.03.29.,Sidi Abdelkrim,Settat,Sidi Abdelkrim,64611129.0,Commune de Sidi Abdelkrim,Settat Sidi Abdelkrim,0.554,direct,22.32,24.7,2.42,33.12,0.221,33.29259490966797,14.267513275146484,42.854915618896484,7.452884197235107,2.943159341812134,39.49020767211914,10.109467,0.05147852003574371,0.036881692707538605,40.01726531982422,38.47517776489258,12.8640775680542,9.585841178894043,24.600229263305664,22.900917053222656,2273.0,14037.0,commune,06.461.03.,,
06.461.03.31.,Sidi Dahbi,Settat,Sidi Dahbi,64611131.0,Commune de Sidi Dahbi,Settat Sidi Dahbi,0.592,direct,14.87,20.37,1.47,34.87,0.41,31.576431274414062,13.741816520690918,43.51921844482422,8.88199520111084,3.6002912521362305,40.53471374511719,12.136598,0.05760466307401657,0.019511321559548378,41.126609802246094,35.65286636352539,14.006664276123047,5.472581386566162,25.244169235229492,5.472581386566162,1572.0,8703.0,commune,06.461.03.,,
06.461.03.33.,Sidi Hajjaj,Settat,Sidi Hajjaj,64611333.0,Commune de Sidi Hajjaj,Settat Sidi Hajjaj,0.526,direct,16.04,21.3,1.63,34.95,0.409,42.42521667480469,18.898759841918945,44.54605484008789,10.409029960632324,4.1492486000061035,39.86201477050781,16.22751,0.06913360208272934,0.04211825877428055,40.03569412231445,42.29460906982422,17.26799201965332,9.958304405212402,22.072158813476562,19.886302947998047,3399.0,20732.0,commune,06.461.03.,,
06.461.07.01.,Ain Blal,Settat,Ain Blal,64610701.0,Commune d'Ain Blal,Settat Ain Blal,0.536,direct,19.78,23.46,2.07,33.93,0.393,61.07239532470703,27.183076858520508,44.50959777832031,16.429027557373047,6.698825359344482,40.77432632446289,18.119549999999997,0.0924428403377533,0.030408039689064026,41.68799591064453,38.293025970458984,22.174930572509766,7.940881729125977,28.537986755371094,23.47194480895996,906.0,4699.0,commune,06.461.07.,,
06.461.07.03.,Bni Khloug,Settat,Bni Khloug,64610703.0,Commune de Bni Khloug,Settat Bni Khloug,0.561,direct,14.08,20.13,1.39,34.43,0.526,27.16554069519043,11.716361999511719,43.12950134277344,8.716163635253906,3.3427860736846924,38.3515739440918,11.135304000000001,0.0574718602001667,0.04275715351104736,38.3442268371582,37.43754577636719,14.988399505615234,11.420928955078127,16.77494239807129,17.0778865814209,2290.0,12930.0,commune,06.461.07.,,
06.461.07.05.,Dar Chaffai,Settat,Dar Chaffai,64610705.0,Commune de Dar Chaffai,Settat Dar Chaffai,0.48,direct,21.82,24.58,2.34,34.9,0.433,58.22368240356445,26.2322940826416,45.0543327331543,14.180130958557129,5.43014669418335,38.29405212402344,15.776759,0.0745992660522461,0.11095362901687622,39.32514572143555,47.60307693481445,18.969863891601562,23.30807876586914,26.549787521362305,24.32049560546875,2913.0,17454.0,commune,06.461.07.,,
06.461.07.07.,Laqraqra,Settat,Laqraqra,64610707.0,Commune de Laqraqra,Settat Laqraqra,0.501,direct,19.14,22.28,1.99,39.76,0.397,47.66127395629883,21.567163467407227,45.25091552734375,13.573868751525879,5.490362167358398,40.44803237915039,15.292537999999999,0.09543062746524811,0.04643220454454422,41.2617301940918,39.86634063720703,23.12812042236328,11.646968841552734,26.114370346069336,20.892108917236328,1833.0,11419.0,commune,06.461.07.,,
06.461.07.09.,Meskoura,Settat,Meskoura,64610709.0,Commune de Meskoura,Settat Meskoura,0.515,direct,19.34,23.9,1.95,32.59,0.36,45.02806854248047,20.36665916442871,45.23102951049805,18.105850219726562,7.087589263916016,39.14529800415039,20.640639999999998,0.10759827494621277,0.06465696543455124,40.44793701171875,36.97513961791992,26.60167121887207,17.486604690551758,21.155988693237305,14.499107360839844,1113.0,7180.0,commune,06.461.07.,,
06.461.07.11.,Oulad Amer,Settat,Oulad Amer,64610711.0,Commune d'Oulad Amer,Settat Oulad Amer,0.5,direct,27.68,24.7,3.53,32.91,0.776,32.981483459472656,13.593278884887695,41.21487808227539,11.224336624145508,4.1893534660339355,37.3238410949707,13.307321,0.06536290049552917,0.03715692088007927,37.92753601074219,36.231082916259766,17.233627319335938,10.255537033081055,17.69818687438965,8.68824577331543,1081.0,6673.0,commune,06.461.07.,,
06.461.07.13.,Oulad Bouali Nouaja,Settat,Oulad Bouali Nouaja,64610713.0,Commune d'Oulad Bouali Nouaja,Settat Oulad Bouali Nouaja,0.533,direct,21.33,24.08,2.29,34.26,0.316,50.60794448852539,23.039569854736328,45.525596618652344,16.997079849243164,6.444342613220215,37.914405822753906,18.531136000000004,0.09188396483659744,0.05806910619139671,39.64780807495117,39.24394607543945,23.1750431060791,14.796958923339844,15.229752540588379,20.285554885864258,1065.0,6507.0,commune,06.461.07.,,
06.461.07.15.,Oulad Fares El Halla,Settat,Oulad Fares El Halla,64610715.0,Commune d'Oulad Fares El Halla,Settat Oulad Fares El Halla,0.543,direct,20.35,22.89,2.09,33.41,0.347,46.106956481933594,20.55047607421875,44.57131576538086,13.670970916748047,5.270514011383057,38.55259704589844,22.01988,0.08150354772806168,0.036295123398303986,38.77515411376953,39.270389556884766,21.019529342651367,9.242363929748535,19.33134651184082,18.127727508544922,525.0,3021.0,commune,06.461.07.,,
06.461.07.17.,Oulad Freiha,Settat,Oulad Freiha,64610717.0,Commune d'Oulad Freiha,Settat Oulad Freiha,0.481,direct,16.83,22.32,1.63,33.48,0.403,61.232017517089844,27.838233947753906,45.463523864746094,18.124515533447266,7.283961772918701,40.18844985961914,23.264129999999998,0.10889963805675507,0.04283808171749115,41.187679290771484,39.531646728515625,26.439857482910156,10.83640193939209,28.68491554260254,28.642820358276367,1838.0,11581.0,commune,06.461.07.,,
06.461.07.19.,Sidi Ahmed El Khadir,Settat,Sidi Ahmed El Khadir,64610719.0,Commune de Sidi Ahmed El Khadir,Settat Sidi Ahmed El Khadir,0.554,direct,15.4,21.26,1.52,35.54,0.329,43.92491149902344,19.25537872314453,43.8370361328125,17.146692276000977,6.683642387390137,38.97919464111328,20.656599999999997,0.10196942836046219,0.04177229851484299,40.26815414428711,37.63374710083008,25.32259750366211,11.099691390991211,26.12779998779297,12.219938278198242,1404.0,9687.0,commune,06.461.07.,,
06.461.07.21.,Sidi Boumehdi,Settat,Sidi Boumehdi,64610721.0,Commune de Sidi Boumehdi,Settat Sidi Boumehdi,0.583,direct,21.75,21.53,2.65,34.9,0.256,35.76158905029297,15.713530540466309,43.93968963623047,8.817161560058594,3.456231117248535,39.198909759521484,12.32199,0.057108186185359955,0.02428380399942398,40.133705139160156,38.760684967041016,14.229482650756836,6.2650604248046875,11.375713348388672,18.45783042907715,797.0,5081.0,commune,06.461.07.,,
06.461.09.03.,Bni Yagrine,Settat,Bni Yagrine,64611703.0,Commune de Bni Yagrine,Settat Bni Yagrine,0.44,direct,28.29,26.46,3.27,32.71,0.254,71.09642791748047,32.765560150146484,46.086082458496094,24.341955184936523,9.529413223266602,39.148101806640625,35.038030000000006,0.1175658106803894,0.08535204082727432,39.92702865600586,38.105350494384766,29.44516944885254,22.39896583557129,27.388534545898438,26.62470054626465,2023.0,13031.0,commune,06.461.09.,,
06.461.09.05.,Gdana,Settat,Gdana,64611505.0,Commune de Gdana,Settat Gdana,0.556,direct,14.18,20.83,1.34,34.05,0.404,35.63144302368164,15.612470626831055,43.816558837890625,9.445178985595703,3.6859679222106934,39.024864196777344,13.806054000000001,0.06044816970825195,0.041650254279375076,40.43528366088867,39.291465759277344,14.949361801147461,10.60033130645752,23.94319725036621,20.467973709106445,1669.0,9084.0,commune,06.461.09.,,
06.461.09.07.,Guisser,Settat,Guisser,64611707.0,Commune de Guisser,Settat Guisser,0.573,direct,14.61,20.6,1.45,33.32,0.489,33.77077102661133,14.33543872833252,42.449249267578125,10.419637680053711,4.169778823852539,40.01846694946289,12.571485999999998,0.05924832820892334,0.034543681889772415,39.12427120967706,37.414645272099584,15.143624306695147,9.232663012235733,13.78468568172357,9.922035283341875,2272.0,12289.0,commune,06.461.09.,,
06.461.09.09.,Khemisset Chaouia,Settat,Khemisset Chaouia,64611509.0,Commune de Khemisset Chaouia,Settat Khemisset Chaouia,0.571,direct,8.3,15.78,0.71,33.93,0.504,19.923105239868164,8.529457092285156,42.8118896484375,5.445992469787598,2.066622495651245,37.94758224487305,12.004340000000001,0.03776410594582558,0.0279084462672472,38.08799743652344,38.798065185546875,9.914962768554688,7.1932573318481445,18.925275802612305,11.368090629577637,1058.0,5527.0,commune,06.461.09.,,
06.461.09.11.,Lahouaza,Settat,Lahouaza,64611511.0,Commune de Lahouaza,Settat Lahouaza,0.563,direct,14.91,21.38,1.51,33.9,0.288,36.6564826965332,16.128236770629883,43.99831771850586,9.047876358032227,3.4427313804626465,38.0501594543457,13.526314,0.04958224296569824,0.02117382548749447,39.16785430908203,36.05717468261719,12.658912658691406,5.8722920417785645,17.784690856933594,7.639680862426758,1368.0,7394.0,commune,06.461.09.,,
06.461.09.13.,Machraa Ben Abbou,Settat,Machraa Ben Abbou,64611713.0,Commune de Machraa Ben Abbou,Settat Machraa Ben Abbou,0.516,direct,20.5,24.98,2.07,33.75,0.249,56.32998275756836,25.743324279785156,45.700923919677734,18.471406936645508,7.124532699584961,38.57060241699219,20.55581,0.09574797004461288,0.03546125069260597,39.827579498291016,37.09516906738281,24.040620803833008,9.55953311920166,31.234634399414062,14.564355850219727,1574.0,9355.0,commune,06.461.09.,,
06.461.09.14.,Mzamza Janoubia,Settat,Mzamza Janoubia,64611514.0,Commune de Mzamza Janoubia,,0.5410188676439978,imputed_cercle,16.425110098426952,21.469434639745455,1.6748629902762497,34.06315613012578,0.31933498343247235,46.80060577392578,20.779632568359375,44.40034866333008,10.37494945526123,4.070744514465332,39.23628234863281,15.666839999999999,0.06491509079933167,0.04894145578145981,40.08762741088867,41.242523193359375,16.19329833984375,11.866745948791504,23.585002899169922,22.330228805541992,3485.0,20802.0,commune,06.461.09.,,
06.461.09.15.,Mzoura,Settat,Mzoura,64611515.0,Commune de Mzoura,Settat Mzoura,0.54,direct,14.03,20.57,1.32,33.15,0.294,49.39179992675781,21.417282104492188,43.362022399902344,9.973752975463867,3.800525188446045,38.105262756347656,13.2444,0.05930591747164726,0.05219835042953491,39.201171875,40.484962463378906,15.128608703613281,12.893268585205078,23.401575088500977,16.66864585876465,1855.0,9525.0,commune,06.461.09.,,
06.461.09.19.,Oulad Said,Settat,Oulad Said,64611519.0,Commune d'Oulad Said,Settat Oulad Said (AC),0.632,direct,15.02,17.81,1.97,40.14,,33.36974334716797,14.521512031555176,43.517005920410156,8.958392143249512,3.5247035026550293,39.345272064208984,10.470904,0.043990734964609146,0.03007783368229866,39.36661308337127,37.599442988190724,11.17463044325082,7.9995421307887495,15.90982596674419,12.188144084107932,1798.0,9271.0,commune,06.461.09.,,
06.461.09.21.,Oulad Sghir,Settat,Oulad Sghir,64611721.0,Commune d'Oulad Sghir,Settat Oulad Sghir,0.555,direct,14.46,20.34,1.37,33.66,0.258,34.13654708862305,14.947488784790039,43.787349700927734,9.490840911865234,3.6287803649902344,38.23455047607422,11.095854,0.05997483804821968,0.03912963345646858,39.88542556762695,39.540550231933594,15.03678035736084,9.896077156066895,21.880859375,19.96234130859375,2528.0,13866.0,commune,06.461.09.,,
06.461.09.23.,Rima,Settat,Rima,64611723.0,Commune de Rima,Settat Rima,0.434,direct,15.97,21.19,1.54,33.35,0.178,55.781436920166016,24.911216735839844,44.65861511230469,10.906246185302734,4.237593173980713,38.854736328125,13.5688,0.06111794337630272,0.0390961579978466,39.95211410522461,38.311431884765625,15.297799110412598,10.204828262329102,22.762319564819336,19.73908805847168,1473.0,8949.0,commune,06.461.09.,,
06.461.09.25.,Sidi El Aidi,Settat,Sidi El Aidi,64611525.0,Commune de Sidi El Aidi,Settat Sidi El Aidi,0.576,direct,13.05,20.24,1.24,33.62,0.356,40.5801887512207,17.722061157226562,43.67170715332031,8.931281089782715,3.4901366233825684,39.07767105102539,14.19056,0.05809668451547623,0.020300928503274918,39.66453170776367,37.750343322753906,14.647011756896973,5.37768030166626,18.946455001831055,8.3687105178833,2562.0,13839.0,commune,06.461.09.,,
06.461.09.27.,Sidi Mohammed Ben Rahal,Settat,Sidi Mohammed  Ben Rahal,64611727.0,Commune de Sidi Mohammed Ben Rahal,Settat Sidi Mohammed Ben Rahal,0.559,direct,15.08,21.47,1.39,35.12,0.32,45.755714416503906,20.595138549804688,45.011077880859375,11.796350479125977,4.571992874145508,38.7576904296875,14.287106,0.0691269040107727,0.053005609661340714,39.36603546142578,38.758384704589844,17.56003761291504,13.675908088684082,18.847261428833008,18.224281311035156,1813.0,10410.0,commune,06.461.09.,,
06.461.09.31.,Toualet,Settat,Toualet,64611731.0,Commune de Toualet,Settat Toualet,0.537,direct,19.26,23.84,1.92,33.33,0.295,52.84807586669922,23.507781982421875,44.481815338134766,22.29458999633789,8.843613624572754,39.667083740234375,26.66441,0.11864005774259567,0.03731904551386833,40.734901428222656,38.290897369384766,29.124916076660156,9.746192932128906,20.983633041381836,22.174280166625977,1925.0,11976.0,commune,06.461.09.,,
06.467.01.07.,Sidi Bennour (Mun.),Sidi Bennour,Sidi Bennour (M),64670107.0,Commune de Sidi Bennour,El Jadida Sidi Bennour (M),0.692,direct,9.81,12.48,1.33,44.42,,20.19803237915039,8.356990814208984,41.375274658203125,4.8678669929504395,1.8349308967590332,37.694759368896484,7.653283,0.027779273688793182,0.017917919903993607,38.29340744018555,36.023902893066406,7.254322528839111,4.973897457122803,8.11251449584961,3.087505578994751,12507.0,55815.0,commune,06.467.01.,,
06.467.01.09.,Zemamra (Mun.),Sidi Bennour,,64670109.0,Commune de Zmamra,El Jadida Zemamra (M),0.648,direct,8.83,11.37,1.2,44.18,,,,,,,,,0.020303569734096527,0.018997766077518463,36.681785583496094,34.661720275878906,5.535055160522461,5.480906963348389,4.11175537109375,2.4906747341156006,2916.0,13279.0,commune,06.467.01.,,
06.467.07.01.,Bni Hilal,Sidi Bennour,Bni Hilal,64670301.0,Commune de Bni Hilal,El Jadida Bni Hilal,0.522,direct,11.67,25.95,0.66,26.78,0.406,47.191749572753906,20.902849197387695,44.2934455871582,13.075155258178711,5.30117654800415,40.543888092041016,14.45943,0.08007809519767761,0.05930972844362259,40.870521545410156,40.40023422241211,19.59311866760254,14.680541038513184,31.98453140258789,23.803850173950195,3561.0,17843.0,commune,06.467.07.,,
06.467.07.03.,Bni Tsiriss,Sidi Bennour,Bni Tsiriss,64670303.0,Commune de Bni Tsiriss,El-Jadida Bni Tsiriss,0.48,direct,25.54,32.08,1.95,27.23,0.279,60.45469665527344,27.038896560668945,44.72587966918945,16.66311264038086,6.28184175491333,37.699092864990234,19.79813,0.07928722351789474,0.04799892008304596,38.09198760986328,41.222999572753906,20.814672470092773,11.643723487854006,16.968791961669922,21.195140838623047,2474.0,14067.0,commune,06.467.07.,,
06.467.07.05.,Bouhmame,Sidi Bennour,Bouhmame,64670705.0,Commune de Bouhmame,El Jadida Bouhmame,0.515,direct,12.62,26.05,0.73,27.37,0.525,48.81144714355469,21.545761108398438,44.14079666137695,13.303778648376465,5.24494743347168,39.424495697021484,16.68671,0.0743187665939331,0.04620013386011124,40.581016540527344,41.30418014526367,18.313678741455078,11.185340881347656,31.17414093017578,34.25175094604492,4098.0,23234.0,commune,06.467.07.,,
06.467.07.07.,Jabria,Sidi Bennour,Jabria,64670707.0,Commune de Jabria,El-Jadida Jabria,0.425,direct,23.39,30.11,1.82,28.65,0.506,68.47740173339844,31.991806030273438,46.718780517578125,24.136003494262695,9.466693878173828,39.222293853759766,28.52636,0.124570831656456,0.07086798548698425,40.533416748046875,38.91616439819336,30.732872009277344,18.210424423217773,21.452531814575195,20.20488166809082,3617.0,19676.0,commune,06.467.07.,,
06.467.07.09.,Khmis Ksiba,Sidi Bennour,Khmis Ksiba,64670309.0,Commune de Khmis Ksiba,El-Jadida Khmis Ksiba,0.452,direct,26.49,30.47,2.15,29.0,0.433,64.29109191894531,29.975055694580078,46.62396240234375,31.774049758911133,13.1823091506958,41.48765563964844,33.87469,0.18609395623207092,0.10140186548233032,43.72551727294922,41.631893157958984,42.55957794189453,24.356775283813477,23.79523468017578,32.13264846801758,1030.0,5665.0,commune,06.467.07.,,
06.467.07.11.,Koudiat Bni Dghough,Sidi Bennour,Koudiat Bni Dghough,64670511.0,Commune de Koudiat Bni Dghough,El-Jadida Koudiat Bni Dghough,0.481,direct,25.38,31.14,1.97,28.23,0.294,51.960533142089844,22.766456604003906,43.814903259277344,12.17969799041748,4.631154537200928,38.0235595703125,13.161192999999999,0.07397038489580154,0.05951448902487755,38.470176696777344,38.42805862426758,19.227981567382812,15.487248420715332,19.53099250793457,10.652695655822754,2865.0,15181.0,commune,06.467.07.,,
06.467.07.13.,Kridid,Sidi Bennour,Kridid,64670513.0,Commune de Kridid,El-Jadida Kridid,0.507,direct,15.73,29.48,0.93,26.58,0.452,48.01583480834961,21.40736198425293,44.58395767211914,16.833106994628906,6.433028697967529,38.216529846191406,23.63446,0.08946777880191803,0.06267983466386795,39.27659972773455,40.51036190854541,22.77890040658341,15.472543047206651,24.63939804506172,30.229687704980787,2484.0,14351.0,commune,06.467.07.,,
06.467.07.15.,Laagagcha,Sidi Bennour,Laagagcha,64670515.0,Commune de Laagagcha,El Jadida Laagagcha,0.536,direct,9.55,23.16,0.51,27.24,0.478,41.79417037963867,18.54491424560547,44.372005462646484,9.994181632995605,3.946028709411621,39.48326110839844,12.43988,0.060461319983005524,0.03087468631565571,40.21394348144531,38.2715950012207,15.034914016723633,8.067258834838867,34.87052536010742,16.998899459838867,2666.0,13748.0,commune,06.467.07.,,
06.467.07.17.,Laamria,Sidi Bennour,Laamria,64670317.0,Commune de Laamria,,0.49710336632137003,imputed_cercle,18.43043619576994,27.973501899203065,1.3348031637682587,27.53164440580852,0.43859114247662934,47.22742462158203,21.089941024780273,44.656131744384766,10.71292781829834,4.10329532623291,38.302276611328125,12.59505,0.06178707256913185,0.041534263640642166,39.039039611816406,37.94477081298828,15.826995849609375,10.945978164672852,22.224334716796875,16.045087814331055,1921.0,10520.0,commune,06.467.07.,,
06.467.07.19.,Laaounate,Sidi Bennour,Laaounate,64670319.0,Commune de Laaounate,El-Jadida Laaounate,0.541,direct,19.6,30.6,1.32,27.03,0.386,46.190093994140625,19.97470474243164,43.244564056396484,12.270035743713379,4.773435592651367,38.90319061279297,14.627640000000001,0.05342259258031845,0.03197060152888298,37.991765140351795,35.96473256335924,14.061624481564476,8.889431469173127,16.072829157965526,8.036139088637224,3564.0,17850.0,commune,06.467.07.,,
06.467.07.21.,Laatatra,Sidi Bennour,Laatatra,64670721.0,Commune de Laatatra,El Jadida Laatatra,0.501,direct,10.04,23.55,0.56,27.32,0.509,40.857444763183594,18.231529235839844,44.62229537963867,11.83425235748291,4.587998867034912,38.76881408691406,16.70945,0.0685531497001648,0.041291743516922,39.08151626586914,37.343536376953125,17.541067123413086,11.057266235351562,17.359176635742188,11.628424644470215,3190.0,17593.0,commune,06.467.07.,,
06.467.07.23.,Lmechrek,Sidi Bennour,Lmechrek,64670723.0,Commune de Lmechrek,El Jadida Lmechrek,0.518,direct,6.9,20.66,0.32,26.01,0.72,27.593971252441406,11.220561981201172,40.663089752197266,8.146955490112305,3.056398868560791,37.51584243774414,9.847966,0.04828972741961479,0.03337652236223221,38.491085052490234,38.25165939331055,12.54569149017334,8.725509643554688,17.309955596923828,24.415700912475586,2895.0,16141.0,commune,06.467.07.,,
06.467.07.25.,Metrane,Sidi Bennour,Metrane,64670325.0,Commune de Metrane,El-Jadida Metrane,0.469,direct,27.91,31.12,2.33,28.9,0.408,47.73372268676758,21.08072280883789,44.16316604614258,11.294896125793457,4.062171936035156,35.96466827392578,13.146697,0.0638626366853714,0.03488456830382347,37.958805084228516,37.656497955322266,16.824195861816406,9.263890266418457,17.5992431640625,10.05762767791748,2094.0,10580.0,commune,06.467.07.,,
06.467.07.27.,M'Tal,Sidi Bennour,M'Tal,64670727.0,Commune de M'tal,,0.49710336632137003,imputed_cercle,18.43043619576994,27.973501899203065,1.3348031637682587,27.53164440580852,0.43859114247662934,44.97853088378906,19.8819580078125,44.203216552734375,13.225057601928711,5.240592956542969,39.62623977661133,15.711395000000001,0.08827914297580719,0.04017464816570282,40.87394332885742,39.54503631591797,21.597902297973633,10.15921401977539,24.25098419189453,25.5455379486084,1966.0,9913.0,commune,06.467.07.,,
06.467.07.29.,Oulad Amrane,Sidi Bennour,Oulad Amrane,64670529.0,Commune d'Oulad Amrane,El-Jadida Oulad Amrane,0.495,direct,31.29,32.99,2.59,26.83,0.288,48.91106033325195,21.628450393676758,44.21995544433594,11.996556282043457,4.432539463043213,36.94843292236328,13.862086999999999,0.06681134551763535,0.05074602738022804,37.61822690039027,37.25139732041022,17.760365115732217,13.622583652300648,16.119816479547094,11.449863828998826,2371.0,12252.0,commune,06.467.07.,,
06.467.07.31.,Oulad Boussaken,Sidi Bennour,Oulad Boussaken,64670331.0,Commune d'Oulad Boussaken,El-Jadida Oulad Boussaken,0.474,direct,33.35,31.8,3.07,28.48,0.229,65.75055694580078,30.493391036987305,46.37739181518555,16.711772918701172,6.47346305847168,38.73594284057617,21.32128,0.10091716051101685,0.05857468023896217,39.33427429199219,38.46059799194336,25.656291961669922,15.229788780212402,19.986467361450195,19.1210994720459,1357.0,7390.0,commune,06.467.07.,,
06.467.07.33.,Oulad Si Bouhya,Sidi Bennour,Oulad Si Bouhya,64670733.0,Commune d'Oulad Si Bouhya,El Jadida Oulad Si Bouhya,0.506,direct,12.97,25.71,0.79,27.81,0.54,42.31827163696289,18.35402488708496,43.371395111083984,14.155401229858398,5.3876495361328125,38.060733795166016,15.358665,0.07526468485593796,0.04436865076422691,38.933109283447266,35.820762634277344,19.33179473876953,12.3862943649292,18.364654541015625,11.410895347595215,3308.0,18198.0,commune,06.467.07.,,
06.467.07.35.,Tamda,Sidi Bennour,Tamda,64670535.0,Commune de Tamda,El-Jadida Tamda,0.473,direct,29.9,31.1,2.59,29.32,0.235,65.76641845703125,30.48196792602539,46.34883499145508,19.928205490112305,8.013675689697266,40.212730407714844,22.71799,0.11116240918636322,0.07604222744703293,41.573970794677734,40.848724365234375,26.738462448120117,18.615570068359375,32.83076858520508,22.67007064819336,1931.0,9750.0,commune,06.467.07.,,
06.467.11.01.,Laghnadra,Sidi Bennour,Laghnadra,64671101.0,Commune de Laghnadra,El Jadida Laghnadra,0.541,direct,8.77,22.74,0.46,27.92,0.708,35.37440490722656,15.206755638122559,42.98802185058594,12.991386413574219,5.077373504638672,39.08261489868164,15.571159999999999,0.07100871950387955,0.04856929928064346,39.98918533325195,38.82073974609375,17.756980895996094,12.511173248291016,22.260305404663086,13.447212219238281,6324.0,33553.0,commune,06.467.11.,,
06.467.11.03.,Lgharbia,Sidi Bennour,Lgharbia,64671103.0,Commune de Lgharbia,,0.5159889662801271,imputed_cercle,14.544919801636778,27.427290879604023,0.9012331142838395,27.57253363081567,0.5690497501710836,34.40235900878906,15.242746353149414,44.30727005004883,9.644067764282227,3.855818033218384,39.98124694824219,11.5625,0.058310240507125854,0.042107272893190384,40.48055648803711,39.280399322509766,14.404505729675293,10.71966552734375,26.142812728881836,18.059263229370117,4349.0,22729.0,commune,06.467.11.,,
06.467.11.05.,Loualidia,Sidi Bennour,Loualidia,64670105.0,Commune de Loualidia,El-Jadida Loualidia,0.454,direct,19.97,33.98,1.18,25.03,0.502,55.01197052001953,25.503393173217773,46.35972213745117,19.09459686279297,7.387260437011719,38.68769836425781,25.60996,0.06859228760004044,0.04894113168120384,39.24136712082886,37.30094265196283,17.479586952225457,13.120614870503184,12.467769155955182,10.134291154231056,3715.0,18616.0,commune,06.467.11.,,
06.467.11.07.,Oulad Sbaita,Sidi Bennour,Oulad Sbaita,64671107.0,Commune d'Oulad Sbaita,El-Jadida Oulad Sbaita,0.517,direct,15.85,28.44,1.03,27.74,0.517,47.129520416259766,21.136974334716797,44.84869384765625,17.929824829101562,7.4381632804870605,41.484867095947266,22.02409,0.10029240697622299,0.060614824295043945,41.94521713256836,39.33146667480469,23.91033172607422,15.411279678344727,29.411306381225586,21.023035049438477,4392.0,25650.0,commune,06.467.11.,,
06.467.11.09.,Saniat Berguig,Sidi Bennour,Saniat Berguig,64671109.0,Commune de Saniat Berguig,El-Jadida Saniat Berguig,0.526,direct,16.6,27.75,1.12,28.66,0.497,46.17364501953125,20.703882217407227,44.839176177978516,15.727456092834473,6.32937479019165,40.244110107421875,18.62171,0.09437936544418335,0.05286528542637825,41.735206604003906,38.58325958251953,22.613849639892578,13.70161247253418,31.829208374023438,13.956757545471191,5437.0,28854.0,commune,06.467.11.,,
07.041.01.01.,Ait Ourir (Mun.),Al  Haouz,Ait Ourir (M),70410101.0,Commune d'Ait Ourir,Al Haouz Ait Ourir (M),0.648,direct,12.09,18.44,1.31,36.49,,12.444201469421387,4.991750240325928,40.11306381225586,2.5391225814819336,0.911862313747406,35.912498474121094,3.350555,0.018397770822048187,0.011069240048527718,36.59715270996094,36.148868560791016,5.027104377746582,3.0621261596679688,6.014114856719971,3.051478862762451,8285.0,39108.0,commune,07.041.01.,,
07.041.01.03.,Amizmiz (Mun.),Al  Haouz,Amizmiz  (M),70410103.0,Commune d'Amizmiz,Al Haouz Amizmiz,0.574,direct,20.33,22.8,2.6,35.49,0.535,12.565199851989746,5.113100528717041,40.69255447387695,2.9932162761688232,1.0832148790359497,36.18899154663086,3.2468010000000005,0.02228594198822975,0.017459867522120476,36.586299896240234,37.86911392211914,6.091335296630859,4.61058235168457,4.874466896057129,9.258469581604004,3506.0,14364.0,commune,07.041.01.,,
07.041.01.09.,Tahannaout (Mun.),Al  Haouz,Tahannaout (M),70410109.0,Commune de Tahannaout,Al Haouz Tahannaout,0.529,direct,15.81,29.55,1.34,28.43,0.43,8.72121524810791,3.5494585037231445,40.699127197265625,1.2819409370422363,0.4397411346435547,34.302757263183594,1.703518,0.011036546900868416,0.008684774860739708,35.932151794433594,34.06977462768555,3.0714962482452393,2.549114227294922,2.985459804534912,1.1734873056411743,2684.0,12102.0,commune,07.041.01.,,
07.041.03.05.,Ait Faska,Al  Haouz,Ait Faska,70410305.0,Commune d'Ait Faska,Al Haouz Ait Faska,0.558,direct,15.48,22.39,1.69,33.55,0.692,26.118162155151367,10.920127868652344,41.81047821044922,7.813811302185059,2.9922847747802734,38.2948112487793,11.282819,0.04895290359854698,0.015644919127225876,39.478633880615234,36.509796142578125,12.399847030639648,4.285129070281982,23.01030158996582,5.963938236236572,5264.0,26210.0,commune,07.041.03.,,
07.041.03.09.,Ait Sidi Daoud,Al  Haouz,Ait Sidi Daoud,70410309.0,Commune d'Ait Sidi Daoud,Al Haouz Ait Sidi Daoud,0.514,direct,11.01,21.39,1.07,31.7,0.593,38.225196838378906,15.84133529663086,41.4421272277832,7.240725517272949,2.8389663696289062,39.20831298828125,9.393311,0.05213310569524765,0.028723644092679024,39.397762298583984,38.34843063354492,13.232503890991211,7.490174770355225,23.33473777770996,14.827496528625488,3753.0,18976.0,commune,07.041.03.,,
07.041.03.11.,Ghmate,Al  Haouz,Ghmate,70410311.0,Commune de Ghmate,Al Haouz Ghmate,0.493,direct,24.36,29.46,2.58,31.27,0.446,41.08795928955078,18.48373031616211,44.98575973510742,12.382301330566406,4.92667293548584,39.788021087646484,15.116079000000001,0.07033883035182953,0.03965111821889877,41.31504961715147,37.71597593523566,17.024990291966184,10.513082550782602,25.569219100631358,18.309473531736007,4808.0,25220.0,commune,07.041.03.,,
07.041.03.13.,Iguerferouane,Al  Haouz,Iguerferouane,70410313.0,Commune d'Iguerferouane,Al Haouz Iguerferouane,0.411,direct,23.97,30.32,2.6,30.88,0.294,71.23815155029297,32.70747756958008,45.91286087036133,49.55976867675781,21.025699615478516,42.42493438720703,54.94520000000001,0.25483500957489014,0.07064127177000046,44.54145050048828,41.659664154052734,57.21300506591797,16.956754684448242,25.965120315551758,27.63318252563477,2019.0,11812.0,commune,07.041.03.,,
07.041.03.15.,Sidi Abdallah Ghiat,Al  Haouz,,70410315.0,Commune de Sidi Abdellah Ghiat,Al Haouz Sidi Abdallah Ghiat,0.483,direct,15.6,29.67,1.4,28.93,0.47,,,,,,,,0.03845072537660599,0.01641322858631611,37.90583515555224,37.918505042270695,10.143748534220423,4.328553626665377,14.157852076727554,8.744472627981395,6157.0,29498.0,commune,07.041.03.,,
07.041.03.19.,Tamazouzte,Al  Haouz,Tamazouzte,70410319.0,Commune de Tamazouzte,Al Haouz Tamazouzte,0.504,direct,25.89,33.92,2.55,27.98,0.298,43.291385650634766,18.466615676879883,42.656558990478516,8.292313575744629,3.2086610794067383,38.694400787353516,10.412723,0.05572384595870972,0.02770613506436348,39.792701721191406,37.67616271972656,14.003534317016602,7.353756904602051,25.331314086914062,17.681703567504883,2944.0,15846.0,commune,07.041.03.,,
07.041.03.23.,Tidili Mesfioua,Al  Haouz,Tidili Mesfioua,70410323.0,Commune de Tidili Mesfioua,Al Haouz Tidili Mesfioua,0.436,direct,20.43,27.86,2.17,31.1,0.332,56.00645065307617,24.63918113708496,43.993473052978516,18.437299728393555,7.451600551605225,40.4159049987793,22.644229999999997,0.11172538250684738,0.051613882184028625,42.441566467285156,38.82394790649414,26.32451820373535,13.294341087341307,31.060535430908203,21.340290069580078,4046.0,21706.0,commune,07.041.03.,,
07.041.05.01.,Amghras,Al  Haouz,Amghras,70410501.0,Commune d'Amghras,Al Haouz Amghras,0.427,direct,17.59,26.54,1.87,30.78,0.318,52.125,23.12152862548828,44.35784912109375,16.25802230834961,6.3673601150512695,39.1644172668457,20.91493,0.10642130672931671,0.10558278113603592,40.09437561035156,41.85830307006836,26.542701721191406,25.22385597229004,24.94651985168457,28.045278549194336,1194.0,6160.0,commune,07.041.05.,,
07.041.05.05.,Anougal,Al  Haouz,Anougal,70410505.0,Commune d'Anougal,Al Haouz Anougal,0.356,direct,31.64,31.05,3.72,31.35,0.143,64.643798828125,28.288158416748047,43.760047912597656,19.388927459716797,7.965132713317871,41.080833435058594,24.810509999999997,0.104525625705719,0.09220689535140991,42.404476165771484,42.92575454711914,24.649667739868164,21.480552673339844,36.273834228515625,29.510665893554688,874.0,4353.0,commune,07.041.05.,,
07.041.05.07.,Azgour,Al  Haouz,Azgour,70410507.0,Commune d'Azgour,Al Haouz Azgour,0.481,direct,26.58,24.2,3.65,36.39,0.11,60.08869552612305,26.7940731048584,44.59087371826172,27.778587341308594,11.432387351989746,41.1553955078125,30.44433,0.1364651620388031,0.08475199341773987,42.6609001159668,41.130226135253906,31.988346099853516,20.60576820373535,27.66205406188965,23.92460060119629,1356.0,6865.0,commune,07.041.05.,,
07.041.05.09.,Dar Jamaa,Al  Haouz,Dar Jamaa,70410509.0,Commune de Dar Jamaa,Al Haouz Dar Jamaa,0.438,direct,15.81,25.63,1.61,29.76,0.275,55.970149993896484,24.807167053222656,44.32213592529297,16.663846969604492,6.767045021057129,40.60913848876953,24.20909,0.09808455407619476,0.06245508790016174,41.68064880371094,40.61222457885742,23.53239631652832,15.378396034240723,28.252410888671875,23.43143653869629,1269.0,5911.0,commune,07.041.05.,,
07.041.05.11.,Lalla Takarkoust,Al  Haouz,Lalla Takarkoust,70410511.0,Commune de Lalla Takarkoust,Al Haouz Lalla Takarkoust,0.503,direct,30.34,30.29,3.45,30.0,0.226,32.69230651855469,14.20138931274414,43.439544677734375,6.685236930847168,2.5929365158081055,38.7860107421875,9.50171,0.029011113569140434,0.017931004986166954,36.990436256861905,36.41473841128618,7.842868828590753,4.92410652857179,13.19463452257067,10.744591993001594,1643.0,7311.0,commune,07.041.05.,,
07.041.05.13.,Ouazguita,Al  Haouz,Ouazguita,70410513.0,Commune d'Ouazguita,Al Haouz Ouazguita,0.402,direct,33.63,30.56,4.02,30.96,0.109,58.63362121582031,25.705204010009766,43.84037780761719,15.275734901428223,6.059027671813965,39.66439437866211,21.72796,0.08870507031679153,0.05396343767642975,40.92922592163086,41.4480094909668,21.672794342041016,13.019548416137695,31.415441513061523,29.189599990844727,1029.0,5440.0,commune,07.041.05.,,
07.041.05.15.,Oulad Mtaa,Al  Haouz,Oulad Mtaa,70410515.0,Commune d'Oulad Mtaa,Al Haouz Oulad Mtaa,0.598,direct,22.8,23.88,2.93,36.01,0.613,24.68023681640625,10.105286598205566,40.94485092163086,10.46335506439209,4.24490213394165,40.5692253112793,12.840705,0.07209435850381851,0.034910593181848526,41.985107421875,38.611114501953125,17.171411514282227,9.04159164428711,36.8110237121582,13.019891738891602,1430.0,6937.0,commune,07.041.05.,,
07.041.05.17.,Sidi Badhaj,Al  Haouz,Sidi Badhaj,70410517.0,Commune de Sidi Badhaj,Al Haouz Sidi Badhaj,0.517,direct,17.24,19.64,2.14,36.37,0.709,23.33076286315918,9.423456192016602,40.390689849853516,6.7519941329956055,2.65875244140625,39.377288818359375,10.220735000000001,0.06536614894866943,0.033552318811416626,42.81760787963867,40.20077896118164,15.26618480682373,8.346186637878418,36.57948303222656,13.538989067077637,1149.0,5394.0,commune,07.041.05.,,
07.041.05.19.,Tizguine,Al  Haouz,Tizguine,70410519.0,Commune de Tizguine,Al Haouz Tizguine,0.57,direct,18.17,21.86,2.2,34.53,0.463,29.183542251586914,12.529903411865234,42.93482971191406,5.975036144256592,2.225860118865967,37.252662658691406,8.246364,0.049723755568265915,0.04338032007217407,37.5,39.20884323120117,13.259668350219727,11.063912391662598,15.28545093536377,17.22340202331543,1105.0,4899.0,commune,07.041.05.,,
07.041.07.01.,Aghbar,Al  Haouz,Aghbar,70410701.0,Commune d'Aghbar,Al Haouz Aghbar,0.347,direct,30.08,27.06,3.83,34.61,0.09,88.51996612548828,41.572628021240234,46.96412658691406,21.20802879333496,8.305459022521973,39.161865234375,25.395590000000002,0.13521163165569305,0.19571806490421295,41.022640228271484,42.76756286621094,32.96024703979492,45.76320266723633,26.495561599731445,30.67324447631836,909.0,5182.0,commune,07.041.07.,,
07.041.07.03.,Asni,Al  Haouz,Asni,70410703.0,Commune d'Asni,Al Haouz Asni,0.517,direct,15.46,19.67,1.8,37.5,0.586,36.77284240722656,15.544037818908691,42.27042770385742,12.577669143676758,4.945187091827393,39.31719970703125,17.08794,0.07407058775424957,0.03153160214424133,41.08500289916992,38.11890411376953,18.02861976623535,8.271906852722168,19.16776466369629,9.332352638244629,3883.0,21244.0,commune,07.041.07.,,
07.041.07.05.,Ighil,Al  Haouz,Ighil,70410705.0,Commune d'Ighil,Al Haouz Ighil,0.365,direct,35.85,25.24,5.29,36.03,0.053,62.50222396850586,27.40899085998535,43.85282516479492,17.769973754882812,6.711540222167969,37.76899719238281,30.09662,0.11402790993452072,0.08285707235336304,40.435176849365234,42.43810272216797,28.200176239013672,19.52421760559082,26.18086051940918,30.540077209472656,997.0,5695.0,commune,07.041.07.,,
07.041.07.07.,Ijoukak,Al  Haouz,Ijoukak,70410707.0,Commune d'Ijoukak,Al Haouz Ijoukak,0.434,direct,31.61,25.36,4.58,37.75,0.296,66.22496795654297,28.841873168945312,43.551361083984375,24.08955192565918,9.705638885498047,40.289825439453125,27.48173,0.12484246492385864,0.12557214498519897,41.759586334228516,42.0715217590332,29.895523071289062,29.847301483154297,22.791044235229492,32.990055084228516,1207.0,6700.0,commune,07.041.07.,,
07.041.07.09.,Imgdal,Al  Haouz,Imgdal,70410709.0,Commune d'Imgdal,Al Haouz Imgdal,0.432,direct,27.03,24.1,3.62,37.02,0.232,59.67129898071289,25.9466609954834,43.48265075683594,24.108285903930664,9.680303573608398,40.1534309387207,30.016419999999997,0.12959575653076172,0.15180769562721252,41.120140075683594,45.061729431152344,31.51637077331543,33.6888313293457,23.70587158203125,26.076955795288086,1156.0,5467.0,commune,07.041.07.,,
07.041.07.11.,Ouirgane,Al  Haouz,Ouirgane,70410711.0,Commune d'Ouirgane,Al Haouz Ouirgane,0.501,direct,24.5,24.58,3.01,39.46,0.332,44.794677734375,19.76736831665039,44.12882995605469,14.64992904663086,5.715888023376465,39.0164909362793,15.881429999999998,0.07973484694957733,0.05520031228661537,39.41849899291992,41.067962646484375,20.227773666381836,13.441210746765137,12.786334037780762,21.166645050048828,1583.0,7727.0,commune,07.041.07.,,
07.041.07.13.,Talat N'Yaaqoub,Al  Haouz,Talat N'Yaaqoub,70410713.0,Commune de Talat N'yaaqoub,Al Haouz Talat N'Yaaqoub,0.536,direct,20.35,19.08,2.83,38.99,0.549,37.93819808959961,17.004241943359375,44.820899963378906,10.713830947875977,4.276766777038574,39.918182373046875,12.177120000000002,0.06576324999332428,0.09311709553003311,39.695343017578125,39.57754135131836,16.566993713378906,23.527761459350586,16.376129150390625,20.162647247314453,1680.0,7866.0,commune,07.041.07.,,
07.041.09.01.,Moulay Brahim,Al  Haouz,Moulay Brahim,70410901.0,Commune de Moulay Brahim,Al Haouz Moulay Brahim,0.44,direct,21.63,32.57,2.0,27.94,0.222,52.20607376098633,22.40822410583496,42.922637939453125,18.682456970214844,7.472343921661377,39.99658203125,22.93632,0.08042044937610626,0.046073608100414276,40.094656328218754,39.89523558437288,20.05764693217829,11.548649092139907,21.676839784995384,17.102243174307553,2389.0,11813.0,commune,07.041.09.,,
07.041.09.03.,Oukaimden,Al  Haouz,Oukaimden,70410903.0,Commune d'Oukaimden,Al Haouz Oukaimden,0.437,direct,30.18,26.02,3.87,35.21,0.464,45.2696533203125,20.710187911987305,45.74850082397461,24.50469207763672,9.949021339416504,40.60047149658203,25.98544,0.11761094629764557,0.0376826710999012,42.4656982421875,40.92970657348633,27.69551658630371,9.206680297851562,20.166839599609375,22.17119026184082,782.0,4861.0,commune,07.041.09.,,
07.041.09.05.,Ourika,Al  Haouz,Ourika,70410905.0,Commune d'Ourika,Al Haouz Ourika,0.552,direct,14.66,21.91,1.54,34.49,0.54,30.693363189697266,13.378240585327148,43.58675003051758,10.065386772155762,4.007069110870361,39.81037902832031,11.685240999999998,0.05726170539855957,0.02229023166000843,40.64633560180664,38.49778152227752,14.087790489196777,5.790004193047823,19.95122718811035,11.12622565986059,7598.0,37316.0,commune,07.041.09.,,
07.041.09.07.,Sti Fadma,Al  Haouz,Sti Fadma,70410907.0,Commune de Sti Fadma,Al Haouz Sti Fadma,0.398,direct,24.11,25.07,2.88,36.79,0.434,60.718292236328125,27.63262367248535,45.509552001953125,35.46434783935547,14.826101303100586,41.80565643310547,39.21461,0.18231989443302155,0.0661156103014946,44.00636291503906,40.501914978027344,41.43034744262695,16.32406997680664,18.619403839111328,19.732501983642578,4279.0,24129.0,commune,07.041.09.,,
07.041.09.11.,Tameslohte,Al  Haouz,Tameslohte,70410911.0,Commune de Tameslohte,Al Haouz Tameslohte,0.541,direct,17.68,29.77,1.64,29.32,0.617,30.776107788085938,12.557723999023438,40.80348587036133,4.60168981552124,1.7367398738861084,37.74134826660156,5.701202,0.033768173307180405,0.015196877531707287,37.31885419403844,36.99586748271479,9.048556040700566,4.107723031155025,12.413293522452577,5.581319576124961,6457.0,28978.0,commune,07.041.09.,,
07.041.09.13.,Aghouatim,Al  Haouz,Aghouatim,70410913.0,Commune d'Aghouatim,,0.4967538679888326,imputed_cercle,19.079469639672446,26.111051476698695,2.025454961390142,32.919509790190205,0.4984270521116371,42.47307205200195,18.24810791015625,42.96394729614258,10.531793594360352,4.0832295417785645,38.770503997802734,13.693151,0.060110948979854584,0.02815372124314308,40.045745849609375,38.53860855102539,15.010570526123047,7.305328845977783,24.26736068725586,14.00358772277832,6016.0,30776.0,commune,07.041.09.,,
07.041.11.01.,Abadou,Al  Haouz,Abadou,70411101.0,Commune d'Abadou,Al Haouz Abadou,0.502,direct,20.16,27.06,2.23,32.16,0.318,47.117618560791016,20.38364601135254,43.26119613647461,11.318618774414062,4.468234539031982,39.47685241699219,14.54442,0.06670649349689484,0.02823888696730137,40.95091247558594,38.19355010986328,16.289379119873047,7.393627166748047,24.844369888305664,16.28506088256836,1764.0,10602.0,commune,07.041.11.,,
07.041.11.03.,Ait Aadel,Al  Haouz,Ait Aadel,70411103.0,Commune d'Ait Aadel,Al Haouz Ait Aadel,0.411,direct,31.08,30.52,3.41,31.23,0.173,60.48514175415039,27.7155818939209,45.82212829589844,24.050472259521484,10.08552360534668,41.9348258972168,30.309190000000005,0.12599369883537292,0.04169214144349098,44.181419372558594,38.24629211425781,28.517349243164062,10.900962829589844,27.634069442749023,12.654745101928711,1166.0,7925.0,commune,07.041.11.,,
07.041.11.07.,Ait Hkim-Ait Yzid,Al  Haouz,Ait Hkim-Ait Yzid,70411107.0,Commune d'Ait Hkim-Ait Yzid,Al Haouz Ait Hkim Ait Yzid,0.429,direct,24.3,29.56,2.56,30.53,0.229,70.14299774169922,31.2657527923584,44.574302673339844,35.72401428222656,14.779088973999023,41.370182037353516,48.672320000000006,0.19257831573486328,0.039034221321344376,43.02738571166992,39.19868087768555,44.75714874267578,9.95804500579834,29.44847869873047,26.320335388183594,1294.0,8812.0,commune,07.041.11.,,
07.041.11.17.,Tamaguert,Al  Haouz,Tamaguert,70411117.0,Commune de Tamaguert,Al Haouz Tamaguert,0.5,direct,25.79,26.43,3.16,34.38,0.303,49.84988021850586,21.50497817993164,43.13947677612305,19.392789840698242,7.8325958251953125,40.389217376708984,22.867399999999996,0.10363167524337769,0.04968705773353577,41.626441955566406,41.28672409057617,24.8956356048584,12.034632682800293,28.690702438354492,26.204681396484375,2074.0,10540.0,commune,07.041.11.,,
07.041.11.21.,Tazart,Al  Haouz,Tazart,70411121.0,Commune de Tazart,Al Haouz Tazart,0.461,direct,24.99,27.78,2.84,33.69,0.196,54.810394287109375,24.034835815429688,43.85087203979492,31.896041870117188,13.511700630187988,42.3616828918457,37.51887,0.1795155256986618,0.06294981390237808,44.23153305053711,40.37712478637696,40.585418701171875,15.590465545654297,22.648815155029297,20.61248016357422,2660.0,15243.0,commune,07.041.11.,,
07.041.11.25.,Tighedouine,Al  Haouz,Tighedouine,70411125.0,Commune de Tighedouine,Al Haouz Tighedouine,0.407,direct,26.5,29.68,2.78,33.24,0.293,72.38555908203125,33.568511962890625,46.374603271484375,32.27112579345703,13.158620834350586,40.77521514892578,37.44166,0.15544964373111725,0.06299970299005508,42.03948211669922,39.45311737060547,36.97705841064453,15.968244552612305,25.09250831604004,22.866483688354492,3635.0,22971.0,commune,07.041.11.,,
07.041.11.27.,Touama,Al  Haouz,Touama,70411127.0,Commune de Touama,Al Haouz Touama,0.531,direct,16.05,23.39,1.76,34.76,0.445,42.09286117553711,18.04998016357422,42.88133239746094,13.5462064743042,5.380631923675537,39.7205810546875,17.77318,0.08835621923208237,0.046372439712285995,41.219459533691406,40.925601959228516,21.43556022644043,11.330911636352539,22.91203498840332,19.095720291137695,2273.0,11243.0,commune,07.041.11.,,
07.041.11.29.,Zerkten,Al  Haouz,Zerkten,70411129.0,Commune de Zerkten,Al Haouz Zerkten,0.417,direct,39.03,25.86,5.72,35.57,0.295,69.46768188476562,32.43975067138672,46.69761276245117,30.79393768310547,12.571236610412598,40.82373809814453,38.05074,0.16449475288391113,0.051020413637161255,42.4410514831543,41.507991790771484,38.75840759277344,12.291708946228027,26.237077713012695,26.211246490478516,3310.0,19926.0,commune,07.041.11.,,
07.161.01.01.,Chichaoua (Mun.),Chichaoua,Chichaoua (M),71610101.0,Commune de Chichaoua,Chichaoua Chichaoua (M),0.661,direct,15.51,21.65,1.71,37.78,,15.482963562011719,6.314148902893066,40.78126525878906,4.758655071258545,1.7721751928329468,37.241092681884766,5.6473629999999995,0.026568662375211716,0.015372748486697674,37.230892181396484,36.11723327636719,7.136187553405762,4.256347179412842,5.742709159851074,3.684150457382202,6024.0,27869.0,commune,07.161.01.,,
07.161.01.03.,Imintanoute (Mun.),Chichaoua,Imintanoute (M),71610103.0,Commune d'Imintanoute,Chichaoua Imintanoute (M),0.639,direct,16.74,24.38,1.65,33.81,,14.43903636932373,5.825008869171143,40.34209060668945,3.858520746231079,1.388555645942688,35.986732482910156,4.339892,0.02856563962996006,0.018891017884016037,36.47195053100586,35.12744903564453,7.832221508026123,5.377850532531738,5.567020416259766,3.233733415603638,4710.0,20837.0,commune,07.161.01.,,
07.161.03.01.,Ahdil,Chichaoua,Ahdil,71610301.0,Commune d'Ahdil,Chichaoua Ahdil,0.492,direct,31.2,37.01,2.7,26.23,0.155,70.80074310302734,32.70004653930664,46.18601989746094,20.7553768157959,8.395990371704102,40.452117919921875,23.63593,0.11154339462518692,0.052977677434682846,41.78949737548828,41.85862731933594,26.691728591918945,12.656333923339844,34.89246368408203,26.991743087768555,1812.0,11438.0,commune,07.161.03.,,
07.161.03.03.,Ait Hadi,Chichaoua,Ait Hadi,71610303.0,Commune d'Ait Hadi,Chichaoua Ait Hadi,0.543,direct,27.31,23.87,3.95,37.16,0.583,35.482337951660156,15.131035804748535,42.64385223388672,10.88988208770752,4.229686737060547,38.840518951416016,12.56941,0.06640630960464478,0.0327000617980957,39.82760238647461,39.23564147949219,16.673439025878906,8.334275245666504,23.933361053466797,21.859098434448242,1554.0,7431.0,commune,07.161.03.,,
07.161.03.05.,Lamzoudia,Chichaoua,Lamzoudia,71610305.0,Commune de Lamzoudia,Chichaoua Lamzoudia,0.493,direct,21.91,34.33,1.83,27.73,0.364,56.11212921142578,25.27098274230957,45.03657913208008,17.827070236206055,7.358750820159912,41.27851867675781,21.50313,0.10258026421070099,0.05593276396393776,42.57221984863281,39.80950164794921,24.0955867767334,14.050104141235353,32.48869323730469,22.750591278076175,4470.0,25674.0,commune,07.161.03.,,
07.161.03.07.,Oulad Moumna,Chichaoua,Oulad Moumna,71610307.0,Commune d'Oulad Moumna,Chichaoua Oulad Moumna,0.457,direct,30.8,28.87,3.87,32.46,0.194,62.267059326171875,27.679697036743164,44.45319747924805,18.873952865600586,7.875238418579102,41.72543716430664,21.07015,0.10732508450746536,0.08410102874040604,42.7309684753418,39.76296615600586,25.116464614868164,21.150592803955078,36.72301483154297,28.482797622680664,1448.0,7513.0,commune,07.161.03.,,
07.161.03.09.,Saidate,Chichaoua,Saidate,71610309.0,Commune de Saidate,Chichaoua Saidate,0.468,direct,32.34,32.29,3.56,29.99,0.253,62.727691650390625,28.755718231201172,45.84214782714844,13.738913536071777,5.596182823181152,40.73235321044922,17.084206000000002,0.0922670066356659,0.06958712637424469,41.55571365356445,42.29373550415039,22.203205108642578,16.45329475402832,30.978683471679688,29.871976852416992,1319.0,6427.0,commune,07.161.03.,,
07.161.03.11.,Sid L'Mokhtar,Chichaoua,Sid L'Mokhtar,71610311.0,Commune de Sid L'mokhtar,Chichaoua Sid L'Mokhtar,0.536,direct,30.49,29.67,3.73,31.92,0.362,60.28571701049805,26.795032501220703,44.44673538208008,13.987085342407227,5.601158142089844,40.04521179199219,17.376499999999997,0.059758447110652924,0.03241858631372452,39.297070330198956,36.69024501412901,15.206845129820113,8.835750566216616,16.900414381559706,9.671567379089947,4859.0,22714.0,commune,07.161.03.,,
07.161.03.13.,Sidi Bouzid Arragragui,Chichaoua,Sidi Bouzid Arragragui,71610313.0,Commune de Sidi Bouzid Arragragui,Chichaoua Sidi Bouzid Arragragui,0.555,direct,20.23,23.83,2.45,35.63,0.557,30.926401138305664,12.982575416564941,41.978939056396484,7.38668155670166,2.799229145050049,37.89562225341797,9.244545,0.05485295131802559,0.03643135353922844,38.836063385009766,40.16766357421875,14.12423038482666,9.06982135772705,19.8209285736084,20.35490608215332,1862.0,8971.0,commune,07.161.03.,,
07.161.03.15.,Sidi M'Hamed Dalil,Chichaoua,Sidi M'Hamed Dalil,71610315.0,Commune de Sidi M'hamed Dalil,Chichaoua Sidi M'Hamed Dalil,0.415,direct,29.77,36.42,2.62,26.88,0.195,53.33754348754883,23.009521484375,43.13945007324219,13.378281593322754,5.239137172698975,39.1615104675293,17.08656,0.0842796340584755,0.07215780019760132,40.98360824584961,39.65141677856445,20.56422996520996,18.19803810119629,30.447126388549805,22.92595863342285,1105.0,5684.0,commune,07.161.03.,,
07.161.05.01.,Afalla Issen,Chichaoua,Afalla Issen,71610501.0,Commune d'Afalla Issen,Chichaoua Afalla Issen,0.397,direct,30.05,30.97,3.42,32.16,0.08,88.59439849853516,42.21412658691406,47.64875793457031,37.07713317871094,15.603259086608887,42.08324432373047,42.89581,0.1902516484260559,0.11872219294309616,44.3520393371582,41.68558120727539,42.89580535888672,28.480398178100586,32.697750091552734,30.59980583190918,1724.0,8129.0,commune,07.161.05.,,
07.161.05.03.,Ain Tazitounte,Chichaoua,Ain Tazitounte,71610503.0,Commune d'Ain Tazitounte,Chichaoua Ain Tazitounte,0.441,direct,37.53,23.53,5.6,39.15,0.261,73.51605987548828,33.63414001464844,45.750736236572266,35.451080322265625,15.12777042388916,42.672245025634766,39.04525,0.18483895063400269,0.11109915375709534,43.83460235595703,40.8595085144043,42.167362213134766,27.190526962280273,20.294063568115234,20.796554565429688,1103.0,5509.0,commune,07.161.05.,,
07.161.05.05.,Ait Haddou Youssef,Chichaoua,Ait Haddou Youssef,71610505.0,Commune d'Ait Haddou Youssef,Chichaoua Ait Haddou Youssef,0.408,direct,38.2,27.16,5.07,34.67,0.07,83.07747650146484,37.7189826965332,45.40217590332031,50.299888610839844,20.748004913330078,41.24861526489258,54.741420000000005,0.2639721930027008,0.08883091062307358,44.37178421020508,41.2947998046875,59.491004943847656,21.511404037475586,18.34981346130371,31.851566314697266,1023.0,6263.0,commune,07.161.05.,,
07.161.05.07.,Irohalen,Chichaoua,Irohalen,71610507.0,Commune d'Irohalen,Chichaoua Irohalen,0.406,direct,26.79,27.78,3.03,33.73,0.244,78.59864044189453,35.91923904418945,45.69956970214844,45.81482696533203,19.036367416381836,41.5506706237793,49.718050000000005,0.23756787180900574,0.14140711724758148,43.816078186035156,42.66813659667969,54.219337463378906,33.141151428222656,25.74308204650879,35.387672424316406,1186.0,5854.0,commune,07.161.05.,,
07.161.05.09.,Lalla Aaziza,Chichaoua,Lalla Aaziza,71610509.0,Commune de Lalla Aaziza,Chichaoua Lalla Aaziza,0.377,direct,41.43,25.26,6.16,36.79,0.065,80.23390197753906,36.3727912902832,45.33344268798828,40.9801139831543,17.25589370727539,42.107967376708984,45.18884,0.21200284361839294,0.08232014626264572,44.24407196044922,40.57670211791992,47.91666793823242,20.287540435791016,24.47916603088379,29.539403915405273,1497.0,8448.0,commune,07.161.05.,,
07.161.05.11.,Nfifa,Chichaoua,Nfifa,71610511.0,Commune de Nfifa,Chichaoua Nfifa,0.512,direct,22.27,25.53,2.56,33.56,0.496,40.066043853759766,17.635908126831055,44.017093658447266,11.89849853515625,4.6512627601623535,39.09117126464844,13.600479,0.07380473613739014,0.028742041438817978,40.2192268371582,36.39113235473633,18.350610733032227,7.898089408874512,19.248027801513672,10.493630409240723,1454.0,6463.0,commune,07.161.05.,,
07.161.05.13.,Ouad L'bour,Chichaoua,Ouad L'bour,71610513.0,Commune d'Ouad L'bour,Chichaoua Oued L'bour,0.526,fuzzy,27.91,24.13,3.91,36.05,0.219,63.144065856933594,28.581392288208008,45.2637825012207,20.61680030822754,8.219268798828125,39.866851806640625,25.71139,0.11727342754602432,0.058465827256441116,41.46251678466797,39.18488311767578,28.284204483032227,14.92050552368164,26.580337524414062,23.09416961669922,1299.0,5944.0,commune,07.161.05.,,
07.161.05.15.,Sidi Ghanem,Chichaoua,Sidi Ghanem,71610515.0,Commune de Sidi Ghanem,Chichaoua Sidi Ghanem,0.4,direct,34.33,22.7,5.16,39.51,0.228,62.95441436767578,28.79720687866211,45.742950439453125,34.344844818115234,14.53880500793457,42.33184051513672,36.77894,0.18237543106079102,0.07023852318525314,43.377540588378906,40.0,42.04374694824219,17.55963134765625,18.078489303588867,20.9996395111084,1905.0,9326.0,commune,07.161.05.,,
07.161.05.17.,Timezgadiouine,Chichaoua,Timezgadiouine,71610517.0,Commune de Timezgadiouine,Chichaoua Timezgadiouine,0.422,direct,37.37,27.28,4.88,34.94,0.16,81.07920837402344,38.447547912597656,47.41973114013672,27.386581420898438,11.317004203796387,41.32317352294922,31.24597,0.16071709990501404,0.08633046597242355,42.54435729980469,40.2816047668457,37.77635955810547,21.431734085083008,30.81150245666504,21.180810928344727,1632.0,7825.0,commune,07.161.05.,,
07.161.07.01.,Adassil,Chichaoua,Adassil,71610701.0,Commune d'Adassil,Chichaoua Adassil,0.422,direct,29.93,30.07,3.43,33.37,0.109,77.02440643310547,35.013404846191406,45.45754623413086,35.96726608276367,15.073190689086914,41.9080810546875,38.74434,0.18971173465251923,0.1056641936302185,42.72239303588867,40.57550811767578,44.40568923950195,26.041372299194336,29.72900390625,26.693113327026367,1400.0,7454.0,commune,07.161.07.,,
07.161.07.03.,Assif El Mal,Chichaoua,Assif El Mal,71610703.0,Commune d'Assif El Mal,Chichaoua Assif El Mal,0.478,direct,28.39,21.41,4.34,40.05,0.369,54.86514663696289,24.106359481811523,43.93747329711914,20.95263671875,8.487943649291992,40.51014709472656,25.02675,0.11393573135137558,0.06058207526803017,41.07841873168945,39.80113220214844,27.73615264892578,15.22119426727295,30.117740631103516,27.38065528869629,1542.0,7511.0,commune,07.161.07.,,
07.161.07.05.,Douirane,Chichaoua,Douirane,71610705.0,Commune de Douirane,Chichaoua Douirane,0.485,direct,28.83,23.86,3.96,37.27,0.474,51.325809478759766,22.84986686706543,44.51925277709961,21.89242935180664,9.739263534545898,44.48690414428711,24.470200000000002,0.1345513015985489,0.08025317639112473,45.209014892578125,40.50714111328125,29.762052536010742,19.812105178833008,20.138803482055664,19.793365478515625,3197.0,16138.0,commune,07.161.07.,,
07.161.07.07.,Gmassa,Chichaoua,Gmassa,71610707.0,Commune de Gmassa,Chichaoua Gmassa,0.515,direct,24.49,29.74,2.62,31.38,0.321,41.64870834350586,17.99868392944336,43.21546936035156,13.527907371520996,5.447261333465576,40.266841888427734,17.224135999999998,0.09205013513565063,0.040372300893068314,40.95576858520508,38.535526275634766,22.475500106811523,10.476644515991211,36.05666732788086,30.896944046020508,1996.0,9388.0,commune,07.161.07.,,
07.161.07.09.,Imindounit,Chichaoua,Imindounit,71610709.0,Commune d'Imindounit,Chichaoua Imindounit,0.299,direct,38.61,26.03,6.04,35.69,0.036,91.22860717773438,43.79733657836914,48.008338928222656,45.331336975097656,19.00124168395996,41.916351318359375,52.01734,0.2222760170698166,0.14740285277366638,42.7870979309082,40.31182861328125,51.949310302734375,36.56565856933594,29.46405029296875,27.14477729797363,1846.0,11363.0,commune,07.161.07.,,
07.161.07.11.,Majjat,Chichaoua,Majjat,71610711.0,Commune de Majjat,Chichaoua Majjat,0.516,direct,23.6,31.51,2.28,30.02,0.374,43.95417785644531,19.143449783325195,43.55319595336914,12.008453369140625,4.809587478637695,40.05168151855469,14.447470000000001,0.08268968015909195,0.05215863510966301,41.4355354309082,39.05775451660156,19.956222534179688,13.354232788085936,31.49671745300293,20.158170700073242,2569.0,13258.0,commune,07.161.07.,,
07.161.07.13.,M'Zouda,Chichaoua,M'Zouda,71610713.0,Commune de M'zouda,Chichaoua M'Zouda,0.484,direct,36.89,26.74,5.3,35.24,0.365,52.86297607421875,22.978490829467773,43.46802520751953,18.878610610961914,7.6238789558410645,40.38368606567383,24.291040000000002,0.11356083303689957,0.06302130222320557,41.26435852050781,41.614627838134766,27.52031898498535,15.144025802612303,30.434030532836914,27.682394027709964,4583.0,23148.0,commune,07.161.07.,,
07.161.07.15.,Zaouia Annahlia,Chichaoua,Zaouia Annahlia,71610715.0,Commune de Zaouia Annahlia,Chichaoua Zaouia Annahlia,0.484,direct,39.9,28.29,5.21,34.24,0.37,62.875831604003906,28.375774383544922,45.12986373901367,22.5992374420166,9.29369068145752,41.12390899658203,30.06411,0.12201356887817383,0.046961016952991486,42.0,39.41941833496094,29.05084991455078,11.913167953491211,23.482383728027344,18.12165069580078,1931.0,10757.0,commune,07.161.07.,,
07.161.09.01.,Bouabout,Chichaoua,Bouabout,71610901.0,Commune de Bouabout,Chichaoua Bouabout,0.389,direct,37.55,26.1,5.65,35.88,0.198,70.32633209228516,32.536170959472656,46.26456069946289,28.521677017211914,11.65331745147705,40.85775375366211,33.0576,0.15302687883377075,0.07081395387649536,42.73442077636719,40.439517974853516,35.80881118774414,17.511077880859375,33.51036071777344,41.08671569824219,2240.0,11494.0,commune,07.161.09.,,
07.161.09.03.,Bouabout Amdlane,Chichaoua,Bouabout Amdlane,71610903.0,Commune de Bouabout Amdlane,Chichaoua Bouabout Amdlane,0.379,direct,39.56,27.71,5.94,34.24,0.017,86.57913970947266,40.5718994140625,46.86105728149414,57.82700729370117,26.195425033569336,45.29963684082031,63.14671,0.3152766823768616,0.1261080801486969,47.674137115478516,42.02509307861328,66.13159942626953,30.0078067779541,23.18917465209961,37.98594665527344,1513.0,7541.0,commune,07.161.09.,,
07.161.09.05.,Ichamraren,Chichaoua,Ichamraren,71610905.0,Commune d'Ichamraren,Chichaoua Ichamraren,0.471,direct,24.57,27.24,2.96,34.03,0.269,80.5863265991211,37.229427337646484,46.19819641113281,51.03232192993164,21.958011627197266,43.027652740478516,54.91953,0.25622954964637756,0.06843899190425873,45.23630142211914,40.127899169921875,56.642459869384766,17.055213928222656,25.202905654907227,39.08852005004883,1382.0,7023.0,commune,07.161.09.,,
07.161.09.07.,Kouzemt,Chichaoua,Kouzemt,71610907.0,Commune de Kouzemt,Chichaoua Kouzemt,0.448,direct,37.27,24.86,6.27,37.06,0.17,83.43612670898438,40.2447395324707,48.23419189453125,56.032169342041016,23.829448699951172,42.52815246582031,62.10083,0.2694505453109741,0.1242295503616333,44.524993896484375,40.896270751953125,60.51669692993164,30.37674331665039,22.52010726928711,29.724117279052734,865.0,4103.0,commune,07.161.09.,,
07.161.09.09.,Rahhala,Chichaoua,Rahhala,71610909.0,Commune de Rahhala,Chichaoua Rahhala,0.426,direct,34.91,28.6,4.62,32.61,0.044,76.82869720458984,35.22101593017578,45.843570709228516,34.96749496459961,14.448740005493164,41.32049560546875,40.15112,0.1857709288597107,0.1090073511004448,42.81985855102539,42.475276947021484,43.38429260253906,25.66371726989746,34.14162826538086,33.2372932434082,1195.0,5691.0,commune,07.161.09.,,
07.161.09.11.,Sidi Abdelmoumen,Chichaoua,Sidi Abdelmoumen,71610911.0,Commune de Sidi Abdelmoumen,Chichaoua Sidi Abdelmoumen,0.384,direct,28.45,26.63,3.59,35.01,0.134,75.71238708496094,34.601505279541016,45.70124816894531,39.50260925292969,16.263277053833008,41.170135498046875,42.98877,0.19854310154914856,0.07632884383201599,42.91523361206055,40.48872375488281,46.264015197753906,18.851877212524414,29.865659713745117,27.24308967590332,1970.0,9007.0,commune,07.161.09.,,
07.161.09.13.,Taouloukoult,Chichaoua,Taouloukoult,71610913.0,Commune de Taouloukoult,Chichaoua Taouloukoult,0.426,direct,28.04,26.93,3.49,34.92,0.224,79.64004516601562,39.00606155395508,48.97795486450195,35.236846923828125,14.657576560974121,41.59729766845703,41.153369999999995,0.18905115127563477,0.06849735230207443,43.1320915222168,39.540409088134766,43.83074188232422,17.323379516601562,30.3875675201416,25.96001434326172,2242.0,10682.0,commune,07.161.09.,,
07.161.09.15.,Timlilt,Chichaoua,Timlilt,71610915.0,Commune de Timlilt,Chichaoua Timlilt,0.416,direct,37.01,28.82,4.83,32.81,0.301,83.42610931396484,39.3836784362793,47.20785903930664,38.76801300048828,16.424131393432617,42.36516189575195,46.43968,0.20437350869178772,0.072853222489357,43.271183013916016,40.748165130615234,47.230857849121094,17.878896713256836,33.144954681396484,30.902902603149414,1471.0,7078.0,commune,07.161.09.,,
07.191.01.03.,El Kelaâ des Sraghna (Mun.),El Kelâa des  Sraghna,,,,El Kelaa Des Sraghna El Kelaâ des Sraghna (M),0.662,direct,8.64,18.05,0.75,33.88,,,,,,,,,0.02232259667033515,0.013864948633412415,37.02293212963209,35.70072653248245,6.0109019572840685,3.890655259299732,7.3104173457143675,2.7449244363867455,20139.0,95224.0,commune,07.191.01.,imputed_cercle,imputed_cercle
07.191.01.05.,Laattaouia (Mun.),El Kelâa des  Sraghna,Laattaouia (M),71910105.0,Commune de Laattaouia,El Kelaa Des Sraghna Laattaouia (M),0.634,direct,18.05,25.05,1.89,34.21,,19.45940589904785,8.139107704162598,41.82608413696289,3.120567560195923,1.1358513832092285,36.39887237548828,5.126181,0.01887587644159794,0.016794297844171524,36.63394546508789,35.46489334106445,5.152564525604248,4.735471248626709,4.9876298904418945,2.662362813949585,6125.0,30315.0,commune,07.191.01.,,
07.191.01.07.,Sidi Rahhal (Mun.),El Kelâa des  Sraghna,,71910107.0,Commune de Sidi Rahal,El Kelaa Des Sraghna Sidi Rahhal (M),0.636,direct,12.03,19.98,1.23,34.95,,,,,,,,,0.030102692544460297,0.009751362726092339,38.93992614746094,36.295684814453125,7.730546951293945,2.686645269393921,13.046566009521484,3.9601786136627197,2012.0,9906.0,commune,07.191.01.,,
07.191.01.09.,Tamallalt (Mun.),El Kelâa des  Sraghna,Tamallalt (M),71910109.0,Commune de Tamallalt,El Kelaa Des Sraghna Tamallalt (M),0.613,direct,18.57,26.83,1.89,33.64,,17.09099769592285,7.069919109344482,41.366329193115234,2.503174304962158,0.9203834533691406,36.768653869628906,7.491816,0.023980356752872467,0.010959450155496597,36.58774185180664,35.77664566040039,6.554205417633057,3.0632972717285156,8.132293701171875,2.1683809757232666,3200.0,16539.0,commune,07.191.01.,,
07.191.03.01.,Chtaiba,El Kelâa des  Sraghna,Chtaiba,71911301.0,Commune de Chtaiba,El Kelaa Des Sraghna Chtaiba,0.541,direct,21.44,27.2,2.44,32.93,0.779,34.77267074584961,14.062457084655762,40.44111633300781,8.977035522460938,3.5441770553588867,39.48048400878906,11.811889,0.0668424740433693,0.035132549703121185,39.76034927368164,38.53672790527344,16.81134033203125,9.1166410446167,22.88759422302246,14.62436580657959,1545.0,9122.0,commune,07.191.03.,,
07.191.03.03.,Eddachra,El Kelâa des  Sraghna,Eddachra,71911303.0,Commune d'Eddachra,El Kelaa Des Sraghna Eddachra,0.513,direct,31.23,25.15,4.53,36.13,0.932,19.1738224029541,7.407955646514893,38.635780334472656,3.7888858318328857,1.418801188468933,37.44639587402344,6.633871,0.03223138302564621,0.02722855843603611,38.605804443359375,38.346885681152344,8.348843574523926,7.100591659545898,16.764158248901367,9.265406608581543,1310.0,7522.0,commune,07.191.03.,,
07.191.03.05.,El Aamria,El Kelâa des  Sraghna,El Aamria,71911305.0,Commune d'El Aamria,El Kelaa Des Sraghna El Aamria,0.535,direct,24.81,24.49,3.14,36.01,0.596,33.428775787353516,14.068506240844727,42.085018157958984,8.512897491455078,3.3058536052703857,38.833473205566406,11.889993,0.053367774933576584,0.024594604969024658,39.0052604675293,38.09952163696289,13.682199478149414,6.455358028411865,22.216325759887695,13.026820182800293,1551.0,9454.0,commune,07.191.03.,,
07.191.03.07.,El Marbouh,El Kelâa des  Sraghna,El Marbouh,71911107.0,Commune d'El Marbouh,El Kelaa Des Sraghna El Marbouh,0.542,direct,25.47,27.94,2.91,32.78,0.864,22.994583129882812,9.137629508972168,39.73818588256836,8.240255355834961,3.2387356758117676,39.30382537841797,10.81728,0.050046857446432114,0.033505879342556,39.382164001464844,38.678863525390625,12.708001136779785,8.662581443786621,18.532026290893555,14.018592834472656,1621.0,8774.0,commune,07.191.03.,,
07.191.03.09.,Errafiaya,El Kelâa des  Sraghna,Errafiaya,71911309.0,Commune d'Errafiaya,El Kelaa Des Sraghna Errafiaya,0.501,direct,37.92,26.83,5.36,34.33,0.58,34.590919494628906,14.953329086303711,43.22905731201172,5.041075706481934,1.8577296733856201,36.85185241699219,5.825247,0.02865944802761078,0.023799670860171318,37.53056335449219,38.590606689453125,7.636295795440674,6.1672186851501465,12.621358871459961,13.451986312866211,939.0,5502.0,commune,07.191.03.,,
07.191.03.11.,Hiadna,El Kelâa des  Sraghna,Hiadna,71911111.0,Commune de Hiadna,El Kelaa Des Sraghna Hiadna,0.484,direct,33.67,35.68,3.18,26.5,0.411,52.36290740966797,22.78415298461914,43.51200485229492,14.088712692260742,5.498950958251953,39.0308952331543,18.20815,0.08616112917661667,0.038975294679403305,40.05489730834961,38.23603820800781,21.510759353637695,10.193340301513674,32.534034729003906,25.26589584350586,1854.0,11387.0,commune,07.191.03.,,
07.191.03.13.,Lounasda,El Kelâa des  Sraghna,Lounasda,71911113.0,Commune de Lounasda,El Kelaa Des Sraghna Lounasda,0.471,direct,21.08,25.49,2.42,33.08,0.578,45.4744987487793,19.78411865234375,43.50596237182617,12.313186645507812,5.041722774505615,40.945716857910156,17.539217,0.07735167443752289,0.05226803570985794,41.8162841796875,41.18524169921875,18.49797821044922,12.690962791442871,32.362064361572266,29.376035690307617,1755.0,10639.0,commune,07.191.03.,,
07.191.03.15.,Mayate,El Kelâa des  Sraghna,Mayate,71911115.0,Commune de Mayate,El Kelaa Des Sraghna Mayate,0.489,direct,22.32,33.75,2.03,27.57,0.417,45.966617584228516,20.19587516784668,43.93595886230469,15.800346374511719,6.4140706062316895,40.59449005126953,19.284240000000004,0.10253056138753891,0.03789576143026352,41.56523513793945,38.730735778808594,24.667383193969727,9.784415245056152,33.33608627319336,25.08863258361816,1989.0,12101.0,commune,07.191.03.,,
07.191.03.17.,Oulad Aamer,El Kelâa des  Sraghna,Oulad Aamer,71911317.0,Commune d'Oulad Aamer,El Kelaa Des Sraghna Oulad Aamer,0.524,direct,23.65,30.22,2.53,30.55,0.752,44.802101135253906,19.188518524169922,42.829505920410156,15.024946212768555,6.075077533721924,40.43326950073242,19.347040000000003,0.08812069892883301,0.039189063012599945,40.88404083251953,39.11079406738281,21.553813934326172,10.020011901855469,28.296506881713867,19.911378860473633,1130.0,7015.0,commune,07.191.03.,,
07.191.03.19.,Oulad Bouali Loued,El Kelâa des  Sraghna,Oulad Bouali Loued,71911319.0,Commune d'Oulad Bouali Loued,El Kelaa Des Sraghna Oulad Bouali Loued,0.586,direct,20.3,26.57,2.23,32.15,0.7,30.906980514526367,12.856721878051758,41.59811782836914,7.734236717224121,2.864532232284546,37.03704071044922,9.251619999999999,0.043630920350551605,0.030295802280306816,37.728240966796875,38.64097595214844,11.564525604248047,7.840330600738525,16.27872657775879,21.27862548828125,1178.0,6822.0,commune,07.191.03.,,
07.191.03.21.,Oulad Cherki,El Kelâa des  Sraghna,Oulad Cherki,71911121.0,Commune d'Oulad Cherki,El Kelaa Des Sraghna Oulad Cherki,0.48,direct,23.66,33.26,2.28,28.29,0.295,50.17445755004883,21.99658966064453,43.8402099609375,15.398134231567383,6.323884963989258,41.06916427612305,18.57506,0.10510267317295074,0.054364804178476334,42.834407806396484,40.47783660888672,24.53697395324707,13.430758476257324,37.33946228027344,32.83229064941406,1204.0,7399.0,commune,07.191.03.,,
07.191.03.23.,Oulad El Garne,El Kelâa des  Sraghna,Oulad El Garne,71911123.0,Commune d'Oulad El Garne,El Kelaa Des Sraghna Oulad El Garne,0.49,direct,27.29,27.1,3.43,34.27,0.762,37.010040283203125,14.87600326538086,40.19450378417969,11.865031242370605,4.76550817489624,40.16431427001953,14.30852,0.06857533007860184,0.027622995898127556,42.116722106933594,37.52934265136719,16.282209396362305,7.360373020172119,31.435583114624023,14.655954360961914,1333.0,8150.0,commune,07.191.03.,,
07.191.03.25.,Oulad Massaoud,El Kelâa des  Sraghna,Oulad Massaoud,71911325.0,Commune d'Oulad Massaoud,El Kelaa Des Sraghna Oulad Massaoud,0.599,direct,26.26,24.46,3.7,36.14,0.815,19.86172103881836,8.518983840942383,42.8914680480957,7.044502258300781,2.617574691772461,37.15769577026367,9.97805,0.05652010068297386,0.02255120500922203,37.71268081665039,36.185611724853516,14.987028121948242,6.232091903686523,19.716623306274414,9.073543548583984,856.0,5011.0,commune,07.191.03.,,
07.191.03.27.,Oulad Msabbel,El Kelâa des  Sraghna,Oulad Msabbel,71911327.0,Commune d'Oulad Msabbel,El Kelaa Des Sraghna Oulad Msabbel,0.512,direct,27.26,25.18,3.77,35.55,0.756,26.080638885498047,10.86996078491211,41.67827224731445,9.354013442993164,3.7638134956359863,40.23741912841797,13.895106,0.05670149251818657,0.03538200259208679,40.52698516845703,37.88314437866211,13.991045951843262,9.339774131774902,25.487688064575195,20.869565963745117,1026.0,6254.0,commune,07.191.03.,,
07.191.03.29.,Oulad Sbih,El Kelâa des  Sraghna,Oulad Sbih,71911129.0,Commune d'Oulad Sbih,El Kelaa Des Sraghna Oulad Sbih,0.519,direct,23.47,30.08,2.53,30.02,0.591,31.52829933166504,12.788379669189453,40.56159210205078,9.869420051574707,4.059115409851074,41.128204345703125,13.938655,0.06409218162298203,0.030700182542204857,41.38344192504883,39.977779388427734,15.487397193908691,7.679311752319336,33.87488555908203,20.78021812438965,1223.0,6616.0,commune,07.191.03.,,
07.191.03.31.,Oulad Yaacoub,El Kelâa des  Sraghna,Oulad Yaacoub,71911131.0,Commune d'Oulad Yaacoub,El Kelaa Des Sraghna Oulad Yaacoub,0.474,direct,26.78,28.56,3.08,32.05,0.343,31.368324279785156,13.433549880981445,42.82521057128906,12.55774974822998,5.010344505310059,39.89842987060547,18.227672,0.07404296100139618,0.033420074731111526,41.579315185546875,38.39067459106445,17.80764389038086,8.7052583694458,33.90732192993164,23.921049118041992,1289.0,7143.0,commune,07.191.03.,,
07.191.03.33.,Oulad Zarrad,El Kelâa des  Sraghna,Oulad Zarrad,71911133.0,Commune d'Oulad Zarrad,El Kelaa Des Sraghna Oulad Zarrad,0.496,direct,21.85,32.58,2.09,28.66,0.632,46.681514739990234,19.502103805541992,41.77693176269531,8.718788146972656,3.3779051303863525,38.742828369140625,11.862472,0.05239914730191231,0.027682391926646233,39.85402297973633,37.95857238769531,13.1477689743042,7.292790412902832,28.915267944335938,18.736501693725586,2064.0,12233.0,commune,07.191.03.,,
07.191.03.35.,Sidi El Hattab,El Kelâa des  Sraghna,Sidi El Hattab,71911335.0,Commune de Sidi El Hattab,El Kelaa Des Sraghna Sidi El Hattab,0.476,direct,21.89,34.69,1.95,27.1,0.383,52.82903289794922,23.193750381469727,43.903411865234375,13.852032661437988,5.345033168792725,38.58663558959961,16.19781,0.07490358501672745,0.028238916769623756,39.07345962524414,37.38553237915039,19.169939041137695,7.553434371948242,21.15486717224121,14.017431259155273,1475.0,9421.0,commune,07.191.03.,,
07.191.03.37.,Sidi Moussa,El Kelâa des  Sraghna,Sidi Moussa,71911337.0,Commune de Sidi Moussa,El Kelaa Des Sraghna Sidi Moussa,0.531,direct,22.58,27.1,2.55,32.73,0.753,30.226781845092773,11.815454483032227,39.089359283447266,6.990912437438965,2.673941135406494,38.248809814453125,10.296398,0.053398508578538895,0.027314871549606323,38.85132598876953,36.115394592285156,13.7443208694458,7.563220977783203,19.754234313964844,7.889523506164551,1462.0,9704.0,commune,07.191.03.,,
07.191.03.39.,Taouzint,El Kelâa des  Sraghna,Taouzint,71911339.0,Commune de Taouzint,El Kelaa Des Sraghna Taouzint,0.528,direct,25.78,31.94,2.76,29.47,0.468,34.25944137573242,14.526403427124023,42.40116882324219,12.935763359069824,5.081696510314941,39.284088134765625,17.412799,0.0847146064043045,0.035574302077293396,40.53532791137695,37.86848068237305,20.898956298828125,9.394171714782715,32.3128662109375,20.322086334228516,964.0,5651.0,commune,07.191.03.,,
07.191.03.41.,Znada,El Kelâa des  Sraghna,Znada,71911141.0,Commune de Znada,El Kelaa Des Sraghna Znada,0.576,direct,19.13,28.29,1.98,30.71,0.671,32.99082946777344,14.214704513549805,43.08683395385742,7.955899715423584,3.047609806060791,38.30628204345703,11.397503,0.04771719127893448,0.02069113962352276,39.9847412109375,37.38888931274414,11.933850288391113,5.534034252166748,19.412992477416992,8.245711326599121,1261.0,6712.0,commune,07.191.03.,,
07.191.05.01.,Assahrij,El Kelâa des  Sraghna,Assahrij,71910901.0,Commune d'Assahrij,El Kelaa Des Sraghna Assahrij,0.514,direct,31.66,26.47,4.28,35.17,0.633,25.68165397644043,11.168753623962402,43.48923110961914,7.257822036743164,2.7397546768188477,37.748992919921875,10.018055,0.04167434573173523,0.03210293874144554,40.120075783817086,38.90284855039642,10.38740434767786,8.252079550775964,13.732279155305298,12.503953981038006,2695.0,15385.0,commune,07.191.05.,,
07.191.05.03.,Bouya Omar,El Kelâa des  Sraghna,Bouya Omar,71910503.0,Commune de Bouya Omar,El Kelaa Des Sraghna Bouya Omar,0.514,direct,22.4,25.46,2.7,34.45,0.786,31.832250595092773,13.333505630493164,41.886783599853516,9.117252349853516,3.532248020172119,38.74246597290039,9.951941,0.056764908134937286,0.03904709219932556,39.045536041259766,39.72207260131836,14.538129806518555,9.830074310302734,17.29450798034668,11.44530200958252,2587.0,14154.0,commune,07.191.05.,,
07.191.05.05.,Choara,El Kelâa des  Sraghna,Choara,71910505.0,Commune de Choara,El Kelaa Des Sraghna Choara,0.568,direct,14.86,25.81,1.42,30.23,0.686,26.70982551574707,11.228290557861328,42.03805160522461,8.890501022338867,3.468505382537842,39.013607025146484,10.351083000000001,0.04946727305650711,0.02552209049463272,39.74327850341797,38.21390151977539,12.446702003479004,6.678744792938233,22.598203659057617,10.179988861083984,2026.0,11023.0,commune,07.191.05.,,
07.191.05.07.,Dzouz,El Kelâa des  Sraghna,Dzouz,71910507.0,Commune de Dzouz,El Kelaa Des Sraghna Dzouz,0.537,direct,14.77,32.11,1.18,25.96,0.492,40.084014892578125,17.039533615112305,42.50954818725586,9.651334762573242,3.6576530933380127,37.89789962768555,12.129389,0.0570240281522274,0.024820441380143166,38.48787307739258,38.656158447265625,14.816102981567383,6.4208245277404785,20.433006286621094,15.826464653015137,1928.0,11501.0,commune,07.191.05.,,
07.191.05.09.,Fraita,El Kelâa des  Sraghna,Fraita,71910509.0,Commune de Fraita,El Kelaa Des Sraghna Fraita,0.409,direct,14.55,21.24,1.58,34.56,0.765,26.925626754760742,11.152166366577148,41.41840744018555,9.019294738769531,3.518813371658325,39.014286041259766,11.028506,0.057522471994161606,0.027356579899787903,39.36334991455078,39.05823516845703,14.613205909729004,7.004049301147461,19.339706420898438,24.47066879272461,1968.0,11298.0,commune,07.191.05.,,
07.191.05.15.,Laatamna,El Kelâa des  Sraghna,Laatamna,71910515.0,Commune de Laatamna,El Kelaa Des Sraghna Laatamna,0.531,direct,16.77,27.62,1.6,29.96,0.622,17.773365020751953,7.306910514831543,41.111572265625,4.2869391441345215,1.590533971786499,37.10185241699219,6.525620999999999,0.05336381122469902,0.03673277422785759,40.651023864746094,40.479949951171875,13.127298355102539,9.074313163757324,32.177284240722656,24.205326080322266,1772.0,10063.0,commune,07.191.05.,,
07.191.05.16.,Laattaouia Ech-chaibia,El Kelâa des  Sraghna,Laattaouia  Ech-chaibia,71910516.0,Commune de Laattaouia Ech-Chaibia,El Kelaa Des Sraghna Laattaouia Ech- chaybia,0.495,fuzzy,20.47,33.15,1.76,26.74,0.429,38.15180206298828,16.171175003051758,42.38639831542969,10.819250106811523,4.1095194816589355,37.9833984375,12.141767999999999,0.06914850324392319,0.016321619972586632,39.25385284423828,36.81085968017578,17.615724563598633,4.4339141845703125,19.599559783935547,9.967845916748047,982.0,5444.0,commune,07.191.05.,,
07.191.05.17.,Louad Lakhdar,El Kelâa des  Sraghna,Louad Lakhdar,71910917.0,Commune de Louad Lakhdar,El Kelaa Des Sraghna Loued Lakhdar,0.49,fuzzy,31.54,28.06,4.04,34.28,0.612,34.981842041015625,15.31664752960205,43.78456497192383,7.836181640625,3.022322654724121,38.568817138671875,9.919053,0.06379662454128265,0.03485850989818573,40.48431396484375,41.72499465942383,15.758357048034668,8.354347229003906,28.11996078491211,32.068851470947266,1636.0,9303.0,commune,07.191.05.,,
07.191.05.19.,M'Zem Sanhaja,El Kelâa des  Sraghna,M'Zem Sanhaja,71910919.0,Commune de M'zem Sanhaja,El Kelaa Des Sraghna M'Zem Sanhaja,0.521,direct,20.09,28.82,2.01,30.43,0.622,34.33481216430664,14.94170093536377,43.51764678955078,15.451018333435059,6.240974426269531,40.39199447631836,16.333648,0.10299602150917053,0.03263286128640175,41.3830451965332,39.16301345825195,24.888458251953125,8.332571983337402,29.136760711669922,20.438556671142578,1663.0,10310.0,commune,07.191.05.,,
07.191.05.21.,Ouargui,El Kelâa des  Sraghna,Ouargui,71910521.0,Commune d'Ouargui,El Kelaa Des Sraghna Ouargui,0.585,direct,19.15,25.65,2.14,33.02,0.867,20.34015655517578,8.192975044250488,40.27980422973633,6.375192642211914,2.4717514514923096,38.771400451660156,8.301231,0.05174092575907707,0.025660837069153786,40.125301361083984,37.4530143737793,12.894838333129883,6.851474285125732,18.653697967529297,12.228815078735352,1881.0,10384.0,commune,07.191.05.,,
07.191.05.23.,Oulad Aarrad,El Kelâa des  Sraghna,Oulad Aarrad,71910523.0,Commune d'Oulad Aarrad,El Kelaa Des Sraghna Oulad Aarrad,0.571,direct,20.07,28.63,2.13,30.34,0.605,28.951745986938477,11.278528213500977,38.956295013427734,9.489831924438477,3.705355644226074,39.0455322265625,10.649304,0.05666548013687134,0.016405604779720306,39.609310150146484,38.56589126586914,14.306100845336914,4.253915786743164,25.59757423400879,13.8829345703125,981.0,5606.0,commune,07.191.05.,,
07.191.05.25.,Oulad Khallouf,El Kelâa des  Sraghna,Oulad Khallouf,71910925.0,Commune d'Oulad Khallouf,El Kelaa Des Sraghna Oulad Khallouf,0.544,direct,23.14,23.98,2.88,34.88,0.818,19.59325408935547,8.27408504486084,42.22925567626953,6.159209728240967,2.3681321144104004,38.448638916015625,8.227765999999999,0.044057074934244156,0.029180144891142845,39.449649810791016,39.29678726196289,11.167925834655762,7.4255805015563965,21.406158447265625,19.245447158813477,1488.0,8605.0,commune,07.191.05.,,
07.191.05.27.,Sidi Aissa Ben Slimane,El Kelâa des  Sraghna,Sidi Aissa Ben  Slimane,71910927.0,Commune de Sidi Aissa Ben Slimane,El Kelaa Des Sraghna Sidi Aissa Ben Slimane,0.494,direct,21.85,31.18,2.23,30.09,0.695,39.69956970214844,16.787452697753906,42.28623580932617,16.04845428466797,6.4785614013671875,40.36875534057617,18.145899999999997,0.09382735937833786,0.05217340216040611,40.89873504638672,40.41118621826172,22.941383361816406,12.91063404083252,26.480451583862305,19.525163650512695,3578.0,19977.0,commune,07.191.05.,,
07.191.05.29.,Sour El Aaz,El Kelâa des  Sraghna,Sour El Aaz,71910929.0,Commune de Sour El Aaz,El Kelaa Des Sraghna Sour El Aaz,0.471,direct,38.49,24.46,6.0,36.21,0.554,39.130435943603516,17.250638961791992,44.08496856689453,8.233766555786133,3.2525253295898438,39.50227737426758,11.818189,0.06184704601764679,0.035680461674928665,40.49509048461914,39.05086135864258,15.272727012634277,9.136920928955078,28.649351119995117,18.700054168701172,719.0,3850.0,commune,07.191.05.,,
07.191.07.11.,Jbiel,El Kelâa des  Sraghna,Jbiel,71910711.0,Commune de Jbiel,El Kelaa Des Sraghna Jbiel,0.496,direct,22.21,30.89,2.18,29.71,0.498,51.824546813964844,22.794057846069336,43.98312759399414,12.807665824890137,5.07989501953125,39.66292953491211,19.147207,0.08532583713531494,0.03706919029355049,40.76718521118164,39.53974533081055,20.930028915405273,9.375171661376953,32.54219436645508,20.07415771484375,1999.0,11376.0,commune,07.191.07.,,
07.191.07.13.,Jouala,El Kelâa des  Sraghna,Jouala,71910713.0,Commune de Jouala,El Kelaa Des Sraghna Jouala,0.551,direct,20.71,32.84,1.9,28.39,0.534,31.755390167236328,12.98822021484375,40.90083694458008,7.055874347686768,2.7066421508789062,38.36012649536133,8.900431000000001,0.05038204416632652,0.023791402578353882,38.591678619384766,38.312965393066406,13.055157661437988,6.209752082824707,22.76146125793457,17.73982810974121,2023.0,11168.0,commune,07.191.07.,,
07.191.07.31.,Zemrane,El Kelâa des  Sraghna,Zemrane,71910731.0,Commune de Zemrane,El Kelaa Des Sraghna Zemrane,0.537,direct,24.72,36.74,2.15,26.25,0.52,36.06526565551758,15.4955415725708,42.965274810791016,11.298646926879883,4.451263904571533,39.39643478393555,16.582742,0.07545606046915054,0.0331822894513607,41.29347229003906,40.28068923950195,18.273120880126953,8.23776626586914,30.68768310546875,19.902484893798828,2453.0,14338.0,commune,07.191.07.,,
07.191.07.33.,Zemrane Charqia,El Kelâa des  Sraghna,Zemrane Charqia,71910733.0,Commune de Zemrane Charqia,El Kelaa Des Sraghna Zemrane Charqia,0.552,direct,17.79,25.5,1.94,32.45,0.797,23.05531120300293,9.486282348632812,41.145751953125,6.518375873565674,2.5291941165924072,38.80098342895508,9.547554,0.0499497689306736,0.02508307434618473,39.33104705810547,39.19032669067383,12.69983196258545,6.400322914123535,22.240175247192383,14.789826393127441,4990.0,29087.0,commune,07.191.07.,,
07.211.01.01.,Ait Daoud (Mun.),Essaouira,Ait Daoud (M),72110101.0,Commune d'Ait Daoud,Essaouira Ait Daoud (M),0.601,direct,21.62,24.86,2.37,36.41,,35.64276885986328,16.02367401123047,44.95630645751953,7.4399733543396,2.756171941757202,37.04545593261719,10.24687,0.041389551013708115,0.03185981512069702,38.97735595703125,40.26325988769531,10.618870735168457,7.912875652313232,10.957051277160645,8.684863090515137,657.0,2957.0,commune,07.211.01.,,
07.211.01.03.,El Hanchane (Mun.),Essaouira,El Hanchane (M),72110103.0,Commune d'El Hanchane,Essaouira El Hanchane (M),0.625,direct,9.26,20.14,0.76,31.14,,22.988506317138672,9.823328971862793,42.731483459472656,7.236037254333496,2.645287036895752,36.55712127685547,8.59359,0.04236309230327606,0.02283076010644436,38.20465850830078,37.609535217285156,11.088462829589844,6.070471286773682,11.516510009765625,7.085407733917236,1131.0,4965.0,commune,07.211.01.,,
07.211.01.05.,Essaouira (Mun.),Essaouira,Essaouira (M),72110105.0,Commune d'Essaouira,Essaouira Essaouira (M),0.688,direct,5.71,12.36,0.54,36.39,,9.045722007751465,3.58573055267334,39.64007568359375,1.5793976783752441,0.5732917189598083,36.29812240600586,1.805328,0.012069527991116047,0.008693521842360497,36.31595230102539,34.88762664794922,3.3234782218933105,2.491863965988159,4.056121826171875,1.6976021528244016,20290.0,77966.0,commune,07.211.01.,,
07.211.01.07.,Talmest (Mun.),Essaouira,Talmest (M),72110107.0,Commune de Talmest,Essaouira Talmest (M),0.615,direct,11.12,18.43,1.06,34.87,,18.509557723999023,7.722397327423096,41.721134185791016,5.360443592071533,1.9857773780822754,37.045021057128906,8.687611,0.036493636667728424,0.028964657336473465,38.24320983886719,38.13131332397461,9.542513847351074,7.596029281616211,8.040665626525879,10.099266052246094,1039.0,4328.0,commune,07.211.01.,,
07.211.01.09.,Tamanar (Mun.),Essaouira,Tamanar (M),72110109.0,Commune de Tamanar,Essaouira Tamanar (M),0.574,direct,14.39,21.65,1.47,35.72,,35.8045768737793,15.845706939697266,44.25609588623047,10.3670072555542,4.110438823699951,39.64923095703125,12.438472,0.059638671576976776,0.03814320266246796,41.0214729309082,39.71660232543945,14.538403511047363,9.603843688964844,20.866439819335938,10.486434936523438,2373.0,10584.0,commune,07.211.01.,,
07.211.03.01.,Ait Said,Essaouira,Ait Said,72110901.0,Commune d'Ait Said,Essaouira Ait Said,0.495,direct,30.73,24.93,4.59,36.1,0.227,61.61559295654297,27.065387725830078,43.92619705200195,27.10074806213379,11.138812065124512,41.10149002075195,37.86471,0.17508269846439362,0.09008760750293732,43.3668327331543,41.62406539916992,40.37248992919922,21.64315414428711,30.4296817779541,29.543567657470703,1434.0,6819.0,commune,07.211.03.,,
07.211.03.03.,Aquermoud,Essaouira,Aquermoud,72110303.0,Commune d'Aquermoud,Essaouira Aquermoud,0.462,direct,34.36,25.55,5.35,36.37,0.289,60.86320114135742,27.98282814025879,45.976593017578125,23.06218910217285,9.416279792785645,40.829952239990234,26.51807,0.12949247658252716,0.052788589149713516,42.535888671875,38.350040435791016,30.443111419677734,13.764937400817871,26.41425132751465,17.565975189208984,3155.0,15662.0,commune,07.211.03.,,
07.211.03.05.,Had Dra,Essaouira,Had Dra,72110305.0,Commune de Had Dra,Essaouira Had Dra,0.537,direct,35.37,23.87,5.88,38.68,0.394,37.377559661865234,15.889976501464844,42.51207733154297,12.51529598236084,4.957293510437012,39.6098747253418,14.287320000000001,0.08550573885440826,0.035228628665208817,41.546546936035156,38.45758056640625,20.58070945739746,9.160386085510254,24.930471420288086,19.679439544677734,2051.0,8989.0,commune,07.211.03.,,
07.211.03.07.,Kechoula,Essaouira,Kechoula,72110907.0,Commune de Kechoula,Essaouira Kechoula,0.484,direct,34.98,30.55,4.35,31.52,0.029,71.07512664794922,32.95596694946289,46.367794036865234,32.05655288696289,13.260087013244629,41.36467361450195,53.4276,0.16755256056785583,0.07157435268163681,43.150814056396484,41.15525436401367,38.829524993896484,17.39130401611328,29.85369110107422,34.46242141723633,1149.0,6083.0,commune,07.211.03.,,
07.211.03.09.,Korimate,Essaouira,Korimate,72110909.0,Commune de Korimate,Essaouira Korimate,0.449,direct,31.19,26.21,4.37,35.48,0.24,56.867271423339844,25.58714485168457,44.99449920654297,15.489542007446289,6.364443302154541,41.08864212036133,19.51298,0.09062230587005615,0.06932706385850906,41.852027893066406,38.195526123046875,21.653026580810547,18.150571823120117,27.53359603881836,22.996870040893555,1927.0,9897.0,commune,07.211.03.,,
07.211.03.11.,Lagdadra,Essaouira,Lagdadra,72110911.0,Commune de Lagdadra,Essaouira Lagdadra,0.481,direct,39.05,25.79,6.22,35.85,0.261,60.25007247924805,27.457916259765625,45.5732536315918,21.670330047607422,8.77492904663086,40.492828369140625,25.758210000000002,0.13466830551624298,0.09491466730833054,42.238563537597656,40.86332702636719,31.882783889770508,23.227346420288086,26.300365447998047,28.16838264465332,1425.0,6825.0,commune,07.211.03.,,
07.211.03.13.,Lahsinate,Essaouira,Lahsinate,72110913.0,Commune de Lahsinate,Essaouira Lahsinate,0.527,direct,38.66,26.1,6.07,35.22,0.189,55.80390548706055,25.05739402770996,44.9025764465332,22.972719192504883,9.339395523071289,40.654293060302734,25.870199999999997,0.12992578744888306,0.06459320336580276,42.998477935791016,40.309425354003906,30.21636962890625,16.024341583251953,32.22953796386719,29.107505798339844,1103.0,5315.0,commune,07.211.03.,,
07.211.03.15.,Mejji,Essaouira,Mejji,72110915.0,Commune de Mejji,Essaouira Mejji,0.486,direct,34.19,27.93,4.79,34.11,0.166,58.998435974121094,26.170942306518555,44.358707427978516,14.651851654052734,5.7744855880737305,39.41130447387695,37.28889,0.08722633868455887,0.05412358045578003,40.9157600402832,38.87657165527344,21.318517684936523,13.92190170288086,34.05925750732422,20.620466232299805,1281.0,6750.0,commune,07.211.03.,,
07.211.03.17.,Meskala,Essaouira,Meskala,72110917.0,Commune de Meskala,Essaouira Meskala,0.507,direct,29.52,25.31,4.14,36.3,0.284,48.744075775146484,21.438915252685547,43.982608795166016,8.775981903076172,3.315370798110962,37.77777862548828,13.856815,0.061765458434820175,0.037684809416532516,38.70397186279297,38.78431701660156,15.958429336547852,9.716506958007812,29.58429527282715,24.94284439086914,903.0,4330.0,commune,07.211.03.,,
07.211.03.19.,Mouarid,Essaouira,Mouarid,72110919.0,Commune de Mouarid,Essaouira Mouarid,0.418,direct,36.14,27.13,5.31,34.57,0.242,63.087249755859375,28.38943862915039,45.000282287597656,18.454795837402344,7.496979236602783,40.62347412109375,22.204189999999997,0.1176486536860466,0.05341115966439247,41.99497985839844,41.350826263427734,28.01493263244629,12.916587829589844,33.43613052368164,30.540388107299805,1172.0,6161.0,commune,07.211.03.,,
07.211.03.21.,Moulay Bouzarqtoune,Essaouira,Moulay Bouzarqtoune,72110321.0,Commune de Moulay Bouzarqtoune,Essaouira Moulay Bouzarqtoune,0.555,direct,24.26,27.08,3.05,33.27,0.276,50.14240264892578,21.44692039489746,42.77202606201172,20.843631744384766,8.425331115722656,40.421607971191406,25.622009999999996,0.11975247412919998,0.035600341856479645,42.92839813232422,40.08255386352539,27.895864486694336,8.881754875183105,33.77821731567383,21.062957763671875,1267.0,6069.0,commune,07.211.03.,,
07.211.03.23.,Mzilate,Essaouira,Mzilate,72110923.0,Commune de Mzilate,Essaouira Mzilate,0.457,direct,37.36,33.65,4.01,27.87,0.209,68.07767486572266,30.90043067932129,45.389957427978516,32.668094635009766,13.611045837402344,41.664649963378906,36.5883,0.1691877245903015,0.09073659777641296,43.50098419189453,40.36252975463867,38.89284896850586,22.480403900146484,31.21881675720215,29.787233352661133,782.0,4209.0,commune,07.211.03.,,
07.211.03.25.,M'Khalif,Essaouira,M'Khalif,72110325.0,Commune de M'khalif,Essaouira M'Khalif,0.508,direct,37.96,25.42,6.18,36.35,0.32,61.5595817565918,27.71472930908203,45.02098083496094,18.730276107788086,7.399500846862793,39.50556182861328,23.72378,0.09973599016666412,0.06154792010784149,40.27569580078125,42.10210418701172,24.76331901550293,14.618727684020996,26.71245574951172,37.45555114746094,1062.0,5387.0,commune,07.211.03.,,
07.211.03.27.,M'Ramer,Essaouira,M'Ramer,72110927.0,Commune de M'ramer,Essaouira M'Ramer,0.431,direct,43.59,29.59,5.67,31.53,0.178,73.43870544433594,33.32048416137695,45.371829986572266,35.587188720703125,15.164830207824707,42.6131706237793,37.83283,0.18386714160442352,0.08999521285295486,43.8817253112793,40.83139419555664,41.90061950683594,22.040691375732422,36.41755676269531,33.49260330200195,1452.0,7587.0,commune,07.211.03.,,
07.211.03.29.,Oulad M'Rabet,Essaouira,Oulad M'Rabet,72110929.0,Commune d'Oulad M'rabet,Essaouira Oulad M'Rabet,0.474,direct,35.64,32.77,4.07,28.98,0.266,45.35843276977539,19.68511962890625,43.39902877807617,14.43943977355957,5.651484966278076,39.139225006103516,17.2923,0.07490824162960052,0.11056259274482727,41.574073791503906,39.66596221923828,18.01801872253418,27.873416900634766,34.68468475341797,18.253164291381836,773.0,3996.0,commune,07.211.03.,,
07.211.03.31.,Ounagha,Essaouira,Ounagha,72110331.0,Commune d'Ounagha,Essaouira Ounagha,0.466,direct,35.1,25.24,5.47,36.79,0.25,55.02560043334961,25.320619583129883,46.01607131958008,19.658273696899414,7.918665409088135,40.28158950805664,21.964399999999998,0.10818540304899216,0.05563310906291008,41.16176398772724,39.20475728069118,26.282985668111355,14.190397156457033,25.287355632984234,23.516158150630392,2807.0,12461.0,commune,07.211.03.,,
07.211.03.33.,Sidi Abdeljalil,Essaouira,Sidi Abdeljalil,72110333.0,Commune de Sidi Abdeljalil,Essaouira Sidi Abdeljalil,0.492,direct,35.75,25.11,5.71,36.84,0.204,55.10555648803711,24.69401741027832,44.81221008300781,20.38380241394043,8.204895973205566,40.252037048339844,22.80144,0.12351835519075394,0.06962350755929947,42.68639373779297,41.45888137817383,28.936235427856445,16.79338836669922,30.825021743774414,28.776859283447266,1419.0,6618.0,commune,07.211.03.,,
07.211.03.35.,Sidi Aissa Regragui,Essaouira,Sidi Aissa Regragui,72110935.0,Commune de Sidi Aissa Regragui,Essaouira Sidi Aissa Regragui,0.412,direct,38.01,26.88,5.53,34.74,0.118,70.18372344970703,32.319190979003906,46.049407958984375,35.39231872558594,14.681877136230469,41.48323059082031,41.672,0.17206741869449615,0.10114563256502151,43.02790451049805,40.39950942993164,39.98972702026367,25.036352157592773,35.84178924560547,26.21282196044922,1488.0,7873.0,commune,07.211.03.,,
07.211.03.37.,Sidi Ali El Korati,Essaouira,Sidi Ali El Korati,72110337.0,Commune de Sidi Ali El Korati,Essaouira Sidi Ali El Korati,0.475,direct,42.17,22.93,8.1,38.32,0.249,56.46987533569336,25.12204933166504,44.487525939941406,35.349830627441406,14.157925605773926,40.050899505615234,47.250189999999996,0.18409037590026855,0.09435974061489105,42.566429138183594,40.844573974609375,43.24778366088867,23.102148056030273,27.22273063659668,27.971797943115234,1390.0,6546.0,commune,07.211.03.,,
07.211.03.39.,Sidi Boulaalam,Essaouira,Sidi Boulaalam,72110939.0,Commune de Sidi Boulaalam,Essaouira Sidi Boulaalam,0.478,direct,39.67,27.25,5.87,34.7,0.219,70.71066284179688,32.423152923583984,45.853275299072266,32.60869598388672,13.175168991088867,40.40385055541992,49.09111,0.17017386853694916,0.09346329420804977,42.65873336791992,40.93617630004883,39.89191818237305,22.831466674804688,29.48906898498535,29.382652282714844,1561.0,8142.0,commune,07.211.03.,,
07.211.03.41.,Sidi Ishaq,Essaouira,Sidi Ishaq,72110341.0,Commune de Sidi Ishaq,Essaouira Sidi Ishaq,0.413,direct,42.87,28.46,6.26,33.01,0.201,69.6849136352539,32.60523223876953,46.789512634277344,22.07101058959961,8.897529602050781,40.313194274902344,24.81069,0.12365701794624329,0.05947842448949814,41.25981903076172,39.737911224365234,29.970325469970703,14.96767807006836,20.996623992919922,18.786672592163086,1935.0,9773.0,commune,07.211.03.,,
07.211.03.43.,Sidi Laaroussi,Essaouira,Sidi Laaroussi,72110343.0,Commune de Sidi Laaroussi,Essaouira Sidi Laaroussi,0.451,direct,41.04,27.86,5.8,33.54,0.104,75.0435562133789,35.11449432373047,46.79215621948242,44.136924743652344,18.702850341796875,42.37460708618164,50.08935,0.23124094307422638,0.13552162051200867,44.164520263671875,40.94991683959961,52.358985900878906,33.094478607177734,25.070810317993164,28.539121627807614,2148.0,12357.0,commune,07.211.03.,,
07.211.03.45.,Sidi M'Hamed Ou Marzouq,Essaouira,Sidi M'Hamed Ou Marzouq,72110945.0,Commune de Sidi M'hamed Ou Marzouq,Essaouira Sidi M'Hamed Ou Marzouq,0.445,direct,37.58,28.44,5.19,33.44,0.228,67.52628326416016,30.828407287597656,45.65393829345703,18.74180793762207,7.809607028961182,41.6694450378418,22.636216,0.11881878226995468,0.142914280295372,42.08296585083008,42.7353401184082,28.234413146972656,33.441707611083984,41.05972671508789,34.74222183227539,925.0,5341.0,commune,07.211.03.,,
07.211.03.47.,Tafetachte,Essaouira,Tafetachte,72110947.0,Commune de Tafetachte,Essaouira Tafetachte,0.482,direct,37.13,28.88,4.82,32.52,0.233,50.84231948852539,22.093067169189453,43.45409393310547,14.961807250976562,5.9088897705078125,39.49315643310547,22.23515,0.07834938168525696,0.05700826272368431,40.64026017779433,39.57647276880829,19.278760383506054,14.404583970581001,27.615520992773348,22.38439482413898,1491.0,7293.0,commune,07.211.03.,,
07.211.03.49.,Takate,Essaouira,Takate,72110349.0,Commune de Takate,Essaouira Takate,0.423,direct,38.06,23.2,6.72,38.42,0.246,52.17353820800781,23.14080810546875,44.353538513183594,27.297592163085938,11.010313034057617,40.334373474121094,32.260419999999996,0.1568603664636612,0.0561564601957798,43.259857177734375,40.31072998046875,36.26002883911133,13.930896759033203,23.276805877685547,26.690034866333008,2255.0,10968.0,commune,07.211.03.,,
07.211.03.51.,Zaouiat Ben Hmida,Essaouira,Zaouiat Ben Hmida,72110351.0,Commune de Zaouiat Ben Hmida,Essaouira Zaouiat Ben Hmida,0.553,direct,35.92,22.0,6.34,39.62,0.447,42.90852355957031,18.789854049682617,43.79049301147461,15.120675086975098,6.10884952545166,40.40064239501953,17.12712,0.0940195769071579,0.05248648673295975,42.04594802856445,40.38912582397461,22.36115074157715,12.99520206451416,23.495203018188477,22.61823081970215,1413.0,6922.0,commune,07.211.03.,,
07.211.05.01.,Adaghas,Essaouira,Adaghas,72110701.0,Commune d'Adaghas,Essaouira Adaghas,0.481,direct,25.86,26.41,3.09,34.19,0.065,85.78741455078125,41.98701858520508,48.9431037902832,57.27499008178711,25.52472686767578,44.56521987915039,63.678309999999996,0.296533465385437,0.15130166709423065,46.80267333984375,40.088890075683594,63.35823440551758,37.741546630859375,18.143009185791016,16.183574676513672,519.0,2825.0,commune,07.211.05.,,
07.211.05.03.,Aglif,Essaouira,Aglif,72110703.0,Commune d'Aglif,Essaouira Aglif,0.419,direct,36.7,24.88,5.79,37.07,0.175,82.0685043334961,40.57968521118164,49.44611358642578,51.4324836730957,22.183469772338867,43.13124084472656,58.80669,0.27385401725769043,0.14998888969421387,45.395416259765625,40.14735794067383,60.326358795166016,37.35959243774414,21.4997501373291,23.495922088623047,1620.0,8028.0,commune,07.211.05.,,
07.211.05.05.,Aguerd,Essaouira,Aguerd,72110505.0,Commune d'Aguerd,Essaouira Aguerd,0.452,direct,35.2,26.14,5.16,35.52,0.26,54.40309143066406,23.87860679626465,43.892005920410156,19.598363876342773,7.651543617248535,39.041744232177734,22.80507,0.11770176142454147,0.043943531811237335,40.473148345947266,38.29365158081055,29.081443786621094,11.475409507751465,23.26143455505371,16.616989135742188,1182.0,5378.0,commune,07.211.05.,,
07.211.05.07.,Ait Aissi Ihahane,Essaouira,,72110507.0,Commune d'Ait Aissa Ihahane,Essaouira Ait Aissi Ihahane,0.407,direct,39.45,22.41,7.04,40.07,0.211,,,,,,,,0.26706361770629883,0.10126637667417526,45.85348129272461,41.57763671875,58.242820739746094,24.355972290039062,25.51291275024414,31.811084747314453,836.0,4143.0,commune,07.211.05.,,
07.211.05.09.,Assais,Essaouira,Assais,72110709.0,Commune d'Assais,Essaouira Assais,0.408,direct,31.57,27.05,4.35,34.82,0.063,90.0828628540039,46.71474838256836,51.8575325012207,72.65364837646484,34.02265548706055,46.82855987548828,77.68624,0.3753916919231415,0.2667843699455261,48.258663177490234,44.7025032043457,77.78742218017578,59.679962158203125,14.924077987670898,20.171287536621094,1283.0,6915.0,commune,07.211.05.,,
07.211.05.11.,Bizdad,Essaouira,Bizdad,72110711.0,Commune de Bizdad,Essaouira Bizdad,0.453,direct,36.18,23.44,6.17,38.98,0.398,67.06902313232422,30.3377742767334,45.23365783691406,26.1723690032959,10.54499340057373,40.290557861328125,32.243339999999996,0.1352626532316208,0.0831841230392456,42.04973602294922,38.510765075683594,32.167301177978516,21.6002254486084,29.86058235168457,18.956743240356445,1604.0,7959.0,commune,07.211.05.,,
07.211.05.13.,Bouzemmour,Essaouira,Bouzemmour,72110713.0,Commune de Bouzemmour,Essaouira Bouzemmour,0.433,direct,35.97,23.22,5.97,38.67,0.146,89.58804321289062,45.62815856933594,50.93107986450195,61.04095458984375,26.98141860961914,44.20215606689453,67.96933,0.2944539487361908,0.21924704313278198,45.503692626953125,42.261905670166016,64.70989990234375,51.878173828125,21.689420700073242,18.147207260131836,1066.0,5874.0,commune,07.211.05.,,
07.211.05.15.,Ezzaouite,Essaouira,Ezzaouite,72110715.0,Commune d'Ezzaouite,Essaouira Ezzaouite,0.399,direct,31.95,28.32,4.28,33.28,0.161,75.49183654785156,35.32272720336914,46.79012680053711,39.220943450927734,16.067392349243164,40.96635818481445,47.594989999999996,0.20638175308704376,0.08239755034446716,43.462860107421875,39.882606506347656,47.484622955322266,20.66002082824707,26.8411922454834,31.505672454833984,1220.0,6341.0,commune,07.211.05.,,
07.211.05.17.,Ida Ou Aazza,Essaouira,Ida Ou Aazza,72110517.0,Commune d'Ida Ou Aazza,Essaouira Ida Ou Aazza,0.427,direct,33.21,28.64,4.24,32.89,0.341,64.31591796875,28.834932327270508,44.833274841308594,26.2515869140625,10.730622291564941,40.87609100341797,31.94407,0.1330721527338028,0.046043019741773605,42.22894287109375,39.740196228027344,31.51207160949707,11.586007118225098,28.627700805664062,19.31877899169922,1467.0,7923.0,commune,07.211.05.,,
07.211.05.19.,Ida Ou Guelloul,Essaouira,Ida Ou Guelloul,72110519.0,Commune d'Ida Ou Guelloul,Essaouira Ida Ou Guelloul,0.531,direct,34.52,26.58,5.1,34.46,0.227,55.53383255004883,24.51963233947754,44.15260314941406,20.286714553833008,8.35231876373291,41.17136764526367,25.804260000000003,0.11251875013113022,0.029727960005402565,42.08229446411133,37.325103759765625,26.737789154052734,7.964601993560791,33.522254943847656,10.108160972595215,1198.0,5999.0,commune,07.211.05.,,
07.211.05.21.,Ida Ou Kazzou,Essaouira,Ida Ou Kazzou,72110521.0,Commune d'Ida Ou Kazzou,Essaouira Ida Ou Kazzou,0.477,direct,34.4,26.93,4.78,34.86,0.057,78.46034240722656,38.52773666381836,49.1047248840332,52.442806243896484,23.335918426513672,44.49784469604492,62.6406,0.2695920169353485,0.15584704279899597,45.92323684692383,41.40572738647461,58.704925537109375,37.639007568359375,24.4086856842041,22.754491806030273,1026.0,5182.0,commune,07.211.05.,,
07.211.05.23.,Imgrade,Essaouira,Imgrade,72110523.0,Commune d'Imgrade,Essaouira Imgrade,0.45,direct,41.65,24.69,6.91,36.74,0.093,68.11962127685547,31.75263786315918,46.613059997558594,35.50724792480469,14.849077224731445,41.81985092163086,44.21835,0.19909550249576569,0.08373139798641205,44.193477630615234,41.735679626464844,45.050880432128906,20.062305450439453,30.326858520507812,35.077880859375,1257.0,6486.0,commune,07.211.05.,,
07.211.05.25.,Imi N'Tlit,Essaouira,Imi-N'Tlit,72110525.0,Commune d'Imi-N'tlit,Essaouira Imi N'Tlit,0.471,direct,34.51,21.94,6.0,39.53,0.359,63.48006057739258,28.30955696105957,44.59598159790039,23.14214324951172,9.792186737060547,42.31321716308594,29.41393,0.15144777297973633,0.06112515553832054,42.995086669921875,40.45848846435547,35.22443771362305,15.108116149902344,30.324190139770508,29.036787033081055,1479.0,8057.0,commune,07.211.05.,,
07.211.05.27.,Sidi Ahmed Essayeh,Essaouira,Sidi Ahmed Essayeh,72110527.0,Commune de Sidi Ahmed Essayeh,Essaouira Sidi Ahmed Essayeh,0.474,direct,26.65,25.34,3.6,34.36,0.19,47.31965637207031,20.52816390991211,43.38189697265625,18.215553283691406,7.216485500335693,39.617164611816406,33.1559,0.10510558634996414,0.033511724323034286,41.572715759277344,36.37621307373047,25.2823486328125,9.21253776550293,33.301063537597656,5.581039905548096,1264.0,6198.0,commune,07.211.05.,,
07.211.05.29.,Sidi El Jazouli,Essaouira,Sidi El Jazouli,72110529.0,Commune de Sidi El Jazouli,Essaouira Sidi El Jazouli,0.432,direct,41.17,26.77,6.54,34.6,0.22,65.0815200805664,29.62258529663086,45.5161247253418,36.041473388671875,14.650607109069824,40.64929962158203,44.05755,0.19068746268749237,0.06700288504362106,43.069637298583984,38.19301986694336,44.27421951293945,17.543228149414062,33.14763259887695,24.855907440185547,1290.0,6462.0,commune,07.211.05.,,
07.211.05.31.,Sidi Ghaneme,Essaouira,Sidi Ghaneme,72110731.0,Commune de Sidi Ghaneme,Essaouira Sidi Ghaneme,0.418,direct,32.69,27.48,4.54,33.7,0.217,68.11650848388672,31.178247451782227,45.771934509277344,22.742687225341797,9.353068351745605,41.1256103515625,30.37302,0.12245065718889236,0.06412895023822784,41.62263870239258,40.836830139160156,29.41924476623535,15.703703880310059,28.21110725402832,30.419754028320312,893.0,4718.0,commune,07.211.05.,,
07.211.05.33.,Sidi H'Mad Ou M'Barek,Essaouira,Sidi HMad  Ou M'Barek,72110533.0,Commune de Sidi Hmad Ou M'barek,Essaouira Sidi H'Mad Ou M'Barek,0.466,direct,40.48,22.84,7.13,38.48,0.318,51.06830596923828,22.384986877441406,43.83342361450195,19.183597564697266,7.530457496643066,39.25466537475586,25.49877,0.11774157732725143,0.05637860298156738,41.49821090698242,40.608062744140625,28.37268829345703,13.883598327636719,32.71096420288086,26.179893493652344,1212.0,5482.0,commune,07.211.05.,,
07.211.05.35.,Sidi Hmad Ou Hamed,Essaouira,Sidi H'mad Ou Hamed,72110535.0,Commune de Sidi H'mad Ou Hamed,Essaouira Sidi Hmad Ou Hamed,0.356,direct,37.59,25.46,5.95,35.29,0.095,70.89049530029297,33.085330963134766,46.671043395996094,37.45661926269531,15.785269737243652,42.14280700683594,42.563159999999996,0.18987222015857697,0.06369785964488983,42.83805847167969,39.44153594970703,44.3232536315918,16.149944305419922,24.913236618041992,23.506200790405273,890.0,4034.0,commune,07.211.05.,,
07.211.05.37.,Sidi Kaouki,Essaouira,Sidi Kaouki,72110537.0,Commune de Sidi Kaouki,Essaouira Sidi Kaouki,0.555,direct,31.33,23.64,4.89,38.46,0.398,38.269893646240234,15.820838928222656,41.34016799926758,8.518918991088867,3.312912940979004,38.88888931274414,9.666953000000001,0.058738745748996735,0.031223658472299576,39.65937042236328,38.747528076171875,14.810811042785645,8.058232307434082,23.264863967895508,9.86262035369873,1101.0,4625.0,commune,07.211.05.,,
07.211.05.39.,Smimou,Essaouira,Smimou,72110539.0,Commune de Smimou,Essaouira Smimou,0.489,direct,30.56,23.65,4.76,37.22,0.311,57.82559585571289,26.284133911132812,45.45415115356445,26.058969497680664,10.53317642211914,40.42053985595703,41.3915,0.10186560451984406,0.03592440485954285,40.65506402934664,36.85885577134683,25.056068580940185,9.746478929653973,17.094443135566912,9.228169004010482,1750.0,8026.0,commune,07.211.05.,,
07.211.05.41.,Tafedna,Essaouira,Tafedna,72110541.0,Commune de Tafedna,Essaouira Tafedna,0.533,direct,25.79,28.39,3.05,32.38,0.158,63.41230392456055,28.35838508605957,44.72063446044922,19.49439239501953,7.695883750915527,39.47742462158203,24.12315,0.11486954241991043,0.059657201170921326,40.30120086669922,39.02705383300781,28.50275993347168,15.286114692687988,28.0042724609375,23.489395141601562,1113.0,5617.0,commune,07.211.05.,,
07.211.05.43.,Tahelouante,Essaouira,Tahelouante,72110743.0,Commune de Tahelouante,Essaouira Tahelouante,0.378,direct,29.82,29.59,3.73,32.57,0.06,78.31722259521484,37.86980056762695,48.354373931884766,46.4404182434082,20.475746154785156,44.090354919433594,54.80998,0.25094273686408997,0.1384688913822174,45.78419494628906,41.84262466430664,54.80990219116211,33.0927848815918,31.487625122070312,32.09621810913086,756.0,3919.0,commune,07.211.05.,,
07.211.05.45.,Takoucht,Essaouira,Takoucht,72110745.0,Commune de Takoucht,Essaouira Takoucht,0.434,direct,32.53,26.35,4.81,34.79,0.107,76.99356842041016,36.21347427368164,47.0344123840332,44.48052215576172,18.793806076049805,42.25177001953125,49.83764,0.24551638960838318,0.08634664118289948,45.16496276855469,42.097267150878906,54.35992431640625,20.51122283935547,25.742115020751953,36.90773010253906,907.0,4312.0,commune,07.211.05.,,
07.211.05.47.,Targante,Essaouira,Targante,72110547.0,Commune de Targante,Essaouira Targante,0.501,direct,38.84,27.63,5.61,33.87,0.126,65.9720458984375,30.07623863220215,45.58937072753906,26.04865074157715,10.713711738586426,41.12962341308594,37.10719,0.14415955543518066,0.050994373857975006,42.89254379272461,39.2520866394043,33.609466552734375,12.991506576538086,32.649574279785156,21.280277252197266,1457.0,7605.0,commune,07.211.05.,,
07.211.05.49.,Tidzi,Essaouira,Tidzi,72110549.0,Commune de Tidzi,Essaouira Tidzi,0.435,direct,36.46,25.34,5.89,36.18,0.198,64.2482681274414,28.250741958618164,43.97120666503906,14.173033714294434,5.173500061035156,36.50241470336914,17.18022,0.08499713242053986,0.04937780275940895,38.70183563232422,40.271766662597656,21.9620418548584,12.261146545410156,14.616711616516113,27.33545684814453,873.0,4057.0,commune,07.211.05.,,
07.211.05.51.,Timizguida-Ouftas,Essaouira,,72110551.0,Commune de Timzguida-Ouftas,Essaouira Timizguida Ouftas,0.514,direct,33.78,28.24,4.48,32.65,0.129,,,,,,,,0.09273199737071991,0.036583997309207916,41.45336151123047,37.69676208496094,22.37019920349121,9.704812049865723,36.61455154418945,8.06712532043457,999.0,5189.0,commune,07.211.05.,,
07.351.01.01.,Méchouar-Kasba (Mun.),Marrakech,Méchouar-Kasba (M),73510101.0,Commune de Méchouar-Kasba,Marrakech Méchouar Kasba (M),0.68,direct,9.19,18.4,0.84,33.6,,5.421492099761963,2.0345335006713867,37.52718734741211,1.4181840419769287,0.5021066069602966,35.4048957824707,1.670769,0.010509518906474113,0.010311473160982132,36.8187141418457,34.94977951049805,2.854395866394043,2.950368642807007,4.6271257400512695,2.849351167678833,3973.0,16860.0,commune,07.351.01.,,
07.351.01.03.,Annakhil (Arrond.),Marrakech,,73510103.0,Arrondissement d'Annakhil,Marrakech Annakhil (AR),0.602,fuzzy,9.6,21.75,0.84,33.38,,,,,,,,,0.02615758590400219,0.014301260001957417,36.735191345214844,36.55647659301758,7.120579719543457,3.912100315093994,7.30833101272583,4.983790397644043,14466.0,64590.0,commune,07.351.01.,,
07.351.01.05.,Gueliz (Arrond.),Marrakech,,73510105.0,Arrondissement de Gueliz,Marrakech Gueliz (AR),0.75,fuzzy,3.2,6.35,0.32,42.11,,,,,,,,,0.007779659703373909,0.004986218176782131,35.69224548339844,35.692386627197266,2.179649829864502,1.3969976902008057,3.337705135345459,1.3521158695220947,49314.0,192774.0,commune,07.351.01.,,
07.351.01.07.,Marrakech-Médina (Arrond.),Marrakech,,73510107.0,Arrondissement de Marrakech-Médina,Marrakech Marrakech-Médina (AR),0.649,fuzzy,7.69,17.98,0.63,33.34,,,,,,,,,0.018364636227488518,0.013079079799354076,36.73599624633789,35.05168533325195,4.999084949493408,3.7313697338104252,7.3081464767456055,3.3571128845214844,28549.0,120643.0,commune,07.351.01.,,
07.351.01.09.,Ménara (Arrond.),Marrakech,,73510109.0,Arrondissement de Ménara,Marrakech Ménara (AR),0.704,fuzzy,6.59,12.0,0.68,38.2,,,,,,,,,0.008658761158585548,0.006126396358013153,35.52519226074219,34.97552490234375,2.4373579025268555,1.7516238689422607,2.658669948577881,1.1604282855987549,94686.0,411094.0,commune,07.351.01.,,
07.351.01.11.,Sidi Youssef Ben Ali (Arrond.),Marrakech,,73510111.0,Arrondissement de Sidi Youssef Ben Ali,Marrakech Sidi Youssef Ben Ali (AR),0.65,fuzzy,6.44,16.97,0.51,32.65,,,,,,,,,0.017289387062191963,0.009790778160095215,35.980316162109375,35.38949966430664,4.805234909057617,2.766577243804932,4.674197673797607,2.2686164379119873,26257.0,122889.0,commune,07.351.01.,,
07.351.02.01.,Alouidane,Marrakech,Al ouidane,73510201.0,Commune d'Al Ouidane,Marrakech Alouidane,0.598,direct,13.36,25.27,1.24,30.35,0.657,19.488651275634766,7.919288635253906,40.6353874206543,4.387458324432373,1.6232768297195435,36.99811553955078,5.2980789999999995,0.03179754689335823,0.01706073433160782,38.642242431640625,36.07016372680664,8.2287015914917,4.729874610900879,12.261473655700684,8.198868751525879,5954.0,28194.0,commune,07.351.02.,,
07.351.02.07.,Ouahat Sidi Brahim,Marrakech,Ouahat Sidi Brahim,73510207.0,Commune d'Ouahat Sidi Brahim,Marrakech Ouahat Sidi Brahim,0.609,direct,15.71,23.66,1.69,34.29,0.877,12.624907493591309,4.932886123657227,39.072654724121094,2.2913126945495605,0.7966920733451843,34.77011489868164,3.157979,0.018664103001356125,0.009052339941263199,36.28605651855469,36.21377130932092,5.143601894378662,2.499695364088213,5.032987117767334,2.77169923585062,5425.0,25320.0,commune,07.351.02.,,
07.351.02.09.,Oulad Hassoune,Marrakech,Oulad Hassoune,73510209.0,Commune d'Oulad Hassoune,Marrakech Oulad Hassoune,0.544,direct,20.89,30.67,2.0,30.35,0.6,26.72503662109375,10.927837371826172,40.88988494873047,8.676188468933105,3.384258270263672,39.00627899169922,11.085487,0.058378931134939194,0.020764125511050224,39.58594512939453,37.82943344116211,14.74738883972168,5.4888811111450195,23.223194122314453,9.946370124816895,4767.0,23475.0,commune,07.351.02.,,
07.351.03.03.,Harbil,Marrakech,Harbil,73510303.0,Commune de Harbil,Marrakech Harbil,0.543,direct,15.31,28.05,1.45,29.35,0.609,37.603878021240234,15.39109992980957,40.9295539855957,10.293843269348145,3.9782698154449463,38.6470832824707,11.418214,0.03842570260167122,0.01812705025076866,38.000703414140226,35.728648540051246,10.111839357169034,5.073533854954577,15.686463602279725,3.657123761571109,11735.0,51881.0,commune,07.351.03.,,
07.351.03.05.,M'Nabha,Marrakech,M'Nabha,73510305.0,Commune de M'nabha,Marrakech M'Nabha,0.463,direct,30.05,32.77,3.22,29.72,0.439,46.66025161743164,20.103199005126953,43.084205627441406,9.118047714233398,3.64920973777771,40.021827697753906,13.796927,0.06665938347578049,0.037714459002017975,40.33033583763914,39.399246328339956,16.528347965171836,9.572381293929245,31.195220683383432,27.049046828168198,2301.0,12893.0,commune,07.351.03.,,
07.351.03.11.,Ouled Dlim,Marrakech,Ouled Dlim,73510311.0,Commune d'Ouled Dlim,Marrakech Ouled Dlim,0.466,direct,26.58,35.94,2.43,26.78,0.278,55.26601791381836,24.290851593017578,43.952606201171875,20.746746063232422,8.407712936401367,40.52545166015625,24.76669,0.12112677842378616,0.06702540814876556,42.227500915527344,39.534095764160156,28.684335708618164,16.95382308959961,32.860939025878906,30.338890075683594,2349.0,14716.0,commune,07.351.03.,,
07.351.05.01.,Agafay,Marrakech,Agafay,73510501.0,Commune d'Agafay,Marrakech Agafay,0.516,direct,14.27,27.08,1.35,28.67,0.728,26.265907287597656,10.508369445800781,40.00763702392578,7.021744728088379,2.6968822479248047,38.40757751464844,9.262736,0.0471208356320858,0.021232761442661285,39.0617561340332,39.346317291259766,12.063163757324219,5.396378517150879,20.26274871826172,15.021265983581543,3132.0,15452.0,commune,07.351.05.,,
07.351.05.03.,Ait Imour,Marrakech,Ait Imour,73510503.0,Commune d'Ait Imour,Marrakech Ait Imour,0.58,direct,8.14,20.9,0.71,27.38,0.608,27.82801628112793,11.511655807495117,41.36714172363281,8.23019790649414,3.2384488582611084,39.34837341308594,11.024761,0.06814571470022202,0.030962392687797546,40.0772819519043,37.47766876220703,17.003576278686523,8.261557579040527,25.99697494506836,19.815540313720703,2767.0,14544.0,commune,07.351.05.,,
07.351.05.05.,Loudaya,Marrakech,Loudaya,73510505.0,Commune de Loudaya,Marrakech Loudaya (AC),0.612,fuzzy,11.45,27.96,0.84,26.9,,33.647972106933594,13.916034698486328,41.35771942138672,9.131927490234375,3.4777395725250244,38.08330154418945,11.511108,0.045799657702445984,0.02566395327448845,38.59337704193957,36.90285135741288,11.86723248371033,6.954463376072322,15.489542356654708,14.24302525524816,6615.0,33767.0,commune,07.351.05.,,
07.351.05.09.,Sid Zouine,Marrakech,Sid Zouine,73510509.0,Commune de Sid Zouine,Marrakech Sid Zouine,0.517,direct,24.01,36.59,1.69,24.35,0.234,47.8900260925293,20.083831787109375,41.937400817871094,7.274445056915283,2.776465654373169,38.167388916015625,9.49456,0.042185571044683456,0.027518916875123978,38.07139569520153,36.884968569210784,11.080647287576678,7.46074012560802,11.535374820367911,9.304010005600816,3165.0,14954.0,commune,07.351.05.,,
07.351.07.07.,Saada,Marrakech,Saada,73510707.0,Commune de Saada,Marrakech Saada,0.585,direct,8.84,19.43,0.78,30.46,0.728,22.673873901367188,9.483499526977539,41.82566833496094,3.520906448364258,1.2697821855545044,36.06407165527344,3.938143,0.023971248418092728,0.014132512733340263,36.54798126220703,36.3572998046875,6.55884313583374,3.8871183395385747,8.107625007629395,4.179073810577393,14435.0,67086.0,commune,07.351.07.,,
07.351.07.11.,Souihla,Marrakech,Souihla,73510711.0,Commune de Souihla,Marrakech Souihla,0.552,direct,10.24,24.36,0.89,28.93,0.686,24.348276138305664,9.928018569946289,40.7750358581543,5.322397708892822,2.0118274688720703,37.79927444458008,6.647727999999999,0.0401359498500824,0.024148711934685707,38.42246627807617,36.69186782836914,10.445959091186523,6.581488609313965,14.937508583068848,9.36349868774414,5552.0,28164.0,commune,07.351.07.,,
07.351.07.13.,Tassoultante,Marrakech,Tassoultante,73510113.0,Commune de Tassoultante,Marrakech Tassoultante,0.614,direct,7.68,16.62,0.7,31.47,0.788,14.86472225189209,5.8493146896362305,39.35031509399414,4.463607311248779,1.6219791173934937,36.337852478027344,5.256934,0.02762850746512413,0.013643350452184677,36.6897087097168,35.06822967529297,7.530315399169922,3.890515804290771,8.34622859954834,3.4706668853759766,16695.0,71172.0,commune,07.351.07.,,
07.427.01.01.,Ben Guerir (Mun.),Rehamna,Ben Guerir (M),74270101.0,Commune de Ben Guerir,"Al Haouz Sidi Abdellah Ghiat (AC) 20,64 27,68 2,28 33,18 0,616 - El Kelaa Des Sraghna Ben Guerir (M)",0.634,direct,20.49,24.05,2.32,35.46,,12.21189022064209,4.961390495300293,40.627540588378906,2.7242538928985596,0.9836329221725464,36.10650634765625,3.581638,0.01800106093287468,0.009360725991427898,36.37931823730469,34.87809371948242,4.948157787322998,2.6838409900665283,3.811922550201416,1.7233402729034424,18752.0,88626.0,commune,07.427.01.,,
07.427.01.17.,Sidi Bou Othmane (Mun.),Rehamna,Sidi Bou Othmane (M),74270117.0,Commune de Sidi Bou Othmane,El Kelaa Des Sraghna Sidi Bou Othmane,0.503,direct,34.75,37.74,2.95,25.47,0.223,16.758785247802734,6.9274468421936035,41.33621597290039,3.0388846397399902,1.0819445848464966,35.60334777832031,4.857853,0.02195960469543934,0.007189085241407156,35.87386703491211,34.683502197265625,6.121337413787842,2.072767972946167,4.324147701263428,3.965811014175415,1873.0,9181.0,commune,07.427.01.,,
07.427.07.01.,Ait Hammou,Rehamna,Ait Hammou,74270701.0,Commune d'Ait Hammou,El Kelaa Des Sraghna Ait Hammou,0.48,direct,34.35,35.42,3.4,27.17,0.292,57.367645263671875,25.759733200073242,44.902889251708984,20.186294555664062,8.41280460357666,41.67582321166992,24.870250000000002,0.13192135095596313,0.06548723578453064,43.21660614013672,38.967071533203125,30.525615692138672,16.805788040161133,31.230871200561523,16.513633728027344,1185.0,7548.0,commune,07.427.07.,,
07.427.07.03.,Ait Taleb,Rehamna,Ait Taleb,74270703.0,Commune d'Ait Taleb,El Kelaa Des Sraghna Ait Taleb,0.443,direct,31.47,32.6,3.53,29.8,0.163,67.4332046508789,30.711809158325195,45.54404067993164,31.461715698242188,13.170920372009277,41.86332702636719,36.2529,0.15267466008663177,0.07420507073402405,43.47722625732422,39.31258773803711,35.11600875854492,18.875652313232422,30.83526611328125,18.987340927124023,1416.0,8649.0,commune,07.427.07.,,
07.427.07.05.,Bouchane,Rehamna,Bouchane,74270705.0,Commune de Bouchane,El Kelaa Des Sraghna Bouchane,0.507,direct,23.98,29.64,2.6,32.0,0.286,54.21813201904297,24.380714416503906,44.96782684326172,20.27820587158203,8.035377502441406,39.62567901611328,25.85801,0.11316617578268051,0.03778635337948799,41.41318893432617,38.83530044555664,27.326120376586914,9.729898452758789,27.727975845336914,21.08666229248047,1663.0,9705.0,commune,07.427.07.,,
07.427.07.07.,Jaafra,Rehamna,Jaafra,74270707.0,Commune de Jaafra,El Kelaa Des Sraghna Jaafra,0.427,direct,36.17,35.37,3.59,27.34,0.166,75.32803344726562,34.983436584472656,46.44145202636719,26.037078857421875,10.892887115478516,41.836055755615234,34.44386,0.13885319232940674,0.058700017631053925,43.07928466796875,40.22079849243164,32.23200988769531,14.594443321228027,24.100587844848633,26.737768173217773,1545.0,10896.0,commune,07.427.07.,,
07.427.07.09.,Labrikiyne,Rehamna,Labrikiyne,74270709.0,Commune de Labrikiyne,El Kelaa Des Sraghna Labrikiyne,0.481,direct,23.84,35.47,2.12,27.15,0.3,61.572776794433594,27.76349449157715,45.09053421020508,19.0808162689209,7.665605068206787,40.174407958984375,25.13986,0.10271012783050537,0.04200898855924606,41.03813552856445,41.14615249633789,25.027971267700195,10.209700584411621,28.83208465576172,28.870515823364258,2088.0,11619.0,commune,07.427.07.,,
07.427.07.11.,Oulad Aamer Tizmarine,Rehamna,Oulad Aamer  Tizmarine,74270711.0,Commune d'Oulad Aamer Tizmarine,El Kelaa Des Sraghna Oulad Aamer Tizmarine,0.466,direct,25.6,29.75,2.91,32.02,0.333,39.74359130859375,17.147693634033203,43.14581298828125,12.679611206054688,5.060410022735596,39.909820556640625,15.74759,0.07500539720058441,0.066683828830719,40.66082000732422,39.410404205322266,18.44660186767578,16.92036247253418,24.757282257080078,27.068166732788086,880.0,5150.0,commune,07.427.07.,,
07.427.07.13.,Oulad Hassoune Hamri,Rehamna,Oulad Hassoune Hamri,74270713.0,Commune d'Oulad Hassoune Hamri,El Kelaa Des Sraghn Oulad Hassoune Hamri,0.5,direct,40.19,36.47,3.83,25.58,0.244,45.347206115722656,19.8399715423584,43.75125503540039,10.219264030456543,4.164129257202148,40.74783706665039,15.687819999999999,0.05821659788489342,0.033545803278684616,41.570884704589844,40.90592956542969,14.004176139831543,8.200718879699707,29.313495635986328,18.788501739501953,1206.0,7662.0,commune,07.427.07.,,
07.427.07.15.,Sidi Abdallah,Rehamna,,74270715.0,Commune de Sidi Abdellah,El Kelaa Des Sraghna Sidi Abdallah,0.439,direct,32.36,36.02,2.94,26.5,0.107,,,,,,,,0.11952846497297287,0.06013667210936546,42.55359649658203,40.841922760009766,28.08892250061035,14.724250793457031,31.304264068603516,26.516353607177734,1723.0,10481.0,commune,07.427.07.,,
07.427.07.17.,Sidi Ali Labrahla,Rehamna,Sidi Ali Labrahla,74270717.0,Commune de Sidi Ali Labrahla,El Kelaa Des Sraghna Sidi Ali Labrahla,0.545,direct,31.88,33.73,3.31,29.08,0.569,33.75398635864258,14.67137336730957,43.465599060058594,12.662436485290527,4.944427490234375,39.047996520996094,16.955054,0.08016856014728546,0.04899381101131439,40.40788650512695,40.26247787475586,19.83983039855957,12.16860294342041,27.425203323364258,26.39261245727539,1115.0,6618.0,commune,07.427.07.,,
07.427.07.19.,Sidi Ghanem,Rehamna,Sidi Ghanem,74270719.0,Commune de Sidi Ghanem,,0.45850797898166834,imputed_cercle,31.151061598385862,34.38599756152826,3.087767611484555,27.989864265599206,0.24247734702905663,62.95441436767578,28.79720687866211,45.742950439453125,34.344844818115234,14.53880500793457,42.33184051513672,36.77894,0.17566095292568207,0.11215464025735855,43.57651901245117,41.377288818359375,40.31092071533203,27.105361938476562,31.656599044799805,28.809553146362305,1636.0,10099.0,commune,07.427.07.,,
07.427.07.21.,Sidi Mansour,Rehamna,Sidi Mansour,74270721.0,Commune de Sidi Mansour,El Kelaa Des Sraghna Sidi Mansour,0.442,direct,25.9,36.96,2.29,26.02,0.159,75.3719482421875,35.70926284790039,47.37738800048828,33.38192367553711,13.713759422302246,41.08139419555664,37.44536,0.18203352391719818,0.06033678725361824,43.586387634277344,39.97836685180664,41.76384735107422,15.09235954284668,27.350584030151367,29.21914291381836,935.0,5488.0,commune,07.427.07.,,
07.427.07.23.,Skhour Rehamna,Rehamna,Skhour Rehamna,74270723.0,Commune de Skhour Rhamna,,0.45850797898166834,imputed_cercle,31.151061598385862,34.38599756152826,3.087767611484555,27.989864265599206,0.24247734702905663,56.02162551879883,25.186595916748047,44.958702087402344,19.32931137084961,7.754366874694824,40.11713790893555,23.68419,0.06993363797664642,0.045460350811481476,39.90711125362917,37.6098423342733,17.524105068071755,12.087355042841063,22.416359891985902,14.348627194359704,2976.0,15479.0,commune,07.427.07.,,
07.427.07.25.,Skoura Lhadra,Rehamna,Skoura Lhadra,74270725.0,Commune de Skoura Lhadra,El Kelaa Des Sraghna Skoura Lhadra,0.34,direct,36.07,35.67,3.54,26.34,0.163,77.29814910888672,35.57804870605469,46.02703857421875,23.463056564331055,9.34699535369873,39.837074279785156,26.44104,0.12724824249744415,0.06884486973285675,40.797672271728516,42.03273010253906,31.190073013305664,16.37887191772461,23.90298843383789,38.877601623535156,1352.0,8865.0,commune,07.427.07.,,
07.427.09.01.,Akarma,Rehamna,Akarma,74270901.0,Commune d'Akarma,El Kelaa Des Sraghn Akarma,0.486,direct,46.34,34.84,4.34,24.28,0.149,65.40091705322266,30.429962158203125,46.528343200683594,22.916263580322266,9.625260353088379,42.00187683105469,29.68478,0.1263456493616104,0.04345962405204773,42.86964416503906,40.86056900024414,29.472055435180664,10.636078834533691,37.84567642211914,37.789363861083984,811.0,5171.0,commune,07.427.09.,,
07.427.09.03.,Bourrous,Rehamna,Bourrous,74270903.0,Commune de Bourrous,El Kelaa Des Sraghna Bourrous,0.506,direct,26.71,34.16,2.54,27.35,0.373,48.55602264404297,20.772443771362305,42.780364990234375,21.81757354736328,8.795522689819336,40.313934326171875,26.177745,0.11762632429599762,0.05080496892333031,41.176090240478516,39.4144172668457,28.5666561126709,12.889945030212402,29.15135383605957,24.433887481689453,1080.0,5986.0,commune,07.427.09.,,
07.427.09.05.,Jaidate,Rehamna,Jaidate,74270905.0,Commune de Jaidate,El Kelaa Des Sraghna Jaidate,0.503,direct,33.92,33.03,3.64,28.92,0.54,33.17535400390625,13.981549263000488,42.144386291503906,10.003252983093262,4.045579433441162,40.4426383972168,12.85784,0.06672902405261993,0.0517922006547451,40.49851989746094,41.09034347534179,16.476903915405273,12.604470252990723,22.381261825561523,22.454843521118164,2388.0,12330.0,commune,07.427.09.,,
07.427.09.06.,Jbilate,Rehamna,Jbilate,74270906.0,Commune de Jbilate,,0.5152690734025872,imputed_cercle,29.48404363484908,34.82218468247746,2.731726161309291,27.444717512740105,0.47320870491963934,46.941898345947266,20.270221710205078,43.181514739990234,15.203845977783203,6.101517200469971,40.13140869140625,18.47076,0.09300635010004044,0.05762825533747673,41.89387893676758,41.829078674316406,22.200462341308594,13.777079582214355,31.591596603393555,24.425367355346676,2002.0,11234.0,commune,07.427.09.,,
07.427.09.07.,Lamharra,Rehamna,Lamharra,74270907.0,Commune de Lamharra,El Kelaa Des Sraghna Lamharra,0.489,direct,30.19,38.12,2.71,25.58,0.292,46.254425048828125,19.96220588684082,43.15739822387695,13.168724060058594,5.170412540435791,39.262821197509766,15.986065,0.07375165820121765,0.04492325335741043,40.23859786987305,40.662845611572266,18.328584671020508,11.04773998260498,22.528226852416992,26.140684127807617,1591.0,9477.0,commune,07.427.09.,,
07.427.09.09.,Nzalat Laadam,Rehamna,Nzalat Laadam,74270909.0,Commune de Nzalat Laadam,El Kelaa Des Sraghna Nzalat Laadam,0.54,direct,30.14,31.93,2.59,29.14,0.601,30.494728088378906,13.138686180114746,43.085105895996094,10.220511436462402,4.05145263671875,39.640411376953125,12.181672,0.054646484553813934,0.03089837171137333,39.52531814575195,41.295013427734375,13.825691223144531,7.482349395751953,16.63458251953125,9.969563484191895,2221.0,14838.0,commune,07.427.09.,,
07.427.09.11.,Oulad Imloul,Rehamna,Oulad Imloul,74270911.0,Commune d'Oulad Imloul,El Kelaa Des Sraghna Oulad Imloul,0.516,direct,26.17,37.73,2.26,26.11,0.513,39.28015899658203,16.539894104003906,42.107505798339844,14.447680473327637,5.809814453125,40.21278381347656,21.21906,0.09057971090078354,0.05320238322019577,40.88419723510742,39.8852653503418,22.155189514160156,13.33885669708252,29.685874938964844,24.09900665283203,1712.0,9614.0,commune,07.427.09.,,
07.427.09.13.,Ras Ain Rhamna,Rehamna,,74270913.0,Commune de Ras Ain Rhamna,El Kelaa Des Sraghna Ras Ain Rhamna,0.513,direct,25.06,36.69,2.1,26.9,0.485,,,,,,,,0.07513068616390228,0.02757912129163742,40.390167236328125,40.488914489746094,18.601232528686523,6.811523914337158,27.576309204101562,17.736127853393555,2621.0,14284.0,commune,07.427.09.,,
07.427.09.15.,Sidi Boubker,Rehamna,Sidi Boubker,74270915.0,Commune de Sidi Boubker,,0.5152690734025872,imputed_cercle,29.48404363484908,34.82218468247746,2.731726161309291,27.444717512740105,0.47320870491963934,22.658958435058594,9.723828315734863,42.91383361816406,8.870967864990234,3.733572483062744,42.08754348754883,21.63976,0.12966278195381165,0.051850561052560806,41.2838249206543,40.408164978027344,31.40764808654785,12.831704139709473,28.738811492919922,32.838687896728516,1003.0,6145.0,commune,07.427.09.,,
07.427.09.19.,Tlauh,Rehamna,Tlauh,74270919.0,Commune de Tlauh,El Kelaa Des Sraghna Tlauh,0.542,direct,24.79,33.11,2.48,28.64,0.546,26.593273162841797,11.176761627197266,42.02853012084961,10.159082412719727,4.214771270751953,41.48772430419922,12.333907000000002,0.07016041874885559,0.03299715742468834,42.412254333496094,38.014156341552734,16.54248809814453,8.680229187011719,33.95086669921875,17.8090763092041,1740.0,9932.0,commune,07.427.09.,,
07.431.01.03.,Safi (Mun.),Safi,Safi (M),74310103.0,Commune de Safi,Safi Safi (M),0.703,direct,7.66,11.33,0.96,44.01,,7.995748519897461,3.1664280891418457,39.60139846801758,1.8083808422088623,0.6537197828292847,36.149452209472656,2.836183,0.014233920723199844,0.009333678521215916,36.405887603759766,35.29796600341797,3.909785270690918,2.644253969192505,4.1797943115234375,2.4421987533569336,72935.0,308508.0,commune,07.431.01.,,
07.431.01.09.,Jamaat Shaim (Mun.),Safi,Jamaat Shaim (M),74310109.0,Commune de Jamaat Shaim,Safi Jamaat Shaim (M),0.659,direct,15.65,19.0,2.08,43.31,,15.45893669128418,6.519158840179443,42.170806884765625,2.888632297515869,1.0641030073165894,36.837608337402344,3.8779649999999997,0.02047225460410118,0.012036889791488647,37.21055603027344,36.19480895996094,5.501733303070068,3.325584650039673,4.710692405700684,2.3732361793518066,2496.0,11251.0,commune,07.431.01.,,
07.431.01.11.,Sebt Gzoula (Mun.),Safi,Sebt Gzoula (M),74310111.0,Commune de Sebt Gzoula,Safi Sebt Gzoula (M),0.644,direct,14.43,18.99,1.89,41.62,,23.25181007385254,10.066780090332031,43.29460525512695,6.827374458312988,2.5673060417175293,37.603126525878906,7.878817999999999,0.03990424796938896,0.023783912882208824,38.16114044189453,37.72392654418945,10.456775665283203,6.304728984832764,9.092379570007324,6.150376319885254,4136.0,18543.0,commune,07.431.01.,,
07.431.03.01.,Bouguedra,Safi,Bouguedra,74310301.0,Commune de Bouguedra,Safi Bouguedra,0.567,direct,13.72,29.02,0.75,26.46,0.258,47.22068786621094,20.702299118041992,43.84158706665039,13.422436714172363,5.296064376831055,39.45680618286133,26.270850000000003,0.07122329622507095,0.03996137157082558,39.65820340894649,40.97817061106445,17.95928494022389,9.751868358681808,24.497315247436728,17.728438570521142,2898.0,16014.0,commune,07.431.03.,,
07.431.03.02.,Chahda,Safi,Chahda,74310302.0,Commune de Chahda,,0.5198318107201484,imputed_cercle,16.073093105417172,29.25086441010634,0.9977002890585968,25.885681339661694,0.3263290807222896,34.248985290527344,14.818275451660156,43.26631546020508,10.09643268585205,3.9263904094696045,38.88888931274414,24.194830000000003,0.07783670723438263,0.03818562626838684,39.84040832519531,38.24403762817383,19.537126541137695,9.984726905822754,27.868852615356445,20.230712890625,1911.0,10370.0,commune,07.431.03.,,
07.431.03.03.,El Gouraani,Safi,El Gouraani,74310303.0,Commune d'El Gouraani,Safi El Gouraani,0.587,direct,8.12,23.56,0.38,25.61,0.55,27.37187385559082,11.77070426940918,43.00291442871094,7.970950126647949,3.2085533142089844,40.25308609008789,12.656099999999999,0.051220737397670746,0.04921473562717438,40.98748016357422,39.34275436401367,12.496678352355957,12.509224891662596,27.260650634765625,17.484878540039062,1992.0,11291.0,commune,07.431.03.,,
07.431.03.05.,Labkhati,Safi,Labkhati,74310305.0,Commune de Labkhati,Safi Labkhati,0.551,direct,7.54,23.1,0.35,26.33,0.39,42.404930114746094,17.957218170166016,42.34700393676758,8.258866310119629,3.1388654708862305,38.006011962890625,12.441519,0.05407009273767471,0.03457754850387573,38.99798583984375,37.93617248535156,13.864842414855957,9.114664077758789,22.458810806274414,15.690336227416992,2534.0,14324.0,commune,07.431.03.,,
07.431.03.07.,Lahdar,Safi,Lahdar,74310307.0,Commune de Lahdar,Safi Lahdar,0.534,direct,11.45,25.99,0.64,26.27,0.501,35.822593688964844,15.883977890014648,44.340667724609375,10.922855377197266,4.323079586029053,39.57829284667969,14.81829,0.06561324000358582,0.04203428700566292,40.62748336791992,38.871280670166016,16.14996337890625,10.813713073730469,26.056236267089844,25.11529541015625,2468.0,13870.0,commune,07.431.03.,,
07.431.03.09.,Lamrasla,Safi,Lamrasla,74310309.0,Commune de Lamrasla,Safi Lamrasla,0.443,direct,30.23,34.61,2.33,25.44,0.216,76.21129608154297,35.2714729309082,46.28116226196289,22.32342529296875,9.04311752319336,40.509544372558594,33.65154,0.12212526053190231,0.050417590886354446,41.604732513427734,39.36783218383789,29.353694915771484,12.806798934936523,31.868011474609375,22.322669982910156,3101.0,18335.0,commune,07.431.03.,,
07.431.03.11.,Lamsabih,Safi,Lamsabih,74310311.0,Commune de Lamsabih,Safi Lamsabih,0.489,direct,15.83,32.52,0.83,24.78,0.292,51.4526481628418,23.41837501525879,45.514427185058594,19.95766830444336,8.195902824401855,41.06643295288086,29.43103,0.11656427383422852,0.0545700304210186,42.417274475097656,40.168983459472656,27.480377197265625,13.585116386413574,31.563629150390625,27.130701065063477,1907.0,11339.0,commune,07.431.03.,,
07.431.03.13.,Sidi Aissa,Safi,Sidi Aissa,74310313.0,Commune de Sidi Aissa,Safi Sidi Aissa,0.544,direct,12.21,28.59,0.62,26.31,0.263,36.56754684448242,15.965291976928711,43.659725189208984,14.591856002807617,5.661623001098633,38.79988098144531,19.92982,0.09281447529792786,0.03829467296600342,40.05184555053711,39.74219512939453,23.173582077026367,9.635771751403809,28.66744613647461,20.04828453063965,1837.0,10266.0,commune,07.431.03.,,
07.431.03.15.,Sidi Ettiji,Safi,Sidi Ettiji,74310315.0,Commune de Sidi Ettiji,Safi Sidi Ettiji,0.481,direct,21.88,33.62,1.39,25.8,0.224,60.09817886352539,26.816553115844727,44.62124252319336,21.502792358398438,8.705561637878418,40.48572540283203,36.80695,0.12457538396120071,0.06873957812786102,41.8831901550293,39.0153694152832,29.743528366088867,17.618589401245117,31.587482452392578,23.54562759399414,2864.0,16649.0,commune,07.431.03.,,
07.431.07.01.,Atouabet,Safi,Atouabet,74310701.0,Commune d'Atouabet,Safi Atouabet,0.52,direct,8.78,23.19,0.43,27.04,0.285,60.94499969482422,27.318403244018555,44.82468795776367,15.676382064819336,6.082876682281494,38.80280685424805,18.749974,0.08808234333992004,0.05060286074876785,39.73170471191406,38.88618469238281,22.169282913208008,13.013069152832031,27.14872932434082,18.417795181274414,2108.0,10704.0,commune,07.431.07.,,
07.431.07.03.,El Ghiate,Safi,El Ghiate,74310703.0,Commune d'El Ghiate,Safi El Ghiate,0.484,direct,26.61,33.02,1.98,27.12,0.145,74.66472625732422,35.108795166015625,47.02192687988281,27.772035598754883,11.345149993896484,40.85098648071289,34.70479,0.148009791970253,0.10146299004554749,42.71876907348633,41.840389251708984,34.647483825683594,24.250011444091797,29.675701141357422,27.76711845397949,4654.0,25162.0,commune,07.431.07.,,
07.431.07.05.,Khatazakane,Safi,Khatazakane,74310705.0,Commune de Khatazakane,Safi Khatazakane,0.537,direct,18.39,31.64,1.09,26.55,0.281,53.50076675415039,23.95465660095215,44.774417877197266,15.873611450195312,6.278186798095703,39.55109786987305,19.75394,0.08923095464706421,0.038709890097379684,41.56324768066406,38.24832534790039,21.46871566772461,10.120676040649414,23.117273330688477,12.42102336883545,3187.0,16014.0,commune,07.431.07.,,
07.431.07.07.,Laamamra,Safi,Laamamra,74310707.0,Commune de Laamamra,Safi Laamamra,0.355,direct,40.09,33.46,3.49,25.89,0.169,82.87767028808594,39.35923385620117,47.490753173828125,35.29133987426758,14.603374481201172,41.37948226928711,40.968810000000005,0.16823063790798187,0.08214546740055084,42.73649597167969,41.14441680908203,39.36463165283203,19.96515464782715,32.177398681640625,24.399789810180664,2248.0,12717.0,commune,07.431.07.,,
07.431.07.09.,Lamaachate,Safi,Lamaachate,74310709.0,Commune de Lamaachate,Safi Lamaachate,0.497,direct,12.09,27.8,0.65,25.6,0.349,51.32450485229492,23.267589569091797,45.33427047729492,16.06991958618164,6.298149585723877,39.19216537475586,19.821939999999998,0.08681164681911469,0.03170805051922798,40.23929214477539,37.57655715942383,21.573850631713867,8.438253402709961,26.194034576416016,12.060947418212889,3182.0,15389.0,commune,07.431.07.,,
07.431.07.11.,Nagga,Safi,Nagga,74310711.0,Commune de Nagga,Safi Nagga,0.489,direct,21.62,31.9,1.49,26.87,0.258,57.97951889038086,26.274356842041016,45.316619873046875,22.557891845703125,9.252605438232422,41.017154693603516,36.90448,0.11620037257671356,0.07217723876237869,42.3643684387207,39.07875061035156,27.42879867553711,18.469690322875977,33.97657775878906,20.124292373657227,4133.0,22542.0,commune,07.431.07.,,
07.431.07.13.,Ouled Salmane,Safi,Ouled Salmane,74310713.0,Commune d'Ouled Salmane,Safi Oulad Salmane,0.475,fuzzy,23.19,32.04,1.61,27.22,0.196,65.41120147705078,30.14965057373047,46.09248733520508,20.242652893066406,7.991899013519287,39.48048782348633,23.64688,0.10622599720954895,0.04805416241288185,41.20656204223633,39.54014587402344,25.77890396118164,12.153258323669434,25.7141170501709,21.462730407714844,3309.0,16979.0,commune,07.431.07.,,
07.431.09.01.,Ayir,Safi,Ayir,74310901.0,Commune d'Ayir,Safi Ayir,0.519,direct,27.15,35.43,1.78,25.52,0.402,59.501426696777344,27.896488189697266,46.88372802734375,17.37596321105957,7.045148849487305,40.54537582397461,26.34596,0.08270860463380814,0.038024742156267166,41.14268573046905,38.725573980407,20.1028690000473,9.819026555875054,25.470878236399496,18.466175645426656,4876.0,27608.0,commune,07.431.09.,,
07.431.09.03.,Dar Si Aissa,Safi,Dar Si Aissa,74310903.0,Commune de Dar Si Aissa,Safi Dar Si Aissa,0.525,direct,17.26,32.16,1.03,25.53,0.453,43.23051071166992,18.595233917236328,43.01414489746094,16.582956314086914,6.698197841644287,40.392059326171875,19.5463,0.09113232046365738,0.05113391950726509,41.568031311035156,38.275569915771484,21.923656463623047,13.35941410064697,31.54193878173828,20.166908264160156,2269.0,11946.0,commune,07.431.09.,,
07.431.09.05.,El Beddouza,Safi,El Beddouza,74310905.0,Commune d'El Beddouza,Safi El Beddouza,0.442,direct,26.44,35.75,1.69,24.92,0.411,67.50822448730469,32.19343948364258,47.68817901611328,22.73501968383789,9.370759963989258,41.21729278564453,29.30271,0.11169097572565079,0.06507284939289093,42.16176986694336,41.04317855834961,26.49105453491211,15.854729652404785,30.942913055419922,23.142160415649414,2502.0,14084.0,commune,07.431.09.,,
07.431.09.07.,Hrara,Safi,Hrara,74310907.0,Commune de Hrara,Safi Hrara,0.529,direct,21.16,33.6,1.28,25.25,0.349,54.778564453125,24.717899322509766,45.12331008911133,16.506927490234375,6.6099748611450195,40.043643951416016,20.848980000000005,0.07944586873054504,0.05349919572472572,41.24454114380748,39.432934861005016,19.262153134301983,13.56713563712989,26.908784462949562,23.2940346060117,4824.0,26103.0,commune,07.431.09.,,
07.431.09.09.,Moul El Bergui,Safi,Moul El Bergui,74310909.0,Commune de Moul El Bergui,Safi Moul El Bergui,0.529,direct,20.7,31.2,1.4,27.47,0.341,52.626441955566406,23.447200775146484,44.55402755737305,17.311954498291016,7.084039688110352,40.91992950439453,31.31926,0.09849143773317337,0.06216147541999817,41.76494216918945,40.85275650024414,23.58232307434082,15.215980529785156,30.75870132446289,28.720863342285156,2858.0,15342.0,commune,07.431.09.,,
07.431.09.15.,Saadla,Safi,Saadla,74310915.0,Commune de Saadla,Safi Saadla,0.529,direct,14.75,30.66,0.78,25.41,0.387,47.34454345703125,20.956024169921875,44.26280975341797,19.846088409423828,8.074644088745117,40.68632507324219,25.771199999999997,0.10485180467367172,0.0399017333984375,41.9836311340332,39.63398361206055,24.974449157714844,10.06755542755127,26.59171485900879,19.98103141784668,3261.0,16633.0,commune,07.431.09.,,
07.585.01.07.,Echemmaia (Mun.),Youssoufia,Echemmaia (M),75850107.0,Commune d'Echemmaia,Safi Echemmaia (M),0.67,direct,13.22,17.41,1.71,42.23,,17.370418548583984,7.154693603515625,41.1889533996582,4.266963005065918,1.598339557647705,37.45848083496094,5.920923,0.02571699023246765,0.017349308356642723,37.8558464050293,36.140464782714844,6.793399810791016,4.8005218505859375,6.036291599273682,2.7477257251739506,4911.0,24303.0,commune,07.585.01.,,
07.585.01.13.,Youssoufia (Mun.),Youssoufia,Youssoufia (M),75850113.0,Commune de Youssoufia,Safi Youssoufia (M),0.683,direct,7.57,11.34,0.93,41.82,,8.693761825561523,3.4018728733062744,39.13004684448242,2.3244810104370117,0.8449820876121521,36.3514289855957,3.68392,0.01625395193696022,0.014781723730266094,36.38603973388672,35.25510025024414,4.4670844078063965,4.1927900314331055,2.7562549114227295,1.5486624240875244,14762.0,67628.0,commune,07.585.01.,,
07.585.05.07.,Ighoud,Youssoufia,Ighoud,75850507.0,Commune d'Ighoud,Safi Ighoud,0.412,direct,25.05,35.43,1.64,24.73,0.158,74.68873596191406,35.432861328125,47.440704345703125,41.954952239990234,17.283893585205078,41.196311950683594,52.83691,0.19074301421642303,0.09120292216539383,41.981452763753005,40.89836553850284,45.4350668918216,22.299894054223092,22.56668047711064,24.67118379259019,3574.0,22870.0,commune,07.585.05.,,
07.585.05.09.,Jdour,Youssoufia,Jdour,75850509.0,Commune de Jdour,,0.42981294873011355,imputed_cercle,29.304392889901003,34.40894676914318,2.2123269127368186,25.6735053926685,0.20272660277698706,62.79154586791992,28.999073028564453,46.18308639526367,31.52823829650879,13.30379867553711,42.19645309448242,49.9876,0.1706029623746872,0.057521916925907135,43.60188674926758,39.80659103393555,39.12742614746094,14.450349807739258,27.778051376342773,25.075403213500977,3225.0,20239.0,commune,07.585.05.,,
07.585.05.11.,Jnane Bouih,Youssoufia,Jnane Bouih,75850511.0,Commune de Jnane Bouih,Safi Jnane Bouih,0.444,direct,30.2,34.68,2.25,25.64,0.16,69.93878936767578,32.709266662597656,46.76841354370117,39.992897033691406,16.764211654663086,41.91797637939453,46.49851999999999,0.19849848747253418,0.0719187930226326,43.21267318725586,38.912315368652344,45.93524932861328,18.482271194458008,25.4135799407959,22.281051635742188,2932.0,19706.0,commune,07.585.05.,,
07.585.05.17.,Sidi Chiker,Youssoufia,Sidi Chiker,75850517.0,Commune de Sidi Chiker,Safi Sidi Chiker,0.436,direct,33.16,33.02,2.81,26.75,0.293,68.05281066894531,31.68320655822754,46.55679702758789,33.88033676147461,14.35279369354248,42.363197326660156,39.59216,0.16688451170921326,0.09824603796005249,43.30486297607422,41.17329406738281,38.53712844848633,23.86159324645996,31.86174774169922,27.25002670288086,2931.0,20658.0,commune,07.585.05.,,
07.585.07.01.,Atiamim,Youssoufia,Atiamim,75850701.0,Commune d'Atiamim,Safi Atiamim,0.507,direct,23.1,32.43,1.64,26.18,0.488,49.22981262207031,22.024272918701172,44.737674713134766,13.931624412536621,5.593542575836182,40.149967193603516,16.353286,0.08907882869243622,0.028884952887892723,40.344085693359375,38.66930389404297,22.07977294921875,7.4697370529174805,23.00569725036621,18.88101577758789,1207.0,7020.0,commune,07.585.07.,,
07.585.07.03.,El Gantour,Youssoufia,El Gantour,75850703.0,Commune d'El Gantour,Safi El Gantour,0.519,direct,23.33,32.39,1.66,27.3,0.411,40.25309753417969,17.255529403686523,42.867584228515625,11.735856056213379,4.51528787612915,38.47429275512695,14.862490000000001,0.04947231709957123,0.027174921706318855,38.644257795615275,38.540877497946354,12.801984377983215,7.05093494369528,17.92493510925122,15.436088462212448,3553.0,18544.0,commune,07.585.07.,,
07.585.07.05.,Esbiaat,Youssoufia,Esbiaat,75850705.0,Commune d'Esbiaat,Safi Esbiaat,0.501,direct,27.41,32.7,2.21,27.54,0.421,47.11052703857422,21.012989044189453,44.60359573364258,16.70892906188965,6.504589080810547,38.92882537841797,20.940379999999998,0.09339828789234161,0.046738941222429276,40.220306396484375,38.58089065551758,23.2216739654541,12.114531517028809,26.27785873413086,18.6018009185791,2493.0,14986.0,commune,07.585.07.,,
07.585.07.13.,Lakhoualqa,Youssoufia,Lakhoualqa,75850713.0,Commune de Lakhoualqa,Safi Lakhoualqa,0.462,direct,29.16,33.11,2.4,26.92,0.465,58.78102111816406,26.285127639770508,44.71702575683594,24.20763397216797,9.838168144226074,40.640769958496094,28.44988,0.1327667534351349,0.083584263920784,41.76057815551758,41.56706237792969,31.79236602783203,20.108291625976562,28.4335880279541,36.66013717651367,2512.0,16375.0,commune,07.585.07.,,
07.585.07.15.,Ras El Ain,Youssoufia,Ras El Ain,75850715.0,Commune de Ras El Ain,,0.49638492753623187,imputed_cercle,26.052784892402283,32.68365761967501,2.015193675889328,27.115753008344313,0.4386618357487923,66.5880126953125,30.566532135009766,45.90394973754883,29.540124893188477,12.076691627502441,40.88233184814453,33.61246,0.15403397381305695,0.05144282802939415,42.34368896484375,38.240718841552734,36.377079010009766,13.452369689941406,28.602018356323242,25.671897888183594,2930.0,19614.0,commune,07.585.07.,,
08.201.01.01.,Arfoud (Mun.),Errachidia,Arfoud (M),82010101.0,Commune d'Arfoud,Errachidia Arfoud (M),0.7,direct,15.5,20.11,1.73,41.85,,10.311835289001465,4.459012508392334,43.24169921875,1.5377780199050903,0.5577768087387085,36.2716064453125,6.623998,0.010787229053676128,0.008482909761369228,36.40907669067383,36.24430465698242,2.9627857208251953,2.34048080444336,4.080237865447998,1.5860581398010254,5547.0,29279.0,commune,08.201.01.,,
08.201.01.03.,Boudnib (Mun.),Errachidia,Boudnib (M),82010103.0,Commune de Boudnib,Errachidia Boudnib (M),0.69,direct,13.54,25.96,1.13,33.09,,3.6015641689300537,1.3417255878448486,37.253971099853516,1.3933547735214233,0.49670520424842834,35.64814758300781,13.717027,0.0111498162150383,0.013179645873606205,35.87165069580078,36.41569519042969,3.108253002166748,3.6192212104797363,2.2150769233703613,2.267470359802246,2350.0,11373.0,commune,08.201.01.,,
08.201.01.05.,Errachidia (Mun.),Errachidia,Errachidia (M),82010105.0,Commune d'Errachidia,"Ifrane Tigrigra 8,63 13,47 1,11 46,67 0,622 0,578356 Errachidia Errachidia (M)",0.717,direct,8.2,14.46,0.81,41.26,,4.039128303527832,1.5060895681381226,37.2874870300293,0.7515395283699036,0.26682165265083313,35.50334548950195,3.375899,0.006333949044346809,0.0060841054655611515,35.189727783203125,34.12990951538086,1.7999426126480103,1.7826316356658936,2.0901846885681152,0.9671562910079956,19475.0,92374.0,commune,08.201.01.,,
08.201.01.09.,Goulmima (Mun.),Errachidia,Goulmima (M),82010109.0,Commune de Goulmima,"Khenifra Ait Saadelli 13,44 18,09 1,72 42,46 0,493 0,344262 Khenifra Itzer 13,38 17,21 1,78 45,85 0,545 0,413043 Errachidia Goulmima (M)",0.671,direct,13.32,18.29,1.36,41.17,,8.48510456085205,3.2732951641082764,38.57695770263672,1.4263850450515747,0.5274971723556519,36.98140335083008,6.701512,0.011481823399662971,0.01058144960552454,36.99320983886719,36.36752700805664,3.1037650108337402,2.9095873832702637,6.2381391525268555,3.6887452602386475,3425.0,16419.0,commune,08.201.01.,,
08.201.01.11.,Jorf (Mun.),Errachidia,Jorf (M),82010111.0,Commune de Jorf,Errachidia Jorf (M),0.603,direct,30.06,29.81,2.99,33.74,,10.96003246307373,4.323582172393799,39.44862365722656,3.414079189300537,1.3240846395492554,38.7830696105957,17.732242,0.025664303451776505,0.022630255669355392,38.26936340332031,38.35753631591797,6.706226825714111,5.899819850921631,9.925215721130371,12.930831909179688,2227.0,12302.0,commune,08.201.01.,,
08.201.01.13.,Moulay Ali Cherif (Mun.),Errachidia,Moulay Ali Cherif(M),82010113.0,Commune de Moulay Ali Cherif,Errachidia Moulay Ali Cherif(M),0.654,direct,24.91,23.9,3.2,44.03,,8.869124412536621,3.4333698749542236,38.71148681640625,0.9775967597961426,0.34673506021499634,35.468109130859375,9.145974,0.009496870450675488,0.007765473797917366,36.17816162109375,34.59468078613281,2.625028371810913,2.244701623916626,2.7970128059387207,0.8548607826232909,3799.0,22209.0,commune,08.201.01.,,
08.201.01.15.,Tinejdad (Mun.),Errachidia,Tinejdad (M),82010115.0,Commune de Tinejdad,Errachidia Tinejdad (M),0.649,direct,14.49,22.68,1.25,40.58,,5.5206522941589355,2.155831813812256,39.05031204223633,0.4591265320777893,0.16237401962280273,35.3658561706543,3.518104,0.00782630406320095,0.006459848023951054,35.12004852294922,33.98792266845703,2.2284433841705322,1.9006304740905762,2.351623773574829,2.03236985206604,1691.0,8942.0,commune,08.201.01.,,
08.201.03.01.,Aarab Sebbah Gheris,Errachidia,Aarab Sebbah Gheris,82010301.0,Commune d'Aarab Sebbah Gheris,Errachidia Aarab Sebbah Gheris,0.553,direct,25.71,25.29,3.81,40.18,0.801,16.02630043029785,6.105746269226074,38.098289489746094,7.163975238800049,2.7190256118774414,37.95414733886719,27.990859999999998,0.04214995354413986,0.03504456579685211,39.77110290527344,39.9593505859375,10.598134994506836,8.77005386352539,17.03434181213379,22.395721435546875,733.0,4397.0,commune,08.201.03.,,
08.201.03.03.,Aarab Sebbah Ziz,Errachidia,Aarab Sebbah Ziz,82010303.0,Commune d'Aarab Sebbah Ziz,Errachidia Aarab Sebbah Ziz,0.615,direct,32.53,23.82,5.41,43.83,0.925,12.029294967651367,4.778561592102051,39.724369049072266,3.9339308738708496,1.479783296585083,37.61589431762695,17.404083000000004,0.03049592673778534,0.023299936205148697,38.404056549072266,38.1822395324707,7.9408087730407715,6.102296829223633,12.677157402038574,12.637801170349121,2850.0,19192.0,commune,08.201.03.,,
08.201.03.07.,Es-sifa,Errachidia,Es-sifa,82010307.0,Commune d'Es-Sifa,Errachidia Es-sifa,0.516,direct,55.95,22.39,9.91,39.55,0.915,17.532466888427734,7.132246971130371,40.68022537231445,4.93651008605957,1.9110349416732788,38.7122688293457,11.752793,0.03253753110766411,0.01688453182578087,39.93967819213867,37.877052307128906,8.146668434143066,4.457720756530762,18.747323989868164,12.913602828979492,1002.0,7035.0,commune,08.201.03.,,
08.201.03.09.,Fezna,Errachidia,Fezna,82010309.0,Commune de Fezna,,0.5833555707941483,imputed_cercle,36.93086729362591,23.702560736677114,6.214019723092999,42.32272302769069,0.9048988375130618,17.5699520111084,7.210878849029541,41.04096984863281,8.889881134033203,3.6259400844573975,40.787269592285156,18.966749999999998,0.053545285016298294,0.0237555094063282,41.0483283996582,39.53993225097656,13.044449806213379,6.007979393005371,10.877820014953613,14.104670524597168,701.0,4477.0,commune,08.201.03.,,
08.201.07.01.,Aoufous,Errachidia,Aoufous,82010701.0,Commune d'Aoufous,Errachidia Aoufous,0.61,direct,39.82,22.15,7.53,47.51,0.872,13.11018180847168,5.256137847900391,40.0920295715332,3.777873992919922,1.4487262964248657,38.347660064697266,13.85729,0.02356751635670662,0.017177879810333252,38.99488799679947,36.644753270676034,6.0437450532444785,4.687677889665601,10.51419778773168,9.944248723229636,1950.0,10424.0,commune,08.201.07.,,
08.201.07.03.,Chorfa M'Daghra,Errachidia,Chorfa M'Daghra,82010703.0,Commune de Chorfa M'daghra,Errachidia Chorfa M'Daghra,0.619,direct,33.49,25.66,4.76,41.21,0.793,6.233785152435303,2.4889020919799805,39.92601776123047,2.6458377838134766,0.9878888726234436,37.33747100830078,19.878937,0.019147921353578568,0.011589140631258488,37.68852233886719,40.557106018066406,5.080571174621582,2.8574869632720947,7.7756667137146,8.986388206481934,2545.0,14312.0,commune,08.201.07.,,
08.201.07.05.,Er-rteb,Errachidia,Er-rteb,82010705.0,Commune d'Er-Rteb,Errachidia Er-rteb,0.591,direct,39.52,24.57,6.21,43.01,0.807,10.802445411682129,4.412319660186768,40.84556579589844,2.577817440032959,0.969054639339447,37.59206008911133,13.093016000000002,0.020445900037884712,0.02322375774383545,38.385250091552734,38.315616607666016,5.326498985290527,6.061172962188721,12.220488548278809,14.350347518920898,2219.0,13461.0,commune,08.201.07.,,
08.201.07.07.,Lkheng,Errachidia,Lkheng,82010707.0,Commune de Lkheng,Errachidia Lkheng,0.625,direct,22.5,19.52,3.51,48.13,0.767,12.88546371459961,5.13163423538208,39.82499313354492,4.5726494789123535,1.9480056762695312,42.60124588012695,17.91106,0.03349952772259712,0.019216738641262054,41.807411193847656,35.7530632019043,8.01282024383545,5.374851226806641,9.35897445678711,2.242283821105957,2725.0,14177.0,commune,08.201.07.,,
08.201.07.09.,Oued Naam,Errachidia,Oued Naam,82010709.0,Commune d'Oued Naam,Errachidia Oued Naam,0.596,direct,33.33,23.67,5.0,44.45,0.613,9.328214645385742,3.811047315597534,40.85505294799805,14.719101905822754,6.2900543212890625,42.73395538330078,25.936300000000003,0.07997295260429382,0.024320079013705254,43.57709884643555,38.27934646606445,18.352060317993164,6.353316307067871,13.707864761352539,14.280023574829102,1044.0,5340.0,commune,08.201.07.,,
08.201.11.01.,Bni M'Hamed-Sijelmassa,Errachidia,Bni M'Hamed-Sijelmassa,82011101.0,Commune de Bni M'hamed-Sijelmassa,Errachidia Bni M'Hamed Sijelmassa,0.56,direct,48.17,25.23,7.49,40.01,0.949,14.55502986907959,5.891369342803955,40.47652053833008,5.1756391525268555,1.9834946393966675,38.323665618896484,15.085008,0.04364997148513794,0.025222182273864746,39.74763488769531,38.76584243774414,10.981778144836426,6.506290435791016,24.44398307800293,15.831637382507324,2181.0,14433.0,commune,08.201.11.,,
08.201.11.03.,Er-rissani,Errachidia,Er-rissani,82011103.0,Commune d'Er-Rissani,Errachidia Er-rissani,0.327,direct,75.96,12.5,21.01,41.34,0.653,39.0423583984375,18.385513305664062,47.0911979675293,25.489023208618164,11.052340507507324,43.36117935180664,37.226699999999994,0.13620537519454956,0.07183219492435455,43.79903030395508,40.44072341918945,31.09780502319336,17.76234245300293,29.680639266967773,23.79062271118164,650.0,5010.0,commune,08.201.11.,,
08.201.11.05.,Es-sfalat,Errachidia,Es-sfalat,82011105.0,Commune d'Es-Sfalat,Errachidia Es-sfalat,0.551,direct,38.15,27.4,5.71,39.68,0.898,18.670394897460938,7.488868236541748,40.11092758178711,5.458362579345703,2.1450510025024414,39.298431396484375,16.926163,0.04266289621591568,0.05088979750871658,39.269100189208984,38.800079345703125,10.864240646362305,13.115900039672852,24.798810958862305,18.788585662841797,1741.0,11483.0,commune,08.201.11.,,
08.201.11.07.,Et-taous,Errachidia,Et-taous,82011107.0,Commune d'Et-Taous,Errachidia Et-taous,0.551,direct,33.77,20.6,5.84,48.28,0.579,26.261812210083008,11.713252067565918,44.60184097290039,12.971141815185547,5.332253932952881,41.10858917236328,20.605169999999998,0.06900275498628616,0.017718322575092316,42.37492752075195,40.48025131225586,16.283863067626953,4.377028942108154,9.54063606262207,8.877197265625,1165.0,6792.0,commune,08.201.11.,,
08.201.11.09.,Sidi Ali,Errachidia,Sidi Ali,82011109.0,Commune de Sidi Ali,Errachidia Sidi Ali,0.351,direct,80.21,11.03,20.05,36.46,0.179,63.57237243652344,30.163270950317383,47.447139739990234,30.434782028198242,13.310721397399902,43.735225677490234,54.9855,0.17979751527309418,0.07108689099550247,44.476226806640625,45.609947204589844,40.425533294677734,15.585830688476562,28.862165451049805,20.599454879760742,302.0,2162.0,commune,08.201.11.,,
08.201.13.01.,Aghbalou N'Kerdous,Errachidia,Aghbalou-N'Kerdous,82011501.0,Commune d'Aghbalou-N'kerdous,,0.5690279241625781,imputed_cercle,42.76368332424738,19.924560179296144,8.749099521473134,46.04987594645345,0.7238485311042462,26.019418716430664,10.885173797607422,41.834808349609375,16.261028289794922,6.8758955001831055,42.28450393676758,33.46984,0.114768847823143,0.04080357775092125,43.4831428527832,40.54082489013672,26.393871307373047,10.064811706542969,29.457965850830078,20.09149742126465,1530.0,10313.0,commune,08.201.13.,,
08.201.13.02.,Amellagou,Errachidia,Amellagou,82011302.0,Commune d'Amellagou,Errachidia Amellagou,0.53,direct,15.08,19.38,1.86,45.62,0.303,45.70475387573242,20.383886337280273,44.59904861450195,16.804019927978516,6.808487415313721,40.51701354980469,30.009999999999998,0.09774427860975266,0.051570307463407516,42.0655517578125,41.09783935546875,23.236181259155273,12.548179626464844,28.32160758972168,24.989294052124023,884.0,4975.0,commune,08.201.13.,,
08.201.13.03.,Ferkla El Oulia,Errachidia,Ferkla El Oulia,82011503.0,Commune de Ferkla El Oulia,Errachidia Ferkla El Oulia,0.58,direct,47.26,19.73,9.86,48.87,0.787,15.165634155273438,6.426535606384277,42.375648498535156,6.671947956085205,2.840125560760498,42.56816101074219,24.294610000000002,0.04166300222277641,0.013199742883443832,43.90847396850586,39.43341827392578,9.488601684570312,3.347349405288696,10.751694679260254,7.968340873718262,3573.0,22722.0,commune,08.201.13.,,
08.201.13.05.,Ferkla Es-soufla,Errachidia,Ferkla Es-soufla,82011505.0,Commune de Ferkla Es-Soufla,Errachidia Ferkla Es-soufla,0.531,direct,33.07,25.73,5.22,43.87,0.532,12.552499771118164,4.852911472320557,38.66091537475586,4.323491096496582,1.6507139205932617,38.18011474609375,19.054972999999997,0.029751606285572052,0.017195435240864754,38.89478302001953,38.23777770996094,7.649253845214844,4.496975421905518,15.339065551757812,11.455527305603027,1925.0,12335.0,commune,08.201.13.,,
08.201.13.07.,Gheris El Ouloui,Errachidia,Gheris El Ouloui,82011307.0,Commune de Gheris El Ouloui,Errachidia Gheris El Ouloui,0.518,direct,77.79,12.3,20.13,39.2,0.888,7.951910972595215,3.146796703338623,39.57283401489258,3.3131279945373535,1.3151946067810059,39.69646453857422,12.792648999999999,0.021663114428520203,0.010789399966597557,39.11377716064453,37.1428337097168,5.538486957550049,2.9048402309417725,12.887154579162598,10.374571800231934,1926.0,12043.0,commune,08.201.13.,,
08.201.13.09.,Gheris Es-soufli,Errachidia,Gheris Es-soufli,82011309.0,Commune de Gheris Es-Soufli,Errachidia Gheris Es-soufli,0.596,direct,47.56,24.26,7.59,40.32,0.679,10.971786499023438,4.773515224456787,43.50718307495117,5.577399253845215,2.3348381519317627,41.862491607666016,11.67298,0.03541090339422226,0.01786498725414276,42.21643829345703,35.882354736328125,8.38794231414795,4.978766918182373,10.412116050720215,8.61033821105957,1146.0,6867.0,commune,08.201.13.,,
08.201.13.11.,Melaab,Errachidia,Melaab,82011511.0,Commune de Melaab,Errachidia Melaab,0.591,direct,34.46,20.43,6.53,50.65,0.844,18.59958839416504,7.7172441482543945,41.49147415161133,4.9374895095825195,1.8871668577194214,38.221187591552734,16.18369,0.038533926010131836,0.03411433845758438,38.54947280883789,36.90738296508789,9.995966911315918,9.243228912353516,12.865126609802246,14.753710746765137,2713.0,17360.0,commune,08.201.13.,,
08.201.13.13.,Tadighoust,Errachidia,Tadighoust,82011313.0,Commune de Tadighoust,Errachidia Tadighoust,0.643,direct,17.86,18.13,2.66,47.16,0.607,15.736885070800781,6.441391468048096,40.93180465698242,7.432324409484863,3.0941321849823,41.6307487487793,22.99886,0.04431630298495293,0.04250546917319298,42.43354034423828,40.26652526855469,10.443696975708008,10.556031227111816,15.921832084655762,14.439692497253418,1245.0,6243.0,commune,08.201.13.,,
08.363.01.03.,Midelt (Mun.),Midelt,Midelt (M),83630103.0,Commune de Midelt,Khenifra Midelt (M),0.665,direct,10.18,16.21,1.06,40.78,,9.498775482177734,3.853606700897217,40.56951141357422,2.201115131378174,0.8177502155303955,37.15163040161133,4.964474,0.0158707108348608,0.011719179339706898,37.20259475708008,36.470890045166016,4.266022682189941,3.213296890258789,4.483954906463623,2.412912607192993,13111.0,55304.0,commune,08.363.01.,,
08.363.01.07.,Er-rich (Mun.),Midelt,Er-rich (M),83630107.0,Commune d'Er-Rich,Errachidia Er-rich (M),0.685,direct,13.81,19.53,1.48,38.86,,8.995885848999023,3.7921667098999023,42.154457092285156,1.5816069841384888,0.5685641765594482,35.948509216308594,6.634488,0.011287703178822994,0.007406184449791908,36.668060302734375,36.02981948852539,3.0783474445343018,2.0555708408355713,2.777456283569336,2.1361160278320312,5710.0,25992.0,commune,08.363.01.,,
08.363.05.01.,Aghbalou,Midelt,Aghbalou,83630501.0,Commune d'Aghbalou,,0.4089158444229134,imputed_cercle,34.34596365649655,23.700132086291106,5.0341490518656205,40.70297312795365,0.2691690032230637,51.009254455566406,23.15896987915039,45.4015007019043,27.680419921875,11.248332977294922,40.63642501831055,28.139694000000002,0.11976554989814758,0.03826936334371567,40.864965828223994,38.187701155201275,29.307635407104684,10.021384335231632,19.932962961817232,13.190124787285948,1949.0,9547.0,commune,08.363.05.,,
08.363.05.03.,Agoudim,Midelt,Agoudim,83631703.0,Commune d'Agoudim,Khenifra Agoudim,0.416,direct,43.51,25.02,6.35,41.25,0.303,76.05506896972656,36.733619689941406,48.2987174987793,46.58399963378906,20.03268814086914,43.00336456298828,51.37373,0.2816813886165619,0.062241990119218826,46.10248947143555,41.30015563964844,61.09895324707031,15.070643424987793,23.681011199951172,26.033491134643555,734.0,4113.0,commune,08.363.05.,,
08.363.05.13.,Anemzi,Midelt,Anemzi,83631713.0,Commune d'Anemzi,Khenifra Anemzi,0.156,direct,51.13,25.39,7.37,39.02,0.146,96.26709747314453,50.47788619995117,52.43524169921875,72.3643798828125,31.60809898376465,43.679080963134766,85.1996,0.38366883993148804,0.13595636188983917,47.3288459777832,42.822086334228516,81.06448364257812,31.749122619628906,10.419651985168457,24.99026107788086,874.0,4885.0,commune,08.363.05.,,
08.363.05.15.,Boumia,Midelt,Boumia,83630115.0,Commune de Boumia,Khenifra Boumia,0.465,direct,16.59,21.88,2.14,42.07,0.396,59.27536392211914,28.4661865234375,48.02363967895508,31.2109375,13.177083015441895,42.21944046020508,38.86716,0.04046624153852463,0.02074211649596691,36.46769619302366,36.57860708183908,11.096462342378151,5.67055923054579,5.674577025208361,3.4839610561508545,4426.0,18212.0,commune,08.363.05.,,
08.363.05.21.,Sidi Yahya Ou Youssef,Midelt,Sidi Yahya Ou Youssef,83630521.0,Commune de Sidi Yahia Ou Youssef,Khenifra Sidi Yahya Ou Youssef,0.356,direct,61.8,19.4,10.92,38.31,0.252,75.57017517089844,37.5572624206543,49.698524475097656,54.97088623046875,26.342464447021484,47.920753479003906,56.579,0.31331324577331543,0.13103953003883362,49.9255485534668,45.48116683959961,62.7560920715332,28.81182098388672,14.729351043701172,24.789657592773438,942.0,4637.0,commune,08.363.05.,,
08.363.05.23.,Tanourdi,Midelt,Tanourdi,83630523.0,Commune de Tanourdi,Khenifra Tanourdi,0.507,direct,32.55,27.93,4.37,37.16,0.15,61.037086486816406,27.605730056762695,45.2277946472168,36.072425842285156,14.335732460021973,39.74152755737305,48.97245,0.18088440597057343,0.09526335448026657,41.32855987548828,40.7099723815918,43.76741027832031,23.400495529174805,20.57799530029297,20.99681854248047,486.0,2872.0,commune,08.363.05.,,
08.363.05.25.,Tizi N'Ghachou,Midelt,Tizi N'Ghachou,83630525.0,Commune de Tizi N'ghachou,Khenifra Tizi N'Ghachou,0.399,direct,37.51,28.9,4.69,37.06,0.165,77.26825714111328,34.51796340942383,44.67288589477539,38.16973114013672,15.102334022521973,39.56625747680664,46.92999,0.21535654366016388,0.1022762879729271,42.522525787353516,41.43650817871094,50.645286560058594,24.68265151977539,22.839263916015625,24.61212921142578,476.0,2557.0,commune,08.363.05.,,
08.363.05.27.,Tounfite,Midelt,Tounfite,83631727.0,Commune de Tounfite,Khenifra Tounfite,0.422,direct,39.87,24.75,5.89,41.58,0.182,73.19013214111328,35.13988494873047,48.011775970458984,52.078861236572266,22.945541381835938,44.05922317504883,64.04405,0.11033674329519272,0.056524328887462616,40.70485700342693,39.39798111555375,27.106529628229616,14.347011674083522,12.30063207975325,15.003461695537696,2890.0,13297.0,commune,08.363.05.,,
08.363.07.05.,Ait Ayach,Midelt,Ait Ayach,83630705.0,Commune d'Ait Ayach,,0.5709883800038098,imputed_cercle,21.865816801371537,20.590407924456418,2.9482727841728575,43.53416115601273,0.4543374913905257,35.73967742919922,15.072059631347656,42.171783447265625,9.149505615234375,3.582789421081543,39.15828323364258,19.70183,0.054016221314668655,0.03268679603934288,40.507080078125,38.58994674682617,13.335007667541504,8.470288276672363,19.06914520263672,14.956896781921387,2264.0,11946.0,commune,08.363.07.,,
08.363.07.07.,Ait Ben Yacoub,Midelt,Ait Ben Yacoub,83630707.0,Commune d'Ait Ben Yacoub,Khenifra Ait Ben Yacoub,0.54,direct,27.65,22.76,3.82,44.02,0.443,37.6334114074707,17.213199615478516,45.73914337158203,12.612163543701172,5.1955246925354,41.19455337524414,21.28615,0.09269414097070694,0.03573615103960037,42.11652374267578,38.041709899902344,22.00897216796875,9.393939018249512,22.308074951171875,11.046832084655762,820.0,4012.0,commune,08.363.07.,,
08.363.07.09.,Ait Izdeg,Midelt,Ait Izdeg,83630709.0,Commune d'Ait Izdeg,,0.5709883800038098,imputed_cercle,21.865816801371537,20.590407924456418,2.9482727841728575,43.53416115601273,0.4543374913905257,21.715545654296875,9.091937065124512,41.86833190917969,17.407243728637695,7.361783027648926,42.2914924621582,29.20465,0.09953398257493973,0.04422232136130333,43.4243278503418,38.49401092529297,22.921249389648438,11.488103866577148,23.933128356933594,16.274812698364258,1286.0,6819.0,commune,08.363.07.,,
08.363.07.11.,Amersid,Midelt,Amersid,83630711.0,Commune d'Amersid,Khenifra Amersid,0.482,direct,35.14,24.92,5.03,44.53,0.428,33.469783782958984,14.805068016052246,44.234130859375,20.8980712890625,8.498852729797363,40.668121337890625,41.13025,0.12238916009664536,0.048731643706560135,41.92007827758789,41.773963928222656,29.195833206176758,11.66555404663086,28.820215225219727,21.161548614501953,1085.0,5857.0,commune,08.363.07.,,
08.363.07.17.,Itzer,Midelt,Itzer,83630717.0,Commune d'Itzer,Khenifra Itzer (AC),0.695,direct,10.57,16.84,1.09,38.82,,46.91952896118164,21.827558517456055,46.52126693725586,34.47106170654297,15.945869445800781,46.25871658325195,43.883759999999995,0.08909037709236145,0.04499030113220215,41.397379521228224,37.50385823290806,21.52077607812884,11.996179506908515,13.257326259269776,10.200573233956936,2518.0,10613.0,commune,08.363.07.,,
08.363.07.19.,Mibladen,Midelt,Mibladen,83630719.0,Commune de Mibladen,Khenifra Mibladen,0.533,direct,26.49,16.94,4.12,48.96,0.512,41.26700210571289,20.963573455810547,50.79984664916992,28.955900192260742,14.886872291564941,51.4122200012207,29.571983,0.16648653149604797,0.1045021340250969,51.60245895385742,43.08943176269531,32.2632942199707,24.252382278442383,14.007781982421875,16.628326416015625,580.0,3084.0,commune,08.363.07.,,
08.363.07.29.,Zaida,Midelt,Zaida,83630729.0,Commune de Zaida,Khenifra Zaida,0.529,direct,22.22,21.88,2.98,45.47,0.456,39.513675689697266,17.28244972229004,43.73789596557617,17.174238204956055,6.859155654907227,39.93863296508789,29.405939999999998,0.05863264948129654,0.02558530494570732,38.85555397047004,36.62693257652914,15.089901984257978,6.985380242530704,15.074728983485565,7.664722261510838,3038.0,13181.0,commune,08.363.07.,,
08.363.09.01.,En-nzala,Midelt,En-nzala,83630901.0,Commune d'En-Nzala,Errachidia En-nzala,0.483,direct,31.72,27.51,3.99,41.98,0.205,48.488704681396484,21.668964385986328,44.68868637084961,39.6583137512207,18.739561080932617,47.252540588378906,43.05238,0.22220958769321442,0.10543601214885712,48.92176818847656,44.1037483215332,45.42141342163086,23.906360626220703,21.43507957458496,17.35634994506836,820.0,4390.0,commune,08.363.09.,,
08.363.09.03.,Gourrama,Midelt,Gourrama,83630903.0,Commune de Gourrama,Errachidia Gourrama (AC),0.617,direct,27.47,24.92,3.26,37.09,,49.43988037109375,24.245569229125977,49.04050827026367,40.9491081237793,19.828575134277344,48.42247772216797,53.0675,0.14328652620315552,0.04452989622950554,45.719308728379154,37.04404011585294,31.34048263457761,12.020799534346798,10.127345912386202,8.95597960320108,2906.0,14927.0,commune,08.363.09.,,
08.363.09.05.,Guers Tiaallaline,Midelt,Guers Tiaallaline,83630905.0,Commune de Guers Tiaallaline,Errachidia Guers Tiaallaline,0.538,direct,34.76,21.36,5.73,49.05,0.718,19.961740493774414,8.924491882324219,44.70798110961914,11.812548637390137,4.824855804443359,40.84517288208008,24.856749999999998,0.06500989943742752,0.04995742440223694,41.303043365478516,39.0919303894043,15.739736557006836,12.779472351074219,13.733539581298828,12.266808509826662,2399.0,12927.0,commune,08.363.09.,,
08.363.09.07.,Guir,Midelt,Guir,83630907.0,Commune de Guir,,0.5559375221074188,imputed_cercle,30.987257190728847,23.438528530205716,4.42247696174253,43.605864656055104,0.5617793647519851,35.6594123840332,16.5155086517334,46.3145866394043,18.150175094604492,7.693795204162598,42.389652252197266,28.395390000000003,0.10899773240089417,0.06308510899543762,42.11228561401367,40.254310607910156,25.882644653320312,15.67164134979248,17.379413604736328,20.534423828125,782.0,4022.0,commune,08.363.09.,,
08.363.09.09.,M'Zizel,Midelt,M'Zizel,83630909.0,Commune de M'zizel,Errachidia M'Zizel,0.538,direct,30.23,21.99,4.73,46.27,0.68,25.08148193359375,10.742063522338867,42.82865905761719,12.831619262695312,5.3780903816223145,41.91279983520508,19.8374,0.0745428055524826,0.03919259458780289,42.9245719909668,39.34999465942383,17.365999221801758,9.960000038146973,15.687601089477539,12.973333358764648,1299.0,7388.0,commune,08.363.09.,,
08.363.09.11.,Sidi Aayad,Midelt,Sidi Aayad,83630911.0,Commune de Sidi Aayad,Errachidia Sidi Aayad,0.565,direct,28.35,22.26,4.06,45.36,0.54,30.985916137695312,13.099959373474121,42.27714157104492,11.936492919921875,4.721159934997559,39.55231857299805,22.296899999999997,0.0634102076292038,0.03303113952279091,39.851905822753906,37.173343658447266,15.911460876464844,8.885705947875977,17.05875587463379,22.350688934326172,1617.0,8629.0,commune,08.363.09.,,
08.363.09.13.,Zaouiat Sidi Hamza,Midelt,Zaouiat Sidi Hamza,83630913.0,Commune de Zaouiat Sidi Hamza,Errachidia Zaouiat Sidi Hamza,0.5,direct,36.28,24.86,5.01,43.46,0.353,64.98345947265625,29.87749481201172,45.97707748413086,43.03263854980469,18.241455078125,42.38981246948242,67.5467,0.23867295682430267,0.04645860567688942,45.78692626953125,38.774147033691406,52.12688064575195,11.981851577758789,21.543821334838867,17.508764266967773,844.0,5454.0,commune,08.363.09.,,
08.363.15.01.,Ait Yahya,Midelt,Ait Yahya,83631501.0,Commune d'Ait Yahya,Errachidia Ait Yahya,0.457,direct,33.99,26.6,4.41,41.03,0.281,77.86756134033203,36.43721389770508,46.793827056884766,39.71491241455078,16.78484344482422,42.263328552246094,59.2138,0.20208334922790527,0.07200352847576141,42.90037536621094,39.27714538574219,47.105262756347656,18.332168579101562,24.561403274536133,21.243885040283203,736.0,4560.0,commune,08.363.15.,,
08.363.15.03.,Amouguer,Midelt,Amouguer,83631503.0,Commune d'Amouguer,Errachidia Amouguer,0.553,direct,19.66,23.23,2.39,44.16,0.204,66.53135681152344,30.438852310180664,45.751136779785156,26.198348999023438,11.050275802612305,42.17928695678711,39.7727,0.143342524766922,0.07731747627258301,43.524330139160156,40.42652893066406,32.93388366699219,19.125431060791016,24.15289306640625,22.370540618896484,798.0,4840.0,commune,08.363.15.,,
08.363.15.05.,Bou Azmou,Midelt,Bou-Azmou,83631505.0,Commune de Bou-Azmou,Errachidia Bou Azmou,0.366,direct,43.75,26.12,6.04,40.63,0.406,80.4897232055664,40.08761215209961,49.80463790893555,24.355628967285156,10.127888679504395,41.58335876464844,41.281400000000005,0.13072918355464935,0.047905709594488144,43.46904373168945,40.60892105102539,30.07408905029297,11.796843528747559,35.18730926513672,28.874948501586914,1638.0,9583.0,commune,08.363.15.,,
08.363.15.07.,Imilchil,Midelt,Imilchil,83631507.0,Commune d'Imilchil,Errachidia Imilchil,0.399,direct,20.16,24.78,2.64,45.89,0.325,81.564453125,40.357177734375,49.4788818359375,45.49041748046875,23.258800506591797,51.12901306152344,57.655,0.2609858810901642,0.16565372049808502,52.17364501953125,46.341548919677734,50.02254867553711,35.74626159667969,17.767757415771484,21.683589935302734,1517.0,8870.0,commune,08.363.15.,,
08.363.15.09.,Outerbat,Midelt,Outerbat,83631509.0,Commune d'Outerbat,Errachidia Outerbat,0.447,direct,14.5,21.53,1.86,40.62,0.489,75.8115005493164,36.03009796142578,47.525901794433594,31.13359832763672,12.955631256103516,41.61302185058594,45.78926,0.17406430840492249,0.056467920541763306,42.46670913696289,39.185489654541016,40.9884147644043,14.410415649414062,22.55462646484375,18.627016067504883,1173.0,6819.0,commune,08.363.15.,,
08.401.01.07.,Ouarzazate (Mun.),Ouarzazate,Ouarzazate (M),84010107.0,Commune d'Ouarzazate,Ouarzazate Ouarzazate (M),0.758,direct,5.14,7.61,0.66,42.45,,4.76546573638916,1.815742015838623,38.102088928222656,0.8297320604324341,0.2917026877403259,35.15625,1.59865,0.007610679138451815,0.005370622966438532,35.62598419189453,35.049766540527344,2.1362719535827637,1.5322849750518799,2.2558341026306152,1.4164127111434937,15475.0,71067.0,commune,08.401.01.,,
08.401.01.09.,Taznakht (Mun.),Ouarzazate,Taznakht (M),84010109.0,Commune de Taznakht,Ouarzazate Taznakht (M),0.67,direct,8.12,10.88,1.11,40.74,,10.800323486328125,4.383365154266357,40.58549880981445,2.6507349014282227,1.0018465518951416,37.795047760009766,4.936063,0.016870394349098206,0.005411692429333925,38.02889633178711,37.05167770385742,4.436203956604004,1.4605796337127686,3.9692349433898926,1.1264897584915161,1528.0,7281.0,commune,08.401.01.,,
08.401.03.01.,Ait Zineb,Ouarzazate,Ait Zineb,84010301.0,Commune d'Ait Zineb,Ouarzazate Ait Zineb,0.613,direct,15.38,19.97,1.77,39.53,0.721,18.80415916442871,7.566074848175049,40.236175537109375,4.4424567222595215,1.6873164176940918,37.981605529785156,11.16191,0.03087523952126503,0.017276691272854805,37.79399871826172,35.88562774658203,8.169349670410156,4.814376354217529,10.087457656860352,7.228815078735351,1903.0,10078.0,commune,08.401.03.,,
08.401.03.03.,Amerzgane,Ouarzazate,Amerzgane,84010303.0,Commune d'Amerzgane,Ouarzazate Amerzgane,0.616,direct,22.41,23.87,2.78,40.9,0.832,28.446773529052734,11.816036224365234,41.537353515625,7.7727952003479,2.9371559619903564,37.78763961791992,12.21111,0.04927625134587288,0.023920737206935883,38.02622604370117,36.30150604248047,12.958491325378418,6.589461326599121,9.819478034973145,7.029531002044678,1656.0,8820.0,commune,08.401.03.,,
08.401.03.05.,Iznaguen,Ouarzazate,Iznaguen,84010305.0,Commune d'Iznaguen,Ouarzazate Aznaguen,0.486,fuzzy,27.34,26.53,3.44,37.29,0.53,44.21096420288086,18.59957504272461,42.07005310058594,12.948324203491211,5.078916072845459,39.224510192871094,21.58604,0.09061238169670105,0.0352543406188488,40.15077209472656,39.3641471862793,22.568029403686523,8.955951690673828,23.10060691833496,17.0942440032959,2167.0,12017.0,commune,08.401.03.,,
08.401.03.07.,Ighrem N'Ougdal,Ouarzazate,Ighrem N'Ougdal,84010307.0,Commune d'Ighrem N'ougdal,Ouarzazate Ighrem N'Ougdal,0.487,direct,25.35,26.08,3.22,38.31,0.758,26.939857482910156,11.007017135620117,40.85774230957031,5.344233512878418,2.0347726345062256,38.07416915893555,9.479738,0.035797130316495895,0.027539778500795364,38.730506896972656,37.134735107421875,9.242618560791016,7.416177272796631,10.249307632446289,8.155040740966797,2601.0,14804.0,commune,08.401.03.,,
08.401.03.09.,Khouzama,Ouarzazate,Khouzama,84010309.0,Commune de Khouzama,Ouarzazate Khouzama,0.314,direct,21.8,23.89,2.71,37.51,0.445,68.02117919921875,30.119552612304688,44.27967071533203,23.811431884765625,9.46254825592041,39.73951721191406,41.25824,0.1465826779603958,0.05295269563794136,42.11861801147461,40.00688171386719,34.80234909057617,13.235897064208984,35.349891662597656,34.1893196105957,1416.0,7488.0,commune,08.401.03.,,
08.401.03.11.,Ouisselsate,Ouarzazate,Ouisselsate,84010311.0,Commune d'Ouisselsate,Ouarzazate Ouisselsate,0.573,direct,17.75,21.82,2.06,38.06,0.701,24.39533233642578,10.278085708618164,42.13136291503906,7.256011486053467,2.9042904376983643,40.0259895324707,13.267330000000001,0.050907593220472336,0.03465111181139946,39.61658477783203,38.81663513183594,12.85007095336914,8.926871299743652,12.949080467224121,11.073309898376465,2519.0,14196.0,commune,08.401.03.,,
08.401.03.13.,Siroua,Ouarzazate,Siroua,84010313.0,Commune de Siroua,Ouarzazate Siroua,0.394,direct,17.27,22.01,1.92,36.72,0.65,38.06706237792969,15.721997261047363,41.3007926940918,10.591031074523926,4.0309062004089355,38.05962371826172,15.07699,0.07052077353000641,0.034005794674158096,39.49652862548828,36.70309829711914,17.854928970336914,9.265101432800293,22.79396629333496,13.214160919189453,1807.0,9678.0,commune,08.401.03.,,
08.401.03.15.,Telouet,Ouarzazate,Telouet,84010315.0,Commune de Telouet,Ouarzazate Telouet,0.493,direct,17.66,22.86,2.09,37.51,0.609,40.622798919677734,17.18918800354004,42.31414031982422,10.384068489074707,3.9718666076660156,38.2496223449707,26.650069999999996,0.06226490065455437,0.026813745498657227,38.92594528198242,37.37535858154297,15.995732307434082,7.174177646636963,15.675675392150879,11.184892654418945,2194.0,14060.0,commune,08.401.03.,,
08.401.03.17.,Tidli,Ouarzazate,,84010317.0,Commune de Tidili,Ouarzazate Tidli,0.478,direct,30.76,26.13,4.01,37.51,0.47,,,,,,,,0.03974851593375206,0.033159006386995316,37.21065139770508,38.3817024230957,10.682026863098145,8.639274597167969,12.030370712280273,13.401908874511719,2551.0,15285.0,commune,08.401.03.,,
08.401.07.01.,Ghassate,Ouarzazate,Ghassate,84010701.0,Commune de Ghassate,Ouarzazate Ghassate,0.491,direct,36.41,26.44,5.13,36.51,0.529,33.499717712402344,14.21503734588623,42.433311462402344,7.315340518951416,2.773832082748413,37.91801452636719,14.358440000000002,0.0580281987786293,0.029838697984814644,38.56980514526367,39.184505462646484,15.044981002807617,7.614922523498535,19.850852966308594,14.307670593261719,1298.0,8448.0,commune,08.401.07.,,
08.401.07.03.,Idelsane,Ouarzazate,Idelsane,84010703.0,Commune d'Idelsane,Ouarzazate Idelsane,0.619,direct,14.26,20.18,1.62,37.64,0.831,10.849753379821777,4.406130313873291,40.610416412353516,6.078337669372559,2.5760953426361084,42.3815803527832,13.445680000000001,0.04198179766535759,0.023727186024188995,43.18864440917969,41.83604431152344,9.720563888549805,5.671469688415527,10.771435737609863,7.4582133293151855,1415.0,8374.0,commune,08.401.07.,,
08.401.07.05.,Imi N'Oulaoune,Ouarzazate,Imi-N'Oulaoune,84010705.0,Commune d'Imi-N'oulaoune,Ouarzazate Imi N'Oulaoune,0.424,direct,46.64,26.19,6.93,35.61,0.283,68.30929565429688,31.922466278076172,46.732242584228516,26.38776969909668,11.049643516540527,41.874114990234375,46.851099999999995,0.14682559669017792,0.07139449566602707,43.60457229614258,40.364871978759766,33.67206573486328,17.687284469604492,24.497838973999023,28.99163818359375,3126.0,21061.0,commune,08.401.07.,,
08.401.07.07.,Skoura Ahl El Oust,Ouarzazate,Skoura Ahl El Oust,84010707.0,Commune de Skoura Ahl El Oust,Ouarzazate Skoura Ahl El Oust,0.583,direct,28.19,26.23,3.77,37.81,0.438,29.677837371826172,13.168540954589844,44.37162780761719,9.07062816619873,3.7944984436035156,41.83280944824219,14.739942000000001,0.049886710941791534,0.02614220790565014,40.83105853692679,42.64086365639304,12.217834349318865,6.1307875735494175,14.396176035105377,16.631153657570877,4035.0,24055.0,commune,08.401.07.,,
08.401.07.09.,Tarmigt,Ouarzazate,Tarmigt,84010709.0,Commune de Tarmigt,Ouarzazate Tarmigt,0.606,direct,13.92,18.5,1.61,40.11,0.682,17.173599243164062,7.221762657165527,42.05154037475586,3.7366743087768555,1.4580358266830444,39.01960754394531,13.042997999999999,0.01624145358800888,0.010073267854750156,37.44111768636186,36.33296512503457,4.337865373522965,2.772487117998447,4.823447261247759,3.513900492990721,7495.0,40184.0,commune,08.401.07.,,
08.401.07.11.,Toundoute,Ouarzazate,Toundoute,84010711.0,Commune de Toundoute,Ouarzazate Toundoute,0.525,direct,25.52,26.52,3.18,38.01,0.684,34.358154296875,14.525307655334473,42.27615737915039,11.069206237792969,4.34450101852417,39.24853515625,18.77416,0.07266851514577866,0.024656128138303757,39.32256317138672,37.39635467529297,18.480106353759766,6.5931901931762695,15.114086151123047,12.084235191345215,1773.0,10606.0,commune,08.401.07.,,
08.577.01.03.,Boumalne Dades (Mun.),Tinghir,Boumalne-Dades (M),85770103.0,Commune de Boumalne-Dades,Ouarzazate Boumalne Dades (M),0.632,direct,14.99,16.5,2.15,42.73,,12.131951332092285,5.045135498046875,41.58552169799805,2.1181161403656006,0.7655674815177917,36.14379119873047,15.391744,0.015371340326964855,0.01340994331985712,37.766441345214844,36.41976547241211,4.07010555267334,3.6820509433746333,4.942270755767822,4.19085168838501,2294.0,12328.0,commune,08.577.01.,,
08.577.01.05.,Kalaat M'Gouna (Mun.),Tinghir,Kalaat M'Gouna (M),85770105.0,Commune de Kalâat M'gouna,Ouarzazate Kalaat M'Gouna (M),0.63,direct,14.14,15.44,2.06,42.08,,22.42424201965332,9.753348350524902,43.494659423828125,4.794763088226318,1.809257984161377,37.73404312133789,10.975969000000001,0.026745695620775223,0.021531347185373306,38.205562591552734,36.40589141845703,7.000471591949463,5.914247989654541,9.170795440673828,7.710550308227539,3171.0,16956.0,commune,08.577.01.,,
08.577.01.11.,Tinghir (Mun.),Tinghir,Tinghir (M),85770111.0,Commune de Tinghir,Ouarzazate Tinghir (M),0.67,direct,13.49,15.6,1.93,43.62,,8.961745262145996,3.730778455734253,41.63003921508789,2.2580032348632812,0.8815528154373169,39.041255950927734,4.712234,0.015380198135972023,0.013067011721432209,38.573612213134766,36.197669982910156,3.9872331619262695,3.609904050827026,6.264291286468506,2.9702718257904053,7904.0,42044.0,commune,08.577.01.,,
08.577.02.05.,Alnif,Tinghir,Alnif,85770205.0,Commune d'Alnif,Errachidia Alnif,0.562,direct,45.62,20.44,9.66,48.42,0.673,24.61330223083496,10.357975959777832,42.08283615112305,5.42898416519165,2.053234100341797,37.819854736328125,24.75746,0.034731246531009674,0.02571454830467701,37.75522973032548,36.52812457697184,9.199055513987487,7.039657668883625,14.697603102601574,9.907253734117209,2925.0,22724.0,commune,08.577.02.,,
08.577.02.11.,H'Ssyia,Tinghir,H'Ssyia,85770211.0,Commune de H'ssyia,Errachidia H'Ssyia,0.453,direct,73.47,13.17,21.32,44.03,0.578,32.241363525390625,13.809297561645508,42.830997467041016,8.247422218322754,3.429114818572998,41.5780143737793,35.560649999999995,0.05590894818305969,0.027186455205082893,41.580570220947266,37.198638916015625,13.445931434631348,7.308454513549805,19.470643997192383,10.94544506072998,1602.0,13741.0,commune,08.577.02.,,
08.577.02.21.,M'Ssici,Tinghir,M'Ssici,85770221.0,Commune de M'ssici,Errachidia M'Ssici,0.587,direct,17.19,14.43,2.94,50.85,0.586,31.732316970825195,14.083727836608887,44.38291931152344,23.550371170043945,10.109600067138672,42.92755889892578,41.1947,0.16535291075706482,0.05935090035200119,43.221378326416016,40.586421966552734,38.257205963134766,14.62333869934082,29.915775299072266,25.295421600341797,778.0,6174.0,commune,08.577.02.,,
08.577.03.01.,Ait Hani,Tinghir,Ait Hani,85770301.0,Commune d'Ait Hani,Errachidia Ait Hani,0.439,direct,42.91,23.34,6.57,46.88,0.485,58.849952697753906,26.502090454101562,45.0333251953125,27.873807907104492,11.881448745727539,42.6258544921875,45.5441,0.14890378713607788,0.054168570786714554,45.33921432495117,40.98353958129883,32.8421630859375,13.21715259552002,24.275054931640625,25.269237518310547,1738.0,10587.0,commune,08.577.03.,,
08.577.03.05.,Assoul,Tinghir,Assoul,85770305.0,Commune d'Assoul,Errachidia Assoul,0.512,direct,44.46,19.82,8.33,49.32,0.339,34.408084869384766,14.593805313110352,42.413883209228516,16.31542205810547,7.102427005767822,43.531982421875,32.51919,0.09757308661937714,0.030046949163079262,44.72880172729492,39.024391174316406,21.814374923706055,7.699530601501465,18.283321380615234,21.11111068725586,1361.0,7165.0,commune,08.577.03.,,
08.577.05.03.,Ait Ouassif,Tinghir,Ait Ouassif,85770903.0,Commune d'Ait Ouassif,Ouarzazate Ait Ouassif,0.495,direct,24.69,25.9,3.12,35.81,0.501,26.674577713012695,11.01807975769043,41.3055419921875,8.618597030639648,3.4541826248168945,40.078250885009766,19.06801,0.054449573159217834,0.025399329140782356,39.9426155090332,39.90167236328125,13.631949424743652,6.365479946136475,15.173585891723633,14.08292007446289,1134.0,8246.0,commune,08.577.05.,,
08.577.05.05.,Ait Sedrate JbelEl Oulia,Tinghir,Ait Sedrate Jbel  El Oulia,85770505.0,Commune d'Ait Sedrate Jbel El Oulia,Ouarzazate Ait Sedrate Jbel El Oulia,0.493,direct,29.99,26.3,4.02,35.56,0.766,31.36577033996582,13.604182243347168,43.37270736694336,10.450737953186035,4.342286109924316,41.550045013427734,19.78461,0.07270753383636475,0.030032142996788025,42.88888931274414,39.13612747192383,16.952533721923828,7.673764705657959,16.73314666748047,16.050622940063477,800.0,5031.0,commune,08.577.05.,,
08.577.05.07.,Ait Sedrate JbelEL Soufla,Tinghir,,85770507.0,Commune d'Ait Sedrate Jebel Soufla,,0.5089312040639862,imputed_cercle,31.17532740668684,25.46320327136475,4.263422683383773,37.32698290459721,0.4762530083585531,40.758781348288046,18.533967920355064,44.5392006194238,,,,,0.07011210918426514,0.02023293450474739,46.240604400634766,37.77777862548828,15.162454605102539,5.355776786804199,12.065361976623535,3.175210475921631,798.0,5273.0,commune,08.577.05.,,
08.577.05.09.,Ait Sedrate Sahl Charkia,Tinghir,Ait Sedrate Sahl Charkia,85770909.0,Commune d'Ait Sedrate Sahl Charkia,Ouarzazate Ait Sedrate Sahl Charkia,0.543,direct,24.77,24.46,3.18,37.8,0.556,28.680627822875977,12.978392601013184,45.25142288208008,16.324134826660156,7.594803810119629,46.52500534057617,20.7086,0.09335378557443619,0.04117801785469055,46.08159255981445,40.04270553588867,20.25836753845215,10.283525466918945,12.500815391540527,12.218436241149902,2369.0,15349.0,commune,08.577.05.,,
08.577.05.11.,Ait Sedrate Sahl El Gharbia,Tinghir,Ait Sedrate Sahl El Gharbia,85770911.0,Commune d'Ait Sedrate Sahl El-Gharbia,,0.5089312040639862,imputed_cercle,31.17532740668684,25.46320327136475,4.263422683383773,37.32698290459721,0.4762530083585531,30.530139923095703,13.291996955871582,43.53729248046875,10.27278995513916,4.192245006561279,40.8092155456543,23.9244,0.0572596974670887,0.05852112919092178,40.643157958984375,41.22598648071289,14.088397979736328,14.19520378112793,15.924263000488281,18.346315383911133,2856.0,17392.0,commune,08.577.05.,,
08.577.05.13.,Ait Youl,Tinghir,Ait Youl,85770513.0,Commune d'Ait Youl,Ouarzazate Ait Youl,0.585,direct,29.01,24.39,3.94,39.25,0.828,24.98880386352539,10.767776489257812,43.09040451049805,9.897330284118652,4.044034004211426,40.85984420776367,29.48663,0.06109970435500145,0.020809592679142952,40.76103591918945,40.243343353271484,14.98973274230957,5.170940399169922,12.874743461608887,5.8119659423828125,690.0,4870.0,commune,08.577.05.,,
08.577.05.15.,Ighil N'Oumgoun,Tinghir,Ighil N'Oumgoun,85770915.0,Commune d'Ighil N'oumgoun,Ouarzazate Ighil N'Oumgoun,0.435,direct,34.34,28.72,4.49,35.43,0.203,69.06494140625,31.983524322509766,46.309349060058594,35.07950973510742,16.777223587036133,47.82627868652344,53.3579,0.2087939977645874,0.1045137345790863,48.25743865966797,43.297061920166016,43.26669692993164,24.138759613037113,23.761926651000977,24.05252838134766,3093.0,22010.0,commune,08.577.05.,,
08.577.05.17.,Ikniouen,Tinghir,Ikniouen,85770517.0,Commune d'Ikniouen,Ouarzazate Ikniouen,0.487,direct,49.99,25.38,7.81,35.2,0.202,61.081642150878906,29.630470275878906,48.50961685180664,23.827802658081055,10.271151542663574,43.105743408203125,53.571290000000005,0.13724523782730103,0.046571098268032074,44.34993362426758,42.34601593017578,30.94598388671875,10.99775218963623,24.244585037231445,19.231958389282227,2051.0,18235.0,commune,08.577.05.,,
08.577.05.21.,M'Semrir,Tinghir,M'Semrir,85770521.0,Commune de M'semrir,Ouarzazate M'Semrir,0.533,direct,28.8,27.04,3.87,38.3,0.733,30.722087860107422,13.094709396362305,42.62310791015625,16.974960327148438,7.212948799133301,42.491695404052734,47.928650000000005,0.1086234524846077,0.031718526035547256,43.41999816894531,40.19847106933594,25.016918182373047,7.8904805183410645,22.941574096679688,15.792513847351074,1218.0,8866.0,commune,08.577.05.,,
08.577.05.25.,Souk Lakhmis Dades,Tinghir,Souk Lakhmis Dades,85770925.0,Commune de Souk Lakhmis Dades,Ouarzazate Souk Lakhmis Dades,0.587,direct,17.64,20.72,2.13,41.05,0.74,14.344286918640137,5.923750400543213,41.29692840576172,4.15220832824707,1.6167081594467163,38.93610382080078,16.3402,0.027537627145648003,0.017944348976016045,39.61271286010742,39.77888870239258,6.951714515686035,4.511023044586182,10.274657249450684,7.400094032287598,2818.0,17045.0,commune,08.577.05.,,
08.577.05.29.,Tilmi,Tinghir,Tilmi,85770529.0,Commune de Tilmi,Ouarzazate Tilmi,0.49,direct,31.82,26.3,4.18,38.49,0.445,53.86930847167969,24.32328987121582,45.152408599853516,18.07949447631836,7.688474655151367,42.52593994140625,36.880089999999996,0.11418885737657547,0.04542870074510574,43.44448471069336,38.49451446533203,26.283855438232422,11.801343917846678,24.296518325805664,22.108623504638672,1866.0,11372.0,commune,08.577.05.,,
08.577.07.01.,Ait El Farsi,Tinghir,Ait El Farsi,85770701.0,Commune d'Ait El Farsi,Ouarzazate Ait El Farsi,0.552,direct,31.12,25.13,4.31,38.29,0.501,36.066680908203125,16.378814697265625,45.41259002685547,19.708030700683594,8.222299575805664,41.720558166503906,35.10601,0.11422006785869598,0.05898330733180046,41.83464431762695,39.87127685546875,27.302745819091797,14.79343318939209,18.335071563720703,15.424860000610352,751.0,5754.0,commune,08.577.07.,,
08.577.07.19.,Imider,Tinghir,Imider,85770719.0,Commune d'Imider,Ouarzazate Imider,0.523,direct,47.23,23.99,7.87,37.84,0.696,35.286354064941406,15.437963485717773,43.75052261352539,5.9954752922058105,2.497486114501953,41.656185150146484,28.39368,0.05409754067659378,0.03083820827305317,41.65699005126953,39.00394821166992,12.986425399780273,7.906432628631592,20.99547576904297,7.298245429992676,627.0,4420.0,commune,08.577.07.,,
08.577.07.23.,Ouaklim,Tinghir,Ouaklim,85770723.0,Commune d'Ouaklim,Ouarzazate Ouaklim,0.47,direct,43.77,25.35,6.73,37.3,0.548,35.0883903503418,15.303744316101074,43.614837646484375,18.865760803222656,8.101566314697266,42.9432258605957,38.9446,0.11518296599388123,0.037564150989055634,44.632415771484375,40.81053161621094,25.80702018737793,9.204524040222168,18.213088989257812,13.16523265838623,1548.0,11338.0,commune,08.577.07.,,
08.577.07.27.,Taghzoute N'Ait Atta,Tinghir,Taghzoute N'Ait Atta,85770727.0,Commune de Taghzoute N'ait Atta,de la Ouarzazate Taghzoute N'Ait Atta,0.555,imputed_cercle,32.25274170308255,23.767874335656074,4.6802638478800045,39.282441006259596,0.6515052793197119,17.75501251220703,7.658543586730957,43.134544372558594,9.175813674926758,3.7649314403533936,41.03104019165039,22.88382,0.05232122540473938,0.024357572197914124,39.521114349365234,39.57206344604492,13.238802909851074,6.15524435043335,13.88642692565918,10.099791526794434,2330.0,14669.0,commune,08.577.07.,,
08.577.07.31.,Toudgha El Oulia,Tinghir,Toudgha El Oulia,85770731.0,Commune de Toudgha El Oulia,Ouarzazate Toudgha El Oulia,0.619,direct,9.09,12.85,0.97,42.35,0.925,8.250883102416992,3.1173932552337646,37.78253936767578,2.173119068145752,0.8562617301940918,39.402427673339844,3.57926,0.014680221676826477,0.02304249070584774,38.83521270751953,40.176856994628906,3.7801315784454346,5.735264778137207,5.314097881317139,5.933716773986816,1010.0,5476.0,commune,08.577.07.,,
08.577.07.33.,Toudgha Essoufla,Tinghir,Toudgha Essoufla,85770733.0,Commune de Toudgha Essoufla,Ouarzazate Toudgha Essoufla,0.585,direct,28.12,25.92,3.71,40.44,0.674,11.110246658325195,4.315028190612793,38.838279724121094,3.2970614433288574,1.2347691059112549,37.450592041015625,20.145476000000002,0.02405102737247944,0.023530473932623863,36.874237060546875,37.833499908447266,6.52244758605957,6.2194809913635245,12.354206085205078,12.413588523864744,2258.0,15347.0,commune,08.577.07.,,
08.587.01.01.,Agdz (Mun.),Zagora,Agdz (M),85870101.0,Commune d'Agdz,Zagora Agdz (M),0.632,direct,11.43,15.64,1.52,42.84,,13.759276390075684,5.812686443328857,42.24558639526367,4.156913757324219,1.6701515913009644,40.17768096923828,15.612141000000001,0.028955884277820587,0.008511981926858425,40.01006317138672,38.86408233642578,7.237150192260742,2.190192461013794,8.85684871673584,6.299173355102539,1865.0,10681.0,commune,08.587.01.,,
08.587.01.13.,Zagora (Mun.),Zagora,Zagora (M),85870113.0,Commune de Zagora,Zagora Zagora (M),0.669,direct,14.1,16.21,1.96,47.02,,15.594961166381836,6.596654891967773,42.29990768432617,3.701202869415283,1.4199059009552002,38.363365173339844,12.355355,0.025144284591078758,0.01931970752775669,38.27348709106445,36.37813186645508,6.569634914398193,5.310802459716797,9.998249053955078,6.490003108978272,6332.0,40067.0,commune,08.587.01.,,
08.587.03.01.,Afella N'Dra,Zagora,Afella N'Dra,85870301.0,Commune d'Afella N'dra,Zagora Afella N'Dra,0.533,direct,26.36,27.24,3.22,34.08,0.532,22.98561668395996,9.925677299499512,43.182125091552734,26.086353302001953,10.892066955566406,41.75388717651367,47.2183,0.17767289280891418,0.04187982901930809,44.14549255371094,39.257171630859375,40.24711990356445,10.668070793151855,35.915592193603516,25.82004165649414,951.0,7203.0,commune,08.587.03.,,
08.587.03.03.,Afra,Zagora,Afra,85870303.0,Commune d'Afra,Zagora Afra,0.489,direct,38.82,27.72,5.55,35.28,0.702,27.713035583496094,12.269699096679688,44.274105072021484,12.283252716064453,6.063940048217773,49.36753845214844,27.66177,0.08215560019016266,0.04149932786822319,47.62574005126953,41.68144226074219,17.25025177001953,9.956308364868164,29.768430709838867,24.877532958984375,1148.0,8939.0,commune,08.587.03.,,
08.587.03.05.,Ait Boudaoud,Zagora,Ait Boudaoud,85871105.0,Commune d'Ait Boudaoud,Zagora Ait Boudaoud,0.562,direct,30.3,25.75,4.12,35.06,0.77,28.754959106445312,11.471125602722168,39.89268493652344,7.961021900177002,3.1674532890319824,39.78701400756836,27.6347,0.05455455929040909,0.039777640253305435,39.562965393066406,37.99643325805664,13.789299964904785,10.468782424926758,26.236440658569336,14.58902645111084,691.0,5439.0,commune,08.587.03.,,
08.587.03.07.,Ait Ouallal,Zagora,Ait Ouallal,85871107.0,Commune d'Ait Ouallal,Zagora Ait Ouallal,0.495,direct,44.22,26.35,6.64,36.76,0.616,27.44271469116211,11.496078491210938,41.89118957519531,5.272045135498047,1.964769721031189,37.267696380615234,10.731702000000002,0.081313855946064,0.03669503331184387,43.31593322753906,41.18115234375,18.772274017333984,8.910637855529785,24.367427825927734,20.093616485595703,1360.0,11224.0,commune,08.587.03.,,
08.587.03.21.,Mezguita,Zagora,Mezguita,85870321.0,Commune de Mezguita,Zagora Mezguita,0.558,direct,35.03,28.19,4.76,35.32,0.687,20.597522735595703,8.085715293884277,39.25576400756836,6.34244441986084,2.593381404876709,40.889305114746094,19.64178,0.05418819934129715,0.018500221893191338,42.32388687133789,40.954864501953125,12.803218841552734,4.517221927642822,39.73494338989258,25.225860595703125,970.0,8451.0,commune,08.587.03.,,
08.587.03.25.,N'Kob,Zagora,N'Kob,85871125.0,Commune de N'kob,Zagora N'Kob,0.492,direct,46.24,24.28,7.31,38.39,0.596,38.35151672363281,18.38690757751465,47.94309997558594,18.671106338500977,9.055039405822754,48.49760818481445,30.16374,0.1031503826379776,0.04550505056977272,48.036895751953125,41.71296310424805,21.47315788269043,10.909090995788574,16.534887313842773,15.259739875793457,1113.0,7209.0,commune,08.587.03.,,
08.587.03.27.,Oulad Yahia Lagraire,Zagora,Oulad Yahia Lagraire,85870327.0,Commune d'Oulad Yahia Lagraire,Zagora Oulad Yahia Lagraire,0.535,direct,10.38,16.41,1.12,35.96,0.715,37.244606018066406,16.26514434814453,43.671138763427734,12.971128463745117,5.303177833557129,40.88447189331055,38.03368,0.09380518645048141,0.056132636964321136,41.37411117553711,39.56684494018555,22.672435760498047,14.186786651611328,34.37889862060547,22.440576553344727,1180.0,12019.0,commune,08.587.03.,,
08.587.03.31.,Taghbalte,Zagora,Taghbalte,85871131.0,Commune de Taghbalte,Zagora Taghbalte,0.507,direct,41.17,27.51,5.96,34.43,0.619,33.2089958190918,13.827034950256348,41.63641357421875,8.354883193969727,3.2502267360687256,38.90211868286133,40.837039999999995,0.05257166922092438,0.025398382917046547,40.22492980957031,40.04391098022461,13.069424629211426,6.34263277053833,17.24686622619629,18.98430633544922,1087.0,10054.0,commune,08.587.03.,,
08.587.03.37.,Tamezmoute,Zagora,Tamezmoute,85870337.0,Commune de Tamezmoute,Zagora Tamezmoute,0.53,direct,37.76,28.05,5.29,36.45,0.779,32.590396881103516,13.910677909851074,42.68336486816406,14.36265754699707,6.109828948974609,42.5396842956543,32.32692,0.08667464554309845,0.03187214583158493,43.6245002746582,40.628639221191406,19.86834144592285,7.8447489738464355,35.87244415283203,24.44748878479004,1366.0,11697.0,commune,08.587.03.,,
08.587.03.39.,Tansifte,Zagora,Tansifte,85870339.0,Commune de Tansifte,Zagora Tansifte,0.553,direct,34.8,24.95,4.96,38.91,0.749,32.13053894042969,15.309670448303223,47.64834213256836,12.363393783569336,5.50040340423584,44.48943328857422,29.40689,0.07668493688106537,0.028800228610634804,45.126277923583984,40.23154067993164,16.993410110473633,7.158619403839111,20.13014030456543,20.34601402282715,1672.0,11987.0,commune,08.587.03.,,
08.587.03.41.,Tazarine,Zagora,Tazarine,85871141.0,Commune de Tazarine,Zagora Tazarine,0.582,direct,30.49,25.37,4.04,39.87,0.688,64.27128601074219,29.422801971435547,45.779075622558594,61.913841247558594,28.17596435546875,45.50835037231445,68.12816000000001,0.0704946517944336,0.05235172435641289,41.511390686035156,40.20307922363281,16.98200225830078,13.021819114685059,24.068824768066406,13.064743995666504,1904.0,15169.0,commune,08.587.03.,,
08.587.07.09.,Bleida,Zagora,Bleida,85870709.0,Commune de Bleida,de la Zagora Bleida,0.418,imputed_cercle,42.841807714524094,27.898320133495922,6.155351774597267,33.651694242988256,0.6072428085488737,58.030338287353516,27.182493209838867,46.84186553955078,22.803211212158203,9.339215278625488,40.95570373535156,41.2634,0.13877439498901367,0.07268289476633072,41.18552017211914,40.2705078125,33.6949462890625,18.04866600036621,25.68886947631836,42.830142974853516,496.0,4629.0,commune,08.587.07.,,
08.587.07.11.,Bni Zoli,Zagora,Bni Zoli,85870711.0,Commune de Bni Zoli,Zagora Bni Zoli,0.521,direct,40.01,29.32,5.36,33.71,0.562,32.4854621887207,13.879678726196289,42.7258186340332,14.3128662109375,5.498360633850098,38.41550827026367,27.21233,0.09139785170555115,0.044326938688755035,39.79693603515625,38.493289947509766,22.966053009033203,11.515497207641602,31.89905548095703,19.761730194091797,1940.0,18941.0,commune,08.587.07.,,
08.587.07.13.,Bouzeroual,Zagora,Bouzeroual,85870713.0,Commune de Bouzeroual,Zagora Bouzeroual,0.489,direct,45.39,27.76,6.58,33.3,0.527,40.95389938354492,17.985441207885742,43.91630935668945,12.403725624084473,5.077417373657227,40.93461608886719,34.72239,0.09123928099870682,0.0305522121489048,41.684852600097656,42.081031799316406,21.887874603271484,7.260328769683838,29.715206146240234,30.726032257080078,1162.0,11166.0,commune,08.587.07.,,
08.587.07.15.,Errouha,Zagora,Errouha,85870715.0,Commune d'Errouha,Zagora Errouha,0.468,direct,54.07,25.24,8.72,32.42,0.338,53.55506134033203,24.102500915527344,45.005088806152344,10.893349647521973,4.436093330383301,40.72294998168945,27.81337,0.0693981945514679,0.04645679518580437,40.98002624511719,42.562294006347656,16.93463897705078,10.91501235961914,37.34183120727539,29.383338928222656,1063.0,10523.0,commune,08.587.07.,,
08.587.07.29.,Taftechna,Zagora,Taftechna,85870729.0,Commune de Taftechna,Zagora Taftechna,0.52,direct,29.09,26.66,3.84,33.45,0.575,51.91142654418945,22.953371047973633,44.21641159057617,11.18295955657959,4.578208923339844,40.93915557861328,41.40925,0.08193863183259964,0.04930917173624039,43.169673919677734,40.937252044677734,18.980600357055664,12.045061111450195,35.355648040771484,37.69497299194336,615.0,5258.0,commune,08.587.07.,,
08.587.07.43.,Ternata,Zagora,Ternata,85870743.0,Commune de Ternata,Zagora Ternata,0.532,direct,44.55,27.8,6.48,34.11,0.749,29.45364761352539,12.680061340332031,43.0509033203125,17.8900203704834,7.365350246429443,41.170166015625,35.0028,0.10641083121299744,0.06852446496486664,42.30810546875,37.5731315612793,25.151405334472656,18.23762321472168,27.325580596923828,21.6516056060791,1821.0,16512.0,commune,08.587.07.,,
08.587.07.45.,Tinzouline,Zagora,Tinzouline,85870745.0,Commune de Tinzouline,Zagora Tinzouline,0.517,direct,39.69,28.59,5.52,34.25,0.763,29.89882469177246,13.109408378601074,43.84590148925781,9.242179870605469,3.8765273094177246,41.94386291503906,22.65409,0.056608978658914566,0.03701091557741165,41.89604949951172,42.71003341674805,13.511770248413086,8.66562557220459,32.989356994628906,30.06781578063965,1753.0,15505.0,commune,08.587.07.,,
08.587.09.17.,Fezouata,Zagora,Fezouata,85870917.0,Commune de Fezouata,Zagora Fezouata,0.523,direct,40.64,27.46,5.85,33.33,0.702,34.78260803222656,14.430180549621582,41.48677062988281,11.50169849395752,4.847540855407715,42.14630126953125,26.12179,0.08050718158483505,0.04240371659398079,42.468101501464844,40.382320404052734,18.957094192504883,10.500564575195312,44.49872589111328,27.750595092773438,864.0,9416.0,commune,08.587.09.,,
08.587.09.19.,Ktaoua,Zagora,Ktaoua,85870919.0,Commune de Ktaoua,Zagora Ktaoua,0.548,direct,39.63,27.82,5.68,35.07,0.584,31.42178726196289,13.18956184387207,41.97584533691406,20.05380630493164,9.299530982971191,46.37289810180664,40.10133,0.12436947226524353,0.1073964536190033,46.05645751953125,38.819610595703125,27.003698348999023,27.665515899658203,32.148860931396484,22.884836196899414,1082.0,8921.0,commune,08.587.09.,,
08.587.09.23.,M'Hamid El Ghizlane,Zagora,M'Hamid El Ghizlane,85870923.0,Commune de M'hamid El Ghizlane,Zagora M'Hamid El Ghizlane,0.501,direct,32.78,26.25,4.62,37.96,0.873,11.792588233947754,4.914775371551514,41.67681884765625,7.175083637237549,2.9875969886779785,41.63849639892578,21.283170000000002,0.05551513284444809,0.026766186580061913,42.1020393371582,37.857696533203125,13.185853958129883,7.070209980010986,30.563236236572266,20.554462432861328,1052.0,7590.0,commune,08.587.09.,,
08.587.09.33.,Tagounite,Zagora,Tagounite,85870933.0,Commune de Tagounite,Zagora Tagounite,0.603,direct,26.0,26.49,3.29,38.59,0.712,15.205289840698242,6.249838829040527,41.10306167602539,13.1564302444458,5.306763648986816,40.33589172363281,24.663539999999998,0.08704288303852081,0.05156533047556877,41.35240173339844,38.22602844238281,21.04905128479004,13.489585876464842,23.962392807006836,17.899545669555664,2262.0,17103.0,commune,08.587.09.,,
08.587.09.35.,Tamegroute,Zagora,Tamegroute,85870935.0,Commune de Tamegroute,Zagora Tamegroute,0.503,direct,38.04,28.39,5.23,35.1,0.706,25.138574600219727,10.540557861328125,41.929813385009766,12.547511100769043,4.722505569458008,37.636993408203125,23.88092,0.07222943007946014,0.04386070370674133,38.88888931274414,37.629798889160156,18.57328224182129,11.655842781066895,28.761472702026367,29.9417724609375,2318.0,21603.0,commune,08.587.09.,,
09.001.01.01.,Agadir (Mun.),Agadir-Ida -Ou-Tanane,Agadir (M),90010101.0,Commune d'Agadir,Agadir-Ida Ou Tanan Agadir (M),0.752,direct,3.72,5.77,0.46,43.29,,7.451614856719971,2.9059958457946777,38.99820327758789,1.114473819732666,0.3955092430114746,35.48842239379883,1.472748,0.008927608840167522,0.006101095583289862,35.45131301879883,34.70547866821289,2.518273115158081,1.7579632997512817,2.5418283939361572,0.9578073024749756,105057.0,421844.0,commune,09.001.01.,,
09.001.05.01.,Amskroud,Agadir-Ida -Ou-Tanane,Amskroud,90010501.0,Commune d'Amskroud,Agadir-Ida Ou Tanan Amskroud,0.534,direct,23.0,25.08,2.88,37.46,0.629,24.068883895874023,10.047056198120117,41.7429313659668,8.872695922851562,3.583845615386963,40.391841888427734,16.53628,0.06613445281982422,0.027295563369989395,40.25875473022461,37.34602737426758,16.42734718322754,7.308826446533203,13.930561065673828,9.957839012145996,2031.0,9351.0,commune,09.001.05.,,
09.001.05.09.,Drargua,Agadir-Ida -Ou-Tanane,Drargua,90010509.0,Commune de Drargua,Agadir-Ida Ou Tanan Drargua,0.508,direct,28.39,26.23,3.69,37.68,0.718,28.65353775024414,12.127649307250977,42.32513427734375,9.49779987335205,3.6963987350463867,38.91847229003906,16.20473,0.02731281705200672,0.015022804029285908,37.45136949189935,34.68601034828881,7.2928755031770764,4.33108444705122,9.506354147256385,2.203969374262152,15486.0,70793.0,commune,09.001.05.,,
09.001.05.11.,Idmine,Agadir-Ida -Ou-Tanane,Idmine,90010511.0,Commune d'Idmine,Agadir-Ida Ou Tanan Idmine,0.503,direct,18.81,24.14,2.15,34.58,0.716,44.0303840637207,18.801593780517578,42.70140838623047,17.23478889465332,7.013911247253418,40.69624328613281,21.75848,0.11787194013595581,0.0708819329738617,42.18928527832031,40.77212905883789,27.938833236694336,17.384899139404297,30.710416793823242,29.539594650268555,710.0,3179.0,commune,09.001.05.,,
09.001.07.03.,Aourir,Agadir-Ida -Ou-Tanane,Aourir,90010703.0,Commune d'Aourir,AGADIR IDA OU TANANE Aourir (AC),0.64,direct,15.24,17.03,2.24,40.9,,16.129032135009766,6.521142959594727,40.431087493896484,15.047618865966797,6.211640357971191,41.27988815307617,20.59759,0.020289698615670204,0.009335163049399853,36.77346041918143,35.08850981785874,5.517484159032277,2.6604614276856426,8.08797651442938,2.597964889310494,8292.0,36948.0,commune,09.001.07.,,
09.001.07.05.,Aqesri,Agadir-Ida -Ou-Tanane,,90010705.0,Commune d'Aqsri,Agadir-Ida Ou Tanan Aqesri,0.516,direct,29.84,26.38,4.04,37.16,0.432,,,,,,,,0.09961779415607452,0.05853918567299843,41.370445251464844,40.47948455810547,24.079458236694336,14.461445808410645,21.075580596923828,20.58205795288086,907.0,4128.0,commune,09.001.07.,,
09.001.07.07.,Aziar,Agadir-Ida -Ou-Tanane,Aziar,90010707.0,Commune d'Aziar,de la Agadir-Ida Ou Tanan Aziar,0.458,imputed_cercle,21.18660752130098,21.703260888369883,2.7991288222827735,39.05223065611349,0.38137402765773554,76.11272430419922,35.946510314941406,47.227989196777344,33.88737869262695,14.205488204956055,41.919700622558594,40.04069,0.1802728772163391,0.180954709649086,44.809818267822266,40.205631256103516,40.23066329956055,45.00730514526367,34.26051712036133,16.707258224487305,660.0,2948.0,commune,09.001.07.,,
09.001.07.13.,Imouzzer,Agadir-Ida -Ou-Tanane,Imouzzer,90010713.0,Commune d'Imouzzer,Agadir-Ida Ou Tanan Imouzzer,0.528,direct,28.27,25.94,3.69,37.92,0.311,54.27491760253906,24.84298324584961,45.772491455078125,29.043638229370117,11.832250595092773,40.73955535888672,36.15599,0.1550706923007965,0.10909733921289444,42.367103576660156,41.32137680053711,36.6016731262207,26.40215492248535,26.31383514404297,27.92064666748047,1110.0,5402.0,commune,09.001.07.,,
09.001.07.15.,Imsouane,Agadir-Ida -Ou-Tanane,Imsouane,90010715.0,Commune d'Imsouane,Agadir-Ida Ou Tanan Imsouane,0.541,direct,28.25,26.35,3.66,36.92,0.484,39.05140686035156,16.173131942749023,41.41497802734375,12.53387451171875,4.93701696395874,39.38938903808594,16.36362,0.0877496749162674,0.03440309688448906,40.03663635253906,35.785274505615234,21.91734504699707,9.613758087158203,28.02619743347168,8.711586952209473,1902.0,8866.0,commune,09.001.07.,,
09.001.07.21.,Tadrart,Agadir-Ida -Ou-Tanane,Tadrart,90010721.0,Commune de Tadrart,Agadir-Ida Ou Tanan Tadrart,0.481,direct,21.4,25.48,2.44,35.87,0.158,71.81196594238281,33.68317413330078,46.904685974121094,45.18763732910156,17.942113876342773,39.70580291748047,48.807970000000005,0.23440030217170715,0.11265058070421219,42.25361633300781,40.75466537475586,55.474613189697266,27.641149520874023,22.119205474853516,27.918254852294922,936.0,4530.0,commune,09.001.07.,,
09.001.07.23.,Taghazout,Agadir-Ida -Ou-Tanane,Taghazout,90010723.0,Commune de Taghazout,Agadir-Ida Ou Tanan Taghazout,0.6,direct,10.24,15.83,1.08,39.05,0.397,25.603591918945312,10.873001098632812,42.46670150756836,8.182682991027832,3.2117559909820557,39.250648498535156,11.464479999999998,0.06453114002943039,0.035837117582559586,40.758548736572266,38.16849899291992,15.832540512084961,9.38918685913086,23.463367462158203,10.79240608215332,1282.0,5260.0,commune,09.001.07.,,
09.001.07.25.,Tamri,Agadir-Ida -Ou-Tanane,Tamri,90010725.0,Commune de Tamri,Agadir-Ida Ou Tanan Tamri,0.503,direct,25.49,25.17,3.19,38.47,0.423,37.66993713378906,16.398019790649414,43.530784606933594,10.088428497314453,4.071258544921875,40.3557243347168,13.801839999999999,0.06518327444791794,0.0299861840903759,41.03492736816406,38.69086456298828,15.88482666015625,7.750197410583496,22.28512954711914,7.806800842285156,3663.0,18577.0,commune,09.001.07.,,
09.001.07.29.,Tiqqi,Agadir-Ida -Ou-Tanane,Tiqqi,90010729.0,Commune de Tiqqi,Agadir-Ida Ou Tanan Tiqqi,0.5,direct,28.0,26.11,3.54,37.89,0.315,70.53978729248047,32.05111312866211,45.436927795410156,34.059043884277344,14.273592948913574,41.90837478637695,43.44014,0.20950645208358765,0.06142643094062805,44.7310791015625,40.68305206298828,46.83688735961914,15.098776817321777,27.561838150024414,32.988399505615234,1716.0,8773.0,commune,09.001.07.,,
09.163.01.03.,Ait Baha (Mun.),Chtouka- Ait Baha,Ait Baha  (M),91630103.0,Commune d'Ait Baha,Chtouka- Ait Baha Ait Baha (M),0.615,direct,8.07,11.3,1.07,42.18,,15.376546859741211,6.067174911499023,39.45732879638672,2.9816513061523438,1.0409315824508667,34.9112434387207,13.937851,0.022367287427186966,0.01167849451303482,34.63874053955078,35.011878967285156,6.457304000854492,3.335580587387085,2.9110796451568604,4.438961505889893,1346.0,5668.0,commune,09.163.01.,,
09.163.01.11.,Biougra (Mun.),Chtouka- Ait Baha,Biougra  (M),91630111.0,Commune de Biougra,Chtouka- Ait Baha Biougra (M),0.66,direct,8.98,12.44,1.21,42.99,,12.054814338684082,4.831493377685547,40.079368591308594,1.7839707136154175,0.6361479759216309,35.65910720825195,2.7419279999999997,0.013991150073707104,0.009660688228905201,35.605552673339844,35.777503967285156,3.929485559463501,2.7002129554748535,5.0009236335754395,2.8420450687408447,9476.0,37933.0,commune,09.163.01.,,
09.163.03.05.,Ait Mzal,Chtouka- Ait Baha,Ait Mzal,91630305.0,Commune d'Ait Mzal,Chtouka- Ait Baha Ait Mzal,0.502,direct,23.83,23.91,3.09,38.57,0.433,42.27042007446289,18.571502685546875,43.93498611450195,13.641365051269531,5.5112457275390625,40.4009895324707,18.46239,0.09532759338617325,0.048346057534217834,40.77777862548828,38.974361419677734,23.377338409423828,12.404580116271973,24.202421188354492,19.17938995361328,905.0,3814.0,commune,09.163.03.,,
09.163.03.07.,Ait Ouadrim,Chtouka- Ait Baha,Ait Ouadrim,91630307.0,Commune d'Ait Ouadrim,Chtouka- Ait Baha Ait Ouadrim,0.493,direct,31.0,25.63,4.08,39.08,0.283,65.68074035644531,31.0752010345459,47.312496185302734,27.018579483032227,10.595975875854492,39.217369079589844,35.42283,0.1629333794116974,0.06239333748817444,40.85038757324219,37.649051666259766,39.88539505004883,16.57235336303711,22.799097061157227,19.26030731201172,1377.0,5817.0,commune,09.163.03.,,
09.163.03.09.,Aouguenz,Chtouka- Ait Baha,Aouguenz,91630309.0,Commune d'Aouguenz,Chtouka- Ait Baha Aouguenz,0.448,direct,29.68,24.86,4.01,41.8,0.344,53.2662467956543,23.40951919555664,43.94812774658203,24.266437530517578,9.689203262329102,39.92841339111328,30.934029999999996,0.16511982679367065,0.08438009023666382,41.65016174316406,40.712684631347656,39.64446258544922,20.725749969482422,26.643821716308594,26.029308319091797,1207.0,4801.0,commune,09.163.03.,,
09.163.03.13.,Hilala,Chtouka- Ait Baha,Hilala,91630313.0,Commune de Hilala,Chtouka- Ait Baha Hilala,0.448,direct,27.4,25.18,3.56,37.69,0.213,74.71113586425781,34.74410629272461,46.50458908081055,23.645872116088867,9.463329315185547,40.02106475830078,31.341079999999998,0.14653633534908295,0.1738360971212387,41.82065963745117,39.893985748291016,35.039222717285156,43.57451248168945,24.84123992919922,17.11663055419922,659.0,2684.0,commune,09.163.03.,,
09.163.03.15.,Ida Ougnidif,Chtouka- Ait Baha,Ida-Ougnidif,91630315.0,Commune d'Ida-Ougnidif,Chtouka- Ait Baha Ida Ougnidif,0.517,direct,17.32,20.88,2.01,44.78,0.598,35.82614517211914,15.210752487182617,42.45713424682617,9.476661682128906,3.685368537902832,38.88888931274414,14.723921000000002,0.06598041206598282,0.034147556871175766,39.310237884521484,37.02702713012695,16.784536361694336,9.222332954406738,20.226308822631836,14.606181144714355,678.0,2149.0,commune,09.163.03.,,
09.163.03.25.,Sidi AbdallahEl Bouchouari,Chtouka- Ait Baha,Sidi Abdallah  El Bouchouari,91630325.0,Commune de Sidi Abdallah El Bouchouari,Chtouka- Ait Baha Sidi Abdallah El Bouchoua,0.415,fuzzy,30.32,25.75,4.05,40.66,0.295,61.684059143066406,28.55876350402832,46.29844665527344,24.965961456298828,10.019116401672363,40.13111114501953,34.77341,0.15776842832565308,0.07382607460021973,42.38813400268555,40.1249885559082,37.21995162963867,18.39902687072754,32.07080078125,20.30132484436035,1764.0,8128.0,commune,09.163.03.,,
09.163.03.33.,Tanalt,Chtouka- Ait Baha,Tanalt,91630333.0,Commune de Tanalt,Chtouka- Ait Baha Tanalt,0.506,direct,13.7,18.58,1.6,42.92,0.404,31.752872467041016,13.07950210571289,41.19155502319336,21.064468383789062,8.3812255859375,39.788455963134766,23.28454,0.14723889529705048,0.048746999353170395,41.1775016784668,39.4444465637207,35.75712203979492,12.358393669128418,24.250375747680664,25.849639892578125,847.0,2744.0,commune,09.163.03.,,
09.163.03.35.,Targua Ntouchka,Chtouka- Ait Baha,Targua-Ntouchka,91630335.0,Commune de Targua-Ntouchka,Chtouka- Ait Baha Targua Ntouchka,0.512,direct,16.21,21.34,1.84,38.74,0.276,66.64620208740234,30.196983337402344,45.309383392333984,34.819400787353516,14.274738311767578,40.99650955200195,43.962830000000004,0.2047242522239685,0.13052532076835632,43.86948013305664,41.55705261230469,46.66666793823242,31.408706665039062,30.340557098388672,26.451026916503906,1184.0,4877.0,commune,09.163.03.,,
09.163.03.37.,Tassegdelt,Chtouka- Ait Baha,Tassegdelt,91630337.0,Commune de Tassegdelt,Chtouka- Ait Baha Tassegdelt,0.426,direct,44.66,25.6,6.86,36.1,0.307,63.6545524597168,28.822866439819336,45.28013229370117,15.434911727905273,6.197300910949707,40.15119171142578,21.596989999999998,0.11711027473211288,0.07562457025051117,40.931827545166016,39.789398193359375,28.611055374145508,19.006210327148438,24.172775268554688,29.83850860595703,1204.0,5107.0,commune,09.163.03.,,
09.163.03.39.,Tizi Ntakoucht,Chtouka- Ait Baha,Tizi Ntakoucht,91630339.0,Commune de Tizi Ntakoucht,Chtouka- Ait Baha Tizi Ntakoucht,0.49,direct,9.34,14.84,0.97,38.07,0.382,35.827781677246094,14.402871131896973,40.200286865234375,22.36842155456543,9.145548820495605,40.885986328125,28.21633,0.13758935034275055,0.057750605046749115,41.642086029052734,37.894378662109375,33.04093551635742,15.239887237548828,27.55847930908203,24.553152084350586,415.0,1368.0,commune,09.163.03.,,
09.163.05.03.,Ait Milk,Chtouka- Ait Baha,Ait Milk,91630503.0,Commune d'Ait Milk,Chtouka- Ait Baha Ait Milk,0.557,direct,21.95,23.32,2.71,39.43,0.39,32.2794303894043,13.47846508026123,41.75558853149414,8.222244262695312,3.080233097076416,37.462196350097656,12.56326,0.06775107234716415,0.038541845977306366,38.5535888671875,36.96651077270508,17.57322120666504,10.426152229309082,19.130096435546875,11.476712226867676,2402.0,10370.0,commune,09.163.05.,,
09.163.05.11.,Belfaa,Chtouka- Ait Baha,Belfaa,91630511.0,Commune de Belfaâ,Chtouka- Ait Baha Belfaa,0.613,direct,17.42,21.52,2.06,40.56,0.788,17.178308486938477,6.934763431549072,40.36930465698242,4.708765506744385,1.678749680519104,35.65159225463867,6.605092,0.028317607939243317,0.015195807442069054,36.023028379801424,34.90395407370586,7.860973973582191,4.3536062654281205,6.50188458943996,3.7348621718997626,6584.0,27699.0,commune,09.163.05.,,
09.163.05.19.,Inchaden,Chtouka- Ait Baha,Inchaden,91630519.0,Commune d'Inchaden,Chtouka- Ait Baha Inchaden,0.591,direct,17.33,21.12,2.07,40.62,0.816,15.880048751831055,6.379483699798584,40.172950744628906,4.00750732421875,1.4267839193344116,35.60277557373047,5.582026,0.0285839531570673,0.016310982406139374,36.03807830810547,35.480384826660156,7.931597709655762,4.5971832275390625,5.592436790466309,4.907136917114258,7117.0,28806.0,commune,09.163.05.,,
09.163.05.21.,Massa,Chtouka- Ait Baha,Massa,91630521.0,Commune de Massa,Chtouka- Ait Baha Massa,0.636,fuzzy,17.52,20.73,2.09,40.85,0.733,14.83158016204834,5.79890251159668,39.09834671020508,3.5482962131500244,1.2703777551651,35.802467346191406,5.660379000000001,0.022496892139315605,0.013341707177460194,35.911020845792024,34.988312849157,6.2646204626634345,3.8131896906005895,5.08929099493592,3.126900665813467,4067.0,17579.0,commune,09.163.05.,,
09.163.05.31.,Sidi Ouassay,Chtouka- Ait Baha,Sidi Ouassay,91630531.0,Commune de Sidi Ouassay,Chtouka- Ait Baha Sidi Ouassay,0.659,direct,9.84,14.32,1.07,43.4,0.8,9.394792556762695,3.724555015563965,39.64488983154297,1.8346596956253052,0.6367275714874268,34.70549011230469,3.34917,0.017026476562023163,0.012437201105058193,34.85419845581055,35.65595626831055,4.88505744934082,3.488113164901733,4.874005317687988,2.7046210765838623,2140.0,9087.0,commune,09.163.05.,,
09.163.07.01.,Ait Amira,Chtouka- Ait Baha,Ait Amira,91630101.0,Commune d'Ait Amira,Chtouka- Ait Baha Ait Amira,0.569,direct,13.94,18.98,1.56,39.72,0.78,28.32306671142578,11.701555252075195,41.3145751953125,6.074349403381348,2.2118661403656006,36.41322326660156,7.080591999999999,0.03542423993349075,0.02161872200667858,37.54214472725784,35.496488304932846,9.435859598771092,6.09038349405427,12.167086940977095,5.571362501960266,18576.0,76646.0,commune,09.163.07.,,
09.163.07.17.,Imi Mqourn,Chtouka- Ait Baha,Imi-Mqourn,91630717.0,Commune d'Imi-Mqourn,Chtouka- Ait Baha Imi Mqourn,0.518,direct,23.64,24.99,2.95,38.26,0.532,40.89693832397461,17.528629302978516,42.86048889160156,8.704207420349121,3.2621257305145264,37.477577209472656,21.390410000000003,0.06202046945691109,0.047221627086400986,38.44044494628906,37.4779167175293,16.134170532226562,12.599853515625,15.768762588500977,11.442570686340332,2394.0,10748.0,commune,09.163.07.,,
09.163.07.23.,Ouad Essafa,Chtouka- Ait Baha,Ouad Essafa,91630723.0,Commune d'Oued Essafa,Chtouka- Ait Baha Ouad Essafa,0.587,direct,14.36,19.58,1.61,39.54,0.802,21.7391300201416,8.772794723510742,40.354854583740234,5.510334014892578,2.0103893280029297,36.483978271484375,9.02076,0.03285044804215431,0.016543645411729813,36.82691192626953,35.786441802978516,8.920228958129883,4.622880935668945,9.55018424987793,4.074856281280518,12873.0,56547.0,commune,09.163.07.,,
09.163.07.27.,Sidi Bibi,Chtouka- Ait Baha,Sidi Bibi,91630127.0,Commune de Sidi Bibi,Chtouka- Ait Baha Sidi Bibi,0.59,direct,13.1,18.03,1.49,42.5,0.874,16.423810958862305,6.514466762542725,39.66476821899414,5.093989372253418,1.8029364347457886,35.393409729003906,7.227736999999999,0.026517285034060478,0.014466437511146069,36.0019936677188,35.218064293531974,7.365504677701399,4.107675291779865,6.4906744453819485,2.993148293194891,9278.0,39042.0,commune,09.163.07.,,
09.163.07.29.,Sidi Boushab,Chtouka- Ait Baha,Sidi Boushab,91630729.0,Commune de Sidi Boushab,Chtouka- Ait Baha Sidi Boushab,0.53,direct,27.28,25.52,3.53,38.0,0.548,32.73763656616211,13.804632186889648,42.1674690246582,9.10830020904541,3.360258102416992,36.89226150512695,15.378886999999999,0.06529800593852997,0.039770156145095825,37.23569107055664,37.706993103027344,17.536401748657227,10.54715633392334,10.139228820800781,11.507079124450684,2239.0,9488.0,commune,09.163.07.,,
09.273.01.05.,Ait Melloul (Mun.),Inezgane- Ait Melloul,Ait Melloul  (M),92730105.0,Commune d'Ait Melloul,de la Inezgane- Ait Mellou Ait Melloul (M),0.692,imputed_cercle,8.97880976349457,12.141397975177124,1.214776715174066,41.79655107931087,,9.539217948913574,3.6740410327911377,38.51511764526367,1.8569247722625732,0.6602593064308167,35.556602478027344,3.305167,0.01365980226546526,0.0084007503464818,35.63428497314453,34.86993408203125,3.833331346511841,2.4091672897338867,3.7517340183258057,1.2886223793029785,39697.0,171847.0,commune,09.273.01.,,
09.273.01.13.,Dcheira El Jihadia (Mun.),Inezgane- Ait Melloul,Dcheira El Jihadia   (M),92730113.0,Commune de Dcheira El Jihadia,Inezgane- Ait Mellou Dcheira El Jihadia (M),0.726,direct,4.9,7.23,0.64,41.34,,5.426020622253418,2.044179916381836,37.673648834228516,1.0763726234436035,0.3806436061859131,35.36355209350586,1.3347060000000002,0.008652993477880955,0.007741095963865519,35.66541290283203,34.190589904785156,2.4261581897735596,2.264101266860962,2.520683765411377,1.0485749244689941,24528.0,100336.0,commune,09.273.01.,,
09.273.01.15.,Inezgane (Mun.),Inezgane- Ait Melloul,Inezgane     (M),92730115.0,Commune d'Inezgane,Inezgane- Ait Mellou Inezgane (M),0.689,direct,8.05,11.67,1.06,42.81,,10.382110595703125,4.0257439613342285,38.775779724121094,1.9908740520477295,0.7083288431167603,35.57878494262695,3.400462,0.016503266990184784,0.010699804872274399,35.889488220214844,34.709136962890625,4.5983567237854,3.082705497741699,3.6919424533843994,1.3075995445251465,29723.0,130333.0,commune,09.273.01.,,
09.273.01.17.,Lqliaa (Mun.),Inezgane- Ait Melloul,Lqliaa (M),92730117.0,Commune de Lqliaa,Inezgane ait melloul Lqliaa (AC),0.633,direct,15.35,18.8,2.15,40.76,,15.913057327270508,6.439374923706055,40.46598434448242,3.852240800857544,1.3782126903533936,35.77690887451172,7.839073,0.025815583765506744,0.01288240123540163,36.09014129638672,35.251888275146484,7.153084754943848,3.654386281967163,6.6808180809021,1.6656779050827026,18127.0,83235.0,commune,09.273.01.,,
09.273.05.19.,Oulad Dahou,Inezgane- Ait Melloul,Oulad Dahou,92730519.0,Commune d'Oulad Dahou,Inezgane- Ait Melloul Oulad Dahou,0.585,direct,20.49,23.9,2.49,38.01,0.903,14.055154800415039,5.425850868225098,38.60398864746094,4.367625713348389,1.5961729288101196,36.54555130004883,8.811146,0.027641696855425835,0.019756371155381203,36.78706359863281,36.0301628112793,7.513972282409668,5.4832868576049805,10.21182632446289,3.394735813140869,3169.0,14587.0,commune,09.273.05.,,
09.273.05.27.,Temsia,Inezgane- Ait Melloul,Temsia,92730527.0,Commune de Temsia,Inezgane Ait Melloul Temsia (AC),0.657,direct,13.81,17.72,1.88,40.49,,15.735730171203613,6.27072811126709,39.850250244140625,3.96881103515625,1.422135591506958,35.83279037475586,10.841594,0.024366961792111397,0.014162933453917503,36.56750771493055,35.1448818525682,6.663555443647036,4.029870745042412,6.354079570822733,2.2436820394876857,9096.0,40780.0,commune,09.273.05.,,
09.541.01.01.,Ait Iaaza (Mun.),Taroudannt,Ait Iaaza (M),95410101.0,Commune d'Ait Iaaza,Taroudannt Ait Iaaza (M),0.663,direct,12.03,15.54,1.64,40.21,,10.514632225036621,4.059872627258301,38.61164474487305,2.491554021835327,0.9071571826934814,36.4092903137207,6.468679,0.015155781991779804,0.01160633284598589,35.82917404174805,35.600669860839844,4.230011463165283,3.2601444721221924,4.265202522277832,2.106245517730713,3126.0,14259.0,commune,09.541.01.,,
09.541.01.02.,Aoulouz (Mun.),Taroudannt,Aoulouz  (M),95410102.0,Commune d'Aoulouz,Taroudannt Aoulouz,0.53,direct,26.37,25.97,3.32,38.48,0.428,24.624643325805664,10.580873489379883,42.96863555908203,6.581753730773926,2.507380485534668,38.09593200683594,26.5537,0.03952382132411003,0.033764149993658066,38.96464920043945,37.729957580566406,10.143507957458496,8.948896408081055,10.915797233581543,7.646321296691895,3633.0,17409.0,commune,09.541.01.,,
09.541.01.03.,El Guerdane (Mun.),Taroudannt,El Guerdane (M),95410103.0,Commune d'El Guerdane,Taroudannt El Guerdane (M),0.704,direct,5.35,8.87,0.66,39.21,,10.92190933227539,4.237768650054932,38.80061721801758,2.6800942420959473,0.9908227324485779,36.969696044921875,6.231647000000001,0.018300442025065422,0.014035341329872608,37.55555725097656,36.43566131591797,4.872898578643799,3.8520891666412354,4.637375354766846,5.246334075927734,2674.0,12313.0,commune,09.541.01.,,
09.541.01.05.,Irherm (Mun.),Taroudannt,Irherm (M),95410105.0,Commune d'Irherm,Taroudannt Irherm (M),0.575,direct,22.75,19.57,3.58,40.82,,17.690471649169922,7.482574939727783,42.29720687866211,5.571847438812256,2.174975633621216,39.03508758544922,29.398844,0.03973878547549248,0.025296656414866447,41.063411712646484,37.089759826660156,9.677419662475586,6.820388317108154,12.805474281311035,9.271844863891602,1002.0,4108.0,commune,09.541.01.,,
09.541.01.07.,Oulad Berhil (Mun.),Taroudannt,Oulad Berhil (M),95410107.0,Commune d'Oulad Berhil,Taroudannt Oulad Berhil (M),0.656,direct,10.37,14.06,1.39,41.86,,18.331811904907227,7.701476573944092,42.01154327392578,4.340277671813965,1.5794936418533325,36.391536712646484,14.838733,0.02746775932610035,0.01578991673886776,36.65195846557617,35.21944808959961,7.494213104248047,4.48329496383667,5.410879611968994,2.8626389503479004,5041.0,24288.0,commune,09.541.01.,,
09.541.01.09.,Oulad Teima (Mun.),Taroudannt,Oulad Teima (M),95410109.0,Commune d'Oulad Teima,Taroudannt Oulad Teima (M),0.676,direct,6.32,9.61,0.81,41.87,,12.519838333129883,4.913835525512695,39.24839401245117,2.747947931289673,0.976326584815979,35.529293060302734,6.591805,0.0190269835293293,0.01302015408873558,35.81717300415039,35.135196685791016,5.312251567840576,3.705729722976684,3.3683078289031982,1.8533071279525755,19652.0,89387.0,commune,09.541.01.,,
09.541.01.11.,Taliouine (Mun.),Taroudannt,Taliouine (M),95410111.0,Commune de Taliouine,Taroudannt Taliouine (M),0.575,direct,40.32,20.86,7.86,44.48,,13.15157699584961,5.756554126739502,43.77082443237305,3.1017000675201416,1.1664512157440186,37.60683822631836,18.487066,0.023536138236522675,0.011423831805586815,38.49593734741211,34.740421295166016,6.113927841186523,3.2883400917053223,5.517446994781494,1.8236645460128784,1489.0,6727.0,commune,09.541.01.,,
09.541.01.13.,Taroudannt (Mun.),Taroudannt,Taroudannt (M),95410113.0,Commune de Taroudannt,Taroudannt Taroudannt (M),0.702,direct,5.76,8.53,0.76,41.86,,8.9078369140625,3.445323944091797,38.67744827270508,1.6492151021957397,0.5829098224639893,35.34468078613281,3.893134,0.01394039299339056,0.009912327863276005,35.83198928833008,35.81444549560547,3.8904881477355957,2.7676899433135986,3.532236337661743,1.5637990236282349,18788.0,80149.0,commune,09.541.01.,,
09.541.03.01.,Adar,Taroudannt,Adar,95410301.0,Commune d'Adar,de la Taroudannt Adar,0.502,imputed_cercle,30.04321490169024,24.942785841271526,4.069650807970918,39.78079151962215,0.2627610581898267,66.38571166992188,29.302963256835938,44.14046859741211,22.963483810424805,9.139617919921875,39.8006591796875,30.54774,0.14416876435279846,0.06621681153774261,42.040199279785156,37.81328582763672,34.29307174682617,17.511520385742188,29.845504760742188,15.536537170410156,1147.0,4344.0,commune,09.541.03.,,
09.541.03.03.,Ait Abdallah,Taroudannt,Ait Abdallah,95410303.0,Commune d'Ait Abdallah,Taroudannt Ait Abdallah,0.445,direct,18.81,20.67,2.26,46.79,0.603,33.944332122802734,14.152900695800781,41.69444274902344,13.958126068115234,5.430929660797119,38.90873336791992,19.85041,0.10366123914718628,0.04795762151479721,39.83610153198242,39.814815521240234,26.021934509277344,12.045169830322266,19.890329360961914,22.647428512573242,643.0,2086.0,commune,09.541.03.,,
09.541.03.05.,Amalou,Taroudannt,Amalou,95410305.0,Commune d'Amalou,Taroudannt Amalou,0.482,direct,31.28,26.02,4.09,38.59,0.133,67.2605209350586,30.341110229492188,45.109832763671875,33.169532775878906,13.875238418579102,41.831275939941406,37.745689999999996,0.1779620498418808,0.14384014904499054,43.40407943725586,40.245811462402344,41.00122833251953,35.74040222167969,33.20024490356445,22.89762306213379,803.0,3256.0,commune,09.541.03.,,
09.541.03.07.,Azaghar N'Irs,Taroudannt,Azaghar N'Irs,95410307.0,Commune d'Azaghar N'irs,Taroudannt Azaghar N'Irs,0.521,direct,28.15,24.52,3.71,39.87,0.309,56.8956298828125,24.853801727294922,43.68314743041992,26.082250595092773,10.915103912353516,41.848777770996094,34.675290000000004,0.15117844939231873,0.07348759472370148,42.71831512451172,40.45405197143555,35.389610290527344,18.165695190429688,27.662338256835938,24.347606658935547,1086.0,4748.0,commune,09.541.03.,,
09.541.03.09.,Imaouen,Taroudannt,Imaouen,95410309.0,Commune d'Imaouen,Taroudannt Imaouen,0.474,direct,30.38,25.71,4.05,39.34,0.232,73.00613403320312,33.58447265625,46.002262115478516,24.574209213256836,9.516085624694824,38.723873138427734,36.90196,0.15164010226726532,0.08711608499288559,41.22871780395508,39.87080383300781,36.78021240234375,21.849594116210938,26.196269989013672,22.713415145874023,622.0,2466.0,commune,09.541.03.,,
09.541.03.11.,Imi N'Tayart,Taroudannt,Imi N'Tayart,95410311.0,Commune d'Imi N'tayart,Taroudannt Imi N'Tayart,0.542,direct,18.64,21.33,2.13,44.11,0.253,54.73373031616211,23.457313537597656,42.85714340209961,25.0,10.185185432434082,40.74074172973633,27.061819999999997,0.1910557597875595,0.16695214807987213,43.950374603271484,42.30324172973633,43.47079086303711,39.46556854248047,28.95189094543457,24.15210723876953,388.0,1164.0,commune,09.541.03.,,
09.541.03.13.,Nihit,Taroudannt,Nihit,95410313.0,Commune de Nihit,Taroudannt Nihit,0.545,direct,47.18,23.25,7.84,40.65,0.445,48.133846282958984,20.811288833618164,43.23628616333008,17.135135650634766,6.5795793533325195,38.39817810058594,22.4324,0.1087988018989563,0.052165206521749496,40.4172248840332,39.383365631103516,26.91891860961914,13.245491981506348,31.08108139038086,24.3411922454834,514.0,1883.0,commune,09.541.03.,,
09.541.03.15.,Oualqadi,Taroudannt,Oualqadi,95410315.0,Commune d'Oualqadi,Taroudannt Oualqadi,0.435,direct,38.94,25.78,5.68,40.76,0.317,53.48529815673828,23.38766098022461,43.72726821899414,12.921890258789062,5.089467525482178,39.38640213012695,20.16399,0.11496839672327042,0.04245173931121826,40.20985794067383,36.868690490722656,28.592092514038086,11.51430606842041,22.42044448852539,17.0272159576416,601.0,2146.0,commune,09.541.03.,,
09.541.03.17.,Sidi Boaal,Taroudannt,Sidi Boaal,95410317.0,Commune de Sidi Boaal,Taroudannt Sidi Boaal,0.474,direct,34.73,25.97,4.93,38.01,0.413,38.39683151245117,16.199352264404297,42.189292907714844,15.965551376342773,6.587906360626221,41.26325607299805,23.790550000000003,0.11558280140161514,0.07230635732412338,41.68989944458008,38.05690002441406,27.72441291809082,18.999540328979492,26.13448143005371,18.2652587890625,774.0,3019.0,commune,09.541.03.,,
09.541.03.19.,Sidi Mzal,Taroudannt,Sidi Mzal,95410319.0,Commune de Sidi Mzal,Taroudannt Sidi Mzal,0.503,direct,30.26,25.97,4.09,40.18,0.444,40.425533294677734,17.201927185058594,42.55213928222656,18.33333396911621,7.0436506271362305,38.41991424560547,23.630920000000003,0.10916006565093994,0.045720554888248444,39.86715316772461,37.2023811340332,27.380952835083008,12.289685249328613,25.654762268066406,12.728602409362793,517.0,1701.0,commune,09.541.03.,,
09.541.03.21.,Tabia,Taroudannt,Tabia,95410321.0,Commune de Tabia,Taroudannt Tabia,0.556,direct,29.72,25.52,3.95,39.28,0.141,62.41965866088867,27.644752502441406,44.288536071777344,27.621353149414062,11.020512580871582,39.89852523803711,32.50097,0.20929084718227386,0.2626262903213501,43.97715759277344,43.89687728881836,47.5908088684082,59.82801055908203,29.355077743530273,17.567567825317383,388.0,1460.0,commune,09.541.03.,,
09.541.03.23.,Tataoute,Taroudannt,Tataoute,95410323.0,Commune de Tataoute,Taroudannt Tataoute,0.522,direct,22.14,24.75,2.65,37.33,0.169,68.23843383789062,31.24159812927246,45.782997131347656,20.636268615722656,8.074702262878418,39.12869644165039,28.871470000000002,0.13560740649700165,0.07539788633584976,42.42792892456055,39.13410186767578,31.961824417114258,19.266542434692383,35.970306396484375,22.269466400146484,1140.0,4743.0,commune,09.541.03.,,
09.541.03.25.,Tindine,Taroudannt,Tindine,95410325.0,Commune de Tindine,Taroudannt Tindine,0.434,direct,22.18,25.59,2.62,37.08,0.097,83.83167266845703,38.910423278808594,46.41494369506836,51.26193618774414,21.38850975036621,41.723960876464844,59.41333,0.28122633695602417,0.19454938173294067,47.25246810913086,42.91666793823242,59.515689849853516,45.33189392089844,24.28376579284668,22.935779571533203,739.0,2932.0,commune,09.541.03.,,
09.541.03.27.,Tisfane,Taroudannt,Tisfane,95410327.0,Commune de Tisfane,Taroudannt Tisfane,0.47,direct,32.89,25.64,4.42,40.53,0.263,63.88591384887695,28.213510513305664,44.16232681274414,33.433475494384766,14.12971019744873,42.26216125488281,41.77753,0.1914401650428772,0.12038347125053406,43.94636154174805,43.75892639160156,43.562232971191406,27.510608673095703,28.927038192749023,25.884016036987305,532.0,2338.0,commune,09.541.03.,,
09.541.03.29.,Toufelaazt,Taroudannt,Toufelaazt,95410329.0,Commune de Toufelaazt,Taroudannt Toufelaazt,0.545,direct,35.68,26.94,4.99,37.95,0.154,67.86372375488281,30.719257354736328,45.26609420776367,35.997520446777344,14.088530540466309,39.13750457763672,52.5404,0.1852884590625763,0.18488848209381104,41.709285736083984,41.82658386230469,44.423789978027344,44.203582763671875,27.013629913330078,18.4731388092041,402.0,1614.0,commune,09.541.03.,,
09.541.03.31.,Toumliline,Taroudannt,Toumliline,95410331.0,Commune de Toumliline,Taroudannt Toumliline,0.449,direct,39.53,24.75,5.66,43.2,0.095,74.11013793945312,32.9266471862793,44.429344177246094,34.1209831237793,13.387419700622559,39.23514938354492,42.34401,0.2106962949037552,0.08998328447341919,43.411231994628906,40.98303985595703,48.53497314453125,21.95622444152832,26.6068058013916,16.415868759155273,605.0,2131.0,commune,09.541.03.,,
09.541.04.09.,Arazane,Taroudannt,Arazane,95410409.0,Commune d'Arazane,Taroudannt Arazane,0.509,direct,33.02,26.69,4.55,36.48,0.628,39.114898681640625,17.285139083862305,44.190677642822266,18.658966064453125,7.836654186248779,41.9994010925293,30.29885,0.10262151807546616,0.08103064447641373,42.6331672668457,40.66595458984375,24.070817947387695,19.92591667175293,20.027624130249023,14.599565505981445,1422.0,7999.0,commune,09.541.04.,,
09.541.04.13.,El Faid,Taroudannt,El Faid,95410413.0,Commune d'El Faid,Taroudannt El Faid,0.484,direct,40.81,26.57,5.77,35.68,0.252,58.014427185058594,26.36536407470703,45.44621658325195,17.42790412902832,7.055805683135986,40.485679626464844,30.533939999999998,0.105022132396698,0.04249412938952446,41.326847076416016,38.39665222167969,25.412569046020508,11.067144393920898,26.762794494628906,20.278654098510742,2177.0,12011.0,commune,09.541.04.,,
09.541.04.17.,Ida Ou Gailal,Taroudannt,Ida Ou Gailal,95410417.0,Commune d'Ida Ou Gailal,Taroudannt Ida Ou Gailal,0.49,direct,40.53,27.07,5.65,35.66,0.133,58.7437629699707,26.620948791503906,45.31706237792969,27.48601722717285,11.494372367858887,41.8189811706543,39.96553,0.1465282291173935,0.08268412947654724,42.788368225097656,42.024715423583984,34.244873046875,19.675119400024414,23.943443298339844,25.542848587036133,1145.0,6436.0,commune,09.541.04.,,
09.541.04.21.,Ida Ougoummad,Taroudannt,Ida-Ougoummad,95410421.0,Commune d'Ida-Ougoummad,Taroudannt Ida Ougoummad,0.596,direct,31.06,26.2,4.16,37.68,0.496,31.42594337463379,13.129572868347168,41.77940368652344,9.690119743347168,3.829763412475586,39.52235412597656,21.95831,0.07107075303792953,0.04988361895084381,41.299713134765625,40.410552978515625,17.208534240722656,12.344205856323242,24.091947555541992,19.21240997314453,1546.0,7880.0,commune,09.541.04.,,
09.541.04.23.,Igli,Taroudannt,Igli,95410423.0,Commune d'Igli,Taroudannt Igli,0.602,direct,17.75,22.25,2.08,37.07,0.673,23.750123977661133,9.756178855895996,41.078433990478516,5.481044292449951,2.166785955429077,39.53235626220703,9.987449999999999,0.04284394904971123,0.021740688011050224,39.147605895996094,38.097770690917976,10.944206237792969,5.7065510749816895,16.925966262817383,10.094141006469727,2076.0,11197.0,commune,09.541.04.,,
09.541.04.25.,Igoudar Mnabha,Taroudannt,Igoudar Mnabha,95410425.0,Commune d'Igoudar Mnabha,Taroudannt Igoudar Mnabha,0.591,direct,23.13,25.84,2.83,36.54,0.55,25.778209686279297,10.581496238708496,41.048221588134766,9.197247505187988,3.5244648456573486,38.320865631103516,12.70788,0.04495412856340408,0.027449851855635643,38.582679748535156,36.64815139770508,11.651375770568848,7.490105628967285,15.080275535583496,11.819352149963379,1793.0,8767.0,commune,09.541.04.,,
09.541.04.29.,Lamhara,Taroudannt,Lamhara,95410429.0,Commune de Lamhara,Taroudannt Lamhara,0.582,direct,25.64,26.09,3.22,35.96,0.586,33.085994720458984,13.96076488494873,42.19538879394531,8.384655952453613,3.2646100521087646,38.93552780151367,13.258850999999998,0.054211392998695374,0.04660198092460632,39.072078704833984,39.73616027832031,13.874713897705078,11.727851867675781,17.11244010925293,17.547809600830078,2073.0,11374.0,commune,09.541.04.,,
09.541.04.33.,Oulad Aissa,Taroudannt,Oulad Aissa,95410433.0,Commune d'Oulad Aissa,Taroudannt Oulad Aissa,0.612,direct,18.69,22.84,2.2,37.73,0.723,77.11450958251953,36.17979049682617,46.916969299316406,29.991445541381836,12.438932418823242,41.47493362426758,38.306200000000004,0.025994258001446724,0.01530629862099886,38.1662712097168,35.46897888183594,6.810793399810791,4.315404415130615,8.07054615020752,6.451491355895995,2364.0,12331.0,commune,09.541.04.,,
09.541.04.35.,Ouneine,Taroudannt,Ouneine,95410435.0,Commune d'Ouneine,Taroudannt Ouneine,0.501,direct,35.88,27.65,4.94,36.11,0.321,51.514793395996094,21.8565616607666,42.427738189697266,25.91082763671875,10.658882141113281,41.13678741455078,34.16562,0.1281033158302307,0.08981823921203613,42.64678192138672,40.806453704833984,30.03821563720703,22.010791778564453,25.681528091430664,26.824766159057617,1486.0,7866.0,commune,09.541.04.,,
09.541.04.39.,Sidi Abdellah Ou Said,Taroudannt,Sidi Abdellah Ou Said,95410439.0,Commune de Sidi Abdellah Ou Said,Taroudannt Sidi Abdellah Ou Said,0.424,direct,36.03,27.96,4.95,34.66,0.15,63.77677917480469,27.520347595214844,43.15104293823242,55.44325637817383,24.408830642700195,44.02488327026367,58.995090000000005,0.2889755368232727,0.19075369834899902,46.37267303466797,42.151092529296875,62.31591033935547,45.25474548339844,21.542015075683594,29.20412826538086,662.0,3463.0,commune,09.541.04.,,
09.541.04.47.,Sidi Ouaaziz,Taroudannt,Sidi Ouaaziz,95410447.0,Commune de Sidi Ouaaziz,Taroudannt Sidi Ouaaziz,0.527,direct,37.83,27.64,5.22,35.48,0.421,48.93193435668945,21.49175262451172,43.921730041503906,16.143444061279297,6.414177894592285,39.73240280151367,25.11466,0.08632510155439377,0.05261601135134697,40.73757553100586,38.4556999206543,21.190534591674805,13.682239532470703,23.89519500732422,15.736212730407715,1595.0,8320.0,commune,09.541.04.,,
09.541.04.49.,Tafingoult,Taroudannt,Tafingoult,95410449.0,Commune de Tafingoult,Taroudannt Tafingoult,0.528,direct,17.55,22.09,1.99,37.48,0.303,36.79547882080078,15.947084426879883,43.33979034423828,14.285715103149414,5.811680793762207,40.6817626953125,26.03877,0.08960165828466415,0.047049254179000854,42.26275634765625,39.28162384033203,21.201091766357422,11.977420806884766,21.549894332885742,17.780914306640625,1217.0,6635.0,commune,09.541.04.,,
09.541.04.53.,Talgjount,Taroudannt,Talgjount,95410453.0,Commune de Talgjount,Taroudannt Talgjount,0.532,direct,38.39,27.0,5.52,36.2,0.186,55.881317138671875,24.09435272216797,43.11701202392578,19.89339828491211,8.146110534667969,40.948814392089844,36.72627,0.11021320521831512,0.07219887524843216,42.28232192993164,40.24375915527344,26.066024780273438,17.94038963317871,24.810867309570312,25.563621520996094,995.0,5816.0,commune,09.541.04.,,
09.541.04.59.,Tigouga,Taroudannt,Tigouga,95410459.0,Commune de Tigouga,Taroudannt Tigouga,0.441,direct,34.22,27.95,4.44,34.23,0.071,74.29290008544922,33.18783950805664,44.6716194152832,58.75495147705078,26.539817810058594,45.17034912109375,64.14435,0.31255805492401123,0.17933093011379242,47.11170196533203,40.989925384521484,66.34403991699219,43.75,19.159700393676758,19.346473693847656,756.0,4553.0,commune,09.541.04.,,
09.541.04.61.,Tinzart,Taroudannt,Tinzart,95410461.0,Commune de Tinzart,Taroudannt Tinzart,0.526,direct,25.11,26.78,3.17,35.43,0.197,32.752044677734375,14.139671325683594,43.171875,10.098271369934082,3.89792537689209,38.59992599487305,15.06269,0.053607065230607986,0.029649008065462112,40.150875091552734,38.58156204223633,13.35140609741211,7.684761047363281,18.688579559326172,16.088947296142578,1105.0,5902.0,commune,09.541.04.,,
09.541.04.67.,Tizi N'Test,Taroudannt,Tizi N'Test,95410467.0,Commune de Tizi N'test,Taroudannt Tizi N'Test,0.417,direct,36.9,27.29,5.02,35.31,0.112,60.007415771484375,25.318946838378906,42.19302749633789,33.674259185791016,14.21373176574707,42.20948791503906,51.524499999999996,0.200448140501976,0.08673975616693497,45.02480697631836,41.22148895263672,44.51948928833008,21.0423641204834,25.897336959838867,26.449275970458984,945.0,5182.0,commune,09.541.04.,,
09.541.04.69.,Toughmart,Taroudannt,Toughmart,95410469.0,Commune de Toughmart,Taroudannt Toughmart,0.492,direct,43.94,25.2,6.59,38.58,0.154,66.8670425415039,30.239274978637695,45.22298812866211,42.61784744262695,18.32855796813965,43.00676727294922,50.68186,0.22727049887180328,0.11987201869487762,44.75092697143555,39.89131546020508,50.78565216064453,30.049652099609375,23.035873413085938,24.985103607177734,1526.0,6746.0,commune,09.541.04.,,
09.541.05.01.,Ahl Ramel,Taroudannt,Ahl Ramel,95410501.0,Commune d'Ahl Ramel,Taroudannt Ahl Ramel,0.588,direct,5.69,10.13,0.53,39.25,0.751,15.875317573547363,6.162995338439941,38.82123947143555,4.346210956573486,1.6475428342819214,37.90756607055664,8.952452999999998,0.03748417645692825,0.02167370915412903,38.416526794433594,37.95431137084961,9.757305145263672,5.710473537445068,15.39128303527832,11.38092041015625,1615.0,8132.0,commune,09.541.05.,,
09.541.05.03.,Argana,Taroudannt,Argana,95411103.0,Commune d'Argana,Taroudannt Argana,0.523,direct,32.76,25.75,4.46,39.75,0.223,51.101905822753906,22.89299201965332,44.7987060546875,29.5748233795166,12.71015739440918,42.97627639770508,39.47476,0.18208976089954376,0.04280129447579384,46.03091049194336,37.89639663696289,39.55814743041992,11.294291496276855,15.506461143493652,23.572834014892578,978.0,4804.0,commune,09.541.05.,,
09.541.05.05.,Assads,Taroudannt,Assads,95410505.0,Commune d'Assads,Taroudannt Assads,0.505,direct,39.98,26.66,5.87,35.71,0.295,56.0776481628418,26.158079147338867,46.64617919921875,30.1290340423584,12.434886932373047,41.27210998535156,38.50635,0.15868578851222992,0.09171076118946075,42.505123138427734,39.583335876464844,37.33333206176758,23.16903305053711,31.655914306640625,19.60456657409668,968.0,4650.0,commune,09.541.05.,,
09.541.05.07.,Bigoudine,Taroudannt,Bigoudine,95411107.0,Commune de Bigoudine,Taroudannt Bigoudine,0.473,direct,39.29,25.75,5.83,38.06,0.324,50.68832015991211,23.322162628173828,46.010921478271484,26.174236297607422,11.78024673461914,45.00703430175781,43.091,0.1720479130744934,0.08602923899888992,45.363712310791016,41.74418640136719,37.92633056640625,20.608675003051758,25.589553833007812,27.845674514770508,1021.0,5131.0,commune,09.541.05.,,
09.541.05.09.,Eddir,Taroudannt,Eddir,95411109.0,Commune d'Eddir,Taroudannt Eddir,0.503,direct,30.97,27.46,3.95,34.88,0.25,48.90835189819336,21.816940307617188,44.6077995300293,16.542949676513672,6.812625408172607,41.18144989013672,26.15325,0.09739159792661667,0.05182608589529991,41.984127044677734,40.793331146240234,23.197242736816406,12.704548835754395,18.199893951416016,17.227161407470703,1347.0,7565.0,commune,09.541.05.,,
09.541.05.11.,El Koudia El Beida,Taroudannt,El Koudia El Beida,95410511.0,Commune d'El Koudia El Beida,Taroudannt El Koudia El Beida,0.632,direct,8.33,13.76,0.84,38.15,0.867,15.313096046447754,6.075987815856934,39.678375244140625,4.796217918395996,1.7629480361938477,36.75704574584961,9.186395000000001,0.030072620138525963,0.022843237966299057,37.65645217895508,37.158451080322266,7.986047267913818,6.147521495819092,11.240132331848145,10.727473258972168,4132.0,21875.0,commune,09.541.05.,,
09.541.05.13.,Imilmaiss,Taroudannt,Imilmaiss,95411113.0,Commune d'Imilmaiss,Taroudannt Imilmaiss,0.362,direct,44.24,26.47,6.45,35.52,0.178,78.6158447265625,35.94740295410156,45.72539520263672,49.42284393310547,21.51596450805664,43.534454345703125,55.057669999999995,0.24637168645858765,0.06943885236978531,44.846866607666016,39.230186462402344,54.93621063232422,17.700363159179688,27.825031280517578,26.741844177246094,1195.0,6584.0,commune,09.541.05.,,
09.541.05.15.,Issen,Taroudannt,Issen,95411115.0,Commune d'Issen,Taroudannt Issen,0.551,direct,20.89,25.08,2.5,35.66,0.579,21.781055450439453,8.899497985839844,40.85889434814453,5.677867889404297,2.171733856201172,38.24911117553711,16.786734,0.04631775990128517,0.011093740351498127,38.30329513549805,36.355613708496094,12.092369079589844,3.0514519214630123,14.641615867614746,10.794177055358887,2448.0,12119.0,commune,09.541.05.,,
09.541.05.17.,Lagfifat,Taroudannt,Lagfifat,95410517.0,Commune de Lagfifat,Taroudannt Lagfifat,0.559,direct,16.03,21.81,1.83,37.32,0.83,15.700093269348145,6.028894901275635,38.40037536621094,5.91961669921875,2.2195606231689453,37.4950065612793,12.06971,0.04215538129210472,0.02453630417585373,38.38530731201172,40.82062911987305,10.982166290283203,6.01076078414917,15.592227935791016,13.583946228027344,3554.0,18811.0,commune,09.541.05.,,
09.541.05.19.,Lakhnafif,Taroudannt,Lakhnafif,95410519.0,Commune de Lakhnafif,Taroudannt Lakhnafif,0.61,direct,15.99,21.15,1.84,38.17,0.91,12.059453010559082,4.637240409851074,38.45315933227539,4.015700340270996,1.4246734380722046,35.47758483886719,8.807248000000001,0.02682724967598915,0.011302073486149311,36.1186408996582,36.011905670166016,7.4275360107421875,3.1384270191192627,8.393719673156738,5.05324125289917,1986.0,9936.0,commune,09.541.05.,,
09.541.05.21.,Lamhadi,Taroudannt,Lamhadi,95410521.0,Commune de Lamhadi,Taroudannt Lamhadi,0.603,direct,14.79,20.5,1.7,36.17,0.804,17.238140106201172,6.788790225982666,39.382381439208984,4.173037052154541,1.6318414211273193,39.104408264160156,9.398324,0.029908765107393265,0.018526049330830574,38.84994888305664,35.26309585571289,7.69853401184082,5.253664970397949,14.50670051574707,6.526133060455322,2250.0,11135.0,commune,09.541.05.,,
09.541.05.23.,Machraa El Ain,Taroudannt,Machraa El Ain,95410523.0,Commune de Machraa El Ain,Taroudannt Machraa El Ain,0.605,direct,10.68,16.35,1.15,39.38,0.938,10.040775299072266,3.9404234886169434,39.24422073364258,3.7174065113067627,1.3521846532821655,36.37440872192383,7.663848,0.024312898516654968,0.017489032819867134,36.65338897705078,36.229488372802734,6.633192539215088,4.827292442321777,7.311487197875977,4.688202381134033,2391.0,11378.0,commune,09.541.05.,,
09.541.05.25.,Sidi Ahmed Ou Amar,Taroudannt,Sidi Ahmed Ou Amar,95410525.0,Commune de Sidi Ahmed Ou Amar,Taroudannt Sidi Ahmed Ou Amar,0.604,direct,13.28,19.27,1.47,37.74,0.781,14.266996383666992,5.573753356933594,39.06746292114258,3.05841064453125,1.1145232915878296,36.44125747680664,8.874401,0.029449041932821274,0.02114775963127613,36.94095230102539,37.48236083984375,7.971922874450684,5.642056465148926,8.241414070129395,6.897016525268555,3103.0,15982.0,commune,09.541.05.,,
09.541.05.27.,Sidi Boumoussa,Taroudannt,Sidi Boumoussa,95410527.0,Commune de Sidi Boumoussa,Taroudannt Sidi Boumoussa,0.623,direct,16.93,20.5,2.01,39.75,0.804,15.959772109985352,6.479862213134766,40.601219177246094,3.9220333099365234,1.4350508451461792,36.58946228027344,9.084443,0.02915193885564804,0.01645514741539955,36.747989654541016,36.20194625854492,7.932934284210205,4.545376300811768,9.366668701171875,4.278785705566406,3557.0,16894.0,commune,09.541.05.,,
09.541.05.29.,Sidi Moussa Lhamri,Taroudannt,Sidi Moussa Lhamri,95411129.0,Commune de Sidi Moussa Lhamri,Taroudannt Sidi Moussa Lhamri,0.516,direct,20.71,24.73,2.42,36.29,0.654,27.81182861328125,11.382585525512695,40.92713928222656,7.86134147644043,3.039748430252075,38.66704559326172,18.26213,0.05136996507644653,0.02776101417839527,39.18039321899414,40.22385025024414,13.111141204833984,6.901630401611328,18.881912231445312,12.747004508972168,2631.0,14976.0,commune,09.541.05.,,
09.541.05.31.,Talmakante,Taroudannt,Talmakante,95411133.0,Commune de Talmakante,Taroudannt Talmakante,0.437,direct,39.08,26.1,5.59,37.4,0.185,74.93705749511719,34.826175689697266,46.47390365600586,37.30894470214844,15.774381637573242,42.280426025390625,43.84868,0.18660041689872742,0.08361645042896271,43.7043571472168,41.82075881958008,42.696067810058594,19.99400520324707,30.192934036254883,32.49400329589844,771.0,4004.0,commune,09.541.05.,,
09.541.05.33.,Tidsi Nissendalene,Taroudannt,Tidsi-Nissendalene,95410533.0,Commune de Tidsi-Nissendalene,Taroudannt Tidsi Nissendalene,0.483,direct,22.45,25.05,2.66,36.7,0.249,58.59666442871094,26.58582305908203,45.37088394165039,19.227914810180664,7.928112030029297,41.23230743408203,29.826789999999995,0.10814154893159866,0.08597583323717117,43.0012321472168,42.35177230834961,25.14847755432129,20.3004093170166,32.07126998901367,26.96859359741211,1142.0,5424.0,commune,09.541.05.,,
09.541.07.01.,Agadir Melloul,Taroudannt,Agadir Melloul,95410701.0,Commune d'Agadir Melloul,Taroudannt Agadir Melloul,0.463,direct,34.59,26.21,4.65,38.75,0.398,59.11375427246094,27.197858810424805,46.009361267089844,20.87015724182129,8.649948120117188,41.446495056152344,39.94558,0.12927713990211487,0.08658432215452194,42.196746826171875,39.10629653930664,30.636754989624023,22.140762329101562,24.937685012817383,21.687549591064453,1550.0,8848.0,commune,09.541.07.,,
09.541.07.03.,Ahl Tifnoute,Taroudannt,Ahl Tifnoute,95410703.0,Commune d'Ahl Tifnoute,Taroudannt Ahl Tifnoute,0.413,direct,21.45,24.27,2.56,36.78,0.24,64.04547882080078,27.709352493286133,43.26512145996094,41.133670806884766,17.766498565673828,43.19210433959961,43.4591,0.2181331217288971,0.10664186626672745,45.959598541259766,41.788169860839844,47.46192932128906,25.519630432128906,24.179357528686523,27.44418716430664,1044.0,5910.0,commune,09.541.07.,,
09.541.07.05.,Askaouen,Taroudannt,Askaouen,95410705.0,Commune d'Askaouen,Taroudannt Askaouen,0.468,direct,20.01,23.49,2.34,37.98,0.329,53.83476638793945,23.648487091064453,43.92790985107422,28.4190616607666,11.563385963439941,40.68883514404297,33.17971,0.16240644454956055,0.03588438406586647,44.03164291381836,39.04863357543945,36.884029388427734,9.189664840698242,28.540569305419922,17.248971939086914,1306.0,7458.0,commune,09.541.07.,,
09.541.07.07.,Assaisse,Taroudannt,Assaisse,95410707.0,Commune d'Assaisse,Taroudannt Assaisse,0.461,direct,22.58,24.55,2.72,37.41,0.507,49.58075714111328,20.480337142944336,41.30702590942383,18.00234031677246,6.931038856506348,38.50076675415039,22.87214,0.10985180735588074,0.08184473216533661,39.00138473510742,39.04072952270508,28.16613006591797,20.96393585205078,22.126352310180664,21.991910934448242,1355.0,6838.0,commune,09.541.07.,,
09.541.07.09.,Assaki,Taroudannt,Assaki,95410709.0,Commune d'Assaki,Taroudannt Assaki,0.541,direct,32.63,27.09,4.33,37.3,0.4,46.48845672607422,20.789119720458984,44.7188835144043,16.717735290527344,6.651823043823242,39.78902053833008,24.438989999999997,0.10434285551309586,0.04633314162492752,40.831336975097656,39.057769775390625,25.554601669311523,11.862720489501953,21.326143264770508,15.69261360168457,1616.0,8175.0,commune,09.541.07.,,
09.541.07.11.,Azrar,Taroudannt,Azrar,95410711.0,Commune d'Azrar,Taroudannt Azrar,0.386,direct,39.49,27.22,5.54,34.37,0.258,76.7803726196289,36.75444030761719,47.86957931518555,25.265480041503906,10.052539825439453,39.78764724731445,36.00476,0.15250785648822784,0.06535639613866806,41.322837829589844,39.757694244384766,36.90643310546875,16.438678741455078,23.402124404907227,23.514150619506836,930.0,5038.0,commune,09.541.07.,,
09.541.07.13.,Iguidi,Taroudannt,Iguidi,95410713.0,Commune d'Iguidi,Taroudannt Iguidi,0.527,direct,33.21,27.56,4.39,35.56,0.219,61.7878303527832,26.837793350219727,43.435401916503906,37.42857360839844,15.333944320678711,40.96855163574219,42.58242,0.1821245402097702,0.09094785153865814,41.830726623535156,41.263954162597656,43.53845977783203,22.040508270263672,23.098901748657227,29.060258865356445,1527.0,9100.0,commune,09.541.07.,,
09.541.07.15.,Sidi Hsaine,Taroudannt,Sidi Hsaine,95410715.0,Commune de Sidi Hsaine,Taroudannt Sidi Hsaine,0.499,direct,31.68,26.02,4.28,36.93,0.492,37.84903335571289,16.432125091552734,43.414913177490234,8.244357109069824,3.2534427642822266,39.46266174316406,11.306944,0.061577390879392624,0.03226100653409958,39.41272735595703,37.1611328125,15.623732566833496,8.681384086608887,17.556427001953125,9.979117393493652,1391.0,7418.0,commune,09.541.07.,,
09.541.07.17.,Taouyalte,Taroudannt,Taouyalte,95410717.0,Commune de Taouyalte,Taroudannt Taouyalte,0.482,direct,33.25,27.86,4.3,35.69,0.355,60.33771514892578,26.4522647857666,43.84034729003906,26.57870101928711,10.805170059204102,40.65349578857422,35.75278,0.16235807538032532,0.0700397714972496,42.176753997802734,39.896141052246094,38.49468231201172,17.555524826049805,31.18351936340332,24.24671173095703,1370.0,7465.0,commune,09.541.07.,,
09.541.07.19.,Tassousfi,Taroudannt,Tassousfi,95410719.0,Commune de Tassousfi,Taroudannt Tassousfi,0.532,direct,18.66,22.31,2.16,38.44,0.331,37.837467193603516,16.84406089782715,44.516883850097656,13.3402738571167,5.3762640953063965,40.301002502441406,18.67933,0.10367505997419357,0.03659464791417122,41.643436431884766,39.39848327636719,24.89589500427246,9.288339614868164,23.929208755493164,14.467089653015137,1390.0,6724.0,commune,09.541.07.,,
09.541.07.21.,Tizgzaouine,Taroudannt,Tizgzaouine,95410721.0,Commune de Tizgzaouine,Taroudannt Tizgzaouine,0.512,direct,35.07,26.05,4.94,36.72,0.286,57.38389587402344,26.056171417236328,45.406761169433594,18.47496223449707,7.354366779327393,39.80720901489258,24.340709999999998,0.11625358462333679,0.04458058997988701,40.85926055908203,37.913875579833984,28.452199935913086,11.758383750915527,25.265554428100586,14.208942413330078,1107.0,5272.0,commune,09.541.07.,,
09.541.07.23.,Toubkal,Taroudannt,Toubkal,95410723.0,Commune de Toubkal,Taroudannt Toubkal,0.414,direct,36.34,26.9,4.98,36.15,0.303,68.6573715209961,31.290786743164062,45.575279235839844,28.03628158569336,11.490687370300293,40.98506164550781,34.19723,0.1535058617591858,0.0797492116689682,41.91415786743164,40.870872497558594,36.62386703491211,19.512481689453125,30.81635093688965,31.360599517822266,1464.0,8489.0,commune,09.541.07.,,
09.541.07.25.,Zagmouzen,Taroudannt,Zagmouzen,95410725.0,Commune de Zagmouzen,Taroudannt Zagmouzen,0.453,direct,27.91,26.4,3.53,35.81,0.324,53.37609100341797,23.26984214782715,43.59600067138672,20.77223777770996,8.547843933105469,41.15032958984375,30.86737,0.12442299723625183,0.04968151077628136,41.921688079833984,39.08983612060547,29.67986297607422,12.709572792053223,23.00830841064453,15.643590927124023,1406.0,8221.0,commune,09.541.07.,,
09.541.07.37.,Ouzioua,Taroudannt,Ouzioua,95410737.0,Commune d'Ouzioua,Taroudannt Ouzioua,0.482,direct,36.31,26.15,5.24,38.58,0.44,51.82795715332031,22.444744110107422,43.30624771118164,22.346805572509766,9.840649604797363,44.03604507446289,33.3377,0.12253367900848389,0.051446519792079926,44.31085968017578,40.794124603271484,27.653194427490234,12.611257553100586,19.048240661621094,17.675817489624023,1425.0,7692.0,commune,09.541.07.,,
09.541.07.65.,Tisrasse,Taroudannt,Tisrasse,95410765.0,Commune de Tisrasse,Taroudannt Tisrasse,0.475,direct,36.44,27.08,5.05,35.25,0.301,51.020103454589844,22.081375122070312,43.279754638671875,30.431360244750977,12.767632484436035,41.955509185791016,42.7581,0.16985902190208435,0.07591338455677032,42.96871566772461,41.69659423828125,39.53085708618164,18.206134796142578,18.073047637939453,23.234664916992188,1141.0,7656.0,commune,09.541.07.,,
09.541.09.01.,Ahmar Laglalcha,Taroudannt,Ahmar Laglalcha,95411101.0,Commune d'Ahmar Laglalcha,Taroudannt Ahmar Laglalcha,0.583,direct,23.55,25.47,2.92,38.44,0.71,21.841819763183594,8.830705642700195,40.43026351928711,7.746399879455566,2.9938857555389404,38.64873504638672,13.06507,0.04623221606016159,0.021876303479075432,39.241539001464844,38.36729431152344,11.781448364257812,5.701810359954834,14.002678871154785,13.021307945251465,3616.0,17950.0,commune,09.541.09.,,
09.541.09.03.,Ait Igas,Taroudannt,Ait Igas,95410903.0,Commune d'Ait Igas,Taroudannt Ait Igas,0.561,direct,25.55,27.03,3.22,35.01,0.506,31.291303634643555,13.139154434204102,41.98979568481445,8.924217224121094,3.606532573699951,40.412872314453125,17.83683,0.05469401925802231,0.026051204651594162,40.902828216552734,38.729705810546875,13.371696472167969,6.726414203643799,21.203550338745117,16.719669342041016,1638.0,10256.0,commune,09.541.09.,,
09.541.09.05.,Ait Makhlouf,Taroudannt,Ait Makhlouf,95410905.0,Commune d'Ait Makhlouf,Taroudannt Ait Makhlouf,0.508,direct,38.16,27.07,5.27,37.81,0.353,51.20211410522461,22.116230010986328,43.1939811706543,23.968854904174805,10.205060005187988,42.576332092285156,29.96632,0.1302024871110916,0.07641241699457169,43.7259521484375,40.60268783569336,29.776935577392578,18.81954574584961,24.30555534362793,26.076438903808594,989.0,4752.0,commune,09.541.09.,,
09.541.09.11.,Bounrar,Taroudannt,Bounrar,95410911.0,Commune de Bounrar,Taroudannt Bounrar,0.489,direct,25.25,26.42,3.11,35.48,0.196,72.51094818115234,33.56528854370117,46.28995895385742,47.35089111328125,19.822511672973633,41.86302185058594,52.14146,0.2598438560962677,0.1422867327928543,44.69456100463867,40.22197341918945,58.137691497802734,35.37537384033203,24.159263610839844,26.62662696838379,1283.0,6304.0,commune,09.541.09.,,
09.541.09.15.,Freija,Taroudannt,Freija,95410915.0,Commune de Freija,Taroudannt Freija,0.515,direct,18.83,23.74,2.17,35.82,0.912,21.04440689086914,8.295351028442383,39.41831970214844,7.927661418914795,3.08677077293396,38.93671417236328,13.375288,0.04966004565358162,0.02210991457104683,39.36980438232422,38.42771530151367,12.613739967346191,5.753637790679932,20.427661895751953,12.71798324584961,1553.0,8792.0,commune,09.541.09.,,
09.541.09.19.,Ida Ou Moumen,Taroudannt,Ida Ou Moumen,95411119.0,Commune d'Ida Ou Moumen,Taroudannt Ida Ou Moumen,0.548,direct,28.08,27.09,3.44,34.24,0.288,45.60850143432617,19.448596954345703,42.642478942871094,14.512693405151367,5.77668571472168,39.80436706542969,23.07444,0.08487579226493835,0.05720808729529381,40.074764251708984,41.17849349975586,21.17936134338379,13.892709732055664,22.342342376708984,23.830812454223633,1211.0,6105.0,commune,09.541.09.,,
09.541.09.27.,Imoulass,Taroudannt,Imoulass,95410927.0,Commune d'Imoulass,Taroudannt Imoulass,0.499,direct,30.87,25.92,4.06,38.97,0.203,44.721031188964844,18.577730178833008,41.54137420654297,34.7519416809082,14.722721099853516,42.36517333984375,40.29886,0.17467623949050903,0.07574071735143661,43.31949996948242,40.79576110839844,40.32277297973633,18.56583023071289,27.041242599487305,25.025402069091797,1677.0,8388.0,commune,09.541.09.,,
09.541.09.31.,Lamnizla,Taroudannt,Lamnizla,95411131.0,Commune de Lamnizla,Taroudannt Lamnizla,0.567,direct,26.47,24.69,3.41,36.75,0.284,39.23339080810547,16.628759384155273,42.38420104980469,25.90920066833496,10.923593521118164,42.16106414794922,35.22702,0.1425798386335373,0.10738898813724518,43.751522064208984,44.064292907714844,32.58854293823242,24.3709774017334,23.10434913635254,22.176712036132812,796.0,4224.0,commune,09.541.09.,,
09.541.09.41.,Sidi Ahmed Ou Abdallah,Taroudannt,Sidi Ahmed Ou Abdallah,95410941.0,Commune de Sidi Ahmed Ou Abdallah,Taroudannt Sidi Ahmed Ou Abdallah,0.482,direct,51.23,24.46,8.07,39.87,0.214,83.46907806396484,39.060096740722656,46.7958869934082,53.22201919555664,21.76276206970215,40.89052200317383,57.42237,0.24599242210388184,0.12013648450374603,42.645362854003906,40.45964431762695,57.68327713012695,29.692916870117188,15.679624557495117,25.581972122192383,911.0,3833.0,commune,09.541.09.,,
09.541.09.43.,Sidi Borja,Taroudannt,Sidi Borja,95410943.0,Commune de Sidi Borja,Taroudannt Sidi Borja,0.55,direct,20.46,24.23,2.52,35.93,0.799,20.425251007080078,8.027003288269043,39.29941177368164,6.589999675750732,2.4749999046325684,37.55690383911133,12.48125,0.03877222537994385,0.023625576868653297,39.084903717041016,38.15757369995117,9.920000076293945,6.191582679748534,17.639999389648438,10.140484809875488,1963.0,10000.0,commune,09.541.09.,,
09.541.09.45.,Sidi Dahmane,Taroudannt,Sidi Dahmane,95410945.0,Commune de Sidi Dahmane,Taroudannt Sidi Dahmane,0.597,direct,20.76,23.34,2.53,36.74,0.852,19.282564163208008,7.846370220184326,40.6915283203125,6.449184417724609,2.3797576427459717,36.90013122558594,11.51916,0.035299040377140045,0.022390102967619896,37.41135025024414,36.659324645996094,9.435382843017578,6.107614517211914,7.2940192222595215,3.241885185241699,2427.0,11955.0,commune,09.541.09.,,
09.541.09.51.,Tafraouten,Taroudannt,Tafraouten,95410951.0,Commune de Tafraouten,Taroudannt Tafraouten,0.477,direct,48.57,24.48,7.76,37.82,0.161,57.68044662475586,25.045581817626953,43.42127227783203,34.934444427490234,14.453409194946289,41.37295150756836,39.85128,0.18485599756240845,0.07172666490077972,43.31692123413086,38.693721771240234,42.67523956298828,18.537029266357422,25.5421085357666,24.549448013305664,1610.0,7999.0,commune,09.541.09.,,
09.541.09.55.,Tamaloukte,Taroudannt,Tamaloukte,95410955.0,Commune de Tamaloukte,Taroudannt Tamaloukte,0.554,direct,38.2,25.95,5.46,37.62,0.454,39.84343719482422,17.217538833618164,43.212989807128906,19.06779670715332,8.326271057128906,43.66666793823242,26.016979999999997,0.11000470817089081,0.0553588792681694,43.85322952270508,40.16362380981445,25.084745407104492,13.783337593078613,20.148305892944336,19.117300033569336,1001.0,4739.0,commune,09.541.09.,,
09.541.09.57.,Tazemmourt,Taroudannt,Tazemmourt,95410957.0,Commune de Tazemmourt,Taroudannt Tazemmourt,0.565,direct,24.16,25.95,3.01,35.39,0.651,26.075410842895508,10.574143409729004,40.552162170410156,9.21292495727539,3.712602376937866,40.297760009765625,15.749080000000001,0.061520766466856,0.030751653015613556,40.13814163208008,38.05656051635742,15.327258110046387,8.080513000488281,19.85087013244629,15.606767654418945,1238.0,6073.0,commune,09.541.09.,,
09.541.09.63.,Tiout,Taroudannt,Tiout,95410963.0,Commune de Tiout,Taroudannt Tiout,0.553,direct,25.74,25.31,3.24,37.67,0.796,34.7532844543457,14.361220359802246,41.32334518432617,20.152620315551758,8.5597562789917,42.47466278076172,30.45441,0.10976221412420273,0.07651088386774063,42.87865447998047,40.639671325683594,25.59833526611328,18.826648712158203,15.296566009521484,18.627775192260742,664.0,2920.0,commune,09.541.09.,,
09.541.09.71.,Zaouia Sidi Tahar,Taroudannt,Zaouia Sidi Tahar,95411171.0,Commune de Zaouia Sidi Tahar,Taroudannt Zaouia Sidi Tahar,0.601,direct,19.65,24.27,2.29,36.42,0.815,17.38901710510254,6.9885687828063965,40.18955612182617,5.340305328369141,2.006781578063965,37.57802963256836,10.217722,0.036954496055841446,0.01796024478971958,38.5954475402832,37.920501708984375,9.574832916259766,4.736289024353027,16.698097229003906,8.883163452148438,2309.0,11677.0,commune,09.541.09.,,
09.551.01.01.,Akka (Mun.),Tata,Akka (M),95510101.0,Commune d'Akka,Tata Akka (M),0.632,direct,38.03,22.76,6.46,41.17,,11.005413055419922,4.4384307861328125,40.329524993896484,1.8167072534561157,0.7389384508132935,40.67460250854492,22.846408,0.022168153896927834,0.013771800324320793,38.93637466430664,39.37322235107422,5.693430423736572,3.497757911682129,17.42092514038086,11.964125633239746,1295.0,6870.0,commune,09.551.01.,,
09.551.01.03.,Fam El Hisn (Mun.),Tata,Fam El Hisn (M),95510103.0,Commune de Fam El Hisn,Tata Fam El Hisn (M),0.62,direct,15.95,19.26,2.17,40.32,,11.842333793640137,4.977715969085693,42.03323745727539,2.92989182472229,1.1345579624176025,38.72354507446289,14.021586999999998,0.025171492248773575,0.016501087695360184,37.58680725097656,35.67901611328125,6.696895599365234,4.624871730804443,6.17370080947876,3.1038026809692383,1300.0,6353.0,commune,09.551.01.,,
09.551.01.05.,Foum Zguid (Mun.),Tata,Foum Zguid (M),95510105.0,Commune de Foum Zguid,Tata Foum Zguid (M),0.611,direct,16.74,18.18,2.47,39.55,,20.81989288330078,9.973526000976562,47.903831481933594,2.551143169403076,0.9914426803588867,38.86268615722656,16.959884,0.0205642469227314,0.026294482871890068,39.37532043457031,41.23073196411133,5.222623348236084,6.37739896774292,15.571600914001465,11.270515441894531,1674.0,8986.0,commune,09.551.01.,,
09.551.01.07.,Tata (Mun.),Tata,Tata (M),95510107.0,Commune de Tata,Tata Tata (M),0.668,direct,21.83,19.99,3.27,44.14,,7.938930988311768,3.2142200469970703,40.48680877685547,1.6715608835220337,0.6039329171180725,36.129878997802734,5.5593330000000005,0.010917853564023972,0.004741877317428589,35.868896484375,34.032752990722656,3.0438220500946045,1.3933275938034058,4.404788970947266,1.9977160692214966,3723.0,18611.0,commune,09.551.01.,,
09.551.03.01.,Ait Ouabelli,Tata,Ait Ouabelli,95510301.0,Commune d'Ait Ouabelli,Tata Ait Ouabelli,0.608,direct,27.7,24.04,3.61,39.25,0.707,21.073488235473633,8.917708396911621,42.31719207763672,10.32903003692627,4.255171298980713,41.19623947143555,24.86463,0.07293257862329483,0.0525348074734211,41.69312286376953,38.850040435791016,17.492712020874023,13.522459030151367,29.571012496948242,21.891252517700195,473.0,2401.0,commune,09.551.03.,,
09.551.03.03.,Kasbat Sidi Abdellah Ben M'Barek,Tata,Kasbat Sidi Abdellah Ben M'Barek,95510303.0,Commune de Kasbat Sidi Abdellah Ben M'barek,Tata Kasbat Sidi Abdellah Ben M.,0.54,fuzzy,34.31,27.2,4.72,35.63,0.432,37.96997833251953,16.192766189575195,42.6462287902832,11.862491607666016,4.710028171539307,39.70521545410156,33.41988,0.07374829798936844,0.04383176565170288,40.33049011230469,38.41607666015625,18.285991668701172,11.409745216369629,30.438993453979492,24.778915405273438,1146.0,6196.0,commune,09.551.03.,,
09.551.03.05.,Tamanarte,Tata,Tamanarte,95510305.0,Commune de Tamanarte,Tata Tamanarte,0.528,direct,22.27,21.92,2.84,42.54,0.649,31.990554809570312,13.279393196105957,41.510353088378906,12.451298713684082,5.064935207366943,40.6779670715332,19.728939999999998,0.09398449212312698,0.05276639759540558,40.77073669433594,38.31845474243164,23.05194854736328,13.770491600036621,21.39610481262207,16.905736923217773,1483.0,6198.0,commune,09.551.03.,,
09.551.03.07.,Tizounine,Tata,Tizounine,95510307.0,Commune de Tizounine,Tata Tizounine,0.606,direct,17.05,22.62,2.08,36.09,0.874,18.198118209838867,7.268788814544678,39.94253158569336,7.078810691833496,2.7450056076049805,38.77777862548828,22.180313,0.0744323879480362,0.049230337142944336,40.338165283203125,44.019020080566406,18.45210075378418,11.183878898620605,36.62104797363281,33.19899368286133,451.0,2119.0,commune,09.551.03.,,
09.551.05.01.,Aguinane,Tata,Aguinane,95510501.0,Commune d'Aguinane,Tata Aguinane,0.616,direct,13.82,18.21,1.6,42.21,0.493,43.585357666015625,19.046262741088867,43.69876480102539,10.317743301391602,4.014439582824707,38.908111572265625,26.847540000000006,0.08784561604261398,0.06566512584686279,41.14641571044922,39.2827033996582,21.349517822265625,16.716039657592773,23.277400970458984,24.502750396728516,549.0,2801.0,commune,09.551.05.,,
09.551.05.03.,Akka Ighane,Tata,Akka-Ighane,95510503.0,Commune d'Akka-Ighane,Tata Akka Ighane,0.512,direct,36.33,25.17,5.4,38.52,0.779,26.79553985595703,11.467988967895508,42.798126220703125,8.989460945129395,3.6293654441833496,40.373565673828125,38.05726,0.06570744514465332,0.026516621932387352,40.37566375732422,36.48614501953125,16.274023056030273,7.267586708068848,27.386856079101562,13.853318214416504,1141.0,6452.0,commune,09.551.05.,,
09.551.05.05.,Allougoum,Tata,Allougoum,95510505.0,Commune d'Allougoum,Tata Allougoum,0.502,direct,40.31,24.1,6.03,36.78,0.586,45.1158332824707,21.333227157592773,47.28545379638672,18.353527069091797,7.812623500823975,42.56742477416992,45.838409999999996,0.12212587147951126,0.03870629519224167,43.67271041870117,40.103065490722656,27.963886260986328,9.651704788208008,26.003801345825195,23.38729476928711,1186.0,8418.0,commune,09.551.05.,,
09.551.05.07.,Ibn Yacoub,Tata,Ibn Yacoub,95510507.0,Commune d'Ibn Yacoub,Tata Ibn Yacoub,0.496,direct,19.04,20.85,2.39,37.94,0.426,65.6100845336914,29.3153076171875,44.68109893798828,12.517240524291992,4.900382995605469,39.14906692504883,31.793139999999998,0.12032566964626312,0.05992584303021431,41.590518951416016,41.21129608154297,28.931034088134766,14.541120529174805,30.10344886779785,19.50735092163086,540.0,2919.0,commune,09.551.05.,,
09.551.05.09.,Tissint,Tata,Tissint,95510509.0,Commune de Tissint,Tata Tissint,0.542,direct,27.4,25.42,3.63,38.23,0.738,24.124553680419922,10.480403900146484,43.442893981933594,8.153273582458496,3.4314944744110107,42.08732223510742,27.566379999999995,0.05796818807721138,0.016002658754587173,42.05491256713867,39.40824890136719,13.783927917480469,4.060738563537598,35.56147003173828,18.96928596496582,1385.0,9434.0,commune,09.551.05.,,
09.551.05.11.,Tlite,Tata,Tlite,95510511.0,Commune de Tlite,Tata Tlite,0.507,direct,38.09,26.32,5.49,34.72,0.483,51.006710052490234,22.266088485717773,43.65325164794922,20.64262580871582,9.204038619995117,44.5875358581543,38.42948,0.11837982386350632,0.052205607295036316,44.80412292480469,39.21095275878906,26.4216365814209,13.314037322998047,27.27692985534668,28.58176612854004,777.0,4326.0,commune,09.551.05.,,
09.551.07.01.,Adis,Tata,Adis,95510701.0,Commune d'Adis,Tata Adis,0.647,direct,8.67,13.4,0.92,37.48,0.907,14.080460548400879,5.38652229309082,38.25530242919922,3.6553523540496826,1.3865424394607544,37.93184280395508,15.935909,0.02901073358952999,0.01202648039907217,38.23661804199219,36.89107894897461,7.587160110473633,3.2599968910217285,23.790508270263672,7.082061767578125,940.0,6511.0,commune,09.551.07.,,
09.551.07.03.,Issafen,Tata,Issafen,95510703.0,Commune d'Issafen,Tata Issafen,0.59,direct,18.62,19.66,2.28,44.33,0.5,47.193294525146484,20.773008346557617,44.01686477661133,23.88675880432129,9.351551055908203,39.14952087402344,36.84836,0.16456961631774902,0.0732559934258461,42.37324142456055,40.385406494140625,38.83810043334961,18.139223098754883,21.851961135864258,18.440427780151367,914.0,3459.0,commune,09.551.07.,,
09.551.07.05.,Oum El Guerdane,Tata,Oum El Guerdane,95510705.0,Commune d'Oum El Guerdane,Tata Oum El Guerdane,0.592,direct,18.04,21.34,2.25,36.82,0.581,7.998819828033447,3.028663158416748,37.8638801574707,4.599406719207764,1.9090009927749634,41.50537872314453,14.162451,0.03559182584285736,0.01192247774451971,42.38319778442383,38.94676208496094,8.397625923156738,3.0612244606018066,22.31454086303711,16.900510787963867,553.0,3370.0,commune,09.551.07.,,
09.551.07.07.,Tagmout,Tata,Tagmout,95510707.0,Commune de Tagmout,Tata Tagmout,0.559,direct,22.13,23.31,2.78,41.02,0.642,35.27678298950195,15.050633430480957,42.66441345214844,13.318729400634766,5.130826473236084,38.52339553833008,26.83193,0.09447487443685532,0.062028173357248306,39.67597198486328,40.80901336669922,23.811609268188477,15.199625968933105,23.307777404785156,21.69040298461914,1090.0,4581.0,commune,09.551.07.,,
09.551.07.09.,Tigzmerte,Tata,Tigzmerte,95510709.0,Commune de Tigzmerte,Tata Tigzmerte,0.638,direct,10.83,14.86,1.16,39.55,0.682,15.450121879577637,6.2530412673950195,40.472442626953125,6.026557922363281,2.423107385635376,40.207157135009766,12.563839,0.05399500951170921,0.02725308947265148,40.898345947265625,38.175533294677734,13.202247619628906,7.138888835906982,20.607763290405273,11.722222328186035,778.0,3916.0,commune,09.551.07.,,
09.551.07.11.,Tizaghte,Tata,Tizaghte,95510711.0,Commune de Tizaghte,Tata Tizaghte,0.582,direct,20.64,22.4,2.51,40.41,0.452,48.93095779418945,20.820341110229492,42.55044937133789,24.081632614135742,9.975907325744629,41.425376892089844,31.25,0.15938208997249603,0.07186711579561234,43.41749954223633,39.574195861816406,36.70918273925781,18.16009521484375,32.5,27.718040466308594,961.0,3920.0,commune,09.551.07.,,
09.581.01.05.,Tafraout (Mun.),Tiznit,Tafraout (M),95810105.0,Commune de Tafraout,Tiznit Tafraout (M),0.64,direct,5.07,7.76,0.66,41.07,,12.043054580688477,4.842494964599609,40.20985794067383,3.031738519668579,1.1369019746780396,37.5,7.585341,0.020992334932088852,0.00612711301073432,37.34394836425781,34.027809143066406,5.6213483810424805,1.80061936378479,4.9739460945129395,2.0527892112731934,1771.0,6345.0,commune,09.581.01.,,
09.581.01.07.,Tiznit (Mun.),Tiznit,Tiznit (M),95810107.0,Commune de Tiznit,Tiznit Tiznit (M),0.757,direct,3.2,4.9,0.39,40.2,,5.644519329071045,2.097673177719116,37.16300964355469,1.1408590078353882,0.40076327323913574,35.128204345703125,3.254359,0.011080059222877026,0.007684646174311638,34.847843170166016,35.06031799316406,3.179553747177124,2.191835880279541,2.0481455326080322,1.091125249862671,18420.0,74699.0,commune,09.581.01.,,
09.581.03.01.,Ait Issafen,Tiznit,Ait Issafen,95810301.0,Commune d'Ait Issafen,Tiznit Ait Issafen,0.511,direct,27.03,24.52,3.48,38.98,0.395,53.15911865234375,23.53081703186035,44.26487350463867,23.074474334716797,9.34118366241455,40.482757568359375,29.0898,0.17619705200195312,0.062047820538282394,42.65108871459961,38.88888931274414,41.3112678527832,15.955153465270996,23.042648315429688,22.078481674194336,788.0,3293.0,commune,09.581.03.,,
09.581.03.03.,Anzi,Tiznit,Anzi,95810303.0,Commune d'Anzi,Tiznit Anzi,0.551,direct,32.37,26.12,4.42,39.86,0.561,47.85601043701172,21.34756851196289,44.60791778564453,17.230850219726562,6.860922813415527,39.81766891479492,24.60172,0.11359648406505585,0.04807110130786896,41.94717025756836,38.011314392089844,27.08084487915039,12.646524429321289,29.178281784057617,21.611358642578125,1771.0,7658.0,commune,09.581.03.,,
09.581.03.05.,Arbaa Ait Ahmed,Tiznit,Arbaa Ait Ahmed,95810305.0,Commune d'Arbaa Ait Ahmed,Tiznit Arbaa Ait Ahmed,0.554,direct,33.4,25.44,4.62,40.36,0.243,57.048458099365234,25.69478416442871,45.040279388427734,30.958324432373047,12.572818756103516,40.61207580566406,40.656819999999996,0.19503659009933472,0.08611039817333221,43.399810791015625,39.08636474609375,44.93950271606445,22.03080177307129,28.423276901245117,24.223440170288086,1240.0,5257.0,commune,09.581.03.,,
09.581.03.07.,Ida Ou Gougmar,Tiznit,Ida Ou Gougmar,95810307.0,Commune d'Ida Ou Gougmar,Tiznit Ida Ou Gougmar,0.544,direct,27.7,24.73,3.54,44.17,0.451,53.945098876953125,24.397001266479492,45.22561264038086,19.39961814880371,7.663832664489746,39.505069732666016,27.814459999999997,0.12885843217372894,0.04751896858215332,40.82524108886719,37.82617950439453,31.56342124938965,12.562455177307129,22.59239959716797,17.844396591186523,1367.0,5792.0,commune,09.581.03.,,
09.581.03.09.,Sidi Ahmed Ou Moussa,Tiznit,Sidi Ahmed Ou Moussa,95810309.0,Commune de Sidi Ahmed Ou Moussa,Tiznit Sidi Ahmed Ou Moussa,0.608,direct,27.53,23.41,3.69,41.69,0.519,23.61773109436035,9.61497688293457,40.71084213256836,10.10830307006836,3.8430683612823486,38.01892852783203,16.07886,0.09833689033985138,0.03255128860473633,38.532222747802734,39.27696228027344,25.520689010620117,8.287629127502441,25.326297760009766,17.062767028808594,818.0,3679.0,commune,09.581.03.,,
09.581.03.11.,Tafraout El Mouloud,Tiznit,Tafraout El Mouloud,95810311.0,Commune de Tafraout El Mouloud,Tiznit Tafraout El Mouloud,0.481,direct,17.3,20.56,2.02,44.48,0.545,53.68239212036133,24.08100128173828,44.85828399658203,27.05022430419922,10.881543159484863,40.2271842956543,37.25359,0.1680264174938202,0.08167939633131027,43.25786590576172,40.42821502685547,38.84297561645508,20.203561782836914,30.61029815673828,21.526718139648438,781.0,3200.0,commune,09.581.03.,,
09.581.03.13.,Tighmi,Tiznit,Tighmi,95810313.0,Commune de Tighmi,Tiznit Tighmi,0.569,direct,22.17,23.42,2.77,41.57,0.525,38.07731246948242,16.688385009765625,43.827632904052734,10.964705467224121,4.388670921325684,40.02543258666992,20.191410000000005,0.0963224470615387,0.03652968257665634,40.909767150878906,37.95066452026367,23.54509735107422,9.625571250915527,20.125490188598633,14.301369667053223,1367.0,6396.0,commune,09.581.03.,,
09.581.03.15.,Tizoughrane,Tiznit,Tizoughrane,95810315.0,Commune de Tizoughrane,de la Tiznit Tizoughrane,0.474,imputed_cercle,27.021600139867665,24.17077330679434,3.544451826348916,41.44832938834795,0.46954997579213514,41.71990203857422,17.94521713256836,43.01356887817383,18.732177734375,7.41878080368042,39.60447692871094,24.89564,0.15398114919662476,0.04711934179067612,41.61233139038086,36.999752044677734,37.00373077392578,12.735042572021484,24.983549118041992,16.38176727294922,1247.0,4769.0,commune,09.581.03.,,
09.581.03.17.,Tnine Aday,Tiznit,Tnine Aday,95810317.0,Commune de Tnine Aday,Tiznit Tnine Aday,0.557,direct,17.47,20.58,2.06,40.86,0.504,40.77741241455078,17.190237045288086,42.15627670288086,13.272921562194824,5.380834102630615,40.539939880371094,22.06823,0.09319474548101425,0.10148809850215912,39.64474868774414,39.467594146728516,23.507463455200195,25.714284896850586,21.481876373291016,27.08333396911621,506.0,1903.0,commune,09.581.03.,,
09.581.09.01.,Afella Ighir,Tiznit,Afella Ighir,95810901.0,Commune d'Afella Ighir,Tiznit Afella Ighir,0.544,direct,19.2,21.02,2.36,43.2,0.47,29.21046257019043,11.988375663757324,41.041378021240234,7.199177265167236,2.6606483459472656,36.957672119140625,13.68313,0.07721022516489029,0.03179551288485527,36.68114471435547,37.87128829956055,21.049022674560547,8.39567756652832,11.724374771118164,16.999168395996094,856.0,2973.0,commune,09.581.09.,,
09.581.09.03.,Ait Ouafqa,Tiznit,Ait Ouafqa,95810903.0,Commune d'Ait Ouafqa,Tiznit Ait Ouafqa,0.508,direct,28.98,24.17,3.93,42.37,0.578,37.896095275878906,15.779293060302734,41.638309478759766,8.78262996673584,3.309750556945801,37.685184478759766,12.661618,0.08346209675073624,0.05054701119661331,38.52602767944336,37.16691970825195,21.663820266723633,13.600000381469727,16.662601470947266,15.415384292602539,1182.0,4210.0,commune,09.581.09.,,
09.581.09.05.,Ammelne,Tiznit,Ammelne,95810905.0,Commune d'Ammelne,Tiznit Ammelne,0.589,direct,20.43,21.61,2.6,45.66,0.59,21.310701370239258,8.73670768737793,40.996803283691406,8.571429252624512,3.258730173110962,38.01852035522461,14.461283000000002,0.08530159294605255,0.04035216569900513,38.72315979003906,38.596492767333984,22.02857208251953,10.454878807067871,17.0,13.756420135498047,1165.0,3603.0,commune,09.581.09.,,
09.581.09.07.,Irigh N'Tahala,Tiznit,Irigh N'Tahala,95810907.0,Commune d'Irigh N'tahala,Tiznit Irigh N'Tahala,0.575,direct,23.22,23.85,2.88,43.48,0.63,25.82613182067871,10.484098434448242,40.59492492675781,8.754863739013672,3.21732234954834,36.74897384643555,16.288130000000002,0.08819714933633804,0.0655195564031601,37.569061279296875,39.16416549682617,23.47600555419922,16.72946548461914,16.990921020507812,19.517709732055664,503.0,1577.0,commune,09.581.09.,,
09.581.09.09.,Tarsouat,Tiznit,Tarsouat,95810909.0,Commune de Tarsouat,Tiznit Tarsouat,0.584,direct,29.89,23.8,4.19,44.62,0.565,34.36381530761719,15.451784133911133,44.96527862548828,8.07347297668457,3.073235511779785,38.06584548950195,12.985899999999999,0.07204898446798325,0.040850523859262466,39.686275482177734,36.20071792602539,18.154634475708008,11.284451484680176,20.29047393798828,16.43265724182129,770.0,2375.0,commune,09.581.09.,,
09.581.09.11.,Tassrirt,Tiznit,Tassrirt,95810911.0,Commune de Tassrirt,Tiznit Tassrirt,0.545,direct,23.57,22.35,3.09,43.91,0.439,37.5,16.109285354614258,42.95808792114258,10.494244575500488,3.9682540893554688,37.813621520996094,13.47321,0.08433010429143906,0.06358200311660767,38.923614501953125,37.616390228271484,21.665538787841797,16.902738571166992,17.197021484375,25.212465286254883,505.0,1554.0,commune,09.581.09.,,
09.581.11.01.,Arbaa Rasmouka,Tiznit,Arbaa Rasmouka,95811101.0,Commune d'Arbaa Rasmouka,Tiznit Arbaa Rasmouka,0.573,direct,17.65,21.25,2.11,39.65,0.663,18.756685256958008,7.475490093231201,39.85507583618164,5.283658027648926,1.9766677618026733,37.41096878051758,11.312448999999999,0.03907234966754913,0.026599109172821045,37.76141357421875,35.6630859375,10.347163200378418,7.458442687988281,13.717188835144043,8.158354759216309,1395.0,5964.0,commune,09.581.11.,,
09.581.11.03.,Arbaa Sahel,Tiznit,Arbaa Sahel,95811103.0,Commune d'Arbaa Sahel,Tiznit Arbaa Sahel,0.562,direct,24.62,24.72,3.13,39.27,0.614,18.574546813964844,7.450873374938965,40.11334991455078,4.4532880783081055,1.645505666732788,36.950355529785156,7.3628350000000005,0.04303792491555214,0.019898448139429092,37.44618606567383,36.32140350341797,11.49327278137207,5.47843599319458,15.690732955932617,6.6545891761779785,2633.0,10705.0,commune,09.581.11.,,
09.581.11.05.,Bounaamane,Tiznit,Bounaamane,95811105.0,Commune de Bounaamane,Tiznit Bounaamane,0.599,direct,17.7,21.32,2.07,40.41,0.48,28.77146339416504,12.15017318725586,42.22994613647461,8.182794570922852,3.068276882171631,37.49668502807617,17.49023,0.05833848938345909,0.03988487273454666,38.37151336669922,37.52628707885742,15.203593254089355,10.628515243530273,13.895127296447754,9.518501281738281,2275.0,10310.0,commune,09.581.11.,,
09.581.11.07.,El Maader El Kabir,Tiznit,El Maader El Kabir,95811107.0,Commune d'El Maader El Kabir,Tiznit El Maader El Kabir,0.646,direct,14.89,19.42,1.75,42.01,0.737,13.619709014892578,5.422194480895996,39.811378479003906,4.6897759437561035,1.6846295595169067,35.92132568359375,8.112433999999999,0.034388452768325806,0.020607804879546165,36.32478713989258,35.72825241088867,9.466938972473145,5.767929553985596,5.476259708404541,4.583897113800049,1697.0,6885.0,commune,09.581.11.,,
09.581.11.09.,Ouijjane,Tiznit,Ouijjane,95811109.0,Commune d'Ouijjane,Tiznit Ouijjane,0.568,direct,15.17,19.15,1.77,43.61,0.663,19.3842830657959,7.753197193145752,39.997337341308594,5.814189910888672,2.135709762573242,36.73271179199219,10.900952,0.04505206644535065,0.03050028719007969,38.34102249145508,35.886322021484375,11.75035572052002,8.499139785766602,14.067899703979492,6.8779168128967285,1175.0,4938.0,commune,09.581.11.,,
09.581.11.11.,Reggada,Tiznit,Reggada,95811111.0,Commune de Reggada,Tiznit Reggada,0.634,direct,15.62,19.38,1.84,41.15,0.693,14.621885299682617,6.134344100952148,41.953163146972656,5.021078109741211,1.9367493391036987,38.572383880615234,10.817530000000001,0.03464066982269287,0.01983705721795559,38.09326934814453,36.879520416259766,9.093646049499512,5.378881454467773,9.31948184967041,8.985344886779785,2948.0,13284.0,commune,09.581.11.,,
09.581.11.13.,Sidi Bouabdelli,Tiznit,Sidi Bouabdelli,95811113.0,Commune de Sidi Bouabdelli,Tiznit Sidi Bouabdelli,0.526,direct,31.29,25.57,4.25,37.14,0.288,45.27165985107422,19.373470306396484,42.79381561279297,15.507648468017578,6.148586273193359,39.64873123168945,29.52011,0.09633364528417587,0.04466633126139641,41.413387298583984,37.75739288330078,23.261474609375,11.829824447631836,30.250347137451172,17.538528442382812,1331.0,5758.0,commune,09.581.11.,,
09.581.11.15.,Tnine Aglou,Tiznit,Tnine Aglou,95811115.0,Commune de Tnine Aglou,Tiznit Tnine Aglou,0.623,direct,14.25,18.14,1.65,42.64,0.72,9.434290885925293,3.6732423305511475,38.93501281738281,3.496022939682007,1.275000810623169,36.47003936767578,6.286835,0.026978516951203346,0.015687372535467148,37.32638931274414,35.324066162109375,7.2277326583862305,4.4409871101379395,10.203280448913574,4.746307373046875,2631.0,10240.0,commune,09.581.11.,,
10.071.01.01.,Assa (Mun.),Assa-Zag,Assa (M),100710101.0,Commune d'Assa,Assa-Zag Assa (M),0.687,direct,7.23,10.93,0.93,40.75,,8.303092956542969,3.213620662689209,38.70389938354492,2.0879578590393066,0.7815390825271606,37.4307861328125,6.499723,0.019438279792666435,0.011297933757305145,37.26359558105469,35.21586990356445,5.216426372528076,3.208193778991699,4.536625862121582,1.4139472246170044,2990.0,14570.0,commune,10.071.01.,,
10.071.01.03.,Zag (Mun.),Assa-Zag,Zag (M),100710103.0,Commune de Zag,Assa-Zag Zag (M),0.729,direct,5.11,8.34,0.67,37.98,,6.541090965270996,2.3925230503082275,36.576812744140625,2.6151630878448486,0.9263702630996704,35.423038482666016,3.69481,0.012182768434286118,0.0168134905397892,35.50893783569336,36.35432815551758,3.4309020042419434,4.624893665313721,1.9433780908584595,2.621483325958252,941.0,12763.0,commune,10.071.01.,,
10.071.03.01.,Aouint Lahna,Assa-Zag,Aouint Lahna,100710301.0,Commune d'Aouint Lahna,Assa-Zag Aouint Lahna,0.602,direct,16.02,17.22,2.15,45.29,0.328,50.65398406982422,28.58370018005371,56.4293212890625,26.599750518798828,11.355081558227539,42.68867874145508,27.354550000000003,0.14673079550266266,0.017684252932667732,43.047035217285156,39.25438690185547,34.08615493774414,4.505038738250732,24.257633209228516,8.535862922668457,314.0,2391.0,commune,10.071.03.,,
10.071.03.03.,Aouint Yghomane,Assa-Zag,Aouint Yghomane,100710303.0,Commune d'Aouint Yghomane,Assa-Zag Aouint Yghomane,0.651,direct,4.38,7.94,0.39,44.16,0.331,48.30339431762695,25.074851989746094,51.911163330078125,21.301774978637695,8.96705436706543,42.0953369140625,29.0598,0.12546570599079132,0.03938066586852074,41.5306510925293,37.83684158325195,30.21038818359375,10.408021926879883,22.550952911376953,13.831258773803711,470.0,3042.0,commune,10.071.03.,,
10.071.03.05.,Touizgui,Assa-Zag,Touizgui,100710305.0,Commune de Touizgui,Assa-Zag Touizgui,0.553,direct,7.13,8.36,0.76,27.25,0.928,19.93355369567871,8.250276565551758,41.38888931274414,45.135135650634766,18.123123168945312,40.15302658081055,51.48,0.26996996998786926,0.05701754242181778,43.939395904541016,40.625,61.44144058227539,14.035087585449219,27.29729652404785,31.578947067260742,172.0,5022.0,commune,10.071.03.,,
10.071.05.01.,Al Mahbass,Assa-Zag,Al Mahbass,100710501.0,Commune d'Al Mahbass,Assa-Zag Al Mahbass,0.787,direct,0.97,1.94,0.03,30.1,0.547,30.534351348876953,13.273962020874023,43.47222137451172,38.48314666748047,15.901997566223145,41.32197952270508,41.68186,0.24820537865161896,0.018095238134264946,43.85166931152344,37.25490188598633,56.60112380981445,4.857142925262451,26.404495239257812,10.857142448425293,153.0,4208.0,commune,10.071.05.,,
10.071.05.03.,Labouirat,Assa-Zag,Labouirat,100710503.0,Commune de Labouirat,Assa-Zag Labouirat,0.545,direct,6.76,8.45,0.89,24.81,0.652,15.217391014099121,6.07890510559082,39.94709014892578,37.545127868652344,15.262736320495605,40.651710510253906,37.613,0.21770960092544556,0.0828888937830925,44.50594711303711,42.57991027832031,48.916969299316406,19.46666717529297,21.389892578125,24.0,168.0,2128.0,commune,10.071.05.,,
10.261.01.01.,Bouizakarne (Mun.),Guelmim,Bouizakarne (M),102610101.0,Commune de Bouizakarne,Guelmim Bouizakarne (M),0.711,direct,9.95,12.97,1.36,42.05,,5.725254535675049,2.200059413909912,38.427276611328125,1.1593996286392212,0.44811153411865234,38.650306701660156,5.997868,0.01034529134631157,0.008727973327040672,37.10317611694336,34.05220031738281,2.7882494926452637,2.5631158351898193,2.6175403594970703,0.268532395362854,3194.0,14228.0,commune,10.261.01.,,
10.261.01.03.,Guelmim (Mun.),Guelmim,Guelmim (M),102610103.0,Commune de Guelmim,Guelmim Guelmim (M),0.686,direct,7.32,10.27,0.98,41.62,,9.041935920715332,3.538391351699829,39.13311767578125,1.8027256727218628,0.6462051272392273,35.84600067138672,5.531724,0.014065462164580822,0.007999707944691181,35.70472717285156,35.18410873413086,3.9393837451934814,2.2736706733703613,2.365494728088379,1.3192979097366333,25667.0,118318.0,commune,10.261.01.,,
10.261.03.01.,Aday,Guelmim,Aday,102610301.0,Commune d'Aday,Guelmim Aday,0.632,direct,23.54,22.02,3.07,43.77,0.786,17.338708877563477,7.125256061553955,41.09450149536133,8.785358428955078,3.4572010040283203,39.35185241699219,17.17137,0.07474580407142639,0.03975842148065567,40.69042205810547,39.956504821777344,18.369384765625,9.950425148010254,19.034942626953125,18.803115844726562,669.0,3005.0,commune,10.261.03.,,
10.261.03.03.,Ait Boufoulen,Guelmim,Ait Boufoulen,102610303.0,Commune d'Ait Boufoulen,Guelmim Ait Boufoulen,0.523,direct,27.56,25.82,3.63,33.7,0.27,45.53093719482422,20.295391082763672,44.574947357177734,29.569377899169922,11.993620872497559,40.56094741821289,33.58847,0.15948963165283203,0.06966584175825119,40.849674224853516,39.73064041137695,39.043060302734375,17.53453826904297,18.947368621826172,27.84272003173828,211.0,1045.0,commune,10.261.03.,,
10.261.03.05.,Amtdi,Guelmim,Amtdi,102610305.0,Commune d'Amtdi,Guelmim Amtdi,0.564,direct,17.18,19.57,2.06,39.67,0.603,51.42180252075195,24.407583236694336,47.46543884277344,17.595109939575195,7.601147651672363,43.20034408569336,21.19567,0.115036241710186,0.06293364614248276,44.561405181884766,37.46364212036133,25.815217971801758,16.798593521118164,25.1358699798584,19.085311889648438,325.0,1472.0,commune,10.261.03.,,
10.261.03.07.,Ifrane Atlas Saghir,Guelmim,Ifrane Atlas Saghir,102610307.0,Commune d'Ifrane Atlas Saghir,Guelmim Ifrane Atlas Saghir,0.622,direct,18.56,20.57,2.29,42.07,0.842,10.092049598693848,3.8303115367889404,37.95375061035156,3.8475303649902344,1.479360580444336,38.44961166381836,10.585182,0.03424501046538353,0.018385635688900948,38.54201889038086,36.58670820984491,8.885110855102539,5.025222957226765,9.878310203552246,6.228172250528599,2383.0,11205.0,commune,10.261.03.,,
10.261.03.09.,Tagante,Guelmim,Tagante,102610309.0,Commune de Tagante,Guelmim Tagante,0.607,direct,17.71,20.08,2.12,39.86,0.861,10.727333068847656,4.287981033325195,39.97248077392578,6.355542182922363,2.6131751537323,41.116477966308594,11.8514,0.048562075942754745,0.021468454971909523,41.62281036376953,35.750816345214844,11.6671781539917,6.0050249099731445,16.18053436279297,5.276381969451904,666.0,3630.0,commune,10.261.03.,,
10.261.03.11.,Taghjijt,Guelmim,Taghjijt,102610311.0,Commune de Taghjijt,Guelmim Taghjijt,0.517,direct,31.05,23.52,4.28,41.51,0.605,46.777034759521484,22.302453994750977,47.67821502685547,33.302921295166016,15.161191940307617,45.525115966796875,33.85694,0.0753629058599472,0.04040186107158661,41.74686397605669,37.495917307696054,18.052351998225962,10.775002224367274,15.043626727795795,9.733153565817691,2076.0,9988.0,commune,10.261.03.,,
10.261.03.13.,Timoulay,Guelmim,Timoulay,102610313.0,Commune de Timoulay,Guelmim Timoulay,0.614,direct,12.56,16.28,1.41,42.77,0.786,14.761641502380371,6.010593891143799,40.7176513671875,5.446009159088135,2.2493479251861572,41.30268478393555,9.99061,0.04360980913043022,0.023191876709461212,40.176856994628906,37.39882278442383,10.854459762573242,6.201231956481934,9.352112770080566,10.349076271057129,1109.0,5325.0,commune,10.261.03.,,
10.261.05.03.,Aferkat,Guelmim,Aferkat,102610503.0,Commune d'Aferkat,Guelmim Aferkat,0.508,direct,16.9,20.07,1.97,36.24,0.388,37.10830307006836,16.64834213256836,44.86419677734375,6.9178080558776855,2.7891933917999268,40.31903076171875,9.65754,0.04071537405252457,0.026527049019932747,40.99617004394531,38.38383865356445,9.931507110595703,6.910994529724121,19.863014221191406,21.151832580566406,268.0,1460.0,commune,10.261.05.,,
10.261.05.05.,Asrir,Guelmim,Asrir,102610505.0,Commune d'Asrir,Guelmim Asrir,0.678,direct,4.58,8.2,0.43,42.46,0.686,14.56258487701416,6.354120254516602,43.6331901550293,10.515984535217285,4.586527347564697,43.61481475830078,12.1972,0.05795476213097572,0.028523672372102737,42.87690353393555,39.011802673339844,13.516545295715332,7.311549663543701,11.80594539642334,10.61145305633545,708.0,3566.0,commune,10.261.05.,,
10.261.05.09.,Fask,Guelmim,Fask,102610509.0,Commune de Fask,Guelmim Fask,0.656,direct,6.42,10.07,0.62,41.29,0.796,17.332550048828125,7.298603057861328,42.109230041503906,6.720770835876465,2.7038071155548096,40.23060607910156,12.04268,0.05155409127473831,0.019067658111453056,40.49358367919922,37.54014205932617,12.731422424316406,5.0792717933654785,15.749429702758789,11.156782150268555,722.0,3943.0,commune,10.261.05.,,
10.261.05.21.,Tiglit,Guelmim,Tiglit,102610521.0,Commune de Tiglit,Guelmim Tiglit,0.374,direct,22.36,23.21,2.6,30.0,0.029,60.14084243774414,26.158061981201172,43.494667053222656,14.838708877563477,6.02747917175293,40.61996841430664,25.10828,0.09970131516456604,0.042258426547050476,40.84679412841797,38.320709228515625,24.408601760864258,11.027568817138672,26.559139251708984,27.69423484802246,154.0,930.0,commune,10.261.05.,,
10.261.07.01.,Abaynou,Guelmim,Abaynou,102610701.0,Commune d'Abaynou,Guelmim Abaynou,0.656,direct,4.41,7.77,0.43,41.23,0.763,22.57929801940918,9.777871131896973,43.30458068847656,7.184145450592041,2.819066047668457,39.24010467529297,10.81751,0.04931645095348358,0.016572896391153336,39.29093551635742,36.44781494140625,12.551609992980957,4.547020435333252,13.790255546569824,3.513606548309326,543.0,2422.0,commune,10.261.07.,,
10.261.07.07.,Echatea El Abied,Guelmim,Echatea El Abied,102610707.0,Commune d'Echatea El Abied,Guelmim Echatea El Abied,0.469,direct,38.5,26.69,5.26,33.03,0.035,53.16804504394531,24.308746337890625,45.7205924987793,23.40241813659668,9.758204460144043,41.697418212890625,26.15918,0.15078680217266083,0.01199084147810936,43.87213897705078,39.484127044677734,34.36960220336914,3.0368764400482178,18.8255615234375,18.65509796142578,212.0,1158.0,commune,10.261.07.,,
10.261.07.11.,Labyar,Guelmim,Labyar,102610711.0,Commune de Labyar,Guelmim Labyar,0.684,direct,5.44,7.41,0.53,39.4,0.762,25.84856414794922,11.524514198303223,44.58473587036133,9.31174087524414,3.2950968742370605,35.386474609375,11.74089,0.057579848915338516,0.03333333507180214,37.925926208496094,35.833335876464844,15.182186126708984,9.302325248718262,4.453441143035889,10.697674751281738,96.0,546.0,commune,10.261.07.,,
10.261.07.13.,Laqsabi Tagoust,Guelmim,Laqsabi Tagoust,102610713.0,Commune de Laqsabi Tagoust,Guelmim Laqsabi Tagoust,0.749,direct,0.25,0.57,0.02,41.07,0.741,26.004728317260742,10.585762977600098,40.70707321166992,7.062734127044678,2.684300661087036,38.00653839111328,11.801760999999999,0.05417070910334587,0.016479451209306717,38.69106674194336,38.940330505371094,14.00083065032959,4.231975078582764,18.944744110107422,10.932601928710938,516.0,2413.0,commune,10.261.07.,,
10.261.07.15.,Rass Oumlil,Guelmim,Rass Oumlil,102610715.0,Commune de Rass Oumlil,Guelmim Rass Oumlil,0.566,direct,23.12,25.89,2.66,40.5,0.215,62.90560531616211,29.621437072753906,47.08871078491211,28.412967681884766,11.916951179504395,41.94194412231445,29.180838,0.1489855945110321,0.02030063606798649,43.87213897705078,37.321937561035156,33.95904541015625,5.439330577850342,20.307167053222656,24.26778221130371,278.0,1172.0,commune,10.261.07.,,
10.261.07.17.,Taliouine Assaka,Guelmim,Taliouine Assaka,102610717.0,Commune de Taliouine Assaka,Guelmim Taliouine Assaka,0.725,direct,1.22,2.47,0.08,40.75,0.935,18.235294342041016,7.020697593688965,38.5005989074707,7.111111164093018,2.68148136138916,37.70833206176758,8.800001000000002,0.03520987555384636,0.010153925977647305,38.83442306518555,37.922706604003906,9.066666603088379,2.6775319576263428,23.91111183166504,6.1699652671813965,256.0,1125.0,commune,10.261.07.,,
10.261.07.19.,Targa Wassay,Guelmim,Targa Wassay,102610719.0,Commune de Targa Wassay,Guelmim Targa Wassay,0.614,direct,7.12,13.34,0.71,35.47,0.624,11.68717098236084,4.173989772796631,35.71428680419922,0.46674445271492004,0.18799430131912231,40.27777862548828,2.917154,0.01562297623604536,0.02213473431766033,37.19136047363281,34.28184509277344,4.200700283050537,6.456692695617676,7.35122537612915,6.456692695617676,161.0,857.0,commune,10.261.07.,,
10.473.01.01.,Lakhsas (Mun.),Sidi Ifni,Lakhsas (M),104730101.0,Commune de Lakhsas,Tiznit Lakhsas (M),0.648,direct,3.38,5.43,0.43,39.64,,16.874101638793945,7.168501853942871,42.48227310180664,3.018707513809204,1.103080153465271,36.54146957397461,9.608848,0.023927628993988037,0.016923751682043076,37.64400100708008,36.15352249145508,6.356292724609375,4.681079387664795,6.207482814788818,3.9128103256225586,1121.0,4729.0,commune,10.473.01.,,
10.473.01.03.,Sidi Ifni (Mun.),Sidi Ifni,Sidi Ifni  (M),104730103.0,Commune de Sidi Ifni,Tiznit Sidi Ifni (M),0.705,direct,3.95,5.82,0.5,40.34,,7.506270885467529,2.944347381591797,39.22516632080078,1.686121940612793,0.6032158136367798,35.77533721923828,8.041343,0.014439607039093971,0.01101719867438078,35.2626953125,35.64289093017578,4.094867706298828,3.0909945964813232,2.404113292694092,1.9515715837478638,5463.0,21618.0,commune,10.473.01.,,
10.473.05.01.,Arbaa Ait Abdellah,Sidi Ifni,Arbaa Ait Abdellah,104730501.0,Commune d'Arbaa Ait Abdellah,Tiznit Arbaa Ait Abdellah,0.5,direct,29.5,26.4,3.69,35.65,0.13,57.35105895996094,26.039093017578125,45.402984619140625,14.370508193969727,5.578118324279785,38.81642532348633,19.58762,0.09819848835468292,0.039082322269678116,40.8755989074707,39.096961975097656,24.02374267578125,9.996255874633789,23.46141815185547,20.853612899780273,642.0,3208.0,commune,10.473.05.,,
10.473.05.03.,Imi N'Fast,Sidi Ifni,Imi-N'Fast,104730503.0,Commune d'Imi-N'fast,Tiznit Imi N'Fast,0.522,direct,38.04,26.28,5.43,36.03,0.215,42.62715148925781,17.701345443725586,41.5259895324707,25.522327423095703,10.995038986206055,43.080078125,30.16392,0.16327552497386932,0.03337905928492546,42.7176399230957,40.55555725097656,38.22203826904297,8.230452537536621,31.913150787353516,20.01028823852539,417.0,2465.0,commune,10.473.05.,,
10.473.05.05.,Mesti,Sidi Ifni,Mesti,104730505.0,Commune de Mesti,Tiznit Mesti,0.553,direct,38.05,26.75,5.52,39.96,0.376,31.727249145507812,12.63736343383789,39.83126449584961,9.410548210144043,3.540924549102783,37.6271858215332,12.827580000000001,0.0693630576133728,0.033247966319322586,40.487369537353516,40.704071044921875,17.132022857666016,8.168216705322266,26.990692138671875,19.733118057250977,636.0,2931.0,commune,10.473.05.,,
10.473.05.07.,Mirleft,Sidi Ifni,Mirleft,104730107.0,Commune de Mirleft,Tiznit Mirleft,0.549,direct,27.16,24.45,3.53,43.73,0.61,47.6910400390625,20.6065616607666,43.208457946777344,9.180708885192871,3.4492220878601074,37.5703239440918,12.6998,0.0340486578643322,0.010435427539050579,36.556083472134475,35.24838252910544,9.314088495519465,2.9605407665776333,8.240809332374406,7.730821207438655,2004.0,8162.0,commune,10.473.05.,,
10.473.05.09.,Sbouya,Sidi Ifni,Sbouya,104730509.0,Commune de Sbouya,Tiznit Sbouya,0.584,direct,9.56,14.23,0.99,39.89,0.179,49.711097717285156,21.553651809692383,43.35783004760742,22.552963256835938,9.08197021484375,40.2695198059082,29.63266,0.12846757471561432,0.09419270604848862,41.802406311035156,40.07807159423828,30.732099533081055,23.502304077148438,30.812549591064453,21.390169143676758,777.0,3944.0,commune,10.473.05.,,
10.473.05.11.,Tangarfa,Sidi Ifni,Tangarfa,104730511.0,Commune de Tangarfa,Tiznit Tangarfa,0.568,direct,33.61,26.15,4.67,37.85,0.174,47.017799377441406,20.566465377807617,43.74187088012695,19.285865783691406,7.8326568603515625,40.61345291137695,22.75447,0.10841470211744308,0.03733634948730469,41.7673454284668,37.10420608520508,25.956809997558594,10.062564849853516,27.966646194458008,18.2481746673584,970.0,4706.0,commune,10.473.05.,,
10.473.05.13.,Tioughza,Sidi Ifni,Tioughza,104730513.0,Commune de Tioughza,Tiznit Tioughza,0.5,direct,39.79,25.43,6.01,38.56,0.444,38.07929229736328,16.327239990234375,42.876953125,10.033380508422852,3.865840196609497,38.52978515625,15.81608,0.07633126527070999,0.03429800644516945,39.40587615966797,38.561622619628906,19.370529174804688,8.894336700439453,25.255126953125,19.227678298950195,2257.0,10577.0,commune,10.473.05.,,
10.473.05.15.,Tnine Amellou,Sidi Ifni,Tnine Amellou,104730515.0,Commune de Tnine Amellou,Tiznit Tnine Amellou,0.546,direct,37.21,25.85,5.44,37.63,0.33,43.028953552246094,18.08339500427246,42.0261116027832,10.356164932250977,4.010654449462891,38.72722244262695,15.56165,0.06578386574983597,0.0484294593334198,39.49196243286133,39.60481262207031,16.657533645629883,12.228175163269043,26.575342178344727,23.88906478881836,732.0,3674.0,commune,10.473.05.,,
10.473.07.01.,Ait Erkha,Sidi Ifni,Ait Erkha,104730701.0,Commune d'Ait Erkha,Tiznit Ait Erkha,0.512,direct,27.17,24.18,3.5,36.92,0.378,40.67708969116211,18.775657653808594,46.15781784057617,10.30219841003418,4.074001312255859,39.54497528076172,14.40628,0.08179617673158646,0.027220241725444794,41.43472671508789,38.261932373046875,19.7409725189209,7.1141839027404785,30.141286849975586,15.700267791748047,977.0,5112.0,commune,10.473.07.,,
10.473.07.03.,Anfeg,Sidi Ifni,Anfeg,104730703.0,Commune d'Anfeg,Tiznit Anfeg,0.425,direct,25.74,25.51,3.24,38.73,0.361,57.23464584350586,26.293643951416016,45.94007873535156,17.018339157104492,6.8691253662109375,40.363075256347656,21.01104,0.13336181640625,0.06901421397924423,42.10945129394531,36.9739990234375,31.6702823638916,18.665607452392578,33.3661994934082,11.411172866821289,1232.0,5071.0,commune,10.473.07.,,
10.473.07.05.,Boutrouch,Sidi Ifni,Boutrouch,104730705.0,Commune de Boutrouch,Tiznit Boutrouch,0.529,direct,38.66,25.54,5.69,38.93,0.301,56.98398208618164,25.583234786987305,44.89548110961914,11.260273933410645,4.312024116516113,38.294132232666016,20.68493,0.08254186064004898,0.044415563344955444,40.224002838134766,34.371009826660156,20.52054786682129,12.922390937805176,30.410959243774414,2.859264850616455,739.0,3650.0,commune,10.473.07.,,
10.473.07.07.,Ibdar,Sidi Ifni,,104730707.0,Commune d'Ibdar,Tiznit Ibdar,0.548,direct,20.68,22.83,2.5,40.77,0.5,,,,,,,,0.09236343204975128,0.03298771381378174,40.362422943115234,35.003631591796875,22.883520126342773,9.424083709716797,16.97112464904785,3.7265167236328125,1119.0,5140.0,commune,10.473.07.,,
10.473.07.09.,Sebt Ennabour,Sidi Ifni,Sebt Ennabour,104730709.0,Commune de Sebt Ennabour,Tiznit Sebt Ennabour,0.532,direct,26.39,25.38,3.36,37.84,0.211,55.98799133300781,25.81114387512207,46.101219177246094,20.452024459838867,8.110711097717285,39.657249450683594,26.081580000000002,0.1305232048034668,0.035646695643663406,42.826812744140625,38.15142822265625,30.47698211669922,9.343476295471191,31.489185333251953,15.412601470947266,1410.0,7222.0,commune,10.473.07.,,
10.473.07.11.,Sidi AbdallahOu Belaid,Sidi Ifni,,,,de la Tiznit Sidi Abdallah Ou Belaid,0.528,imputed_cercle,30.442822901612004,24.82547126181212,4.176100944969428,38.7415481934408,0.35405498610339076,46.83258411584153,20.894318568202262,44.42413472802483,,,,,0.09280558423342607,0.0455077954054939,40.86424596662452,37.6516155420614,22.572482618508968,11.990187044636683,24.588229934073212,12.203013409354277,875.0,4702.0,commune,10.473.07.,imputed_cercle,imputed_cercle
10.473.07.13.,Sidi H'Saine Ou Ali,Sidi Ifni,Sidi H'Saine Ou Ali,104730713.0,Commune de Sidi H'saine Ou Ali,Tiznit Sidi H'Saine Ou Ali,0.5,direct,27.76,23.93,3.8,40.44,0.374,36.98173522949219,15.645437240600586,42.305850982666016,9.452982902526855,3.8166329860687256,40.37490463256836,12.2395,0.0700894296169281,0.04629240930080414,40.50727081298828,40.37444305419922,17.30292510986328,11.465770721435547,18.21186637878418,17.786643981933594,1289.0,6064.0,commune,10.473.07.,,
10.473.07.15.,Sidi M'Bark,Sidi Ifni,Sidi M'Bark,104730715.0,Commune de Sidi M'bark,Tiznit Sidi M'Bark,0.493,direct,37.93,25.91,5.52,38.4,0.193,43.44357681274414,18.40408706665039,42.36320114135742,14.620939254760742,5.72512149810791,39.15700149536133,17.2527,0.08278635144233704,0.07959248870611191,40.07148742675781,40.89262771606445,20.659666061401367,19.463773727416992,24.384639739990234,20.466638565063477,1303.0,6110.0,commune,10.473.07.,,
10.473.07.17.,Tighirt,Sidi Ifni,Tighirt,104730717.0,Commune de Tighirt,Tiznit Tighirt,0.535,direct,39.61,25.17,5.88,38.22,0.533,40.170074462890625,17.54452896118164,43.675621032714844,10.081744194030762,3.888720750808716,38.57190704345703,15.85403,0.06509234011173248,0.03049512207508087,39.12648010253906,35.52894592285156,16.636390686035156,8.583176612854004,14.759309768676758,5.5850605964660645,1345.0,6606.0,commune,10.473.07.,,
10.521.01.01.,Tan Tan (Mun.),Tan-Tan,Tan-Tan (M),105210101.0,Commune de Tan-Tan,Tan-Tan Tan Tan (M),0.693,direct,7.65,11.12,1.03,41.76,,7.062417030334473,2.6901695728302,38.09134292602539,1.971198558807373,0.7069545984268188,35.86419677734375,7.447496999999999,0.01346757635474205,0.009787533432245255,36.024658203125,34.28112030029297,3.7384328842163086,2.8550798892974854,3.8890106678009033,1.3843932151794434,16411.0,73209.0,commune,10.521.01.,,
10.521.01.03.,El Ouatia (Mun.),Tan-Tan,El ouatia (M),105210103.0,Commune d'El Ouatia,Tan-Tan El Ouatia (M),0.871,direct,0.5,0.89,0.05,36.67,,13.139497756958008,5.1636481285095215,39.29867172241211,2.528306007385254,0.8989532589912415,35.55555725097656,2.596264,0.012610995210707188,0.007599902339279652,36.076171875,36.509761810302734,3.4956579208374023,2.081608295440674,3.8694074153900146,2.5364060401916504,2372.0,9295.0,commune,10.521.01.,,
10.521.03.01.,Msied,Tan-Tan,Msied,105210301.0,Commune de Msied,Tan-Tan Msied,0.488,direct,35.44,22.74,5.42,37.94,0.463,60.76458740234375,32.1484489440918,52.90655517578125,50.93877410888672,24.544218063354492,48.18376159667969,51.784189999999995,0.27546486258506775,0.20668016374111176,50.89659881591797,43.2716064453125,54.1224479675293,47.763458251953125,21.632652282714844,24.03335952758789,194.0,1275.0,commune,10.521.03.,,
10.521.03.03.,Tilemzoun,Tan-Tan,Tilemzoun,105210303.0,Commune de Tilemzoun,Tan-Tan Tilemzoun,0.46,direct,16.09,19.87,1.84,38.54,0.475,71.33592987060547,39.645484924316406,55.57576370239258,12.920167922973633,5.042016983032227,39.024391174316406,14.75585,0.08099906891584396,0.06928104907274246,42.60282516479492,34.640525817871094,19.012605667114258,20.0,18.06722640991211,5.882352828979492,182.0,1015.0,commune,10.521.03.,,
10.521.05.01.,Abteh,Tan-Tan,Abteh,105210501.0,Commune d'Abteh,Tan-Tan Abteh,0.397,direct,23.39,20.8,3.11,42.72,0.467,50.14925765991211,26.78275489807129,53.406089782714844,45.45454788208008,19.570709228515625,43.0555534362793,45.4545,0.20223064720630646,0.03803881257772446,43.76138687133789,41.01852035522461,46.212120056152344,9.27357006072998,14.015151977539062,17.619783401489258,69.0,264.0,commune,10.521.05.,,
10.521.05.03.,Ben Khlil,Tan-Tan,Ben Khlil,105210503.0,Commune de Ben Khlil,Tan-Tan Ben Khlil,0.463,direct,44.62,25.22,6.48,26.59,0.061,76.03833770751953,38.92438888549805,51.19047927856445,11.740890502929688,4.700854778289795,40.03831481933594,13.333300000000001,0.0608786940574646,0.06237036734819412,38.88888931274414,37.72401428222656,15.654520988464355,16.53333282470703,23.886640548706055,16.53333282470703,150.0,752.0,commune,10.521.05.,,
10.521.05.05.,Chbika,Tan-Tan,Chbika,105210505.0,Commune de Chbika,Tan-Tan Chbika,0.471,direct,6.8,12.36,0.69,38.89,0.258,74.1873779296875,33.800724029541016,45.561283111572266,41.049381256103516,16.87242889404297,41.10275650024414,41.0494,0.19393004477024078,0.12248996645212173,41.88888931274414,39.10256576538086,46.296295166015625,31.325302124023438,40.432098388671875,15.060240745544434,94.0,324.0,commune,10.521.05.,,
11.121.01.01.,Boujdour (Mun.),Boujdour,Boujdour (M),111210101.0,Commune de Boujdour,Boujdour Boujdour (M),0.687,direct,6.08,9.56,0.8,42.11,,13.783997535705566,5.688655376434326,41.27000045776367,1.724543571472168,0.6256927847862244,36.281646728515625,3.2261019999999996,0.013090272434055805,0.010149380192160606,36.34153747558594,34.65409469604492,3.6020138263702393,2.9287679195404053,7.415772438049316,1.1169177293777466,9511.0,42651.0,commune,11.121.01.,,
11.121.03.01.,Gueltat Zemmour,Boujdour,Gueltat Zemmour,111210301.0,Commune de Gueltat Zemmour,Boujdour Gueltat Zemmour,0.434,direct,0.3,0.45,0.0,25.45,0.467,23.076923370361328,9.40170955657959,40.74074172973633,23.913043975830078,8.990875244140625,37.59820556640625,26.119410000000002,0.17042405903339386,0.10298103839159012,42.50334930419922,42.222225189208984,40.09661865234375,24.390243530273438,19.323671340942383,29.268293380737305,83.0,6393.0,commune,11.121.03.,,
11.121.03.03.,Jraifia,Boujdour,Jraifia,111210303.0,Commune de Jraifia,Boujdour Jraifia,0.578,direct,0.0,0.26,0.0,33.52,0.354,62.46649169921875,24.9553165435791,39.949928283691406,26.421052932739258,10.222222328186035,38.68968963623047,26.5608,0.10298246145248413,0.025599129498004913,36.641700744628906,36.01532745361328,28.105262756347656,7.107842922210693,27.263158798217773,15.441176414489746,352.0,950.0,commune,11.121.03.,,
11.121.03.05.,Lamssid,Boujdour,Lamssid,111210305.0,Commune de Lamssid,Boujdour Lamssid,0.628,direct,0.0,0.0,0.0,30.63,0.362,53.49716567993164,22.16971206665039,41.44091033935547,24.30069923400879,8.925796508789062,36.73061752319336,25.1838,0.09945610910654068,0.06976320594549179,35.334716796875,41.721134185791016,28.146852493286133,16.721311569213867,16.43356704711914,31.80327796936035,240.0,572.0,commune,11.121.03.,,
11.221.01.01.,Es-semara (Mun.),Es-Semara,Es-semara (M),112210101.0,Commune d'Es-Semara,Es-Semara Es-semara (M),0.719,direct,4.59,7.42,0.58,41.24,,8.578590393066406,3.3708508014678955,39.29376220703125,1.2036148309707642,0.4420807659626007,36.72942352294922,2.4475109999999995,0.01188619714230299,0.008278553374111652,36.92546844482422,34.31949234008789,3.2189698219299316,2.4122016429901123,9.430981636047363,1.5271093845367432,11402.0,57035.0,commune,11.221.01.,,
11.221.03.01.,Amgala,Es-Semara,Amgala,112210301.0,Commune d'Amgala,Es-Semara Amgala,0.826,direct,0.04,0.1,0.0,35.59,0.7,23.720930099487305,10.516796112060547,44.335514068603516,41.12149429321289,17.185876846313477,41.792930603027344,41.1215,0.2362409383058548,0.0460069477558136,49.564273834228516,43.621402740478516,47.663551330566406,10.546875,32.71028137207031,14.453125,25.0,2945.0,commune,11.221.03.,,
11.221.03.03.,Haouza,Es-Semara,Haouza,112210303.0,Commune de Haouza,Es-Semara Haouza,0.635,direct,4.85,8.23,0.45,39.58,0.924,11.467889785766602,4.964785575866699,43.292930603027344,29.585800170898438,13.214990615844727,44.66666793823242,31.4465,0.18113084137439728,0.08097928017377853,45.01634216308594,36.75213623046875,40.23668670654297,22.033897399902344,21.893491744995117,25.423728942871094,48.0,5462.0,commune,11.221.03.,,
11.221.03.05.,Jdiriya,Es-Semara,Jdiriya,112210305.0,Commune de Jdiriya,Es-Semara Jdiriya,0.656,direct,11.56,13.95,1.32,39.5,0.81,25.13938331604004,12.761165618896484,50.76165008544922,36.29032516479492,13.39605712890625,36.913578033447266,36.88522,0.1339605748653412,0.06219426915049553,36.91358184814453,41.203704833984375,36.290321350097656,15.094339370727539,33.467742919921875,17.610063552856445,48.0,248.0,commune,11.221.03.,,
11.221.03.07.,Sidi Ahmed Laaroussi,Es-Semara,Sidi Ahmed Laaroussi,112210307.0,Commune de Sidi Ahmed Laaroussi,Es-Semara Sidi Ahmed Laaroussi,0.473,direct,4.04,7.12,0.36,45.54,0.82,8.558807373046875,3.4695379734039307,40.537635803222656,9.293680191040039,3.8620405197143555,41.55555725097656,9.54198,0.06918628513813019,0.03525971993803978,43.281654357910156,37.96296310424805,15.985130310058594,9.287925720214844,26.02230453491211,20.123838424682617,76.0,269.0,commune,11.221.03.,,
11.221.03.09.,Tifariti,Es-Semara,Tifariti,112210309.0,Commune de Tifariti,Es-Semara Tifariti,0.751,direct,3.75,5.48,0.38,46.13,0.962,5.659767150878906,2.332183599472046,41.20635223388672,21.81818199157715,8.484848976135254,38.88888931274414,21.8182,0.08484848588705063,0.19558599591255188,38.88888931274414,43.265995025634766,21.81818199157715,45.20547866821289,29.090909957885742,53.42465591430664,15.0,55.0,commune,11.221.03.,,
11.321.01.01.,El Marsa (Mun.),Laâyoune,El Marsa (M),113210101.0,Commune d'El Marsa,Laayoune El Marsa (M),0.798,direct,3.1,4.26,0.42,50.03,,12.982696533203125,5.137354373931885,39.57078552246094,2.1251070499420166,0.7461360692977905,35.11051559448242,3.8349420000000003,0.012577359564602375,0.010034375824034214,35.7413444519043,35.71339797973633,3.5189945697784424,2.80969500541687,3.776063919067383,1.6943845748901367,4811.0,17917.0,commune,11.321.01.,,
11.321.01.03.,Laayoune (Mun.),Laâyoune,Laâyoune (M),113210103.0,Commune de Laâyoune,Laayoune Laayoune (M),0.712,direct,6.29,9.17,0.84,42.03,,6.75046968460083,2.640660524368286,39.1181755065918,1.2217966318130493,0.42603904008865356,34.8698844909668,2.8645549999999997,0.009284273721277714,0.007141956128180027,35.35245132446289,34.20623016357421,2.626203775405884,2.0879108905792236,3.621619701385498,0.9151979088783264,48049.0,217732.0,commune,11.321.01.,,
11.321.03.01.,Boukraa,Laâyoune,Boukraa,113210301.0,Commune de Boukraa,Laayoune Boukraa,0.684,direct,7.58,11.12,0.79,42.14,0.902,10.131711959838867,4.215918064117432,41.611114501953125,3.405017852783203,1.4336918592453003,42.105262756347656,6.83454,0.017722023651003838,0.01559069100767374,42.99517059326172,35.061729431152344,4.121863842010498,4.446640491485596,19.53404998779297,6.818181991577148,200.0,558.0,commune,11.321.03.,,
11.321.03.03.,Dcheira,Laâyoune,Dcheira,113210303.0,Commune de Dcheira,Laayoune Dcheira,0.64,direct,4.74,7.8,0.47,39.92,0.855,11.992005348205566,5.03738260269165,42.00617218017578,13.752455711364746,5.337263107299805,38.80952453613281,13.7525,0.05992141738533974,0.01568405143916607,39.10256576538086,39.52381134033203,15.324165344238281,3.9682538509368896,18.860509872436523,24.37641716003418,148.0,509.0,commune,11.321.03.,,
11.321.03.05.,Foum El Oued,Laâyoune,Foum El Oued,113210305.0,Commune de Foum El Oued,Laayoune Foum El Oued,0.738,direct,1.62,3.57,0.11,38.48,0.521,22.294843673706055,9.226983070373535,41.38617706298828,4.598540306091309,1.5936739444732666,34.65608596801758,7.06846,0.02177615649998188,0.007258211728185415,35.09804153442383,33.333335876464844,6.204379558563232,2.1774632930755615,6.058393955230713,3.4839413166046143,353.0,1380.0,commune,11.321.03.,,
11.537.01.05.,Tarfaya (Mun.),Tarfaya,Tarfaya (M),115370105.0,Commune de Tarfaya,Laayoune Tarfaya (M),0.676,direct,8.1,11.53,1.08,43.13,,6.8922529220581055,2.5823686122894287,37.46770095825195,1.7655898332595825,0.6553134918212891,37.115840911865234,3.934841,0.014128892682492733,0.007567050866782665,36.28081512451172,34.648799896240234,3.894315004348755,2.1839287281036377,2.1036813259124756,0.28141024708747864,2092.0,8027.0,commune,11.537.01.,,
11.537.03.03.,Daoura,Tarfaya,Daoura,115370303.0,Commune de Daoura,Laayoune Daoura,0.598,direct,5.28,8.94,0.5,37.11,0.432,29.367088317871094,12.939521789550781,44.061302185058594,4.474885940551758,1.6539826393127441,36.96145248413086,7.97034,0.056316591799259186,0.033567383885383606,39.52991485595703,36.92412185668945,14.246575355529785,9.090909004211426,17.168949127197266,16.962305068969727,297.0,1108.0,commune,11.537.03.,,
11.537.03.05.,El Hagounia,Tarfaya,El Hagounia,115370305.0,Commune d'El Hagounia,Laayoune El Hagounia,0.765,direct,3.66,6.15,0.4,42.83,0.992,4.7861504554748535,1.9517990350723267,40.78014373779297,4.635761737823486,2.5386314392089844,54.76190948486328,4.72973,0.09639441967010498,0.06850840151309967,44.107749938964844,37.611114501953125,21.854305267333984,18.214935302734375,27.8145694732666,2.1857924461364746,28.0,151.0,commune,11.537.03.,,
11.537.05.01.,Akhfennir,Tarfaya,Akhfennir,115370501.0,Commune d'Akhfennir,Laayoune Akhfennir,0.635,direct,15.09,18.04,1.76,41.18,0.534,32.28227996826172,14.989990234375,46.43410873413086,7.280701637268066,2.85331392288208,39.190093994140625,9.999996,0.041301168501377106,0.02058997191488743,40.0709228515625,35.90535354614258,10.30701732635498,5.734513282775879,9.254385948181152,1.805309772491455,610.0,2280.0,commune,11.537.05.,,
11.537.05.07.,Tah,Tarfaya,Tah,115370507.0,Commune de Tah,,0.635,imputed_cercle,15.089999999999998,18.04,1.76,41.18,0.534,48.65092468261719,22.025484085083008,45.272483825683594,8.773086547851562,3.485048532485962,39.72431182861328,10.052903,0.0339343324303627,0.026969924569129944,39.27056884765625,35.98673629760742,8.64116096496582,7.4944071769714355,19.854881286621094,17.337806701660156,366.0,1516.0,commune,11.537.05.,,
12.066.01.03.,Lagouira (Mun.),Aousserd,,120660103.0,Commune de Lagouira,Aousserd Lagouira (M),0.74,direct,0.95,1.65,0.08,35.73,,,,,,,,,0.013100703246891499,0.007657322101294994,35.078826904296875,33.724571228027344,3.734647035598755,2.2705469131469727,2.282121181488037,1.2152222394943237,,,commune,12.066.01.,,
12.066.03.03.,Aghouinite,Aousserd,,120660303.0,Commune d'Aghouinite,Aousserd Aghouinite,0.698,direct,8.0,10.66,1.01,25.37,1.0,,,,,,,,0.013100703246891499,0.01590457372367382,35.078826904296875,44.4444465637207,3.734647035598755,3.578528881072998,2.282121181488037,17.793241500854492,,,commune,12.066.03.,,
12.066.03.05.,Aousserd,Aousserd,Aousserd,120660305.0,Commune d'Aousserd,Aousserd Aousserd,0.588,direct,5.73,7.98,0.63,45.22,0.773,9.669211387634277,3.8874752521514893,40.204681396484375,4.009433746337891,1.546121597290039,38.56209182739258,4.18719,0.024764150381088257,0.024074075743556023,37.5,36.111114501953125,6.603773593902588,6.666666507720947,29.48113250732422,26.66666603088379,154.0,5822.0,commune,12.066.03.,,
12.066.03.07.,Tichla,Aousserd,Tichla,120660307.0,Commune de Tichla,Aousserd Tichla,0.667,direct,11.35,16.22,1.47,35.99,0.964,5.08021354675293,1.8419489860534668,36.2573127746582,27.5,12.222222328186035,44.4444465637207,28.9474,0.16111111640930176,0.024074075743556023,40.27777862548828,36.111114501953125,40.0,0.0,50.0,27.419355392456055,14.0,5743.0,commune,12.066.03.,,imputed_cercle
12.066.03.09.,Zoug,Aousserd,,120660309.0,Commune de Zoug,Aousserd Zoug,0.622,direct,13.28,17.68,1.46,38.93,0.966,,,,,,,,0.013100703246891499,0.022147148847579956,35.078826904296875,42.29391098022461,3.734647035598755,5.236486434936523,2.282121181488037,23.986486434936523,,,commune,12.066.03.,,
12.066.05.03.,Bir Gandouz,Aousserd,Bir Gandouz,120660503.0,Commune de Bir Gandouz,Aousserd Bir Gandouz,0.794,direct,0.09,0.24,0.01,35.37,0.322,69.87865447998047,26.659530639648438,38.15117645263672,3.726708173751831,1.2911202907562256,34.64506149291992,4.751965,0.009805613197386265,0.004364155698567629,36.43162536621094,33.7626946165755,2.691511392593384,1.292596923023217,10.455486297607422,4.289071733361826,608.0,4625.0,commune,12.066.05.,,
12.391.01.01.,Dakhla (Mun.),Oued Ed-Dahab,Dakhla (M),123910101.0,Commune de Dakhla,Oued-Ed-Dahab Dakhla (M),0.743,direct,3.07,5.19,0.37,44.19,,13.06771183013916,5.170188903808594,39.564605712890625,2.022566556930542,0.7082520127296448,35.017486572265625,2.377978,0.013100703246891499,0.008817602880299091,35.078826904296875,34.74578857421875,3.734647035598755,2.5377471446990967,2.282121181488037,4.000879764556885,25469.0,106277.0,commune,12.391.01.,,
12.391.05.01.,Bir Anzarane,Oued Ed-Dahab,Bir Anzarane,123910501.0,Commune de Bir Anzarane,Oued-Ed-Dahab Bir Anzarane,0.713,direct,3.9,6.21,0.41,38.1,0.938,9.908069610595703,3.949608564376831,39.862545013427734,24.635923385620117,8.731122016906738,35.440616607666016,24.9084,0.03364347666501999,0.009183007292449474,34.22496795654297,36.30491256713867,9.830097198486328,2.529411792755127,22.69417381286621,17.705883026123047,234.0,6244.0,commune,12.391.05.,,
12.391.05.03.,Gleibat El Foula,Oued Ed-Dahab,Gleibat El Foula,123910503.0,Commune de Gleibat El Foula,Oued-Ed-Dahab Gleibat El Foula,0.724,direct,2.39,4.42,0.29,30.19,0.949,8.727272987365723,3.070707082748413,35.185184478759766,0.0,0.0,,0.0,0.03364347666501999,0.0416666716337204,34.22496795654297,33.333335876464844,0.0,12.5,71.875,12.5,18.0,2190.0,commune,12.391.05.,imputed_cercle,
12.391.05.05.,Mijik,Oued Ed-Dahab,,123910505.0,Commune de Mijik,Oued-Ed-Dahab Mijik,0.675,direct,9.73,12.03,0.99,37.19,1.0,,,,,,,,0.013100703246891499,0.010319918394088745,35.078826904296875,44.4444465637207,3.734647035598755,2.321981430053711,2.282121181488037,22.75541877746582,,,commune,12.391.05.,,
12.391.05.07.,Oum Dreyga,Oued Ed-Dahab,Oum Dreyga,123910507.0,Commune d'Oum Dreyga,Oued-Ed-Dahab Oum Dreyga,0.647,direct,1.5,4.03,0.12,33.06,0.967,3.7128713130950928,1.3063807487487793,35.185184478759766,0.0,0.0,,0.0,0.03364347666501999,0.01761782172301425,34.22496795654297,35.53330325334027,0.0,0.0,10.526315689086914,0.0,7.0,3146.0,commune,12.391.05.,imputed_cercle,imputed_cercle
12.391.09.01.,El Argoub,Oued Ed-Dahab,El Argoub,123910901.0,Commune d'El Argoub,Oued-Ed-Dahab El Argoub,0.814,direct,0.03,0.21,0.0,35.48,0.493,59.08544158935547,26.10643196105957,44.1842041015625,17.972015380859375,6.428816795349121,35.771263122558594,18.188492,0.05883660167455673,0.010771228931844234,35.658348083496094,36.8564453125,16.500091552734375,2.9224817752838135,16.645465850830078,10.020092010498047,1964.0,5759.0,commune,12.391.09.,,
12.391.09.03.,Imlili,Oued Ed-Dahab,Imlili,123910903.0,Commune d'Imlili,Oued-Ed-Dahab Imlili,0.772,direct,0.04,0.26,0.0,33.82,0.352,82.01850891113281,39.86337661743164,48.602901458740234,29.850746154785156,10.306622505187988,34.52718734741211,30.248878,0.02191171981394291,0.007361153606325388,35.567012786865234,37.17948913574219,6.160686016082764,1.9798964262008667,42.74372863769531,8.2241849899292,917.0,3149.0,commune,12.391.09.,,
01.511.01.,CITY Tanger-Assilah,Tanger-Assilah,,,,,0.6998217620723413,,9.306664113794792,12.952773262781237,0.986171842034196,40.23674846405725,,,,,,,,,0.02117209881544113,0.011824367567896843,36.101173400878906,34.9415168762207,5.864656448364258,3.384045362472534,4.744482040405273,1.5859324932098389,68884.22095106081,276914.92220914137,city,01.511.01.,,
03.231.01.,CITY Fès,Fès,,,,,0.6709770006342909,,9.802803132699202,16.014892212664396,0.8554927068576842,37.59245897870733,,,,,,,,,0.018949429782728566,0.014785207208229123,36.013635584448664,35.037516459705465,5.236323538164968,4.206445277905702,4.429164914862163,2.230712737615088,46176.61795655934,202007.2073087607,city,03.231.01.,,
04.421.01.,CITY Rabat,Rabat,,,,,0.7537620958537711,,2.4295523919880813,5.324092525636223,0.22610386917467482,37.17002442955593,,,,,,,,,0.00772149640048022,0.0057676599453368735,35.71459656962837,34.742278845712626,2.1634921619391703,1.6570253161331974,3.7395160264112817,1.9506652607757862,38082.04297127523,148373.9426044834,city,04.421.01.,,
04.441.01.,CITY Salé,Salé,,,,,0.7052256057088755,,5.842518219278237,10.293785723992396,0.6168942827012038,36.61047190991046,,,,,,,,,0.011396386503509832,0.007928431599727672,35.89186470235693,35.13240396494615,3.173791250087928,2.2567930236763982,3.2979166193089275,1.6039374703538272,46742.9023970045,194151.3805400476,city,04.441.01.,,
06.141.01.,CITY Préfecture d’Arrondissements Casablanca Anfa,Préfecture d’Arrondissements Casablanca Anfa,,,,,,,,,,,,,,,,,,,0.008626836822200064,0.007328955174085391,35.880955928244,35.38067365976591,2.4034169726880577,2.0709369209582076,4.603378120643802,2.524510343498455,65969.99963153522,273068.92123015405,city,06.141.01.,,
07.351.01.,CITY Marrakech,Marrakech,,,,,0.6919472943782278,,6.21191031699909,12.957009254487438,0.5857144047632101,37.294358063136656,,,,,,,,,0.012159168025969447,0.007877865713755526,35.867698324580346,35.30487844704978,3.3725110892333263,2.228330359512359,4.018152969926267,1.9116449601650316,61444.30963058805,263148.0605949627,city,07.351.01.,,
